land_idx,flat_idx_F,lat,lon,land_fraction
0,6319,-55.7746467590,-70.0000000000,0.110000
1,6462,-55.7746467590,-67.5000000000,0.190000
2,6605,-55.7746467590,-65.0000000000,0.030000
3,6177,-54.5070419312,-72.5000000000,0.350000
4,6320,-54.5070419312,-70.0000000000,0.960000
5,6463,-54.5070419312,-67.5000000000,0.840000
6,6606,-54.5070419312,-65.0000000000,0.180000
7,6035,-53.2394371033,-75.0000000000,0.090000
8,6178,-53.2394371033,-72.5000000000,0.870000
9,6321,-53.2394371033,-70.0000000000,0.820000
10,6464,-53.2394371033,-67.5000000000,0.240000
11,6036,-51.9718322754,-75.0000000000,0.490000
12,6179,-51.9718322754,-72.5000000000,1.000000
13,6322,-51.9718322754,-70.0000000000,0.900000
14,6465,-51.9718322754,-67.5000000000,0.050000
15,6894,-51.9718322754,-60.0000000000,0.450000
16,7037,-51.9718322754,-57.5000000000,0.170000
17,6037,-50.7042236328,-75.0000000000,0.600000
18,6180,-50.7042236328,-72.5000000000,1.000000
19,6323,-50.7042236328,-70.0000000000,0.920000
20,6466,-50.7042236328,-67.5000000000,0.010000
21,7038,-50.7042236328,-57.5000000000,0.020000
22,6038,-49.4366188049,-75.0000000000,0.700000
23,6181,-49.4366188049,-72.5000000000,1.000000
24,6324,-49.4366188049,-70.0000000000,1.000000
25,6467,-49.4366188049,-67.5000000000,0.460000
26,14332,-49.4366188049,70.0000000000,0.440000
27,6039,-48.1690139771,-75.0000000000,0.640000
28,6182,-48.1690139771,-72.5000000000,1.000000
29,6325,-48.1690139771,-70.0000000000,1.000000
30,6468,-48.1690139771,-67.5000000000,0.900000
31,6611,-48.1690139771,-65.0000000000,0.070000
32,14333,-48.1690139771,70.0000000000,0.010000
33,6040,-46.9014091492,-75.0000000000,0.450000
34,6183,-46.9014091492,-72.5000000000,1.000000
35,6326,-46.9014091492,-70.0000000000,1.000000
36,6469,-46.9014091492,-67.5000000000,0.800000
37,6612,-46.9014091492,-65.0000000000,0.060000
38,19911,-46.9014091492,167.5000000000,0.090000
39,20054,-46.9014091492,170.0000000000,0.110000
40,6041,-45.6338043213,-75.0000000000,0.410000
41,6184,-45.6338043213,-72.5000000000,1.000000
42,6327,-45.6338043213,-70.0000000000,1.000000
43,6470,-45.6338043213,-67.5000000000,0.620000
44,19912,-45.6338043213,167.5000000000,0.810000
45,20055,-45.6338043213,170.0000000000,0.780000
46,6042,-44.3661956787,-75.0000000000,0.190000
47,6185,-44.3661956787,-72.5000000000,0.880000
48,6328,-44.3661956787,-70.0000000000,1.000000
49,6471,-44.3661956787,-67.5000000000,1.000000
50,6614,-44.3661956787,-65.0000000000,0.370000
51,19913,-44.3661956787,167.5000000000,0.290000
52,20056,-44.3661956787,170.0000000000,0.970000
53,20199,-44.3661956787,172.5000000000,0.170000
54,6043,-43.0985908508,-75.0000000000,0.130000
55,6186,-43.0985908508,-72.5000000000,0.710000
56,6329,-43.0985908508,-70.0000000000,1.000000
57,6472,-43.0985908508,-67.5000000000,1.000000
58,6615,-43.0985908508,-65.0000000000,0.670000
59,6758,-43.0985908508,-62.5000000000,0.010000
60,18627,-43.0985908508,145.0000000000,0.200000
61,18770,-43.0985908508,147.5000000000,0.490000
62,20057,-43.0985908508,170.0000000000,0.360000
63,20200,-43.0985908508,172.5000000000,0.750000
64,6044,-41.8309860229,-75.0000000000,0.110000
65,6187,-41.8309860229,-72.5000000000,0.940000
66,6330,-41.8309860229,-70.0000000000,1.000000
67,6473,-41.8309860229,-67.5000000000,1.000000
68,6616,-41.8309860229,-65.0000000000,0.610000
69,6759,-41.8309860229,-62.5000000000,0.020000
70,18628,-41.8309860229,145.0000000000,0.470000
71,18771,-41.8309860229,147.5000000000,0.790000
72,20201,-41.8309860229,172.5000000000,0.860000
73,20344,-41.8309860229,175.0000000000,0.230000
74,6045,-40.5633811951,-75.0000000000,0.010000
75,6188,-40.5633811951,-72.5000000000,1.000000
76,6331,-40.5633811951,-70.0000000000,1.000000
77,6474,-40.5633811951,-67.5000000000,1.000000
78,6617,-40.5633811951,-65.0000000000,0.910000
79,6760,-40.5633811951,-62.5000000000,0.520000
80,18629,-40.5633811951,145.0000000000,0.160000
81,18772,-40.5633811951,147.5000000000,0.150000
82,20202,-40.5633811951,172.5000000000,0.160000
83,20345,-40.5633811951,175.0000000000,0.520000
84,20488,-40.5633811951,177.5000000000,0.120000
85,6189,-39.2957763672,-72.5000000000,0.840000
86,6332,-39.2957763672,-70.0000000000,1.000000
87,6475,-39.2957763672,-67.5000000000,1.000000
88,6618,-39.2957763672,-65.0000000000,1.000000
89,6761,-39.2957763672,-62.5000000000,0.670000
90,6904,-39.2957763672,-60.0000000000,0.110000
91,18487,-39.2957763672,142.5000000000,0.020000
92,18630,-39.2957763672,145.0000000000,0.030000
93,18773,-39.2957763672,147.5000000000,0.040000
94,20346,-39.2957763672,175.0000000000,0.830000
95,20489,-39.2957763672,177.5000000000,0.490000
96,6190,-38.0281677246,-72.5000000000,0.900000
97,6333,-38.0281677246,-70.0000000000,1.000000
98,6476,-38.0281677246,-67.5000000000,1.000000
99,6619,-38.0281677246,-65.0000000000,1.000000
100,6762,-38.0281677246,-62.5000000000,1.000000
101,6905,-38.0281677246,-60.0000000000,0.990000
102,7048,-38.0281677246,-57.5000000000,0.380000
103,18345,-38.0281677246,140.0000000000,0.200000
104,18488,-38.0281677246,142.5000000000,0.850000
105,18631,-38.0281677246,145.0000000000,0.800000
106,18774,-38.0281677246,147.5000000000,0.660000
107,18917,-38.0281677246,150.0000000000,0.120000
108,20347,-38.0281677246,175.0000000000,0.590000
109,20490,-38.0281677246,177.5000000000,0.590000
110,6191,-36.7605628967,-72.5000000000,0.730000
111,6334,-36.7605628967,-70.0000000000,1.000000
112,6477,-36.7605628967,-67.5000000000,1.000000
113,6620,-36.7605628967,-65.0000000000,1.000000
114,6763,-36.7605628967,-62.5000000000,1.000000
115,6906,-36.7605628967,-60.0000000000,1.000000
116,7049,-36.7605628967,-57.5000000000,0.750000
117,18346,-36.7605628967,140.0000000000,0.570000
118,18489,-36.7605628967,142.5000000000,1.000000
119,18632,-36.7605628967,145.0000000000,1.000000
120,18775,-36.7605628967,147.5000000000,1.000000
121,18918,-36.7605628967,150.0000000000,0.510000
122,20348,-36.7605628967,175.0000000000,0.430000
123,6192,-35.4929580688,-72.5000000000,0.510000
124,6335,-35.4929580688,-70.0000000000,1.000000
125,6478,-35.4929580688,-67.5000000000,1.000000
126,6621,-35.4929580688,-65.0000000000,1.000000
127,6764,-35.4929580688,-62.5000000000,1.000000
128,6907,-35.4929580688,-60.0000000000,1.000000
129,7050,-35.4929580688,-57.5000000000,0.560000
130,7193,-35.4929580688,-55.0000000000,0.010000
131,17060,-35.4929580688,117.5000000000,0.080000
132,18204,-35.4929580688,137.5000000000,0.150000
133,18347,-35.4929580688,140.0000000000,0.930000
134,18490,-35.4929580688,142.5000000000,1.000000
135,18633,-35.4929580688,145.0000000000,1.000000
136,18776,-35.4929580688,147.5000000000,1.000000
137,18919,-35.4929580688,150.0000000000,0.690000
138,20206,-35.4929580688,172.5000000000,0.180000
139,20349,-35.4929580688,175.0000000000,0.210000
140,6193,-34.2253532410,-72.5000000000,0.300000
141,6336,-34.2253532410,-70.0000000000,1.000000
142,6479,-34.2253532410,-67.5000000000,1.000000
143,6622,-34.2253532410,-65.0000000000,1.000000
144,6765,-34.2253532410,-62.5000000000,1.000000
145,6908,-34.2253532410,-60.0000000000,1.000000
146,7051,-34.2253532410,-57.5000000000,0.750000
147,7194,-34.2253532410,-55.0000000000,0.920000
148,7337,-34.2253532410,-52.5000000000,0.050000
149,11341,-34.2253532410,17.5000000000,0.090000
150,11484,-34.2253532410,20.0000000000,0.780000
151,11627,-34.2253532410,22.5000000000,0.320000
152,11770,-34.2253532410,25.0000000000,0.200000
153,16918,-34.2253532410,115.0000000000,0.350000
154,17061,-34.2253532410,117.5000000000,0.990000
155,17204,-34.2253532410,120.0000000000,0.420000
156,17347,-34.2253532410,122.5000000000,0.250000
157,18062,-34.2253532410,135.0000000000,0.370000
158,18205,-34.2253532410,137.5000000000,0.540000
159,18348,-34.2253532410,140.0000000000,1.000000
160,18491,-34.2253532410,142.5000000000,1.000000
161,18634,-34.2253532410,145.0000000000,1.000000
162,18777,-34.2253532410,147.5000000000,1.000000
163,18920,-34.2253532410,150.0000000000,0.930000
164,19063,-34.2253532410,152.5000000000,0.010000
165,20207,-34.2253532410,172.5000000000,0.050000
166,6194,-32.9577445984,-72.5000000000,0.140000
167,6337,-32.9577445984,-70.0000000000,1.000000
168,6480,-32.9577445984,-67.5000000000,1.000000
169,6623,-32.9577445984,-65.0000000000,1.000000
170,6766,-32.9577445984,-62.5000000000,1.000000
171,6909,-32.9577445984,-60.0000000000,1.000000
172,7052,-32.9577445984,-57.5000000000,1.000000
173,7195,-32.9577445984,-55.0000000000,1.000000
174,7338,-32.9577445984,-52.5000000000,0.440000
175,11342,-32.9577445984,17.5000000000,0.250000
176,11485,-32.9577445984,20.0000000000,1.000000
177,11628,-32.9577445984,22.5000000000,1.000000
178,11771,-32.9577445984,25.0000000000,1.000000
179,11914,-32.9577445984,27.5000000000,0.620000
180,16919,-32.9577445984,115.0000000000,0.220000
181,17062,-32.9577445984,117.5000000000,1.000000
182,17205,-32.9577445984,120.0000000000,1.000000
183,17348,-32.9577445984,122.5000000000,1.000000
184,17491,-32.9577445984,125.0000000000,0.360000
185,18063,-32.9577445984,135.0000000000,0.750000
186,18206,-32.9577445984,137.5000000000,0.930000
187,18349,-32.9577445984,140.0000000000,1.000000
188,18492,-32.9577445984,142.5000000000,1.000000
189,18635,-32.9577445984,145.0000000000,1.000000
190,18778,-32.9577445984,147.5000000000,1.000000
191,18921,-32.9577445984,150.0000000000,1.000000
192,19064,-32.9577445984,152.5000000000,0.270000
193,6195,-31.6901416779,-72.5000000000,0.110000
194,6338,-31.6901416779,-70.0000000000,1.000000
195,6481,-31.6901416779,-67.5000000000,1.000000
196,6624,-31.6901416779,-65.0000000000,1.000000
197,6767,-31.6901416779,-62.5000000000,1.000000
198,6910,-31.6901416779,-60.0000000000,1.000000
199,7053,-31.6901416779,-57.5000000000,1.000000
200,7196,-31.6901416779,-55.0000000000,1.000000
201,7339,-31.6901416779,-52.5000000000,0.860000
202,7482,-31.6901416779,-50.0000000000,0.030000
203,11343,-31.6901416779,17.5000000000,0.250000
204,11486,-31.6901416779,20.0000000000,1.000000
205,11629,-31.6901416779,22.5000000000,1.000000
206,11772,-31.6901416779,25.0000000000,1.000000
207,11915,-31.6901416779,27.5000000000,1.000000
208,12058,-31.6901416779,30.0000000000,0.280000
209,16920,-31.6901416779,115.0000000000,0.230000
210,17063,-31.6901416779,117.5000000000,1.000000
211,17206,-31.6901416779,120.0000000000,1.000000
212,17349,-31.6901416779,122.5000000000,1.000000
213,17492,-31.6901416779,125.0000000000,0.990000
214,17635,-31.6901416779,127.5000000000,0.830000
215,17778,-31.6901416779,130.0000000000,0.440000
216,17921,-31.6901416779,132.5000000000,0.700000
217,18064,-31.6901416779,135.0000000000,1.000000
218,18207,-31.6901416779,137.5000000000,1.000000
219,18350,-31.6901416779,140.0000000000,1.000000
220,18493,-31.6901416779,142.5000000000,1.000000
221,18636,-31.6901416779,145.0000000000,1.000000
222,18779,-31.6901416779,147.5000000000,1.000000
223,18922,-31.6901416779,150.0000000000,1.000000
224,19065,-31.6901416779,152.5000000000,0.640000
225,6196,-30.4225349426,-72.5000000000,0.110000
226,6339,-30.4225349426,-70.0000000000,1.000000
227,6482,-30.4225349426,-67.5000000000,1.000000
228,6625,-30.4225349426,-65.0000000000,1.000000
229,6768,-30.4225349426,-62.5000000000,1.000000
230,6911,-30.4225349426,-60.0000000000,1.000000
231,7054,-30.4225349426,-57.5000000000,1.000000
232,7197,-30.4225349426,-55.0000000000,1.000000
233,7340,-30.4225349426,-52.5000000000,1.000000
234,7483,-30.4225349426,-50.0000000000,0.360000
235,11344,-30.4225349426,17.5000000000,0.550000
236,11487,-30.4225349426,20.0000000000,1.000000
237,11630,-30.4225349426,22.5000000000,1.000000
238,11773,-30.4225349426,25.0000000000,1.000000
239,11916,-30.4225349426,27.5000000000,1.000000
240,12059,-30.4225349426,30.0000000000,0.730000
241,16921,-30.4225349426,115.0000000000,0.450000
242,17064,-30.4225349426,117.5000000000,1.000000
243,17207,-30.4225349426,120.0000000000,1.000000
244,17350,-30.4225349426,122.5000000000,1.000000
245,17493,-30.4225349426,125.0000000000,1.000000
246,17636,-30.4225349426,127.5000000000,1.000000
247,17779,-30.4225349426,130.0000000000,1.000000
248,17922,-30.4225349426,132.5000000000,1.000000
249,18065,-30.4225349426,135.0000000000,1.000000
250,18208,-30.4225349426,137.5000000000,1.000000
251,18351,-30.4225349426,140.0000000000,1.000000
252,18494,-30.4225349426,142.5000000000,1.000000
253,18637,-30.4225349426,145.0000000000,1.000000
254,18780,-30.4225349426,147.5000000000,1.000000
255,18923,-30.4225349426,150.0000000000,1.000000
256,19066,-30.4225349426,152.5000000000,0.730000
257,6197,-29.1549301147,-72.5000000000,0.090000
258,6340,-29.1549301147,-70.0000000000,1.000000
259,6483,-29.1549301147,-67.5000000000,1.000000
260,6626,-29.1549301147,-65.0000000000,1.000000
261,6769,-29.1549301147,-62.5000000000,1.000000
262,6912,-29.1549301147,-60.0000000000,1.000000
263,7055,-29.1549301147,-57.5000000000,1.000000
264,7198,-29.1549301147,-55.0000000000,1.000000
265,7341,-29.1549301147,-52.5000000000,1.000000
266,7484,-29.1549301147,-50.0000000000,0.730000
267,11345,-29.1549301147,17.5000000000,0.830000
268,11488,-29.1549301147,20.0000000000,1.000000
269,11631,-29.1549301147,22.5000000000,1.000000
270,11774,-29.1549301147,25.0000000000,1.000000
271,11917,-29.1549301147,27.5000000000,1.000000
272,12060,-29.1549301147,30.0000000000,0.990000
273,12203,-29.1549301147,32.5000000000,0.180000
274,16922,-29.1549301147,115.0000000000,0.560000
275,17065,-29.1549301147,117.5000000000,1.000000
276,17208,-29.1549301147,120.0000000000,1.000000
277,17351,-29.1549301147,122.5000000000,1.000000
278,17494,-29.1549301147,125.0000000000,1.000000
279,17637,-29.1549301147,127.5000000000,1.000000
280,17780,-29.1549301147,130.0000000000,1.000000
281,17923,-29.1549301147,132.5000000000,1.000000
282,18066,-29.1549301147,135.0000000000,1.000000
283,18209,-29.1549301147,137.5000000000,1.000000
284,18352,-29.1549301147,140.0000000000,1.000000
285,18495,-29.1549301147,142.5000000000,1.000000
286,18638,-29.1549301147,145.0000000000,1.000000
287,18781,-29.1549301147,147.5000000000,1.000000
288,18924,-29.1549301147,150.0000000000,1.000000
289,19067,-29.1549301147,152.5000000000,0.870000
290,6341,-27.8873233795,-70.0000000000,0.920000
291,6484,-27.8873233795,-67.5000000000,1.000000
292,6627,-27.8873233795,-65.0000000000,1.000000
293,6770,-27.8873233795,-62.5000000000,1.000000
294,6913,-27.8873233795,-60.0000000000,1.000000
295,7056,-27.8873233795,-57.5000000000,1.000000
296,7199,-27.8873233795,-55.0000000000,1.000000
297,7342,-27.8873233795,-52.5000000000,1.000000
298,7485,-27.8873233795,-50.0000000000,1.000000
299,7628,-27.8873233795,-47.5000000000,0.060000
300,11203,-27.8873233795,15.0000000000,0.220000
301,11346,-27.8873233795,17.5000000000,1.000000
302,11489,-27.8873233795,20.0000000000,1.000000
303,11632,-27.8873233795,22.5000000000,1.000000
304,11775,-27.8873233795,25.0000000000,1.000000
305,11918,-27.8873233795,27.5000000000,1.000000
306,12061,-27.8873233795,30.0000000000,1.000000
307,12204,-27.8873233795,32.5000000000,0.500000
308,16923,-27.8873233795,115.0000000000,0.820000
309,17066,-27.8873233795,117.5000000000,1.000000
310,17209,-27.8873233795,120.0000000000,1.000000
311,17352,-27.8873233795,122.5000000000,1.000000
312,17495,-27.8873233795,125.0000000000,1.000000
313,17638,-27.8873233795,127.5000000000,1.000000
314,17781,-27.8873233795,130.0000000000,1.000000
315,17924,-27.8873233795,132.5000000000,1.000000
316,18067,-27.8873233795,135.0000000000,1.000000
317,18210,-27.8873233795,137.5000000000,1.000000
318,18353,-27.8873233795,140.0000000000,1.000000
319,18496,-27.8873233795,142.5000000000,1.000000
320,18639,-27.8873233795,145.0000000000,1.000000
321,18782,-27.8873233795,147.5000000000,1.000000
322,18925,-27.8873233795,150.0000000000,1.000000
323,19068,-27.8873233795,152.5000000000,0.850000
324,6342,-26.6197185516,-70.0000000000,0.800000
325,6485,-26.6197185516,-67.5000000000,1.000000
326,6628,-26.6197185516,-65.0000000000,1.000000
327,6771,-26.6197185516,-62.5000000000,1.000000
328,6914,-26.6197185516,-60.0000000000,1.000000
329,7057,-26.6197185516,-57.5000000000,1.000000
330,7200,-26.6197185516,-55.0000000000,1.000000
331,7343,-26.6197185516,-52.5000000000,1.000000
332,7486,-26.6197185516,-50.0000000000,1.000000
333,7629,-26.6197185516,-47.5000000000,0.090000
334,11204,-26.6197185516,15.0000000000,0.460000
335,11347,-26.6197185516,17.5000000000,1.000000
336,11490,-26.6197185516,20.0000000000,1.000000
337,11633,-26.6197185516,22.5000000000,1.000000
338,11776,-26.6197185516,25.0000000000,1.000000
339,11919,-26.6197185516,27.5000000000,1.000000
340,12062,-26.6197185516,30.0000000000,1.000000
341,12205,-26.6197185516,32.5000000000,0.620000
342,16781,-26.6197185516,112.5000000000,0.050000
343,16924,-26.6197185516,115.0000000000,0.980000
344,17067,-26.6197185516,117.5000000000,1.000000
345,17210,-26.6197185516,120.0000000000,1.000000
346,17353,-26.6197185516,122.5000000000,1.000000
347,17496,-26.6197185516,125.0000000000,1.000000
348,17639,-26.6197185516,127.5000000000,1.000000
349,17782,-26.6197185516,130.0000000000,1.000000
350,17925,-26.6197185516,132.5000000000,1.000000
351,18068,-26.6197185516,135.0000000000,1.000000
352,18211,-26.6197185516,137.5000000000,1.000000
353,18354,-26.6197185516,140.0000000000,1.000000
354,18497,-26.6197185516,142.5000000000,1.000000
355,18640,-26.6197185516,145.0000000000,1.000000
356,18783,-26.6197185516,147.5000000000,1.000000
357,18926,-26.6197185516,150.0000000000,1.000000
358,19069,-26.6197185516,152.5000000000,0.780000
359,6343,-25.3521118164,-70.0000000000,0.770000
360,6486,-25.3521118164,-67.5000000000,1.000000
361,6629,-25.3521118164,-65.0000000000,1.000000
362,6772,-25.3521118164,-62.5000000000,1.000000
363,6915,-25.3521118164,-60.0000000000,1.000000
364,7058,-25.3521118164,-57.5000000000,1.000000
365,7201,-25.3521118164,-55.0000000000,1.000000
366,7344,-25.3521118164,-52.5000000000,1.000000
367,7487,-25.3521118164,-50.0000000000,1.000000
368,7630,-25.3521118164,-47.5000000000,0.280000
369,11205,-25.3521118164,15.0000000000,0.590000
370,11348,-25.3521118164,17.5000000000,1.000000
371,11491,-25.3521118164,20.0000000000,1.000000
372,11634,-25.3521118164,22.5000000000,1.000000
373,11777,-25.3521118164,25.0000000000,1.000000
374,11920,-25.3521118164,27.5000000000,1.000000
375,12063,-25.3521118164,30.0000000000,1.000000
376,12206,-25.3521118164,32.5000000000,0.760000
377,12349,-25.3521118164,35.0000000000,0.030000
378,12921,-25.3521118164,45.0000000000,0.420000
379,13064,-25.3521118164,47.5000000000,0.090000
380,16782,-25.3521118164,112.5000000000,0.020000
381,16925,-25.3521118164,115.0000000000,0.920000
382,17068,-25.3521118164,117.5000000000,1.000000
383,17211,-25.3521118164,120.0000000000,1.000000
384,17354,-25.3521118164,122.5000000000,1.000000
385,17497,-25.3521118164,125.0000000000,1.000000
386,17640,-25.3521118164,127.5000000000,1.000000
387,17783,-25.3521118164,130.0000000000,1.000000
388,17926,-25.3521118164,132.5000000000,1.000000
389,18069,-25.3521118164,135.0000000000,1.000000
390,18212,-25.3521118164,137.5000000000,1.000000
391,18355,-25.3521118164,140.0000000000,1.000000
392,18498,-25.3521118164,142.5000000000,1.000000
393,18641,-25.3521118164,145.0000000000,1.000000
394,18784,-25.3521118164,147.5000000000,1.000000
395,18927,-25.3521118164,150.0000000000,1.000000
396,19070,-25.3521118164,152.5000000000,0.630000
397,6344,-24.0845069885,-70.0000000000,0.700000
398,6487,-24.0845069885,-67.5000000000,1.000000
399,6630,-24.0845069885,-65.0000000000,1.000000
400,6773,-24.0845069885,-62.5000000000,1.000000
401,6916,-24.0845069885,-60.0000000000,1.000000
402,7059,-24.0845069885,-57.5000000000,1.000000
403,7202,-24.0845069885,-55.0000000000,1.000000
404,7345,-24.0845069885,-52.5000000000,1.000000
405,7488,-24.0845069885,-50.0000000000,1.000000
406,7631,-24.0845069885,-47.5000000000,0.870000
407,7774,-24.0845069885,-45.0000000000,0.160000
408,11206,-24.0845069885,15.0000000000,0.700000
409,11349,-24.0845069885,17.5000000000,1.000000
410,11492,-24.0845069885,20.0000000000,1.000000
411,11635,-24.0845069885,22.5000000000,1.000000
412,11778,-24.0845069885,25.0000000000,1.000000
413,11921,-24.0845069885,27.5000000000,1.000000
414,12064,-24.0845069885,30.0000000000,1.000000
415,12207,-24.0845069885,32.5000000000,1.000000
416,12350,-24.0845069885,35.0000000000,0.620000
417,12922,-24.0845069885,45.0000000000,1.000000
418,13065,-24.0845069885,47.5000000000,0.460000
419,16783,-24.0845069885,112.5000000000,0.080000
420,16926,-24.0845069885,115.0000000000,1.000000
421,17069,-24.0845069885,117.5000000000,1.000000
422,17212,-24.0845069885,120.0000000000,1.000000
423,17355,-24.0845069885,122.5000000000,1.000000
424,17498,-24.0845069885,125.0000000000,1.000000
425,17641,-24.0845069885,127.5000000000,1.000000
426,17784,-24.0845069885,130.0000000000,1.000000
427,17927,-24.0845069885,132.5000000000,1.000000
428,18070,-24.0845069885,135.0000000000,1.000000
429,18213,-24.0845069885,137.5000000000,1.000000
430,18356,-24.0845069885,140.0000000000,1.000000
431,18499,-24.0845069885,142.5000000000,1.000000
432,18642,-24.0845069885,145.0000000000,1.000000
433,18785,-24.0845069885,147.5000000000,1.000000
434,18928,-24.0845069885,150.0000000000,0.980000
435,19071,-24.0845069885,152.5000000000,0.170000
436,6345,-22.8169021606,-70.0000000000,0.600000
437,6488,-22.8169021606,-67.5000000000,1.000000
438,6631,-22.8169021606,-65.0000000000,1.000000
439,6774,-22.8169021606,-62.5000000000,1.000000
440,6917,-22.8169021606,-60.0000000000,1.000000
441,7060,-22.8169021606,-57.5000000000,1.000000
442,7203,-22.8169021606,-55.0000000000,1.000000
443,7346,-22.8169021606,-52.5000000000,1.000000
444,7489,-22.8169021606,-50.0000000000,1.000000
445,7632,-22.8169021606,-47.5000000000,1.000000
446,7775,-22.8169021606,-45.0000000000,0.940000
447,7918,-22.8169021606,-42.5000000000,0.490000
448,11207,-22.8169021606,15.0000000000,0.730000
449,11350,-22.8169021606,17.5000000000,1.000000
450,11493,-22.8169021606,20.0000000000,1.000000
451,11636,-22.8169021606,22.5000000000,1.000000
452,11779,-22.8169021606,25.0000000000,1.000000
453,11922,-22.8169021606,27.5000000000,1.000000
454,12065,-22.8169021606,30.0000000000,1.000000
455,12208,-22.8169021606,32.5000000000,1.000000
456,12351,-22.8169021606,35.0000000000,0.700000
457,12780,-22.8169021606,42.5000000000,0.150000
458,12923,-22.8169021606,45.0000000000,1.000000
459,13066,-22.8169021606,47.5000000000,0.630000
460,16927,-22.8169021606,115.0000000000,0.990000
461,17070,-22.8169021606,117.5000000000,1.000000
462,17213,-22.8169021606,120.0000000000,1.000000
463,17356,-22.8169021606,122.5000000000,1.000000
464,17499,-22.8169021606,125.0000000000,1.000000
465,17642,-22.8169021606,127.5000000000,1.000000
466,17785,-22.8169021606,130.0000000000,1.000000
467,17928,-22.8169021606,132.5000000000,1.000000
468,18071,-22.8169021606,135.0000000000,1.000000
469,18214,-22.8169021606,137.5000000000,1.000000
470,18357,-22.8169021606,140.0000000000,1.000000
471,18500,-22.8169021606,142.5000000000,1.000000
472,18643,-22.8169021606,145.0000000000,1.000000
473,18786,-22.8169021606,147.5000000000,1.000000
474,18929,-22.8169021606,150.0000000000,0.770000
475,19930,-22.8169021606,167.5000000000,0.020000
476,6346,-21.5492954254,-70.0000000000,0.540000
477,6489,-21.5492954254,-67.5000000000,1.000000
478,6632,-21.5492954254,-65.0000000000,1.000000
479,6775,-21.5492954254,-62.5000000000,1.000000
480,6918,-21.5492954254,-60.0000000000,1.000000
481,7061,-21.5492954254,-57.5000000000,1.000000
482,7204,-21.5492954254,-55.0000000000,1.000000
483,7347,-21.5492954254,-52.5000000000,1.000000
484,7490,-21.5492954254,-50.0000000000,1.000000
485,7633,-21.5492954254,-47.5000000000,1.000000
486,7776,-21.5492954254,-45.0000000000,1.000000
487,7919,-21.5492954254,-42.5000000000,1.000000
488,8062,-21.5492954254,-40.0000000000,0.140000
489,11065,-21.5492954254,12.5000000000,0.030000
490,11208,-21.5492954254,15.0000000000,0.940000
491,11351,-21.5492954254,17.5000000000,1.000000
492,11494,-21.5492954254,20.0000000000,1.000000
493,11637,-21.5492954254,22.5000000000,1.000000
494,11780,-21.5492954254,25.0000000000,1.000000
495,11923,-21.5492954254,27.5000000000,1.000000
496,12066,-21.5492954254,30.0000000000,1.000000
497,12209,-21.5492954254,32.5000000000,1.000000
498,12352,-21.5492954254,35.0000000000,0.600000
499,12781,-21.5492954254,42.5000000000,0.120000
500,12924,-21.5492954254,45.0000000000,0.980000
501,13067,-21.5492954254,47.5000000000,0.780000
502,16928,-21.5492954254,115.0000000000,0.420000
503,17071,-21.5492954254,117.5000000000,1.000000
504,17214,-21.5492954254,120.0000000000,1.000000
505,17357,-21.5492954254,122.5000000000,1.000000
506,17500,-21.5492954254,125.0000000000,1.000000
507,17643,-21.5492954254,127.5000000000,1.000000
508,17786,-21.5492954254,130.0000000000,1.000000
509,17929,-21.5492954254,132.5000000000,1.000000
510,18072,-21.5492954254,135.0000000000,1.000000
511,18215,-21.5492954254,137.5000000000,1.000000
512,18358,-21.5492954254,140.0000000000,1.000000
513,18501,-21.5492954254,142.5000000000,1.000000
514,18644,-21.5492954254,145.0000000000,1.000000
515,18787,-21.5492954254,147.5000000000,1.000000
516,18930,-21.5492954254,150.0000000000,0.240000
517,19788,-21.5492954254,165.0000000000,0.300000
518,19931,-21.5492954254,167.5000000000,0.110000
519,6347,-20.2816905975,-70.0000000000,0.580000
520,6490,-20.2816905975,-67.5000000000,1.000000
521,6633,-20.2816905975,-65.0000000000,1.000000
522,6776,-20.2816905975,-62.5000000000,1.000000
523,6919,-20.2816905975,-60.0000000000,1.000000
524,7062,-20.2816905975,-57.5000000000,1.000000
525,7205,-20.2816905975,-55.0000000000,1.000000
526,7348,-20.2816905975,-52.5000000000,1.000000
527,7491,-20.2816905975,-50.0000000000,1.000000
528,7634,-20.2816905975,-47.5000000000,1.000000
529,7777,-20.2816905975,-45.0000000000,1.000000
530,7920,-20.2816905975,-42.5000000000,1.000000
531,8063,-20.2816905975,-40.0000000000,0.380000
532,11066,-20.2816905975,12.5000000000,0.270000
533,11209,-20.2816905975,15.0000000000,1.000000
534,11352,-20.2816905975,17.5000000000,1.000000
535,11495,-20.2816905975,20.0000000000,1.000000
536,11638,-20.2816905975,22.5000000000,1.000000
537,11781,-20.2816905975,25.0000000000,1.000000
538,11924,-20.2816905975,27.5000000000,1.000000
539,12067,-20.2816905975,30.0000000000,1.000000
540,12210,-20.2816905975,32.5000000000,1.000000
541,12353,-20.2816905975,35.0000000000,0.420000
542,12925,-20.2816905975,45.0000000000,0.810000
543,13068,-20.2816905975,47.5000000000,0.950000
544,13640,-20.2816905975,57.5000000000,0.000000
545,17072,-20.2816905975,117.5000000000,0.250000
546,17215,-20.2816905975,120.0000000000,0.820000
547,17358,-20.2816905975,122.5000000000,1.000000
548,17501,-20.2816905975,125.0000000000,1.000000
549,17644,-20.2816905975,127.5000000000,1.000000
550,17787,-20.2816905975,130.0000000000,1.000000
551,17930,-20.2816905975,132.5000000000,1.000000
552,18073,-20.2816905975,135.0000000000,1.000000
553,18216,-20.2816905975,137.5000000000,1.000000
554,18359,-20.2816905975,140.0000000000,1.000000
555,18502,-20.2816905975,142.5000000000,1.000000
556,18645,-20.2816905975,145.0000000000,1.000000
557,18788,-20.2816905975,147.5000000000,0.890000
558,18931,-20.2816905975,150.0000000000,0.010000
559,19789,-20.2816905975,165.0000000000,0.180000
560,6348,-19.0140838623,-70.0000000000,0.600000
561,6491,-19.0140838623,-67.5000000000,1.000000
562,6634,-19.0140838623,-65.0000000000,1.000000
563,6777,-19.0140838623,-62.5000000000,1.000000
564,6920,-19.0140838623,-60.0000000000,1.000000
565,7063,-19.0140838623,-57.5000000000,1.000000
566,7206,-19.0140838623,-55.0000000000,1.000000
567,7349,-19.0140838623,-52.5000000000,1.000000
568,7492,-19.0140838623,-50.0000000000,1.000000
569,7635,-19.0140838623,-47.5000000000,1.000000
570,7778,-19.0140838623,-45.0000000000,1.000000
571,7921,-19.0140838623,-42.5000000000,1.000000
572,8064,-19.0140838623,-40.0000000000,0.620000
573,11067,-19.0140838623,12.5000000000,0.500000
574,11210,-19.0140838623,15.0000000000,1.000000
575,11353,-19.0140838623,17.5000000000,1.000000
576,11496,-19.0140838623,20.0000000000,1.000000
577,11639,-19.0140838623,22.5000000000,1.000000
578,11782,-19.0140838623,25.0000000000,1.000000
579,11925,-19.0140838623,27.5000000000,1.000000
580,12068,-19.0140838623,30.0000000000,1.000000
581,12211,-19.0140838623,32.5000000000,1.000000
582,12354,-19.0140838623,35.0000000000,0.810000
583,12497,-19.0140838623,37.5000000000,0.020000
584,12926,-19.0140838623,45.0000000000,0.790000
585,13069,-19.0140838623,47.5000000000,1.000000
586,13212,-19.0140838623,50.0000000000,0.140000
587,17216,-19.0140838623,120.0000000000,0.010000
588,17359,-19.0140838623,122.5000000000,0.890000
589,17502,-19.0140838623,125.0000000000,1.000000
590,17645,-19.0140838623,127.5000000000,1.000000
591,17788,-19.0140838623,130.0000000000,1.000000
592,17931,-19.0140838623,132.5000000000,1.000000
593,18074,-19.0140838623,135.0000000000,1.000000
594,18217,-19.0140838623,137.5000000000,1.000000
595,18360,-19.0140838623,140.0000000000,1.000000
596,18503,-19.0140838623,142.5000000000,1.000000
597,18646,-19.0140838623,145.0000000000,1.000000
598,18789,-19.0140838623,147.5000000000,0.210000
599,6206,-17.7464790344,-72.5000000000,0.060000
600,6349,-17.7464790344,-70.0000000000,0.920000
601,6492,-17.7464790344,-67.5000000000,1.000000
602,6635,-17.7464790344,-65.0000000000,1.000000
603,6778,-17.7464790344,-62.5000000000,1.000000
604,6921,-17.7464790344,-60.0000000000,1.000000
605,7064,-17.7464790344,-57.5000000000,1.000000
606,7207,-17.7464790344,-55.0000000000,1.000000
607,7350,-17.7464790344,-52.5000000000,1.000000
608,7493,-17.7464790344,-50.0000000000,1.000000
609,7636,-17.7464790344,-47.5000000000,1.000000
610,7779,-17.7464790344,-45.0000000000,1.000000
611,7922,-17.7464790344,-42.5000000000,1.000000
612,8065,-17.7464790344,-40.0000000000,0.770000
613,11068,-17.7464790344,12.5000000000,0.780000
614,11211,-17.7464790344,15.0000000000,1.000000
615,11354,-17.7464790344,17.5000000000,1.000000
616,11497,-17.7464790344,20.0000000000,1.000000
617,11640,-17.7464790344,22.5000000000,1.000000
618,11783,-17.7464790344,25.0000000000,1.000000
619,11926,-17.7464790344,27.5000000000,1.000000
620,12069,-17.7464790344,30.0000000000,1.000000
621,12212,-17.7464790344,32.5000000000,1.000000
622,12355,-17.7464790344,35.0000000000,1.000000
623,12498,-17.7464790344,37.5000000000,0.440000
624,12927,-17.7464790344,45.0000000000,0.900000
625,13070,-17.7464790344,47.5000000000,1.000000
626,13213,-17.7464790344,50.0000000000,0.280000
627,17360,-17.7464790344,122.5000000000,0.590000
628,17503,-17.7464790344,125.0000000000,1.000000
629,17646,-17.7464790344,127.5000000000,1.000000
630,17789,-17.7464790344,130.0000000000,1.000000
631,17932,-17.7464790344,132.5000000000,1.000000
632,18075,-17.7464790344,135.0000000000,1.000000
633,18218,-17.7464790344,137.5000000000,1.000000
634,18361,-17.7464790344,140.0000000000,0.780000
635,18504,-17.7464790344,142.5000000000,1.000000
636,18647,-17.7464790344,145.0000000000,0.930000
637,20506,-17.7464790344,177.5000000000,0.320000
638,58,-16.4788722992,-180.0000000000,0.210000
639,6064,-16.4788722992,-75.0000000000,0.030000
640,6207,-16.4788722992,-72.5000000000,0.720000
641,6350,-16.4788722992,-70.0000000000,1.000000
642,6493,-16.4788722992,-67.5000000000,1.000000
643,6636,-16.4788722992,-65.0000000000,1.000000
644,6779,-16.4788722992,-62.5000000000,1.000000
645,6922,-16.4788722992,-60.0000000000,1.000000
646,7065,-16.4788722992,-57.5000000000,1.000000
647,7208,-16.4788722992,-55.0000000000,1.000000
648,7351,-16.4788722992,-52.5000000000,1.000000
649,7494,-16.4788722992,-50.0000000000,1.000000
650,7637,-16.4788722992,-47.5000000000,1.000000
651,7780,-16.4788722992,-45.0000000000,1.000000
652,7923,-16.4788722992,-42.5000000000,1.000000
653,8066,-16.4788722992,-40.0000000000,0.890000
654,11069,-16.4788722992,12.5000000000,0.800000
655,11212,-16.4788722992,15.0000000000,1.000000
656,11355,-16.4788722992,17.5000000000,1.000000
657,11498,-16.4788722992,20.0000000000,1.000000
658,11641,-16.4788722992,22.5000000000,1.000000
659,11784,-16.4788722992,25.0000000000,1.000000
660,11927,-16.4788722992,27.5000000000,1.000000
661,12070,-16.4788722992,30.0000000000,1.000000
662,12213,-16.4788722992,32.5000000000,1.000000
663,12356,-16.4788722992,35.0000000000,1.000000
664,12499,-16.4788722992,37.5000000000,1.000000
665,12642,-16.4788722992,40.0000000000,0.360000
666,12928,-16.4788722992,45.0000000000,0.640000
667,13071,-16.4788722992,47.5000000000,1.000000
668,13214,-16.4788722992,50.0000000000,0.390000
669,17361,-16.4788722992,122.5000000000,0.130000
670,17504,-16.4788722992,125.0000000000,0.950000
671,17647,-16.4788722992,127.5000000000,1.000000
672,17790,-16.4788722992,130.0000000000,1.000000
673,17933,-16.4788722992,132.5000000000,1.000000
674,18076,-16.4788722992,135.0000000000,1.000000
675,18219,-16.4788722992,137.5000000000,0.670000
676,18362,-16.4788722992,140.0000000000,0.040000
677,18505,-16.4788722992,142.5000000000,0.990000
678,18648,-16.4788722992,145.0000000000,0.750000
679,19935,-16.4788722992,167.5000000000,0.050000
680,20507,-16.4788722992,177.5000000000,0.010000
681,6065,-15.2112674713,-75.0000000000,0.600000
682,6208,-15.2112674713,-72.5000000000,1.000000
683,6351,-15.2112674713,-70.0000000000,1.000000
684,6494,-15.2112674713,-67.5000000000,1.000000
685,6637,-15.2112674713,-65.0000000000,1.000000
686,6780,-15.2112674713,-62.5000000000,1.000000
687,6923,-15.2112674713,-60.0000000000,1.000000
688,7066,-15.2112674713,-57.5000000000,1.000000
689,7209,-15.2112674713,-55.0000000000,1.000000
690,7352,-15.2112674713,-52.5000000000,1.000000
691,7495,-15.2112674713,-50.0000000000,1.000000
692,7638,-15.2112674713,-47.5000000000,1.000000
693,7781,-15.2112674713,-45.0000000000,1.000000
694,7924,-15.2112674713,-42.5000000000,1.000000
695,8067,-15.2112674713,-40.0000000000,0.900000
696,11070,-15.2112674713,12.5000000000,0.700000
697,11213,-15.2112674713,15.0000000000,1.000000
698,11356,-15.2112674713,17.5000000000,1.000000
699,11499,-15.2112674713,20.0000000000,1.000000
700,11642,-15.2112674713,22.5000000000,1.000000
701,11785,-15.2112674713,25.0000000000,1.000000
702,11928,-15.2112674713,27.5000000000,1.000000
703,12071,-15.2112674713,30.0000000000,1.000000
704,12214,-15.2112674713,32.5000000000,1.000000
705,12357,-15.2112674713,35.0000000000,1.000000
706,12500,-15.2112674713,37.5000000000,1.000000
707,12643,-15.2112674713,40.0000000000,0.720000
708,13072,-15.2112674713,47.5000000000,0.720000
709,13215,-15.2112674713,50.0000000000,0.620000
710,17505,-15.2112674713,125.0000000000,0.610000
711,17648,-15.2112674713,127.5000000000,0.960000
712,17791,-15.2112674713,130.0000000000,0.920000
713,17934,-15.2112674713,132.5000000000,1.000000
714,18077,-15.2112674713,135.0000000000,0.840000
715,18220,-15.2112674713,137.5000000000,0.030000
716,18506,-15.2112674713,142.5000000000,0.870000
717,18649,-15.2112674713,145.0000000000,0.580000
718,19936,-15.2112674713,167.5000000000,0.120000
719,5923,-13.9436616898,-77.5000000000,0.020000
720,6066,-13.9436616898,-75.0000000000,0.990000
721,6209,-13.9436616898,-72.5000000000,1.000000
722,6352,-13.9436616898,-70.0000000000,1.000000
723,6495,-13.9436616898,-67.5000000000,1.000000
724,6638,-13.9436616898,-65.0000000000,1.000000
725,6781,-13.9436616898,-62.5000000000,1.000000
726,6924,-13.9436616898,-60.0000000000,1.000000
727,7067,-13.9436616898,-57.5000000000,1.000000
728,7210,-13.9436616898,-55.0000000000,1.000000
729,7353,-13.9436616898,-52.5000000000,1.000000
730,7496,-13.9436616898,-50.0000000000,1.000000
731,7639,-13.9436616898,-47.5000000000,1.000000
732,7782,-13.9436616898,-45.0000000000,1.000000
733,7925,-13.9436616898,-42.5000000000,1.000000
734,8068,-13.9436616898,-40.0000000000,0.920000
735,11071,-13.9436616898,12.5000000000,0.550000
736,11214,-13.9436616898,15.0000000000,1.000000
737,11357,-13.9436616898,17.5000000000,1.000000
738,11500,-13.9436616898,20.0000000000,1.000000
739,11643,-13.9436616898,22.5000000000,1.000000
740,11786,-13.9436616898,25.0000000000,1.000000
741,11929,-13.9436616898,27.5000000000,1.000000
742,12072,-13.9436616898,30.0000000000,1.000000
743,12215,-13.9436616898,32.5000000000,1.000000
744,12358,-13.9436616898,35.0000000000,1.000000
745,12501,-13.9436616898,37.5000000000,1.000000
746,12644,-13.9436616898,40.0000000000,0.720000
747,13073,-13.9436616898,47.5000000000,0.260000
748,13216,-13.9436616898,50.0000000000,0.540000
749,17506,-13.9436616898,125.0000000000,0.040000
750,17649,-13.9436616898,127.5000000000,0.300000
751,17792,-13.9436616898,130.0000000000,0.600000
752,17935,-13.9436616898,132.5000000000,1.000000
753,18078,-13.9436616898,135.0000000000,0.850000
754,18507,-13.9436616898,142.5000000000,0.840000
755,18650,-13.9436616898,145.0000000000,0.070000
756,5924,-12.6760559082,-77.5000000000,0.220000
757,6067,-12.6760559082,-75.0000000000,1.000000
758,6210,-12.6760559082,-72.5000000000,1.000000
759,6353,-12.6760559082,-70.0000000000,1.000000
760,6496,-12.6760559082,-67.5000000000,1.000000
761,6639,-12.6760559082,-65.0000000000,1.000000
762,6782,-12.6760559082,-62.5000000000,1.000000
763,6925,-12.6760559082,-60.0000000000,1.000000
764,7068,-12.6760559082,-57.5000000000,1.000000
765,7211,-12.6760559082,-55.0000000000,1.000000
766,7354,-12.6760559082,-52.5000000000,1.000000
767,7497,-12.6760559082,-50.0000000000,1.000000
768,7640,-12.6760559082,-47.5000000000,1.000000
769,7783,-12.6760559082,-45.0000000000,1.000000
770,7926,-12.6760559082,-42.5000000000,1.000000
771,8069,-12.6760559082,-40.0000000000,1.000000
772,8212,-12.6760559082,-37.5000000000,0.230000
773,11072,-12.6760559082,12.5000000000,0.250000
774,11215,-12.6760559082,15.0000000000,1.000000
775,11358,-12.6760559082,17.5000000000,1.000000
776,11501,-12.6760559082,20.0000000000,1.000000
777,11644,-12.6760559082,22.5000000000,1.000000
778,11787,-12.6760559082,25.0000000000,1.000000
779,11930,-12.6760559082,27.5000000000,1.000000
780,12073,-12.6760559082,30.0000000000,1.000000
781,12216,-12.6760559082,32.5000000000,1.000000
782,12359,-12.6760559082,35.0000000000,1.000000
783,12502,-12.6760559082,37.5000000000,1.000000
784,12645,-12.6760559082,40.0000000000,0.700000
785,13217,-12.6760559082,50.0000000000,0.320000
786,17793,-12.6760559082,130.0000000000,0.250000
787,17936,-12.6760559082,132.5000000000,0.930000
788,18079,-12.6760559082,135.0000000000,0.980000
789,18222,-12.6760559082,137.5000000000,0.180000
790,18508,-12.6760559082,142.5000000000,0.670000
791,5925,-11.4084510803,-77.5000000000,0.510000
792,6068,-11.4084510803,-75.0000000000,1.000000
793,6211,-11.4084510803,-72.5000000000,1.000000
794,6354,-11.4084510803,-70.0000000000,1.000000
795,6497,-11.4084510803,-67.5000000000,1.000000
796,6640,-11.4084510803,-65.0000000000,1.000000
797,6783,-11.4084510803,-62.5000000000,1.000000
798,6926,-11.4084510803,-60.0000000000,1.000000
799,7069,-11.4084510803,-57.5000000000,1.000000
800,7212,-11.4084510803,-55.0000000000,1.000000
801,7355,-11.4084510803,-52.5000000000,1.000000
802,7498,-11.4084510803,-50.0000000000,1.000000
803,7641,-11.4084510803,-47.5000000000,1.000000
804,7784,-11.4084510803,-45.0000000000,1.000000
805,7927,-11.4084510803,-42.5000000000,1.000000
806,8070,-11.4084510803,-40.0000000000,1.000000
807,8213,-11.4084510803,-37.5000000000,0.610000
808,11216,-11.4084510803,15.0000000000,1.000000
809,11359,-11.4084510803,17.5000000000,1.000000
810,11502,-11.4084510803,20.0000000000,1.000000
811,11645,-11.4084510803,22.5000000000,1.000000
812,11788,-11.4084510803,25.0000000000,1.000000
813,11931,-11.4084510803,27.5000000000,1.000000
814,12074,-11.4084510803,30.0000000000,1.000000
815,12217,-11.4084510803,32.5000000000,1.000000
816,12360,-11.4084510803,35.0000000000,1.000000
817,12503,-11.4084510803,37.5000000000,1.000000
818,12646,-11.4084510803,40.0000000000,0.700000
819,17937,-11.4084510803,132.5000000000,0.270000
820,18080,-11.4084510803,135.0000000000,0.040000
821,18223,-11.4084510803,137.5000000000,0.010000
822,18509,-11.4084510803,142.5000000000,0.270000
823,5926,-10.1408452988,-77.5000000000,0.780000
824,6069,-10.1408452988,-75.0000000000,1.000000
825,6212,-10.1408452988,-72.5000000000,1.000000
826,6355,-10.1408452988,-70.0000000000,1.000000
827,6498,-10.1408452988,-67.5000000000,1.000000
828,6641,-10.1408452988,-65.0000000000,1.000000
829,6784,-10.1408452988,-62.5000000000,1.000000
830,6927,-10.1408452988,-60.0000000000,1.000000
831,7070,-10.1408452988,-57.5000000000,1.000000
832,7213,-10.1408452988,-55.0000000000,1.000000
833,7356,-10.1408452988,-52.5000000000,1.000000
834,7499,-10.1408452988,-50.0000000000,1.000000
835,7642,-10.1408452988,-47.5000000000,1.000000
836,7785,-10.1408452988,-45.0000000000,1.000000
837,7928,-10.1408452988,-42.5000000000,1.000000
838,8071,-10.1408452988,-40.0000000000,1.000000
839,8214,-10.1408452988,-37.5000000000,0.960000
840,8357,-10.1408452988,-35.0000000000,0.090000
841,11074,-10.1408452988,12.5000000000,0.180000
842,11217,-10.1408452988,15.0000000000,1.000000
843,11360,-10.1408452988,17.5000000000,1.000000
844,11503,-10.1408452988,20.0000000000,1.000000
845,11646,-10.1408452988,22.5000000000,1.000000
846,11789,-10.1408452988,25.0000000000,1.000000
847,11932,-10.1408452988,27.5000000000,1.000000
848,12075,-10.1408452988,30.0000000000,1.000000
849,12218,-10.1408452988,32.5000000000,1.000000
850,12361,-10.1408452988,35.0000000000,1.000000
851,12504,-10.1408452988,37.5000000000,1.000000
852,12647,-10.1408452988,40.0000000000,0.540000
853,17223,-10.1408452988,120.0000000000,0.230000
854,17366,-10.1408452988,122.5000000000,0.050000
855,17509,-10.1408452988,125.0000000000,0.210000
856,18796,-10.1408452988,147.5000000000,0.250000
857,18939,-10.1408452988,150.0000000000,0.430000
858,19511,-10.1408452988,160.0000000000,0.110000
859,19654,-10.1408452988,162.5000000000,0.100000
860,5784,-8.8732395172,-80.0000000000,0.040000
861,5927,-8.8732395172,-77.5000000000,0.980000
862,6070,-8.8732395172,-75.0000000000,1.000000
863,6213,-8.8732395172,-72.5000000000,1.000000
864,6356,-8.8732395172,-70.0000000000,1.000000
865,6499,-8.8732395172,-67.5000000000,1.000000
866,6642,-8.8732395172,-65.0000000000,1.000000
867,6785,-8.8732395172,-62.5000000000,1.000000
868,6928,-8.8732395172,-60.0000000000,1.000000
869,7071,-8.8732395172,-57.5000000000,1.000000
870,7214,-8.8732395172,-55.0000000000,1.000000
871,7357,-8.8732395172,-52.5000000000,1.000000
872,7500,-8.8732395172,-50.0000000000,1.000000
873,7643,-8.8732395172,-47.5000000000,1.000000
874,7786,-8.8732395172,-45.0000000000,1.000000
875,7929,-8.8732395172,-42.5000000000,1.000000
876,8072,-8.8732395172,-40.0000000000,1.000000
877,8215,-8.8732395172,-37.5000000000,1.000000
878,8358,-8.8732395172,-35.0000000000,0.440000
879,11075,-8.8732395172,12.5000000000,0.260000
880,11218,-8.8732395172,15.0000000000,1.000000
881,11361,-8.8732395172,17.5000000000,1.000000
882,11504,-8.8732395172,20.0000000000,1.000000
883,11647,-8.8732395172,22.5000000000,1.000000
884,11790,-8.8732395172,25.0000000000,1.000000
885,11933,-8.8732395172,27.5000000000,1.000000
886,12076,-8.8732395172,30.0000000000,1.000000
887,12219,-8.8732395172,32.5000000000,1.000000
888,12362,-8.8732395172,35.0000000000,1.000000
889,12505,-8.8732395172,37.5000000000,1.000000
890,12648,-8.8732395172,40.0000000000,0.260000
891,13077,-8.8732395172,47.5000000000,0.000000
892,16795,-8.8732395172,112.5000000000,0.090000
893,16938,-8.8732395172,115.0000000000,0.200000
894,17081,-8.8732395172,117.5000000000,0.310000
895,17224,-8.8732395172,120.0000000000,0.260000
896,17367,-8.8732395172,122.5000000000,0.180000
897,17510,-8.8732395172,125.0000000000,0.420000
898,17653,-8.8732395172,127.5000000000,0.120000
899,18225,-8.8732395172,137.5000000000,0.040000
900,18368,-8.8732395172,140.0000000000,0.200000
901,18511,-8.8732395172,142.5000000000,0.620000
902,18797,-8.8732395172,147.5000000000,0.800000
903,18940,-8.8732395172,150.0000000000,0.060000
904,19512,-8.8732395172,160.0000000000,0.160000
905,19655,-8.8732395172,162.5000000000,0.020000
906,5785,-7.6056337357,-80.0000000000,0.330000
907,5928,-7.6056337357,-77.5000000000,1.000000
908,6071,-7.6056337357,-75.0000000000,1.000000
909,6214,-7.6056337357,-72.5000000000,1.000000
910,6357,-7.6056337357,-70.0000000000,1.000000
911,6500,-7.6056337357,-67.5000000000,1.000000
912,6643,-7.6056337357,-65.0000000000,1.000000
913,6786,-7.6056337357,-62.5000000000,1.000000
914,6929,-7.6056337357,-60.0000000000,1.000000
915,7072,-7.6056337357,-57.5000000000,1.000000
916,7215,-7.6056337357,-55.0000000000,1.000000
917,7358,-7.6056337357,-52.5000000000,1.000000
918,7501,-7.6056337357,-50.0000000000,1.000000
919,7644,-7.6056337357,-47.5000000000,1.000000
920,7787,-7.6056337357,-45.0000000000,1.000000
921,7930,-7.6056337357,-42.5000000000,1.000000
922,8073,-7.6056337357,-40.0000000000,1.000000
923,8216,-7.6056337357,-37.5000000000,1.000000
924,8359,-7.6056337357,-35.0000000000,0.580000
925,11076,-7.6056337357,12.5000000000,0.330000
926,11219,-7.6056337357,15.0000000000,1.000000
927,11362,-7.6056337357,17.5000000000,1.000000
928,11505,-7.6056337357,20.0000000000,1.000000
929,11648,-7.6056337357,22.5000000000,1.000000
930,11791,-7.6056337357,25.0000000000,1.000000
931,11934,-7.6056337357,27.5000000000,1.000000
932,12077,-7.6056337357,30.0000000000,1.000000
933,12220,-7.6056337357,32.5000000000,1.000000
934,12363,-7.6056337357,35.0000000000,1.000000
935,12506,-7.6056337357,37.5000000000,1.000000
936,12649,-7.6056337357,40.0000000000,0.230000
937,16510,-7.6056337357,107.5000000000,0.450000
938,16653,-7.6056337357,110.0000000000,0.770000
939,16796,-7.6056337357,112.5000000000,0.810000
940,16939,-7.6056337357,115.0000000000,0.180000
941,17082,-7.6056337357,117.5000000000,0.010000
942,17368,-7.6056337357,122.5000000000,0.010000
943,18226,-7.6056337357,137.5000000000,0.220000
944,18369,-7.6056337357,140.0000000000,0.980000
945,18512,-7.6056337357,142.5000000000,0.990000
946,18655,-7.6056337357,145.0000000000,0.720000
947,18798,-7.6056337357,147.5000000000,0.520000
948,19370,-7.6056337357,157.5000000000,0.090000
949,19513,-7.6056337357,160.0000000000,0.110000
950,5786,-6.3380279541,-80.0000000000,0.800000
951,5929,-6.3380279541,-77.5000000000,1.000000
952,6072,-6.3380279541,-75.0000000000,1.000000
953,6215,-6.3380279541,-72.5000000000,1.000000
954,6358,-6.3380279541,-70.0000000000,1.000000
955,6501,-6.3380279541,-67.5000000000,1.000000
956,6644,-6.3380279541,-65.0000000000,1.000000
957,6787,-6.3380279541,-62.5000000000,1.000000
958,6930,-6.3380279541,-60.0000000000,1.000000
959,7073,-6.3380279541,-57.5000000000,1.000000
960,7216,-6.3380279541,-55.0000000000,1.000000
961,7359,-6.3380279541,-52.5000000000,1.000000
962,7502,-6.3380279541,-50.0000000000,1.000000
963,7645,-6.3380279541,-47.5000000000,1.000000
964,7788,-6.3380279541,-45.0000000000,1.000000
965,7931,-6.3380279541,-42.5000000000,1.000000
966,8074,-6.3380279541,-40.0000000000,1.000000
967,8217,-6.3380279541,-37.5000000000,1.000000
968,8360,-6.3380279541,-35.0000000000,0.500000
969,11077,-6.3380279541,12.5000000000,0.550000
970,11220,-6.3380279541,15.0000000000,1.000000
971,11363,-6.3380279541,17.5000000000,1.000000
972,11506,-6.3380279541,20.0000000000,1.000000
973,11649,-6.3380279541,22.5000000000,1.000000
974,11792,-6.3380279541,25.0000000000,1.000000
975,11935,-6.3380279541,27.5000000000,1.000000
976,12078,-6.3380279541,30.0000000000,1.000000
977,12221,-6.3380279541,32.5000000000,1.000000
978,12364,-6.3380279541,35.0000000000,1.000000
979,12507,-6.3380279541,37.5000000000,1.000000
980,12650,-6.3380279541,40.0000000000,0.070000
981,16368,-6.3380279541,105.0000000000,0.220000
982,16511,-6.3380279541,107.5000000000,0.640000
983,16654,-6.3380279541,110.0000000000,0.160000
984,16797,-6.3380279541,112.5000000000,0.090000
985,18084,-6.3380279541,135.0000000000,0.140000
986,18227,-6.3380279541,137.5000000000,0.140000
987,18370,-6.3380279541,140.0000000000,1.000000
988,18513,-6.3380279541,142.5000000000,1.000000
989,18656,-6.3380279541,145.0000000000,1.000000
990,18799,-6.3380279541,147.5000000000,0.490000
991,18942,-6.3380279541,150.0000000000,0.360000
992,19228,-6.3380279541,155.0000000000,0.240000
993,19371,-6.3380279541,157.5000000000,0.020000
994,5644,-5.0704226494,-82.5000000000,0.010000
995,5787,-5.0704226494,-80.0000000000,0.970000
996,5930,-5.0704226494,-77.5000000000,1.000000
997,6073,-5.0704226494,-75.0000000000,1.000000
998,6216,-5.0704226494,-72.5000000000,1.000000
999,6359,-5.0704226494,-70.0000000000,1.000000
1000,6502,-5.0704226494,-67.5000000000,1.000000
1001,6645,-5.0704226494,-65.0000000000,1.000000
1002,6788,-5.0704226494,-62.5000000000,1.000000
1003,6931,-5.0704226494,-60.0000000000,1.000000
1004,7074,-5.0704226494,-57.5000000000,1.000000
1005,7217,-5.0704226494,-55.0000000000,1.000000
1006,7360,-5.0704226494,-52.5000000000,1.000000
1007,7503,-5.0704226494,-50.0000000000,1.000000
1008,7646,-5.0704226494,-47.5000000000,1.000000
1009,7789,-5.0704226494,-45.0000000000,1.000000
1010,7932,-5.0704226494,-42.5000000000,1.000000
1011,8075,-5.0704226494,-40.0000000000,1.000000
1012,8218,-5.0704226494,-37.5000000000,0.810000
1013,8361,-5.0704226494,-35.0000000000,0.160000
1014,11078,-5.0704226494,12.5000000000,0.750000
1015,11221,-5.0704226494,15.0000000000,1.000000
1016,11364,-5.0704226494,17.5000000000,1.000000
1017,11507,-5.0704226494,20.0000000000,1.000000
1018,11650,-5.0704226494,22.5000000000,1.000000
1019,11793,-5.0704226494,25.0000000000,1.000000
1020,11936,-5.0704226494,27.5000000000,1.000000
1021,12079,-5.0704226494,30.0000000000,1.000000
1022,12222,-5.0704226494,32.5000000000,1.000000
1023,12365,-5.0704226494,35.0000000000,1.000000
1024,12508,-5.0704226494,37.5000000000,1.000000
1025,12651,-5.0704226494,40.0000000000,0.140000
1026,16226,-5.0704226494,102.5000000000,0.070000
1027,16369,-5.0704226494,105.0000000000,0.710000
1028,17227,-5.0704226494,120.0000000000,0.360000
1029,17370,-5.0704226494,122.5000000000,0.340000
1030,18085,-5.0704226494,135.0000000000,0.040000
1031,18228,-5.0704226494,137.5000000000,0.640000
1032,18371,-5.0704226494,140.0000000000,1.000000
1033,18514,-5.0704226494,142.5000000000,1.000000
1034,18657,-5.0704226494,145.0000000000,0.840000
1035,18800,-5.0704226494,147.5000000000,0.040000
1036,18943,-5.0704226494,150.0000000000,0.240000
1037,19086,-5.0704226494,152.5000000000,0.310000
1038,19229,-5.0704226494,155.0000000000,0.060000
1039,5788,-3.8028168678,-80.0000000000,0.820000
1040,5931,-3.8028168678,-77.5000000000,1.000000
1041,6074,-3.8028168678,-75.0000000000,1.000000
1042,6217,-3.8028168678,-72.5000000000,1.000000
1043,6360,-3.8028168678,-70.0000000000,1.000000
1044,6503,-3.8028168678,-67.5000000000,1.000000
1045,6646,-3.8028168678,-65.0000000000,1.000000
1046,6789,-3.8028168678,-62.5000000000,1.000000
1047,6932,-3.8028168678,-60.0000000000,1.000000
1048,7075,-3.8028168678,-57.5000000000,1.000000
1049,7218,-3.8028168678,-55.0000000000,1.000000
1050,7361,-3.8028168678,-52.5000000000,1.000000
1051,7504,-3.8028168678,-50.0000000000,1.000000
1052,7647,-3.8028168678,-47.5000000000,1.000000
1053,7790,-3.8028168678,-45.0000000000,1.000000
1054,7933,-3.8028168678,-42.5000000000,1.000000
1055,8076,-3.8028168678,-40.0000000000,0.960000
1056,8219,-3.8028168678,-37.5000000000,0.150000
1057,10936,-3.8028168678,10.0000000000,0.160000
1058,11079,-3.8028168678,12.5000000000,0.990000
1059,11222,-3.8028168678,15.0000000000,1.000000
1060,11365,-3.8028168678,17.5000000000,1.000000
1061,11508,-3.8028168678,20.0000000000,1.000000
1062,11651,-3.8028168678,22.5000000000,1.000000
1063,11794,-3.8028168678,25.0000000000,1.000000
1064,11937,-3.8028168678,27.5000000000,1.000000
1065,12080,-3.8028168678,30.0000000000,1.000000
1066,12223,-3.8028168678,32.5000000000,1.000000
1067,12366,-3.8028168678,35.0000000000,1.000000
1068,12509,-3.8028168678,37.5000000000,1.000000
1069,12652,-3.8028168678,40.0000000000,0.430000
1070,16227,-3.8028168678,102.5000000000,0.580000
1071,16370,-3.8028168678,105.0000000000,0.880000
1072,16799,-3.8028168678,112.5000000000,0.070000
1073,16942,-3.8028168678,115.0000000000,0.460000
1074,17228,-3.8028168678,120.0000000000,0.440000
1075,17371,-3.8028168678,122.5000000000,0.480000
1076,17514,-3.8028168678,125.0000000000,0.020000
1077,17657,-3.8028168678,127.5000000000,0.210000
1078,17800,-3.8028168678,130.0000000000,0.200000
1079,17943,-3.8028168678,132.5000000000,0.230000
1080,18086,-3.8028168678,135.0000000000,0.810000
1081,18229,-3.8028168678,137.5000000000,1.000000
1082,18372,-3.8028168678,140.0000000000,1.000000
1083,18515,-3.8028168678,142.5000000000,0.900000
1084,18658,-3.8028168678,145.0000000000,0.250000
1085,19087,-3.8028168678,152.5000000000,0.230000
1086,5789,-2.5352113247,-80.0000000000,0.630000
1087,5932,-2.5352113247,-77.5000000000,1.000000
1088,6075,-2.5352113247,-75.0000000000,1.000000
1089,6218,-2.5352113247,-72.5000000000,1.000000
1090,6361,-2.5352113247,-70.0000000000,1.000000
1091,6504,-2.5352113247,-67.5000000000,1.000000
1092,6647,-2.5352113247,-65.0000000000,1.000000
1093,6790,-2.5352113247,-62.5000000000,1.000000
1094,6933,-2.5352113247,-60.0000000000,1.000000
1095,7076,-2.5352113247,-57.5000000000,1.000000
1096,7219,-2.5352113247,-55.0000000000,1.000000
1097,7362,-2.5352113247,-52.5000000000,1.000000
1098,7505,-2.5352113247,-50.0000000000,1.000000
1099,7648,-2.5352113247,-47.5000000000,1.000000
1100,7791,-2.5352113247,-45.0000000000,0.840000
1101,7934,-2.5352113247,-42.5000000000,0.410000
1102,8077,-2.5352113247,-40.0000000000,0.130000
1103,10937,-2.5352113247,10.0000000000,0.620000
1104,11080,-2.5352113247,12.5000000000,1.000000
1105,11223,-2.5352113247,15.0000000000,1.000000
1106,11366,-2.5352113247,17.5000000000,1.000000
1107,11509,-2.5352113247,20.0000000000,1.000000
1108,11652,-2.5352113247,22.5000000000,1.000000
1109,11795,-2.5352113247,25.0000000000,1.000000
1110,11938,-2.5352113247,27.5000000000,1.000000
1111,12081,-2.5352113247,30.0000000000,1.000000
1112,12224,-2.5352113247,32.5000000000,1.000000
1113,12367,-2.5352113247,35.0000000000,1.000000
1114,12510,-2.5352113247,37.5000000000,1.000000
1115,12653,-2.5352113247,40.0000000000,0.720000
1116,16085,-2.5352113247,100.0000000000,0.050000
1117,16228,-2.5352113247,102.5000000000,0.960000
1118,16371,-2.5352113247,105.0000000000,0.680000
1119,16657,-2.5352113247,110.0000000000,0.360000
1120,16800,-2.5352113247,112.5000000000,0.980000
1121,16943,-2.5352113247,115.0000000000,1.000000
1122,17086,-2.5352113247,117.5000000000,0.100000
1123,17229,-2.5352113247,120.0000000000,0.810000
1124,17372,-2.5352113247,122.5000000000,0.290000
1125,17658,-2.5352113247,127.5000000000,0.080000
1126,17801,-2.5352113247,130.0000000000,0.150000
1127,17944,-2.5352113247,132.5000000000,0.430000
1128,18087,-2.5352113247,135.0000000000,0.360000
1129,18230,-2.5352113247,137.5000000000,0.940000
1130,18373,-2.5352113247,140.0000000000,0.650000
1131,18516,-2.5352113247,142.5000000000,0.090000
1132,18945,-2.5352113247,150.0000000000,0.050000
1133,19088,-2.5352113247,152.5000000000,0.050000
1134,5790,-1.2676056623,-80.0000000000,0.810000
1135,5933,-1.2676056623,-77.5000000000,1.000000
1136,6076,-1.2676056623,-75.0000000000,1.000000
1137,6219,-1.2676056623,-72.5000000000,1.000000
1138,6362,-1.2676056623,-70.0000000000,1.000000
1139,6505,-1.2676056623,-67.5000000000,1.000000
1140,6648,-1.2676056623,-65.0000000000,1.000000
1141,6791,-1.2676056623,-62.5000000000,1.000000
1142,6934,-1.2676056623,-60.0000000000,1.000000
1143,7077,-1.2676056623,-57.5000000000,1.000000
1144,7220,-1.2676056623,-55.0000000000,1.000000
1145,7363,-1.2676056623,-52.5000000000,1.000000
1146,7506,-1.2676056623,-50.0000000000,1.000000
1147,7649,-1.2676056623,-47.5000000000,0.860000
1148,7792,-1.2676056623,-45.0000000000,0.260000
1149,10938,-1.2676056623,10.0000000000,0.920000
1150,11081,-1.2676056623,12.5000000000,1.000000
1151,11224,-1.2676056623,15.0000000000,1.000000
1152,11367,-1.2676056623,17.5000000000,1.000000
1153,11510,-1.2676056623,20.0000000000,1.000000
1154,11653,-1.2676056623,22.5000000000,1.000000
1155,11796,-1.2676056623,25.0000000000,1.000000
1156,11939,-1.2676056623,27.5000000000,1.000000
1157,12082,-1.2676056623,30.0000000000,1.000000
1158,12225,-1.2676056623,32.5000000000,1.000000
1159,12368,-1.2676056623,35.0000000000,1.000000
1160,12511,-1.2676056623,37.5000000000,1.000000
1161,12654,-1.2676056623,40.0000000000,1.000000
1162,12797,-1.2676056623,42.5000000000,0.240000
1163,16086,-1.2676056623,100.0000000000,0.310000
1164,16229,-1.2676056623,102.5000000000,0.980000
1165,16372,-1.2676056623,105.0000000000,0.200000
1166,16658,-1.2676056623,110.0000000000,0.660000
1167,16801,-1.2676056623,112.5000000000,1.000000
1168,16944,-1.2676056623,115.0000000000,1.000000
1169,17087,-1.2676056623,117.5000000000,0.270000
1170,17230,-1.2676056623,120.0000000000,0.590000
1171,17373,-1.2676056623,122.5000000000,0.410000
1172,17659,-1.2676056623,127.5000000000,0.020000
1173,17802,-1.2676056623,130.0000000000,0.100000
1174,17945,-1.2676056623,132.5000000000,0.900000
1175,18088,-1.2676056623,135.0000000000,0.150000
1176,18231,-1.2676056623,137.5000000000,0.090000
1177,5791,0.0000000000,-80.0000000000,0.590000
1178,5934,0.0000000000,-77.5000000000,1.000000
1179,6077,0.0000000000,-75.0000000000,1.000000
1180,6220,0.0000000000,-72.5000000000,1.000000
1181,6363,0.0000000000,-70.0000000000,1.000000
1182,6506,0.0000000000,-67.5000000000,1.000000
1183,6649,0.0000000000,-65.0000000000,1.000000
1184,6792,0.0000000000,-62.5000000000,1.000000
1185,6935,0.0000000000,-60.0000000000,1.000000
1186,7078,0.0000000000,-57.5000000000,1.000000
1187,7221,0.0000000000,-55.0000000000,1.000000
1188,7364,0.0000000000,-52.5000000000,1.000000
1189,7507,0.0000000000,-50.0000000000,0.550000
1190,7650,0.0000000000,-47.5000000000,0.030000
1191,10939,0.0000000000,10.0000000000,0.830000
1192,11082,0.0000000000,12.5000000000,1.000000
1193,11225,0.0000000000,15.0000000000,1.000000
1194,11368,0.0000000000,17.5000000000,1.000000
1195,11511,0.0000000000,20.0000000000,1.000000
1196,11654,0.0000000000,22.5000000000,1.000000
1197,11797,0.0000000000,25.0000000000,1.000000
1198,11940,0.0000000000,27.5000000000,1.000000
1199,12083,0.0000000000,30.0000000000,1.000000
1200,12226,0.0000000000,32.5000000000,1.000000
1201,12369,0.0000000000,35.0000000000,1.000000
1202,12512,0.0000000000,37.5000000000,1.000000
1203,12655,0.0000000000,40.0000000000,1.000000
1204,12798,0.0000000000,42.5000000000,0.650000
1205,16087,0.0000000000,100.0000000000,0.680000
1206,16230,0.0000000000,102.5000000000,0.920000
1207,16659,0.0000000000,110.0000000000,0.890000
1208,16802,0.0000000000,112.5000000000,1.000000
1209,16945,0.0000000000,115.0000000000,1.000000
1210,17088,0.0000000000,117.5000000000,0.520000
1211,17231,0.0000000000,120.0000000000,0.240000
1212,17374,0.0000000000,122.5000000000,0.220000
1213,17517,0.0000000000,125.0000000000,0.070000
1214,17660,0.0000000000,127.5000000000,0.230000
1215,17946,0.0000000000,132.5000000000,0.070000
1216,5792,1.2676056623,-80.0000000000,0.230000
1217,5935,1.2676056623,-77.5000000000,0.990000
1218,6078,1.2676056623,-75.0000000000,1.000000
1219,6221,1.2676056623,-72.5000000000,1.000000
1220,6364,1.2676056623,-70.0000000000,1.000000
1221,6507,1.2676056623,-67.5000000000,1.000000
1222,6650,1.2676056623,-65.0000000000,1.000000
1223,6793,1.2676056623,-62.5000000000,1.000000
1224,6936,1.2676056623,-60.0000000000,1.000000
1225,7079,1.2676056623,-57.5000000000,1.000000
1226,7222,1.2676056623,-55.0000000000,1.000000
1227,7365,1.2676056623,-52.5000000000,1.000000
1228,7508,1.2676056623,-50.0000000000,0.470000
1229,10940,1.2676056623,10.0000000000,0.720000
1230,11083,1.2676056623,12.5000000000,1.000000
1231,11226,1.2676056623,15.0000000000,1.000000
1232,11369,1.2676056623,17.5000000000,1.000000
1233,11512,1.2676056623,20.0000000000,1.000000
1234,11655,1.2676056623,22.5000000000,1.000000
1235,11798,1.2676056623,25.0000000000,1.000000
1236,11941,1.2676056623,27.5000000000,1.000000
1237,12084,1.2676056623,30.0000000000,1.000000
1238,12227,1.2676056623,32.5000000000,1.000000
1239,12370,1.2676056623,35.0000000000,1.000000
1240,12513,1.2676056623,37.5000000000,1.000000
1241,12656,1.2676056623,40.0000000000,1.000000
1242,12799,1.2676056623,42.5000000000,1.000000
1243,12942,1.2676056623,45.0000000000,0.260000
1244,15945,1.2676056623,97.5000000000,0.010000
1245,16088,1.2676056623,100.0000000000,0.950000
1246,16231,1.2676056623,102.5000000000,0.650000
1247,16374,1.2676056623,105.0000000000,0.100000
1248,16660,1.2676056623,110.0000000000,0.790000
1249,16803,1.2676056623,112.5000000000,1.000000
1250,16946,1.2676056623,115.0000000000,1.000000
1251,17089,1.2676056623,117.5000000000,0.830000
1252,17232,1.2676056623,120.0000000000,0.170000
1253,17375,1.2676056623,122.5000000000,0.250000
1254,17518,1.2676056623,125.0000000000,0.200000
1255,17661,1.2676056623,127.5000000000,0.400000
1256,5936,2.5352113247,-77.5000000000,0.820000
1257,6079,2.5352113247,-75.0000000000,1.000000
1258,6222,2.5352113247,-72.5000000000,1.000000
1259,6365,2.5352113247,-70.0000000000,1.000000
1260,6508,2.5352113247,-67.5000000000,1.000000
1261,6651,2.5352113247,-65.0000000000,1.000000
1262,6794,2.5352113247,-62.5000000000,1.000000
1263,6937,2.5352113247,-60.0000000000,1.000000
1264,7080,2.5352113247,-57.5000000000,1.000000
1265,7223,2.5352113247,-55.0000000000,1.000000
1266,7366,2.5352113247,-52.5000000000,1.000000
1267,7509,2.5352113247,-50.0000000000,0.220000
1268,10941,2.5352113247,10.0000000000,0.620000
1269,11084,2.5352113247,12.5000000000,1.000000
1270,11227,2.5352113247,15.0000000000,1.000000
1271,11370,2.5352113247,17.5000000000,1.000000
1272,11513,2.5352113247,20.0000000000,1.000000
1273,11656,2.5352113247,22.5000000000,1.000000
1274,11799,2.5352113247,25.0000000000,1.000000
1275,11942,2.5352113247,27.5000000000,1.000000
1276,12085,2.5352113247,30.0000000000,1.000000
1277,12228,2.5352113247,32.5000000000,1.000000
1278,12371,2.5352113247,35.0000000000,1.000000
1279,12514,2.5352113247,37.5000000000,1.000000
1280,12657,2.5352113247,40.0000000000,1.000000
1281,12800,2.5352113247,42.5000000000,1.000000
1282,12943,2.5352113247,45.0000000000,0.900000
1283,13086,2.5352113247,47.5000000000,0.060000
1284,14516,2.5352113247,72.5000000000,0.000000
1285,15946,2.5352113247,97.5000000000,0.400000
1286,16089,2.5352113247,100.0000000000,0.640000
1287,16232,2.5352113247,102.5000000000,0.760000
1288,16375,2.5352113247,105.0000000000,0.040000
1289,16804,2.5352113247,112.5000000000,0.860000
1290,16947,2.5352113247,115.0000000000,1.000000
1291,17090,2.5352113247,117.5000000000,0.620000
1292,17662,2.5352113247,127.5000000000,0.020000
1293,5937,3.8028168678,-77.5000000000,0.460000
1294,6080,3.8028168678,-75.0000000000,1.000000
1295,6223,3.8028168678,-72.5000000000,1.000000
1296,6366,3.8028168678,-70.0000000000,1.000000
1297,6509,3.8028168678,-67.5000000000,1.000000
1298,6652,3.8028168678,-65.0000000000,1.000000
1299,6795,3.8028168678,-62.5000000000,1.000000
1300,6938,3.8028168678,-60.0000000000,1.000000
1301,7081,3.8028168678,-57.5000000000,1.000000
1302,7224,3.8028168678,-55.0000000000,1.000000
1303,7367,3.8028168678,-52.5000000000,0.960000
1304,7510,3.8028168678,-50.0000000000,0.050000
1305,9941,3.8028168678,-7.5000000000,0.020000
1306,10656,3.8028168678,5.0000000000,0.020000
1307,10799,3.8028168678,7.5000000000,0.040000
1308,10942,3.8028168678,10.0000000000,0.810000
1309,11085,3.8028168678,12.5000000000,1.000000
1310,11228,3.8028168678,15.0000000000,1.000000
1311,11371,3.8028168678,17.5000000000,1.000000
1312,11514,3.8028168678,20.0000000000,1.000000
1313,11657,3.8028168678,22.5000000000,1.000000
1314,11800,3.8028168678,25.0000000000,1.000000
1315,11943,3.8028168678,27.5000000000,1.000000
1316,12086,3.8028168678,30.0000000000,1.000000
1317,12229,3.8028168678,32.5000000000,1.000000
1318,12372,3.8028168678,35.0000000000,1.000000
1319,12515,3.8028168678,37.5000000000,1.000000
1320,12658,3.8028168678,40.0000000000,1.000000
1321,12801,3.8028168678,42.5000000000,1.000000
1322,12944,3.8028168678,45.0000000000,1.000000
1323,13087,3.8028168678,47.5000000000,0.450000
1324,15804,3.8028168678,95.0000000000,0.020000
1325,15947,3.8028168678,97.5000000000,0.820000
1326,16090,3.8028168678,100.0000000000,0.250000
1327,16233,3.8028168678,102.5000000000,0.870000
1328,16805,3.8028168678,112.5000000000,0.090000
1329,16948,3.8028168678,115.0000000000,0.970000
1330,17091,3.8028168678,117.5000000000,0.590000
1331,5938,5.0704226494,-77.5000000000,0.460000
1332,6081,5.0704226494,-75.0000000000,1.000000
1333,6224,5.0704226494,-72.5000000000,1.000000
1334,6367,5.0704226494,-70.0000000000,1.000000
1335,6510,5.0704226494,-67.5000000000,1.000000
1336,6653,5.0704226494,-65.0000000000,1.000000
1337,6796,5.0704226494,-62.5000000000,1.000000
1338,6939,5.0704226494,-60.0000000000,1.000000
1339,7082,5.0704226494,-57.5000000000,1.000000
1340,7225,5.0704226494,-55.0000000000,1.000000
1341,7368,5.0704226494,-52.5000000000,0.490000
1342,9799,5.0704226494,-10.0000000000,0.210000
1343,9942,5.0704226494,-7.5000000000,0.910000
1344,10085,5.0704226494,-5.0000000000,0.480000
1345,10228,5.0704226494,-2.5000000000,0.640000
1346,10371,5.0704226494,0.0000000000,0.190000
1347,10657,5.0704226494,5.0000000000,0.380000
1348,10800,5.0704226494,7.5000000000,0.950000
1349,10943,5.0704226494,10.0000000000,1.000000
1350,11086,5.0704226494,12.5000000000,1.000000
1351,11229,5.0704226494,15.0000000000,1.000000
1352,11372,5.0704226494,17.5000000000,1.000000
1353,11515,5.0704226494,20.0000000000,1.000000
1354,11658,5.0704226494,22.5000000000,1.000000
1355,11801,5.0704226494,25.0000000000,1.000000
1356,11944,5.0704226494,27.5000000000,1.000000
1357,12087,5.0704226494,30.0000000000,1.000000
1358,12230,5.0704226494,32.5000000000,1.000000
1359,12373,5.0704226494,35.0000000000,1.000000
1360,12516,5.0704226494,37.5000000000,1.000000
1361,12659,5.0704226494,40.0000000000,1.000000
1362,12802,5.0704226494,42.5000000000,1.000000
1363,12945,5.0704226494,45.0000000000,1.000000
1364,13088,5.0704226494,47.5000000000,0.850000
1365,15805,5.0704226494,95.0000000000,0.260000
1366,15948,5.0704226494,97.5000000000,0.430000
1367,16091,5.0704226494,100.0000000000,0.350000
1368,16234,5.0704226494,102.5000000000,0.790000
1369,16949,5.0704226494,115.0000000000,0.540000
1370,17092,5.0704226494,117.5000000000,0.950000
1371,17235,5.0704226494,120.0000000000,0.080000
1372,17521,5.0704226494,125.0000000000,0.010000
1373,5939,6.3380279541,-77.5000000000,0.490000
1374,6082,6.3380279541,-75.0000000000,1.000000
1375,6225,6.3380279541,-72.5000000000,1.000000
1376,6368,6.3380279541,-70.0000000000,1.000000
1377,6511,6.3380279541,-67.5000000000,1.000000
1378,6654,6.3380279541,-65.0000000000,1.000000
1379,6797,6.3380279541,-62.5000000000,1.000000
1380,6940,6.3380279541,-60.0000000000,1.000000
1381,7083,6.3380279541,-57.5000000000,0.500000
1382,7226,6.3380279541,-55.0000000000,0.150000
1383,9657,6.3380279541,-12.5000000000,0.030000
1384,9800,6.3380279541,-10.0000000000,0.860000
1385,9943,6.3380279541,-7.5000000000,1.000000
1386,10086,6.3380279541,-5.0000000000,1.000000
1387,10229,6.3380279541,-2.5000000000,1.000000
1388,10372,6.3380279541,0.0000000000,0.970000
1389,10515,6.3380279541,2.5000000000,0.640000
1390,10658,6.3380279541,5.0000000000,0.860000
1391,10801,6.3380279541,7.5000000000,1.000000
1392,10944,6.3380279541,10.0000000000,1.000000
1393,11087,6.3380279541,12.5000000000,1.000000
1394,11230,6.3380279541,15.0000000000,1.000000
1395,11373,6.3380279541,17.5000000000,1.000000
1396,11516,6.3380279541,20.0000000000,1.000000
1397,11659,6.3380279541,22.5000000000,1.000000
1398,11802,6.3380279541,25.0000000000,1.000000
1399,11945,6.3380279541,27.5000000000,1.000000
1400,12088,6.3380279541,30.0000000000,1.000000
1401,12231,6.3380279541,32.5000000000,1.000000
1402,12374,6.3380279541,35.0000000000,1.000000
1403,12517,6.3380279541,37.5000000000,1.000000
1404,12660,6.3380279541,40.0000000000,1.000000
1405,12803,6.3380279541,42.5000000000,1.000000
1406,12946,6.3380279541,45.0000000000,1.000000
1407,13089,6.3380279541,47.5000000000,1.000000
1408,13232,6.3380279541,50.0000000000,0.170000
1409,14948,6.3380279541,80.0000000000,0.350000
1410,15091,6.3380279541,82.5000000000,0.090000
1411,16092,6.3380279541,100.0000000000,0.460000
1412,16235,6.3380279541,102.5000000000,0.310000
1413,16950,6.3380279541,115.0000000000,0.040000
1414,17093,6.3380279541,117.5000000000,0.500000
1415,17522,6.3380279541,125.0000000000,0.530000
1416,17665,6.3380279541,127.5000000000,0.020000
1417,5654,7.6056337357,-82.5000000000,0.100000
1418,5797,7.6056337357,-80.0000000000,0.270000
1419,5940,7.6056337357,-77.5000000000,0.760000
1420,6083,7.6056337357,-75.0000000000,1.000000
1421,6226,7.6056337357,-72.5000000000,1.000000
1422,6369,7.6056337357,-70.0000000000,1.000000
1423,6512,7.6056337357,-67.5000000000,1.000000
1424,6655,7.6056337357,-65.0000000000,1.000000
1425,6798,7.6056337357,-62.5000000000,1.000000
1426,6941,7.6056337357,-60.0000000000,0.930000
1427,7084,7.6056337357,-57.5000000000,0.040000
1428,9658,7.6056337357,-12.5000000000,0.580000
1429,9801,7.6056337357,-10.0000000000,1.000000
1430,9944,7.6056337357,-7.5000000000,1.000000
1431,10087,7.6056337357,-5.0000000000,1.000000
1432,10230,7.6056337357,-2.5000000000,1.000000
1433,10373,7.6056337357,0.0000000000,1.000000
1434,10516,7.6056337357,2.5000000000,1.000000
1435,10659,7.6056337357,5.0000000000,1.000000
1436,10802,7.6056337357,7.5000000000,1.000000
1437,10945,7.6056337357,10.0000000000,1.000000
1438,11088,7.6056337357,12.5000000000,1.000000
1439,11231,7.6056337357,15.0000000000,1.000000
1440,11374,7.6056337357,17.5000000000,1.000000
1441,11517,7.6056337357,20.0000000000,1.000000
1442,11660,7.6056337357,22.5000000000,1.000000
1443,11803,7.6056337357,25.0000000000,1.000000
1444,11946,7.6056337357,27.5000000000,1.000000
1445,12089,7.6056337357,30.0000000000,1.000000
1446,12232,7.6056337357,32.5000000000,1.000000
1447,12375,7.6056337357,35.0000000000,1.000000
1448,12518,7.6056337357,37.5000000000,1.000000
1449,12661,7.6056337357,40.0000000000,1.000000
1450,12804,7.6056337357,42.5000000000,1.000000
1451,12947,7.6056337357,45.0000000000,1.000000
1452,13090,7.6056337357,47.5000000000,1.000000
1453,13233,7.6056337357,50.0000000000,0.430000
1454,14806,7.6056337357,77.5000000000,0.030000
1455,14949,7.6056337357,80.0000000000,0.600000
1456,15092,7.6056337357,82.5000000000,0.170000
1457,15950,7.6056337357,97.5000000000,0.030000
1458,16093,7.6056337357,100.0000000000,0.500000
1459,17380,7.6056337357,122.5000000000,0.400000
1460,17523,7.6056337357,125.0000000000,0.900000
1461,17666,7.6056337357,127.5000000000,0.100000
1462,5512,8.8732395172,-85.0000000000,0.030000
1463,5655,8.8732395172,-82.5000000000,0.750000
1464,5798,8.8732395172,-80.0000000000,0.540000
1465,5941,8.8732395172,-77.5000000000,0.550000
1466,6084,8.8732395172,-75.0000000000,0.970000
1467,6227,8.8732395172,-72.5000000000,0.940000
1468,6370,8.8732395172,-70.0000000000,1.000000
1469,6513,8.8732395172,-67.5000000000,1.000000
1470,6656,8.8732395172,-65.0000000000,1.000000
1471,6799,8.8732395172,-62.5000000000,1.000000
1472,6942,8.8732395172,-60.0000000000,0.300000
1473,9659,8.8732395172,-12.5000000000,0.840000
1474,9802,8.8732395172,-10.0000000000,1.000000
1475,9945,8.8732395172,-7.5000000000,1.000000
1476,10088,8.8732395172,-5.0000000000,1.000000
1477,10231,8.8732395172,-2.5000000000,1.000000
1478,10374,8.8732395172,0.0000000000,1.000000
1479,10517,8.8732395172,2.5000000000,1.000000
1480,10660,8.8732395172,5.0000000000,1.000000
1481,10803,8.8732395172,7.5000000000,1.000000
1482,10946,8.8732395172,10.0000000000,1.000000
1483,11089,8.8732395172,12.5000000000,1.000000
1484,11232,8.8732395172,15.0000000000,1.000000
1485,11375,8.8732395172,17.5000000000,1.000000
1486,11518,8.8732395172,20.0000000000,1.000000
1487,11661,8.8732395172,22.5000000000,1.000000
1488,11804,8.8732395172,25.0000000000,1.000000
1489,11947,8.8732395172,27.5000000000,1.000000
1490,12090,8.8732395172,30.0000000000,1.000000
1491,12233,8.8732395172,32.5000000000,1.000000
1492,12376,8.8732395172,35.0000000000,1.000000
1493,12519,8.8732395172,37.5000000000,1.000000
1494,12662,8.8732395172,40.0000000000,1.000000
1495,12805,8.8732395172,42.5000000000,1.000000
1496,12948,8.8732395172,45.0000000000,1.000000
1497,13091,8.8732395172,47.5000000000,1.000000
1498,13234,8.8732395172,50.0000000000,0.660000
1499,14807,8.8732395172,77.5000000000,0.660000
1500,14950,8.8732395172,80.0000000000,0.500000
1501,15093,8.8732395172,82.5000000000,0.010000
1502,15951,8.8732395172,97.5000000000,0.190000
1503,16094,8.8732395172,100.0000000000,0.470000
1504,16380,8.8732395172,105.0000000000,0.230000
1505,17095,8.8732395172,117.5000000000,0.120000
1506,17381,8.8732395172,122.5000000000,0.140000
1507,17524,8.8732395172,125.0000000000,0.530000
1508,17667,8.8732395172,127.5000000000,0.010000
1509,5513,10.1408452988,-85.0000000000,0.680000
1510,5656,10.1408452988,-82.5000000000,0.260000
1511,5799,10.1408452988,-80.0000000000,0.010000
1512,6085,10.1408452988,-75.0000000000,0.730000
1513,6228,10.1408452988,-72.5000000000,0.760000
1514,6371,10.1408452988,-70.0000000000,0.970000
1515,6514,10.1408452988,-67.5000000000,0.870000
1516,6657,10.1408452988,-65.0000000000,0.660000
1517,6800,10.1408452988,-62.5000000000,0.730000
1518,6943,10.1408452988,-60.0000000000,0.060000
1519,9517,10.1408452988,-15.0000000000,0.250000
1520,9660,10.1408452988,-12.5000000000,1.000000
1521,9803,10.1408452988,-10.0000000000,1.000000
1522,9946,10.1408452988,-7.5000000000,1.000000
1523,10089,10.1408452988,-5.0000000000,1.000000
1524,10232,10.1408452988,-2.5000000000,1.000000
1525,10375,10.1408452988,0.0000000000,1.000000
1526,10518,10.1408452988,2.5000000000,1.000000
1527,10661,10.1408452988,5.0000000000,1.000000
1528,10804,10.1408452988,7.5000000000,1.000000
1529,10947,10.1408452988,10.0000000000,1.000000
1530,11090,10.1408452988,12.5000000000,1.000000
1531,11233,10.1408452988,15.0000000000,1.000000
1532,11376,10.1408452988,17.5000000000,1.000000
1533,11519,10.1408452988,20.0000000000,1.000000
1534,11662,10.1408452988,22.5000000000,1.000000
1535,11805,10.1408452988,25.0000000000,1.000000
1536,11948,10.1408452988,27.5000000000,1.000000
1537,12091,10.1408452988,30.0000000000,1.000000
1538,12234,10.1408452988,32.5000000000,1.000000
1539,12377,10.1408452988,35.0000000000,1.000000
1540,12520,10.1408452988,37.5000000000,1.000000
1541,12663,10.1408452988,40.0000000000,1.000000
1542,12806,10.1408452988,42.5000000000,1.000000
1543,12949,10.1408452988,45.0000000000,0.840000
1544,13092,10.1408452988,47.5000000000,1.000000
1545,13235,10.1408452988,50.0000000000,0.830000
1546,14665,10.1408452988,75.0000000000,0.040000
1547,14808,10.1408452988,77.5000000000,1.000000
1548,14951,10.1408452988,80.0000000000,0.270000
1549,15952,10.1408452988,97.5000000000,0.100000
1550,16095,10.1408452988,100.0000000000,0.220000
1551,16238,10.1408452988,102.5000000000,0.010000
1552,16381,10.1408452988,105.0000000000,0.670000
1553,16524,10.1408452988,107.5000000000,0.320000
1554,17096,10.1408452988,117.5000000000,0.050000
1555,17239,10.1408452988,120.0000000000,0.140000
1556,17382,10.1408452988,122.5000000000,0.390000
1557,17525,10.1408452988,125.0000000000,0.150000
1558,5371,11.4084510803,-87.5000000000,0.040000
1559,5514,11.4084510803,-85.0000000000,0.910000
1560,5657,11.4084510803,-82.5000000000,0.010000
1561,6086,11.4084510803,-75.0000000000,0.170000
1562,6229,11.4084510803,-72.5000000000,0.670000
1563,6372,11.4084510803,-70.0000000000,0.540000
1564,6515,11.4084510803,-67.5000000000,0.060000
1565,6944,11.4084510803,-60.0000000000,0.010000
1566,9518,11.4084510803,-15.0000000000,0.760000
1567,9661,11.4084510803,-12.5000000000,1.000000
1568,9804,11.4084510803,-10.0000000000,1.000000
1569,9947,11.4084510803,-7.5000000000,1.000000
1570,10090,11.4084510803,-5.0000000000,1.000000
1571,10233,11.4084510803,-2.5000000000,1.000000
1572,10376,11.4084510803,0.0000000000,1.000000
1573,10519,11.4084510803,2.5000000000,1.000000
1574,10662,11.4084510803,5.0000000000,1.000000
1575,10805,11.4084510803,7.5000000000,1.000000
1576,10948,11.4084510803,10.0000000000,1.000000
1577,11091,11.4084510803,12.5000000000,1.000000
1578,11234,11.4084510803,15.0000000000,1.000000
1579,11377,11.4084510803,17.5000000000,1.000000
1580,11520,11.4084510803,20.0000000000,1.000000
1581,11663,11.4084510803,22.5000000000,1.000000
1582,11806,11.4084510803,25.0000000000,1.000000
1583,11949,11.4084510803,27.5000000000,1.000000
1584,12092,11.4084510803,30.0000000000,1.000000
1585,12235,11.4084510803,32.5000000000,1.000000
1586,12378,11.4084510803,35.0000000000,1.000000
1587,12521,11.4084510803,37.5000000000,1.000000
1588,12664,11.4084510803,40.0000000000,1.000000
1589,12807,11.4084510803,42.5000000000,0.810000
1590,13093,11.4084510803,47.5000000000,0.250000
1591,13236,11.4084510803,50.0000000000,0.640000
1592,14666,11.4084510803,75.0000000000,0.240000
1593,14809,11.4084510803,77.5000000000,1.000000
1594,14952,11.4084510803,80.0000000000,0.400000
1595,15953,11.4084510803,97.5000000000,0.060000
1596,16096,11.4084510803,100.0000000000,0.370000
1597,16239,11.4084510803,102.5000000000,0.310000
1598,16382,11.4084510803,105.0000000000,1.000000
1599,16525,11.4084510803,107.5000000000,0.940000
1600,16668,11.4084510803,110.0000000000,0.080000
1601,17240,11.4084510803,120.0000000000,0.040000
1602,17383,11.4084510803,122.5000000000,0.280000
1603,17526,11.4084510803,125.0000000000,0.330000
1604,5372,12.6760559082,-87.5000000000,0.430000
1605,5515,12.6760559082,-85.0000000000,1.000000
1606,5658,12.6760559082,-82.5000000000,0.080000
1607,6230,12.6760559082,-72.5000000000,0.070000
1608,9376,12.6760559082,-17.5000000000,0.190000
1609,9519,12.6760559082,-15.0000000000,1.000000
1610,9662,12.6760559082,-12.5000000000,1.000000
1611,9805,12.6760559082,-10.0000000000,1.000000
1612,9948,12.6760559082,-7.5000000000,1.000000
1613,10091,12.6760559082,-5.0000000000,1.000000
1614,10234,12.6760559082,-2.5000000000,1.000000
1615,10377,12.6760559082,0.0000000000,1.000000
1616,10520,12.6760559082,2.5000000000,1.000000
1617,10663,12.6760559082,5.0000000000,1.000000
1618,10806,12.6760559082,7.5000000000,1.000000
1619,10949,12.6760559082,10.0000000000,1.000000
1620,11092,12.6760559082,12.5000000000,1.000000
1621,11235,12.6760559082,15.0000000000,1.000000
1622,11378,12.6760559082,17.5000000000,1.000000
1623,11521,12.6760559082,20.0000000000,1.000000
1624,11664,12.6760559082,22.5000000000,1.000000
1625,11807,12.6760559082,25.0000000000,1.000000
1626,11950,12.6760559082,27.5000000000,1.000000
1627,12093,12.6760559082,30.0000000000,1.000000
1628,12236,12.6760559082,32.5000000000,1.000000
1629,12379,12.6760559082,35.0000000000,1.000000
1630,12522,12.6760559082,37.5000000000,1.000000
1631,12665,12.6760559082,40.0000000000,1.000000
1632,12808,12.6760559082,42.5000000000,0.750000
1633,12951,12.6760559082,45.0000000000,0.320000
1634,14667,12.6760559082,75.0000000000,0.530000
1635,14810,12.6760559082,77.5000000000,1.000000
1636,14953,12.6760559082,80.0000000000,0.550000
1637,15954,12.6760559082,97.5000000000,0.100000
1638,16097,12.6760559082,100.0000000000,0.560000
1639,16240,12.6760559082,102.5000000000,0.810000
1640,16383,12.6760559082,105.0000000000,1.000000
1641,16526,12.6760559082,107.5000000000,1.000000
1642,16669,12.6760559082,110.0000000000,0.200000
1643,17241,12.6760559082,120.0000000000,0.140000
1644,17384,12.6760559082,122.5000000000,0.130000
1645,17527,12.6760559082,125.0000000000,0.200000
1646,5087,13.9436616898,-92.5000000000,0.120000
1647,5230,13.9436616898,-90.0000000000,0.730000
1648,5373,13.9436616898,-87.5000000000,1.000000
1649,5516,13.9436616898,-85.0000000000,1.000000
1650,5659,13.9436616898,-82.5000000000,0.140000
1651,9377,13.9436616898,-17.5000000000,0.270000
1652,9520,13.9436616898,-15.0000000000,1.000000
1653,9663,13.9436616898,-12.5000000000,1.000000
1654,9806,13.9436616898,-10.0000000000,1.000000
1655,9949,13.9436616898,-7.5000000000,1.000000
1656,10092,13.9436616898,-5.0000000000,1.000000
1657,10235,13.9436616898,-2.5000000000,1.000000
1658,10378,13.9436616898,0.0000000000,1.000000
1659,10521,13.9436616898,2.5000000000,1.000000
1660,10664,13.9436616898,5.0000000000,1.000000
1661,10807,13.9436616898,7.5000000000,1.000000
1662,10950,13.9436616898,10.0000000000,1.000000
1663,11093,13.9436616898,12.5000000000,1.000000
1664,11236,13.9436616898,15.0000000000,1.000000
1665,11379,13.9436616898,17.5000000000,1.000000
1666,11522,13.9436616898,20.0000000000,1.000000
1667,11665,13.9436616898,22.5000000000,1.000000
1668,11808,13.9436616898,25.0000000000,1.000000
1669,11951,13.9436616898,27.5000000000,1.000000
1670,12094,13.9436616898,30.0000000000,1.000000
1671,12237,13.9436616898,32.5000000000,1.000000
1672,12380,13.9436616898,35.0000000000,1.000000
1673,12523,13.9436616898,37.5000000000,1.000000
1674,12666,13.9436616898,40.0000000000,1.000000
1675,12809,13.9436616898,42.5000000000,0.450000
1676,12952,13.9436616898,45.0000000000,1.000000
1677,13095,13.9436616898,47.5000000000,0.690000
1678,13238,13.9436616898,50.0000000000,0.050000
1679,14668,13.9436616898,75.0000000000,0.650000
1680,14811,13.9436616898,77.5000000000,1.000000
1681,14954,13.9436616898,80.0000000000,0.590000
1682,15955,13.9436616898,97.5000000000,0.290000
1683,16098,13.9436616898,100.0000000000,0.960000
1684,16241,13.9436616898,102.5000000000,1.000000
1685,16384,13.9436616898,105.0000000000,1.000000
1686,16527,13.9436616898,107.5000000000,1.000000
1687,16670,13.9436616898,110.0000000000,0.180000
1688,17242,13.9436616898,120.0000000000,0.160000
1689,17385,13.9436616898,122.5000000000,0.600000
1690,17528,13.9436616898,125.0000000000,0.040000
1691,4802,15.2112674713,-97.5000000000,0.030000
1692,4945,15.2112674713,-95.0000000000,0.010000
1693,5088,15.2112674713,-92.5000000000,0.670000
1694,5231,15.2112674713,-90.0000000000,1.000000
1695,5374,15.2112674713,-87.5000000000,0.960000
1696,5517,15.2112674713,-85.0000000000,0.960000
1697,5660,15.2112674713,-82.5000000000,0.110000
1698,9378,15.2112674713,-17.5000000000,0.310000
1699,9521,15.2112674713,-15.0000000000,1.000000
1700,9664,15.2112674713,-12.5000000000,1.000000
1701,9807,15.2112674713,-10.0000000000,1.000000
1702,9950,15.2112674713,-7.5000000000,1.000000
1703,10093,15.2112674713,-5.0000000000,1.000000
1704,10236,15.2112674713,-2.5000000000,1.000000
1705,10379,15.2112674713,0.0000000000,1.000000
1706,10522,15.2112674713,2.5000000000,1.000000
1707,10665,15.2112674713,5.0000000000,1.000000
1708,10808,15.2112674713,7.5000000000,1.000000
1709,10951,15.2112674713,10.0000000000,1.000000
1710,11094,15.2112674713,12.5000000000,1.000000
1711,11237,15.2112674713,15.0000000000,1.000000
1712,11380,15.2112674713,17.5000000000,1.000000
1713,11523,15.2112674713,20.0000000000,1.000000
1714,11666,15.2112674713,22.5000000000,1.000000
1715,11809,15.2112674713,25.0000000000,1.000000
1716,11952,15.2112674713,27.5000000000,1.000000
1717,12095,15.2112674713,30.0000000000,1.000000
1718,12238,15.2112674713,32.5000000000,1.000000
1719,12381,15.2112674713,35.0000000000,1.000000
1720,12524,15.2112674713,37.5000000000,1.000000
1721,12667,15.2112674713,40.0000000000,0.560000
1722,12810,15.2112674713,42.5000000000,0.380000
1723,12953,15.2112674713,45.0000000000,1.000000
1724,13096,15.2112674713,47.5000000000,1.000000
1725,13239,15.2112674713,50.0000000000,0.800000
1726,13382,15.2112674713,52.5000000000,0.140000
1727,14669,15.2112674713,75.0000000000,0.880000
1728,14812,15.2112674713,77.5000000000,1.000000
1729,14955,15.2112674713,80.0000000000,0.540000
1730,15813,15.2112674713,95.0000000000,0.020000
1731,15956,15.2112674713,97.5000000000,0.400000
1732,16099,15.2112674713,100.0000000000,1.000000
1733,16242,15.2112674713,102.5000000000,1.000000
1734,16385,15.2112674713,105.0000000000,1.000000
1735,16528,15.2112674713,107.5000000000,0.980000
1736,16671,15.2112674713,110.0000000000,0.060000
1737,17243,15.2112674713,120.0000000000,0.470000
1738,17386,15.2112674713,122.5000000000,0.120000
1739,4660,16.4788722992,-100.0000000000,0.220000
1740,4803,16.4788722992,-97.5000000000,0.860000
1741,4946,16.4788722992,-95.0000000000,0.850000
1742,5089,16.4788722992,-92.5000000000,1.000000
1743,5232,16.4788722992,-90.0000000000,0.990000
1744,5375,16.4788722992,-87.5000000000,0.120000
1745,5518,16.4788722992,-85.0000000000,0.040000
1746,8950,16.4788722992,-25.0000000000,0.000000
1747,9379,16.4788722992,-17.5000000000,0.090000
1748,9522,16.4788722992,-15.0000000000,1.000000
1749,9665,16.4788722992,-12.5000000000,1.000000
1750,9808,16.4788722992,-10.0000000000,1.000000
1751,9951,16.4788722992,-7.5000000000,1.000000
1752,10094,16.4788722992,-5.0000000000,1.000000
1753,10237,16.4788722992,-2.5000000000,1.000000
1754,10380,16.4788722992,0.0000000000,1.000000
1755,10523,16.4788722992,2.5000000000,1.000000
1756,10666,16.4788722992,5.0000000000,1.000000
1757,10809,16.4788722992,7.5000000000,1.000000
1758,10952,16.4788722992,10.0000000000,1.000000
1759,11095,16.4788722992,12.5000000000,1.000000
1760,11238,16.4788722992,15.0000000000,1.000000
1761,11381,16.4788722992,17.5000000000,1.000000
1762,11524,16.4788722992,20.0000000000,1.000000
1763,11667,16.4788722992,22.5000000000,1.000000
1764,11810,16.4788722992,25.0000000000,1.000000
1765,11953,16.4788722992,27.5000000000,1.000000
1766,12096,16.4788722992,30.0000000000,1.000000
1767,12239,16.4788722992,32.5000000000,1.000000
1768,12382,16.4788722992,35.0000000000,1.000000
1769,12525,16.4788722992,37.5000000000,1.000000
1770,12668,16.4788722992,40.0000000000,0.140000
1771,12811,16.4788722992,42.5000000000,0.430000
1772,12954,16.4788722992,45.0000000000,1.000000
1773,13097,16.4788722992,47.5000000000,1.000000
1774,13240,16.4788722992,50.0000000000,1.000000
1775,13383,16.4788722992,52.5000000000,0.650000
1776,13526,16.4788722992,55.0000000000,0.060000
1777,14527,16.4788722992,72.5000000000,0.130000
1778,14670,16.4788722992,75.0000000000,1.000000
1779,14813,16.4788722992,77.5000000000,1.000000
1780,14956,16.4788722992,80.0000000000,0.960000
1781,15099,16.4788722992,82.5000000000,0.250000
1782,15814,16.4788722992,95.0000000000,0.720000
1783,15957,16.4788722992,97.5000000000,0.710000
1784,16100,16.4788722992,100.0000000000,1.000000
1785,16243,16.4788722992,102.5000000000,1.000000
1786,16386,16.4788722992,105.0000000000,1.000000
1787,16529,16.4788722992,107.5000000000,0.590000
1788,17244,16.4788722992,120.0000000000,0.430000
1789,17387,16.4788722992,122.5000000000,0.390000
1790,4518,17.7464790344,-102.5000000000,0.310000
1791,4661,17.7464790344,-100.0000000000,0.970000
1792,4804,17.7464790344,-97.5000000000,1.000000
1793,4947,17.7464790344,-95.0000000000,0.970000
1794,5090,17.7464790344,-92.5000000000,1.000000
1795,5233,17.7464790344,-90.0000000000,1.000000
1796,5376,17.7464790344,-87.5000000000,0.230000
1797,5948,17.7464790344,-77.5000000000,0.290000
1798,6091,17.7464790344,-75.0000000000,0.060000
1799,6234,17.7464790344,-72.5000000000,0.250000
1800,6377,17.7464790344,-70.0000000000,0.050000
1801,6520,17.7464790344,-67.5000000000,0.130000
1802,6663,17.7464790344,-65.0000000000,0.060000
1803,9523,17.7464790344,-15.0000000000,1.000000
1804,9666,17.7464790344,-12.5000000000,1.000000
1805,9809,17.7464790344,-10.0000000000,1.000000
1806,9952,17.7464790344,-7.5000000000,1.000000
1807,10095,17.7464790344,-5.0000000000,1.000000
1808,10238,17.7464790344,-2.5000000000,1.000000
1809,10381,17.7464790344,0.0000000000,1.000000
1810,10524,17.7464790344,2.5000000000,1.000000
1811,10667,17.7464790344,5.0000000000,1.000000
1812,10810,17.7464790344,7.5000000000,1.000000
1813,10953,17.7464790344,10.0000000000,1.000000
1814,11096,17.7464790344,12.5000000000,1.000000
1815,11239,17.7464790344,15.0000000000,1.000000
1816,11382,17.7464790344,17.5000000000,1.000000
1817,11525,17.7464790344,20.0000000000,1.000000
1818,11668,17.7464790344,22.5000000000,1.000000
1819,11811,17.7464790344,25.0000000000,1.000000
1820,11954,17.7464790344,27.5000000000,1.000000
1821,12097,17.7464790344,30.0000000000,1.000000
1822,12240,17.7464790344,32.5000000000,1.000000
1823,12383,17.7464790344,35.0000000000,1.000000
1824,12526,17.7464790344,37.5000000000,0.900000
1825,12812,17.7464790344,42.5000000000,0.740000
1826,12955,17.7464790344,45.0000000000,1.000000
1827,13098,17.7464790344,47.5000000000,1.000000
1828,13241,17.7464790344,50.0000000000,1.000000
1829,13384,17.7464790344,52.5000000000,1.000000
1830,13527,17.7464790344,55.0000000000,0.770000
1831,13670,17.7464790344,57.5000000000,0.030000
1832,14528,17.7464790344,72.5000000000,0.240000
1833,14671,17.7464790344,75.0000000000,1.000000
1834,14814,17.7464790344,77.5000000000,1.000000
1835,14957,17.7464790344,80.0000000000,1.000000
1836,15100,17.7464790344,82.5000000000,0.790000
1837,15243,17.7464790344,85.0000000000,0.010000
1838,15815,17.7464790344,95.0000000000,0.730000
1839,15958,17.7464790344,97.5000000000,1.000000
1840,16101,17.7464790344,100.0000000000,1.000000
1841,16244,17.7464790344,102.5000000000,1.000000
1842,16387,17.7464790344,105.0000000000,1.000000
1843,16530,17.7464790344,107.5000000000,0.150000
1844,16673,17.7464790344,110.0000000000,0.020000
1845,17245,17.7464790344,120.0000000000,0.310000
1846,17388,17.7464790344,122.5000000000,0.410000
1847,1516,19.0140838623,-155.0000000000,0.190000
1848,4376,19.0140838623,-105.0000000000,0.260000
1849,4519,19.0140838623,-102.5000000000,1.000000
1850,4662,19.0140838623,-100.0000000000,1.000000
1851,4805,19.0140838623,-97.5000000000,0.990000
1852,4948,19.0140838623,-95.0000000000,0.180000
1853,5091,19.0140838623,-92.5000000000,0.180000
1854,5234,19.0140838623,-90.0000000000,0.920000
1855,5377,19.0140838623,-87.5000000000,0.450000
1856,5949,19.0140838623,-77.5000000000,0.040000
1857,6092,19.0140838623,-75.0000000000,0.060000
1858,6235,19.0140838623,-72.5000000000,0.620000
1859,6378,19.0140838623,-70.0000000000,0.830000
1860,6521,19.0140838623,-67.5000000000,0.090000
1861,6664,19.0140838623,-65.0000000000,0.020000
1862,9381,19.0140838623,-17.5000000000,0.010000
1863,9524,19.0140838623,-15.0000000000,1.000000
1864,9667,19.0140838623,-12.5000000000,1.000000
1865,9810,19.0140838623,-10.0000000000,1.000000
1866,9953,19.0140838623,-7.5000000000,1.000000
1867,10096,19.0140838623,-5.0000000000,1.000000
1868,10239,19.0140838623,-2.5000000000,1.000000
1869,10382,19.0140838623,0.0000000000,1.000000
1870,10525,19.0140838623,2.5000000000,1.000000
1871,10668,19.0140838623,5.0000000000,1.000000
1872,10811,19.0140838623,7.5000000000,1.000000
1873,10954,19.0140838623,10.0000000000,1.000000
1874,11097,19.0140838623,12.5000000000,1.000000
1875,11240,19.0140838623,15.0000000000,1.000000
1876,11383,19.0140838623,17.5000000000,1.000000
1877,11526,19.0140838623,20.0000000000,1.000000
1878,11669,19.0140838623,22.5000000000,1.000000
1879,11812,19.0140838623,25.0000000000,1.000000
1880,11955,19.0140838623,27.5000000000,1.000000
1881,12098,19.0140838623,30.0000000000,1.000000
1882,12241,19.0140838623,32.5000000000,1.000000
1883,12384,19.0140838623,35.0000000000,1.000000
1884,12527,19.0140838623,37.5000000000,0.460000
1885,12670,19.0140838623,40.0000000000,0.070000
1886,12813,19.0140838623,42.5000000000,1.000000
1887,12956,19.0140838623,45.0000000000,1.000000
1888,13099,19.0140838623,47.5000000000,1.000000
1889,13242,19.0140838623,50.0000000000,1.000000
1890,13385,19.0140838623,52.5000000000,1.000000
1891,13528,19.0140838623,55.0000000000,1.000000
1892,13671,19.0140838623,57.5000000000,0.430000
1893,14529,19.0140838623,72.5000000000,0.350000
1894,14672,19.0140838623,75.0000000000,1.000000
1895,14815,19.0140838623,77.5000000000,1.000000
1896,14958,19.0140838623,80.0000000000,1.000000
1897,15101,19.0140838623,82.5000000000,1.000000
1898,15244,19.0140838623,85.0000000000,0.350000
1899,15673,19.0140838623,92.5000000000,0.030000
1900,15816,19.0140838623,95.0000000000,0.950000
1901,15959,19.0140838623,97.5000000000,1.000000
1902,16102,19.0140838623,100.0000000000,1.000000
1903,16245,19.0140838623,102.5000000000,1.000000
1904,16388,19.0140838623,105.0000000000,0.830000
1905,16674,19.0140838623,110.0000000000,0.700000
1906,17246,19.0140838623,120.0000000000,0.020000
1907,17389,19.0140838623,122.5000000000,0.010000
1908,1374,20.2816905975,-157.5000000000,0.040000
1909,1517,20.2816905975,-155.0000000000,0.140000
1910,4377,20.2816905975,-105.0000000000,0.710000
1911,4520,20.2816905975,-102.5000000000,1.000000
1912,4663,20.2816905975,-100.0000000000,1.000000
1913,4806,20.2816905975,-97.5000000000,0.750000
1914,5235,20.2816905975,-90.0000000000,0.690000
1915,5378,20.2816905975,-87.5000000000,0.590000
1916,5950,20.2816905975,-77.5000000000,0.420000
1917,6093,20.2816905975,-75.0000000000,0.480000
1918,6236,20.2816905975,-72.5000000000,0.120000
1919,6379,20.2816905975,-70.0000000000,0.050000
1920,9382,20.2816905975,-17.5000000000,0.080000
1921,9525,20.2816905975,-15.0000000000,1.000000
1922,9668,20.2816905975,-12.5000000000,1.000000
1923,9811,20.2816905975,-10.0000000000,1.000000
1924,9954,20.2816905975,-7.5000000000,1.000000
1925,10097,20.2816905975,-5.0000000000,1.000000
1926,10240,20.2816905975,-2.5000000000,1.000000
1927,10383,20.2816905975,0.0000000000,1.000000
1928,10526,20.2816905975,2.5000000000,1.000000
1929,10669,20.2816905975,5.0000000000,1.000000
1930,10812,20.2816905975,7.5000000000,1.000000
1931,10955,20.2816905975,10.0000000000,1.000000
1932,11098,20.2816905975,12.5000000000,1.000000
1933,11241,20.2816905975,15.0000000000,1.000000
1934,11384,20.2816905975,17.5000000000,1.000000
1935,11527,20.2816905975,20.0000000000,1.000000
1936,11670,20.2816905975,22.5000000000,1.000000
1937,11813,20.2816905975,25.0000000000,1.000000
1938,11956,20.2816905975,27.5000000000,1.000000
1939,12099,20.2816905975,30.0000000000,1.000000
1940,12242,20.2816905975,32.5000000000,1.000000
1941,12385,20.2816905975,35.0000000000,1.000000
1942,12528,20.2816905975,37.5000000000,0.310000
1943,12671,20.2816905975,40.0000000000,0.490000
1944,12814,20.2816905975,42.5000000000,1.000000
1945,12957,20.2816905975,45.0000000000,1.000000
1946,13100,20.2816905975,47.5000000000,1.000000
1947,13243,20.2816905975,50.0000000000,1.000000
1948,13386,20.2816905975,52.5000000000,1.000000
1949,13529,20.2816905975,55.0000000000,1.000000
1950,13672,20.2816905975,57.5000000000,0.750000
1951,14387,20.2816905975,70.0000000000,0.030000
1952,14530,20.2816905975,72.5000000000,0.410000
1953,14673,20.2816905975,75.0000000000,1.000000
1954,14816,20.2816905975,77.5000000000,1.000000
1955,14959,20.2816905975,80.0000000000,1.000000
1956,15102,20.2816905975,82.5000000000,1.000000
1957,15245,20.2816905975,85.0000000000,0.940000
1958,15388,20.2816905975,87.5000000000,0.140000
1959,15674,20.2816905975,92.5000000000,0.390000
1960,15817,20.2816905975,95.0000000000,1.000000
1961,15960,20.2816905975,97.5000000000,1.000000
1962,16103,20.2816905975,100.0000000000,1.000000
1963,16246,20.2816905975,102.5000000000,1.000000
1964,16389,20.2816905975,105.0000000000,0.960000
1965,16532,20.2816905975,107.5000000000,0.090000
1966,16675,20.2816905975,110.0000000000,0.350000
1967,1232,21.5492954254,-160.0000000000,0.040000
1968,1375,21.5492954254,-157.5000000000,0.080000
1969,4378,21.5492954254,-105.0000000000,0.670000
1970,4521,21.5492954254,-102.5000000000,1.000000
1971,4664,21.5492954254,-100.0000000000,1.000000
1972,4807,21.5492954254,-97.5000000000,0.500000
1973,5236,21.5492954254,-90.0000000000,0.170000
1974,5379,21.5492954254,-87.5000000000,0.350000
1975,5522,21.5492954254,-85.0000000000,0.070000
1976,5808,21.5492954254,-80.0000000000,0.310000
1977,5951,21.5492954254,-77.5000000000,0.670000
1978,6094,21.5492954254,-75.0000000000,0.050000
1979,9383,21.5492954254,-17.5000000000,0.280000
1980,9526,21.5492954254,-15.0000000000,1.000000
1981,9669,21.5492954254,-12.5000000000,1.000000
1982,9812,21.5492954254,-10.0000000000,1.000000
1983,9955,21.5492954254,-7.5000000000,1.000000
1984,10098,21.5492954254,-5.0000000000,1.000000
1985,10241,21.5492954254,-2.5000000000,1.000000
1986,10384,21.5492954254,0.0000000000,1.000000
1987,10527,21.5492954254,2.5000000000,1.000000
1988,10670,21.5492954254,5.0000000000,1.000000
1989,10813,21.5492954254,7.5000000000,1.000000
1990,10956,21.5492954254,10.0000000000,1.000000
1991,11099,21.5492954254,12.5000000000,1.000000
1992,11242,21.5492954254,15.0000000000,1.000000
1993,11385,21.5492954254,17.5000000000,1.000000
1994,11528,21.5492954254,20.0000000000,1.000000
1995,11671,21.5492954254,22.5000000000,1.000000
1996,11814,21.5492954254,25.0000000000,1.000000
1997,11957,21.5492954254,27.5000000000,1.000000
1998,12100,21.5492954254,30.0000000000,1.000000
1999,12243,21.5492954254,32.5000000000,1.000000
2000,12386,21.5492954254,35.0000000000,1.000000
2001,12529,21.5492954254,37.5000000000,0.300000
2002,12672,21.5492954254,40.0000000000,0.860000
2003,12815,21.5492954254,42.5000000000,1.000000
2004,12958,21.5492954254,45.0000000000,1.000000
2005,13101,21.5492954254,47.5000000000,1.000000
2006,13244,21.5492954254,50.0000000000,1.000000
2007,13387,21.5492954254,52.5000000000,1.000000
2008,13530,21.5492954254,55.0000000000,1.000000
2009,13673,21.5492954254,57.5000000000,1.000000
2010,13816,21.5492954254,60.0000000000,0.210000
2011,14388,21.5492954254,70.0000000000,0.600000
2012,14531,21.5492954254,72.5000000000,0.910000
2013,14674,21.5492954254,75.0000000000,1.000000
2014,14817,21.5492954254,77.5000000000,1.000000
2015,14960,21.5492954254,80.0000000000,1.000000
2016,15103,21.5492954254,82.5000000000,1.000000
2017,15246,21.5492954254,85.0000000000,1.000000
2018,15389,21.5492954254,87.5000000000,0.610000
2019,15532,21.5492954254,90.0000000000,0.130000
2020,15675,21.5492954254,92.5000000000,0.690000
2021,15818,21.5492954254,95.0000000000,1.000000
2022,15961,21.5492954254,97.5000000000,1.000000
2023,16104,21.5492954254,100.0000000000,1.000000
2024,16247,21.5492954254,102.5000000000,1.000000
2025,16390,21.5492954254,105.0000000000,1.000000
2026,16533,21.5492954254,107.5000000000,0.740000
2027,16676,21.5492954254,110.0000000000,0.720000
2028,16819,21.5492954254,112.5000000000,0.290000
2029,4093,22.8169021606,-110.0000000000,0.110000
2030,4236,22.8169021606,-107.5000000000,0.020000
2031,4379,22.8169021606,-105.0000000000,0.910000
2032,4522,22.8169021606,-102.5000000000,1.000000
2033,4665,22.8169021606,-100.0000000000,1.000000
2034,4808,22.8169021606,-97.5000000000,0.400000
2035,5523,22.8169021606,-85.0000000000,0.080000
2036,5666,22.8169021606,-82.5000000000,0.520000
2037,5809,22.8169021606,-80.0000000000,0.490000
2038,5952,22.8169021606,-77.5000000000,0.060000
2039,9384,22.8169021606,-17.5000000000,0.020000
2040,9527,22.8169021606,-15.0000000000,1.000000
2041,9670,22.8169021606,-12.5000000000,1.000000
2042,9813,22.8169021606,-10.0000000000,1.000000
2043,9956,22.8169021606,-7.5000000000,1.000000
2044,10099,22.8169021606,-5.0000000000,1.000000
2045,10242,22.8169021606,-2.5000000000,1.000000
2046,10385,22.8169021606,0.0000000000,1.000000
2047,10528,22.8169021606,2.5000000000,1.000000
2048,10671,22.8169021606,5.0000000000,1.000000
2049,10814,22.8169021606,7.5000000000,1.000000
2050,10957,22.8169021606,10.0000000000,1.000000
2051,11100,22.8169021606,12.5000000000,1.000000
2052,11243,22.8169021606,15.0000000000,1.000000
2053,11386,22.8169021606,17.5000000000,1.000000
2054,11529,22.8169021606,20.0000000000,1.000000
2055,11672,22.8169021606,22.5000000000,1.000000
2056,11815,22.8169021606,25.0000000000,1.000000
2057,11958,22.8169021606,27.5000000000,1.000000
2058,12101,22.8169021606,30.0000000000,1.000000
2059,12244,22.8169021606,32.5000000000,1.000000
2060,12387,22.8169021606,35.0000000000,0.860000
2061,12530,22.8169021606,37.5000000000,0.030000
2062,12673,22.8169021606,40.0000000000,0.940000
2063,12816,22.8169021606,42.5000000000,1.000000
2064,12959,22.8169021606,45.0000000000,1.000000
2065,13102,22.8169021606,47.5000000000,1.000000
2066,13245,22.8169021606,50.0000000000,1.000000
2067,13388,22.8169021606,52.5000000000,1.000000
2068,13531,22.8169021606,55.0000000000,1.000000
2069,13674,22.8169021606,57.5000000000,1.000000
2070,13817,22.8169021606,60.0000000000,0.230000
2071,14246,22.8169021606,67.5000000000,0.010000
2072,14389,22.8169021606,70.0000000000,0.820000
2073,14532,22.8169021606,72.5000000000,1.000000
2074,14675,22.8169021606,75.0000000000,1.000000
2075,14818,22.8169021606,77.5000000000,1.000000
2076,14961,22.8169021606,80.0000000000,1.000000
2077,15104,22.8169021606,82.5000000000,1.000000
2078,15247,22.8169021606,85.0000000000,1.000000
2079,15390,22.8169021606,87.5000000000,1.000000
2080,15533,22.8169021606,90.0000000000,0.850000
2081,15676,22.8169021606,92.5000000000,0.930000
2082,15819,22.8169021606,95.0000000000,1.000000
2083,15962,22.8169021606,97.5000000000,1.000000
2084,16105,22.8169021606,100.0000000000,1.000000
2085,16248,22.8169021606,102.5000000000,1.000000
2086,16391,22.8169021606,105.0000000000,1.000000
2087,16534,22.8169021606,107.5000000000,1.000000
2088,16677,22.8169021606,110.0000000000,1.000000
2089,16820,22.8169021606,112.5000000000,0.980000
2090,16963,22.8169021606,115.0000000000,0.640000
2091,17106,22.8169021606,117.5000000000,0.060000
2092,17249,22.8169021606,120.0000000000,0.330000
2093,17392,22.8169021606,122.5000000000,0.010000
2094,3951,24.0845069885,-112.5000000000,0.060000
2095,4094,24.0845069885,-110.0000000000,0.340000
2096,4237,24.0845069885,-107.5000000000,0.440000
2097,4380,24.0845069885,-105.0000000000,1.000000
2098,4523,24.0845069885,-102.5000000000,1.000000
2099,4666,24.0845069885,-100.0000000000,1.000000
2100,4809,24.0845069885,-97.5000000000,0.410000
2101,5953,24.0845069885,-77.5000000000,0.170000
2102,9528,24.0845069885,-15.0000000000,0.730000
2103,9671,24.0845069885,-12.5000000000,1.000000
2104,9814,24.0845069885,-10.0000000000,1.000000
2105,9957,24.0845069885,-7.5000000000,1.000000
2106,10100,24.0845069885,-5.0000000000,1.000000
2107,10243,24.0845069885,-2.5000000000,1.000000
2108,10386,24.0845069885,0.0000000000,1.000000
2109,10529,24.0845069885,2.5000000000,1.000000
2110,10672,24.0845069885,5.0000000000,1.000000
2111,10815,24.0845069885,7.5000000000,1.000000
2112,10958,24.0845069885,10.0000000000,1.000000
2113,11101,24.0845069885,12.5000000000,1.000000
2114,11244,24.0845069885,15.0000000000,1.000000
2115,11387,24.0845069885,17.5000000000,1.000000
2116,11530,24.0845069885,20.0000000000,1.000000
2117,11673,24.0845069885,22.5000000000,1.000000
2118,11816,24.0845069885,25.0000000000,1.000000
2119,11959,24.0845069885,27.5000000000,1.000000
2120,12102,24.0845069885,30.0000000000,1.000000
2121,12245,24.0845069885,32.5000000000,1.000000
2122,12388,24.0845069885,35.0000000000,0.670000
2123,12531,24.0845069885,37.5000000000,0.340000
2124,12674,24.0845069885,40.0000000000,1.000000
2125,12817,24.0845069885,42.5000000000,1.000000
2126,12960,24.0845069885,45.0000000000,1.000000
2127,13103,24.0845069885,47.5000000000,1.000000
2128,13246,24.0845069885,50.0000000000,1.000000
2129,13389,24.0845069885,52.5000000000,0.600000
2130,13532,24.0845069885,55.0000000000,0.890000
2131,13675,24.0845069885,57.5000000000,0.450000
2132,14247,24.0845069885,67.5000000000,0.460000
2133,14390,24.0845069885,70.0000000000,1.000000
2134,14533,24.0845069885,72.5000000000,1.000000
2135,14676,24.0845069885,75.0000000000,1.000000
2136,14819,24.0845069885,77.5000000000,1.000000
2137,14962,24.0845069885,80.0000000000,1.000000
2138,15105,24.0845069885,82.5000000000,1.000000
2139,15248,24.0845069885,85.0000000000,1.000000
2140,15391,24.0845069885,87.5000000000,1.000000
2141,15534,24.0845069885,90.0000000000,1.000000
2142,15677,24.0845069885,92.5000000000,1.000000
2143,15820,24.0845069885,95.0000000000,1.000000
2144,15963,24.0845069885,97.5000000000,1.000000
2145,16106,24.0845069885,100.0000000000,1.000000
2146,16249,24.0845069885,102.5000000000,1.000000
2147,16392,24.0845069885,105.0000000000,1.000000
2148,16535,24.0845069885,107.5000000000,1.000000
2149,16678,24.0845069885,110.0000000000,1.000000
2150,16821,24.0845069885,112.5000000000,1.000000
2151,16964,24.0845069885,115.0000000000,1.000000
2152,17107,24.0845069885,117.5000000000,0.680000
2153,17250,24.0845069885,120.0000000000,0.330000
2154,17393,24.0845069885,122.5000000000,0.160000
2155,3952,25.3521118164,-112.5000000000,0.400000
2156,4095,25.3521118164,-110.0000000000,0.200000
2157,4238,25.3521118164,-107.5000000000,0.920000
2158,4381,25.3521118164,-105.0000000000,1.000000
2159,4524,25.3521118164,-102.5000000000,1.000000
2160,4667,25.3521118164,-100.0000000000,1.000000
2161,4810,25.3521118164,-97.5000000000,0.550000
2162,5668,25.3521118164,-82.5000000000,0.040000
2163,5811,25.3521118164,-80.0000000000,0.270000
2164,5954,25.3521118164,-77.5000000000,0.070000
2165,9529,25.3521118164,-15.0000000000,0.420000
2166,9672,25.3521118164,-12.5000000000,1.000000
2167,9815,25.3521118164,-10.0000000000,1.000000
2168,9958,25.3521118164,-7.5000000000,1.000000
2169,10101,25.3521118164,-5.0000000000,1.000000
2170,10244,25.3521118164,-2.5000000000,1.000000
2171,10387,25.3521118164,0.0000000000,1.000000
2172,10530,25.3521118164,2.5000000000,1.000000
2173,10673,25.3521118164,5.0000000000,1.000000
2174,10816,25.3521118164,7.5000000000,1.000000
2175,10959,25.3521118164,10.0000000000,1.000000
2176,11102,25.3521118164,12.5000000000,1.000000
2177,11245,25.3521118164,15.0000000000,1.000000
2178,11388,25.3521118164,17.5000000000,1.000000
2179,11531,25.3521118164,20.0000000000,1.000000
2180,11674,25.3521118164,22.5000000000,1.000000
2181,11817,25.3521118164,25.0000000000,1.000000
2182,11960,25.3521118164,27.5000000000,1.000000
2183,12103,25.3521118164,30.0000000000,1.000000
2184,12246,25.3521118164,32.5000000000,1.000000
2185,12389,25.3521118164,35.0000000000,0.350000
2186,12532,25.3521118164,37.5000000000,0.700000
2187,12675,25.3521118164,40.0000000000,1.000000
2188,12818,25.3521118164,42.5000000000,1.000000
2189,12961,25.3521118164,45.0000000000,1.000000
2190,13104,25.3521118164,47.5000000000,1.000000
2191,13247,25.3521118164,50.0000000000,0.860000
2192,13390,25.3521118164,52.5000000000,0.100000
2193,13533,25.3521118164,55.0000000000,0.370000
2194,13676,25.3521118164,57.5000000000,0.180000
2195,13819,25.3521118164,60.0000000000,0.520000
2196,13962,25.3521118164,62.5000000000,0.640000
2197,14105,25.3521118164,65.0000000000,0.550000
2198,14248,25.3521118164,67.5000000000,0.880000
2199,14391,25.3521118164,70.0000000000,1.000000
2200,14534,25.3521118164,72.5000000000,1.000000
2201,14677,25.3521118164,75.0000000000,1.000000
2202,14820,25.3521118164,77.5000000000,1.000000
2203,14963,25.3521118164,80.0000000000,1.000000
2204,15106,25.3521118164,82.5000000000,1.000000
2205,15249,25.3521118164,85.0000000000,1.000000
2206,15392,25.3521118164,87.5000000000,1.000000
2207,15535,25.3521118164,90.0000000000,1.000000
2208,15678,25.3521118164,92.5000000000,1.000000
2209,15821,25.3521118164,95.0000000000,1.000000
2210,15964,25.3521118164,97.5000000000,1.000000
2211,16107,25.3521118164,100.0000000000,1.000000
2212,16250,25.3521118164,102.5000000000,1.000000
2213,16393,25.3521118164,105.0000000000,1.000000
2214,16536,25.3521118164,107.5000000000,1.000000
2215,16679,25.3521118164,110.0000000000,1.000000
2216,16822,25.3521118164,112.5000000000,1.000000
2217,16965,25.3521118164,115.0000000000,1.000000
2218,17108,25.3521118164,117.5000000000,1.000000
2219,17251,25.3521118164,120.0000000000,0.230000
2220,17394,25.3521118164,122.5000000000,0.110000
2221,3810,26.6197185516,-115.0000000000,0.060000
2222,3953,26.6197185516,-112.5000000000,0.600000
2223,4096,26.6197185516,-110.0000000000,0.390000
2224,4239,26.6197185516,-107.5000000000,1.000000
2225,4382,26.6197185516,-105.0000000000,1.000000
2226,4525,26.6197185516,-102.5000000000,1.000000
2227,4668,26.6197185516,-100.0000000000,1.000000
2228,4811,26.6197185516,-97.5000000000,0.570000
2229,5669,26.6197185516,-82.5000000000,0.370000
2230,5812,26.6197185516,-80.0000000000,0.510000
2231,5955,26.6197185516,-77.5000000000,0.180000
2232,9530,26.6197185516,-15.0000000000,0.100000
2233,9673,26.6197185516,-12.5000000000,0.970000
2234,9816,26.6197185516,-10.0000000000,1.000000
2235,9959,26.6197185516,-7.5000000000,1.000000
2236,10102,26.6197185516,-5.0000000000,1.000000
2237,10245,26.6197185516,-2.5000000000,1.000000
2238,10388,26.6197185516,0.0000000000,1.000000
2239,10531,26.6197185516,2.5000000000,1.000000
2240,10674,26.6197185516,5.0000000000,1.000000
2241,10817,26.6197185516,7.5000000000,1.000000
2242,10960,26.6197185516,10.0000000000,1.000000
2243,11103,26.6197185516,12.5000000000,1.000000
2244,11246,26.6197185516,15.0000000000,1.000000
2245,11389,26.6197185516,17.5000000000,1.000000
2246,11532,26.6197185516,20.0000000000,1.000000
2247,11675,26.6197185516,22.5000000000,1.000000
2248,11818,26.6197185516,25.0000000000,1.000000
2249,11961,26.6197185516,27.5000000000,1.000000
2250,12104,26.6197185516,30.0000000000,1.000000
2251,12247,26.6197185516,32.5000000000,0.990000
2252,12390,26.6197185516,35.0000000000,0.110000
2253,12533,26.6197185516,37.5000000000,0.970000
2254,12676,26.6197185516,40.0000000000,1.000000
2255,12819,26.6197185516,42.5000000000,1.000000
2256,12962,26.6197185516,45.0000000000,1.000000
2257,13105,26.6197185516,47.5000000000,1.000000
2258,13248,26.6197185516,50.0000000000,0.520000
2259,13391,26.6197185516,52.5000000000,0.080000
2260,13534,26.6197185516,55.0000000000,0.420000
2261,13677,26.6197185516,57.5000000000,0.730000
2262,13820,26.6197185516,60.0000000000,1.000000
2263,13963,26.6197185516,62.5000000000,1.000000
2264,14106,26.6197185516,65.0000000000,1.000000
2265,14249,26.6197185516,67.5000000000,1.000000
2266,14392,26.6197185516,70.0000000000,1.000000
2267,14535,26.6197185516,72.5000000000,1.000000
2268,14678,26.6197185516,75.0000000000,1.000000
2269,14821,26.6197185516,77.5000000000,1.000000
2270,14964,26.6197185516,80.0000000000,1.000000
2271,15107,26.6197185516,82.5000000000,1.000000
2272,15250,26.6197185516,85.0000000000,1.000000
2273,15393,26.6197185516,87.5000000000,1.000000
2274,15536,26.6197185516,90.0000000000,1.000000
2275,15679,26.6197185516,92.5000000000,1.000000
2276,15822,26.6197185516,95.0000000000,1.000000
2277,15965,26.6197185516,97.5000000000,1.000000
2278,16108,26.6197185516,100.0000000000,1.000000
2279,16251,26.6197185516,102.5000000000,1.000000
2280,16394,26.6197185516,105.0000000000,1.000000
2281,16537,26.6197185516,107.5000000000,1.000000
2282,16680,26.6197185516,110.0000000000,1.000000
2283,16823,26.6197185516,112.5000000000,1.000000
2284,16966,26.6197185516,115.0000000000,1.000000
2285,17109,26.6197185516,117.5000000000,1.000000
2286,17252,26.6197185516,120.0000000000,0.550000
2287,3811,27.8873233795,-115.0000000000,0.310000
2288,3954,27.8873233795,-112.5000000000,0.440000
2289,4097,27.8873233795,-110.0000000000,0.860000
2290,4240,27.8873233795,-107.5000000000,1.000000
2291,4383,27.8873233795,-105.0000000000,1.000000
2292,4526,27.8873233795,-102.5000000000,1.000000
2293,4669,27.8873233795,-100.0000000000,1.000000
2294,4812,27.8873233795,-97.5000000000,0.720000
2295,5670,27.8873233795,-82.5000000000,0.590000
2296,5813,27.8873233795,-80.0000000000,0.330000
2297,9674,27.8873233795,-12.5000000000,0.500000
2298,9817,27.8873233795,-10.0000000000,1.000000
2299,9960,27.8873233795,-7.5000000000,1.000000
2300,10103,27.8873233795,-5.0000000000,1.000000
2301,10246,27.8873233795,-2.5000000000,1.000000
2302,10389,27.8873233795,0.0000000000,1.000000
2303,10532,27.8873233795,2.5000000000,1.000000
2304,10675,27.8873233795,5.0000000000,1.000000
2305,10818,27.8873233795,7.5000000000,1.000000
2306,10961,27.8873233795,10.0000000000,1.000000
2307,11104,27.8873233795,12.5000000000,1.000000
2308,11247,27.8873233795,15.0000000000,1.000000
2309,11390,27.8873233795,17.5000000000,1.000000
2310,11533,27.8873233795,20.0000000000,1.000000
2311,11676,27.8873233795,22.5000000000,1.000000
2312,11819,27.8873233795,25.0000000000,1.000000
2313,11962,27.8873233795,27.5000000000,1.000000
2314,12105,27.8873233795,30.0000000000,1.000000
2315,12248,27.8873233795,32.5000000000,0.880000
2316,12391,27.8873233795,35.0000000000,0.580000
2317,12534,27.8873233795,37.5000000000,1.000000
2318,12677,27.8873233795,40.0000000000,1.000000
2319,12820,27.8873233795,42.5000000000,1.000000
2320,12963,27.8873233795,45.0000000000,1.000000
2321,13106,27.8873233795,47.5000000000,0.970000
2322,13249,27.8873233795,50.0000000000,0.060000
2323,13392,27.8873233795,52.5000000000,0.770000
2324,13535,27.8873233795,55.0000000000,1.000000
2325,13678,27.8873233795,57.5000000000,1.000000
2326,13821,27.8873233795,60.0000000000,1.000000
2327,13964,27.8873233795,62.5000000000,1.000000
2328,14107,27.8873233795,65.0000000000,1.000000
2329,14250,27.8873233795,67.5000000000,1.000000
2330,14393,27.8873233795,70.0000000000,1.000000
2331,14536,27.8873233795,72.5000000000,1.000000
2332,14679,27.8873233795,75.0000000000,1.000000
2333,14822,27.8873233795,77.5000000000,1.000000
2334,14965,27.8873233795,80.0000000000,1.000000
2335,15108,27.8873233795,82.5000000000,1.000000
2336,15251,27.8873233795,85.0000000000,1.000000
2337,15394,27.8873233795,87.5000000000,1.000000
2338,15537,27.8873233795,90.0000000000,1.000000
2339,15680,27.8873233795,92.5000000000,1.000000
2340,15823,27.8873233795,95.0000000000,1.000000
2341,15966,27.8873233795,97.5000000000,1.000000
2342,16109,27.8873233795,100.0000000000,1.000000
2343,16252,27.8873233795,102.5000000000,1.000000
2344,16395,27.8873233795,105.0000000000,1.000000
2345,16538,27.8873233795,107.5000000000,1.000000
2346,16681,27.8873233795,110.0000000000,1.000000
2347,16824,27.8873233795,112.5000000000,1.000000
2348,16967,27.8873233795,115.0000000000,1.000000
2349,17110,27.8873233795,117.5000000000,1.000000
2350,17253,27.8873233795,120.0000000000,0.880000
2351,17396,27.8873233795,122.5000000000,0.050000
2352,3812,29.1549301147,-115.0000000000,0.370000
2353,3955,29.1549301147,-112.5000000000,0.460000
2354,4098,29.1549301147,-110.0000000000,1.000000
2355,4241,29.1549301147,-107.5000000000,1.000000
2356,4384,29.1549301147,-105.0000000000,1.000000
2357,4527,29.1549301147,-102.5000000000,1.000000
2358,4670,29.1549301147,-100.0000000000,1.000000
2359,4813,29.1549301147,-97.5000000000,1.000000
2360,4956,29.1549301147,-95.0000000000,0.490000
2361,5099,29.1549301147,-92.5000000000,0.100000
2362,5242,29.1549301147,-90.0000000000,0.340000
2363,5528,29.1549301147,-85.0000000000,0.010000
2364,5671,29.1549301147,-82.5000000000,0.720000
2365,5814,29.1549301147,-80.0000000000,0.130000
2366,9818,29.1549301147,-10.0000000000,0.690000
2367,9961,29.1549301147,-7.5000000000,1.000000
2368,10104,29.1549301147,-5.0000000000,1.000000
2369,10247,29.1549301147,-2.5000000000,1.000000
2370,10390,29.1549301147,0.0000000000,1.000000
2371,10533,29.1549301147,2.5000000000,1.000000
2372,10676,29.1549301147,5.0000000000,1.000000
2373,10819,29.1549301147,7.5000000000,1.000000
2374,10962,29.1549301147,10.0000000000,1.000000
2375,11105,29.1549301147,12.5000000000,1.000000
2376,11248,29.1549301147,15.0000000000,1.000000
2377,11391,29.1549301147,17.5000000000,1.000000
2378,11534,29.1549301147,20.0000000000,1.000000
2379,11677,29.1549301147,22.5000000000,1.000000
2380,11820,29.1549301147,25.0000000000,1.000000
2381,11963,29.1549301147,27.5000000000,1.000000
2382,12106,29.1549301147,30.0000000000,1.000000
2383,12249,29.1549301147,32.5000000000,0.930000
2384,12392,29.1549301147,35.0000000000,0.940000
2385,12535,29.1549301147,37.5000000000,1.000000
2386,12678,29.1549301147,40.0000000000,1.000000
2387,12821,29.1549301147,42.5000000000,1.000000
2388,12964,29.1549301147,45.0000000000,1.000000
2389,13107,29.1549301147,47.5000000000,0.790000
2390,13250,29.1549301147,50.0000000000,0.230000
2391,13393,29.1549301147,52.5000000000,1.000000
2392,13536,29.1549301147,55.0000000000,1.000000
2393,13679,29.1549301147,57.5000000000,1.000000
2394,13822,29.1549301147,60.0000000000,1.000000
2395,13965,29.1549301147,62.5000000000,1.000000
2396,14108,29.1549301147,65.0000000000,1.000000
2397,14251,29.1549301147,67.5000000000,1.000000
2398,14394,29.1549301147,70.0000000000,1.000000
2399,14537,29.1549301147,72.5000000000,1.000000
2400,14680,29.1549301147,75.0000000000,1.000000
2401,14823,29.1549301147,77.5000000000,1.000000
2402,14966,29.1549301147,80.0000000000,1.000000
2403,15109,29.1549301147,82.5000000000,1.000000
2404,15252,29.1549301147,85.0000000000,1.000000
2405,15395,29.1549301147,87.5000000000,1.000000
2406,15538,29.1549301147,90.0000000000,1.000000
2407,15681,29.1549301147,92.5000000000,1.000000
2408,15824,29.1549301147,95.0000000000,1.000000
2409,15967,29.1549301147,97.5000000000,1.000000
2410,16110,29.1549301147,100.0000000000,1.000000
2411,16253,29.1549301147,102.5000000000,1.000000
2412,16396,29.1549301147,105.0000000000,1.000000
2413,16539,29.1549301147,107.5000000000,1.000000
2414,16682,29.1549301147,110.0000000000,1.000000
2415,16825,29.1549301147,112.5000000000,1.000000
2416,16968,29.1549301147,115.0000000000,1.000000
2417,17111,29.1549301147,117.5000000000,1.000000
2418,17254,29.1549301147,120.0000000000,1.000000
2419,17397,29.1549301147,122.5000000000,0.280000
2420,3813,30.4225349426,-115.0000000000,0.530000
2421,3956,30.4225349426,-112.5000000000,0.700000
2422,4099,30.4225349426,-110.0000000000,1.000000
2423,4242,30.4225349426,-107.5000000000,1.000000
2424,4385,30.4225349426,-105.0000000000,1.000000
2425,4528,30.4225349426,-102.5000000000,1.000000
2426,4671,30.4225349426,-100.0000000000,1.000000
2427,4814,30.4225349426,-97.5000000000,1.000000
2428,4957,30.4225349426,-95.0000000000,1.000000
2429,5100,30.4225349426,-92.5000000000,1.000000
2430,5243,30.4225349426,-90.0000000000,0.880000
2431,5386,30.4225349426,-87.5000000000,0.560000
2432,5529,30.4225349426,-85.0000000000,0.850000
2433,5672,30.4225349426,-82.5000000000,0.940000
2434,9819,30.4225349426,-10.0000000000,0.370000
2435,9962,30.4225349426,-7.5000000000,1.000000
2436,10105,30.4225349426,-5.0000000000,1.000000
2437,10248,30.4225349426,-2.5000000000,1.000000
2438,10391,30.4225349426,0.0000000000,1.000000
2439,10534,30.4225349426,2.5000000000,1.000000
2440,10677,30.4225349426,5.0000000000,1.000000
2441,10820,30.4225349426,7.5000000000,1.000000
2442,10963,30.4225349426,10.0000000000,1.000000
2443,11106,30.4225349426,12.5000000000,1.000000
2444,11249,30.4225349426,15.0000000000,1.000000
2445,11392,30.4225349426,17.5000000000,0.840000
2446,11535,30.4225349426,20.0000000000,0.780000
2447,11678,30.4225349426,22.5000000000,1.000000
2448,11821,30.4225349426,25.0000000000,1.000000
2449,11964,30.4225349426,27.5000000000,0.990000
2450,12107,30.4225349426,30.0000000000,0.980000
2451,12250,30.4225349426,32.5000000000,0.990000
2452,12393,30.4225349426,35.0000000000,1.000000
2453,12536,30.4225349426,37.5000000000,1.000000
2454,12679,30.4225349426,40.0000000000,1.000000
2455,12822,30.4225349426,42.5000000000,1.000000
2456,12965,30.4225349426,45.0000000000,1.000000
2457,13108,30.4225349426,47.5000000000,0.960000
2458,13251,30.4225349426,50.0000000000,0.840000
2459,13394,30.4225349426,52.5000000000,1.000000
2460,13537,30.4225349426,55.0000000000,1.000000
2461,13680,30.4225349426,57.5000000000,1.000000
2462,13823,30.4225349426,60.0000000000,1.000000
2463,13966,30.4225349426,62.5000000000,1.000000
2464,14109,30.4225349426,65.0000000000,1.000000
2465,14252,30.4225349426,67.5000000000,1.000000
2466,14395,30.4225349426,70.0000000000,1.000000
2467,14538,30.4225349426,72.5000000000,1.000000
2468,14681,30.4225349426,75.0000000000,1.000000
2469,14824,30.4225349426,77.5000000000,1.000000
2470,14967,30.4225349426,80.0000000000,1.000000
2471,15110,30.4225349426,82.5000000000,1.000000
2472,15253,30.4225349426,85.0000000000,1.000000
2473,15396,30.4225349426,87.5000000000,1.000000
2474,15539,30.4225349426,90.0000000000,1.000000
2475,15682,30.4225349426,92.5000000000,1.000000
2476,15825,30.4225349426,95.0000000000,1.000000
2477,15968,30.4225349426,97.5000000000,1.000000
2478,16111,30.4225349426,100.0000000000,1.000000
2479,16254,30.4225349426,102.5000000000,1.000000
2480,16397,30.4225349426,105.0000000000,1.000000
2481,16540,30.4225349426,107.5000000000,1.000000
2482,16683,30.4225349426,110.0000000000,1.000000
2483,16826,30.4225349426,112.5000000000,1.000000
2484,16969,30.4225349426,115.0000000000,1.000000
2485,17112,30.4225349426,117.5000000000,1.000000
2486,17255,30.4225349426,120.0000000000,1.000000
2487,17398,30.4225349426,122.5000000000,0.140000
2488,3671,31.6901416779,-117.5000000000,0.200000
2489,3814,31.6901416779,-115.0000000000,0.800000
2490,3957,31.6901416779,-112.5000000000,0.950000
2491,4100,31.6901416779,-110.0000000000,1.000000
2492,4243,31.6901416779,-107.5000000000,1.000000
2493,4386,31.6901416779,-105.0000000000,1.000000
2494,4529,31.6901416779,-102.5000000000,1.000000
2495,4672,31.6901416779,-100.0000000000,1.000000
2496,4815,31.6901416779,-97.5000000000,1.000000
2497,4958,31.6901416779,-95.0000000000,1.000000
2498,5101,31.6901416779,-92.5000000000,1.000000
2499,5244,31.6901416779,-90.0000000000,1.000000
2500,5387,31.6901416779,-87.5000000000,1.000000
2501,5530,31.6901416779,-85.0000000000,1.000000
2502,5673,31.6901416779,-82.5000000000,0.980000
2503,5816,31.6901416779,-80.0000000000,0.080000
2504,6674,31.6901416779,-65.0000000000,0.000000
2505,9820,31.6901416779,-10.0000000000,0.340000
2506,9963,31.6901416779,-7.5000000000,1.000000
2507,10106,31.6901416779,-5.0000000000,1.000000
2508,10249,31.6901416779,-2.5000000000,1.000000
2509,10392,31.6901416779,0.0000000000,1.000000
2510,10535,31.6901416779,2.5000000000,1.000000
2511,10678,31.6901416779,5.0000000000,1.000000
2512,10821,31.6901416779,7.5000000000,1.000000
2513,10964,31.6901416779,10.0000000000,1.000000
2514,11107,31.6901416779,12.5000000000,1.000000
2515,11250,31.6901416779,15.0000000000,0.760000
2516,11393,31.6901416779,17.5000000000,0.020000
2517,11536,31.6901416779,20.0000000000,0.510000
2518,11679,31.6901416779,22.5000000000,0.980000
2519,11822,31.6901416779,25.0000000000,0.560000
2520,11965,31.6901416779,27.5000000000,0.200000
2521,12108,31.6901416779,30.0000000000,0.210000
2522,12251,31.6901416779,32.5000000000,0.090000
2523,12394,31.6901416779,35.0000000000,0.690000
2524,12537,31.6901416779,37.5000000000,1.000000
2525,12680,31.6901416779,40.0000000000,1.000000
2526,12823,31.6901416779,42.5000000000,1.000000
2527,12966,31.6901416779,45.0000000000,1.000000
2528,13109,31.6901416779,47.5000000000,1.000000
2529,13252,31.6901416779,50.0000000000,1.000000
2530,13395,31.6901416779,52.5000000000,1.000000
2531,13538,31.6901416779,55.0000000000,1.000000
2532,13681,31.6901416779,57.5000000000,1.000000
2533,13824,31.6901416779,60.0000000000,1.000000
2534,13967,31.6901416779,62.5000000000,1.000000
2535,14110,31.6901416779,65.0000000000,1.000000
2536,14253,31.6901416779,67.5000000000,1.000000
2537,14396,31.6901416779,70.0000000000,1.000000
2538,14539,31.6901416779,72.5000000000,1.000000
2539,14682,31.6901416779,75.0000000000,1.000000
2540,14825,31.6901416779,77.5000000000,1.000000
2541,14968,31.6901416779,80.0000000000,1.000000
2542,15111,31.6901416779,82.5000000000,1.000000
2543,15254,31.6901416779,85.0000000000,1.000000
2544,15397,31.6901416779,87.5000000000,1.000000
2545,15540,31.6901416779,90.0000000000,1.000000
2546,15683,31.6901416779,92.5000000000,1.000000
2547,15826,31.6901416779,95.0000000000,1.000000
2548,15969,31.6901416779,97.5000000000,1.000000
2549,16112,31.6901416779,100.0000000000,1.000000
2550,16255,31.6901416779,102.5000000000,1.000000
2551,16398,31.6901416779,105.0000000000,1.000000
2552,16541,31.6901416779,107.5000000000,1.000000
2553,16684,31.6901416779,110.0000000000,1.000000
2554,16827,31.6901416779,112.5000000000,1.000000
2555,16970,31.6901416779,115.0000000000,1.000000
2556,17113,31.6901416779,117.5000000000,1.000000
2557,17256,31.6901416779,120.0000000000,1.000000
2558,17399,31.6901416779,122.5000000000,0.230000
2559,17828,31.6901416779,130.0000000000,0.330000
2560,17971,31.6901416779,132.5000000000,0.070000
2561,3672,32.9577445984,-117.5000000000,0.440000
2562,3815,32.9577445984,-115.0000000000,1.000000
2563,3958,32.9577445984,-112.5000000000,1.000000
2564,4101,32.9577445984,-110.0000000000,1.000000
2565,4244,32.9577445984,-107.5000000000,1.000000
2566,4387,32.9577445984,-105.0000000000,1.000000
2567,4530,32.9577445984,-102.5000000000,1.000000
2568,4673,32.9577445984,-100.0000000000,1.000000
2569,4816,32.9577445984,-97.5000000000,1.000000
2570,4959,32.9577445984,-95.0000000000,1.000000
2571,5102,32.9577445984,-92.5000000000,1.000000
2572,5245,32.9577445984,-90.0000000000,1.000000
2573,5388,32.9577445984,-87.5000000000,1.000000
2574,5531,32.9577445984,-85.0000000000,1.000000
2575,5674,32.9577445984,-82.5000000000,1.000000
2576,5817,32.9577445984,-80.0000000000,0.650000
2577,9821,32.9577445984,-10.0000000000,0.080000
2578,9964,32.9577445984,-7.5000000000,0.940000
2579,10107,32.9577445984,-5.0000000000,1.000000
2580,10250,32.9577445984,-2.5000000000,1.000000
2581,10393,32.9577445984,0.0000000000,1.000000
2582,10536,32.9577445984,2.5000000000,1.000000
2583,10679,32.9577445984,5.0000000000,1.000000
2584,10822,32.9577445984,7.5000000000,1.000000
2585,10965,32.9577445984,10.0000000000,0.980000
2586,11108,32.9577445984,12.5000000000,0.480000
2587,11251,32.9577445984,15.0000000000,0.100000
2588,11537,32.9577445984,20.0000000000,0.090000
2589,11680,32.9577445984,22.5000000000,0.240000
2590,12395,32.9577445984,35.0000000000,0.480000
2591,12538,32.9577445984,37.5000000000,1.000000
2592,12681,32.9577445984,40.0000000000,1.000000
2593,12824,32.9577445984,42.5000000000,1.000000
2594,12967,32.9577445984,45.0000000000,1.000000
2595,13110,32.9577445984,47.5000000000,1.000000
2596,13253,32.9577445984,50.0000000000,1.000000
2597,13396,32.9577445984,52.5000000000,1.000000
2598,13539,32.9577445984,55.0000000000,1.000000
2599,13682,32.9577445984,57.5000000000,1.000000
2600,13825,32.9577445984,60.0000000000,1.000000
2601,13968,32.9577445984,62.5000000000,1.000000
2602,14111,32.9577445984,65.0000000000,1.000000
2603,14254,32.9577445984,67.5000000000,1.000000
2604,14397,32.9577445984,70.0000000000,1.000000
2605,14540,32.9577445984,72.5000000000,1.000000
2606,14683,32.9577445984,75.0000000000,1.000000
2607,14826,32.9577445984,77.5000000000,1.000000
2608,14969,32.9577445984,80.0000000000,1.000000
2609,15112,32.9577445984,82.5000000000,1.000000
2610,15255,32.9577445984,85.0000000000,1.000000
2611,15398,32.9577445984,87.5000000000,1.000000
2612,15541,32.9577445984,90.0000000000,1.000000
2613,15684,32.9577445984,92.5000000000,1.000000
2614,15827,32.9577445984,95.0000000000,1.000000
2615,15970,32.9577445984,97.5000000000,1.000000
2616,16113,32.9577445984,100.0000000000,1.000000
2617,16256,32.9577445984,102.5000000000,1.000000
2618,16399,32.9577445984,105.0000000000,1.000000
2619,16542,32.9577445984,107.5000000000,1.000000
2620,16685,32.9577445984,110.0000000000,1.000000
2621,16828,32.9577445984,112.5000000000,1.000000
2622,16971,32.9577445984,115.0000000000,1.000000
2623,17114,32.9577445984,117.5000000000,1.000000
2624,17257,32.9577445984,120.0000000000,0.850000
2625,17829,32.9577445984,130.0000000000,0.590000
2626,17972,32.9577445984,132.5000000000,0.470000
2627,18115,32.9577445984,135.0000000000,0.060000
2628,3530,34.2253532410,-120.0000000000,0.320000
2629,3673,34.2253532410,-117.5000000000,0.940000
2630,3816,34.2253532410,-115.0000000000,1.000000
2631,3959,34.2253532410,-112.5000000000,1.000000
2632,4102,34.2253532410,-110.0000000000,1.000000
2633,4245,34.2253532410,-107.5000000000,1.000000
2634,4388,34.2253532410,-105.0000000000,1.000000
2635,4531,34.2253532410,-102.5000000000,1.000000
2636,4674,34.2253532410,-100.0000000000,1.000000
2637,4817,34.2253532410,-97.5000000000,1.000000
2638,4960,34.2253532410,-95.0000000000,1.000000
2639,5103,34.2253532410,-92.5000000000,1.000000
2640,5246,34.2253532410,-90.0000000000,1.000000
2641,5389,34.2253532410,-87.5000000000,1.000000
2642,5532,34.2253532410,-85.0000000000,1.000000
2643,5675,34.2253532410,-82.5000000000,1.000000
2644,5818,34.2253532410,-80.0000000000,1.000000
2645,5961,34.2253532410,-77.5000000000,0.410000
2646,9965,34.2253532410,-7.5000000000,0.290000
2647,10108,34.2253532410,-5.0000000000,1.000000
2648,10251,34.2253532410,-2.5000000000,1.000000
2649,10394,34.2253532410,0.0000000000,1.000000
2650,10537,34.2253532410,2.5000000000,1.000000
2651,10680,34.2253532410,5.0000000000,1.000000
2652,10823,34.2253532410,7.5000000000,1.000000
2653,10966,34.2253532410,10.0000000000,0.680000
2654,12253,34.2253532410,32.5000000000,0.070000
2655,12396,34.2253532410,35.0000000000,0.220000
2656,12539,34.2253532410,37.5000000000,1.000000
2657,12682,34.2253532410,40.0000000000,1.000000
2658,12825,34.2253532410,42.5000000000,1.000000
2659,12968,34.2253532410,45.0000000000,1.000000
2660,13111,34.2253532410,47.5000000000,1.000000
2661,13254,34.2253532410,50.0000000000,1.000000
2662,13397,34.2253532410,52.5000000000,1.000000
2663,13540,34.2253532410,55.0000000000,1.000000
2664,13683,34.2253532410,57.5000000000,1.000000
2665,13826,34.2253532410,60.0000000000,1.000000
2666,13969,34.2253532410,62.5000000000,1.000000
2667,14112,34.2253532410,65.0000000000,1.000000
2668,14255,34.2253532410,67.5000000000,1.000000
2669,14398,34.2253532410,70.0000000000,1.000000
2670,14541,34.2253532410,72.5000000000,1.000000
2671,14684,34.2253532410,75.0000000000,1.000000
2672,14827,34.2253532410,77.5000000000,1.000000
2673,14970,34.2253532410,80.0000000000,1.000000
2674,15113,34.2253532410,82.5000000000,1.000000
2675,15256,34.2253532410,85.0000000000,1.000000
2676,15399,34.2253532410,87.5000000000,1.000000
2677,15542,34.2253532410,90.0000000000,1.000000
2678,15685,34.2253532410,92.5000000000,1.000000
2679,15828,34.2253532410,95.0000000000,1.000000
2680,15971,34.2253532410,97.5000000000,1.000000
2681,16114,34.2253532410,100.0000000000,1.000000
2682,16257,34.2253532410,102.5000000000,1.000000
2683,16400,34.2253532410,105.0000000000,1.000000
2684,16543,34.2253532410,107.5000000000,1.000000
2685,16686,34.2253532410,110.0000000000,1.000000
2686,16829,34.2253532410,112.5000000000,1.000000
2687,16972,34.2253532410,115.0000000000,1.000000
2688,17115,34.2253532410,117.5000000000,1.000000
2689,17258,34.2253532410,120.0000000000,0.530000
2690,17687,34.2253532410,127.5000000000,0.160000
2691,17830,34.2253532410,130.0000000000,0.140000
2692,17973,34.2253532410,132.5000000000,0.700000
2693,18116,34.2253532410,135.0000000000,0.810000
2694,18259,34.2253532410,137.5000000000,0.320000
2695,18402,34.2253532410,140.0000000000,0.030000
2696,3388,35.4929580688,-122.5000000000,0.020000
2697,3531,35.4929580688,-120.0000000000,0.920000
2698,3674,35.4929580688,-117.5000000000,1.000000
2699,3817,35.4929580688,-115.0000000000,1.000000
2700,3960,35.4929580688,-112.5000000000,1.000000
2701,4103,35.4929580688,-110.0000000000,1.000000
2702,4246,35.4929580688,-107.5000000000,1.000000
2703,4389,35.4929580688,-105.0000000000,1.000000
2704,4532,35.4929580688,-102.5000000000,1.000000
2705,4675,35.4929580688,-100.0000000000,1.000000
2706,4818,35.4929580688,-97.5000000000,1.000000
2707,4961,35.4929580688,-95.0000000000,1.000000
2708,5104,35.4929580688,-92.5000000000,1.000000
2709,5247,35.4929580688,-90.0000000000,1.000000
2710,5390,35.4929580688,-87.5000000000,1.000000
2711,5533,35.4929580688,-85.0000000000,1.000000
2712,5676,35.4929580688,-82.5000000000,1.000000
2713,5819,35.4929580688,-80.0000000000,1.000000
2714,5962,35.4929580688,-77.5000000000,1.000000
2715,6105,35.4929580688,-75.0000000000,0.140000
2716,9966,35.4929580688,-7.5000000000,0.010000
2717,10109,35.4929580688,-5.0000000000,0.560000
2718,10252,35.4929580688,-2.5000000000,0.370000
2719,10395,35.4929580688,0.0000000000,0.860000
2720,10538,35.4929580688,2.5000000000,1.000000
2721,10681,35.4929580688,5.0000000000,1.000000
2722,10824,35.4929580688,7.5000000000,1.000000
2723,10967,35.4929580688,10.0000000000,0.820000
2724,11682,35.4929580688,22.5000000000,0.020000
2725,11825,35.4929580688,25.0000000000,0.250000
2726,12254,35.4929580688,32.5000000000,0.190000
2727,12397,35.4929580688,35.0000000000,0.150000
2728,12540,35.4929580688,37.5000000000,1.000000
2729,12683,35.4929580688,40.0000000000,1.000000
2730,12826,35.4929580688,42.5000000000,1.000000
2731,12969,35.4929580688,45.0000000000,1.000000
2732,13112,35.4929580688,47.5000000000,1.000000
2733,13255,35.4929580688,50.0000000000,1.000000
2734,13398,35.4929580688,52.5000000000,1.000000
2735,13541,35.4929580688,55.0000000000,1.000000
2736,13684,35.4929580688,57.5000000000,1.000000
2737,13827,35.4929580688,60.0000000000,1.000000
2738,13970,35.4929580688,62.5000000000,1.000000
2739,14113,35.4929580688,65.0000000000,1.000000
2740,14256,35.4929580688,67.5000000000,1.000000
2741,14399,35.4929580688,70.0000000000,1.000000
2742,14542,35.4929580688,72.5000000000,1.000000
2743,14685,35.4929580688,75.0000000000,1.000000
2744,14828,35.4929580688,77.5000000000,1.000000
2745,14971,35.4929580688,80.0000000000,1.000000
2746,15114,35.4929580688,82.5000000000,1.000000
2747,15257,35.4929580688,85.0000000000,1.000000
2748,15400,35.4929580688,87.5000000000,1.000000
2749,15543,35.4929580688,90.0000000000,1.000000
2750,15686,35.4929580688,92.5000000000,1.000000
2751,15829,35.4929580688,95.0000000000,1.000000
2752,15972,35.4929580688,97.5000000000,1.000000
2753,16115,35.4929580688,100.0000000000,1.000000
2754,16258,35.4929580688,102.5000000000,1.000000
2755,16401,35.4929580688,105.0000000000,1.000000
2756,16544,35.4929580688,107.5000000000,1.000000
2757,16687,35.4929580688,110.0000000000,1.000000
2758,16830,35.4929580688,112.5000000000,1.000000
2759,16973,35.4929580688,115.0000000000,1.000000
2760,17116,35.4929580688,117.5000000000,1.000000
2761,17259,35.4929580688,120.0000000000,0.380000
2762,17688,35.4929580688,127.5000000000,0.880000
2763,17831,35.4929580688,130.0000000000,0.220000
2764,17974,35.4929580688,132.5000000000,0.300000
2765,18117,35.4929580688,135.0000000000,0.670000
2766,18260,35.4929580688,137.5000000000,1.000000
2767,18403,35.4929580688,140.0000000000,0.670000
2768,3389,36.7605628967,-122.5000000000,0.330000
2769,3532,36.7605628967,-120.0000000000,1.000000
2770,3675,36.7605628967,-117.5000000000,1.000000
2771,3818,36.7605628967,-115.0000000000,1.000000
2772,3961,36.7605628967,-112.5000000000,1.000000
2773,4104,36.7605628967,-110.0000000000,1.000000
2774,4247,36.7605628967,-107.5000000000,1.000000
2775,4390,36.7605628967,-105.0000000000,1.000000
2776,4533,36.7605628967,-102.5000000000,1.000000
2777,4676,36.7605628967,-100.0000000000,1.000000
2778,4819,36.7605628967,-97.5000000000,1.000000
2779,4962,36.7605628967,-95.0000000000,1.000000
2780,5105,36.7605628967,-92.5000000000,1.000000
2781,5248,36.7605628967,-90.0000000000,1.000000
2782,5391,36.7605628967,-87.5000000000,1.000000
2783,5534,36.7605628967,-85.0000000000,1.000000
2784,5677,36.7605628967,-82.5000000000,1.000000
2785,5820,36.7605628967,-80.0000000000,1.000000
2786,5963,36.7605628967,-77.5000000000,1.000000
2787,6106,36.7605628967,-75.0000000000,0.110000
2788,9824,36.7605628967,-10.0000000000,0.010000
2789,9967,36.7605628967,-7.5000000000,0.350000
2790,10110,36.7605628967,-5.0000000000,0.810000
2791,10253,36.7605628967,-2.5000000000,0.450000
2792,10396,36.7605628967,0.0000000000,0.080000
2793,10539,36.7605628967,2.5000000000,0.460000
2794,10682,36.7605628967,5.0000000000,0.580000
2795,10825,36.7605628967,7.5000000000,0.710000
2796,10968,36.7605628967,10.0000000000,0.650000
2797,11111,36.7605628967,12.5000000000,0.030000
2798,11254,36.7605628967,15.0000000000,0.230000
2799,11683,36.7605628967,22.5000000000,0.370000
2800,11969,36.7605628967,27.5000000000,0.320000
2801,12112,36.7605628967,30.0000000000,0.770000
2802,12255,36.7605628967,32.5000000000,0.850000
2803,12398,36.7605628967,35.0000000000,0.710000
2804,12541,36.7605628967,37.5000000000,1.000000
2805,12684,36.7605628967,40.0000000000,1.000000
2806,12827,36.7605628967,42.5000000000,1.000000
2807,12970,36.7605628967,45.0000000000,1.000000
2808,13113,36.7605628967,47.5000000000,1.000000
2809,13256,36.7605628967,50.0000000000,0.880000
2810,13399,36.7605628967,52.5000000000,0.530000
2811,13542,36.7605628967,55.0000000000,0.980000
2812,13685,36.7605628967,57.5000000000,1.000000
2813,13828,36.7605628967,60.0000000000,1.000000
2814,13971,36.7605628967,62.5000000000,1.000000
2815,14114,36.7605628967,65.0000000000,1.000000
2816,14257,36.7605628967,67.5000000000,1.000000
2817,14400,36.7605628967,70.0000000000,1.000000
2818,14543,36.7605628967,72.5000000000,1.000000
2819,14686,36.7605628967,75.0000000000,1.000000
2820,14829,36.7605628967,77.5000000000,1.000000
2821,14972,36.7605628967,80.0000000000,1.000000
2822,15115,36.7605628967,82.5000000000,1.000000
2823,15258,36.7605628967,85.0000000000,1.000000
2824,15401,36.7605628967,87.5000000000,1.000000
2825,15544,36.7605628967,90.0000000000,1.000000
2826,15687,36.7605628967,92.5000000000,1.000000
2827,15830,36.7605628967,95.0000000000,1.000000
2828,15973,36.7605628967,97.5000000000,1.000000
2829,16116,36.7605628967,100.0000000000,1.000000
2830,16259,36.7605628967,102.5000000000,1.000000
2831,16402,36.7605628967,105.0000000000,1.000000
2832,16545,36.7605628967,107.5000000000,1.000000
2833,16688,36.7605628967,110.0000000000,1.000000
2834,16831,36.7605628967,112.5000000000,1.000000
2835,16974,36.7605628967,115.0000000000,1.000000
2836,17117,36.7605628967,117.5000000000,1.000000
2837,17260,36.7605628967,120.0000000000,0.900000
2838,17403,36.7605628967,122.5000000000,0.230000
2839,17689,36.7605628967,127.5000000000,0.930000
2840,17832,36.7605628967,130.0000000000,0.270000
2841,18118,36.7605628967,135.0000000000,0.010000
2842,18261,36.7605628967,137.5000000000,0.780000
2843,18404,36.7605628967,140.0000000000,0.830000
2844,3390,38.0281677246,-122.5000000000,0.650000
2845,3533,38.0281677246,-120.0000000000,1.000000
2846,3676,38.0281677246,-117.5000000000,1.000000
2847,3819,38.0281677246,-115.0000000000,1.000000
2848,3962,38.0281677246,-112.5000000000,1.000000
2849,4105,38.0281677246,-110.0000000000,1.000000
2850,4248,38.0281677246,-107.5000000000,1.000000
2851,4391,38.0281677246,-105.0000000000,1.000000
2852,4534,38.0281677246,-102.5000000000,1.000000
2853,4677,38.0281677246,-100.0000000000,1.000000
2854,4820,38.0281677246,-97.5000000000,1.000000
2855,4963,38.0281677246,-95.0000000000,1.000000
2856,5106,38.0281677246,-92.5000000000,1.000000
2857,5249,38.0281677246,-90.0000000000,1.000000
2858,5392,38.0281677246,-87.5000000000,1.000000
2859,5535,38.0281677246,-85.0000000000,1.000000
2860,5678,38.0281677246,-82.5000000000,1.000000
2861,5821,38.0281677246,-80.0000000000,1.000000
2862,5964,38.0281677246,-77.5000000000,0.940000
2863,6107,38.0281677246,-75.0000000000,0.260000
2864,9825,38.0281677246,-10.0000000000,0.070000
2865,9968,38.0281677246,-7.5000000000,1.000000
2866,10111,38.0281677246,-5.0000000000,1.000000
2867,10254,38.0281677246,-2.5000000000,0.990000
2868,10397,38.0281677246,0.0000000000,0.270000
2869,11112,38.0281677246,12.5000000000,0.260000
2870,11255,38.0281677246,15.0000000000,0.470000
2871,11398,38.0281677246,17.5000000000,0.020000
2872,11541,38.0281677246,20.0000000000,0.030000
2873,11684,38.0281677246,22.5000000000,0.910000
2874,11827,38.0281677246,25.0000000000,0.050000
2875,11970,38.0281677246,27.5000000000,0.820000
2876,12113,38.0281677246,30.0000000000,1.000000
2877,12256,38.0281677246,32.5000000000,1.000000
2878,12399,38.0281677246,35.0000000000,1.000000
2879,12542,38.0281677246,37.5000000000,1.000000
2880,12685,38.0281677246,40.0000000000,1.000000
2881,12828,38.0281677246,42.5000000000,1.000000
2882,12971,38.0281677246,45.0000000000,1.000000
2883,13114,38.0281677246,47.5000000000,1.000000
2884,13257,38.0281677246,50.0000000000,0.140000
2885,13543,38.0281677246,55.0000000000,1.000000
2886,13686,38.0281677246,57.5000000000,1.000000
2887,13829,38.0281677246,60.0000000000,1.000000
2888,13972,38.0281677246,62.5000000000,1.000000
2889,14115,38.0281677246,65.0000000000,1.000000
2890,14258,38.0281677246,67.5000000000,1.000000
2891,14401,38.0281677246,70.0000000000,1.000000
2892,14544,38.0281677246,72.5000000000,1.000000
2893,14687,38.0281677246,75.0000000000,1.000000
2894,14830,38.0281677246,77.5000000000,1.000000
2895,14973,38.0281677246,80.0000000000,1.000000
2896,15116,38.0281677246,82.5000000000,1.000000
2897,15259,38.0281677246,85.0000000000,1.000000
2898,15402,38.0281677246,87.5000000000,1.000000
2899,15545,38.0281677246,90.0000000000,1.000000
2900,15688,38.0281677246,92.5000000000,1.000000
2901,15831,38.0281677246,95.0000000000,1.000000
2902,15974,38.0281677246,97.5000000000,1.000000
2903,16117,38.0281677246,100.0000000000,1.000000
2904,16260,38.0281677246,102.5000000000,1.000000
2905,16403,38.0281677246,105.0000000000,1.000000
2906,16546,38.0281677246,107.5000000000,1.000000
2907,16689,38.0281677246,110.0000000000,1.000000
2908,16832,38.0281677246,112.5000000000,1.000000
2909,16975,38.0281677246,115.0000000000,1.000000
2910,17118,38.0281677246,117.5000000000,0.810000
2911,17261,38.0281677246,120.0000000000,0.160000
2912,17404,38.0281677246,122.5000000000,0.050000
2913,17547,38.0281677246,125.0000000000,0.360000
2914,17690,38.0281677246,127.5000000000,0.950000
2915,17833,38.0281677246,130.0000000000,0.050000
2916,18262,38.0281677246,137.5000000000,0.030000
2917,18405,38.0281677246,140.0000000000,0.770000
2918,3248,39.2957763672,-125.0000000000,0.010000
2919,3391,39.2957763672,-122.5000000000,0.990000
2920,3534,39.2957763672,-120.0000000000,1.000000
2921,3677,39.2957763672,-117.5000000000,1.000000
2922,3820,39.2957763672,-115.0000000000,1.000000
2923,3963,39.2957763672,-112.5000000000,1.000000
2924,4106,39.2957763672,-110.0000000000,1.000000
2925,4249,39.2957763672,-107.5000000000,1.000000
2926,4392,39.2957763672,-105.0000000000,1.000000
2927,4535,39.2957763672,-102.5000000000,1.000000
2928,4678,39.2957763672,-100.0000000000,1.000000
2929,4821,39.2957763672,-97.5000000000,1.000000
2930,4964,39.2957763672,-95.0000000000,1.000000
2931,5107,39.2957763672,-92.5000000000,1.000000
2932,5250,39.2957763672,-90.0000000000,1.000000
2933,5393,39.2957763672,-87.5000000000,1.000000
2934,5536,39.2957763672,-85.0000000000,1.000000
2935,5679,39.2957763672,-82.5000000000,1.000000
2936,5822,39.2957763672,-80.0000000000,1.000000
2937,5965,39.2957763672,-77.5000000000,0.970000
2938,6108,39.2957763672,-75.0000000000,0.600000
2939,9826,39.2957763672,-10.0000000000,0.240000
2940,9969,39.2957763672,-7.5000000000,1.000000
2941,10112,39.2957763672,-5.0000000000,1.000000
2942,10255,39.2957763672,-2.5000000000,1.000000
2943,10398,39.2957763672,0.0000000000,0.450000
2944,10827,39.2957763672,7.5000000000,0.070000
2945,10970,39.2957763672,10.0000000000,0.260000
2946,11256,39.2957763672,15.0000000000,0.170000
2947,11399,39.2957763672,17.5000000000,0.240000
2948,11542,39.2957763672,20.0000000000,0.360000
2949,11685,39.2957763672,22.5000000000,0.720000
2950,11971,39.2957763672,27.5000000000,0.880000
2951,12114,39.2957763672,30.0000000000,1.000000
2952,12257,39.2957763672,32.5000000000,1.000000
2953,12400,39.2957763672,35.0000000000,1.000000
2954,12543,39.2957763672,37.5000000000,1.000000
2955,12686,39.2957763672,40.0000000000,1.000000
2956,12829,39.2957763672,42.5000000000,1.000000
2957,12972,39.2957763672,45.0000000000,1.000000
2958,13115,39.2957763672,47.5000000000,1.000000
2959,13258,39.2957763672,50.0000000000,0.210000
2960,13401,39.2957763672,52.5000000000,0.130000
2961,13544,39.2957763672,55.0000000000,1.000000
2962,13687,39.2957763672,57.5000000000,1.000000
2963,13830,39.2957763672,60.0000000000,1.000000
2964,13973,39.2957763672,62.5000000000,1.000000
2965,14116,39.2957763672,65.0000000000,1.000000
2966,14259,39.2957763672,67.5000000000,1.000000
2967,14402,39.2957763672,70.0000000000,1.000000
2968,14545,39.2957763672,72.5000000000,1.000000
2969,14688,39.2957763672,75.0000000000,1.000000
2970,14831,39.2957763672,77.5000000000,1.000000
2971,14974,39.2957763672,80.0000000000,1.000000
2972,15117,39.2957763672,82.5000000000,1.000000
2973,15260,39.2957763672,85.0000000000,1.000000
2974,15403,39.2957763672,87.5000000000,1.000000
2975,15546,39.2957763672,90.0000000000,1.000000
2976,15689,39.2957763672,92.5000000000,1.000000
2977,15832,39.2957763672,95.0000000000,1.000000
2978,15975,39.2957763672,97.5000000000,1.000000
2979,16118,39.2957763672,100.0000000000,1.000000
2980,16261,39.2957763672,102.5000000000,1.000000
2981,16404,39.2957763672,105.0000000000,1.000000
2982,16547,39.2957763672,107.5000000000,1.000000
2983,16690,39.2957763672,110.0000000000,1.000000
2984,16833,39.2957763672,112.5000000000,1.000000
2985,16976,39.2957763672,115.0000000000,1.000000
2986,17119,39.2957763672,117.5000000000,0.830000
2987,17262,39.2957763672,120.0000000000,0.120000
2988,17405,39.2957763672,122.5000000000,0.370000
2989,17548,39.2957763672,125.0000000000,0.480000
2990,17691,39.2957763672,127.5000000000,0.590000
2991,18406,39.2957763672,140.0000000000,0.530000
2992,18549,39.2957763672,142.5000000000,0.240000
2993,3249,40.5633811951,-125.0000000000,0.200000
2994,3392,40.5633811951,-122.5000000000,1.000000
2995,3535,40.5633811951,-120.0000000000,1.000000
2996,3678,40.5633811951,-117.5000000000,1.000000
2997,3821,40.5633811951,-115.0000000000,1.000000
2998,3964,40.5633811951,-112.5000000000,1.000000
2999,4107,40.5633811951,-110.0000000000,1.000000
3000,4250,40.5633811951,-107.5000000000,1.000000
3001,4393,40.5633811951,-105.0000000000,1.000000
3002,4536,40.5633811951,-102.5000000000,1.000000
3003,4679,40.5633811951,-100.0000000000,1.000000
3004,4822,40.5633811951,-97.5000000000,1.000000
3005,4965,40.5633811951,-95.0000000000,1.000000
3006,5108,40.5633811951,-92.5000000000,1.000000
3007,5251,40.5633811951,-90.0000000000,1.000000
3008,5394,40.5633811951,-87.5000000000,1.000000
3009,5537,40.5633811951,-85.0000000000,1.000000
3010,5680,40.5633811951,-82.5000000000,1.000000
3011,5823,40.5633811951,-80.0000000000,1.000000
3012,5966,40.5633811951,-77.5000000000,1.000000
3013,6109,40.5633811951,-75.0000000000,0.930000
3014,6252,40.5633811951,-72.5000000000,0.170000
3015,9827,40.5633811951,-10.0000000000,0.040000
3016,9970,40.5633811951,-7.5000000000,1.000000
3017,10113,40.5633811951,-5.0000000000,1.000000
3018,10256,40.5633811951,-2.5000000000,1.000000
3019,10399,40.5633811951,0.0000000000,0.720000
3020,10542,40.5633811951,2.5000000000,0.010000
3021,10828,40.5633811951,7.5000000000,0.120000
3022,10971,40.5633811951,10.0000000000,0.330000
3023,11257,40.5633811951,15.0000000000,0.670000
3024,11400,40.5633811951,17.5000000000,0.510000
3025,11543,40.5633811951,20.0000000000,0.750000
3026,11686,40.5633811951,22.5000000000,0.940000
3027,11829,40.5633811951,25.0000000000,0.390000
3028,11972,40.5633811951,27.5000000000,0.620000
3029,12115,40.5633811951,30.0000000000,0.910000
3030,12258,40.5633811951,32.5000000000,1.000000
3031,12401,40.5633811951,35.0000000000,1.000000
3032,12544,40.5633811951,37.5000000000,0.940000
3033,12687,40.5633811951,40.0000000000,0.920000
3034,12830,40.5633811951,42.5000000000,1.000000
3035,12973,40.5633811951,45.0000000000,1.000000
3036,13116,40.5633811951,47.5000000000,1.000000
3037,13259,40.5633811951,50.0000000000,0.360000
3038,13402,40.5633811951,52.5000000000,0.240000
3039,13545,40.5633811951,55.0000000000,0.880000
3040,13688,40.5633811951,57.5000000000,1.000000
3041,13831,40.5633811951,60.0000000000,1.000000
3042,13974,40.5633811951,62.5000000000,1.000000
3043,14117,40.5633811951,65.0000000000,1.000000
3044,14260,40.5633811951,67.5000000000,1.000000
3045,14403,40.5633811951,70.0000000000,1.000000
3046,14546,40.5633811951,72.5000000000,1.000000
3047,14689,40.5633811951,75.0000000000,1.000000
3048,14832,40.5633811951,77.5000000000,1.000000
3049,14975,40.5633811951,80.0000000000,1.000000
3050,15118,40.5633811951,82.5000000000,1.000000
3051,15261,40.5633811951,85.0000000000,1.000000
3052,15404,40.5633811951,87.5000000000,1.000000
3053,15547,40.5633811951,90.0000000000,1.000000
3054,15690,40.5633811951,92.5000000000,1.000000
3055,15833,40.5633811951,95.0000000000,1.000000
3056,15976,40.5633811951,97.5000000000,1.000000
3057,16119,40.5633811951,100.0000000000,1.000000
3058,16262,40.5633811951,102.5000000000,1.000000
3059,16405,40.5633811951,105.0000000000,1.000000
3060,16548,40.5633811951,107.5000000000,1.000000
3061,16691,40.5633811951,110.0000000000,1.000000
3062,16834,40.5633811951,112.5000000000,1.000000
3063,16977,40.5633811951,115.0000000000,1.000000
3064,17120,40.5633811951,117.5000000000,1.000000
3065,17263,40.5633811951,120.0000000000,0.770000
3066,17406,40.5633811951,122.5000000000,0.810000
3067,17549,40.5633811951,125.0000000000,1.000000
3068,17692,40.5633811951,127.5000000000,0.950000
3069,17835,40.5633811951,130.0000000000,0.180000
3070,18407,40.5633811951,140.0000000000,0.480000
3071,18550,40.5633811951,142.5000000000,0.170000
3072,3250,41.8309860229,-125.0000000000,0.210000
3073,3393,41.8309860229,-122.5000000000,1.000000
3074,3536,41.8309860229,-120.0000000000,1.000000
3075,3679,41.8309860229,-117.5000000000,1.000000
3076,3822,41.8309860229,-115.0000000000,1.000000
3077,3965,41.8309860229,-112.5000000000,1.000000
3078,4108,41.8309860229,-110.0000000000,1.000000
3079,4251,41.8309860229,-107.5000000000,1.000000
3080,4394,41.8309860229,-105.0000000000,1.000000
3081,4537,41.8309860229,-102.5000000000,1.000000
3082,4680,41.8309860229,-100.0000000000,1.000000
3083,4823,41.8309860229,-97.5000000000,1.000000
3084,4966,41.8309860229,-95.0000000000,1.000000
3085,5109,41.8309860229,-92.5000000000,1.000000
3086,5252,41.8309860229,-90.0000000000,1.000000
3087,5395,41.8309860229,-87.5000000000,1.000000
3088,5538,41.8309860229,-85.0000000000,1.000000
3089,5681,41.8309860229,-82.5000000000,1.000000
3090,5824,41.8309860229,-80.0000000000,1.000000
3091,5967,41.8309860229,-77.5000000000,1.000000
3092,6110,41.8309860229,-75.0000000000,1.000000
3093,6253,41.8309860229,-72.5000000000,0.940000
3094,6396,41.8309860229,-70.0000000000,0.250000
3095,9828,41.8309860229,-10.0000000000,0.090000
3096,9971,41.8309860229,-7.5000000000,1.000000
3097,10114,41.8309860229,-5.0000000000,1.000000
3098,10257,41.8309860229,-2.5000000000,1.000000
3099,10400,41.8309860229,0.0000000000,1.000000
3100,10543,41.8309860229,2.5000000000,0.600000
3101,10829,41.8309860229,7.5000000000,0.030000
3102,10972,41.8309860229,10.0000000000,0.210000
3103,11115,41.8309860229,12.5000000000,0.700000
3104,11258,41.8309860229,15.0000000000,0.740000
3105,11401,41.8309860229,17.5000000000,0.020000
3106,11544,41.8309860229,20.0000000000,0.800000
3107,11687,41.8309860229,22.5000000000,1.000000
3108,11830,41.8309860229,25.0000000000,1.000000
3109,11973,41.8309860229,27.5000000000,0.760000
3110,12116,41.8309860229,30.0000000000,0.010000
3111,12259,41.8309860229,32.5000000000,0.380000
3112,12402,41.8309860229,35.0000000000,0.610000
3113,12545,41.8309860229,37.5000000000,0.070000
3114,12688,41.8309860229,40.0000000000,0.010000
3115,12831,41.8309860229,42.5000000000,0.880000
3116,12974,41.8309860229,45.0000000000,1.000000
3117,13117,41.8309860229,47.5000000000,0.910000
3118,13260,41.8309860229,50.0000000000,0.040000
3119,13403,41.8309860229,52.5000000000,0.240000
3120,13546,41.8309860229,55.0000000000,0.930000
3121,13689,41.8309860229,57.5000000000,1.000000
3122,13832,41.8309860229,60.0000000000,1.000000
3123,13975,41.8309860229,62.5000000000,1.000000
3124,14118,41.8309860229,65.0000000000,1.000000
3125,14261,41.8309860229,67.5000000000,1.000000
3126,14404,41.8309860229,70.0000000000,1.000000
3127,14547,41.8309860229,72.5000000000,1.000000
3128,14690,41.8309860229,75.0000000000,1.000000
3129,14833,41.8309860229,77.5000000000,1.000000
3130,14976,41.8309860229,80.0000000000,1.000000
3131,15119,41.8309860229,82.5000000000,1.000000
3132,15262,41.8309860229,85.0000000000,1.000000
3133,15405,41.8309860229,87.5000000000,1.000000
3134,15548,41.8309860229,90.0000000000,1.000000
3135,15691,41.8309860229,92.5000000000,1.000000
3136,15834,41.8309860229,95.0000000000,1.000000
3137,15977,41.8309860229,97.5000000000,1.000000
3138,16120,41.8309860229,100.0000000000,1.000000
3139,16263,41.8309860229,102.5000000000,1.000000
3140,16406,41.8309860229,105.0000000000,1.000000
3141,16549,41.8309860229,107.5000000000,1.000000
3142,16692,41.8309860229,110.0000000000,1.000000
3143,16835,41.8309860229,112.5000000000,1.000000
3144,16978,41.8309860229,115.0000000000,1.000000
3145,17121,41.8309860229,117.5000000000,1.000000
3146,17264,41.8309860229,120.0000000000,1.000000
3147,17407,41.8309860229,122.5000000000,1.000000
3148,17550,41.8309860229,125.0000000000,1.000000
3149,17693,41.8309860229,127.5000000000,1.000000
3150,17836,41.8309860229,130.0000000000,0.520000
3151,18408,41.8309860229,140.0000000000,0.380000
3152,18551,41.8309860229,142.5000000000,0.150000
3153,3251,43.0985908508,-125.0000000000,0.250000
3154,3394,43.0985908508,-122.5000000000,1.000000
3155,3537,43.0985908508,-120.0000000000,1.000000
3156,3680,43.0985908508,-117.5000000000,1.000000
3157,3823,43.0985908508,-115.0000000000,1.000000
3158,3966,43.0985908508,-112.5000000000,1.000000
3159,4109,43.0985908508,-110.0000000000,1.000000
3160,4252,43.0985908508,-107.5000000000,1.000000
3161,4395,43.0985908508,-105.0000000000,1.000000
3162,4538,43.0985908508,-102.5000000000,1.000000
3163,4681,43.0985908508,-100.0000000000,1.000000
3164,4824,43.0985908508,-97.5000000000,1.000000
3165,4967,43.0985908508,-95.0000000000,1.000000
3166,5110,43.0985908508,-92.5000000000,1.000000
3167,5253,43.0985908508,-90.0000000000,1.000000
3168,5396,43.0985908508,-87.5000000000,1.000000
3169,5539,43.0985908508,-85.0000000000,1.000000
3170,5682,43.0985908508,-82.5000000000,1.000000
3171,5825,43.0985908508,-80.0000000000,1.000000
3172,5968,43.0985908508,-77.5000000000,1.000000
3173,6111,43.0985908508,-75.0000000000,1.000000
3174,6254,43.0985908508,-72.5000000000,1.000000
3175,6397,43.0985908508,-70.0000000000,0.280000
3176,6683,43.0985908508,-65.0000000000,0.040000
3177,9829,43.0985908508,-10.0000000000,0.120000
3178,9972,43.0985908508,-7.5000000000,0.920000
3179,10115,43.0985908508,-5.0000000000,0.830000
3180,10258,43.0985908508,-2.5000000000,0.840000
3181,10401,43.0985908508,0.0000000000,1.000000
3182,10544,43.0985908508,2.5000000000,0.840000
3183,10687,43.0985908508,5.0000000000,0.350000
3184,10830,43.0985908508,7.5000000000,0.150000
3185,10973,43.0985908508,10.0000000000,0.380000
3186,11116,43.0985908508,12.5000000000,0.980000
3187,11259,43.0985908508,15.0000000000,0.090000
3188,11402,43.0985908508,17.5000000000,0.650000
3189,11545,43.0985908508,20.0000000000,1.000000
3190,11688,43.0985908508,22.5000000000,1.000000
3191,11831,43.0985908508,25.0000000000,1.000000
3192,11974,43.0985908508,27.5000000000,0.700000
3193,12689,43.0985908508,40.0000000000,0.290000
3194,12832,43.0985908508,42.5000000000,0.980000
3195,12975,43.0985908508,45.0000000000,1.000000
3196,13118,43.0985908508,47.5000000000,0.540000
3197,13261,43.0985908508,50.0000000000,0.010000
3198,13404,43.0985908508,52.5000000000,0.790000
3199,13547,43.0985908508,55.0000000000,1.000000
3200,13690,43.0985908508,57.5000000000,1.000000
3201,13833,43.0985908508,60.0000000000,1.000000
3202,13976,43.0985908508,62.5000000000,1.000000
3203,14119,43.0985908508,65.0000000000,1.000000
3204,14262,43.0985908508,67.5000000000,1.000000
3205,14405,43.0985908508,70.0000000000,1.000000
3206,14548,43.0985908508,72.5000000000,1.000000
3207,14691,43.0985908508,75.0000000000,1.000000
3208,14834,43.0985908508,77.5000000000,1.000000
3209,14977,43.0985908508,80.0000000000,1.000000
3210,15120,43.0985908508,82.5000000000,1.000000
3211,15263,43.0985908508,85.0000000000,1.000000
3212,15406,43.0985908508,87.5000000000,1.000000
3213,15549,43.0985908508,90.0000000000,1.000000
3214,15692,43.0985908508,92.5000000000,1.000000
3215,15835,43.0985908508,95.0000000000,1.000000
3216,15978,43.0985908508,97.5000000000,1.000000
3217,16121,43.0985908508,100.0000000000,1.000000
3218,16264,43.0985908508,102.5000000000,1.000000
3219,16407,43.0985908508,105.0000000000,1.000000
3220,16550,43.0985908508,107.5000000000,1.000000
3221,16693,43.0985908508,110.0000000000,1.000000
3222,16836,43.0985908508,112.5000000000,1.000000
3223,16979,43.0985908508,115.0000000000,1.000000
3224,17122,43.0985908508,117.5000000000,1.000000
3225,17265,43.0985908508,120.0000000000,1.000000
3226,17408,43.0985908508,122.5000000000,1.000000
3227,17551,43.0985908508,125.0000000000,1.000000
3228,17694,43.0985908508,127.5000000000,1.000000
3229,17837,43.0985908508,130.0000000000,0.980000
3230,17980,43.0985908508,132.5000000000,0.600000
3231,18123,43.0985908508,135.0000000000,0.220000
3232,18409,43.0985908508,140.0000000000,0.340000
3233,18552,43.0985908508,142.5000000000,0.940000
3234,18695,43.0985908508,145.0000000000,0.370000
3235,3252,44.3661956787,-125.0000000000,0.110000
3236,3395,44.3661956787,-122.5000000000,1.000000
3237,3538,44.3661956787,-120.0000000000,1.000000
3238,3681,44.3661956787,-117.5000000000,1.000000
3239,3824,44.3661956787,-115.0000000000,1.000000
3240,3967,44.3661956787,-112.5000000000,1.000000
3241,4110,44.3661956787,-110.0000000000,1.000000
3242,4253,44.3661956787,-107.5000000000,1.000000
3243,4396,44.3661956787,-105.0000000000,1.000000
3244,4539,44.3661956787,-102.5000000000,1.000000
3245,4682,44.3661956787,-100.0000000000,1.000000
3246,4825,44.3661956787,-97.5000000000,1.000000
3247,4968,44.3661956787,-95.0000000000,1.000000
3248,5111,44.3661956787,-92.5000000000,1.000000
3249,5254,44.3661956787,-90.0000000000,1.000000
3250,5397,44.3661956787,-87.5000000000,1.000000
3251,5540,44.3661956787,-85.0000000000,1.000000
3252,5683,44.3661956787,-82.5000000000,1.000000
3253,5826,44.3661956787,-80.0000000000,1.000000
3254,5969,44.3661956787,-77.5000000000,1.000000
3255,6112,44.3661956787,-75.0000000000,1.000000
3256,6255,44.3661956787,-72.5000000000,1.000000
3257,6398,44.3661956787,-70.0000000000,0.940000
3258,6541,44.3661956787,-67.5000000000,0.330000
3259,6684,44.3661956787,-65.0000000000,0.730000
3260,6827,44.3661956787,-62.5000000000,0.130000
3261,10259,44.3661956787,-2.5000000000,0.030000
3262,10402,44.3661956787,0.0000000000,1.000000
3263,10545,44.3661956787,2.5000000000,1.000000
3264,10688,44.3661956787,5.0000000000,1.000000
3265,10831,44.3661956787,7.5000000000,0.900000
3266,10974,44.3661956787,10.0000000000,0.810000
3267,11117,44.3661956787,12.5000000000,0.520000
3268,11260,44.3661956787,15.0000000000,0.410000
3269,11403,44.3661956787,17.5000000000,1.000000
3270,11546,44.3661956787,20.0000000000,1.000000
3271,11689,44.3661956787,22.5000000000,1.000000
3272,11832,44.3661956787,25.0000000000,1.000000
3273,11975,44.3661956787,27.5000000000,0.980000
3274,12118,44.3661956787,30.0000000000,0.030000
3275,12261,44.3661956787,32.5000000000,0.050000
3276,12404,44.3661956787,35.0000000000,0.180000
3277,12547,44.3661956787,37.5000000000,0.240000
3278,12690,44.3661956787,40.0000000000,0.940000
3279,12833,44.3661956787,42.5000000000,1.000000
3280,12976,44.3661956787,45.0000000000,1.000000
3281,13119,44.3661956787,47.5000000000,0.310000
3282,13262,44.3661956787,50.0000000000,0.170000
3283,13405,44.3661956787,52.5000000000,1.000000
3284,13548,44.3661956787,55.0000000000,1.000000
3285,13691,44.3661956787,57.5000000000,1.000000
3286,13834,44.3661956787,60.0000000000,1.000000
3287,13977,44.3661956787,62.5000000000,1.000000
3288,14120,44.3661956787,65.0000000000,1.000000
3289,14263,44.3661956787,67.5000000000,1.000000
3290,14406,44.3661956787,70.0000000000,1.000000
3291,14549,44.3661956787,72.5000000000,1.000000
3292,14692,44.3661956787,75.0000000000,1.000000
3293,14835,44.3661956787,77.5000000000,1.000000
3294,14978,44.3661956787,80.0000000000,1.000000
3295,15121,44.3661956787,82.5000000000,1.000000
3296,15264,44.3661956787,85.0000000000,1.000000
3297,15407,44.3661956787,87.5000000000,1.000000
3298,15550,44.3661956787,90.0000000000,1.000000
3299,15693,44.3661956787,92.5000000000,1.000000
3300,15836,44.3661956787,95.0000000000,1.000000
3301,15979,44.3661956787,97.5000000000,1.000000
3302,16122,44.3661956787,100.0000000000,1.000000
3303,16265,44.3661956787,102.5000000000,1.000000
3304,16408,44.3661956787,105.0000000000,1.000000
3305,16551,44.3661956787,107.5000000000,1.000000
3306,16694,44.3661956787,110.0000000000,1.000000
3307,16837,44.3661956787,112.5000000000,1.000000
3308,16980,44.3661956787,115.0000000000,1.000000
3309,17123,44.3661956787,117.5000000000,1.000000
3310,17266,44.3661956787,120.0000000000,1.000000
3311,17409,44.3661956787,122.5000000000,1.000000
3312,17552,44.3661956787,125.0000000000,1.000000
3313,17695,44.3661956787,127.5000000000,1.000000
3314,17838,44.3661956787,130.0000000000,1.000000
3315,17981,44.3661956787,132.5000000000,1.000000
3316,18124,44.3661956787,135.0000000000,0.860000
3317,18267,44.3661956787,137.5000000000,0.020000
3318,18553,44.3661956787,142.5000000000,0.690000
3319,18696,44.3661956787,145.0000000000,0.210000
3320,3253,45.6338043213,-125.0000000000,0.100000
3321,3396,45.6338043213,-122.5000000000,1.000000
3322,3539,45.6338043213,-120.0000000000,1.000000
3323,3682,45.6338043213,-117.5000000000,1.000000
3324,3825,45.6338043213,-115.0000000000,1.000000
3325,3968,45.6338043213,-112.5000000000,1.000000
3326,4111,45.6338043213,-110.0000000000,1.000000
3327,4254,45.6338043213,-107.5000000000,1.000000
3328,4397,45.6338043213,-105.0000000000,1.000000
3329,4540,45.6338043213,-102.5000000000,1.000000
3330,4683,45.6338043213,-100.0000000000,1.000000
3331,4826,45.6338043213,-97.5000000000,1.000000
3332,4969,45.6338043213,-95.0000000000,1.000000
3333,5112,45.6338043213,-92.5000000000,1.000000
3334,5255,45.6338043213,-90.0000000000,1.000000
3335,5398,45.6338043213,-87.5000000000,1.000000
3336,5541,45.6338043213,-85.0000000000,1.000000
3337,5684,45.6338043213,-82.5000000000,1.000000
3338,5827,45.6338043213,-80.0000000000,1.000000
3339,5970,45.6338043213,-77.5000000000,1.000000
3340,6113,45.6338043213,-75.0000000000,1.000000
3341,6256,45.6338043213,-72.5000000000,1.000000
3342,6399,45.6338043213,-70.0000000000,1.000000
3343,6542,45.6338043213,-67.5000000000,0.950000
3344,6685,45.6338043213,-65.0000000000,0.850000
3345,6828,45.6338043213,-62.5000000000,0.720000
3346,6971,45.6338043213,-60.0000000000,0.300000
3347,10260,45.6338043213,-2.5000000000,0.010000
3348,10403,45.6338043213,0.0000000000,1.000000
3349,10546,45.6338043213,2.5000000000,1.000000
3350,10689,45.6338043213,5.0000000000,1.000000
3351,10832,45.6338043213,7.5000000000,1.000000
3352,10975,45.6338043213,10.0000000000,1.000000
3353,11118,45.6338043213,12.5000000000,0.720000
3354,11261,45.6338043213,15.0000000000,0.950000
3355,11404,45.6338043213,17.5000000000,1.000000
3356,11547,45.6338043213,20.0000000000,1.000000
3357,11690,45.6338043213,22.5000000000,1.000000
3358,11833,45.6338043213,25.0000000000,1.000000
3359,11976,45.6338043213,27.5000000000,1.000000
3360,12119,45.6338043213,30.0000000000,0.500000
3361,12262,45.6338043213,32.5000000000,0.290000
3362,12405,45.6338043213,35.0000000000,0.680000
3363,12548,45.6338043213,37.5000000000,0.510000
3364,12691,45.6338043213,40.0000000000,1.000000
3365,12834,45.6338043213,42.5000000000,1.000000
3366,12977,45.6338043213,45.0000000000,1.000000
3367,13120,45.6338043213,47.5000000000,0.680000
3368,13263,45.6338043213,50.0000000000,0.010000
3369,13406,45.6338043213,52.5000000000,0.440000
3370,13549,45.6338043213,55.0000000000,1.000000
3371,13692,45.6338043213,57.5000000000,1.000000
3372,13835,45.6338043213,60.0000000000,1.000000
3373,13978,45.6338043213,62.5000000000,1.000000
3374,14121,45.6338043213,65.0000000000,1.000000
3375,14264,45.6338043213,67.5000000000,1.000000
3376,14407,45.6338043213,70.0000000000,1.000000
3377,14550,45.6338043213,72.5000000000,1.000000
3378,14693,45.6338043213,75.0000000000,1.000000
3379,14836,45.6338043213,77.5000000000,1.000000
3380,14979,45.6338043213,80.0000000000,1.000000
3381,15122,45.6338043213,82.5000000000,1.000000
3382,15265,45.6338043213,85.0000000000,1.000000
3383,15408,45.6338043213,87.5000000000,1.000000
3384,15551,45.6338043213,90.0000000000,1.000000
3385,15694,45.6338043213,92.5000000000,1.000000
3386,15837,45.6338043213,95.0000000000,1.000000
3387,15980,45.6338043213,97.5000000000,1.000000
3388,16123,45.6338043213,100.0000000000,1.000000
3389,16266,45.6338043213,102.5000000000,1.000000
3390,16409,45.6338043213,105.0000000000,1.000000
3391,16552,45.6338043213,107.5000000000,1.000000
3392,16695,45.6338043213,110.0000000000,1.000000
3393,16838,45.6338043213,112.5000000000,1.000000
3394,16981,45.6338043213,115.0000000000,1.000000
3395,17124,45.6338043213,117.5000000000,1.000000
3396,17267,45.6338043213,120.0000000000,1.000000
3397,17410,45.6338043213,122.5000000000,1.000000
3398,17553,45.6338043213,125.0000000000,1.000000
3399,17696,45.6338043213,127.5000000000,1.000000
3400,17839,45.6338043213,130.0000000000,1.000000
3401,17982,45.6338043213,132.5000000000,1.000000
3402,18125,45.6338043213,135.0000000000,1.000000
3403,18268,45.6338043213,137.5000000000,0.470000
3404,18554,45.6338043213,142.5000000000,0.090000
3405,3254,46.9014091492,-125.0000000000,0.140000
3406,3397,46.9014091492,-122.5000000000,0.950000
3407,3540,46.9014091492,-120.0000000000,1.000000
3408,3683,46.9014091492,-117.5000000000,1.000000
3409,3826,46.9014091492,-115.0000000000,1.000000
3410,3969,46.9014091492,-112.5000000000,1.000000
3411,4112,46.9014091492,-110.0000000000,1.000000
3412,4255,46.9014091492,-107.5000000000,1.000000
3413,4398,46.9014091492,-105.0000000000,1.000000
3414,4541,46.9014091492,-102.5000000000,1.000000
3415,4684,46.9014091492,-100.0000000000,1.000000
3416,4827,46.9014091492,-97.5000000000,1.000000
3417,4970,46.9014091492,-95.0000000000,1.000000
3418,5113,46.9014091492,-92.5000000000,1.000000
3419,5256,46.9014091492,-90.0000000000,1.000000
3420,5399,46.9014091492,-87.5000000000,1.000000
3421,5542,46.9014091492,-85.0000000000,1.000000
3422,5685,46.9014091492,-82.5000000000,1.000000
3423,5828,46.9014091492,-80.0000000000,1.000000
3424,5971,46.9014091492,-77.5000000000,1.000000
3425,6114,46.9014091492,-75.0000000000,1.000000
3426,6257,46.9014091492,-72.5000000000,1.000000
3427,6400,46.9014091492,-70.0000000000,0.880000
3428,6543,46.9014091492,-67.5000000000,1.000000
3429,6686,46.9014091492,-65.0000000000,0.710000
3430,6829,46.9014091492,-62.5000000000,0.080000
3431,6972,46.9014091492,-60.0000000000,0.080000
3432,7258,46.9014091492,-55.0000000000,0.220000
3433,7401,46.9014091492,-52.5000000000,0.250000
3434,10261,46.9014091492,-2.5000000000,0.360000
3435,10404,46.9014091492,0.0000000000,1.000000
3436,10547,46.9014091492,2.5000000000,1.000000
3437,10690,46.9014091492,5.0000000000,1.000000
3438,10833,46.9014091492,7.5000000000,1.000000
3439,10976,46.9014091492,10.0000000000,1.000000
3440,11119,46.9014091492,12.5000000000,1.000000
3441,11262,46.9014091492,15.0000000000,1.000000
3442,11405,46.9014091492,17.5000000000,1.000000
3443,11548,46.9014091492,20.0000000000,1.000000
3444,11691,46.9014091492,22.5000000000,1.000000
3445,11834,46.9014091492,25.0000000000,1.000000
3446,11977,46.9014091492,27.5000000000,1.000000
3447,12120,46.9014091492,30.0000000000,0.930000
3448,12263,46.9014091492,32.5000000000,0.940000
3449,12406,46.9014091492,35.0000000000,0.900000
3450,12549,46.9014091492,37.5000000000,0.600000
3451,12692,46.9014091492,40.0000000000,0.960000
3452,12835,46.9014091492,42.5000000000,1.000000
3453,12978,46.9014091492,45.0000000000,1.000000
3454,13121,46.9014091492,47.5000000000,1.000000
3455,13264,46.9014091492,50.0000000000,0.710000
3456,13407,46.9014091492,52.5000000000,0.650000
3457,13550,46.9014091492,55.0000000000,1.000000
3458,13693,46.9014091492,57.5000000000,1.000000
3459,13836,46.9014091492,60.0000000000,1.000000
3460,13979,46.9014091492,62.5000000000,1.000000
3461,14122,46.9014091492,65.0000000000,1.000000
3462,14265,46.9014091492,67.5000000000,1.000000
3463,14408,46.9014091492,70.0000000000,1.000000
3464,14551,46.9014091492,72.5000000000,1.000000
3465,14694,46.9014091492,75.0000000000,1.000000
3466,14837,46.9014091492,77.5000000000,1.000000
3467,14980,46.9014091492,80.0000000000,1.000000
3468,15123,46.9014091492,82.5000000000,1.000000
3469,15266,46.9014091492,85.0000000000,1.000000
3470,15409,46.9014091492,87.5000000000,1.000000
3471,15552,46.9014091492,90.0000000000,1.000000
3472,15695,46.9014091492,92.5000000000,1.000000
3473,15838,46.9014091492,95.0000000000,1.000000
3474,15981,46.9014091492,97.5000000000,1.000000
3475,16124,46.9014091492,100.0000000000,1.000000
3476,16267,46.9014091492,102.5000000000,1.000000
3477,16410,46.9014091492,105.0000000000,1.000000
3478,16553,46.9014091492,107.5000000000,1.000000
3479,16696,46.9014091492,110.0000000000,1.000000
3480,16839,46.9014091492,112.5000000000,1.000000
3481,16982,46.9014091492,115.0000000000,1.000000
3482,17125,46.9014091492,117.5000000000,1.000000
3483,17268,46.9014091492,120.0000000000,1.000000
3484,17411,46.9014091492,122.5000000000,1.000000
3485,17554,46.9014091492,125.0000000000,1.000000
3486,17697,46.9014091492,127.5000000000,1.000000
3487,17840,46.9014091492,130.0000000000,1.000000
3488,17983,46.9014091492,132.5000000000,1.000000
3489,18126,46.9014091492,135.0000000000,1.000000
3490,18269,46.9014091492,137.5000000000,0.910000
3491,18412,46.9014091492,140.0000000000,0.020000
3492,18555,46.9014091492,142.5000000000,0.470000
3493,3255,48.1690139771,-125.0000000000,0.320000
3494,3398,48.1690139771,-122.5000000000,0.690000
3495,3541,48.1690139771,-120.0000000000,1.000000
3496,3684,48.1690139771,-117.5000000000,1.000000
3497,3827,48.1690139771,-115.0000000000,1.000000
3498,3970,48.1690139771,-112.5000000000,1.000000
3499,4113,48.1690139771,-110.0000000000,1.000000
3500,4256,48.1690139771,-107.5000000000,1.000000
3501,4399,48.1690139771,-105.0000000000,1.000000
3502,4542,48.1690139771,-102.5000000000,1.000000
3503,4685,48.1690139771,-100.0000000000,1.000000
3504,4828,48.1690139771,-97.5000000000,1.000000
3505,4971,48.1690139771,-95.0000000000,1.000000
3506,5114,48.1690139771,-92.5000000000,1.000000
3507,5257,48.1690139771,-90.0000000000,1.000000
3508,5400,48.1690139771,-87.5000000000,1.000000
3509,5543,48.1690139771,-85.0000000000,1.000000
3510,5686,48.1690139771,-82.5000000000,1.000000
3511,5829,48.1690139771,-80.0000000000,1.000000
3512,5972,48.1690139771,-77.5000000000,1.000000
3513,6115,48.1690139771,-75.0000000000,1.000000
3514,6258,48.1690139771,-72.5000000000,1.000000
3515,6401,48.1690139771,-70.0000000000,0.790000
3516,6544,48.1690139771,-67.5000000000,0.880000
3517,6687,48.1690139771,-65.0000000000,0.590000
3518,6973,48.1690139771,-60.0000000000,0.140000
3519,7116,48.1690139771,-57.5000000000,0.980000
3520,7259,48.1690139771,-55.0000000000,0.970000
3521,7402,48.1690139771,-52.5000000000,0.300000
3522,10119,48.1690139771,-5.0000000000,0.210000
3523,10262,48.1690139771,-2.5000000000,0.940000
3524,10405,48.1690139771,0.0000000000,1.000000
3525,10548,48.1690139771,2.5000000000,1.000000
3526,10691,48.1690139771,5.0000000000,1.000000
3527,10834,48.1690139771,7.5000000000,1.000000
3528,10977,48.1690139771,10.0000000000,1.000000
3529,11120,48.1690139771,12.5000000000,1.000000
3530,11263,48.1690139771,15.0000000000,1.000000
3531,11406,48.1690139771,17.5000000000,1.000000
3532,11549,48.1690139771,20.0000000000,1.000000
3533,11692,48.1690139771,22.5000000000,1.000000
3534,11835,48.1690139771,25.0000000000,1.000000
3535,11978,48.1690139771,27.5000000000,1.000000
3536,12121,48.1690139771,30.0000000000,1.000000
3537,12264,48.1690139771,32.5000000000,1.000000
3538,12407,48.1690139771,35.0000000000,1.000000
3539,12550,48.1690139771,37.5000000000,1.000000
3540,12693,48.1690139771,40.0000000000,1.000000
3541,12836,48.1690139771,42.5000000000,1.000000
3542,12979,48.1690139771,45.0000000000,1.000000
3543,13122,48.1690139771,47.5000000000,1.000000
3544,13265,48.1690139771,50.0000000000,1.000000
3545,13408,48.1690139771,52.5000000000,1.000000
3546,13551,48.1690139771,55.0000000000,1.000000
3547,13694,48.1690139771,57.5000000000,1.000000
3548,13837,48.1690139771,60.0000000000,1.000000
3549,13980,48.1690139771,62.5000000000,1.000000
3550,14123,48.1690139771,65.0000000000,1.000000
3551,14266,48.1690139771,67.5000000000,1.000000
3552,14409,48.1690139771,70.0000000000,1.000000
3553,14552,48.1690139771,72.5000000000,1.000000
3554,14695,48.1690139771,75.0000000000,1.000000
3555,14838,48.1690139771,77.5000000000,1.000000
3556,14981,48.1690139771,80.0000000000,1.000000
3557,15124,48.1690139771,82.5000000000,1.000000
3558,15267,48.1690139771,85.0000000000,1.000000
3559,15410,48.1690139771,87.5000000000,1.000000
3560,15553,48.1690139771,90.0000000000,1.000000
3561,15696,48.1690139771,92.5000000000,1.000000
3562,15839,48.1690139771,95.0000000000,1.000000
3563,15982,48.1690139771,97.5000000000,1.000000
3564,16125,48.1690139771,100.0000000000,1.000000
3565,16268,48.1690139771,102.5000000000,1.000000
3566,16411,48.1690139771,105.0000000000,1.000000
3567,16554,48.1690139771,107.5000000000,1.000000
3568,16697,48.1690139771,110.0000000000,1.000000
3569,16840,48.1690139771,112.5000000000,1.000000
3570,16983,48.1690139771,115.0000000000,1.000000
3571,17126,48.1690139771,117.5000000000,1.000000
3572,17269,48.1690139771,120.0000000000,1.000000
3573,17412,48.1690139771,122.5000000000,1.000000
3574,17555,48.1690139771,125.0000000000,1.000000
3575,17698,48.1690139771,127.5000000000,1.000000
3576,17841,48.1690139771,130.0000000000,1.000000
3577,17984,48.1690139771,132.5000000000,1.000000
3578,18127,48.1690139771,135.0000000000,1.000000
3579,18270,48.1690139771,137.5000000000,1.000000
3580,18413,48.1690139771,140.0000000000,0.390000
3581,18556,48.1690139771,142.5000000000,0.300000
3582,3113,49.4366188049,-127.5000000000,0.210000
3583,3256,49.4366188049,-125.0000000000,0.740000
3584,3399,49.4366188049,-122.5000000000,0.890000
3585,3542,49.4366188049,-120.0000000000,1.000000
3586,3685,49.4366188049,-117.5000000000,1.000000
3587,3828,49.4366188049,-115.0000000000,1.000000
3588,3971,49.4366188049,-112.5000000000,1.000000
3589,4114,49.4366188049,-110.0000000000,1.000000
3590,4257,49.4366188049,-107.5000000000,1.000000
3591,4400,49.4366188049,-105.0000000000,1.000000
3592,4543,49.4366188049,-102.5000000000,1.000000
3593,4686,49.4366188049,-100.0000000000,1.000000
3594,4829,49.4366188049,-97.5000000000,1.000000
3595,4972,49.4366188049,-95.0000000000,1.000000
3596,5115,49.4366188049,-92.5000000000,1.000000
3597,5258,49.4366188049,-90.0000000000,1.000000
3598,5401,49.4366188049,-87.5000000000,1.000000
3599,5544,49.4366188049,-85.0000000000,1.000000
3600,5687,49.4366188049,-82.5000000000,1.000000
3601,5830,49.4366188049,-80.0000000000,1.000000
3602,5973,49.4366188049,-77.5000000000,1.000000
3603,6116,49.4366188049,-75.0000000000,1.000000
3604,6259,49.4366188049,-72.5000000000,1.000000
3605,6402,49.4366188049,-70.0000000000,1.000000
3606,6545,49.4366188049,-67.5000000000,0.540000
3607,6688,49.4366188049,-65.0000000000,0.260000
3608,6831,49.4366188049,-62.5000000000,0.270000
3609,7117,49.4366188049,-57.5000000000,0.780000
3610,7260,49.4366188049,-55.0000000000,0.600000
3611,7403,49.4366188049,-52.5000000000,0.030000
3612,10263,49.4366188049,-2.5000000000,0.160000
3613,10406,49.4366188049,0.0000000000,0.710000
3614,10549,49.4366188049,2.5000000000,1.000000
3615,10692,49.4366188049,5.0000000000,1.000000
3616,10835,49.4366188049,7.5000000000,1.000000
3617,10978,49.4366188049,10.0000000000,1.000000
3618,11121,49.4366188049,12.5000000000,1.000000
3619,11264,49.4366188049,15.0000000000,1.000000
3620,11407,49.4366188049,17.5000000000,1.000000
3621,11550,49.4366188049,20.0000000000,1.000000
3622,11693,49.4366188049,22.5000000000,1.000000
3623,11836,49.4366188049,25.0000000000,1.000000
3624,11979,49.4366188049,27.5000000000,1.000000
3625,12122,49.4366188049,30.0000000000,1.000000
3626,12265,49.4366188049,32.5000000000,1.000000
3627,12408,49.4366188049,35.0000000000,1.000000
3628,12551,49.4366188049,37.5000000000,1.000000
3629,12694,49.4366188049,40.0000000000,1.000000
3630,12837,49.4366188049,42.5000000000,1.000000
3631,12980,49.4366188049,45.0000000000,1.000000
3632,13123,49.4366188049,47.5000000000,1.000000
3633,13266,49.4366188049,50.0000000000,1.000000
3634,13409,49.4366188049,52.5000000000,1.000000
3635,13552,49.4366188049,55.0000000000,1.000000
3636,13695,49.4366188049,57.5000000000,1.000000
3637,13838,49.4366188049,60.0000000000,1.000000
3638,13981,49.4366188049,62.5000000000,1.000000
3639,14124,49.4366188049,65.0000000000,1.000000
3640,14267,49.4366188049,67.5000000000,1.000000
3641,14410,49.4366188049,70.0000000000,1.000000
3642,14553,49.4366188049,72.5000000000,1.000000
3643,14696,49.4366188049,75.0000000000,1.000000
3644,14839,49.4366188049,77.5000000000,1.000000
3645,14982,49.4366188049,80.0000000000,1.000000
3646,15125,49.4366188049,82.5000000000,1.000000
3647,15268,49.4366188049,85.0000000000,1.000000
3648,15411,49.4366188049,87.5000000000,1.000000
3649,15554,49.4366188049,90.0000000000,1.000000
3650,15697,49.4366188049,92.5000000000,1.000000
3651,15840,49.4366188049,95.0000000000,1.000000
3652,15983,49.4366188049,97.5000000000,1.000000
3653,16126,49.4366188049,100.0000000000,1.000000
3654,16269,49.4366188049,102.5000000000,1.000000
3655,16412,49.4366188049,105.0000000000,1.000000
3656,16555,49.4366188049,107.5000000000,1.000000
3657,16698,49.4366188049,110.0000000000,1.000000
3658,16841,49.4366188049,112.5000000000,1.000000
3659,16984,49.4366188049,115.0000000000,1.000000
3660,17127,49.4366188049,117.5000000000,1.000000
3661,17270,49.4366188049,120.0000000000,1.000000
3662,17413,49.4366188049,122.5000000000,1.000000
3663,17556,49.4366188049,125.0000000000,1.000000
3664,17699,49.4366188049,127.5000000000,1.000000
3665,17842,49.4366188049,130.0000000000,1.000000
3666,17985,49.4366188049,132.5000000000,1.000000
3667,18128,49.4366188049,135.0000000000,1.000000
3668,18271,49.4366188049,137.5000000000,1.000000
3669,18414,49.4366188049,140.0000000000,0.640000
3670,18557,49.4366188049,142.5000000000,0.560000
3671,18700,49.4366188049,145.0000000000,0.180000
3672,3114,50.7042236328,-127.5000000000,0.580000
3673,3257,50.7042236328,-125.0000000000,0.930000
3674,3400,50.7042236328,-122.5000000000,1.000000
3675,3543,50.7042236328,-120.0000000000,1.000000
3676,3686,50.7042236328,-117.5000000000,1.000000
3677,3829,50.7042236328,-115.0000000000,1.000000
3678,3972,50.7042236328,-112.5000000000,1.000000
3679,4115,50.7042236328,-110.0000000000,1.000000
3680,4258,50.7042236328,-107.5000000000,1.000000
3681,4401,50.7042236328,-105.0000000000,1.000000
3682,4544,50.7042236328,-102.5000000000,1.000000
3683,4687,50.7042236328,-100.0000000000,1.000000
3684,4830,50.7042236328,-97.5000000000,1.000000
3685,4973,50.7042236328,-95.0000000000,1.000000
3686,5116,50.7042236328,-92.5000000000,1.000000
3687,5259,50.7042236328,-90.0000000000,1.000000
3688,5402,50.7042236328,-87.5000000000,1.000000
3689,5545,50.7042236328,-85.0000000000,1.000000
3690,5688,50.7042236328,-82.5000000000,1.000000
3691,5831,50.7042236328,-80.0000000000,0.990000
3692,5974,50.7042236328,-77.5000000000,1.000000
3693,6117,50.7042236328,-75.0000000000,1.000000
3694,6260,50.7042236328,-72.5000000000,1.000000
3695,6403,50.7042236328,-70.0000000000,1.000000
3696,6546,50.7042236328,-67.5000000000,0.990000
3697,6689,50.7042236328,-65.0000000000,0.810000
3698,6832,50.7042236328,-62.5000000000,0.930000
3699,6975,50.7042236328,-60.0000000000,0.720000
3700,7118,50.7042236328,-57.5000000000,0.460000
3701,7261,50.7042236328,-55.0000000000,0.090000
3702,10121,50.7042236328,-5.0000000000,0.420000
3703,10264,50.7042236328,-2.5000000000,0.620000
3704,10407,50.7042236328,0.0000000000,0.400000
3705,10550,50.7042236328,2.5000000000,0.800000
3706,10693,50.7042236328,5.0000000000,1.000000
3707,10836,50.7042236328,7.5000000000,1.000000
3708,10979,50.7042236328,10.0000000000,1.000000
3709,11122,50.7042236328,12.5000000000,1.000000
3710,11265,50.7042236328,15.0000000000,1.000000
3711,11408,50.7042236328,17.5000000000,1.000000
3712,11551,50.7042236328,20.0000000000,1.000000
3713,11694,50.7042236328,22.5000000000,1.000000
3714,11837,50.7042236328,25.0000000000,1.000000
3715,11980,50.7042236328,27.5000000000,1.000000
3716,12123,50.7042236328,30.0000000000,1.000000
3717,12266,50.7042236328,32.5000000000,1.000000
3718,12409,50.7042236328,35.0000000000,1.000000
3719,12552,50.7042236328,37.5000000000,1.000000
3720,12695,50.7042236328,40.0000000000,1.000000
3721,12838,50.7042236328,42.5000000000,1.000000
3722,12981,50.7042236328,45.0000000000,1.000000
3723,13124,50.7042236328,47.5000000000,1.000000
3724,13267,50.7042236328,50.0000000000,1.000000
3725,13410,50.7042236328,52.5000000000,1.000000
3726,13553,50.7042236328,55.0000000000,1.000000
3727,13696,50.7042236328,57.5000000000,1.000000
3728,13839,50.7042236328,60.0000000000,1.000000
3729,13982,50.7042236328,62.5000000000,1.000000
3730,14125,50.7042236328,65.0000000000,1.000000
3731,14268,50.7042236328,67.5000000000,1.000000
3732,14411,50.7042236328,70.0000000000,1.000000
3733,14554,50.7042236328,72.5000000000,1.000000
3734,14697,50.7042236328,75.0000000000,1.000000
3735,14840,50.7042236328,77.5000000000,1.000000
3736,14983,50.7042236328,80.0000000000,1.000000
3737,15126,50.7042236328,82.5000000000,1.000000
3738,15269,50.7042236328,85.0000000000,1.000000
3739,15412,50.7042236328,87.5000000000,1.000000
3740,15555,50.7042236328,90.0000000000,1.000000
3741,15698,50.7042236328,92.5000000000,1.000000
3742,15841,50.7042236328,95.0000000000,1.000000
3743,15984,50.7042236328,97.5000000000,1.000000
3744,16127,50.7042236328,100.0000000000,1.000000
3745,16270,50.7042236328,102.5000000000,1.000000
3746,16413,50.7042236328,105.0000000000,1.000000
3747,16556,50.7042236328,107.5000000000,1.000000
3748,16699,50.7042236328,110.0000000000,1.000000
3749,16842,50.7042236328,112.5000000000,1.000000
3750,16985,50.7042236328,115.0000000000,1.000000
3751,17128,50.7042236328,117.5000000000,1.000000
3752,17271,50.7042236328,120.0000000000,1.000000
3753,17414,50.7042236328,122.5000000000,1.000000
3754,17557,50.7042236328,125.0000000000,1.000000
3755,17700,50.7042236328,127.5000000000,1.000000
3756,17843,50.7042236328,130.0000000000,1.000000
3757,17986,50.7042236328,132.5000000000,1.000000
3758,18129,50.7042236328,135.0000000000,1.000000
3759,18272,50.7042236328,137.5000000000,1.000000
3760,18415,50.7042236328,140.0000000000,0.700000
3761,18558,50.7042236328,142.5000000000,0.580000
3762,18701,50.7042236328,145.0000000000,0.020000
3763,19416,50.7042236328,157.5000000000,0.030000
3764,2829,51.9718322754,-132.5000000000,0.060000
3765,3115,51.9718322754,-127.5000000000,0.690000
3766,3258,51.9718322754,-125.0000000000,1.000000
3767,3401,51.9718322754,-122.5000000000,1.000000
3768,3544,51.9718322754,-120.0000000000,1.000000
3769,3687,51.9718322754,-117.5000000000,1.000000
3770,3830,51.9718322754,-115.0000000000,1.000000
3771,3973,51.9718322754,-112.5000000000,1.000000
3772,4116,51.9718322754,-110.0000000000,1.000000
3773,4259,51.9718322754,-107.5000000000,1.000000
3774,4402,51.9718322754,-105.0000000000,1.000000
3775,4545,51.9718322754,-102.5000000000,1.000000
3776,4688,51.9718322754,-100.0000000000,1.000000
3777,4831,51.9718322754,-97.5000000000,1.000000
3778,4974,51.9718322754,-95.0000000000,1.000000
3779,5117,51.9718322754,-92.5000000000,1.000000
3780,5260,51.9718322754,-90.0000000000,1.000000
3781,5403,51.9718322754,-87.5000000000,1.000000
3782,5546,51.9718322754,-85.0000000000,1.000000
3783,5689,51.9718322754,-82.5000000000,0.950000
3784,5832,51.9718322754,-80.0000000000,0.220000
3785,5975,51.9718322754,-77.5000000000,0.990000
3786,6118,51.9718322754,-75.0000000000,1.000000
3787,6261,51.9718322754,-72.5000000000,1.000000
3788,6404,51.9718322754,-70.0000000000,1.000000
3789,6547,51.9718322754,-67.5000000000,1.000000
3790,6690,51.9718322754,-65.0000000000,1.000000
3791,6833,51.9718322754,-62.5000000000,1.000000
3792,6976,51.9718322754,-60.0000000000,1.000000
3793,7119,51.9718322754,-57.5000000000,0.910000
3794,7262,51.9718322754,-55.0000000000,0.150000
3795,9836,51.9718322754,-10.0000000000,0.250000
3796,9979,51.9718322754,-7.5000000000,0.430000
3797,10122,51.9718322754,-5.0000000000,0.340000
3798,10265,51.9718322754,-2.5000000000,0.990000
3799,10408,51.9718322754,0.0000000000,0.990000
3800,10551,51.9718322754,2.5000000000,0.070000
3801,10694,51.9718322754,5.0000000000,0.880000
3802,10837,51.9718322754,7.5000000000,1.000000
3803,10980,51.9718322754,10.0000000000,1.000000
3804,11123,51.9718322754,12.5000000000,1.000000
3805,11266,51.9718322754,15.0000000000,1.000000
3806,11409,51.9718322754,17.5000000000,1.000000
3807,11552,51.9718322754,20.0000000000,1.000000
3808,11695,51.9718322754,22.5000000000,1.000000
3809,11838,51.9718322754,25.0000000000,1.000000
3810,11981,51.9718322754,27.5000000000,1.000000
3811,12124,51.9718322754,30.0000000000,1.000000
3812,12267,51.9718322754,32.5000000000,1.000000
3813,12410,51.9718322754,35.0000000000,1.000000
3814,12553,51.9718322754,37.5000000000,1.000000
3815,12696,51.9718322754,40.0000000000,1.000000
3816,12839,51.9718322754,42.5000000000,1.000000
3817,12982,51.9718322754,45.0000000000,1.000000
3818,13125,51.9718322754,47.5000000000,1.000000
3819,13268,51.9718322754,50.0000000000,1.000000
3820,13411,51.9718322754,52.5000000000,1.000000
3821,13554,51.9718322754,55.0000000000,1.000000
3822,13697,51.9718322754,57.5000000000,1.000000
3823,13840,51.9718322754,60.0000000000,1.000000
3824,13983,51.9718322754,62.5000000000,1.000000
3825,14126,51.9718322754,65.0000000000,1.000000
3826,14269,51.9718322754,67.5000000000,1.000000
3827,14412,51.9718322754,70.0000000000,1.000000
3828,14555,51.9718322754,72.5000000000,1.000000
3829,14698,51.9718322754,75.0000000000,1.000000
3830,14841,51.9718322754,77.5000000000,1.000000
3831,14984,51.9718322754,80.0000000000,1.000000
3832,15127,51.9718322754,82.5000000000,1.000000
3833,15270,51.9718322754,85.0000000000,1.000000
3834,15413,51.9718322754,87.5000000000,1.000000
3835,15556,51.9718322754,90.0000000000,1.000000
3836,15699,51.9718322754,92.5000000000,1.000000
3837,15842,51.9718322754,95.0000000000,1.000000
3838,15985,51.9718322754,97.5000000000,1.000000
3839,16128,51.9718322754,100.0000000000,1.000000
3840,16271,51.9718322754,102.5000000000,1.000000
3841,16414,51.9718322754,105.0000000000,1.000000
3842,16557,51.9718322754,107.5000000000,1.000000
3843,16700,51.9718322754,110.0000000000,1.000000
3844,16843,51.9718322754,112.5000000000,1.000000
3845,16986,51.9718322754,115.0000000000,1.000000
3846,17129,51.9718322754,117.5000000000,1.000000
3847,17272,51.9718322754,120.0000000000,1.000000
3848,17415,51.9718322754,122.5000000000,1.000000
3849,17558,51.9718322754,125.0000000000,1.000000
3850,17701,51.9718322754,127.5000000000,1.000000
3851,17844,51.9718322754,130.0000000000,1.000000
3852,17987,51.9718322754,132.5000000000,1.000000
3853,18130,51.9718322754,135.0000000000,1.000000
3854,18273,51.9718322754,137.5000000000,1.000000
3855,18416,51.9718322754,140.0000000000,0.930000
3856,18559,51.9718322754,142.5000000000,0.650000
3857,19417,51.9718322754,157.5000000000,0.680000
3858,2830,53.2394371033,-132.5000000000,0.350000
3859,2973,53.2394371033,-130.0000000000,0.210000
3860,3116,53.2394371033,-127.5000000000,1.000000
3861,3259,53.2394371033,-125.0000000000,1.000000
3862,3402,53.2394371033,-122.5000000000,1.000000
3863,3545,53.2394371033,-120.0000000000,1.000000
3864,3688,53.2394371033,-117.5000000000,1.000000
3865,3831,53.2394371033,-115.0000000000,1.000000
3866,3974,53.2394371033,-112.5000000000,1.000000
3867,4117,53.2394371033,-110.0000000000,1.000000
3868,4260,53.2394371033,-107.5000000000,1.000000
3869,4403,53.2394371033,-105.0000000000,1.000000
3870,4546,53.2394371033,-102.5000000000,1.000000
3871,4689,53.2394371033,-100.0000000000,1.000000
3872,4832,53.2394371033,-97.5000000000,1.000000
3873,4975,53.2394371033,-95.0000000000,1.000000
3874,5118,53.2394371033,-92.5000000000,1.000000
3875,5261,53.2394371033,-90.0000000000,1.000000
3876,5404,53.2394371033,-87.5000000000,1.000000
3877,5547,53.2394371033,-85.0000000000,1.000000
3878,5690,53.2394371033,-82.5000000000,0.670000
3879,5833,53.2394371033,-80.0000000000,0.040000
3880,5976,53.2394371033,-77.5000000000,1.000000
3881,6119,53.2394371033,-75.0000000000,1.000000
3882,6262,53.2394371033,-72.5000000000,1.000000
3883,6405,53.2394371033,-70.0000000000,1.000000
3884,6548,53.2394371033,-67.5000000000,1.000000
3885,6691,53.2394371033,-65.0000000000,1.000000
3886,6834,53.2394371033,-62.5000000000,1.000000
3887,6977,53.2394371033,-60.0000000000,1.000000
3888,7120,53.2394371033,-57.5000000000,0.970000
3889,7263,53.2394371033,-55.0000000000,0.140000
3890,9837,53.2394371033,-10.0000000000,0.260000
3891,9980,53.2394371033,-7.5000000000,0.990000
3892,10123,53.2394371033,-5.0000000000,0.300000
3893,10266,53.2394371033,-2.5000000000,0.890000
3894,10409,53.2394371033,0.0000000000,0.670000
3895,10552,53.2394371033,2.5000000000,0.020000
3896,10695,53.2394371033,5.0000000000,0.370000
3897,10838,53.2394371033,7.5000000000,0.830000
3898,10981,53.2394371033,10.0000000000,1.000000
3899,11124,53.2394371033,12.5000000000,1.000000
3900,11267,53.2394371033,15.0000000000,0.990000
3901,11410,53.2394371033,17.5000000000,1.000000
3902,11553,53.2394371033,20.0000000000,1.000000
3903,11696,53.2394371033,22.5000000000,1.000000
3904,11839,53.2394371033,25.0000000000,1.000000
3905,11982,53.2394371033,27.5000000000,1.000000
3906,12125,53.2394371033,30.0000000000,1.000000
3907,12268,53.2394371033,32.5000000000,1.000000
3908,12411,53.2394371033,35.0000000000,1.000000
3909,12554,53.2394371033,37.5000000000,1.000000
3910,12697,53.2394371033,40.0000000000,1.000000
3911,12840,53.2394371033,42.5000000000,1.000000
3912,12983,53.2394371033,45.0000000000,1.000000
3913,13126,53.2394371033,47.5000000000,1.000000
3914,13269,53.2394371033,50.0000000000,1.000000
3915,13412,53.2394371033,52.5000000000,1.000000
3916,13555,53.2394371033,55.0000000000,1.000000
3917,13698,53.2394371033,57.5000000000,1.000000
3918,13841,53.2394371033,60.0000000000,1.000000
3919,13984,53.2394371033,62.5000000000,1.000000
3920,14127,53.2394371033,65.0000000000,1.000000
3921,14270,53.2394371033,67.5000000000,1.000000
3922,14413,53.2394371033,70.0000000000,1.000000
3923,14556,53.2394371033,72.5000000000,1.000000
3924,14699,53.2394371033,75.0000000000,1.000000
3925,14842,53.2394371033,77.5000000000,1.000000
3926,14985,53.2394371033,80.0000000000,1.000000
3927,15128,53.2394371033,82.5000000000,1.000000
3928,15271,53.2394371033,85.0000000000,1.000000
3929,15414,53.2394371033,87.5000000000,1.000000
3930,15557,53.2394371033,90.0000000000,1.000000
3931,15700,53.2394371033,92.5000000000,1.000000
3932,15843,53.2394371033,95.0000000000,1.000000
3933,15986,53.2394371033,97.5000000000,1.000000
3934,16129,53.2394371033,100.0000000000,1.000000
3935,16272,53.2394371033,102.5000000000,1.000000
3936,16415,53.2394371033,105.0000000000,1.000000
3937,16558,53.2394371033,107.5000000000,1.000000
3938,16701,53.2394371033,110.0000000000,1.000000
3939,16844,53.2394371033,112.5000000000,1.000000
3940,16987,53.2394371033,115.0000000000,1.000000
3941,17130,53.2394371033,117.5000000000,1.000000
3942,17273,53.2394371033,120.0000000000,1.000000
3943,17416,53.2394371033,122.5000000000,1.000000
3944,17559,53.2394371033,125.0000000000,1.000000
3945,17702,53.2394371033,127.5000000000,1.000000
3946,17845,53.2394371033,130.0000000000,1.000000
3947,17988,53.2394371033,132.5000000000,1.000000
3948,18131,53.2394371033,135.0000000000,1.000000
3949,18274,53.2394371033,137.5000000000,0.990000
3950,18417,53.2394371033,140.0000000000,0.900000
3951,18560,53.2394371033,142.5000000000,0.440000
3952,19275,53.2394371033,155.0000000000,0.110000
3953,19418,53.2394371033,157.5000000000,0.970000
3954,19561,53.2394371033,160.0000000000,0.330000
3955,972,54.5070419312,-165.0000000000,0.130000
3956,1115,54.5070419312,-162.5000000000,0.190000
3957,2831,54.5070419312,-132.5000000000,0.110000
3958,2974,54.5070419312,-130.0000000000,0.690000
3959,3117,54.5070419312,-127.5000000000,1.000000
3960,3260,54.5070419312,-125.0000000000,1.000000
3961,3403,54.5070419312,-122.5000000000,1.000000
3962,3546,54.5070419312,-120.0000000000,1.000000
3963,3689,54.5070419312,-117.5000000000,1.000000
3964,3832,54.5070419312,-115.0000000000,1.000000
3965,3975,54.5070419312,-112.5000000000,1.000000
3966,4118,54.5070419312,-110.0000000000,1.000000
3967,4261,54.5070419312,-107.5000000000,1.000000
3968,4404,54.5070419312,-105.0000000000,1.000000
3969,4547,54.5070419312,-102.5000000000,1.000000
3970,4690,54.5070419312,-100.0000000000,1.000000
3971,4833,54.5070419312,-97.5000000000,1.000000
3972,4976,54.5070419312,-95.0000000000,1.000000
3973,5119,54.5070419312,-92.5000000000,1.000000
3974,5262,54.5070419312,-90.0000000000,1.000000
3975,5405,54.5070419312,-87.5000000000,1.000000
3976,5548,54.5070419312,-85.0000000000,1.000000
3977,5691,54.5070419312,-82.5000000000,0.560000
3978,5834,54.5070419312,-80.0000000000,0.190000
3979,5977,54.5070419312,-77.5000000000,0.990000
3980,6120,54.5070419312,-75.0000000000,1.000000
3981,6263,54.5070419312,-72.5000000000,1.000000
3982,6406,54.5070419312,-70.0000000000,1.000000
3983,6549,54.5070419312,-67.5000000000,1.000000
3984,6692,54.5070419312,-65.0000000000,1.000000
3985,6835,54.5070419312,-62.5000000000,1.000000
3986,6978,54.5070419312,-60.0000000000,1.000000
3987,7121,54.5070419312,-57.5000000000,0.500000
3988,9838,54.5070419312,-10.0000000000,0.080000
3989,9981,54.5070419312,-7.5000000000,0.850000
3990,10124,54.5070419312,-5.0000000000,0.250000
3991,10267,54.5070419312,-2.5000000000,0.870000
3992,10410,54.5070419312,0.0000000000,0.200000
3993,10839,54.5070419312,7.5000000000,0.070000
3994,10982,54.5070419312,10.0000000000,0.680000
3995,11125,54.5070419312,12.5000000000,0.330000
3996,11268,54.5070419312,15.0000000000,0.190000
3997,11411,54.5070419312,17.5000000000,0.660000
3998,11554,54.5070419312,20.0000000000,0.700000
3999,11697,54.5070419312,22.5000000000,1.000000
4000,11840,54.5070419312,25.0000000000,1.000000
4001,11983,54.5070419312,27.5000000000,1.000000
4002,12126,54.5070419312,30.0000000000,1.000000
4003,12269,54.5070419312,32.5000000000,1.000000
4004,12412,54.5070419312,35.0000000000,1.000000
4005,12555,54.5070419312,37.5000000000,1.000000
4006,12698,54.5070419312,40.0000000000,1.000000
4007,12841,54.5070419312,42.5000000000,1.000000
4008,12984,54.5070419312,45.0000000000,1.000000
4009,13127,54.5070419312,47.5000000000,1.000000
4010,13270,54.5070419312,50.0000000000,1.000000
4011,13413,54.5070419312,52.5000000000,1.000000
4012,13556,54.5070419312,55.0000000000,1.000000
4013,13699,54.5070419312,57.5000000000,1.000000
4014,13842,54.5070419312,60.0000000000,1.000000
4015,13985,54.5070419312,62.5000000000,1.000000
4016,14128,54.5070419312,65.0000000000,1.000000
4017,14271,54.5070419312,67.5000000000,1.000000
4018,14414,54.5070419312,70.0000000000,1.000000
4019,14557,54.5070419312,72.5000000000,1.000000
4020,14700,54.5070419312,75.0000000000,1.000000
4021,14843,54.5070419312,77.5000000000,1.000000
4022,14986,54.5070419312,80.0000000000,1.000000
4023,15129,54.5070419312,82.5000000000,1.000000
4024,15272,54.5070419312,85.0000000000,1.000000
4025,15415,54.5070419312,87.5000000000,1.000000
4026,15558,54.5070419312,90.0000000000,1.000000
4027,15701,54.5070419312,92.5000000000,1.000000
4028,15844,54.5070419312,95.0000000000,1.000000
4029,15987,54.5070419312,97.5000000000,1.000000
4030,16130,54.5070419312,100.0000000000,1.000000
4031,16273,54.5070419312,102.5000000000,1.000000
4032,16416,54.5070419312,105.0000000000,1.000000
4033,16559,54.5070419312,107.5000000000,1.000000
4034,16702,54.5070419312,110.0000000000,1.000000
4035,16845,54.5070419312,112.5000000000,1.000000
4036,16988,54.5070419312,115.0000000000,1.000000
4037,17131,54.5070419312,117.5000000000,1.000000
4038,17274,54.5070419312,120.0000000000,1.000000
4039,17417,54.5070419312,122.5000000000,1.000000
4040,17560,54.5070419312,125.0000000000,1.000000
4041,17703,54.5070419312,127.5000000000,1.000000
4042,17846,54.5070419312,130.0000000000,1.000000
4043,17989,54.5070419312,132.5000000000,1.000000
4044,18132,54.5070419312,135.0000000000,0.880000
4045,18275,54.5070419312,137.5000000000,0.200000
4046,18418,54.5070419312,140.0000000000,0.160000
4047,18561,54.5070419312,142.5000000000,0.060000
4048,19276,54.5070419312,155.0000000000,0.240000
4049,19419,54.5070419312,157.5000000000,1.000000
4050,19562,54.5070419312,160.0000000000,0.820000
4051,19705,54.5070419312,162.5000000000,0.100000
4052,1116,55.7746467590,-162.5000000000,0.310000
4053,1259,55.7746467590,-160.0000000000,0.510000
4054,1402,55.7746467590,-157.5000000000,0.070000
4055,2832,55.7746467590,-132.5000000000,0.270000
4056,2975,55.7746467590,-130.0000000000,1.000000
4057,3118,55.7746467590,-127.5000000000,1.000000
4058,3261,55.7746467590,-125.0000000000,1.000000
4059,3404,55.7746467590,-122.5000000000,1.000000
4060,3547,55.7746467590,-120.0000000000,1.000000
4061,3690,55.7746467590,-117.5000000000,1.000000
4062,3833,55.7746467590,-115.0000000000,1.000000
4063,3976,55.7746467590,-112.5000000000,1.000000
4064,4119,55.7746467590,-110.0000000000,1.000000
4065,4262,55.7746467590,-107.5000000000,1.000000
4066,4405,55.7746467590,-105.0000000000,1.000000
4067,4548,55.7746467590,-102.5000000000,1.000000
4068,4691,55.7746467590,-100.0000000000,1.000000
4069,4834,55.7746467590,-97.5000000000,1.000000
4070,4977,55.7746467590,-95.0000000000,1.000000
4071,5120,55.7746467590,-92.5000000000,1.000000
4072,5263,55.7746467590,-90.0000000000,1.000000
4073,5406,55.7746467590,-87.5000000000,0.780000
4074,5549,55.7746467590,-85.0000000000,0.210000
4075,5692,55.7746467590,-82.5000000000,0.030000
4076,5978,55.7746467590,-77.5000000000,0.420000
4077,6121,55.7746467590,-75.0000000000,1.000000
4078,6264,55.7746467590,-72.5000000000,1.000000
4079,6407,55.7746467590,-70.0000000000,1.000000
4080,6550,55.7746467590,-67.5000000000,1.000000
4081,6693,55.7746467590,-65.0000000000,1.000000
4082,6836,55.7746467590,-62.5000000000,0.970000
4083,6979,55.7746467590,-60.0000000000,0.300000
4084,10125,55.7746467590,-5.0000000000,0.630000
4085,10268,55.7746467590,-2.5000000000,0.610000
4086,10840,55.7746467590,7.5000000000,0.270000
4087,10983,55.7746467590,10.0000000000,0.580000
4088,11126,55.7746467590,12.5000000000,0.680000
4089,11269,55.7746467590,15.0000000000,0.330000
4090,11555,55.7746467590,20.0000000000,0.050000
4091,11698,55.7746467590,22.5000000000,1.000000
4092,11841,55.7746467590,25.0000000000,1.000000
4093,11984,55.7746467590,27.5000000000,1.000000
4094,12127,55.7746467590,30.0000000000,1.000000
4095,12270,55.7746467590,32.5000000000,1.000000
4096,12413,55.7746467590,35.0000000000,1.000000
4097,12556,55.7746467590,37.5000000000,1.000000
4098,12699,55.7746467590,40.0000000000,1.000000
4099,12842,55.7746467590,42.5000000000,1.000000
4100,12985,55.7746467590,45.0000000000,1.000000
4101,13128,55.7746467590,47.5000000000,1.000000
4102,13271,55.7746467590,50.0000000000,1.000000
4103,13414,55.7746467590,52.5000000000,1.000000
4104,13557,55.7746467590,55.0000000000,1.000000
4105,13700,55.7746467590,57.5000000000,1.000000
4106,13843,55.7746467590,60.0000000000,1.000000
4107,13986,55.7746467590,62.5000000000,1.000000
4108,14129,55.7746467590,65.0000000000,1.000000
4109,14272,55.7746467590,67.5000000000,1.000000
4110,14415,55.7746467590,70.0000000000,1.000000
4111,14558,55.7746467590,72.5000000000,1.000000
4112,14701,55.7746467590,75.0000000000,1.000000
4113,14844,55.7746467590,77.5000000000,1.000000
4114,14987,55.7746467590,80.0000000000,1.000000
4115,15130,55.7746467590,82.5000000000,1.000000
4116,15273,55.7746467590,85.0000000000,1.000000
4117,15416,55.7746467590,87.5000000000,1.000000
4118,15559,55.7746467590,90.0000000000,1.000000
4119,15702,55.7746467590,92.5000000000,1.000000
4120,15845,55.7746467590,95.0000000000,1.000000
4121,15988,55.7746467590,97.5000000000,1.000000
4122,16131,55.7746467590,100.0000000000,1.000000
4123,16274,55.7746467590,102.5000000000,1.000000
4124,16417,55.7746467590,105.0000000000,1.000000
4125,16560,55.7746467590,107.5000000000,1.000000
4126,16703,55.7746467590,110.0000000000,1.000000
4127,16846,55.7746467590,112.5000000000,1.000000
4128,16989,55.7746467590,115.0000000000,1.000000
4129,17132,55.7746467590,117.5000000000,1.000000
4130,17275,55.7746467590,120.0000000000,1.000000
4131,17418,55.7746467590,122.5000000000,1.000000
4132,17561,55.7746467590,125.0000000000,1.000000
4133,17704,55.7746467590,127.5000000000,1.000000
4134,17847,55.7746467590,130.0000000000,1.000000
4135,17990,55.7746467590,132.5000000000,1.000000
4136,18133,55.7746467590,135.0000000000,0.980000
4137,18276,55.7746467590,137.5000000000,0.250000
4138,19277,55.7746467590,155.0000000000,0.260000
4139,19420,55.7746467590,157.5000000000,1.000000
4140,19563,55.7746467590,160.0000000000,1.000000
4141,19706,55.7746467590,162.5000000000,0.340000
4142,1260,57.0422554016,-160.0000000000,0.120000
4143,1403,57.0422554016,-157.5000000000,0.660000
4144,1546,57.0422554016,-155.0000000000,0.230000
4145,1689,57.0422554016,-152.5000000000,0.260000
4146,2833,57.0422554016,-132.5000000000,0.790000
4147,2976,57.0422554016,-130.0000000000,1.000000
4148,3119,57.0422554016,-127.5000000000,1.000000
4149,3262,57.0422554016,-125.0000000000,1.000000
4150,3405,57.0422554016,-122.5000000000,1.000000
4151,3548,57.0422554016,-120.0000000000,1.000000
4152,3691,57.0422554016,-117.5000000000,1.000000
4153,3834,57.0422554016,-115.0000000000,1.000000
4154,3977,57.0422554016,-112.5000000000,1.000000
4155,4120,57.0422554016,-110.0000000000,1.000000
4156,4263,57.0422554016,-107.5000000000,1.000000
4157,4406,57.0422554016,-105.0000000000,1.000000
4158,4549,57.0422554016,-102.5000000000,1.000000
4159,4692,57.0422554016,-100.0000000000,1.000000
4160,4835,57.0422554016,-97.5000000000,1.000000
4161,4978,57.0422554016,-95.0000000000,1.000000
4162,5121,57.0422554016,-92.5000000000,0.800000
4163,5264,57.0422554016,-90.0000000000,0.520000
4164,5407,57.0422554016,-87.5000000000,0.050000
4165,5979,57.0422554016,-77.5000000000,0.150000
4166,6122,57.0422554016,-75.0000000000,1.000000
4167,6265,57.0422554016,-72.5000000000,1.000000
4168,6408,57.0422554016,-70.0000000000,1.000000
4169,6551,57.0422554016,-67.5000000000,1.000000
4170,6694,57.0422554016,-65.0000000000,1.000000
4171,6837,57.0422554016,-62.5000000000,0.830000
4172,10126,57.0422554016,-5.0000000000,0.880000
4173,10269,57.0422554016,-2.5000000000,0.620000
4174,10841,57.0422554016,7.5000000000,0.110000
4175,10984,57.0422554016,10.0000000000,0.500000
4176,11127,57.0422554016,12.5000000000,0.660000
4177,11270,57.0422554016,15.0000000000,0.990000
4178,11413,57.0422554016,17.5000000000,0.060000
4179,11556,57.0422554016,20.0000000000,0.030000
4180,11699,57.0422554016,22.5000000000,0.760000
4181,11842,57.0422554016,25.0000000000,0.900000
4182,11985,57.0422554016,27.5000000000,1.000000
4183,12128,57.0422554016,30.0000000000,1.000000
4184,12271,57.0422554016,32.5000000000,1.000000
4185,12414,57.0422554016,35.0000000000,1.000000
4186,12557,57.0422554016,37.5000000000,1.000000
4187,12700,57.0422554016,40.0000000000,1.000000
4188,12843,57.0422554016,42.5000000000,1.000000
4189,12986,57.0422554016,45.0000000000,1.000000
4190,13129,57.0422554016,47.5000000000,1.000000
4191,13272,57.0422554016,50.0000000000,1.000000
4192,13415,57.0422554016,52.5000000000,1.000000
4193,13558,57.0422554016,55.0000000000,1.000000
4194,13701,57.0422554016,57.5000000000,1.000000
4195,13844,57.0422554016,60.0000000000,1.000000
4196,13987,57.0422554016,62.5000000000,1.000000
4197,14130,57.0422554016,65.0000000000,1.000000
4198,14273,57.0422554016,67.5000000000,1.000000
4199,14416,57.0422554016,70.0000000000,1.000000
4200,14559,57.0422554016,72.5000000000,1.000000
4201,14702,57.0422554016,75.0000000000,1.000000
4202,14845,57.0422554016,77.5000000000,1.000000
4203,14988,57.0422554016,80.0000000000,1.000000
4204,15131,57.0422554016,82.5000000000,1.000000
4205,15274,57.0422554016,85.0000000000,1.000000
4206,15417,57.0422554016,87.5000000000,1.000000
4207,15560,57.0422554016,90.0000000000,1.000000
4208,15703,57.0422554016,92.5000000000,1.000000
4209,15846,57.0422554016,95.0000000000,1.000000
4210,15989,57.0422554016,97.5000000000,1.000000
4211,16132,57.0422554016,100.0000000000,1.000000
4212,16275,57.0422554016,102.5000000000,1.000000
4213,16418,57.0422554016,105.0000000000,1.000000
4214,16561,57.0422554016,107.5000000000,1.000000
4215,16704,57.0422554016,110.0000000000,1.000000
4216,16847,57.0422554016,112.5000000000,1.000000
4217,16990,57.0422554016,115.0000000000,1.000000
4218,17133,57.0422554016,117.5000000000,1.000000
4219,17276,57.0422554016,120.0000000000,1.000000
4220,17419,57.0422554016,122.5000000000,1.000000
4221,17562,57.0422554016,125.0000000000,1.000000
4222,17705,57.0422554016,127.5000000000,1.000000
4223,17848,57.0422554016,130.0000000000,1.000000
4224,17991,57.0422554016,132.5000000000,1.000000
4225,18134,57.0422554016,135.0000000000,1.000000
4226,18277,57.0422554016,137.5000000000,0.920000
4227,18420,57.0422554016,140.0000000000,0.130000
4228,19278,57.0422554016,155.0000000000,0.060000
4229,19421,57.0422554016,157.5000000000,0.920000
4230,19564,57.0422554016,160.0000000000,1.000000
4231,19707,57.0422554016,162.5000000000,0.760000
4232,1118,58.3098602295,-162.5000000000,0.060000
4233,1261,58.3098602295,-160.0000000000,0.150000
4234,1404,58.3098602295,-157.5000000000,0.590000
4235,1547,58.3098602295,-155.0000000000,0.820000
4236,1690,58.3098602295,-152.5000000000,0.140000
4237,2548,58.3098602295,-137.5000000000,0.360000
4238,2691,58.3098602295,-135.0000000000,0.630000
4239,2834,58.3098602295,-132.5000000000,1.000000
4240,2977,58.3098602295,-130.0000000000,1.000000
4241,3120,58.3098602295,-127.5000000000,1.000000
4242,3263,58.3098602295,-125.0000000000,1.000000
4243,3406,58.3098602295,-122.5000000000,1.000000
4244,3549,58.3098602295,-120.0000000000,1.000000
4245,3692,58.3098602295,-117.5000000000,1.000000
4246,3835,58.3098602295,-115.0000000000,1.000000
4247,3978,58.3098602295,-112.5000000000,1.000000
4248,4121,58.3098602295,-110.0000000000,1.000000
4249,4264,58.3098602295,-107.5000000000,1.000000
4250,4407,58.3098602295,-105.0000000000,1.000000
4251,4550,58.3098602295,-102.5000000000,1.000000
4252,4693,58.3098602295,-100.0000000000,1.000000
4253,4836,58.3098602295,-97.5000000000,1.000000
4254,4979,58.3098602295,-95.0000000000,0.990000
4255,5122,58.3098602295,-92.5000000000,0.280000
4256,5980,58.3098602295,-77.5000000000,0.600000
4257,6123,58.3098602295,-75.0000000000,1.000000
4258,6266,58.3098602295,-72.5000000000,1.000000
4259,6409,58.3098602295,-70.0000000000,1.000000
4260,6552,58.3098602295,-67.5000000000,0.680000
4261,6695,58.3098602295,-65.0000000000,0.990000
4262,6838,58.3098602295,-62.5000000000,0.450000
4263,10127,58.3098602295,-5.0000000000,0.480000
4264,10270,58.3098602295,-2.5000000000,0.060000
4265,10699,58.3098602295,5.0000000000,0.090000
4266,10842,58.3098602295,7.5000000000,0.560000
4267,10985,58.3098602295,10.0000000000,0.070000
4268,11128,58.3098602295,12.5000000000,0.950000
4269,11271,58.3098602295,15.0000000000,1.000000
4270,11414,58.3098602295,17.5000000000,0.230000
4271,11700,58.3098602295,22.5000000000,0.030000
4272,11843,58.3098602295,25.0000000000,0.880000
4273,11986,58.3098602295,27.5000000000,1.000000
4274,12129,58.3098602295,30.0000000000,1.000000
4275,12272,58.3098602295,32.5000000000,1.000000
4276,12415,58.3098602295,35.0000000000,1.000000
4277,12558,58.3098602295,37.5000000000,1.000000
4278,12701,58.3098602295,40.0000000000,1.000000
4279,12844,58.3098602295,42.5000000000,1.000000
4280,12987,58.3098602295,45.0000000000,1.000000
4281,13130,58.3098602295,47.5000000000,1.000000
4282,13273,58.3098602295,50.0000000000,1.000000
4283,13416,58.3098602295,52.5000000000,1.000000
4284,13559,58.3098602295,55.0000000000,1.000000
4285,13702,58.3098602295,57.5000000000,1.000000
4286,13845,58.3098602295,60.0000000000,1.000000
4287,13988,58.3098602295,62.5000000000,1.000000
4288,14131,58.3098602295,65.0000000000,1.000000
4289,14274,58.3098602295,67.5000000000,1.000000
4290,14417,58.3098602295,70.0000000000,1.000000
4291,14560,58.3098602295,72.5000000000,1.000000
4292,14703,58.3098602295,75.0000000000,1.000000
4293,14846,58.3098602295,77.5000000000,1.000000
4294,14989,58.3098602295,80.0000000000,1.000000
4295,15132,58.3098602295,82.5000000000,1.000000
4296,15275,58.3098602295,85.0000000000,1.000000
4297,15418,58.3098602295,87.5000000000,1.000000
4298,15561,58.3098602295,90.0000000000,1.000000
4299,15704,58.3098602295,92.5000000000,1.000000
4300,15847,58.3098602295,95.0000000000,1.000000
4301,15990,58.3098602295,97.5000000000,1.000000
4302,16133,58.3098602295,100.0000000000,1.000000
4303,16276,58.3098602295,102.5000000000,1.000000
4304,16419,58.3098602295,105.0000000000,1.000000
4305,16562,58.3098602295,107.5000000000,1.000000
4306,16705,58.3098602295,110.0000000000,1.000000
4307,16848,58.3098602295,112.5000000000,1.000000
4308,16991,58.3098602295,115.0000000000,1.000000
4309,17134,58.3098602295,117.5000000000,1.000000
4310,17277,58.3098602295,120.0000000000,1.000000
4311,17420,58.3098602295,122.5000000000,1.000000
4312,17563,58.3098602295,125.0000000000,1.000000
4313,17706,58.3098602295,127.5000000000,1.000000
4314,17849,58.3098602295,130.0000000000,1.000000
4315,17992,58.3098602295,132.5000000000,1.000000
4316,18135,58.3098602295,135.0000000000,1.000000
4317,18278,58.3098602295,137.5000000000,1.000000
4318,18421,58.3098602295,140.0000000000,0.840000
4319,18564,58.3098602295,142.5000000000,0.060000
4320,19136,58.3098602295,152.5000000000,0.060000
4321,19422,58.3098602295,157.5000000000,0.190000
4322,19565,58.3098602295,160.0000000000,0.920000
4323,19708,58.3098602295,162.5000000000,0.420000
4324,833,59.5774650574,-167.5000000000,0.090000
4325,976,59.5774650574,-165.0000000000,0.130000
4326,1119,59.5774650574,-162.5000000000,0.470000
4327,1262,59.5774650574,-160.0000000000,0.990000
4328,1405,59.5774650574,-157.5000000000,1.000000
4329,1548,59.5774650574,-155.0000000000,0.980000
4330,1691,59.5774650574,-152.5000000000,0.320000
4331,1834,59.5774650574,-150.0000000000,0.490000
4332,1977,59.5774650574,-147.5000000000,0.060000
4333,2120,59.5774650574,-145.0000000000,0.040000
4334,2263,59.5774650574,-142.5000000000,0.170000
4335,2406,59.5774650574,-140.0000000000,0.560000
4336,2549,59.5774650574,-137.5000000000,1.000000
4337,2692,59.5774650574,-135.0000000000,1.000000
4338,2835,59.5774650574,-132.5000000000,1.000000
4339,2978,59.5774650574,-130.0000000000,1.000000
4340,3121,59.5774650574,-127.5000000000,1.000000
4341,3264,59.5774650574,-125.0000000000,1.000000
4342,3407,59.5774650574,-122.5000000000,1.000000
4343,3550,59.5774650574,-120.0000000000,1.000000
4344,3693,59.5774650574,-117.5000000000,1.000000
4345,3836,59.5774650574,-115.0000000000,1.000000
4346,3979,59.5774650574,-112.5000000000,1.000000
4347,4122,59.5774650574,-110.0000000000,1.000000
4348,4265,59.5774650574,-107.5000000000,1.000000
4349,4408,59.5774650574,-105.0000000000,1.000000
4350,4551,59.5774650574,-102.5000000000,1.000000
4351,4694,59.5774650574,-100.0000000000,1.000000
4352,4837,59.5774650574,-97.5000000000,1.000000
4353,4980,59.5774650574,-95.0000000000,0.610000
4354,5981,59.5774650574,-77.5000000000,0.590000
4355,6124,59.5774650574,-75.0000000000,1.000000
4356,6267,59.5774650574,-72.5000000000,1.000000
4357,6410,59.5774650574,-70.0000000000,0.730000
4358,6696,59.5774650574,-65.0000000000,0.600000
4359,6839,59.5774650574,-62.5000000000,0.040000
4360,7840,59.5774650574,-45.0000000000,0.050000
4361,7983,59.5774650574,-42.5000000000,0.020000
4362,10700,59.5774650574,5.0000000000,0.360000
4363,10843,59.5774650574,7.5000000000,1.000000
4364,10986,59.5774650574,10.0000000000,0.880000
4365,11129,59.5774650574,12.5000000000,1.000000
4366,11272,59.5774650574,15.0000000000,1.000000
4367,11415,59.5774650574,17.5000000000,0.850000
4368,11701,59.5774650574,22.5000000000,0.150000
4369,11844,59.5774650574,25.0000000000,0.500000
4370,11987,59.5774650574,27.5000000000,0.470000
4371,12130,59.5774650574,30.0000000000,0.990000
4372,12273,59.5774650574,32.5000000000,1.000000
4373,12416,59.5774650574,35.0000000000,1.000000
4374,12559,59.5774650574,37.5000000000,1.000000
4375,12702,59.5774650574,40.0000000000,1.000000
4376,12845,59.5774650574,42.5000000000,1.000000
4377,12988,59.5774650574,45.0000000000,1.000000
4378,13131,59.5774650574,47.5000000000,1.000000
4379,13274,59.5774650574,50.0000000000,1.000000
4380,13417,59.5774650574,52.5000000000,1.000000
4381,13560,59.5774650574,55.0000000000,1.000000
4382,13703,59.5774650574,57.5000000000,1.000000
4383,13846,59.5774650574,60.0000000000,1.000000
4384,13989,59.5774650574,62.5000000000,1.000000
4385,14132,59.5774650574,65.0000000000,1.000000
4386,14275,59.5774650574,67.5000000000,1.000000
4387,14418,59.5774650574,70.0000000000,1.000000
4388,14561,59.5774650574,72.5000000000,1.000000
4389,14704,59.5774650574,75.0000000000,1.000000
4390,14847,59.5774650574,77.5000000000,1.000000
4391,14990,59.5774650574,80.0000000000,1.000000
4392,15133,59.5774650574,82.5000000000,1.000000
4393,15276,59.5774650574,85.0000000000,1.000000
4394,15419,59.5774650574,87.5000000000,1.000000
4395,15562,59.5774650574,90.0000000000,1.000000
4396,15705,59.5774650574,92.5000000000,1.000000
4397,15848,59.5774650574,95.0000000000,1.000000
4398,15991,59.5774650574,97.5000000000,1.000000
4399,16134,59.5774650574,100.0000000000,1.000000
4400,16277,59.5774650574,102.5000000000,1.000000
4401,16420,59.5774650574,105.0000000000,1.000000
4402,16563,59.5774650574,107.5000000000,1.000000
4403,16706,59.5774650574,110.0000000000,1.000000
4404,16849,59.5774650574,112.5000000000,1.000000
4405,16992,59.5774650574,115.0000000000,1.000000
4406,17135,59.5774650574,117.5000000000,1.000000
4407,17278,59.5774650574,120.0000000000,1.000000
4408,17421,59.5774650574,122.5000000000,1.000000
4409,17564,59.5774650574,125.0000000000,1.000000
4410,17707,59.5774650574,127.5000000000,1.000000
4411,17850,59.5774650574,130.0000000000,1.000000
4412,17993,59.5774650574,132.5000000000,1.000000
4413,18136,59.5774650574,135.0000000000,1.000000
4414,18279,59.5774650574,137.5000000000,1.000000
4415,18422,59.5774650574,140.0000000000,1.000000
4416,18565,59.5774650574,142.5000000000,0.920000
4417,18708,59.5774650574,145.0000000000,0.740000
4418,18851,59.5774650574,147.5000000000,0.780000
4419,18994,59.5774650574,150.0000000000,0.530000
4420,19137,59.5774650574,152.5000000000,1.000000
4421,19280,59.5774650574,155.0000000000,0.320000
4422,19566,59.5774650574,160.0000000000,0.270000
4423,19709,59.5774650574,162.5000000000,0.850000
4424,19852,59.5774650574,165.0000000000,0.260000
4425,19995,59.5774650574,167.5000000000,0.100000
4426,20138,59.5774650574,170.0000000000,0.050000
4427,834,60.8450698853,-167.5000000000,0.030000
4428,977,60.8450698853,-165.0000000000,0.650000
4429,1120,60.8450698853,-162.5000000000,1.000000
4430,1263,60.8450698853,-160.0000000000,1.000000
4431,1406,60.8450698853,-157.5000000000,1.000000
4432,1549,60.8450698853,-155.0000000000,1.000000
4433,1692,60.8450698853,-152.5000000000,0.870000
4434,1835,60.8450698853,-150.0000000000,0.920000
4435,1978,60.8450698853,-147.5000000000,0.660000
4436,2121,60.8450698853,-145.0000000000,0.930000
4437,2264,60.8450698853,-142.5000000000,1.000000
4438,2407,60.8450698853,-140.0000000000,1.000000
4439,2550,60.8450698853,-137.5000000000,1.000000
4440,2693,60.8450698853,-135.0000000000,1.000000
4441,2836,60.8450698853,-132.5000000000,1.000000
4442,2979,60.8450698853,-130.0000000000,1.000000
4443,3122,60.8450698853,-127.5000000000,1.000000
4444,3265,60.8450698853,-125.0000000000,1.000000
4445,3408,60.8450698853,-122.5000000000,1.000000
4446,3551,60.8450698853,-120.0000000000,1.000000
4447,3694,60.8450698853,-117.5000000000,1.000000
4448,3837,60.8450698853,-115.0000000000,1.000000
4449,3980,60.8450698853,-112.5000000000,1.000000
4450,4123,60.8450698853,-110.0000000000,1.000000
4451,4266,60.8450698853,-107.5000000000,1.000000
4452,4409,60.8450698853,-105.0000000000,1.000000
4453,4552,60.8450698853,-102.5000000000,1.000000
4454,4695,60.8450698853,-100.0000000000,1.000000
4455,4838,60.8450698853,-97.5000000000,1.000000
4456,4981,60.8450698853,-95.0000000000,0.830000
4457,5982,60.8450698853,-77.5000000000,0.600000
4458,6125,60.8450698853,-75.0000000000,1.000000
4459,6268,60.8450698853,-72.5000000000,0.970000
4460,6411,60.8450698853,-70.0000000000,0.490000
4461,6697,60.8450698853,-65.0000000000,0.010000
4462,7555,60.8450698853,-50.0000000000,0.030000
4463,7698,60.8450698853,-47.5000000000,0.470000
4464,7841,60.8450698853,-45.0000000000,0.900000
4465,7984,60.8450698853,-42.5000000000,0.300000
4466,10701,60.8450698853,5.0000000000,0.440000
4467,10844,60.8450698853,7.5000000000,1.000000
4468,10987,60.8450698853,10.0000000000,1.000000
4469,11130,60.8450698853,12.5000000000,1.000000
4470,11273,60.8450698853,15.0000000000,1.000000
4471,11416,60.8450698853,17.5000000000,0.580000
4472,11702,60.8450698853,22.5000000000,0.830000
4473,11845,60.8450698853,25.0000000000,0.970000
4474,11988,60.8450698853,27.5000000000,0.830000
4475,12131,60.8450698853,30.0000000000,1.000000
4476,12274,60.8450698853,32.5000000000,1.000000
4477,12417,60.8450698853,35.0000000000,1.000000
4478,12560,60.8450698853,37.5000000000,1.000000
4479,12703,60.8450698853,40.0000000000,1.000000
4480,12846,60.8450698853,42.5000000000,1.000000
4481,12989,60.8450698853,45.0000000000,1.000000
4482,13132,60.8450698853,47.5000000000,1.000000
4483,13275,60.8450698853,50.0000000000,1.000000
4484,13418,60.8450698853,52.5000000000,1.000000
4485,13561,60.8450698853,55.0000000000,1.000000
4486,13704,60.8450698853,57.5000000000,1.000000
4487,13847,60.8450698853,60.0000000000,1.000000
4488,13990,60.8450698853,62.5000000000,1.000000
4489,14133,60.8450698853,65.0000000000,1.000000
4490,14276,60.8450698853,67.5000000000,1.000000
4491,14419,60.8450698853,70.0000000000,1.000000
4492,14562,60.8450698853,72.5000000000,1.000000
4493,14705,60.8450698853,75.0000000000,1.000000
4494,14848,60.8450698853,77.5000000000,1.000000
4495,14991,60.8450698853,80.0000000000,1.000000
4496,15134,60.8450698853,82.5000000000,1.000000
4497,15277,60.8450698853,85.0000000000,1.000000
4498,15420,60.8450698853,87.5000000000,1.000000
4499,15563,60.8450698853,90.0000000000,1.000000
4500,15706,60.8450698853,92.5000000000,1.000000
4501,15849,60.8450698853,95.0000000000,1.000000
4502,15992,60.8450698853,97.5000000000,1.000000
4503,16135,60.8450698853,100.0000000000,1.000000
4504,16278,60.8450698853,102.5000000000,1.000000
4505,16421,60.8450698853,105.0000000000,1.000000
4506,16564,60.8450698853,107.5000000000,1.000000
4507,16707,60.8450698853,110.0000000000,1.000000
4508,16850,60.8450698853,112.5000000000,1.000000
4509,16993,60.8450698853,115.0000000000,1.000000
4510,17136,60.8450698853,117.5000000000,1.000000
4511,17279,60.8450698853,120.0000000000,1.000000
4512,17422,60.8450698853,122.5000000000,1.000000
4513,17565,60.8450698853,125.0000000000,1.000000
4514,17708,60.8450698853,127.5000000000,1.000000
4515,17851,60.8450698853,130.0000000000,1.000000
4516,17994,60.8450698853,132.5000000000,1.000000
4517,18137,60.8450698853,135.0000000000,1.000000
4518,18280,60.8450698853,137.5000000000,1.000000
4519,18423,60.8450698853,140.0000000000,1.000000
4520,18566,60.8450698853,142.5000000000,1.000000
4521,18709,60.8450698853,145.0000000000,1.000000
4522,18852,60.8450698853,147.5000000000,1.000000
4523,18995,60.8450698853,150.0000000000,1.000000
4524,19138,60.8450698853,152.5000000000,1.000000
4525,19281,60.8450698853,155.0000000000,0.800000
4526,19424,60.8450698853,157.5000000000,0.030000
4527,19567,60.8450698853,160.0000000000,0.340000
4528,19710,60.8450698853,162.5000000000,0.400000
4529,19853,60.8450698853,165.0000000000,1.000000
4530,19996,60.8450698853,167.5000000000,0.950000
4531,20139,60.8450698853,170.0000000000,0.900000
4532,20282,60.8450698853,172.5000000000,0.300000
4533,120,62.1126747131,-180.0000000000,0.080000
4534,978,62.1126747131,-165.0000000000,0.730000
4535,1121,62.1126747131,-162.5000000000,1.000000
4536,1264,62.1126747131,-160.0000000000,1.000000
4537,1407,62.1126747131,-157.5000000000,1.000000
4538,1550,62.1126747131,-155.0000000000,1.000000
4539,1693,62.1126747131,-152.5000000000,1.000000
4540,1836,62.1126747131,-150.0000000000,1.000000
4541,1979,62.1126747131,-147.5000000000,1.000000
4542,2122,62.1126747131,-145.0000000000,1.000000
4543,2265,62.1126747131,-142.5000000000,1.000000
4544,2408,62.1126747131,-140.0000000000,1.000000
4545,2551,62.1126747131,-137.5000000000,1.000000
4546,2694,62.1126747131,-135.0000000000,1.000000
4547,2837,62.1126747131,-132.5000000000,1.000000
4548,2980,62.1126747131,-130.0000000000,1.000000
4549,3123,62.1126747131,-127.5000000000,1.000000
4550,3266,62.1126747131,-125.0000000000,1.000000
4551,3409,62.1126747131,-122.5000000000,1.000000
4552,3552,62.1126747131,-120.0000000000,1.000000
4553,3695,62.1126747131,-117.5000000000,1.000000
4554,3838,62.1126747131,-115.0000000000,1.000000
4555,3981,62.1126747131,-112.5000000000,1.000000
4556,4124,62.1126747131,-110.0000000000,1.000000
4557,4267,62.1126747131,-107.5000000000,1.000000
4558,4410,62.1126747131,-105.0000000000,1.000000
4559,4553,62.1126747131,-102.5000000000,1.000000
4560,4696,62.1126747131,-100.0000000000,1.000000
4561,4839,62.1126747131,-97.5000000000,1.000000
4562,4982,62.1126747131,-95.0000000000,1.000000
4563,5125,62.1126747131,-92.5000000000,0.320000
4564,5554,62.1126747131,-85.0000000000,0.010000
4565,5697,62.1126747131,-82.5000000000,0.230000
4566,5840,62.1126747131,-80.0000000000,0.160000
4567,5983,62.1126747131,-77.5000000000,0.530000
4568,6126,62.1126747131,-75.0000000000,0.650000
4569,6269,62.1126747131,-72.5000000000,0.340000
4570,6412,62.1126747131,-70.0000000000,0.120000
4571,6555,62.1126747131,-67.5000000000,0.430000
4572,7556,62.1126747131,-50.0000000000,0.400000
4573,7699,62.1126747131,-47.5000000000,1.000000
4574,7842,62.1126747131,-45.0000000000,1.000000
4575,7985,62.1126747131,-42.5000000000,0.470000
4576,10702,62.1126747131,5.0000000000,0.360000
4577,10845,62.1126747131,7.5000000000,1.000000
4578,10988,62.1126747131,10.0000000000,1.000000
4579,11131,62.1126747131,12.5000000000,1.000000
4580,11274,62.1126747131,15.0000000000,1.000000
4581,11417,62.1126747131,17.5000000000,0.500000
4582,11560,62.1126747131,20.0000000000,0.020000
4583,11703,62.1126747131,22.5000000000,0.960000
4584,11846,62.1126747131,25.0000000000,1.000000
4585,11989,62.1126747131,27.5000000000,1.000000
4586,12132,62.1126747131,30.0000000000,1.000000
4587,12275,62.1126747131,32.5000000000,1.000000
4588,12418,62.1126747131,35.0000000000,1.000000
4589,12561,62.1126747131,37.5000000000,1.000000
4590,12704,62.1126747131,40.0000000000,1.000000
4591,12847,62.1126747131,42.5000000000,1.000000
4592,12990,62.1126747131,45.0000000000,1.000000
4593,13133,62.1126747131,47.5000000000,1.000000
4594,13276,62.1126747131,50.0000000000,1.000000
4595,13419,62.1126747131,52.5000000000,1.000000
4596,13562,62.1126747131,55.0000000000,1.000000
4597,13705,62.1126747131,57.5000000000,1.000000
4598,13848,62.1126747131,60.0000000000,1.000000
4599,13991,62.1126747131,62.5000000000,1.000000
4600,14134,62.1126747131,65.0000000000,1.000000
4601,14277,62.1126747131,67.5000000000,1.000000
4602,14420,62.1126747131,70.0000000000,1.000000
4603,14563,62.1126747131,72.5000000000,1.000000
4604,14706,62.1126747131,75.0000000000,1.000000
4605,14849,62.1126747131,77.5000000000,1.000000
4606,14992,62.1126747131,80.0000000000,1.000000
4607,15135,62.1126747131,82.5000000000,1.000000
4608,15278,62.1126747131,85.0000000000,1.000000
4609,15421,62.1126747131,87.5000000000,1.000000
4610,15564,62.1126747131,90.0000000000,1.000000
4611,15707,62.1126747131,92.5000000000,1.000000
4612,15850,62.1126747131,95.0000000000,1.000000
4613,15993,62.1126747131,97.5000000000,1.000000
4614,16136,62.1126747131,100.0000000000,1.000000
4615,16279,62.1126747131,102.5000000000,1.000000
4616,16422,62.1126747131,105.0000000000,1.000000
4617,16565,62.1126747131,107.5000000000,1.000000
4618,16708,62.1126747131,110.0000000000,1.000000
4619,16851,62.1126747131,112.5000000000,1.000000
4620,16994,62.1126747131,115.0000000000,1.000000
4621,17137,62.1126747131,117.5000000000,1.000000
4622,17280,62.1126747131,120.0000000000,1.000000
4623,17423,62.1126747131,122.5000000000,1.000000
4624,17566,62.1126747131,125.0000000000,1.000000
4625,17709,62.1126747131,127.5000000000,1.000000
4626,17852,62.1126747131,130.0000000000,1.000000
4627,17995,62.1126747131,132.5000000000,1.000000
4628,18138,62.1126747131,135.0000000000,1.000000
4629,18281,62.1126747131,137.5000000000,1.000000
4630,18424,62.1126747131,140.0000000000,1.000000
4631,18567,62.1126747131,142.5000000000,1.000000
4632,18710,62.1126747131,145.0000000000,1.000000
4633,18853,62.1126747131,147.5000000000,1.000000
4634,18996,62.1126747131,150.0000000000,1.000000
4635,19139,62.1126747131,152.5000000000,1.000000
4636,19282,62.1126747131,155.0000000000,1.000000
4637,19425,62.1126747131,157.5000000000,0.940000
4638,19568,62.1126747131,160.0000000000,0.950000
4639,19711,62.1126747131,162.5000000000,0.730000
4640,19854,62.1126747131,165.0000000000,0.870000
4641,19997,62.1126747131,167.5000000000,1.000000
4642,20140,62.1126747131,170.0000000000,1.000000
4643,20283,62.1126747131,172.5000000000,0.990000
4644,20426,62.1126747131,175.0000000000,0.660000
4645,20569,62.1126747131,177.5000000000,0.260000
4646,121,63.3802833557,-180.0000000000,0.090000
4647,550,63.3802833557,-172.5000000000,0.050000
4648,693,63.3802833557,-170.0000000000,0.260000
4649,979,63.3802833557,-165.0000000000,0.120000
4650,1122,63.3802833557,-162.5000000000,0.470000
4651,1265,63.3802833557,-160.0000000000,0.950000
4652,1408,63.3802833557,-157.5000000000,1.000000
4653,1551,63.3802833557,-155.0000000000,1.000000
4654,1694,63.3802833557,-152.5000000000,1.000000
4655,1837,63.3802833557,-150.0000000000,1.000000
4656,1980,63.3802833557,-147.5000000000,1.000000
4657,2123,63.3802833557,-145.0000000000,1.000000
4658,2266,63.3802833557,-142.5000000000,1.000000
4659,2409,63.3802833557,-140.0000000000,1.000000
4660,2552,63.3802833557,-137.5000000000,1.000000
4661,2695,63.3802833557,-135.0000000000,1.000000
4662,2838,63.3802833557,-132.5000000000,1.000000
4663,2981,63.3802833557,-130.0000000000,1.000000
4664,3124,63.3802833557,-127.5000000000,1.000000
4665,3267,63.3802833557,-125.0000000000,1.000000
4666,3410,63.3802833557,-122.5000000000,1.000000
4667,3553,63.3802833557,-120.0000000000,1.000000
4668,3696,63.3802833557,-117.5000000000,1.000000
4669,3839,63.3802833557,-115.0000000000,1.000000
4670,3982,63.3802833557,-112.5000000000,1.000000
4671,4125,63.3802833557,-110.0000000000,1.000000
4672,4268,63.3802833557,-107.5000000000,1.000000
4673,4411,63.3802833557,-105.0000000000,1.000000
4674,4554,63.3802833557,-102.5000000000,1.000000
4675,4697,63.3802833557,-100.0000000000,1.000000
4676,4840,63.3802833557,-97.5000000000,1.000000
4677,4983,63.3802833557,-95.0000000000,1.000000
4678,5126,63.3802833557,-92.5000000000,0.970000
4679,5269,63.3802833557,-90.0000000000,0.230000
4680,5412,63.3802833557,-87.5000000000,0.080000
4681,5555,63.3802833557,-85.0000000000,0.470000
4682,5698,63.3802833557,-82.5000000000,0.280000
4683,5841,63.3802833557,-80.0000000000,0.150000
4684,6270,63.3802833557,-72.5000000000,0.260000
4685,6413,63.3802833557,-70.0000000000,0.970000
4686,6556,63.3802833557,-67.5000000000,0.790000
4687,6699,63.3802833557,-65.0000000000,0.540000
4688,7414,63.3802833557,-52.5000000000,0.090000
4689,7557,63.3802833557,-50.0000000000,0.920000
4690,7700,63.3802833557,-47.5000000000,1.000000
4691,7843,63.3802833557,-45.0000000000,1.000000
4692,7986,63.3802833557,-42.5000000000,0.850000
4693,8129,63.3802833557,-40.0000000000,0.050000
4694,9130,63.3802833557,-22.5000000000,0.070000
4695,9273,63.3802833557,-20.0000000000,0.290000
4696,9416,63.3802833557,-17.5000000000,0.200000
4697,10846,63.3802833557,7.5000000000,0.300000
4698,10989,63.3802833557,10.0000000000,0.940000
4699,11132,63.3802833557,12.5000000000,1.000000
4700,11275,63.3802833557,15.0000000000,1.000000
4701,11418,63.3802833557,17.5000000000,0.940000
4702,11561,63.3802833557,20.0000000000,0.260000
4703,11704,63.3802833557,22.5000000000,0.750000
4704,11847,63.3802833557,25.0000000000,1.000000
4705,11990,63.3802833557,27.5000000000,1.000000
4706,12133,63.3802833557,30.0000000000,1.000000
4707,12276,63.3802833557,32.5000000000,1.000000
4708,12419,63.3802833557,35.0000000000,1.000000
4709,12562,63.3802833557,37.5000000000,0.990000
4710,12705,63.3802833557,40.0000000000,1.000000
4711,12848,63.3802833557,42.5000000000,1.000000
4712,12991,63.3802833557,45.0000000000,1.000000
4713,13134,63.3802833557,47.5000000000,1.000000
4714,13277,63.3802833557,50.0000000000,1.000000
4715,13420,63.3802833557,52.5000000000,1.000000
4716,13563,63.3802833557,55.0000000000,1.000000
4717,13706,63.3802833557,57.5000000000,1.000000
4718,13849,63.3802833557,60.0000000000,1.000000
4719,13992,63.3802833557,62.5000000000,1.000000
4720,14135,63.3802833557,65.0000000000,1.000000
4721,14278,63.3802833557,67.5000000000,1.000000
4722,14421,63.3802833557,70.0000000000,1.000000
4723,14564,63.3802833557,72.5000000000,1.000000
4724,14707,63.3802833557,75.0000000000,1.000000
4725,14850,63.3802833557,77.5000000000,1.000000
4726,14993,63.3802833557,80.0000000000,1.000000
4727,15136,63.3802833557,82.5000000000,1.000000
4728,15279,63.3802833557,85.0000000000,1.000000
4729,15422,63.3802833557,87.5000000000,1.000000
4730,15565,63.3802833557,90.0000000000,1.000000
4731,15708,63.3802833557,92.5000000000,1.000000
4732,15851,63.3802833557,95.0000000000,1.000000
4733,15994,63.3802833557,97.5000000000,1.000000
4734,16137,63.3802833557,100.0000000000,1.000000
4735,16280,63.3802833557,102.5000000000,1.000000
4736,16423,63.3802833557,105.0000000000,1.000000
4737,16566,63.3802833557,107.5000000000,1.000000
4738,16709,63.3802833557,110.0000000000,1.000000
4739,16852,63.3802833557,112.5000000000,1.000000
4740,16995,63.3802833557,115.0000000000,1.000000
4741,17138,63.3802833557,117.5000000000,1.000000
4742,17281,63.3802833557,120.0000000000,1.000000
4743,17424,63.3802833557,122.5000000000,1.000000
4744,17567,63.3802833557,125.0000000000,1.000000
4745,17710,63.3802833557,127.5000000000,1.000000
4746,17853,63.3802833557,130.0000000000,1.000000
4747,17996,63.3802833557,132.5000000000,1.000000
4748,18139,63.3802833557,135.0000000000,1.000000
4749,18282,63.3802833557,137.5000000000,1.000000
4750,18425,63.3802833557,140.0000000000,1.000000
4751,18568,63.3802833557,142.5000000000,1.000000
4752,18711,63.3802833557,145.0000000000,1.000000
4753,18854,63.3802833557,147.5000000000,1.000000
4754,18997,63.3802833557,150.0000000000,1.000000
4755,19140,63.3802833557,152.5000000000,1.000000
4756,19283,63.3802833557,155.0000000000,1.000000
4757,19426,63.3802833557,157.5000000000,1.000000
4758,19569,63.3802833557,160.0000000000,1.000000
4759,19712,63.3802833557,162.5000000000,1.000000
4760,19855,63.3802833557,165.0000000000,1.000000
4761,19998,63.3802833557,167.5000000000,1.000000
4762,20141,63.3802833557,170.0000000000,1.000000
4763,20284,63.3802833557,172.5000000000,1.000000
4764,20427,63.3802833557,175.0000000000,1.000000
4765,20570,63.3802833557,177.5000000000,0.970000
4766,122,64.6478881836,-180.0000000000,0.220000
4767,408,64.6478881836,-175.0000000000,0.460000
4768,551,64.6478881836,-172.5000000000,0.390000
4769,837,64.6478881836,-167.5000000000,0.100000
4770,980,64.6478881836,-165.0000000000,0.590000
4771,1123,64.6478881836,-162.5000000000,0.580000
4772,1266,64.6478881836,-160.0000000000,0.970000
4773,1409,64.6478881836,-157.5000000000,1.000000
4774,1552,64.6478881836,-155.0000000000,1.000000
4775,1695,64.6478881836,-152.5000000000,1.000000
4776,1838,64.6478881836,-150.0000000000,1.000000
4777,1981,64.6478881836,-147.5000000000,1.000000
4778,2124,64.6478881836,-145.0000000000,1.000000
4779,2267,64.6478881836,-142.5000000000,1.000000
4780,2410,64.6478881836,-140.0000000000,1.000000
4781,2553,64.6478881836,-137.5000000000,1.000000
4782,2696,64.6478881836,-135.0000000000,1.000000
4783,2839,64.6478881836,-132.5000000000,1.000000
4784,2982,64.6478881836,-130.0000000000,1.000000
4785,3125,64.6478881836,-127.5000000000,1.000000
4786,3268,64.6478881836,-125.0000000000,1.000000
4787,3411,64.6478881836,-122.5000000000,1.000000
4788,3554,64.6478881836,-120.0000000000,1.000000
4789,3697,64.6478881836,-117.5000000000,1.000000
4790,3840,64.6478881836,-115.0000000000,1.000000
4791,3983,64.6478881836,-112.5000000000,1.000000
4792,4126,64.6478881836,-110.0000000000,1.000000
4793,4269,64.6478881836,-107.5000000000,1.000000
4794,4412,64.6478881836,-105.0000000000,1.000000
4795,4555,64.6478881836,-102.5000000000,1.000000
4796,4698,64.6478881836,-100.0000000000,1.000000
4797,4841,64.6478881836,-97.5000000000,1.000000
4798,4984,64.6478881836,-95.0000000000,1.000000
4799,5127,64.6478881836,-92.5000000000,1.000000
4800,5270,64.6478881836,-90.0000000000,0.990000
4801,5413,64.6478881836,-87.5000000000,0.440000
4802,5556,64.6478881836,-85.0000000000,0.970000
4803,5699,64.6478881836,-82.5000000000,0.500000
4804,5985,64.6478881836,-77.5000000000,0.630000
4805,6128,64.6478881836,-75.0000000000,0.690000
4806,6271,64.6478881836,-72.5000000000,0.960000
4807,6414,64.6478881836,-70.0000000000,1.000000
4808,6557,64.6478881836,-67.5000000000,0.910000
4809,6700,64.6478881836,-65.0000000000,0.240000
4810,6843,64.6478881836,-62.5000000000,0.010000
4811,7415,64.6478881836,-52.5000000000,0.380000
4812,7558,64.6478881836,-50.0000000000,1.000000
4813,7701,64.6478881836,-47.5000000000,1.000000
4814,7844,64.6478881836,-45.0000000000,1.000000
4815,7987,64.6478881836,-42.5000000000,1.000000
4816,8130,64.6478881836,-40.0000000000,0.250000
4817,9131,64.6478881836,-22.5000000000,0.540000
4818,9274,64.6478881836,-20.0000000000,1.000000
4819,9417,64.6478881836,-17.5000000000,1.000000
4820,9560,64.6478881836,-15.0000000000,0.680000
4821,10990,64.6478881836,10.0000000000,0.230000
4822,11133,64.6478881836,12.5000000000,0.990000
4823,11276,64.6478881836,15.0000000000,1.000000
4824,11419,64.6478881836,17.5000000000,1.000000
4825,11562,64.6478881836,20.0000000000,0.970000
4826,11705,64.6478881836,22.5000000000,0.070000
4827,11848,64.6478881836,25.0000000000,0.770000
4828,11991,64.6478881836,27.5000000000,1.000000
4829,12134,64.6478881836,30.0000000000,1.000000
4830,12277,64.6478881836,32.5000000000,1.000000
4831,12420,64.6478881836,35.0000000000,0.580000
4832,12563,64.6478881836,37.5000000000,0.570000
4833,12706,64.6478881836,40.0000000000,0.690000
4834,12849,64.6478881836,42.5000000000,1.000000
4835,12992,64.6478881836,45.0000000000,1.000000
4836,13135,64.6478881836,47.5000000000,1.000000
4837,13278,64.6478881836,50.0000000000,1.000000
4838,13421,64.6478881836,52.5000000000,1.000000
4839,13564,64.6478881836,55.0000000000,1.000000
4840,13707,64.6478881836,57.5000000000,1.000000
4841,13850,64.6478881836,60.0000000000,1.000000
4842,13993,64.6478881836,62.5000000000,1.000000
4843,14136,64.6478881836,65.0000000000,1.000000
4844,14279,64.6478881836,67.5000000000,1.000000
4845,14422,64.6478881836,70.0000000000,1.000000
4846,14565,64.6478881836,72.5000000000,1.000000
4847,14708,64.6478881836,75.0000000000,1.000000
4848,14851,64.6478881836,77.5000000000,1.000000
4849,14994,64.6478881836,80.0000000000,1.000000
4850,15137,64.6478881836,82.5000000000,1.000000
4851,15280,64.6478881836,85.0000000000,1.000000
4852,15423,64.6478881836,87.5000000000,1.000000
4853,15566,64.6478881836,90.0000000000,1.000000
4854,15709,64.6478881836,92.5000000000,1.000000
4855,15852,64.6478881836,95.0000000000,1.000000
4856,15995,64.6478881836,97.5000000000,1.000000
4857,16138,64.6478881836,100.0000000000,1.000000
4858,16281,64.6478881836,102.5000000000,1.000000
4859,16424,64.6478881836,105.0000000000,1.000000
4860,16567,64.6478881836,107.5000000000,1.000000
4861,16710,64.6478881836,110.0000000000,1.000000
4862,16853,64.6478881836,112.5000000000,1.000000
4863,16996,64.6478881836,115.0000000000,1.000000
4864,17139,64.6478881836,117.5000000000,1.000000
4865,17282,64.6478881836,120.0000000000,1.000000
4866,17425,64.6478881836,122.5000000000,1.000000
4867,17568,64.6478881836,125.0000000000,1.000000
4868,17711,64.6478881836,127.5000000000,1.000000
4869,17854,64.6478881836,130.0000000000,1.000000
4870,17997,64.6478881836,132.5000000000,1.000000
4871,18140,64.6478881836,135.0000000000,1.000000
4872,18283,64.6478881836,137.5000000000,1.000000
4873,18426,64.6478881836,140.0000000000,1.000000
4874,18569,64.6478881836,142.5000000000,1.000000
4875,18712,64.6478881836,145.0000000000,1.000000
4876,18855,64.6478881836,147.5000000000,1.000000
4877,18998,64.6478881836,150.0000000000,1.000000
4878,19141,64.6478881836,152.5000000000,1.000000
4879,19284,64.6478881836,155.0000000000,1.000000
4880,19427,64.6478881836,157.5000000000,1.000000
4881,19570,64.6478881836,160.0000000000,1.000000
4882,19713,64.6478881836,162.5000000000,1.000000
4883,19856,64.6478881836,165.0000000000,1.000000
4884,19999,64.6478881836,167.5000000000,1.000000
4885,20142,64.6478881836,170.0000000000,1.000000
4886,20285,64.6478881836,172.5000000000,1.000000
4887,20428,64.6478881836,175.0000000000,1.000000
4888,20571,64.6478881836,177.5000000000,0.870000
4889,123,65.9154891968,-180.0000000000,0.820000
4890,266,65.9154891968,-177.5000000000,0.860000
4891,409,65.9154891968,-175.0000000000,0.980000
4892,552,65.9154891968,-172.5000000000,0.920000
4893,695,65.9154891968,-170.0000000000,0.240000
4894,838,65.9154891968,-167.5000000000,0.350000
4895,981,65.9154891968,-165.0000000000,0.910000
4896,1124,65.9154891968,-162.5000000000,0.730000
4897,1267,65.9154891968,-160.0000000000,1.000000
4898,1410,65.9154891968,-157.5000000000,1.000000
4899,1553,65.9154891968,-155.0000000000,1.000000
4900,1696,65.9154891968,-152.5000000000,1.000000
4901,1839,65.9154891968,-150.0000000000,1.000000
4902,1982,65.9154891968,-147.5000000000,1.000000
4903,2125,65.9154891968,-145.0000000000,1.000000
4904,2268,65.9154891968,-142.5000000000,1.000000
4905,2411,65.9154891968,-140.0000000000,1.000000
4906,2554,65.9154891968,-137.5000000000,1.000000
4907,2697,65.9154891968,-135.0000000000,1.000000
4908,2840,65.9154891968,-132.5000000000,1.000000
4909,2983,65.9154891968,-130.0000000000,1.000000
4910,3126,65.9154891968,-127.5000000000,1.000000
4911,3269,65.9154891968,-125.0000000000,1.000000
4912,3412,65.9154891968,-122.5000000000,1.000000
4913,3555,65.9154891968,-120.0000000000,1.000000
4914,3698,65.9154891968,-117.5000000000,1.000000
4915,3841,65.9154891968,-115.0000000000,1.000000
4916,3984,65.9154891968,-112.5000000000,1.000000
4917,4127,65.9154891968,-110.0000000000,1.000000
4918,4270,65.9154891968,-107.5000000000,1.000000
4919,4413,65.9154891968,-105.0000000000,1.000000
4920,4556,65.9154891968,-102.5000000000,1.000000
4921,4699,65.9154891968,-100.0000000000,1.000000
4922,4842,65.9154891968,-97.5000000000,1.000000
4923,4985,65.9154891968,-95.0000000000,1.000000
4924,5128,65.9154891968,-92.5000000000,1.000000
4925,5271,65.9154891968,-90.0000000000,1.000000
4926,5414,65.9154891968,-87.5000000000,0.930000
4927,5557,65.9154891968,-85.0000000000,0.290000
4928,5700,65.9154891968,-82.5000000000,0.020000
4929,6129,65.9154891968,-75.0000000000,0.190000
4930,6272,65.9154891968,-72.5000000000,1.000000
4931,6415,65.9154891968,-70.0000000000,1.000000
4932,6558,65.9154891968,-67.5000000000,0.460000
4933,6701,65.9154891968,-65.0000000000,0.830000
4934,6844,65.9154891968,-62.5000000000,0.450000
4935,7416,65.9154891968,-52.5000000000,0.790000
4936,7559,65.9154891968,-50.0000000000,1.000000
4937,7702,65.9154891968,-47.5000000000,1.000000
4938,7845,65.9154891968,-45.0000000000,1.000000
4939,7988,65.9154891968,-42.5000000000,1.000000
4940,8131,65.9154891968,-40.0000000000,0.900000
4941,8274,65.9154891968,-37.5000000000,0.570000
4942,8417,65.9154891968,-35.0000000000,0.140000
4943,8989,65.9154891968,-25.0000000000,0.060000
4944,9132,65.9154891968,-22.5000000000,0.710000
4945,9275,65.9154891968,-20.0000000000,0.580000
4946,9418,65.9154891968,-17.5000000000,0.720000
4947,9561,65.9154891968,-15.0000000000,0.670000
4948,11134,65.9154891968,12.5000000000,0.540000
4949,11277,65.9154891968,15.0000000000,1.000000
4950,11420,65.9154891968,17.5000000000,1.000000
4951,11563,65.9154891968,20.0000000000,1.000000
4952,11706,65.9154891968,22.5000000000,0.680000
4953,11849,65.9154891968,25.0000000000,0.760000
4954,11992,65.9154891968,27.5000000000,1.000000
4955,12135,65.9154891968,30.0000000000,1.000000
4956,12278,65.9154891968,32.5000000000,0.990000
4957,12421,65.9154891968,35.0000000000,0.300000
4958,12564,65.9154891968,37.5000000000,0.310000
4959,12707,65.9154891968,40.0000000000,0.420000
4960,12850,65.9154891968,42.5000000000,0.840000
4961,12993,65.9154891968,45.0000000000,0.940000
4962,13136,65.9154891968,47.5000000000,1.000000
4963,13279,65.9154891968,50.0000000000,1.000000
4964,13422,65.9154891968,52.5000000000,1.000000
4965,13565,65.9154891968,55.0000000000,1.000000
4966,13708,65.9154891968,57.5000000000,1.000000
4967,13851,65.9154891968,60.0000000000,1.000000
4968,13994,65.9154891968,62.5000000000,1.000000
4969,14137,65.9154891968,65.0000000000,1.000000
4970,14280,65.9154891968,67.5000000000,1.000000
4971,14423,65.9154891968,70.0000000000,1.000000
4972,14566,65.9154891968,72.5000000000,0.870000
4973,14709,65.9154891968,75.0000000000,1.000000
4974,14852,65.9154891968,77.5000000000,1.000000
4975,14995,65.9154891968,80.0000000000,1.000000
4976,15138,65.9154891968,82.5000000000,1.000000
4977,15281,65.9154891968,85.0000000000,1.000000
4978,15424,65.9154891968,87.5000000000,1.000000
4979,15567,65.9154891968,90.0000000000,1.000000
4980,15710,65.9154891968,92.5000000000,1.000000
4981,15853,65.9154891968,95.0000000000,1.000000
4982,15996,65.9154891968,97.5000000000,1.000000
4983,16139,65.9154891968,100.0000000000,1.000000
4984,16282,65.9154891968,102.5000000000,1.000000
4985,16425,65.9154891968,105.0000000000,1.000000
4986,16568,65.9154891968,107.5000000000,1.000000
4987,16711,65.9154891968,110.0000000000,1.000000
4988,16854,65.9154891968,112.5000000000,1.000000
4989,16997,65.9154891968,115.0000000000,1.000000
4990,17140,65.9154891968,117.5000000000,1.000000
4991,17283,65.9154891968,120.0000000000,1.000000
4992,17426,65.9154891968,122.5000000000,1.000000
4993,17569,65.9154891968,125.0000000000,1.000000
4994,17712,65.9154891968,127.5000000000,1.000000
4995,17855,65.9154891968,130.0000000000,1.000000
4996,17998,65.9154891968,132.5000000000,1.000000
4997,18141,65.9154891968,135.0000000000,1.000000
4998,18284,65.9154891968,137.5000000000,1.000000
4999,18427,65.9154891968,140.0000000000,1.000000
5000,18570,65.9154891968,142.5000000000,1.000000
5001,18713,65.9154891968,145.0000000000,1.000000
5002,18856,65.9154891968,147.5000000000,1.000000
5003,18999,65.9154891968,150.0000000000,1.000000
5004,19142,65.9154891968,152.5000000000,1.000000
5005,19285,65.9154891968,155.0000000000,1.000000
5006,19428,65.9154891968,157.5000000000,1.000000
5007,19571,65.9154891968,160.0000000000,1.000000
5008,19714,65.9154891968,162.5000000000,1.000000
5009,19857,65.9154891968,165.0000000000,1.000000
5010,20000,65.9154891968,167.5000000000,1.000000
5011,20143,65.9154891968,170.0000000000,1.000000
5012,20286,65.9154891968,172.5000000000,1.000000
5013,20429,65.9154891968,175.0000000000,1.000000
5014,20572,65.9154891968,177.5000000000,1.000000
5015,124,67.1830978394,-180.0000000000,1.000000
5016,267,67.1830978394,-177.5000000000,1.000000
5017,410,67.1830978394,-175.0000000000,0.490000
5018,553,67.1830978394,-172.5000000000,0.290000
5019,982,67.1830978394,-165.0000000000,0.110000
5020,1125,67.1830978394,-162.5000000000,0.840000
5021,1268,67.1830978394,-160.0000000000,1.000000
5022,1411,67.1830978394,-157.5000000000,1.000000
5023,1554,67.1830978394,-155.0000000000,1.000000
5024,1697,67.1830978394,-152.5000000000,1.000000
5025,1840,67.1830978394,-150.0000000000,1.000000
5026,1983,67.1830978394,-147.5000000000,1.000000
5027,2126,67.1830978394,-145.0000000000,1.000000
5028,2269,67.1830978394,-142.5000000000,1.000000
5029,2412,67.1830978394,-140.0000000000,1.000000
5030,2555,67.1830978394,-137.5000000000,1.000000
5031,2698,67.1830978394,-135.0000000000,1.000000
5032,2841,67.1830978394,-132.5000000000,1.000000
5033,2984,67.1830978394,-130.0000000000,1.000000
5034,3127,67.1830978394,-127.5000000000,1.000000
5035,3270,67.1830978394,-125.0000000000,1.000000
5036,3413,67.1830978394,-122.5000000000,1.000000
5037,3556,67.1830978394,-120.0000000000,1.000000
5038,3699,67.1830978394,-117.5000000000,1.000000
5039,3842,67.1830978394,-115.0000000000,0.990000
5040,3985,67.1830978394,-112.5000000000,0.930000
5041,4128,67.1830978394,-110.0000000000,0.940000
5042,4271,67.1830978394,-107.5000000000,0.950000
5043,4414,67.1830978394,-105.0000000000,1.000000
5044,4557,67.1830978394,-102.5000000000,0.980000
5045,4700,67.1830978394,-100.0000000000,0.970000
5046,4843,67.1830978394,-97.5000000000,1.000000
5047,4986,67.1830978394,-95.0000000000,0.970000
5048,5129,67.1830978394,-92.5000000000,1.000000
5049,5272,67.1830978394,-90.0000000000,1.000000
5050,5415,67.1830978394,-87.5000000000,0.820000
5051,5558,67.1830978394,-85.0000000000,1.000000
5052,5701,67.1830978394,-82.5000000000,0.820000
5053,5987,67.1830978394,-77.5000000000,0.200000
5054,6130,67.1830978394,-75.0000000000,0.200000
5055,6273,67.1830978394,-72.5000000000,0.700000
5056,6416,67.1830978394,-70.0000000000,1.000000
5057,6559,67.1830978394,-67.5000000000,1.000000
5058,6702,67.1830978394,-65.0000000000,0.890000
5059,6845,67.1830978394,-62.5000000000,0.220000
5060,7274,67.1830978394,-55.0000000000,0.010000
5061,7417,67.1830978394,-52.5000000000,0.920000
5062,7560,67.1830978394,-50.0000000000,1.000000
5063,7703,67.1830978394,-47.5000000000,1.000000
5064,7846,67.1830978394,-45.0000000000,1.000000
5065,7989,67.1830978394,-42.5000000000,1.000000
5066,8132,67.1830978394,-40.0000000000,1.000000
5067,8275,67.1830978394,-37.5000000000,1.000000
5068,8418,67.1830978394,-35.0000000000,0.950000
5069,8561,67.1830978394,-32.5000000000,0.140000
5070,11135,67.1830978394,12.5000000000,0.040000
5071,11278,67.1830978394,15.0000000000,0.870000
5072,11421,67.1830978394,17.5000000000,1.000000
5073,11564,67.1830978394,20.0000000000,1.000000
5074,11707,67.1830978394,22.5000000000,1.000000
5075,11850,67.1830978394,25.0000000000,1.000000
5076,11993,67.1830978394,27.5000000000,1.000000
5077,12136,67.1830978394,30.0000000000,1.000000
5078,12279,67.1830978394,32.5000000000,0.980000
5079,12422,67.1830978394,35.0000000000,0.950000
5080,12565,67.1830978394,37.5000000000,1.000000
5081,12708,67.1830978394,40.0000000000,0.860000
5082,12994,67.1830978394,45.0000000000,0.700000
5083,13137,67.1830978394,47.5000000000,0.390000
5084,13280,67.1830978394,50.0000000000,0.980000
5085,13423,67.1830978394,52.5000000000,1.000000
5086,13566,67.1830978394,55.0000000000,1.000000
5087,13709,67.1830978394,57.5000000000,1.000000
5088,13852,67.1830978394,60.0000000000,1.000000
5089,13995,67.1830978394,62.5000000000,1.000000
5090,14138,67.1830978394,65.0000000000,1.000000
5091,14281,67.1830978394,67.5000000000,1.000000
5092,14424,67.1830978394,70.0000000000,1.000000
5093,14567,67.1830978394,72.5000000000,0.510000
5094,14710,67.1830978394,75.0000000000,0.810000
5095,14853,67.1830978394,77.5000000000,1.000000
5096,14996,67.1830978394,80.0000000000,1.000000
5097,15139,67.1830978394,82.5000000000,1.000000
5098,15282,67.1830978394,85.0000000000,1.000000
5099,15425,67.1830978394,87.5000000000,1.000000
5100,15568,67.1830978394,90.0000000000,1.000000
5101,15711,67.1830978394,92.5000000000,1.000000
5102,15854,67.1830978394,95.0000000000,1.000000
5103,15997,67.1830978394,97.5000000000,1.000000
5104,16140,67.1830978394,100.0000000000,1.000000
5105,16283,67.1830978394,102.5000000000,1.000000
5106,16426,67.1830978394,105.0000000000,1.000000
5107,16569,67.1830978394,107.5000000000,1.000000
5108,16712,67.1830978394,110.0000000000,1.000000
5109,16855,67.1830978394,112.5000000000,1.000000
5110,16998,67.1830978394,115.0000000000,1.000000
5111,17141,67.1830978394,117.5000000000,1.000000
5112,17284,67.1830978394,120.0000000000,1.000000
5113,17427,67.1830978394,122.5000000000,1.000000
5114,17570,67.1830978394,125.0000000000,1.000000
5115,17713,67.1830978394,127.5000000000,1.000000
5116,17856,67.1830978394,130.0000000000,1.000000
5117,17999,67.1830978394,132.5000000000,1.000000
5118,18142,67.1830978394,135.0000000000,1.000000
5119,18285,67.1830978394,137.5000000000,1.000000
5120,18428,67.1830978394,140.0000000000,1.000000
5121,18571,67.1830978394,142.5000000000,1.000000
5122,18714,67.1830978394,145.0000000000,1.000000
5123,18857,67.1830978394,147.5000000000,1.000000
5124,19000,67.1830978394,150.0000000000,1.000000
5125,19143,67.1830978394,152.5000000000,1.000000
5126,19286,67.1830978394,155.0000000000,1.000000
5127,19429,67.1830978394,157.5000000000,1.000000
5128,19572,67.1830978394,160.0000000000,1.000000
5129,19715,67.1830978394,162.5000000000,1.000000
5130,19858,67.1830978394,165.0000000000,1.000000
5131,20001,67.1830978394,167.5000000000,1.000000
5132,20144,67.1830978394,170.0000000000,1.000000
5133,20287,67.1830978394,172.5000000000,1.000000
5134,20430,67.1830978394,175.0000000000,1.000000
5135,20573,67.1830978394,177.5000000000,1.000000
5136,125,68.4507064819,-180.0000000000,0.870000
5137,268,68.4507064819,-177.5000000000,0.270000
5138,840,68.4507064819,-167.5000000000,0.040000
5139,983,68.4507064819,-165.0000000000,0.780000
5140,1126,68.4507064819,-162.5000000000,1.000000
5141,1269,68.4507064819,-160.0000000000,1.000000
5142,1412,68.4507064819,-157.5000000000,1.000000
5143,1555,68.4507064819,-155.0000000000,1.000000
5144,1698,68.4507064819,-152.5000000000,1.000000
5145,1841,68.4507064819,-150.0000000000,1.000000
5146,1984,68.4507064819,-147.5000000000,1.000000
5147,2127,68.4507064819,-145.0000000000,1.000000
5148,2270,68.4507064819,-142.5000000000,1.000000
5149,2413,68.4507064819,-140.0000000000,1.000000
5150,2556,68.4507064819,-137.5000000000,0.940000
5151,2699,68.4507064819,-135.0000000000,1.000000
5152,2842,68.4507064819,-132.5000000000,1.000000
5153,2985,68.4507064819,-130.0000000000,1.000000
5154,3128,68.4507064819,-127.5000000000,1.000000
5155,3271,68.4507064819,-125.0000000000,1.000000
5156,3414,68.4507064819,-122.5000000000,1.000000
5157,3557,68.4507064819,-120.0000000000,1.000000
5158,3700,68.4507064819,-117.5000000000,0.920000
5159,3843,68.4507064819,-115.0000000000,0.550000
5160,3986,68.4507064819,-112.5000000000,0.380000
5161,4129,68.4507064819,-110.0000000000,0.310000
5162,4272,68.4507064819,-107.5000000000,0.660000
5163,4415,68.4507064819,-105.0000000000,0.520000
5164,4558,68.4507064819,-102.5000000000,0.220000
5165,4844,68.4507064819,-97.5000000000,0.570000
5166,4987,68.4507064819,-95.0000000000,0.430000
5167,5130,68.4507064819,-92.5000000000,1.000000
5168,5273,68.4507064819,-90.0000000000,0.900000
5169,5416,68.4507064819,-87.5000000000,0.200000
5170,5559,68.4507064819,-85.0000000000,0.850000
5171,5702,68.4507064819,-82.5000000000,0.890000
5172,5988,68.4507064819,-77.5000000000,0.110000
5173,6131,68.4507064819,-75.0000000000,0.560000
5174,6274,68.4507064819,-72.5000000000,0.940000
5175,6417,68.4507064819,-70.0000000000,1.000000
5176,6560,68.4507064819,-67.5000000000,0.520000
5177,6703,68.4507064819,-65.0000000000,0.060000
5178,7418,68.4507064819,-52.5000000000,0.450000
5179,7561,68.4507064819,-50.0000000000,1.000000
5180,7704,68.4507064819,-47.5000000000,1.000000
5181,7847,68.4507064819,-45.0000000000,1.000000
5182,7990,68.4507064819,-42.5000000000,1.000000
5183,8133,68.4507064819,-40.0000000000,1.000000
5184,8276,68.4507064819,-37.5000000000,1.000000
5185,8419,68.4507064819,-35.0000000000,1.000000
5186,8562,68.4507064819,-32.5000000000,0.920000
5187,8705,68.4507064819,-30.0000000000,0.700000
5188,8848,68.4507064819,-27.5000000000,0.400000
5189,8991,68.4507064819,-25.0000000000,0.020000
5190,11279,68.4507064819,15.0000000000,0.150000
5191,11422,68.4507064819,17.5000000000,0.870000
5192,11565,68.4507064819,20.0000000000,1.000000
5193,11708,68.4507064819,22.5000000000,1.000000
5194,11851,68.4507064819,25.0000000000,1.000000
5195,11994,68.4507064819,27.5000000000,1.000000
5196,12137,68.4507064819,30.0000000000,1.000000
5197,12280,68.4507064819,32.5000000000,1.000000
5198,12423,68.4507064819,35.0000000000,1.000000
5199,12566,68.4507064819,37.5000000000,0.750000
5200,12709,68.4507064819,40.0000000000,0.170000
5201,12852,68.4507064819,42.5000000000,0.010000
5202,12995,68.4507064819,45.0000000000,0.420000
5203,13138,68.4507064819,47.5000000000,0.030000
5204,13281,68.4507064819,50.0000000000,0.120000
5205,13424,68.4507064819,52.5000000000,0.590000
5206,13567,68.4507064819,55.0000000000,0.430000
5207,13710,68.4507064819,57.5000000000,0.590000
5208,13853,68.4507064819,60.0000000000,0.650000
5209,13996,68.4507064819,62.5000000000,1.000000
5210,14139,68.4507064819,65.0000000000,0.960000
5211,14282,68.4507064819,67.5000000000,0.490000
5212,14425,68.4507064819,70.0000000000,0.950000
5213,14568,68.4507064819,72.5000000000,0.800000
5214,14711,68.4507064819,75.0000000000,0.630000
5215,14854,68.4507064819,77.5000000000,1.000000
5216,14997,68.4507064819,80.0000000000,1.000000
5217,15140,68.4507064819,82.5000000000,1.000000
5218,15283,68.4507064819,85.0000000000,1.000000
5219,15426,68.4507064819,87.5000000000,1.000000
5220,15569,68.4507064819,90.0000000000,1.000000
5221,15712,68.4507064819,92.5000000000,1.000000
5222,15855,68.4507064819,95.0000000000,1.000000
5223,15998,68.4507064819,97.5000000000,1.000000
5224,16141,68.4507064819,100.0000000000,1.000000
5225,16284,68.4507064819,102.5000000000,1.000000
5226,16427,68.4507064819,105.0000000000,1.000000
5227,16570,68.4507064819,107.5000000000,1.000000
5228,16713,68.4507064819,110.0000000000,1.000000
5229,16856,68.4507064819,112.5000000000,1.000000
5230,16999,68.4507064819,115.0000000000,1.000000
5231,17142,68.4507064819,117.5000000000,1.000000
5232,17285,68.4507064819,120.0000000000,1.000000
5233,17428,68.4507064819,122.5000000000,1.000000
5234,17571,68.4507064819,125.0000000000,1.000000
5235,17714,68.4507064819,127.5000000000,1.000000
5236,17857,68.4507064819,130.0000000000,1.000000
5237,18000,68.4507064819,132.5000000000,1.000000
5238,18143,68.4507064819,135.0000000000,1.000000
5239,18286,68.4507064819,137.5000000000,1.000000
5240,18429,68.4507064819,140.0000000000,1.000000
5241,18572,68.4507064819,142.5000000000,1.000000
5242,18715,68.4507064819,145.0000000000,1.000000
5243,18858,68.4507064819,147.5000000000,1.000000
5244,19001,68.4507064819,150.0000000000,1.000000
5245,19144,68.4507064819,152.5000000000,1.000000
5246,19287,68.4507064819,155.0000000000,1.000000
5247,19430,68.4507064819,157.5000000000,1.000000
5248,19573,68.4507064819,160.0000000000,1.000000
5249,19716,68.4507064819,162.5000000000,1.000000
5250,19859,68.4507064819,165.0000000000,1.000000
5251,20002,68.4507064819,167.5000000000,1.000000
5252,20145,68.4507064819,170.0000000000,0.880000
5253,20288,68.4507064819,172.5000000000,1.000000
5254,20431,68.4507064819,175.0000000000,1.000000
5255,20574,68.4507064819,177.5000000000,1.000000
5256,126,69.7183074951,-180.0000000000,0.040000
5257,1127,69.7183074951,-162.5000000000,0.660000
5258,1270,69.7183074951,-160.0000000000,1.000000
5259,1413,69.7183074951,-157.5000000000,1.000000
5260,1556,69.7183074951,-155.0000000000,1.000000
5261,1699,69.7183074951,-152.5000000000,1.000000
5262,1842,69.7183074951,-150.0000000000,1.000000
5263,1985,69.7183074951,-147.5000000000,0.920000
5264,2128,69.7183074951,-145.0000000000,0.770000
5265,2271,69.7183074951,-142.5000000000,0.680000
5266,2414,69.7183074951,-140.0000000000,0.390000
5267,2557,69.7183074951,-137.5000000000,0.040000
5268,2700,69.7183074951,-135.0000000000,0.270000
5269,2843,69.7183074951,-132.5000000000,0.470000
5270,2986,69.7183074951,-130.0000000000,0.740000
5271,3129,69.7183074951,-127.5000000000,0.840000
5272,3272,69.7183074951,-125.0000000000,0.510000
5273,3415,69.7183074951,-122.5000000000,0.500000
5274,3558,69.7183074951,-120.0000000000,0.270000
5275,3701,69.7183074951,-117.5000000000,0.150000
5276,3844,69.7183074951,-115.0000000000,0.810000
5277,3987,69.7183074951,-112.5000000000,0.970000
5278,4130,69.7183074951,-110.0000000000,1.000000
5279,4273,69.7183074951,-107.5000000000,0.990000
5280,4416,69.7183074951,-105.0000000000,0.980000
5281,4559,69.7183074951,-102.5000000000,0.790000
5282,4702,69.7183074951,-100.0000000000,0.160000
5283,4845,69.7183074951,-97.5000000000,0.660000
5284,4988,69.7183074951,-95.0000000000,0.700000
5285,5131,69.7183074951,-92.5000000000,0.850000
5286,5274,69.7183074951,-90.0000000000,0.130000
5287,5417,69.7183074951,-87.5000000000,0.040000
5288,5560,69.7183074951,-85.0000000000,0.700000
5289,5703,69.7183074951,-82.5000000000,0.800000
5290,5846,69.7183074951,-80.0000000000,0.370000
5291,5989,69.7183074951,-77.5000000000,0.520000
5292,6132,69.7183074951,-75.0000000000,1.000000
5293,6275,69.7183074951,-72.5000000000,1.000000
5294,6418,69.7183074951,-70.0000000000,1.000000
5295,6561,69.7183074951,-67.5000000000,0.490000
5296,7276,69.7183074951,-55.0000000000,0.280000
5297,7419,69.7183074951,-52.5000000000,0.680000
5298,7562,69.7183074951,-50.0000000000,0.940000
5299,7705,69.7183074951,-47.5000000000,1.000000
5300,7848,69.7183074951,-45.0000000000,1.000000
5301,7991,69.7183074951,-42.5000000000,1.000000
5302,8134,69.7183074951,-40.0000000000,1.000000
5303,8277,69.7183074951,-37.5000000000,1.000000
5304,8420,69.7183074951,-35.0000000000,1.000000
5305,8563,69.7183074951,-32.5000000000,1.000000
5306,8706,69.7183074951,-30.0000000000,1.000000
5307,8849,69.7183074951,-27.5000000000,1.000000
5308,8992,69.7183074951,-25.0000000000,0.730000
5309,9135,69.7183074951,-22.5000000000,0.100000
5310,11423,69.7183074951,17.5000000000,0.100000
5311,11566,69.7183074951,20.0000000000,0.700000
5312,11709,69.7183074951,22.5000000000,0.920000
5313,11852,69.7183074951,25.0000000000,1.000000
5314,11995,69.7183074951,27.5000000000,1.000000
5315,12138,69.7183074951,30.0000000000,0.820000
5316,12281,69.7183074951,32.5000000000,0.450000
5317,12424,69.7183074951,35.0000000000,0.080000
5318,13854,69.7183074951,60.0000000000,0.210000
5319,13997,69.7183074951,62.5000000000,0.440000
5320,14140,69.7183074951,65.0000000000,0.120000
5321,14283,69.7183074951,67.5000000000,0.550000
5322,14426,69.7183074951,70.0000000000,1.000000
5323,14569,69.7183074951,72.5000000000,0.590000
5324,14712,69.7183074951,75.0000000000,0.960000
5325,14855,69.7183074951,77.5000000000,1.000000
5326,14998,69.7183074951,80.0000000000,1.000000
5327,15141,69.7183074951,82.5000000000,1.000000
5328,15284,69.7183074951,85.0000000000,1.000000
5329,15427,69.7183074951,87.5000000000,1.000000
5330,15570,69.7183074951,90.0000000000,1.000000
5331,15713,69.7183074951,92.5000000000,1.000000
5332,15856,69.7183074951,95.0000000000,1.000000
5333,15999,69.7183074951,97.5000000000,1.000000
5334,16142,69.7183074951,100.0000000000,1.000000
5335,16285,69.7183074951,102.5000000000,1.000000
5336,16428,69.7183074951,105.0000000000,1.000000
5337,16571,69.7183074951,107.5000000000,1.000000
5338,16714,69.7183074951,110.0000000000,1.000000
5339,16857,69.7183074951,112.5000000000,1.000000
5340,17000,69.7183074951,115.0000000000,1.000000
5341,17143,69.7183074951,117.5000000000,1.000000
5342,17286,69.7183074951,120.0000000000,1.000000
5343,17429,69.7183074951,122.5000000000,1.000000
5344,17572,69.7183074951,125.0000000000,1.000000
5345,17715,69.7183074951,127.5000000000,1.000000
5346,17858,69.7183074951,130.0000000000,1.000000
5347,18001,69.7183074951,132.5000000000,1.000000
5348,18144,69.7183074951,135.0000000000,1.000000
5349,18287,69.7183074951,137.5000000000,1.000000
5350,18430,69.7183074951,140.0000000000,1.000000
5351,18573,69.7183074951,142.5000000000,1.000000
5352,18716,69.7183074951,145.0000000000,1.000000
5353,18859,69.7183074951,147.5000000000,1.000000
5354,19002,69.7183074951,150.0000000000,1.000000
5355,19145,69.7183074951,152.5000000000,1.000000
5356,19288,69.7183074951,155.0000000000,1.000000
5357,19431,69.7183074951,157.5000000000,1.000000
5358,19574,69.7183074951,160.0000000000,0.620000
5359,19717,69.7183074951,162.5000000000,0.410000
5360,19860,69.7183074951,165.0000000000,0.390000
5361,20003,69.7183074951,167.5000000000,0.310000
5362,20146,69.7183074951,170.0000000000,0.290000
5363,20289,69.7183074951,172.5000000000,0.650000
5364,20432,69.7183074951,175.0000000000,0.600000
5365,20575,69.7183074951,177.5000000000,0.380000
5366,127,70.9859161377,-180.0000000000,0.470000
5367,270,70.9859161377,-177.5000000000,0.130000
5368,1271,70.9859161377,-160.0000000000,0.250000
5369,1414,70.9859161377,-157.5000000000,0.560000
5370,1557,70.9859161377,-155.0000000000,0.530000
5371,1700,70.9859161377,-152.5000000000,0.300000
5372,1843,70.9859161377,-150.0000000000,0.090000
5373,3130,70.9859161377,-127.5000000000,0.020000
5374,3273,70.9859161377,-125.0000000000,0.040000
5375,3416,70.9859161377,-122.5000000000,0.400000
5376,3559,70.9859161377,-120.0000000000,0.100000
5377,3702,70.9859161377,-117.5000000000,0.610000
5378,3845,70.9859161377,-115.0000000000,0.810000
5379,3988,70.9859161377,-112.5000000000,0.960000
5380,4131,70.9859161377,-110.0000000000,1.000000
5381,4274,70.9859161377,-107.5000000000,1.000000
5382,4417,70.9859161377,-105.0000000000,0.810000
5383,4560,70.9859161377,-102.5000000000,0.100000
5384,4703,70.9859161377,-100.0000000000,0.070000
5385,4846,70.9859161377,-97.5000000000,0.190000
5386,4989,70.9859161377,-95.0000000000,0.970000
5387,5132,70.9859161377,-92.5000000000,0.490000
5388,5275,70.9859161377,-90.0000000000,0.230000
5389,5418,70.9859161377,-87.5000000000,0.990000
5390,5561,70.9859161377,-85.0000000000,1.000000
5391,5704,70.9859161377,-82.5000000000,1.000000
5392,5847,70.9859161377,-80.0000000000,1.000000
5393,5990,70.9859161377,-77.5000000000,1.000000
5394,6133,70.9859161377,-75.0000000000,0.960000
5395,6276,70.9859161377,-72.5000000000,0.810000
5396,6419,70.9859161377,-70.0000000000,0.280000
5397,6562,70.9859161377,-67.5000000000,0.010000
5398,7277,70.9859161377,-55.0000000000,0.210000
5399,7420,70.9859161377,-52.5000000000,0.790000
5400,7563,70.9859161377,-50.0000000000,1.000000
5401,7706,70.9859161377,-47.5000000000,1.000000
5402,7849,70.9859161377,-45.0000000000,1.000000
5403,7992,70.9859161377,-42.5000000000,1.000000
5404,8135,70.9859161377,-40.0000000000,1.000000
5405,8278,70.9859161377,-37.5000000000,1.000000
5406,8421,70.9859161377,-35.0000000000,1.000000
5407,8564,70.9859161377,-32.5000000000,1.000000
5408,8707,70.9859161377,-30.0000000000,1.000000
5409,8850,70.9859161377,-27.5000000000,1.000000
5410,8993,70.9859161377,-25.0000000000,0.650000
5411,9136,70.9859161377,-22.5000000000,0.600000
5412,11710,70.9859161377,22.5000000000,0.010000
5413,11853,70.9859161377,25.0000000000,0.460000
5414,11996,70.9859161377,27.5000000000,0.580000
5415,12139,70.9859161377,30.0000000000,0.300000
5416,13426,70.9859161377,52.5000000000,0.230000
5417,13569,70.9859161377,55.0000000000,0.670000
5418,13712,70.9859161377,57.5000000000,0.140000
5419,14284,70.9859161377,67.5000000000,0.690000
5420,14427,70.9859161377,70.0000000000,1.000000
5421,14570,70.9859161377,72.5000000000,0.510000
5422,14713,70.9859161377,75.0000000000,0.820000
5423,14856,70.9859161377,77.5000000000,1.000000
5424,14999,70.9859161377,80.0000000000,1.000000
5425,15142,70.9859161377,82.5000000000,1.000000
5426,15285,70.9859161377,85.0000000000,1.000000
5427,15428,70.9859161377,87.5000000000,1.000000
5428,15571,70.9859161377,90.0000000000,1.000000
5429,15714,70.9859161377,92.5000000000,1.000000
5430,15857,70.9859161377,95.0000000000,1.000000
5431,16000,70.9859161377,97.5000000000,1.000000
5432,16143,70.9859161377,100.0000000000,1.000000
5433,16286,70.9859161377,102.5000000000,1.000000
5434,16429,70.9859161377,105.0000000000,1.000000
5435,16572,70.9859161377,107.5000000000,1.000000
5436,16715,70.9859161377,110.0000000000,1.000000
5437,16858,70.9859161377,112.5000000000,1.000000
5438,17001,70.9859161377,115.0000000000,1.000000
5439,17144,70.9859161377,117.5000000000,1.000000
5440,17287,70.9859161377,120.0000000000,1.000000
5441,17430,70.9859161377,122.5000000000,1.000000
5442,17573,70.9859161377,125.0000000000,1.000000
5443,17716,70.9859161377,127.5000000000,1.000000
5444,17859,70.9859161377,130.0000000000,0.650000
5445,18002,70.9859161377,132.5000000000,0.860000
5446,18145,70.9859161377,135.0000000000,0.930000
5447,18288,70.9859161377,137.5000000000,0.900000
5448,18431,70.9859161377,140.0000000000,0.970000
5449,18574,70.9859161377,142.5000000000,1.000000
5450,18717,70.9859161377,145.0000000000,1.000000
5451,18860,70.9859161377,147.5000000000,1.000000
5452,19003,70.9859161377,150.0000000000,0.960000
5453,19146,70.9859161377,152.5000000000,0.530000
5454,19289,70.9859161377,155.0000000000,0.460000
5455,19432,70.9859161377,157.5000000000,0.480000
5456,19575,70.9859161377,160.0000000000,0.130000
5457,3274,72.2535247803,-125.0000000000,0.650000
5458,3417,72.2535247803,-122.5000000000,1.000000
5459,3560,72.2535247803,-120.0000000000,0.690000
5460,3703,72.2535247803,-117.5000000000,0.880000
5461,3846,72.2535247803,-115.0000000000,0.960000
5462,3989,72.2535247803,-112.5000000000,0.930000
5463,4132,72.2535247803,-110.0000000000,0.850000
5464,4275,72.2535247803,-107.5000000000,0.740000
5465,4418,72.2535247803,-105.0000000000,0.450000
5466,4561,72.2535247803,-102.5000000000,0.180000
5467,4704,72.2535247803,-100.0000000000,0.860000
5468,4847,72.2535247803,-97.5000000000,0.800000
5469,4990,72.2535247803,-95.0000000000,0.630000
5470,5133,72.2535247803,-92.5000000000,0.060000
5471,5276,72.2535247803,-90.0000000000,0.510000
5472,5419,72.2535247803,-87.5000000000,1.000000
5473,5562,72.2535247803,-85.0000000000,0.950000
5474,5705,72.2535247803,-82.5000000000,1.000000
5475,5848,72.2535247803,-80.0000000000,0.620000
5476,5991,72.2535247803,-77.5000000000,0.750000
5477,6134,72.2535247803,-75.0000000000,0.310000
5478,7278,72.2535247803,-55.0000000000,0.590000
5479,7421,72.2535247803,-52.5000000000,1.000000
5480,7564,72.2535247803,-50.0000000000,1.000000
5481,7707,72.2535247803,-47.5000000000,1.000000
5482,7850,72.2535247803,-45.0000000000,1.000000
5483,7993,72.2535247803,-42.5000000000,1.000000
5484,8136,72.2535247803,-40.0000000000,1.000000
5485,8279,72.2535247803,-37.5000000000,1.000000
5486,8422,72.2535247803,-35.0000000000,1.000000
5487,8565,72.2535247803,-32.5000000000,1.000000
5488,8708,72.2535247803,-30.0000000000,1.000000
5489,8851,72.2535247803,-27.5000000000,1.000000
5490,8994,72.2535247803,-25.0000000000,0.920000
5491,9137,72.2535247803,-22.5000000000,0.350000
5492,13427,72.2535247803,52.5000000000,0.660000
5493,13570,72.2535247803,55.0000000000,0.760000
5494,14285,72.2535247803,67.5000000000,0.060000
5495,14428,72.2535247803,70.0000000000,0.950000
5496,14571,72.2535247803,72.5000000000,0.500000
5497,14714,72.2535247803,75.0000000000,0.400000
5498,14857,72.2535247803,77.5000000000,0.440000
5499,15000,72.2535247803,80.0000000000,0.550000
5500,15143,72.2535247803,82.5000000000,0.990000
5501,15286,72.2535247803,85.0000000000,1.000000
5502,15429,72.2535247803,87.5000000000,1.000000
5503,15572,72.2535247803,90.0000000000,1.000000
5504,15715,72.2535247803,92.5000000000,1.000000
5505,15858,72.2535247803,95.0000000000,1.000000
5506,16001,72.2535247803,97.5000000000,1.000000
5507,16144,72.2535247803,100.0000000000,1.000000
5508,16287,72.2535247803,102.5000000000,1.000000
5509,16430,72.2535247803,105.0000000000,1.000000
5510,16573,72.2535247803,107.5000000000,1.000000
5511,16716,72.2535247803,110.0000000000,1.000000
5512,16859,72.2535247803,112.5000000000,1.000000
5513,17002,72.2535247803,115.0000000000,1.000000
5514,17145,72.2535247803,117.5000000000,1.000000
5515,17288,72.2535247803,120.0000000000,1.000000
5516,17431,72.2535247803,122.5000000000,1.000000
5517,17574,72.2535247803,125.0000000000,1.000000
5518,17717,72.2535247803,127.5000000000,0.980000
5519,17860,72.2535247803,130.0000000000,0.040000
5520,18003,72.2535247803,132.5000000000,0.030000
5521,18432,72.2535247803,140.0000000000,0.640000
5522,18575,72.2535247803,142.5000000000,0.850000
5523,18718,72.2535247803,145.0000000000,0.710000
5524,18861,72.2535247803,147.5000000000,0.570000
5525,19004,72.2535247803,150.0000000000,0.230000
5526,3275,73.5211257935,-125.0000000000,0.270000
5527,3418,73.5211257935,-122.5000000000,1.000000
5528,3561,73.5211257935,-120.0000000000,1.000000
5529,3704,73.5211257935,-117.5000000000,0.830000
5530,3847,73.5211257935,-115.0000000000,0.270000
5531,4276,73.5211257935,-107.5000000000,0.250000
5532,4419,73.5211257935,-105.0000000000,0.300000
5533,4562,73.5211257935,-102.5000000000,0.010000
5534,4705,73.5211257935,-100.0000000000,0.610000
5535,4848,73.5211257935,-97.5000000000,0.300000
5536,4991,73.5211257935,-95.0000000000,0.770000
5537,5134,73.5211257935,-92.5000000000,0.890000
5538,5277,73.5211257935,-90.0000000000,0.150000
5539,5420,73.5211257935,-87.5000000000,0.560000
5540,5563,73.5211257935,-85.0000000000,0.250000
5541,5706,73.5211257935,-82.5000000000,0.520000
5542,5849,73.5211257935,-80.0000000000,0.490000
5543,5992,73.5211257935,-77.5000000000,0.440000
5544,7136,73.5211257935,-57.5000000000,0.020000
5545,7279,73.5211257935,-55.0000000000,0.860000
5546,7422,73.5211257935,-52.5000000000,1.000000
5547,7565,73.5211257935,-50.0000000000,1.000000
5548,7708,73.5211257935,-47.5000000000,1.000000
5549,7851,73.5211257935,-45.0000000000,1.000000
5550,7994,73.5211257935,-42.5000000000,1.000000
5551,8137,73.5211257935,-40.0000000000,1.000000
5552,8280,73.5211257935,-37.5000000000,1.000000
5553,8423,73.5211257935,-35.0000000000,1.000000
5554,8566,73.5211257935,-32.5000000000,1.000000
5555,8709,73.5211257935,-30.0000000000,1.000000
5556,8852,73.5211257935,-27.5000000000,1.000000
5557,8995,73.5211257935,-25.0000000000,1.000000
5558,9138,73.5211257935,-22.5000000000,0.730000
5559,9281,73.5211257935,-20.0000000000,0.120000
5560,13428,73.5211257935,52.5000000000,0.070000
5561,13571,73.5211257935,55.0000000000,0.930000
5562,13714,73.5211257935,57.5000000000,0.400000
5563,14429,73.5211257935,70.0000000000,0.050000
5564,15001,73.5211257935,80.0000000000,0.190000
5565,15144,73.5211257935,82.5000000000,0.730000
5566,15287,73.5211257935,85.0000000000,0.740000
5567,15430,73.5211257935,87.5000000000,0.970000
5568,15573,73.5211257935,90.0000000000,1.000000
5569,15716,73.5211257935,92.5000000000,1.000000
5570,15859,73.5211257935,95.0000000000,1.000000
5571,16002,73.5211257935,97.5000000000,1.000000
5572,16145,73.5211257935,100.0000000000,1.000000
5573,16288,73.5211257935,102.5000000000,1.000000
5574,16431,73.5211257935,105.0000000000,1.000000
5575,16574,73.5211257935,107.5000000000,1.000000
5576,16717,73.5211257935,110.0000000000,0.950000
5577,16860,73.5211257935,112.5000000000,0.710000
5578,17003,73.5211257935,115.0000000000,0.630000
5579,17146,73.5211257935,117.5000000000,0.610000
5580,17289,73.5211257935,120.0000000000,0.180000
5581,17432,73.5211257935,122.5000000000,0.210000
5582,17575,73.5211257935,125.0000000000,0.550000
5583,17718,73.5211257935,127.5000000000,0.360000
5584,18433,73.5211257935,140.0000000000,0.150000
5585,18576,73.5211257935,142.5000000000,0.320000
5586,3276,74.7887344360,-125.0000000000,0.040000
5587,3419,74.7887344360,-122.5000000000,0.200000
5588,3562,74.7887344360,-120.0000000000,0.110000
5589,3705,74.7887344360,-117.5000000000,0.130000
5590,3848,74.7887344360,-115.0000000000,0.290000
5591,3991,74.7887344360,-112.5000000000,0.640000
5592,4134,74.7887344360,-110.0000000000,0.490000
5593,4277,74.7887344360,-107.5000000000,0.370000
5594,4420,74.7887344360,-105.0000000000,0.030000
5595,4706,74.7887344360,-100.0000000000,0.320000
5596,4849,74.7887344360,-97.5000000000,0.150000
5597,4992,74.7887344360,-95.0000000000,0.550000
5598,5135,74.7887344360,-92.5000000000,0.290000
5599,5278,74.7887344360,-90.0000000000,0.690000
5600,5421,74.7887344360,-87.5000000000,0.800000
5601,5564,74.7887344360,-85.0000000000,0.750000
5602,5707,74.7887344360,-82.5000000000,0.720000
5603,5850,74.7887344360,-80.0000000000,0.320000
5604,7137,74.7887344360,-57.5000000000,0.570000
5605,7280,74.7887344360,-55.0000000000,1.000000
5606,7423,74.7887344360,-52.5000000000,1.000000
5607,7566,74.7887344360,-50.0000000000,1.000000
5608,7709,74.7887344360,-47.5000000000,1.000000
5609,7852,74.7887344360,-45.0000000000,1.000000
5610,7995,74.7887344360,-42.5000000000,1.000000
5611,8138,74.7887344360,-40.0000000000,1.000000
5612,8281,74.7887344360,-37.5000000000,1.000000
5613,8424,74.7887344360,-35.0000000000,1.000000
5614,8567,74.7887344360,-32.5000000000,1.000000
5615,8710,74.7887344360,-30.0000000000,1.000000
5616,8853,74.7887344360,-27.5000000000,1.000000
5617,8996,74.7887344360,-25.0000000000,1.000000
5618,9139,74.7887344360,-22.5000000000,0.990000
5619,9282,74.7887344360,-20.0000000000,0.460000
5620,13572,74.7887344360,55.0000000000,0.230000
5621,13715,74.7887344360,57.5000000000,0.950000
5622,13858,74.7887344360,60.0000000000,0.510000
5623,14001,74.7887344360,62.5000000000,0.050000
5624,15288,74.7887344360,85.0000000000,0.010000
5625,15431,74.7887344360,87.5000000000,0.690000
5626,15574,74.7887344360,90.0000000000,0.980000
5627,15717,74.7887344360,92.5000000000,1.000000
5628,15860,74.7887344360,95.0000000000,1.000000
5629,16003,74.7887344360,97.5000000000,1.000000
5630,16146,74.7887344360,100.0000000000,1.000000
5631,16289,74.7887344360,102.5000000000,1.000000
5632,16432,74.7887344360,105.0000000000,1.000000
5633,16575,74.7887344360,107.5000000000,1.000000
5634,16718,74.7887344360,110.0000000000,0.810000
5635,16861,74.7887344360,112.5000000000,0.340000
5636,17004,74.7887344360,115.0000000000,0.010000
5637,18291,74.7887344360,137.5000000000,0.260000
5638,18434,74.7887344360,140.0000000000,0.540000
5639,18577,74.7887344360,142.5000000000,0.500000
5640,18720,74.7887344360,145.0000000000,0.160000
5641,18863,74.7887344360,147.5000000000,0.370000
5642,19006,74.7887344360,150.0000000000,0.240000
5643,3420,76.0563354492,-122.5000000000,0.230000
5644,3563,76.0563354492,-120.0000000000,0.490000
5645,3706,76.0563354492,-117.5000000000,0.280000
5646,3849,76.0563354492,-115.0000000000,0.750000
5647,3992,76.0563354492,-112.5000000000,0.490000
5648,4135,76.0563354492,-110.0000000000,0.520000
5649,4278,76.0563354492,-107.5000000000,0.540000
5650,4421,76.0563354492,-105.0000000000,0.080000
5651,4564,76.0563354492,-102.5000000000,0.290000
5652,4707,76.0563354492,-100.0000000000,0.860000
5653,4850,76.0563354492,-97.5000000000,0.360000
5654,4993,76.0563354492,-95.0000000000,0.300000
5655,5136,76.0563354492,-92.5000000000,0.820000
5656,5279,76.0563354492,-90.0000000000,0.460000
5657,5422,76.0563354492,-87.5000000000,0.320000
5658,5565,76.0563354492,-85.0000000000,0.430000
5659,5708,76.0563354492,-82.5000000000,0.530000
5660,5851,76.0563354492,-80.0000000000,0.330000
5661,5994,76.0563354492,-77.5000000000,0.010000
5662,6423,76.0563354492,-70.0000000000,0.170000
5663,6566,76.0563354492,-67.5000000000,0.490000
5664,6709,76.0563354492,-65.0000000000,0.400000
5665,6852,76.0563354492,-62.5000000000,0.420000
5666,6995,76.0563354492,-60.0000000000,0.680000
5667,7138,76.0563354492,-57.5000000000,0.990000
5668,7281,76.0563354492,-55.0000000000,1.000000
5669,7424,76.0563354492,-52.5000000000,1.000000
5670,7567,76.0563354492,-50.0000000000,1.000000
5671,7710,76.0563354492,-47.5000000000,1.000000
5672,7853,76.0563354492,-45.0000000000,1.000000
5673,7996,76.0563354492,-42.5000000000,1.000000
5674,8139,76.0563354492,-40.0000000000,1.000000
5675,8282,76.0563354492,-37.5000000000,1.000000
5676,8425,76.0563354492,-35.0000000000,1.000000
5677,8568,76.0563354492,-32.5000000000,1.000000
5678,8711,76.0563354492,-30.0000000000,1.000000
5679,8854,76.0563354492,-27.5000000000,1.000000
5680,8997,76.0563354492,-25.0000000000,1.000000
5681,9140,76.0563354492,-22.5000000000,0.980000
5682,9283,76.0563354492,-20.0000000000,0.410000
5683,13716,76.0563354492,57.5000000000,0.100000
5684,13859,76.0563354492,60.0000000000,0.470000
5685,14002,76.0563354492,62.5000000000,0.690000
5686,14145,76.0563354492,65.0000000000,0.610000
5687,14288,76.0563354492,67.5000000000,0.420000
5688,15575,76.0563354492,90.0000000000,0.100000
5689,15718,76.0563354492,92.5000000000,0.310000
5690,15861,76.0563354492,95.0000000000,0.530000
5691,16004,76.0563354492,97.5000000000,0.570000
5692,16147,76.0563354492,100.0000000000,0.830000
5693,16290,76.0563354492,102.5000000000,1.000000
5694,16433,76.0563354492,105.0000000000,1.000000
5695,16576,76.0563354492,107.5000000000,0.980000
5696,16719,76.0563354492,110.0000000000,1.000000
5697,16862,76.0563354492,112.5000000000,0.770000
5698,17005,76.0563354492,115.0000000000,0.040000
5699,18292,76.0563354492,137.5000000000,0.270000
5700,18435,76.0563354492,140.0000000000,0.540000
5701,18578,76.0563354492,142.5000000000,0.410000
5702,18721,76.0563354492,145.0000000000,0.100000
5703,18864,76.0563354492,147.5000000000,0.010000
5704,3421,77.3239440918,-122.5000000000,0.010000
5705,3564,77.3239440918,-120.0000000000,0.410000
5706,3707,77.3239440918,-117.5000000000,0.640000
5707,3993,77.3239440918,-112.5000000000,0.280000
5708,4136,77.3239440918,-110.0000000000,0.150000
5709,4851,77.3239440918,-97.5000000000,0.130000
5710,4994,77.3239440918,-95.0000000000,0.510000
5711,5137,77.3239440918,-92.5000000000,0.090000
5712,5280,77.3239440918,-90.0000000000,0.080000
5713,5423,77.3239440918,-87.5000000000,0.760000
5714,5566,77.3239440918,-85.0000000000,0.940000
5715,5709,77.3239440918,-82.5000000000,1.000000
5716,5852,77.3239440918,-80.0000000000,0.880000
5717,5995,77.3239440918,-77.5000000000,0.180000
5718,6281,77.3239440918,-72.5000000000,0.080000
5719,6424,77.3239440918,-70.0000000000,0.650000
5720,6567,77.3239440918,-67.5000000000,0.930000
5721,6710,77.3239440918,-65.0000000000,1.000000
5722,6853,77.3239440918,-62.5000000000,1.000000
5723,6996,77.3239440918,-60.0000000000,1.000000
5724,7139,77.3239440918,-57.5000000000,1.000000
5725,7282,77.3239440918,-55.0000000000,1.000000
5726,7425,77.3239440918,-52.5000000000,1.000000
5727,7568,77.3239440918,-50.0000000000,1.000000
5728,7711,77.3239440918,-47.5000000000,1.000000
5729,7854,77.3239440918,-45.0000000000,1.000000
5730,7997,77.3239440918,-42.5000000000,1.000000
5731,8140,77.3239440918,-40.0000000000,1.000000
5732,8283,77.3239440918,-37.5000000000,1.000000
5733,8426,77.3239440918,-35.0000000000,1.000000
5734,8569,77.3239440918,-32.5000000000,1.000000
5735,8712,77.3239440918,-30.0000000000,1.000000
5736,8855,77.3239440918,-27.5000000000,1.000000
5737,8998,77.3239440918,-25.0000000000,1.000000
5738,9141,77.3239440918,-22.5000000000,1.000000
5739,9284,77.3239440918,-20.0000000000,0.670000
5740,9427,77.3239440918,-17.5000000000,0.010000
5741,11286,77.3239440918,15.0000000000,0.650000
5742,11429,77.3239440918,17.5000000000,0.490000
5743,11572,77.3239440918,20.0000000000,0.020000
5744,11715,77.3239440918,22.5000000000,0.320000
5745,11858,77.3239440918,25.0000000000,0.050000
5746,14146,77.3239440918,65.0000000000,0.010000
5747,14289,77.3239440918,67.5000000000,0.130000
5748,16148,77.3239440918,100.0000000000,0.020000
5749,16291,77.3239440918,102.5000000000,0.520000
5750,16434,77.3239440918,105.0000000000,0.590000
5751,16577,77.3239440918,107.5000000000,0.070000
5752,3994,78.5915527344,-112.5000000000,0.170000
5753,4137,78.5915527344,-110.0000000000,0.170000
5754,4423,78.5915527344,-105.0000000000,0.350000
5755,4566,78.5915527344,-102.5000000000,0.620000
5756,4709,78.5915527344,-100.0000000000,0.280000
5757,4852,78.5915527344,-97.5000000000,0.560000
5758,4995,78.5915527344,-95.0000000000,0.120000
5759,5138,78.5915527344,-92.5000000000,0.670000
5760,5281,78.5915527344,-90.0000000000,0.780000
5761,5424,78.5915527344,-87.5000000000,0.510000
5762,5567,78.5915527344,-85.0000000000,0.900000
5763,5710,78.5915527344,-82.5000000000,1.000000
5764,5853,78.5915527344,-80.0000000000,1.000000
5765,5996,78.5915527344,-77.5000000000,0.950000
5766,6139,78.5915527344,-75.0000000000,0.140000
5767,6282,78.5915527344,-72.5000000000,0.380000
5768,6425,78.5915527344,-70.0000000000,0.700000
5769,6568,78.5915527344,-67.5000000000,0.940000
5770,6711,78.5915527344,-65.0000000000,1.000000
5771,6854,78.5915527344,-62.5000000000,1.000000
5772,6997,78.5915527344,-60.0000000000,1.000000
5773,7140,78.5915527344,-57.5000000000,1.000000
5774,7283,78.5915527344,-55.0000000000,1.000000
5775,7426,78.5915527344,-52.5000000000,1.000000
5776,7569,78.5915527344,-50.0000000000,1.000000
5777,7712,78.5915527344,-47.5000000000,1.000000
5778,7855,78.5915527344,-45.0000000000,1.000000
5779,7998,78.5915527344,-42.5000000000,1.000000
5780,8141,78.5915527344,-40.0000000000,1.000000
5781,8284,78.5915527344,-37.5000000000,1.000000
5782,8427,78.5915527344,-35.0000000000,1.000000
5783,8570,78.5915527344,-32.5000000000,1.000000
5784,8713,78.5915527344,-30.0000000000,1.000000
5785,8856,78.5915527344,-27.5000000000,1.000000
5786,8999,78.5915527344,-25.0000000000,1.000000
5787,9142,78.5915527344,-22.5000000000,1.000000
5788,9285,78.5915527344,-20.0000000000,0.650000
5789,11001,78.5915527344,10.0000000000,0.020000
5790,11144,78.5915527344,12.5000000000,0.700000
5791,11287,78.5915527344,15.0000000000,1.000000
5792,11430,78.5915527344,17.5000000000,0.990000
5793,11573,78.5915527344,20.0000000000,0.420000
5794,11716,78.5915527344,22.5000000000,0.280000
5795,15863,78.5915527344,95.0000000000,0.120000
5796,16006,78.5915527344,97.5000000000,0.330000
5797,16149,78.5915527344,100.0000000000,0.490000
5798,16292,78.5915527344,102.5000000000,0.840000
5799,16435,78.5915527344,105.0000000000,0.300000
5800,4424,79.8591537476,-105.0000000000,0.010000
5801,4853,79.8591537476,-97.5000000000,0.050000
5802,4996,79.8591537476,-95.0000000000,0.810000
5803,5139,79.8591537476,-92.5000000000,0.990000
5804,5282,79.8591537476,-90.0000000000,1.000000
5805,5425,79.8591537476,-87.5000000000,0.680000
5806,5568,79.8591537476,-85.0000000000,0.710000
5807,5711,79.8591537476,-82.5000000000,0.850000
5808,5854,79.8591537476,-80.0000000000,1.000000
5809,5997,79.8591537476,-77.5000000000,0.990000
5810,6140,79.8591537476,-75.0000000000,0.880000
5811,6283,79.8591537476,-72.5000000000,0.650000
5812,6426,79.8591537476,-70.0000000000,0.160000
5813,6569,79.8591537476,-67.5000000000,0.230000
5814,6712,79.8591537476,-65.0000000000,0.890000
5815,6855,79.8591537476,-62.5000000000,1.000000
5816,6998,79.8591537476,-60.0000000000,1.000000
5817,7141,79.8591537476,-57.5000000000,1.000000
5818,7284,79.8591537476,-55.0000000000,1.000000
5819,7427,79.8591537476,-52.5000000000,1.000000
5820,7570,79.8591537476,-50.0000000000,1.000000
5821,7713,79.8591537476,-47.5000000000,1.000000
5822,7856,79.8591537476,-45.0000000000,1.000000
5823,7999,79.8591537476,-42.5000000000,1.000000
5824,8142,79.8591537476,-40.0000000000,1.000000
5825,8285,79.8591537476,-37.5000000000,1.000000
5826,8428,79.8591537476,-35.0000000000,1.000000
5827,8571,79.8591537476,-32.5000000000,1.000000
5828,8714,79.8591537476,-30.0000000000,1.000000
5829,8857,79.8591537476,-27.5000000000,1.000000
5830,9000,79.8591537476,-25.0000000000,1.000000
5831,9143,79.8591537476,-22.5000000000,1.000000
5832,9286,79.8591537476,-20.0000000000,0.930000
5833,9429,79.8591537476,-17.5000000000,0.220000
5834,11002,79.8591537476,10.0000000000,0.100000
5835,11145,79.8591537476,12.5000000000,0.510000
5836,11288,79.8591537476,15.0000000000,0.440000
5837,11431,79.8591537476,17.5000000000,0.660000
5838,11574,79.8591537476,20.0000000000,0.720000
5839,11717,79.8591537476,22.5000000000,0.800000
5840,11860,79.8591537476,25.0000000000,0.740000
5841,12003,79.8591537476,27.5000000000,0.120000
5842,13147,79.8591537476,47.5000000000,0.260000
5843,13290,79.8591537476,50.0000000000,0.050000
5844,15721,79.8591537476,92.5000000000,0.420000
5845,15864,79.8591537476,95.0000000000,0.990000
5846,16007,79.8591537476,97.5000000000,1.000000
5847,16150,79.8591537476,100.0000000000,0.370000
5848,16293,79.8591537476,102.5000000000,0.040000
5849,4997,81.1267623901,-95.0000000000,0.360000
5850,5140,81.1267623901,-92.5000000000,0.530000
5851,5283,81.1267623901,-90.0000000000,0.580000
5852,5426,81.1267623901,-87.5000000000,0.950000
5853,5569,81.1267623901,-85.0000000000,0.930000
5854,5712,81.1267623901,-82.5000000000,1.000000
5855,5855,81.1267623901,-80.0000000000,1.000000
5856,5998,81.1267623901,-77.5000000000,1.000000
5857,6141,81.1267623901,-75.0000000000,1.000000
5858,6284,81.1267623901,-72.5000000000,1.000000
5859,6427,81.1267623901,-70.0000000000,0.960000
5860,6570,81.1267623901,-67.5000000000,0.560000
5861,6713,81.1267623901,-65.0000000000,0.380000
5862,6856,81.1267623901,-62.5000000000,0.780000
5863,6999,81.1267623901,-60.0000000000,1.000000
5864,7142,81.1267623901,-57.5000000000,1.000000
5865,7285,81.1267623901,-55.0000000000,1.000000
5866,7428,81.1267623901,-52.5000000000,1.000000
5867,7571,81.1267623901,-50.0000000000,1.000000
5868,7714,81.1267623901,-47.5000000000,1.000000
5869,7857,81.1267623901,-45.0000000000,1.000000
5870,8000,81.1267623901,-42.5000000000,1.000000
5871,8143,81.1267623901,-40.0000000000,1.000000
5872,8286,81.1267623901,-37.5000000000,1.000000
5873,8429,81.1267623901,-35.0000000000,1.000000
5874,8572,81.1267623901,-32.5000000000,1.000000
5875,8715,81.1267623901,-30.0000000000,1.000000
5876,8858,81.1267623901,-27.5000000000,1.000000
5877,9001,81.1267623901,-25.0000000000,1.000000
5878,9144,81.1267623901,-22.5000000000,0.830000
5879,9287,81.1267623901,-20.0000000000,0.850000
5880,9430,81.1267623901,-17.5000000000,0.990000
5881,9573,81.1267623901,-15.0000000000,0.750000
5882,9716,81.1267623901,-12.5000000000,0.250000
5883,11575,81.1267623901,20.0000000000,0.030000
5884,11718,81.1267623901,22.5000000000,0.050000
5885,11861,81.1267623901,25.0000000000,0.010000
5886,13005,81.1267623901,45.0000000000,0.020000
5887,13148,81.1267623901,47.5000000000,0.160000
5888,13291,81.1267623901,50.0000000000,0.240000
5889,13434,81.1267623901,52.5000000000,0.010000
5890,15722,81.1267623901,92.5000000000,0.160000
5891,15865,81.1267623901,95.0000000000,0.520000
5892,16008,81.1267623901,97.5000000000,0.270000
5893,5141,82.3943634033,-92.5000000000,0.010000
5894,5284,82.3943634033,-90.0000000000,0.260000
5895,5427,82.3943634033,-87.5000000000,0.390000
5896,5570,82.3943634033,-85.0000000000,0.660000
5897,5713,82.3943634033,-82.5000000000,0.750000
5898,5856,82.3943634033,-80.0000000000,1.000000
5899,5999,82.3943634033,-77.5000000000,1.000000
5900,6142,82.3943634033,-75.0000000000,1.000000
5901,6285,82.3943634033,-72.5000000000,1.000000
5902,6428,82.3943634033,-70.0000000000,1.000000
5903,6571,82.3943634033,-67.5000000000,1.000000
5904,6714,82.3943634033,-65.0000000000,0.870000
5905,6857,82.3943634033,-62.5000000000,0.380000
5906,7000,82.3943634033,-60.0000000000,0.220000
5907,7143,82.3943634033,-57.5000000000,0.300000
5908,7286,82.3943634033,-55.0000000000,0.300000
5909,7429,82.3943634033,-52.5000000000,0.230000
5910,7572,82.3943634033,-50.0000000000,0.440000
5911,7715,82.3943634033,-47.5000000000,0.320000
5912,7858,82.3943634033,-45.0000000000,0.880000
5913,8001,82.3943634033,-42.5000000000,1.000000
5914,8144,82.3943634033,-40.0000000000,1.000000
5915,8287,82.3943634033,-37.5000000000,1.000000
5916,8430,82.3943634033,-35.0000000000,1.000000
5917,8573,82.3943634033,-32.5000000000,0.970000
5918,8716,82.3943634033,-30.0000000000,0.830000
5919,8859,82.3943634033,-27.5000000000,0.850000
5920,9002,82.3943634033,-25.0000000000,0.670000
5921,9145,82.3943634033,-22.5000000000,0.500000
5922,9288,82.3943634033,-20.0000000000,0.010000
5923,9431,82.3943634033,-17.5000000000,0.030000
5924,9574,82.3943634033,-15.0000000000,0.070000
5925,5857,83.6619720459,-80.0000000000,0.050000
5926,6000,83.6619720459,-77.5000000000,0.100000
5927,6143,83.6619720459,-75.0000000000,0.080000
5928,6286,83.6619720459,-72.5000000000,0.130000
5929,6429,83.6619720459,-70.0000000000,0.100000
5930,6572,83.6619720459,-67.5000000000,0.030000
5931,7859,83.6619720459,-45.0000000000,0.020000
5932,8002,83.6619720459,-42.5000000000,0.130000
5933,8145,83.6619720459,-40.0000000000,0.170000
5934,8288,83.6619720459,-37.5000000000,0.420000
5935,8431,83.6619720459,-35.0000000000,0.500000
5936,8574,83.6619720459,-32.5000000000,0.460000
5937,8717,83.6619720459,-30.0000000000,0.400000
5938,8860,83.6619720459,-27.5000000000,0.380000
5939,9003,83.6619720459,-25.0000000000,0.180000
