region,land_idx,weight
ABW,783,1.0
AGO,275,0.005978855478833994
AGO,276,0.0025937323368711925
AGO,312,0.0038447363462981387
AGO,313,0.013329361367369941
AGO,314,0.009486112442445056
AGO,315,0.0017758158506232297
AGO,316,0.0018278755986871028
AGO,352,0.09745452622323882
AGO,353,0.2016967346142786
AGO,354,0.024256785120497656
AGO,355,0.0084756575228815
AGO,356,0.001226461556768263
AGO,388,0.027827918568637887
AGO,389,0.07427653477095364
AGO,390,0.01391937184542717
AGO,391,0.007630967451914972
AGO,392,0.0012324938767820134
AGO,421,0.1506961958372034
AGO,422,0.18430423386230443
AGO,423,0.016010768930742356
AGO,424,0.03299348509438515
AGO,463,0.050639343286936804
AGO,464,0.06852203201591871
AIA,931,1.0
ALB,1470,0.5574875811060659
ALB,1471,0.44251241889393417
ARE,1017,0.433515721158025
ARE,1018,0.566484278841975
ARG,3,0.0008466490329131958
ARG,5,7.016065696138009e-05
ARG,6,3.7519067893786144e-06
ARG,7,0.0020707398888378803
ARG,13,3.5267923820158975e-05
ARG,14,9.051475129375908e-05
ARG,15,7.503813578757229e-07
ARG,20,0.0003572440581286671
ARG,21,0.0051428636997609125
ARG,28,0.0015156452793493142
ARG,29,9.804983076242779e-05
ARG,30,0.0044668326280947095
ARG,37,0.004265261435835344
ARG,38,0.00033426362904372304
ARG,39,0.0004589832639006505
ARG,40,0.0026261471572255612
ARG,49,0.0031772084669155452
ARG,50,0.01695449159052302
ARG,51,0.0009497639378412847
ARG,52,0.013949089188671104
ARG,53,0.005765992885696878
ARG,54,0.017752928621192703
ARG,62,0.00030099672217789934
ARG,63,0.0013359914759179016
ARG,64,0.0005047252608411582
ARG,65,0.00991675863267635
ARG,66,0.011177180452678185
ARG,67,0.015585295739519119
ARG,68,0.0016130072605336893
ARG,85,0.043590528523918266
ARG,86,0.009094747121013408
ARG,87,0.026289892266185156
ARG,88,0.07613444295142872
ARG,89,0.3722540614938148
ARG,113,0.001035620071538232
ARG,114,0.016611567309973815
ARG,115,0.0036771813124901573
ARG,116,0.06162231761723153
ARG,117,0.033959008604904424
ARG,118,0.012302314767033008
ARG,147,0.0028812455530133957
ARG,148,0.021513589859746534
ARG,149,0.01871304156859469
ARG,150,0.008346648173101223
ARG,151,0.043406466230009336
ARG,152,0.02176812546951596
ARG,182,0.0004758355785629428
ARG,183,0.029811275649246367
ARG,184,0.004872007295457688
ARG,185,0.008127568082491423
ARG,186,0.012882828545019613
ARG,188,0.005911660666794502
ARG,220,9.379766973446536e-08
ARG,221,0.02761147016685386
ARG,222,0.01459554272848104
ARG,223,0.0010616332919445904
ARG,224,8.272954470579845e-05
ARM,1406,0.1494384029612987
ARM,1480,0.8505615970387013
ATG,931,1.0
AUS,23,0.015265439047951595
AUS,31,0.015381259823574231
AUS,41,0.005968967530733667
AUS,42,0.1061707287889858
AUS,43,0.1894860491797346
AUS,44,0.0008477493928578764
AUS,55,0.025681810253455957
AUS,56,0.002864057870938652
AUS,57,0.012214486709382608
AUS,58,0.025422130456739758
AUS,59,0.031704327572777996
AUS,73,0.00958622722259335
AUS,74,0.0007655093065783267
AUS,75,0.0008949416722987678
AUS,77,0.003854117660866988
AUS,78,0.07112088428713902
AUS,79,0.006518403032825287
AUS,80,0.00018860610470850168
AUS,81,0.005707005551246577
AUS,82,0.020142219109759624
AUS,83,0.16261187993501647
AUS,97,0.009093927796301495
AUS,98,0.0002009950968933298
AUS,99,0.002201654321688007
AUS,101,1.5486240231035143e-06
AUS,103,1.0921874689256364e-05
AUS,104,7.490449880169103e-05
AUS,105,0.00030654605004696407
AUS,106,5.30607494231783e-05
AUS,107,0.001582204712446601
AUS,108,3.211357184751498e-05
AUS,109,0.0004276647499591652
AUS,110,0.001401341727853617
AUS,111,0.0085586744300004
AUS,112,0.011820810181404188
AUS,129,5.2979242895646544e-05
AUS,130,0.00021313956949556263
AUS,131,1.0677355106661073e-05
AUS,132,0.0001420658774878645
AUS,134,7.4986005329222794e-06
AUS,135,1.5486240231035143e-06
AUS,136,1.230748565729635e-05
AUS,137,0.00021444367393607086
AUS,138,5.62395039969171e-06
AUS,141,7.254080950326988e-06
AUS,142,0.00019651223787908278
AUS,143,0.0009914454008963763
AUS,144,0.06498686603815353
AUS,145,0.12328881120773438
AUS,164,2.2006762433576256e-06
AUS,165,8.15065275317639e-08
AUS,166,4.792583818867718e-05
AUS,167,3.936765279784197e-05
AUS,169,2.6326608392759743e-05
AUS,170,2.184374937851273e-05
AUS,171,0.00014402203414862682
AUS,172,2.6652634502886797e-05
AUS,176,2.0376631882940977e-05
AUS,177,0.00021020533450441913
AUS,178,0.0007611079540916114
AUS,179,0.008618907753846375
AUS,180,0.008534059458685808
AUS,203,0.0004548879301547744
AUS,204,0.00024549766092567287
AUS,205,0.0002688085277997574
AUS,206,1.7034864254138656e-05
AUS,207,8.069146225644627e-06
AUS,208,6.846548312668169e-06
AUS,209,3.0972480462070283e-05
AUS,210,0.0001181029583935259
AUS,211,0.0019683011333645668
AUS,213,8.232159280708155e-06
AUS,215,0.00021802996114746845
AUS,216,0.0003481958856156954
AUS,217,0.002314459355791968
AUS,218,0.008206729244118244
AUS,244,4.5969681527914846e-05
AUS,245,0.000737063528469741
AUS,246,3.7656015719674924e-05
AUS,248,2.314785381902095e-05
AUS,249,8.15065275317639e-08
AUS,250,1.4263642318058685e-05
AUS,251,1.2062966074701059e-05
AUS,252,3.064645435194323e-05
AUS,253,0.0015800855427307752
AUS,254,0.00012225979129764587
AUS,255,8.248460586214507e-05
AUS,256,0.0010486629832236745
AUS,257,0.003216492095985999
AUS,286,0.0009210237611089322
AUS,287,0.00021028684103195088
AUS,288,0.00014581517775432562
AUS,289,2.0621151465536268e-05
AUS,290,4.727378596842307e-05
AUS,291,0.00028347970275547485
AUS,292,9.78078330381167e-06
AUS,293,7.197026381054753e-05
AUS,294,4.735529249595483e-05
AUS,295,3.798204182980198e-05
AUS,296,0.016508087566700868
AUS,327,1.2470498712359879e-05
AUS,328,3.6677937389293758e-06
AUS,329,0.00043687498757025454
AUS,330,4.2464900844049e-05
AUS,331,2.233278854370331e-05
AUS,332,5.6647036634575915e-05
AUS,333,3.9856691963032554e-05
AUS,334,4.107928987600901e-05
AUS,335,1.2388992184828114e-05
AUS,365,2.5919075755100923e-05
AUS,366,0.00013717548583595866
AUS,367,0.002045895347574806
AUS,368,0.0003294493842833897
AUS,369,0.0005503320738944699
AUS,370,3.830806793992904e-06
AUS,371,1.0921874689256364e-05
AUS,400,1.08403681617246e-05
AUS,402,1.7116370781670422e-06
AUT,1629,0.09758410910409063
AUT,1714,0.20745277101215548
AUT,1715,0.27037250726362755
AUT,1716,0.4245906126201263
AZE,1406,0.1301608288158228
AZE,1407,0.10877361302300499
AZE,1481,0.37721500085544024
AZE,1482,0.3838505573057319
BDI,510,0.4721333523308144
BDI,511,0.5278666476691856
BEL,1800,0.766947517299681
BEL,1801,0.23305248270031895
BEN,662,0.42688725060482674
BEN,704,0.3473966038823268
BEN,749,0.13834334467190162
BEN,750,0.08737280084094487
BFA,749,0.04075734363914568
BFA,792,0.2119425232675581
BFA,793,0.12370186498734982
BFA,794,0.05717179702153458
BFA,833,0.10281715109851536
BFA,834,0.46360931998589644
BGD,971,0.012238020552388654
BGD,1028,0.35081366268390113
BGD,1029,0.4936978724105526
BGD,1092,0.14325044435315767
BGR,1472,0.050358544259651424
BGR,1473,0.06267483121644507
BGR,1550,0.4705902783026232
BGR,1551,0.3964294767954992
BGR,1552,0.0199468694257811
BHR,1077,1.0
BHS,1049,1.0
BIH,1547,0.5350257740969865
BIH,1548,0.46497422590301346
BLR,1810,0.014925528685250737
BLR,1811,0.013452565150941127
BLR,1900,0.10915138425183507
BLR,1901,0.39925137863558263
BLR,1902,0.14635924986166843
BLR,1903,0.2190365482936918
BLR,1994,0.017958691015597935
BLR,1995,0.037044106495726724
BLR,1996,0.04282054760970558
BLZ,872,0.3006226464337646
BLZ,926,0.6993773535662354
BMU,1536,1.0
BOL,220,8.390858350849663e-05
BOL,260,0.0009661514472108178
BOL,261,0.027757468819046824
BOL,262,0.054941585900528
BOL,263,8.504057114436168e-05
BOL,299,0.058717755155319316
BOL,300,0.27120895572018117
BOL,301,0.21690043390501068
BOL,302,0.001670106258264394
BOL,303,0.0037365496875360377
BOL,339,0.2698471745942355
BOL,340,0.013683042046973242
BOL,341,0.012590532479908989
BOL,342,0.005133422430193506
BOL,343,0.002936941921251865
BOL,375,0.004183260308339282
BOL,376,0.008756914852597523
BOL,377,0.013226426534356179
BOL,378,5.801436633808367e-06
BOL,407,0.013402167614824228
BOL,408,0.020166359732935818
BRA,91,0.0015848855491096667
BRA,119,0.0012299101395447857
BRA,120,0.007008058240277105
BRA,121,0.01241890334858578
BRA,152,0.0020152936827251295
BRA,153,0.022371729126899303
BRA,154,0.02736045161819304
BRA,155,0.011084669061219323
BRA,188,0.014095296387025686
BRA,189,0.008061426461005569
BRA,190,0.020881501289577366
BRA,225,0.0015090356723135724
BRA,226,0.015284886556030088
BRA,227,0.02035775882529787
BRA,228,0.04888616620803839
BRA,229,0.14983736077527118
BRA,230,0.08477021356782112
BRA,264,5.808492366823986e-05
BRA,265,0.00134051315541529
BRA,266,0.004875889865921354
BRA,267,0.010140422244885924
BRA,268,0.026998722649524087
BRA,269,0.013097992056836342
BRA,270,0.0252516078361424
BRA,271,0.0183166592106607
BRA,303,0.0009205050712827735
BRA,304,0.00023591426216467752
BRA,305,0.0014255044311690778
BRA,306,0.003466366700278629
BRA,307,0.00964581574219385
BRA,308,0.0071877431892622004
BRA,309,0.04147518876161734
BRA,310,0.012541179449041916
BRA,311,0.001644423315098484
BRA,343,0.0018251871073909397
BRA,344,0.004951308205394504
BRA,345,0.0024396243323758
BRA,346,0.002109951394512859
BRA,347,0.030404897085540766
BRA,348,0.0013237695072850692
BRA,349,0.007758659875228176
BRA,350,0.0046498937698956685
BRA,351,0.003265363807540108
BRA,377,0.00014007701502756804
BRA,378,0.0009312287737579277
BRA,379,0.000724917971947197
BRA,380,0.0010138897479678188
BRA,381,0.00044719493547797795
BRA,382,0.0005722256825122377
BRA,383,0.002872995688942144
BRA,384,0.0016951073736782372
BRA,385,0.008085103475457753
BRA,386,0.010376243007297297
BRA,387,0.03416597500823517
BRA,406,1.0069204202022759e-07
BRA,407,0.0002245864074374019
BRA,409,0.0023918099969936235
BRA,410,0.0024659265322092266
BRA,411,0.0006194790193745874
BRA,412,0.0010848992144582264
BRA,413,0.0004637587763903054
BRA,414,0.0003306007431072701
BRA,415,0.0023745556963645858
BRA,416,0.0004691314160609561
BRA,417,0.0023112851325323043
BRA,418,0.0060580575929711205
BRA,419,0.01936280637351857
BRA,420,0.0023856533978529578
BRA,447,0.0006293036857602753
BRA,448,0.0004712099874998022
BRA,449,0.0015577850052287939
BRA,450,9.97282753323197e-05
BRA,451,0.002882547048356634
BRA,452,0.00012038452852389782
BRA,453,8.382612498183947e-05
BRA,454,0.0007235082833589139
BRA,455,0.0002318362344628583
BRA,456,0.0009326600392123581
BRA,457,0.003392545048900371
BRA,458,0.0011403661450339404
BRA,459,0.0030364764114506992
BRA,460,0.006945981596371634
BRA,461,0.01906019801809292
BRA,462,0.0381516968766767
BRA,487,1.0917894270478963e-05
BRA,488,8.487619913433613e-05
BRA,489,0.0001420405098469625
BRA,490,5.158309466921945e-05
BRA,491,0.0001660915233123654
BRA,492,0.0001522175983797212
BRA,493,0.0001620638416315563
BRA,494,0.0002657406834688121
BRA,495,8.975976317231717e-06
BRA,496,0.0006141063797039366
BRA,497,0.006529468964554963
BRA,498,0.0017346290001711766
BRA,499,0.010665797358703892
BRA,500,0.0032911625471634333
BRA,501,0.014977365867411597
BRA,502,0.017336954410958748
BRA,534,0.00010555402919206143
BRA,535,0.0006371504727491373
BRA,536,0.0006293396472038539
BRA,537,0.0007127414271514653
BRA,538,0.005735001560726652
BRA,539,0.004753433958247326
BRA,540,0.0017433748232495048
BRA,541,0.0027672474679547574
BRA,542,0.0008311984222995473
BRA,543,0.004925674888411641
BRA,544,0.006643006434221485
BRA,545,0.018828764551798143
BRA,546,0.008686055159100618
BRA,547,0.007413976630815505
BRA,578,3.483225425028302e-05
BRA,579,6.234995087666808e-05
BRA,580,4.3721923102925964e-05
BRA,581,4.3851384299809115e-05
BRA,582,1.6268957074982486e-05
BRA,583,0.0005714129538873601
BRA,584,0.0009422473600704269
BRA,585,0.0013898162945616228
BRA,586,0.004264976862407201
BRA,587,0.0019610494412310897
BRA,618,2.9373307115043535e-05
BRA,619,1.1032970889930652e-05
BRA,620,6.775135970218171e-06
BRA,621,9.641982252308365e-05
BRA,622,5.86603067654983e-05
BRA,623,0.0001411055123139175
BRA,624,3.939216529605618e-05
BRA,625,0.0012844708417423176
BRA,655,1.9570217595502805e-05
BRA,656,0.0011646760808931096
BRA,660,7.508749419222686e-05
BRB,786,1.0
BRN,647,1.0
BTN,1154,0.357587024309946
BTN,1155,0.6424129756900541
BWA,158,0.0005901992146759879
BWA,159,0.013458449582568702
BWA,160,0.22198334987424606
BWA,194,0.009125646792699258
BWA,195,0.03560045757269913
BWA,196,0.3876397024543199
BWA,197,0.024315983234302917
BWA,234,0.009254682742675947
BWA,235,0.009872933250825128
BWA,236,0.155599963869934
BWA,237,0.07553091280592039
BWA,276,0.019453572023659584
BWA,277,0.02524504207413508
BWA,278,0.012329104507337938
CAF,630,0.13768650481385877
CAF,631,0.21579488007784378
CAF,632,0.1315002358753042
CAF,668,0.13035516550501772
CAF,669,0.09944942731708502
CAF,670,0.08715272408892548
CAF,671,0.0020774097772857827
CAF,672,0.009870979327343382
CAF,710,0.12346701570302494
CAF,711,0.036059868008316204
CAF,712,0.012032102678144946
CAF,713,0.010705160465788888
CAF,757,0.003848526362060877
CAN,1611,0.06008010687124557
CAN,1612,0.05632275749418778
CAN,1613,0.04086786789723188
CAN,1614,0.010582357956278337
CAN,1618,0.003174986764486078
CAN,1619,0.003823468743001009
CAN,1698,0.007711846215667403
CAN,1699,0.008586949992806027
CAN,1700,0.011062701180975689
CAN,1701,0.052692897429772616
CAN,1702,0.22084422323946712
CAN,1703,0.05396588147591463
CAN,1704,0.0032016673255321794
CAN,1705,0.013869468265265309
CAN,1706,0.014875367323343722
CAN,1707,0.005243265719297216
CAN,1768,0.0017499747396084336
CAN,1769,0.09904029137221432
CAN,1770,0.0029958125953667087
CAN,1771,0.011549889156936178
CAN,1772,0.002346585609911572
CAN,1773,0.001652751333911645
CAN,1774,0.005072426315321394
CAN,1775,0.0004969661920506828
CAN,1776,0.00045221921270460335
CAN,1777,0.0008361306015791354
CAN,1778,0.001959787319143745
CAN,1779,0.004621836805298489
CAN,1780,0.03255494076962011
CAN,1781,0.002291408533402619
CAN,1782,0.00031383417356147306
CAN,1783,0.006418374478669753
CAN,1784,0.0004649774565556187
CAN,1785,0.0014273401715657857
CAN,1786,0.003704174506700639
CAN,1787,0.008302636719250188
CAN,1788,0.00013899035728204704
CAN,1789,0.0042759207703744265
CAN,1790,0.01405441623817127
CAN,1791,0.01585076765980748
CAN,1792,0.007257019478672081
CAN,1793,0.001481446300598194
CAN,1794,0.0016541482219245298
CAN,1795,0.0023572019588094977
CAN,1796,0.00465722463495824
CAN,1859,0.001124634539173629
CAN,1860,0.00051880420798545
CAN,1861,0.005183711727014557
CAN,1862,0.005873820968313458
CAN,1863,0.001355307313034688
CAN,1864,0.04114426547204804
CAN,1865,0.0032027848359424873
CAN,1866,0.0021306732860533304
CAN,1867,0.002495586997952628
CAN,1868,0.01209029856618758
CAN,1869,0.00225802290989467
CAN,1870,0.0031199959397121757
CAN,1871,0.0025564447523806462
CAN,1872,0.0005706287532634796
CAN,1873,0.0003853548398211797
CAN,1874,1.2897932652303864e-05
CAN,1875,6.500185553291045e-05
CAN,1876,1.2571992115964054e-06
CAN,1877,0.0001730744247964385
CAN,1878,8.614142746123519e-05
CAN,1879,2.248989700744681e-05
CAN,1880,0.00011258917383852255
CAN,1882,2.560961356955641e-06
CAN,1883,0.0017076024698842586
CAN,1884,0.00019062865082502533
CAN,1885,0.0001006690627952381
CAN,1886,0.00011137853756068896
CAN,1887,0.0004495185625463592
CAN,1953,4.204632918783534e-05
CAN,1954,0.0015503128796334194
CAN,1955,0.000928697713899641
CAN,1956,0.002296344204381479
CAN,1957,0.0045525511598593985
CAN,1958,0.0009852251154877166
CAN,1959,0.0017351677266718537
CAN,1960,0.05110039853215008
CAN,1961,0.004803618498708577
CAN,1962,0.003430011952705097
CAN,1963,0.012497817362479867
CAN,1964,0.002023811353067636
CAN,1965,0.0016009733515673782
CAN,1966,0.0005781253855992952
CAN,1967,0.00014034068236116912
CAN,1968,0.0005615489811797278
CAN,1969,5.7225845594517863e-05
CAN,1970,0.0001777772811064843
CAN,1971,1.4387946532714419e-05
CAN,1972,3.0265906945839392e-05
CAN,1974,0.00019440024845981455
CAN,1979,0.0007145082185906238
CAN,1980,1.5598582810547993e-05
CAN,1981,0.0003938292937660147
CAN,1982,2.803088612522356e-05
CAN,1983,4.1347885181392895e-05
CAN,2049,1.671609322085591e-05
CAN,2050,0.0003620733729397648
CAN,2051,1.932361751157438e-05
CAN,2052,0.00025698083143705784
CAN,2053,0.0021817993873249177
CAN,2054,0.003764706320592318
CAN,2055,0.0004792722772208075
CAN,2056,0.00046832998778654247
CAN,2057,0.0006166794947549183
CAN,2058,0.0003988580906124004
CAN,2059,0.0002781204033653826
CAN,2060,0.0002651759077793159
CAN,2061,0.00010523223030399542
CAN,2062,0.0007769956757003414
CAN,2063,0.00010560473377409807
CAN,2064,7.217254733238624e-05
CAN,2066,1.0150719560296904e-05
CAN,2068,8.846957414937669e-06
CAN,2074,8.455828771329899e-05
CAN,2146,6.937877130661645e-06
CAN,2147,8.4278910110722e-06
CAN,2148,1.8532047637606274e-05
CAN,2149,3.264061656774371e-05
CAN,2150,1.0988852368027841e-05
CAN,2151,1.2571992115964054e-06
CAN,2152,0.0003006103003728294
CAN,2153,0.0002631271386937514
CAN,2154,0.00022992776692085372
CAN,2155,0.00035965210038409765
CAN,2156,0.0002941846155135589
CAN,2157,2.6121805840947535e-05
CAN,2158,5.811054133601163e-05
CAN,2159,3.5480955527276334e-05
CAN,2160,4.96360873911766e-05
CAN,2161,1.5738271611836484e-05
CAN,2163,4.558511215381041e-05
CAN,2168,7.426787935171358e-05
CAN,2169,2.844995252908903e-05
CAN,2251,2.6028679973421877e-05
CAN,2252,0.0006723222006015
CAN,2253,0.00021451543584535704
CAN,2255,4.414166120716268e-05
CAN,2257,3.1616232024961456e-05
CAN,2258,6.840094969759702e-05
CAN,2259,4.8192636444528876e-05
CAN,2260,0.0001941674337910004
CAN,2261,6.402403392389102e-05
CAN,2262,7.422131641795075e-05
CAN,2269,7.557164149707283e-05
CAN,2270,6.453622619528216e-05
CAN,2272,1.0709474765450863e-06
CAN,2273,1.2758243851015375e-05
CAN,2358,4.283789906180345e-06
CAN,2359,5.405956609864544e-05
CAN,2360,4.535229748499626e-05
CAN,2361,2.9707151740685435e-05
CAN,2364,2.7891197323935072e-05
CAN,2365,4.842545111334302e-06
CAN,2367,3.943880489711687e-05
CAN,2368,8.143857115118937e-05
CAN,2369,0.0008417181536306749
CAN,2370,1.396888012884895e-05
CAN,2376,6.462935206280782e-05
CAN,2381,3.4642822719545395e-05
CAN,2383,5.4944261840139205e-05
CAN,2483,3.142998028991014e-05
CAN,2484,3.906630142701423e-05
CAN,2485,3.0079655210788072e-05
CAN,2507,2.3979910887857365e-05
CAN,2508,6.518810726796176e-07
CAN,2599,1.0895726500502181e-05
CAN,2600,3.1197165621095986e-05
CAN,2601,0.00021893891455282587
CAN,2604,2.7472130920069603e-06
CAN,2605,6.658499528084667e-06
CAN,2608,2.523711009945377e-05
CAN,2609,9.312586752565966e-08
CAN,2612,5.904180001126823e-05
CAN,2613,2.421272555667151e-06
CAN,2619,1.7367974293535527e-05
CAN,2715,3.2454364832692395e-05
CAN,2770,1.3968880128848952e-07
CAN,2773,1.946330631286287e-05
CAN,2825,2.560961356955641e-06
CHE,1626,0.31984616450321407
CHE,1627,0.11039953610149918
CHE,1713,0.5697542993952868
CHL,1,7.73308573302309e-05
CHL,2,0.00021580087074191438
CHL,3,2.6366814055387652e-05
CHL,5,0.001349839312848973
CHL,11,8.847924179660285e-08
CHL,12,0.00013873545113707327
CHL,19,0.003825576977559718
CHL,20,0.00031737504032441444
CHL,27,0.0060745423455457696
CHL,28,0.0001274985874289047
CHL,36,0.05403781213485723
CHL,48,0.11378439342967307
CHL,49,0.009867116565915353
CHL,61,0.05528174179527567
CHL,62,0.06090946396974859
CHL,84,0.6294937058521763
CHL,113,0.020604780391867483
CHL,146,0.016585610833256798
CHL,147,0.0006237786546660502
CHL,181,0.002110937750783351
CHL,182,0.0036627751726539684
CHL,219,0.0004278856133283714
CHL,220,0.01800419851698173
CHL,260,0.0013585102785450402
CHL,299,0.001094134304056791
CHN,916,0.002380619257627321
CHN,917,0.0019473416926769976
CHN,975,0.000542992756431373
CHN,978,0.0023099446678899924
CHN,979,0.006077107458370388
CHN,1032,0.0030418678930897117
CHN,1033,0.0066660555535808345
CHN,1034,0.004906798444037938
CHN,1035,0.003263125246706637
CHN,1036,0.01793895370216026
CHN,1037,0.017865030769272285
CHN,1038,0.03325762766608097
CHN,1039,0.01705521668708957
CHN,1041,0.009805814918134752
CHN,1096,0.0020018670715043884
CHN,1097,0.007759176391951375
CHN,1098,0.007421940201599612
CHN,1099,0.009908383221002596
CHN,1100,0.005934204375422517
CHN,1101,0.012905006461561145
CHN,1102,0.009468573390965108
CHN,1103,0.008380940580316219
CHN,1104,0.011210919014110634
CHN,1152,1.9202760207901007e-05
CHN,1153,0.0001971055842934205
CHN,1154,0.00038212772343308976
CHN,1155,0.000638990547017233
CHN,1156,0.00047609040746673904
CHN,1157,0.00016388211404072151
CHN,1158,0.0004075194134444358
CHN,1159,0.0034292906293310666
CHN,1160,0.016737909064177617
CHN,1161,0.026445080019526848
CHN,1162,0.015899434491031032
CHN,1163,0.028951625942420442
CHN,1164,0.016399103849368643
CHN,1165,0.02015594701300518
CHN,1166,0.011165669914231235
CHN,1167,0.014315748016159365
CHN,1216,9.26560531222867e-06
CHN,1217,7.811055598579104e-05
CHN,1218,9.405252046799075e-06
CHN,1219,1.2896420411059183e-05
CHN,1220,3.0587971688800206e-05
CHN,1221,0.00015089229931673307
CHN,1222,0.00010275064414546836
CHN,1223,0.0002639109810665374
CHN,1224,0.0001978954333399079
CHN,1225,0.0006300896242602519
CHN,1226,0.01853581185094099
CHN,1227,0.020284255677985974
CHN,1228,0.015804416006526458
CHN,1229,0.012514429665951721
CHN,1230,0.020099084107945617
CHN,1231,0.021254257017296
CHN,1232,0.014205241196692534
CHN,1233,0.016548181630605608
CHN,1276,8.37257778669564e-06
CHN,1277,4.4357851293159625e-06
CHN,1278,2.648840608602955e-06
CHN,1280,1.556571882154188e-07
CHN,1281,2.8929110797247316e-05
CHN,1282,2.9215520023563687e-05
CHN,1283,0.0001827406494952547
CHN,1284,0.00011493548883897133
CHN,1285,0.0004036546678284587
CHN,1286,0.0024930989207710766
CHN,1287,0.01281067286868472
CHN,1288,0.015917457814487085
CHN,1289,0.024369200178700146
CHN,1290,0.0325623941743481
CHN,1291,0.04605657020906178
CHN,1292,0.03579746821679903
CHN,1293,0.009957236451891418
CHN,1345,9.387818441718948e-05
CHN,1346,0.00010689557270023322
CHN,1347,0.00018997915348209515
CHN,1348,1.829372222872296e-05
CHN,1352,4.4574881887014265e-05
CHN,1353,1.2940893893406445e-05
CHN,1354,8.920668983143304e-05
CHN,1355,0.003282601963565797
CHN,1356,0.005730176048866922
CHN,1357,0.0055793184388664195
CHN,1358,0.0037121126245613072
CHN,1359,0.010686868403280607
CHN,1360,0.019606791121390122
CHN,1361,0.03420800730497939
CHN,1362,0.016561786958325282
CHN,1363,0.004738944848023606
CHN,1416,2.8947789659833168e-05
CHN,1417,0.002479414430252824
CHN,1418,0.0008124629227913182
CHN,1419,0.00038682323369931376
CHN,1420,3.851848306096406e-05
CHN,1421,2.0890084128156147e-05
CHN,1422,9.72279271075853e-06
CHN,1423,7.983879550980566e-06
CHN,1424,1.7112506537579667e-05
CHN,1425,0.00010467278805251704
CHN,1426,0.0006489365966093748
CHN,1427,0.0026772218060976843
CHN,1428,0.0007720507588520077
CHN,1429,0.0032341650044717465
CHN,1430,0.0018230338621681643
CHN,1431,0.01081772806720884
CHN,1432,0.014041921227468682
CHN,1433,0.04157847567704957
CHN,1434,0.0064891756195893015
CHN,1435,0.005008079684326653
CHN,1492,4.6480125870770996e-05
CHN,1493,0.00024595703624294754
CHN,1494,0.0010702276685974638
CHN,1495,0.00023324562551845296
CHN,1496,0.00036402879505704783
CHN,1497,3.4524764346179885e-05
CHN,1498,3.0963327879811106e-05
CHN,1499,0.00011893632331093107
CHN,1500,0.00016623387178724475
CHN,1501,9.654036707049662e-05
CHN,1502,9.260268494347e-06
CHN,1503,8.24894150577025e-06
CHN,1504,0.00038564023906887654
CHN,1505,0.0020935918499063234
CHN,1506,0.0025957428285589114
CHN,1507,0.005569058406488906
CHN,1508,0.007003179670757082
CHN,1509,0.005065374871634632
CHN,1510,0.011757925057589023
CHN,1511,0.011357775789639176
CHN,1512,0.0020473981332618687
CHN,1570,0.0013354203754252494
CHN,1571,0.0010978056750010014
CHN,1572,0.002374001603454048
CHN,1573,0.0009582060823218853
CHN,1574,0.00026076937427352677
CHN,1575,0.0002036947754379909
CHN,1576,1.4174588293719507e-05
CHN,1577,1.51120893015998e-06
CHN,1578,1.2559311414866932e-06
CHN,1582,0.00013419517510427685
CHN,1583,0.0001635930364054643
CHN,1584,0.0005637645410964855
CHN,1585,0.002723447543649429
CHN,1586,0.004416687326526401
CHN,1587,0.007461132902652961
CHN,1588,0.013303410590063685
CHN,1589,0.0034723374023646293
CHN,1590,0.00046290224101148183
CHN,1657,0.0003336880959300984
CHN,1658,0.00015195966289306738
CHN,1659,5.843370845606821e-05
CHN,1660,5.659784310477321e-05
CHN,1670,2.6065018534083612e-05
CHN,1671,0.00012114487644429613
CHN,1672,0.0007398128209681241
CHN,1673,0.00410388042002799
CHN,1674,0.010303684879376593
CHN,1675,0.001626153313695421
CHN,1676,0.004787673553161855
CHN,1677,0.00014587569050796185
CHN,1744,0.00011608913097105932
CHN,1745,0.00018098394694253785
CHN,1756,0.0002270584746543018
CHN,1757,0.00041147399549475443
CHN,1758,0.0010184116143146685
CHN,1759,0.0034331793906275114
CHN,1760,0.004334161443213174
CHN,1761,0.0010016086432142256
CHN,1762,0.0014958139895106517
CHN,1763,0.00022037233131821436
CHN,1846,2.4897144887644497e-05
CHN,1847,0.000264469568004819
CHN,1848,0.00022776916090221105
CHN,1849,0.0001609646535987411
CHN,1939,6.117327496865958e-05
CHN,1940,0.00011693145872671648
CHN,1941,3.640955052805687e-05
CIV,661,0.013431366104099984
CIV,700,0.03503870548239392
CIV,701,0.24428341807200477
CIV,702,0.3787744529851095
CIV,745,0.010226459515329087
CIV,746,0.22082280699304369
CIV,747,0.08251708426306308
CIV,791,0.01490570658495604
CMR,627,0.15141992904498255
CMR,628,0.2162414772319908
CMR,629,0.043651805319335754
CMR,630,0.0020006961048112614
CMR,665,0.043482620937037524
CMR,666,0.2599561331061154
CMR,667,0.028973174638320665
CMR,708,0.038059502622125145
CMR,709,0.0998863848193284
CMR,754,0.08432952238606405
CMR,799,0.03199875378988845
COD,358,0.02230261179504673
COD,391,0.0014631926849877296
COD,392,0.002253322646010815
COD,393,0.03168588536148493
COD,394,0.00425319217125682
COD,422,0.0027061420506805213
COD,423,0.004632821042590012
COD,424,0.007034378700501543
COD,425,0.015418590739387748
COD,426,0.02060060946971578
COD,427,0.011792999330860117
COD,463,0.03873160268352392
COD,464,0.02119021778966309
COD,465,0.030874663414900475
COD,466,0.049054315973742546
COD,467,0.06173659103214988
COD,468,0.013560427114588432
COD,469,0.00874718227194163
COD,505,0.18181210947584187
COD,506,0.03896984807966741
COD,507,0.012249499757213782
COD,508,0.010001228440229128
COD,509,0.026957250280026334
COD,510,0.04601142761090838
COD,552,0.010874114217212736
COD,553,0.01115032518736669
COD,554,0.004380657622853158
COD,555,0.007570491296560088
COD,556,0.045002397769161144
COD,592,0.01336570912813846
COD,593,0.012610965339069923
COD,594,0.01157616834553498
COD,595,0.01714902022487657
COD,596,0.041195065990777345
COD,597,0.023404822536063803
COD,631,0.025812963042972193
COD,632,0.030453710373129852
COD,633,0.008399446632278939
COD,634,0.016524375027003116
COD,635,0.011791763367374992
COD,636,0.0446978939827064
COG,503,0.1593693930156471
COG,504,0.47651179655656867
COG,505,0.03740050532167386
COG,550,0.01946453773119025
COG,551,0.12271402574795028
COG,590,0.012115274612093415
COG,591,0.026519415473501725
COG,592,0.00030156550792646586
COG,630,0.04075043539517447
COG,631,0.10485305063827377
COL,534,0.0005373859973533523
COL,576,0.00011382879495492321
COL,577,1.6119336672952245e-05
COL,578,2.2913172407874465e-05
COL,614,0.03350287158131462
COL,615,0.022763419604151392
COL,616,0.0013733482566985458
COL,617,0.00037337254786593764
COL,650,0.20913855508829776
COL,651,0.22346056969901834
COL,652,0.00024675724131557116
COL,653,0.0003747825892448837
COL,654,1.7753702816730704e-05
COL,689,0.15054406126142686
COL,690,0.08404580480963833
COL,691,0.004119564074170997
COL,692,1.0062568022479136e-05
COL,734,0.0008486846781506846
COL,735,0.07181968852314125
COL,736,0.12188080420300007
COL,781,0.07478965227033646
COM,399,1.0
CPV,875,1.0
CRI,732,0.37038921073450115
CRI,779,0.11433949661474938
CRI,780,0.5152712926507494
CUW,783,1.0
CYM,986,1.0
CYP,1328,1.0
CZE,1715,0.11685558177099908
CZE,1716,0.27951672865902594
CZE,1717,0.19549405699091035
CZE,1804,0.30304967151317336
CZE,1805,0.10508396106589127
DEU,1712,0.04510373559460097
DEU,1713,0.13591933640412063
DEU,1714,0.11058525587500735
DEU,1801,0.21096180852648472
DEU,1802,0.09561075413475886
DEU,1803,0.11147452384508974
DEU,1804,0.030591036392876924
DEU,1893,0.00845907513107553
DEU,1894,0.11267277319424579
DEU,1895,0.07115558260165082
DEU,1896,0.06746611830008867
DJI,766,0.7614116485686081
DJI,811,0.2385883514313919
DMA,786,1.0
DNK,1988,0.5043113370866805
DNK,1989,0.44156175524645813
DNK,2080,0.05412690766686139
DOM,929,0.6680737423160499
DOM,930,0.33192625768395007
DZA,884,7.87041560524801e-05
DZA,941,3.5478039256817454e-06
DZA,997,0.0001041096945087988
DZA,998,0.0024361586956347984
DZA,999,0.0002474899083329024
DZA,1057,0.0007257909686124563
DZA,1060,0.00023142284227866555
DZA,1118,0.000130290040719002
DZA,1119,0.002889706687145515
DZA,1120,4.4857291014366893e-07
DZA,1121,5.1055753045443045e-05
DZA,1122,0.000234277397161398
DZA,1181,0.0009695699555978066
DZA,1182,0.0014424065822447013
DZA,1183,9.138653560290564e-05
DZA,1184,0.00389985210143359
DZA,1185,0.0011948758945563311
DZA,1186,0.00010174449189167764
DZA,1187,0.006382295365524122
DZA,1188,0.0008001725129853701
DZA,1252,0.0031094258544049776
DZA,1253,0.005363300831099576
DZA,1254,0.028501140109220162
DZA,1255,0.029867248517384974
DZA,1256,0.046962525240382066
DZA,1317,0.05063845790094303
DZA,1318,0.22013772656398206
DZA,1319,0.24082395177074564
DZA,1320,0.28657704288666946
DZA,1392,0.06600387436500427
ECU,530,0.06382286603072565
ECU,531,0.3559677149881059
ECU,573,0.05658041816171147
ECU,574,0.4112011010955264
ECU,575,0.007502108311520928
ECU,614,0.1049257914124096
EGY,1008,0.01635290718067656
EGY,1009,0.001025455336249539
EGY,1067,4.19653041025701e-06
EGY,1068,0.0007216265345469316
EGY,1069,0.15553759685951102
EGY,1070,0.0008926682792681437
EGY,1129,0.00015924728556817387
EGY,1130,0.000434208375448645
EGY,1131,0.2983088181229684
EGY,1132,0.004039005910857257
EGY,1195,0.0008890680979161864
EGY,1196,0.006148557574089137
EGY,1197,0.5145298791529556
EGY,1198,0.0009567647595342797
ESP,1390,0.022192848242864223
ESP,1462,0.10752827857686083
ESP,1463,0.12073660386761179
ESP,1464,0.176607679474363
ESP,1465,0.07221736532002286
ESP,1538,0.028190102501670547
ESP,1539,0.2344269054633792
ESP,1540,0.04048235920575528
ESP,1541,0.0030923163680207587
ESP,1620,0.04622133405760627
ESP,1621,0.08945879266539347
ESP,1622,0.03626223585742548
ESP,1623,0.02258317839902629
EST,2084,0.2594557205011399
EST,2085,0.7405442794988601
ETH,638,0.0018754203955517106
ETH,639,0.006052773824694878
ETH,640,0.0034470558833417917
ETH,676,0.03274216295626334
ETH,677,0.10700024562701775
ETH,678,0.009740288565210971
ETH,679,0.00881197112400716
ETH,680,0.004941168962437938
ETH,717,0.013827595910230809
ETH,718,0.11442704249244473
ETH,719,0.26439063591063566
ETH,720,0.0913718567022186
ETH,721,0.012645502484384114
ETH,722,0.003307215322596798
ETH,762,0.0037194029346316894
ETH,763,0.026591665862849712
ETH,764,0.16784238388333356
ETH,765,0.016393920030070546
ETH,808,0.014790803796509317
ETH,809,0.08680978625731632
ETH,810,0.009271101074252571
FIN,2177,0.11673274923369191
FIN,2178,0.29074065374977837
FIN,2179,0.19489765560296798
FIN,2180,0.04087851091409774
FIN,2283,0.046686920984039884
FIN,2284,0.06028833413106397
FIN,2285,0.14079522529648283
FIN,2286,0.045650717555533266
FIN,2287,0.008465043528161584
FIN,2401,0.003904436524975317
FIN,2402,0.037096167380392245
FIN,2403,0.008895648791998825
FIN,2525,4.782151824433241e-05
FIN,2526,0.0018967791572663526
FIN,2527,0.001955815456337896
FIN,2528,0.0010675201749675088
FJI,297,1.0
FRA,1541,0.06676064785141415
FRA,1542,0.04588870171799638
FRA,1543,0.0561007607888081
FRA,1544,0.0020620008695850334
FRA,1623,0.04185889119004115
FRA,1624,0.039886025804732134
FRA,1625,0.07754204214242692
FRA,1626,0.041622290715165024
FRA,1709,0.027811704807724668
FRA,1710,0.3066969026805766
FRA,1711,0.04854559941226797
FRA,1712,0.12930757367514675
FRA,1797,0.02350918685951674
FRA,1798,0.06265988736444049
FRA,1799,0.029747784120157876
GAB,503,0.07294974305451137
GAB,548,0.020576645822092888
GAB,549,0.15355256989713337
GAB,550,0.09669177155290601
GAB,588,0.4956018538992915
GAB,589,0.15522094658541116
GAB,590,0.005406469188653712
GBR,1890,0.049862012840740814
GBR,1891,0.27174513395036287
GBR,1892,0.03787199436480615
GBR,1984,0.005977195516154387
GBR,1985,0.029169157773116114
GBR,1986,0.059099413620216985
GBR,1987,0.44557236839195086
GBR,2075,0.0003613516193566538
GBR,2076,0.08680634266117915
GBR,2171,0.013535029262115984
GEO,1479,0.0702480924102668
GEO,1480,0.4299392974797289
GEO,1481,0.1374312534858946
GEO,1555,0.2092795866995476
GEO,1556,0.1258563619605409
GEO,1557,0.02724540796402114
GHA,662,0.06097897649282405
GHA,703,0.5810009757878662
GHA,704,0.0636921923013083
GHA,748,0.1991069879870822
GHA,792,0.02773541529370389
GHA,793,0.06748545213721527
GIN,743,0.2162317943729692
GIN,744,0.1584947483519751
GIN,745,0.1139808912260516
GIN,788,0.3127413278557583
GIN,789,0.09966520420883453
GIN,790,0.07803132997123052
GIN,829,0.020854704013180753
GMB,828,0.7411676475029834
GMB,829,0.25883235249701664
GNB,828,0.5330062304711207
GNB,829,0.4669937695288793
GNQ,589,1.0
GRC,1396,0.48922305883077083
GRC,1471,0.2981170586469037
GRC,1472,0.12159456195236895
GRC,1473,0.0910653205699565
GRD,786,1.0
GTM,824,0.5332763477076763
GTM,825,0.12036032605747313
GTM,871,0.20664163606584623
GTM,872,0.1314591130844997
GTM,925,0.0023847407475736577
GTM,926,0.005877836336930932
GUY,622,0.004467134652201659
GUY,657,0.06774237322946695
GUY,695,0.004430458669835472
GUY,696,0.8893834033844596
GUY,741,0.016115426651702867
GUY,742,0.0178612034123334
HKG,916,0.002380619257627321
HKG,917,0.0019473416926769976
HKG,975,0.000542992756431373
HKG,978,0.0023099446678899924
HKG,979,0.006077107458370388
HKG,1032,0.0030418678930897117
HKG,1033,0.0066660555535808345
HKG,1034,0.004906798444037938
HKG,1035,0.003263125246706637
HKG,1036,0.01793895370216026
HKG,1037,0.017865030769272285
HKG,1038,0.03325762766608097
HKG,1039,0.01705521668708957
HKG,1041,0.009805814918134752
HKG,1096,0.0020018670715043884
HKG,1097,0.007759176391951375
HKG,1098,0.007421940201599612
HKG,1099,0.009908383221002596
HKG,1100,0.005934204375422517
HKG,1101,0.012905006461561145
HKG,1102,0.009468573390965108
HKG,1103,0.008380940580316219
HKG,1104,0.011210919014110634
HKG,1152,1.9202760207901007e-05
HKG,1153,0.0001971055842934205
HKG,1154,0.00038212772343308976
HKG,1155,0.000638990547017233
HKG,1156,0.00047609040746673904
HKG,1157,0.00016388211404072151
HKG,1158,0.0004075194134444358
HKG,1159,0.0034292906293310666
HKG,1160,0.016737909064177617
HKG,1161,0.026445080019526848
HKG,1162,0.015899434491031032
HKG,1163,0.028951625942420442
HKG,1164,0.016399103849368643
HKG,1165,0.02015594701300518
HKG,1166,0.011165669914231235
HKG,1167,0.014315748016159365
HKG,1216,9.26560531222867e-06
HKG,1217,7.811055598579104e-05
HKG,1218,9.405252046799075e-06
HKG,1219,1.2896420411059183e-05
HKG,1220,3.0587971688800206e-05
HKG,1221,0.00015089229931673307
HKG,1222,0.00010275064414546836
HKG,1223,0.0002639109810665374
HKG,1224,0.0001978954333399079
HKG,1225,0.0006300896242602519
HKG,1226,0.01853581185094099
HKG,1227,0.020284255677985974
HKG,1228,0.015804416006526458
HKG,1229,0.012514429665951721
HKG,1230,0.020099084107945617
HKG,1231,0.021254257017296
HKG,1232,0.014205241196692534
HKG,1233,0.016548181630605608
HKG,1276,8.37257778669564e-06
HKG,1277,4.4357851293159625e-06
HKG,1278,2.648840608602955e-06
HKG,1280,1.556571882154188e-07
HKG,1281,2.8929110797247316e-05
HKG,1282,2.9215520023563687e-05
HKG,1283,0.0001827406494952547
HKG,1284,0.00011493548883897133
HKG,1285,0.0004036546678284587
HKG,1286,0.0024930989207710766
HKG,1287,0.01281067286868472
HKG,1288,0.015917457814487085
HKG,1289,0.024369200178700146
HKG,1290,0.0325623941743481
HKG,1291,0.04605657020906178
HKG,1292,0.03579746821679903
HKG,1293,0.009957236451891418
HKG,1345,9.387818441718948e-05
HKG,1346,0.00010689557270023322
HKG,1347,0.00018997915348209515
HKG,1348,1.829372222872296e-05
HKG,1352,4.4574881887014265e-05
HKG,1353,1.2940893893406445e-05
HKG,1354,8.920668983143304e-05
HKG,1355,0.003282601963565797
HKG,1356,0.005730176048866922
HKG,1357,0.0055793184388664195
HKG,1358,0.0037121126245613072
HKG,1359,0.010686868403280607
HKG,1360,0.019606791121390122
HKG,1361,0.03420800730497939
HKG,1362,0.016561786958325282
HKG,1363,0.004738944848023606
HKG,1416,2.8947789659833168e-05
HKG,1417,0.002479414430252824
HKG,1418,0.0008124629227913182
HKG,1419,0.00038682323369931376
HKG,1420,3.851848306096406e-05
HKG,1421,2.0890084128156147e-05
HKG,1422,9.72279271075853e-06
HKG,1423,7.983879550980566e-06
HKG,1424,1.7112506537579667e-05
HKG,1425,0.00010467278805251704
HKG,1426,0.0006489365966093748
HKG,1427,0.0026772218060976843
HKG,1428,0.0007720507588520077
HKG,1429,0.0032341650044717465
HKG,1430,0.0018230338621681643
HKG,1431,0.01081772806720884
HKG,1432,0.014041921227468682
HKG,1433,0.04157847567704957
HKG,1434,0.0064891756195893015
HKG,1435,0.005008079684326653
HKG,1492,4.6480125870770996e-05
HKG,1493,0.00024595703624294754
HKG,1494,0.0010702276685974638
HKG,1495,0.00023324562551845296
HKG,1496,0.00036402879505704783
HKG,1497,3.4524764346179885e-05
HKG,1498,3.0963327879811106e-05
HKG,1499,0.00011893632331093107
HKG,1500,0.00016623387178724475
HKG,1501,9.654036707049662e-05
HKG,1502,9.260268494347e-06
HKG,1503,8.24894150577025e-06
HKG,1504,0.00038564023906887654
HKG,1505,0.0020935918499063234
HKG,1506,0.0025957428285589114
HKG,1507,0.005569058406488906
HKG,1508,0.007003179670757082
HKG,1509,0.005065374871634632
HKG,1510,0.011757925057589023
HKG,1511,0.011357775789639176
HKG,1512,0.0020473981332618687
HKG,1570,0.0013354203754252494
HKG,1571,0.0010978056750010014
HKG,1572,0.002374001603454048
HKG,1573,0.0009582060823218853
HKG,1574,0.00026076937427352677
HKG,1575,0.0002036947754379909
HKG,1576,1.4174588293719507e-05
HKG,1577,1.51120893015998e-06
HKG,1578,1.2559311414866932e-06
HKG,1582,0.00013419517510427685
HKG,1583,0.0001635930364054643
HKG,1584,0.0005637645410964855
HKG,1585,0.002723447543649429
HKG,1586,0.004416687326526401
HKG,1587,0.007461132902652961
HKG,1588,0.013303410590063685
HKG,1589,0.0034723374023646293
HKG,1590,0.00046290224101148183
HKG,1657,0.0003336880959300984
HKG,1658,0.00015195966289306738
HKG,1659,5.843370845606821e-05
HKG,1660,5.659784310477321e-05
HKG,1670,2.6065018534083612e-05
HKG,1671,0.00012114487644429613
HKG,1672,0.0007398128209681241
HKG,1673,0.00410388042002799
HKG,1674,0.010303684879376593
HKG,1675,0.001626153313695421
HKG,1676,0.004787673553161855
HKG,1677,0.00014587569050796185
HKG,1744,0.00011608913097105932
HKG,1745,0.00018098394694253785
HKG,1756,0.0002270584746543018
HKG,1757,0.00041147399549475443
HKG,1758,0.0010184116143146685
HKG,1759,0.0034331793906275114
HKG,1760,0.004334161443213174
HKG,1761,0.0010016086432142256
HKG,1762,0.0014958139895106517
HKG,1763,0.00022037233131821436
HKG,1846,2.4897144887644497e-05
HKG,1847,0.000264469568004819
HKG,1848,0.00022776916090221105
HKG,1849,0.0001609646535987411
HKG,1939,6.117327496865958e-05
HKG,1940,0.00011693145872671648
HKG,1941,3.640955052805687e-05
HND,825,0.5864254775048019
HND,826,0.10435041016271904
HND,872,0.20291279451099176
HND,873,0.10187768689104934
HND,874,0.0044336309304379455
HRV,1546,0.010006389043680472
HRV,1547,0.06370975412822998
HRV,1630,0.7436460287381009
HRV,1631,0.18263782808998866
HTI,928,1.0
HUN,1630,0.05677814787725271
HUN,1631,0.14505699067681557
HUN,1632,0.070848348873652
HUN,1716,0.07314670184988772
HUN,1717,0.40350164329871896
HUN,1718,0.25066816742367304
IDN,400,0.000432767792282934
IDN,432,0.23395889695632202
IDN,433,0.017275378000392062
IDN,434,0.026036993090710808
IDN,435,0.0051199644067029025
IDN,436,0.006378581027801634
IDN,438,7.547224747266757e-05
IDN,439,0.000443001438913825
IDN,474,0.17007923402696828
IDN,475,0.23743257814351967
IDN,477,0.0003575322023707566
IDN,478,0.0001425610801510033
IDN,515,0.01358560694614323
IDN,516,0.04659654694387777
IDN,517,0.01428186066054639
IDN,518,0.0014847465058676554
IDN,519,0.005157155500905986
IDN,520,0.008470633862534301
IDN,521,0.025684466554316478
IDN,522,0.005869989587425911
IDN,523,0.0009633397000193306
IDN,524,0.0001812940342178864
IDN,525,0.0013610319732611379
IDN,526,0.0015729695758418816
IDN,527,0.0015701153422335462
IDN,562,0.029218387847820725
IDN,563,0.00898390108259001
IDN,564,0.005501133679357763
IDN,565,0.003984969089474737
IDN,566,0.002533053441544166
IDN,567,0.009585140372177002
IDN,568,0.0011207958635987576
IDN,569,0.0014382038523045983
IDN,570,0.0002206652465539701
IDN,571,0.00014607508635222026
IDN,603,0.008895678012615784
IDN,604,0.01381866444313741
IDN,606,0.005751180320618643
IDN,607,0.00631177188133115
IDN,608,6.730397591514492e-05
IDN,609,0.0014629453245376563
IDN,611,0.002712389672307089
IDN,612,0.006062836813460451
IDN,613,0.0008549146801087204
IDN,643,0.009331952639658709
IDN,644,0.05027361020427241
IDN,648,0.0016910688699676786
IDN,683,0.005520639999495131
IND,725,0.01948246624388977
IND,726,0.004300796723446369
IND,770,0.025073024547830915
IND,771,0.02213105888332468
IND,814,0.0014035363692689665
IND,815,0.02662488754875987
IND,816,0.030232731804220647
IND,856,0.010694579698278067
IND,857,0.01708243381045773
IND,858,0.008590280595428114
IND,859,0.013483135278106571
IND,905,0.023669623786176697
IND,906,0.026499901308809564
IND,907,0.02460587952713576
IND,908,0.014315387308694688
IND,909,0.008937500838766694
IND,963,0.00519333061470608
IND,964,0.011732428754798166
IND,965,0.016067038198545443
IND,966,0.01137211687903033
IND,967,0.010175837812706348
IND,968,0.0122725709880055
IND,969,0.017437053831476788
IND,1020,0.0004970654359457095
IND,1021,0.015571272640996964
IND,1022,0.027811623992752298
IND,1023,0.021860720827407296
IND,1024,0.012446289229259522
IND,1025,0.01864594807104307
IND,1026,0.01509282576404919
IND,1027,0.0528400825029398
IND,1028,0.04133047904959782
IND,1029,0.013296305857379724
IND,1030,0.001854523315075234
IND,1085,0.0037426089039556687
IND,1086,0.008488181500114768
IND,1087,0.015459597937716046
IND,1088,0.01568770704938654
IND,1089,0.03981201828105486
IND,1090,0.05483404343161275
IND,1091,0.05049565407831563
IND,1092,0.014543509858957636
IND,1093,0.020210383486056523
IND,1094,0.006841240457583829
IND,1147,0.0012974582288994352
IND,1148,0.009242825659289251
IND,1149,0.04713811460249612
IND,1150,0.05737630015404109
IND,1151,0.015550583317071109
IND,1152,0.004683899230323554
IND,1154,0.0011517887734743882
IND,1156,0.0019608030343315538
IND,1157,0.0026488626329741853
IND,1214,0.004055163687217714
IND,1215,0.027208553717850435
IND,1216,0.00296176804133022
IND,1274,0.005258067979620814
IND,1275,0.006689522413864899
IND,1276,3.660550415059785e-05
IRL,1984,0.4487813116865295
IRL,1985,0.5512186883134705
IRN,1079,0.0012483806318027305
IRN,1080,0.0015017771527908496
IRN,1081,0.004923100771760433
IRN,1139,0.03362745857923739
IRN,1140,0.0170562562052713
IRN,1141,0.02279437437947287
IRN,1142,0.011760783792661817
IRN,1143,0.01813267931157936
IRN,1204,0.0390926186337146
IRN,1205,0.020541321109179556
IRN,1206,0.014356035860470438
IRN,1207,0.013816098826673163
IRN,1208,0.0008846271670006902
IRN,1209,0.0004972336946692798
IRN,1263,0.035174448861182775
IRN,1264,0.060151768479251785
IRN,1265,0.07097472124721801
IRN,1266,0.0039096623225154
IRN,1267,0.0014703494144438416
IRN,1268,0.009855447167074507
IRN,1269,0.004956189400566179
IRN,1333,0.03067151646680618
IRN,1334,0.025387098202916524
IRN,1335,0.32878660879386135
IRN,1336,0.023966390958850517
IRN,1337,0.015188806336481644
IRN,1338,0.04513128416359402
IRN,1339,0.005548555209844282
IRN,1405,0.024295985443217847
IRN,1406,0.0617019329074072
IRN,1407,0.020238596141566922
IRN,1409,0.019261623465060402
IRN,1410,0.013096268901856138
IRQ,1136,0.0005937165524980844
IRQ,1137,0.006315675769433251
IRQ,1201,0.0020058935808411047
IRQ,1202,0.04563066871215244
IRQ,1203,0.15387312021642846
IRQ,1260,0.0018013893643833727
IRQ,1261,0.014322503814768864
IRQ,1262,0.4470909108855132
IRQ,1263,0.05851227175017126
IRQ,1331,0.035805538670649395
IRQ,1332,0.19081080709407827
IRQ,1333,0.04323750358908227
ISL,2393,0.8487678811523287
ISL,2394,0.0012784059600167515
ISL,2395,0.0067006105490533185
ISL,2518,0.006557340915603165
ISL,2519,0.003829707509532941
ISL,2520,0.10762304657365161
ISL,2522,0.02524300733981353
ISR,1198,0.377908124906888
ISR,1259,0.6220918750931119
ITA,1393,0.02380076905762651
ITA,1394,0.040600343953225315
ITA,1395,0.036745930075335456
ITA,1466,0.015674972405542106
ITA,1468,0.05333677781678872
ITA,1469,0.08059969932610739
ITA,1543,0.019942568966242847
ITA,1544,0.053973177201538734
ITA,1545,0.1763630866124976
ITA,1546,0.0676534704020284
ITA,1626,0.04842758796308364
ITA,1627,0.19995981274164717
ITA,1628,0.16919826006985952
ITA,1629,0.013723543408476565
JAM,927,1.0
JOR,1133,0.021705390104795348
JOR,1199,0.9669491593641365
JOR,1260,0.011345450531068127
JPN,1234,0.015487647803464698
JPN,1294,0.1213571773575461
JPN,1295,0.010793065372464217
JPN,1296,0.17963681963169134
JPN,1366,0.01414161898506691
JPN,1367,0.12052104731691211
JPN,1368,0.37657933349794936
JPN,1369,0.024760351992534207
JPN,1439,0.01325564257054143
JPN,1440,0.06651268312655959
JPN,1514,0.01926647074148316
JPN,1593,0.03222059212855795
JPN,1594,0.005467549475228915
KAZ,1488,0.003422377485453431
KAZ,1489,0.010098369548897054
KAZ,1558,0.014163755074178774
KAZ,1559,0.0001957405584935289
KAZ,1560,3.6621245742475003e-07
KAZ,1562,0.0013021294277832697
KAZ,1563,0.0005459007032011607
KAZ,1564,0.023041477467069565
KAZ,1565,0.07370794751833687
KAZ,1566,0.023037082917580467
KAZ,1567,0.015349001692633979
KAZ,1568,0.11734106318312357
KAZ,1569,0.02854253789627545
KAZ,1570,0.0070819996079085285
KAZ,1643,0.002197335779958071
KAZ,1645,0.004058854736457646
KAZ,1646,0.0009714395787287203
KAZ,1647,0.00032788222021429286
KAZ,1648,0.006866422541304493
KAZ,1649,0.004930806597585977
KAZ,1650,0.002652293722898752
KAZ,1651,0.00016015691471375735
KAZ,1652,7.934603244202918e-07
KAZ,1653,0.004782185375281098
KAZ,1654,0.0028054926009214395
KAZ,1655,0.014661010555952014
KAZ,1656,0.011253281568795574
KAZ,1657,0.0054929427197329675
KAZ,1728,0.0015225282917433983
KAZ,1729,0.005295371098952315
KAZ,1730,0.023223424023000094
KAZ,1731,0.006635525586898188
KAZ,1732,0.004919637117634521
KAZ,1733,0.006351100578298298
KAZ,1734,0.0025373030112673806
KAZ,1735,0.0009042395927912787
KAZ,1736,0.01395531915049452
KAZ,1737,0.00015710514423521778
KAZ,1738,0.004585407214824866
KAZ,1739,0.055480393839525216
KAZ,1740,0.00660409235096923
KAZ,1741,0.0016558296262460075
KAZ,1742,0.013713679964003756
KAZ,1743,0.04622541158007736
KAZ,1744,0.004437030134158272
KAZ,1818,0.0012365773979042393
KAZ,1819,0.029376525732650746
KAZ,1820,0.002416880148184209
KAZ,1821,0.02323233519279743
KAZ,1822,0.004684040436691265
KAZ,1823,0.005006795682501612
KAZ,1824,0.0016793282589307621
KAZ,1825,0.014722717355028085
KAZ,1826,0.008193332345373503
KAZ,1827,0.040087202510361984
KAZ,1828,0.017696301473907484
KAZ,1829,0.01208794079467615
KAZ,1830,0.006138331140534518
KAZ,1831,0.04248961726647791
KAZ,1832,0.006148707160161553
KAZ,1915,0.010964400975297016
KAZ,1916,0.04384557992550262
KAZ,1917,0.02686827557633906
KAZ,1918,0.04851796259896587
KAZ,1919,0.02364548388018212
KAZ,1920,0.006312587234859129
KAZ,1921,0.04154662018860918
KAZ,1922,0.005908410752681346
KEN,514,0.05272976944947219
KEN,558,0.1309603203324692
KEN,559,0.3577039542387768
KEN,560,0.09244673161171547
KEN,561,0.010609967460878042
KEN,598,0.17127523975231215
KEN,599,0.12818710929711208
KEN,600,0.00936126328282708
KEN,601,0.004988734135407661
KEN,637,0.011198157076907168
KEN,638,0.012259633325399345
KEN,639,0.006764846559896577
KEN,640,0.011514273476826204
KGZ,1415,0.004410685972692267
KGZ,1416,0.003153905198074998
KGZ,1490,0.18409224838418242
KGZ,1491,0.4379576427736051
KGZ,1492,0.025406556087066746
KGZ,1493,0.004074779063882687
KGZ,1566,0.06545497962745533
KGZ,1567,0.1886585293544415
KGZ,1568,0.062230030185699656
KGZ,1569,0.024560643352899314
KHM,773,0.2994938393425039
KHM,774,0.19966822356330588
KHM,818,0.06911372316545165
KHM,819,0.238610681395484
KHM,820,0.16145471268731673
KHM,821,0.03165881984593782
KNA,931,1.0
KOR,1364,0.25213568009447257
KOR,1365,0.18800914651376613
KOR,1437,0.5420450055344412
KOR,1438,0.01781016785732007
KWT,1138,1.0
LAO,820,0.11475295004862926
LAO,865,0.19167527809859583
LAO,913,0.2693954299890584
LAO,914,0.18399836066196584
LAO,915,0.03359147050331287
LAO,975,0.17889015105464715
LAO,976,0.02769635964379065
LBN,1259,1.0
LBR,699,0.2976025400541115
LBR,700,0.22727457347311783
LBR,701,0.04819857493181466
LBR,744,0.07072102859962921
LBR,745,0.35620328294132675
LCA,786,1.0
LKA,682,0.40999848479404916
LKA,727,0.5900015152059509
LSO,126,0.6777142723505833
LSO,127,0.32228572764941665
LTU,1900,0.27598899128346666
LTU,1901,0.20511505096339264
LTU,1992,0.19247503807311075
LTU,1993,0.19478619284485402
LTU,1994,0.1316347268351759
LUX,1712,1.0
LVA,1992,0.14261539150915656
LVA,1993,0.47439311109679694
LVA,1994,0.12907626579885567
LVA,2084,0.12955306707144598
LVA,2085,0.12436216452374485
MAC,916,0.002380619257627321
MAC,917,0.0019473416926769976
MAC,975,0.000542992756431373
MAC,978,0.0023099446678899924
MAC,979,0.006077107458370388
MAC,1032,0.0030418678930897117
MAC,1033,0.0066660555535808345
MAC,1034,0.004906798444037938
MAC,1035,0.003263125246706637
MAC,1036,0.01793895370216026
MAC,1037,0.017865030769272285
MAC,1038,0.03325762766608097
MAC,1039,0.01705521668708957
MAC,1041,0.009805814918134752
MAC,1096,0.0020018670715043884
MAC,1097,0.007759176391951375
MAC,1098,0.007421940201599612
MAC,1099,0.009908383221002596
MAC,1100,0.005934204375422517
MAC,1101,0.012905006461561145
MAC,1102,0.009468573390965108
MAC,1103,0.008380940580316219
MAC,1104,0.011210919014110634
MAC,1152,1.9202760207901007e-05
MAC,1153,0.0001971055842934205
MAC,1154,0.00038212772343308976
MAC,1155,0.000638990547017233
MAC,1156,0.00047609040746673904
MAC,1157,0.00016388211404072151
MAC,1158,0.0004075194134444358
MAC,1159,0.0034292906293310666
MAC,1160,0.016737909064177617
MAC,1161,0.026445080019526848
MAC,1162,0.015899434491031032
MAC,1163,0.028951625942420442
MAC,1164,0.016399103849368643
MAC,1165,0.02015594701300518
MAC,1166,0.011165669914231235
MAC,1167,0.014315748016159365
MAC,1216,9.26560531222867e-06
MAC,1217,7.811055598579104e-05
MAC,1218,9.405252046799075e-06
MAC,1219,1.2896420411059183e-05
MAC,1220,3.0587971688800206e-05
MAC,1221,0.00015089229931673307
MAC,1222,0.00010275064414546836
MAC,1223,0.0002639109810665374
MAC,1224,0.0001978954333399079
MAC,1225,0.0006300896242602519
MAC,1226,0.01853581185094099
MAC,1227,0.020284255677985974
MAC,1228,0.015804416006526458
MAC,1229,0.012514429665951721
MAC,1230,0.020099084107945617
MAC,1231,0.021254257017296
MAC,1232,0.014205241196692534
MAC,1233,0.016548181630605608
MAC,1276,8.37257778669564e-06
MAC,1277,4.4357851293159625e-06
MAC,1278,2.648840608602955e-06
MAC,1280,1.556571882154188e-07
MAC,1281,2.8929110797247316e-05
MAC,1282,2.9215520023563687e-05
MAC,1283,0.0001827406494952547
MAC,1284,0.00011493548883897133
MAC,1285,0.0004036546678284587
MAC,1286,0.0024930989207710766
MAC,1287,0.01281067286868472
MAC,1288,0.015917457814487085
MAC,1289,0.024369200178700146
MAC,1290,0.0325623941743481
MAC,1291,0.04605657020906178
MAC,1292,0.03579746821679903
MAC,1293,0.009957236451891418
MAC,1345,9.387818441718948e-05
MAC,1346,0.00010689557270023322
MAC,1347,0.00018997915348209515
MAC,1348,1.829372222872296e-05
MAC,1352,4.4574881887014265e-05
MAC,1353,1.2940893893406445e-05
MAC,1354,8.920668983143304e-05
MAC,1355,0.003282601963565797
MAC,1356,0.005730176048866922
MAC,1357,0.0055793184388664195
MAC,1358,0.0037121126245613072
MAC,1359,0.010686868403280607
MAC,1360,0.019606791121390122
MAC,1361,0.03420800730497939
MAC,1362,0.016561786958325282
MAC,1363,0.004738944848023606
MAC,1416,2.8947789659833168e-05
MAC,1417,0.002479414430252824
MAC,1418,0.0008124629227913182
MAC,1419,0.00038682323369931376
MAC,1420,3.851848306096406e-05
MAC,1421,2.0890084128156147e-05
MAC,1422,9.72279271075853e-06
MAC,1423,7.983879550980566e-06
MAC,1424,1.7112506537579667e-05
MAC,1425,0.00010467278805251704
MAC,1426,0.0006489365966093748
MAC,1427,0.0026772218060976843
MAC,1428,0.0007720507588520077
MAC,1429,0.0032341650044717465
MAC,1430,0.0018230338621681643
MAC,1431,0.01081772806720884
MAC,1432,0.014041921227468682
MAC,1433,0.04157847567704957
MAC,1434,0.0064891756195893015
MAC,1435,0.005008079684326653
MAC,1492,4.6480125870770996e-05
MAC,1493,0.00024595703624294754
MAC,1494,0.0010702276685974638
MAC,1495,0.00023324562551845296
MAC,1496,0.00036402879505704783
MAC,1497,3.4524764346179885e-05
MAC,1498,3.0963327879811106e-05
MAC,1499,0.00011893632331093107
MAC,1500,0.00016623387178724475
MAC,1501,9.654036707049662e-05
MAC,1502,9.260268494347e-06
MAC,1503,8.24894150577025e-06
MAC,1504,0.00038564023906887654
MAC,1505,0.0020935918499063234
MAC,1506,0.0025957428285589114
MAC,1507,0.005569058406488906
MAC,1508,0.007003179670757082
MAC,1509,0.005065374871634632
MAC,1510,0.011757925057589023
MAC,1511,0.011357775789639176
MAC,1512,0.0020473981332618687
MAC,1570,0.0013354203754252494
MAC,1571,0.0010978056750010014
MAC,1572,0.002374001603454048
MAC,1573,0.0009582060823218853
MAC,1574,0.00026076937427352677
MAC,1575,0.0002036947754379909
MAC,1576,1.4174588293719507e-05
MAC,1577,1.51120893015998e-06
MAC,1578,1.2559311414866932e-06
MAC,1582,0.00013419517510427685
MAC,1583,0.0001635930364054643
MAC,1584,0.0005637645410964855
MAC,1585,0.002723447543649429
MAC,1586,0.004416687326526401
MAC,1587,0.007461132902652961
MAC,1588,0.013303410590063685
MAC,1589,0.0034723374023646293
MAC,1590,0.00046290224101148183
MAC,1657,0.0003336880959300984
MAC,1658,0.00015195966289306738
MAC,1659,5.843370845606821e-05
MAC,1660,5.659784310477321e-05
MAC,1670,2.6065018534083612e-05
MAC,1671,0.00012114487644429613
MAC,1672,0.0007398128209681241
MAC,1673,0.00410388042002799
MAC,1674,0.010303684879376593
MAC,1675,0.001626153313695421
MAC,1676,0.004787673553161855
MAC,1677,0.00014587569050796185
MAC,1744,0.00011608913097105932
MAC,1745,0.00018098394694253785
MAC,1756,0.0002270584746543018
MAC,1757,0.00041147399549475443
MAC,1758,0.0010184116143146685
MAC,1759,0.0034331793906275114
MAC,1760,0.004334161443213174
MAC,1761,0.0010016086432142256
MAC,1762,0.0014958139895106517
MAC,1763,0.00022037233131821436
MAC,1846,2.4897144887644497e-05
MAC,1847,0.000264469568004819
MAC,1848,0.00022776916090221105
MAC,1849,0.0001609646535987411
MAC,1939,6.117327496865958e-05
MAC,1940,0.00011693145872671648
MAC,1941,3.640955052805687e-05
MAR,1180,0.0037712952656341115
MAR,1181,0.02311074718577456
MAR,1182,0.0020404497994112457
MAR,1250,0.12180329942081008
MAR,1251,0.09006910166226302
MAR,1252,0.010930945869237124
MAR,1314,0.22921306606443972
MAR,1315,0.3104724438479836
MAR,1316,0.11909920057034216
MAR,1317,0.029222733640058597
MAR,1390,0.06026671667404577
MDA,1635,0.5290037976442342
MDA,1721,0.4709962023557657
MDG,201,0.040821307571186405
MDG,202,0.11135907924751155
MDG,240,0.017790997162360735
MDG,241,0.12489361751467325
MDG,242,0.0835637804064526
MDG,283,0.00785539479979995
MDG,284,0.35407183069087356
MDG,285,0.09971720230876081
MDG,324,0.0011536847182574376
MDG,325,0.04020871451308321
MDG,326,0.057709744519707715
MDG,364,0.06085464654733277
MDV,725,1.0
MEX,868,0.003250526282789727
MEX,869,0.012878509742469771
MEX,870,0.01139287370658561
MEX,871,0.018957041253299025
MEX,920,0.02207447379311925
MEX,921,0.035715576815721364
MEX,922,0.34642462610805375
MEX,923,0.05195109302571399
MEX,924,0.010547714814040779
MEX,925,0.020219790360940317
MEX,926,0.004199985409904982
MEX,981,0.07976890504035879
MEX,982,0.06362755489185877
MEX,983,0.05700916131841414
MEX,984,0.013851935345480968
MEX,1042,0.000135117982406297
MEX,1043,0.009883452857319069
MEX,1044,0.009533804422293613
MEX,1045,0.015461620926338161
MEX,1046,0.025139224204007417
MEX,1047,0.012833327680168923
MEX,1105,3.6760707208013e-05
MEX,1106,0.0006294087059060637
MEX,1107,0.010920330581137602
MEX,1108,0.0028615738653664335
MEX,1109,0.012713274710494184
MEX,1110,0.049220757350499994
MEX,1111,0.011306739723371071
MEX,1168,0.000583136668523863
MEX,1169,0.009174164549022422
MEX,1170,0.008995343756211398
MEX,1171,0.01275914449516779
MEX,1172,0.000995147249275303
MEX,1173,0.005742053608036812
MEX,1235,0.003210690288745039
MEX,1236,0.0011313162790814759
MEX,1237,0.0009894638077796764
MEX,1238,0.0013290948527717456
MEX,1239,0.02112699997775932
MEX,1298,0.021418282842357087
MKD,1471,1.0
MLI,790,0.02614925925418783
MLI,791,0.12987480524067677
MLI,830,0.05830148845665224
MLI,831,0.12074565906792185
MLI,832,0.3235686732883309
MLI,833,0.21433008129783268
MLI,835,0.018515976814435592
MLI,836,0.003908286323887383
MLI,877,0.00883005968036991
MLI,879,0.002753989284423168
MLI,880,0.05790978650033116
MLI,881,0.02623928709165772
MLI,882,0.0030509194214196605
MLI,937,0.0007828648237950367
MLI,938,0.004707108177557322
MLI,939,0.00033175527652077236
MLT,1323,1.0
MMR,772,0.0030994522735984073
MMR,817,0.017069977917896658
MMR,860,0.02024782373126436
MMR,861,0.08309376012729043
MMR,862,0.012889626257183899
MMR,910,0.013981320908531592
MMR,911,0.3889232458866678
MMR,972,0.058876052006575794
MMR,973,0.1965636439514027
MMR,974,0.01905242993321635
MMR,1030,0.03790685695262667
MMR,1031,0.11205206989365561
MMR,1032,0.011094704941738148
MMR,1095,0.01848421137418114
MMR,1096,0.003323945312106703
MMR,1157,0.0010748960356828441
MMR,1158,0.0022659824963808944
MNE,1548,1.0
MNG,1575,0.001992827299107537
MNG,1576,0.00078752792153776
MNG,1578,0.002306771467933168
MNG,1579,0.006813614424852231
MNG,1580,0.006904719791491825
MNG,1581,0.012366117175454572
MNG,1582,0.029711840291471513
MNG,1660,0.015508431555451774
MNG,1661,0.005265643961047941
MNG,1662,0.015892551479661957
MNG,1663,0.0034464093199969305
MNG,1664,0.05035295121882155
MNG,1665,0.010924846690597557
MNG,1666,0.017812740716178468
MNG,1667,0.0106035156001525
MNG,1668,0.003946257682911465
MNG,1669,0.011430440436993868
MNG,1670,0.002431117981860183
MNG,1745,0.033345795343694994
MNG,1746,0.07266596873936848
MNG,1747,0.02640003709876191
MNG,1748,0.039686646784903926
MNG,1749,0.02785485027325454
MNG,1750,0.08549541005417487
MNG,1751,0.06186341664002587
MNG,1752,0.3620785812514184
MNG,1753,0.008492497555134136
MNG,1754,0.019966028368241327
MNG,1755,0.027542547642566563
MNG,1756,0.0018783300140064242
MNG,1757,0.000962762117731936
MNG,1835,0.008626693297887053
MNG,1836,0.0036581677397538267
MNG,1838,0.0028427336698760106
MNG,1839,0.00814120839367696
MOZ,162,0.10741998171211915
MOZ,198,0.013756151017725855
MOZ,199,0.06243172436393235
MOZ,200,0.006730292518001582
MOZ,238,0.0024168896860228086
MOZ,239,0.01941362499977977
MOZ,281,0.09540297644950836
MOZ,282,0.09435743116938489
MOZ,320,0.009600045103058728
MOZ,321,0.05472755814506624
MOZ,322,0.10778129949664282
MOZ,323,0.14608020944732897
MOZ,359,0.01037151882788426
MOZ,360,0.06162184256565931
MOZ,361,0.030283109785425723
MOZ,362,0.09160121143996801
MOZ,363,0.052431248667609835
MOZ,398,0.01997297340152822
MOZ,399,0.01359991120335313
MRT,876,0.24429847501409988
MRT,877,0.12082092568197747
MRT,878,0.2096559627413279
MRT,879,0.04896020509654114
MRT,932,0.20366182449798656
MRT,933,0.07801071941148642
MRT,934,0.04923545888203002
MRT,935,0.007894937977978697
MRT,990,0.021624656744542007
MRT,991,0.0009296684116058186
MRT,1051,0.014907165540424091
MSR,931,1.0
MUS,242,1.0
MWI,321,0.07499476455743372
MWI,322,0.2618517994500194
MWI,360,0.43984136203175883
MWI,361,0.10608836078386907
MWI,396,0.117223713176919
MYS,605,0.2391304705346409
MYS,607,0.05903160551397034
MYS,608,0.0008884774506668742
MYS,645,0.3540869310564296
MYS,646,0.01783283750730214
MYS,647,0.01729743726400438
MYS,648,0.020382978185261413
MYS,684,0.22467404015428102
MYS,685,0.05377775315298343
MYS,686,0.012897469180459939
NAM,122,0.00726936579745244
NAM,123,0.008809269696328479
NAM,156,0.009906663598185478
NAM,157,0.014739521471388215
NAM,191,0.03170549376547434
NAM,192,0.14959000251759613
NAM,193,0.03686347678482894
NAM,231,0.004817412498088635
NAM,232,0.052543621600666
NAM,233,0.01785948724443696
NAM,234,0.0021306894969904686
NAM,273,0.08189369566123968
NAM,274,0.5018379996385782
NAM,275,0.06260087760621398
NAM,276,0.017432422622532022
NER,794,0.24759776359360525
NER,795,0.1426718404779346
NER,796,0.29523970597586074
NER,797,0.21449050085131036
NER,798,0.0596400646064554
NER,799,0.0042161314272868905
NER,836,0.003633581268760916
NER,837,0.011498185691320039
NER,838,0.004560059396714885
NER,839,7.079479508157003e-05
NER,840,0.0001365074930203896
NER,883,0.0018800213779007252
NER,884,0.008801837686326818
NER,885,0.004268016093465203
NER,886,0.001069367789479208
NER,943,9.691441062919436e-06
NER,944,0.00021593003441407085
NGA,626,0.0483836826308279
NGA,663,0.09100848673461581
NGA,664,0.18787030100171503
NGA,665,0.03352321073624496
NGA,705,0.0917750194774363
NGA,706,0.09399591732421267
NGA,707,0.0643641231392798
NGA,708,0.0317238930768879
NGA,750,0.01000116672300842
NGA,751,0.05738639301812438
NGA,752,0.07175700151332094
NGA,753,0.04030408306042129
NGA,754,0.028950639496693645
NGA,795,0.01693041159679933
NGA,796,0.06458506329579164
NGA,797,0.04573841600043079
NGA,798,0.01641206391590705
NGA,799,0.00529012725828213
NIC,779,0.0675643256248065
NIC,780,0.04954983772223942
NIC,826,0.8031249750100246
NIC,827,0.07976086164292952
NLD,1800,0.4421197804982837
NLD,1801,0.24955017916227512
NLD,1893,0.30833004033944117
NOR,2078,0.11831536755185673
NOR,2079,0.13196505495005031
NOR,2080,0.08911753341443954
NOR,2172,0.22078312544386108
NOR,2173,0.03736746971377167
NOR,2174,0.19877000888818708
NOR,2278,0.056149496994006357
NOR,2279,0.04704678121223069
NOR,2280,0.0007241340397627743
NOR,2397,0.02210084204507256
NOR,2523,0.026554505640948346
NOR,2524,0.030632943393532956
NOR,2525,0.003734314582807479
NOR,2526,0.00482450316469703
NOR,2527,0.0009458402766064431
NOR,2528,0.002331903009103912
NOR,2641,0.0050322530736818345
NOR,2642,0.00027434153048281316
NOR,2643,0.0033295810749004217
NPL,1092,0.17877367224009336
NPL,1151,0.1778438223305085
NPL,1152,0.3888122969721511
NPL,1153,0.22762303321949307
NPL,1154,0.026947175237753977
NZL,16,0.0008304591067459946
NZL,17,0.04401585643571523
NZL,18,0.04962831240804951
NZL,24,0.0019691023498945165
NZL,25,0.016049574599227293
NZL,26,0.14427817484897454
NZL,33,0.002334809112498257
NZL,34,0.03223171789989844
NZL,35,0.09602126280068905
NZL,45,0.03536955811194741
NZL,46,0.22498927641107574
NZL,60,0.352281895915284
OMN,903,0.08148150392708232
OMN,904,0.0018471831668767575
OMN,961,0.0002890768932415398
OMN,962,0.011615800446038979
OMN,1018,0.4702244739648987
OMN,1019,0.4345419616018617
PAK,1020,0.0743727003974094
PAK,1021,0.0027931698504519236
PAK,1081,0.001835267313154202
PAK,1082,0.004227247544167008
PAK,1083,0.008982793168281534
PAK,1084,0.06774520094088676
PAK,1085,0.004377549834025532
PAK,1143,0.0002631161693318986
PAK,1144,0.0014252917561033132
PAK,1145,0.020936122302552634
PAK,1146,0.06048889681056606
PAK,1147,0.0688709166298109
PAK,1148,0.01658823372417478
PAK,1211,0.012561406665568367
PAK,1212,0.006857703224642191
PAK,1213,0.13379046241322284
PAK,1214,0.17801796586525523
PAK,1272,0.004949080305396054
PAK,1273,0.14243656590088186
PAK,1274,0.16396599176225957
PAK,1343,0.0062319666560419
PAK,1344,0.012591050488800147
PAK,1345,0.005691300277015907
PAN,732,0.2280254722940645
PAN,733,0.30572323997458056
PAN,734,0.46625128773135494
PER,298,0.00910234342153333
PER,299,0.0013517148838658435
PER,337,0.010982515792917572
PER,338,0.07094680452687327
PER,339,0.03149750489915874
PER,372,0.17091427046745597
PER,373,0.09393894191582268
PER,374,0.05407712967788355
PER,375,0.007866024779895231
PER,404,0.10269204863808355
PER,405,0.010892966358246384
PER,407,0.0002632229128047584
PER,445,0.10968799916266098
PER,446,0.04479690657604353
PER,447,0.01770774539212076
PER,484,0.03189428997082298
PER,485,0.14614742055870922
PER,486,0.024899010000215188
PER,487,0.002643323748272333
PER,530,0.02440310485994962
PER,531,0.004722162973021724
PER,532,0.0008890936042745256
PER,533,0.026263038693341467
PER,534,0.000646779783431794
PER,575,4.029419762944541e-05
PER,576,0.0007333422049655496
PHL,687,0.0434400923265372
PHL,688,0.025793440970784936
PHL,730,0.1259761715082034
PHL,731,0.07829752300469925
PHL,776,0.07912266960933444
PHL,777,0.023758461316888593
PHL,778,0.008957500406496833
PHL,822,0.38168594407252643
PHL,823,0.053472422952763894
PHL,867,0.14430703564605132
PHL,918,0.03518873818571371
POL,1718,0.06714640796607585
POL,1805,0.12971649534075952
POL,1806,0.2132927818577288
POL,1807,0.15644766168641308
POL,1808,0.023117830446545314
POL,1896,0.022516367736414244
POL,1897,0.11230239018971154
POL,1898,0.11791265655122281
POL,1899,0.1359050166724404
POL,1900,0.02164239155268845
PRT,1461,0.19167607890910657
PRT,1462,0.11299824264281448
PRT,1537,0.6759619230720911
PRT,1538,0.019363755375987845
PRY,152,0.02341076615420325
PRY,186,0.4814348046453796
PRY,187,0.2763978876061296
PRY,223,0.004168662369439494
PRY,224,0.05033647079698295
PRY,225,0.11222903225547068
PRY,226,0.051171114571073775
PRY,263,0.0002975127133079045
PRY,264,0.000273926119820431
PRY,302,0.00027982276819229937
PSE,1198,0.377908124906888
PSE,1259,0.6220918750931119
QAT,1077,1.0
ROU,1550,0.08961133968679445
ROU,1551,0.2119089534888581
ROU,1552,0.030070800625334078
ROU,1632,0.10839367041223621
ROU,1633,0.14574613508798584
ROU,1634,0.19415669570253413
ROU,1635,0.05334940896442433
ROU,1718,0.032745374270689014
ROU,1719,0.06117449311167276
ROU,1720,0.07284312864947105
RUS,1481,0.0018225859475179478
RUS,1554,0.005343707063329913
RUS,1555,0.012784451045209668
RUS,1556,0.017555080461555305
RUS,1557,0.017928183796329895
RUS,1590,0.011185166010265823
RUS,1591,0.001852725762840288
RUS,1592,0.0006190175998860108
RUS,1639,0.014445727505583235
RUS,1640,0.010774593389640876
RUS,1641,0.004388294616837426
RUS,1642,0.002736045836104018
RUS,1643,0.003988930176352631
RUS,1677,0.0019524649804147582
RUS,1678,0.0001529678839855267
RUS,1681,0.00010117250606511988
RUS,1725,0.01563120652975261
RUS,1726,0.013273528476670833
RUS,1727,0.013201796123773849
RUS,1728,0.0024363051349740677
RUS,1744,2.0881179242928597e-05
RUS,1745,7.226898697642074e-05
RUS,1753,7.743833551378854e-07
RUS,1754,4.945184934564742e-05
RUS,1761,0.0006693389322970761
RUS,1762,0.0012254209024870123
RUS,1763,0.0014365354664723662
RUS,1764,0.005197076895750909
RUS,1765,0.00021925917488719885
RUS,1766,0.001590338869341068
RUS,1767,0.0005246175517601231
RUS,1812,0.0015292508911590066
RUS,1813,0.021673115287449606
RUS,1814,0.01350926707278228
RUS,1815,0.00527412124675068
RUS,1816,0.005019389879929008
RUS,1817,0.013932073591851118
RUS,1818,0.0014056008892855422
RUS,1819,0.00044412923268092306
RUS,1820,0.001249005630636475
RUS,1821,0.00587871765485636
RUS,1822,0.003740719932521593
RUS,1823,0.00016249823352288155
RUS,1831,0.002023090100970623
RUS,1832,0.0009864421233895916
RUS,1833,0.0009498559062775509
RUS,1834,6.713360262129581e-05
RUS,1835,0.0005469388123301503
RUS,1836,0.0009702208299503875
RUS,1837,0.00011812742584077043
RUS,1839,0.0001613977940182119
RUS,1840,0.0006787877677970481
RUS,1841,0.001359864721477267
RUS,1842,0.004065770742258945
RUS,1843,0.0006835087891288098
RUS,1844,0.0016565894032240487
RUS,1845,0.001890324112583167
RUS,1846,0.0006959872296848474
RUS,1849,0.002970643235692106
RUS,1850,0.0021117026524423224
RUS,1851,0.00017516008066303083
RUS,1852,0.00016384321513969997
RUS,1853,0.00307021942519181
RUS,1854,0.00016021584047615936
RUS,1855,0.00021845082734981807
RUS,1856,0.0001403400010276203
RUS,1857,2.8978240289633503e-05
RUS,1899,0.008373909889003151
RUS,1903,0.006169797489514374
RUS,1904,0.009851487673297825
RUS,1905,0.020985265875830154
RUS,1906,0.021521607863300523
RUS,1907,0.012737994836737845
RUS,1908,0.007925793261326912
RUS,1909,0.015702225634822493
RUS,1910,0.019438469088124473
RUS,1911,0.019170776989358915
RUS,1912,0.005885992782692788
RUS,1913,0.016766323464492226
RUS,1914,0.007168942217062806
RUS,1915,0.0049609646936347885
RUS,1916,0.0007721417191098547
RUS,1919,0.001220258346786093
RUS,1920,0.006494067123060139
RUS,1921,0.0007122356944698459
RUS,1922,0.0019045958619616293
RUS,1923,0.005813207540146275
RUS,1924,0.012931244240863438
RUS,1925,0.009910612521746246
RUS,1926,0.007136981921572247
RUS,1927,0.004886623891541552
RUS,1928,0.00033946520868123413
RUS,1929,0.00013646808425193087
RUS,1930,0.00029817834874677735
RUS,1931,0.0021634436876711402
RUS,1932,0.009834383311120305
RUS,1933,0.0006912662083530858
RUS,1934,0.0003491382077840091
RUS,1935,0.00029516912220005733
RUS,1936,0.0021326313815403907
RUS,1937,0.0006576688392784193
RUS,1938,0.00025781531456932724
RUS,1939,0.0003232507080784786
RUS,1940,0.00024516026026562656
RUS,1941,0.0005990330750542945
RUS,1942,3.5248028331670945e-05
RUS,1943,3.7564385560636025e-05
RUS,1944,3.7428528831664463e-06
RUS,1945,2.067739414947126e-05
RUS,1946,2.7218895649451817e-05
RUS,1947,0.00033558649906909613
RUS,1949,1.4258163705565101e-05
RUS,1950,0.002274778277063333
RUS,1995,0.0009595356982167745
RUS,1996,0.003078567821187112
RUS,1997,0.0027689707143702755
RUS,1998,0.08978053894201354
RUS,1999,0.01706634946475302
RUS,2000,0.015018180211614244
RUS,2001,0.01998564564973032
RUS,2002,0.0134303614845956
RUS,2003,0.012907421763438275
RUS,2004,0.011782976374759373
RUS,2005,0.01068075714694022
RUS,2006,0.004362869030010398
RUS,2007,0.004882514225490162
RUS,2008,0.029300037330711987
RUS,2009,0.002443240620988066
RUS,2010,0.005715071431973669
RUS,2011,0.0014927937379394887
RUS,2012,0.0009572940621887438
RUS,2013,0.006016917912402679
RUS,2014,0.0011644076455058852
RUS,2015,0.0007757147510818067
RUS,2016,0.005907179639575902
RUS,2017,0.00579789648679118
RUS,2018,0.009105450824659855
RUS,2019,0.0014745889362572998
RUS,2020,0.00884427984888493
RUS,2021,0.003289104994074337
RUS,2022,0.0019428463240035718
RUS,2023,0.0003858059389334328
RUS,2024,0.002609556428595048
RUS,2025,0.00041697147255950843
RUS,2026,0.00035352638012979044
RUS,2027,0.00012685622067719308
RUS,2028,2.624752003730517e-05
RUS,2029,4.206124328959462e-05
RUS,2030,2.4576482270954996e-05
RUS,2031,1.459101269154542e-05
RUS,2032,1.901994205601824e-07
RUS,2033,0.0004638012870360048
RUS,2034,9.38090713548614e-06
RUS,2035,2.0378509345733828e-08
RUS,2037,4.2115585981183244e-07
RUS,2038,9.781684485952237e-07
RUS,2041,1.6431871369110045e-05
RUS,2042,5.04436034671398e-05
RUS,2085,0.0002443858769104886
RUS,2086,0.009766353054087797
RUS,2087,0.031054708499417053
RUS,2088,0.004135587515277429
RUS,2089,0.0051286730327137296
RUS,2090,0.012241139607543059
RUS,2091,0.010691394728818693
RUS,2092,0.001647520966565197
RUS,2093,0.003186261450242867
RUS,2094,0.007202383350899156
RUS,2095,0.0038903253624650736
RUS,2096,0.0035372473095408893
RUS,2097,0.015859473005770622
RUS,2098,0.005487511410946308
RUS,2099,0.007712226483383621
RUS,2100,0.0013286652236689485
RUS,2101,0.004613191845976944
RUS,2102,0.0010236261101091073
RUS,2103,0.00021479628134048312
RUS,2104,0.00016898539233127348
RUS,2105,7.222822995772926e-05
RUS,2106,4.338584639706732e-05
RUS,2107,0.00021002771015358142
RUS,2108,0.0005514084987133145
RUS,2109,0.0004880924701761195
RUS,2110,2.406701953731165e-05
RUS,2111,0.0007858768344088794
RUS,2112,0.00028562518698980533
RUS,2113,0.0002866033554384006
RUS,2114,9.523556700906275e-05
RUS,2115,0.0007244695929137348
RUS,2116,0.00018177630336394576
RUS,2117,1.2070870369123004e-05
RUS,2118,8.800798902777583e-05
RUS,2119,6.0503794247483734e-05
RUS,2120,9.838744312120292e-05
RUS,2121,1.997093915881915e-06
RUS,2122,2.615242032702508e-06
RUS,2123,2.948091018682827e-06
RUS,2125,0.00010763928636416608
RUS,2127,2.3625485168154084e-05
RUS,2128,9.747720303709348e-06
RUS,2129,1.6031094018643944e-06
RUS,2131,5.841839345777031e-07
RUS,2132,2.541879399057866e-05
RUS,2134,4.75498551400456e-08
RUS,2135,2.1737076635449416e-07
RUS,2137,5.067455990639146e-06
RUS,2138,2.0378509345733828e-07
RUS,2180,0.0037024083349516132
RUS,2181,0.007059040916161264
RUS,2182,0.003244299444859517
RUS,2183,0.0007733032941425616
RUS,2184,0.00046486776235843153
RUS,2185,0.0012829630200429161
RUS,2186,0.0005755366537786633
RUS,2187,0.002264493922680186
RUS,2188,0.0003562842717279131
RUS,2189,0.0025304334696420122
RUS,2190,0.0001513919459294566
RUS,2191,0.0002272543433871751
RUS,2192,0.0003257368862186581
RUS,2193,0.00030499156370470104
RUS,2194,0.000819487789156443
RUS,2195,4.7719676051260046e-05
RUS,2196,0.0002946868308122083
RUS,2197,0.001006134556254019
RUS,2198,0.0008705019908852634
RUS,2199,0.0019017496634896752
RUS,2200,3.2374658513922474e-05
RUS,2201,7.818554752313213e-06
RUS,2203,1.290638925229809e-07
RUS,2204,3.6002033177463096e-06
RUS,2205,5.25086257475075e-06
RUS,2206,4.992734789704788e-06
RUS,2209,6.433495400448169e-05
RUS,2213,8.083475373807752e-07
RUS,2214,8.762759018665547e-05
RUS,2215,1.2444476373794791e-05
RUS,2216,1.5487667102757709e-06
RUS,2217,8.169065113059834e-05
RUS,2218,3.7292672102692907e-06
RUS,2219,3.084627031299244e-05
RUS,2220,0.0006856077755914204
RUS,2221,0.00015603145322383536
RUS,2222,3.3828325513918155e-06
RUS,2223,2.2069925621429735e-05
RUS,2225,7.472120093435737e-07
RUS,2227,4.014566341109564e-06
RUS,2228,8.769551855114124e-06
RUS,2229,6.082985039701548e-05
RUS,2231,8.830687383151325e-08
RUS,2233,1.3585672897155885e-08
RUS,2234,1.4944240186871474e-07
RUS,2235,2.0127174397136444e-05
RUS,2236,3.2945256775603024e-06
RUS,2237,3.803988411203648e-07
RUS,2287,0.0005686351319469082
RUS,2288,0.0011753033551694042
RUS,2289,0.00038663466498015933
RUS,2290,0.0022040988138158795
RUS,2291,0.004307935361650748
RUS,2292,0.00014858650447619392
RUS,2293,0.00016104456652288587
RUS,2294,0.00024270125347124132
RUS,2295,0.0003312187052326605
RUS,2296,0.0013606594833417505
RUS,2297,0.0003008479334710685
RUS,2298,9.788477322400816e-06
RUS,2299,1.0393039766324252e-05
RUS,2300,6.341112824747509e-05
RUS,2301,0.0005826351678674273
RUS,2302,2.7456644925152046e-05
RUS,2303,7.879690280350414e-05
RUS,2304,0.0007876158005397153
RUS,2305,0.0014941998550843444
RUS,2306,3.632808932699484e-05
RUS,2307,8.599730943899676e-06
RUS,2308,2.2008790093392536e-06
RUS,2310,1.5623523831729268e-07
RUS,2319,2.0378509345733828e-07
RUS,2320,2.135667779432905e-05
RUS,2321,9.98411101211986e-05
RUS,2322,7.723455042033121e-05
RUS,2323,0.00015731529931261657
RUS,2324,2.0921936261620065e-06
RUS,2325,6.927334610259786e-05
RUS,2326,0.0015076224999067344
RUS,2327,0.00012856122262578615
RUS,2328,5.7650802939081e-05
RUS,2329,1.9563368971904474e-05
RUS,2330,2.952846004196832e-05
RUS,2331,4.45610071026713e-06
RUS,2332,2.9372224803651025e-05
RUS,2333,4.113062469613944e-05
RUS,2334,2.327225767282803e-05
RUS,2335,4.965563443910476e-05
RUS,2336,1.9427512242932915e-06
RUS,2337,2.882879788776479e-05
RUS,2338,4.347415327089883e-07
RUS,2341,6.8675576495123e-06
RUS,2343,2.1295542266291852e-05
RUS,2404,0.0002487468779104757
RUS,2405,0.00013922597585005352
RUS,2406,1.1955392149497179e-06
RUS,2407,9.50997102800912e-08
RUS,2408,3.2537686588688344e-06
RUS,2409,4.105590349520509e-05
RUS,2410,1.4027207266313451e-05
RUS,2411,1.6302807476587062e-07
RUS,2412,6.176726182691923e-05
RUS,2413,6.848537707456282e-05
RUS,2414,0.0005815075570169634
RUS,2415,0.00027140098746648313
RUS,2416,0.00041047072807821937
RUS,2417,7.442910896706852e-05
RUS,2418,0.0002589021684010997
RUS,2420,0.00016723963336398896
RUS,2421,4.7909875471820233e-05
RUS,2422,0.0008428959035582426
RUS,2423,0.00011858933871927372
RUS,2424,2.3822477425162846e-05
RUS,2426,3.119949780831849e-05
RUS,2427,8.35518883175087e-07
RUS,2436,0.0002366080791768669
RUS,2438,7.472120093435737e-08
RUS,2441,1.495782585976863e-05
RUS,2444,2.1872933364420976e-06
RUS,2448,2.961676691579983e-06
RUS,2449,1.3137345691549742e-05
RUS,2452,1.615336507471835e-05
RUS,2460,4.367793836435617e-06
RUS,2461,7.152856780352574e-06
RUS,2528,0.0001108047481492034
RUS,2529,0.0023447309068107885
RUS,2530,0.002917149648659555
RUS,2531,3.057455685504932e-05
RUS,2533,5.705982616805472e-07
RUS,2535,3.602920452325741e-05
RUS,2536,0.0002156046288778639
RUS,2537,8.58614527100252e-06
RUS,2538,2.717134579431177e-08
RUS,2539,3.369926162139517e-05
RUS,2540,0.0010713322004874703
RUS,2541,7.951015063060482e-05
RUS,2543,2.832612799057002e-06
RUS,2544,2.327225767282803e-05
RUS,2545,2.093552193451722e-05
RUS,2546,3.065607089243226e-05
RUS,2547,3.4915179345690626e-06
RUS,2548,2.3842855934508578e-06
RUS,2549,0.00036410961931667487
RUS,2550,0.0013742315705660092
RUS,2559,1.436684908874235e-05
RUS,2567,9.50997102800912e-08
RUS,2568,4.234654242043489e-05
RUS,2569,4.45610071026713e-06
RUS,2570,6.792836448577943e-08
RUS,2571,3.1247047663458536e-07
RUS,2573,1.3049038817718228e-05
RUS,2575,1.5623523831729269e-06
RUS,2576,1.488989749528285e-05
RUS,2579,1.4910276004628584e-05
RUS,2580,6.656979719606384e-07
RUS,2581,2.773515121954374e-05
RUS,2582,4.483272056061442e-06
RUS,2583,9.550728046700587e-06
RUS,2586,6.453194626149046e-06
RUS,2587,1.4577427018648265e-05
RUS,2647,3.396418224288971e-08
RUS,2648,2.6899632336368654e-06
RUS,2653,4.483272056061442e-07
RUS,2654,3.53227495326053e-07
RUS,2661,9.292600261654625e-06
RUS,2666,9.482799682214809e-06
RUS,2671,4.619128785033001e-07
RUS,2672,1.746438250929389e-05
RUS,2674,3.967016485969519e-06
RUS,2675,1.891804950928957e-05
RUS,2677,9.50997102800912e-08
RUS,2679,8.117439556050641e-06
RUS,2680,2.486178140179527e-06
RUS,2734,1.901994205601824e-07
RUS,2747,2.710341742982599e-06
RUS,2753,3.3013185140088804e-06
RWA,510,0.3902637916418558
RWA,556,0.38533248028632483
RWA,557,0.22440372807181935
SAU,852,0.0010949856268257054
SAU,898,0.05282244833968726
SAU,899,0.08459110570301397
SAU,900,0.011315224921587182
SAU,901,0.00041991487428531495
SAU,902,0.0010257350330841386
SAU,954,0.19699119124045109
SAU,955,0.07516077131017222
SAU,956,0.015358857417018673
SAU,957,0.005833154663533842
SAU,958,0.0009092203839577813
SAU,1010,0.0010292360742237526
SAU,1011,0.062376369484757374
SAU,1012,0.013186741473179294
SAU,1013,0.01809191017224702
SAU,1014,0.2039403377776483
SAU,1015,0.001645699398087003
SAU,1016,9.277759019977361e-05
SAU,1017,1.1133310823972832e-05
SAU,1071,0.0016980049527128378
SAU,1072,0.009606576803809917
SAU,1073,0.012027616772675859
SAU,1074,0.047176739418768356
SAU,1075,0.01391012659344636
SAU,1076,0.06268901245852491
SAU,1133,0.025745326145089027
SAU,1134,0.010649256876009788
SAU,1135,0.02732926717747324
SAU,1136,0.007816984614884774
SAU,1137,0.010269043808247696
SAU,1138,0.00328292627661614
SAU,1199,0.009230845068706531
SAU,1200,0.00368918709045696
SAU,1201,0.008747561349794201
SAU,1202,0.00023470979799972917
SDN,635,0.0047127748647731275
SDN,636,0.01681077295522776
SDN,637,0.001903405225543292
SDN,672,0.0032121551991934746
SDN,673,0.012450880322472489
SDN,674,0.023205595023464927
SDN,675,0.005936970767091978
SDN,713,0.0014415256777065525
SDN,714,0.023268091510970694
SDN,715,0.06121331494314873
SDN,716,0.03012275944910324
SDN,717,0.023844639207347428
SDN,758,0.02417593316583388
SDN,759,0.03183883164889395
SDN,760,0.018918875687407587
SDN,761,0.023874675066173728
SDN,762,0.01453058978185558
SDN,802,0.03254303174528246
SDN,803,0.04556803499427852
SDN,804,0.037435161360807434
SDN,805,0.026915414680424916
SDN,806,0.1142868339259875
SDN,807,0.10864697568429059
SDN,808,0.03217536623899853
SDN,844,0.0037149429610045773
SDN,845,0.002390510201691183
SDN,846,0.0030110557381455056
SDN,847,0.13741593137150418
SDN,848,0.02490266015634212
SDN,849,0.047793504409189766
SDN,891,0.001689517058979437
SDN,892,0.002709445655764732
SDN,893,0.002921300144387223
SDN,894,0.018719457921580362
SDN,895,0.017205502021808303
SDN,896,0.016016504391551525
SDN,949,1.0989682721602357e-05
SDN,950,4.595329963659348e-05
SDN,951,0.0017302688361890799
SDN,952,0.0004436937739380026
SDN,953,0.00021040744854882804
SDN,1010,3.574580073859272e-05
SEN,828,0.562122684855263
SEN,829,0.09937643623184125
SEN,830,0.05793976996322134
SEN,875,0.19483104199649975
SEN,876,0.08573006695317473
SGP,605,1.0
SLE,743,0.31522907448126103
SLE,744,0.684770925518739
SLV,825,1.0
SOM,561,0.024679653275786573
SOM,601,0.061053145175953207
SOM,602,0.01527456490932504
SOM,640,0.020924427659216593
SOM,641,0.18174437363081866
SOM,642,0.298075842687065
SOM,680,0.016371271928181864
SOM,681,0.033022253516714825
SOM,721,0.1206202370194629
SOM,722,0.08205809789259286
SOM,723,0.05605293066945775
SOM,724,0.0024263068042141333
SOM,766,0.02325761140548061
SOM,767,0.032868183375133725
SOM,768,0.022749775789639267
SOM,769,0.008821324260957025
SRB,1548,0.12651917092585174
SRB,1549,0.701494119763799
SRB,1550,0.03883830759142327
SRB,1631,0.07626248054897737
SRB,1632,0.05688592116994854
SSD,635,0.0047127748647731275
SSD,636,0.01681077295522776
SSD,637,0.001903405225543292
SSD,672,0.0032121551991934746
SSD,673,0.012450880322472489
SSD,674,0.023205595023464927
SSD,675,0.005936970767091978
SSD,713,0.0014415256777065525
SSD,714,0.023268091510970694
SSD,715,0.06121331494314873
SSD,716,0.03012275944910324
SSD,717,0.023844639207347428
SSD,758,0.02417593316583388
SSD,759,0.03183883164889395
SSD,760,0.018918875687407587
SSD,761,0.023874675066173728
SSD,762,0.01453058978185558
SSD,802,0.03254303174528246
SSD,803,0.04556803499427852
SSD,804,0.037435161360807434
SSD,805,0.026915414680424916
SSD,806,0.1142868339259875
SSD,807,0.10864697568429059
SSD,808,0.03217536623899853
SSD,844,0.0037149429610045773
SSD,845,0.002390510201691183
SSD,846,0.0030110557381455056
SSD,847,0.13741593137150418
SSD,848,0.02490266015634212
SSD,849,0.047793504409189766
SSD,891,0.001689517058979437
SSD,892,0.002709445655764732
SSD,893,0.002921300144387223
SSD,894,0.018719457921580362
SSD,895,0.017205502021808303
SSD,896,0.016016504391551525
SSD,949,1.0989682721602357e-05
SSD,950,4.595329963659348e-05
SSD,951,0.0017302688361890799
SSD,952,0.0004436937739380026
SSD,953,0.00021040744854882804
SSD,1010,3.574580073859272e-05
STP,588,1.0
SUR,657,0.01585571021739335
SUR,658,0.02315854770341269
SUR,659,0.04003637320601145
SUR,697,0.8570894856057971
SUR,698,0.06385988326738536
SVK,1716,0.2912137824592349
SVK,1717,0.5495875885707413
SVK,1718,0.15919862897002376
SVN,1629,0.33363149998954567
SVN,1630,0.6663685000104543
SWE,1990,0.1422425806783335
SWE,1991,0.0354466422394455
SWE,2080,0.14879761199719965
SWE,2081,0.150883132770736
SWE,2082,0.182382898729657
SWE,2083,0.16156405906550986
SWE,2175,0.01664952246527868
SWE,2176,0.08161355726450654
SWE,2279,0.0007250100404093164
SWE,2280,0.012378782240216754
SWE,2281,0.01821366304543093
SWE,2282,0.011018428266017392
SWE,2283,0.009266020213750203
SWE,2398,0.0012634769569079113
SWE,2399,0.002138035014301117
SWE,2400,0.018008622368056795
SWE,2401,0.002541846011943149
SWE,2523,0.00018826747211493815
SWE,2524,0.0005185585326862742
SWE,2525,0.004159284627498463
SWZ,162,1.0
SXM,931,1.0
SYC,364,1.0
SYR,1259,0.3965465423185909
SYR,1260,0.012367600092700355
SYR,1261,0.017486725222008403
SYR,1329,0.16273682121022234
SYR,1330,0.31454309487017806
SYR,1331,0.09631921628629994
TCA,929,1.0
TCD,709,0.05863511740017412
TCD,710,0.2359864609893846
TCD,711,0.1167649707586557
TCD,712,0.004426099678116986
TCD,755,0.13362393095757616
TCD,756,0.025542738207923566
TCD,757,0.03869043156845753
TCD,799,0.03134069722772798
TCD,800,0.18744046530270364
TCD,801,0.06298525255372407
TCD,802,0.06780216972007407
TCD,840,0.0018214827009120074
TCD,841,0.009361294941928786
TCD,842,0.005628371550485923
TCD,843,0.01602268407320448
TCD,889,0.0025631363486585098
TCD,890,0.0012574127882278975
TCD,945,0.00010728323206395946
TGO,662,0.5858524946907527
TGO,704,0.28867098398049346
TGO,749,0.12547652132875384
THA,684,0.02655181310210167
THA,728,0.05339926114393978
THA,772,0.004198965022699841
THA,817,0.05018264229712242
THA,818,0.2807619422727264
THA,819,0.04466461762956446
THA,862,0.027859940876570347
THA,863,0.15667906541087612
THA,864,0.13564784685544748
THA,865,0.015723034401765847
THA,912,0.07590185410254613
THA,913,0.08270657770641333
THA,914,0.045722439178226194
TJK,1413,0.15716539974207605
TJK,1414,0.5577364353301215
TJK,1415,0.07020000794467239
TJK,1416,0.005771166953039957
TJK,1489,0.20912699003009003
TKM,1339,0.06788226102155243
TKM,1340,0.03593717731322716
TKM,1408,0.1270051920060579
TKM,1409,0.06763746282879901
TKM,1410,0.09377653845477084
TKM,1411,0.25755332078163784
TKM,1412,0.08563769311814554
TKM,1413,0.09598682226323801
TKM,1483,0.002033399364018617
TKM,1484,0.017039559449688723
TKM,1485,0.12057684703014722
TKM,1486,0.010469213000049701
TKM,1561,0.018464513368667005
TTO,786,1.0
TUN,1188,0.0018098985966637589
TUN,1257,0.12436860819267208
TUN,1258,0.07232646274064847
TUN,1321,0.3590038935502222
TUN,1322,0.44249113691979347
TUR,1326,0.004635842282823187
TUR,1327,0.02435466633866422
TUR,1328,0.005925367289279004
TUR,1329,0.026291434636089208
TUR,1398,0.10153638069453287
TUR,1399,0.06585201443426154
TUR,1400,0.12653032872629896
TUR,1401,0.05851822894370827
TUR,1402,0.09211933350579615
TUR,1403,0.0835356233042662
TUR,1404,0.10119813970919629
TUR,1405,0.025090456444175006
TUR,1473,0.018507599633628035
TUR,1474,0.06203589365243725
TUR,1475,0.04005226038994291
TUR,1476,0.0482530523496983
TUR,1477,0.03729523981832788
TUR,1478,0.04269082623154957
TUR,1479,0.02154212227583544
TUR,1480,0.014035189339489686
TWN,916,0.002380619257627321
TWN,917,0.0019473416926769976
TWN,975,0.000542992756431373
TWN,978,0.0023099446678899924
TWN,979,0.006077107458370388
TWN,1032,0.0030418678930897117
TWN,1033,0.0066660555535808345
TWN,1034,0.004906798444037938
TWN,1035,0.003263125246706637
TWN,1036,0.01793895370216026
TWN,1037,0.017865030769272285
TWN,1038,0.03325762766608097
TWN,1039,0.01705521668708957
TWN,1041,0.009805814918134752
TWN,1096,0.0020018670715043884
TWN,1097,0.007759176391951375
TWN,1098,0.007421940201599612
TWN,1099,0.009908383221002596
TWN,1100,0.005934204375422517
TWN,1101,0.012905006461561145
TWN,1102,0.009468573390965108
TWN,1103,0.008380940580316219
TWN,1104,0.011210919014110634
TWN,1152,1.9202760207901007e-05
TWN,1153,0.0001971055842934205
TWN,1154,0.00038212772343308976
TWN,1155,0.000638990547017233
TWN,1156,0.00047609040746673904
TWN,1157,0.00016388211404072151
TWN,1158,0.0004075194134444358
TWN,1159,0.0034292906293310666
TWN,1160,0.016737909064177617
TWN,1161,0.026445080019526848
TWN,1162,0.015899434491031032
TWN,1163,0.028951625942420442
TWN,1164,0.016399103849368643
TWN,1165,0.02015594701300518
TWN,1166,0.011165669914231235
TWN,1167,0.014315748016159365
TWN,1216,9.26560531222867e-06
TWN,1217,7.811055598579104e-05
TWN,1218,9.405252046799075e-06
TWN,1219,1.2896420411059183e-05
TWN,1220,3.0587971688800206e-05
TWN,1221,0.00015089229931673307
TWN,1222,0.00010275064414546836
TWN,1223,0.0002639109810665374
TWN,1224,0.0001978954333399079
TWN,1225,0.0006300896242602519
TWN,1226,0.01853581185094099
TWN,1227,0.020284255677985974
TWN,1228,0.015804416006526458
TWN,1229,0.012514429665951721
TWN,1230,0.020099084107945617
TWN,1231,0.021254257017296
TWN,1232,0.014205241196692534
TWN,1233,0.016548181630605608
TWN,1276,8.37257778669564e-06
TWN,1277,4.4357851293159625e-06
TWN,1278,2.648840608602955e-06
TWN,1280,1.556571882154188e-07
TWN,1281,2.8929110797247316e-05
TWN,1282,2.9215520023563687e-05
TWN,1283,0.0001827406494952547
TWN,1284,0.00011493548883897133
TWN,1285,0.0004036546678284587
TWN,1286,0.0024930989207710766
TWN,1287,0.01281067286868472
TWN,1288,0.015917457814487085
TWN,1289,0.024369200178700146
TWN,1290,0.0325623941743481
TWN,1291,0.04605657020906178
TWN,1292,0.03579746821679903
TWN,1293,0.009957236451891418
TWN,1345,9.387818441718948e-05
TWN,1346,0.00010689557270023322
TWN,1347,0.00018997915348209515
TWN,1348,1.829372222872296e-05
TWN,1352,4.4574881887014265e-05
TWN,1353,1.2940893893406445e-05
TWN,1354,8.920668983143304e-05
TWN,1355,0.003282601963565797
TWN,1356,0.005730176048866922
TWN,1357,0.0055793184388664195
TWN,1358,0.0037121126245613072
TWN,1359,0.010686868403280607
TWN,1360,0.019606791121390122
TWN,1361,0.03420800730497939
TWN,1362,0.016561786958325282
TWN,1363,0.004738944848023606
TWN,1416,2.8947789659833168e-05
TWN,1417,0.002479414430252824
TWN,1418,0.0008124629227913182
TWN,1419,0.00038682323369931376
TWN,1420,3.851848306096406e-05
TWN,1421,2.0890084128156147e-05
TWN,1422,9.72279271075853e-06
TWN,1423,7.983879550980566e-06
TWN,1424,1.7112506537579667e-05
TWN,1425,0.00010467278805251704
TWN,1426,0.0006489365966093748
TWN,1427,0.0026772218060976843
TWN,1428,0.0007720507588520077
TWN,1429,0.0032341650044717465
TWN,1430,0.0018230338621681643
TWN,1431,0.01081772806720884
TWN,1432,0.014041921227468682
TWN,1433,0.04157847567704957
TWN,1434,0.0064891756195893015
TWN,1435,0.005008079684326653
TWN,1492,4.6480125870770996e-05
TWN,1493,0.00024595703624294754
TWN,1494,0.0010702276685974638
TWN,1495,0.00023324562551845296
TWN,1496,0.00036402879505704783
TWN,1497,3.4524764346179885e-05
TWN,1498,3.0963327879811106e-05
TWN,1499,0.00011893632331093107
TWN,1500,0.00016623387178724475
TWN,1501,9.654036707049662e-05
TWN,1502,9.260268494347e-06
TWN,1503,8.24894150577025e-06
TWN,1504,0.00038564023906887654
TWN,1505,0.0020935918499063234
TWN,1506,0.0025957428285589114
TWN,1507,0.005569058406488906
TWN,1508,0.007003179670757082
TWN,1509,0.005065374871634632
TWN,1510,0.011757925057589023
TWN,1511,0.011357775789639176
TWN,1512,0.0020473981332618687
TWN,1570,0.0013354203754252494
TWN,1571,0.0010978056750010014
TWN,1572,0.002374001603454048
TWN,1573,0.0009582060823218853
TWN,1574,0.00026076937427352677
TWN,1575,0.0002036947754379909
TWN,1576,1.4174588293719507e-05
TWN,1577,1.51120893015998e-06
TWN,1578,1.2559311414866932e-06
TWN,1582,0.00013419517510427685
TWN,1583,0.0001635930364054643
TWN,1584,0.0005637645410964855
TWN,1585,0.002723447543649429
TWN,1586,0.004416687326526401
TWN,1587,0.007461132902652961
TWN,1588,0.013303410590063685
TWN,1589,0.0034723374023646293
TWN,1590,0.00046290224101148183
TWN,1657,0.0003336880959300984
TWN,1658,0.00015195966289306738
TWN,1659,5.843370845606821e-05
TWN,1660,5.659784310477321e-05
TWN,1670,2.6065018534083612e-05
TWN,1671,0.00012114487644429613
TWN,1672,0.0007398128209681241
TWN,1673,0.00410388042002799
TWN,1674,0.010303684879376593
TWN,1675,0.001626153313695421
TWN,1676,0.004787673553161855
TWN,1677,0.00014587569050796185
TWN,1744,0.00011608913097105932
TWN,1745,0.00018098394694253785
TWN,1756,0.0002270584746543018
TWN,1757,0.00041147399549475443
TWN,1758,0.0010184116143146685
TWN,1759,0.0034331793906275114
TWN,1760,0.004334161443213174
TWN,1761,0.0010016086432142256
TWN,1762,0.0014958139895106517
TWN,1763,0.00022037233131821436
TWN,1846,2.4897144887644497e-05
TWN,1847,0.000264469568004819
TWN,1848,0.00022776916090221105
TWN,1849,0.0001609646535987411
TWN,1939,6.117327496865958e-05
TWN,1940,0.00011693145872671648
TWN,1941,3.640955052805687e-05
TZA,397,0.02241468745231701
TZA,398,0.05307311155420044
TZA,428,0.02479191834103857
TZA,429,0.09855244354065922
TZA,430,0.05343847661035549
TZA,431,0.0334796494193238
TZA,470,0.030039421440446374
TZA,471,0.015821910387638947
TZA,472,0.0660593054968491
TZA,473,0.05164290586207696
TZA,510,0.03204755730822933
TZA,511,0.1346329502430844
TZA,512,0.14430029011837578
TZA,513,0.08180717393987648
TZA,514,0.07147971604421201
TZA,557,0.03120557134978894
TZA,558,0.05521291089152718
UGA,557,0.18435953130193716
UGA,558,0.0010115743011666495
UGA,597,0.3200400453405922
UGA,598,0.2994548858874583
UGA,636,0.14055570461583883
UGA,637,0.05457825855300682
UKR,1635,0.004210301522084503
UKR,1636,0.053012853474220925
UKR,1637,0.030301610400927124
UKR,1638,0.005828434225034828
UKR,1718,0.01780115655263708
UKR,1719,0.0793763077781583
UKR,1720,0.08816229958304835
UKR,1721,0.0575510706076726
UKR,1722,0.07899626094428575
UKR,1723,0.08993420917058122
UKR,1724,0.18381119469551932
UKR,1725,0.08650830877646098
UKR,1808,0.017872198120561077
UKR,1809,0.050817781465261065
UKR,1810,0.023951271085955104
UKR,1811,0.10158003806764973
UKR,1812,0.030284703529942048
URY,89,0.027275661270126216
URY,90,0.726316376339439
URY,91,0.10598086555189876
URY,118,0.08024133450793967
URY,119,0.060185762330596276
USA,919,0.00043868767165173244
USA,1111,0.004618532538213826
USA,1112,0.021869901298851323
USA,1172,8.84139966483708e-06
USA,1173,0.00046960701730044014
USA,1174,0.008731469892125724
USA,1175,0.01695512844249281
USA,1176,0.000910557306732927
USA,1177,0.004075253385082948
USA,1178,0.01399091330840836
USA,1179,0.013304973084279855
USA,1237,0.0011394255089870202
USA,1238,0.00037274188770916936
USA,1239,8.32290244854921e-05
USA,1240,0.0008735748887969821
USA,1241,0.0004974506894976911
USA,1242,0.0009695293960370663
USA,1243,0.011316805729695303
USA,1244,0.0037565820224916844
USA,1245,0.009710254184711586
USA,1246,0.008342833927562427
USA,1247,0.00339391737906682
USA,1248,0.004863587517363501
USA,1249,0.005173292037415019
USA,1297,0.05329621735745255
USA,1298,0.002580067236823427
USA,1299,0.0015607091432533193
USA,1300,0.014869371177261961
USA,1301,0.0005944226778342543
USA,1302,0.0013403245961689542
USA,1303,0.0016911325648987774
USA,1304,0.0016960294830526072
USA,1305,0.011347966669029019
USA,1306,0.015188014663658801
USA,1307,0.007560270167527658
USA,1308,0.006455220652297932
USA,1309,0.007741739547196009
USA,1310,0.012862851994681557
USA,1311,0.02371268036141709
USA,1312,0.011956118372617133
USA,1313,0.004964276331623274
USA,1370,0.004009107821747013
USA,1371,0.007574310477452586
USA,1372,0.004029336646834086
USA,1373,0.0006626264335251677
USA,1374,0.0005060969558015597
USA,1375,0.001022331554308676
USA,1376,0.003447188786611235
USA,1377,0.00016358680094530405
USA,1378,0.0012430413236613222
USA,1379,0.0006789804675872941
USA,1380,0.0103416778646114
USA,1381,0.004518461646263786
USA,1382,0.004523837105755229
USA,1383,0.008305228941284343
USA,1384,0.008840600547263591
USA,1385,0.010725365804664426
USA,1386,0.012269116929643097
USA,1387,0.01422749857048552
USA,1388,0.004945046403503064
USA,1441,0.0048611576424162015
USA,1442,0.023241600551844578
USA,1443,0.0019056212968624497
USA,1444,5.5427166579877235e-06
USA,1445,0.000617982708155005
USA,1446,0.0003192660547389777
USA,1447,0.00123591895598597
USA,1448,0.004583376011012658
USA,1449,0.007398699744645697
USA,1450,0.000727917126898765
USA,1451,0.003062999075058577
USA,1452,0.004239932003643195
USA,1453,0.013773678771293917
USA,1454,0.012261576419051384
USA,1455,0.010807326462303622
USA,1456,0.015518533408880299
USA,1457,0.026461249901469266
USA,1458,0.007188815230794401
USA,1459,0.017580270686582397
USA,1460,0.04264332965829073
USA,1515,0.0010556807749046828
USA,1516,0.00027339577681415554
USA,1517,6.557874738264603e-05
USA,1518,0.00012518269709373112
USA,1519,0.0012616115151801628
USA,1520,0.005761897882679449
USA,1521,0.0003709299350716042
USA,1522,0.0018841241049290809
USA,1523,0.0014672774316086142
USA,1524,0.0003279401972372703
USA,1525,0.0015502323401822696
USA,1526,0.005202148544676345
USA,1527,0.0036458995925308783
USA,1528,0.005025822322879237
USA,1529,0.03486013820998611
USA,1530,0.010217001585049706
USA,1531,0.013580928824948622
USA,1532,0.023964128281154688
USA,1533,0.012246913540784317
USA,1534,0.024358687937033104
USA,1535,0.053882402619834485
USA,1536,0.0063826449801148415
USA,1595,0.0043995882611747045
USA,1596,0.0008911461833489599
USA,1597,0.00017452356122435109
USA,1598,0.002018129617558033
USA,1599,0.0012721208404780407
USA,1600,0.0005581696869857394
USA,1601,0.0003685139982215174
USA,1602,0.0005681121963303276
USA,1603,0.0009316084795555108
USA,1604,0.00019105879055023397
USA,1605,0.00046307469574039764
USA,1606,0.003827708132564722
USA,1607,0.011366699471682
USA,1608,0.006255027762041408
USA,1609,0.01918656205375149
USA,1610,0.007175290630466319
USA,1611,0.026845811295614246
USA,1613,0.0044189622162994395
USA,1614,0.007621360847608028
USA,1615,0.014072609142200529
USA,1616,0.023658925766502657
USA,1617,0.0018348668693817332
USA,1682,0.009285690451568053
USA,1683,0.001134398501925878
USA,1684,0.0018413527306177355
USA,1685,0.0003250550111143781
USA,1686,0.0009768980034298312
USA,1687,0.0004439841485923075
USA,1688,0.0006764530259595109
USA,1689,9.242352261303418e-05
USA,1690,0.0001746397120344514
USA,1691,0.0005128290567549748
USA,1692,0.00038362289559936823
USA,1693,0.0020232727754292755
USA,1694,0.00806451800243242
USA,1695,0.0008987889066535617
USA,1696,0.0011949363041501696
USA,1697,0.0005466289424941707
USA,1698,0.0003802591681388627
USA,1703,0.00013615662563201024
USA,1704,0.0005329231469023318
USA,1769,0.00019110989690667812
USA,1770,0.0009317896748192672
USA,1771,0.0023197221650321444
USA,1772,0.0007488660870084604
USA,1773,0.0005631781099172656
USA,1774,0.00039839727864413016
USA,1775,0.00014258208844676048
USA,1776,7.039203695320368e-05
USA,1777,0.00022846399743494408
USA,1778,0.00045482334219087024
USA,1779,0.00025858887154256557
USA,1780,0.000905627866352269
USA,1781,0.0006109393230305211
USA,1782,0.0003666881074867402
USA,2044,4.887626089021865e-06
USA,2045,1.7097399246768502e-06
USA,2048,9.004010798977542e-06
USA,2049,4.320810135732257e-07
USA,2140,6.871481925535492e-06
USA,2141,1.5550270456232112e-05
USA,2142,4.1535529691877824e-06
USA,2143,3.0208502690893695e-05
USA,2145,2.7272210211557366e-06
USA,2146,4.744063687737858e-05
USA,2147,0.0001221163157070824
USA,2240,5.175680098070682e-06
USA,2241,1.791510094987482e-05
USA,2242,3.802777522684788e-05
USA,2243,2.0814225169979044e-06
USA,2244,5.110635644414498e-08
USA,2245,4.6460324040131795e-09
USA,2246,2.7081722882992825e-05
USA,2247,2.6454508508451043e-05
USA,2248,2.5743665550637027e-05
USA,2249,3.7168259232105436e-08
USA,2348,4.158199001591796e-06
USA,2349,1.279981927305631e-05
USA,2350,4.2975799737121915e-06
USA,2351,4.1535529691877824e-06
USA,2352,5.812186537420487e-06
USA,2353,4.1349688395717297e-07
USA,2354,1.6446954710206656e-06
USA,2355,0.00034219422465278274
USA,2356,2.2681930196392343e-05
USA,2357,6.011965930793054e-06
USA,2358,1.9002272532413905e-06
USA,2468,2.2904939751784976e-06
USA,2470,6.676348564566939e-06
USA,2471,1.551774822940402e-06
USA,2472,1.3287652675477694e-06
USA,2473,2.3369542992186295e-06
USA,2474,2.694698794327644e-07
USA,2475,1.7933685079490873e-06
USA,2476,2.662176567499552e-06
USA,2477,7.015508930059902e-07
USA,2589,2.3741225584507348e-06
USA,2591,1.2637208138915848e-06
USA,2594,1.1429239713872422e-06
USA,2595,2.787619442407908e-08
USA,2596,1.1800922306193476e-06
USA,2688,7.712413790661878e-07
USA,2692,7.108429578140165e-07
UZB,1412,0.05813299887220979
UZB,1413,0.23625769329940088
UZB,1484,0.0001956807638445425
UZB,1486,0.1083204339865977
UZB,1487,0.032624858227060356
UZB,1488,0.06684530242581926
UZB,1489,0.2578726544067074
UZB,1490,0.1947430031711358
UZB,1560,0.0008086958522128452
UZB,1561,0.03254928024242495
UZB,1562,0.01064450838889942
UZB,1563,0.000980116311321702
UZB,1564,1.8666163878986404e-05
UZB,1647,6.107888486396163e-06
VCT,786,1.0
VEN,619,3.922776694244748e-05
VEN,620,6.015759786701211e-06
VEN,654,0.0003457181952419852
VEN,655,7.081050582262883e-06
VEN,656,0.00017257710888099099
VEN,692,0.005138900133625064
VEN,693,0.001806670525108152
VEN,694,0.0008521073081204486
VEN,695,0.0015721185575912496
VEN,736,0.019628170900717154
VEN,737,0.11895206216485638
VEN,738,0.11385683895384935
VEN,739,0.026114413234069954
VEN,740,0.11854994622161408
VEN,741,0.003231841617076336
VEN,781,0.0116892479072049
VEN,782,0.010154978504938312
VEN,783,0.29827916684734834
VEN,784,0.23725360763861125
VEN,785,0.03234930960383465
VGB,931,1.0
VNM,729,0.054056242759961085
VNM,774,0.2832835941764356
VNM,775,0.01712041481975355
VNM,821,0.03771549895956074
VNM,865,0.02107910256430557
VNM,866,0.03061962663365509
VNM,914,0.00433785920828895
VNM,915,0.09984382666297799
VNM,976,0.029851443700155078
VNM,977,0.3568392388288383
VNM,978,0.010731310217322593
VNM,1033,0.005463788567774359
VNM,1034,0.024337921899952958
VNM,1035,0.024720131001018157
YEM,769,0.0011177310060577028
YEM,811,0.4616621857629013
YEM,812,0.09068997934193587
YEM,813,0.004703172559703801
YEM,851,0.36835551829785534
YEM,852,0.016878376894903346
YEM,853,0.024175004740377034
YEM,854,0.006942067602766384
YEM,899,0.02479917766933126
YEM,901,0.00015823877528616908
YEM,902,0.00037803259383451595
YEM,903,0.00014051475504725408
ZAF,69,0.05779851159274349
ZAF,70,0.0067093150836991635
ZAF,71,0.0029601745414164966
ZAF,72,0.06025272169127483
ZAF,92,0.0016132176558164076
ZAF,93,0.0005605378191640473
ZAF,94,0.0018888171856098629
ZAF,95,0.02756573664294728
ZAF,96,0.10902213848467801
ZAF,122,0.0011391429544418165
ZAF,123,0.00018282213706263963
ZAF,124,0.004495710697113994
ZAF,125,0.019258405918311534
ZAF,126,0.04723725001971221
ZAF,127,0.049764684483109736
ZAF,128,0.1548753418861514
ZAF,158,0.00047147470581050194
ZAF,159,0.004906271221137263
ZAF,160,0.12576536706153701
ZAF,161,0.15635182099975029
ZAF,162,0.03137064443702296
ZAF,196,0.0013403773049889245
ZAF,197,0.05877459768252314
ZAF,198,0.07569491779397698
ZMB,277,0.015141177637191671
ZMB,278,0.034358231297905675
ZMB,316,0.009708844522321554
ZMB,317,0.045374819565476954
ZMB,318,0.061216197346582596
ZMB,319,0.2045174184181548
ZMB,355,0.016217207751001658
ZMB,356,0.037250821116209226
ZMB,357,0.08596069801454809
ZMB,358,0.10950702382848738
ZMB,359,0.14762066382558484
ZMB,392,0.007929289614863902
ZMB,394,0.0540054657241622
ZMB,395,0.06914375236158543
ZMB,396,0.01867643670401742
ZMB,427,0.026557735722725368
ZMB,428,0.028435150972344406
ZMB,429,0.028379065576836848
ZWE,237,0.12207768471374418
ZWE,238,0.1336527396486011
ZWE,278,0.047385608843578376
ZWE,279,0.1350788751502973
ZWE,280,0.498613080188547
ZWE,319,0.012179027165492946
ZWE,320,0.05101298428973908
