region,land_idx,weight
ABW,1563,1.0
AGO,616,0.00666761420917111
AGO,617,0.0019049736065340768
AGO,654,0.0013290109970020196
AGO,655,0.005304475155104995
AGO,656,0.0017416877935591349
AGO,657,4.3631026948769906e-05
AGO,658,2.404664553426523e-05
AGO,696,0.007322988593130758
AGO,697,0.009147641445509145
AGO,698,0.001988269203436274
AGO,699,0.0026708303447181667
AGO,700,0.0006913204004799412
AGO,735,0.018327179816022502
AGO,736,0.04619368870584424
AGO,737,0.03960102400698096
AGO,738,0.0040796662887514585
AGO,739,0.002558282127475317
AGO,773,0.04398379371779319
AGO,774,0.09173506050499608
AGO,775,0.0806402192128566
AGO,776,0.002383427481597292
AGO,777,0.0036078231753471474
AGO,808,0.02825984920852656
AGO,809,0.04402395409487104
AGO,810,0.004761648988388197
AGO,811,0.004049174150599761
AGO,842,0.02242634785166773
AGO,843,0.016692999533941304
AGO,844,0.0030602868409483797
AGO,845,0.0016130258447727055
AGO,879,0.08397014249496756
AGO,880,0.0686808555647739
AGO,881,0.0453937865451168
AGO,882,0.018960573417466292
AGO,883,0.0026058796114194296
AGO,925,0.003059295226699544
AGO,926,0.1356103550970625
AGO,927,0.00903319263428936
AGO,928,0.007277374337684316
AGO,929,0.009413228795155633
AGO,969,0.004894938470335859
AGO,970,0.04159185488056007
AGO,971,0.034838961845989086
AGO,1014,0.03783562010597051
AIA,1861,1.0
ALB,3025,1.0
ARE,2129,0.015348262737190912
ARE,2130,0.9846517372628091
ARG,5,0.0008466490329131958
ARG,13,0.0020741478708382324
ARG,18,7.016065696138009e-05
ARG,19,3.43924789026373e-07
ARG,25,7.763320465022584e-05
ARG,29,3.533045559998195e-05
ARG,30,9.817489432207374e-06
ARG,34,0.00011549619733303834
ARG,35,8.729436463287577e-05
ARG,36,0.0013375235045235646
ARG,42,0.00035999545644087804
ARG,43,0.0036035501417486016
ARG,48,0.00014885690186859654
ARG,49,5.002542385838153e-07
ARG,50,2.5356636718217138e-05
ARG,55,0.001352843790580194
ARG,56,9.920666868915286e-05
ARG,57,6.0218103969526766e-05
ARG,58,0.004475524545490103
ARG,65,0.0030725927992717047
ARG,66,0.00028045503250605144
ARG,67,5.290188573023846e-05
ARG,68,0.0001989761233967125
ARG,75,0.0009584245893467671
ARG,76,0.0001451675268590409
ARG,77,0.0002584438460083636
ARG,78,0.0005757926286099714
ARG,79,0.002059921890928505
ARG,85,0.001312979780943046
ARG,86,0.0003677806630288387
ARG,87,0.0037816093847945287
ARG,88,0.0008523081589871753
ARG,89,0.0004684568285438315
ARG,97,0.0032152277890479153
ARG,98,0.01163394383839512
ARG,99,0.0006992616278704393
ARG,100,0.015675560363693587
ARG,101,0.007043642211039942
ARG,102,0.013498704044496114
ARG,111,0.00030406077938922524
ARG,112,8.635638793553111e-05
ARG,113,0.003097511713531161
ARG,114,0.003567781963689859
ARG,115,0.006274063596758565
ARG,116,0.0016893898295874557
ARG,124,0.0006015244560071264
ARG,125,0.000714988370495918
ARG,126,0.0013487792248917004
ARG,127,0.006489360514689075
ARG,128,0.006487953549643058
ARG,129,0.009772185157725629
ARG,141,0.0002412788724469564
ARG,142,0.005573332472062286
ARG,143,0.0007686093716941206
ARG,144,0.006070960375893536
ARG,145,0.018678711621471875
ARG,146,0.34710396724435294
ARG,167,0.0032492763431615263
ARG,168,0.03882629475098548
ARG,169,0.014177048792015767
ARG,170,0.026601206732033846
ARG,171,0.058453769801821466
ARG,172,0.007619215978420533
ARG,194,0.001216118053997255
ARG,195,0.016174063712442358
ARG,196,0.0491824954663678
ARG,197,0.01458713220409485
ARG,198,0.027194383195434605
ARG,199,0.005039092211144683
ARG,226,0.00010495959243286674
ARG,227,0.0014968544795125097
ARG,228,0.004224459449500851
ARG,229,0.004138165593345143
ARG,230,0.004287335154112854
ARG,231,0.0015629505707853964
ARG,258,4.4147436555021695e-05
ARG,259,0.004802471956294538
ARG,260,0.0006264433702665827
ARG,261,0.0021721977016006602
ARG,262,0.007595172509078599
ARG,263,0.007108831591505395
ARG,290,3.564311449909684e-05
ARG,291,0.0027667185982676134
ARG,292,0.02978716964812461
ARG,293,0.007254718233832401
ARG,294,0.010192711377035148
ARG,295,0.024856476277303054
ARG,296,0.019386415039618417
ARG,325,0.0008397392712427569
ARG,326,0.028512678177662603
ARG,327,0.0012011729586195634
ARG,328,0.008835490361867345
ARG,329,0.00732444116833502
ARG,330,0.005911660666794502
ARG,360,0.0006685585239773576
ARG,361,0.003974426127878678
ARG,362,0.0007359052508467038
ARG,363,0.0031331235621403467
ARG,364,0.0009439797482076594
ARG,398,0.00022214414782112548
ARG,399,0.03352800831247456
ARG,400,0.001263235750093868
ARG,401,0.0005247041644945992
ARG,437,0.00010080122907463877
ARG,438,0.0038389510268921983
ARG,439,0.003873624898804039
ARM,2958,0.1494384029612987
ARM,3035,0.8505615970387013
ATG,1802,1.0
AUS,60,9.886741789602962e-05
AUS,61,0.015166571630055565
AUS,70,0.0022622136716441074
AUS,71,0.013119046151930124
AUS,103,0.0033310087671681275
AUS,104,0.014490637997234646
AUS,105,0.27220360069756544
AUS,106,0.011986186925766137
AUS,107,0.0004620605045775696
AUS,117,0.0007095958286915365
AUS,118,0.0026912640325713125
AUS,119,0.016171547114522213
AUS,120,0.01157417142909307
AUS,121,0.002274684170356467
AUS,132,0.023688405109611607
AUS,133,0.002100667734076151
AUS,134,0.0017396753236379688
AUS,135,0.0024057466666275434
AUS,136,0.007437470637273457
AUS,137,0.02709358481683364
AUS,154,0.0018591638929995348
AUS,157,0.0012826682237673686
AUS,158,0.06833189392805712
AUS,159,0.0038671587052720702
AUS,160,0.004197830687468437
AUS,161,0.00043288116772119813
AUS,162,0.006979729978655071
AUS,163,0.0441682242564078
AUS,181,0.00845695428364076
AUS,182,0.00010987079911281775
AUS,183,0.0008206892257173308
AUS,184,8.96571802849403e-07
AUS,185,0.00012413444143087645
AUS,186,0.0036571978903502467
AUS,187,5.3875814698495944e-05
AUS,188,0.00011508721687485064
AUS,189,7.857229254062041e-05
AUS,190,0.00751384225357072
AUS,191,0.10041229261886668
AUS,192,0.028987633503616772
AUS,210,0.00891811821641548
AUS,211,4.385051181208898e-05
AUS,212,0.00010033453539160137
AUS,213,4.890391651905835e-07
AUS,214,1.630130550635278e-07
AUS,216,2.5919075755100923e-05
AUS,218,1.7686916474392768e-05
AUS,220,0.0016113840493029725
AUS,221,0.0001506240628786997
AUS,222,0.0004259531128809982
AUS,223,0.004352937609361384
AUS,224,0.00965599681016054
AUS,241,0.00011630981478782709
AUS,242,0.00020376631882940976
AUS,243,1.7686916474392768e-05
AUS,244,0.0020965109011720313
AUS,250,0.0003419198829957496
AUS,252,2.9342349911435007e-06
AUS,253,8.737499751405091e-05
AUS,254,0.00021313956949556263
AUS,255,0.001782792276702272
AUS,256,0.005539672650223866
AUS,274,6.97695875671899e-05
AUS,275,8.835307584443208e-05
AUS,277,2.4451958259529175e-06
AUS,279,7.4986005329222794e-06
AUS,280,2.689715408548209e-06
AUS,282,0.00014989050413091382
AUS,287,0.0001969197705167416
AUS,288,0.0009514256958782801
AUS,289,0.0035085299841323093
AUS,308,7.808325337542983e-05
AUS,309,4.059025071081843e-05
AUS,310,4.442105750481133e-05
AUS,311,9.519962415710024e-05
AUS,314,1.5486240231035143e-06
AUS,315,3.4477261145936136e-05
AUS,316,4.531762930766073e-05
AUS,319,7.254080950326988e-06
AUS,320,4.2627913899112525e-05
AUS,321,0.0001529062456495891
AUS,322,0.000714975259508633
AUS,323,0.1838962500150787
AUS,342,1.2225979129764587e-06
AUS,344,3.3662195870618496e-05
AUS,345,3.936765279784197e-05
AUS,348,2.184374937851273e-05
AUS,349,7.009561367731696e-06
AUS,350,5.281622984058301e-05
AUS,355,2.0376631882940977e-05
AUS,356,0.0008060995572891451
AUS,357,0.00041584630346705947
AUS,358,0.010222956215671488
AUS,381,9.78078330381167e-07
AUS,382,1.4345148845590447e-05
AUS,386,1.9317047025028045e-05
AUS,387,7.131821159029342e-05
AUS,388,4.0427237655754896e-05
AUS,389,6.112989564882293e-06
AUS,394,5.281622984058301e-05
AUS,395,4.6540227220637195e-05
AUS,396,0.0065800219676393
AUS,419,0.0004471448100392568
AUS,420,8.150652753176391e-07
AUS,421,0.00010335027691027664
AUS,422,0.00027174276279090087
AUS,425,3.586287211397612e-06
AUS,426,2.7386193250672675e-05
AUS,427,0.001949880658142388
AUS,428,3.724848308201611e-05
AUS,431,1.2470498712359879e-05
AUS,432,0.0002490839481370705
AUS,433,0.0016721879188416684
AUS,434,0.007694705238163704
AUS,435,0.0006835952464089039
AUS,460,6.928054840199932e-06
AUS,461,0.0001481788670527468
AUS,462,3.4232741563340844e-06
AUS,463,9.862289831343433e-06
AUS,464,2.8527284636117368e-06
AUS,465,6.846548312668169e-06
AUS,466,7.4986005329222794e-06
AUS,467,6.072236301116411e-05
AUS,468,3.105398698960205e-05
AUS,470,8.232159280708155e-06
AUS,471,4.898542304659011e-05
AUS,472,2.396291909433859e-05
AUS,473,0.0006888931706984686
AUS,474,1.3530083570272809e-05
AUS,502,2.1599229795917437e-05
AUS,503,3.74930026646114e-05
AUS,504,2.3066347291489186e-05
AUS,509,1.4426655373122212e-05
AUS,510,2.0947177575663326e-05
AUS,511,2.445195825952917e-07
AUS,515,0.0009983734557365762
AUS,545,0.0006775637633715534
AUS,546,6.09668825937594e-05
AUS,549,2.314785381902095e-05
AUS,550,6.357509147477585e-06
AUS,552,1.5078707593376323e-05
AUS,553,1.5323227175971616e-05
AUS,554,0.0016642817856710873
AUS,555,5.208267109279714e-05
AUS,556,7.914283823334276e-05
AUS,557,0.003240781041190465
AUS,588,1.6953357726606894e-05
AUS,589,0.00010628451190142014
AUS,590,6.716137868617346e-05
AUS,591,2.6326608392759743e-05
AUS,592,1.0677355106661073e-05
AUS,593,0.00026448868184057386
AUS,594,6.683535257604641e-06
AUS,595,8.15065275317639e-08
AUS,596,1.9724579662686865e-05
AUS,597,0.0003189350422317922
AUS,598,0.012206988108849685
AUS,627,0.0010846888683927142
AUS,628,8.96571802849403e-06
AUS,629,1.0595848579129308e-05
AUS,630,1.9643073135155102e-05
AUS,631,2.184374937851273e-05
AUS,632,6.520522202541112e-07
AUS,633,5.795114107508414e-05
AUS,634,7.254080950326988e-06
AUS,635,4.735529249595483e-05
AUS,636,0.004000421877786505
AUS,669,1.2470498712359879e-05
AUS,670,2.689715408548209e-06
AUS,671,1.8501981749710408e-05
AUS,672,1.833896869464688e-05
AUS,673,1.418213579052692e-05
AUS,675,5.6647036634575915e-05
AUS,676,3.9856691963032554e-05
AUS,677,4.645872069310543e-06
AUS,678,1.3856109680399864e-06
AUS,711,0.00041389014680629714
AUS,712,1.939855355255981e-05
AUS,713,1.1410913854446948e-06
AUS,714,1.7197877309202185e-05
AUS,716,3.643341780669847e-05
AUS,717,1.1003381216788127e-05
AUS,750,2.5919075755100923e-05
AUS,751,0.00016912604462841012
AUS,752,0.0008182440298913779
AUS,753,8.256611238967684e-05
AUS,754,1.4752681483249267e-05
AUS,786,0.00011166394271851655
AUS,787,0.0011641577327361839
AUS,788,0.00034249042868847196
AUS,789,0.00037460400053598695
AUS,819,1.08403681617246e-05
AUS,822,1.7116370781670422e-06
AUT,3439,0.06421426596397065
AUT,3440,0.20116582838426517
AUT,3441,0.19823191514331176
AUT,3442,0.07963888263354868
AUT,3529,0.0814995498660522
AUT,3530,0.152052671935584
AUT,3531,0.22319688607326754
AZE,2957,0.05405989532796612
AZE,2958,0.1848745465108617
AZE,3035,0.07613962477911203
AZE,3036,0.30876164290477287
AZE,3037,0.2479977256775359
AZE,3117,0.12816656479975141
BDI,1065,0.6657603631823824
BDI,1111,0.3342396368176176
BEL,3705,0.3828489483355809
BEL,3706,0.6171510516644191
BEN,1389,0.42688725060482674
BEN,1434,0.13622375313300053
BEN,1479,0.21117285074932626
BEN,1526,0.1307930926497223
BEN,1573,0.09492305286312418
BFA,1523,0.025834291135875164
BFA,1524,0.029046316212001773
BFA,1570,0.07531858504863372
BFA,1571,0.12194622539226231
BFA,1572,0.10882020485862996
BFA,1573,0.015436109246650667
BFA,1614,0.28705032025755567
BFA,1615,0.10464131420441364
BFA,1616,0.013878387812229812
BFA,1657,0.13076720708257153
BFA,1658,0.08726103874917578
BGD,2020,0.012238020552388654
BGD,2080,0.13918814005143323
BGD,2081,0.08154755684143083
BGD,2140,0.09136953019551539
BGD,2141,0.4690071912459011
BGD,2142,0.0633991167601731
BGD,2207,0.0888662904972334
BGD,2273,0.05438415385592427
BGR,3107,0.050358544259651424
BGR,3108,0.06267483121644507
BGR,3190,0.2683839390725723
BGR,3191,0.383756532137905
BGR,3192,0.23482615331342618
BHR,2191,1.0
BHS,2101,1.0
BIH,3188,0.3929024427624196
BIH,3269,0.6070975572375804
BLR,3808,0.05494113453317845
BLR,3809,0.047233841260001415
BLR,3810,0.07491019303503635
BLR,3811,0.11690219865669277
BLR,3812,0.03808031472629647
BLR,3904,0.07111410816130263
BLR,3905,0.24496327337581741
BLR,3906,0.08913755012891326
BLR,3907,0.03422372486461647
BLR,4001,0.08036239689303509
BLR,4002,0.05030791924407944
BLR,4093,0.04498598928357269
BLR,4094,0.05283735583745755
BLZ,1744,0.3006226464337646
BLZ,1796,0.6993773535662354
BMU,2504,1.0
BOL,437,8.390858350849663e-05
BOL,477,0.0024680160430947695
BOL,478,0.03358918612211458
BOL,479,0.011494485451482656
BOL,520,0.007889670825070413
BOL,521,0.020141880500310235
BOL,522,0.00816700779585735
BOL,561,0.046382344388843415
BOL,562,0.10683020114712798
BOL,563,0.013183269505738823
BOL,564,0.0025425857286073793
BOL,565,0.0007768265151123887
BOL,601,0.1761470395339607
BOL,602,0.04124283752510713
BOL,603,0.16327308564972198
BOL,604,0.001558605476131687
BOL,605,0.00029700525596009175
BOL,642,0.24578380592637977
BOL,643,0.011834223240696653
BOL,644,0.006711696191498348
BOL,645,0.00495329489763648
BOL,646,0.002303170343621922
BOL,684,0.029544877296077732
BOL,685,0.0011517974194926856
BOL,686,0.0017558543216811713
BOL,687,0.000152393835478332
BOL,723,0.007386360822473917
BOL,724,0.017069949053481463
BOL,725,0.0009085615762361836
BOL,726,5.801436633808367e-06
BOL,760,9.2964484595417e-05
BOL,761,0.0007087657585060027
BOL,795,0.010398862918419774
BOL,796,0.0018779674879001135
BOL,827,0.012263529551598472
BOL,828,0.009028167389841685
BRA,174,0.0015848855491096667
BRA,200,0.0009258129803549826
BRA,201,0.0034759899825802768
BRA,232,0.00213816674314467
BRA,233,0.01356054972101112
BRA,234,0.0005563523013166204
BRA,263,0.0005557049953322046
BRA,264,0.0017679077200588617
BRA,265,0.02258282999299471
BRA,266,0.0037602651940695266
BRA,296,0.004845919598842905
BRA,297,0.015317820046059418
BRA,298,0.008754827823800434
BRA,299,0.0052468681178787354
BRA,331,0.006670689553488332
BRA,332,0.006260836981022427
BRA,365,0.0049000199945626296
BRA,366,0.0057546868549416055
BRA,367,0.019451990753593627
BRA,403,0.0012148638715514773
BRA,404,0.021612748475594405
BRA,405,0.008316608864639688
BRA,406,0.1454827392263111
BRA,407,0.007498579522978643
BRA,442,0.0026759701318634214
BRA,443,0.005093435022706055
BRA,444,0.007406129843826643
BRA,445,0.030217602695094426
BRA,446,0.012099249268903852
BRA,447,0.07902749468130249
BRA,481,0.0004322709363928371
BRA,482,0.00045578972049327594
BRA,483,0.0027582283379052317
BRA,484,0.006387759299988924
BRA,485,0.017372556240101613
BRA,486,0.0065549152820312175
BRA,487,0.015099872121106634
BRA,524,0.0002659348752641368
BRA,525,0.004497151134439699
BRA,526,0.001657743433800017
BRA,527,0.006777164195636007
BRA,528,0.009065232620193932
BRA,529,0.007349116571177047
BRA,530,0.012094459204619176
BRA,531,0.009311697969904588
BRA,565,0.0009165996585101318
BRA,566,0.0006918909821645625
BRA,567,0.0010004473603581184
BRA,568,0.0034948985096139324
BRA,569,0.01016840744027883
BRA,570,0.014529250318978004
BRA,571,0.029865849430874194
BRA,572,0.004969497503556587
BRA,605,8.900457285716546e-05
BRA,606,0.00011125751414363576
BRA,607,0.0009897308501716799
BRA,608,0.001982532807624977
BRA,609,0.00182592791312866
BRA,610,0.0011272330258390165
BRA,611,0.003920631655564171
BRA,612,0.002859481378445286
BRA,646,0.0007116769684215371
BRA,647,0.0011299732878397098
BRA,648,0.0009576748193656689
BRA,649,0.011548650798559816
BRA,650,0.005829911002619432
BRA,651,0.001272718641980814
BRA,652,0.004311043471631456
BRA,653,0.0026430510264115227
BRA,687,0.0003112822556168179
BRA,688,0.004967519624159761
BRA,689,0.0012247748454017541
BRA,690,0.0006149550697723929
BRA,691,0.002176300257915473
BRA,692,0.013115591587323734
BRA,693,0.0013582133779447027
BRA,694,0.003315321444959572
BRA,695,0.003239996605239726
BRA,725,8.577523522380244e-05
BRA,726,0.00046255047188606266
BRA,727,0.0012065639703735243
BRA,728,0.0002571243215873669
BRA,729,0.00038772190008760205
BRA,730,0.0017372182241088396
BRA,731,0.0018533017639807304
BRA,732,0.0014744479558796242
BRA,733,0.007421794648649504
BRA,734,0.01551829790172169
BRA,762,0.00031582778208515957
BRA,763,0.00034488462849671095
BRA,764,6.301883372723101e-05
BRA,765,0.00021394901242683645
BRA,766,4.817394981796317e-05
BRA,767,0.00026307953664399177
BRA,768,0.0005486637446795044
BRA,769,0.0012359732389321464
BRA,770,0.002534670427754179
BRA,771,0.005101490386067674
BRA,772,0.019950430746171186
BRA,796,9.303225453797456e-05
BRA,797,0.0025253420292898764
BRA,798,0.00025598074768156575
BRA,799,0.00044567017027024306
BRA,800,0.0005673996567839825
BRA,801,5.045390534084975e-05
BRA,802,0.0006115099634775579
BRA,803,0.0005735634482133636
BRA,804,0.0004459866309737352
BRA,805,0.00288452492775346
BRA,806,0.00472305373071208
BRA,807,0.005887902426534367
BRA,826,6.70177462531772e-05
BRA,827,0.00015766935322624495
BRA,828,8.895422683615534e-05
BRA,829,0.001993824700908674
BRA,830,3.842120631943256e-05
BRA,831,0.00020095254671751136
BRA,832,0.0007150645364066463
BRA,833,0.0002766010394295652
BRA,834,0.0001411486660462119
BRA,835,0.0012890523296542379
BRA,836,0.0005447655241955784
BRA,837,0.000935091032798275
BRA,838,0.003307503427125573
BRA,839,0.011722164763826816
BRA,863,0.00020129777657586643
BRA,864,0.00021362535943462857
BRA,865,0.0015121427410387678
BRA,866,0.00010941628823240874
BRA,867,0.002601803250626808
BRA,868,3.4789100517988635e-05
BRA,869,0.00033050005106524986
BRA,870,0.00037926376855790294
BRA,871,0.00011762268965705729
BRA,872,0.0009958802570236296
BRA,873,0.0014041001799510637
BRA,874,0.0006458027960741611
BRA,875,0.0023026112323411333
BRA,876,0.004702965668329044
BRA,877,0.020057624617190434
BRA,878,0.011198307222927866
BRA,909,0.0005803098150287188
BRA,910,0.00019110630346567625
BRA,911,3.870889786806178e-05
BRA,912,6.844181941889183e-05
BRA,913,0.00024140197845477993
BRA,914,2.8531809335303062e-05
BRA,915,0.00011739253641815392
BRA,916,8.714177007979125e-05
BRA,917,8.309970382155068e-05
BRA,918,0.000739093973005902
BRA,919,0.0016695315950050994
BRA,920,0.00046564315603382677
BRA,921,0.002059742026988344
BRA,922,0.006018075660000374
BRA,923,0.007833711407976824
BRA,924,0.012430367856798654
BRA,953,1.0845971383321658e-05
BRA,954,0.00015541097456950556
BRA,955,2.6841621487106383e-05
BRA,956,2.2821132095013012e-05
BRA,957,0.00012121883401492256
BRA,958,4.718141397519236e-06
BRA,959,0.0001847195510861075
BRA,960,5.6258082334444305e-05
BRA,961,0.00027096228507643243
BRA,962,0.0008207192576407279
BRA,963,0.0015032314953199778
BRA,964,0.0006720906113301563
BRA,965,0.002719785554719652
BRA,966,0.003298958988131285
BRA,967,0.008587348188765933
BRA,968,0.005777356948973588
BRA,998,2.362666843117483e-05
BRA,999,0.000434140931458927
BRA,1000,0.0001406308212586793
BRA,1001,0.00010470533912360524
BRA,1002,0.0003353692305257995
BRA,1003,0.00017093193361805207
BRA,1004,0.00037452405029423654
BRA,1005,0.0005105661913522798
BRA,1006,0.00010120269451904446
BRA,1007,0.0018201956590222228
BRA,1008,0.005708426053922027
BRA,1009,0.006516803344126561
BRA,1010,0.01263096078908038
BRA,1011,0.007233004262150293
BRA,1012,0.009274571375553986
BRA,1013,0.007679717314284317
BRA,1043,0.00010545333715004121
BRA,1044,0.00014373788998387488
BRA,1045,0.0003839387562231278
BRA,1046,0.0002955023741745051
BRA,1047,0.005300659245183684
BRA,1048,0.000828271160792245
BRA,1049,0.0002765075396762607
BRA,1050,0.0007521911307572473
BRA,1051,0.0008324714574022316
BRA,1052,0.0007921514868618462
BRA,1053,0.004316818879470187
BRA,1054,0.0043736379603244585
BRA,1055,0.005953963598388352
BRA,1090,3.7888976954468496e-05
BRA,1091,0.0003808676489415109
BRA,1092,8.91556109201958e-05
BRA,1093,1.088912511561604e-05
BRA,1094,0.0036640971016514935
BRA,1095,0.0011347058138146604
BRA,1096,0.002057217533649123
BRA,1097,0.00030470131144192444
BRA,1098,0.001162561548010685
BRA,1099,0.0016696610562019825
BRA,1100,0.008446796482683127
BRA,1139,1.8635220062457837e-05
BRA,1140,3.514152266505943e-05
BRA,1141,5.645946641848476e-06
BRA,1142,4.4484305706793406e-05
BRA,1143,5.9573727432396085e-05
BRA,1144,0.0008356216798597216
BRA,1145,0.00045570341302868716
BRA,1146,0.0011363240787757
BRA,1147,0.0043067280984020176
BRA,1148,0.0006074103589095915
BRA,1181,1.2759120181705981e-05
BRA,1182,4.256396461969335e-05
BRA,1183,1.4888037641562222e-05
BRA,1184,3.845716776301121e-05
BRA,1185,8.079097914380119e-05
BRA,1186,1.9145872561274703e-05
BRA,1187,0.00029276930446252747
BRA,1188,0.0018524458816235585
BRA,1189,0.0003639298090159654
BRA,1190,0.0005852077636441314
BRA,1220,4.178719743839445e-06
BRA,1221,1.0421626349093557e-05
BRA,1223,3.327871988768522e-05
BRA,1224,3.386129527365939e-05
BRA,1225,2.400785973310855e-05
BRA,1226,3.7989668996488725e-05
BRA,1227,1.1371008459569987e-05
BRA,1228,3.4422293793486375e-05
BRA,1262,7.38000745121111e-05
BRA,1263,0.0009434053185536595
BRA,1266,1.1068932333509305e-05
BRA,1299,2.2662901743266938e-05
BRA,1300,0.00011662296152557075
BRA,1303,6.401856185871756e-05
BRA,1338,2.7755042154004162e-05
BRB,1565,1.0
BRN,1369,1.0
BTN,2338,0.5826234385994065
BTN,2339,0.41737656140059354
BWA,337,0.00034110372863403103
BWA,372,0.00024909548604195686
BWA,373,0.23544179945681476
BWA,410,0.0004246965831841472
BWA,411,0.01915566728697427
BWA,412,0.233000214872908
BWA,413,0.10030413212383636
BWA,450,0.0020084726126806435
BWA,451,0.0004246965831841472
BWA,452,0.0013733913284475461
BWA,453,0.09999051866280606
BWA,493,0.006185310210839132
BWA,494,0.01710287363060598
BWA,495,0.09802468401620468
BWA,536,0.010155129263165454
BWA,537,0.011655873463981298
BWA,538,0.10713462208455894
BWA,577,0.041963612984158315
BWA,578,0.015064105620974289
CAF,1310,0.0201332785748076
CAF,1311,0.016404249235333956
CAF,1351,0.08885128890998689
CAF,1352,0.30522461336639856
CAF,1353,0.09949801401857654
CAF,1354,0.12005445650029332
CAF,1355,0.007231211309145691
CAF,1356,0.002586585277375898
CAF,1394,0.03375035824485137
CAF,1395,0.07024684998954402
CAF,1396,0.029119520331072412
CAF,1397,0.02055545761614602
CAF,1398,0.00023144340913187054
CAF,1439,0.04244934754297379
CAF,1440,0.10397258659512604
CAF,1441,0.012042279622376277
CAF,1442,0.000954663026603517
CAF,1486,0.00704736973593456
CAF,1487,0.015797900332260816
CAF,1534,0.003848526362060877
CAN,3170,0.07008494476006354
CAN,3171,0.041153764310535655
CAN,3176,0.0011974589675786949
CAN,3253,0.026386376430587936
CAN,3254,0.030228004717756447
CAN,3259,0.005800996539908392
CAN,3338,0.002739064578598465
CAN,3339,0.008412525242930466
CAN,3340,0.06140752298695633
CAN,3341,0.1907239185875041
CAN,3343,0.007328679833733076
CAN,3344,0.008390733789929461
CAN,3345,0.007654666933006648
CAN,3421,0.006281246638738219
CAN,3422,0.005707079102508764
CAN,3423,0.010597118406281154
CAN,3424,0.00114209563933469
CAN,3425,0.004279738930942979
CAN,3426,0.060896820729445605
CAN,3427,0.012082801933851766
CAN,3428,0.009318639933955136
CAN,3429,0.005311666668994813
CAN,3430,0.004359966865816334
CAN,3431,0.003712974901181814
CAN,3432,0.0013029705754852672
CAN,3433,0.002502990504420918
CAN,3494,0.018668523596465127
CAN,3506,0.00028035542418599843
CAN,3507,0.006297310850886396
CAN,3509,0.00014816325523332453
CAN,3510,0.0022673820595809986
CAN,3511,0.0033254781664075438
CAN,3512,0.003783983375170129
CAN,3513,9.573339181637814e-05
CAN,3514,0.011930215199910972
CAN,3515,0.0027453971375902097
CAN,3516,0.006627395488331096
CAN,3517,0.0024532612911622154
CAN,3519,0.0011225392071543016
CAN,3520,0.0016488400474755673
CAN,3521,0.0010347680770113675
CAN,3582,0.00013549813724983482
CAN,3583,0.0016144766023585989
CAN,3584,0.08315790748038188
CAN,3585,0.008654745624364708
CAN,3586,0.003777231749774519
CAN,3587,0.002213974374555033
CAN,3588,0.005801508732179783
CAN,3589,0.0005577308206111758
CAN,3590,0.0004898420631849698
CAN,3591,0.0004326627805242148
CAN,3592,0.0017581698159506917
CAN,3593,0.00340752205569765
CAN,3594,0.03450588113134891
CAN,3595,0.001509616875524706
CAN,3596,0.000949231967689049
CAN,3597,1.8066418299977975e-05
CAN,3598,0.00037217752956629886
CAN,3599,0.0002507879612466015
CAN,3600,0.0013137731761182438
CAN,3601,5.019484259633056e-05
CAN,3602,0.00022545772527962207
CAN,3603,0.0005145669810130325
CAN,3604,6.0904317361781425e-05
CAN,3606,0.0022959251379776136
CAN,3607,0.0003266389803462513
CAN,3608,2.3281466881414917e-07
CAN,3609,0.001056466404144846
CAN,3672,0.00036919750180547774
CAN,3673,0.0007704303020397824
CAN,3674,0.0008075409602487578
CAN,3675,0.009190126236769725
CAN,3676,0.0009593826872493459
CAN,3677,0.007803482069312652
CAN,3678,0.006304202165083294
CAN,3679,0.002335224254073442
CAN,3680,0.001217667280831763
CAN,3681,0.010398993123120313
CAN,3682,0.002024090730670213
CAN,3683,0.0012053746663183759
CAN,3684,0.004043012975692752
CAN,3685,0.00023723814752161802
CAN,3686,0.0004678643584489142
CAN,3687,2.1418949530901725e-05
CAN,3688,5.0753597801484516e-05
CAN,3690,1.5365768141733845e-06
CAN,3693,7.915698739681071e-06
CAN,3694,0.00010476660096636713
CAN,3696,0.0017067643370765277
CAN,3697,5.32214332909145e-05
CAN,3698,0.00020003436344511697
CAN,3699,4.1441011048918553e-05
CAN,3700,0.00019672839514795604
CAN,3764,1.3968880128848952e-07
CAN,3765,9.773559796817983e-05
CAN,3766,2.5795865304607728e-05
CAN,3767,0.0022551825709351374
CAN,3768,0.0002676437432687459
CAN,3769,0.0006496460518590018
CAN,3770,0.02179438646583142
CAN,3771,0.015884060157447904
CAN,3772,0.0014955083065945685
CAN,3773,0.011710391589616651
CAN,3774,0.0022248235381217723
CAN,3775,0.0029485977805311994
CAN,3776,0.0010419387688108432
CAN,3777,0.0005468350941106735
CAN,3778,0.00011384637305011895
CAN,3779,0.0003587674046426039
CAN,3780,8.087981594603542e-05
CAN,3781,8.805050774551122e-05
CAN,3782,1.424825773142593e-05
CAN,3783,3.0265906945839392e-05
CAN,3784,0.0001727950471938615
CAN,3785,0.0001393628607521497
CAN,3786,4.656293376282983e-08
CAN,3789,0.0006533710865600283
CAN,3793,0.00014695261895549094
CAN,3794,0.00025279016739840316
CAN,3858,4.190664038654685e-05
CAN,3859,7.822572872155413e-06
CAN,3860,0.000122041449392377
CAN,3861,4.367603186953438e-05
CAN,3862,0.0039898846682693626
CAN,3863,0.0002431516401094974
CAN,3864,0.0010607967569847892
CAN,3865,0.0020635760985010924
CAN,3866,0.039885203743101116
CAN,3867,0.001961649836494258
CAN,3868,0.0008741725184633673
CAN,3869,0.0024149865596091694
CAN,3870,0.0008105675509433417
CAN,3871,0.00017689258536499053
CAN,3872,0.00013754690633539934
CAN,3873,0.00026168368774710365
CAN,3874,0.00015128297179543414
CAN,3875,7.482663455686755e-05
CAN,3876,1.415513186390027e-05
CAN,3880,0.00016352902337505838
CAN,3885,1.4667324135291397e-05
CAN,3886,9.312586752565967e-07
CAN,3887,0.0003938292937660147
CAN,3888,1.1966673977047268e-05
CAN,3958,1.694890788967006e-05
CAN,3959,0.0020244632341403154
CAN,3960,0.0006136994669940972
CAN,3961,0.0005209461029385402
CAN,3962,1.657640441956742e-05
CAN,3963,0.00011962017683670985
CAN,3964,0.0011120625470576648
CAN,3965,0.0017485312886617859
CAN,3966,0.0013964223835472667
CAN,3967,0.0003338562350794899
CAN,3968,4.325696546566892e-05
CAN,3969,0.0005600124043655544
CAN,3970,5.1545167675452626e-05
CAN,3971,0.00026792312087132287
CAN,3972,0.00014769762589569624
CAN,3973,3.63656512687701e-05
CAN,3976,1.4387946532714419e-05
CAN,3983,6.113713203059557e-05
CAN,3986,8.660705679886349e-06
CAN,3987,1.3177310254880842e-05
CAN,4056,8.75383154741201e-05
CAN,4057,0.0002785394697692481
CAN,4058,1.0802600632976521e-05
CAN,4059,0.0005751453578384741
CAN,4060,0.0012820172552919938
CAN,4061,0.0026624219896248472
CAN,4062,0.0004404387904626074
CAN,4063,0.00012800150491401921
CAN,4064,1.3689502526271972e-05
CAN,4065,0.00028850393759449365
CAN,4066,0.0003311555849212458
CAN,4067,0.00019989467464382848
CAN,4069,0.0007237276794756641
CAN,4071,3.492220032212238e-05
CAN,4073,1.0150719560296904e-05
CAN,4082,2.2163956471107002e-05
CAN,4083,1.964955804791419e-05
CAN,4146,1.2618555049726885e-05
CAN,4147,3.524814085846218e-05
CAN,4149,1.2991058519829524e-05
CAN,4150,0.0001047200380326043
CAN,4151,0.0010244311057160192
CAN,4152,0.0009069528238323995
CAN,4153,4.246539559170081e-05
CAN,4154,0.0011904745275142703
CAN,4155,0.00012101706484959474
CAN,4156,2.211739353734417e-05
CAN,4158,6.760937982362892e-05
CAN,4159,4.3862283604585706e-05
CAN,4160,0.00013847816501065592
CAN,4161,4.302415079685477e-05
CAN,4165,8.846957414937669e-06
CAN,4171,4.2744773194277785e-05
CAN,4240,9.405712620091626e-06
CAN,4242,1.3968880128848952e-07
CAN,4243,0.0002985615312872649
CAN,4244,3.743659874531519e-05
CAN,4245,0.00035872084170884106
CAN,4246,0.000119852991505524
CAN,4247,1.648327855204176e-05
CAN,4248,1.8625173505131933e-07
CAN,4250,2.7937760257697903e-07
CAN,4251,6.709718755223779e-05
CAN,4253,1.5738271611836484e-05
CAN,4254,4.558511215381041e-05
CAN,4259,6.705062461847496e-06
CAN,4260,7.017034118058456e-05
CAN,4261,2.5842428238370557e-05
CAN,4336,6.937877130661645e-06
CAN,4338,8.4278910110722e-06
CAN,4339,3.5387829659750673e-06
CAN,4340,1.2246051579624247e-05
CAN,4342,1.3968880128848952e-07
CAN,4343,1.4900138804105546e-06
CAN,4344,1.5738271611836484e-05
CAN,4348,3.380468991181446e-05
CAN,4349,5.038109433138188e-05
CAN,4439,2.2396771139921152e-05
CAN,4440,0.0008541970198791133
CAN,4441,1.746110016106119e-05
CAN,4443,4.414166120716268e-05
CAN,4445,3.296655710408352e-05
CAN,4447,2.0906757259510597e-05
CAN,4448,0.00017372630586911812
CAN,4449,0.00012637180223232017
CAN,4457,6.453622619528216e-05
CAN,4460,1.2758243851015375e-05
CAN,4544,6.192870190456368e-06
CAN,4545,3.305968297160918e-05
CAN,4547,4.330352839943175e-05
CAN,4551,6.500185553291045e-05
CAN,4552,2.048769085564513e-06
CAN,4553,9.284648992308269e-05
CAN,4554,0.0008758022211450663
CAN,4555,1.1873548109521608e-05
CAN,4556,1.396888012884895e-05
CAN,4562,7.557164149707283e-05
CAN,4567,1.4667324135291397e-05
CAN,4569,1.0709474765450863e-06
CAN,4659,3.7250347010263866e-07
CAN,4660,4.609730442520154e-06
CAN,4661,1.401544306261178e-05
CAN,4666,4.842545111334302e-06
CAN,4668,2.3607407417754725e-05
CAN,4780,5.066047193395886e-05
CAN,4786,2.7891197323935072e-05
CAN,4789,1.5831397479362143e-05
CAN,4790,2.2350208206158323e-06
CAN,4797,4.879795458344567e-05
CAN,4798,1.5831397479362143e-05
CAN,4803,3.4642822719545395e-05
CAN,4804,4.027693770484781e-05
CAN,4910,7.049628171692436e-05
CAN,4912,3.0079655210788072e-05
CAN,4933,2.3979910887857365e-05
CAN,5029,1.0895726500502181e-05
CAN,5031,3.650534007005859e-05
CAN,5032,1.5365768141733845e-06
CAN,5034,2.7472130920069603e-06
CAN,5039,2.533023596697943e-05
CAN,5058,6.518810726796176e-07
CAN,5151,3.920599022830272e-05
CAN,5152,0.00016292370523614158
CAN,5168,1.7367974293535527e-05
CAN,5269,9.964467825245585e-06
CAN,5272,6.658499528084667e-06
CAN,5280,6.146307256693538e-05
CAN,5397,3.2454364832692395e-05
CAN,5473,1.3968880128848952e-07
CAN,5476,1.946330631286287e-05
CAN,5659,2.560961356955641e-06
CHE,3438,0.7309139752941036
CHE,3439,0.2690860247058964
CHL,8,0.00010767923726646568
CHL,12,0.0014614116367544893
CHL,13,0.00010015850171375443
CHL,17,8.847924179660285e-08
CHL,22,2.6543772538980857e-07
CHL,27,8.847924179660285e-08
CHL,34,0.0002445566243258103
CHL,41,0.004036865406970005
CHL,47,0.00020040548266930547
CHL,55,0.0060016354503053685
CHL,65,0.024262069851530062
CHL,75,0.029775742283327165
CHL,85,0.013734101828635882
CHL,96,0.10991740816695254
CHL,110,0.06037239497204321
CHL,123,0.05190670111694425
CHL,124,0.0039121096760367955
CHL,140,0.03261433331864578
CHL,141,0.03637753243073889
CHL,166,0.08092674219608663
CHL,167,0.479575097906705
CHL,193,0.005618785771051468
CHL,225,0.010157947833700788
CHL,226,0.004828046787115228
CHL,258,0.0018685046282606592
CHL,290,0.01534088485966219
CHL,324,0.004600124260247179
CHL,359,0.0011735886631901403
CHL,397,0.0031396858951524523
CHL,398,0.003222502465474073
CHL,436,0.0009366412536588379
CHL,437,0.01113325451602474
CHL,476,0.000492386980598095
CHL,477,0.0005160109381577879
CHL,519,0.00035011235978915753
CHL,560,0.000664567585134284
CHL,561,0.00042956671892250685
CHN,1905,0.004327960950304318
CHN,1966,0.0013320839747795578
CHN,2023,0.0003286857186356783
CHN,2024,0.0002143070377956947
CHN,2027,0.007054968151480822
CHN,2084,0.0009239677272020217
CHN,2085,0.0002754216077676559
CHN,2087,0.004240957476788369
CHN,2088,0.006828454032250451
CHN,2089,0.014444604594442677
CHN,2090,0.008092031944291932
CHN,2092,0.0031723842217342233
CHN,2144,0.0008469129716871547
CHN,2145,0.003239109566239115
CHN,2146,0.007110943365832734
CHN,2147,0.0036862575208639024
CHN,2148,0.00775991465175834
CHN,2149,0.0087997153426731
CHN,2150,0.017506291650205622
CHN,2151,0.0072910547430516184
CHN,2152,0.012949038766963523
CHN,2153,0.0034611380900399415
CHN,2154,0.0031722926063605878
CHN,2210,0.0006406138291229081
CHN,2211,0.0024630757623080863
CHN,2212,0.005232949174179822
CHN,2213,0.003877675836234755
CHN,2214,0.0026136265052803926
CHN,2215,0.002986724332857694
CHN,2216,0.005883226201547144
CHN,2217,0.0035911856681805124
CHN,2218,0.006237252910424292
CHN,2219,0.0031089072203799753
CHN,2278,0.0012741652692490708
CHN,2279,0.0032436200668187745
CHN,2280,0.004980072064083641
CHN,2281,0.00654329984760592
CHN,2282,0.0028778914952664143
CHN,2283,0.009230223988612483
CHN,2284,0.0029537872718313116
CHN,2285,0.0038283965493850474
CHN,2286,0.003424316715065349
CHN,2336,0.00014080393458108006
CHN,2337,0.00010157387580255979
CHN,2338,9.985097309642684e-05
CHN,2339,0.0004970151809111261
CHN,2340,0.0001748225906981481
CHN,2341,6.170339887823895e-05
CHN,2342,0.0005924365951657655
CHN,2343,0.0046855081800440766
CHN,2344,0.011149397956510019
CHN,2345,0.011851485701342254
CHN,2346,0.007090168023289034
CHN,2347,0.024050377788979442
CHN,2348,0.010051107520551432
CHN,2349,0.011734195786347818
CHN,2350,0.009752185235241835
CHN,2351,0.0035669200467421994
CHN,2403,1.0686977808047182e-05
CHN,2404,1.814962814591783e-05
CHN,2405,0.0001566382732359994
CHN,2406,0.0002103640188507864
CHN,2407,0.0003632006988157418
CHN,2408,4.502139564978078e-05
CHN,2409,7.719529171908438e-05
CHN,2410,7.649172122835068e-05
CHN,2411,0.003942788572269735
CHN,2412,0.012343737772293988
CHN,2413,0.013134676419098879
CHN,2414,0.0027093120920201746
CHN,2415,0.010733932021239774
CHN,2416,0.004910224681117971
CHN,2417,0.005138585339335401
CHN,2418,0.006314169798143883
CHN,2470,6.231713293463118e-05
CHN,2471,2.2753523038506444e-05
CHN,2472,2.068906398794652e-06
CHN,2473,2.407616440351403e-05
CHN,2474,2.861601748152259e-05
CHN,2475,7.642767941377062e-05
CHN,2476,3.916690643358715e-05
CHN,2477,0.000123957379467937
CHN,2478,7.104460911045797e-05
CHN,2479,0.005016720881946726
CHN,2480,0.013976056889582034
CHN,2481,0.01401227431466635
CHN,2482,0.002919046366360924
CHN,2483,0.012730296833508159
CHN,2484,0.012744828099130303
CHN,2485,0.007885870669522963
CHN,2486,0.010044599271144733
CHN,2541,9.26560531222867e-06
CHN,2542,1.6810976327265228e-06
CHN,2543,1.5983769555606146e-06
CHN,2544,5.08420850193905e-06
CHN,2545,9.584035445835071e-06
CHN,2546,9.608051126302592e-05
CHN,2547,7.997666330508217e-05
CHN,2548,0.00019249546311330326
CHN,2549,0.0001081434986148974
CHN,2550,0.0008633450339448212
CHN,2551,0.008181379170327583
CHN,2552,0.010029976390148954
CHN,2553,0.002010127576115569
CHN,2554,0.006669778873522947
CHN,2555,0.005194299939080758
CHN,2556,0.014094985207666142
CHN,2557,0.013403558646022192
CHN,2607,7.316777315771628e-06
CHN,2608,3.775798651282587e-06
CHN,2609,1.265715307603091e-06
CHN,2610,2.648840608602955e-06
CHN,2611,1.556571882154188e-07
CHN,2612,4.3441697556806015e-06
CHN,2613,3.889739713056274e-05
CHN,2614,4.328692983823755e-05
CHN,2615,0.00019193331829643387
CHN,2616,0.00010985394874597312
CHN,2617,0.00035074723428886136
CHN,2618,0.0033806206291895164
CHN,2619,0.0065925666818805705
CHN,2620,0.005104973170846987
CHN,2621,0.01954803008810398
CHN,2622,0.024857924613032094
CHN,2623,0.027196294062429516
CHN,2624,0.022976276480069533
CHN,2673,4.500716413542966e-07
CHN,2678,4.0292975006619834e-07
CHN,2679,4.266785896396365e-06
CHN,2680,9.54667772066337e-06
CHN,2681,4.881320475470838e-05
CHN,2682,0.0005019944319947255
CHN,2683,0.003186356900418086
CHN,2684,0.010268144340693602
CHN,2685,0.007133574142059962
CHN,2686,0.014616842386346801
CHN,2687,0.012333796170050081
CHN,2688,0.01847661853540643
CHN,2689,0.003747469043027381
CHN,2744,3.7296351766061283e-05
CHN,2745,2.1124904114949692e-05
CHN,2746,2.1676375296055748e-05
CHN,2750,1.1189528158571248e-06
CHN,2751,1.5209930962763778e-07
CHN,2752,5.241644629448359e-06
CHN,2753,0.0001139597406362724
CHN,2754,0.002383086646427947
CHN,2755,0.0026338441503554583
CHN,2756,0.0040244534489647195
CHN,2757,0.003772076220810121
CHN,2758,0.009520270256315213
CHN,2759,0.011551584109951371
CHN,2760,0.01633956186173248
CHN,2761,0.0024605132002552374
CHN,2820,9.08886769338065e-05
CHN,2821,0.0001105317246169454
CHN,2822,0.00012694599748167305
CHN,2823,5.826026187491389e-07
CHN,2826,8.156436662487944e-07
CHN,2827,4.440410371480078e-05
CHN,2828,2.7356528461448115e-05
CHN,2829,0.00011550741782195713
CHN,2830,0.004422915392994312
CHN,2831,0.0013938878837279015
CHN,2832,0.0013058997673127835
CHN,2833,0.0010462760299445222
CHN,2834,0.005421927674309104
CHN,2835,0.012562332943257606
CHN,2836,0.01584145263315561
CHN,2837,0.009264691826901258
CHN,2893,5.3268558216257146e-05
CHN,2894,0.0012888237290307287
CHN,2895,0.0006691489048665587
CHN,2896,8.451295850450295e-05
CHN,2897,1.9516742993272678e-05
CHN,2898,5.745084449619371e-06
CHN,2899,6.523370390696465e-06
CHN,2900,5.879394366308103e-07
CHN,2901,3.0526598283160987e-06
CHN,2902,6.145434737709428e-05
CHN,2903,0.0006611223307725247
CHN,2904,0.0023274263043310543
CHN,2905,0.0008499558473493544
CHN,2906,0.002311800991043167
CHN,2907,0.00288801099143971
CHN,2908,0.009389092162253374
CHN,2909,0.01990720148941906
CHN,2910,0.016331376962041292
CHN,2911,0.002330077813348598
CHN,2969,0.00046588641167698313
CHN,2970,0.0009806064859105544
CHN,2971,0.00012114487644429613
CHN,2972,8.229728961396233e-05
CHN,2973,8.894696469452501e-10
CHN,2974,5.827805126785279e-06
CHN,2976,4.790683518447118e-06
CHN,2977,1.3932652549750399e-05
CHN,2978,0.0004686748990201565
CHN,2979,0.00039515756429119074
CHN,2980,4.2500638670337946e-05
CHN,2981,2.998846914675911e-05
CHN,2982,0.0007728806340326077
CHN,2983,0.0005891535626988907
CHN,2984,0.0025762758958658674
CHN,2985,0.0035309418889929107
CHN,2986,0.019050575509187262
CHN,2988,0.002678001870978055
CHN,3047,8.849333517458294e-06
CHN,3048,6.552900782975047e-05
CHN,3049,0.0002702644627546673
CHN,3050,0.0001728924415642769
CHN,3051,4.876072604553861e-06
CHN,3052,1.0286716466921818e-05
CHN,3054,9.190000392238325e-06
CHN,3055,0.00012170168444328386
CHN,3056,0.00016558100106638693
CHN,3057,4.789527207906089e-05
CHN,3059,1.575072850810649e-05
CHN,3060,0.0009097620074706591
CHN,3061,0.0017921310182243454
CHN,3062,0.0038934906065574417
CHN,3063,0.002686337091039579
CHN,3064,0.006077524619634805
CHN,3065,0.00286494704349442
CHN,3066,0.0036709515271792685
CHN,3067,0.0018103518039420188
CHN,3130,0.0004107802091701371
CHN,3131,0.0006042665414701374
CHN,3132,0.00016636907117358044
CHN,3133,0.00025781099822778686
CHN,3134,3.220146962835889e-05
CHN,3135,3.332309085315685e-05
CHN,3136,2.755576966236385e-05
CHN,3137,8.690118450655095e-07
CHN,3138,5.470238328713289e-07
CHN,3139,5.608995593636747e-06
CHN,3140,1.501869498867055e-05
CHN,3141,0.00043863039328563986
CHN,3142,0.00025746321559583127
CHN,3143,0.0012991282348905893
CHN,3144,0.0009695948516813722
CHN,3145,0.001654746204966123
CHN,3146,0.003038404298284507
CHN,3147,0.013645849288380432
CHN,3148,0.0016413374500384233
CHN,3149,0.0012025167102483372
CHN,3209,8.252321490428642e-05
CHN,3210,0.0013425468062365747
CHN,3211,0.00014947003735126763
CHN,3212,0.001722101293981052
CHN,3213,0.0003708190063418279
CHN,3214,0.0002540298627586226
CHN,3215,4.086401451995868e-05
CHN,3216,1.0673635763343001e-06
CHN,3217,1.51120893015998e-06
CHN,3218,1.2559311414866932e-06
CHN,3221,2.726936043604748e-05
CHN,3222,0.0001639292559320096
CHN,3223,0.00019356816350751924
CHN,3224,0.0018056723041294399
CHN,3225,0.0017236320712434446
CHN,3226,0.005821473881838323
CHN,3227,0.008530088629655293
CHN,3228,0.004579148957540951
CHN,3229,0.0014797403835207041
CHN,3294,0.00026803545181942255
CHN,3295,0.00040946735197124593
CHN,3296,0.00048528574467685904
CHN,3297,0.0009199686716693558
CHN,3298,0.00015283134314707372
CHN,3299,4.5062311253540265e-05
CHN,3307,2.89700264010068e-06
CHN,3308,3.5024646287763116e-05
CHN,3309,0.00016136847281845423
CHN,3310,0.0003601862861822443
CHN,3311,0.0010862737010283563
CHN,3312,0.002513624322343985
CHN,3313,0.00266822571008848
CHN,3314,0.0015493476096816985
CHN,3381,5.837589292901677e-05
CHN,3382,0.00016971258757644762
CHN,3383,4.247662298987042e-05
CHN,3384,3.4958825533889166e-05
CHN,3395,4.120379192509177e-05
CHN,3396,0.00018024123978733854
CHN,3397,0.0016320834078316047
CHN,3398,0.002191822209306016
CHN,3399,0.005918715150990612
CHN,3400,0.0015409474583359475
CHN,3401,0.0010952359971909767
CHN,3468,0.00012338011366706955
CHN,3469,7.551953090423952e-05
CHN,3470,0.00022851186805741033
CHN,3471,8.616025629064555e-05
CHN,3482,3.858519328448496e-06
CHN,3483,0.0001608134437587604
CHN,3484,0.0030832157790976087
CHN,3485,0.003762043892662226
CHN,3486,0.004993506613631102
CHN,3487,0.0027890201354918796
CHN,3488,0.002083104113299192
CHN,3489,7.293562157986357e-05
CHN,3559,7.865669034901542e-05
CHN,3571,4.578811848544759e-05
CHN,3572,7.923128774094205e-05
CHN,3573,0.0005069612305032678
CHN,3574,0.001235173588335932
CHN,3575,0.0007485287340385406
CHN,3576,0.0002637010662298583
CHN,3660,0.000227656198257049
CHN,3661,0.0004564384650871307
CHN,3662,0.00017250819067679655
CHN,3663,0.00043155644118348426
CHN,3664,0.00028007976030870816
CHN,3752,6.925766458974496e-05
CHN,3753,0.00019829836308997407
CHN,3754,0.00016855271915683102
CHN,3755,5.1599913158587854e-05
CHN,3847,2.1111562070245512e-05
CHN,3848,0.00018650399557148005
CHN,3849,0.0001513405920187935
CHN,3850,2.5369453270172427e-05
CHN,3943,2.0580548691019197e-05
CIV,1343,0.05520159311200117
CIV,1344,0.21707879623514376
CIV,1345,0.1195722999064338
CIV,1385,0.12474943705296761
CIV,1386,0.10730080394728819
CIV,1387,0.04762501238977359
CIV,1430,0.07835045875371992
CIV,1431,0.08328831573673255
CIV,1432,0.03033501947791623
CIV,1475,0.04410878612917586
CIV,1476,0.062214119811750374
CIV,1477,0.015269650862140905
CIV,1522,0.01490570658495604
CMR,1268,0.006982463857206519
CMR,1269,0.029751497286438937
CMR,1270,0.0035613452141676884
CMR,1308,0.01652289873835193
CMR,1309,0.13336710813517097
CMR,1310,0.003346256648890357
CMR,1349,0.3594100129965636
CMR,1350,0.05965439457596919
CMR,1351,0.01750187760212936
CMR,1392,0.06920237152368926
CMR,1393,0.03502759185911196
CMR,1394,0.011398017944904179
CMR,1438,0.02392175916002608
CMR,1439,0.004652617069167827
CMR,1483,0.10075167401288782
CMR,1484,0.00861983719937183
CMR,1531,0.08432952238606405
CMR,1621,0.03199875378988845
COD,779,0.01998590571726615
COD,780,0.0023167060777805793
COD,812,0.0008154672124681417
COD,813,0.018770120679474686
COD,845,0.0028557473699234413
COD,846,0.006906026579448485
COD,847,0.010308231022425536
COD,883,0.004001969158519518
COD,884,0.006425908503020372
COD,885,0.01468252074645316
COD,927,0.007338963093270533
COD,929,0.014657076019922442
COD,930,0.004426737565831177
COD,931,0.007987924529275246
COD,932,0.002664441717443271
COD,971,0.006184250772907078
COD,972,0.014001370522292375
COD,973,0.060643381329557086
COD,974,0.010863366708646436
COD,975,0.004043562016671105
COD,976,0.001164438815615958
COD,1014,0.024252182980202444
COD,1015,0.17867574465725228
COD,1016,0.050055473265464966
COD,1017,0.027954484731122053
COD,1018,0.030814987873586084
COD,1019,0.008090536367312011
COD,1020,0.019729577637959857
COD,1021,0.004158318539387792
COD,1060,0.012582672522769135
COD,1061,0.00331880377650255
COD,1062,0.005799678047633388
COD,1063,0.002649986318421595
COD,1064,0.015343949292394783
COD,1106,0.011927531269338798
COD,1107,0.0022451008019575944
COD,1108,0.0017373078909712545
COD,1109,0.003875229163751405
COD,1110,0.039784428622678836
COD,1152,0.0037228832298240784
COD,1153,0.002544392046757681
COD,1154,0.0029713905620968473
COD,1155,0.0012162955444483636
COD,1156,0.018955300252072066
COD,1194,0.009927661744092793
COD,1195,0.007526292167581172
COD,1196,0.013698102699322756
COD,1197,0.01974467788749551
COD,1198,0.012073804860926164
COD,1199,0.05674375532136018
COD,1232,0.0008953749386585949
COD,1233,0.006324855053725721
COD,1234,0.00767014756974112
COD,1235,0.0028361600355613563
COD,1236,0.004094048438161308
COD,1237,0.02733459530578919
COD,1271,0.0030824660631295756
COD,1272,0.013016925606390554
COD,1273,0.01663926589357688
COD,1274,0.003175458880999501
COD,1275,0.010623885349017818
COD,1276,0.029624352005839766
COD,1312,0.018360936159584167
COD,1313,0.006427708710705228
COD,1314,0.0014965636990860963
COD,1315,0.00592832572517202
COD,1316,0.021719505717782032
COD,1353,0.0032972281530556993
COD,1354,0.0007396704083042989
COD,1355,0.00142597943657691
COD,1356,0.000969264060051919
COD,1357,0.001152616556193026
COG,1014,0.30684848886162214
COG,1015,0.19002775519582213
COG,1058,0.05085686887245614
COG,1059,0.07526293241342556
COG,1104,0.037120480207170715
COG,1105,0.013165169343392963
COG,1151,0.04947748590101471
COG,1152,0.04281751537146408
COG,1193,0.04374455008101581
COG,1194,0.017476439197452807
COG,1230,0.0028026445220785045
COG,1231,0.012878761890097722
COG,1232,0.011917422109538485
COG,1271,0.00804174687803909
COG,1311,0.13756173915540915
COL,1043,0.0005373859973533523
COL,1137,6.88036100135755e-05
COL,1138,2.5092327266245743e-05
COL,1178,0.004753794277141967
COL,1179,0.001190683805335071
COL,1180,0.00011523883633386934
COL,1181,6.319549089276706e-05
COL,1217,0.04037060630305161
COL,1218,0.009325276613265194
COL,1219,0.00042157032590991415
COL,1220,0.00014270259682834266
COL,1256,0.024072995534847604
COL,1257,0.01584521181032713
COL,1258,0.001750470232776681
COL,1259,1.3683810654772584e-05
COL,1260,5.015260813751544e-05
COL,1293,0.08686194586094852
COL,1294,0.03050249580528713
COL,1295,0.005289193398006804
COL,1296,0.00010075386580469556
COL,1297,0.0001061056137656956
COL,1331,0.023005305793430603
COL,1332,0.29402291791527435
COL,1333,0.05899930388820833
COL,1334,0.0006323715120623592
COL,1335,7.466810029419231e-06
COL,1373,0.003350578780325744
COL,1374,0.10387422328351337
COL,1375,0.024876430703292107
COL,1376,0.00028521291528682904
COL,1419,0.00810389236154307
COL,1420,0.011673764622689911
COL,1421,0.07673717578582087
COL,1465,0.008191603344592513
COL,1466,0.06895647131761125
COL,1467,0.020886269972034393
COL,1512,0.054652434734472226
COL,1513,0.013149725436101763
COL,1562,0.006987492099762478
COM,818,1.0
CPV,1746,1.0
CRI,1463,0.37038921073450115
CRI,1509,0.5083088870061254
CRI,1510,0.12130190225937339
CUW,1563,1.0
CYM,1976,1.0
CYP,2726,1.0
CZE,3618,0.06074060535098129
CZE,3619,0.11723152545738114
CZE,3620,0.41389423661257296
CZE,3709,0.10196266355916242
CZE,3710,0.3061709690199022
DEU,3527,0.026533881095199642
DEU,3528,0.06202522491692412
DEU,3529,0.04612636878297396
DEU,3616,0.0926572896830179
DEU,3617,0.03484139707381856
DEU,3618,0.029424166321794773
DEU,3707,0.10763389476825667
DEU,3708,0.028466815703557923
DEU,3709,0.04210851974480273
DEU,3802,0.20424038556732518
DEU,3803,0.07228102992233043
DEU,3804,0.1303708437787965
DEU,3805,0.01917453989229743
DEU,3897,0.028367932197201896
DEU,3898,0.04906876438170353
DEU,3899,0.01698840198482676
DEU,3994,0.009690544185171972
DJI,1589,0.7614116485686081
DJI,1632,0.2385883514313919
DMA,1802,1.0
DNK,4086,0.07921616165917283
DNK,4087,0.3271489819788771
DNK,4088,0.14001965384221304
DNK,4174,0.09143161673810091
DNK,4175,0.3621835857816361
DOM,1858,0.2258866065299862
DOM,1859,0.7456349315985271
DOM,1860,0.028478461871486612
DZA,1871,7.87041560524801e-05
DZA,1930,1.7535122851070694e-06
DZA,1989,1.7942916405746757e-06
DZA,2048,0.002375479014699
DZA,2110,7.22202385331307e-05
DZA,2111,9.256913691146623e-05
DZA,2112,0.0002474899083329024
DZA,2238,0.0004371546906127392
DZA,2239,0.0004189263187187192
DZA,2241,0.00023142284227866555
DZA,2299,0.0009748712718085954
DZA,2301,2.0389677733803134e-07
DZA,2302,0.003440309544669135
DZA,2303,0.0012729683602767973
DZA,2305,4.61622303893303e-05
DZA,2306,0.00020944276968162578
DZA,2367,0.0007704035834940176
DZA,2368,0.000667721166426585
DZA,2369,0.000476425209928044
DZA,2370,0.0016903042841322797
DZA,2371,1.6311742187042507e-07
DZA,2373,2.043045708927074e-05
DZA,2374,9.297693046614229e-06
DZA,2436,0.000904078310716831
DZA,2437,0.0007620030362676907
DZA,2439,0.0011948758945563311
DZA,2440,1.5333037655819957e-05
DZA,2441,5.1137311756378256e-05
DZA,2442,0.0005362077450435548
DZA,2508,0.006806523000453629
DZA,2509,1.223380664028188e-07
DZA,2510,5.5745378924217764e-05
DZA,2511,0.004913953113202023
DZA,2512,0.0017118357838191759
DZA,2580,0.0008965341299553238
DZA,2581,0.006219993530763049
DZA,2582,0.016419766699676194
DZA,2583,0.008430805508083854
DZA,2584,0.019859994685634395
DZA,2648,0.036355325530992064
DZA,2649,0.01810521824050783
DZA,2650,0.022076230317232392
DZA,2651,0.02032569492507446
DZA,2652,0.007279808200010668
DZA,2719,0.11670235947719561
DZA,2720,0.06315531404752557
DZA,2721,0.05318688216218015
DZA,2722,0.0511133334953633
DZA,2793,0.24970337096832862
DZA,2794,0.1406285044758605
DZA,2795,0.13905283095994767
ECU,995,0.02925023668780282
ECU,1039,0.06325700317440112
ECU,1040,0.008730498118431415
ECU,1086,0.26706399719952584
ECU,1087,0.05148884583867041
ECU,1134,0.14494045014439946
ECU,1135,0.08520174154487521
ECU,1177,0.08086955916399481
ECU,1178,0.26824146929423276
ECU,1179,0.0009561988336661549
EGY,2059,5.7382031609724794e-05
EGY,2060,1.846473380513084e-05
EGY,2120,9.959029273604661e-05
EGY,2121,0.017168558083415407
EGY,2122,3.4367375359788985e-05
EGY,2182,0.0006346479200438153
EGY,2183,0.0007203454884216953
EGY,2184,0.03410032141668152
EGY,2185,0.00039341368246051503
EGY,2249,4.19653041025701e-06
EGY,2251,0.12130316316571853
EGY,2313,0.0004159645116651066
EGY,2314,0.1037036434961719
EGY,2315,0.034851213229089455
EGY,2316,0.00045030980002273635
EGY,2380,0.00015924728556817387
EGY,2382,0.045796405062102356
EGY,2383,0.11676962927651573
EGY,2384,0.0007948670337069961
EGY,2448,8.790626859380473e-06
EGY,2449,0.0005713907458597307
EGY,2450,0.09895955421538498
EGY,2451,0.4219615744913855
EGY,2452,0.0005266866534894139
EGY,2519,0.0004962728515161303
ESP,2790,0.022192848242864223
ESP,2865,0.04356396006802489
ESP,2866,0.08820114947373293
ESP,2867,0.0959988944455533
ESP,2868,0.05072820433983698
ESP,2940,0.008931874100522588
ESP,2941,0.012958904035216582
ESP,2942,0.024765105398428935
ESP,2943,0.07972447005751941
ESP,3016,0.006026293279391953
ESP,3017,0.029863828781648425
ESP,3018,0.19287070970794817
ESP,3019,0.004386499434292733
ESP,3020,0.01601318035782074
ESP,3097,0.030280269053490804
ESP,3098,0.01659396076953333
ESP,3099,0.0359988487260621
ESP,3100,0.04328314238063963
ESP,3178,0.08582152139322148
ESP,3179,0.05563465583152825
ESP,3180,0.04890588971344309
ESP,3181,0.0072557904092794565
EST,4271,0.07478215313335217
EST,4272,0.3732190583776394
EST,4273,0.32028707898969805
EST,4369,0.0886203918583187
EST,4370,0.14309131764099164
ETH,1320,0.003602872708119146
ETH,1359,0.0007599126070479386
ETH,1360,0.03595101167065015
ETH,1361,0.007080615885192894
ETH,1362,0.007272910059123328
ETH,1363,0.003353750212462867
ETH,1402,0.005463174625626811
ETH,1403,0.08945835060878572
ETH,1404,0.011973191271392807
ETH,1405,0.0037626353484427476
ETH,1406,0.0032128374192324795
ETH,1407,0.002719824922448641
ETH,1447,0.01096293382365524
ETH,1448,0.11339879298360227
ETH,1449,0.03186990182939589
ETH,1450,0.004775680600642336
ETH,1451,0.0029076371645901313
ETH,1452,0.0010583149077328935
ETH,1492,0.04087084320662877
ETH,1493,0.16125493060747245
ETH,1494,0.06584543236895743
ETH,1495,0.06292482119129404
ETH,1496,0.0041005601385392994
ETH,1539,0.005382649965973775
ETH,1540,0.06845284443763744
ETH,1541,0.03193665902393648
ETH,1542,0.0038280844193511543
ETH,1586,0.0006477356444260917
ETH,1587,0.06713886641608736
ETH,1588,0.035001807140630885
ETH,1589,0.002158725662842328
ETH,1630,0.04228762687887835
ETH,1631,0.0235551249088656
ETH,1632,0.0007292038686662744
ETH,1673,0.024754931615370995
ETH,1674,0.019544803856297
FIN,4472,0.0962361502746775
FIN,4473,0.28671729822810693
FIN,4474,0.03584392072123314
FIN,4583,0.16423475202426793
FIN,4584,0.09000983091919305
FIN,4585,0.10205683312363809
FIN,4586,0.041339586525842874
FIN,4703,0.031164817920627284
FIN,4704,0.015467721956382543
FIN,4705,0.026948695128510808
FIN,4706,0.004570128986907484
FIN,4827,0.030719400682112593
FIN,4828,0.01824539040768056
FIN,4829,0.0015812840966367085
FIN,4953,0.03446280988238023
FIN,4954,0.009791138461069687
FIN,4955,0.005642304353916477
FIN,5074,0.0010296438397208916
FIN,5075,0.000558411445339793
FIN,5076,0.0012956245850002095
FIN,5077,0.0008282009841075976
FIN,5193,0.00035273659696151384
FIN,5194,3.4913940311127643e-05
FIN,5195,0.0008095802159416628
FIN,5314,5.8824699433293846e-05
FJI,638,1.0
FRA,3180,0.012977371924476797
FRA,3181,0.016938798086188523
FRA,3182,0.05339045726258193
FRA,3183,0.05289699567576884
FRA,3184,0.011100753997533108
FRA,3185,0.0020620008695850334
FRA,3262,0.02753875214698613
FRA,3263,0.015005152313960945
FRA,3264,0.018067281614101947
FRA,3265,0.0026934385266615644
FRA,3348,0.017400868890814256
FRA,3349,0.02550021890543059
FRA,3350,0.06892985654261623
FRA,3351,0.0083696238946634
FRA,3434,0.028665217157054574
FRA,3435,0.04611754882058946
FRA,3436,0.044112481473024524
FRA,3437,0.03647233483581489
FRA,3438,0.05549978954593385
FRA,3522,0.009169881329260781
FRA,3523,0.02942285934107428
FRA,3524,0.01672183571483225
FRA,3525,0.20468463280858912
FRA,3526,0.013638804379436683
FRA,3527,0.04756012881690406
FRA,3612,0.0060007894479885675
FRA,3613,0.015133413088054616
FRA,3614,0.06302801219833723
FRA,3615,0.021152916271577955
FRA,3705,0.029747784120157876
GAB,1058,0.008310926153601217
GAB,1103,0.024550234833140217
GAB,1104,0.040088582067769926
GAB,1149,0.02307202434127314
GAB,1150,0.1581043968193598
GAB,1191,0.5693553808188645
GAB,1192,0.0653596794593973
GAB,1230,0.11115877550659391
GBR,3702,0.012243812259366308
GBR,3798,0.2627207569561385
GBR,3799,0.25220948440028956
GBR,3800,0.019390372383924208
GBR,3893,0.2287246798100628
GBR,3894,0.026618886524064356
GBR,3989,0.020167638998074354
GBR,3990,0.01497871429119615
GBR,3991,0.062242930834231956
GBR,4084,0.04258706317621733
GBR,4085,0.028083512209612093
GBR,4172,0.0040077714458743195
GBR,4173,0.025030904900677987
GBR,4263,6.454341774916532e-05
GBR,4264,0.000928928392520904
GEO,3115,0.13286877690963086
GEO,3116,0.5047498664662595
GEO,3193,0.032191320651152815
GEO,3194,0.2596372013688807
GEO,3195,0.07055283460407615
GHA,1345,0.10448826377713061
GHA,1346,0.20224561611361208
GHA,1387,0.20439738202360358
GHA,1388,0.13084869036634408
GHA,1432,0.09209429658512254
GHA,1433,0.054517453536384056
GHA,1477,0.04144605064752512
GHA,1478,0.07474137951935879
GHA,1524,0.04857105168779323
GHA,1525,0.046649815743125926
GIN,1473,0.2162317943729692
GIN,1474,0.22671692648663597
GIN,1475,0.04575871309139075
GIN,1519,0.03754877055989237
GIN,1520,0.15436574118802476
GIN,1521,0.05581025952350045
GIN,1522,0.02150891888408919
GIN,1566,0.01805150759886701
GIN,1567,0.16559966590884428
GIN,1568,0.03755299837260528
GIN,1610,0.020854704013180753
GMB,1651,0.4731160392001462
GMB,1652,0.5268839607998538
GNB,1609,1.0
GNQ,1229,1.0
GRC,2873,0.23659732982328632
GRC,2948,0.0875329806714622
GRC,2949,0.1650927483360223
GRC,3026,0.34531389392287604
GRC,3027,0.012053357764775558
GRC,3108,0.07439772667639663
GRC,3109,0.07901196280518095
GRD,1565,1.0
GTM,1646,0.19522680028421022
GTM,1647,0.45840987348093926
GTM,1693,0.12931656463232588
GTM,1694,0.10618364474616439
GTM,1695,0.07646520751226861
GTM,1743,0.026135332259587068
GTM,1795,0.00826257708450459
GUY,1225,0.004467134652201659
GUY,1263,0.0014927124823038386
GUY,1264,0.02687982747617895
GUY,1300,0.013018139940878316
GUY,1301,0.004518481027514322
GUY,1338,0.011204512612870336
GUY,1339,0.16733967094308622
GUY,1380,0.0036620968392638395
GUY,1381,0.7334407939616663
GUY,1426,0.03397663006403626
HKG,1905,0.004327960950304318
HKG,1966,0.0013320839747795578
HKG,2023,0.0003286857186356783
HKG,2024,0.0002143070377956947
HKG,2027,0.007054968151480822
HKG,2084,0.0009239677272020217
HKG,2085,0.0002754216077676559
HKG,2087,0.004240957476788369
HKG,2088,0.006828454032250451
HKG,2089,0.014444604594442677
HKG,2090,0.008092031944291932
HKG,2092,0.0031723842217342233
HKG,2144,0.0008469129716871547
HKG,2145,0.003239109566239115
HKG,2146,0.007110943365832734
HKG,2147,0.0036862575208639024
HKG,2148,0.00775991465175834
HKG,2149,0.0087997153426731
HKG,2150,0.017506291650205622
HKG,2151,0.0072910547430516184
HKG,2152,0.012949038766963523
HKG,2153,0.0034611380900399415
HKG,2154,0.0031722926063605878
HKG,2210,0.0006406138291229081
HKG,2211,0.0024630757623080863
HKG,2212,0.005232949174179822
HKG,2213,0.003877675836234755
HKG,2214,0.0026136265052803926
HKG,2215,0.002986724332857694
HKG,2216,0.005883226201547144
HKG,2217,0.0035911856681805124
HKG,2218,0.006237252910424292
HKG,2219,0.0031089072203799753
HKG,2278,0.0012741652692490708
HKG,2279,0.0032436200668187745
HKG,2280,0.004980072064083641
HKG,2281,0.00654329984760592
HKG,2282,0.0028778914952664143
HKG,2283,0.009230223988612483
HKG,2284,0.0029537872718313116
HKG,2285,0.0038283965493850474
HKG,2286,0.003424316715065349
HKG,2336,0.00014080393458108006
HKG,2337,0.00010157387580255979
HKG,2338,9.985097309642684e-05
HKG,2339,0.0004970151809111261
HKG,2340,0.0001748225906981481
HKG,2341,6.170339887823895e-05
HKG,2342,0.0005924365951657655
HKG,2343,0.0046855081800440766
HKG,2344,0.011149397956510019
HKG,2345,0.011851485701342254
HKG,2346,0.007090168023289034
HKG,2347,0.024050377788979442
HKG,2348,0.010051107520551432
HKG,2349,0.011734195786347818
HKG,2350,0.009752185235241835
HKG,2351,0.0035669200467421994
HKG,2403,1.0686977808047182e-05
HKG,2404,1.814962814591783e-05
HKG,2405,0.0001566382732359994
HKG,2406,0.0002103640188507864
HKG,2407,0.0003632006988157418
HKG,2408,4.502139564978078e-05
HKG,2409,7.719529171908438e-05
HKG,2410,7.649172122835068e-05
HKG,2411,0.003942788572269735
HKG,2412,0.012343737772293988
HKG,2413,0.013134676419098879
HKG,2414,0.0027093120920201746
HKG,2415,0.010733932021239774
HKG,2416,0.004910224681117971
HKG,2417,0.005138585339335401
HKG,2418,0.006314169798143883
HKG,2470,6.231713293463118e-05
HKG,2471,2.2753523038506444e-05
HKG,2472,2.068906398794652e-06
HKG,2473,2.407616440351403e-05
HKG,2474,2.861601748152259e-05
HKG,2475,7.642767941377062e-05
HKG,2476,3.916690643358715e-05
HKG,2477,0.000123957379467937
HKG,2478,7.104460911045797e-05
HKG,2479,0.005016720881946726
HKG,2480,0.013976056889582034
HKG,2481,0.01401227431466635
HKG,2482,0.002919046366360924
HKG,2483,0.012730296833508159
HKG,2484,0.012744828099130303
HKG,2485,0.007885870669522963
HKG,2486,0.010044599271144733
HKG,2541,9.26560531222867e-06
HKG,2542,1.6810976327265228e-06
HKG,2543,1.5983769555606146e-06
HKG,2544,5.08420850193905e-06
HKG,2545,9.584035445835071e-06
HKG,2546,9.608051126302592e-05
HKG,2547,7.997666330508217e-05
HKG,2548,0.00019249546311330326
HKG,2549,0.0001081434986148974
HKG,2550,0.0008633450339448212
HKG,2551,0.008181379170327583
HKG,2552,0.010029976390148954
HKG,2553,0.002010127576115569
HKG,2554,0.006669778873522947
HKG,2555,0.005194299939080758
HKG,2556,0.014094985207666142
HKG,2557,0.013403558646022192
HKG,2607,7.316777315771628e-06
HKG,2608,3.775798651282587e-06
HKG,2609,1.265715307603091e-06
HKG,2610,2.648840608602955e-06
HKG,2611,1.556571882154188e-07
HKG,2612,4.3441697556806015e-06
HKG,2613,3.889739713056274e-05
HKG,2614,4.328692983823755e-05
HKG,2615,0.00019193331829643387
HKG,2616,0.00010985394874597312
HKG,2617,0.00035074723428886136
HKG,2618,0.0033806206291895164
HKG,2619,0.0065925666818805705
HKG,2620,0.005104973170846987
HKG,2621,0.01954803008810398
HKG,2622,0.024857924613032094
HKG,2623,0.027196294062429516
HKG,2624,0.022976276480069533
HKG,2673,4.500716413542966e-07
HKG,2678,4.0292975006619834e-07
HKG,2679,4.266785896396365e-06
HKG,2680,9.54667772066337e-06
HKG,2681,4.881320475470838e-05
HKG,2682,0.0005019944319947255
HKG,2683,0.003186356900418086
HKG,2684,0.010268144340693602
HKG,2685,0.007133574142059962
HKG,2686,0.014616842386346801
HKG,2687,0.012333796170050081
HKG,2688,0.01847661853540643
HKG,2689,0.003747469043027381
HKG,2744,3.7296351766061283e-05
HKG,2745,2.1124904114949692e-05
HKG,2746,2.1676375296055748e-05
HKG,2750,1.1189528158571248e-06
HKG,2751,1.5209930962763778e-07
HKG,2752,5.241644629448359e-06
HKG,2753,0.0001139597406362724
HKG,2754,0.002383086646427947
HKG,2755,0.0026338441503554583
HKG,2756,0.0040244534489647195
HKG,2757,0.003772076220810121
HKG,2758,0.009520270256315213
HKG,2759,0.011551584109951371
HKG,2760,0.01633956186173248
HKG,2761,0.0024605132002552374
HKG,2820,9.08886769338065e-05
HKG,2821,0.0001105317246169454
HKG,2822,0.00012694599748167305
HKG,2823,5.826026187491389e-07
HKG,2826,8.156436662487944e-07
HKG,2827,4.440410371480078e-05
HKG,2828,2.7356528461448115e-05
HKG,2829,0.00011550741782195713
HKG,2830,0.004422915392994312
HKG,2831,0.0013938878837279015
HKG,2832,0.0013058997673127835
HKG,2833,0.0010462760299445222
HKG,2834,0.005421927674309104
HKG,2835,0.012562332943257606
HKG,2836,0.01584145263315561
HKG,2837,0.009264691826901258
HKG,2893,5.3268558216257146e-05
HKG,2894,0.0012888237290307287
HKG,2895,0.0006691489048665587
HKG,2896,8.451295850450295e-05
HKG,2897,1.9516742993272678e-05
HKG,2898,5.745084449619371e-06
HKG,2899,6.523370390696465e-06
HKG,2900,5.879394366308103e-07
HKG,2901,3.0526598283160987e-06
HKG,2902,6.145434737709428e-05
HKG,2903,0.0006611223307725247
HKG,2904,0.0023274263043310543
HKG,2905,0.0008499558473493544
HKG,2906,0.002311800991043167
HKG,2907,0.00288801099143971
HKG,2908,0.009389092162253374
HKG,2909,0.01990720148941906
HKG,2910,0.016331376962041292
HKG,2911,0.002330077813348598
HKG,2969,0.00046588641167698313
HKG,2970,0.0009806064859105544
HKG,2971,0.00012114487644429613
HKG,2972,8.229728961396233e-05
HKG,2973,8.894696469452501e-10
HKG,2974,5.827805126785279e-06
HKG,2976,4.790683518447118e-06
HKG,2977,1.3932652549750399e-05
HKG,2978,0.0004686748990201565
HKG,2979,0.00039515756429119074
HKG,2980,4.2500638670337946e-05
HKG,2981,2.998846914675911e-05
HKG,2982,0.0007728806340326077
HKG,2983,0.0005891535626988907
HKG,2984,0.0025762758958658674
HKG,2985,0.0035309418889929107
HKG,2986,0.019050575509187262
HKG,2988,0.002678001870978055
HKG,3047,8.849333517458294e-06
HKG,3048,6.552900782975047e-05
HKG,3049,0.0002702644627546673
HKG,3050,0.0001728924415642769
HKG,3051,4.876072604553861e-06
HKG,3052,1.0286716466921818e-05
HKG,3054,9.190000392238325e-06
HKG,3055,0.00012170168444328386
HKG,3056,0.00016558100106638693
HKG,3057,4.789527207906089e-05
HKG,3059,1.575072850810649e-05
HKG,3060,0.0009097620074706591
HKG,3061,0.0017921310182243454
HKG,3062,0.0038934906065574417
HKG,3063,0.002686337091039579
HKG,3064,0.006077524619634805
HKG,3065,0.00286494704349442
HKG,3066,0.0036709515271792685
HKG,3067,0.0018103518039420188
HKG,3130,0.0004107802091701371
HKG,3131,0.0006042665414701374
HKG,3132,0.00016636907117358044
HKG,3133,0.00025781099822778686
HKG,3134,3.220146962835889e-05
HKG,3135,3.332309085315685e-05
HKG,3136,2.755576966236385e-05
HKG,3137,8.690118450655095e-07
HKG,3138,5.470238328713289e-07
HKG,3139,5.608995593636747e-06
HKG,3140,1.501869498867055e-05
HKG,3141,0.00043863039328563986
HKG,3142,0.00025746321559583127
HKG,3143,0.0012991282348905893
HKG,3144,0.0009695948516813722
HKG,3145,0.001654746204966123
HKG,3146,0.003038404298284507
HKG,3147,0.013645849288380432
HKG,3148,0.0016413374500384233
HKG,3149,0.0012025167102483372
HKG,3209,8.252321490428642e-05
HKG,3210,0.0013425468062365747
HKG,3211,0.00014947003735126763
HKG,3212,0.001722101293981052
HKG,3213,0.0003708190063418279
HKG,3214,0.0002540298627586226
HKG,3215,4.086401451995868e-05
HKG,3216,1.0673635763343001e-06
HKG,3217,1.51120893015998e-06
HKG,3218,1.2559311414866932e-06
HKG,3221,2.726936043604748e-05
HKG,3222,0.0001639292559320096
HKG,3223,0.00019356816350751924
HKG,3224,0.0018056723041294399
HKG,3225,0.0017236320712434446
HKG,3226,0.005821473881838323
HKG,3227,0.008530088629655293
HKG,3228,0.004579148957540951
HKG,3229,0.0014797403835207041
HKG,3294,0.00026803545181942255
HKG,3295,0.00040946735197124593
HKG,3296,0.00048528574467685904
HKG,3297,0.0009199686716693558
HKG,3298,0.00015283134314707372
HKG,3299,4.5062311253540265e-05
HKG,3307,2.89700264010068e-06
HKG,3308,3.5024646287763116e-05
HKG,3309,0.00016136847281845423
HKG,3310,0.0003601862861822443
HKG,3311,0.0010862737010283563
HKG,3312,0.002513624322343985
HKG,3313,0.00266822571008848
HKG,3314,0.0015493476096816985
HKG,3381,5.837589292901677e-05
HKG,3382,0.00016971258757644762
HKG,3383,4.247662298987042e-05
HKG,3384,3.4958825533889166e-05
HKG,3395,4.120379192509177e-05
HKG,3396,0.00018024123978733854
HKG,3397,0.0016320834078316047
HKG,3398,0.002191822209306016
HKG,3399,0.005918715150990612
HKG,3400,0.0015409474583359475
HKG,3401,0.0010952359971909767
HKG,3468,0.00012338011366706955
HKG,3469,7.551953090423952e-05
HKG,3470,0.00022851186805741033
HKG,3471,8.616025629064555e-05
HKG,3482,3.858519328448496e-06
HKG,3483,0.0001608134437587604
HKG,3484,0.0030832157790976087
HKG,3485,0.003762043892662226
HKG,3486,0.004993506613631102
HKG,3487,0.0027890201354918796
HKG,3488,0.002083104113299192
HKG,3489,7.293562157986357e-05
HKG,3559,7.865669034901542e-05
HKG,3571,4.578811848544759e-05
HKG,3572,7.923128774094205e-05
HKG,3573,0.0005069612305032678
HKG,3574,0.001235173588335932
HKG,3575,0.0007485287340385406
HKG,3576,0.0002637010662298583
HKG,3660,0.000227656198257049
HKG,3661,0.0004564384650871307
HKG,3662,0.00017250819067679655
HKG,3663,0.00043155644118348426
HKG,3664,0.00028007976030870816
HKG,3752,6.925766458974496e-05
HKG,3753,0.00019829836308997407
HKG,3754,0.00016855271915683102
HKG,3755,5.1599913158587854e-05
HKG,3847,2.1111562070245512e-05
HKG,3848,0.00018650399557148005
HKG,3849,0.0001513405920187935
HKG,3850,2.5369453270172427e-05
HKG,3943,2.0580548691019197e-05
HND,1648,0.6649540008536273
HND,1649,0.025821886813893698
HND,1695,0.27764283432212955
HND,1696,0.031581278010349496
HRV,3268,0.07371614317191044
HRV,3354,0.2182792233598378
HRV,3355,0.5076308027479403
HRV,3442,0.20037383072031148
HTI,1858,1.0
HUN,3442,0.34955835560390286
HUN,3443,0.4630262570392031
HUN,3444,0.09093268591374104
HUN,3533,0.09648270144315305
IDN,893,0.017275378000392062
IDN,894,0.02316795045624171
IDN,895,0.006375368222131949
IDN,896,0.0027011807096693295
IDN,897,0.005291039137172352
IDN,900,0.0003407582013408659
IDN,937,0.055494240131478335
IDN,938,0.14598505607905682
IDN,939,0.14445740284032818
IDN,943,2.8004477991330946e-05
IDN,944,0.00014971100705429572
IDN,982,0.26926964644113466
IDN,985,0.000432767792282934
IDN,987,0.0002502689559389161
IDN,1026,0.0034464153676527194
IDN,1027,0.049002228417789666
IDN,1028,0.015389819644348867
IDN,1029,0.0011900074428802775
IDN,1030,0.00010547755756632409
IDN,1031,0.0007078642777496319
IDN,1032,0.0006766685084122978
IDN,1070,0.014020920600061739
IDN,1071,0.013425920464342213
IDN,1073,0.0017171442302689537
IDN,1074,0.008086108355385216
IDN,1075,0.0006371180100455397
IDN,1077,0.000447849333183259
IDN,1078,0.00028699390646224666
IDN,1079,4.964071617310956e-05
IDN,1080,0.00035479271182205273
IDN,1081,0.0012293212836865454
IDN,1082,0.00035008107493593124
IDN,1117,0.007334570000563317
IDN,1118,0.013498323334969737
IDN,1119,0.00042331583274578315
IDN,1120,0.003962723278788666
IDN,1121,0.008513820281603133
IDN,1122,0.0004955322459014048
IDN,1123,0.005393748518425064
IDN,1124,0.0008576541706574243
IDN,1129,0.00010949356465342916
IDN,1130,0.0013518955571379739
IDN,1164,0.011376451647615315
IDN,1165,0.00037777000951327535
IDN,1166,0.0006662268899858245
IDN,1167,0.0015933579832501667
IDN,1168,0.001074145638417296
IDN,1169,0.003106073109903018
IDN,1170,0.002313148367760255
IDN,1171,0.0002458513481431005
IDN,1172,0.000228496460373825
IDN,1174,0.0003503822754674641
IDN,1205,0.025743250858053977
IDN,1206,0.013349551786716174
IDN,1207,0.012577065652070285
IDN,1208,0.005763457827999222
IDN,1209,0.0015582107497967702
IDN,1210,0.0063807181172872715
IDN,1212,0.005950639615464453
IDN,1213,0.0022274998451865123
IDN,1214,0.0004713860032901855
IDN,1215,1.635805743872622e-05
IDN,1245,0.007570761417373684
IDN,1246,0.0024988456668915034
IDN,1248,0.002084157077941769
IDN,1249,0.000214497807098773
IDN,1250,1.2270335939351408e-05
IDN,1251,0.0001673168952665153
IDN,1255,0.00019747997706716524
IDN,1285,0.006561295007382461
IDN,1286,0.012441704698911163
IDN,1290,4.3243790598649324e-06
IDN,1291,0.0008132414351387783
IDN,1292,0.00018604869975136971
IDN,1325,0.033574457506467655
IDN,1330,0.0008735030557690354
IDN,1365,0.005520639999495131
IDN,1366,0.0070281056311698375
IDN,1372,0.0005970870251165745
IND,1499,0.023783262967336138
IND,1547,0.020191664748460306
IND,1548,0.004941222620295728
IND,1593,0.015583035074463639
IND,1594,0.0064881609879359255
IND,1634,0.0038761335368742546
IND,1635,0.015792214096129343
IND,1636,0.005686999751831957
IND,1679,0.00782873877325479
IND,1680,0.01895880949855108
IND,1681,0.006118260065608064
IND,1727,0.005895308930058913
IND,1728,0.008224238992514588
IND,1729,0.001859262251450102
IND,1777,0.001413246363161065
IND,1778,0.009531094462609043
IND,1779,0.00692181703623926
IND,1780,0.009760426486192722
IND,1781,0.006245034860044787
IND,1832,0.0021482591821427787
IND,1833,0.006900447230859216
IND,1834,0.014801098355708192
IND,1835,0.006435552563554754
IND,1836,0.005202720525759763
IND,1893,0.012070204111023029
IND,1894,0.011386664766205356
IND,1895,0.017827466932648174
IND,1896,0.00684396360509081
IND,1897,0.01099654853575815
IND,1898,0.0034153669608331795
IND,1952,0.0030905268606890328
IND,1953,0.006143693212669677
IND,1954,0.008560207468899692
IND,1955,0.003182233037275644
IND,1956,0.005770492505049597
IND,1957,0.00732603035016922
IND,1958,0.0059091848876113105
IND,2011,0.0026934653213242896
IND,2012,0.0055001129116646315
IND,2013,0.005407926610820396
IND,2014,0.006653911365555792
IND,2015,0.0067238360271572204
IND,2016,0.009986875320850212
IND,2017,0.003514180931136981
IND,2018,0.0037877002683949575
IND,2072,0.0029528497027026005
IND,2073,0.01347244671034588
IND,2074,0.00659215736816553
IND,2075,0.005823281739583767
IND,2076,0.0030302205662129803
IND,2077,0.0057844576459882705
IND,2078,0.004403829190090057
IND,2079,0.04377283938418481
IND,2132,0.0001360779654845757
IND,2133,0.0009277515553170247
IND,2134,0.01799326251280629
IND,2135,0.01049392318760774
IND,2136,0.013495142049617838
IND,2137,0.009301570633660359
IND,2138,0.012281585840160734
IND,2139,0.017517317657435142
IND,2140,0.03811759380462807
IND,2142,0.01515082917245496
IND,2200,0.004160940070102173
IND,2201,0.0045435392406074976
IND,2202,0.005875846183116912
IND,2203,0.007143353454510221
IND,2204,0.029021242694620798
IND,2205,0.02411729628640807
IND,2206,0.027543654794177235
IND,2207,0.0025340164218744586
IND,2208,0.004383076338272608
IND,2209,0.0007919729039370746
IND,2266,0.00019636226953661493
IND,2267,0.0032283603950240044
IND,2268,0.006975367383782335
IND,2269,0.01026080758940355
IND,2270,0.016432041364769452
IND,2271,0.02871673640654762
IND,2272,0.02217669512160341
IND,2273,0.006681133067103821
IND,2274,0.009932869282853973
IND,2275,0.012539488311298592
IND,2276,0.00286014540520383
IND,2330,0.00020803674130723577
IND,2331,0.002914321258141061
IND,2332,0.009261928007615479
IND,2333,0.05692056816340884
IND,2334,0.024636926340771883
IND,2335,0.011031041737513247
IND,2337,0.0011517887734743882
IND,2340,0.004460712308561371
IND,2341,0.0001489533587443678
IND,2399,0.002249499429229382
IND,2400,0.005550062938120639
IND,2401,0.020103997479750807
IND,2402,0.0024127990962619877
IND,2468,0.009581690763192997
IND,2469,0.01228704557376715
IND,2470,0.0006262261913878768
IND,2539,0.006531341628866502
IND,2540,0.005199181289183843
IND,2606,0.007312673610961581
IND,2607,0.0013557352959151486
IND,2671,0.003208053460137937
IND,2672,0.00010773353062164406
IRL,3795,0.05903293115035591
IRL,3796,0.27036407587641054
IRL,3890,0.051442123300926464
IRL,3891,0.6191608696723071
IRN,2195,0.0018714729145674857
IRN,2196,0.0006338880707465518
IRN,2261,0.001944939635858994
IRN,2262,0.0020318964785431405
IRN,2263,0.001191061456637841
IRN,2323,0.012043854889846054
IRN,2324,0.006470201779736398
IRN,2325,0.015166052137196934
IRN,2326,0.004697847116878707
IRN,2327,0.007271544517400596
IRN,2391,0.03216877230668158
IRN,2392,0.004232447156001904
IRN,2393,0.013838631573896707
IRN,2394,0.007482200790583858
IRN,2457,0.008351344767641425
IRN,2458,0.01155296948759684
IRN,2459,0.011527594772255009
IRN,2460,0.003881906997516046
IRN,2461,0.008637663828389416
IRN,2462,0.0004214970897508295
IRN,2528,0.01473698876868963
IRN,2529,0.014600445118642941
IRN,2530,0.008460797448872256
IRN,2531,0.005347605918675421
IRN,2532,0.0012973584459970695
IRN,2533,0.0003717626476808433
IRN,2595,0.03682129556837517
IRN,2596,0.021738933855960197
IRN,2597,0.04263142257113225
IRN,2598,0.0021909359671365143
IRN,2599,0.0015879220045840576
IRN,2600,0.004495458387312273
IRN,2660,0.039887797622343034
IRN,2661,0.023513650674136983
IRN,2662,0.0036276615769601276
IRN,2663,0.0003334145324224272
IRN,2664,0.004514890805679507
IRN,2665,0.005149203326209959
IRN,2732,0.01996977179365097
IRN,2733,0.029928489438582118
IRN,2734,0.2660014615836037
IRN,2735,0.0005486843902132953
IRN,2736,0.005295767682024367
IRN,2737,0.009544510018860334
IRN,2807,0.007251687649249462
IRN,2808,0.017800538128508632
IRN,2809,0.02165804849061966
IRN,2810,0.03459232520973356
IRN,2811,0.012613429591162587
IRN,2812,0.01742624723646282
IRN,2813,0.03204929891968303
IRN,2882,0.027100768069565476
IRN,2883,0.06217849774303441
IRN,2885,0.011429067059374989
IRN,2886,0.02092882530754155
IRN,2957,0.016957248679592085
IRQ,2388,0.001262791356125794
IRQ,2389,0.005646600965805542
IRQ,2455,0.001785031245116824
IRQ,2456,0.00261064493243764
IRQ,2457,0.07256827684902477
IRQ,2526,0.003998090702499709
IRQ,2527,0.057744438267175
IRQ,2528,0.06280320051316807
IRQ,2592,0.003995207237408657
IRQ,2593,0.039512953911470305
IRQ,2594,0.4179320919572506
IRQ,2595,0.007461575886867912
IRQ,2658,0.02133974882135592
IRQ,2659,0.031485498000483315
IRQ,2730,0.03525346600821632
IRQ,2731,0.08084448707536679
IRQ,2806,0.11340540665230923
IRQ,2807,0.04035048961791759
ISL,4695,0.0012784059600167515
ISL,4817,0.8436322158301924
ISL,4818,0.005135665322136261
ISL,4820,0.0067006105490533185
ISL,4943,0.0022041482069254338
ISL,4944,0.008182900218210672
ISL,4945,0.021225947232691927
ISL,4946,0.08639709934095968
ISL,4947,0.02524300733981353
ISR,2523,0.377908124906888
ISR,2590,0.6220918750931119
ITA,2869,0.01813227350421874
ITA,2870,0.02246807044900657
ITA,2871,0.017249090665590605
ITA,2944,0.010316072617050668
ITA,2945,0.01348469644057584
ITA,2947,0.01949683940974485
ITA,3021,0.009498905808570891
ITA,3022,0.006176066596971214
ITA,3023,0.01795781643631198
ITA,3024,0.0433129232155418
ITA,3103,0.02301947419494058
ITA,3104,0.04964626329610175
ITA,3185,0.031510737531574226
ITA,3186,0.13573034140918108
ITA,3265,0.05640615915969749
ITA,3266,0.05561928205916813
ITA,3267,0.03866578302268665
ITA,3351,0.10575331158978882
ITA,3352,0.18597591861427304
ITA,3353,0.09532100707259826
ITA,3439,0.0049945738221101954
ITA,3440,0.0392643930842966
JAM,1856,1.0
JOR,2384,0.019926793900181653
JOR,2385,0.001778596204613694
JOR,2452,0.04609554051500327
JOR,2453,0.0016835333040222723
JOR,2523,0.8017743030413612
JOR,2524,0.11739578250374981
JOR,2591,0.011345450531068127
JPN,2559,0.015487647803464698
JPN,2625,0.056494331240620733
JPN,2626,0.04147222465967583
JPN,2692,0.034183686829713754
JPN,2693,0.15835035967303399
JPN,2694,0.021286459958657345
JPN,2764,0.006836625094652235
JPN,2765,0.024261472434024843
JPN,2766,0.11460938172377036
JPN,2767,0.27406971982689055
JPN,2842,0.03443420773991416
JPN,2843,0.08179094497321046
JPN,2917,0.05814623695273762
JPN,2991,0.010242561811296848
JPN,2992,0.011379526933066549
JPN,3070,0.011696308695651586
JPN,3071,0.007570162045831573
JPN,3233,0.03338265196285613
JPN,3234,0.003193858327956353
JPN,3318,0.0011116313129743832
KAZ,3125,0.013520747034350484
KAZ,3198,0.013504694721633365
KAZ,3199,2.252206613162213e-05
KAZ,3203,0.0005454124199245944
KAZ,3204,0.029437133894354543
KAZ,3205,0.06709030530644292
KAZ,3206,0.015619144415394302
KAZ,3207,0.007129607227373746
KAZ,3208,0.11495171000465577
KAZ,3209,0.01446484274959149
KAZ,3282,0.00014727844329432031
KAZ,3283,0.0006793241085229114
KAZ,3284,6.042505547508376e-06
KAZ,3287,0.001302312534011982
KAZ,3288,0.01227525846664891
KAZ,3289,0.004228166962607023
KAZ,3290,0.0002352304684858311
KAZ,3291,0.001150212293361569
KAZ,3292,0.0024359842313798666
KAZ,3293,0.014361204624140285
KAZ,3294,0.004722614815540006
KAZ,3369,0.0001641852517454296
KAZ,3370,0.0004950582070286913
KAZ,3371,2.2277924493338963e-05
KAZ,3372,4.437274275796555e-05
KAZ,3373,0.0045025211286277315
KAZ,3374,0.004054032939101554
KAZ,3375,0.001246892382121703
KAZ,3377,0.0001665045973091197
KAZ,3378,0.0005618919805087082
KAZ,3379,0.009276710865255056
KAZ,3380,0.008224155227206754
KAZ,3381,0.0034957420477575224
KAZ,3454,0.0012036182767360118
KAZ,3455,0.004089067264195188
KAZ,3456,0.0221221621281143
KAZ,3457,0.0023175755368125307
KAZ,3458,0.00019781576241893582
KAZ,3459,0.002266488899001778
KAZ,3460,0.005332907875838352
KAZ,3461,0.00037719883114749255
KAZ,3462,0.013418390652500266
KAZ,3463,8.563267962782072e-05
KAZ,3464,0.0006912870487987865
KAZ,3465,0.007127226846400486
KAZ,3466,0.002260080180996845
KAZ,3467,0.007525543929259472
KAZ,3468,0.015688785817714577
KAZ,3469,0.0047791946402121295
KAZ,3543,0.0007720979310705147
KAZ,3544,0.00048413286871551957
KAZ,3545,0.0023053074194888017
KAZ,3546,0.0015958928540474899
KAZ,3547,0.002340402779992007
KAZ,3548,0.00017614819202130478
KAZ,3549,0.0004948140653904081
KAZ,3550,2.5329694971878546e-05
KAZ,3551,0.0003752456980412272
KAZ,3552,0.00131372615560172
KAZ,3553,0.0035241235132079407
KAZ,3554,0.0006207301153349513
KAZ,3555,0.0012388357080583587
KAZ,3556,0.0016243963903170497
KAZ,3557,0.00540138960537678
KAZ,3558,0.00216022625093903
KAZ,3632,0.002736705694335157
KAZ,3633,0.0020700769510029705
KAZ,3634,0.0026341662062562272
KAZ,3635,0.002672618514285826
KAZ,3636,0.005216147137329427
KAZ,3637,0.0005050069787887303
KAZ,3638,0.0008437535019066242
KAZ,3639,6.787137544272034e-05
KAZ,3640,0.0003687149092171525
KAZ,3641,6.89089774054238e-05
KAZ,3642,0.05259140479831093
KAZ,3643,0.003542067923621753
KAZ,3644,0.0007410309075989817
KAZ,3645,0.001105168161098325
KAZ,3646,0.028976926906190772
KAZ,3647,0.00844894864065598
KAZ,3648,0.0005846581882786135
KAZ,3724,0.002383371708329844
KAZ,3725,0.006320765979741615
KAZ,3726,0.004035356103772892
KAZ,3727,0.02358219016045721
KAZ,3728,0.003195814045126652
KAZ,3729,0.0005626854408331284
KAZ,3730,0.0012127125527620598
KAZ,3731,0.007184722202216171
KAZ,3732,0.0015276552661473448
KAZ,3733,0.024632243346713108
KAZ,3734,0.0018693925243342074
KAZ,3735,0.0013991757290008284
KAZ,3736,0.02533677507938876
KAZ,3737,0.025090680307999325
KAZ,3820,0.023070042038748698
KAZ,3824,0.02190615781364327
KAZ,3825,0.007942171634989696
KAZ,3826,0.01796638316125824
KAZ,3827,0.01801142729352148
KAZ,3828,0.030027285269494528
KAZ,3829,0.014600097217200365
KAZ,3830,0.04121409927726751
KAZ,3831,0.002260080180996845
KAZ,3919,0.029660035210107072
KAZ,3920,0.006288112035621241
KAZ,3921,0.011107895223197948
KAZ,3922,0.017325450325355353
KAZ,3923,0.0037796177376712746
KAZ,3924,0.006373195396562925
KAZ,3925,0.004828938499012325
KAZ,4016,0.0032917617089719365
KAZ,4017,0.01143113875228486
KAZ,4018,0.023388524805889085
KEN,1068,0.006366415580560422
KEN,1069,0.028035173632482452
KEN,1114,0.01775335453000351
KEN,1115,0.006150683896963991
KEN,1159,0.00711728082710968
KEN,1160,0.1952190147211234
KEN,1161,0.0034299961342338565
KEN,1162,0.0018927025461444476
KEN,1201,0.4263799757309626
KEN,1202,0.2293127900295822
KEN,1203,0.008674020901598604
KEN,1239,0.0186133065735473
KEN,1240,0.005745459966899238
KEN,1241,0.0035729144897590497
KEN,1278,0.0042583809361565195
KEN,1279,0.004004866239030439
KEN,1280,0.0036883946521452026
KEN,1318,0.012475009822029575
KEN,1319,0.0036215307057578337
KEN,1320,0.002933577950596956
KEN,1321,0.006263322563620535
KEN,1359,0.004491827569692234
KGZ,2968,0.007564591170767266
KGZ,3046,0.4079970966405662
KGZ,3047,0.0037837137689552052
KGZ,3048,0.005577108194035066
KGZ,3126,0.020220191233275394
KGZ,3127,0.17982689246130082
KGZ,3128,0.02368109940832031
KGZ,3129,0.010445124602283924
KGZ,3206,0.11194236177808885
KGZ,3207,0.17679468092017692
KGZ,3208,0.052167139822230015
KHM,1552,0.09383377234373237
KHM,1597,0.005587856005125352
KHM,1598,0.3997404345569521
KHM,1639,0.034802742931878954
KHM,1640,0.16915008002329412
KHM,1641,0.0446964131989068
KHM,1684,0.15725165481013495
KHM,1685,0.033794282522144406
KHM,1686,0.06114276360783096
KNA,1802,1.0
KOR,2690,0.03060415910665205
KOR,2762,0.2570442363058548
KOR,2839,0.15249643119573184
KOR,2914,0.5598551733917613
KWT,2389,1.0
LAO,1685,0.11475295004862926
LAO,1735,0.04543749240167771
LAO,1786,0.09828596095982008
LAO,1787,0.047951824737098046
LAO,1842,0.03359147050331287
LAO,1903,0.4265733750987782
LAO,1904,0.026820415552246065
LAO,1962,0.06340491269527689
LAO,1963,0.11023171083824691
LAO,2024,0.03294988716491399
LBN,2590,1.0
LBR,1342,0.053966978423078855
LBR,1343,0.11818370408544294
LBR,1384,0.4009250059505222
LBR,1429,0.17265729577698535
LBR,1430,0.25426701576397065
LCA,1565,1.0
LKA,1409,0.35997083619061604
LKA,1410,0.05002764860343311
LKA,1455,0.33214712493575993
LKA,1456,0.09435968489964494
LKA,1500,0.16349470537054595
LSO,271,1.0
LTU,3999,0.1857424646426845
LTU,4000,0.2953615776041748
LTU,4091,0.2923541916805705
LTU,4092,0.14469341400154892
LTU,4093,0.0818483520710213
LUX,3616,1.0
LVA,4180,0.29332625249603017
LVA,4181,0.5536404932407644
LVA,4182,0.1530332542632055
MAC,1905,0.004327960950304318
MAC,1966,0.0013320839747795578
MAC,2023,0.0003286857186356783
MAC,2024,0.0002143070377956947
MAC,2027,0.007054968151480822
MAC,2084,0.0009239677272020217
MAC,2085,0.0002754216077676559
MAC,2087,0.004240957476788369
MAC,2088,0.006828454032250451
MAC,2089,0.014444604594442677
MAC,2090,0.008092031944291932
MAC,2092,0.0031723842217342233
MAC,2144,0.0008469129716871547
MAC,2145,0.003239109566239115
MAC,2146,0.007110943365832734
MAC,2147,0.0036862575208639024
MAC,2148,0.00775991465175834
MAC,2149,0.0087997153426731
MAC,2150,0.017506291650205622
MAC,2151,0.0072910547430516184
MAC,2152,0.012949038766963523
MAC,2153,0.0034611380900399415
MAC,2154,0.0031722926063605878
MAC,2210,0.0006406138291229081
MAC,2211,0.0024630757623080863
MAC,2212,0.005232949174179822
MAC,2213,0.003877675836234755
MAC,2214,0.0026136265052803926
MAC,2215,0.002986724332857694
MAC,2216,0.005883226201547144
MAC,2217,0.0035911856681805124
MAC,2218,0.006237252910424292
MAC,2219,0.0031089072203799753
MAC,2278,0.0012741652692490708
MAC,2279,0.0032436200668187745
MAC,2280,0.004980072064083641
MAC,2281,0.00654329984760592
MAC,2282,0.0028778914952664143
MAC,2283,0.009230223988612483
MAC,2284,0.0029537872718313116
MAC,2285,0.0038283965493850474
MAC,2286,0.003424316715065349
MAC,2336,0.00014080393458108006
MAC,2337,0.00010157387580255979
MAC,2338,9.985097309642684e-05
MAC,2339,0.0004970151809111261
MAC,2340,0.0001748225906981481
MAC,2341,6.170339887823895e-05
MAC,2342,0.0005924365951657655
MAC,2343,0.0046855081800440766
MAC,2344,0.011149397956510019
MAC,2345,0.011851485701342254
MAC,2346,0.007090168023289034
MAC,2347,0.024050377788979442
MAC,2348,0.010051107520551432
MAC,2349,0.011734195786347818
MAC,2350,0.009752185235241835
MAC,2351,0.0035669200467421994
MAC,2403,1.0686977808047182e-05
MAC,2404,1.814962814591783e-05
MAC,2405,0.0001566382732359994
MAC,2406,0.0002103640188507864
MAC,2407,0.0003632006988157418
MAC,2408,4.502139564978078e-05
MAC,2409,7.719529171908438e-05
MAC,2410,7.649172122835068e-05
MAC,2411,0.003942788572269735
MAC,2412,0.012343737772293988
MAC,2413,0.013134676419098879
MAC,2414,0.0027093120920201746
MAC,2415,0.010733932021239774
MAC,2416,0.004910224681117971
MAC,2417,0.005138585339335401
MAC,2418,0.006314169798143883
MAC,2470,6.231713293463118e-05
MAC,2471,2.2753523038506444e-05
MAC,2472,2.068906398794652e-06
MAC,2473,2.407616440351403e-05
MAC,2474,2.861601748152259e-05
MAC,2475,7.642767941377062e-05
MAC,2476,3.916690643358715e-05
MAC,2477,0.000123957379467937
MAC,2478,7.104460911045797e-05
MAC,2479,0.005016720881946726
MAC,2480,0.013976056889582034
MAC,2481,0.01401227431466635
MAC,2482,0.002919046366360924
MAC,2483,0.012730296833508159
MAC,2484,0.012744828099130303
MAC,2485,0.007885870669522963
MAC,2486,0.010044599271144733
MAC,2541,9.26560531222867e-06
MAC,2542,1.6810976327265228e-06
MAC,2543,1.5983769555606146e-06
MAC,2544,5.08420850193905e-06
MAC,2545,9.584035445835071e-06
MAC,2546,9.608051126302592e-05
MAC,2547,7.997666330508217e-05
MAC,2548,0.00019249546311330326
MAC,2549,0.0001081434986148974
MAC,2550,0.0008633450339448212
MAC,2551,0.008181379170327583
MAC,2552,0.010029976390148954
MAC,2553,0.002010127576115569
MAC,2554,0.006669778873522947
MAC,2555,0.005194299939080758
MAC,2556,0.014094985207666142
MAC,2557,0.013403558646022192
MAC,2607,7.316777315771628e-06
MAC,2608,3.775798651282587e-06
MAC,2609,1.265715307603091e-06
MAC,2610,2.648840608602955e-06
MAC,2611,1.556571882154188e-07
MAC,2612,4.3441697556806015e-06
MAC,2613,3.889739713056274e-05
MAC,2614,4.328692983823755e-05
MAC,2615,0.00019193331829643387
MAC,2616,0.00010985394874597312
MAC,2617,0.00035074723428886136
MAC,2618,0.0033806206291895164
MAC,2619,0.0065925666818805705
MAC,2620,0.005104973170846987
MAC,2621,0.01954803008810398
MAC,2622,0.024857924613032094
MAC,2623,0.027196294062429516
MAC,2624,0.022976276480069533
MAC,2673,4.500716413542966e-07
MAC,2678,4.0292975006619834e-07
MAC,2679,4.266785896396365e-06
MAC,2680,9.54667772066337e-06
MAC,2681,4.881320475470838e-05
MAC,2682,0.0005019944319947255
MAC,2683,0.003186356900418086
MAC,2684,0.010268144340693602
MAC,2685,0.007133574142059962
MAC,2686,0.014616842386346801
MAC,2687,0.012333796170050081
MAC,2688,0.01847661853540643
MAC,2689,0.003747469043027381
MAC,2744,3.7296351766061283e-05
MAC,2745,2.1124904114949692e-05
MAC,2746,2.1676375296055748e-05
MAC,2750,1.1189528158571248e-06
MAC,2751,1.5209930962763778e-07
MAC,2752,5.241644629448359e-06
MAC,2753,0.0001139597406362724
MAC,2754,0.002383086646427947
MAC,2755,0.0026338441503554583
MAC,2756,0.0040244534489647195
MAC,2757,0.003772076220810121
MAC,2758,0.009520270256315213
MAC,2759,0.011551584109951371
MAC,2760,0.01633956186173248
MAC,2761,0.0024605132002552374
MAC,2820,9.08886769338065e-05
MAC,2821,0.0001105317246169454
MAC,2822,0.00012694599748167305
MAC,2823,5.826026187491389e-07
MAC,2826,8.156436662487944e-07
MAC,2827,4.440410371480078e-05
MAC,2828,2.7356528461448115e-05
MAC,2829,0.00011550741782195713
MAC,2830,0.004422915392994312
MAC,2831,0.0013938878837279015
MAC,2832,0.0013058997673127835
MAC,2833,0.0010462760299445222
MAC,2834,0.005421927674309104
MAC,2835,0.012562332943257606
MAC,2836,0.01584145263315561
MAC,2837,0.009264691826901258
MAC,2893,5.3268558216257146e-05
MAC,2894,0.0012888237290307287
MAC,2895,0.0006691489048665587
MAC,2896,8.451295850450295e-05
MAC,2897,1.9516742993272678e-05
MAC,2898,5.745084449619371e-06
MAC,2899,6.523370390696465e-06
MAC,2900,5.879394366308103e-07
MAC,2901,3.0526598283160987e-06
MAC,2902,6.145434737709428e-05
MAC,2903,0.0006611223307725247
MAC,2904,0.0023274263043310543
MAC,2905,0.0008499558473493544
MAC,2906,0.002311800991043167
MAC,2907,0.00288801099143971
MAC,2908,0.009389092162253374
MAC,2909,0.01990720148941906
MAC,2910,0.016331376962041292
MAC,2911,0.002330077813348598
MAC,2969,0.00046588641167698313
MAC,2970,0.0009806064859105544
MAC,2971,0.00012114487644429613
MAC,2972,8.229728961396233e-05
MAC,2973,8.894696469452501e-10
MAC,2974,5.827805126785279e-06
MAC,2976,4.790683518447118e-06
MAC,2977,1.3932652549750399e-05
MAC,2978,0.0004686748990201565
MAC,2979,0.00039515756429119074
MAC,2980,4.2500638670337946e-05
MAC,2981,2.998846914675911e-05
MAC,2982,0.0007728806340326077
MAC,2983,0.0005891535626988907
MAC,2984,0.0025762758958658674
MAC,2985,0.0035309418889929107
MAC,2986,0.019050575509187262
MAC,2988,0.002678001870978055
MAC,3047,8.849333517458294e-06
MAC,3048,6.552900782975047e-05
MAC,3049,0.0002702644627546673
MAC,3050,0.0001728924415642769
MAC,3051,4.876072604553861e-06
MAC,3052,1.0286716466921818e-05
MAC,3054,9.190000392238325e-06
MAC,3055,0.00012170168444328386
MAC,3056,0.00016558100106638693
MAC,3057,4.789527207906089e-05
MAC,3059,1.575072850810649e-05
MAC,3060,0.0009097620074706591
MAC,3061,0.0017921310182243454
MAC,3062,0.0038934906065574417
MAC,3063,0.002686337091039579
MAC,3064,0.006077524619634805
MAC,3065,0.00286494704349442
MAC,3066,0.0036709515271792685
MAC,3067,0.0018103518039420188
MAC,3130,0.0004107802091701371
MAC,3131,0.0006042665414701374
MAC,3132,0.00016636907117358044
MAC,3133,0.00025781099822778686
MAC,3134,3.220146962835889e-05
MAC,3135,3.332309085315685e-05
MAC,3136,2.755576966236385e-05
MAC,3137,8.690118450655095e-07
MAC,3138,5.470238328713289e-07
MAC,3139,5.608995593636747e-06
MAC,3140,1.501869498867055e-05
MAC,3141,0.00043863039328563986
MAC,3142,0.00025746321559583127
MAC,3143,0.0012991282348905893
MAC,3144,0.0009695948516813722
MAC,3145,0.001654746204966123
MAC,3146,0.003038404298284507
MAC,3147,0.013645849288380432
MAC,3148,0.0016413374500384233
MAC,3149,0.0012025167102483372
MAC,3209,8.252321490428642e-05
MAC,3210,0.0013425468062365747
MAC,3211,0.00014947003735126763
MAC,3212,0.001722101293981052
MAC,3213,0.0003708190063418279
MAC,3214,0.0002540298627586226
MAC,3215,4.086401451995868e-05
MAC,3216,1.0673635763343001e-06
MAC,3217,1.51120893015998e-06
MAC,3218,1.2559311414866932e-06
MAC,3221,2.726936043604748e-05
MAC,3222,0.0001639292559320096
MAC,3223,0.00019356816350751924
MAC,3224,0.0018056723041294399
MAC,3225,0.0017236320712434446
MAC,3226,0.005821473881838323
MAC,3227,0.008530088629655293
MAC,3228,0.004579148957540951
MAC,3229,0.0014797403835207041
MAC,3294,0.00026803545181942255
MAC,3295,0.00040946735197124593
MAC,3296,0.00048528574467685904
MAC,3297,0.0009199686716693558
MAC,3298,0.00015283134314707372
MAC,3299,4.5062311253540265e-05
MAC,3307,2.89700264010068e-06
MAC,3308,3.5024646287763116e-05
MAC,3309,0.00016136847281845423
MAC,3310,0.0003601862861822443
MAC,3311,0.0010862737010283563
MAC,3312,0.002513624322343985
MAC,3313,0.00266822571008848
MAC,3314,0.0015493476096816985
MAC,3381,5.837589292901677e-05
MAC,3382,0.00016971258757644762
MAC,3383,4.247662298987042e-05
MAC,3384,3.4958825533889166e-05
MAC,3395,4.120379192509177e-05
MAC,3396,0.00018024123978733854
MAC,3397,0.0016320834078316047
MAC,3398,0.002191822209306016
MAC,3399,0.005918715150990612
MAC,3400,0.0015409474583359475
MAC,3401,0.0010952359971909767
MAC,3468,0.00012338011366706955
MAC,3469,7.551953090423952e-05
MAC,3470,0.00022851186805741033
MAC,3471,8.616025629064555e-05
MAC,3482,3.858519328448496e-06
MAC,3483,0.0001608134437587604
MAC,3484,0.0030832157790976087
MAC,3485,0.003762043892662226
MAC,3486,0.004993506613631102
MAC,3487,0.0027890201354918796
MAC,3488,0.002083104113299192
MAC,3489,7.293562157986357e-05
MAC,3559,7.865669034901542e-05
MAC,3571,4.578811848544759e-05
MAC,3572,7.923128774094205e-05
MAC,3573,0.0005069612305032678
MAC,3574,0.001235173588335932
MAC,3575,0.0007485287340385406
MAC,3576,0.0002637010662298583
MAC,3660,0.000227656198257049
MAC,3661,0.0004564384650871307
MAC,3662,0.00017250819067679655
MAC,3663,0.00043155644118348426
MAC,3664,0.00028007976030870816
MAC,3752,6.925766458974496e-05
MAC,3753,0.00019829836308997407
MAC,3754,0.00016855271915683102
MAC,3755,5.1599913158587854e-05
MAC,3847,2.1111562070245512e-05
MAC,3848,0.00018650399557148005
MAC,3849,0.0001513405920187935
MAC,3850,2.5369453270172427e-05
MAC,3943,2.0580548691019197e-05
MAR,2298,0.006080716909418535
MAR,2366,0.016279158010610053
MAR,2367,0.006562617330791332
MAR,2434,0.04453123659536658
MAR,2435,0.034648537259521855
MAR,2436,0.007233030996854723
MAR,2505,0.021896028404932006
MAR,2506,0.09507187045054441
MAR,2507,0.01942264324509065
MAR,2578,0.34353510447679086
MAR,2579,0.08854088105481762
MAR,2580,0.013953340015219936
MAR,2646,0.06012766127682153
MAR,2647,0.13515046721314303
MAR,2648,0.046699990086031117
MAR,2717,0.06026671667404577
MDA,3359,0.17913412661401756
MDA,3446,0.6592553257117935
MDA,3447,0.161610547674189
MDG,378,0.00988564800750726
MDG,417,0.045849111952637474
MDG,418,0.03515269606649553
MDG,457,0.009244164519692257
MDG,458,0.010796711090291965
MDG,459,0.04125205518207348
MDG,499,0.005880989981301418
MDG,500,0.007701763417720443
MDG,501,0.09745369994612273
MDG,542,0.01173202667427287
MDG,543,0.10347991506406912
MDG,584,0.017293579329061802
MDG,585,0.3878554682336681
MDG,624,0.0047468232122138306
MDG,625,0.051748557024490584
MDG,666,0.00494335543306271
MDG,667,0.033465166451389486
MDG,668,0.013559563756443823
MDG,708,0.031043298154645543
MDG,709,0.016060759955506806
MDG,747,0.01128398345496301
MDG,748,0.04007595380932394
MDG,785,0.00949470928304582
MDV,1284,1.0
MEX,1693,0.007612593582470668
MEX,1740,0.011801692217455946
MEX,1741,0.006096256581795065
MEX,1742,0.020968408603422455
MEX,1791,0.00894235020582752
MEX,1792,0.017434631534313027
MEX,1793,0.008286444724729518
MEX,1794,0.017856970926549667
MEX,1848,0.0033008857267270014
MEX,1849,0.036801321755687226
MEX,1850,0.22964934126188127
MEX,1851,0.15003244881768976
MEX,1852,0.007032052092711931
MEX,1853,0.0038120840398815654
MEX,1854,0.004701140381238508
MEX,1855,0.0032835888602574348
MEX,1910,0.002212467752633062
MEX,1911,0.07995160562542368
MEX,1912,0.03244469135551922
MEX,1913,0.02993236367246965
MEX,1914,0.009727560468897938
MEX,1915,0.0029323833179729026
MEX,1969,0.004794631696252181
MEX,1970,0.02878023405969186
MEX,1971,0.00926912214003839
MEX,1972,0.013020504948603653
MEX,1974,0.001191991558610127
MEX,2031,0.002853373100468635
MEX,2032,0.013704944420224218
MEX,2033,0.010910235335741262
MEX,2034,0.00388136233701661
MEX,2094,0.000135117982406297
MEX,2095,0.00030847592391672893
MEX,2096,0.015213872185525385
MEX,2097,0.008413335990450365
MEX,2098,0.00833354721931656
MEX,2099,0.007779852853883053
MEX,2100,0.0014524307235843695
MEX,2155,0.0005479849721502283
MEX,2157,0.009295424276822943
MEX,2158,0.0011076482487435248
MEX,2159,0.015492879854564106
MEX,2160,0.043500049087806344
MEX,2161,0.008736098373469114
MEX,2222,0.00011818444096384835
MEX,2224,0.0025175439923674756
MEX,2225,0.00148091281053163
MEX,2226,0.0033699693854546612
MEX,2227,0.0015221502011094857
MEX,2287,8.286405797048041e-05
MEX,2288,0.0006805856311543529
MEX,2289,0.008210989902133474
MEX,2290,0.010563182079480931
MEX,2291,0.00427198864474341
MEX,2292,0.002743752749429703
MEX,2293,0.0028528929923970865
MEX,2352,0.0001468741422123188
MEX,2353,0.001654504318130923
MEX,2354,0.004494823669410973
MEX,2355,0.001917785203852979
MEX,2356,0.00031906425327844393
MEX,2357,0.0003096826820425126
MEX,2420,0.0004535593927811106
MEX,2421,0.0009843253538247265
MEX,2422,0.0009452289857280998
MEX,2423,0.0010337116057250785
MEX,2424,6.655335943166208e-05
MEX,2488,0.002316936673823218
MEX,2489,0.00044019422214071054
MEX,2490,0.0004997665506941831
MEX,2492,0.021047289061988467
MEX,2561,0.012929349294478594
MEX,2562,0.008488933547878491
MKD,3106,0.43486421707761946
MKD,3107,0.5651357829223805
MLI,1522,0.010295303166855868
MLI,1523,0.02886055270191869
MLI,1569,0.07913446913603142
MLI,1570,0.03773373949005861
MLI,1611,0.016807388622357373
MLI,1612,0.17601089131979625
MLI,1613,0.08761422888353945
MLI,1653,0.029153385763677035
MLI,1654,0.050546587572988584
MLI,1655,0.11670820705626331
MLI,1656,0.14412551109665875
MLI,1657,0.09597970179545696
MLI,1700,0.00883005968036991
MLI,1703,0.014702893580950498
MLI,1704,0.027323286945456823
MLI,1705,0.00785711212907857
MLI,1706,0.009611738508701272
MLI,1752,0.001982337508648333
MLI,1753,0.02879090242287013
MLI,1754,0.017553595404547904
MLI,1755,0.0015054595144814898
MLI,1807,4.312710777000616e-06
MLI,1808,0.002655767296476979
MLI,1809,0.003063749735981237
MLI,1810,0.0006154238278779878
MLI,1867,0.00014986669950077137
MLI,1868,8.905747754506271e-05
MLI,1869,0.0014827099651328116
MLI,1870,0.0004800047094801685
MLI,1986,0.00033175527652077236
MLT,2798,1.0
MMR,1549,0.0030994522735984073
MMR,1637,0.005878600173510317
MMR,1682,0.011191377744386341
MMR,1731,0.0025880636467242512
MMR,1782,0.06972747315061645
MMR,1783,0.043915673318398
MMR,1838,0.047982607402514595
MMR,1839,0.044216783120018734
MMR,1900,0.06745139533232157
MMR,1901,0.2432537809403445
MMR,1959,0.013827979698872969
MMR,1960,0.05566907782437898
MMR,1961,0.08122101061010258
MMR,1962,0.009678371658495558
MMR,2020,0.0020291866255667717
MMR,2021,0.06460763737216024
MMR,2022,0.042921674462319113
MMR,2023,0.0045371876392986165
MMR,2081,0.0034708255157403834
MMR,2082,0.046961849213149075
MMR,2083,0.035065387265432506
MMR,2142,0.005278884210103516
MMR,2143,0.0320281490956826
MMR,2144,0.03824853648791235
MMR,2209,0.0012169304847978182
MMR,2210,0.009351067861615374
MMR,2276,0.006939308916796726
MMR,2277,0.0043008494230779275
MMR,2341,0.0033408785320637384
MNE,3188,0.351886468136307
MNE,3189,0.648113531863693
MNG,3218,2.4212687530342806e-05
MNG,3219,0.006255901842585521
MNG,3220,0.012261469119179363
MNG,3221,0.007896208826632643
MNG,3222,0.01971446264864641
MNG,3300,0.001992827299107537
MNG,3301,0.00078752792153776
MNG,3303,0.002597323718297282
MNG,3304,0.0002519761041293302
MNG,3305,7.386921619426619e-06
MNG,3306,0.009094121282582994
MNG,3385,0.005584512744286524
MNG,3386,0.0008741190582988165
MNG,3387,0.00313738976558425
MNG,3388,0.00221361417862151
MNG,3389,0.006159461476998563
MNG,3390,0.005307503183558025
MNG,3391,0.008221233377887414
MNG,3392,0.0010062628783796706
MNG,3393,0.0010399144102015028
MNG,3394,0.002453278746718463
MNG,3471,0.005847158846310581
MNG,3472,0.04156825987518565
MNG,3473,0.0041416007212918575
MNG,3474,0.03505422616045461
MNG,3475,0.0298743525670989
MNG,3476,0.06348279401281795
MNG,3477,0.014232135653428618
MNG,3478,0.28634827119359113
MNG,3479,0.01652864750800147
MNG,3480,0.015798573421281475
MNG,3481,0.0013161032018611759
MNG,3482,0.0011002409367601535
MNG,3559,0.007856401526794623
MNG,3560,0.03167881336491105
MNG,3561,0.015925382242414965
MNG,3562,0.008221643762421826
MNG,3563,0.015863414177718665
MNG,3564,0.012843394388976415
MNG,3565,0.02826646596127037
MNG,3566,0.01185395727650766
MNG,3567,0.02885249507641155
MNG,3568,0.0031648855293898936
MNG,3569,0.00265723986032152
MNG,3570,0.024210635607670745
MNG,3649,0.006565742166067027
MNG,3650,0.026370489412284204
MNG,3651,0.007789919232219783
MNG,3652,0.006506646793111613
MNG,3653,0.023866733367832994
MNG,3654,0.008123561858697217
MNG,3655,0.06953719704900689
MNG,3656,0.018377019450995777
MNG,3658,0.0038535107781342195
MNG,3659,0.0021725757251802513
MNG,3741,0.01228486103764088
MNG,3743,0.000946757120889845
MNG,3744,0.0029609244157868366
MNG,3745,0.0034652870085799094
MNG,3839,0.0015725935358690446
MNG,3840,0.0020383799824273342
MOZ,341,0.016976086569683344
MOZ,376,0.09044389514243581
MOZ,415,0.047070609190805315
MOZ,416,0.020670872761804758
MOZ,455,0.005055277674514481
MOZ,456,0.010121408272535232
MOZ,497,0.005062184080382107
MOZ,498,0.002855164564500017
MOZ,540,0.008198397079576947
MOZ,541,0.005714768961343508
MOZ,581,0.034092485936126314
MOZ,582,0.05538225723190548
MOZ,583,0.014137201390442732
MOZ,621,0.00344122243383857
MOZ,622,0.029322907949237916
MOZ,623,0.05338433267734223
MOZ,662,0.025751027592148545
MOZ,663,0.09522016811460406
MOZ,664,0.044154625970552634
MOZ,665,0.026967894021906698
MOZ,703,0.003331142781132122
MOZ,704,0.011233339617223026
MOZ,706,0.05924138769426469
MOZ,707,0.052289526400264984
MOZ,743,0.05861318665442777
MOZ,744,0.013791105888239553
MOZ,745,0.0511755513232286
MOZ,746,0.09971468791678485
MOZ,782,0.01518267619703694
MOZ,783,0.0027278893706537653
MOZ,784,0.005103833936175649
MOZ,817,0.005209191862421576
MOZ,818,0.014763781539106643
MOZ,852,0.01359991120335313
MRT,1700,0.10998212099277196
MRT,1701,0.14282774058604578
MRT,1702,0.09386054174540873
MRT,1749,0.17370212345057345
MRT,1750,0.047524988897431245
MRT,1751,0.0558380528617152
MRT,1803,0.05940336369117824
MRT,1804,0.06486347961748216
MRT,1805,0.01617453188123224
MRT,1806,0.0018193725712350303
MRT,1863,0.1698595606230227
MRT,1864,0.02653576375931729
MRT,1865,0.00014686862601403044
MRT,1922,0.021303943622429735
MRT,1981,0.001250381533718089
MRT,2041,0.014907165540424091
MSR,1802,1.0
MUS,544,1.0
MWI,705,0.3368465640074531
MWI,743,0.18336211942203712
MWI,744,0.30779644499401154
MWI,781,0.05477115839957922
MWI,815,0.04990597432366636
MWI,816,0.035371986155204614
MWI,850,0.03194575269804802
MYS,1246,0.2391304705346409
MYS,1248,0.031609143418022144
MYS,1249,0.01185984411408783
MYS,1250,0.0002420955024508129
MYS,1287,0.0914696240464973
MYS,1289,0.024682058965254675
MYS,1290,0.0002727189672724196
MYS,1327,0.22404932147192025
MYS,1328,0.006428489077375685
MYS,1329,0.003043745562787545
MYS,1367,0.10303797814357947
MYS,1368,0.10474132330910128
MYS,1369,0.013599143495715012
MYS,1370,0.05524019372857527
MYS,1411,0.07329556174691441
MYS,1414,0.01729828791580498
NAM,301,0.013097678096759097
NAM,302,0.0029809573970218228
NAM,334,0.00792965558358033
NAM,335,0.013621276313127179
NAM,336,0.0004471436095532734
NAM,370,0.0020781752216025196
NAM,371,0.0005699343417103899
NAM,408,6.10092317007057e-05
NAM,409,0.03070154438305766
NAM,410,0.008759072227207646
NAM,448,0.03316353717624563
NAM,449,0.14157539737088826
NAM,450,0.0038984126787995235
NAM,490,0.009921336704543876
NAM,491,0.014364198856115519
NAM,492,0.006652323061644037
NAM,533,0.0065326214045097405
NAM,534,0.039057492319787224
NAM,535,0.0008232384935816743
NAM,573,0.010343767713914584
NAM,574,0.03418756554631064
NAM,575,0.09819628909417509
NAM,576,0.033448504347100824
NAM,613,0.006240703814853199
NAM,614,0.34354607278169663
NAM,615,0.13780209223051296
NER,1616,0.06326998203774131
NER,1658,0.025417695200396544
NER,1659,0.28000523337817396
NER,1660,0.0962500741631618
NER,1661,0.3706329716534804
NER,1662,0.0840693510067398
NER,1663,0.04421069949275943
NER,1707,0.006789681782714582
NER,1708,0.006921698120120448
NER,1709,0.0005093915973314972
NER,1710,2.6710557075851127e-05
NER,1756,0.0022789069094538116
NER,1757,0.0032629427422570705
NER,1760,0.00010979693594453848
NER,1811,0.0018109994074038355
NER,1812,0.007670184659772507
NER,1871,0.0006464900318801136
NER,1872,0.004822201058636291
NER,1874,0.001069367789479208
NER,1932,9.691441062919436e-06
NER,1991,0.00021593003441407085
NGA,1347,0.015894763294124887
NGA,1348,0.14790484540492768
NGA,1389,0.08100828159650444
NGA,1390,0.024857065747192066
NGA,1391,0.08395677868204747
NGA,1392,0.007163946378607172
NGA,1434,0.03271491315606267
NGA,1435,0.06098438728024046
NGA,1436,0.04033674489409104
NGA,1437,0.014380630346679135
NGA,1438,0.0010216519002840736
NGA,1479,0.00942071134204344
NGA,1480,0.028800236934518633
NGA,1481,0.05010362679907192
NGA,1482,0.022192727683003496
NGA,1483,0.021903322681821814
NGA,1527,0.006776748193395664
NGA,1528,0.02681199989572146
NGA,1529,0.01281902715814909
NGA,1530,0.02835524749699451
NGA,1574,0.012839754654818802
NGA,1575,0.0692571692564641
NGA,1576,0.028149543118962582
NGA,1577,0.019963474731899446
NGA,1578,0.003426319305163027
NGA,1617,0.020756525849325202
NGA,1618,0.06382881951136957
NGA,1619,0.026737979227202
NGA,1620,0.009118367681858142
NGA,1660,0.020441029844603605
NGA,1661,0.00647657344136704
NGA,1663,0.0015967865114853838
NIC,1559,0.11711416334704593
NIC,1604,0.39747769751790996
NIC,1605,0.17600996628780913
NIC,1648,0.18857064194820136
NIC,1649,0.10486878977690092
NIC,1650,0.015958741122132723
NLD,3800,0.09224223837615715
NLD,3801,0.7773398822948858
NLD,3802,0.13041787932895701
NOR,4266,0.09617983406324929
NOR,4362,0.05540941286526202
NOR,4363,0.020923725478233512
NOR,4364,0.07776745009516221
NOR,4365,0.08911753341443954
NOR,4466,0.12187542741254068
NOR,4467,0.026668150024941953
NOR,4468,0.0948918643779884
NOR,4469,0.08526718193429121
NOR,4576,0.020201186447368895
NOR,4577,0.09516181963400128
NOR,4578,0.041668809959873564
NOR,4579,0.014199566715832815
NOR,4697,0.006919148600200253
NOR,4698,0.013677201301686762
NOR,4699,0.019999019069527633
NOR,4822,0.02031164081356619
NOR,4948,0.013124929470700285
NOR,4949,0.008975912574372275
NOR,5190,0.006965005106022235
NOR,5191,0.015024585068403951
NOR,5192,0.000452185022627195
NOR,5310,0.022874421360678167
NOR,5311,0.014818031416092763
NOR,5312,0.0054565254405913016
NOR,5313,0.0011013536441766424
NOR,5315,0.002331903009103912
NOR,5412,0.004097976611587022
NOR,5413,0.0009342764620948129
NOR,5414,0.00027434153048281316
NOR,5415,0.0033295810749004217
NPL,2273,0.17877367224009336
NPL,2335,0.33617050298526036
NPL,2336,0.26077783103721497
NPL,2337,0.11032797883571639
NPL,2402,0.04487391695319151
NPL,2403,0.06907609794852344
NZL,38,0.0296908177888912
NZL,39,0.005672645210346149
NZL,44,0.0047023794558130995
NZL,45,0.054408785495460285
NZL,51,0.0007965550422962727
NZL,52,0.0031286975429838776
NZL,62,0.000725699357041798
NZL,63,0.1576458998557744
NZL,72,0.034566527012396694
NZL,73,0.01901865637811641
NZL,83,0.0710716808111376
NZL,84,0.005930925611435041
NZL,94,0.05465601850476219
NZL,95,0.044640986433041
NZL,108,0.11470049758976386
NZL,109,0.04636133199545609
NZL,122,0.3355614779734055
NZL,138,0.016720417941878528
OMN,1829,0.007637205468825754
OMN,1830,0.07377763502375642
OMN,1890,1.818093668185785e-05
OMN,1891,0.0006139096286240667
OMN,1892,0.0012817560360709785
OMN,1949,1.818093668185785e-05
OMN,1950,0.008483225055754872
OMN,2009,0.0034034713468437893
OMN,2068,0.00030665179870066904
OMN,2069,0.1305251866576166
OMN,2070,0.06411567923979443
OMN,2130,0.008742000387859982
OMN,2131,0.7010769174827887
PAK,2132,0.06914138927865107
PAK,2133,0.008024480969210249
PAK,2196,0.0015886683578841166
PAK,2197,0.0010666372314513451
PAK,2198,0.034644860852756656
PAK,2199,0.017105976476297045
PAK,2263,0.0026767910419277408
PAK,2264,0.0021640775417915803
PAK,2265,0.024585685732537704
PAK,2266,0.00333536156586885
PAK,2327,0.00045821105183615156
PAK,2328,0.0018986864421852052
PAK,2329,0.05288359571399998
PAK,2330,0.03936306624202115
PAK,2331,0.003549457781700149
PAK,2395,0.00013760277487801645
PAK,2396,0.0004181077790665466
PAK,2397,0.005829042511221094
PAK,2398,0.016922787933850013
PAK,2399,0.04711201916178128
PAK,2465,0.014709446384735285
PAK,2466,0.012159153668759571
PAK,2467,0.1123375648576302
PAK,2536,0.0005757578322253914
PAK,2537,0.011158890360833664
PAK,2538,0.09362801530785764
PAK,2539,0.08665870975664687
PAK,2604,0.025747695711358102
PAK,2605,0.13958452678194788
PAK,2606,0.059613188114219735
PAK,2670,0.08640622736101176
PAK,2742,0.010200621742802118
PAK,2743,0.006289083966726364
PAK,2744,0.0013229198937518656
PAK,2818,0.003476686161540742
PAK,2819,0.0032250056570368637
PAN,1418,0.08349834235571507
PAN,1463,0.3055768800405653
PAN,1464,0.5899103238520423
PAN,1465,0.021014453751677237
PER,600,0.010454058305399173
PER,640,0.04797618582440374
PER,641,0.0172020867395697
PER,681,0.0011875510802106296
PER,682,0.00862521379241734
PER,683,0.03843578778234818
PER,720,0.03877185724003522
PER,721,0.08408210335955464
PER,722,0.0175254766312856
PER,756,0.12475613933306824
PER,757,0.047600370804153316
PER,758,0.011744204142962837
PER,759,0.0023162153299975917
PER,791,0.0374278232470942
PER,792,0.03763063534318068
PER,793,0.0006998754659359497
PER,794,0.0002632229128047584
PER,823,0.027464671406914276
PER,824,0.009420673678751126
PER,825,0.0009413358544537006
PER,861,0.08397030372498217
PER,862,0.023837462106842778
PER,863,0.0012510098695181222
PER,906,0.01709418850991143
PER,907,0.04481714511403593
PER,908,0.0012225418055348378
PER,950,0.05963961869375233
PER,951,0.058949313861746525
PER,952,0.0029184337541750364
PER,953,3.0967401506442165e-05
PER,995,0.07476737720800468
PER,996,0.03514245339969948
PER,997,0.00263442366831182
PER,998,0.004149936599122172
PER,1040,0.0002632229128047584
PER,1041,0.00010838590527254757
PER,1042,0.022711419113482543
PER,1087,0.0003737423988897577
PER,1088,0.00026054069692624764
PER,1089,0.0005515001602928785
PER,1090,6.8884180516298515e-06
PER,1136,4.126954885799477e-05
PER,1179,0.0007323668537370003
PHL,1415,0.06923353329732214
PHL,1460,0.11403267350476588
PHL,1461,0.008493651991039948
PHL,1505,0.00356882397025372
PHL,1506,0.022140464043131077
PHL,1507,0.05960690497396574
PHL,1555,0.0017512096148334807
PHL,1556,0.044614675134334196
PHL,1602,0.02918796088991305
PHL,1603,0.03271596172338542
PHL,1645,0.012407480705528547
PHL,1688,0.15012321358210828
PHL,1689,0.2726276727376535
PHL,1737,0.0818406534656191
PHL,1788,0.04068495583480461
PHL,1789,0.02178142634562761
PHL,1845,0.01470212594765798
PHL,1846,0.020486612238055736
POL,3621,0.029283772012404837
POL,3622,0.037862635953671016
POL,3711,0.12309161389135588
POL,3712,0.10635326352153919
POL,3713,0.06583907501921055
POL,3805,0.033379692386594426
POL,3806,0.1502399734918464
POL,3807,0.13017882082401566
POL,3808,0.1213585963871501
POL,3900,0.03201160976747701
POL,3901,0.05364490934674526
POL,3902,0.026826836840741827
POL,3903,0.0414791936331504
POL,3997,0.048450006924097476
PRT,2865,0.17096671396090532
PRT,2940,0.13370760759101574
PRT,3015,0.0051184767283572125
PRT,3016,0.22463507044085768
PRT,3096,0.46557213127886404
PRY,295,0.02341076615420325
PRY,329,0.06270844316957716
PRY,330,0.05805062701474403
PRY,364,0.5768326582117663
PRY,365,0.060240963855421686
PRY,401,0.0017574692442882249
PRY,402,0.11575388783449073
PRY,403,0.07618469696453943
PRY,439,0.00036157175698411096
PRY,440,0.005928811908442204
PRY,441,0.017918842284222206
PRY,479,2.0638269301539322e-05
PRY,480,0.0002465871137326776
PRY,481,0.00014071547251049535
PRY,522,3.0287330273687573e-05
PRY,523,2.4122652430370634e-05
PRY,524,0.00010908799487956498
PRY,564,0.00027982276819229937
PSE,2523,0.377908124906888
PSE,2590,0.6220918750931119
QAT,2192,1.0
ROU,3271,0.04311312595983075
ROU,3272,0.09996742687157702
ROU,3273,0.18851054096957887
ROU,3357,0.08837879039284204
ROU,3358,0.09006567213158416
ROU,3359,0.08615704252713043
ROU,3444,0.16308935758811488
ROU,3445,0.10003770551034102
ROU,3446,0.14068033804900082
RUS,3117,0.0018225859475179478
RUS,3194,0.00769570630514068
RUS,3195,0.01237698275084172
RUS,3196,0.011800067151263995
RUS,3230,0.009046319183374984
RUS,3231,0.00011207500856508748
RUS,3277,0.0025505470583662517
RUS,3278,0.006105190822051949
RUS,3279,0.010973127620523463
RUS,3280,0.0018910713245925107
RUS,3281,0.00021872933364420975
RUS,3315,0.0037376359847739386
RUS,3316,0.0007608791962781125
RUS,3363,0.004881440957331287
RUS,3364,0.009231940232168825
RUS,3365,0.007057926890983697
RUS,3366,0.0003760921828119664
RUS,3367,0.0005704759906244728
RUS,3401,0.0013818599258977624
RUS,3402,0.0001743381474527529
RUS,3403,1.2553161756972039e-05
RUS,3450,0.00586367152212276
RUS,3451,0.019497729793301867
RUS,3452,0.005643984398539301
RUS,3453,0.001493398300383412
RUS,3454,0.006536060437985248
RUS,3489,0.0006731836777269713
RUS,3490,0.00025657901833568605
RUS,3492,0.0012839479813279598
RUS,3540,0.0024972912206094005
RUS,3541,0.0018832799411859918
RUS,3542,0.011396212645886692
RUS,3543,0.0005637850467226235
RUS,3577,0.0011992616893235386
RUS,3578,0.0052059483401527525
RUS,3579,0.00021820628523766926
RUS,3580,8.998470443431201e-05
RUS,3581,0.00021022470241059018
RUS,3629,0.0008214237475442877
RUS,3630,0.0015354052009814182
RUS,3631,0.0007912363823668073
RUS,3632,0.00023507289813948828
RUS,3648,9.315016621934933e-05
RUS,3656,7.540048457921517e-07
RUS,3657,1.0868538317724708e-06
RUS,3658,4.8385374023220685e-05
RUS,3665,0.0008373733275255488
RUS,3666,0.00039462983348013557
RUS,3667,0.000252652758868408
RUS,3668,0.00013504838143417808
RUS,3669,0.00021878367633579838
RUS,3670,0.0005246175517601231
RUS,3718,0.0021283994444329267
RUS,3719,0.01125215017048525
RUS,3720,0.003304701346560272
RUS,3721,0.0025193475605579333
RUS,3722,0.002160712967418812
RUS,3723,0.0012013199187674577
RUS,3738,0.00019233237120503587
RUS,3739,9.315016621934933e-05
RUS,3740,9.772174514924229e-05
RUS,3742,8.239031328480187e-05
RUS,3745,0.00015889123736868667
RUS,3746,0.00025024130192916283
RUS,3747,0.0008536285851469958
RUS,3748,5.739267515403504e-05
RUS,3749,0.00041587782589128737
RUS,3750,0.00037489664359701666
RUS,3751,0.0011783397530619186
RUS,3755,0.003757505031386029
RUS,3756,0.0003871101635315598
RUS,3757,5.758287457459522e-05
RUS,3758,0.0001730746798733174
RUS,3759,0.002971899910435093
RUS,3760,1.8313487065366133e-05
RUS,3761,0.00023995694754601582
RUS,3812,0.003268937062658509
RUS,3813,0.006635575491956915
RUS,3814,0.014772598795488806
RUS,3815,0.017250163619051538
RUS,3816,0.009889873992068738
RUS,3817,0.007852593655757037
RUS,3818,0.010172951865390327
RUS,3819,0.002484344074338411
RUS,3820,0.002712658100211564
RUS,3821,0.007135779589520849
RUS,3822,0.006058014572916575
RUS,3823,0.0010772827252164246
RUS,3831,0.0012085882537674361
RUS,3832,0.00388064557052585
RUS,3833,0.0037993149397270265
RUS,3834,0.0008078041104648889
RUS,3835,0.0004197497426669768
RUS,3836,0.0005499412460404216
RUS,3837,0.0009091804016234661
RUS,3838,2.1309127939189007e-05
RUS,3839,1.1452722252302412e-05
RUS,3840,0.004124698598450358
RUS,3841,0.005628143503941217
RUS,3842,0.004545874836771537
RUS,3843,0.0004787387343864277
RUS,3844,0.0032452436491258695
RUS,3845,0.0010018278979456207
RUS,3846,0.0012937704228326036
RUS,3847,0.00013749380255566614
RUS,3850,0.0012507038397486193
RUS,3851,5.4824982976472574e-05
RUS,3852,0.00010721813050435425
RUS,3853,5.288902458862786e-05
RUS,3854,0.00012390812965851027
RUS,3855,0.00010334621372866482
RUS,3856,0.0001505632198827301
RUS,3857,0.0003373186723634835
RUS,3907,0.0010982522113331845
RUS,3908,0.005948140443360827
RUS,3909,0.006164342841846165
RUS,3910,0.0026479699187117564
RUS,3911,0.0029857301254443977
RUS,3912,0.0060683600628277596
RUS,3913,0.005068875693456898
RUS,3914,0.01749113269922839
RUS,3915,0.0029835564177808525
RUS,3916,0.0035163389589521663
RUS,3917,0.003968694316572317
RUS,3918,0.0029463248812061967
RUS,3919,0.0003323870731018159
RUS,3923,0.00018260502941067227
RUS,3925,0.0007193817584137498
RUS,3926,0.0006482607607971388
RUS,3927,0.00758569631885596
RUS,3928,0.0012464583169682583
RUS,3929,0.008001648865948181
RUS,3930,0.0006153902252224702
RUS,3931,0.0036522092735966224
RUS,3932,0.00010663394656977655
RUS,3933,1.5467288593411975e-05
RUS,3934,9.708321852307596e-05
RUS,3935,0.0016580091060418014
RUS,3936,0.00026479835043846536
RUS,3937,7.035340709792175e-05
RUS,3938,0.00025244897377495065
RUS,3939,1.5114061098085922e-05
RUS,3940,6.568672845774871e-06
RUS,3941,0.00011570917606507668
RUS,3942,0.00012505611901831993
RUS,3943,0.00019979769846202304
RUS,3944,0.00029655486083556725
RUS,3945,0.00019761040512558092
RUS,3946,2.119364971956318e-06
RUS,3947,2.9956408738228727e-06
RUS,3949,4.265901289706948e-06
RUS,3950,0.00022880311009745085
RUS,3953,0.0019266861660924047
RUS,3954,8.178575084087844e-06
RUS,3998,0.004901126597359266
RUS,3999,0.0034727832916438845
RUS,4003,0.004866360860415444
RUS,4004,0.0016483768639577179
RUS,4005,0.014543075644727807
RUS,4006,0.0061923564993601014
RUS,4007,0.003445951587672002
RUS,4008,0.004707517172901897
RUS,4009,0.008687446840960162
RUS,4010,0.0024813280549552423
RUS,4011,0.005733894381772678
RUS,4012,0.004714187738294401
RUS,4013,0.007503713575758073
RUS,4014,0.0018384743919711715
RUS,4015,0.002997033405294831
RUS,4016,0.00041844551806884985
RUS,4019,0.0070093581103763646
RUS,4020,0.0007660893018341718
RUS,4021,0.0006496464994326487
RUS,4022,0.0003979243591576959
RUS,4023,0.007170905346796446
RUS,4024,0.0012698052958420205
RUS,4025,0.003915621885399578
RUS,4026,0.0005339169448582263
RUS,4027,0.00046230007018086905
RUS,4028,0.0001426835296023797
RUS,4029,2.1207235392460337e-05
RUS,4030,0.0007871403019883149
RUS,4031,0.0006250156744701051
RUS,4032,4.0437755378384496e-05
RUS,4033,4.619128785033001e-07
RUS,4034,6.745286593437897e-05
RUS,4035,3.7761377817644785e-05
RUS,4036,1.2227105607440297e-07
RUS,4037,6.113552803720148e-08
RUS,4038,5.672018434562582e-06
RUS,4039,8.701623490628345e-05
RUS,4040,5.250183291105892e-05
RUS,4041,3.574390539241713e-05
RUS,4044,1.290638925229809e-07
RUS,4049,4.583126751855538e-05
RUS,4095,0.001680805865163229
RUS,4096,0.0016121234958316574
RUS,4097,0.08987816558745251
RUS,4098,0.003526888233956808
RUS,4099,0.005795743157636981
RUS,4100,0.001957552814914743
RUS,4101,0.007332180869758583
RUS,4102,0.008746877367048772
RUS,4103,0.008144970922176729
RUS,4104,0.002347359734516388
RUS,4105,0.001624187573364332
RUS,4106,0.004232806590529476
RUS,4107,0.010942294935883367
RUS,4108,0.003821527514913876
RUS,4109,0.000873307432338526
RUS,4110,0.0005073705400171837
RUS,4111,0.005073888806755949
RUS,4112,0.0009486875384083955
RUS,4113,0.0011085297728798832
RUS,4114,0.0002970235665505191
RUS,4115,0.007307767415562394
RUS,4116,0.002576713064366174
RUS,4117,0.004376339224687928
RUS,4118,0.0011973936593001797
RUS,4119,0.0025443859557073914
RUS,4120,0.0007091857109044344
RUS,4121,0.00044548779997063867
RUS,4122,0.00010179744701838905
RUS,4123,0.0002514232554712154
RUS,4124,4.245522780361214e-06
RUS,4125,9.652620593429256e-06
RUS,4126,0.00012171404348561957
RUS,4127,6.792836448577943e-08
RUS,4131,6.860764813063722e-07
RUS,4132,0.00018122608361161092
RUS,4133,3.973809322418097e-06
RUS,4136,9.781684485952237e-07
RUS,4139,1.1079116247630625e-05
RUS,4140,3.654546009334933e-06
RUS,4141,1.766137476630265e-07
RUS,4182,0.002791624823926283
RUS,4183,0.002461166916375863
RUS,4184,0.0022614914889699145
RUS,4185,0.006775589436835003
RUS,4186,0.012040397704814684
RUS,4187,0.01628907236128804
RUS,4188,0.02316592261106199
RUS,4189,0.00471977824269158
RUS,4190,0.01043332128646432
RUS,4191,0.002913182632173585
RUS,4192,0.010525072128375262
RUS,4193,0.005400148741381147
RUS,4194,0.008025084151695776
RUS,4195,0.019065766530700346
RUS,4196,0.007706534086439713
RUS,4197,0.00510464677019511
RUS,4198,0.0018529023765879512
RUS,4199,0.0010626034056510475
RUS,4200,0.0006154038108953673
RUS,4201,0.0007492158960959042
RUS,4202,0.00017846139917703971
RUS,4203,2.1383849140123364e-05
RUS,4204,0.0005745177283113767
RUS,4205,0.0052932294956805305
RUS,4206,0.0017692893527424052
RUS,4207,0.0016312113662521614
RUS,4208,0.0070493135743669
RUS,4209,0.0015341892832571227
RUS,4210,0.000711026569581999
RUS,4211,0.00019719604210221767
RUS,4212,0.002854580832131703
RUS,4213,0.0005701974843300811
RUS,4214,0.0001745894824013503
RUS,4215,3.233390149523101e-06
RUS,4216,5.391474289236313e-05
RUS,4217,0.00010291147219595583
RUS,4218,3.595448332232305e-05
RUS,4220,1.901994205601824e-07
RUS,4221,0.0002881385364757792
RUS,4222,3.871916775689427e-07
RUS,4224,4.741399841107404e-06
RUS,4225,9.64582775698068e-07
RUS,4226,1.6031094018643944e-06
RUS,4229,5.821460836431297e-06
RUS,4230,1.2199934261645985e-05
RUS,4231,3.8882195831660144e-05
RUS,4273,0.0004293412277323689
RUS,4274,0.0009678501300298338
RUS,4275,0.0034960759278260586
RUS,4276,0.000599861801101021
RUS,4277,0.0015422184159393417
RUS,4278,0.0008840401139272792
RUS,4279,0.0010975185849967381
RUS,4280,0.0008108473011938518
RUS,4281,0.0010078871080577523
RUS,4282,0.006294643030602788
RUS,4283,0.0018077368070413564
RUS,4284,0.0020244826324425816
RUS,4285,0.006194441900149814
RUS,4286,0.0022655603980026124
RUS,4287,0.00034813286798961954
RUS,4288,0.00034008335679805473
RUS,4289,0.0008721866143245107
RUS,4290,5.127912235031489e-05
RUS,4291,1.9563368971904474e-05
RUS,4293,2.8835590724213368e-05
RUS,4294,4.585164602790111e-06
RUS,4295,0.00028420548417205254
RUS,4296,6.49191379390594e-05
RUS,4297,1.5868065943878075e-05
RUS,4298,1.6302807476587062e-07
RUS,4299,0.0006999610390072655
RUS,4300,4.89967293035927e-05
RUS,4301,0.00013986450247621985
RUS,4302,7.127044001847977e-05
RUS,4303,0.00036917707530731403
RUS,4305,1.4978204369114364e-05
RUS,4306,8.219332102779311e-07
RUS,4307,2.1383849140123364e-05
RUS,4308,4.272694126155526e-06
RUS,4309,3.056776401860074e-07
RUS,4310,4.6870571495187803e-07
RUS,4312,9.853009268662306e-05
RUS,4314,7.540048457921517e-07
RUS,4322,1.290638925229809e-07
RUS,4370,0.0013961045039304302
RUS,4371,0.030352519410054655
RUS,4372,0.002208337543759792
RUS,4373,0.0006402723851336112
RUS,4374,0.003099109358607612
RUS,4375,0.003153778106345767
RUS,4376,0.000467177326750948
RUS,4377,0.0003321968736812557
RUS,4378,0.00041019222178382766
RUS,4379,0.00018138231884992824
RUS,4380,0.00048244083025090264
RUS,4381,0.0005691242161712058
RUS,4382,0.0030220853861171867
RUS,4383,0.0017723461291442653
RUS,4384,8.404097254180631e-05
RUS,4385,2.284430897656762e-05
RUS,4386,7.345094051847329e-05
RUS,4387,2.202237576628969e-05
RUS,4388,3.79719557475507e-06
RUS,4389,6.317337897177487e-07
RUS,4390,2.1981618747598224e-05
RUS,4391,2.9895273210191525e-05
RUS,4392,4.75498551400456e-07
RUS,4393,8.151403738293531e-08
RUS,4395,8.382360177545182e-06
RUS,4396,3.852896833633409e-05
RUS,4399,1.6982091121444856e-07
RUS,4400,2.241636028030721e-07
RUS,4402,4.408550855127085e-06
RUS,4404,4.1028732149410774e-05
RUS,4405,6.113552803720148e-08
RUS,4406,2.1737076635449416e-06
RUS,4407,3.803988411203648e-06
RUS,4410,7.900068789696147e-06
RUS,4412,2.733437386907764e-05
RUS,4416,2.4943295439178206e-05
RUS,4417,1.059682485978159e-06
RUS,4418,4.75498551400456e-08
RUS,4420,2.1737076635449416e-07
RUS,4422,2.0378509345733828e-07
RUS,4474,0.0006775039217082669
RUS,4475,0.009110647344543017
RUS,4476,0.0006627227095961613
RUS,4477,0.0003502590257980245
RUS,4478,0.00043150134972301665
RUS,4479,0.00035743226108772276
RUS,4480,0.00045632916694256904
RUS,4481,0.00024912048391514746
RUS,4482,0.000732417211558571
RUS,4483,0.00015710472138271065
RUS,4484,6.530632961662835e-05
RUS,4485,4.917334305125573e-05
RUS,4486,0.00019153081650410367
RUS,4487,0.00047397016319952593
RUS,4488,1.2607504448560661e-05
RUS,4489,0.00024703508312543405
RUS,4490,1.849689364947774e-05
RUS,4491,0.00010884161841556437
RUS,4492,0.0003699039088073119
RUS,4493,1.6493006897147244e-05
RUS,4494,0.0010965675878939372
RUS,4495,1.0121326308381135e-06
RUS,4498,1.290638925229809e-07
RUS,4499,4.6802643130702024e-06
RUS,4500,4.6870571495187804e-06
RUS,4504,6.433495400448169e-05
RUS,4508,4.75498551400456e-08
RUS,4509,9.261353213991167e-05
RUS,4510,1.6302807476587062e-07
RUS,4511,8.273674794367934e-05
RUS,4512,3.1247047663458536e-07
RUS,4513,3.926259467278051e-06
RUS,4514,1.839500110274907e-05
RUS,4515,1.8340658411160445e-07
RUS,4516,4.3073375920432735e-05
RUS,4517,2.1940861728906754e-05
RUS,4518,2.2008790093392536e-06
RUS,4520,7.472120093435737e-07
RUS,4523,4.7998182345651745e-05
RUS,4524,1.1017980719593424e-05
RUS,4529,4.483272056061442e-07
RUS,4530,1.9305241186858512e-05
RUS,4531,3.674924518680667e-06
RUS,4586,0.0004024415953960002
RUS,4587,0.0005214860541573286
RUS,4588,0.0031406611391635634
RUS,4589,0.0007119503953390056
RUS,4590,0.0007801708517920739
RUS,4591,0.0008401719761423628
RUS,4592,0.00030548064792899866
RUS,4593,0.001490939293589027
RUS,4594,0.002621341999833331
RUS,4595,0.00038919556432127325
RUS,4596,8.405455821470347e-05
RUS,4597,6.140044865869603e-05
RUS,4598,1.1147044612116403e-05
RUS,4599,0.0006408361905588431
RUS,4600,0.00047049223093785405
RUS,4601,8.258051270536205e-05
RUS,4602,0.0001460120194621829
RUS,4603,0.001505102357584312
RUS,4604,0.0010090758544362534
RUS,4605,0.000982332457338202
RUS,4606,3.5512948953165486e-05
RUS,4607,3.3692468784946595e-06
RUS,4610,2.852991308402736e-06
RUS,4611,1.779723149527421e-06
RUS,4619,2.585353552328765e-05
RUS,4620,4.7753640233502935e-06
RUS,4621,8.48764914249814e-05
RUS,4622,1.0189254672866915e-06
RUS,4623,4.75498551400456e-08
RUS,4624,1.5215953644814591e-06
RUS,4625,0.00021641976925169324
RUS,4626,0.0021129049844937206
RUS,4627,0.00017475930331256473
RUS,4628,4.585164602790111e-06
RUS,4629,1.9563368971904474e-05
RUS,4633,1.4849140476591383e-05
RUS,4634,4.701322106060794e-05
RUS,4635,2.9813759172808593e-05
RUS,4636,2.8917104761596304e-05
RUS,4638,1.3585672897155885e-08
RUS,4640,3.1111190934486978e-06
RUS,4641,4.279486962604104e-06
RUS,4706,0.000106369025948282
RUS,4707,0.00015174517342478265
RUS,4708,0.0004715247420780379
RUS,4709,0.00017579860728919716
RUS,4710,0.00018522027144337477
RUS,4711,5.328980193909396e-05
RUS,4712,4.546445435033217e-05
RUS,4713,7.792062690163758e-05
RUS,4714,7.200406635492619e-06
RUS,4715,0.001191884668940383
RUS,4716,0.00010405266871931693
RUS,4717,0.00013834290711173838
RUS,4718,5.366340794376575e-07
RUS,4719,1.671037766350174e-06
RUS,4720,0.00010315601430810464
RUS,4721,0.00013250786060240994
RUS,4722,4.29307263550126e-06
RUS,4723,1.6234879112101284e-06
RUS,4724,0.0008716363945721759
RUS,4725,2.324508632703372e-05
RUS,4726,4.0757018691467655e-08
RUS,4727,2.363907084105124e-06
RUS,4739,2.0378509345733828e-07
RUS,4740,8.830687383151325e-08
RUS,4741,8.778382542497275e-05
RUS,4742,6.98779085465213e-05
RUS,4743,8.575956016329653e-05
RUS,4744,1.1615750327068281e-06
RUS,4745,4.972356280359054e-05
RUS,4746,1.317130987379263e-05
RUS,4747,1.766137476630265e-07
RUS,4749,2.952846004196832e-05
RUS,4751,7.811761915864634e-07
RUS,4753,3.621940394381759e-05
RUS,4756,1.9427512242932915e-06
RUS,4758,4.347415327089883e-07
RUS,4829,0.00025628013353194863
RUS,4830,7.410305281753678e-05
RUS,4831,0.000156568087303273
RUS,4832,2.7021903392443058e-05
RUS,4833,0.0053588822599560364
RUS,4834,0.00010551312855576119
RUS,4835,7.412343132688252e-05
RUS,4836,1.4475534471919596e-05
RUS,4837,2.9888480373742947e-07
RUS,4838,7.729568594836842e-05
RUS,4839,6.318696464467202e-05
RUS,4840,7.265617865398968e-05
RUS,4841,5.889389200917076e-06
RUS,4842,5.570125887833913e-07
RUS,4843,2.581277850459618e-07
RUS,4844,2.9209196728885153e-07
RUS,4845,3.9609029331657986e-05
RUS,4846,2.7680808527955117e-05
RUS,4847,2.1805004999935198e-05
RUS,4848,0.00022489722913951853
RUS,4849,5.658432761665426e-06
RUS,4850,3.899088121483739e-06
RUS,4864,5.434269158862354e-08
RUS,4865,2.0854007897134285e-06
RUS,4866,3.3013185140088804e-06
RUS,4868,2.0378509345733828e-08
RUS,4869,1.1751607056039841e-06
RUS,4874,3.304714932233169e-05
RUS,4875,7.607976822407296e-07
RUS,4885,1.6628863626118804e-05
RUS,4886,4.6666786401730465e-06
RUS,4955,8.702302774273203e-05
RUS,4956,0.00024256539674226977
RUS,4957,5.854066451384471e-05
RUS,4958,1.1344036869125163e-06
RUS,4959,1.8476515140132004e-06
RUS,4960,4.8500852242846515e-06
RUS,4961,4.183707968679155e-05
RUS,4962,9.802062995297972e-06
RUS,4963,2.7850629439169564e-07
RUS,4964,0.00012585767371925212
RUS,4965,6.17468833175735e-06
RUS,4966,0.0006020423016010145
RUS,4967,0.0004148045577324121
RUS,4968,0.0002987013971533179
RUS,4969,2.533048711674715e-05
RUS,4970,0.00025377357688242334
RUS,4971,5.434269158862354e-08
RUS,4972,0.00018387528982655632
RUS,4973,3.1708960541961835e-05
RUS,4974,0.0009606565162307898
RUS,4975,4.143630233632545e-07
RUS,4976,2.374775622422849e-05
RUS,4978,3.203501669149358e-05
RUS,4988,0.0002366080791768669
RUS,4990,7.472120093435737e-08
RUS,4992,1.495782585976863e-05
RUS,4996,2.1872933364420976e-06
RUS,5000,1.6099022383129726e-05
RUS,5003,1.615336507471835e-05
RUS,5012,1.152065061678819e-05
RUS,5015,1.7280975925182285e-05
RUS,5077,0.00023666242186845554
RUS,5078,0.0018568829787468178
RUS,5079,0.0001358431432986617
RUS,5080,6.385266261663266e-07
RUS,5082,5.705982616805472e-07
RUS,5083,6.7928364485779425e-09
RUS,5084,1.5623523831729268e-07
RUS,5085,0.00014955108725189198
RUS,5086,0.00010208274614922932
RUS,5087,8.51821690651674e-06
RUS,5089,0.0004017147618960024
RUS,5090,0.0007399708456893897
RUS,5091,3.443968079429017e-06
RUS,5093,2.832612799057002e-06
RUS,5094,3.7557592724187446e-05
RUS,5095,3.6728866677460936e-05
RUS,5096,4.143630233632545e-07
RUS,5097,1.2295033971926076e-06
RUS,5099,3.681717355129245e-05
RUS,5117,1.2736568341083642e-05
RUS,5118,2.9705073789631345e-05
RUS,5125,1.3823422172856113e-05
RUS,5126,1.8340658411160445e-07
RUS,5131,7.716662205584544e-06
RUS,5136,3.7496457196150243e-06
RUS,5195,3.328489859803192e-05
RUS,5196,0.00010472515952772615
RUS,5197,0.002388870758053648
RUS,5198,2.7252859831694708e-05
RUS,5199,4.462893546715708e-06
RUS,5206,6.792836448577943e-08
RUS,5207,2.717134579431177e-08
RUS,5209,8.762759018665546e-07
RUS,5210,3.343434099990063e-05
RUS,5214,2.717134579431177e-08
RUS,5215,1.2227105607440297e-07
RUS,5219,3.2537686588688344e-06
RUS,5229,1.436684908874235e-05
RUS,5239,6.792836448577943e-08
RUS,5243,1.3049038817718228e-05
RUS,5245,2.4454211214880593e-06
RUS,5249,5.006320462601944e-06
RUS,5250,1.1547821962582503e-06
RUS,5251,2.3557556803668305e-05
RUS,5252,5.828253672879875e-06
RUS,5315,0.0002273698216068009
RUS,5316,0.0003872663987698771
RUS,5319,5.101420172882035e-06
RUS,5325,1.3585672897155885e-08
RUS,5327,3.4915179345690626e-06
RUS,5328,1.1615750327068281e-06
RUS,5329,0.0016982634548360744
RUS,5348,4.45610071026713e-06
RUS,5351,3.1247047663458536e-07
RUS,5358,9.903955542026641e-06
RUS,5360,4.5512004205472215e-07
RUS,5363,3.7224743738207127e-06
RUS,5419,2.723927415879755e-06
RUS,5425,8.015547009321972e-07
RUS,5433,9.292600261654625e-06
RUS,5438,9.482799682214809e-06
RUS,5443,1.792629538779719e-05
RUS,5446,8.538595415862473e-06
RUS,5447,1.4346470579396615e-05
RUS,5448,9.50997102800912e-08
RUS,5451,8.117439556050641e-06
RUS,5452,2.486178140179527e-06
RUS,5500,1.901994205601824e-07
RUS,5512,2.710341742982599e-06
RUS,5519,3.3013185140088804e-06
RWA,1111,0.3902637916418558
RWA,1157,0.6097362083581441
SAU,1773,0.0010949856268257054
SAU,1825,0.027068999779154324
SAU,1826,0.014574904285036284
SAU,1827,0.004586153830426092
SAU,1886,0.0928602147706685
SAU,1887,0.006259371411870462
SAU,1888,0.0035861864601295134
SAU,1889,0.0005914658901264057
SAU,1890,0.00064713244424627
SAU,1943,0.005850799910877497
SAU,1944,0.02598136633872181
SAU,1945,0.004679841691322165
SAU,1946,0.001891472486087913
SAU,2002,0.2408050406029745
SAU,2003,0.01087241323824879
SAU,2004,0.00213717555326603
SAU,2005,0.002035085193634883
SAU,2062,0.00940323633442113
SAU,2063,0.007671551365945205
SAU,2064,0.0020172999046456437
SAU,2065,0.003327599561557616
SAU,2067,4.481332658706046e-06
SAU,2068,6.651978165266787e-06
SAU,2123,0.009247790107822264
SAU,2124,0.05167480705412175
SAU,2125,0.010405304329401477
SAU,2126,0.00946828567879516
SAU,2127,0.19701401802868138
SAU,2128,0.0001315691260266978
SAU,2129,1.6104789242224853e-06
SAU,2186,0.003116206697547717
SAU,2187,0.003702351005141909
SAU,2188,0.012976819046448033
SAU,2189,0.01002432103258867
SAU,2190,0.0076604880759440245
SAU,2191,0.035756063138055995
SAU,2253,0.0051489111832076625
SAU,2254,0.002347448084111253
SAU,2255,0.0264695515152296
SAU,2256,0.012478550871458154
SAU,2257,0.0011714483653148774
SAU,2258,0.026255917984890347
SAU,2316,0.002020940987430842
SAU,2317,0.027683922644916144
SAU,2318,0.006633422647226832
SAU,2319,0.019036981217474453
SAU,2320,0.008133898858842643
SAU,2321,0.006703653532487491
SAU,2385,0.000546582542716553
SAU,2386,0.011254236784935104
SAU,2387,0.0030791656822905995
SAU,2453,0.0006334083629789827
SAU,2454,0.0031412041312845612
SAU,2455,0.0063431163159300315
SAU,2524,0.011372081829694515
SAU,2525,0.0004124926670693331
SDN,1356,0.007706739886372938
SDN,1357,0.009945545535476592
SDN,1358,0.018168526745426582
SDN,1359,0.001176756453417414
SDN,1399,0.0035965985484936566
SDN,1400,0.015118635580439256
SDN,1401,0.011613396102542266
SDN,1402,0.0009063555055983439
SDN,1444,0.016106064439353904
SDN,1445,0.010252552686240217
SDN,1446,0.010449467463831918
SDN,1488,0.0022557008196934488
SDN,1489,0.049123842656371354
SDN,1490,0.016992396039068047
SDN,1491,0.03471030668371775
SDN,1534,0.003907242854037029
SDN,1535,0.010261352254255736
SDN,1536,0.007360779981193955
SDN,1537,0.011081902194404985
SDN,1538,0.006100525404607071
SDN,1581,0.00672482542341468
SDN,1582,0.013268809946812673
SDN,1583,0.021032062614440825
SDN,1584,0.010011992051291548
SDN,1585,0.014082202904975968
SDN,1586,0.009507209720730261
SDN,1624,0.01851319604729662
SDN,1625,0.023448384882310862
SDN,1626,0.015552708493346959
SDN,1627,0.01631107481951988
SDN,1628,0.023160032815740136
SDN,1629,0.010721862980401172
SDN,1667,0.0341031755998382
SDN,1668,0.02178534474576034
SDN,1669,0.011783794848513872
SDN,1670,0.028971384860761697
SDN,1671,0.14794111422946074
SDN,1672,0.037809475429591975
SDN,1673,0.007469268877527495
SDN,1714,0.0009333799567037788
SDN,1715,0.002781563004300799
SDN,1716,0.002001608404596472
SDN,1717,0.0013108227607827266
SDN,1718,0.1389948085286352
SDN,1719,0.01367003113912911
SDN,1720,0.018003485958646644
SDN,1764,0.0009706119067072145
SDN,1765,0.0013030009225467108
SDN,1766,0.001128065510398215
SDN,1767,0.017667850879939204
SDN,1768,0.004535883993065627
SDN,1769,0.01592749187242566
SDN,1819,0.0010075700923723896
SDN,1820,0.0008500382702990293
SDN,1821,0.0011263447059862914
SDN,1822,0.010916040114610268
SDN,1823,0.004297513472823042
SDN,1824,0.004906404470305701
SDN,1879,0.0022526894119725828
SDN,1880,0.0017504100696468208
SDN,1881,0.009596183130664942
SDN,1882,0.012125452742663047
SDN,1883,0.002286362425578631
SDN,1884,0.008146718287148833
SDN,1937,8.408476103717106e-06
SDN,1938,2.581206617885251e-06
SDN,1939,0.0005405281312998796
SDN,1940,0.0006503858493247231
SDN,1942,0.00021040744854882804
SDN,1998,3.21477551500254e-05
SDN,1999,0.000996854173989048
SDN,2060,3.574580073859272e-05
SEN,1608,0.08700124849715953
SEN,1610,0.05223165122202491
SEN,1651,0.3367558933388803
SEN,1652,0.15371259912112992
SEN,1653,0.08973749887113087
SEN,1698,0.10728793631594469
SEN,1699,0.052252623577464394
SEN,1700,0.03023528842766827
SEN,1748,0.09078526062859714
SGP,1246,1.0
SLE,1428,0.31735490858299553
SLE,1473,0.6826450914170045
SLV,1647,0.665335567300536
SLV,1648,0.334664432699464
SOM,1204,0.061575110981574914
SOM,1242,0.03943225237948991
SOM,1281,0.05617005802570946
SOM,1282,0.23764204245594275
SOM,1321,0.06448746226558355
SOM,1322,0.047431471984430235
SOM,1323,0.018114562811928196
SOM,1362,0.016769811377288325
SOM,1363,0.03854971136959333
SOM,1364,0.04536676184399317
SOM,1407,0.025606287287527913
SOM,1452,0.02428247577268304
SOM,1453,0.0071527701641213035
SOM,1495,0.056606391476397136
SOM,1496,0.1021057728124253
SOM,1497,0.05325787698495118
SOM,1498,0.01775228517514966
SOM,1542,0.02325761140548061
SOM,1543,0.01971621131137014
SOM,1544,0.026905243287819368
SOM,1545,0.01383532847073212
SOM,1591,0.003982500355808393
SRB,3189,0.2047700409553014
SRB,3190,0.2912644188515293
SRB,3270,0.26163707688990145
SRB,3271,0.10918006158434192
SRB,3356,0.13314840171892592
SSD,1356,0.007706739886372938
SSD,1357,0.009945545535476592
SSD,1358,0.018168526745426582
SSD,1359,0.001176756453417414
SSD,1399,0.0035965985484936566
SSD,1400,0.015118635580439256
SSD,1401,0.011613396102542266
SSD,1402,0.0009063555055983439
SSD,1444,0.016106064439353904
SSD,1445,0.010252552686240217
SSD,1446,0.010449467463831918
SSD,1488,0.0022557008196934488
SSD,1489,0.049123842656371354
SSD,1490,0.016992396039068047
SSD,1491,0.03471030668371775
SSD,1534,0.003907242854037029
SSD,1535,0.010261352254255736
SSD,1536,0.007360779981193955
SSD,1537,0.011081902194404985
SSD,1538,0.006100525404607071
SSD,1581,0.00672482542341468
SSD,1582,0.013268809946812673
SSD,1583,0.021032062614440825
SSD,1584,0.010011992051291548
SSD,1585,0.014082202904975968
SSD,1586,0.009507209720730261
SSD,1624,0.01851319604729662
SSD,1625,0.023448384882310862
SSD,1626,0.015552708493346959
SSD,1627,0.01631107481951988
SSD,1628,0.023160032815740136
SSD,1629,0.010721862980401172
SSD,1667,0.0341031755998382
SSD,1668,0.02178534474576034
SSD,1669,0.011783794848513872
SSD,1670,0.028971384860761697
SSD,1671,0.14794111422946074
SSD,1672,0.037809475429591975
SSD,1673,0.007469268877527495
SSD,1714,0.0009333799567037788
SSD,1715,0.002781563004300799
SSD,1716,0.002001608404596472
SSD,1717,0.0013108227607827266
SSD,1718,0.1389948085286352
SSD,1719,0.01367003113912911
SSD,1720,0.018003485958646644
SSD,1764,0.0009706119067072145
SSD,1765,0.0013030009225467108
SSD,1766,0.001128065510398215
SSD,1767,0.017667850879939204
SSD,1768,0.004535883993065627
SSD,1769,0.01592749187242566
SSD,1819,0.0010075700923723896
SSD,1820,0.0008500382702990293
SSD,1821,0.0011263447059862914
SSD,1822,0.010916040114610268
SSD,1823,0.004297513472823042
SSD,1824,0.004906404470305701
SSD,1879,0.0022526894119725828
SSD,1880,0.0017504100696468208
SSD,1881,0.009596183130664942
SSD,1882,0.012125452742663047
SSD,1883,0.002286362425578631
SSD,1884,0.008146718287148833
SSD,1937,8.408476103717106e-06
SSD,1938,2.581206617885251e-06
SSD,1939,0.0005405281312998796
SSD,1940,0.0006503858493247231
SSD,1942,0.00021040744854882804
SSD,1998,3.21477551500254e-05
SSD,1999,0.000996854173989048
SSD,2060,3.574580073859272e-05
STP,1307,1.0
SUR,1264,0.0029089166047914887
SUR,1265,0.0039263325093752644
SUR,1301,0.012761168078047313
SUR,1302,0.021318740190042953
SUR,1339,0.09920862430331683
SUR,1340,0.8598762183144262
SVK,3531,0.47178043476082143
SVK,3532,0.28032812515659605
SVK,3621,0.24789144008258251
SVN,3354,0.33363149998954567
SVN,3441,0.6663685000104543
SWE,4088,0.0765710928385938
SWE,4176,0.13557013692265296
SWE,4177,0.10920673398731068
SWE,4178,0.03445843395950164
SWE,4268,0.08055073173499841
SWE,4269,0.05634150998350582
SWE,4270,0.03028363019816523
SWE,4365,0.03770208969056101
SWE,4366,0.05648165246483035
SWE,4367,0.20415091370076163
SWE,4469,0.005469475744847883
SWE,4470,0.03573711653239219
SWE,4471,0.038313135990564365
SWE,4579,0.001384494849058396
SWE,4580,0.011623517726769816
SWE,4581,0.015135231224121061
SWE,4699,0.0014111438667599278
SWE,4700,0.011764287243804966
SWE,4701,0.014963109921554698
SWE,4823,0.0001608346597751262
SWE,4824,0.002676501930799712
SWE,4825,0.011226133845161683
SWE,4949,0.00017792138288963763
SWE,4950,0.0016505147492907443
SWE,4951,0.0051413793092637316
SWE,4952,0.016982164909764858
SWE,5072,0.00019391079351055662
SWE,5073,0.0037379166299589513
SWE,5074,0.0004196436493352951
SWE,5191,0.0005074286488226935
SWE,5192,5.486562467962394e-06
SWE,5193,1.7243482042167525e-06
SWZ,341,1.0
SXM,1802,1.0
SYC,891,1.0
SYR,2591,0.26191635081748627
SYR,2656,0.14571047820232239
SYR,2657,0.018774038613490987
SYR,2728,0.2506123584220022
SYR,2729,0.05811488096024828
SYR,2804,0.17652012944883924
SYR,2805,0.08835176353561063
TCA,1918,1.0
TCD,1484,0.16585354639383407
TCD,1485,0.23440436649418056
TCD,1486,0.015554735938316806
TCD,1531,0.07238236410263074
TCD,1532,0.03201504897213001
TCD,1533,0.006856464697652863
TCD,1534,0.0017275265784212107
TCD,1578,0.017955281550182733
TCD,1579,0.026149454871241797
TCD,1580,0.01933397103552641
TCD,1581,0.021436988926171477
TCD,1621,0.11653357881869167
TCD,1622,0.038089545515577555
TCD,1623,0.01449689661594702
TCD,1624,0.02301092056676199
TCD,1664,0.061839121130432086
TCD,1665,0.039052429182238564
TCD,1666,0.045043631290853835
TCD,1667,0.011502461683727034
TCD,1711,0.0042203624240812875
TCD,1712,0.006240918824242412
TCD,1713,0.006304389183584599
TCD,1714,0.01161041127126965
TCD,1760,0.0016159120357459734
TCD,1761,0.0008479373465924747
TCD,1762,8.579326787723466e-05
TCD,1763,0.0019081089131375649
TCD,1817,0.0018707930063327092
TCD,1818,0.0007063368073776214
TCD,1876,0.0006923433423258005
TCD,1877,0.0005510759808502763
TCD,1934,2.7820341233977067e-05
TCD,1993,7.94628908299824e-05
TGO,1389,0.5858524946907527
TGO,1434,0.14539584324330398
TGO,1478,0.0712516589446927
TGO,1479,0.07202348179249676
TGO,1525,0.12547652132875384
THA,1412,0.02655181310210167
THA,1458,0.016354315322230126
THA,1502,0.011157070873134419
THA,1503,0.025887874948575237
THA,1596,0.004198965022699841
THA,1638,0.0075117961899249
THA,1639,0.009377647037264453
THA,1683,0.2486146127635972
THA,1684,0.09181790619415393
THA,1685,0.01828724001447277
THA,1732,0.041206469682533144
THA,1733,0.09112312949124676
THA,1734,0.0536249360668439
THA,1784,0.0401572671130573
THA,1785,0.08715454424706169
THA,1786,0.022643540943916993
THA,1839,0.0034533442499162367
THA,1840,0.02578112612379578
THA,1841,0.0718970137945378
THA,1842,0.020261440918963466
THA,1901,0.018785104672263613
THA,1902,0.06415284122770874
TJK,2890,0.38732844370897196
TJK,2891,0.1038360507327816
TJK,2892,0.013277247651621865
TJK,2893,0.004197925655848235
TJK,2966,0.19773390480484304
TJK,2967,0.06772767820872812
TJK,2968,0.016771759207115156
TJK,3045,0.20912699003009003
TKM,2738,0.03297089000658455
TKM,2814,0.04427667690620772
TKM,2815,0.026571871421987324
TKM,2885,0.09203979869130206
TKM,2886,0.09501565566247855
TKM,2887,0.06947823410671658
TKM,2888,0.23421013069383464
TKM,2889,0.09483877121802999
TKM,2890,0.058549368510185364
TKM,2960,0.005678824153709804
TKM,2961,0.038996382975505055
TKM,2962,0.01295146050059224
TKM,2963,0.010956957192420949
TKM,2964,0.014881445747873914
TKM,3038,0.0018074318014770006
TKM,3039,0.00022936324995685933
TKM,3040,0.016708016878418646
TKM,3041,0.013633993671056055
TKM,3042,0.004594673771679535
TKM,3121,0.020713075835269646
TKM,3122,0.09243246363604651
TKM,3200,0.018464513368667005
TTO,1517,1.0
TUN,2513,0.0018098985966637589
TUN,2584,0.017573249792599492
TUN,2585,0.0852967508904795
TUN,2586,0.0050709489635710325
TUN,2652,0.05140351874321809
TUN,2653,0.037350602543452426
TUN,2722,0.0739370430605693
TUN,2723,0.2329532685329497
TUN,2795,0.10195683879388065
TUN,2796,0.39264788008261603
TUR,2801,0.017948580077866736
TUR,2802,0.016967295832899677
TUR,2804,0.026291434636089208
TUR,2875,0.11218119858278942
TUR,2876,0.04484052688700831
TUR,2877,0.05572936198062401
TUR,2878,0.054921963648497996
TUR,2879,0.08590291789100273
TUR,2880,0.04922471344593879
TUR,2881,0.05948375153260759
TUR,2882,0.00575065060100833
TUR,2950,0.023346612663186793
TUR,2951,0.024025494651767787
TUR,2952,0.06263753660315773
TUR,2953,0.020004264647205446
TUR,2954,0.01645196121847986
TUR,2955,0.011381831079816518
TUR,2956,0.028497720329143994
TUR,3028,0.007666164893691899
TUR,3029,0.08115595939446625
TUR,3030,0.03512384669331763
TUR,3031,0.02383125474090076
TUR,3032,0.04448887810932128
TUR,3033,0.0245640909782173
TUR,3034,0.024365674113106844
TUR,3109,0.010841434739936137
TUR,3111,0.017476907327693136
TUR,3112,0.01489797270025784
TWN,1905,0.004327960950304318
TWN,1966,0.0013320839747795578
TWN,2023,0.0003286857186356783
TWN,2024,0.0002143070377956947
TWN,2027,0.007054968151480822
TWN,2084,0.0009239677272020217
TWN,2085,0.0002754216077676559
TWN,2087,0.004240957476788369
TWN,2088,0.006828454032250451
TWN,2089,0.014444604594442677
TWN,2090,0.008092031944291932
TWN,2092,0.0031723842217342233
TWN,2144,0.0008469129716871547
TWN,2145,0.003239109566239115
TWN,2146,0.007110943365832734
TWN,2147,0.0036862575208639024
TWN,2148,0.00775991465175834
TWN,2149,0.0087997153426731
TWN,2150,0.017506291650205622
TWN,2151,0.0072910547430516184
TWN,2152,0.012949038766963523
TWN,2153,0.0034611380900399415
TWN,2154,0.0031722926063605878
TWN,2210,0.0006406138291229081
TWN,2211,0.0024630757623080863
TWN,2212,0.005232949174179822
TWN,2213,0.003877675836234755
TWN,2214,0.0026136265052803926
TWN,2215,0.002986724332857694
TWN,2216,0.005883226201547144
TWN,2217,0.0035911856681805124
TWN,2218,0.006237252910424292
TWN,2219,0.0031089072203799753
TWN,2278,0.0012741652692490708
TWN,2279,0.0032436200668187745
TWN,2280,0.004980072064083641
TWN,2281,0.00654329984760592
TWN,2282,0.0028778914952664143
TWN,2283,0.009230223988612483
TWN,2284,0.0029537872718313116
TWN,2285,0.0038283965493850474
TWN,2286,0.003424316715065349
TWN,2336,0.00014080393458108006
TWN,2337,0.00010157387580255979
TWN,2338,9.985097309642684e-05
TWN,2339,0.0004970151809111261
TWN,2340,0.0001748225906981481
TWN,2341,6.170339887823895e-05
TWN,2342,0.0005924365951657655
TWN,2343,0.0046855081800440766
TWN,2344,0.011149397956510019
TWN,2345,0.011851485701342254
TWN,2346,0.007090168023289034
TWN,2347,0.024050377788979442
TWN,2348,0.010051107520551432
TWN,2349,0.011734195786347818
TWN,2350,0.009752185235241835
TWN,2351,0.0035669200467421994
TWN,2403,1.0686977808047182e-05
TWN,2404,1.814962814591783e-05
TWN,2405,0.0001566382732359994
TWN,2406,0.0002103640188507864
TWN,2407,0.0003632006988157418
TWN,2408,4.502139564978078e-05
TWN,2409,7.719529171908438e-05
TWN,2410,7.649172122835068e-05
TWN,2411,0.003942788572269735
TWN,2412,0.012343737772293988
TWN,2413,0.013134676419098879
TWN,2414,0.0027093120920201746
TWN,2415,0.010733932021239774
TWN,2416,0.004910224681117971
TWN,2417,0.005138585339335401
TWN,2418,0.006314169798143883
TWN,2470,6.231713293463118e-05
TWN,2471,2.2753523038506444e-05
TWN,2472,2.068906398794652e-06
TWN,2473,2.407616440351403e-05
TWN,2474,2.861601748152259e-05
TWN,2475,7.642767941377062e-05
TWN,2476,3.916690643358715e-05
TWN,2477,0.000123957379467937
TWN,2478,7.104460911045797e-05
TWN,2479,0.005016720881946726
TWN,2480,0.013976056889582034
TWN,2481,0.01401227431466635
TWN,2482,0.002919046366360924
TWN,2483,0.012730296833508159
TWN,2484,0.012744828099130303
TWN,2485,0.007885870669522963
TWN,2486,0.010044599271144733
TWN,2541,9.26560531222867e-06
TWN,2542,1.6810976327265228e-06
TWN,2543,1.5983769555606146e-06
TWN,2544,5.08420850193905e-06
TWN,2545,9.584035445835071e-06
TWN,2546,9.608051126302592e-05
TWN,2547,7.997666330508217e-05
TWN,2548,0.00019249546311330326
TWN,2549,0.0001081434986148974
TWN,2550,0.0008633450339448212
TWN,2551,0.008181379170327583
TWN,2552,0.010029976390148954
TWN,2553,0.002010127576115569
TWN,2554,0.006669778873522947
TWN,2555,0.005194299939080758
TWN,2556,0.014094985207666142
TWN,2557,0.013403558646022192
TWN,2607,7.316777315771628e-06
TWN,2608,3.775798651282587e-06
TWN,2609,1.265715307603091e-06
TWN,2610,2.648840608602955e-06
TWN,2611,1.556571882154188e-07
TWN,2612,4.3441697556806015e-06
TWN,2613,3.889739713056274e-05
TWN,2614,4.328692983823755e-05
TWN,2615,0.00019193331829643387
TWN,2616,0.00010985394874597312
TWN,2617,0.00035074723428886136
TWN,2618,0.0033806206291895164
TWN,2619,0.0065925666818805705
TWN,2620,0.005104973170846987
TWN,2621,0.01954803008810398
TWN,2622,0.024857924613032094
TWN,2623,0.027196294062429516
TWN,2624,0.022976276480069533
TWN,2673,4.500716413542966e-07
TWN,2678,4.0292975006619834e-07
TWN,2679,4.266785896396365e-06
TWN,2680,9.54667772066337e-06
TWN,2681,4.881320475470838e-05
TWN,2682,0.0005019944319947255
TWN,2683,0.003186356900418086
TWN,2684,0.010268144340693602
TWN,2685,0.007133574142059962
TWN,2686,0.014616842386346801
TWN,2687,0.012333796170050081
TWN,2688,0.01847661853540643
TWN,2689,0.003747469043027381
TWN,2744,3.7296351766061283e-05
TWN,2745,2.1124904114949692e-05
TWN,2746,2.1676375296055748e-05
TWN,2750,1.1189528158571248e-06
TWN,2751,1.5209930962763778e-07
TWN,2752,5.241644629448359e-06
TWN,2753,0.0001139597406362724
TWN,2754,0.002383086646427947
TWN,2755,0.0026338441503554583
TWN,2756,0.0040244534489647195
TWN,2757,0.003772076220810121
TWN,2758,0.009520270256315213
TWN,2759,0.011551584109951371
TWN,2760,0.01633956186173248
TWN,2761,0.0024605132002552374
TWN,2820,9.08886769338065e-05
TWN,2821,0.0001105317246169454
TWN,2822,0.00012694599748167305
TWN,2823,5.826026187491389e-07
TWN,2826,8.156436662487944e-07
TWN,2827,4.440410371480078e-05
TWN,2828,2.7356528461448115e-05
TWN,2829,0.00011550741782195713
TWN,2830,0.004422915392994312
TWN,2831,0.0013938878837279015
TWN,2832,0.0013058997673127835
TWN,2833,0.0010462760299445222
TWN,2834,0.005421927674309104
TWN,2835,0.012562332943257606
TWN,2836,0.01584145263315561
TWN,2837,0.009264691826901258
TWN,2893,5.3268558216257146e-05
TWN,2894,0.0012888237290307287
TWN,2895,0.0006691489048665587
TWN,2896,8.451295850450295e-05
TWN,2897,1.9516742993272678e-05
TWN,2898,5.745084449619371e-06
TWN,2899,6.523370390696465e-06
TWN,2900,5.879394366308103e-07
TWN,2901,3.0526598283160987e-06
TWN,2902,6.145434737709428e-05
TWN,2903,0.0006611223307725247
TWN,2904,0.0023274263043310543
TWN,2905,0.0008499558473493544
TWN,2906,0.002311800991043167
TWN,2907,0.00288801099143971
TWN,2908,0.009389092162253374
TWN,2909,0.01990720148941906
TWN,2910,0.016331376962041292
TWN,2911,0.002330077813348598
TWN,2969,0.00046588641167698313
TWN,2970,0.0009806064859105544
TWN,2971,0.00012114487644429613
TWN,2972,8.229728961396233e-05
TWN,2973,8.894696469452501e-10
TWN,2974,5.827805126785279e-06
TWN,2976,4.790683518447118e-06
TWN,2977,1.3932652549750399e-05
TWN,2978,0.0004686748990201565
TWN,2979,0.00039515756429119074
TWN,2980,4.2500638670337946e-05
TWN,2981,2.998846914675911e-05
TWN,2982,0.0007728806340326077
TWN,2983,0.0005891535626988907
TWN,2984,0.0025762758958658674
TWN,2985,0.0035309418889929107
TWN,2986,0.019050575509187262
TWN,2988,0.002678001870978055
TWN,3047,8.849333517458294e-06
TWN,3048,6.552900782975047e-05
TWN,3049,0.0002702644627546673
TWN,3050,0.0001728924415642769
TWN,3051,4.876072604553861e-06
TWN,3052,1.0286716466921818e-05
TWN,3054,9.190000392238325e-06
TWN,3055,0.00012170168444328386
TWN,3056,0.00016558100106638693
TWN,3057,4.789527207906089e-05
TWN,3059,1.575072850810649e-05
TWN,3060,0.0009097620074706591
TWN,3061,0.0017921310182243454
TWN,3062,0.0038934906065574417
TWN,3063,0.002686337091039579
TWN,3064,0.006077524619634805
TWN,3065,0.00286494704349442
TWN,3066,0.0036709515271792685
TWN,3067,0.0018103518039420188
TWN,3130,0.0004107802091701371
TWN,3131,0.0006042665414701374
TWN,3132,0.00016636907117358044
TWN,3133,0.00025781099822778686
TWN,3134,3.220146962835889e-05
TWN,3135,3.332309085315685e-05
TWN,3136,2.755576966236385e-05
TWN,3137,8.690118450655095e-07
TWN,3138,5.470238328713289e-07
TWN,3139,5.608995593636747e-06
TWN,3140,1.501869498867055e-05
TWN,3141,0.00043863039328563986
TWN,3142,0.00025746321559583127
TWN,3143,0.0012991282348905893
TWN,3144,0.0009695948516813722
TWN,3145,0.001654746204966123
TWN,3146,0.003038404298284507
TWN,3147,0.013645849288380432
TWN,3148,0.0016413374500384233
TWN,3149,0.0012025167102483372
TWN,3209,8.252321490428642e-05
TWN,3210,0.0013425468062365747
TWN,3211,0.00014947003735126763
TWN,3212,0.001722101293981052
TWN,3213,0.0003708190063418279
TWN,3214,0.0002540298627586226
TWN,3215,4.086401451995868e-05
TWN,3216,1.0673635763343001e-06
TWN,3217,1.51120893015998e-06
TWN,3218,1.2559311414866932e-06
TWN,3221,2.726936043604748e-05
TWN,3222,0.0001639292559320096
TWN,3223,0.00019356816350751924
TWN,3224,0.0018056723041294399
TWN,3225,0.0017236320712434446
TWN,3226,0.005821473881838323
TWN,3227,0.008530088629655293
TWN,3228,0.004579148957540951
TWN,3229,0.0014797403835207041
TWN,3294,0.00026803545181942255
TWN,3295,0.00040946735197124593
TWN,3296,0.00048528574467685904
TWN,3297,0.0009199686716693558
TWN,3298,0.00015283134314707372
TWN,3299,4.5062311253540265e-05
TWN,3307,2.89700264010068e-06
TWN,3308,3.5024646287763116e-05
TWN,3309,0.00016136847281845423
TWN,3310,0.0003601862861822443
TWN,3311,0.0010862737010283563
TWN,3312,0.002513624322343985
TWN,3313,0.00266822571008848
TWN,3314,0.0015493476096816985
TWN,3381,5.837589292901677e-05
TWN,3382,0.00016971258757644762
TWN,3383,4.247662298987042e-05
TWN,3384,3.4958825533889166e-05
TWN,3395,4.120379192509177e-05
TWN,3396,0.00018024123978733854
TWN,3397,0.0016320834078316047
TWN,3398,0.002191822209306016
TWN,3399,0.005918715150990612
TWN,3400,0.0015409474583359475
TWN,3401,0.0010952359971909767
TWN,3468,0.00012338011366706955
TWN,3469,7.551953090423952e-05
TWN,3470,0.00022851186805741033
TWN,3471,8.616025629064555e-05
TWN,3482,3.858519328448496e-06
TWN,3483,0.0001608134437587604
TWN,3484,0.0030832157790976087
TWN,3485,0.003762043892662226
TWN,3486,0.004993506613631102
TWN,3487,0.0027890201354918796
TWN,3488,0.002083104113299192
TWN,3489,7.293562157986357e-05
TWN,3559,7.865669034901542e-05
TWN,3571,4.578811848544759e-05
TWN,3572,7.923128774094205e-05
TWN,3573,0.0005069612305032678
TWN,3574,0.001235173588335932
TWN,3575,0.0007485287340385406
TWN,3576,0.0002637010662298583
TWN,3660,0.000227656198257049
TWN,3661,0.0004564384650871307
TWN,3662,0.00017250819067679655
TWN,3663,0.00043155644118348426
TWN,3664,0.00028007976030870816
TWN,3752,6.925766458974496e-05
TWN,3753,0.00019829836308997407
TWN,3754,0.00016855271915683102
TWN,3755,5.1599913158587854e-05
TWN,3847,2.1111562070245512e-05
TWN,3848,0.00018650399557148005
TWN,3849,0.0001513405920187935
TWN,3850,2.5369453270172427e-05
TWN,3943,2.0580548691019197e-05
TZA,816,0.004057772952927801
TZA,817,0.00705456385414603
TZA,850,0.011202799171364743
TZA,851,0.024825659516724326
TZA,852,0.028347003511354548
TZA,887,0.0750300851671005
TZA,888,0.04820743680378546
TZA,889,0.019316458658249352
TZA,890,0.007045217505607916
TZA,932,0.0027085117839233974
TZA,933,0.013532955332128282
TZA,934,0.015929093283718228
TZA,935,0.028492729376863937
TZA,976,0.004033420998938589
TZA,977,0.008410041631123032
TZA,978,0.020574657238744798
TZA,979,0.05285523016305048
TZA,1021,0.05528742444088149
TZA,1022,0.05655899944680764
TZA,1023,0.06462734200522993
TZA,1024,0.07253713962377174
TZA,1066,0.07569110352380062
TZA,1067,0.027030883293817858
TZA,1068,0.07291952532382417
TZA,1112,0.09712686814964636
TZA,1113,0.016074004559217415
TZA,1114,0.004104590441935231
TZA,1158,0.048445682945190485
TZA,1159,0.03797279929612563
UGA,1199,0.17235032870090747
UGA,1200,0.4410354291997144
UGA,1238,0.12729741624026888
UGA,1239,0.06418286269026363
UGA,1277,0.11112693645395962
UGA,1278,0.01287723250606846
UGA,1317,0.07112979420881757
UKR,3360,0.004210301522084503
UKR,3361,0.008853067311180303
UKR,3362,0.010450388412361813
UKR,3447,0.046161441114697194
UKR,3448,0.05756082221282361
UKR,3449,0.046736806262223235
UKR,3450,0.038595871894083096
UKR,3533,0.030196918639966323
UKR,3534,0.03676267234377724
UKR,3535,0.03982645495584342
UKR,3536,0.020245293143472648
UKR,3537,0.027661215090071304
UKR,3538,0.046704157806403204
UKR,3539,0.0997987448600659
UKR,3540,0.027966949377352855
UKR,3622,0.02572461172665478
UKR,3623,0.04072227379465254
UKR,3624,0.04279527696848314
UKR,3625,0.02044059101350947
UKR,3626,0.03741461927934452
UKR,3627,0.020916906838275292
UKR,3628,0.04265274407306843
UKR,3629,0.0030958790902361616
UKR,3714,0.02531396079862907
UKR,3715,0.03684242289240214
UKR,3716,0.07642287980887018
UKR,3717,0.02175736436314536
UKR,3718,0.013137742710705815
UKR,3809,0.010972395720382352
UKR,3810,0.012039000532842424
UKR,3812,0.02802022544239169
URY,146,0.570622513657569
URY,147,0.13751585995589685
URY,172,0.06162077668073978
URY,173,0.06303605265782387
URY,174,0.026777700209434527
URY,199,0.054256285806101305
URY,200,0.02496176988796915
URY,231,0.0612090411444655
USA,1847,0.00043868767165173244
USA,2163,0.009331653650140955
USA,2228,0.004618532538213826
USA,2229,0.0026063359040357174
USA,2230,0.00993191174467465
USA,2293,0.002073872714341383
USA,2294,0.0023235876639922833
USA,2295,0.021303057469367292
USA,2296,0.0020045957251651424
USA,2357,8.84139966483708e-06
USA,2358,0.0006801187455262773
USA,2359,0.007187872086216386
USA,2360,0.014801311448575572
USA,2362,0.004075253385082948
USA,2364,0.003988233198155782
USA,2424,1.91416535045343e-05
USA,2425,0.00010853596299015188
USA,2426,0.00020610264347442866
USA,2427,0.005858470312229267
USA,2428,0.004109174067664648
USA,2429,0.006139555272672064
USA,2430,0.0048739806918512785
USA,2431,0.005389007321933351
USA,2432,0.0023703778563331003
USA,2433,0.005453680092997215
USA,2490,0.00011477558450874159
USA,2491,0.0013625883834489853
USA,2492,3.480342873846273e-05
USA,2493,9.388702282029834e-05
USA,2494,0.0007807750375592228
USA,2495,0.0005689949424870901
USA,2496,0.0026656285695757335
USA,2497,0.0011458556178341745
USA,2498,0.0018731223001963776
USA,2499,0.0018255236982172626
USA,2500,0.0012381025912158563
USA,2501,0.0018882219055094203
USA,2502,0.002372919236058095
USA,2561,0.020601613435106594
USA,2562,0.00132685574822972
USA,2563,0.011886599789755883
USA,2564,0.0024300607885950534
USA,2565,0.0009575008181430762
USA,2566,0.0006893968722370917
USA,2567,0.0020018266898523505
USA,2568,0.0008715027583447923
USA,2569,0.021923470052469595
USA,2570,0.003685781134686928
USA,2571,0.004973317510681484
USA,2572,0.003954307869541677
USA,2573,0.009020290496521205
USA,2574,0.015177300912935145
USA,2575,0.008377307488000205
USA,2576,0.0024756383664784228
USA,2628,0.0025791984287638764
USA,2629,0.0326255499427251
USA,2630,0.0002608189670964919
USA,2631,0.0006592441219350461
USA,2632,0.00021072079968401775
USA,2633,0.00044097816562691097
USA,2634,2.5711143323808935e-05
USA,2635,0.0006417192877071084
USA,2636,0.0003343563679872125
USA,2637,0.001634646102930785
USA,2638,0.0005885222166811575
USA,2639,0.0033470110359159026
USA,2640,0.0017736972067504955
USA,2641,0.005007944390188594
USA,2642,0.0055007815695091
USA,2643,0.007602005476612909
USA,2644,0.0034439783782200615
USA,2645,0.0023877586635565134
USA,2697,0.002656155309503951
USA,2698,0.001079751868789875
USA,2699,0.0005089449736652197
USA,2700,0.0003134956824931933
USA,2701,0.00019720549142074342
USA,2702,0.003137739798341937
USA,2703,0.00042496793796268154
USA,2704,0.000982115497819538
USA,2705,0.0002652698661395365
USA,2706,0.005522399558284974
USA,2707,0.0022161156424226505
USA,2708,0.0018588961489752892
USA,2709,0.0051948914420612766
USA,2710,0.0037190931870237022
USA,2711,0.003903805497310054
USA,2712,0.007054554186383228
USA,2713,0.007701281897021863
USA,2714,0.007348215956543689
USA,2768,0.0024238118750116557
USA,2769,0.005379190255463672
USA,2770,0.00012935483419253494
USA,2771,0.00403014041043998
USA,2772,0.00011194615077469757
USA,2773,0.0001528498200596296
USA,2774,0.0005540207800489556
USA,2775,0.00020318493512470838
USA,2776,0.00019116564929552628
USA,2777,0.00017522975814976107
USA,2778,0.0014963801785873529
USA,2779,0.004629720184242689
USA,2780,0.0016396312957002912
USA,2781,0.0014386996862915291
USA,2782,0.006540085080189636
USA,2783,0.0019488386902845804
USA,2784,0.004938672047044758
USA,2785,0.005260971960943556
USA,2786,0.006704647547939783
USA,2844,0.022339336412952816
USA,2845,0.003533372687705679
USA,2846,0.0001314548408391489
USA,2847,1.0997158700299196e-05
USA,2848,0.0006173694318776753
USA,2849,7.877347941004346e-05
USA,2850,0.0007186390001879505
USA,2851,0.002656996241369077
USA,2852,0.0003157629463063517
USA,2853,0.0007130358851087107
USA,2854,0.0039374752941419375
USA,2855,0.005405793437009051
USA,2856,0.005104094030789647
USA,2857,0.012746227289276017
USA,2858,0.0060791429133226806
USA,2859,0.010235975981387696
USA,2860,0.00775124532949462
USA,2861,0.003984009954700533
USA,2862,0.018958023719798083
USA,2863,0.001460136479803646
USA,2919,0.002339681520239785
USA,2920,0.00159201410959156
USA,2921,7.341660404821626e-05
USA,2922,2.7625308674262366e-05
USA,2923,0.00018792271867752508
USA,2924,8.958015078177811e-05
USA,2925,0.0009160675011640867
USA,2926,0.00861612284563129
USA,2927,0.0001284953181977925
USA,2928,0.00014818984955840438
USA,2929,0.000796673760445756
USA,2930,0.005717718760549688
USA,2931,0.0014638207835000285
USA,2932,0.0019345242644478158
USA,2933,0.00816757629321824
USA,2934,0.013213915495193601
USA,2935,0.007446117151361055
USA,2936,0.002578738471555879
USA,2937,0.01962293135523362
USA,2938,0.016595799650334028
USA,2994,0.0009488591978716117
USA,2995,0.00013434931902684912
USA,2996,8.099428289916176e-05
USA,2997,0.00011342823511157776
USA,2998,0.005118231907395059
USA,2999,0.0001425216900255083
USA,3000,0.0001461874095922747
USA,3001,0.0023211438509477727
USA,3002,0.00027142585907485395
USA,3003,0.0004208329691231098
USA,3004,0.0020351573263187412
USA,3005,0.0005445893342688089
USA,3006,0.0011821643610715376
USA,3007,0.002586752877452802
USA,3008,0.004431353184720942
USA,3009,0.004027566508488157
USA,3010,0.009560010788830607
USA,3011,0.012585586072874858
USA,3012,0.009532227515054609
USA,3013,0.04450825635732643
USA,3073,0.00021776883084090575
USA,3074,2.9562704186735862e-05
USA,3075,9.858880761315968e-06
USA,3076,1.0077244284304587e-05
USA,3077,0.0017531663895571613
USA,3078,0.00023727752090535708
USA,3079,6.575529661399854e-05
USA,3080,0.0004648959404427708
USA,3081,0.0002929137589434149
USA,3082,0.00019815792806356612
USA,3083,0.0023212135414338326
USA,3084,0.002036908880535054
USA,3085,0.004294601866941219
USA,3086,0.002855683817126701
USA,3087,0.032390827739641956
USA,3088,0.004768641199155087
USA,3089,0.01521388841811675
USA,3090,0.004553441624233601
USA,3091,0.002580717681359989
USA,3092,0.007480716154673741
USA,3093,0.025042853376783275
USA,3154,0.00185922137124357
USA,3155,4.4978239703251594e-05
USA,3156,0.0017586254776318767
USA,3157,0.000543581145237138
USA,3158,0.0012492066086614477
USA,3159,0.00013827986244064426
USA,3160,0.00043091485943981837
USA,3161,0.000154053142452269
USA,3162,0.00027846924419933794
USA,3163,0.00015443411710939809
USA,3164,0.0025464671304776037
USA,3165,0.0015839207211437692
USA,3166,0.0045319862465918685
USA,3167,0.005958443637498823
USA,3168,0.01008993724483235
USA,3169,0.011200692087854205
USA,3170,0.021166231815069103
USA,3172,0.008102239139520604
USA,3173,0.004345406231279103
USA,3174,0.030368460940531465
USA,3175,0.00237675685882381
USA,3236,0.003336088213734068
USA,3237,8.132415119984669e-05
USA,3238,0.0002800349571194904
USA,3239,1.7961561273914952e-05
USA,3240,2.4600741579249785e-05
USA,3241,5.166852636503057e-05
USA,3242,0.00025224239127868357
USA,3243,0.00014935135765940767
USA,3244,0.0005777201913418268
USA,3245,0.00010583661816342023
USA,3246,0.0005603579682480295
USA,3247,0.0008569281546934029
USA,3248,0.009899477792462235
USA,3249,0.0015830472670518147
USA,3250,0.003372884790373852
USA,3251,0.0013749421836112563
USA,3252,0.0002792358395460001
USA,3255,0.0013181908977962355
USA,3256,0.002401459813115948
USA,3257,0.0019999775689555532
USA,3258,0.0006942333919696693
USA,3321,0.008225925814180243
USA,3322,0.00020860685494019176
USA,3323,0.0002911436205974859
USA,3324,7.6241391749856274e-06
USA,3325,0.00043856222877682407
USA,3326,0.0001264417718752187
USA,3327,0.000614433139398339
USA,3328,5.984089736368975e-06
USA,3329,3.977932944316084e-05
USA,3330,7.758409511461609e-05
USA,3331,0.00037576180877177797
USA,3332,0.0014878918773852208
USA,3333,0.006020101133532482
USA,3334,0.000683199065010138
USA,3335,0.0006863304908504429
USA,3336,0.0003802591681388627
USA,3342,0.00024455785368244576
USA,3343,0.000292244730277237
USA,3406,0.0019232808660301038
USA,3407,0.0024321422111120514
USA,3408,0.002968549882317393
USA,3409,0.0006026693853513777
USA,3410,0.0008609702028848944
USA,3411,7.855976191945886e-05
USA,3412,4.161915827515006e-05
USA,3413,0.0001413973501837371
USA,3414,0.00028792856617390877
USA,3415,0.000533378458077925
USA,3416,0.0017054330526383298
USA,3417,0.0011075072663714496
USA,3418,0.0017054051764439058
USA,3419,0.00024202111998985457
USA,3420,0.00042720732558141586
USA,3421,5.726699541186645e-05
USA,3427,1.810558827843936e-05
USA,3428,0.00011417160029621988
USA,3494,6.301878352803477e-05
USA,3495,0.00015215756123143162
USA,3496,0.0003839899321592853
USA,3497,0.00038760454536960754
USA,3498,0.00010077708887544987
USA,3499,8.579363437250737e-05
USA,3500,5.385680762732078e-05
USA,3501,5.947850683617672e-05
USA,3502,0.0003870888357727621
USA,3503,0.0001400825230134014
USA,3504,0.0003019270618072005
USA,3505,0.0001039596210721989
USA,3506,0.00014221969791924745
USA,4052,2.0070859985336935e-06
USA,4053,2.8805400904881715e-06
USA,4055,6.838959698707401e-06
USA,4056,4.320810135732257e-07
USA,4143,1.9327494800694826e-06
USA,4144,1.7654923135250083e-07
USA,4145,2.6919111748852363e-05
USA,4146,5.468380139523512e-06
USA,4234,3.8608529277349525e-06
USA,4237,1.4402700452440856e-07
USA,4238,0.00015404849641986499
USA,4326,3.884083089755018e-06
USA,4327,3.4287719141617266e-06
USA,4328,1.5043852924194676e-05
USA,4329,3.2475766504052123e-06
USA,4335,2.7272210211557366e-06
USA,4337,1.2061100120818214e-05
USA,4428,3.647135437150346e-06
USA,4429,4.365412046810783e-05
USA,4433,4.6460324040131795e-09
USA,4434,4.4634433305354616e-05
USA,4435,7.526572494501351e-07
USA,4436,9.459321974570834e-06
USA,4534,1.158720481560887e-05
USA,4535,1.209826838005032e-05
USA,4536,7.549802656521417e-06
USA,4537,4.042048191491466e-07
USA,4538,1.9002272532413905e-06
USA,4539,9.338525132066491e-07
USA,4540,5.55200872279575e-06
USA,4541,1.8509793097588507e-05
USA,4542,3.6843036963824514e-06
USA,4543,1.1057557121551368e-06
USA,4647,2.6250083082674463e-06
USA,4648,1.5331906933243492e-06
USA,4651,3.052443289436659e-06
USA,4653,2.508857498167117e-07
USA,4654,1.6261113414046129e-07
USA,4655,2.299786039986524e-06
USA,4656,1.5750049849604678e-06
USA,4657,5.1199277092225235e-06
USA,4658,5.417273783079367e-06
USA,4773,5.570592852411802e-06
USA,4774,8.502239299344118e-07
USA,4776,3.6657195667663987e-06
USA,4777,0.00033910925913651794
USA,4778,1.1229460320499854e-05
USA,4779,7.015508930059902e-07
USA,4894,2.2904939751784976e-06
USA,4896,1.658633568232705e-06
USA,4897,5.468380139523512e-06
USA,4898,2.429874947298893e-06
USA,4899,2.044254257765799e-07
USA,4900,2.3648304936427085e-06
USA,4901,8.269937679143459e-07
USA,4902,1.0685874529230313e-06
USA,4903,2.945584544144356e-06
USA,4904,3.5309846270500165e-07
USA,5020,1.8955812208373774e-06
USA,5022,1.2637208138915848e-06
USA,5025,2.787619442407908e-08
USA,5026,7.154889902180296e-07
USA,5144,1.115047776963163e-06
USA,5146,2.787619442407908e-08
USA,5147,4.64603240401318e-07
USA,5257,4.785413376133575e-07
USA,5368,3.205762358769094e-07
USA,5369,4.506651431892784e-07
USA,5372,7.108429578140165e-07
UZB,2889,0.039167148875900205
UZB,2890,0.08999534145066004
UZB,2964,0.02168688577546409
UZB,2965,0.05594717395705949
UZB,2966,0.08759414211252683
UZB,3042,0.005807859870653189
UZB,3043,0.054577237360937794
UZB,3044,0.09450227815678082
UZB,3045,0.06267298667584106
UZB,3046,0.13207001649529473
UZB,3121,0.0001956807638445425
UZB,3122,0.08172623085226907
UZB,3123,0.02274297965291096
UZB,3124,0.002778860929030389
UZB,3125,0.0007042909172444473
UZB,3126,0.20282351130635803
UZB,3200,0.0024895639304410824
UZB,3201,0.03707756601671312
UZB,3202,0.005193417705535728
UZB,3203,7.689089524463207e-05
UZB,3285,0.00012341359726718228
UZB,3286,4.041481353615405e-05
UZB,3371,6.107888486396163e-06
VCT,1565,1.0
VEN,1221,1.6167354426759503e-05
VEN,1222,2.9076172302389185e-05
VEN,1260,6.266416444480428e-07
VEN,1298,0.0002435129430325094
VEN,1335,0.0038062840125418565
VEN,1336,6.391744773370036e-06
VEN,1337,0.0003168300154329304
VEN,1376,0.000551632639607612
VEN,1377,0.002681587589086509
VEN,1378,8.33433387115897e-06
VEN,1379,0.002279972959159759
VEN,1421,0.008138007043953397
VEN,1422,0.008792471577414933
VEN,1423,0.014358177335073559
VEN,1424,0.001235486666193761
VEN,1425,0.005729133898530676
VEN,1467,0.06031795546382636
VEN,1468,0.11892655784992735
VEN,1469,0.055024525500680405
VEN,1470,0.03910745174671345
VEN,1471,0.08869379306438041
VEN,1472,9.712945488944662e-06
VEN,1513,0.0116892479072049
VEN,1514,0.07542428025820644
VEN,1515,0.4543576158641601
VEN,1517,0.03234930960383465
VEN,1563,0.015905856868531337
VGB,1861,1.0
VNM,1504,0.054056242759961085
VNM,1552,0.08340550684222961
VNM,1553,0.15796921083119356
VNM,1599,0.059029291322766
VNM,1641,0.01725470101036665
VNM,1686,0.020460797949194094
VNM,1735,0.03303112288881378
VNM,1787,0.018667606309146878
VNM,1843,0.011143007021175532
VNM,1904,0.0930386788500914
VNM,1964,0.07553212862144941
VNM,1965,0.11767582418452445
VNM,2024,0.009029603165321505
VNM,2025,0.13834250285093574
VNM,2026,0.056841933924084855
VNM,2085,0.015305345727884634
VNM,2086,0.024156342281361935
VNM,2087,0.015060153459498907
YEM,1675,0.18974050677125434
YEM,1676,0.3384305060726725
YEM,1677,0.028884324820614152
YEM,1722,0.14018638164526012
YEM,1723,0.13591161941259244
YEM,1724,0.018920790794686785
YEM,1725,0.007772621578196261
YEM,1726,0.0026901390177938786
YEM,1771,0.07313529535043861
YEM,1772,0.03030951169126673
YEM,1773,0.0030215462610899873
YEM,1774,0.004417592287656058
YEM,1775,0.0011032005029789527
YEM,1825,0.02479917766933126
YEM,1827,0.00015823877528616908
YEM,1829,0.00014051475504725408
YEM,1889,0.0002587547279023582
YEM,1890,0.00011927786593215771
ZAF,150,0.00239334897787807
ZAF,175,0.0476169024332032
ZAF,176,0.009274157646539199
ZAF,177,0.0061521466465416395
ZAF,178,0.02924987050430257
ZAF,179,0.046546181811004096
ZAF,203,0.0009567983675848259
ZAF,204,0.00036917283953368603
ZAF,205,0.0006155622150816085
ZAF,206,0.0011466511048972986
ZAF,207,0.037169642706487135
ZAF,208,0.018247326010684604
ZAF,235,0.00031613823613966244
ZAF,236,0.00014058547442968037
ZAF,237,0.0004118605218053138
ZAF,238,0.0020983025424879073
ZAF,239,0.023719679939484838
ZAF,240,0.04194684271926426
ZAF,267,0.001204593863182715
ZAF,268,0.00012116509939995286
ZAF,269,0.0011491449781934658
ZAF,270,0.0022363145519204786
ZAF,271,0.01574607721689683
ZAF,272,0.08941506785510872
ZAF,302,0.0011155838109631307
ZAF,303,0.007327052805273173
ZAF,304,0.01753492722612416
ZAF,305,0.053331533499669376
ZAF,306,0.045028527257451455
ZAF,307,0.04274336993171987
ZAF,336,0.00013408548551945736
ZAF,337,0.002147914702741446
ZAF,338,0.010091325640105642
ZAF,339,0.16454350498291803
ZAF,340,0.017234442024502996
ZAF,371,4.8550937574318754e-06
ZAF,372,0.0004152564343788181
ZAF,374,0.08435364587826948
ZAF,375,0.01982356005613019
ZAF,376,0.02011698812693454
ZAF,413,0.01821487912726745
ZAF,414,0.08275605472640458
ZAF,415,0.016441920927661436
ZAF,454,0.018397038000155574
ZMB,617,0.0031825570950771765
ZMB,618,0.03389321398515356
ZMB,619,0.012423637854866608
ZMB,658,0.014238318409510696
ZMB,659,0.007460803102389672
ZMB,660,0.07176372090172596
ZMB,700,0.032138666225692836
ZMB,701,0.00990947990625066
ZMB,702,0.18045157994582844
ZMB,703,0.00485471136113762
ZMB,739,0.029618870827528447
ZMB,740,0.026400031685357463
ZMB,741,0.1255986176395507
ZMB,742,0.034027645474385596
ZMB,743,0.10276333321865701
ZMB,778,0.008711449602212887
ZMB,779,0.04861577485587643
ZMB,780,0.005212328032492525
ZMB,781,0.015608363199770109
ZMB,812,0.007929289614863902
ZMB,813,0.013316667683334919
ZMB,814,0.03163780051581218
ZMB,815,0.010525407406914867
ZMB,848,0.0268095418025557
ZMB,849,0.05953623738114738
ZMB,886,0.041885093745003994
ZMB,887,0.041486858526902634
ZWE,495,0.009728021224847182
ZWE,496,0.015178850365981062
ZWE,497,0.015899204645080798
ZWE,538,0.08261283568504346
ZWE,539,0.07080046257310184
ZWE,540,0.061511049868290944
ZWE,579,0.062354465513418396
ZWE,580,0.11727626740303781
ZWE,581,0.17347199731531915
ZWE,619,0.0321078843372938
ZWE,620,0.0975815911531022
ZWE,621,0.19828535846025133
ZWE,661,0.03464440578311507
ZWE,662,0.028547605672116956
