year,region,value
1950,ABW,25.905677081706624
1950,AGO,21.651173727208768
1950,AIA,25.825377163399637
1950,ALB,14.572674771192636
1950,ARE,26.614502989245384
1950,ARG,17.028210175300732
1950,ARM,5.180183796228915
1950,ATG,25.92573713495706
1950,AUS,15.824641548787966
1950,AUT,7.875099981356094
1950,AZE,11.29706492029121
1950,BDI,20.402847456538804
1950,BEL,9.485850148442356
1950,BEN,26.75331115130056
1950,BFA,27.767863852256745
1950,BGD,25.22945750992596
1950,BGR,10.959534351606708
1950,BHR,25.21063102781773
1950,BHS,25.2376646551614
1950,BIH,10.664894083092436
1950,BLR,6.219847524791697
1950,BLZ,25.66335222986665
1950,BMU,22.172740556299686
1950,BOL,14.931761820524226
1950,BRA,22.458632043532088
1950,BRB,26.200530257386465
1950,BRN,26.906946307746693
1950,BTN,9.056756787088007
1950,BWA,21.27249047849549
1950,CAF,24.7918880085838
1950,CAN,3.873887503203111
1950,CHE,7.326095931681796
1950,CHL,10.701468450309328
1950,CHN,13.897274982979932
1950,CIV,25.84768363665914
1950,CMR,24.11364337705586
1950,COD,23.35165962633019
1950,COG,24.39196142877274
1950,COL,20.151729153028462
1950,COM,25.80065414185325
1950,CPV,23.767040602862835
1950,CRI,23.48421140055492
1950,CUW,25.905677081706624
1950,CYM,26.44067278504372
1950,CYP,20.14340176122884
1950,CZE,8.037344119472026
1950,DEU,8.917897067939272
1950,DJI,27.257369374713253
1950,DMA,26.07091432251036
1950,DNK,8.312037435576073
1950,DOM,24.52446387406189
1950,DZA,17.246395501091058
1950,ECU,17.999700290564004
1950,EGY,21.29585789205991
1950,ESP,14.46260280855441
1950,EST,5.401429024264031
1950,ETH,19.24386626344733
1950,FIN,3.906666961978288
1950,FJI,26.473817250380915
1950,FRA,10.947147560172306
1950,GAB,25.075821082041774
1950,GBR,9.06796211336981
1950,GEO,7.75936802703847
1950,GHA,26.24497708385882
1950,GIN,25.30443726127223
1950,GMB,26.424436111047527
1950,GNB,26.92562538740705
1950,GNQ,24.07741512854894
1950,GRC,14.634777553287885
1950,GRD,26.31697617190851
1950,GTM,21.21044012514096
1950,GUY,26.25417284608564
1950,HKG,13.897274982979932
1950,HND,23.049545060096055
1950,HRV,11.437151241251245
1950,HTI,25.343893046197703
1950,HUN,10.708479790949196
1950,IDN,25.424445841445408
1950,IND,25.00595948862194
1950,IRL,9.228612945023944
1950,IRN,13.929870321767254
1950,IRQ,21.59238887317625
1950,ISL,2.717306687522918
1950,ISR,19.606741882410446
1950,ITA,13.011311037233542
1950,JAM,25.370899755507708
1950,JOR,19.24248805911074
1950,JPN,14.382670567243288
1950,KAZ,3.9975588667413535
1950,KEN,20.03014541781611
1950,KGZ,4.652121977916905
1950,KHM,26.963801254368533
1950,KNA,25.92573713495706
1950,KOR,11.979105062933476
1950,KWT,24.70914638911684
1950,LAO,23.80682248376376
1950,LBN,17.795932995019637
1950,LBR,25.188263157051768
1950,LCA,26.204252404684667
1950,LKA,25.73430722310921
1950,LSO,13.504372465605895
1950,LTU,6.489126237533702
1950,LUX,9.213819960753122
1950,LVA,5.998792829271463
1950,MAC,13.897274982979932
1950,MAR,17.287816421793234
1950,MDA,10.09814233432457
1950,MDG,20.434020976113217
1950,MDV,27.334894213515025
1950,MEX,18.110183998765866
1950,MKD,11.103892366209728
1950,MLI,27.49977011756846
1950,MLT,19.731299864749115
1950,MMR,24.606522570153672
1950,MNE,12.559092932097428
1950,MNG,-2.18125456061108
1950,MOZ,23.537369690361523
1950,MRT,28.0126664516631
1950,MSR,26.09581840100388
1950,MUS,23.652783798674744
1950,MWI,20.78578914726504
1950,MYS,26.39165030005745
1950,NAM,21.399979720240484
1950,NER,27.806645710642456
1950,NGA,26.570603805783456
1950,NIC,25.02942128446773
1950,NLD,9.722810210092016
1950,NOR,4.495450658988935
1950,NPL,18.02272983452223
1950,NZL,12.965225469990653
1950,OMN,25.56185511001636
1950,PAK,22.09564126322178
1950,PAN,25.47660504226316
1950,PER,14.2839546995289
1950,PHL,25.919682808918356
1950,POL,8.107299110727507
1950,PRT,14.400484040173712
1950,PRY,22.16667241430316
1950,PSE,19.606741882410446
1950,QAT,25.69617749005556
1950,ROU,9.93274918155186
1950,RUS,3.244240218970218
1950,RWA,18.782430260685803
1950,SAU,25.12361015585552
1950,SDN,27.465688785105453
1950,SEN,26.940952327194942
1950,SGP,26.959063777544845
1950,SLE,26.147801211571327
1950,SLV,25.81849159965832
1950,SOM,25.99393534153028
1950,SRB,11.0978835758481
1950,SSD,27.465688785105453
1950,STP,25.90346172638237
1950,SUR,26.637642700864028
1950,SVK,8.162404667938905
1950,SVN,10.036943406474853
1950,SWE,5.884258958915417
1950,SWZ,20.195453477169696
1950,SXM,25.92573713495706
1950,SYC,26.214981609334547
1950,SYR,16.660061675153617
1950,TCA,25.66236119841536
1950,TCD,27.18738735745637
1950,TGO,26.665196658076223
1950,THA,26.35904603647981
1950,TJK,9.363420742032536
1950,TKM,14.424440932708173
1950,TTO,26.099904182367027
1950,TUN,18.456012472454564
1950,TUR,11.39574793830709
1950,TWN,13.897274982979932
1950,TZA,21.58529691264684
1950,UGA,22.377824313023083
1950,UKR,7.995434038589335
1950,URY,16.90685631614698
1950,USA,12.939623204618398
1950,UZB,11.964372485108097
1950,VCT,26.31697617190851
1950,VEN,24.23806906580429
1950,VGB,25.8517924103265
1950,VNM,24.48340816403848
1950,YEM,23.002088109781194
1950,ZAF,17.612115543948864
1950,ZMB,20.818467617273555
1950,ZWE,20.47172897293838
1951,ABW,26.33249891564871
1951,AGO,21.875747847545988
1951,AIA,26.319939145818356
1951,ALB,14.241856736921388
1951,ARE,27.071468396195275
1951,ARG,17.12464633026232
1951,ARM,5.800086885566498
1951,ATG,26.43087408257027
1951,AUS,15.67693896448792
1951,AUT,7.975089389451619
1951,AZE,11.84872666776742
1951,BDI,20.49575608989037
1951,BEL,9.586288138862816
1951,BEN,27.004228985322936
1951,BFA,28.236680159893886
1951,BGD,25.475535275522567
1951,BGR,10.835353668570562
1951,BHR,25.80280489753932
1951,BHS,25.520631357096136
1951,BIH,10.642204885211322
1951,BLR,6.328877493168464
1951,BLZ,25.94417878059708
1951,BMU,22.064807431927573
1951,BOL,14.89985602353138
1951,BRA,22.18924005174313
1951,BRB,26.72882081513914
1951,BRN,27.04190149710242
1951,BTN,9.172640995291175
1951,BWA,20.53496172465824
1951,CAF,25.056507990396952
1951,CAN,4.296866252588859
1951,CHE,7.039532526307368
1951,CHL,11.17705986682891
1951,CHN,13.952352349182636
1951,CIV,26.0163558342626
1951,CMR,24.195476700120377
1951,COD,23.4958363205913
1951,COG,24.547858419729074
1951,COL,20.67748530306809
1951,COM,26.067268882577384
1951,CPV,23.536588764788277
1951,CRI,23.933801330991923
1951,CUW,26.33249891564871
1951,CYM,26.864721642962348
1951,CYP,20.517942285786077
1951,CZE,8.419900995658852
1951,DEU,9.09944686494458
1951,DJI,27.75159197707076
1951,DMA,26.62972295967241
1951,DNK,8.22924097466275
1951,DOM,24.8197157782527
1951,DZA,16.986898549699237
1951,ECU,18.57282453219365
1951,EGY,21.61361208791064
1951,ESP,13.596103148259193
1951,EST,5.147613356454157
1951,ETH,19.46387769847168
1951,FIN,3.526366250545375
1951,FJI,26.215439619729292
1951,FRA,10.628295136249642
1951,GAB,25.11547102377217
1951,GBR,8.874315848244635
1951,GEO,8.280887005809326
1951,GHA,26.53444288769072
1951,GIN,25.41599055629938
1951,GMB,26.439942397644494
1951,GNB,27.116390988679704
1951,GNQ,24.281861379626207
1951,GRC,14.48114068677867
1951,GRD,26.788492602451395
1951,GTM,21.6428728402864
1951,GUY,26.494978758263
1951,HKG,13.952352349182636
1951,HND,23.42024329158967
1951,HRV,11.65500750314143
1951,HTI,25.622011845817774
1951,HUN,11.077518471339053
1951,IDN,25.49946991537983
1951,IND,25.535417466778608
1951,IRL,8.998477574229408
1951,IRN,14.486564975421029
1951,IRQ,22.638589601788183
1951,ISL,2.268488396045796
1951,ISR,20.02492000265894
1951,ITA,12.58446148765873
1951,JAM,25.77736218677213
1951,JOR,19.88195256899917
1951,JPN,14.007881580360978
1951,KAZ,5.035339175682683
1951,KEN,19.99525766734577
1951,KGZ,4.843682559542485
1951,KHM,27.006595548793744
1951,KNA,26.43087408257027
1951,KOR,11.831710482971827
1951,KWT,25.981004987144843
1951,LAO,23.7399177897809
1951,LBN,18.11208967212588
1951,LBR,25.32483541974742
1951,LCA,26.715919722259667
1951,LKA,25.789231430176383
1951,LSO,12.91863327102949
1951,LTU,6.440893851920775
1951,LUX,9.3206707239151
1951,LVA,5.826417843690087
1951,MAC,13.952352349182636
1951,MAR,16.825146029721676
1951,MDA,10.59120546453865
1951,MDG,20.65093982487967
1951,MDV,27.48158158796529
1951,MEX,18.239602465746167
1951,MKD,10.880462824835863
1951,MLI,28.058920696048595
1951,MLT,18.99114998243749
1951,MMR,24.66618139111278
1951,MNE,12.360687794290785
1951,MNG,-2.1950992593320007
1951,MOZ,23.65511952463608
1951,MRT,28.39719585432993
1951,MSR,26.621310037715983
1951,MUS,23.91230956829774
1951,MWI,21.20664724480649
1951,MYS,26.54235613027804
1951,NAM,21.700767852643477
1951,NER,28.37890779477675
1951,NGA,26.627340994895366
1951,NIC,25.405116545346708
1951,NLD,9.837103476630611
1951,NOR,4.165096606608866
1951,NPL,18.601559431813545
1951,NZL,12.488338923809858
1951,OMN,25.99159361131588
1951,PAK,23.149222528480284
1951,PAN,25.889519543439373
1951,PER,15.001960982894634
1951,PHL,26.09067220242586
1951,POL,8.417091276192401
1951,PRT,13.737384296837096
1951,PRY,22.011468334608317
1951,PSE,20.02492000265894
1951,QAT,26.187194840361677
1951,ROU,10.185676706356569
1951,RUS,3.6889434565645383
1951,RWA,18.83406084702181
1951,SAU,26.2253683219296
1951,SDN,27.48160203501065
1951,SEN,26.958437618173477
1951,SGP,27.08189701056108
1951,SLE,26.221559889125903
1951,SLV,26.1932526246338
1951,SOM,26.211555057071084
1951,SRB,11.14172321988941
1951,SSD,27.48160203501065
1951,STP,25.74182629895707
1951,SUR,26.845755038039822
1951,SVK,8.685491919901015
1951,SVN,10.125176027981182
1951,SWE,5.753846191187374
1951,SWZ,19.738075710833076
1951,SXM,26.43087408257027
1951,SYC,26.533798412633285
1951,SYR,17.245945917771788
1951,TCA,26.067385508989293
1951,TCD,27.73279909512597
1951,TGO,26.979809112808656
1951,THA,26.49123864383064
1951,TJK,10.10161901949802
1951,TKM,15.2783143380366
1951,TTO,26.41036876065967
1951,TUN,18.28047166630355
1951,TUR,12.14339769674991
1951,TWN,13.952352349182636
1951,TZA,21.692672159279457
1951,UGA,22.28857527692164
1951,UKR,8.417171905405148
1951,URY,16.897608718141132
1951,USA,13.001623545639012
1951,UZB,12.610106862719396
1951,VCT,26.788492602451395
1951,VEN,24.99121452967334
1951,VGB,26.33895442386468
1951,VNM,24.36237774320614
1951,YEM,23.69702400272492
1951,ZAF,17.018922104758644
1951,ZMB,21.261948285007648
1951,ZWE,20.347709172864977
1952,ABW,26.50963928302129
1952,AGO,21.951073847376424
1952,AIA,26.682482042039435
1952,ALB,14.374823743058704
1952,ARE,27.045684421332304
1952,ARG,17.039484198826578
1952,ARM,6.272386328524375
1952,ATG,26.721713430713866
1952,AUS,15.588247696411402
1952,AUT,7.003727660292255
1952,AZE,12.061404394954222
1952,BDI,20.806033544420718
1952,BEL,9.104170877814884
1952,BEN,26.922543577486326
1952,BFA,27.942565426224725
1952,BGD,25.30999094011672
1952,BGR,10.858789069144846
1952,BHR,25.67260795334975
1952,BHS,25.76256013537447
1952,BIH,10.065255214695927
1952,BLR,5.612061985619251
1952,BLZ,26.09725488186742
1952,BMU,22.101045911045123
1952,BOL,14.955982718567189
1952,BRA,22.51449676248965
1952,BRB,26.882488901416465
1952,BRN,26.9845022537047
1952,BTN,9.370846276458051
1952,BWA,21.22610044597909
1952,CAF,25.055532912807923
1952,CAN,5.377987163500585
1952,CHE,6.799504404438299
1952,CHL,11.446089230250612
1952,CHN,13.884788197288913
1952,CIV,26.02366818094433
1952,CMR,24.20265771134112
1952,COD,23.6087399792164
1952,COG,24.588593304878025
1952,COL,20.80308621488406
1952,COM,26.255450355044257
1952,CPV,23.43419351327854
1952,CRI,23.955736659469128
1952,CUW,26.50963928302129
1952,CYM,27.16873056224237
1952,CYP,20.371635043877177
1952,CZE,7.194242820130272
1952,DEU,8.292454076603882
1952,DJI,27.686849853696877
1952,DMA,26.82852354242156
1952,DNK,7.483249878864187
1952,DOM,25.139128226254016
1952,DZA,17.44472320944891
1952,ECU,18.47195107118789
1952,EGY,21.78639984499896
1952,ESP,13.981755603627075
1952,EST,4.550019984373819
1952,ETH,19.709419094172294
1952,FIN,2.918062133046594
1952,FJI,26.692726426447432
1952,FRA,10.68604837981633
1952,GAB,25.11618363636181
1952,GBR,8.796375520673532
1952,GEO,8.56500482895914
1952,GHA,26.45194107875002
1952,GIN,25.422271604304203
1952,GMB,26.30090478346256
1952,GNB,27.00574831836728
1952,GNQ,24.12623607421604
1952,GRC,14.792191666767096
1952,GRD,26.92996381657819
1952,GTM,21.676643087602788
1952,GUY,26.626644775841623
1952,HKG,13.884788197288913
1952,HND,23.567581524632523
1952,HRV,10.94628764992206
1952,HTI,25.946329581517112
1952,HUN,10.099438356334892
1952,IDN,25.621894444093787
1952,IND,25.63602521123257
1952,IRL,9.143425265393072
1952,IRN,14.51125359804421
1952,IRQ,22.69883999641672
1952,ISL,2.479504759947498
1952,ISR,20.037246635007385
1952,ITA,12.508013800446166
1952,JAM,26.067835801901914
1952,JOR,19.866584363444076
1952,JPN,14.0162461259203
1952,KAZ,4.373598063521644
1952,KEN,20.231513171386613
1952,KGZ,5.304873290955104
1952,KHM,27.11462128537959
1952,KNA,26.721713430713866
1952,KOR,11.739807219235932
1952,KWT,25.885142272338268
1952,LAO,24.085918823742592
1952,LBN,18.19439799967222
1952,LBR,25.37423507021383
1952,LCA,26.87473830704888
1952,LKA,25.97416332070787
1952,LSO,13.551593749679904
1952,LTU,5.521649440931085
1952,LUX,8.889128887404999
1952,LVA,5.095843732179519
1952,MAC,13.884788197288913
1952,MAR,17.162812540535022
1952,MDA,9.980493911582814
1952,MDG,20.724063057832705
1952,MDV,27.504469697053235
1952,MEX,17.996230484395713
1952,MKD,10.836273970942107
1952,MLI,27.67731456903358
1952,MLT,19.493160433446366
1952,MMR,24.8511085924486
1952,MNE,12.219571584385708
1952,MNG,-2.8216162779793383
1952,MOZ,23.916241246283217
1952,MRT,28.02988979071396
1952,MSR,26.87326643615961
1952,MUS,24.088325410848483
1952,MWI,21.20339875659761
1952,MYS,26.614199207318727
1952,NAM,22.211038762897573
1952,NER,28.067183595247368
1952,NGA,26.62149520352836
1952,NIC,25.525871198600942
1952,NLD,9.248586819457335
1952,NOR,3.4362948747558564
1952,NPL,18.710669473851688
1952,NZL,12.679572535984876
1952,OMN,26.140103474195943
1952,PAK,23.44191591129523
1952,PAN,25.9171824650615
1952,PER,14.949711179394797
1952,PHL,26.158620683039334
1952,POL,7.060955912449779
1952,PRT,14.06742236421394
1952,PRY,22.03449662779532
1952,PSE,20.037246635007385
1952,QAT,26.08214527166759
1952,ROU,9.637818591564557
1952,RUS,3.429233853260791
1952,RWA,19.10212929264787
1952,SAU,26.19800904199805
1952,SDN,28.122698890609676
1952,SEN,26.781992073900717
1952,SGP,27.15902686949509
1952,SLE,26.338535934566792
1952,SLV,26.329051806560276
1952,SOM,26.40047273707274
1952,SRB,10.793562200879888
1952,SSD,28.122698890609676
1952,STP,25.976668376475573
1952,SUR,26.902521839040546
1952,SVK,7.277672777589881
1952,SVN,9.19622784547612
1952,SWE,4.7485123496345
1952,SWZ,20.31869360928734
1952,SXM,26.721713430713866
1952,SYC,26.691617076285183
1952,SYR,17.485064123445948
1952,TCA,26.34482527850196
1952,TCD,27.940662961980333
1952,TGO,26.81776162706154
1952,THA,26.657307044554425
1952,TJK,10.52696240847671
1952,TKM,15.404436886863635
1952,TTO,26.57930207035194
1952,TUN,18.915544110588836
1952,TUR,12.603197200727704
1952,TWN,13.884788197288913
1952,TZA,21.984196305854784
1952,UGA,22.510303161683492
1952,UKR,8.052560409823961
1952,URY,17.021712398355167
1952,USA,13.470100715546558
1952,UZB,13.044731519477118
1952,VCT,26.92996381657819
1952,VEN,25.217466613867245
1952,VGB,26.70472392315666
1952,VNM,24.778964429953145
1952,YEM,23.53925396432049
1952,ZAF,17.649965165314413
1952,ZMB,21.34806025771839
1952,ZWE,20.490383177474637
1953,ABW,26.363503124409664
1953,AGO,21.633936016023465
1953,AIA,26.40508423078184
1953,ALB,13.500691954067316
1953,ARE,27.319810420851443
1953,ARG,17.142484530340507
1953,ARM,5.298224167651873
1953,ATG,26.454600906930864
1953,AUS,15.651677919324213
1953,AUT,7.622247860246473
1953,AZE,11.50031260756972
1953,BDI,20.726908458405397
1953,BEL,9.661392379378771
1953,BEN,26.897314241005656
1953,BFA,27.901932506984224
1953,BGD,25.54148411145869
1953,BGR,9.728390581884872
1953,BHR,25.671516789433856
1953,BHS,25.647698361271367
1953,BIH,9.461866273885162
1953,BLR,5.985009586833357
1953,BLZ,26.19152483841044
1953,BMU,22.010284836093582
1953,BOL,15.478568072166263
1953,BRA,22.582581598926293
1953,BRB,26.65673654313044
1953,BRN,27.04782529485722
1953,BTN,9.10478933636687
1953,BWA,20.192460043763298
1953,CAF,24.976867062054524
1953,CAN,5.924858787938083
1953,CHE,6.98994943164266
1953,CHL,11.133669166914308
1953,CHN,14.267750933206566
1953,CIV,26.0796568004272
1953,CMR,24.22826116021518
1953,COD,23.48141288615384
1953,COG,24.46910226075642
1953,COL,20.95720780111136
1953,COM,26.47958007082343
1953,CPV,23.85671690044304
1953,CRI,24.075601567875907
1953,CUW,26.363503124409664
1953,CYM,27.04647405135135
1953,CYP,19.924840677219134
1953,CZE,8.180311064896792
1953,DEU,9.313900184671215
1953,DJI,27.64484626132865
1953,DMA,26.60454054006065
1953,DNK,8.78258506093057
1953,DOM,25.19200175065947
1953,DZA,16.764829607615393
1953,ECU,18.650086450791516
1953,EGY,21.066524540463465
1953,ESP,14.118760639236775
1953,EST,5.666230190784368
1953,ETH,19.630667085992048
1953,FIN,4.486542897034749
1953,FJI,26.563197459870327
1953,FRA,10.724204555392657
1953,GAB,25.02974337922173
1953,GBR,9.494060849440986
1953,GEO,7.59807212427212
1953,GHA,26.47064486195657
1953,GIN,25.627780172640357
1953,GMB,26.4995992259472
1953,GNB,27.321822373569667
1953,GNQ,24.15120744666395
1953,GRC,13.47193737361976
1953,GRD,26.76912586670369
1953,GTM,21.96696309666384
1953,GUY,26.677630388432508
1953,HKG,14.267750933206566
1953,HND,23.849996491039175
1953,HRV,10.56305379324492
1953,HTI,25.99530755790529
1953,HUN,10.129835927954728
1953,IDN,25.652120469276923
1953,IND,25.82117174565127
1953,IRL,9.729154862792914
1953,IRN,14.373368550783862
1953,IRQ,21.86298572197591
1953,ISL,3.5119370197267625
1953,ISR,19.228703995477275
1953,ITA,12.471003330239316
1953,JAM,26.048197694666055
1953,JOR,18.8740138263019
1953,JPN,13.958155033602734
1953,KAZ,5.271126258801702
1953,KEN,20.42759704517664
1953,KGZ,5.201653484547518
1953,KHM,27.29444611805088
1953,KNA,26.454600906930864
1953,KOR,11.815087942906922
1953,KWT,25.220943247588973
1953,LAO,24.223446171204216
1953,LBN,17.409759504099686
1953,LBR,25.49866845272948
1953,LCA,26.67072222222729
1953,LKA,26.009208355036257
1953,LSO,13.197828481815572
1953,LTU,6.458167526260504
1953,LUX,9.478504290804269
1953,LVA,6.124302408613221
1953,MAC,14.267750933206566
1953,MAR,17.271731730429064
1953,MDA,9.144633948607275
1953,MDG,20.829921738646963
1953,MDV,27.656276403383043
1953,MEX,18.27053204157074
1953,MKD,9.654485820442645
1953,MLI,27.860582780714868
1953,MLT,19.060885814328987
1953,MMR,25.03343534383651
1953,MNE,11.564513553545977
1953,MNG,-2.150943284296765
1953,MOZ,23.75590308543461
1953,MRT,28.52014391664681
1953,MSR,26.610571985132992
1953,MUS,24.305484853684906
1953,MWI,21.28288206973593
1953,MYS,26.67101003562751
1953,NAM,21.320668198032244
1953,NER,27.972945353434515
1953,NGA,26.62940135531754
1953,NIC,25.7000548539202
1953,NLD,9.991421451961864
1953,NOR,5.304738535010963
1953,NPL,18.751048911845167
1953,NZL,12.706902282213848
1953,OMN,26.47812206198932
1953,PAK,23.842970982344315
1953,PAN,25.98333756021985
1953,PER,15.217510025481568
1953,PHL,26.26921796926425
1953,POL,8.11603573273066
1953,PRT,14.616047004016686
1953,PRY,22.50192345205851
1953,PSE,19.228703995477275
1953,QAT,26.17046561650932
1953,ROU,8.901663386309881
1953,RUS,3.454307445434242
1953,RWA,18.96373280315098
1953,SAU,26.08927716369837
1953,SDN,27.57641222129745
1953,SEN,26.9640648897145
1953,SGP,27.254512559234477
1953,SLE,26.43468400741344
1953,SLV,26.490822041035276
1953,SOM,26.424940459658178
1953,SRB,9.819119950081207
1953,SSD,27.57641222129745
1953,STP,25.73614307444465
1953,SUR,26.925409296417183
1953,SVK,7.936506917386874
1953,SVN,9.301544175904796
1953,SWE,6.705956781250291
1953,SWZ,19.91916888346896
1953,SXM,26.454600906930864
1953,SYC,26.835315239926175
1953,SYR,16.394274847113373
1953,TCA,26.343703309151653
1953,TCD,27.662752340172908
1953,TGO,26.83231216620214
1953,THA,26.731644579865808
1953,TJK,10.384208456606688
1953,TKM,15.78429110132213
1953,TTO,26.42608341609593
1953,TUN,17.98943526473832
1953,TUR,11.077095298546112
1953,TWN,14.267750933206566
1953,TZA,22.154022218175275
1953,UGA,22.797557760898368
1953,UKR,7.52882915598681
1953,URY,17.091586737034607
1953,USA,13.906731309466377
1953,UZB,13.099022044319144
1953,VCT,26.76912586670369
1953,VEN,25.07451980864017
1953,VGB,26.453886885816853
1953,VNM,24.707004756009827
1953,YEM,23.820915616831623
1953,ZAF,17.20179190481053
1953,ZMB,21.11827727493805
1953,ZWE,19.90763076794337
1954,ABW,26.112432759488
1954,AGO,21.460058920722453
1954,AIA,26.17034071699406
1954,ALB,13.442237888670777
1954,ARE,27.329665957221703
1954,ARG,16.803493233485465
1954,ARM,5.926436011343178
1954,ATG,26.194546571311847
1954,AUS,15.710615014360124
1954,AUT,6.502502928119746
1954,AZE,11.733476021832873
1954,BDI,20.676158330735305
1954,BEL,8.97251866762712
1954,BEN,26.59945260302067
1954,BFA,27.91713635524752
1954,BGD,25.406396748298445
1954,BGR,9.339174992184692
1954,BHR,25.90751815449524
1954,BHS,25.66256688457604
1954,BIH,8.75042160591215
1954,BLR,5.627758020908053
1954,BLZ,25.68767786481177
1954,BMU,22.308777987957
1954,BOL,15.176206652663003
1954,BRA,22.64125789780212
1954,BRB,26.382917128658544
1954,BRN,26.89429882712041
1954,BTN,9.14726980469572
1954,BWA,20.64532478909614
1954,CAF,24.793768509506965
1954,CAN,4.606181523239792
1954,CHE,6.269712506987977
1954,CHL,10.74722119715065
1954,CHN,13.742974595416676
1954,CIV,25.83592210890647
1954,CMR,24.027005641165943
1954,COD,23.227730078188703
1954,COG,24.188424082160875
1954,COL,20.55892521543205
1954,COM,26.122479008937564
1954,CPV,23.393102466128767
1954,CRI,23.79030053131576
1954,CUW,26.112432759488
1954,CYM,26.93363458491028
1954,CYP,20.249215569657583
1954,CZE,6.815884656485192
1954,DEU,8.09900115966208
1954,DJI,27.690820511208685
1954,DMA,26.297033225302584
1954,DNK,7.551923529400768
1954,DOM,24.876635542041623
1954,DZA,16.52096643235388
1954,ECU,18.24477680810167
1954,EGY,21.366696925504627
1954,ESP,13.748319212278776
1954,EST,5.069795362149321
1954,ETH,19.49218827840563
1954,FIN,3.8703065923809983
1954,FJI,26.47321389328378
1954,FRA,10.192336580290842
1954,GAB,24.738895748374343
1954,GBR,8.848509606217144
1954,GEO,8.387865087857836
1954,GHA,26.1784442342414
1954,GIN,25.280326978496337
1954,GMB,26.50333497633177
1954,GNB,27.08113491837193
1954,GNQ,23.753101053647697
1954,GRC,13.616515615069268
1954,GRD,26.483217566429328
1954,GTM,21.397365161051056
1954,GUY,26.127593466425516
1954,HKG,13.742974595416676
1954,HND,23.352345144603472
1954,HRV,9.694230233577317
1954,HTI,25.72037173514996
1954,HUN,9.07597099207178
1954,IDN,25.53683882705525
1954,IND,25.44228685315975
1954,IRL,9.230640369269434
1954,IRN,14.512746807582426
1954,IRQ,22.69432270234444
1954,ISL,2.912429528098014
1954,ISR,19.745493430447254
1954,ITA,11.8077314443704
1954,JAM,25.814092968939804
1954,JOR,19.62267855579984
1954,JPN,14.190837416543587
1954,KAZ,3.4663820440728266
1954,KEN,20.0912369713207
1954,KGZ,4.317490440927309
1954,KHM,27.09787639575669
1954,KNA,26.194546571311847
1954,KOR,11.973340418943202
1954,KWT,25.786708809590596
1954,LAO,24.06155591197671
1954,LBN,17.899002148769796
1954,LBR,25.17180085707812
1954,LCA,26.38619258829082
1954,LKA,25.79651574514969
1954,LSO,13.149713430079636
1954,LTU,5.7659451212382296
1954,LUX,8.484107194468379
1954,LVA,5.430777892237945
1954,MAC,13.742974595416676
1954,MAR,16.77741773216711
1954,MDA,8.695104854331642
1954,MDG,20.890538459936725
1954,MDV,27.62636263606449
1954,MEX,18.154447771297335
1954,MKD,9.548813658550351
1954,MLI,27.5750993191478
1954,MLT,18.62553665600717
1954,MMR,24.96349855687677
1954,MNE,11.070718239213264
1954,MNG,-2.944929809700975
1954,MOZ,23.86520312994831
1954,MRT,28.08990024255108
1954,MSR,26.309313813224435
1954,MUS,24.193010073310383
1954,MWI,21.40678083178595
1954,MYS,26.440047994135583
1954,NAM,21.18476025563678
1954,NER,28.181540075267737
1954,NGA,26.477507632162528
1954,NIC,25.56312458688435
1954,NLD,9.20368617232603
1954,NOR,4.158964332862841
1954,NPL,18.41875123656565
1954,NZL,13.080798268722308
1954,OMN,26.33557140118403
1954,PAK,23.222572999942088
1954,PAN,25.701210884316847
1954,PER,14.526899779282456
1954,PHL,26.323324749580404
1954,POL,6.905749420525058
1954,PRT,13.88620213410694
1954,PRY,22.22094800861095
1954,PSE,19.745493430447254
1954,QAT,26.329597283081966
1954,ROU,8.25844728418662
1954,RUS,3.15406363900934
1954,RWA,18.89485973206588
1954,SAU,26.216844414567976
1954,SDN,27.731522375200356
1954,SEN,27.03242028254654
1954,SGP,26.98553824145347
1954,SLE,26.03441411571909
1954,SLV,26.031139840935
1954,SOM,26.1434051544792
1954,SRB,9.061121346572866
1954,SSD,27.731522375200356
1954,STP,25.605850887795288
1954,SUR,26.44685927450294
1954,SVK,6.867307924730464
1954,SVN,8.469172518677919
1954,SWE,5.331999894642525
1954,SWZ,19.76318090160688
1954,SXM,26.194546571311847
1954,SYC,26.460296616423875
1954,SYR,17.343525929457687
1954,TCA,26.16287795609484
1954,TCD,27.711441139453207
1954,TGO,26.51876710495634
1954,THA,26.697065850289768
1954,TJK,9.68255172591085
1954,TKM,14.93739921983251
1954,TTO,26.1712271689903
1954,TUN,17.795130350901236
1954,TUR,12.013418031670437
1954,TWN,13.742974595416676
1954,TZA,21.943077245942703
1954,UGA,22.489389786837467
1954,UKR,7.207455554474385
1954,URY,16.781158773933527
1954,USA,13.734935559497169
1954,UZB,12.15473675453541
1954,VCT,26.483217566429328
1954,VEN,24.684084062829815
1954,VGB,26.237706009492587
1954,VNM,24.599260930921755
1954,YEM,23.73046743615678
1954,ZAF,17.09722747829623
1954,ZMB,21.240160642599932
1954,ZWE,20.383148649899145
1955,ABW,26.165143777849156
1955,AGO,21.563134797243208
1955,AIA,26.040327535010874
1955,ALB,13.972625762797572
1955,ARE,27.353408245154927
1955,ARG,16.411180718694283
1955,ARM,7.069011765004265
1955,ATG,26.12586916983128
1955,AUS,15.695310041781308
1955,AUT,6.665659021944323
1955,AZE,12.67387606211979
1955,BDI,20.463114797886604
1955,BEL,8.879310290100658
1955,BEN,26.601685124494544
1955,BFA,27.759270961769666
1955,BGD,25.28264086967343
1955,BGR,10.219323276650195
1955,BHR,25.703305153486628
1955,BHS,25.401456626753017
1955,BIH,9.393889826608763
1955,BLR,5.83230372820869
1955,BLZ,25.624508216382733
1955,BMU,21.806103055675823
1955,BOL,14.731960926511086
1955,BRA,22.201829124934505
1955,BRB,26.37312136342128
1955,BRN,26.853713520569727
1955,BTN,8.824399819166294
1955,BWA,20.021080857452294
1955,CAF,24.501997774750265
1955,CAN,4.451623619307221
1955,CHE,6.468425639262288
1955,CHL,10.570335153785312
1955,CHN,14.086054838246945
1955,CIV,25.81622497608447
1955,CMR,23.942548687413023
1955,COD,23.197401146270877
1955,COG,24.175270674014502
1955,COL,20.35208394936732
1955,COM,26.04402449067372
1955,CPV,23.82220086855038
1955,CRI,23.699181997300265
1955,CUW,26.165143777849156
1955,CYM,26.69846445741132
1955,CYP,20.684972481181223
1955,CZE,6.7948232484562245
1955,DEU,7.92593817383536
1955,DJI,27.359985388913294
1955,DMA,26.3003988408794
1955,DNK,7.491204770936949
1955,DOM,24.628527027944045
1955,DZA,17.714754223720178
1955,ECU,18.041961484091093
1955,EGY,21.98984540680833
1955,ESP,14.754226285852685
1955,EST,4.418766083492772
1955,ETH,19.42678872363824
1955,FIN,2.1308056529064894
1955,FJI,26.57520606772353
1955,FRA,10.602085571820432
1955,GAB,24.987983256524515
1955,GBR,8.922470178028147
1955,GEO,9.124506233493824
1955,GHA,26.21221422750947
1955,GIN,25.37269136647974
1955,GMB,26.688100862678365
1955,GNB,27.26793687612588
1955,GNQ,23.98428781311183
1955,GRC,14.266830907591988
1955,GRD,26.517919881579772
1955,GTM,21.382024829818736
1955,GUY,26.23442015938944
1955,HKG,14.086054838246945
1955,HND,23.35659659652476
1955,HRV,10.191091680682128
1955,HTI,25.42436781557102
1955,HUN,9.504620868618982
1955,IDN,25.394265707794265
1955,IND,25.211419350477065
1955,IRL,9.413264614994269
1955,IRN,15.098431659771272
1955,IRQ,22.69767148032044
1955,ISL,2.4725954551932228
1955,ISR,20.218508311373515
1955,ITA,12.317503941198568
1955,JAM,25.62473694421351
1955,JOR,20.06984389103576
1955,JPN,14.569183693310508
1955,KAZ,5.556538863342012
1955,KEN,19.98851647642089
1955,KGZ,5.861098950460232
1955,KHM,26.84646606386252
1955,KNA,26.12586916983128
1955,KOR,11.928326798428987
1955,KWT,25.730857246865828
1955,LAO,23.61058772077011
1955,LBN,18.39085611390571
1955,LBR,25.22825084048695
1955,LCA,26.379417440543573
1955,LKA,25.61013253271769
1955,LSO,12.408664259855996
1955,LTU,5.743544636527097
1955,LUX,8.446086220443249
1955,LVA,5.229244655082336
1955,MAC,14.086054838246945
1955,MAR,18.05930032917908
1955,MDA,9.43348339219492
1955,MDG,20.693150425975176
1955,MDV,27.257613427005708
1955,MEX,17.888447497521682
1955,MKD,10.33417280198451
1955,MLI,27.785333679005827
1955,MLT,19.279196134690817
1955,MMR,24.58606975868789
1955,MNE,11.682778337747138
1955,MNG,-1.9528317610838777
1955,MOZ,23.58456193137676
1955,MRT,28.66073561318147
1955,MSR,26.27512453744809
1955,MUS,23.940920372338343
1955,MWI,21.24885976435318
1955,MYS,26.418430734394875
1955,NAM,21.10168662409808
1955,NER,27.939642228141704
1955,NGA,26.376828045491823
1955,NIC,25.305101774321013
1955,NLD,9.09052953582784
1955,NOR,3.755879928664994
1955,NPL,18.24451116357084
1955,NZL,13.365042357905107
1955,OMN,26.08326538083743
1955,PAK,23.07167757152721
1955,PAN,25.523681392260045
1955,PER,14.556809182535494
1955,PHL,26.01566103559668
1955,POL,7.164848981304832
1955,PRT,15.04729694779916
1955,PRY,21.81579477351566
1955,PSE,20.218508311373515
1955,QAT,26.151538372777093
1955,ROU,8.896944269184463
1955,RUS,3.4678863627430383
1955,RWA,18.75356064966487
1955,SAU,25.76151001730868
1955,SDN,27.70016387421594
1955,SEN,27.194417473793035
1955,SGP,27.003294188131505
1955,SLE,26.091044224191805
1955,SLV,25.773812221541256
1955,SOM,25.991664222425204
1955,SRB,10.03071320370424
1955,SSD,27.70016387421594
1955,STP,25.92352982517332
1955,SUR,26.528950090205925
1955,SVK,7.0189699594144885
1955,SVN,8.805274694058596
1955,SWE,4.888036910551793
1955,SWZ,19.332657502343256
1955,SXM,26.12586916983128
1955,SYC,26.370444441835087
1955,SYR,18.01187542325691
1955,TCA,25.85106895491481
1955,TCD,27.352801975340476
1955,TGO,26.558821852154654
1955,THA,26.195617439606664
1955,TJK,11.189752713247676
1955,TKM,16.80211748035746
1955,TTO,26.21553655155003
1955,TUN,18.91844640014589
1955,TUR,12.98448752636598
1955,TWN,14.086054838246945
1955,TZA,21.71329213575833
1955,UGA,22.330556683105197
1955,UKR,8.099956145649832
1955,URY,16.30227530435355
1955,USA,13.29026406988222
1955,UZB,14.119913606595684
1955,VCT,26.517919881579772
1955,VEN,24.56219784883414
1955,VGB,26.07614118481676
1955,VNM,24.2672540100582
1955,YEM,23.26892823489892
1955,ZAF,16.669530024091074
1955,ZMB,21.15094103628868
1955,ZWE,20.1133799941746
1956,ABW,26.047149129211903
1956,AGO,21.451939354873712
1956,AIA,26.042475775815547
1956,ALB,13.320401767228608
1956,ARE,27.239258913137977
1956,ARG,16.10480430681618
1956,ARM,4.723816689611783
1956,ATG,26.14299213979393
1956,AUS,15.37266480340332
1956,AUT,5.971264856770237
1956,AZE,10.925123032446932
1956,BDI,20.18538563567848
1956,BEL,8.265657984865902
1956,BEN,26.58828239180219
1956,BFA,27.965982147371964
1956,BGD,25.18422818180577
1956,BGR,9.05499432693652
1956,BHR,25.394254163528483
1956,BHS,25.26270034971337
1956,BIH,8.292085343702107
1956,BLR,4.397764387805298
1956,BLZ,25.50013175422395
1956,BMU,21.91572971905892
1956,BOL,14.343357445939736
1956,BRA,21.97619289321397
1956,BRB,26.34210658368344
1956,BRN,26.621771004982293
1956,BTN,9.284481299786702
1956,BWA,20.77898240750174
1956,CAF,24.764836022815576
1956,CAN,4.180876628375621
1956,CHE,5.479995572817074
1956,CHL,10.413200498201771
1956,CHN,13.50710247211043
1956,CIV,25.714898316764987
1956,CMR,23.90643726160601
1956,COD,23.140107480013224
1956,COG,24.26407746580922
1956,COL,20.27470901304026
1956,COM,25.939844199301053
1956,CPV,23.558439179634053
1956,CRI,23.494869738353948
1956,CUW,26.047149129211903
1956,CYM,26.56571733951569
1956,CYP,19.99506860001323
1956,CZE,6.057384631275816
1956,DEU,7.24920817784242
1956,DJI,27.35771060118463
1956,DMA,26.279005176698167
1956,DNK,6.950754340565503
1956,DOM,24.715360170191563
1956,DZA,16.23643611674922
1956,ECU,18.06742031577311
1956,EGY,21.423554195624057
1956,ESP,12.903847692191404
1956,EST,3.65841499160906
1956,ETH,19.175873150845938
1956,FIN,1.851036397790284
1956,FJI,26.53551468687753
1956,FRA,9.530152587593276
1956,GAB,24.83727000664688
1956,GBR,8.552290894733568
1956,GEO,6.817251302502295
1956,GHA,26.11957428538566
1956,GIN,25.25054151719227
1956,GMB,26.4306493157354
1956,GNB,27.09634729168665
1956,GNQ,23.784937305996817
1956,GRC,13.38638350864825
1956,GRD,26.43879637354985
1956,GTM,21.216026765544918
1956,GUY,26.043166694658748
1956,HKG,13.50710247211043
1956,HND,23.08805799854792
1956,HRV,9.299508884614596
1956,HTI,25.48124209241948
1956,HUN,8.66749131236687
1956,IDN,25.417862267959997
1956,IND,25.14712358903732
1956,IRL,9.180616378759511
1956,IRN,14.103769804831677
1956,IRQ,21.74025960781941
1956,ISL,3.347389026593304
1956,ISR,19.582682528201108
1956,ITA,11.466933342014348
1956,JAM,25.546734971304733
1956,JOR,19.38562542119196
1956,JPN,13.93754385897132
1956,KAZ,4.618513485021216
1956,KEN,19.653572463700726
1956,KGZ,5.71676767603079
1956,KHM,26.73962553483316
1956,KNA,26.14299213979393
1956,KOR,10.684060607708911
1956,KWT,24.750842709715165
1956,LAO,23.762828374058355
1956,LBN,17.728087269701064
1956,LBR,25.05301833634384
1956,LCA,26.33939263721307
1956,LKA,25.58907126881151
1956,LSO,13.058415819865871
1956,LTU,4.534953180935459
1956,LUX,7.740310010189812
1956,LVA,4.152028128016497
1956,MAC,13.50710247211043
1956,MAR,16.21188778964497
1956,MDA,8.223086932975718
1956,MDG,20.548072087151773
1956,MDV,27.11490124464035
1956,MEX,17.761461517082584
1956,MKD,9.279990488905783
1956,MLI,27.855475893316285
1956,MLT,18.844592410760622
1956,MMR,24.56659592230653
1956,MNE,10.834582528934083
1956,MNG,-3.1507237450568617
1956,MOZ,23.571370424746465
1956,MRT,28.264613540747163
1956,MSR,26.30102206285422
1956,MUS,23.614642184227705
1956,MWI,20.8887098344924
1956,MYS,26.335028295559745
1956,NAM,21.29155996827969
1956,NER,28.231035245619232
1956,NGA,26.40999185428256
1956,NIC,25.236589384344388
1956,NLD,8.436047228545545
1956,NOR,3.5102172796166085
1956,NPL,18.354417453412083
1956,NZL,13.446909169558044
1956,OMN,25.967988496152035
1956,PAK,23.009781793768077
1956,PAN,25.42617859592237
1956,PER,14.326526777794328
1956,PHL,25.992658058746898
1956,POL,6.064348308018304
1956,PRT,13.300758889394269
1956,PRY,21.25603978688376
1956,PSE,19.582682528201108
1956,QAT,25.85665085290869
1956,ROU,7.753767413198741
1956,RUS,2.1456345449437517
1956,RWA,18.492996486051283
1956,SAU,25.41296164352797
1956,SDN,27.516711819917436
1956,SEN,26.87674583502308
1956,SGP,26.915427011748157
1956,SLE,25.93536578235853
1956,SLV,25.988883273095823
1956,SOM,25.95856758024181
1956,SRB,8.746114235249527
1956,SSD,27.516711819917436
1956,STP,25.59883987158537
1956,SUR,26.39997099706834
1956,SVK,6.282062921181922
1956,SVN,8.112489611410235
1956,SWE,4.304947123410711
1956,SWZ,19.969024707252785
1956,SXM,26.14299213979393
1956,SYC,26.328044638658564
1956,SYR,16.59621949979091
1956,TCA,25.80181813550492
1956,TCD,27.685098714039334
1956,TGO,26.516809344202876
1956,THA,26.198222702979063
1956,TJK,10.89014910775442
1956,TKM,15.428141779313584
1956,TTO,26.094286426901817
1956,TUN,17.673319686168075
1956,TUR,11.116540674645554
1956,TWN,13.50710247211043
1956,TZA,21.425315597185577
1956,UGA,22.087112498364856
1956,UKR,6.272789934552024
1956,URY,16.15468132613375
1956,USA,13.30597718218465
1956,UZB,13.30243376893156
1956,VCT,26.43879637354985
1956,VEN,24.533353241071893
1956,VGB,26.035235349088907
1956,VNM,24.22547674119733
1956,YEM,23.183828297118254
1956,ZAF,17.250351621766374
1956,ZMB,20.85438296276564
1956,ZWE,20.089846701284934
1957,ABW,25.929818460252136
1957,AGO,21.88933697043796
1957,AIA,26.15795173383473
1957,ALB,13.924733983925275
1957,ARE,27.09651661042021
1957,ARG,16.92886849127404
1957,ARM,5.754501610661699
1957,ATG,26.186319654341787
1957,AUS,15.796340571537716
1957,AUT,7.528903792328016
1957,AZE,11.943326226353893
1957,BDI,20.650811027605176
1957,BEL,9.81299388961776
1957,BEN,26.77700478222996
1957,BFA,27.847098719372458
1957,BGD,25.47178433848838
1957,BGR,10.299070336119115
1957,BHR,25.429638819148146
1957,BHS,25.72805560100824
1957,BIH,9.62516241320099
1957,BLR,6.78116485102795
1957,BLZ,25.977775784565814
1957,BMU,22.037734848214317
1957,BOL,14.948029201446849
1957,BRA,22.313859263769924
1957,BRB,26.382322534918785
1957,BRN,27.06147539522499
1957,BTN,8.950253646388214
1957,BWA,21.36825786932797
1957,CAF,24.96507804788934
1957,CAN,4.837190158472496
1957,CHE,6.932883520209052
1957,CHL,11.135967247414182
1957,CHN,13.630009515649515
1957,CIV,26.022335649448447
1957,CMR,24.225994837445757
1957,COD,23.45761932414542
1957,COG,24.509284312937265
1957,COL,20.9536057407954
1957,COM,26.323763858061284
1957,CPV,23.26202071784064
1957,CRI,24.144167598994123
1957,CUW,25.929818460252136
1957,CYM,26.944701760231208
1957,CYP,20.207044921893004
1957,CZE,7.904078191515334
1957,DEU,8.961784783517457
1957,DJI,27.379874082828355
1957,DMA,26.315449764641624
1957,DNK,8.245953209458364
1957,DOM,25.120610918571312
1957,DZA,16.50412433136702
1957,ECU,19.04828252296632
1957,EGY,21.47680299252834
1957,ESP,13.713013822441145
1957,EST,5.755018262019631
1957,ETH,19.427868004242416
1957,FIN,3.8515117769506313
1957,FJI,26.10554985345031
1957,FRA,10.73681202150566
1957,GAB,25.05279722198813
1957,GBR,9.641743091728989
1957,GEO,8.79867389563295
1957,GHA,26.440431467688697
1957,GIN,25.479227317392844
1957,GMB,26.407391103548395
1957,GNB,27.156783403050543
1957,GNQ,24.196955950387444
1957,GRC,14.005087615900557
1957,GRD,26.436856762525476
1957,GTM,21.668272513476968
1957,GUY,26.39501446398466
1957,HKG,13.630009515649515
1957,HND,23.581478170048783
1957,HRV,10.636733521253396
1957,HTI,25.875250574636446
1957,HUN,10.191940291557389
1957,IDN,25.687634977158048
1957,IND,25.24830331575013
1957,IRL,9.867171186938023
1957,IRN,13.369802566417665
1957,IRQ,21.767930400294414
1957,ISL,2.9895931108369687
1957,ISR,19.616541877489738
1957,ITA,12.369669094212828
1957,JAM,25.8578060126553
1957,JOR,19.288373762593864
1957,JPN,13.856979100745782
1957,KAZ,4.955392962059952
1957,KEN,20.05386892874785
1957,KGZ,4.371280987551225
1957,KHM,27.157623762162864
1957,KNA,26.186319654341787
1957,KOR,11.010586460953562
1957,KWT,24.780459468485788
1957,LAO,24.3127382258139
1957,LBN,17.846994655633655
1957,LBR,25.396420953959343
1957,LCA,26.36014815256931
1957,LKA,25.86794240668761
1957,LSO,13.267341552920303
1957,LTU,6.977032197422342
1957,LUX,9.361437107125916
1957,LVA,6.548394759775489
1957,MAC,13.630009515649515
1957,MAR,16.759990897972425
1957,MDA,9.960546700330026
1957,MDG,20.833757868569386
1957,MDV,27.542924063008588
1957,MEX,18.41522435808896
1957,MKD,10.287042724546124
1957,MLI,27.75396942131191
1957,MLT,18.752146713629674
1957,MMR,25.01276688091877
1957,MNE,11.810534926219134
1957,MNG,-2.905937115953868
1957,MOZ,24.14639719478991
1957,MRT,28.23728457159666
1957,MSR,26.339003986679018
1957,MUS,24.00650861642013
1957,MWI,21.62302031389905
1957,MYS,26.68243416910624
1957,NAM,21.6422717565785
1957,NER,27.955217981015963
1957,NGA,26.51427810092585
1957,NIC,25.784781831665608
1957,NLD,10.068363898834042
1957,NOR,4.37275666040949
1957,NPL,18.147171903753133
1957,NZL,12.957418951546408
1957,OMN,25.950257826227684
1957,PAK,22.26068919365812
1957,PAN,26.01030116487456
1957,PER,15.311689426769387
1957,PHL,26.21491092680925
1957,POL,8.10157752054078
1957,PRT,14.101756310942916
1957,PRY,21.91233735185529
1957,PSE,19.616541877489738
1957,QAT,25.852257076650854
1957,ROU,9.36150811905289
1957,RUS,4.443980255906041
1957,RWA,18.96682033282141
1957,SAU,25.31460188122105
1957,SDN,27.718044047531027
1957,SEN,26.849558722154168
1957,SGP,27.256821607161932
1957,SLE,26.235914787712545
1957,SLV,26.45350637400525
1957,SOM,26.12150805363408
1957,SRB,10.252221873434893
1957,SSD,27.718044047531027
1957,STP,25.509150640573356
1957,SUR,26.75508534394186
1957,SVK,7.948939729787754
1957,SVN,9.452412452273538
1957,SWE,5.7207296014999285
1957,SWZ,20.17530114327868
1957,SXM,26.186319654341787
1957,SYC,26.6507851878802
1957,SYR,16.943410629346303
1957,TCA,26.233060496548813
1957,TCD,27.5363728491884
1957,TGO,26.727520230024137
1957,THA,26.794527268045176
1957,TJK,9.296613721666048
1957,TKM,14.932092222376346
1957,TTO,26.199926189146936
1957,TUN,17.73939382623807
1957,TUR,12.088987285299453
1957,TWN,13.630009515649515
1957,TZA,21.75105397568401
1957,UGA,22.50912731216364
1957,UKR,8.642366142955876
1957,URY,16.926741678093467
1957,USA,13.415703298496648
1957,UZB,12.152854750900971
1957,VCT,26.436856762525476
1957,VEN,24.83487667628766
1957,VGB,26.20182846828053
1957,VNM,24.641310061443104
1957,YEM,23.2980978246373
1957,ZAF,17.461599743166698
1957,ZMB,21.616257608113784
1957,ZWE,21.05638400302267
1958,ABW,26.60004010237753
1958,AGO,21.941439537762893
1958,AIA,26.646585571734857
1958,ALB,13.96705536733307
1958,ARE,27.318321939642328
1958,ARG,17.222146329820212
1958,ARM,5.945256312099763
1958,ATG,26.7454874444132
1958,AUS,15.868455352064643
1958,AUT,7.358574272375151
1958,AZE,11.81757488090748
1958,BDI,21.08907939711216
1958,BEL,9.372482845753872
1958,BEN,26.919964840548843
1958,BFA,28.449320153916837
1958,BGD,25.990346071917926
1958,BGR,10.794106346914676
1958,BHR,25.789575261063877
1958,BHS,25.422100559032216
1958,BIH,9.93025824589184
1958,BLR,5.977629956870386
1958,BLZ,26.034374147612816
1958,BMU,22.101390758529305
1958,BOL,15.108777588369502
1958,BRA,22.791213145494304
1958,BRB,27.00645980021606
1958,BRN,27.157090672175404
1958,BTN,9.626952830689042
1958,BWA,20.87167308184597
1958,CAF,25.263667106669768
1958,CAN,4.789877480490113
1958,CHE,6.85341345471558
1958,CHL,11.145041714594443
1958,CHN,14.181163231264106
1958,CIV,26.02021997621553
1958,CMR,24.350691201318018
1958,COD,23.71041258498369
1958,COG,24.504893627807363
1958,COL,21.24703713816427
1958,COM,26.40345548892704
1958,CPV,24.115158937871456
1958,CRI,24.37835879160473
1958,CUW,26.60004010237753
1958,CYM,27.065648247914694
1958,CYP,20.43300093182673
1958,CZE,7.6016815067994115
1958,DEU,8.619638182607885
1958,DJI,28.19349331124445
1958,DMA,26.9728295916381
1958,DNK,7.5963627300696945
1958,DOM,25.281130823176465
1958,DZA,17.16743497469483
1958,ECU,18.784272635107776
1958,EGY,21.745158618845007
1958,ESP,14.136450494887546
1958,EST,4.385215594146529
1958,ETH,19.770561980816424
1958,FIN,2.300946191183834
1958,FJI,26.085727473720908
1958,FRA,10.605653470691596
1958,GAB,25.01795815028376
1958,GBR,9.041563128574085
1958,GEO,8.207852356699796
1958,GHA,26.445214805889485
1958,GIN,25.604760257898544
1958,GMB,26.89703730631929
1958,GNB,27.412101117648405
1958,GNQ,24.137666960867744
1958,GRC,14.340890650067532
1958,GRD,27.062840928090733
1958,GTM,22.07727591482468
1958,GUY,26.815643197090854
1958,HKG,14.181163231264106
1958,HND,23.854919012623046
1958,HRV,10.994132765241996
1958,HTI,26.0701364201035
1958,HUN,10.19607714047046
1958,IDN,25.91971444848357
1958,IND,25.77142047881486
1958,IRL,9.429101867497875
1958,IRN,15.048596267639567
1958,IRQ,22.512330407822702
1958,ISL,2.9394387057127025
1958,ISR,20.033629286717726
1958,ITA,12.503796630227496
1958,JAM,26.06596460783233
1958,JOR,19.7763740026296
1958,JPN,14.308977204558106
1958,KAZ,4.8563397559432335
1958,KEN,20.34987073435763
1958,KGZ,5.513973092795512
1958,KHM,27.40854148077456
1958,KNA,26.7454874444132
1958,KOR,11.912327251084315
1958,KWT,25.345874068637688
1958,LAO,24.127672252228937
1958,LBN,18.20704359126588
1958,LBR,25.39636639641534
1958,LCA,27.02126215825168
1958,LKA,26.11731447460271
1958,LSO,13.684825170469596
1958,LTU,5.929441038118564
1958,LUX,8.965727436977128
1958,LVA,5.358110638861738
1958,MAC,14.181163231264106
1958,MAR,17.219809724393134
1958,MDA,10.063615929561644
1958,MDG,20.87816023221086
1958,MDV,27.63913141206528
1958,MEX,18.14868876342429
1958,MKD,10.483265877055809
1958,MLI,28.155843541717186
1958,MLT,18.993370610599715
1958,MMR,25.136804505281585
1958,MNE,11.815760193220058
1958,MNG,-1.4763400638925952
1958,MOZ,24.047147373525725
1958,MRT,28.74689481553325
1958,MSR,26.94109270054226
1958,MUS,23.953800069789093
1958,MWI,21.63416703992898
1958,MYS,26.863417399258896
1958,NAM,21.87232493023218
1958,NER,28.41883103500252
1958,NGA,26.81727803772448
1958,NIC,25.94563557460957
1958,NLD,9.634835198055203
1958,NOR,3.7204622128016607
1958,NPL,18.89631005850189
1958,NZL,13.015473226234148
1958,OMN,26.33951318770938
1958,PAK,23.51387913490182
1958,PAN,26.307224949570653
1958,PER,15.267764524243807
1958,PHL,26.2660357488866
1958,POL,7.562494276074127
1958,PRT,14.057474046320865
1958,PRY,22.14745397135242
1958,PSE,20.033629286717726
1958,QAT,26.174410401668865
1958,ROU,9.639043086860392
1958,RUS,3.3742244383697715
1958,RWA,19.3091186035911
1958,SAU,26.246049632119
1958,SDN,28.1527703466583
1958,SEN,27.386089623051063
1958,SGP,27.42131249854962
1958,SLE,26.238059898240557
1958,SLV,26.72152353600313
1958,SOM,26.55961471038888
1958,SRB,10.55629847748186
1958,SSD,28.1527703466583
1958,STP,25.75266019751628
1958,SUR,27.188217454023064
1958,SVK,7.763246993666969
1958,SVN,9.57643788383243
1958,SWE,4.862813223184238
1958,SWZ,20.42367625422776
1958,SXM,26.7454874444132
1958,SYC,26.612955152212333
1958,SYR,17.284499322654515
1958,TCA,26.186916986790795
1958,TCD,28.02212366176388
1958,TGO,26.83759726847177
1958,THA,26.815263556730404
1958,TJK,10.817142743166247
1958,TKM,16.21924106677858
1958,TTO,26.721090897607308
1958,TUN,18.262859013628653
1958,TUR,12.207872991366152
1958,TWN,14.181163231264106
1958,TZA,22.16481337006948
1958,UGA,22.952172065154446
1958,UKR,8.076971344111056
1958,URY,17.253057902580018
1958,USA,12.769024486937452
1958,UZB,13.518083666167346
1958,VCT,27.062840928090733
1958,VEN,25.516840180716876
1958,VGB,26.69719167115788
1958,VNM,24.64788854350878
1958,YEM,24.03618277606529
1958,ZAF,17.595077740459967
1958,ZMB,21.41341003270785
1958,ZWE,20.416761327026062
1959,ABW,25.97774484505256
1959,AGO,21.982996635984424
1959,AIA,26.36089424282545
1959,ALB,13.351249477896966
1959,ARE,26.849353629870905
1959,ARG,16.577331547637804
1959,ARM,4.969749233942768
1959,ATG,26.340486172916524
1959,AUS,16.0147657684543
1959,AUT,7.60149711804055
1959,AZE,10.892015881024047
1959,BDI,20.82137293832561
1959,BEL,10.338041037137788
1959,BEN,26.941248449239534
1959,BFA,28.362288250088337
1959,BGD,25.153737238543524
1959,BGR,9.537999158549152
1959,BHR,24.88751231258114
1959,BHS,25.85873908301194
1959,BIH,9.351005512733462
1959,BLR,6.566893924946161
1959,BLZ,25.939461995380807
1959,BMU,22.222935704281557
1959,BOL,15.119914591056732
1959,BRA,22.855643284715576
1959,BRB,26.47244239897312
1959,BRN,26.98866547717868
1959,BTN,9.22954310609902
1959,BWA,20.91029263104831
1959,CAF,24.97897649492634
1959,CAN,4.639036630217959
1959,CHE,7.464739753840635
1959,CHL,10.859056080627912
1959,CHN,14.46273043590037
1959,CIV,26.090902223447195
1959,CMR,24.287998334558093
1959,COD,23.606497329776097
1959,COG,24.551394557140195
1959,COL,20.7689042747601
1959,COM,26.126273250517745
1959,CPV,23.06681595199431
1959,CRI,24.063545025298136
1959,CUW,25.97774484505256
1959,CYM,27.0874196345297
1959,CYP,19.75051656737924
1959,CZE,8.09440711219292
1959,DEU,9.471025239930825
1959,DJI,27.79093749359304
1959,DMA,26.463551769556943
1959,DNK,8.903331107839035
1959,DOM,25.2920243621592
1959,DZA,16.996651531024142
1959,ECU,18.480674198981227
1959,EGY,20.83160361743052
1959,ESP,14.074730202920778
1959,EST,6.004036769070631
1959,ETH,19.638251257531746
1959,FIN,4.207045396536224
1959,FJI,26.357051227785025
1959,FRA,11.448815894886572
1959,GAB,25.16024915037246
1959,GBR,10.015309412439512
1959,GEO,7.260413782328326
1959,GHA,26.52227043476419
1959,GIN,25.55674881622899
1959,GMB,26.4596573661982
1959,GNB,27.22268100090307
1959,GNQ,24.21395856048912
1959,GRC,13.347365742120134
1959,GRD,26.53714411360367
1959,GTM,21.631000567207707
1959,GUY,26.431409634346156
1959,HKG,14.46273043590037
1959,HND,23.57779543270642
1959,HRV,10.658783617280989
1959,HTI,26.107959857124765
1959,HUN,10.157112398143392
1959,IDN,25.6819603974156
1959,IND,25.56639955986803
1959,IRL,10.139267531987796
1959,IRN,14.22032101164688
1959,IRQ,21.56695174991293
1959,ISL,3.134285957000941
1959,ISR,19.0327836887256
1959,ITA,12.512841186679143
1959,JAM,25.92082188280377
1959,JOR,18.550640392186057
1959,JPN,14.720047677474
1959,KAZ,4.3406740474258605
1959,KEN,20.330864853628302
1959,KGZ,5.279066555639497
1959,KHM,27.484942205778754
1959,KNA,26.340486172916524
1959,KOR,12.5173444945253
1959,KWT,24.611715818832938
1959,LAO,24.22565840482892
1959,LBN,17.304978265116613
1959,LBR,25.30623739365713
1959,LCA,26.476989233119337
1959,LKA,26.084244338216028
1959,LSO,13.091712076445935
1959,LTU,6.9169024999225766
1959,LUX,10.0902776196599
1959,LVA,6.626867738884175
1959,MAC,14.46273043590037
1959,MAR,16.89183365437807
1959,MDA,9.47895589552157
1959,MDG,20.71212015980672
1959,MDV,27.799096110240495
1959,MEX,18.069027941992893
1959,MKD,9.607138761037117
1959,MLI,28.040790124111275
1959,MLT,18.85770855572385
1959,MMR,24.840190500065592
1959,MNE,11.295898097679943
1959,MNG,-2.1758647432806004
1959,MOZ,23.95787309556404
1959,MRT,28.48683216165624
1959,MSR,26.454863538965583
1959,MUS,23.67435314630469
1959,MWI,21.601854847138924
1959,MYS,26.67532054799232
1959,NAM,21.77236347259452
1959,NER,28.224802456626936
1959,NGA,26.70283526826644
1959,NIC,25.66509401851824
1959,NLD,10.413879968342451
1959,NOR,5.0690811907606905
1959,NPL,18.61492889232876
1959,NZL,12.762229227355016
1959,OMN,26.141129703743868
1959,PAK,23.15168113913934
1959,PAN,25.927715105697533
1959,PER,15.01196487955543
1959,PHL,26.249770513611235
1959,POL,8.161193253228832
1959,PRT,14.361143165748269
1959,PRY,22.342390183563356
1959,PSE,19.0327836887256
1959,QAT,25.42046825091044
1959,ROU,8.869596594785088
1959,RUS,3.438052141479611
1959,RWA,19.116188959785624
1959,SAU,25.198924865755597
1959,SDN,27.62860934996749
1959,SEN,26.953384001395925
1959,SGP,27.16554926939716
1959,SLE,26.23161724942649
1959,SLV,26.42509968673048
1959,SOM,26.514454732630345
1959,SRB,9.679285637473225
1959,SSD,27.62860934996749
1959,STP,26.00510076674012
1959,SUR,26.76065509988306
1959,SVK,7.915701032080695
1959,SVN,9.524845174220722
1959,SWE,6.64453604300125
1959,SWZ,19.97796765963237
1959,SXM,26.340486172916524
1959,SYC,26.33491836488247
1959,SYR,16.33226420872124
1959,TCA,26.371928271565896
1959,TCD,27.6867588766616
1959,TGO,26.86113489691183
1959,THA,26.92816016924162
1959,TJK,10.490629307160352
1959,TKM,15.061402795105968
1959,TTO,26.27462951062868
1959,TUN,17.97579616257005
1959,TUR,11.16217644571782
1959,TWN,14.46273043590037
1959,TZA,22.09602792995693
1959,UGA,22.80565381800939
1959,UKR,7.700255720013891
1959,URY,16.685493810699466
1959,USA,13.476505227914569
1959,UZB,12.8642158067478
1959,VCT,26.53714411360367
1959,VEN,24.9797239880448
1959,VGB,26.431537670083344
1959,VNM,24.650157441456653
1959,YEM,23.435812368519095
1959,ZAF,17.32537270668724
1959,ZMB,21.579110962870104
1959,ZWE,20.68438600480305
1960,ABW,26.45938305494686
1960,AGO,21.876162207573422
1960,AIA,26.61735106135408
1960,ALB,14.151920408078675
1960,ARE,27.220248145702985
1960,ARG,17.22695646637994
1960,ARM,6.310415722397697
1960,ATG,26.58072976612796
1960,AUS,15.443489466894407
1960,AUT,7.299749690999429
1960,AZE,11.962621069997532
1960,BDI,20.625179081677448
1960,BEL,9.64296693036462
1960,BEN,26.89753990080095
1960,BFA,28.098382726450488
1960,BGD,25.6317977884279
1960,BGR,10.6554898457534
1960,BHR,25.745644720727192
1960,BHS,25.70984632599477
1960,BIH,9.95575380290452
1960,BLR,6.445136598768955
1960,BLZ,25.89766499316988
1960,BMU,22.123854546807703
1960,BOL,14.789347952149775
1960,BRA,22.2789859928584
1960,BRB,26.56534517773737
1960,BRN,27.057131887103125
1960,BTN,9.428954189454888
1960,BWA,20.97219283569108
1960,CAF,24.96324192429047
1960,CAN,4.880926898341437
1960,CHE,6.812402425105298
1960,CHL,11.473028225269442
1960,CHN,14.31053045316994
1960,CIV,26.09013574748047
1960,CMR,24.30720132506796
1960,COD,23.4852494481131
1960,COG,24.58750267023452
1960,COL,20.66458812948284
1960,COM,26.039918119708695
1960,CPV,23.2485616269211
1960,CRI,23.99637424443855
1960,CUW,26.45938305494686
1960,CYM,27.15548335807398
1960,CYP,20.73688232153654
1960,CZE,7.683725448325345
1960,DEU,8.835512453031225
1960,DJI,27.962104316004822
1960,DMA,26.649569451391773
1960,DNK,7.933119716604277
1960,DOM,25.38543943866569
1960,DZA,17.146403960647707
1960,ECU,18.24410976360155
1960,EGY,22.113863242317517
1960,ESP,13.929229354666337
1960,EST,4.957508007316135
1960,ETH,19.471470174022453
1960,FIN,3.3089519332943604
1960,FJI,26.29727980145253
1960,FRA,10.697392063516164
1960,GAB,25.272313554135103
1960,GBR,9.3142900449376
1960,GEO,8.460578808437111
1960,GHA,26.486295803688865
1960,GIN,25.532857070566067
1960,GMB,26.57741850491169
1960,GNB,27.32506025034627
1960,GNQ,24.285312786096863
1960,GRC,14.418118605200489
1960,GRD,26.63563121855259
1960,GTM,21.578535507406627
1960,GUY,26.40290294791142
1960,HKG,14.31053045316994
1960,HND,23.40918171102832
1960,HRV,10.9616403675649
1960,HTI,26.14408888531717
1960,HUN,10.26266548414954
1960,IDN,25.602424672259662
1960,IND,25.57733188455953
1960,IRL,9.474335511932711
1960,IRN,14.931497043509545
1960,IRQ,23.00309189216761
1960,ISL,3.538333328797405
1960,ISR,20.403528989285554
1960,ITA,12.296271040399262
1960,JAM,26.06555742522081
1960,JOR,20.29442018478429
1960,JPN,14.500282544404968
1960,KAZ,3.8979952953114014
1960,KEN,20.1542203145568
1960,KGZ,5.004215290142114
1960,KHM,27.378444983855168
1960,KNA,26.58072976612796
1960,KOR,12.376706944899864
1960,KWT,25.780835242321093
1960,LAO,24.05579327906036
1960,LBN,18.57921940336625
1960,LBR,25.35694624754684
1960,LCA,26.59456408004432
1960,LKA,25.86287001307366
1960,LSO,13.374998172669468
1960,LTU,6.235598573704855
1960,LUX,9.238254189491272
1960,LVA,5.721561927707347
1960,MAC,14.31053045316994
1960,MAR,17.08521290546434
1960,MDA,10.414786724429227
1960,MDG,20.58166276005373
1960,MDV,27.414362328282248
1960,MEX,18.22002346634463
1960,MKD,10.585505133202371
1960,MLI,27.932800687405813
1960,MLT,19.040733252457965
1960,MMR,25.267632274406065
1960,MNE,11.944337583653809
1960,MNG,-2.1457804627072163
1960,MOZ,23.730828159252734
1960,MRT,28.52357484554248
1960,MSR,26.68648217896043
1960,MUS,23.53436668217182
1960,MWI,21.331247939831226
1960,MYS,26.663305517579627
1960,NAM,21.89428663778861
1960,NER,28.33569801886479
1960,NGA,26.709883998706346
1960,NIC,25.469876430619312
1960,NLD,9.92845872458746
1960,NOR,4.289879042742252
1960,NPL,18.69863740370903
1960,NZL,12.806922513765942
1960,OMN,26.298288773341422
1960,PAK,23.16342514156675
1960,PAN,25.86379670075893
1960,PER,14.76848621192824
1960,PHL,26.240781551884258
1960,POL,7.758458535494268
1960,PRT,14.06008520727973
1960,PRY,21.987341011897428
1960,PSE,20.403528989285554
1960,QAT,26.144838511943817
1960,ROU,9.709526150767548
1960,RUS,3.437853300821293
1960,RWA,18.94021681068361
1960,SAU,26.16498804477404
1960,SDN,28.2029923053321
1960,SEN,27.05716904383802
1960,SGP,27.19131360039076
1960,SLE,26.32052047604156
1960,SLV,26.204911819762977
1960,SOM,26.27043183412033
1960,SRB,10.452731158262326
1960,SSD,28.2029923053321
1960,STP,26.09414184838533
1960,SUR,26.669136074508597
1960,SVK,7.835519023498275
1960,SVN,9.514120456149053
1960,SWE,5.49851983495756
1960,SWZ,19.93554459574322
1960,SXM,26.58072976612796
1960,SYC,26.40042067412287
1960,SYR,17.897477193788536
1960,TCA,26.48363890273807
1960,TCD,27.883992922176876
1960,TGO,26.852145700616845
1960,THA,26.875379608131876
1960,TJK,10.13375249191275
1960,TKM,15.599809463232445
1960,TTO,26.354599855374545
1960,TUN,18.47724187810287
1960,TUR,12.527072100723627
1960,TWN,14.31053045316994
1960,TZA,21.940395093332366
1960,UGA,22.56990275707349
1960,UKR,8.554437388474039
1960,URY,17.123305898584963
1960,USA,12.856336252385852
1960,UZB,12.777748511780452
1960,VCT,26.63563121855259
1960,VEN,25.17491288362973
1960,VGB,26.706504203379158
1960,VNM,24.732883966930647
1960,YEM,23.657526220020813
1960,ZAF,17.402499032225442
1960,ZMB,21.288355829209188
1960,ZWE,20.34167443965156
1961,ABW,26.195089551620185
1961,AGO,21.81092163041677
1961,AIA,26.259690893813968
1961,ALB,14.13977905489322
1961,ARE,26.994147257241337
1961,ARG,17.2576902941368
1961,ARM,6.383218877098394
1961,ATG,26.268446167310078
1961,AUS,16.075062612033246
1961,AUT,7.911727721467299
1961,AZE,12.559327499338025
1961,BDI,20.729906799053225
1961,BEL,10.157041983742507
1961,BEN,26.73367800699027
1961,BFA,27.759647859808663
1961,BGD,25.264641748396382
1961,BGR,10.499457251444246
1961,BHR,25.30438789042334
1961,BHS,25.744091813607767
1961,BIH,10.050490266179969
1961,BLR,6.985558792055259
1961,BLZ,25.930044327627503
1961,BMU,22.23249684786424
1961,BOL,15.237835093555448
1961,BRA,22.875909337144748
1961,BRB,26.41959222918376
1961,BRN,27.02778145810589
1961,BTN,9.055069589665758
1961,BWA,20.887602792071476
1961,CAF,24.84241790396973
1961,CAN,5.013605140775748
1961,CHE,7.749628785670167
1961,CHL,11.108428535828224
1961,CHN,14.666322629748512
1961,CIV,25.993579376745444
1961,CMR,24.079690607799115
1961,COD,23.343389629913105
1961,COG,24.28108520248448
1961,COL,20.753879855514427
1961,COM,26.70200728128354
1961,CPV,23.58558280020952
1961,CRI,23.853950918662196
1961,CUW,26.195089551620185
1961,CYM,26.91012990529028
1961,CYP,20.35892300043876
1961,CZE,8.222922639799533
1961,DEU,9.404310157301206
1961,DJI,27.95272378703528
1961,DMA,26.38281715568155
1961,DNK,8.732199042178612
1961,DOM,25.012056999613087
1961,DZA,17.671482917436535
1961,ECU,18.137667202192404
1961,EGY,20.91311152944436
1961,ESP,14.777313220556128
1961,EST,6.6164471510747305
1961,ETH,19.228144446573356
1961,FIN,4.779605067276131
1961,FJI,26.519318964332346
1961,FRA,11.4699166057724
1961,GAB,25.01509219000178
1961,GBR,9.497387321878527
1961,GEO,8.559607888464468
1961,GHA,26.363690310459308
1961,GIN,25.364474347602524
1961,GMB,26.57831179301072
1961,GNB,27.17557171094515
1961,GNQ,23.969024550480142
1961,GRC,14.30206956726266
1961,GRD,26.4689394904611
1961,GTM,21.57515254739315
1961,GUY,26.482927848950183
1961,HKG,14.666322629748512
1961,HND,23.47406540817966
1961,HRV,11.289777582440422
1961,HTI,25.85797801902268
1961,HUN,10.671907623788153
1961,IDN,25.45320456000445
1961,IND,25.06526785308837
1961,IRL,9.575094254267963
1961,IRN,14.664207135258168
1961,IRQ,22.123839469783587
1961,ISL,2.8089852501617507
1961,ISR,19.392167149997373
1961,ITA,13.013577936057953
1961,JAM,25.856101732468236
1961,JOR,18.940560636770904
1961,JPN,14.774224203330103
1961,KAZ,5.889365528793523
1961,KEN,20.32542546090956
1961,KGZ,5.693099734818735
1961,KHM,27.2128605687582
1961,KNA,26.268446167310078
1961,KOR,12.52752732288715
1961,KWT,24.99062560064097
1961,LAO,24.155367717579
1961,LBN,17.79883814106385
1961,LBR,25.27809430777894
1961,LCA,26.405426064040512
1961,LKA,25.784540362341847
1961,LSO,13.58076502795724
1961,LTU,7.202778010670992
1961,LUX,9.80075253918767
1961,LVA,7.061141247265154
1961,MAC,14.666322629748512
1961,MAR,17.887952786955058
1961,MDA,10.249434124460487
1961,MDG,21.407179818054317
1961,MDV,27.680300374515355
1961,MEX,18.051791859687132
1961,MKD,10.377500468024255
1961,MLI,27.80946974008745
1961,MLT,19.2627097889781
1961,MMR,24.920463417836448
1961,MNE,11.956460261059153
1961,MNG,-1.6588006106123632
1961,MOZ,24.054572785386483
1961,MRT,28.676614210001656
1961,MSR,26.370452410231035
1961,MUS,24.738078363763638
1961,MWI,21.439131297754518
1961,MYS,26.53298520048224
1961,NAM,22.06147042674026
1961,NER,27.33263486158379
1961,NGA,26.378903571052184
1961,NIC,25.432891023223004
1961,NLD,10.235502776304315
1961,NOR,4.917399813643443
1961,NPL,18.241416020382022
1961,NZL,12.888687889768896
1961,OMN,26.193461910025658
1961,PAK,22.67500503081021
1961,PAN,25.759311180411707
1961,PER,14.858105041919863
1961,PHL,26.072087240238652
1961,POL,8.294890118428786
1961,PRT,14.951510699961508
1961,PRY,22.745335092700486
1961,PSE,19.392167149997373
1961,QAT,25.746325297125924
1961,ROU,9.681302570965856
1961,RUS,4.453706077544106
1961,RWA,18.947314468335826
1961,SAU,25.633699974179372
1961,SDN,27.227644890080445
1961,SEN,27.19190259290079
1961,SGP,27.16010767337866
1961,SLE,26.23370770462957
1961,SLV,26.28511555018117
1961,SOM,26.444820701875464
1961,SRB,10.478813364779793
1961,SSD,27.227644890080445
1961,STP,26.107307200940948
1961,SUR,26.718113463842208
1961,SVK,8.16486832983035
1961,SVN,9.875967290237742
1961,SWE,6.5150105932781885
1961,SWZ,20.112250737845898
1961,SXM,26.268446167310078
1961,SYC,26.88252769759856
1961,SYR,16.935432366716704
1961,TCA,26.28461731830612
1961,TCD,27.13272915398478
1961,TGO,26.73419986378487
1961,THA,26.577970298986067
1961,TJK,10.804647898866792
1961,TKM,16.454788163552426
1961,TTO,26.25030084439398
1961,TUN,18.524042143132668
1961,TUR,12.048678164002066
1961,TWN,14.666322629748512
1961,TZA,22.237100942467677
1961,UGA,22.50756360186246
1961,UKR,8.559627276540528
1961,URY,17.29698500669699
1961,USA,13.078806881091436
1961,UZB,13.856804741140634
1961,VCT,26.4689394904611
1961,VEN,25.052635919247084
1961,VGB,26.3365341493239
1961,VNM,24.72046193956556
1961,YEM,23.642435492466
1961,ZAF,17.586439578827804
1961,ZMB,21.37054143480384
1961,ZWE,20.597266097383223
1962,ABW,26.254416055511683
1962,AGO,21.81152072995095
1962,AIA,26.220450854258768
1962,ALB,14.087899000044729
1962,ARE,27.594066233965385
1962,ARG,16.760105827018545
1962,ARM,6.8428133180599024
1962,ATG,26.32605634815991
1962,AUS,15.73516994279812
1962,AUT,6.204767066711126
1962,AZE,12.681004057207742
1962,BDI,20.444911117449383
1962,BEL,8.201901106080733
1962,BEN,26.805060115149125
1962,BFA,27.92794226341401
1962,BGD,25.216252297035204
1962,BGR,10.418324979006002
1962,BHR,26.20784676571687
1962,BHS,25.64675949886441
1962,BIH,8.961118653371644
1962,BLR,5.82874093387158
1962,BLZ,25.726481433685947
1962,BMU,22.106887076360483
1962,BOL,14.605698117047424
1962,BRA,22.07656505140526
1962,BRB,26.52359480659167
1962,BRN,26.823941958447293
1962,BTN,8.669757916636746
1962,BWA,21.085133308285474
1962,CAF,24.80272235313174
1962,CAN,4.434846550703383
1962,CHE,5.942396271547402
1962,CHL,11.366838814028162
1962,CHN,14.102463902970335
1962,CIV,25.87533203055686
1962,CMR,24.186536910046808
1962,COD,23.35372060257209
1962,COG,24.481068093565018
1962,COL,20.685618932990828
1962,COM,26.3460745952713
1962,CPV,23.860410840871435
1962,CRI,23.66086240824104
1962,CUW,26.254416055511683
1962,CYM,26.984038243380684
1962,CYP,20.893835774933294
1962,CZE,6.618933008960263
1962,DEU,7.543248582869909
1962,DJI,27.698039786692497
1962,DMA,26.50375188173105
1962,DNK,7.318602320608999
1962,DOM,25.016910890294607
1962,DZA,16.878799201239715
1962,ECU,18.21829752099416
1962,EGY,21.88804485813068
1962,ESP,14.080978346409935
1962,EST,4.804594370253876
1962,ETH,19.20242891753616
1962,FIN,2.7641140822304355
1962,FJI,26.343560745299328
1962,FRA,9.843634702998695
1962,GAB,25.11953351746045
1962,GBR,8.245163159646538
1962,GEO,9.40513854240262
1962,GHA,26.297279723114578
1962,GIN,25.392381564743328
1962,GMB,26.69586019365872
1962,GNB,27.329741581783967
1962,GNQ,24.1355673763901
1962,GRC,14.34722568256452
1962,GRD,26.649000663659532
1962,GTM,21.31981463953002
1962,GUY,26.417899441700424
1962,HKG,14.102463902970335
1962,HND,23.213259851019945
1962,HRV,9.657781525398388
1962,HTI,25.826861617080542
1962,HUN,9.306667790062376
1962,IDN,25.453900310586647
1962,IND,25.08157717202729
1962,IRL,8.770573197286097
1962,IRN,14.850978981880283
1962,IRQ,23.32968746016944
1962,ISL,2.560600232478252
1962,ISR,20.394788325093465
1962,ITA,12.047170288993366
1962,JAM,25.788715618895363
1962,JOR,20.36736268745897
1962,JPN,14.177929074777763
1962,KAZ,6.189836106277444
1962,KEN,19.939531074224437
1962,KGZ,5.571238261279782
1962,KHM,26.928493462920898
1962,KNA,26.32605634815991
1962,KOR,11.808273495036582
1962,KWT,26.253221940870084
1962,LAO,23.692046680809703
1962,LBN,18.56017171777785
1962,LBR,25.22340948806253
1962,LCA,26.55177593960737
1962,LKA,25.82367556761351
1962,LSO,13.647598834076886
1962,LTU,5.562688298523862
1962,LUX,7.967769311120112
1962,LVA,5.302581858545327
1962,MAC,14.102463902970335
1962,MAR,17.253295566808074
1962,MDA,9.922020867165063
1962,MDG,20.73446717579797
1962,MDV,27.58686315095353
1962,MEX,18.305274404698363
1962,MKD,10.202344955545335
1962,MLI,27.74290126489299
1962,MLT,19.104459180807076
1962,MMR,24.91267020571825
1962,MNE,11.674478742459886
1962,MNG,-1.5085803017485877
1962,MOZ,23.822340712575244
1962,MRT,28.535502588232543
1962,MSR,26.48457841994241
1962,MUS,23.823677943398557
1962,MWI,21.159736319098847
1962,MYS,26.46639707899032
1962,NAM,21.91873753034184
1962,NER,28.299037092482457
1962,NGA,26.653571165491247
1962,NIC,25.267766824194503
1962,NLD,8.47080718613039
1962,NOR,3.3860062601783527
1962,NPL,18.16677411036877
1962,NZL,13.456554352351098
1962,OMN,26.296819237696496
1962,PAK,22.891413371982097
1962,PAN,25.70656644213973
1962,PER,14.669873469798922
1962,PHL,26.01844225366949
1962,POL,6.855852838454654
1962,PRT,14.276570798572342
1962,PRY,21.396262555923585
1962,PSE,20.394788325093465
1962,QAT,26.560836007197697
1962,ROU,9.158438730880084
1962,RUS,4.543727471337349
1962,RWA,18.82893295276593
1962,SAU,26.284497213855666
1962,SDN,27.826161666939097
1962,SEN,27.270408409365032
1962,SGP,26.999854660592973
1962,SLE,26.17425080329727
1962,SLV,26.04756827382532
1962,SOM,26.291422163717623
1962,SRB,9.674482875587792
1962,SSD,27.826161666939097
1962,STP,25.9744309115534
1962,SUR,26.767198020623248
1962,SVK,6.757726637176724
1962,SVN,8.268853681045321
1962,SWE,4.640530968766554
1962,SWZ,20.556277743851144
1962,SXM,26.32605634815991
1962,SYC,26.642572173693527
1962,SYR,18.151025207926903
1962,TCA,26.0809059907527
1962,TCD,27.55436267567048
1962,TGO,26.72960408006702
1962,THA,26.370683841478368
1962,TJK,10.390522975902254
1962,TKM,15.753360072087386
1962,TTO,26.40507401851937
1962,TUN,18.03175989805969
1962,TUR,13.133486958790488
1962,TWN,14.102463902970335
1962,TZA,21.781470850521607
1962,UGA,22.35282588394005
1962,UKR,8.370477080041061
1962,URY,16.525920391663472
1962,USA,12.966354202459334
1962,UZB,13.27917044465675
1962,VCT,26.649000663659532
1962,VEN,25.07513082519967
1962,VGB,26.26652771832111
1962,VNM,24.34360955284744
1962,YEM,23.62752736738397
1962,ZAF,17.790635408631058
1962,ZMB,21.04403406821265
1962,ZWE,20.55476115804147
1963,ABW,26.3183648987518
1963,AGO,21.821227248619635
1963,AIA,26.43423234197932
1963,ALB,14.292125084571344
1963,ARE,27.173694689231663
1963,ARG,17.100140192184263
1963,ARM,6.190082095465596
1963,ATG,26.48457010055426
1963,AUS,15.806385634506864
1963,AUT,6.361436623423908
1963,AZE,11.911025156192752
1963,BDI,20.488121236832427
1963,BEL,7.96345913332947
1963,BEN,27.195085830079204
1963,BFA,28.32696619759312
1963,BGD,25.30173246202673
1963,BGR,9.960322512436338
1963,BHR,25.89614056920012
1963,BHS,25.76443319457273
1963,BIH,9.184237370703835
1963,BLR,5.186639810600153
1963,BLZ,25.55625995206032
1963,BMU,21.75182446837425
1963,BOL,15.212495049587575
1963,BRA,22.774402056670613
1963,BRB,26.612423792791866
1963,BRN,26.791583233202505
1963,BTN,8.719778869265102
1963,BWA,20.36776767135162
1963,CAF,25.039794733084992
1963,CAN,4.61978659501893
1963,CHE,5.839407956369584
1963,CHL,10.982913998669762
1963,CHN,14.293775069705122
1963,CIV,26.208938703868924
1963,CMR,24.386925975135444
1963,COD,23.458342018965997
1963,COG,24.703364404801828
1963,COL,20.86050131163284
1963,COM,26.2221539778014
1963,CPV,23.87306964024901
1963,CRI,23.810274164806938
1963,CUW,26.3183648987518
1963,CYM,27.00302639836445
1963,CYP,20.59490119231244
1963,CZE,6.692650664622878
1963,DEU,7.423479532032969
1963,DJI,27.95664435324305
1963,DMA,26.609639283347253
1963,DNK,6.918925344877015
1963,DOM,25.18426911070876
1963,DZA,16.69877100712115
1963,ECU,18.35433152186483
1963,EGY,21.91093578164701
1963,ESP,13.649246071671838
1963,EST,4.291278642877169
1963,ETH,19.413331628421684
1963,FIN,2.7542342010450778
1963,FJI,26.29668072642137
1963,FRA,9.452885396452892
1963,GAB,25.37434065547825
1963,GBR,8.072004946938565
1963,GEO,8.410917510349849
1963,GHA,26.61533443456301
1963,GIN,25.724253427492854
1963,GMB,26.80482335948944
1963,GNB,27.548474767856483
1963,GNQ,24.24485688066731
1963,GRC,14.256126149339329
1963,GRD,26.625240633729845
1963,GTM,21.41503367068666
1963,GUY,26.327242720003586
1963,HKG,14.293775069705122
1963,HND,23.296020243038043
1963,HRV,9.825508996044102
1963,HTI,25.978550514659688
1963,HUN,9.209535446761988
1963,IDN,25.45133302117816
1963,IND,25.39224423025617
1963,IRL,8.534948601607176
1963,IRN,15.077181984358974
1963,IRQ,22.47180073850614
1963,ISL,2.607573131368523
1963,ISR,20.278620682386023
1963,ITA,11.884267132021089
1963,JAM,25.87344855659952
1963,JOR,20.157773615717677
1963,JPN,13.876420745186689
1963,KAZ,6.2854695520145984
1963,KEN,19.908411674778268
1963,KGZ,6.361330630830071
1963,KHM,26.86647486992501
1963,KNA,26.48457010055426
1963,KOR,11.179136764639305
1963,KWT,25.510169039480388
1963,LAO,23.72263143960076
1963,LBN,18.34264497156255
1963,LBR,25.491093195491278
1963,LCA,26.619528223605204
1963,LKA,25.873863698102557
1963,LSO,13.21079999343814
1963,LTU,5.368180550515564
1963,LUX,7.786787608948846
1963,LVA,4.886795450265012
1963,MAC,14.293775069705122
1963,MAR,16.845083109420806
1963,MDA,9.141775893842771
1963,MDG,20.562219937508143
1963,MDV,27.697874105069783
1963,MEX,18.156456377583268
1963,MKD,10.29186376661216
1963,MLI,28.20145940935188
1963,MLT,19.214977514774848
1963,MMR,24.71795564880164
1963,MNE,11.847234931915658
1963,MNG,-0.8149516140678206
1963,MOZ,23.446887958119373
1963,MRT,28.6517646121515
1963,MSR,26.632583368259173
1963,MUS,23.820358723091584
1963,MWI,20.927935656512005
1963,MYS,26.53754838112428
1963,NAM,21.379948686623617
1963,NER,28.89010994589495
1963,NGA,27.055343124103118
1963,NIC,25.455891483467585
1963,NLD,8.172873716706684
1963,NOR,3.5970093406841026
1963,NPL,18.207143942063013
1963,NZL,12.62653162636558
1963,OMN,26.0816538403918
1963,PAK,23.52025307153712
1963,PAN,25.78039383538687
1963,PER,14.877922815201854
1963,PHL,25.82879463062912
1963,POL,6.692184333887637
1963,PRT,13.95906777302473
1963,PRY,23.03313648307608
1963,PSE,20.278620682386023
1963,QAT,26.339492433394
1963,ROU,8.861137496381513
1963,RUS,3.3396768458494503
1963,RWA,18.832769561104428
1963,SAU,26.027423801233848
1963,SDN,28.02557645135429
1963,SEN,27.39528915369979
1963,SGP,26.999159440475825
1963,SLE,26.47947098858027
1963,SLV,26.18924014784668
1963,SOM,25.9501363027896
1963,SRB,9.741294949514296
1963,SSD,28.02557645135429
1963,STP,26.565274756401777
1963,SUR,26.714600181669866
1963,SVK,6.82184251680939
1963,SVN,8.594104059808659
1963,SWE,4.719553831444786
1963,SWZ,19.90564312785864
1963,SXM,26.48457010055426
1963,SYC,26.766873237754528
1963,SYR,17.51806757401964
1963,TCA,26.27069386156897
1963,TCD,27.87931617383341
1963,TGO,27.057117805909687
1963,THA,26.325221312228525
1963,TJK,11.373029596022835
1963,TKM,16.589964609387515
1963,TTO,26.244163304024067
1963,TUN,18.07905648155681
1963,TUR,12.351644918307146
1963,TWN,14.293775069705122
1963,TZA,21.628895255903323
1963,UGA,22.35380511341072
1963,UKR,7.406396827479176
1963,URY,17.0249634751186
1963,USA,12.906660259327182
1963,UZB,14.143005222252455
1963,VCT,26.625240633729845
1963,VEN,25.056044205257525
1963,VGB,26.505037223144125
1963,VNM,24.3691811347973
1963,YEM,23.66785993021485
1963,ZAF,17.397254666965992
1963,ZMB,20.84155882410381
1963,ZWE,19.95030073235365
1964,ABW,26.08009580740084
1964,AGO,21.65119910614088
1964,AIA,26.2934407821546
1964,ALB,13.702029847477355
1964,ARE,26.56263701397097
1964,ARG,16.538769320678643
1964,ARM,4.772006499272943
1964,ATG,26.302202996176973
1964,AUS,15.492128229205017
1964,AUT,6.900414043645486
1964,AZE,10.998691899596448
1964,BDI,20.562436214482297
1964,BEL,9.279447300688586
1964,BEN,26.661951772880244
1964,BFA,28.023427762229783
1964,BGD,25.5064578472602
1964,BGR,9.805427564725507
1964,BHR,25.0723484751458
1964,BHS,25.792525164812105
1964,BIH,8.98664134424636
1964,BLR,5.751506764932202
1964,BLZ,25.962869623163822
1964,BMU,21.74891853177299
1964,BOL,14.82393846718988
1964,BRA,21.969569940387437
1964,BRB,26.376075715137024
1964,BRN,26.89577882224694
1964,BTN,9.145842762944444
1964,BWA,20.91268725918791
1964,CAF,24.828110663676817
1964,CAN,4.70416533532948
1964,CHE,6.929611322891026
1964,CHL,10.89273784520091
1964,CHN,13.971216942449493
1964,CIV,25.742663266259303
1964,CMR,24.09962621968861
1964,COD,23.2993775706763
1964,COG,24.37155167573725
1964,COL,20.741772402586303
1964,COM,26.074749254932005
1964,CPV,23.38807614481387
1964,CRI,23.69384040591657
1964,CUW,26.08009580740084
1964,CYM,27.14020727854222
1964,CYP,19.98974611320591
1964,CZE,7.144637949522709
1964,DEU,8.496374029023855
1964,DJI,27.40613834132127
1964,DMA,26.390879151721798
1964,DNK,7.709647217006581
1964,DOM,25.11344406308327
1964,DZA,17.04553251034488
1964,ECU,18.231954563623155
1964,EGY,20.824348703085725
1964,ESP,14.290313453367588
1964,EST,5.184967181251398
1964,ETH,19.261780053684337
1964,FIN,3.4323610598589376
1964,FJI,26.48754275497049
1964,FRA,10.579119551275197
1964,GAB,24.99288051913014
1964,GBR,9.035524356938549
1964,GEO,7.400342531399545
1964,GHA,26.12441340690345
1964,GIN,25.40960292495803
1964,GMB,26.567224265853557
1964,GNB,27.284724142216717
1964,GNQ,23.905400052666664
1964,GRC,13.680214827398869
1964,GRD,26.457483056156587
1964,GTM,21.67583032710848
1964,GUY,26.4009081104132
1964,HKG,13.971216942449493
1964,HND,23.57442613526507
1964,HRV,9.875220619917748
1964,HTI,26.005488163080283
1964,HUN,9.211504895129488
1964,IDN,25.53157624452664
1964,IND,25.3753944728982
1964,IRL,9.469707104774852
1964,IRN,13.72975505869104
1964,IRQ,21.61863230528778
1964,ISL,3.4420952508864264
1964,ISR,19.17425184352199
1964,ITA,12.431353791334548
1964,JAM,26.02534839316892
1964,JOR,18.773568246877463
1964,JPN,14.302389282955314
1964,KAZ,4.530217905097081
1964,KEN,19.729329089457465
1964,KGZ,4.628214870417544
1964,KHM,27.20813716429724
1964,KNA,26.302202996176973
1964,KOR,12.303623259228615
1964,KWT,24.589213345122214
1964,LAO,23.908172490289758
1964,LBN,17.39759263303131
1964,LBR,25.225424404727644
1964,LCA,26.38938319295024
1964,LKA,25.96222931287685
1964,LSO,13.125847559534336
1964,LTU,5.863777460008263
1964,LUX,9.084299751867851
1964,LVA,5.647280047481957
1964,MAC,13.971216942449493
1964,MAR,17.22016170990626
1964,MDA,9.311258647855285
1964,MDG,20.449091982114915
1964,MDV,27.51700500553852
1964,MEX,18.09374971284103
1964,MKD,9.773476469796435
1964,MLI,27.83847367481935
1964,MLT,19.26290185299392
1964,MMR,24.924171758719645
1964,MNE,11.413170084536455
1964,MNG,-2.137279312856222
1964,MOZ,23.591137925033987
1964,MRT,28.40159045707541
1964,MSR,26.42426315912356
1964,MUS,23.613619029909994
1964,MWI,21.079207766999417
1964,MYS,26.53796305139196
1964,NAM,21.80767122106594
1964,NER,28.150571648452654
1964,NGA,26.557325731615407
1964,NIC,25.39412930516965
1964,NLD,9.417420097086994
1964,NOR,4.2371096189787165
1964,NPL,18.458736198957176
1964,NZL,12.568861899487588
1964,OMN,25.576507905722767
1964,PAK,22.66686267912015
1964,PAN,25.808143034334048
1964,PER,14.643593835561068
1964,PHL,26.104128678550484
1964,POL,7.149119611685778
1964,PRT,14.447974227463796
1964,PRY,21.686077597416485
1964,PSE,19.17425184352199
1964,QAT,25.58077385804305
1964,ROU,8.703507118815889
1964,RUS,3.35596860804596
1964,RWA,18.834084362616167
1964,SAU,25.29592490416604
1964,SDN,27.261607689280208
1964,SEN,27.147049075256007
1964,SGP,27.03616528895994
1964,SLE,26.183365602935257
1964,SLV,26.18371516669048
1964,SOM,26.043179602546733
1964,SRB,9.46672756182306
1964,SSD,27.261607689280208
1964,STP,25.800963380994897
1964,SUR,26.77001963219197
1964,SVK,7.0668078353744415
1964,SVN,8.856871621963045
1964,SWE,5.608488474442461
1964,SWZ,19.681456540400784
1964,SXM,26.302202996176973
1964,SYC,26.3788679484278
1964,SYR,16.47081940847249
1964,TCA,26.400763800678156
1964,TCD,27.41895673684818
1964,TGO,26.57923602324404
1964,THA,26.51985211336048
1964,TJK,9.36533640678483
1964,TKM,14.803166291913026
1964,TTO,26.123317022739982
1964,TUN,18.138719867647293
1964,TUR,11.316803782325511
1964,TWN,13.971216942449493
1964,TZA,21.626191180899912
1964,UGA,22.292422859232456
1964,UKR,7.369297299355109
1964,URY,16.27875806614635
1964,USA,13.21666586315431
1964,UZB,12.236242842197395
1964,VCT,26.457483056156587
1964,VEN,24.89767105645281
1964,VGB,26.385288624092937
1964,VNM,24.520549130793867
1964,YEM,23.27332733893153
1964,ZAF,17.2608400318127
1964,ZMB,20.94527964717592
1964,ZWE,20.24062830499229
1965,ABW,25.89834491784374
1965,AGO,21.709693621426045
1965,AIA,26.08335837752869
1965,ALB,13.416614245565835
1965,ARE,27.11553070988035
1965,ARG,17.144122119922137
1965,ARM,5.263389334034215
1965,ATG,26.15317030157894
1965,AUS,15.79115555122316
1965,AUT,6.341288816810925
1965,AZE,11.45412837021943
1965,BDI,20.544359606086037
1965,BEL,8.732177642750157
1965,BEN,26.74706033286609
1965,BFA,27.830845111163967
1965,BGD,25.262250235360767
1965,BGR,9.713981844696448
1965,BHR,25.85829823029538
1965,BHS,25.55039237517242
1965,BIH,8.965148292932877
1965,BLR,4.951310823080387
1965,BLZ,25.728533738921573
1965,BMU,21.78096279874444
1965,BOL,14.915578557543592
1965,BRA,22.50781188282691
1965,BRB,26.24927141331136
1965,BRN,26.85807085968554
1965,BTN,8.457032588076768
1965,BWA,21.124474106775867
1965,CAF,24.906500299229496
1965,CAN,4.102550334698638
1965,CHE,6.05245603785262
1965,CHL,11.204889665456031
1965,CHN,14.167432374836777
1965,CIV,25.795935357190423
1965,CMR,24.13685663680532
1965,COD,23.33063689381505
1965,COG,24.389443238237565
1965,COL,20.821153944600944
1965,COM,25.81930183246732
1965,CPV,23.241645453032103
1965,CRI,23.795290671777195
1965,CUW,25.89834491784374
1965,CYM,26.82037431374192
1965,CYP,20.08547119734188
1965,CZE,6.633207365842825
1965,DEU,7.935815708979931
1965,DJI,27.260796795163568
1965,DMA,26.28934613801539
1965,DNK,7.354996859479858
1965,DOM,24.852664529629703
1965,DZA,16.874250245508573
1965,ECU,18.612130119130693
1965,EGY,21.26856899104672
1965,ESP,13.865124861847088
1965,EST,4.5816576033524745
1965,ETH,19.308120599140103
1965,FIN,2.8388700415421018
1965,FJI,25.86270180841287
1965,FRA,10.069354494133549
1965,GAB,25.05351278691213
1965,GBR,8.534405414711147
1965,GEO,7.839774426324324
1965,GHA,26.27300872691489
1965,GIN,25.306709007210607
1965,GMB,26.21704735446551
1965,GNB,26.975711160522216
1965,GNQ,23.98190188826993
1965,GRC,13.627365358695693
1965,GRD,26.27033858497937
1965,GTM,21.57394805857429
1965,GUY,26.277533882899448
1965,HKG,14.167432374836777
1965,HND,23.554861362214314
1965,HRV,9.96922138883856
1965,HTI,25.668341840710077
1965,HUN,9.049157001395963
1965,IDN,25.459984204477877
1965,IND,25.444847806208568
1965,IRL,8.846825634148837
1965,IRN,14.47539458012906
1965,IRQ,22.362066234583825
1965,ISL,2.6375070793947537
1965,ISR,19.711971067907538
1965,ITA,11.778108299650532
1965,JAM,25.762828569859263
1965,JOR,19.4671155830413
1965,JPN,13.583440405313636
1965,KAZ,5.909145780114164
1965,KEN,20.06507486632131
1965,KGZ,5.862946139028757
1965,KHM,27.12891652292241
1965,KNA,26.15317030157894
1965,KOR,11.571323213508707
1965,KWT,25.62181192263961
1965,LAO,24.209023082890123
1965,LBN,17.83400013220186
1965,LBR,25.120541677691264
1965,LCA,26.250991172157228
1965,LKA,25.84385160132637
1965,LSO,13.22256744958659
1965,LTU,5.206648704449797
1965,LUX,8.367091978279253
1965,LVA,5.011044256627648
1965,MAC,14.167432374836777
1965,MAR,16.90822105907538
1965,MDA,8.847007301014704
1965,MDG,20.312136276989005
1965,MDV,27.39984813456734
1965,MEX,18.03713006141843
1965,MKD,9.549409273406114
1965,MLI,27.545540348489983
1965,MLT,18.86871753198405
1965,MMR,24.77938751009604
1965,MNE,11.10811940441012
1965,MNG,-1.2429351567992977
1965,MOZ,23.318527159328067
1965,MRT,27.9657877943801
1965,MSR,26.296180229634047
1965,MUS,23.581877539865676
1965,MWI,20.764058341436527
1965,MYS,26.47200705965386
1965,NAM,21.60290041344152
1965,NER,27.988656922862056
1965,NGA,26.59321672940399
1965,NIC,25.628098900691825
1965,NLD,8.970510584512773
1965,NOR,3.5462845620943293
1965,NPL,18.15186735861878
1965,NZL,12.314727640709132
1965,OMN,26.051303857562463
1965,PAK,22.793794486043577
1965,PAN,25.754857194467853
1965,PER,15.19219545034918
1965,PHL,25.946057730312745
1965,POL,6.569019361826892
1965,PRT,14.044671065135248
1965,PRY,21.97456221671666
1965,PSE,19.711971067907538
1965,QAT,26.174162283694997
1965,ROU,8.484947842722242
1965,RUS,3.231040383977466
1965,RWA,18.779336680613724
1965,SAU,25.76511995437107
1965,SDN,27.717510192165147
1965,SEN,26.667209731336097
1965,SGP,26.93652290664613
1965,SLE,26.026727011057947
1965,SLV,26.31235587147706
1965,SOM,25.8778497913014
1965,SRB,9.56496224250807
1965,SSD,27.717510192165147
1965,STP,25.99258992013832
1965,SUR,26.68137748842574
1965,SVK,6.531556522470063
1965,SVN,8.53782733821964
1965,SWE,4.723350237700181
1965,SWZ,19.8218564397345
1965,SXM,26.15317030157894
1965,SYC,26.19769084973571
1965,SYR,16.99370390305977
1965,TCA,25.89023786224425
1965,TCD,27.575790547368264
1965,TGO,26.715833398052357
1965,THA,26.67636189647839
1965,TJK,10.672731879304855
1965,TKM,16.113959046194783
1965,TTO,25.973208219433825
1965,TUN,17.966589058728868
1965,TUR,11.702125365839931
1965,TWN,14.167432374836777
1965,TZA,21.72954321879117
1965,UGA,22.52940976551027
1965,UKR,7.130296440170054
1965,URY,17.012519012698633
1965,USA,13.139316408195878
1965,UZB,13.602295198144107
1965,VCT,26.27033858497937
1965,VEN,24.86537809273105
1965,VGB,26.12696938899656
1965,VNM,24.730692079069243
1965,YEM,23.17519981816413
1965,ZAF,17.39480398654991
1965,ZMB,20.78985172909478
1965,ZWE,20.091790922583613
1966,ABW,26.227535612570744
1966,AGO,21.97399975374774
1966,AIA,26.29083717603256
1966,ALB,14.103787330743344
1966,ARE,27.22447599718102
1966,ARG,16.84141820958805
1966,ARM,7.793717285241021
1966,ATG,26.36718274466693
1966,AUS,15.469169467322525
1966,AUT,7.656279225883372
1966,AZE,13.373354033828214
1966,BDI,20.640693248598875
1966,BEL,9.635191267270873
1966,BEN,26.985575820320587
1966,BFA,28.14066219681663
1966,BGD,25.696361577476488
1966,BGR,11.013483691694276
1966,BHR,26.152006219451625
1966,BHS,25.39675497837986
1966,BIH,9.786284432199537
1966,BLR,6.644945071004968
1966,BLZ,25.553214470867065
1966,BMU,21.81970533697556
1966,BOL,15.08530429382922
1966,BRA,22.52589909325169
1966,BRB,26.61905588830511
1966,BRN,27.21040292472269
1966,BTN,9.198732350133376
1966,BWA,21.1790814701826
1966,CAF,24.926830503715188
1966,CAN,4.556978919227542
1966,CHE,7.046105218345671
1966,CHL,10.776333536096438
1966,CHN,14.40269517904482
1966,CIV,26.179168908305776
1966,CMR,24.32904941047488
1966,COD,23.5160410169891
1966,COG,24.71340298903413
1966,COL,20.85020476168708
1966,COM,26.48036500749489
1966,CPV,23.788471189327534
1966,CRI,23.846967719365843
1966,CUW,26.227535612570744
1966,CYM,26.8726546720524
1966,CYP,20.68888182534526
1966,CZE,8.100763607750759
1966,DEU,8.93577345584205
1966,DJI,27.703248066153453
1966,DMA,26.546650862010814
1966,DNK,7.507724745316665
1966,DOM,25.058756336062245
1966,DZA,17.045238992769324
1966,ECU,18.571216892245747
1966,EGY,21.8525042313672
1966,ESP,14.161909769201277
1966,EST,4.198027264412016
1966,ETH,19.363291199840205
1966,FIN,1.8906809725755371
1966,FJI,26.115463025247056
1966,FRA,10.872121524776691
1966,GAB,25.42702261813237
1966,GBR,9.062782552929391
1966,GEO,10.122884705144871
1966,GHA,26.581705934182907
1966,GIN,25.61614491158886
1966,GMB,26.722191957816538
1966,GNB,27.31569567051526
1966,GNQ,24.29423823029113
1966,GRC,14.651542696355934
1966,GRD,26.621303289895877
1966,GTM,21.4166646901995
1966,GUY,26.49019602221765
1966,HKG,14.40269517904482
1966,HND,23.335735385117005
1966,HRV,11.098829191618128
1966,HTI,25.83781788990034
1966,HUN,10.564717908684065
1966,IDN,25.64693866403369
1966,IND,25.766053451669297
1966,IRL,9.394036435040777
1966,IRN,15.516605148375534
1966,IRQ,23.34376450982173
1966,ISL,1.8806358243120296
1966,ISR,20.2869193461541
1966,ITA,12.38520786749083
1966,JAM,25.813981535146013
1966,JOR,20.092935807004565
1966,JPN,14.158371457783083
1966,KAZ,5.00579596476648
1966,KEN,20.2017747200398
1966,KGZ,5.871545017065849
1966,KHM,27.49998373548493
1966,KNA,26.36718274466693
1966,KOR,11.787429734171464
1966,KWT,26.22223753730456
1966,LAO,24.577058748905
1966,LBN,18.4998349842305
1966,LBR,25.470067645272653
1966,LCA,26.6084769408529
1966,LKA,26.116667506402937
1966,LSO,13.71447650641239
1966,LTU,6.170096772384379
1966,LUX,9.4485318188866
1966,LVA,5.328898467252427
1966,MAC,14.40269517904482
1966,MAR,17.182121563946257
1966,MDA,10.762254333801508
1966,MDG,20.880992374624213
1966,MDV,27.555851456553984
1966,MEX,17.708628304930034
1966,MKD,10.646554788992333
1966,MLI,28.147036653182788
1966,MLT,19.027808972168717
1966,MMR,25.353422216574977
1966,MNE,11.817105233782506
1966,MNG,-2.032058217310329
1966,MOZ,24.01112177128121
1966,MRT,28.78036712104508
1966,MSR,26.534547762479637
1966,MUS,24.104569690922897
1966,MWI,21.53269489939648
1966,MYS,26.671320447756205
1966,NAM,21.93808113944932
1966,NER,28.35574016545796
1966,NGA,26.759329042604588
1966,NIC,25.535782069964995
1966,NLD,9.712671263885746
1966,NOR,3.174116320715504
1966,NPL,18.740439106687106
1966,NZL,12.602466684480229
1966,OMN,26.188605777490643
1966,PAK,22.910444611886195
1966,PAN,25.829812485527487
1966,PER,15.020953766770988
1966,PHL,26.363220953816167
1966,POL,8.061296170823429
1966,PRT,14.355954502913647
1966,PRY,22.26352811931402
1966,PSE,20.2869193461541
1966,QAT,26.40060761074225
1966,ROU,10.042020033124713
1966,RUS,3.6672989328775514
1966,RWA,18.884637649155724
1966,SAU,26.22624199033863
1966,SDN,28.08572519696957
1966,SEN,27.325652096464783
1966,SGP,27.25191084202379
1966,SLE,26.348386624887464
1966,SLV,26.190191850233628
1966,SOM,25.91297522543628
1966,SRB,10.59110576878826
1966,SSD,28.08572519696957
1966,STP,26.460853597459693
1966,SUR,26.866410508892525
1966,SVK,8.172481677660704
1966,SVN,9.73643235835505
1966,SWE,4.509239183120459
1966,SWZ,20.025590050344665
1966,SXM,26.36718274466693
1966,SYC,26.71167231413225
1966,SYR,18.105199176814708
1966,TCA,26.07416196508954
1966,TCD,27.64939528698292
1966,TGO,26.970839112057657
1966,THA,27.114272679943063
1966,TJK,11.2106388665425
1966,TKM,16.57113538110038
1966,TTO,26.3024179963201
1966,TUN,18.2670340268133
1966,TUR,13.373935693271877
1966,TWN,14.40269517904482
1966,TZA,22.04605369720328
1966,UGA,22.53833998679384
1966,UKR,9.372356506681925
1966,URY,16.50643537117363
1966,USA,12.868463234657469
1966,UZB,14.04865864584127
1966,VCT,26.621303289895877
1966,VEN,25.12253345522985
1966,VGB,26.353793270420283
1966,VNM,25.067544031572027
1966,YEM,23.732036582355025
1966,ZAF,17.68242915762754
1966,ZMB,21.54286868133675
1966,ZWE,20.59668930890612
1967,ABW,25.97468541662965
1967,AGO,21.72938980616757
1967,AIA,26.005358673011266
1967,ALB,13.653602136355556
1967,ARE,26.790410088931825
1967,ARG,17.205642078053852
1967,ARM,4.99508976056863
1967,ATG,26.0889901642998
1967,AUS,15.811931442671542
1967,AUT,7.688760651268802
1967,AZE,11.439649149163651
1967,BDI,20.425716882259746
1967,BEL,9.68481621013102
1967,BEN,26.62409576859627
1967,BFA,27.90288072937337
1967,BGD,25.18492358567779
1967,BGR,10.08861620815054
1967,BHR,25.080176830291748
1967,BHS,25.506060561165214
1967,BIH,9.415602894777086
1967,BLR,6.664209548905416
1967,BLZ,25.690921787321404
1967,BMU,21.76876955735497
1967,BOL,15.25136836613691
1967,BRA,22.586538003829634
1967,BRB,26.32853233849164
1967,BRN,26.82989128151287
1967,BTN,8.641386717730313
1967,BWA,20.286292427789444
1967,CAF,24.871967930384844
1967,CAN,4.438082221169148
1967,CHE,7.01361930003527
1967,CHL,10.724145951105026
1967,CHN,13.88024767099538
1967,CIV,25.804552618754045
1967,CMR,24.19144071179172
1967,COD,23.23012166816481
1967,COG,24.38258027109874
1967,COL,20.546689898295188
1967,COM,26.25324111431837
1967,CPV,23.283272489439696
1967,CRI,23.55245628062339
1967,CUW,25.97468541662965
1967,CYM,26.87569493148476
1967,CYP,19.94878976570908
1967,CZE,8.260074037204422
1967,DEU,9.266837789823512
1967,DJI,27.274820137722116
1967,DMA,26.24191725005706
1967,DNK,8.626107346410965
1967,DOM,24.97513356473672
1967,DZA,17.006081830472453
1967,ECU,18.17034213125232
1967,EGY,20.60765965058621
1967,ESP,13.938288611237176
1967,EST,5.476898608516054
1967,ETH,18.98377646898691
1967,FIN,3.598080679019396
1967,FJI,26.298573467725262
1967,FRA,10.75824497767263
1967,GAB,25.12978032490512
1967,GBR,9.273120443086844
1967,GEO,7.527318452320595
1967,GHA,26.208676519313208
1967,GIN,25.35048222197134
1967,GMB,26.16580493199427
1967,GNB,26.919738500738188
1967,GNQ,24.144930587208368
1967,GRC,13.85229005761746
1967,GRD,26.364873657003045
1967,GTM,21.30130221446415
1967,GUY,26.218255371106984
1967,HKG,13.88024767099538
1967,HND,23.329939194631542
1967,HRV,10.81049641821905
1967,HTI,25.81044518883683
1967,HUN,10.366677391522783
1967,IDN,25.47638222536999
1967,IND,25.34279254292117
1967,IRL,9.261736999940798
1967,IRN,13.990925151206024
1967,IRQ,21.291997855377755
1967,ISL,2.051627725787778
1967,ISR,18.96786605753105
1967,ITA,12.482035463208767
1967,JAM,25.87487610093861
1967,JOR,18.4061492444296
1967,JPN,14.243285461546003
1967,KAZ,5.511886484584949
1967,KEN,20.109298673165085
1967,KGZ,5.395354391255383
1967,KHM,26.79821665888145
1967,KNA,26.0889901642998
1967,KOR,11.816973036717629
1967,KWT,24.33681223417322
1967,LAO,23.62432753541456
1967,LBN,17.278800273935
1967,LBR,25.25311788976817
1967,LCA,26.301101779254772
1967,LKA,25.786055007088063
1967,LSO,13.116482107260405
1967,LTU,6.940751748551189
1967,LUX,9.345495999790728
1967,LVA,6.3132161747021565
1967,MAC,13.88024767099538
1967,MAR,16.893943954417974
1967,MDA,9.947331756953051
1967,MDG,21.09706055561103
1967,MDV,27.640569815101724
1967,MEX,17.86893667695601
1967,MKD,9.798725987907831
1967,MLI,27.55325883066724
1967,MLT,19.01633055321872
1967,MMR,24.81492393718494
1967,MNE,11.461909697743542
1967,MNG,-2.218300799646443
1967,MOZ,23.85248195680297
1967,MRT,27.85683201601041
1967,MSR,26.2496569690605
1967,MUS,24.315244254413603
1967,MWI,21.371069710012307
1967,MYS,26.40948017426841
1967,NAM,21.311828507350224
1967,NER,28.093128676184055
1967,NGA,26.50605674704828
1967,NIC,25.39016921057336
1967,NLD,10.068889598032507
1967,NOR,4.393058780130534
1967,NPL,18.15588220511093
1967,NZL,12.721060947892807
1967,OMN,25.959088785728987
1967,PAK,22.74039692224186
1967,PAN,25.54242212257345
1967,PER,14.615672043232566
1967,PHL,25.905677107993675
1967,POL,8.57356273075052
1967,PRT,14.064853897230185
1967,PRY,22.68789785721833
1967,PSE,18.96786605753105
1967,QAT,25.54117128252983
1967,ROU,9.353062631981995
1967,RUS,4.080833353763079
1967,RWA,18.731343734242586
1967,SAU,25.245796862430417
1967,SDN,27.270499835902115
1967,SEN,26.56986258122565
1967,SGP,26.902612146611016
1967,SLE,26.18834162944862
1967,SLV,26.0531851035634
1967,SOM,26.09646614395641
1967,SRB,10.0353299546308
1967,SSD,27.270499835902115
1967,STP,25.98428641135494
1967,SUR,26.517574726725027
1967,SVK,8.083750219665198
1967,SVN,9.64571423235498
1967,SWE,5.917489728714146
1967,SWZ,19.749617458010714
1967,SXM,26.0889901642998
1967,SYC,26.450593512912747
1967,SYR,16.022374244334877
1967,TCA,25.97571779352923
1967,TCD,27.58668009159378
1967,TGO,26.567702958949283
1967,THA,26.367520176864254
1967,TJK,10.35488861810894
1967,TKM,15.657894911779971
1967,TTO,26.11162965123852
1967,TUN,18.173413060737587
1967,TUR,11.117260335970116
1967,TWN,13.88024767099538
1967,TZA,21.88267318824118
1967,UGA,22.372381432399443
1967,UKR,8.32413962177404
1967,URY,17.14382391179691
1967,USA,12.934662189711103
1967,UZB,13.328287109068944
1967,VCT,26.364873657003045
1967,VEN,24.69765795458058
1967,VGB,26.064390185599525
1967,VNM,24.20629193836024
1967,YEM,23.56679673202877
1967,ZAF,17.176686393744735
1967,ZMB,21.136185198457454
1967,ZWE,20.33249167611525
1968,ABW,26.222164379665628
1968,AGO,21.68545940964838
1968,AIA,26.28816698181133
1968,ALB,13.796607281816495
1968,ARE,26.41287066482777
1968,ARG,17.286107316495517
1968,ARM,5.78498904530676
1968,ATG,26.38401271775365
1968,AUS,15.85272754246307
1968,AUT,7.161005483636244
1968,AZE,12.11323577121872
1968,BDI,20.52368988710597
1968,BEL,9.04765184985573
1968,BEN,26.870935102886985
1968,BFA,28.026112820032797
1968,BGD,25.169170995913195
1968,BGR,10.48544753991969
1968,BHR,25.25760347520312
1968,BHS,25.51236058375798
1968,BIH,9.441991380157678
1968,BLR,5.619491898335564
1968,BLZ,25.567117327816543
1968,BMU,21.927240008488297
1968,BOL,14.901233458709656
1968,BRA,21.886441953994947
1968,BRB,26.517483324122924
1968,BRN,26.86898989711578
1968,BTN,8.55290364856359
1968,BWA,20.63624240608953
1968,CAF,24.85746040259305
1968,CAN,4.549107457256086
1968,CHE,6.618712355234855
1968,CHL,11.282513961818944
1968,CHN,14.09659613998548
1968,CIV,26.046079672396125
1968,CMR,24.157605639914504
1968,COD,23.261323091984583
1968,COG,24.40108551479494
1968,COL,20.58863173686437
1968,COM,25.818726502358917
1968,CPV,23.05474064359441
1968,CRI,23.54139989486895
1968,CUW,26.222164379665628
1968,CYM,26.756810149022687
1968,CYP,20.42182309925556
1968,CZE,7.5719524655210915
1968,DEU,8.53476716761728
1968,DJI,27.34645406225769
1968,DMA,26.47693047284459
1968,DNK,8.155452519993764
1968,DOM,24.994086380474396
1968,DZA,17.035341615444583
1968,ECU,18.30615127551547
1968,EGY,21.28486146965644
1968,ESP,14.16233339844295
1968,EST,4.814782824414702
1968,ETH,18.918932777608184
1968,FIN,2.5926160411876245
1968,FJI,26.441641476315755
1968,FRA,10.3536408952385
1968,GAB,25.053615187089857
1968,GBR,8.961044638619011
1968,GEO,8.317599763022557
1968,GHA,26.436955009087985
1968,GIN,25.51349857934294
1968,GMB,26.218833695245294
1968,GNB,27.023605905632195
1968,GNQ,24.08576752493779
1968,GRC,14.101603626991952
1968,GRD,26.48431336600333
1968,GTM,21.18590084905728
1968,GUY,26.11233458189321
1968,HKG,14.09659613998548
1968,HND,23.13036348438775
1968,HRV,10.62172054620299
1968,HTI,25.7707406541689
1968,HUN,10.237164663001606
1968,IDN,25.54456016879306
1968,IND,25.206112687429844
1968,IRL,9.338140643963609
1968,IRN,14.405501906681318
1968,IRQ,22.155322786010903
1968,ISL,2.3852233124004703
1968,ISR,19.750537333263978
1968,ITA,12.135393784906116
1968,JAM,25.79195165944596
1968,JOR,19.42075719540185
1968,JPN,13.960569381467744
1968,KAZ,4.9624854653746375
1968,KEN,19.678774802539724
1968,KGZ,5.563476336671557
1968,KHM,27.16425016696133
1968,KNA,26.38401271775365
1968,KOR,11.653186709190008
1968,KWT,25.370098640210927
1968,LAO,24.100682329516424
1968,LBN,17.918249542514484
1968,LBR,25.411872405228312
1968,LCA,26.486087771947496
1968,LKA,25.861620164521728
1968,LSO,13.148325138537247
1968,LTU,5.886188883288546
1968,LUX,8.68333232899507
1968,LVA,5.470177870437456
1968,MAC,14.09659613998548
1968,MAR,16.933381164304137
1968,MDA,9.922733700425985
1968,MDG,20.492473301600437
1968,MDV,27.41339104063809
1968,MEX,17.73135017691025
1968,MKD,10.161684565899828
1968,MLI,27.82716771411999
1968,MLT,19.01975449702392
1968,MMR,24.75967280157729
1968,MNE,11.533174540646623
1968,MNG,-2.286978434607281
1968,MOZ,23.494471095279195
1968,MRT,28.295526047261312
1968,MSR,26.524831242354896
1968,MUS,23.71339271403849
1968,MWI,21.06427674077644
1968,MYS,26.56905428871277
1968,NAM,21.575652078806552
1968,NER,28.39296476408954
1968,NGA,26.69780106781761
1968,NIC,25.182521264990623
1968,NLD,9.3772630462435
1968,NOR,3.700262394558061
1968,NPL,17.876280806771838
1968,NZL,12.64245408675926
1968,OMN,25.603494618075576
1968,PAK,22.72917051332505
1968,PAN,25.581616443618596
1968,PER,14.643260092846363
1968,PHL,26.049547665754982
1968,POL,7.802417884756875
1968,PRT,14.313385128872364
1968,PRY,22.16621917598952
1968,PSE,19.750537333263978
1968,QAT,25.545465258260567
1968,ROU,9.6246658911391
1968,RUS,3.013391268812428
1968,RWA,18.87735894918685
1968,SAU,25.493304870801072
1968,SDN,27.527549092960623
1968,SEN,26.73485198014925
1968,SGP,27.03054863239716
1968,SLE,26.37932782927214
1968,SLV,25.8747293271997
1968,SOM,25.83440351786176
1968,SRB,10.170579520110913
1968,SSD,27.527549092960623
1968,STP,25.98796693918605
1968,SUR,26.492175396626227
1968,SVK,7.689370941023013
1968,SVN,9.202057048739055
1968,SWE,5.252496690424849
1968,SWZ,19.718596626694005
1968,SXM,26.38401271775365
1968,SYC,26.67364601441659
1968,SYR,17.13878456721801
1968,TCA,26.02746300213039
1968,TCD,27.589674564176875
1968,TGO,26.79162567248732
1968,THA,26.693784780268345
1968,TJK,10.539535463537495
1968,TKM,15.839612470767449
1968,TTO,26.1387364876767
1968,TUN,18.215033609005697
1968,TUR,11.980205228015596
1968,TWN,14.09659613998548
1968,TZA,21.452556931625928
1968,UGA,22.28058526463808
1968,UKR,8.163489930732096
1968,URY,17.141041465307232
1968,USA,12.893908076432927
1968,UZB,13.3447144542733
1968,VCT,26.48431336600333
1968,VEN,24.772556555423208
1968,VGB,26.30763666518033
1968,VNM,24.44985473036054
1968,YEM,23.19513455536068
1968,ZAF,17.117266513997034
1968,ZMB,21.11182034723464
1968,ZWE,20.504924813456363
1969,ABW,26.76164000853896
1969,AGO,22.036245010256284
1969,AIA,26.82030683507522
1969,ALB,13.799650957373167
1969,ARE,27.383922196760267
1969,ARG,17.470443419837565
1969,ARM,5.126952152605317
1969,ATG,26.89555522302787
1969,AUS,15.882908869913342
1969,AUT,6.835676978941738
1969,AZE,10.562781831616164
1969,BDI,20.93363601784357
1969,BEL,9.28322733992262
1969,BEN,27.16486049445497
1969,BFA,28.676978118230384
1969,BGD,25.41864549695304
1969,BGR,9.703778643526148
1969,BHR,25.932293489264943
1969,BHS,25.507536740352705
1969,BIH,8.996548115437866
1969,BLR,4.574314795854052
1969,BLZ,26.19009705566844
1969,BMU,21.54242755348484
1969,BOL,15.660141425150483
1969,BRA,22.704646220372386
1969,BRB,27.013958549747866
1969,BRN,27.171121363528076
1969,BTN,9.253418091398364
1969,BWA,21.094951242974886
1969,CAF,25.111090500229164
1969,CAN,4.639201379930715
1969,CHE,6.341573224225054
1969,CHL,11.401048054474757
1969,CHN,13.577570607191983
1969,CIV,26.32320844965991
1969,CMR,24.4781348613541
1969,COD,23.652636421883905
1969,COG,24.721630788291524
1969,COL,21.06760328691099
1969,COM,26.430575922936743
1969,CPV,24.13048802611108
1969,CRI,24.0604842151753
1969,CUW,26.76164000853896
1969,CYM,27.32473273497696
1969,CYP,20.253540389239788
1969,CZE,7.082957479886277
1969,DEU,8.218095892104282
1969,DJI,27.943949959754672
1969,DMA,27.001814153045416
1969,DNK,7.641693923828065
1969,DOM,25.37590903326804
1969,DZA,16.467460468865244
1969,ECU,18.872480588479096
1969,EGY,21.657537787217645
1969,ESP,13.412591447500168
1969,EST,3.875770738654319
1969,ETH,19.49723845042397
1969,FIN,2.28501635072118
1969,FJI,26.329588123752423
1969,FRA,10.35900667870484
1969,GAB,25.27857337800969
1969,GBR,8.903822583385502
1969,GEO,7.534210344685231
1969,GHA,26.68046876959922
1969,GIN,25.912256370577133
1969,GMB,27.347105279330798
1969,GNB,27.92787673210403
1969,GNQ,24.33133831868569
1969,GRC,14.020212432127677
1969,GRD,27.04435745230876
1969,GTM,21.918656365842715
1969,GUY,26.807073591825223
1969,HKG,13.577570607191983
1969,HND,23.700359395417983
1969,HRV,9.96142668478164
1969,HTI,26.10472724732463
1969,HUN,9.484330505147888
1969,IDN,25.835012829821604
1969,IND,25.806976664299743
1969,IRL,9.17073611194368
1969,IRN,13.984490945092244
1969,IRQ,22.594772236058933
1969,ISL,1.7809303846387614
1969,ISR,19.89892105418043
1969,ITA,11.95846947713447
1969,JAM,26.24105132743716
1969,JOR,19.826654281737483
1969,JPN,13.962197989969155
1969,KAZ,3.236773249061172
1969,KEN,20.32872451437677
1969,KGZ,4.699703928714
1969,KHM,27.468567486843675
1969,KNA,26.89555522302787
1969,KOR,11.090918279933415
1969,KWT,25.735299959157903
1969,LAO,24.18670378881077
1969,LBN,18.0001071083049
1969,LBR,25.569595247491367
1969,LCA,27.02673891062538
1969,LKA,26.164813479481676
1969,LSO,13.850210153913103
1969,LTU,4.724589133303052
1969,LUX,8.777565163870653
1969,LVA,4.389082324218374
1969,MAC,13.577570607191983
1969,MAR,16.790486857901023
1969,MDA,8.553571511149213
1969,MDG,21.385038147733496
1969,MDV,27.731578404394288
1969,MEX,18.42429807722728
1969,MKD,9.919584081491038
1969,MLI,28.474228802012696
1969,MLT,18.82318685067609
1969,MMR,25.0856817158837
1969,MNE,11.425912427243304
1969,MNG,-2.8663835283756427
1969,MOZ,24.126226841995035
1969,MRT,29.1695666422284
1969,MSR,27.04301002373298
1969,MUS,24.49903671257198
1969,MWI,21.55911673840073
1969,MYS,26.832164807631603
1969,NAM,21.881614010446597
1969,NER,29.100270253048706
1969,NGA,27.043040088620003
1969,NIC,25.695809486766954
1969,NLD,9.486242720011594
1969,NOR,3.901621055248143
1969,NPL,18.53337226020634
1969,NZL,12.689027962718075
1969,OMN,26.316867018878803
1969,PAK,23.515023367711308
1969,PAN,26.04353811768032
1969,PER,15.43223017893455
1969,PHL,26.369826458792552
1969,POL,6.684828760513912
1969,PRT,13.824535572495677
1969,PRY,22.260441490923338
1969,PSE,19.89892105418043
1969,QAT,26.27749708745008
1969,ROU,8.607279924972035
1969,RUS,1.6797170058287778
1969,RWA,19.15995177540128
1969,SAU,26.23229841301851
1969,SDN,28.413545332127843
1969,SEN,27.850580667980218
1969,SGP,27.396730513311923
1969,SLE,26.554967082001816
1969,SLV,26.51098302464121
1969,SOM,26.426973148805452
1969,SRB,9.46583983197086
1969,SSD,28.413545332127843
1969,STP,25.92237658270945
1969,SUR,27.20769932327113
1969,SVK,7.206069502023014
1969,SVN,8.77365122880465
1969,SWE,4.994663341195365
1969,SWZ,20.415273316514988
1969,SXM,26.89555522302787
1969,SYC,26.6916435676006
1969,SYR,17.303540262830268
1969,TCA,26.407284046212837
1969,TCD,28.25589524814419
1969,TGO,27.08640965737317
1969,THA,26.91965592781749
1969,TJK,9.547650197299545
1969,TKM,14.06350998026092
1969,TTO,26.728460503334645
1969,TUN,17.827318949641807
1969,TUR,12.035104995952388
1969,TWN,13.577570607191983
1969,TZA,22.27724852415324
1969,UGA,22.65723487872549
1969,UKR,6.81773355713052
1969,URY,17.14817430914091
1969,USA,12.910658110989989
1969,UZB,11.764501913664214
1969,VCT,27.04435745230876
1969,VEN,25.477204159251063
1969,VGB,26.8548433209459
1969,VNM,24.721455766160734
1969,YEM,23.750418080451
1969,ZAF,17.75564999224314
1969,ZMB,21.35478578339716
1969,ZWE,20.498892058941134
1970,ABW,26.487000037450343
1970,AGO,21.956220971739956
1970,AIA,26.409717720312376
1970,ALB,13.697729748348626
1970,ARE,27.518678930229743
1970,ARG,17.381094079587815
1970,ARM,6.84299703925973
1970,ATG,26.52068143213789
1970,AUS,15.55935779201801
1970,AUT,6.786490866310092
1970,AZE,12.403576797585606
1970,BDI,20.715775209498403
1970,BEL,9.234126450998478
1970,BEN,27.16957245515126
1970,BFA,28.46769934755875
1970,BGD,25.412339436313925
1970,BGR,10.302164096698808
1970,BHR,25.66102548246272
1970,BHS,25.298331436856344
1970,BIH,9.226188705265873
1970,BLR,5.766450302147586
1970,BLZ,25.67385861275289
1970,BMU,21.475525030866265
1970,BOL,15.339045032206691
1970,BRA,22.586381002104226
1970,BRB,26.76871967276869
1970,BRN,27.00706363310261
1970,BTN,9.01358234634694
1970,BWA,21.555605782486328
1970,CAF,25.25139763187365
1970,CAN,4.346255395309138
1970,CHE,6.35920240169586
1970,CHL,11.146263265376213
1970,CHN,13.781173801672026
1970,CIV,26.28191221370158
1970,CMR,24.37343806768912
1970,COD,23.60140776305571
1970,COG,24.77601454745313
1970,COL,20.7466277901931
1970,COM,26.344446012129385
1970,CPV,23.778447408229116
1970,CRI,23.631556437222265
1970,CUW,26.487000037450343
1970,CYM,26.868108564056456
1970,CYP,20.207034090650268
1970,CZE,7.02423622891905
1970,DEU,8.14734672445372
1970,DJI,27.83116943275372
1970,DMA,26.701074728897463
1970,DNK,7.2022733547681055
1970,DOM,24.95327410089961
1970,DZA,16.809110717964508
1970,ECU,18.3928192906732
1970,EGY,21.234865667047465
1970,ESP,13.973398439775307
1970,EST,4.4406833280037326
1970,ETH,19.46994906411111
1970,FIN,2.673338703525407
1970,FJI,26.54191627854016
1970,FRA,10.45510262010101
1970,GAB,25.300409619303444
1970,GBR,9.163719395611526
1970,GEO,8.772856570150418
1970,GHA,26.721056500214612
1970,GIN,25.82692617615199
1970,GMB,27.08168205586449
1970,GNB,27.6397026208926
1970,GNQ,24.35980025907823
1970,GRC,14.134631698880767
1970,GRD,26.810965827976663
1970,GTM,21.585344731526536
1970,GUY,26.253561997000613
1970,HKG,13.781173801672026
1970,HND,23.263007961020424
1970,HRV,10.305132028316836
1970,HTI,25.75129108132194
1970,HUN,9.62729101440998
1970,IDN,25.67905789023025
1970,IND,25.38356776795037
1970,IRL,9.388431810005187
1970,IRN,15.313929830392938
1970,IRQ,22.78622751300203
1970,ISL,2.0788597342959627
1970,ISR,19.71289443604941
1970,ITA,12.113773943400451
1970,JAM,25.816508098262904
1970,JOR,19.47252873802004
1970,JPN,13.783862186187942
1970,KAZ,5.126469661453212
1970,KEN,20.28282853469711
1970,KGZ,5.925872209120948
1970,KHM,27.294972000840225
1970,KNA,26.52068143213789
1970,KOR,11.378773834652732
1970,KWT,25.597394699851677
1970,LAO,24.07058370901907
1970,LBN,17.915527183872957
1970,LBR,25.6313475303006
1970,LCA,26.768452311865985
1970,LKA,25.969382439597982
1970,LSO,13.824133404218223
1970,LTU,5.47507298319917
1970,LUX,8.731281428908309
1970,LVA,5.051499327635664
1970,MAC,13.781173801672026
1970,MAR,17.165415877717678
1970,MDA,9.957486423976178
1970,MDG,20.913128369354524
1970,MDV,27.686002915152734
1970,MEX,17.975698889117478
1970,MKD,9.96457386991675
1970,MLI,28.16822044461361
1970,MLT,18.778329850484926
1970,MMR,24.88660826612525
1970,MNE,11.4209624136172
1970,MNG,-2.3918187071687886
1970,MOZ,24.080590328011564
1970,MRT,29.11974731245889
1970,MSR,26.689282018186837
1970,MUS,24.13521962224816
1970,MWI,21.431352203649613
1970,MYS,26.702593922440936
1970,NAM,22.17426370273242
1970,NER,28.38710362511619
1970,NGA,26.86397427332114
1970,NIC,25.285695690636945
1970,NLD,9.357730340111829
1970,NOR,3.4084974302119164
1970,NPL,18.356014042330287
1970,NZL,13.433403721946306
1970,OMN,26.5162272611339
1970,PAK,23.621823390490945
1970,PAN,25.72682741369385
1970,PER,14.812457550591368
1970,PHL,26.406633416331285
1970,POL,6.923154526816358
1970,PRT,14.130863896707416
1970,PRY,22.409295232666693
1970,PSE,19.71289443604941
1970,QAT,26.10790602020764
1970,ROU,9.244566634499376
1970,RUS,3.549973398324192
1970,RWA,18.976646350528384
1970,SAU,25.946446737901848
1970,SDN,27.88946347146537
1970,SEN,27.727090631145877
1970,SGP,27.18534661953648
1970,SLE,26.57198059682793
1970,SLV,26.15918909731832
1970,SOM,26.27175031792288
1970,SRB,9.830172194184888
1970,SSD,27.88946347146537
1970,STP,26.09655646583997
1970,SUR,26.725976375518496
1970,SVK,7.174143822907798
1970,SVN,8.974214813901208
1970,SWE,4.39487708923443
1970,SWZ,20.50616628055771
1970,SXM,26.52068143213789
1970,SYC,26.61638737563044
1970,SYR,17.53048169863012
1970,TCA,26.06088564917445
1970,TCD,27.8349117742254
1970,TGO,27.10294572086893
1970,THA,26.718777218387483
1970,TJK,11.200966719114383
1970,TKM,16.249630625514154
1970,TTO,26.461625691658508
1970,TUN,18.0237710322622
1970,TUR,12.533247315750089
1970,TWN,13.781173801672026
1970,TZA,21.988046430153464
1970,UGA,22.516398012988613
1970,UKR,8.169673641976097
1970,URY,17.167282232767377
1970,USA,13.113981768817622
1970,UZB,13.74124823575885
1970,VCT,26.810965827976663
1970,VEN,25.1079023156608
1970,VGB,26.43310410203412
1970,VNM,24.42571593896716
1970,YEM,23.609832967985604
1970,ZAF,17.79612642404683
1970,ZMB,21.42178742848597
1970,ZWE,20.91357169328538
1971,ABW,25.94135799824532
1971,AGO,21.628446691269183
1971,AIA,26.208630372905947
1971,ALB,13.50233126978126
1971,ARE,26.787357512593964
1971,ARG,16.851242614049394
1971,ARM,5.874337013987704
1971,ATG,26.263765299071864
1971,AUS,15.691934623657602
1971,AUT,7.299415023476428
1971,AZE,12.182751751263964
1971,BDI,20.26819622182579
1971,BEL,9.457612399973288
1971,BEN,26.78394405132074
1971,BFA,28.23807385706263
1971,BGD,24.742022930194345
1971,BGR,9.975563263832615
1971,BHR,25.305665394912165
1971,BHS,25.61889247223735
1971,BIH,9.242673941354411
1971,BLR,6.406053393643568
1971,BLZ,25.688842551486545
1971,BMU,21.734647206496447
1971,BOL,14.657622517401151
1971,BRA,22.42877550476141
1971,BRB,26.27513392393788
1971,BRN,26.69178652639191
1971,BTN,8.638939150627538
1971,BWA,20.689472074386885
1971,CAF,24.83164643393102
1971,CAN,4.448649397207528
1971,CHE,6.72800502903359
1971,CHL,10.7795824417253
1971,CHN,13.966718613988132
1971,CIV,25.8616780679356
1971,CMR,24.10239465623219
1971,COD,23.28848746114785
1971,COG,24.472338791352968
1971,COL,20.20133222698821
1971,COM,25.90589801594615
1971,CPV,23.181918198708445
1971,CRI,23.532355017482548
1971,CUW,25.94135799824532
1971,CYM,26.817445655430976
1971,CYP,19.981755197140348
1971,CZE,7.701084957791136
1971,DEU,8.814227982264098
1971,DJI,27.52499905414144
1971,DMA,26.31916125107091
1971,DNK,8.236475259569204
1971,DOM,24.759477725106123
1971,DZA,16.345761560301913
1971,ECU,18.046891637335087
1971,EGY,21.17446347586073
1971,ESP,13.35084331069164
1971,EST,5.484316578512402
1971,ETH,19.12818234515338
1971,FIN,3.0788141441335948
1971,FJI,26.651410621901352
1971,FRA,10.431894639818603
1971,GAB,25.06318863109825
1971,GBR,9.38902666928142
1971,GEO,8.424148846045325
1971,GHA,26.30416117637844
1971,GIN,25.417664945117284
1971,GMB,26.48345588057687
1971,GNB,27.24668437722268
1971,GNQ,24.103830223282177
1971,GRC,13.67636694448292
1971,GRD,26.35053537227213
1971,GTM,21.437487619894668
1971,GUY,25.94552249053908
1971,HKG,13.966718613988132
1971,HND,23.195706428905076
1971,HRV,10.347669954034345
1971,HTI,25.550315120639706
1971,HUN,9.95670579794098
1971,IDN,25.364300324139727
1971,IND,24.756982975109757
1971,IRL,9.786812783296288
1971,IRN,14.739044031714894
1971,IRQ,21.97236075359839
1971,ISL,2.528545256564183
1971,ISR,19.32744242448626
1971,ITA,12.205038742158422
1971,JAM,25.722791216724247
1971,JOR,19.031778623630405
1971,JPN,13.902106802892716
1971,KAZ,5.869074306335008
1971,KEN,19.853594582740783
1971,KGZ,6.302638208908391
1971,KHM,26.5311349857516
1971,KNA,26.263765299071864
1971,KOR,11.557974741714592
1971,KWT,25.09459221545451
1971,LAO,23.26518133995376
1971,LBN,17.48004410167535
1971,LBR,25.257505468937158
1971,LCA,26.29598271350066
1971,LKA,25.625340559466878
1971,LSO,13.432603415111483
1971,LTU,6.777393293247835
1971,LUX,9.116406440734863
1971,LVA,6.345664848951006
1971,MAC,13.966718613988132
1971,MAR,16.153242360627992
1971,MDA,9.839435183306916
1971,MDG,20.44965530495525
1971,MDV,27.334010746019583
1971,MEX,18.068616424166176
1971,MKD,9.777478706019664
1971,MLI,28.03292459079696
1971,MLT,18.891653953120112
1971,MMR,24.3570297360452
1971,MNE,11.334993236983818
1971,MNG,-2.02671558209423
1971,MOZ,23.617877464583213
1971,MRT,28.34384311886157
1971,MSR,26.368662774873275
1971,MUS,23.82291744183749
1971,MWI,21.06744436289849
1971,MYS,26.341531774068304
1971,NAM,21.47890985329387
1971,NER,28.418107101041947
1971,NGA,26.671903706811925
1971,NIC,25.04413119725436
1971,NLD,9.720481889639307
1971,NOR,4.483141206315214
1971,NPL,17.64278181478942
1971,NZL,13.564170114227345
1971,OMN,25.843730152075988
1971,PAK,23.34600812200601
1971,PAN,25.4267106428241
1971,PER,14.46378871248398
1971,PHL,25.89180442706766
1971,POL,7.947821678450731
1971,PRT,13.720609066278351
1971,PRY,21.76628148112244
1971,PSE,19.32744242448626
1971,QAT,25.80045046408971
1971,ROU,9.23006503283997
1971,RUS,3.8932207299161856
1971,RWA,18.634728245920723
1971,SAU,25.182760532479936
1971,SDN,27.41415624539736
1971,SEN,27.00205651242385
1971,SGP,26.877611958732206
1971,SLE,26.160272920223548
1971,SLV,25.898031808799928
1971,SOM,26.059434090833463
1971,SRB,9.82657880079374
1971,SSD,27.41415624539736
1971,STP,25.82500576165815
1971,SUR,26.34688450812381
1971,SVK,7.727925996590787
1971,SVN,9.08684447757376
1971,SWE,5.756082444827781
1971,SWZ,19.874683419863384
1971,SXM,26.263765299071864
1971,SYC,26.316050389626373
1971,SYR,16.826407750213438
1971,TCA,26.03260312353571
1971,TCD,27.692827924591025
1971,TGO,26.704116368074956
1971,THA,25.95981367192549
1971,TJK,11.514450463416674
1971,TKM,16.56087282815185
1971,TTO,25.978802031682186
1971,TUN,17.72281145866026
1971,TUR,11.95329965269301
1971,TWN,13.966718613988132
1971,TZA,21.588051022242187
1971,UGA,22.29625152311151
1971,UKR,8.225092715716087
1971,URY,16.717799344546208
1971,USA,13.252483203653895
1971,UZB,14.134654442166518
1971,VCT,26.35053537227213
1971,VEN,24.490083302223997
1971,VGB,26.22081254554602
1971,VNM,24.04923430052216
1971,YEM,23.27166344608928
1971,ZAF,17.23848077505892
1971,ZMB,21.02606826437056
1971,ZWE,20.293767240037877
1972,ABW,26.07329646094392
1972,AGO,21.656849373121297
1972,AIA,26.063827328383923
1972,ALB,13.555142989633982
1972,ARE,26.677442570272586
1972,ARG,17.127402506197736
1972,ARM,4.4572358730811645
1972,ATG,26.19601979944855
1972,AUS,15.907791919432526
1972,AUT,7.038675151371222
1972,AZE,10.992433485429732
1972,BDI,20.816920709154054
1972,BEL,9.013923275082366
1972,BEN,27.07393698023854
1972,BFA,28.327234158877097
1972,BGD,25.35836071361972
1972,BGR,10.10680353401044
1972,BHR,25.15960756937663
1972,BHS,25.86337924003601
1972,BIH,9.519590235808383
1972,BLR,6.723089004651163
1972,BLZ,25.97986197396704
1972,BMU,21.959180764853954
1972,BOL,15.12216253823455
1972,BRA,22.71182340837378
1972,BRB,26.443129892616223
1972,BRN,27.19822849798948
1972,BTN,9.144901891191507
1972,BWA,20.761362378400644
1972,CAF,25.183666666773373
1972,CAN,3.6024458301022366
1972,CHE,6.463315320105656
1972,CHL,11.129840360943469
1972,CHN,13.904410374311128
1972,CIV,26.122047115169924
1972,CMR,24.402122278949022
1972,COD,23.61886092171501
1972,COG,24.621009533369044
1972,COL,20.9445396718752
1972,COM,26.44463171561559
1972,CPV,22.930440487960976
1972,CRI,24.045570703235985
1972,CUW,26.07329646094392
1972,CYM,27.03464559977874
1972,CYP,19.940366256982088
1972,CZE,7.571439936738076
1972,DEU,8.264603017788843
1972,DJI,28.204723163446108
1972,DMA,26.446665298193693
1972,DNK,8.038061516787966
1972,DOM,24.912320261817342
1972,DZA,16.00270011874029
1972,ECU,18.98256920885275
1972,EGY,21.314141553995345
1972,ESP,13.093756219400818
1972,EST,5.927208292598044
1972,ETH,19.63452978875373
1972,FIN,4.345707619576014
1972,FJI,26.33093032240868
1972,FRA,10.09147288878722
1972,GAB,25.171090138881343
1972,GBR,8.889114470200177
1972,GEO,7.58381740309734
1972,GHA,26.5600897856731
1972,GIN,25.698919205744875
1972,GMB,26.88152499277861
1972,GNB,27.621553307968966
1972,GNQ,24.306538014983136
1972,GRC,13.76449442969773
1972,GRD,26.59230013028719
1972,GTM,21.880884608768223
1972,GUY,26.369541924878632
1972,HKG,13.904410374311128
1972,HND,23.68386595027728
1972,HRV,10.4269295754627
1972,HTI,25.712165835042743
1972,HUN,10.19189780207618
1972,IDN,25.679513030776725
1972,IND,25.545263499966705
1972,IRL,9.072464033086415
1972,IRN,13.077142609840331
1972,IRQ,21.342197915560444
1972,ISL,3.306406739486444
1972,ISR,19.246135915049887
1972,ITA,12.01250147863648
1972,JAM,25.910736591011908
1972,JOR,18.87738709568928
1972,JPN,14.397711797000804
1972,KAZ,3.9269479859987086
1972,KEN,20.329699182420704
1972,KGZ,4.262993748806828
1972,KHM,27.18957262142283
1972,KNA,26.19601979944855
1972,KOR,11.852940979211812
1972,KWT,24.43030822152893
1972,LAO,23.927450242612352
1972,LBN,17.40285820265611
1972,LBR,25.50825434891195
1972,LCA,26.471811051868524
1972,LKA,25.97535431278156
1972,LSO,13.355986968419792
1972,LTU,6.788390039484462
1972,LUX,8.56905634018282
1972,LVA,6.541248827842353
1972,MAC,13.904410374311128
1972,MAR,15.741702725653388
1972,MDA,9.77630787154099
1972,MDG,20.735395248486903
1972,MDV,27.82942798640579
1972,MEX,18.388113202857248
1972,MKD,10.002505465080269
1972,MLI,28.17115896172757
1972,MLT,18.63706023087919
1972,MMR,25.099105581820183
1972,MNE,11.47939210030646
1972,MNG,-1.4267464691249518
1972,MOZ,23.68293972881497
1972,MRT,28.641757148424524
1972,MSR,26.4222377378804
1972,MUS,24.36857601519053
1972,MWI,21.279239818745243
1972,MYS,26.743073416590608
1972,NAM,21.499718214445764
1972,NER,28.86601460103379
1972,NGA,26.82052155723303
1972,NIC,25.78922809989736
1972,NLD,9.221711868109915
1972,NOR,4.703298429085128
1972,NPL,18.3316569170302
1972,NZL,12.833479332467189
1972,OMN,25.817221365332976
1972,PAK,22.81338863162283
1972,PAN,25.973167376300964
1972,PER,15.448563743808464
1972,PHL,26.198149927353157
1972,POL,7.7530992074758895
1972,PRT,13.36227070261417
1972,PRY,22.54911190374548
1972,PSE,19.246135915049887
1972,QAT,25.623154131695628
1972,ROU,9.456101505218712
1972,RUS,3.84464523002032
1972,RWA,19.068949427851727
1972,SAU,25.406441675489443
1972,SDN,28.046871733601517
1972,SEN,27.39343187072836
1972,SGP,27.24363104843845
1972,SLE,26.47858912560011
1972,SLV,26.563974612512972
1972,SOM,26.610505037399875
1972,SRB,10.101726569684674
1972,SSD,28.046871733601517
1972,STP,25.870196269980323
1972,SUR,26.588656655242463
1972,SVK,7.874115463616006
1972,SVN,8.970669996919467
1972,SWE,6.114515785747297
1972,SWZ,19.80664488340941
1972,SXM,26.19601979944855
1972,SYC,27.125914596021172
1972,SYR,16.148648508839255
1972,TCA,26.14596585331795
1972,TCD,28.11345746575055
1972,TGO,27.008816604762057
1972,THA,26.697377177127446
1972,TJK,8.90812524333931
1972,TKM,13.963192539457818
1972,TTO,26.29118250931303
1972,TUN,17.611924531383238
1972,TUR,11.260788003928976
1972,TWN,13.904410374311128
1972,TZA,21.884401008587226
1972,UGA,22.725137798618118
1972,UKR,8.390634869884101
1972,URY,17.046208756412128
1972,USA,12.94728847789425
1972,UZB,11.5169605846901
1972,VCT,26.59230013028719
1972,VEN,24.99300008317577
1972,VGB,26.090061443392187
1972,VNM,24.55984065815301
1972,YEM,24.021917620737725
1972,ZAF,17.435428969598977
1972,ZMB,21.31582675603604
1972,ZWE,20.204971985508266
1973,ABW,26.25231402584662
1973,AGO,22.25644352641476
1973,AIA,26.34721192345023
1973,ALB,13.597868417256828
1973,ARE,26.996716627052468
1973,ARG,16.76179979594879
1973,ARM,4.810418817103483
1973,ATG,26.41328449423115
1973,AUS,16.43328803732716
1973,AUT,7.040887041291221
1973,AZE,11.367621537863917
1973,BDI,20.890647188728934
1973,BEL,9.403989654894689
1973,BEN,27.53416195210194
1973,BFA,28.80540986645561
1973,BGD,25.461261393751204
1973,BGR,9.662323227971736
1973,BHR,25.57976507085065
1973,BHS,25.664422041426107
1973,BIH,9.071975337412002
1973,BLR,6.14414921597662
1973,BLZ,26.05427700745728
1973,BMU,21.902585028437898
1973,BOL,15.383068098019583
1973,BRA,22.960714778795115
1973,BRB,26.481223083411653
1973,BRN,27.275153064945087
1973,BTN,9.416287843483769
1973,BWA,21.174213890214897
1973,CAF,25.543294183372268
1973,CAN,5.336956286204724
1973,CHE,6.490994119048657
1973,CHL,10.728641638627366
1973,CHN,14.369929525180313
1973,CIV,26.551749953948427
1973,CMR,24.78923718914476
1973,COD,23.794327817941127
1973,COG,24.96432836119285
1973,COL,21.019849305578926
1973,COM,26.534542025377352
1973,CPV,23.103518893321358
1973,CRI,24.03534077083141
1973,CUW,26.25231402584662
1973,CYM,27.12956887103307
1973,CYP,19.9958892983074
1973,CZE,7.485709352758086
1973,DEU,8.64280198301106
1973,DJI,28.08233083916863
1973,DMA,26.500895340616506
1973,DNK,8.465219964133045
1973,DOM,25.124608944153035
1973,DZA,16.533985112590432
1973,ECU,18.609726244796864
1973,EGY,21.19520275533743
1973,ESP,13.71434596483642
1973,EST,5.654813990392925
1973,ETH,19.861697035305937
1973,FIN,3.663360844862106
1973,FJI,26.732769216721252
1973,FRA,10.367590576778904
1973,GAB,25.621180592751163
1973,GBR,9.246676815959876
1973,GEO,7.418002643916609
1973,GHA,27.044059806933017
1973,GIN,25.995187778291086
1973,GMB,27.18265310096411
1973,GNB,27.810751234546785
1973,GNQ,24.64194381485383
1973,GRC,13.66466391758161
1973,GRD,26.5757225585791
1973,GTM,21.81218290373192
1973,GUY,26.53485204385908
1973,HKG,14.369929525180313
1973,HND,23.79872985601203
1973,HRV,10.1789981921759
1973,HTI,25.862604793825263
1973,HUN,9.763261629649492
1973,IDN,25.868730506281864
1973,IND,25.669808460449172
1973,IRL,9.607887235895618
1973,IRN,14.48139896690942
1973,IRQ,22.19403748846955
1973,ISL,2.193717515403088
1973,ISR,19.462043556053374
1973,ITA,12.191848663942082
1973,JAM,25.990093417465687
1973,JOR,19.26766137408381
1973,JPN,14.26744342509354
1973,KAZ,5.688622603705445
1973,KEN,20.575904093711323
1973,KGZ,6.102057464813484
1973,KHM,27.377443957141377
1973,KNA,26.41328449423115
1973,KOR,12.014363771004728
1973,KWT,25.410729706908263
1973,LAO,24.21079592650177
1973,LBN,17.60946426478525
1973,LBR,25.905182976196
1973,LCA,26.505599658625822
1973,LKA,26.202216073981813
1973,LSO,13.420307966823207
1973,LTU,6.523901035001883
1973,LUX,9.056481398331622
1973,LVA,6.258349225427822
1973,MAC,14.369929525180313
1973,MAR,16.850358923316474
1973,MDA,9.277879753927856
1973,MDG,20.83294263028752
1973,MDV,27.913782983552665
1973,MEX,18.12528051878039
1973,MKD,9.60163554392132
1973,MLI,28.395925813616937
1973,MLT,18.98835235585769
1973,MMR,24.969488205063183
1973,MNE,11.311259885928594
1973,MNG,-0.968630541576937
1973,MOZ,23.896059686589204
1973,MRT,28.869499244808647
1973,MSR,26.521815391257405
1973,MUS,24.401253745891157
1973,MWI,21.40375877121738
1973,MYS,26.771412773395877
1973,NAM,22.120735881997472
1973,NER,29.22102550438032
1973,NGA,27.4009524233462
1973,NIC,25.73806496506348
1973,NLD,9.694268081615563
1973,NOR,4.59026818254572
1973,NPL,18.75626734225802
1973,NZL,13.216563024076924
1973,OMN,25.835724287888784
1973,PAK,23.187571266058107
1973,PAN,25.94471631517029
1973,PER,15.068832117322954
1973,PHL,26.47327886709348
1973,POL,7.736139152042072
1973,PRT,14.063132649097216
1973,PRY,22.231900749885657
1973,PSE,19.462043556053374
1973,QAT,25.944640221695103
1973,ROU,8.778882349456545
1973,RUS,3.85282647093844
1973,RWA,19.208722775907784
1973,SAU,26.193316753724936
1973,SDN,28.38799004888662
1973,SEN,27.70446353844104
1973,SGP,27.34901511793335
1973,SLE,26.85806234090375
1973,SLV,26.337550326902026
1973,SOM,26.488931355368152
1973,SRB,9.52326175552221
1973,SSD,28.38799004888662
1973,STP,26.503048142107826
1973,SUR,26.782213509641164
1973,SVK,7.46776311625566
1973,SVN,8.936645860139055
1973,SWE,5.977253643781888
1973,SWZ,19.79382046855365
1973,SXM,26.41328449423115
1973,SYC,26.91671938138704
1973,SYR,16.87450171465893
1973,TCA,26.23800256724159
1973,TCD,28.66292332856232
1973,TGO,27.454517933595987
1973,THA,26.79744079812116
1973,TJK,10.855025197030338
1973,TKM,15.990989686919075
1973,TTO,26.33638261134426
1973,TUN,17.93581536911592
1973,TUR,11.546243906843142
1973,TWN,14.369929525180313
1973,TZA,22.16668480123259
1973,UGA,22.833806907280195
1973,UKR,7.764349625598776
1973,URY,16.73896118052698
1973,USA,13.648073549260149
1973,UZB,13.532525251363202
1973,VCT,26.5757225585791
1973,VEN,25.134077441049524
1973,VGB,26.401612864186365
1973,VNM,24.91656631120483
1973,YEM,23.854002260387784
1973,ZAF,17.422865332607675
1973,ZMB,21.417086490818274
1973,ZWE,20.63896057196556
1974,ABW,25.88379706147437
1974,AGO,21.674422863464564
1974,AIA,25.82110772654414
1974,ALB,13.472360714969469
1974,ARE,27.075042329439047
1974,ARG,16.974454427554438
1974,ARM,5.031741735705706
1974,ATG,25.91315969328086
1974,AUS,15.851472354338808
1974,AUT,7.788816748212983
1974,AZE,11.437064804577046
1974,BDI,20.43841460084497
1974,BEL,9.730694498694444
1974,BEN,26.792832501201083
1974,BFA,28.00407671912613
1974,BGD,25.185055926132847
1974,BGR,10.061293993329592
1974,BHR,25.46419217158109
1974,BHS,25.523774005783096
1974,BIH,9.497668653114328
1974,BLR,6.645277608525592
1974,BLZ,25.705774614854345
1974,BMU,22.116647999733686
1974,BOL,14.660350629121872
1974,BRA,22.39121792040164
1974,BRB,26.195883166665837
1974,BRN,26.7775124363834
1974,BTN,9.106030077993257
1974,BWA,20.118523575032228
1974,CAF,24.881445345916013
1974,CAN,4.415835593892959
1974,CHE,7.038117256239141
1974,CHL,10.762580861268614
1974,CHN,13.82679060698787
1974,CIV,25.966369562291124
1974,CMR,24.090715072193795
1974,COD,23.351949211339864
1974,COG,24.494331753008904
1974,COL,20.417182569553617
1974,COM,26.18567192958047
1974,CPV,22.799013341466587
1974,CRI,23.64779349579805
1974,CUW,25.88379706147437
1974,CYM,26.598919778441388
1974,CYP,20.09568644439181
1974,CZE,8.21333046087251
1974,DEU,9.217276860531994
1974,DJI,27.374334988449952
1974,DMA,26.081998366862532
1974,DNK,8.527676610721336
1974,DOM,24.652277503476867
1974,DZA,16.44965397969154
1974,ECU,18.264642428904693
1974,EGY,21.2989139057192
1974,ESP,13.588146941573244
1974,EST,6.299186738786234
1974,ETH,19.136043958249967
1974,FIN,4.842167123296305
1974,FJI,26.682546058669686
1974,FRA,10.720310053650772
1974,GAB,25.121167992335657
1974,GBR,9.16420859495262
1974,GEO,7.7720191339037825
1974,GHA,26.427481471852943
1974,GIN,25.39450913282975
1974,GMB,26.35562781356175
1974,GNB,27.140791217718352
1974,GNQ,24.04981229314581
1974,GRC,13.678430511459888
1974,GRD,26.31545036844909
1974,GTM,21.327633467015534
1974,GUY,26.230750951329867
1974,HKG,13.82679060698787
1974,HND,23.236079142738884
1974,HRV,10.881241686211292
1974,HTI,25.42237421153924
1974,HUN,10.44921790200705
1974,IDN,25.38227626892319
1974,IND,25.43960420898844
1974,IRL,9.27301150217344
1974,IRN,13.64600583230879
1974,IRQ,21.73625427041154
1974,ISL,3.231335713690562
1974,ISR,19.425515011272736
1974,ITA,12.251164177531054
1974,JAM,25.619421309481066
1974,JOR,19.126485477611645
1974,JPN,13.728963647973432
1974,KAZ,4.680780343450744
1974,KEN,20.05065744120969
1974,KGZ,4.985156315469464
1974,KHM,26.96759036638655
1974,KNA,25.91315969328086
1974,KOR,10.999197975317674
1974,KWT,24.997767060995105
1974,LAO,23.77165647798377
1974,LBN,17.657325082148116
1974,LBR,25.400951001992198
1974,LCA,26.214066989719868
1974,LKA,25.596606125819022
1974,LSO,12.930144300425876
1974,LTU,6.900210966484361
1974,LUX,9.489289040366808
1974,LVA,6.692218564658555
1974,MAC,13.82679060698787
1974,MAR,16.53960426767313
1974,MDA,9.788562385320413
1974,MDG,20.51723883726151
1974,MDV,27.3227835825334
1974,MEX,17.94827977751259
1974,MKD,9.879663794252144
1974,MLI,27.63850542691123
1974,MLT,18.63016092063238
1974,MMR,24.595945081354568
1974,MNE,11.38933031647753
1974,MNG,-2.1778806260206034
1974,MOZ,23.54140882181301
1974,MRT,27.96271325659236
1974,MSR,26.059961357464392
1974,MUS,23.880875734612346
1974,MWI,20.87041561830868
1974,MYS,26.335003924953927
1974,NAM,20.723044941037056
1974,NER,28.06760716772605
1974,NGA,26.555167211887184
1974,NIC,25.23796532962766
1974,NLD,9.9515788767174
1974,NOR,5.140970809795492
1974,NPL,18.41502735616588
1974,NZL,13.355868170620022
1974,OMN,26.0391392606302
1974,PAK,23.03602967751654
1974,PAN,25.576357752167198
1974,PER,14.74577142438001
1974,PHL,26.062283284195875
1974,POL,8.213830278019294
1974,PRT,13.79514993019897
1974,PRY,21.93370084718105
1974,PSE,19.425515011272736
1974,QAT,25.88362483773381
1974,ROU,9.246504015777749
1974,RUS,4.062323454686241
1974,RWA,18.758144659820847
1974,SAU,25.629389442470533
1974,SDN,27.486252884383127
1974,SEN,26.75118520798564
1974,SGP,26.867367392405868
1974,SLE,26.3096066889449
1974,SLV,26.005923448721163
1974,SOM,26.180851859939008
1974,SRB,10.068099286697937
1974,SSD,27.486252884383127
1974,STP,26.11093150700132
1974,SUR,26.51358033224737
1974,SVK,8.126080618714877
1974,SVN,9.622341055772493
1974,SWE,6.429801478223461
1974,SWZ,20.0976737611248
1974,SXM,25.91315969328086
1974,SYC,26.560860073853597
1974,SYR,16.929381666148988
1974,TCA,25.867265249912936
1974,TCD,27.672171424437185
1974,TGO,26.71733410326217
1974,THA,26.354295329432315
1974,TJK,9.941976890047933
1974,TKM,14.804917720370256
1974,TTO,26.04603624716401
1974,TUN,17.772724852623973
1974,TUR,11.61325298275282
1974,TWN,13.82679060698787
1974,TZA,21.82984917198435
1974,UGA,22.41191987629901
1974,UKR,8.318517972431826
1974,URY,16.837883998664267
1974,USA,13.356284009958216
1974,UZB,12.49649885361306
1974,VCT,26.31545036844909
1974,VEN,24.565651673415356
1974,VGB,25.854456921418507
1974,VNM,24.387049711022044
1974,YEM,23.290869857867847
1974,ZAF,17.195787452223403
1974,ZMB,20.759441095803
1974,ZWE,19.82067643296473
1975,ABW,25.859310910105705
1975,AGO,21.78115516379172
1975,AIA,25.9679693436871
1975,ALB,13.451010127668582
1975,ARE,27.063077514556078
1975,ARG,17.221277188995014
1975,ARM,5.74025984097109
1975,ATG,26.024245658268526
1975,AUS,16.102654875606557
1975,AUT,7.750939615286088
1975,AZE,12.366526612526672
1975,BDI,20.468206923333064
1975,BEL,9.710122028382347
1975,BEN,26.68262720819807
1975,BFA,27.92207799050181
1975,BGD,25.387378102587032
1975,BGR,10.472791548761768
1975,BHR,25.2370782562842
1975,BHS,25.81685768129925
1975,BIH,9.642710113141808
1975,BLR,7.839589552770117
1975,BLZ,25.8052927827632
1975,BMU,22.167461067826174
1975,BOL,14.77751851255785
1975,BRA,22.45200287785564
1975,BRB,26.14627504721284
1975,BRN,26.99013030560066
1975,BTN,9.09688534926082
1975,BWA,20.35688408684753
1975,CAF,24.92430575589723
1975,CAN,4.797316505709338
1975,CHE,6.998885602274255
1975,CHL,10.83846064068293
1975,CHN,14.38096032339192
1975,CIV,25.909303348628978
1975,CMR,24.07860751505965
1975,COD,23.39419093691212
1975,COG,24.60664593776581
1975,COL,20.354239134217835
1975,COM,26.267313890120324
1975,CPV,23.207882073319823
1975,CRI,23.603893241389954
1975,CUW,25.859310910105705
1975,CYM,26.90442752279341
1975,CYP,19.82156809962665
1975,CZE,8.323312267021555
1975,DEU,9.327378926651509
1975,DJI,27.55053443297161
1975,DMA,26.148788248499237
1975,DNK,9.011391573044994
1975,DOM,24.765737627594092
1975,DZA,16.292410544323314
1975,ECU,18.080025258660083
1975,EGY,21.13918818706189
1975,ESP,13.595556247953668
1975,EST,6.910909792735676
1975,ETH,19.245025941873585
1975,FIN,4.946042717508794
1975,FJI,26.792491320132587
1975,FRA,10.574169673802295
1975,GAB,25.17237491088091
1975,GBR,9.53271208069104
1975,GEO,8.38692352444332
1975,GHA,26.30700612111597
1975,GIN,25.399188675651967
1975,GMB,26.53673295398476
1975,GNB,27.2717542622572
1975,GNQ,24.04570055846125
1975,GRC,13.764335798263216
1975,GRD,26.351593828449648
1975,GTM,21.52824568783232
1975,GUY,26.16703037357057
1975,HKG,14.38096032339192
1975,HND,23.45266568114113
1975,HRV,10.987349783658004
1975,HTI,25.61293816507296
1975,HUN,10.61815949914967
1975,IDN,25.55661335755668
1975,IND,25.207961638478366
1975,IRL,9.824308863709108
1975,IRN,14.266361604578057
1975,IRQ,21.93959813292312
1975,ISL,2.371703498260301
1975,ISR,19.36261324667729
1975,ITA,12.363725332900492
1975,JAM,25.78978877774595
1975,JOR,19.01366890349539
1975,JPN,14.132202462371138
1975,KAZ,5.89173866735168
1975,KEN,20.118848687150763
1975,KGZ,5.495040323097044
1975,KHM,26.956232056064383
1975,KNA,26.024245658268526
1975,KOR,12.458284640009609
1975,KWT,24.923455509046715
1975,LAO,23.940077974917376
1975,LBN,17.51424255517001
1975,LBR,25.2795488120483
1975,LCA,26.19501607120037
1975,LKA,25.666406623911385
1975,LSO,12.847083341102918
1975,LTU,8.040030528411611
1975,LUX,9.493875920772552
1975,LVA,7.615816872987797
1975,MAC,14.38096032339192
1975,MAR,16.640594433738883
1975,MDA,10.784010216565042
1975,MDG,20.52605458967
1975,MDV,27.371429797261957
1975,MEX,17.90109548624241
1975,MKD,9.84719348453888
1975,MLI,27.558931939822205
1975,MLT,18.81547651569417
1975,MMR,24.75456910925537
1975,MNE,11.509332314150097
1975,MNG,-1.271399174680079
1975,MOZ,23.64329829299952
1975,MRT,28.178833962044624
1975,MSR,26.14318659653266
1975,MUS,24.12709974652777
1975,MWI,21.18164274659116
1975,MYS,26.47397612266636
1975,NAM,21.51893856701483
1975,NER,28.07006360376763
1975,NGA,26.459444228713597
1975,NIC,25.28593615943254
1975,NLD,10.056386254403124
1975,NOR,5.190465267090065
1975,NPL,18.384065315781992
1975,NZL,13.346904942224432
1975,OMN,26.023502208709616
1975,PAK,22.579540530670528
1975,PAN,25.535808999452183
1975,PER,14.571459346132588
1975,PHL,26.26309160252452
1975,POL,8.806075312088984
1975,PRT,13.945479694517257
1975,PRY,22.05182899960933
1975,PSE,19.36261324667729
1975,QAT,25.61949472284565
1975,ROU,9.87003145673343
1975,RUS,4.978189172761106
1975,RWA,18.81902408866432
1975,SAU,25.14346158010017
1975,SDN,27.729676170880808
1975,SEN,26.98222580499044
1975,SGP,27.123450383854408
1975,SLE,26.2630431960434
1975,SLV,25.957856526668984
1975,SOM,25.85580377263468
1975,SRB,10.250571244455008
1975,SSD,27.729676170880808
1975,STP,26.02796832596262
1975,SUR,26.449535305687817
1975,SVK,8.329150397915434
1975,SVN,9.785819671379576
1975,SWE,6.950668197179014
1975,SWZ,19.620859359701477
1975,SXM,26.024245658268526
1975,SYC,26.497446833799284
1975,SYR,16.76237462950696
1975,TCA,26.03765432060269
1975,TCD,27.66759736041743
1975,TGO,26.63943546760414
1975,THA,26.46275523485422
1975,TJK,10.309694220545936
1975,TKM,16.004296880991213
1975,TTO,26.025144822895527
1975,TUN,17.726708478503156
1975,TUR,11.68355937274707
1975,TWN,14.38096032339192
1975,TZA,21.83746920637672
1975,UGA,22.502205318980177
1975,UKR,9.404158293368326
1975,URY,17.173161856424407
1975,USA,13.35078038218226
1975,UZB,13.469051947728492
1975,VCT,26.351593828449648
1975,VEN,24.72233888469228
1975,VGB,25.99568307275573
1975,VNM,24.65450264931472
1975,YEM,23.18445383074566
1975,ZAF,17.12942821411689
1975,ZMB,21.018195263526707
1975,ZWE,20.05481688983049
1976,ABW,25.90116547048092
1976,AGO,21.59702553154272
1976,AIA,25.72492968073736
1976,ALB,13.1545746131861
1976,ARE,26.983299900064832
1976,ARG,16.632539603753663
1976,ARM,5.273034292453054
1976,ATG,25.80472384672612
1976,AUS,15.771697801873684
1976,AUT,7.243905423242231
1976,AZE,11.221657733686488
1976,BDI,20.652301209646467
1976,BEL,10.035744475256385
1976,BEN,26.62768380732483
1976,BFA,27.78344444951452
1976,BGD,25.43302640438784
1976,BGR,9.36331278598061
1976,BHR,25.21347408900813
1976,BHS,25.419396223674998
1976,BIH,8.682363568084009
1976,BLR,4.757407357117622
1976,BLZ,25.361253224488635
1976,BMU,22.137382210756183
1976,BOL,14.72634467273164
1976,BRA,22.31907178721338
1976,BRB,26.05810932194193
1976,BRN,26.98901605559513
1976,BTN,9.21039571175693
1976,BWA,19.92038326625069
1976,CAF,24.963769699215412
1976,CAN,4.46217686022347
1976,CHE,6.931361912628185
1976,CHL,10.814182166277464
1976,CHN,13.58637591063085
1976,CIV,25.711162809727192
1976,CMR,24.177393951542943
1976,COD,23.40100776285956
1976,COG,24.432333535575037
1976,COL,20.728432954143173
1976,COM,26.175147257978097
1976,CPV,23.199794196494626
1976,CRI,23.85434985841257
1976,CUW,25.90116547048092
1976,CYM,26.662595681846145
1976,CYP,19.896990548508864
1976,CZE,7.516584238710753
1976,DEU,8.901442778397302
1976,DJI,27.751053141091106
1976,DMA,26.01330904538433
1976,DNK,8.009722322289361
1976,DOM,24.74556402174223
1976,DZA,15.9434300312131
1976,ECU,18.5124401579985
1976,EGY,21.153531200556262
1976,ESP,13.613582366875242
1976,EST,3.92544983833764
1976,ETH,19.438340583422715
1976,FIN,2.0861949254200973
1976,FJI,26.753121567424387
1976,FRA,10.974232560134125
1976,GAB,24.88190125492173
1976,GBR,9.588312663248448
1976,GEO,7.395247432297261
1976,GHA,26.08519289222435
1976,GIN,25.28727716334722
1976,GMB,26.474505580569144
1976,GNB,27.2127912357394
1976,GNQ,23.906956495484337
1976,GRC,13.264381167061677
1976,GRD,26.209271607299645
1976,GTM,21.257761548244066
1976,GUY,26.27015105975684
1976,HKG,13.58637591063085
1976,HND,23.13560116532376
1976,HRV,9.99706952455036
1976,HTI,25.53556331948753
1976,HUN,9.671288414805003
1976,IDN,25.580585634583077
1976,IND,25.51261717330837
1976,IRL,9.644357140977432
1976,IRN,14.074634395289609
1976,IRQ,21.716341196168152
1976,ISL,2.8660920473773803
1976,ISR,19.35053671038878
1976,ITA,12.004283619700184
1976,JAM,25.68942191498354
1976,JOR,19.044809819754736
1976,JPN,13.606214944040056
1976,KAZ,4.103255393547251
1976,KEN,20.42098487023389
1976,KGZ,5.4297366814911765
1976,KHM,26.92794397886369
1976,KNA,25.80472384672612
1976,KOR,11.509124386917245
1976,KWT,24.91655481172105
1976,LAO,23.716390803763296
1976,LBN,17.52143260122587
1976,LBR,25.132800687491937
1976,LCA,26.06458847473065
1976,LKA,25.86489514195289
1976,LSO,12.684735428542348
1976,LTU,5.06770818907175
1976,LUX,9.709312807147702
1976,LVA,4.587985008759622
1976,MAC,13.58637591063085
1976,MAR,16.372047353580435
1976,MDA,8.655921485758151
1976,MDG,20.884648357366384
1976,MDV,27.592024136024214
1976,MEX,17.654351875060687
1976,MKD,9.265079896212283
1976,MLI,27.44160754782983
1976,MLT,18.68604693872233
1976,MMR,24.615647519559605
1976,MNE,10.833756060908671
1976,MNG,-2.249209352580762
1976,MOZ,23.686271418349204
1976,MRT,27.91565321613161
1976,MSR,25.98880519717932
1976,MUS,24.541797005881865
1976,MWI,21.151383104535903
1976,MYS,26.46167213628884
1976,NAM,20.9388541104456
1976,NER,28.457039524813748
1976,NGA,26.675996775536277
1976,NIC,25.437553800759776
1976,NLD,10.1158319230621
1976,NOR,4.035071592275075
1976,NPL,18.47205693721698
1976,NZL,12.409003361568017
1976,OMN,26.137296196671628
1976,PAK,22.71259062629389
1976,PAN,25.74109041206576
1976,PER,14.977004829977624
1976,PHL,26.097112706147957
1976,POL,7.048399635841076
1976,PRT,14.117245723534191
1976,PRY,21.81655940637389
1976,PSE,19.35053671038878
1976,QAT,25.549094506228965
1976,ROU,8.383869278713046
1976,RUS,2.180788130115301
1976,RWA,18.962465687401725
1976,SAU,25.589594799788134
1976,SDN,28.141760667887883
1976,SEN,26.959208255566377
1976,SGP,27.04630834950755
1976,SLE,26.10598757520431
1976,SLV,26.113340113732768
1976,SOM,26.16421350466457
1976,SRB,9.169216450509476
1976,SSD,28.141760667887883
1976,STP,25.54041063164671
1976,SUR,26.52129765722675
1976,SVK,7.354674128682748
1976,SVN,8.960139662702437
1976,SWE,5.054219843218053
1976,SWZ,19.773780561983585
1976,SXM,25.80472384672612
1976,SYC,26.39621949692567
1976,SYR,16.42638628377872
1976,TCA,25.951916467708845
1976,TCD,28.03402445173007
1976,TGO,26.525400080081457
1976,THA,26.28036688452627
1976,TJK,10.215967036379045
1976,TKM,15.006777503715847
1976,TTO,25.959065990522504
1976,TUN,17.31707473402028
1976,TUR,11.061011640401023
1976,TWN,13.58637591063085
1976,TZA,22.009396937221105
1976,UGA,22.67383290661271
1976,UKR,6.640951484401278
1976,URY,16.50446599214528
1976,USA,12.782334609906911
1976,UZB,12.812635725104007
1976,VCT,26.209271607299645
1976,VEN,24.55022746264876
1976,VGB,25.761673516593877
1976,VNM,24.26315057317709
1976,YEM,23.37150486830121
1976,ZAF,16.980320527094825
1976,ZMB,20.722328980803297
1976,ZWE,19.93082127529572
1977,ABW,26.25721441108423
1977,AGO,22.034030217061424
1977,AIA,26.266381709836423
1977,ALB,14.030435681268813
1977,ARE,27.65423196077765
1977,ARG,17.56369713187735
1977,ARM,5.47596792105141
1977,ATG,26.283373825640112
1977,AUS,16.089893583862153
1977,AUT,7.727802174199884
1977,AZE,11.607539627474692
1977,BDI,20.888685205857445
1977,BEL,9.587094022955071
1977,BEN,27.226266424937005
1977,BFA,28.31995276521231
1977,BGD,25.27008210350371
1977,BGR,10.50687015382366
1977,BHR,25.854610880836844
1977,BHS,25.68874931366493
1977,BIH,9.9245083056465
1977,BLR,5.9257611757057775
1977,BLZ,25.739480848670794
1977,BMU,22.02126670923705
1977,BOL,15.179609471005092
1977,BRA,23.007100803673268
1977,BRB,26.42149730892076
1977,BRN,27.034518261595323
1977,BTN,9.056826148897429
1977,BWA,20.86535409598386
1977,CAF,25.30533754906066
1977,CAN,5.004794164171368
1977,CHE,7.086813233093192
1977,CHL,11.563960141481653
1977,CHN,14.138952520164644
1977,CIV,26.29933703198637
1977,CMR,24.51929328803441
1977,COD,23.8240438011496
1977,COG,24.91146544614822
1977,COL,21.17836231884901
1977,COM,26.64761863742024
1977,CPV,23.55199120100588
1977,CRI,24.22773650787792
1977,CUW,26.25721441108423
1977,CYM,27.18962400996437
1977,CYP,20.221238209089886
1977,CZE,7.904616940998597
1977,DEU,9.064897289538846
1977,DJI,27.906604834081243
1977,DMA,26.47622419684194
1977,DNK,8.093912148209341
1977,DOM,25.317616066969578
1977,DZA,17.065614844563015
1977,ECU,18.678616892408098
1977,EGY,21.35300288710765
1977,ESP,13.774496208203873
1977,EST,4.834149198338237
1977,ETH,19.507317734374663
1977,FIN,2.964100985649512
1977,FJI,26.241107238456607
1977,FRA,10.660533317329168
1977,GAB,25.4348029751557
1977,GBR,9.07634409126109
1977,GEO,7.937438894565156
1977,GHA,26.757594816885547
1977,GIN,25.861510786584
1977,GMB,27.23016606916431
1977,GNB,27.847686592208262
1977,GNQ,24.452784726396203
1977,GRC,14.322044280589068
1977,GRD,26.607734659997124
1977,GTM,21.86533154220527
1977,GUY,26.599275256590943
1977,HKG,14.138952520164644
1977,HND,23.655292013424237
1977,HRV,10.978443145172102
1977,HTI,26.06855535842169
1977,HUN,10.227733730031968
1977,IDN,25.74233776461826
1977,IND,25.51373291345284
1977,IRL,9.412599121749176
1977,IRN,14.812524308642622
1977,IRQ,22.404496589831066
1977,ISL,2.475799487409414
1977,ISR,19.66365239484374
1977,ITA,12.278849673613148
1977,JAM,26.127570721631248
1977,JOR,19.491916905895103
1977,JPN,14.206380909998304
1977,KAZ,5.604580764011779
1977,KEN,20.288675488169854
1977,KGZ,6.169556198409175
1977,KHM,27.20415920620432
1977,KNA,26.283373825640112
1977,KOR,11.951239165957375
1977,KWT,25.57712281060716
1977,LAO,23.91156048421765
1977,LBN,17.836873644962907
1977,LBR,25.696381157796026
1977,LCA,26.468058136519783
1977,LKA,25.96430378242764
1977,LSO,13.66564394714012
1977,LTU,6.175728317926459
1977,LUX,9.362790989379087
1977,LVA,5.67073603005983
1977,MAC,14.138952520164644
1977,MAR,16.788508041595204
1977,MDA,9.883642596096296
1977,MDG,21.28804759302539
1977,MDV,27.90086534743508
1977,MEX,18.148972007305627
1977,MKD,10.633771127574686
1977,MLI,28.24156127726164
1977,MLT,18.92920928789924
1977,MMR,24.795567596551127
1977,MNE,11.841549652032985
1977,MNG,-1.5701974083915728
1977,MOZ,24.16551138614176
1977,MRT,29.178849931257623
1977,MSR,26.44222547876416
1977,MUS,24.92291094114383
1977,MWI,21.6581287820142
1977,MYS,26.786642750053737
1977,NAM,21.720797798491347
1977,NER,28.111666189202825
1977,NGA,26.920868040537066
1977,NIC,25.90979020057835
1977,NLD,9.875227505985553
1977,NOR,3.919952804106
1977,NPL,18.38153318188384
1977,NZL,12.3767977462067
1977,OMN,26.7138808264254
1977,PAK,23.336064440343375
1977,PAN,25.985734348978063
1977,PER,15.183515699815691
1977,PHL,26.267051346549334
1977,POL,8.011807918159835
1977,PRT,14.047639451137972
1977,PRY,23.38589469133196
1977,PSE,19.66365239484374
1977,QAT,26.21159954617421
1977,ROU,9.5407278477625
1977,RUS,3.6304661247900354
1977,RWA,19.20851059360474
1977,SAU,25.98607000859977
1977,SDN,27.57249811678989
1977,SEN,27.800333265211616
1977,SGP,27.221291916444898
1977,SLE,26.627356363936343
1977,SLV,26.59879495800966
1977,SOM,26.4894911120446
1977,SRB,10.473696215966669
1977,SSD,27.57249811678989
1977,STP,26.18014871835476
1977,SUR,26.777781361952226
1977,SVK,7.897698026935351
1977,SVN,9.718188204854505
1977,SWE,5.374248546368731
1977,SWZ,20.401815367862586
1977,SXM,26.283373825640112
1977,SYC,26.81365855038166
1977,SYR,17.106958533030827
1977,TCA,26.403258978389204
1977,TCD,27.780186027068638
1977,TGO,27.19020429421731
1977,THA,26.67843931205263
1977,TJK,11.173719418840596
1977,TKM,15.995204768002052
1977,TTO,26.391313801262488
1977,TUN,18.500825652429093
1977,TUR,11.950725098956331
1977,TWN,14.138952520164644
1977,TZA,22.052644860427414
1977,UGA,22.761260319684336
1977,UKR,7.928078145278596
1977,URY,17.481674128954783
1977,USA,13.358342277521276
1977,UZB,13.7422808322179
1977,VCT,26.607734659997124
1977,VEN,25.275671923590465
1977,VGB,26.355286552764785
1977,VNM,24.52446888677333
1977,YEM,23.80444422868059
1977,ZAF,17.686002517823685
1977,ZMB,21.55312252569278
1977,ZWE,20.56365715691611
1978,ABW,26.46647347634037
1978,AGO,21.747624046374607
1978,AIA,26.44515718271335
1978,ALB,13.227187181041492
1978,ARE,27.232693707447304
1978,ARG,17.200375280922604
1978,ARM,5.858305536928526
1978,ATG,26.489487755888447
1978,AUS,15.86868416040122
1978,AUT,6.59232393342881
1978,AZE,11.592004314951716
1978,BDI,20.83275873155176
1978,BEL,8.906429542619913
1978,BEN,26.97430131126376
1978,BFA,28.457848110655608
1978,BGD,25.236576447324985
1978,BGR,9.69999167440619
1978,BHR,25.572428812583286
1978,BHS,25.8590434929356
1978,BIH,8.671223867651868
1978,BLR,5.074779472321696
1978,BLZ,25.799407326072878
1978,BMU,22.11452767609929
1978,BOL,15.07891733696762
1978,BRA,22.51426664252657
1978,BRB,26.65315756605317
1978,BRN,27.150323706562634
1978,BTN,8.88482051904121
1978,BWA,20.451593225438124
1978,CAF,25.14996246198371
1978,CAN,4.118258008679575
1978,CHE,6.2726403313219965
1978,CHL,11.460337237970576
1978,CHN,14.45320856396576
1978,CIV,26.14110531664828
1978,CMR,24.33220321096609
1978,COD,23.7889206201793
1978,COG,24.76841589240541
1978,COL,20.911167546484773
1978,COM,26.512366693466905
1978,CPV,23.87025543892135
1978,CRI,24.10011473515025
1978,CUW,26.46647347634037
1978,CYM,27.22553999644394
1978,CYP,20.154415809782225
1978,CZE,7.030894978413125
1978,DEU,8.18833506983027
1978,DJI,28.062749711636275
1978,DMA,26.660971749263503
1978,DNK,7.805586554374251
1978,DOM,25.28651843080408
1978,DZA,16.56307613744768
1978,ECU,18.617377837874653
1978,EGY,21.41183163855593
1978,ESP,13.905580441913862
1978,EST,3.877557493189672
1978,ETH,19.50269927563628
1978,FIN,1.9274464956723951
1978,FJI,26.26112402199457
1978,FRA,10.104811670578613
1978,GAB,25.221137253965583
1978,GBR,8.972133060065545
1978,GEO,8.000490666536708
1978,GHA,26.538567808733564
1978,GIN,25.77465851281171
1978,GMB,26.87947138991956
1978,GNB,27.48129116039127
1978,GNQ,24.24708033073693
1978,GRC,13.55491731539916
1978,GRD,26.713336974498816
1978,GTM,21.788841096986417
1978,GUY,26.597100450820463
1978,HKG,14.45320856396576
1978,HND,23.73656869379692
1978,HRV,9.65677139173701
1978,HTI,26.102774414278503
1978,HUN,9.170242604534897
1978,IDN,25.74276293713997
1978,IND,25.22245720616978
1978,IRL,9.44567975648688
1978,IRN,14.90840169881197
1978,IRQ,22.503104039146308
1978,ISL,2.542603557098756
1978,ISR,19.75116101269592
1978,ITA,11.707093843987666
1978,JAM,26.18341622501612
1978,JOR,19.718661413030187
1978,JPN,14.375187462949006
1978,KAZ,5.691473624543292
1978,KEN,20.03279841097403
1978,KGZ,5.930851014119988
1978,KHM,27.33263219944179
1978,KNA,26.489487755888447
1978,KOR,12.489597950195272
1978,KWT,25.375916107247274
1978,LAO,23.944696778302557
1978,LBN,17.904619642533362
1978,LBR,25.604961078535595
1978,LCA,26.67050328074644
1978,LKA,25.972047123626133
1978,LSO,13.164736716442986
1978,LTU,5.417109469347197
1978,LUX,8.373557339111963
1978,LVA,4.910000292010954
1978,MAC,14.45320856396576
1978,MAR,17.138978738091144
1978,MDA,9.004864102603133
1978,MDG,21.343611214272556
1978,MDV,27.608149469519656
1978,MEX,18.12866963990369
1978,MKD,9.55981112603099
1978,MLI,28.229031645732565
1978,MLT,18.4141886215657
1978,MMR,24.898756319209408
1978,MNE,10.999094107293672
1978,MNG,-1.1090821161642752
1978,MOZ,24.003159829690265
1978,MRT,28.75789106638808
1978,MSR,26.652003063509863
1978,MUS,24.66326665195326
1978,MWI,21.37856263276644
1978,MYS,26.857401569654925
1978,NAM,21.442686368986905
1978,NER,28.57402184559051
1978,NGA,26.731904033201936
1978,NIC,25.783315836318025
1978,NLD,9.22103961092356
1978,NOR,3.64593203127753
1978,NPL,18.13101689145541
1978,NZL,13.130132477186288
1978,OMN,26.342570046951465
1978,PAK,23.04695330024792
1978,PAN,25.92405599396217
1978,PER,15.03208098831876
1978,PHL,26.27941776025807
1978,POL,7.059560496978192
1978,PRT,14.160066181483671
1978,PRY,22.93570538628156
1978,PSE,19.75116101269592
1978,QAT,25.93527830745249
1978,ROU,8.571262558791496
1978,RUS,3.079077248795707
1978,RWA,19.190538896188343
1978,SAU,25.80791191356887
1978,SDN,27.87837152511246
1978,SEN,27.49588275188649
1978,SGP,27.37177247556004
1978,SLE,26.50419302495532
1978,SLV,26.388835393946174
1978,SOM,26.673580757466503
1978,SRB,9.310571533678266
1978,SSD,27.87837152511246
1978,STP,25.93705388437957
1978,SUR,26.873796576443965
1978,SVK,6.86179041936637
1978,SVN,8.423737204582679
1978,SWE,4.922100686323375
1978,SWZ,20.05135493477185
1978,SXM,26.489487755888447
1978,SYC,26.80838854393005
1978,SYR,17.40863848255689
1978,TCA,26.494052220562786
1978,TCD,27.763906189316483
1978,TGO,26.93506463095052
1978,THA,26.80626369825376
1978,TJK,10.84423034487105
1978,TKM,15.667969801670662
1978,TTO,26.459713644968968
1978,TUN,17.701935894060178
1978,TUR,12.121707937883135
1978,TWN,14.45320856396576
1978,TZA,21.862073461899605
1978,UGA,22.702706865629068
1978,UKR,7.248711756735536
1978,URY,17.080653333507495
1978,USA,12.696612209957992
1978,UZB,13.380680775964668
1978,VCT,26.713336974498816
1978,VEN,25.300131371547828
1978,VGB,26.5311686033383
1978,VNM,24.656105500595107
1978,YEM,23.7628213874617
1978,ZAF,17.37835218284321
1978,ZMB,21.1013462822582
1978,ZWE,20.13988546134789
1979,ABW,26.61686282930896
1979,AGO,22.056969608549856
1979,AIA,26.355374445207417
1979,ALB,13.907674909384566
1979,ARE,27.476372319316813
1979,ARG,17.066324828334523
1979,ARM,7.017604021310219
1979,ATG,26.49602692760527
1979,AUS,16.289961744248426
1979,AUT,7.190110402705766
1979,AZE,12.578075698160797
1979,BDI,20.94740703145225
1979,BEL,8.681869720051203
1979,BEN,27.2736487625715
1979,BFA,28.409096627677016
1979,BGD,26.048220638438774
1979,BGR,10.37949862271856
1979,BHR,26.188463338961203
1979,BHS,25.67544249243413
1979,BIH,9.72600645458691
1979,BLR,5.821529915783455
1979,BLZ,26.160369777009905
1979,BMU,22.05468891809384
1979,BOL,15.169790489646696
1979,BRA,22.352047880885856
1979,BRB,26.793028973663848
1979,BRN,27.195147185431168
1979,BTN,9.392035727988606
1979,BWA,21.166243488586836
1979,CAF,25.316776246660588
1979,CAN,4.763582303376939
1979,CHE,6.714180756022687
1979,CHL,11.363230285960952
1979,CHN,14.338651536573188
1979,CIV,26.443447849120165
1979,CMR,24.61196404573276
1979,COD,23.956858408484894
1979,COG,25.023676493905125
1979,COL,20.958526244498355
1979,COM,26.57387262241294
1979,CPV,24.15031385794282
1979,CRI,24.083218435749973
1979,CUW,26.61686282930896
1979,CYM,27.056314441763487
1979,CYP,20.31879741884768
1979,CZE,7.455885702271512
1979,DEU,8.123912861424701
1979,DJI,27.904547553039937
1979,DMA,26.75121778001388
1979,DNK,6.922074034543744
1979,DOM,25.06568609059086
1979,DZA,16.793958429632426
1979,ECU,18.80279734290341
1979,EGY,21.924961366303123
1979,ESP,14.04777288082412
1979,EST,4.7830373180941
1979,ETH,19.666212794714184
1979,FIN,3.130239748754175
1979,FJI,26.60074878918628
1979,FRA,10.27371890579338
1979,GAB,25.54768589119854
1979,GBR,8.480808198109237
1979,GEO,9.180473844279502
1979,GHA,26.915080976245417
1979,GIN,26.089298701775306
1979,GMB,27.25727565692623
1979,GNB,27.86097963420569
1979,GNQ,24.61918378372987
1979,GRC,14.094861411582624
1979,GRD,26.83946028483721
1979,GTM,21.83362997038156
1979,GUY,26.73158907120693
1979,HKG,14.338651536573188
1979,HND,23.845111111014145
1979,HRV,10.775828202656813
1979,HTI,25.881218985857576
1979,HUN,10.234633751165658
1979,IDN,25.82327595240965
1979,IND,25.831662568713107
1979,IRL,8.789859810001381
1979,IRN,15.071095321833427
1979,IRQ,23.39687856187304
1979,ISL,1.080021136061862
1979,ISR,20.17549318767209
1979,ITA,12.16139589899686
1979,JAM,25.964716131488483
1979,JOR,20.14864903703702
1979,JPN,14.78357174973955
1979,KAZ,5.34369087836618
1979,KEN,20.17282399266101
1979,KGZ,6.040506980667349
1979,KHM,27.484470144803627
1979,KNA,26.49602692760527
1979,KOR,12.319704578685547
1979,KWT,26.20517921944459
1979,LAO,24.3189445906717
1979,LBN,18.231034689272445
1979,LBR,25.86789831613599
1979,LCA,26.81602796446532
1979,LKA,26.264680888138763
1979,LSO,13.65077001359861
1979,LTU,5.678077383821021
1979,LUX,8.592938194672266
1979,LVA,5.350304461822274
1979,MAC,14.338651536573188
1979,MAR,16.986506715708053
1979,MDA,10.04745330046059
1979,MDG,21.08977768735384
1979,MDV,27.97384219740828
1979,MEX,18.076976403357477
1979,MKD,10.29818897826514
1979,MLI,28.266641376149305
1979,MLT,18.82944175042212
1979,MMR,25.52589549027069
1979,MNE,11.759100607973592
1979,MNG,-0.981975116564541
1979,MOZ,23.9954125758287
1979,MRT,29.287569244766583
1979,MSR,26.70579430926591
1979,MUS,24.638085410464555
1979,MWI,21.386568680585064
1979,MYS,26.898878887631195
1979,NAM,21.99483461363254
1979,NER,28.83714774195613
1979,NGA,27.078143051223982
1979,NIC,25.851894465762104
1979,NLD,8.788431058803672
1979,NOR,3.134855088652692
1979,NPL,18.750793762757063
1979,NZL,13.10936454162412
1979,OMN,26.302368667990613
1979,PAK,23.02858467679741
1979,PAN,26.13565462377833
1979,PER,15.25029429533673
1979,PHL,26.427343364729342
1979,POL,7.255354137697742
1979,PRT,14.169481755607045
1979,PRY,22.28140260795042
1979,PSE,20.17549318767209
1979,QAT,26.452746993318826
1979,ROU,9.564837388760164
1979,RUS,3.668803196905753
1979,RWA,19.308276137043773
1979,SAU,26.378954616120694
1979,SDN,28.33501326321687
1979,SEN,27.930914420439944
1979,SGP,27.39937771755892
1979,SLE,26.876589403752096
1979,SLV,26.52909656667025
1979,SOM,26.564837709652437
1979,SRB,10.278991190846414
1979,SSD,28.33501326321687
1979,STP,26.30591762593637
1979,SUR,27.109922609190843
1979,SVK,7.696212749668759
1979,SVN,9.300901947703617
1979,SWE,4.625674025247495
1979,SWZ,20.288792852312326
1979,SXM,26.49602692760527
1979,SYC,26.77110369303652
1979,SYR,17.748449336197165
1979,TCA,26.203737659884307
1979,TCD,28.15661069332805
1979,TGO,27.211411546743136
1979,THA,27.147184138906237
1979,TJK,10.985415682196995
1979,TKM,16.24035922828748
1979,TTO,26.60821042753135
1979,TUN,18.115904098551184
1979,TUR,12.790909453197813
1979,TWN,14.338651536573188
1979,TZA,21.883474449735782
1979,UGA,22.79840577742435
1979,UKR,8.268000180493074
1979,URY,16.922926687068397
1979,USA,12.74879528664634
1979,UZB,13.76000409338653
1979,VCT,26.83946028483721
1979,VEN,25.360906108061027
1979,VGB,26.435246663944174
1979,VNM,24.868758975910367
1979,YEM,23.867878636693604
1979,ZAF,17.683611443647674
1979,ZMB,21.251834408534197
1979,ZWE,20.46379220399309
1980,ABW,26.632545410345
1980,AGO,22.154214204866964
1980,AIA,26.700444110979635
1980,ALB,13.2513191808931
1980,ARE,27.69260305759192
1980,ARG,17.57930993225552
1980,ARM,6.188861944021849
1980,ATG,26.74879627178113
1980,AUS,16.544925679719647
1980,AUT,6.409714515121066
1980,AZE,11.958219328690111
1980,BDI,20.93950645482539
1980,BEL,8.932802127499265
1980,BEN,27.25784605863841
1980,BFA,28.89656578010465
1980,BGD,25.61908783852217
1980,BGR,9.509492316264316
1980,BHR,25.986852183161925
1980,BHS,25.89766225412798
1980,BIH,8.58202657041358
1980,BLR,4.918647669871246
1980,BLZ,26.34694077423297
1980,BMU,21.782109714423616
1980,BOL,15.332085839276033
1980,BRA,22.767696706581408
1980,BRB,26.887650915731985
1980,BRN,27.288455411170915
1980,BTN,9.319452629847008
1980,BWA,20.49138201196377
1980,CAF,25.396849208753697
1980,CAN,4.445206938832044
1980,CHE,6.095141135732786
1980,CHL,11.490344228757248
1980,CHN,13.880991568753329
1980,CIV,26.352922688749555
1980,CMR,24.562313397456297
1980,COD,23.89649372350638
1980,COG,24.88822040169632
1980,COL,21.166647356962716
1980,COM,26.5360582092156
1980,CPV,24.13155069046964
1980,CRI,24.13306950657975
1980,CUW,26.632545410345
1980,CYM,27.218820492736995
1980,CYP,19.99452081567627
1980,CZE,6.545597749897923
1980,DEU,8.078268275761648
1980,DJI,28.408467123833557
1980,DMA,26.888167136659224
1980,DNK,7.623627794615864
1980,DOM,25.55592575517245
1980,DZA,16.557163759266363
1980,ECU,18.81499994245102
1980,EGY,21.37395338459886
1980,ESP,13.849970288120968
1980,EST,4.476425770186456
1980,ETH,19.986266471238498
1980,FIN,2.7557652019734595
1980,FJI,26.532841614757974
1980,FRA,9.974994899647683
1980,GAB,25.547994757960293
1980,GBR,9.050324603251491
1980,GEO,8.425574774389865
1980,GHA,26.76369930351285
1980,GIN,26.104307468726983
1980,GMB,27.259812150849783
1980,GNB,28.03261444648535
1980,GNQ,24.664217573901016
1980,GRC,13.561568869250053
1980,GRD,26.91496326463918
1980,GTM,21.892030511085224
1980,GUY,26.79497772177574
1980,HKG,13.880991568753329
1980,HND,23.796548051004336
1980,HRV,9.605623748983804
1980,HTI,26.237845967937886
1980,HUN,8.839816499403048
1980,IDN,25.86562319149015
1980,IND,25.8184919832301
1980,IRL,9.364213317301468
1980,IRN,14.90719932729228
1980,IRQ,22.43317283139117
1980,ISL,2.6180644641970683
1980,ISR,19.62378154514313
1980,ITA,11.627962004230056
1980,JAM,26.259734633689124
1980,JOR,19.52607634621288
1980,JPN,13.776415786879442
1980,KAZ,5.3260108685788845
1980,KEN,20.622445621436945
1980,KGZ,6.52784065090932
1980,KHM,27.43943808258867
1980,KNA,26.74879627178113
1980,KOR,11.001539522731672
1980,KWT,25.64790987607557
1980,LAO,24.46245533495734
1980,LBN,17.73332889719556
1980,LBR,25.77373423003502
1980,LCA,26.87714912866553
1980,LKA,26.265891404082524
1980,LSO,13.470678948862956
1980,LTU,5.125745791391481
1980,LUX,8.476125289996466
1980,LVA,4.946498379041617
1980,MAC,13.880991568753329
1980,MAR,17.21029328103831
1980,MDA,8.58994150104015
1980,MDG,21.05308819514577
1980,MDV,27.92719695623964
1980,MEX,18.328975791305258
1980,MKD,9.454141573468362
1980,MLI,28.810948787974866
1980,MLT,18.412076611692708
1980,MMR,25.309312587638267
1980,MNE,10.876314509237265
1980,MNG,-1.9093888872301716
1980,MOZ,23.889171732779957
1980,MRT,29.09179744403401
1980,MSR,26.888116438562676
1980,MUS,24.54213798232377
1980,MWI,21.3854061000066
1980,MYS,26.881571764261
1980,NAM,22.023741000960367
1980,NER,28.91153569884532
1980,NGA,27.01960033855042
1980,NIC,25.825515609839627
1980,NLD,9.330159831389263
1980,NOR,3.70925456650711
1980,NPL,18.645393921403667
1980,NZL,12.733641918616051
1980,OMN,26.50888296986123
1980,PAK,23.405429291475414
1980,PAN,26.0487761072904
1980,PER,15.301732714248782
1980,PHL,26.39151733643089
1980,POL,6.529192462630486
1980,PRT,14.21367888424962
1980,PRY,22.49449451185754
1980,PSE,19.62378154514313
1980,QAT,26.35393660546591
1980,ROU,8.253561431669993
1980,RUS,3.052031102147494
1980,RWA,19.313629532097817
1980,SAU,26.2726479546474
1980,SDN,28.38002284299457
1980,SEN,27.629635548164767
1980,SGP,27.439507531002164
1980,SLE,26.68529575304034
1980,SLV,26.607246402389706
1980,SOM,26.740291982386804
1980,SRB,9.140520438521426
1980,SSD,28.38002284299457
1980,STP,26.2308249809236
1980,SUR,27.066256875110696
1980,SVK,6.391888935669257
1980,SVN,8.434993262799882
1980,SWE,4.833517943013296
1980,SWZ,19.976467613130808
1980,SXM,26.74879627178113
1980,SYC,26.80193737490724
1980,SYR,16.888218493965354
1980,TCA,26.50373810902238
1980,TCD,28.072774413803412
1980,TGO,27.174386730616902
1980,THA,27.1323505210147
1980,TJK,11.345080616487726
1980,TKM,16.076515166054495
1980,TTO,26.544061360880733
1980,TUN,17.59125818154216
1980,TUR,11.935953221695977
1980,TWN,13.880991568753329
1980,TZA,22.18941464299411
1980,UGA,23.080555763164003
1980,UKR,6.906373040773987
1980,URY,17.603977420633342
1980,USA,13.245952144205102
1980,UZB,13.85732274156116
1980,VCT,26.91496326463918
1980,VEN,25.27992040344836
1980,VGB,26.76555331175526
1980,VNM,24.83100726867344
1980,YEM,24.19033053355643
1980,ZAF,17.396914681265887
1980,ZMB,21.286219650064336
1980,ZWE,20.32434844348711
1981,ABW,26.92599286884069
1981,AGO,22.040176738401478
1981,AIA,26.93464623888333
1981,ALB,13.637320782446867
1981,ARE,27.424042261666237
1981,ARG,17.362180399131887
1981,ARM,6.603769370276008
1981,ATG,27.017584857841328
1981,AUS,16.36428639423295
1981,AUT,7.354929000715048
1981,AZE,12.538887987226234
1981,BDI,21.106610917917536
1981,BEL,9.28901049968224
1981,BEN,27.32645610608117
1981,BFA,28.488669983227556
1981,BGD,25.21685059044531
1981,BGR,10.186162465481726
1981,BHR,26.025353137248505
1981,BHS,25.644681355605528
1981,BIH,9.26560298787112
1981,BLR,6.528031604423222
1981,BLZ,25.95042856717993
1981,BMU,21.494387396921717
1981,BOL,15.034330268051692
1981,BRA,22.52636985420953
1981,BRB,27.102782024691503
1981,BRN,27.22018212452531
1981,BTN,9.036509820255294
1981,BWA,20.281341964571617
1981,CAF,24.97390468850308
1981,CAN,5.648494437742798
1981,CHE,6.660503430241217
1981,CHL,11.441881165616095
1981,CHN,14.054212359122529
1981,CIV,26.384299455328257
1981,CMR,24.314961925645388
1981,COD,23.81096670883705
1981,COG,24.671238225111352
1981,COL,20.78824310069333
1981,COM,26.46126752626151
1981,CPV,23.753370443359017
1981,CRI,23.89233637612926
1981,CUW,26.92599286884069
1981,CYM,27.12447171875586
1981,CYP,20.23095147823915
1981,CZE,7.627604675275505
1981,DEU,8.575113105941044
1981,DJI,27.80254820678535
1981,DMA,27.13124433159828
1981,DNK,7.667153151530276
1981,DOM,25.40890268726524
1981,DZA,17.131004742608507
1981,ECU,18.69544165639673
1981,EGY,21.24408714040208
1981,ESP,14.413717488215232
1981,EST,5.215192204714476
1981,ETH,19.57051690000153
1981,FIN,2.981053051139025
1981,FJI,26.55618891244133
1981,FRA,10.597886831956677
1981,GAB,25.25895621299812
1981,GBR,8.873042237495133
1981,GEO,8.983657094096015
1981,GHA,26.83236340907253
1981,GIN,25.933415562479208
1981,GMB,27.20117749712268
1981,GNB,27.773257439952435
1981,GNQ,24.28213315239797
1981,GRC,13.923877710578225
1981,GRD,27.123512763530016
1981,GTM,21.631723574790897
1981,GUY,26.67363521916266
1981,HKG,14.054212359122529
1981,HND,23.42497665941008
1981,HRV,10.646821874871952
1981,HTI,26.12891416325288
1981,HUN,10.10978419607194
1981,IDN,25.773719551185422
1981,IND,25.390887235056617
1981,IRL,9.408014609704628
1981,IRN,15.076940510215357
1981,IRQ,22.58447671654164
1981,ISL,1.5351265879703817
1981,ISR,19.68839171271983
1981,ITA,12.08122604526766
1981,JAM,26.154140665351107
1981,JOR,19.47224464721968
1981,JPN,13.514521278111404
1981,KAZ,6.1188566657917285
1981,KEN,20.294121246271494
1981,KGZ,6.085065540108992
1981,KHM,27.30877526751777
1981,KNA,27.017584857841328
1981,KOR,11.076547317635058
1981,KWT,25.6498822302868
1981,LAO,24.237427340019742
1981,LBN,17.935609260806814
1981,LBR,25.70585356370937
1981,LCA,27.117230348289013
1981,LKA,26.06221462068539
1981,LSO,12.828715285709151
1981,LTU,6.442431416802877
1981,LUX,9.00086423754692
1981,LVA,6.01348806280764
1981,MAC,14.054212359122529
1981,MAR,17.40426915843822
1981,MDA,9.88076059256973
1981,MDG,21.0725727438374
1981,MDV,27.758823981397047
1981,MEX,18.094336548827744
1981,MKD,9.80292233042029
1981,MLI,28.352997604303333
1981,MLT,18.64562449604273
1981,MMR,25.002452173381524
1981,MNE,11.448203415771458
1981,MNG,-1.8549806073690085
1981,MOZ,23.53290133002094
1981,MRT,29.178084611148662
1981,MSR,27.13919649273157
1981,MUS,24.501860067869227
1981,MWI,21.04746991167304
1981,MYS,26.902156821557774
1981,NAM,21.776566905707615
1981,NER,28.580684574818093
1981,NGA,26.97500202561848
1981,NIC,25.38757116280802
1981,NLD,9.474261880148651
1981,NOR,3.452892405495117
1981,NPL,18.287734678160504
1981,NZL,13.315589047132114
1981,OMN,26.40573110833399
1981,PAK,23.32190536263822
1981,PAN,25.953151094345543
1981,PER,14.990289781457912
1981,PHL,26.39512496527045
1981,POL,7.718727631668465
1981,PRT,14.78902142861342
1981,PRY,22.625603951210536
1981,PSE,19.68839171271983
1981,QAT,26.39279102658232
1981,ROU,9.161654392356503
1981,RUS,4.837267106953469
1981,RWA,19.40193240243287
1981,SAU,26.21179586951694
1981,SDN,28.084209735264707
1981,SEN,27.83455091588093
1981,SGP,27.453128937010963
1981,SLE,26.632996286801557
1981,SLV,26.31475396598425
1981,SOM,26.33001361414618
1981,SRB,9.935404339847649
1981,SSD,28.084209735264707
1981,STP,26.238653676584363
1981,SUR,26.97800454207659
1981,SVK,7.613889622990712
1981,SVN,9.28380167293253
1981,SWE,4.963136790189191
1981,SWZ,19.48715581869085
1981,SXM,27.017584857841328
1981,SYC,26.760878934214517
1981,SYR,17.301745194374597
1981,TCA,26.502393408678472
1981,TCD,27.75852852353385
1981,TGO,27.261223749381365
1981,THA,26.67796125552801
1981,TJK,11.057342044455416
1981,TKM,16.60177848564816
1981,TTO,26.74628995855649
1981,TUN,18.264058368740407
1981,TUR,12.514547584597716
1981,TWN,14.054212359122529
1981,TZA,22.113426002895427
1981,UGA,22.917452639754558
1981,UKR,8.76046043150348
1981,URY,17.30434398631272
1981,USA,13.393746371293306
1981,UZB,13.94540706525958
1981,VCT,27.123512763530016
1981,VEN,25.25965461776116
1981,VGB,27.01800627758105
1981,VNM,24.853053389600053
1981,YEM,23.77181979658419
1981,ZAF,16.987868997252964
1981,ZMB,21.20159719715739
1981,ZWE,19.925697764977127
1982,ABW,26.19052999309497
1982,AGO,21.864757009967644
1982,AIA,26.28429928701371
1982,ALB,14.094086872927386
1982,ARE,26.72910490237957
1982,ARG,17.540258372470706
1982,ARM,4.85772220410546
1982,ATG,26.318968353793025
1982,AUS,16.218918243062664
1982,AUT,7.672123633627026
1982,AZE,11.165617145983909
1982,BDI,20.99368853738796
1982,BEL,9.972465942600463
1982,BEN,27.027629107132885
1982,BFA,28.14086648452213
1982,BGD,25.459553989123883
1982,BGR,10.103467453986024
1982,BHR,24.90052235250672
1982,BHS,25.883747907433037
1982,BIH,9.886320225959295
1982,BLR,6.536732871551242
1982,BLZ,26.200682981300695
1982,BMU,21.995813426872093
1982,BOL,15.252763125113674
1982,BRA,22.685003157116256
1982,BRB,26.49619567720219
1982,BRN,27.2354812414075
1982,BTN,9.094221570228711
1982,BWA,21.09165688509457
1982,CAF,25.043838343537693
1982,CAN,4.208363390136477
1982,CHE,7.363532296155923
1982,CHL,11.410929304368384
1982,CHN,14.20766323380109
1982,CIV,26.096649065320843
1982,CMR,24.30796489316126
1982,COD,23.65674240862502
1982,COG,24.512545758320574
1982,COL,21.021869275310685
1982,COM,26.643529595807195
1982,CPV,23.430597469210625
1982,CRI,24.188727265424514
1982,CUW,26.19052999309497
1982,CYM,27.131056296425715
1982,CYP,19.93082752885918
1982,CZE,8.127682953188675
1982,DEU,9.32588370672951
1982,DJI,27.92368759045438
1982,DMA,26.492768479200706
1982,DNK,8.335898874556367
1982,DOM,25.184698045575725
1982,DZA,17.18947197451142
1982,ECU,19.11066574939932
1982,EGY,20.92563790249088
1982,ESP,14.381494049915544
1982,EST,5.513851130428173
1982,ETH,19.65170771753155
1982,FIN,3.5515221245846225
1982,FJI,26.42722121750315
1982,FRA,11.309539383436274
1982,GAB,25.142785423219784
1982,GBR,9.466276145580167
1982,GEO,7.556727180495352
1982,GHA,26.595461108965196
1982,GIN,25.663251277222173
1982,GMB,26.8031274149177
1982,GNB,27.48729108649077
1982,GNQ,24.226003303173155
1982,GRC,13.81951127875017
1982,GRD,26.5217348948742
1982,GTM,21.962826063089707
1982,GUY,26.571314477169345
1982,HKG,14.20766323380109
1982,HND,23.809324626111223
1982,HRV,10.837295848827484
1982,HTI,26.099028364934007
1982,HUN,10.17425471116872
1982,IDN,25.692060834408817
1982,IND,25.43698314035533
1982,IRL,9.651643345604972
1982,IRN,13.78243905146628
1982,IRQ,21.370578377906227
1982,ISL,2.1904175577570806
1982,ISR,19.13661914680661
1982,ITA,12.682105288283838
1982,JAM,26.105413170841835
1982,JOR,18.698232304072363
1982,JPN,14.078809172066745
1982,KAZ,5.92966467847172
1982,KEN,20.38551534685125
1982,KGZ,5.584963924513498
1982,KHM,27.243993851373705
1982,KNA,26.318968353793025
1982,KOR,12.20636289716103
1982,KWT,24.724187090061605
1982,LAO,24.11281682853771
1982,LBN,17.37544963446756
1982,LBR,25.466317307936617
1982,LCA,26.504145582439374
1982,LKA,26.12422168561888
1982,LSO,13.631638608177337
1982,LTU,6.735175347701452
1982,LUX,9.663073847380778
1982,LVA,6.275893842632031
1982,MAC,14.20766323380109
1982,MAR,16.810715699811002
1982,MDA,9.857328082045386
1982,MDG,21.10120256424525
1982,MDV,28.052040967935078
1982,MEX,18.526642776364856
1982,MKD,10.241526878770918
1982,MLI,27.852320289618287
1982,MLT,19.45974187529646
1982,MMR,24.914294771968457
1982,MNE,12.0363026312821
1982,MNG,-0.8716017455448601
1982,MOZ,23.78713436644081
1982,MRT,28.43713211945568
1982,MSR,26.4762352827626
1982,MUS,24.334421562651794
1982,MWI,21.276422651864195
1982,MYS,26.77894275592302
1982,NAM,21.93306689374728
1982,NER,28.736408862133903
1982,NGA,26.908568068478527
1982,NIC,25.811152106975957
1982,NLD,10.188350940826972
1982,NOR,4.500921623863083
1982,NPL,18.326576254569652
1982,NZL,12.618414190854992
1982,OMN,25.893555737922146
1982,PAK,22.624632155513204
1982,PAN,26.12035142101865
1982,PER,15.26379180254736
1982,PHL,26.298394268106176
1982,POL,8.254622480403269
1982,PRT,14.467582738145682
1982,PRY,22.803127416938477
1982,PSE,19.13661914680661
1982,QAT,25.480381301604208
1982,ROU,9.260453585039084
1982,RUS,4.032844859886779
1982,RWA,19.289605457264173
1982,SAU,25.12315110375475
1982,SDN,27.927654757606163
1982,SEN,27.222133547231053
1982,SGP,27.2502196697363
1982,SLE,26.54351138280126
1982,SLV,26.53427964204741
1982,SOM,26.485223963345923
1982,SRB,10.2034190440616
1982,SSD,27.927654757606163
1982,STP,25.91828690312468
1982,SUR,26.93168236939915
1982,SVK,7.950564373615095
1982,SVN,9.623045611998409
1982,SWE,5.872997604856573
1982,SWZ,20.23381153556208
1982,SXM,26.318968353793025
1982,SYC,27.076545989140868
1982,SYR,16.237816603700306
1982,TCA,26.37479653659587
1982,TCD,27.84412792154105
1982,TGO,26.99396063872043
1982,THA,26.688375518105808
1982,TJK,10.12482959502725
1982,TKM,15.091763219576723
1982,TTO,26.27953661228821
1982,TUN,18.6339487329724
1982,TUR,11.4990127297201
1982,TWN,14.20766323380109
1982,TZA,22.170840970477094
1982,UGA,22.72957492087813
1982,UKR,8.118468641488857
1982,URY,17.563503842772594
1982,USA,13.122992262287886
1982,UZB,12.925834638916731
1982,VCT,26.5217348948742
1982,VEN,25.05780946441212
1982,VGB,26.37373742701796
1982,VNM,24.73148107065863
1982,YEM,23.44437029077409
1982,ZAF,17.64104965279076
1982,ZMB,21.421718796508685
1982,ZWE,20.54442028851944
1983,ABW,26.628295949699048
1983,AGO,22.33393139518631
1983,AIA,26.57018077683945
1983,ALB,13.601066384312622
1983,ARE,26.5640084455778
1983,ARG,17.035065846215442
1983,ARM,5.616799695904963
1983,ATG,26.65978067818408
1983,AUS,16.22660003520563
1983,AUT,8.02354841517998
1983,AZE,12.001049154452588
1983,BDI,21.190737466576557
1983,BEL,9.957106682618146
1983,BEN,27.407479993079843
1983,BFA,29.042045509474963
1983,BGD,25.40083306077242
1983,BGR,10.295501950340215
1983,BHR,24.88723238633368
1983,BHS,25.748552258436877
1983,BIH,9.65001618039429
1983,BLR,7.391498998038905
1983,BLZ,26.458893028206774
1983,BMU,22.00260682528217
1983,BOL,15.69335162261229
1983,BRA,22.801210450121683
1983,BRB,26.795085004530847
1983,BRN,27.38674200574557
1983,BTN,8.745122424674499
1983,BWA,21.842558977618676
1983,CAF,25.41121652225566
1983,CAN,5.347213066941221
1983,CHE,7.370660736699991
1983,CHL,11.182400427203634
1983,CHN,14.230789606821078
1983,CIV,26.59764680077889
1983,CMR,24.690081032696824
1983,COD,23.97454589740504
1983,COG,24.91906600203659
1983,COL,21.40546985433936
1983,COM,26.754944772770006
1983,CPV,23.842279472388327
1983,CRI,24.626940931338854
1983,CUW,26.628295949699048
1983,CYM,27.326552789037425
1983,CYP,19.97121150015543
1983,CZE,8.468506706617598
1983,DEU,9.40414419765735
1983,DJI,28.08103990121213
1983,DMA,26.78960506928464
1983,DNK,8.612056312381648
1983,DOM,25.474663222065047
1983,DZA,17.39466438436913
1983,ECU,19.5477979560564
1983,EGY,20.612410320857357
1983,ESP,14.397684231635129
1983,EST,6.236573962028402
1983,ETH,19.852618751507247
1983,FIN,4.003137550688797
1983,FJI,26.174692789713543
1983,FRA,11.067582290690366
1983,GAB,25.5574171866069
1983,GBR,9.574560472651678
1983,GEO,8.151798720718983
1983,GHA,27.083000734076982
1983,GIN,26.147797040207728
1983,GMB,27.709496806308472
1983,GNB,28.228800939985952
1983,GNQ,24.612682801826548
1983,GRC,13.6583197329511
1983,GRD,26.868265909142792
1983,GTM,22.173332656704343
1983,GUY,26.784639747153605
1983,HKG,14.230789606821078
1983,HND,24.248728557271075
1983,HRV,11.078709417276812
1983,HTI,26.374135745069815
1983,HUN,10.66696545304409
1983,IDN,26.00889872726181
1983,IND,25.21462872048972
1983,IRL,9.845584675559998
1983,IRN,14.38079260363766
1983,IRQ,21.653471406829187
1983,ISL,1.7534202619056156
1983,ISR,19.02819220825091
1983,ITA,12.531886553501998
1983,JAM,26.371639672666788
1983,JOR,18.611143777950502
1983,JPN,14.018378181253802
1983,KAZ,7.089026253590435
1983,KEN,20.821539025853088
1983,KGZ,6.234183769968188
1983,KHM,27.60694786316234
1983,KNA,26.65978067818408
1983,KOR,12.08832795018924
1983,KWT,24.856560808916885
1983,LAO,24.259307131174342
1983,LBN,17.379331844703604
1983,LBR,25.81166234584717
1983,LCA,26.795777237353224
1983,LKA,26.58750585272556
1983,LSO,14.207902493660775
1983,LTU,7.545259806240497
1983,LUX,9.689442948748669
1983,LVA,7.087379911716202
1983,MAC,14.230789606821078
1983,MAR,17.57023005185677
1983,MDA,10.492384836161971
1983,MDG,21.34328177863653
1983,MDV,28.30129671593507
1983,MEX,18.158757754790635
1983,MKD,9.677473726506824
1983,MLI,28.68728852796916
1983,MLT,19.055734471728403
1983,MMR,24.95605781465147
1983,MNE,11.588065794293604
1983,MNG,-1.4550422710074389
1983,MOZ,24.51871628931769
1983,MRT,29.781036234352865
1983,MSR,26.79399363324046
1983,MUS,24.261294956008594
1983,MWI,22.08583182950312
1983,MYS,27.18453760345876
1983,NAM,22.30985939720677
1983,NER,28.60247071135344
1983,NGA,27.086597913786893
1983,NIC,26.353017154326587
1983,NLD,10.178104643960966
1983,NOR,4.730919206990136
1983,NPL,18.03613663021548
1983,NZL,12.555205889046642
1983,OMN,25.816825260088105
1983,PAK,22.47001196242549
1983,PAN,26.586650488824848
1983,PER,16.430563799607295
1983,PHL,26.684734737569677
1983,POL,8.813863044234441
1983,PRT,14.46144669542407
1983,PRY,21.907266538914943
1983,PSE,19.02819220825091
1983,QAT,25.40840652616074
1983,ROU,9.661088004792992
1983,RUS,4.96369024083602
1983,RWA,19.47680987200378
1983,SAU,25.32304997552484
1983,SDN,27.946521636363403
1983,SEN,28.27917399389709
1983,SGP,27.673300099869568
1983,SLE,26.84796449132821
1983,SLV,27.02610042876612
1983,SOM,26.82612562116377
1983,SRB,10.239044805794665
1983,SSD,27.946521636363403
1983,STP,26.300236132151134
1983,SUR,27.19213547755263
1983,SVK,8.392073684906336
1983,SVN,9.740873933864084
1983,SWE,6.301229647962405
1983,SWZ,20.83138242115577
1983,SXM,26.65978067818408
1983,SYC,27.245507702231407
1983,SYR,16.403578453371757
1983,TCA,26.53018594905734
1983,TCD,28.019268617009946
1983,TGO,27.395246714564443
1983,THA,26.99232218116057
1983,TJK,11.13704540133988
1983,TKM,16.84518555446104
1983,TTO,26.57489607397777
1983,TUN,18.345438706189636
1983,TUR,11.569944096925765
1983,TWN,14.230789606821078
1983,TZA,22.55090949897184
1983,UGA,23.10371840226512
1983,UKR,8.960417812219124
1983,URY,16.954712797832574
1983,USA,13.253890229018364
1983,UZB,14.260754406496757
1983,VCT,26.868265909142792
1983,VEN,25.56037461646005
1983,VGB,26.657332036023337
1983,VNM,24.648737085606957
1983,YEM,23.765612398132976
1983,ZAF,18.19472396362575
1983,ZMB,22.223960411676924
1983,ZWE,21.4820885871767
1984,ABW,26.219113158682983
1984,AGO,22.426582325116343
1984,AIA,26.1524518293639
1984,ALB,13.611612188325276
1984,ARE,26.75489442432805
1984,ARG,16.778868224119496
1984,ARM,5.904285172540329
1984,ATG,26.2017267588526
1984,AUS,15.601945399904093
1984,AUT,6.89601889170207
1984,AZE,11.510076832116418
1984,BDI,20.65190012141589
1984,BEL,9.345120334265212
1984,BEN,27.40066028523044
1984,BFA,28.95463098858516
1984,BGD,25.325860405090523
1984,BGR,10.144151915979776
1984,BHR,25.347831359754007
1984,BHS,25.609413901654374
1984,BIH,9.07092574591812
1984,BLR,6.189953113115379
1984,BLZ,25.78214989276839
1984,BMU,21.76348128092165
1984,BOL,15.185961459339262
1984,BRA,22.97048191428597
1984,BRB,26.3016977213944
1984,BRN,27.027456079415668
1984,BTN,9.239472614898
1984,BWA,21.373466568910302
1984,CAF,24.98926584295308
1984,CAN,5.03340380536726
1984,CHE,6.373340011349536
1984,CHL,10.83410596107604
1984,CHN,13.5287309267161
1984,CIV,26.45311088464782
1984,CMR,24.48550282074999
1984,COD,23.767815638813723
1984,COG,25.009860632252984
1984,COL,20.510442366026936
1984,COM,26.000224790846307
1984,CPV,23.38765279618868
1984,CRI,23.88967096464718
1984,CUW,26.219113158682983
1984,CYM,26.99328486579664
1984,CYP,19.93924398627132
1984,CZE,7.341978268296616
1984,DEU,8.418444413595566
1984,DJI,27.569321687221358
1984,DMA,26.28338419785723
1984,DNK,8.154250126395421
1984,DOM,24.98409309445368
1984,DZA,16.516687671474916
1984,ECU,18.44158415361341
1984,EGY,21.199015014817466
1984,ESP,13.565481897707846
1984,EST,5.821574463147657
1984,ETH,19.585651476076528
1984,FIN,4.180942140092626
1984,FJI,26.66881321867307
1984,FRA,10.407579566126865
1984,GAB,25.65588254917564
1984,GBR,9.367059869724311
1984,GEO,8.122537291185383
1984,GHA,27.054440813319456
1984,GIN,25.87607221510044
1984,GMB,27.0578031229065
1984,GNB,27.68350202055588
1984,GNQ,24.48658521473408
1984,GRC,13.855562559471576
1984,GRD,26.307715615878504
1984,GTM,21.474944233937432
1984,GUY,26.234331801195665
1984,HKG,13.5287309267161
1984,HND,23.43261965628148
1984,HRV,10.158467463678877
1984,HTI,25.85017539141938
1984,HUN,9.81574640355451
1984,IDN,25.49524279126397
1984,IND,25.392747989770974
1984,IRL,9.615063428346044
1984,IRN,14.20387460568783
1984,IRQ,21.97133597111323
1984,ISL,2.4906189965736893
1984,ISR,19.42967095459541
1984,ITA,11.779555497370476
1984,JAM,25.935385958446812
1984,JOR,19.14817343189457
1984,JPN,13.486141253743757
1984,KAZ,4.138274730382772
1984,KEN,20.30828025954133
1984,KGZ,4.913772564061388
1984,KHM,27.24927965609712
1984,KNA,26.2017267588526
1984,KOR,11.50879511473376
1984,KWT,25.08796802908182
1984,LAO,24.014617285758987
1984,LBN,17.610345777124166
1984,LBR,25.66196082285773
1984,LCA,26.28511495590889
1984,LKA,25.805132043216293
1984,LSO,13.72349595119688
1984,LTU,6.63801062024305
1984,LUX,8.842750703295073
1984,LVA,6.400376170655469
1984,MAC,13.5287309267161
1984,MAR,16.8613939169294
1984,MDA,9.603615365592963
1984,MDG,20.77798196258284
1984,MDV,27.711267792445145
1984,MEX,17.920499219973678
1984,MKD,9.937831700816616
1984,MLI,28.477530124703776
1984,MLT,18.550252010269716
1984,MMR,24.88576912407401
1984,MNE,11.409215015751712
1984,MNG,-2.663903384834218
1984,MOZ,23.89150405242445
1984,MRT,28.8563943671205
1984,MSR,26.285941393114623
1984,MUS,23.959161337154608
1984,MWI,21.392779554379544
1984,MYS,26.53574721776114
1984,NAM,22.40912646838976
1984,NER,29.017075158354373
1984,NGA,27.134814741804348
1984,NIC,25.555468797330317
1984,NLD,9.553079088462358
1984,NOR,4.67255169239373
1984,NPL,18.528427277610923
1984,NZL,13.154067797109157
1984,OMN,25.712955745650543
1984,PAK,22.973387478348435
1984,PAN,25.86310451009028
1984,PER,15.03263273697114
1984,PHL,26.30231331680216
1984,POL,7.70669463755639
1984,PRT,14.050043943274993
1984,PRY,22.62133584126067
1984,PSE,19.42967095459541
1984,QAT,25.79229682994385
1984,ROU,9.189988407416736
1984,RUS,3.420825326125409
1984,RWA,18.994446879646603
1984,SAU,25.374693468709108
1984,SDN,28.54104278691277
1984,SEN,27.582814960207685
1984,SGP,27.00329763938983
1984,SLE,26.69134188593327
1984,SLV,26.191679807631
1984,SOM,26.191368397133992
1984,SRB,9.744355065363896
1984,SSD,28.54104278691277
1984,STP,26.84966808992128
1984,SUR,26.53430590034961
1984,SVK,7.398044298771108
1984,SVN,8.824024071742995
1984,SWE,6.116161867896801
1984,SWZ,19.789341277132436
1984,SXM,26.2017267588526
1984,SYC,26.40521387802437
1984,SYR,16.80108776968188
1984,TCA,26.24947125387068
1984,TCD,28.253664185480307
1984,TGO,27.4109109496866
1984,THA,26.601810144123625
1984,TJK,9.947835284295005
1984,TKM,15.036958426197856
1984,TTO,26.09368024021387
1984,TUN,17.78662312380502
1984,TUR,11.990053986982357
1984,TWN,13.5287309267161
1984,TZA,21.932928753836347
1984,UGA,22.72829847152112
1984,UKR,7.934216887137767
1984,URY,16.78371783199882
1984,USA,13.401072968950569
1984,UZB,12.393118914958606
1984,VCT,26.307715615878504
1984,VEN,25.105373380753715
1984,VGB,26.218391683495916
1984,VNM,24.395610707480905
1984,YEM,23.63036193853357
1984,ZAF,17.6705890646191
1984,ZMB,21.6532689568572
1984,ZWE,20.789577894895583
1985,ABW,26.2521515012874
1985,AGO,22.118161703367957
1985,AIA,26.08859342181434
1985,ALB,14.01738694698165
1985,ARE,27.07988706040512
1985,ARG,17.5715527291149
1985,ARM,5.910559412026754
1985,ATG,26.10754068785657
1985,AUS,15.95203598688988
1985,AUT,6.623699133740184
1985,AZE,11.716629709367066
1985,BDI,21.018551366083425
1985,BEL,8.437269549363222
1985,BEN,27.21798588966709
1985,BFA,28.559773551571723
1985,BGD,25.70550859436553
1985,BGR,9.824121254943414
1985,BHR,25.587563703923177
1985,BHS,25.820753856096417
1985,BIH,9.12925454286827
1985,BLR,4.585142855084768
1985,BLZ,25.87365969138428
1985,BMU,22.10544236066441
1985,BOL,15.336344938817492
1985,BRA,22.58647746083976
1985,BRB,26.257183455551665
1985,BRN,27.31536819692701
1985,BTN,9.446696288399409
1985,BWA,21.13780869047756
1985,CAF,24.98146182775692
1985,CAN,4.326102338784572
1985,CHE,6.3381237925165
1985,CHL,11.463721844468347
1985,CHN,13.742439433097244
1985,CIV,26.1275654005675
1985,CMR,24.376056232304883
1985,COD,23.68090839809801
1985,COG,24.7328187688575
1985,COL,20.764549709632668
1985,COM,26.235674439774204
1985,CPV,23.402222734875977
1985,CRI,23.855678065116013
1985,CUW,26.2521515012874
1985,CYM,26.917498383224785
1985,CYP,20.20406948402524
1985,CZE,6.718662052580019
1985,DEU,7.829210913901355
1985,DJI,27.54534724449695
1985,DMA,26.21492961763094
1985,DNK,7.046772429007125
1985,DOM,25.02626016798749
1985,DZA,17.261705113267904
1985,ECU,18.299193448644708
1985,EGY,21.554564218006227
1985,ESP,14.37146441448333
1985,EST,3.6974015017794746
1985,ETH,19.265972948356065
1985,FIN,1.3944842771221837
1985,FJI,26.554086238456268
1985,FRA,10.026651240785949
1985,GAB,25.328154301382213
1985,GBR,8.579214455032456
1985,GEO,8.134439393095107
1985,GHA,26.67645178826173
1985,GIN,25.844849367063382
1985,GMB,26.917858724837696
1985,GNB,27.787801584545047
1985,GNQ,24.20757113366077
1985,GRC,14.136094477467145
1985,GRD,26.325491987013567
1985,GTM,21.546585534080613
1985,GUY,26.25131457786193
1985,HKG,13.742439433097244
1985,HND,23.50317639056405
1985,HRV,9.880311098226258
1985,HTI,25.82382066588621
1985,HUN,9.047433597921328
1985,IDN,25.71494463132093
1985,IND,25.7378367633074
1985,IRL,8.984878529130619
1985,IRN,14.739890199197015
1985,IRQ,22.24756569450921
1985,ISL,2.470237494224223
1985,ISR,19.899668946096675
1985,ITA,12.316654087188011
1985,JAM,25.833112367855698
1985,JOR,19.729092540211568
1985,JPN,14.144128570850317
1985,KAZ,4.923829481208299
1985,KEN,20.27241287863371
1985,KGZ,5.748752450625297
1985,KHM,27.293101765710336
1985,KNA,26.10754068785657
1985,KOR,11.858156618958017
1985,KWT,25.327454803511497
1985,LAO,24.14307710013
1985,LBN,18.073267647375665
1985,LBR,25.49186243353677
1985,LCA,26.25768405474567
1985,LKA,26.00721250693624
1985,LSO,13.927120664188717
1985,LTU,4.88390160810331
1985,LUX,8.242157144782444
1985,LVA,4.433451934738419
1985,MAC,13.742439433097244
1985,MAR,17.449694352007434
1985,MDA,8.195185550447418
1985,MDG,20.89553374780897
1985,MDV,27.6420621133099
1985,MEX,17.986963665445327
1985,MKD,10.03311377513589
1985,MLI,28.31734460894427
1985,MLT,19.10079990595113
1985,MMR,24.86221343441798
1985,MNE,11.679094753488014
1985,MNG,-2.432906333296219
1985,MOZ,23.78993505820347
1985,MRT,28.74125617590802
1985,MSR,26.22302659663061
1985,MUS,24.20337984994209
1985,MWI,21.085916891488512
1985,MYS,26.768000099220867
1985,NAM,21.869700600235845
1985,NER,28.77337964136434
1985,NGA,27.0171279422969
1985,NIC,25.435819284655583
1985,NLD,8.673876077289107
1985,NOR,3.069106212577668
1985,NPL,18.82520911416092
1985,NZL,13.226792739189593
1985,OMN,25.93286913019704
1985,PAK,23.539430317569465
1985,PAN,25.771638286692514
1985,PER,14.84603549243019
1985,PHL,26.44071908265744
1985,POL,6.636516616471182
1985,PRT,14.54711790412717
1985,PRY,22.94715835694677
1985,PSE,19.899668946096675
1985,QAT,25.96170027266877
1985,ROU,8.120513413477108
1985,RUS,2.8460915536157607
1985,RWA,19.22430553374397
1985,SAU,25.600402984907337
1985,SDN,28.15113720924816
1985,SEN,27.369357407884934
1985,SGP,27.322997430029016
1985,SLE,26.616023375795137
1985,SLV,26.268320059722583
1985,SOM,26.23206105588181
1985,SRB,9.390937374064864
1985,SSD,28.15113720924816
1985,STP,26.54020546376705
1985,SUR,26.557954036317057
1985,SVK,6.639498188350002
1985,SVN,8.702561385245126
1985,SWE,3.8528106596361114
1985,SWZ,20.56721071402232
1985,SXM,26.10754068785657
1985,SYC,26.48499999816219
1985,SYR,17.244340146266108
1985,TCA,26.21129595985015
1985,TCD,27.99344129157227
1985,TGO,27.127704356436837
1985,THA,26.81105313401313
1985,TJK,10.959314206064928
1985,TKM,16.18111183353275
1985,TTO,26.14198624016717
1985,TUN,18.425897597698214
1985,TUR,12.043323114714124
1985,TWN,13.742439433097244
1985,TZA,22.013356210371867
1985,UGA,22.682352467996065
1985,UKR,6.580401225505366
1985,URY,17.503069600409898
1985,USA,13.192132553996954
1985,UZB,13.595524944515727
1985,VCT,26.325491987013567
1985,VEN,24.68415927430857
1985,VGB,26.145617650821805
1985,VNM,24.52084061794477
1985,YEM,23.36953442603916
1985,ZAF,17.913303071307713
1985,ZMB,21.173092900813806
1985,ZWE,20.202612391038723
1986,ABW,26.137571828401025
1986,AGO,22.095091989684345
1986,AIA,26.192891912845276
1986,ALB,13.98652129329045
1986,ARE,27.270209925736168
1986,ARG,17.637620018254108
1986,ARM,6.161690075090253
1986,ATG,26.19529545524468
1986,AUS,15.786010353935165
1986,AUT,7.089164135218628
1986,AZE,12.048286007054667
1986,BDI,20.82314910997932
1986,BEL,8.877953283293136
1986,BEN,27.138252555796115
1986,BFA,28.42298670706963
1986,BGD,25.5999881601908
1986,BGR,10.120740803857142
1986,BHR,25.95441314267616
1986,BHS,25.848963255994025
1986,BIH,9.373680122347611
1986,BLR,5.891244286498668
1986,BLZ,25.80481640064197
1986,BMU,22.2377028722852
1986,BOL,15.12797751830272
1986,BRA,22.82572199416005
1986,BRB,26.3738221252958
1986,BRN,27.2200160548479
1986,BTN,9.049350653689649
1986,BWA,21.05163543186615
1986,CAF,25.245079422484707
1986,CAN,5.023773747700835
1986,CHE,6.657105028617934
1986,CHL,11.45312613860596
1986,CHN,13.985929167461412
1986,CIV,26.180980831984694
1986,CMR,24.424714902779503
1986,COD,23.676534833255165
1986,COG,24.773955045209306
1986,COL,20.806886249475017
1986,COM,26.43550805499156
1986,CPV,23.18515057791956
1986,CRI,24.07065517481333
1986,CUW,26.137571828401025
1986,CYM,26.87975618150085
1986,CYP,20.302301613924403
1986,CZE,7.402265635336756
1986,DEU,8.31257747985486
1986,DJI,27.64550400970146
1986,DMA,26.340685267622277
1986,DNK,7.457754347515851
1986,DOM,25.15241971690684
1986,DZA,16.998349517731064
1986,ECU,18.57354020383877
1986,EGY,21.43627659913728
1986,ESP,14.045387975775164
1986,EST,5.007699983224288
1986,ETH,19.563663795512905
1986,FIN,2.9387853232090184
1986,FJI,26.244746083665326
1986,FRA,10.292113464538025
1986,GAB,25.3662325620086
1986,GBR,8.416449046569548
1986,GEO,8.470878758071098
1986,GHA,26.63839977345919
1986,GIN,25.713271324762285
1986,GMB,27.03006185843184
1986,GNB,27.82624921901068
1986,GNQ,24.368654513498768
1986,GRC,14.022309039440618
1986,GRD,26.44601737490545
1986,GTM,21.62007870809834
1986,GUY,26.446084024844943
1986,HKG,13.985929167461412
1986,HND,23.51113107921238
1986,HRV,10.198119738769648
1986,HTI,25.93582066287492
1986,HUN,9.780113391459452
1986,IDN,25.647980541555174
1986,IND,25.56418530172152
1986,IRL,8.64516681796125
1986,IRN,14.336632072167111
1986,IRQ,22.38839536085088
1986,ISL,2.2037599591086376
1986,ISR,19.69896950815826
1986,ITA,12.419691883927788
1986,JAM,25.871949761174616
1986,JOR,19.40863692697055
1986,JPN,13.599218060298387
1986,KAZ,5.17331112726105
1986,KEN,20.47687809296608
1986,KGZ,5.7411666543534094
1986,KHM,27.15587722248648
1986,KNA,26.19529545524468
1986,KOR,11.330471139577757
1986,KWT,25.532118228574596
1986,LAO,23.99911483157524
1986,LBN,17.94677343731746
1986,LBR,25.42330504231481
1986,LCA,26.39900940998147
1986,LKA,26.1044309904621
1986,LSO,13.811510054799188
1986,LTU,5.999291403661427
1986,LUX,8.691486384409169
1986,LVA,5.717900843373887
1986,MAC,13.985929167461412
1986,MAR,16.87259496164286
1986,MDA,9.61058692687054
1986,MDG,20.808975875541144
1986,MDV,27.73057051266854
1986,MEX,18.124375671323435
1986,MKD,10.176310630528633
1986,MLI,28.071836793215017
1986,MLT,19.197543705658365
1986,MMR,24.98637358057288
1986,MNE,11.991075356347515
1986,MNG,-1.556644330971095
1986,MOZ,23.856241551775582
1986,MRT,28.377711476690184
1986,MSR,26.337087428818148
1986,MUS,24.25953501660842
1986,MWI,21.202017654127204
1986,MYS,26.81572300974648
1986,NAM,21.97379290783733
1986,NER,29.0034060747585
1986,NGA,27.038178914907903
1986,NIC,25.63311948230657
1986,NLD,9.09856690474894
1986,NOR,3.655884334470227
1986,NPL,18.279053284723275
1986,NZL,13.164469296050926
1986,OMN,26.13014299400351
1986,PAK,22.740677698632275
1986,PAN,25.923321443410632
1986,PER,14.96340192770144
1986,PHL,26.33516290905593
1986,POL,7.402695281474494
1986,PRT,14.067306409690064
1986,PRY,22.9975851501245
1986,PSE,19.69896950815826
1986,QAT,26.281727361182373
1986,ROU,9.112911337561442
1986,RUS,3.4468746762492257
1986,RWA,19.201051985309093
1986,SAU,25.754816527570487
1986,SDN,27.98150205269201
1986,SEN,27.41696582706557
1986,SGP,27.355262573226355
1986,SLE,26.32111188220884
1986,SLV,26.40804166337165
1986,SOM,26.40893738491465
1986,SRB,9.900817755655028
1986,SSD,27.98150205269201
1986,STP,26.20245143507297
1986,SUR,26.765545163182573
1986,SVK,7.421177997467692
1986,SVN,8.907043844465562
1986,SWE,5.049113830610057
1986,SWZ,20.4687335031728
1986,SXM,26.19529545524468
1986,SYC,26.622772109073896
1986,SYR,17.29887910598824
1986,TCA,26.239722219140575
1986,TCD,28.20745300802309
1986,TGO,27.0529816585374
1986,THA,26.6500399403962
1986,TJK,10.7494906750731
1986,TKM,16.105101800302922
1986,TTO,26.22672250366304
1986,TUN,18.32950567896026
1986,TUR,12.234658817262485
1986,TWN,13.985929167461412
1986,TZA,22.03195954378425
1986,UGA,22.84497836191063
1986,UKR,8.010982182096283
1986,URY,17.529252515133305
1986,USA,13.811755555551516
1986,UZB,13.67935949674003
1986,VCT,26.44601737490545
1986,VEN,24.82450918747939
1986,VGB,26.25980115806063
1986,VNM,24.593423703861077
1986,YEM,23.456339929045345
1986,ZAF,17.823802112859624
1986,ZMB,21.15007336872109
1986,ZWE,20.27384380360787
1987,ABW,26.876488807300728
1987,AGO,22.64589307482374
1987,AIA,26.895451962947845
1987,ALB,13.946504098246937
1987,ARE,27.50593128346454
1987,ARG,17.269058999338345
1987,ARM,6.023276689916743
1987,ATG,26.9388778458039
1987,AUS,16.02573868197228
1987,AUT,6.880851704415738
1987,AZE,11.668133168021576
1987,BDI,21.29384759778202
1987,BEL,8.72613235520322
1987,BEN,27.970261095947432
1987,BFA,29.343621477664897
1987,BGD,25.93530378007782
1987,BGR,9.831616975547732
1987,BHR,26.044880976279572
1987,BHS,26.019678061828017
1987,BIH,9.484076424536248
1987,BLR,4.246844068178831
1987,BLZ,26.08412398593838
1987,BMU,22.12651463132352
1987,BOL,15.638838192547905
1987,BRA,23.03139666016852
1987,BRB,26.95692520774901
1987,BRN,27.47373616447051
1987,BTN,9.313811418187427
1987,BWA,21.76525885784621
1987,CAF,25.671179235071293
1987,CAN,5.99481407155426
1987,CHE,6.64211472119895
1987,CHL,11.62157666314992
1987,CHN,14.377012882705383
1987,CIV,27.04610663503617
1987,CMR,25.028419568876533
1987,COD,24.18309795633896
1987,COG,25.2730288514655
1987,COL,21.43057041573224
1987,COM,26.777132793640096
1987,CPV,24.30729984864593
1987,CRI,24.75914193230764
1987,CUW,26.876488807300728
1987,CYM,27.29122842925911
1987,CYP,19.779852831115324
1987,CZE,6.815901728400609
1987,DEU,7.87949113136358
1987,DJI,28.204951019818864
1987,DMA,27.049012314838667
1987,DNK,7.0934032398667
1987,DOM,25.578899496482027
1987,DZA,17.769208849832808
1987,ECU,19.359164089851895
1987,EGY,21.18158875489535
1987,ESP,14.6436295655959
1987,EST,3.4552633510562005
1987,ETH,20.057010831835186
1987,FIN,1.5030523871915484
1987,FJI,26.03037848851333
1987,FRA,10.307841747268643
1987,GAB,25.879986053051123
1987,GBR,8.782571185550879
1987,GEO,7.947600905230564
1987,GHA,27.491062889723278
1987,GIN,26.36298648614018
1987,GMB,27.656632337932248
1987,GNB,28.257647241552544
1987,GNQ,24.915699472030003
1987,GRC,13.866781667742714
1987,GRD,27.04088482633233
1987,GTM,22.066098587446604
1987,GUY,27.106607426898425
1987,HKG,14.377012882705383
1987,HND,23.87243419384512
1987,HRV,10.28388775017904
1987,HTI,26.40713187674248
1987,HUN,9.411890050106464
1987,IDN,26.047454159526747
1987,IND,26.076729026607257
1987,IRL,9.299073625926027
1987,IRN,15.072951516302568
1987,IRQ,22.63591048373244
1987,ISL,3.4839834702498083
1987,ISR,19.57868245993982
1987,ITA,12.462382771439309
1987,JAM,26.459503890325625
1987,JOR,19.461384715136067
1987,JPN,14.46259536154458
1987,KAZ,5.114825669774075
1987,KEN,21.01293444136745
1987,KGZ,5.8035055404939
1987,KHM,27.80822058624341
1987,KNA,26.9388778458039
1987,KOR,12.02623576048339
1987,KWT,26.056840221523696
1987,LAO,24.62189795656707
1987,LBN,17.7008526896437
1987,LBR,26.299987285861608
1987,LCA,26.98908005778988
1987,LKA,26.58272984777207
1987,LSO,14.02896577671609
1987,LTU,4.573670928947613
1987,LUX,8.466268783590445
1987,LVA,4.22730295947922
1987,MAC,14.377012882705383
1987,MAR,17.799662039173388
1987,MDA,8.470676077219617
1987,MDG,21.556306062318644
1987,MDV,28.29523236358849
1987,MEX,18.025320905336
1987,MKD,10.231167255668955
1987,MLI,29.25461024871312
1987,MLT,19.048983956376716
1987,MMR,25.235334011764746
1987,MNE,11.8030022752332
1987,MNG,-1.768792605968807
1987,MOZ,24.521584083717336
1987,MRT,30.003693547235013
1987,MSR,27.06518255888174
1987,MUS,24.980712436139584
1987,MWI,22.03381422167508
1987,MYS,27.102531204877003
1987,NAM,22.776697259958148
1987,NER,29.518824362547885
1987,NGA,27.70803721194213
1987,NIC,26.417627234732286
1987,NLD,8.989190482612397
1987,NOR,3.313890799705744
1987,NPL,18.8319918139133
1987,NZL,13.121217369089075
1987,OMN,26.526623850150703
1987,PAK,23.532406244591208
1987,PAN,26.481462191719256
1987,PER,15.914818758633457
1987,PHL,26.754085190497307
1987,POL,6.525860856501128
1987,PRT,15.013492597801982
1987,PRY,22.075887712689063
1987,PSE,19.57868245993982
1987,QAT,26.481098585451644
1987,ROU,8.683213501484898
1987,RUS,2.353643282491289
1987,RWA,19.6522599500357
1987,SAU,26.349443976823757
1987,SDN,28.53293384465764
1987,SEN,28.27432362455119
1987,SGP,27.589498594403267
1987,SLE,27.08127428912668
1987,SLV,26.941932764000512
1987,SOM,26.79676048787201
1987,SRB,9.936782785772198
1987,SSD,28.53293384465764
1987,STP,26.81634577363729
1987,SUR,27.44662105789025
1987,SVK,6.948930874611583
1987,SVN,8.972143636656039
1987,SWE,4.156792348663868
1987,SWZ,20.594411697238684
1987,SXM,26.9388778458039
1987,SYC,27.02886590761288
1987,SYR,16.936660480374726
1987,TCA,26.740347179273765
1987,TCD,28.573058831678708
1987,TGO,27.901740442060504
1987,THA,27.170122710262007
1987,TJK,10.975365685613044
1987,TKM,16.1816739997256
1987,TTO,26.85339485481381
1987,TUN,18.735184422284394
1987,TUR,11.592998957335466
1987,TWN,14.377012882705383
1987,TZA,22.460091731035725
1987,UGA,23.3207795451136
1987,UKR,6.104549975360987
1987,URY,17.087026296984682
1987,USA,13.79190062351618
1987,UZB,13.58309320873845
1987,VCT,27.04088482633233
1987,VEN,25.67496601675201
1987,VGB,26.967586167156696
1987,VNM,25.34765204633693
1987,YEM,23.970379285991047
1987,ZAF,17.96821090601321
1987,ZMB,22.192906795007897
1987,ZWE,21.402478617752816
1988,ABW,26.771045586288285
1988,AGO,22.377983681284263
1988,AIA,26.635621807732
1988,ALB,14.001119149244332
1988,ARE,27.44637236775582
1988,ARG,16.847033230219875
1988,ARM,5.465643347320874
1988,ATG,26.70837481754522
1988,AUS,16.65111990068365
1988,AUT,7.854541541720409
1988,AZE,11.789856588100651
1988,BDI,20.961061741939897
1988,BEL,10.07189845370668
1988,BEN,27.473409597854832
1988,BFA,28.579118941649547
1988,BGD,25.959059484814983
1988,BGR,10.230192971096924
1988,BHR,25.984556059973936
1988,BHS,25.77526864999284
1988,BIH,9.804026605306236
1988,BLR,6.350326142171036
1988,BLZ,26.08365897909395
1988,BMU,22.211857841350135
1988,BOL,15.477732232395786
1988,BRA,22.64990591569977
1988,BRB,26.904255238827314
1988,BRN,27.48816995757322
1988,BTN,9.777429108781996
1988,BWA,20.615248589468173
1988,CAF,25.30505585724642
1988,CAN,5.3462265604581685
1988,CHE,7.5009443316094435
1988,CHL,11.104370850468133
1988,CHN,14.171124941369191
1988,CIV,26.580493315600933
1988,CMR,24.64634423255421
1988,COD,23.98787320624903
1988,COG,25.02420810343652
1988,COL,20.84852375487676
1988,COM,26.814580507576466
1988,CPV,23.87530755841484
1988,CRI,24.130368162827683
1988,CUW,26.771045586288285
1988,CYM,27.197030677770574
1988,CYP,20.103429705215
1988,CZE,8.172911811081383
1988,DEU,9.4648012100517
1988,DJI,28.273761601714263
1988,DMA,26.84496998180354
1988,DNK,8.739679867154619
1988,DOM,25.38695288079195
1988,DZA,17.54847516902192
1988,ECU,18.70982165424701
1988,EGY,21.63854563299088
1988,ESP,14.35290174639432
1988,EST,5.803490901272931
1988,ETH,19.8715912443
1988,FIN,3.895243240278384
1988,FJI,26.83803138633569
1988,FRA,11.173567453090584
1988,GAB,25.75879900757964
1988,GBR,9.421005402628197
1988,GEO,7.852358323562445
1988,GHA,27.03619428200624
1988,GIN,26.084301188281103
1988,GMB,27.313838206955836
1988,GNB,28.081081438938437
1988,GNQ,24.69144424547752
1988,GRC,14.061531356800067
1988,GRD,26.95462281202587
1988,GTM,21.959097611784006
1988,GUY,26.7153270259412
1988,HKG,14.171124941369191
1988,HND,23.87123516457276
1988,HRV,10.987540680947475
1988,HTI,26.240379141482077
1988,HUN,10.19607265868273
1988,IDN,25.9182218692776
1988,IND,25.970551802198177
1988,IRL,9.67575453281048
1988,IRN,14.972718789921029
1988,IRQ,22.041955214484336
1988,ISL,2.1826476711876697
1988,ISR,19.770083706155923
1988,ITA,12.865198335573218
1988,JAM,26.310788224761684
1988,JOR,19.541346722438767
1988,JPN,13.865183276229972
1988,KAZ,5.852165800233411
1988,KEN,20.58394615036393
1988,KGZ,6.332489528066516
1988,KHM,27.519748774993115
1988,KNA,26.70837481754522
1988,KOR,12.032444128015856
1988,KWT,25.443317661061887
1988,LAO,24.349279508571783
1988,LBN,17.852089229350288
1988,LBR,25.93760080917283
1988,LCA,26.925039232398078
1988,LKA,26.386136540935077
1988,LSO,13.265332489874726
1988,LTU,6.653342439820522
1988,LUX,9.81572880471746
1988,LVA,6.412181111087971
1988,MAC,14.171124941369191
1988,MAR,17.28723827981387
1988,MDA,9.3436780583596
1988,MDG,21.340893387749524
1988,MDV,28.279655111332733
1988,MEX,18.22878293920622
1988,MKD,10.204383402100245
1988,MLI,28.36234717110381
1988,MLT,19.277890793571714
1988,MMR,25.20575470226294
1988,MNE,11.850193355910225
1988,MNG,-1.525937161643179
1988,MOZ,24.22999158988145
1988,MRT,29.00891040649281
1988,MSR,26.84688472095877
1988,MUS,24.656914023061592
1988,MWI,21.72734952054608
1988,MYS,27.00542963813352
1988,NAM,22.27735521362098
1988,NER,28.784988432741304
1988,NGA,27.263821796813414
1988,NIC,25.90105541254785
1988,NLD,10.380065515404247
1988,NOR,4.756331814495489
1988,NPL,19.075414890937974
1988,NZL,13.393197511734748
1988,OMN,26.571035183579088
1988,PAK,23.8396423574097
1988,PAN,26.0572159857185
1988,PER,15.21188967063015
1988,PHL,26.872540310870196
1988,POL,8.227642888242428
1988,PRT,14.497099261312332
1988,PRY,22.116826424128902
1988,PSE,19.770083706155923
1988,QAT,26.38444364319245
1988,ROU,9.225802800271234
1988,RUS,4.087716908921914
1988,RWA,19.262176958426384
1988,SAU,26.248467518680183
1988,SDN,28.11919168073898
1988,SEN,27.78656192118733
1988,SGP,27.557875124834634
1988,SLE,26.84847297827961
1988,SLV,26.442317198928347
1988,SOM,26.735278098990456
1988,SRB,10.249309191225064
1988,SSD,28.11919168073898
1988,STP,26.89414236942927
1988,SUR,27.04860011951648
1988,SVK,7.902216300146487
1988,SVN,9.688587494152957
1988,SWE,6.040452630517359
1988,SWZ,20.37461261637509
1988,SXM,26.70837481754522
1988,SYC,27.03166617701451
1988,SYR,16.799908581512287
1988,TCA,26.5035691356364
1988,TCD,27.91291020296736
1988,TGO,27.38021348275049
1988,THA,26.877129473643222
1988,TJK,11.522856493015093
1988,TKM,16.631806612408777
1988,TTO,26.694447375833988
1988,TUN,18.90131028475702
1988,TUR,11.646921850728052
1988,TWN,14.171124941369191
1988,TZA,22.40708220118041
1988,UGA,22.84556182622987
1988,UKR,7.7639060433138525
1988,URY,16.522401086507926
1988,USA,13.333063541078303
1988,UZB,14.301929457014422
1988,VCT,26.95462281202587
1988,VEN,25.10484600484227
1988,VGB,26.707657195006806
1988,VNM,24.817139770332208
1988,YEM,23.96422609863702
1988,ZAF,17.567011532368685
1988,ZMB,21.81951172038712
1988,ZWE,20.627793088155148
1989,ABW,26.35317750259613
1989,AGO,22.296418871324114
1989,AIA,26.162576047703624
1989,ALB,13.746736589824351
1989,ARE,26.91134143095636
1989,ARG,17.70449764364496
1989,ARM,6.757479652084025
1989,ATG,26.241451618494462
1989,AUS,16.05905229438196
1989,AUT,8.102912389633806
1989,AZE,12.536403465837887
1989,BDI,20.53263824699496
1989,BEL,10.524339667172375
1989,BEN,27.008277796220547
1989,BFA,28.166878283941863
1989,BGD,25.542091664050435
1989,BGR,10.634853803351506
1989,BHR,25.59457880739744
1989,BHS,26.05220770711701
1989,BIH,9.86941171630644
1989,BLR,8.058164261891466
1989,BLZ,25.83124437277484
1989,BMU,22.537023797398437
1989,BOL,15.2142761669371
1989,BRA,22.44509393302255
1989,BRB,26.507633801549677
1989,BRN,27.1918703072394
1989,BTN,9.210233754027856
1989,BWA,20.69196458974628
1989,CAF,24.990838545545238
1989,CAN,4.384583763645253
1989,CHE,7.739062499714809
1989,CHL,11.496670124541785
1989,CHN,14.182082498186702
1989,CIV,26.39746564986672
1989,CMR,24.12942795675963
1989,COD,23.57987507661588
1989,COG,24.77373362857505
1989,COL,20.67877339428156
1989,COM,26.29136898663516
1989,CPV,23.740707052250706
1989,CRI,23.96298335311242
1989,CUW,26.35317750259613
1989,CYM,27.058862968658406
1989,CYP,19.955646358585607
1989,CZE,8.66760136459024
1989,DEU,9.884175112454706
1989,DJI,27.72169624935692
1989,DMA,26.42026455514133
1989,DNK,9.396210718342742
1989,DOM,25.153504164638974
1989,DZA,17.70299610219962
1989,ECU,18.421510458384752
1989,EGY,21.400475533396232
1989,ESP,15.103801711560068
1989,EST,7.2469807740493
1989,ETH,19.30789119200553
1989,FIN,5.440340173335235
1989,FJI,26.657326721431065
1989,FRA,11.582918702891751
1989,GAB,25.53154875127729
1989,GBR,10.118529727047749
1989,GEO,8.776987396163639
1989,GHA,26.806021059872474
1989,GIN,25.82873648063421
1989,GMB,27.05764235254384
1989,GNB,27.753270349627613
1989,GNQ,24.44941716703276
1989,GRC,13.883580050659544
1989,GRD,26.575170044321567
1989,GTM,21.552158085282343
1989,GUY,26.4389913749629
1989,HKG,14.182082498186702
1989,HND,23.50525711303173
1989,HRV,11.156147002250018
1989,HTI,25.945974298169396
1989,HUN,10.675415014693757
1989,IDN,25.73820496793466
1989,IND,25.393114563807323
1989,IRL,10.167691921160086
1989,IRN,14.648371347661428
1989,IRQ,22.477286293565275
1989,ISL,2.104422326272493
1989,ISR,19.664387440037466
1989,ITA,12.651707805312704
1989,JAM,26.0779413152098
1989,JOR,19.45925094044282
1989,JPN,14.529705606597664
1989,KAZ,5.9329534433584685
1989,KEN,20.035040956287865
1989,KGZ,5.107816922661879
1989,KHM,27.32349265142664
1989,KNA,26.241451618494462
1989,KOR,12.686849359402563
1989,KWT,25.244806466003254
1989,LAO,24.127554429842966
1989,LBN,17.83772678487003
1989,LBR,25.69917214131011
1989,LCA,26.50242584136625
1989,LKA,26.050412445965826
1989,LSO,13.170952249641736
1989,LTU,8.136010333402732
1989,LUX,10.087668045423923
1989,LVA,7.839231381453677
1989,MAC,14.182082498186702
1989,MAR,17.69222061305084
1989,MDA,10.944282687896568
1989,MDG,20.98438404809944
1989,MDV,27.73339313982676
1989,MEX,18.179580008443825
1989,MKD,10.095456879428433
1989,MLI,28.28132436182552
1989,MLT,19.153130076204736
1989,MMR,24.826681875647672
1989,MNE,11.70056272047858
1989,MNG,-0.6521042809440842
1989,MOZ,23.93133478414507
1989,MRT,29.29588074807046
1989,MSR,26.394087630324066
1989,MUS,24.305959411896765
1989,MWI,21.393863452679582
1989,MYS,26.7948341467534
1989,NAM,21.953877194246136
1989,NER,28.05067941158777
1989,NGA,26.558621934880943
1989,NIC,25.546369169929115
1989,NLD,10.789445211870063
1989,NOR,5.509240564134551
1989,NPL,18.40358392997525
1989,NZL,13.482124002354569
1989,OMN,25.930872534617823
1989,PAK,22.804573624327222
1989,PAN,25.88332768678284
1989,PER,14.889511769409271
1989,PHL,26.42307669971132
1989,POL,9.19877540178493
1989,PRT,15.442555416328211
1989,PRY,21.92233991631428
1989,PSE,19.664387440037466
1989,QAT,26.000754250213504
1989,ROU,9.888725011004691
1989,RUS,5.221172188600988
1989,RWA,18.83845566325635
1989,SAU,25.512482300324045
1989,SDN,27.417124225443505
1989,SEN,27.677818587990483
1989,SGP,27.31627031601965
1989,SLE,26.617537596704164
1989,SLV,26.305034416391575
1989,SOM,26.320709169132684
1989,SRB,10.302633056715992
1989,SSD,27.417124225443505
1989,STP,26.55714072411259
1989,SUR,26.643196240969043
1989,SVK,8.428707288862892
1989,SVN,9.900338112344157
1989,SWE,7.269479432659445
1989,SWZ,20.166734370092552
1989,SXM,26.241451618494462
1989,SYC,26.695687318958036
1989,SYR,17.305607641047974
1989,TCA,26.23460043070372
1989,TCD,27.32421870424189
1989,TGO,27.003841781814632
1989,THA,26.82132956616411
1989,TJK,10.08446248858504
1989,TKM,16.161995728322566
1989,TTO,26.3497167074432
1989,TUN,18.6708788916376
1989,TUR,12.121400244938387
1989,TWN,14.182082498186702
1989,TZA,21.784628443619454
1989,UGA,22.508959552819917
1989,UKR,9.490996827536271
1989,URY,17.662359694083413
1989,USA,13.037131944237206
1989,UZB,13.19069133342862
1989,VCT,26.575170044321567
1989,VEN,24.84348056667357
1989,VGB,26.21134650707245
1989,VNM,24.583278533642755
1989,YEM,23.39577225991764
1989,ZAF,17.440619298624977
1989,ZMB,21.486505537841296
1989,ZWE,20.59041437984409
1990,ABW,26.45545862987637
1990,AGO,22.339572926641317
1990,AIA,26.4800085175472
1990,ALB,14.298824812863696
1990,ARE,27.561404161386434
1990,ARG,17.25374731226728
1990,ARM,6.10688411906821
1990,ATG,26.56670818229516
1990,AUS,16.35446331890475
1990,AUT,8.06944501672162
1990,AZE,12.158616625022402
1990,BDI,20.91916915307772
1990,BEL,10.516283270155062
1990,BEN,27.476545692396986
1990,BFA,28.777516600057268
1990,BGD,25.48098571369028
1990,BGR,11.051540697332811
1990,BHR,25.95299384137616
1990,BHS,26.07426351681352
1990,BIH,10.333080004665511
1990,BLR,7.67051496557217
1990,BLZ,26.089838628112552
1990,BMU,22.37998259688417
1990,BOL,15.492450007522704
1990,BRA,22.90688699270065
1990,BRB,26.831428468887072
1990,BRN,27.45585704346497
1990,BTN,9.31676818521489
1990,BWA,21.358031763254917
1990,CAF,25.47513412149978
1990,CAN,5.53210368573505
1990,CHE,7.756328374209219
1990,CHL,11.271505938954247
1990,CHN,14.64915493678058
1990,CIV,26.505396154922096
1990,CMR,24.82312352424814
1990,COD,23.831241394295272
1990,COG,24.857105390930045
1990,COL,21.07817133264736
1990,COM,26.63990038447082
1990,CPV,24.094996539254986
1990,CRI,24.278433132389715
1990,CUW,26.45545862987637
1990,CYM,27.257520112597074
1990,CYP,20.08591773795585
1990,CZE,8.658644479117196
1990,DEU,9.879788273441914
1990,DJI,28.32424465092857
1990,DMA,26.71045248086254
1990,DNK,9.501928060800562
1990,DOM,25.40906307621817
1990,DZA,17.678177124633613
1990,ECU,18.96455866739192
1990,EGY,21.530451248794325
1990,ESP,14.875672741528703
1990,EST,6.838910537260193
1990,ETH,19.83379573635122
1990,FIN,4.815456130681601
1990,FJI,26.58318226225674
1990,FRA,11.657243149251302
1990,GAB,25.546351399857095
1990,GBR,10.236274530908975
1990,GEO,8.529557671073166
1990,GHA,26.943801363187468
1990,GIN,26.147328983529857
1990,GMB,27.462784676641963
1990,GNB,28.24140271358034
1990,GNQ,24.56552480207756
1990,GRC,14.4908247213495
1990,GRD,26.79978726214419
1990,GTM,21.803748273017987
1990,GUY,26.740227512651
1990,HKG,14.64915493678058
1990,HND,23.74444301059725
1990,HRV,11.373612680351057
1990,HTI,26.22493191387546
1990,HUN,10.85115080661261
1990,IDN,25.966098153355844
1990,IND,25.363950502841945
1990,IRL,10.135788859722648
1990,IRN,15.03610080006588
1990,IRQ,22.544336259150796
1990,ISL,2.557980701425108
1990,ISR,19.870118801034724
1990,ITA,12.965211682573882
1990,JAM,26.303446820626657
1990,JOR,19.649361304447392
1990,JPN,15.165916151236082
1990,KAZ,6.125365925539171
1990,KEN,20.12254272383137
1990,KGZ,6.395065147301362
1990,KHM,27.624781058335817
1990,KNA,26.56670818229516
1990,KOR,12.798232778651068
1990,KWT,25.722931289424498
1990,LAO,24.313421205415143
1990,LBN,17.954753786791116
1990,LBR,25.81007147573768
1990,LCA,26.78599616334153
1990,LKA,26.37536379598441
1990,LSO,13.577071720524645
1990,LTU,7.974690566392852
1990,LUX,10.143010827402271
1990,LVA,7.646188416186253
1990,MAC,14.64915493678058
1990,MAR,17.74954022967879
1990,MDA,11.309497691169664
1990,MDG,21.18535347425665
1990,MDV,27.983589716255665
1990,MEX,18.334025863257946
1990,MKD,10.837657392950137
1990,MLI,28.67546282649625
1990,MLT,19.85185453295708
1990,MMR,24.94268163011884
1990,MNE,12.276797808923323
1990,MNG,-0.7468042623396632
1990,MOZ,24.31943181993012
1990,MRT,29.50856990446909
1990,MSR,26.725443278633367
1990,MUS,24.36496075987816
1990,MWI,22.014224349828787
1990,MYS,27.06919224487114
1990,NAM,22.44162226103436
1990,NER,29.111009593441864
1990,NGA,27.334979603182187
1990,NIC,25.802973898032462
1990,NLD,10.810972263124984
1990,NOR,5.773617721799037
1990,NPL,18.43602226517333
1990,NZL,13.521706699436242
1990,OMN,26.541631556588506
1990,PAK,23.39529834208512
1990,PAN,26.199008916745385
1990,PER,15.229578011253675
1990,PHL,26.533747579613227
1990,POL,9.078224757185982
1990,PRT,15.118135757268847
1990,PRY,22.26891390389344
1990,PSE,19.870118801034724
1990,QAT,26.35410639457405
1990,ROU,10.341452931450254
1990,RUS,4.913990151220733
1990,RWA,19.19663064986505
1990,SAU,25.92719125727345
1990,SDN,28.558028381321652
1990,SEN,27.979960318667544
1990,SGP,27.59768461436033
1990,SLE,26.827362590190237
1990,SLV,26.66438347948208
1990,SOM,26.59527855158784
1990,SRB,10.88606917045654
1990,SSD,28.558028381321652
1990,STP,26.50133428101738
1990,SUR,26.880406424079503
1990,SVK,8.436930725715948
1990,SVN,9.930720594356735
1990,SWE,7.316855648583851
1990,SWZ,20.244512986391783
1990,SXM,26.56670818229516
1990,SYC,26.924025944123667
1990,SYR,17.259771751856572
1990,TCA,26.496446604530018
1990,TCD,28.42347309996574
1990,TGO,27.378682363810515
1990,THA,27.081584841074267
1990,TJK,11.217205399598448
1990,TKM,16.512169360505776
1990,TTO,26.581433965824544
1990,TUN,18.89287991531779
1990,TUR,12.01295074280986
1990,TWN,14.64915493678058
1990,TZA,22.104782484130727
1990,UGA,22.728464013788468
1990,UKR,9.33164085746832
1990,URY,17.113503279729578
1990,USA,14.23881998738698
1990,UZB,14.013719769249604
1990,VCT,26.79978726214419
1990,VEN,25.160617001173623
1990,VGB,26.53702433841924
1990,VNM,25.022348870504384
1990,YEM,24.04524235076734
1990,ZAF,17.6884388390452
1990,ZMB,22.004637859924404
1990,ZWE,21.088905590158777
1991,ABW,26.282191754784435
1991,AGO,22.315544689793043
1991,AIA,26.497883474919945
1991,ALB,13.34309676377205
1991,ARE,26.90281104904721
1991,ARG,17.335431376548126
1991,ARM,6.294716429440876
1991,ATG,26.52982522764553
1991,AUS,16.417396828395223
1991,AUT,7.036891823962295
1991,AZE,12.189370282469906
1991,BDI,20.502039163779063
1991,BEL,9.317735554552284
1991,BEN,27.208243881925203
1991,BFA,28.4726995810736
1991,BGD,25.438091177817068
1991,BGR,9.622926364865148
1991,BHR,24.96472219284624
1991,BHS,26.154918527851507
1991,BIH,9.074044594402531
1991,BLR,6.818746977355884
1991,BLZ,26.341515153814875
1991,BMU,22.337459310113143
1991,BOL,15.57648775537337
1991,BRA,22.827002717308357
1991,BRB,26.67493161559105
1991,BRN,27.425622177620724
1991,BTN,9.017739242307186
1991,BWA,20.800767350831084
1991,CAF,25.224669389741084
1991,CAN,5.617959479312011
1991,CHE,6.9064625978064615
1991,CHL,11.33389415043549
1991,CHN,14.215184870810049
1991,CIV,26.42561267060707
1991,CMR,24.66942953193089
1991,COD,23.659713212272425
1991,COG,24.94848205616963
1991,COL,21.229449085970145
1991,COM,26.808277515073616
1991,CPV,23.37115694458286
1991,CRI,24.474950063875728
1991,CUW,26.282191754784435
1991,CYM,27.250257872665923
1991,CYP,19.98690149684747
1991,CZE,7.45678482300905
1991,DEU,8.728123789632864
1991,DJI,28.20158522875806
1991,DMA,26.6473602076682
1991,DNK,8.471392647646567
1991,DOM,25.36270682302996
1991,DZA,16.528970082361145
1991,ECU,19.1277655164164
1991,EGY,21.45360144410733
1991,ESP,14.133754805507891
1991,EST,6.368000992891052
1991,ETH,19.92604073285064
1991,FIN,4.32536241873809
1991,FJI,26.617468036711216
1991,FRA,10.589344687527335
1991,GAB,25.660051218695585
1991,GBR,9.227987467543048
1991,GEO,8.665621320103421
1991,GHA,26.769006923921165
1991,GIN,26.219744697716997
1991,GMB,27.24759290957612
1991,GNB,28.12954270786103
1991,GNQ,24.603209654490158
1991,GRC,13.46508892030598
1991,GRD,26.73412063942912
1991,GTM,22.02407137797971
1991,GUY,26.597907147396008
1991,HKG,14.215184870810049
1991,HND,23.97314379345641
1991,HRV,10.180603802902745
1991,HTI,26.213045445584687
1991,HUN,9.612572530548777
1991,IDN,25.797532380266407
1991,IND,25.563223513709094
1991,IRL,9.575305495029722
1991,IRN,14.666931348285209
1991,IRQ,22.420388153203632
1991,ISL,3.3330987833079377
1991,ISR,19.82881062828984
1991,ITA,12.246571978608634
1991,JAM,26.298203125596046
1991,JOR,19.621739912280585
1991,JPN,14.574780570351937
1991,KAZ,6.0160977574425445
1991,KEN,20.374382737959884
1991,KGZ,5.748730738183927
1991,KHM,27.532870824865384
1991,KNA,26.52982522764553
1991,KOR,12.07464706572815
1991,KWT,25.36988970033902
1991,LAO,24.59624595436401
1991,LBN,17.9447972184668
1991,LBR,25.809605824310783
1991,LCA,26.67566839745268
1991,LKA,26.3313048428134
1991,LSO,13.629447966056231
1991,LTU,7.081406739703994
1991,LUX,9.158214268585049
1991,LVA,6.939934029645974
1991,MAC,14.215184870810049
1991,MAR,16.807982049330505
1991,MDA,9.552505336251691
1991,MDG,21.316486272427877
1991,MDV,28.23871693077187
1991,MEX,18.43465301459276
1991,MKD,9.496730079140631
1991,MLI,28.61157517679149
1991,MLT,19.09879404430588
1991,MMR,25.232514457856507
1991,MNE,11.34086624025178
1991,MNG,-1.3055991192105745
1991,MOZ,24.16129418466955
1991,MRT,29.10486785596752
1991,MSR,26.655265176668763
1991,MUS,24.566755335157115
1991,MWI,21.57550473366928
1991,MYS,26.9435071153838
1991,NAM,21.715982470883088
1991,NER,28.7507009011416
1991,NGA,27.11999036809014
1991,NIC,26.10261932433952
1991,NLD,9.576086932146517
1991,NOR,4.883477645000932
1991,NPL,18.363514361900076
1991,NZL,12.751834160378417
1991,OMN,26.08548792772394
1991,PAK,22.917649273658757
1991,PAN,26.277006215379068
1991,PER,15.416404119793672
1991,PHL,26.43157143777082
1991,POL,7.780239427728934
1991,PRT,14.529021276213124
1991,PRY,22.75571504688507
1991,PSE,19.82881062828984
1991,QAT,25.468080528221133
1991,ROU,8.879470403979202
1991,RUS,4.658748087373586
1991,RWA,18.818013171613146
1991,SAU,25.84103547092954
1991,SDN,28.241457113064925
1991,SEN,27.688234396416505
1991,SGP,27.422645849796638
1991,SLE,26.90767318438279
1991,SLV,26.643516848121603
1991,SOM,26.53407793517203
1991,SRB,9.4767436200661
1991,SSD,28.241457113064925
1991,STP,26.81397631516059
1991,SUR,26.971385405557477
1991,SVK,7.338055416795134
1991,SVN,8.968325022548711
1991,SWE,6.297316225905904
1991,SWZ,20.38434269713859
1991,SXM,26.52982522764553
1991,SYC,27.12708922382444
1991,SYR,17.173366225073742
1991,TCA,26.454598942461114
1991,TCD,28.096778735717223
1991,TGO,27.09488884952244
1991,THA,27.198407388050747
1991,TJK,10.397076557817652
1991,TKM,16.09232684229359
1991,TTO,26.516027621769656
1991,TUN,17.92334652792872
1991,TUR,11.795582903471704
1991,TWN,14.215184870810049
1991,TZA,22.17230369867104
1991,UGA,22.6313806060809
1991,UKR,8.292719388228253
1991,URY,17.363972123642053
1991,USA,14.068442744849888
1991,UZB,13.473585720408929
1991,VCT,26.73412063942912
1991,VEN,25.07424097575207
1991,VGB,26.5580910933204
1991,VNM,25.11462810005584
1991,YEM,23.919551058596472
1991,ZAF,17.807513504585533
1991,ZMB,21.549353463841168
1991,ZWE,20.85661835452048
1992,ABW,26.461773492667515
1992,AGO,22.180238336877416
1992,AIA,26.494637930144865
1992,ALB,13.89261747538868
1992,ARE,26.455360497255832
1992,ARG,16.905376426699632
1992,ARM,4.462528109333171
1992,ATG,26.55792803131044
1992,AUS,15.794507075042011
1992,AUT,8.381719024179647
1992,AZE,11.07685814936888
1992,BDI,21.06151391075065
1992,BEL,10.074819644813664
1992,BEN,27.090492869027265
1992,BFA,28.1269618769017
1992,BGD,25.46406873149328
1992,BGR,10.45244892809737
1992,BHR,24.70186828278626
1992,BHS,25.8565152126054
1992,BIH,10.20110467972045
1992,BLR,7.057075163938919
1992,BLZ,26.014061061224808
1992,BMU,21.98062110412866
1992,BOL,15.10897098231047
1992,BRA,22.69317659336632
1992,BRB,26.799361148228247
1992,BRN,27.432630797848105
1992,BTN,8.96511468784603
1992,BWA,22.09570848636909
1992,CAF,25.08205939195416
1992,CAN,4.769238380700411
1992,CHE,7.615533742319422
1992,CHL,11.023142169200057
1992,CHN,14.124776743101778
1992,CIV,26.30920428579814
1992,CMR,24.313582483876463
1992,COD,23.76321553966381
1992,COG,24.65178087683743
1992,COL,21.405899607960038
1992,COM,26.434087346618373
1992,CPV,23.72078125923872
1992,CRI,24.39436846407905
1992,CUW,26.461773492667515
1992,CYM,27.141311856141936
1992,CYP,19.53015227491657
1992,CZE,8.738646773115805
1992,DEU,9.704279929678728
1992,DJI,28.1502098679909
1992,DMA,26.737352829736967
1992,DNK,9.18830806069849
1992,DOM,25.3503083051226
1992,DZA,16.534974215855947
1992,ECU,19.11189977183882
1992,EGY,20.881271187670286
1992,ESP,14.087415636910624
1992,EST,6.585458333407494
1992,ETH,19.851885684472503
1992,FIN,4.555670027865886
1992,FJI,26.586645788978785
1992,FRA,11.018192885197664
1992,GAB,25.223930854003324
1992,GBR,9.508163335571664
1992,GEO,7.107741041059374
1992,GHA,26.72005810035031
1992,GIN,25.894815632311317
1992,GMB,27.243283252107844
1992,GNB,27.90160486858145
1992,GNQ,24.22437333730825
1992,GRC,13.89336667369
1992,GRD,26.75900765337671
1992,GTM,21.977484217682
1992,GUY,26.72330697773801
1992,HKG,14.124776743101778
1992,HND,23.978013430026092
1992,HRV,11.605689570479532
1992,HTI,26.19240150562029
1992,HUN,10.977556285585203
1992,IDN,25.90449278374072
1992,IND,25.50196632862213
1992,IRL,9.59925432099391
1992,IRN,13.321959958990696
1992,IRQ,20.84837430844577
1992,ISL,2.501008654700406
1992,ISR,18.898536038068425
1992,ITA,12.81369260273816
1992,JAM,26.265013550718624
1992,JOR,18.420354216968555
1992,JPN,14.317269725925875
1992,KAZ,5.488642556988991
1992,KEN,20.434993465044982
1992,KGZ,5.684908285921368
1992,KHM,27.417939783168944
1992,KNA,26.55792803131044
1992,KOR,12.28991294542551
1992,KWT,24.29935234660904
1992,LAO,24.109860842821348
1992,LBN,17.11860055848956
1992,LBR,25.71535570505213
1992,LCA,26.758076032468427
1992,LKA,26.09020279617325
1992,LSO,14.360504991498832
1992,LTU,7.457906439737754
1992,LUX,9.94211880179743
1992,LVA,7.206703649904093
1992,MAC,14.124776743101778
1992,MAR,16.943017729610485
1992,MDA,10.161402465481531
1992,MDG,21.179730160061816
1992,MDV,27.801066093302023
1992,MEX,17.961350949685233
1992,MKD,10.295210406381557
1992,MLI,28.19262395727201
1992,MLT,19.24012168372671
1992,MMR,24.63199499725717
1992,MNE,11.978090543418096
1992,MNG,-1.0184535091239026
1992,MOZ,24.772969558831534
1992,MRT,29.09007465995797
1992,MSR,26.72774356044829
1992,MUS,24.158644506086905
1992,MWI,22.24611360558008
1992,MYS,26.952217347565878
1992,NAM,22.76395029869939
1992,NER,28.224265557694224
1992,NGA,26.808939326312245
1992,NIC,26.16173337985911
1992,NLD,10.509330370737954
1992,NOR,5.147340562467584
1992,NPL,18.30480487781525
1992,NZL,12.240301562837834
1992,OMN,25.79342474161041
1992,PAK,22.757920263270183
1992,PAN,26.263110696651182
1992,PER,15.767749387402416
1992,PHL,26.569214496356444
1992,POL,8.691221738708016
1992,PRT,14.440631454104071
1992,PRY,21.89923114331621
1992,PSE,18.898536038068425
1992,QAT,25.23207314584094
1992,ROU,9.633790258163469
1992,RUS,4.177369888748881
1992,RWA,19.287680826583568
1992,SAU,24.79675228412489
1992,SDN,27.59484291997744
1992,SEN,27.72540715713473
1992,SGP,27.493895672261715
1992,SLE,26.67151205750926
1992,SLV,26.797111174032647
1992,SOM,26.770144034047693
1992,SRB,10.688301244858987
1992,SSD,27.59484291997744
1992,STP,26.14264801695632
1992,SUR,27.208951168715185
1992,SVK,8.483871451366838
1992,SVN,10.29456299033443
1992,SWE,6.771729556123826
1992,SWZ,21.294576143225036
1992,SXM,26.55792803131044
1992,SYC,26.83873289055191
1992,SYR,15.866092269501223
1992,TCA,26.35770647600293
1992,TCD,27.44483353386298
1992,TGO,27.05103643033716
1992,THA,26.843951855469918
1992,TJK,10.342372898333124
1992,TKM,15.677432484505994
1992,TTO,26.46686073827247
1992,TUN,18.085453378677386
1992,TUR,10.583119485450998
1992,TWN,14.124776743101778
1992,TZA,22.20807568373768
1992,UGA,22.9352350561852
1992,UKR,8.308593757850202
1992,URY,16.97881549167634
1992,USA,13.2873940889935
1992,UZB,13.420991826266764
1992,VCT,26.75900765337671
1992,VEN,25.297027690376268
1992,VGB,26.533367711429797
1992,VNM,24.65992065960717
1992,YEM,23.90612508860538
1992,ZAF,18.48126547632573
1992,ZMB,22.24161950344661
1992,ZWE,21.77074983502205
1993,ABW,26.61352973885369
1993,AGO,22.521078390774303
1993,AIA,26.66415986418724
1993,ALB,14.027350761181443
1993,ARE,27.314367197569197
1993,ARG,17.046973468881333
1993,ARM,4.708743134779886
1993,ATG,26.686703300103545
1993,AUS,16.240892467768106
1993,AUT,7.584773204800441
1993,AZE,10.830205835093754
1993,BDI,20.985849798409543
1993,BEL,9.538882249889705
1993,BEN,27.408058647724136
1993,BFA,28.86891222539852
1993,BGD,25.316729910893645
1993,BGR,10.222024045315084
1993,BHR,25.523989235361416
1993,BHS,25.881932958339647
1993,BIH,9.75290249553381
1993,BLR,5.915907577755281
1993,BLZ,25.89652576349099
1993,BMU,22.142525462433696
1993,BOL,15.316063986010969
1993,BRA,23.044921080230644
1993,BRB,26.940381481001776
1993,BRN,27.3455491407464
1993,BTN,9.39076258279714
1993,BWA,21.440979030804304
1993,CAF,25.313851746878264
1993,CAN,4.595890657749073
1993,CHE,7.148204761902275
1993,CHL,11.331440613801496
1993,CHN,14.017965078079888
1993,CIV,26.48410943838575
1993,CMR,24.611934256794303
1993,COD,23.839020294119717
1993,COG,24.91992209588209
1993,COL,21.150608366277517
1993,COM,26.41998808396359
1993,CPV,23.58973343699351
1993,CRI,24.316405383158656
1993,CUW,26.61352973885369
1993,CYM,27.080246565669466
1993,CYP,19.888881689558428
1993,CZE,7.821999289900755
1993,DEU,8.876652862449387
1993,DJI,27.93419894670372
1993,DMA,26.848843054225046
1993,DNK,8.008289739655858
1993,DOM,25.2610966038556
1993,DZA,17.00067164241747
1993,ECU,18.98048103534741
1993,EGY,21.5693509088377
1993,ESP,13.613578524511912
1993,EST,5.338740147336431
1993,ETH,19.56366432942255
1993,FIN,3.7457289904375
1993,FJI,26.10683706216514
1993,FRA,10.632315320554136
1993,GAB,25.50799271807903
1993,GBR,9.117423165382071
1993,GEO,7.168942395313434
1993,GHA,26.88702536200397
1993,GIN,26.18230963583125
1993,GMB,27.32919613891109
1993,GNB,28.10363950724348
1993,GNQ,24.55577858083416
1993,GRC,14.088207624330936
1993,GRD,26.88847903876255
1993,GTM,21.943951612444625
1993,GUY,26.554202985150784
1993,HKG,14.017965078079888
1993,HND,23.74509483264052
1993,HRV,10.776777890118188
1993,HTI,26.071475199068477
1993,HUN,10.074505243735349
1993,IDN,25.92102294775535
1993,IND,25.567669330216525
1993,IRL,9.433625010635016
1993,IRN,14.153101533127176
1993,IRQ,21.9727072890266
1993,ISL,2.527463992680791
1993,ISR,19.684024507619124
1993,ITA,12.700537330150024
1993,JAM,26.128090019648276
1993,JOR,19.51677471087377
1993,JPN,13.87347972187633
1993,KAZ,4.3287278534133815
1993,KEN,20.32178936043136
1993,KGZ,5.1806081485119
1993,KHM,27.290031667147783
1993,KNA,26.686703300103545
1993,KOR,11.741462967085631
1993,KWT,25.14864778642853
1993,LAO,24.15140697037601
1993,LBN,17.771055751169722
1993,LBR,25.89691578858971
1993,LCA,26.90753077032665
1993,LKA,26.120941979149038
1993,LSO,13.990264384453988
1993,LTU,6.28016554980888
1993,LUX,9.324245010813078
1993,LVA,5.982980910554975
1993,MAC,14.017965078079888
1993,MAR,16.565204747215006
1993,MDA,9.309380627271628
1993,MDG,21.29288332180244
1993,MDV,27.868059031665325
1993,MEX,18.32786210829747
1993,MKD,10.4893271541929
1993,MLI,28.78778072656094
1993,MLT,19.51793416403234
1993,MMR,24.95447019344295
1993,MNE,11.994441759187898
1993,MNG,-1.6352121710378575
1993,MOZ,24.23669538081958
1993,MRT,29.26311216490292
1993,MSR,26.87895425781608
1993,MUS,24.22074914528639
1993,MWI,21.643515827274708
1993,MYS,26.85108451234748
1993,NAM,22.308840502389824
1993,NER,29.07904779171386
1993,NGA,27.2092460898984
1993,NIC,25.9002013692268
1993,NLD,9.764040867952708
1993,NOR,4.2136437113099765
1993,NPL,18.47440408379272
1993,NZL,12.417265271869104
1993,OMN,26.577536708434756
1993,PAK,23.540612007330783
1993,PAN,26.259077173940117
1993,PER,15.340646225866244
1993,PHL,26.48375923673586
1993,POL,7.742321029232031
1993,PRT,13.937250213430024
1993,PRY,22.29952212002715
1993,PSE,19.684024507619124
1993,QAT,26.034812786926825
1993,ROU,8.895902522105501
1993,RUS,3.334546635839023
1993,RWA,19.27529092258208
1993,SAU,25.83062184468916
1993,SDN,27.8422226113664
1993,SEN,27.844469327061127
1993,SGP,27.38885927805677
1993,SLE,26.899616078174446
1993,SLV,26.65964579835205
1993,SOM,26.45424078892125
1993,SRB,10.179247927371176
1993,SSD,27.8422226113664
1993,STP,26.54628557479009
1993,SUR,26.93016970536372
1993,SVK,7.735069125813701
1993,SVN,9.635912332452948
1993,SWE,5.775279743201676
1993,SWZ,20.66225454211235
1993,SXM,26.686703300103545
1993,SYC,26.863245943027625
1993,SYR,16.836414569489495
1993,TCA,26.438424761735103
1993,TCD,28.026787848702813
1993,TGO,27.244233326567777
1993,THA,26.84581277243271
1993,TJK,10.067353590665611
1993,TKM,15.412812737534054
1993,TTO,26.611679737999413
1993,TUN,18.49877554515705
1993,TUR,11.35632550835042
1993,TWN,14.017965078079888
1993,TZA,22.1102786390318
1993,UGA,22.88926618178684
1993,UKR,7.398247043858635
1993,URY,17.04595390479032
1993,USA,13.10080994472094
1993,UZB,12.6985222531416
1993,VCT,26.88847903876255
1993,VEN,25.275860585663075
1993,VGB,26.69895097396026
1993,VNM,24.79288097340664
1993,YEM,23.84420213805665
1993,ZAF,18.11267806925821
1993,ZMB,21.527854633301164
1993,ZWE,20.93673290503649
1994,ABW,26.31739210647841
1994,AGO,22.31207413393732
1994,AIA,26.379605349405512
1994,ALB,14.785533723565209
1994,ARE,27.519590149183045
1994,ARG,17.707822979952788
1994,ARM,5.962322074775145
1994,ATG,26.35272066512455
1994,AUS,16.032434488257547
1994,AUT,8.960468526199962
1994,AZE,11.763385577842948
1994,BDI,21.024616272865625
1994,BEL,10.634606551731158
1994,BEN,27.278976578210216
1994,BFA,28.24168322054407
1994,BGD,25.518827030276185
1994,BGR,11.638273754197156
1994,BHR,25.858500723727047
1994,BHS,26.28834022785304
1994,BIH,10.85717842469573
1994,BLR,6.648708280973674
1994,BLZ,26.186054428453648
1994,BMU,22.55579520078997
1994,BOL,15.751360509570327
1994,BRA,23.14296001278378
1994,BRB,26.712324573037524
1994,BRN,27.43537240227063
1994,BTN,9.240731042503697
1994,BWA,20.87783874602472
1994,CAF,25.380710269400364
1994,CAN,4.816876505920215
1994,CHE,8.415601131152135
1994,CHL,11.60248646870608
1994,CHN,14.836665653207318
1994,CIV,26.511426057099133
1994,CMR,24.59136623063015
1994,COD,23.864211798048256
1994,COG,24.9517411585997
1994,COL,21.05027738191808
1994,COM,26.423785373064067
1994,CPV,23.29050226214652
1994,CRI,24.463255414599207
1994,CUW,26.31739210647841
1994,CYM,27.36731843293334
1994,CYP,20.40479716441284
1994,CZE,9.082486146861472
1994,DEU,10.0908912578345
1994,DJI,28.07042478273665
1994,DMA,26.5689129686604
1994,DNK,8.792394313271371
1994,DOM,25.50155196243119
1994,DZA,17.98304508865786
1994,ECU,18.761862356861418
1994,EGY,21.85412373915724
1994,ESP,14.787437014506354
1994,EST,5.245823579345742
1994,ETH,19.92335978497048
1994,FIN,3.4797037187991275
1994,FJI,26.202250863735877
1994,FRA,11.840907829985497
1994,GAB,25.61985694726764
1994,GBR,9.742828325955836
1994,GEO,8.343845162024913
1994,GHA,26.90603915736265
1994,GIN,25.940319648655358
1994,GMB,27.145933038091496
1994,GNB,27.811092836930108
1994,GNQ,24.653752518817782
1994,GRC,15.02197606841277
1994,GRD,26.743226290680468
1994,GTM,22.14013068633493
1994,GUY,26.978796582637514
1994,HKG,14.836665653207318
1994,HND,24.15044613363538
1994,HRV,12.080831877341138
1994,HTI,26.40884698300818
1994,HUN,11.536904451385984
1994,IDN,25.75654353619488
1994,IND,25.543185219094926
1994,IRL,9.64396271058251
1994,IRN,14.972693383086762
1994,IRQ,22.68128580365243
1994,ISL,2.3051467450024887
1994,ISR,20.25163106254392
1994,ITA,13.49051451317963
1994,JAM,26.425312529007595
1994,JOR,20.06392768928512
1994,JPN,15.018537336044472
1994,KAZ,5.259200892050251
1994,KEN,20.529693045575563
1994,KGZ,5.810486221348999
1994,KHM,27.50128009792321
1994,KNA,26.35272066512455
1994,KOR,12.914971461745097
1994,KWT,25.64695392611126
1994,LAO,24.427722336868783
1994,LBN,18.34232360419507
1994,LBR,25.83940358774825
1994,LCA,26.680420693863805
1994,LKA,26.147382293025736
1994,LSO,13.30645603364171
1994,LTU,6.845252367773236
1994,LUX,10.536985212936996
1994,LVA,6.20041634091273
1994,MAC,14.836665653207318
1994,MAR,17.48380501187935
1994,MDA,11.218794282777598
1994,MDG,21.381656387749924
1994,MDV,27.99578303533296
1994,MEX,18.686177460233345
1994,MKD,11.498790862890887
1994,MLI,28.01799277950155
1994,MLT,19.872369485596817
1994,MMR,25.040672417797527
1994,MNE,12.808886089098602
1994,MNG,-0.643010365810856
1994,MOZ,24.001824330209804
1994,MRT,28.888042486779614
1994,MSR,26.52429104875773
1994,MUS,24.525610333308578
1994,MWI,21.71563451249107
1994,MYS,26.847597016267
1994,NAM,22.09643367298587
1994,NER,28.509443280678788
1994,NGA,27.0102374443626
1994,NIC,26.22497075076174
1994,NLD,10.705655516260975
1994,NOR,4.3525081160942936
1994,NPL,18.752086415197265
1994,NZL,12.774033405284358
1994,OMN,26.78468587715393
1994,PAK,23.203836219839395
1994,PAN,26.24198661032258
1994,PER,15.334532624832782
1994,PHL,26.530207451249357
1994,POL,8.844773961376843
1994,PRT,14.56393723160663
1994,PRY,23.106427684635555
1994,PSE,20.25163106254392
1994,QAT,26.317299563748143
1994,ROU,10.764450431893346
1994,RUS,3.658927673461133
1994,RWA,19.31172944398856
1994,SAU,26.26835065088332
1994,SDN,27.98595498200956
1994,SEN,27.62784433833777
1994,SGP,27.34065424129888
1994,SLE,26.65356530719587
1994,SLV,26.83034996528302
1994,SOM,26.64807705918666
1994,SRB,11.530285486681665
1994,SSD,27.98595498200956
1994,STP,26.653432902569573
1994,SUR,26.964805655249695
1994,SVK,9.010925611805929
1994,SVN,10.80057621218679
1994,SWE,6.092569492075025
1994,SWZ,19.92383266116182
1994,SXM,26.35272066512455
1994,SYC,27.02054297365248
1994,SYR,17.91161180419752
1994,TCA,26.68031528394204
1994,TCD,28.04722385134193
1994,TGO,27.222710215890277
1994,THA,27.02599960968611
1994,TJK,10.766219871932856
1994,TKM,16.07522773692193
1994,TTO,26.60024571046233
1994,TUN,19.38891690209141
1994,TUR,12.809194574595706
1994,TWN,14.836665653207318
1994,TZA,22.271909299379697
1994,UGA,22.852981233264693
1994,UKR,8.714420679260478
1994,URY,17.49998237258271
1994,USA,13.490466913190192
1994,UZB,13.5302770593408
1994,VCT,26.743226290680468
1994,VEN,25.168978267593637
1994,VGB,26.51068999711424
1994,VNM,24.88324010025592
1994,YEM,24.31934313278511
1994,ZAF,17.45335773847727
1994,ZMB,21.73371336567134
1994,ZWE,20.64590966845504
1995,ABW,27.02410816649596
1995,AGO,22.673164249111444
1995,AIA,26.92628167445461
1995,ALB,13.738720030771422
1995,ARE,27.15766317405893
1995,ARG,17.325770912708435
1995,ARM,6.765148950404085
1995,ATG,26.9940495962898
1995,AUS,15.88403401457534
1995,AUT,7.66765823757216
1995,AZE,12.962618680701812
1995,BDI,21.190368827522114
1995,BEL,10.37472223660332
1995,BEN,27.5410865937254
1995,BFA,28.71943925490737
1995,BGD,25.691205946971127
1995,BGR,10.22736939585952
1995,BHR,25.6439233807226
1995,BHS,26.316068296631173
1995,BIH,9.529902408875987
1995,BLR,6.980781818627236
1995,BLZ,26.458654747406744
1995,BMU,21.90876769957443
1995,BOL,15.800710201201127
1995,BRA,23.131503766305745
1995,BRB,27.32806644588709
1995,BRN,27.41332792242368
1995,BTN,9.446071295812096
1995,BWA,21.73812815097252
1995,CAF,25.25284151429028
1995,CAN,5.017133197244744
1995,CHE,7.236275386087093
1995,CHL,11.4229256309457
1995,CHN,14.448478329989491
1995,CIV,26.75107738115572
1995,CMR,24.808410638304828
1995,COD,23.96593192549342
1995,COG,25.14947547761574
1995,COL,21.17960867304791
1995,COM,26.50100207988483
1995,CPV,24.259614892924827
1995,CRI,24.480692806158554
1995,CUW,27.02410816649596
1995,CYM,27.453802933295567
1995,CYP,19.966405924720068
1995,CZE,8.090595720247599
1995,DEU,9.354995537168492
1995,DJI,28.32823603409187
1995,DMA,27.18134080370267
1995,DNK,8.622589762989515
1995,DOM,25.675087230300104
1995,DZA,17.579753937955896
1995,ECU,19.101898740546076
1995,EGY,21.53220841720032
1995,ESP,15.165555531229106
1995,EST,6.2615957344006965
1995,ETH,20.13023362164104
1995,FIN,4.3600662423547085
1995,FJI,26.67284231695036
1995,FRA,11.405527745607351
1995,GAB,25.992624890696984
1995,GBR,10.038145484321774
1995,GEO,9.033316418859348
1995,GHA,27.16637152828962
1995,GIN,26.260948282608748
1995,GMB,27.423711088848147
1995,GNB,28.13980293037892
1995,GNQ,24.98750653862953
1995,GRC,14.10936487391232
1995,GRD,27.274016598860424
1995,GTM,22.123900927174468
1995,GUY,27.428236123631688
1995,HKG,14.448478329989491
1995,HND,24.279427943078858
1995,HRV,10.915938342740462
1995,HTI,26.50811934201708
1995,HUN,10.29690791423293
1995,IDN,25.97526620816835
1995,IND,25.72180028702884
1995,IRL,10.3031966724728
1995,IRN,15.208961124146514
1995,IRQ,22.408551451458077
1995,ISL,1.917323788276566
1995,ISR,19.76789648629306
1995,ITA,12.512855190049736
1995,JAM,26.49900429447492
1995,JOR,19.610884681385656
1995,JPN,14.23903292354206
1995,KAZ,6.748741135954953
1995,KEN,20.52197915156756
1995,KGZ,6.120859713231776
1995,KHM,27.41962194158901
1995,KNA,26.9940495962898
1995,KOR,12.043550672388632
1995,KWT,25.29241880960763
1995,LAO,24.308742842914505
1995,LBN,17.9341470276316
1995,LBR,26.08460738263913
1995,LCA,27.230607969065503
1995,LKA,26.34165132136032
1995,LSO,13.83191131173242
1995,LTU,7.016928805913529
1995,LUX,9.97515861938397
1995,LVA,6.780790147370792
1995,MAC,14.448478329989491
1995,MAR,17.997069514836898
1995,MDA,9.883188727351747
1995,MDG,21.45716272541453
1995,MDV,27.90612504708891
1995,MEX,18.721922735736456
1995,MKD,9.948405484825976
1995,MLI,28.498810148860496
1995,MLT,19.25263462588191
1995,MMR,25.27005237975936
1995,MNE,11.566266504960828
1995,MNG,-0.5602801749293571
1995,MOZ,24.533569522247333
1995,MRT,29.304526599239065
1995,MSR,27.15369964390993
1995,MUS,24.34195351819896
1995,MWI,22.13765102948852
1995,MYS,27.00510215046732
1995,NAM,22.815983942281804
1995,NER,29.03702527639884
1995,NGA,27.304294477264783
1995,NIC,26.26751534994355
1995,NLD,10.53039496078743
1995,NOR,4.499858346396163
1995,NPL,18.81543965235016
1995,NZL,13.184584751247524
1995,OMN,26.41924917153732
1995,PAK,23.048761754856635
1995,PAN,26.34215017877029
1995,PER,15.523954109213088
1995,PHL,26.565439768025293
1995,POL,8.142243022100006
1995,PRT,15.584798393165858
1995,PRY,22.580012763796333
1995,PSE,19.76789648629306
1995,QAT,26.044549142010517
1995,ROU,9.33045364331474
1995,RUS,5.524184344366763
1995,RWA,19.464189080980493
1995,SAU,26.11922393802812
1995,SDN,28.037848346894755
1995,SEN,27.951033035540718
1995,SGP,27.45697441014151
1995,SLE,26.9510654607473
1995,SLV,26.63838637894854
1995,SOM,26.777240461066164
1995,SRB,10.152375515767137
1995,SSD,28.037848346894755
1995,STP,27.03144116699696
1995,SUR,27.48172586246064
1995,SVK,7.916610750531279
1995,SVN,9.575175698331533
1995,SWE,5.992387198105692
1995,SWZ,20.54877100388209
1995,SXM,26.9940495962898
1995,SYC,26.988206924249727
1995,SYR,17.297642024485466
1995,TCA,26.683613633116085
1995,TCD,27.96020136527016
1995,TGO,27.492107055094756
1995,THA,27.036522048060817
1995,TJK,10.930144288628467
1995,TKM,17.03913639604292
1995,TTO,27.075241796672344
1995,TUN,18.739940018968937
1995,TUR,12.204584517418464
1995,TWN,14.448478329989491
1995,TZA,22.365466918000187
1995,UGA,23.03726843998493
1995,UKR,8.700569604525915
1995,URY,17.175243278600004
1995,USA,13.520591734192866
1995,UZB,14.206931344596123
1995,VCT,27.274016598860424
1995,VEN,25.629393768753378
1995,VGB,26.94581299026807
1995,VNM,24.67601631137744
1995,YEM,24.181308794918493
1995,ZAF,17.83522640116036
1995,ZMB,22.25234289477352
1995,ZWE,21.452339222920727
1996,ABW,26.53532346027593
1996,AGO,22.36257331532765
1996,AIA,26.453959686060745
1996,ALB,13.67625970906218
1996,ARE,27.61959094761012
1996,ARG,17.448276498221684
1996,ARM,6.798893703920351
1996,ATG,26.6098777007622
1996,AUS,15.808463397272822
1996,AUT,6.477440690102406
1996,AZE,12.334509172440503
1996,BDI,20.781126364078784
1996,BEL,8.568021548708655
1996,BEN,27.485466087095634
1996,BFA,29.040134044843622
1996,BGD,25.70759216241473
1996,BGR,9.6382318123096
1996,BHR,26.124368046099946
1996,BHS,25.664264379457265
1996,BIH,9.147863484318378
1996,BLR,5.636964074733792
1996,BLZ,25.95805778679789
1996,BMU,21.962927126636107
1996,BOL,15.348288798680944
1996,BRA,22.86358429803612
1996,BRB,27.038603658477463
1996,BRN,27.312226645027597
1996,BTN,9.415345504035765
1996,BWA,20.733008161579352
1996,CAF,25.374348412041524
1996,CAN,4.349676499803142
1996,CHE,6.438401932869353
1996,CHL,11.290506014615744
1996,CHN,14.071202507303516
1996,CIV,26.62584122205865
1996,CMR,24.6308391330353
1996,COD,23.747383385623564
1996,COG,24.87004812295388
1996,COL,20.8242248189346
1996,COM,26.463792416577537
1996,CPV,24.222921165327232
1996,CRI,24.06115363401249
1996,CUW,26.53532346027593
1996,CYM,27.0327390958264
1996,CYP,20.265738002878305
1996,CZE,6.543223562192417
1996,DEU,7.629134774912737
1996,DJI,28.31815689968688
1996,DMA,26.85132981557399
1996,DNK,7.274790814324833
1996,DOM,25.24556270002621
1996,DZA,17.052103470300164
1996,ECU,18.54226941869313
1996,EGY,21.799725224233303
1996,ESP,14.299694415622197
1996,EST,4.572225308945322
1996,ETH,19.877510481098515
1996,FIN,3.271166185357304
1996,FJI,26.843223022297025
1996,FRA,10.323511627937116
1996,GAB,25.55685345461077
1996,GBR,8.893051508426804
1996,GEO,8.780264561599466
1996,GHA,26.93571965542884
1996,GIN,26.366719781754146
1996,GMB,27.61964132841119
1996,GNB,28.3872768020893
1996,GNQ,24.6062559519584
1996,GRC,13.782536392146278
1996,GRD,27.034513634939987
1996,GTM,21.657932282176745
1996,GUY,27.02791715232976
1996,HKG,14.071202507303516
1996,HND,23.490855623875884
1996,HRV,9.905746286893873
1996,HTI,26.09336317101809
1996,HUN,9.256041659642332
1996,IDN,26.008933334464
1996,IND,25.68406620035824
1996,IRL,9.4272676745068
1996,IRN,14.918327477611465
1996,IRQ,23.159137141072883
1996,ISL,3.076591411486388
1996,ISR,20.199013751986044
1996,ITA,12.282488876647973
1996,JAM,25.97733953276959
1996,JOR,20.15139525122552
1996,JPN,13.929740085942123
1996,KAZ,4.516613077036154
1996,KEN,20.435041770629216
1996,KGZ,5.30033689566986
1996,KHM,27.228207124700614
1996,KNA,26.6098777007622
1996,KOR,11.794697137656746
1996,KWT,26.12836091290228
1996,LAO,24.005269707188845
1996,LBN,18.325529184813306
1996,LBR,26.04093439774251
1996,LCA,26.990906067192554
1996,LKA,26.176888324030305
1996,LSO,13.231787078430353
1996,LTU,5.472309316556189
1996,LUX,8.355480883270502
1996,LVA,5.132553051894825
1996,MAC,14.071202507303516
1996,MAR,17.284707952864636
1996,MDA,9.009026550236756
1996,MDG,21.437884641978165
1996,MDV,27.68024046982949
1996,MEX,18.31070782819616
1996,MKD,10.0161481141048
1996,MLI,29.011148317196
1996,MLT,19.076207881172497
1996,MMR,25.05322085094628
1996,MNE,11.57555821936582
1996,MNG,-1.3994589249847411
1996,MOZ,24.25604425489969
1996,MRT,29.83285844063374
1996,MSR,26.80380321200937
1996,MUS,24.290513889941696
1996,MWI,21.78712324897861
1996,MYS,26.89380910818864
1996,NAM,22.355235652238356
1996,NER,29.246375403685366
1996,NGA,27.29843949994609
1996,NIC,25.5795953596082
1996,NLD,8.700383844900873
1996,NOR,3.750717726867818
1996,NPL,18.821766365856572
1996,NZL,13.05394525179828
1996,OMN,26.324734778116657
1996,PAK,23.06151106742792
1996,PAN,26.098460995475243
1996,PER,14.970245209101664
1996,PHL,26.581686120174155
1996,POL,6.555867976087368
1996,PRT,14.596429859364104
1996,PRY,22.006841082953724
1996,PSE,20.199013751986044
1996,QAT,26.459836611834668
1996,ROU,8.743914983186576
1996,RUS,3.547231907834341
1996,RWA,19.02805565378398
1996,SAU,26.408408614787422
1996,SDN,28.263493367873185
1996,SEN,28.30537068505566
1996,SGP,27.37222099013161
1996,SLE,27.026740579247598
1996,SLV,26.324864729255264
1996,SOM,26.694276219742
1996,SRB,9.708501583971817
1996,SSD,28.263493367873185
1996,STP,26.44452538713813
1996,SUR,27.178411149592037
1996,SVK,6.897623111454137
1996,SVN,8.66291622882361
1996,SWE,5.0551134088852585
1996,SWZ,20.081365407134097
1996,SXM,26.6098777007622
1996,SYC,26.74484876493807
1996,SYR,17.68583329436783
1996,TCA,26.13082778050254
1996,TCD,28.14302307187644
1996,TGO,27.346514383401903
1996,THA,26.702696520186148
1996,TJK,10.191225239323654
1996,TKM,15.966699319469049
1996,TTO,26.81142780308922
1996,TUN,18.424038467474556
1996,TUR,12.49968080259175
1996,TWN,14.071202507303516
1996,TZA,22.157796704106737
1996,UGA,22.66131206957897
1996,UKR,7.523126376749822
1996,URY,17.402141436412602
1996,USA,13.1067734070125
1996,UZB,13.056637772480917
1996,VCT,27.034513634939987
1996,VEN,25.367598482813296
1996,VGB,26.46872588134526
1996,VNM,24.523717355084965
1996,YEM,24.05608340171708
1996,ZAF,17.325595840291122
1996,ZMB,21.763801582990038
1996,ZWE,20.600646301463065
1997,ABW,26.395204405145098
1997,AGO,22.38028552338655
1997,AIA,26.61253367426495
1997,ALB,13.884663446485815
1997,ARE,27.2208950929377
1997,ARG,17.946601040357915
1997,ARM,6.1229989603736446
1997,ATG,26.652954291552305
1997,AUS,16.359730220862748
1997,AUT,7.688326297528524
1997,AZE,12.132457319490891
1997,BDI,21.36505163911669
1997,BEL,10.166736486775871
1997,BEN,27.35313443339982
1997,BFA,28.6584492818371
1997,BGD,25.14573319677579
1997,BGR,9.647693554602256
1997,BHR,25.543772583206493
1997,BHS,26.13147124803315
1997,BIH,9.556394629031152
1997,BLR,6.253693317782174
1997,BLZ,26.48699661897391
1997,BMU,21.90872721017028
1997,BOL,15.807578747039528
1997,BRA,23.127408712757067
1997,BRB,26.91927300393581
1997,BRN,27.645077933867768
1997,BTN,8.632710297389519
1997,BWA,20.983364363477456
1997,CAF,25.615431371640828
1997,CAN,4.804321180904221
1997,CHE,7.686558197736473
1997,CHL,11.902251581724697
1997,CHN,14.669684578829534
1997,CIV,26.575550371472858
1997,CMR,24.776551178295872
1997,COD,24.14371981331957
1997,COG,25.036729767386657
1997,COL,21.53295486857425
1997,COM,26.69751642520229
1997,CPV,24.19232475074629
1997,CRI,24.729175483156087
1997,CUW,26.395204405145098
1997,CYM,27.270799487906817
1997,CYP,20.038725527003407
1997,CZE,7.760817190279576
1997,DEU,9.308736245799016
1997,DJI,28.543594715208595
1997,DMA,26.840416309268523
1997,DNK,8.748707159480281
1997,DOM,25.828604891921604
1997,DZA,17.94315206537805
1997,ECU,19.698043302637195
1997,EGY,21.32706832081412
1997,ESP,15.160518609496297
1997,EST,5.8448514796701625
1997,ETH,20.114551880453995
1997,FIN,4.126602874927237
1997,FJI,26.26254914794117
1997,FRA,11.578327696007658
1997,GAB,25.662892094563052
1997,GBR,10.143129416475626
1997,GEO,8.343981692719453
1997,GHA,26.95314941682358
1997,GIN,26.316231195665523
1997,GMB,27.79607789790026
1997,GNB,28.245524384187316
1997,GNQ,24.66448271398743
1997,GRC,13.762185871174376
1997,GRD,26.82307871039181
1997,GTM,22.27690910482467
1997,GUY,27.00480190731644
1997,HKG,14.669684578829534
1997,HND,24.294036507669016
1997,HRV,10.647820378691428
1997,HTI,26.617498399565196
1997,HUN,9.84563110008881
1997,IDN,26.055395896464347
1997,IND,25.332015241208616
1997,IRL,10.406431506548126
1997,IRN,15.024507006956073
1997,IRQ,22.04301440968675
1997,ISL,3.1155027747493715
1997,ISR,19.60069290859376
1997,ITA,13.178414580211689
1997,JAM,26.304056834429502
1997,JOR,19.273958465117182
1997,JPN,14.588181872740469
1997,KAZ,6.658256255682158
1997,KEN,20.70275336736761
1997,KGZ,6.774897088838855
1997,KHM,27.52052130948595
1997,KNA,26.652954291552305
1997,KOR,12.451385155329628
1997,KWT,25.135837526991967
1997,LAO,24.32807450361156
1997,LBN,17.69011049469312
1997,LBR,26.11754726854288
1997,LCA,26.838471565395597
1997,LKA,26.54232782310825
1997,LSO,13.49101204557846
1997,LTU,6.691510382439601
1997,LUX,9.8264731336385
1997,LVA,6.449830293292409
1997,MAC,14.669684578829534
1997,MAR,17.889246910101576
1997,MDA,9.136448040240037
1997,MDG,21.715711627764456
1997,MDV,28.361553172270455
1997,MEX,18.231705579240533
1997,MKD,9.999013767543202
1997,MLI,28.62875162510969
1997,MLT,19.663429315512374
1997,MMR,24.834420083697477
1997,MNE,11.819852992173772
1997,MNG,-0.0317172671060289
1997,MOZ,24.209301698209767
1997,MRT,29.64506571335
1997,MSR,26.77475779363885
1997,MUS,24.30179556986938
1997,MWI,21.799190810079764
1997,MYS,27.18727175222396
1997,NAM,22.05878936328345
1997,NER,29.141707018670317
1997,NGA,27.24111188270975
1997,NIC,26.31469574854688
1997,NLD,10.277947963112682
1997,NOR,5.1098464540548445
1997,NPL,18.048665019148302
1997,NZL,12.833021143668503
1997,OMN,26.36260272189476
1997,PAK,22.520493745504712
1997,PAN,26.642980374894982
1997,PER,16.198921783639037
1997,PHL,26.62044321644352
1997,POL,7.788021304723424
1997,PRT,15.627428524018596
1997,PRY,23.11624431557949
1997,PSE,19.60069290859376
1997,QAT,25.919775251920026
1997,ROU,8.695025432861819
1997,RUS,3.985306275382319
1997,RWA,19.714263765554225
1997,SAU,25.738429233674072
1997,SDN,28.160259477202167
1997,SEN,28.469711921889647
1997,SGP,27.796655264993507
1997,SLE,27.12439219361185
1997,SLV,27.0846399407274
1997,SOM,26.645663527435765
1997,SRB,9.822239774686071
1997,SSD,28.160259477202167
1997,STP,26.535179526855547
1997,SUR,27.31702001003679
1997,SVK,7.524555560026248
1997,SVN,9.61719820055469
1997,SWE,6.4565652597733
1997,SWZ,20.079856544189777
1997,SXM,26.652954291552305
1997,SYC,27.182455732176702
1997,SYR,16.676946728401596
1997,TCA,26.668744396418333
1997,TCD,28.163984540917024
1997,TGO,27.2953799477458
1997,THA,27.13817383409016
1997,TJK,11.311190794290914
1997,TKM,16.880307800634224
1997,TTO,26.631259915418923
1997,TUN,19.04736484890778
1997,TUR,11.577501709932957
1997,TWN,14.669684578829534
1997,TZA,22.534980768223324
1997,UGA,23.266425322821156
1997,UKR,7.536654509507931
1997,URY,17.77036241067745
1997,USA,13.286373331403077
1997,UZB,14.266475783645369
1997,VCT,26.82307871039181
1997,VEN,25.49649950069924
1997,VGB,26.65955149641377
1997,VNM,25.022434699213523
1997,YEM,24.39949929532473
1997,ZAF,17.556001563002187
1997,ZMB,21.773961590239107
1997,ZWE,20.659992290447157
1998,ABW,26.97818081546575
1998,AGO,23.11856964963735
1998,AIA,27.109362065792084
1998,ALB,14.260174576718358
1998,ARE,28.48598454139245
1998,ARG,17.2317941457765
1998,ARM,7.371090867748846
1998,ATG,27.21706636498372
1998,AUS,16.51101931834052
1998,AUT,8.036838738184288
1998,AZE,13.16091763788336
1998,BDI,21.223722909121115
1998,BEL,9.998035812476656
1998,BEN,27.902766223466827
1998,BFA,29.07119270437326
1998,BGD,25.760233819092218
1998,BGR,10.570408984618858
1998,BHR,26.73543685550491
1998,BHS,26.22625156057377
1998,BIH,9.886754057307344
1998,BLR,6.42638682697246
1998,BLZ,26.67619254681209
1998,BMU,22.36336828302592
1998,BOL,16.125308915977428
1998,BRA,23.4965478289825
1998,BRB,27.356859852870304
1998,BRN,27.93873383104801
1998,BTN,9.858363946162914
1998,BWA,21.6654394215201
1998,CAF,26.05074007129468
1998,CAN,6.616963292390647
1998,CHE,7.414381239862791
1998,CHL,11.705371777138197
1998,CHN,15.311095618320913
1998,CIV,27.175180463316615
1998,CMR,25.349651032862887
1998,COD,24.400003527020264
1998,COG,25.75383988128149
1998,COL,21.72303022730237
1998,COM,26.88017109595239
1998,CPV,24.47319628794988
1998,CRI,25.015679151069524
1998,CUW,26.97818081546575
1998,CYM,27.56906320154667
1998,CYP,20.761877418806154
1998,CZE,8.356922137837087
1998,DEU,9.45684381077041
1998,DJI,28.840454242936502
1998,DMA,27.33773628622293
1998,DNK,8.51439146122289
1998,DOM,25.865358778947865
1998,DZA,17.442231623330883
1998,ECU,19.709089877593623
1998,EGY,22.1905349654321
1998,ESP,14.6872252851398
1998,EST,5.493683395052969
1998,ETH,20.25957643243445
1998,FIN,3.5295482663165347
1998,FJI,26.46505078207701
1998,FRA,11.070365471722774
1998,GAB,26.342939201699824
1998,GBR,9.92416921542893
1998,GEO,9.65915659663909
1998,GHA,27.58970488886996
1998,GIN,26.694934455745223
1998,GMB,27.935541971460303
1998,GNB,28.639963045598076
1998,GNQ,25.198780618608
1998,GRC,14.452548162034317
1998,GRD,27.37941351905465
1998,GTM,22.51142222301034
1998,GUY,27.40642488591104
1998,HKG,15.311095618320913
1998,HND,24.538060493518564
1998,HRV,11.077209233124556
1998,HTI,26.66023006538828
1998,HUN,10.30629191818652
1998,IDN,26.525236426887343
1998,IND,25.958483481695204
1998,IRL,10.247604847815513
1998,IRN,15.801883370309932
1998,IRQ,23.672599690781908
1998,ISL,2.632326746233952
1998,ISR,20.602258719793603
1998,ITA,12.956784528796348
1998,JAM,26.656958465774853
1998,JOR,20.53350518140264
1998,JPN,15.18626626353802
1998,KAZ,5.690664567787608
1998,KEN,20.43147592946165
1998,KGZ,6.387313916575963
1998,KHM,28.36637948098395
1998,KNA,27.21706636498372
1998,KOR,13.22573052652261
1998,KWT,26.569416875640552
1998,LAO,25.19331386000008
1998,LBN,18.664123521341637
1998,LBR,26.54228303818892
1998,LCA,27.35499652226766
1998,LKA,26.92067762494525
1998,LSO,14.010269558019926
1998,LTU,6.662023763921631
1998,LUX,9.632845231021443
1998,LVA,6.269159963407734
1998,MAC,15.311095618320913
1998,MAR,17.839867951612078
1998,MDA,9.979500971923269
1998,MDG,21.708478266636565
1998,MDV,28.38911009952426
1998,MEX,18.865454417592957
1998,MKD,10.463469110723375
1998,MLI,29.19057088290827
1998,MLT,19.236184265464544
1998,MMR,25.885421814991684
1998,MNE,12.154370293612844
1998,MNG,0.2263042595233726
1998,MOZ,24.782653299506
1998,MRT,30.00728962749646
1998,MSR,27.3558520997564
1998,MUS,24.6439367144485
1998,MWI,22.26592263277969
1998,MYS,27.72091890657954
1998,NAM,23.20565310192751
1998,NER,29.237293691909706
1998,NGA,27.81343233123492
1998,NIC,26.715301656296056
1998,NLD,10.398121664095829
1998,NOR,4.656913518078063
1998,NPL,18.85913920410433
1998,NZL,13.946436577429054
1998,OMN,27.16284978560486
1998,PAK,23.61291939982149
1998,PAN,26.794184046676587
1998,PER,16.37207426654848
1998,PHL,27.340848285318124
1998,POL,8.243158858130721
1998,PRT,15.023319369892455
1998,PRY,22.223959234225507
1998,PSE,20.602258719793603
1998,QAT,27.11511136094729
1998,ROU,9.31548774379443
1998,RUS,4.006430357043183
1998,RWA,19.500626022280358
1998,SAU,26.744354797337948
1998,SDN,28.35505101104261
1998,SEN,28.490950204119564
1998,SGP,28.21978070835273
1998,SLE,27.489519598923856
1998,SLV,27.023183415014937
1998,SOM,27.00511385186439
1998,SRB,10.426575016857509
1998,SSD,28.35505101104261
1998,STP,27.39899670581023
1998,SUR,27.78744717098924
1998,SVK,8.10508000279539
1998,SVN,9.917639696977464
1998,SWE,5.883804802539056
1998,SWZ,20.88762331195176
1998,SXM,27.21706636498372
1998,SYC,27.55083860643208
1998,SYR,18.22271989965425
1998,TCA,26.89679611970981
1998,TCD,28.585340588877315
1998,TGO,27.89596782052045
1998,THA,27.856114655684998
1998,TJK,11.155454318654904
1998,TKM,16.71661012838957
1998,TTO,27.17848710219065
1998,TUN,18.73714604505628
1998,TUR,12.97041794123744
1998,TWN,15.311095618320913
1998,TZA,22.410605069868087
1998,UGA,23.18255182106028
1998,UKR,8.44779806227696
1998,URY,17.119190440465147
1998,USA,14.563880512656151
1998,UZB,13.854992047064648
1998,VCT,27.37941351905465
1998,VEN,26.038486400027654
1998,VGB,27.1571472833554
1998,VNM,25.659103317369944
1998,YEM,24.666087286879318
1998,ZAF,18.167607588193903
1998,ZMB,22.21573051880916
1998,ZWE,21.24097801019993
1999,ABW,26.84583841140072
1999,AGO,22.55721664712345
1999,AIA,26.75308247702196
1999,ALB,14.493394565077804
1999,ARE,28.429235492094023
1999,ARG,17.145579680936212
1999,ARM,7.174300575713167
1999,ATG,26.89760542040069
1999,AUS,16.369290158946274
1999,AUT,8.003976801633058
1999,AZE,13.041385279154037
1999,BDI,20.4512457492894
1999,BEL,10.568673858656425
1999,BEN,27.504323915747683
1999,BFA,28.535831878668127
1999,BGD,25.96423917893402
1999,BGR,11.19126082069292
1999,BHR,26.961618587374687
1999,BHS,26.02388638816774
1999,BIH,10.190663187409251
1999,BLR,7.660001337572913
1999,BLZ,25.952028271569173
1999,BMU,22.510904016594093
1999,BOL,15.400631861910064
1999,BRA,22.850062932246708
1999,BRB,27.017362006008625
1999,BRN,27.440133827428028
1999,BTN,10.0004079862522
1999,BWA,21.69259097662606
1999,CAF,25.24131898031068
1999,CAN,6.1883328620252005
1999,CHE,7.375442820113705
1999,CHL,11.339586769155588
1999,CHN,14.905982235891594
1999,CIV,26.57089241763157
1999,CMR,24.794411223830064
1999,COD,23.877376197680277
1999,COG,25.09565390676492
1999,COL,20.714172307330227
1999,COM,26.461852819969256
1999,CPV,23.670562885080773
1999,CRI,24.02478490421374
1999,CUW,26.84583841140072
1999,CYM,27.31658413136999
1999,CYP,20.99644959469636
1999,CZE,8.593196384009541
1999,DEU,9.92724122608342
1999,DJI,28.27961746446698
1999,DMA,27.00487448895971
1999,DNK,9.158395757540998
1999,DOM,25.49289560364752
1999,DZA,18.0646865132351
1999,ECU,18.547474053301936
1999,EGY,22.089513187988068
1999,ESP,14.506119335910922
1999,EST,6.524843272430401
1999,ETH,19.767431409872
1999,FIN,4.370358243472383
1999,FJI,26.963585451245308
1999,FRA,11.50877291236894
1999,GAB,25.74013719859215
1999,GBR,10.190111768631
1999,GEO,9.340067522809576
1999,GHA,26.996300163554935
1999,GIN,26.082815624692287
1999,GMB,26.985743624485224
1999,GNB,27.8003995842861
1999,GNQ,24.666051482160885
1999,GRC,14.841702061931713
1999,GRD,27.134210829933483
1999,GTM,21.612981983492386
1999,GUY,26.879910102614957
1999,HKG,14.905982235891594
1999,HND,23.60622030687756
1999,HRV,11.294565162969109
1999,HTI,26.263223947625068
1999,HUN,10.558606532001711
1999,IDN,25.905123437381057
1999,IND,25.88501452476279
1999,IRL,10.216316663092302
1999,IRN,15.87236203363987
1999,IRQ,23.72393197556445
1999,ISL,2.521865903379015
1999,ISR,20.62029008063361
1999,ITA,13.001095617246207
1999,JAM,26.235326506197453
1999,JOR,20.408857205528395
1999,JPN,14.95049171255002
1999,KAZ,6.338897646610486
1999,KEN,20.29042726099355
1999,KGZ,6.399279839130901
1999,KHM,27.152823606148424
1999,KNA,26.89760542040069
1999,KOR,12.593342944353726
1999,KWT,26.59043284521128
1999,LAO,24.10611226671648
1999,LBN,18.734841210146744
1999,LBR,25.96077052195948
1999,LCA,27.05302218844493
1999,LKA,26.201999347131736
1999,LSO,14.33104730482649
1999,LTU,7.660350062472197
1999,LUX,10.17789634813865
1999,LVA,7.302186716331061
1999,MAC,14.905982235891594
1999,MAR,17.383507969603645
1999,MDA,11.011546999330942
1999,MDG,21.26557278966614
1999,MDV,27.955612239738304
1999,MEX,18.18037105843456
1999,MKD,10.838836739173368
1999,MLI,28.176352734066185
1999,MLT,19.53591684810817
1999,MMR,25.329136646852643
1999,MNE,12.421426722497197
1999,MNG,-0.1930420626691913
1999,MOZ,24.170643151990998
1999,MRT,28.630083781818712
1999,MSR,27.01430678740144
1999,MUS,24.3003861779968
1999,MWI,21.47937126413763
1999,MYS,26.94334413651332
1999,NAM,22.48264128756854
1999,NER,29.0921429454662
1999,NGA,27.500034814195995
1999,NIC,25.71981676604948
1999,NLD,10.91879244211963
1999,NOR,5.083380053941483
1999,NPL,19.158009489644147
1999,NZL,13.77344176781218
1999,OMN,27.087003414926052
1999,PAK,24.06307375931385
1999,PAN,25.93627923672315
1999,PER,15.121305352334124
1999,PHL,26.63508362152307
1999,POL,8.812109229647673
1999,PRT,14.61691233743901
1999,PRY,22.379712021308173
1999,PSE,20.62029008063361
1999,QAT,27.384491225083668
1999,ROU,10.209608061455862
1999,RUS,4.769862473556161
1999,RWA,18.880759111459405
1999,SAU,26.902969538952096
1999,SDN,28.364060423967484
1999,SEN,27.42325761470094
1999,SGP,27.490468793859083
1999,SLE,26.94068653337012
1999,SLV,26.31441311425058
1999,SOM,26.565786057733643
1999,SRB,10.776184103553945
1999,SSD,28.364060423967484
1999,STP,26.75391085197528
1999,SUR,27.15732058095804
1999,SVK,8.384335781574194
1999,SVN,9.920577096254917
1999,SWE,6.614181352949564
1999,SWZ,20.739766171202064
1999,SXM,26.89760542040069
1999,SYC,26.96853473906716
1999,SYR,18.069443434914607
1999,TCA,26.5586066202571
1999,TCD,28.22416984466325
1999,TGO,27.390525489706413
1999,THA,26.620837426686062
1999,TJK,11.431820426867809
1999,TKM,16.932091259062258
1999,TTO,26.90950325752298
1999,TUN,19.499263138343608
1999,TUR,13.055195699492185
1999,TWN,14.905982235891594
1999,TZA,21.81781959996453
1999,UGA,22.532856252069635
1999,UKR,9.475771833609096
1999,URY,17.146579950832834
1999,USA,14.133252908263511
1999,UZB,14.27208777155436
1999,VCT,27.134210829933483
1999,VEN,25.33527743442357
1999,VGB,26.808836753169697
1999,VNM,24.86283889825889
1999,YEM,24.48421031098956
1999,ZAF,18.298672748394857
1999,ZMB,21.463447137599367
1999,ZWE,20.537701437224904
2000,ABW,26.46807296294719
2000,AGO,22.63636519326113
2000,AIA,26.382382842712104
2000,ALB,14.588836230454428
2000,ARE,28.012311554336343
2000,ARG,17.077247725626034
2000,ARM,6.739932962565667
2000,ATG,26.46278613029669
2000,AUS,16.382578989336064
2000,AUT,8.882104420580188
2000,AZE,12.785450857910948
2000,BDI,20.990432770622437
2000,BEL,10.62591991737936
2000,BEN,27.40490396825004
2000,BFA,28.5853081560878
2000,BGD,25.43242065498625
2000,BGR,11.301894689603916
2000,BHR,26.191715143620968
2000,BHS,25.742985175146416
2000,BIH,11.01684306102847
2000,BLR,7.801624396329967
2000,BLZ,25.71880263495489
2000,BMU,22.357719471988577
2000,BOL,15.350575129102776
2000,BRA,22.88149768412779
2000,BRB,26.722273256940145
2000,BRN,27.52408627296488
2000,BTN,9.23878366726546
2000,BWA,20.41170593867884
2000,CAF,25.648218116403783
2000,CAN,5.0481801909714665
2000,CHE,8.054385841173161
2000,CHL,11.13543650607265
2000,CHN,14.52221083946915
2000,CIV,26.418334542216733
2000,CMR,24.64287875926126
2000,COD,23.946494426567323
2000,COG,25.03027056991452
2000,COL,20.83954493712693
2000,COM,26.32677225380515
2000,CPV,23.945333698958468
2000,CRI,24.067502889942155
2000,CUW,26.46807296294719
2000,CYM,26.916995632151764
2000,CYP,20.57973120144258
2000,CZE,9.356582314044497
2000,DEU,10.269557197180491
2000,DJI,28.32223264107601
2000,DMA,26.608364249113947
2000,DNK,9.355508537645273
2000,DOM,25.310902271792727
2000,DZA,17.87272946808985
2000,ECU,18.57774025909466
2000,EGY,21.38776636048449
2000,ESP,14.583560754573837
2000,EST,7.061480309286613
2000,ETH,19.953455249843486
2000,FIN,5.402834069604887
2000,FJI,27.165582552552223
2000,FRA,11.634238838065158
2000,GAB,25.64331629974073
2000,GBR,9.88886173128662
2000,GEO,8.8677338499209
2000,GHA,26.957753545962408
2000,GIN,26.174255902908943
2000,GMB,27.290415294308303
2000,GNB,27.960521306300432
2000,GNQ,24.5451317379872
2000,GRC,14.714444758790163
2000,GRD,26.84707452915609
2000,GTM,21.610551964064296
2000,GUY,26.765621410009693
2000,HKG,14.52221083946915
2000,HND,23.58885316685481
2000,HRV,12.399256879010792
2000,HTI,26.10461471260455
2000,HUN,11.647576181164808
2000,IDN,25.991046658179677
2000,IND,25.667093253454247
2000,IRL,9.883878600672448
2000,IRN,15.521000316558869
2000,IRQ,23.118912706603883
2000,ISL,2.806312995422596
2000,ISR,19.989745277384408
2000,ITA,13.429217237031487
2000,JAM,26.065495670928318
2000,JOR,19.78643660302662
2000,JPN,14.731070294258924
2000,KAZ,6.171426250106409
2000,KEN,20.699551786973448
2000,KGZ,6.552956327931181
2000,KHM,27.45836576252122
2000,KNA,26.46278613029669
2000,KOR,12.146281256685516
2000,KWT,25.988323251406356
2000,LAO,24.05241720670098
2000,LBN,18.19443761805693
2000,LBR,25.863152829773966
2000,LCA,26.745764032627147
2000,LKA,26.310673257434324
2000,LSO,13.384114446949292
2000,LTU,8.068442025941382
2000,LUX,10.49255096912384
2000,LVA,7.745039333038862
2000,MAC,14.52221083946915
2000,MAR,17.76693601287635
2000,MDA,11.14289282451934
2000,MDG,21.32683031643165
2000,MDV,27.966751348227262
2000,MEX,18.35352944567529
2000,MKD,10.974719739305549
2000,MLI,28.51862786991426
2000,MLT,19.583969719242305
2000,MMR,24.96436653288234
2000,MNE,12.684941713218311
2000,MNG,-1.1869560883914978
2000,MOZ,24.14079665336206
2000,MRT,29.51719282432428
2000,MSR,26.607198618662853
2000,MUS,24.121423444710672
2000,MWI,21.67415912176858
2000,MYS,27.00048797668272
2000,NAM,22.148753292798983
2000,NER,28.780329443642795
2000,NGA,27.11230298962665
2000,NIC,25.70083133911397
2000,NLD,10.933941780293882
2000,NOR,5.587177030607476
2000,NPL,18.425491582378765
2000,NZL,13.310660982704498
2000,OMN,27.02298388513264
2000,PAK,23.907909138291757
2000,PAN,26.061153179373523
2000,PER,15.272937059554875
2000,PHL,26.66956566668911
2000,POL,9.445514894513682
2000,PRT,14.598957159946035
2000,PRY,22.27396884479233
2000,PSE,19.989745277384408
2000,QAT,26.697779030228656
2000,ROU,10.55152637676386
2000,RUS,4.842239271424906
2000,RWA,19.174072835385868
2000,SAU,26.566017362018947
2000,SDN,28.12789576749924
2000,SEN,27.85328289452498
2000,SGP,27.490242726014305
2000,SLE,26.87921337564943
2000,SLV,26.467580021210388
2000,SOM,26.576861175155702
2000,SRB,11.585330369523575
2000,SSD,28.12789576749924
2000,STP,26.64283763244748
2000,SUR,27.00071801145149
2000,SVK,9.17648931655701
2000,SVN,10.9493687960562
2000,SWE,7.274826357109941
2000,SWZ,20.049456546703976
2000,SXM,26.46278613029669
2000,SYC,27.14092951019605
2000,SYR,17.48438835037331
2000,TCA,26.390490950395662
2000,TCD,28.12600535970247
2000,TGO,27.37685484350041
2000,THA,26.762082220154227
2000,TJK,11.559732170462253
2000,TKM,17.008179476154655
2000,TTO,26.67257501464337
2000,TUN,19.202342917536622
2000,TUR,12.13544665168324
2000,TWN,14.52221083946915
2000,TZA,22.40255395178088
2000,UGA,22.903398811401427
2000,UKR,9.281370139039312
2000,URY,17.325355330424017
2000,USA,13.628038453639933
2000,UZB,14.441747410282488
2000,VCT,26.84707452915609
2000,VEN,25.212880889633883
2000,VGB,26.41209309237699
2000,VNM,24.804222637059954
2000,YEM,24.5753098242836
2000,ZAF,17.459482180609182
2000,ZMB,21.47838026182129
2000,ZWE,20.325769708315825
2001,ABW,26.45640971713389
2001,AGO,22.754075055828725
2001,AIA,26.78233973185221
2001,ALB,14.648212887303444
2001,ARE,28.063951531509417
2001,ARG,17.775224332746692
2001,ARM,7.232091989941092
2001,ATG,26.790147387733057
2001,AUS,16.47923910781219
2001,AUT,7.916909234370696
2001,AZE,13.119322527320993
2001,BDI,20.85437210210741
2001,BEL,10.138734407829928
2001,BEN,27.49521524990033
2001,BFA,28.68034210206137
2001,BGD,25.63942013918646
2001,BGR,11.057414461137448
2001,BHR,26.5378641585509
2001,BHS,25.957694383803755
2001,BIH,10.11360033662094
2001,BLR,7.01196552037341
2001,BLZ,26.048921920459367
2001,BMU,22.102068412234075
2001,BOL,15.66363372682765
2001,BRA,23.293045446588305
2001,BRB,26.757466639004026
2001,BRN,27.57219467971784
2001,BTN,9.650972523954248
2001,BWA,21.021330458093587
2001,CAF,25.65181302771735
2001,CAN,6.054337039408598
2001,CHE,7.485029919585439
2001,CHL,11.489295708049058
2001,CHN,14.76622173259015
2001,CIV,26.62369269359318
2001,CMR,24.755156825511943
2001,COD,23.980465854080624
2001,COG,25.21881878276965
2001,COL,21.315179191495805
2001,COM,26.62891213223338
2001,CPV,24.22670323991527
2001,CRI,24.295597111738488
2001,CUW,26.45640971713389
2001,CYM,27.123632470766704
2001,CYP,20.893235285455987
2001,CZE,8.045728657147244
2001,DEU,9.431619274533851
2001,DJI,28.364341379623447
2001,DMA,26.834411978100736
2001,DNK,8.611901572926797
2001,DOM,25.625429262406367
2001,DZA,18.24948877476186
2001,ECU,18.798679716508087
2001,EGY,22.11537063587388
2001,ESP,14.737812157038706
2001,EST,6.12335276995175
2001,ETH,20.106919711430617
2001,FIN,4.066316799092763
2001,FJI,27.098060935735703
2001,FRA,11.256842485856422
2001,GAB,25.64690143262813
2001,GBR,9.590854989430158
2001,GEO,9.292265848404329
2001,GHA,27.014058105860546
2001,GIN,26.372929041113736
2001,GMB,27.844460825951494
2001,GNB,28.4759731203332
2001,GNQ,24.554459639514487
2001,GRC,14.856866269907457
2001,GRD,26.89331240443668
2001,GTM,21.849764997777807
2001,GUY,26.84802153671357
2001,HKG,14.76622173259015
2001,HND,23.739622165402217
2001,HRV,11.376118521114147
2001,HTI,26.37408308118226
2001,HUN,10.439130218900964
2001,IDN,26.09968983564708
2001,IND,25.73690479887047
2001,IRL,9.8277151050952
2001,IRN,16.090420071036252
2001,IRQ,23.533925345881404
2001,ISL,3.1919969262895256
2001,ISR,20.632009445748785
2001,ITA,13.1809733890355
2001,JAM,26.27328307988743
2001,JOR,20.493424159901085
2001,JPN,14.527958704517788
2001,KAZ,6.263193085547036
2001,KEN,20.42988131038808
2001,KGZ,6.756127893487027
2001,KHM,27.65698546672854
2001,KNA,26.790147387733057
2001,KOR,12.46692746859766
2001,KWT,26.356942275539044
2001,LAO,24.459922355152663
2001,LBN,18.805238526624937
2001,LBR,25.97643570351406
2001,LCA,26.79648248350713
2001,LKA,26.51256534969017
2001,LSO,13.77398897924792
2001,LTU,7.100696804607676
2001,LUX,9.9059679210186
2001,LVA,6.810278357251272
2001,MAC,14.76622173259015
2001,MAR,18.19135209110748
2001,MDA,10.393814682872303
2001,MDG,21.73751142418629
2001,MDV,28.25699653228124
2001,MEX,18.26721640852137
2001,MKD,11.040366149620596
2001,MLI,28.674358453653625
2001,MLT,19.687752968321245
2001,MMR,25.22671525476302
2001,MNE,12.495790197809855
2001,MNG,-0.6187395404843914
2001,MOZ,24.462404889227123
2001,MRT,29.66037697742324
2001,MSR,26.85812252108008
2001,MUS,24.538262519054115
2001,MWI,21.93819770559094
2001,MYS,27.113166550125648
2001,NAM,22.50593168118791
2001,NER,28.74519906907801
2001,NGA,27.162839202262507
2001,NIC,25.778856847945217
2001,NLD,10.45617019191854
2001,NOR,4.3974054496829735
2001,NPL,18.792485162496103
2001,NZL,13.497544830530074
2001,OMN,27.176731141895665
2001,PAK,23.89924341380383
2001,PAN,26.09825856444844
2001,PER,15.339945449509536
2001,PHL,26.856596765997235
2001,POL,8.17679370887253
2001,PRT,14.723646525950343
2001,PRY,22.91126093897693
2001,PSE,20.632009445748785
2001,QAT,26.89718927567204
2001,ROU,9.868760567245651
2001,RUS,4.585601563558877
2001,RWA,19.17041442161572
2001,SAU,26.66123399765918
2001,SDN,28.16494213153925
2001,SEN,28.513947062278667
2001,SGP,27.56745276103417
2001,SLE,27.008629869937067
2001,SLV,26.59224730377918
2001,SOM,26.90033174762772
2001,SRB,10.80653948148236
2001,SSD,28.16494213153925
2001,STP,26.500165410339832
2001,SUR,27.14183825212731
2001,SVK,7.993383560532086
2001,SVN,10.171732511827384
2001,SWE,6.1400171151825615
2001,SWZ,20.54951506922953
2001,SXM,26.790147387733057
2001,SYC,26.706257049615186
2001,SYR,18.114552742254173
2001,TCA,26.67836661078036
2001,TCD,28.168656713933963
2001,TGO,27.45656805890066
2001,THA,27.095526567455693
2001,TJK,11.987646318646954
2001,TKM,17.236720256557025
2001,TTO,26.748972716741264
2001,TUN,19.55577431565962
2001,TUR,13.25167697202185
2001,TWN,14.76622173259015
2001,TZA,22.330065699230023
2001,UGA,22.84848976339872
2001,UKR,8.893207089079805
2001,URY,18.10270217515988
2001,USA,13.976501009802064
2001,UZB,14.653483038241715
2001,VCT,26.89331240443668
2001,VEN,25.53751674219796
2001,VGB,26.83359619230032
2001,VNM,24.99600927369731
2001,YEM,24.31559664787334
2001,ZAF,17.909916396439417
2001,ZMB,21.717172057182715
2001,ZWE,20.84591890623783
2002,ABW,26.58463702723384
2002,AGO,22.789828366262466
2002,AIA,26.73111546287934
2002,ALB,14.48903435716161
2002,ARE,28.113584328061403
2002,ARG,17.56850821600036
2002,ARM,6.3137956716275045
2002,ATG,26.76115243385236
2002,AUS,16.54870656918282
2002,AUT,8.705665433712538
2002,AZE,12.494943935779697
2002,BDI,21.323996530861372
2002,BEL,10.682678587871282
2002,BEN,27.52249574123528
2002,BFA,28.96170083956346
2002,BGD,25.760484492579447
2002,BGR,11.1460603885546
2002,BHR,26.413895710060995
2002,BHS,26.428231813013557
2002,BIH,10.779750292192151
2002,BLR,7.5884230605896255
2002,BLZ,26.32881280167823
2002,BMU,22.716100998222828
2002,BOL,16.022336424431046
2002,BRA,23.602839399244644
2002,BRB,26.791854723104432
2002,BRN,27.67249170690775
2002,BTN,9.435910278474358
2002,BWA,21.662480013339312
2002,CAF,25.778994882790947
2002,CAN,5.447985484611932
2002,CHE,8.04589503810481
2002,CHL,11.234503866888192
2002,CHN,15.05200828467238
2002,CIV,26.68957507923472
2002,CMR,25.00436327756174
2002,COD,24.28547699462384
2002,COG,25.51224319477204
2002,COL,21.672872036402445
2002,COM,26.77083045368393
2002,CPV,24.201662639155984
2002,CRI,24.5849497980344
2002,CUW,26.58463702723384
2002,CYM,27.360161986202
2002,CYP,20.71515281979616
2002,CZE,8.886867009266451
2002,DEU,9.93343172766515
2002,DJI,28.68563393090619
2002,DMA,26.843332085758448
2002,DNK,9.270213013254397
2002,DOM,25.805061478206497
2002,DZA,17.843913842146428
2002,ECU,19.27368217343932
2002,EGY,22.208036919516616
2002,ESP,14.717586416938705
2002,EST,6.31667457149217
2002,ETH,20.4464591227066
2002,FIN,4.2230648256153325
2002,FJI,27.15322142839432
2002,FRA,11.707541514732902
2002,GAB,25.96557413089748
2002,GBR,10.228261547982992
2002,GEO,8.75750916727822
2002,GHA,27.117045965349124
2002,GIN,26.498390481471525
2002,GMB,27.84205169043923
2002,GNB,28.59012371287057
2002,GNQ,24.91594858219226
2002,GRC,14.581547772357403
2002,GRD,26.910194053004187
2002,GTM,22.167392802332625
2002,GUY,26.859411971212648
2002,HKG,15.05200828467238
2002,HND,23.979884780973343
2002,HRV,12.028692131020136
2002,HTI,26.600117241743163
2002,HUN,11.369817659700706
2002,IDN,26.30375805695965
2002,IND,26.159529539556083
2002,IRL,10.225712483486308
2002,IRN,15.620152056870596
2002,IRQ,22.97315959113802
2002,ISL,3.391365012737132
2002,ISR,20.44245237262625
2002,ITA,13.273746536898456
2002,JAM,26.47203824172417
2002,JOR,20.157757954312885
2002,JPN,14.691542849938717
2002,KAZ,6.853232486985564
2002,KEN,20.85490113009783
2002,KGZ,6.749167718314322
2002,KHM,28.041571050063308
2002,KNA,26.76115243385236
2002,KOR,12.332148916067668
2002,KWT,26.03098345175385
2002,LAO,24.498958403409105
2002,LBN,18.52274136190924
2002,LBR,26.04763899400416
2002,LCA,26.821030733486012
2002,LKA,26.58843038236458
2002,LSO,13.915278678298716
2002,LTU,7.681026151501952
2002,LUX,10.366967670619488
2002,LVA,7.089309449265614
2002,MAC,15.05200828467238
2002,MAR,17.813505354755907
2002,MDA,10.836957847403546
2002,MDG,21.71732309148459
2002,MDV,28.346015592416126
2002,MEX,18.512173334109782
2002,MKD,10.78870964536702
2002,MLI,29.08248756291451
2002,MLT,19.396340364900727
2002,MMR,25.17469778130677
2002,MNE,12.580230644320777
2002,MNG,-0.1823133870012703
2002,MOZ,24.55707983978676
2002,MRT,29.67457821880223
2002,MSR,26.86218863477309
2002,MUS,24.50563652875523
2002,MWI,22.01756043795615
2002,MYS,27.350790640474056
2002,NAM,22.642480867923098
2002,NER,29.02576516410756
2002,NGA,27.36074481341997
2002,NIC,26.040297018156892
2002,NLD,10.887780574907202
2002,NOR,5.220800514183529
2002,NPL,18.86108928019171
2002,NZL,13.156782601271845
2002,OMN,26.990034544634305
2002,PAK,24.15261364516029
2002,PAN,26.47046590443116
2002,PER,15.779662946330475
2002,PHL,26.854146239211744
2002,POL,9.020878466738028
2002,PRT,14.847034933697822
2002,PRY,23.29147364989416
2002,PSE,20.44245237262625
2002,QAT,26.844058488806088
2002,ROU,10.550981699584575
2002,RUS,4.746630418381272
2002,RWA,19.63618623364046
2002,SAU,26.523683216856725
2002,SDN,28.641363469306075
2002,SEN,28.305119735587272
2002,SGP,27.71679311990738
2002,SLE,27.14519972875915
2002,SLV,26.799537217254056
2002,SOM,27.07158840220557
2002,SRB,11.293446447820727
2002,SSD,28.641363469306075
2002,STP,26.872765138745308
2002,SUR,27.278440020190253
2002,SVK,8.837419826951926
2002,SVN,10.711961926834084
2002,SWE,6.710228830968547
2002,SWZ,20.65226114913821
2002,SXM,26.76115243385236
2002,SYC,27.1500730526944
2002,SYR,17.610882350726364
2002,TCA,26.694558686887223
2002,TCD,28.32797490040275
2002,TGO,27.451271676016898
2002,THA,27.21029782789037
2002,TJK,11.53992350852909
2002,TKM,16.97946219865138
2002,TTO,26.76989425842961
2002,TUN,19.1884134059994
2002,TUR,12.285534410686989
2002,TWN,15.05200828467238
2002,TZA,22.492407885757387
2002,UGA,23.30433392822485
2002,UKR,9.290174087107166
2002,URY,17.629896656665682
2002,USA,14.00051756363149
2002,UZB,14.402254496018674
2002,VCT,26.910194053004187
2002,VEN,25.731425746262584
2002,VGB,26.74186934158206
2002,VNM,25.28421164911082
2002,YEM,24.372107463688508
2002,ZAF,18.062586244655147
2002,ZMB,22.05604347020828
2002,ZWE,21.185320394959128
2003,ABW,26.88096627034247
2003,AGO,22.76488162277913
2003,AIA,26.990557990968227
2003,ALB,14.632491250577049
2003,ARE,28.226833934221546
2003,ARG,17.53418687681688
2003,ARM,6.16529398764295
2003,ATG,27.002837272981807
2003,AUS,16.334600401822417
2003,AUT,8.273308888980534
2003,AZE,11.966027898356243
2003,BDI,21.41389364683092
2003,BEL,10.52693773132792
2003,BEN,27.852604256819763
2003,BFA,28.93166839983749
2003,BGD,25.594539068509143
2003,BGR,10.37030072087648
2003,BHR,26.35205013273905
2003,BHS,26.440600115184974
2003,BIH,10.305072477397912
2003,BLR,6.54135043599296
2003,BLZ,26.36938084573885
2003,BMU,22.719131611287597
2003,BOL,15.749570651298065
2003,BRA,23.288826514761556
2003,BRB,27.10426704833905
2003,BRN,27.617989045878247
2003,BTN,9.465743175685963
2003,BWA,22.140379928267546
2003,CAF,25.85855630817928
2003,CAN,5.001038160223038
2003,CHE,8.148752171099408
2003,CHL,11.750761745716929
2003,CHN,14.68236409432508
2003,CIV,27.014547212908244
2003,CMR,25.08774277842201
2003,COD,24.20187392420892
2003,COG,25.440850209384703
2003,COL,21.56478579053924
2003,COM,26.74304182485988
2003,CPV,24.31341077014804
2003,CRI,24.64322371046436
2003,CUW,26.88096627034247
2003,CYM,27.47534351795912
2003,CYP,20.73076260400315
2003,CZE,8.41976509764783
2003,DEU,9.772146506456457
2003,DJI,28.590492915520443
2003,DMA,27.10054383675257
2003,DNK,8.863409193643868
2003,DOM,25.875827194063
2003,DZA,18.10231503716708
2003,ECU,19.22850829948748
2003,EGY,22.01929363337747
2003,ESP,15.066598347050045
2003,EST,5.670856733288712
2003,ETH,20.364101959224996
2003,FIN,4.0388836781535264
2003,FJI,26.8965203318124
2003,FRA,11.95671974690114
2003,GAB,26.106447599895155
2003,GBR,10.168365614819846
2003,GEO,8.424296726414802
2003,GHA,27.364151587742903
2003,GIN,26.5082376071388
2003,GMB,27.497170074004018
2003,GNB,28.31690884138489
2003,GNQ,25.033333050707977
2003,GRC,14.40843367891102
2003,GRD,27.181184578686956
2003,GTM,22.360887901194037
2003,GUY,27.26697790597875
2003,HKG,14.68236409432508
2003,HND,24.021277339331007
2003,HRV,11.455548059665343
2003,HTI,26.67844230735123
2003,HUN,10.438019657067075
2003,IDN,26.27518565148304
2003,IND,25.83856113771035
2003,IRL,10.245286257217275
2003,IRN,15.338514026356645
2003,IRQ,22.960314192328514
2003,ISL,4.208780138845287
2003,ISR,20.256061060933067
2003,ITA,13.618306051059715
2003,JAM,26.584023276964825
2003,JOR,19.96208784488701
2003,JPN,14.36048774408231
2003,KAZ,5.725906159374749
2003,KEN,20.99060569871469
2003,KGZ,6.147660059504791
2003,KHM,27.688453222890388
2003,KNA,27.002837272981807
2003,KOR,12.205565962471637
2003,KWT,26.137712128460407
2003,LAO,24.57531230547344
2003,LBN,18.43219729264577
2003,LBR,26.27748285767329
2003,LCA,27.12130456790328
2003,LKA,26.57433886372964
2003,LSO,14.476213512129522
2003,LTU,6.786183976103282
2003,LUX,10.515150420367718
2003,LVA,6.437049192957676
2003,MAC,14.68236409432508
2003,MAR,17.96942584634806
2003,MDA,9.746450728391782
2003,MDG,21.70207617817832
2003,MDV,28.31368679801623
2003,MEX,18.63847964028028
2003,MKD,10.744047101382344
2003,MLI,28.948064717427133
2003,MLT,20.11544436526795
2003,MMR,25.223641274501095
2003,MNE,12.57971408824727
2003,MNG,-1.3020878146320105
2003,MOZ,24.467197948182463
2003,MRT,29.4016695693986
2003,MSR,27.11627557563285
2003,MUS,25.000292936960857
2003,MWI,21.863746313567205
2003,MYS,27.220904505798742
2003,NAM,23.08769788249622
2003,NER,29.14797439651589
2003,NGA,27.548973410337965
2003,NIC,26.232801860648284
2003,NLD,10.563277912185724
2003,NOR,5.23564826555805
2003,NPL,18.76701888144581
2003,NZL,13.17641740996048
2003,OMN,27.01731585294207
2003,PAK,23.436306662814463
2003,PAN,26.55775707924912
2003,PER,15.638655118060733
2003,PHL,26.701175666658408
2003,POL,8.193694398476211
2003,PRT,15.129719092710516
2003,PRY,22.82399165066453
2003,PSE,20.256061060933067
2003,QAT,26.77802083765467
2003,ROU,9.456536183415167
2003,RUS,4.43102877102747
2003,RWA,19.69553560200696
2003,SAU,26.73883872379184
2003,SDN,28.68324313119244
2003,SEN,27.971253277253776
2003,SGP,27.696620936195057
2003,SLE,27.229186278281183
2003,SLV,26.96182954877993
2003,SOM,27.096383151056845
2003,SRB,10.5531205117614
2003,SSD,28.68324313119244
2003,STP,27.05594328790903
2003,SUR,27.64646397301533
2003,SVK,8.275741567825818
2003,SVN,10.26458646735449
2003,SWE,6.407425030983412
2003,SWZ,21.130560810367268
2003,SXM,27.002837272981807
2003,SYC,26.931372553110123
2003,SYR,17.57203106140189
2003,TCA,26.893827445805076
2003,TCD,28.529191233052668
2003,TGO,27.76421588238688
2003,THA,27.07740280970597
2003,TJK,11.056443528251188
2003,TKM,16.299352116831024
2003,TTO,27.038459055125717
2003,TUN,19.49250000876937
2003,TUR,12.32660288823724
2003,TWN,14.68236409432508
2003,TZA,22.89741714519157
2003,UGA,23.36512041836933
2003,UKR,8.129648171005826
2003,URY,17.146649677456217
2003,USA,13.4982322132957
2003,UZB,13.85855271293479
2003,VCT,27.181184578686956
2003,VEN,25.817946838290972
2003,VGB,27.074933522691328
2003,VNM,25.38641189012249
2003,YEM,24.44641615551074
2003,ZAF,18.46114446928171
2003,ZMB,21.926882286047157
2003,ZWE,20.86361242818332
2004,ABW,26.78787118258576
2004,AGO,22.582917452392067
2004,AIA,26.846574254333973
2004,ALB,14.222316044008174
2004,ARE,28.11918518193088
2004,ARG,17.602998806228822
2004,ARM,6.354883089422147
2004,ATG,26.96876380592585
2004,AUS,16.39129456866473
2004,AUT,7.6691086348471025
2004,AZE,12.745119283637084
2004,BDI,21.42684595538031
2004,BEL,10.04099635544465
2004,BEN,27.7669148247349
2004,BFA,29.02798446749403
2004,BGD,25.75303320687508
2004,BGR,10.688062922570095
2004,BHR,26.220493806836505
2004,BHS,25.77378683847685
2004,BIH,9.907031676849654
2004,BLR,6.727129010528358
2004,BLZ,26.169095605127108
2004,BMU,22.520149153967697
2004,BOL,15.804389836522606
2004,BRA,22.889239731393047
2004,BRB,27.237481027841568
2004,BRN,27.506071371336773
2004,BTN,9.482323415934948
2004,BWA,21.105107028746488
2004,CAF,26.004579742770204
2004,CAN,5.066741404194853
2004,CHE,7.323046966623173
2004,CHL,11.72980309997194
2004,CHN,14.976478747372656
2004,CIV,26.90088453510935
2004,CMR,25.141842893383185
2004,COD,24.291403628240023
2004,COG,25.36215398519029
2004,COL,21.41849417963574
2004,COM,26.71443706735348
2004,CPV,24.41061659653981
2004,CRI,24.496272552273545
2004,CUW,26.78787118258576
2004,CYM,27.24841947853565
2004,CYP,20.444460577641923
2004,CZE,8.04283998504921
2004,DEU,9.27849018840034
2004,DJI,28.412225250970923
2004,DMA,27.18592237184445
2004,DNK,8.908865068144909
2004,DOM,25.645311016732247
2004,DZA,17.505389126877976
2004,ECU,19.190159570553188
2004,EGY,21.90552191261396
2004,ESP,14.534262084361464
2004,EST,5.974048800362707
2004,ETH,20.211123942025527
2004,FIN,4.3183300059131655
2004,FJI,27.036797784268856
2004,FRA,11.166547257722284
2004,GAB,25.93841183629587
2004,GBR,10.17929643136839
2004,GEO,8.803574415531969
2004,GHA,27.247910492568515
2004,GIN,26.494889613664032
2004,GMB,27.493693097657115
2004,GNB,28.240962269505005
2004,GNQ,25.03506324440241
2004,GRC,14.370484719780755
2004,GRD,27.29041848083337
2004,GTM,22.065807693050942
2004,GUY,27.17097273650796
2004,HKG,14.976478747372656
2004,HND,23.939344530473573
2004,HRV,10.837551755867734
2004,HTI,26.47114202358617
2004,HUN,10.234356151351276
2004,IDN,26.25238523773599
2004,IND,25.804691838827093
2004,IRL,10.209665652584675
2004,IRN,15.493361826358148
2004,IRQ,22.864727971331853
2004,ISL,3.73617532024712
2004,ISR,20.138711546533862
2004,ITA,12.930863799787115
2004,JAM,26.30492142836253
2004,JOR,19.948996407791032
2004,JPN,15.21610945598405
2004,KAZ,6.813953565799893
2004,KEN,20.91813245290311
2004,KGZ,7.029609574895641
2004,KHM,27.567228881391053
2004,KNA,26.96876380592585
2004,KOR,12.790517887632252
2004,KWT,25.91259637925153
2004,LAO,24.174395555439755
2004,LBN,18.27619162403668
2004,LBR,26.19563652919711
2004,LCA,27.236978019277256
2004,LKA,26.44955569300773
2004,LSO,14.259798303267791
2004,LTU,6.745625204603756
2004,LUX,9.597632080316544
2004,LVA,6.4804992212550125
2004,MAC,14.976478747372656
2004,MAR,17.69986876156898
2004,MDA,10.29497776506184
2004,MDG,21.47385518835848
2004,MDV,28.166076673039544
2004,MEX,18.22944918823656
2004,MKD,10.493568520969625
2004,MLI,29.177516456504225
2004,MLT,19.28735644572104
2004,MMR,25.136065260202948
2004,MNE,12.097810318584507
2004,MNG,-0.1223708170426834
2004,MOZ,24.311765847717307
2004,MRT,29.70407834856588
2004,MSR,27.151782641808197
2004,MUS,24.59123258665204
2004,MWI,21.825375244451116
2004,MYS,27.177218258115914
2004,NAM,22.57506540766516
2004,NER,29.24402943955732
2004,NGA,27.49681380530691
2004,NIC,26.08041994726612
2004,NLD,10.41318202660247
2004,NOR,5.227350865557767
2004,NPL,18.79941111800751
2004,NZL,12.646200538004344
2004,OMN,27.09790938477354
2004,PAK,24.114482961582667
2004,PAN,26.472071912686523
2004,PER,15.543704708426358
2004,PHL,26.727594843867085
2004,POL,8.21073918928583
2004,PRT,14.839061669336964
2004,PRY,22.493238127557905
2004,PSE,20.138711546533862
2004,QAT,26.628017048041027
2004,ROU,9.656490238242744
2004,RUS,4.821747057474421
2004,RWA,19.70745351514236
2004,SAU,26.435116557226905
2004,SDN,28.744179205227532
2004,SEN,28.02126083719441
2004,SGP,27.56667699913184
2004,SLE,27.2644402261859
2004,SLV,26.832831363486648
2004,SOM,26.79616209788144
2004,SRB,10.4648635308593
2004,SSD,28.744179205227532
2004,STP,26.797738300015528
2004,SUR,27.58307818426491
2004,SVK,7.899646979919523
2004,SVN,9.563988927191984
2004,SWE,6.336441165428913
2004,SWZ,20.61710976064205
2004,SXM,26.96876380592585
2004,SYC,27.19650575254733
2004,SYR,17.519662273150292
2004,TCA,26.3379314027261
2004,TCD,28.670473811593823
2004,TGO,27.648475589695565
2004,THA,26.96471980735801
2004,TJK,12.019021583352096
2004,TKM,17.203779190099624
2004,TTO,27.0500802770257
2004,TUN,18.86289561621335
2004,TUR,12.248472636540155
2004,TWN,14.976478747372656
2004,TZA,22.6698889409743
2004,UGA,23.442494268939186
2004,UKR,8.763078508468158
2004,URY,17.616448662886324
2004,USA,13.72761178161435
2004,UZB,14.911240651810475
2004,VCT,27.29041848083337
2004,VEN,25.625340794991125
2004,VGB,26.875195839752752
2004,VNM,24.858378999687723
2004,YEM,24.22234105572387
2004,ZAF,18.037988483706627
2004,ZMB,21.596403562840607
2004,ZWE,20.526085002072318
2005,ABW,27.33623251815637
2005,AGO,22.87959596215496
2005,AIA,27.36539112310857
2005,ALB,13.824223602737003
2005,ARE,27.921592434204744
2005,ARG,17.41350088663789
2005,ARM,6.468531157369032
2005,ATG,27.485348880290985
2005,AUS,16.722412405601418
2005,AUT,7.3843167056754435
2005,AZE,12.88897262015214
2005,BDI,22.255752836623305
2005,BEL,10.311382112758537
2005,BEN,27.939223611682536
2005,BFA,29.28366843806616
2005,BGD,25.86030052181018
2005,BGR,10.154179587369638
2005,BHR,25.854511281475425
2005,BHS,25.931904305548716
2005,BIH,9.126978803852388
2005,BLR,6.808598940306701
2005,BLZ,26.35032228870509
2005,BMU,22.29749051419397
2005,BOL,15.71211568794037
2005,BRA,23.350079042574876
2005,BRB,27.633466611305877
2005,BRN,27.603829865654305
2005,BTN,9.592984554350275
2005,BWA,22.32937645537178
2005,CAF,26.228595035719408
2005,CAN,5.771404022715979
2005,CHE,7.01367737124672
2005,CHL,11.421511340495092
2005,CHN,14.589954360640728
2005,CIV,27.08265984440693
2005,CMR,25.26240694394332
2005,COD,24.70079632288404
2005,COG,25.56860912568779
2005,COL,21.55549950489217
2005,COM,26.74552437538902
2005,CPV,24.674936920404438
2005,CRI,24.506990427103187
2005,CUW,27.33623251815637
2005,CYM,27.218257713442046
2005,CYP,20.396335581938427
2005,CZE,7.889548514106999
2005,DEU,9.40751927532238
2005,DJI,28.47509409744551
2005,DMA,27.597688456376392
2005,DNK,9.001726224844207
2005,DOM,25.84749229793287
2005,DZA,17.431601230033955
2005,ECU,19.065330310603606
2005,EGY,21.85320585442869
2005,ESP,14.486401712153231
2005,EST,6.0658510916379385
2005,ETH,20.298547935753167
2005,FIN,4.852755467137596
2005,FJI,27.098812728965036
2005,FRA,11.176020830367682
2005,GAB,25.946308561351223
2005,GBR,10.135811688715894
2005,GEO,8.955589239712923
2005,GHA,27.31284878643289
2005,GIN,26.757799949865014
2005,GMB,27.922761310673707
2005,GNB,28.765124818907555
2005,GNQ,24.96191060046355
2005,GRC,14.158751984714575
2005,GRD,27.690205678343773
2005,GTM,22.13943031219438
2005,GUY,27.329172196203803
2005,HKG,14.589954360640728
2005,HND,24.119557480270785
2005,HRV,10.308504354951252
2005,HTI,26.564860949311377
2005,HUN,9.866807987859378
2005,IDN,26.35436358241532
2005,IND,25.76134152286908
2005,IRL,10.328414225697191
2005,IRN,15.25100024896602
2005,IRQ,22.726949646897552
2005,ISL,3.082633321004826
2005,ISR,20.10036360998641
2005,ITA,12.513334892864332
2005,JAM,26.415515797833603
2005,JOR,19.85527686749582
2005,JPN,14.44250053722102
2005,KAZ,6.371772057989836
2005,KEN,21.295402629042893
2005,KGZ,6.531478817701019
2005,KHM,27.64652777581117
2005,KNA,27.485348880290985
2005,KOR,11.829044478144295
2005,KWT,25.771407895255837
2005,LAO,24.59033660326086
2005,LBN,18.24282528801511
2005,LBR,26.374469695391863
2005,LCA,27.652016505599025
2005,LKA,26.53038727412268
2005,LSO,14.232167457503897
2005,LTU,6.825568626578537
2005,LUX,9.942355918387571
2005,LVA,6.448835338145007
2005,MAC,14.589954360640728
2005,MAR,17.763652990745967
2005,MDA,10.235067089982005
2005,MDG,21.61158752585612
2005,MDV,28.01892755361041
2005,MEX,18.637613448344805
2005,MKD,9.92374426815218
2005,MLI,29.189915620245504
2005,MLT,19.49441356747654
2005,MMR,25.695404220736396
2005,MNE,11.540088708763388
2005,MNG,-1.4561299086291324
2005,MOZ,24.922257170761405
2005,MRT,29.64564128755572
2005,MSR,27.618022715051968
2005,MUS,24.72671227746953
2005,MWI,22.481283883536943
2005,MYS,27.367426173775154
2005,NAM,23.0504959202717
2005,NER,29.507740759792863
2005,NGA,27.81132555010649
2005,NIC,26.11705252820185
2005,NLD,10.641490982587207
2005,NOR,5.471992395097202
2005,NPL,19.021402295448944
2005,NZL,13.587404778342457
2005,OMN,26.952415149861807
2005,PAK,23.034059137984656
2005,PAN,26.50732685427956
2005,PER,15.576444624892249
2005,PHL,26.840927750647968
2005,POL,8.152279721347183
2005,PRT,14.929139670587023
2005,PRY,22.808672011823475
2005,PSE,20.10036360998641
2005,QAT,26.24813502778609
2005,ROU,9.253382449881885
2005,RUS,4.904290393630932
2005,RWA,20.386152592059016
2005,SAU,26.425112177262616
2005,SDN,28.957078994236326
2005,SEN,28.33308192989209
2005,SGP,27.76188941796621
2005,SLE,27.389331183573542
2005,SLV,26.62044753297558
2005,SOM,26.98467005644236
2005,SRB,9.73396823696606
2005,SSD,28.957078994236326
2005,STP,26.6890094957004
2005,SUR,27.56832121482648
2005,SVK,7.638763491836822
2005,SVN,9.211119630407367
2005,SWE,6.631652769474052
2005,SWZ,21.09381183236837
2005,SXM,27.485348880290985
2005,SYC,27.09718599853416
2005,SYR,17.443616146632014
2005,TCA,26.6714618653059
2005,TCD,29.007160359423104
2005,TGO,27.731482653740805
2005,THA,27.291783024254222
2005,TJK,11.32686574011647
2005,TKM,17.094236869097276
2005,TTO,27.38175980746746
2005,TUN,18.676165799240625
2005,TUR,12.39488997085084
2005,TWN,14.589954360640728
2005,TZA,23.39538362802837
2005,UGA,23.94267230765027
2005,UKR,8.788606556993308
2005,URY,17.5988070861729
2005,USA,13.97097297424975
2005,UZB,14.425502066646583
2005,VCT,27.690205678343773
2005,VEN,25.89487540138432
2005,VGB,27.374635042001803
2005,VNM,24.99331322063448
2005,YEM,24.3702478143768
2005,ZAF,18.392713412153043
2005,ZMB,22.53369561474778
2005,ZWE,21.63613271541839
2006,ABW,26.92756598939498
2006,AGO,22.811494403663037
2006,AIA,27.073784564932183
2006,ALB,13.899096022634314
2006,ARE,28.08889265429797
2006,ARG,17.83165185284558
2006,ARM,6.849487189778251
2006,ATG,27.117038498322174
2006,AUS,16.45578597677574
2006,AUT,8.006291199039232
2006,AZE,12.884343630355902
2006,BDI,21.6617153844901
2006,BEL,10.695988677357628
2006,BEN,27.97602056522765
2006,BFA,29.007384011410508
2006,BGD,26.0920304760386
2006,BGR,10.587160748729138
2006,BHR,26.45896282295386
2006,BHS,25.984275598699853
2006,BIH,9.903313979510528
2006,BLR,6.827492352546819
2006,BLZ,26.024789131862665
2006,BMU,22.150650265471388
2006,BOL,15.834891725234378
2006,BRA,23.198074778507912
2006,BRB,27.28695093592008
2006,BRN,27.63289173940818
2006,BTN,9.982740417205802
2006,BWA,20.721057093211144
2006,CAF,26.099149320650397
2006,CAN,6.422763453378272
2006,CHE,7.799768341719863
2006,CHL,11.771748476056842
2006,CHN,15.21295559710824
2006,CIV,26.856569790187333
2006,CMR,25.15867539898388
2006,COD,24.47819096777856
2006,COG,25.557051908991703
2006,COL,21.445186396360977
2006,COM,26.53416998994847
2006,CPV,24.50514928003152
2006,CRI,24.423200026485
2006,CUW,26.92756598939498
2006,CYM,27.321109992762405
2006,CYP,20.501947948088247
2006,CZE,8.46594112335292
2006,DEU,9.92934771786553
2006,DJI,28.34865772899785
2006,DMA,27.26634934047858
2006,DNK,9.533952335128069
2006,DOM,25.869957692338115
2006,DZA,18.208590953654685
2006,ECU,19.215791705968428
2006,EGY,21.84613800855446
2006,ESP,15.230518279857217
2006,EST,6.46164386334137
2006,ETH,20.307620144798744
2006,FIN,4.737236623420912
2006,FJI,27.03796861569087
2006,FRA,11.753352318457775
2006,GAB,26.007337095304724
2006,GBR,10.503019908834103
2006,GEO,9.129082396053771
2006,GHA,27.369960734212636
2006,GIN,26.53495632420942
2006,GMB,27.456596748174665
2006,GNB,28.1257861831294
2006,GNQ,24.964187249541283
2006,GRC,14.128581821468456
2006,GRD,27.39022613565127
2006,GTM,22.00265594468814
2006,GUY,27.065574759874675
2006,HKG,15.21295559710824
2006,HND,24.037687755190777
2006,HRV,11.235189655177388
2006,HTI,26.638095835849388
2006,HUN,10.587653727704197
2006,IDN,26.210063392287864
2006,IND,25.970213187145216
2006,IRL,10.42174034121115
2006,IRN,15.681954668791912
2006,IRQ,22.95706744486271
2006,ISL,3.524420292280632
2006,ISR,20.048445373798742
2006,ITA,13.168042692933238
2006,JAM,26.551378538211186
2006,JOR,19.83930356849015
2006,JPN,14.530364678022554
2006,KAZ,6.482362613880084
2006,KEN,21.005943991459905
2006,KGZ,6.943861308865219
2006,KHM,27.67354982629245
2006,KNA,27.117038498322174
2006,KOR,12.389575011263396
2006,KWT,26.11761226008336
2006,LAO,24.64851262568267
2006,LBN,18.225310288369656
2006,LBR,26.303361162150715
2006,LCA,27.31346194197734
2006,LKA,26.4580094584844
2006,LSO,13.50984158935677
2006,LTU,7.264820676820003
2006,LUX,10.333946612974009
2006,LVA,7.067896920218884
2006,MAC,15.21295559710824
2006,MAR,17.988667998107076
2006,MDA,9.953613327483986
2006,MDG,21.81198556250588
2006,MDV,28.160365559781592
2006,MEX,18.54764696378463
2006,MKD,10.121231157410977
2006,MLI,28.65453320427027
2006,MLT,19.9151694610094
2006,MMR,25.27498221748346
2006,MNE,11.884587398314329
2006,MNG,-0.259940222461009
2006,MOZ,24.465104084607184
2006,MRT,29.31824795640947
2006,MSR,27.281276514132816
2006,MUS,24.55306225642562
2006,MWI,21.903012784600534
2006,MYS,27.191779238308733
2006,NAM,21.60662038593625
2006,NER,29.343614251145738
2006,NGA,27.756477941481805
2006,NIC,26.17129461070258
2006,NLD,11.060368358910203
2006,NOR,5.875611599278087
2006,NPL,19.33089441202347
2006,NZL,12.957661946357764
2006,OMN,27.024205380851743
2006,PAK,23.958066025788128
2006,PAN,26.414759753032133
2006,PER,15.652509942157204
2006,PHL,26.888956423023064
2006,POL,8.538167949774403
2006,PRT,15.395664748487963
2006,PRY,23.2592260213836
2006,PSE,20.048445373798742
2006,QAT,26.888556331396103
2006,ROU,9.613894363753062
2006,RUS,4.22256111007357
2006,RWA,19.91544413715827
2006,SAU,26.370528296370576
2006,SDN,28.46341228241629
2006,SEN,28.00151983088641
2006,SGP,27.67315214003126
2006,SLE,27.335383542831217
2006,SLV,26.65599355653955
2006,SOM,26.92948675345473
2006,SRB,10.367429632905662
2006,SSD,28.46341228241629
2006,STP,26.813257838288944
2006,SUR,27.319498515532004
2006,SVK,8.274820294303408
2006,SVN,9.955103095738698
2006,SWE,7.0494215058810665
2006,SWZ,20.47284077728788
2006,SXM,27.117038498322174
2006,SYC,27.04369825559358
2006,SYR,17.444462029659675
2006,TCA,26.67207757011056
2006,TCD,28.965435197736845
2006,TGO,27.832598581506577
2006,THA,27.22876849405362
2006,TJK,11.918742645543215
2006,TKM,17.136374582368678
2006,TTO,27.05084389448166
2006,TUN,19.28511524876356
2006,TUR,12.39781600310147
2006,TWN,15.21295559710824
2006,TZA,22.73443212737425
2006,UGA,23.384230175549867
2006,UKR,8.353274265608242
2006,URY,17.60705959432682
2006,USA,14.366194103135465
2006,UZB,14.557938455942187
2006,VCT,27.39022613565127
2006,VEN,25.68070260007008
2006,VGB,27.125742425521214
2006,VNM,25.25840244225619
2006,YEM,24.42696609226059
2006,ZAF,17.62467708700286
2006,ZMB,21.917830763808325
2006,ZWE,20.901685676402305
2007,ABW,26.740641592691343
2007,AGO,22.92165148802228
2007,AIA,27.14423202474912
2007,ALB,14.661473994564458
2007,ARE,28.05827656590461
2007,ARG,16.889333505911882
2007,ARM,6.040971456706798
2007,ATG,27.15474344789982
2007,AUS,16.89985624862894
2007,AUT,8.825681230306625
2007,AZE,12.623237317304012
2007,BDI,21.43970774107442
2007,BEL,10.72445748256762
2007,BEN,27.88165649766923
2007,BFA,28.965363114279175
2007,BGD,25.64761115635848
2007,BGR,11.694034834877971
2007,BHR,26.300115345666807
2007,BHS,26.363809286306303
2007,BIH,10.899677796740123
2007,BLR,7.809164706460412
2007,BLZ,26.43536871303296
2007,BMU,21.961808818082016
2007,BOL,15.76016577814039
2007,BRA,23.33516026839449
2007,BRB,27.195822668572266
2007,BRN,27.528915952270225
2007,BTN,9.963503169597573
2007,BWA,21.335181770092017
2007,CAF,25.95697396899933
2007,CAN,5.3019979632001295
2007,CHE,8.005413543229437
2007,CHL,10.645658377002777
2007,CHN,15.346964594737
2007,CIV,26.94270333910649
2007,CMR,25.18534745421841
2007,COD,24.306495069516338
2007,COG,25.403230197358173
2007,COL,21.38906221724635
2007,COM,26.926548406481743
2007,CPV,23.944787020484608
2007,CRI,24.448900140370053
2007,CUW,26.740641592691343
2007,CYM,27.546927026783425
2007,CYP,20.71434696391225
2007,CZE,9.21930564149211
2007,DEU,10.179419572191112
2007,DJI,28.493741718697244
2007,DMA,27.21080054094394
2007,DNK,9.62278513423798
2007,DOM,25.892716252287364
2007,DZA,17.62451129088391
2007,ECU,19.07557774187624
2007,EGY,22.10860217411549
2007,ESP,14.388960623436128
2007,EST,6.817688510856661
2007,ETH,20.141777649134504
2007,FIN,5.002541026700232
2007,FJI,27.249871628979843
2007,FRA,11.49139427536205
2007,GAB,26.092793626120155
2007,GBR,10.3069856564226
2007,GEO,8.943779400568914
2007,GHA,27.32241852924028
2007,GIN,26.53966961792903
2007,GMB,27.5738313585813
2007,GNB,28.31220887900632
2007,GNQ,25.052827949325245
2007,GRC,14.970612567671326
2007,GRD,27.290113707383476
2007,GTM,22.022847593527665
2007,GUY,27.069472484917696
2007,HKG,15.346964594737
2007,HND,23.796883993834555
2007,HRV,12.133340905673828
2007,HTI,26.6660510879432
2007,HUN,11.686274199000566
2007,IDN,26.118538170771465
2007,IND,25.78993112424852
2007,IRL,10.547786820553814
2007,IRN,15.136432239454315
2007,IRQ,22.978807050181253
2007,ISL,3.4790942522117745
2007,ISR,20.376479102775853
2007,ITA,13.503310412965002
2007,JAM,26.57803319270412
2007,JOR,20.13590778325319
2007,JPN,14.974780844618216
2007,KAZ,6.798441802426647
2007,KEN,20.822131594450823
2007,KGZ,6.96142923006713
2007,KHM,27.475507228489857
2007,KNA,27.15474344789982
2007,KOR,12.829921256461784
2007,KWT,26.005733008186024
2007,LAO,24.389555823756115
2007,LBN,18.538263730549563
2007,LBR,26.247034103547303
2007,LCA,27.23859004676342
2007,LKA,26.385768816154723
2007,LSO,14.067371316239422
2007,LTU,7.795215603367201
2007,LUX,10.384499911529325
2007,LVA,7.365326882314398
2007,MAC,15.346964594737
2007,MAR,17.56871273703025
2007,MDA,11.73854572301472
2007,MDG,21.745423102711616
2007,MDV,28.19670348366101
2007,MEX,18.421897456353573
2007,MKD,11.340879341028309
2007,MLI,28.868648368281324
2007,MLT,20.037857583413523
2007,MMR,25.098283081805576
2007,MNE,12.73232685400276
2007,MNG,1.030451737159264
2007,MOZ,24.581275633017167
2007,MRT,29.408248671333183
2007,MSR,27.23703846583764
2007,MUS,24.64519410611441
2007,MWI,22.042602428282656
2007,MYS,27.065432263103368
2007,NAM,23.050111167928893
2007,NER,29.306236555583244
2007,NGA,27.664470235966395
2007,NIC,26.016480663648387
2007,NLD,11.155205014598092
2007,NOR,5.377372608599852
2007,NPL,18.85469850751286
2007,NZL,13.209851322603884
2007,OMN,27.039725066679264
2007,PAK,23.696458851472187
2007,PAN,26.39614078607632
2007,PER,15.440695710475753
2007,PHL,26.90396898440665
2007,POL,9.22100760681577
2007,PRT,14.635911270312002
2007,PRY,22.522935250941057
2007,PSE,20.376479102775853
2007,QAT,26.7501609272634
2007,ROU,10.886781321368048
2007,RUS,5.494210925931029
2007,RWA,19.66622394288419
2007,SAU,26.498609973348483
2007,SDN,28.239027602652197
2007,SEN,28.12029334497665
2007,SGP,27.488120364025235
2007,SLE,27.253765401073125
2007,SLV,26.63084952261382
2007,SOM,27.114505475809345
2007,SRB,11.521577743266503
2007,SSD,28.239027602652197
2007,STP,27.05435703198115
2007,SUR,27.375727854651497
2007,SVK,9.19092478009637
2007,SVN,10.766672721925955
2007,SWE,6.991147564919748
2007,SWZ,20.927841807405155
2007,SXM,27.15474344789982
2007,SYC,27.45292649914821
2007,SYR,17.787600221921437
2007,TCA,27.012189249197643
2007,TCD,28.661368723950147
2007,TGO,27.74745941485812
2007,THA,27.0941020926038
2007,TJK,11.598738664929696
2007,TKM,16.781384983022555
2007,TTO,26.9655538101991
2007,TUN,19.145487459736124
2007,TUR,12.780498214254006
2007,TWN,15.346964594737
2007,TZA,22.62168892460568
2007,UGA,23.05290206371069
2007,UKR,10.039935104017257
2007,URY,17.07615948730888
2007,USA,14.06513556977298
2007,UZB,14.460931816058364
2007,VCT,27.290113707383476
2007,VEN,25.67904809454009
2007,VGB,27.24611126879851
2007,VNM,25.082826848323528
2007,YEM,24.2614110210304
2007,ZAF,18.099201336044764
2007,ZMB,22.143779861091428
2007,ZWE,20.89360703591985
2008,ABW,26.6810204188029
2008,AGO,22.62464051081846
2008,AIA,26.630289237635832
2008,ALB,14.606872808551438
2008,ARE,27.57723192435133
2008,ARG,17.82943870098759
2008,ARM,6.3672367853078295
2008,ATG,26.72231459586571
2008,AUS,16.19502531645002
2008,AUT,8.619089561888213
2008,AZE,12.672715549723131
2008,BDI,21.255283260036297
2008,BEL,10.107104200302723
2008,BEN,27.695527804900102
2008,BFA,28.38733459226376
2008,BGD,25.715346991639777
2008,BGR,11.398330595546714
2008,BHR,25.890949885050457
2008,BHS,25.99639838902901
2008,BIH,10.95594855665759
2008,BLR,8.014886455281365
2008,BLZ,26.13866515689752
2008,BMU,22.328607166806854
2008,BOL,15.484324528701208
2008,BRA,22.940421546700808
2008,BRB,26.96445253180961
2008,BRN,27.318089809268717
2008,BTN,9.685752450398484
2008,BWA,21.30698757393744
2008,CAF,25.84449765394602
2008,CAN,5.103430838820347
2008,CHE,7.574625882810031
2008,CHL,11.921012676414538
2008,CHN,14.75220498311386
2008,CIV,26.798833726548924
2008,CMR,25.11993305883648
2008,COD,24.21648794956972
2008,COG,25.261639139451308
2008,COL,21.10579154981259
2008,COM,26.33414047397673
2008,CPV,24.2722012984256
2008,CRI,24.112944239240225
2008,CUW,26.6810204188029
2008,CYM,27.224784565002967
2008,CYP,21.10238143646468
2008,CZE,9.060346136201154
2008,DEU,9.773895502153891
2008,DJI,27.94750172631576
2008,DMA,26.8863497239848
2008,DNK,9.555768146800071
2008,DOM,25.49913001671556
2008,DZA,17.7221608951095
2008,ECU,18.928909181409235
2008,EGY,22.462052606686093
2008,ESP,14.302874952717914
2008,EST,7.316447889886096
2008,ETH,20.08000998188255
2008,FIN,5.435444362440203
2008,FJI,27.03067041685184
2008,FRA,11.099617275770344
2008,GAB,25.973942764342677
2008,GBR,9.786303992165836
2008,GEO,8.77312154156156
2008,GHA,27.251082398990533
2008,GIN,26.540604473385503
2008,GMB,27.62224253252927
2008,GNB,28.34508329483122
2008,GNQ,25.082323126494884
2008,GRC,14.957116295073478
2008,GRD,27.063469362134736
2008,GTM,21.714415662051863
2008,GUY,26.8147194539347
2008,HKG,14.75220498311386
2008,HND,23.56874535401952
2008,HRV,12.055377510890494
2008,HTI,26.29069031408992
2008,HUN,11.465987976353352
2008,IDN,25.932466275439797
2008,IND,25.57318679776785
2008,IRL,9.879646731673034
2008,IRN,15.362748005823192
2008,IRQ,23.21360376858633
2008,ISL,3.260588049833319
2008,ISR,20.537172576153317
2008,ITA,13.208181900889056
2008,JAM,26.25605690386146
2008,JOR,20.35176429645434
2008,JPN,14.646399575455463
2008,KAZ,6.680776549894628
2008,KEN,20.85022632586816
2008,KGZ,6.661963059359514
2008,KHM,27.17462022397807
2008,KNA,26.72231459586571
2008,KOR,12.51375608468356
2008,KWT,26.00267610109101
2008,LAO,23.858612217719177
2008,LBN,18.74380377555887
2008,LBR,26.213126668837013
2008,LCA,26.96636858209968
2008,LKA,26.367122124437405
2008,LSO,13.947449834214412
2008,LTU,8.092146471668922
2008,LUX,9.776687285552422
2008,LVA,7.779503873977417
2008,MAC,14.75220498311386
2008,MAR,17.5157232692698
2008,MDA,11.1780714107535
2008,MDG,21.34224606221193
2008,MDV,28.12522608755777
2008,MEX,18.257410806386
2008,MKD,11.31197311784772
2008,MLI,28.521734900794577
2008,MLT,20.02484888335069
2008,MMR,25.113807373738343
2008,MNE,12.589612968420184
2008,MNG,-0.0108416343176226
2008,MOZ,24.263192884991664
2008,MRT,29.520825659174424
2008,MSR,26.875623993575573
2008,MUS,24.46639712537096
2008,MWI,21.71426189599497
2008,MYS,26.892710946747272
2008,NAM,22.417719459553805
2008,NER,28.716720716071425
2008,NGA,27.532396077353287
2008,NIC,25.53599654599936
2008,NLD,10.512887313395876
2008,NOR,5.602811715746057
2008,NPL,18.809532480725288
2008,NZL,13.358872114576547
2008,OMN,26.784359883603205
2008,PAK,23.45213168357075
2008,PAN,26.16287022284393
2008,PER,15.56687065930836
2008,PHL,26.647523582677287
2008,POL,9.296724251966914
2008,PRT,14.495622208828182
2008,PRY,22.59054159875164
2008,PSE,20.537172576153317
2008,QAT,26.2861720174551
2008,ROU,10.548551680525463
2008,RUS,5.601519773567241
2008,RWA,19.537436767249662
2008,SAU,26.457970686826467
2008,SDN,28.544701584502604
2008,SEN,28.25525115867149
2008,SGP,27.366077482700348
2008,SLE,27.287668093260983
2008,SLV,26.41679338406694
2008,SOM,26.774806131506462
2008,SRB,11.493847829736294
2008,SSD,28.544701584502604
2008,STP,26.82246840248505
2008,SUR,27.27818525424658
2008,SVK,9.165246934254537
2008,SVN,10.634344629270023
2008,SWE,7.17445856266513
2008,SWZ,20.585514552658424
2008,SXM,26.72231459586571
2008,SYC,26.797204689433176
2008,SYR,17.95184097929859
2008,TCA,26.46491238071273
2008,TCD,28.39658144195561
2008,TGO,27.61197752281836
2008,THA,26.60994662788849
2008,TJK,11.25101440552162
2008,TKM,16.408437967197585
2008,TTO,26.82507759022216
2008,TUN,19.16833443588538
2008,TUR,12.737187910906847
2008,TWN,14.75220498311386
2008,TZA,22.44149582978751
2008,UGA,23.11022475974032
2008,UKR,9.513441064761778
2008,URY,17.80648099980435
2008,USA,13.519463735882546
2008,UZB,13.937596187001338
2008,VCT,27.063469362134736
2008,VEN,25.49488327036069
2008,VGB,26.663088601703446
2008,VNM,24.566675741100013
2008,YEM,23.9471002652243
2008,ZAF,18.014051723648357
2008,ZMB,21.773362726193
2008,ZWE,20.880224343621578
2009,ABW,26.65112666537364
2009,AGO,22.851843939345063
2009,AIA,26.66756197491971
2009,ALB,14.544132410443767
2009,ARE,28.048043289799278
2009,ARG,17.790624930102492
2009,ARM,6.458447832885452
2009,ATG,26.75807243422605
2009,AUS,16.90693665167437
2009,AUT,8.334826458143437
2009,AZE,12.63918126184463
2009,BDI,21.431483594395573
2009,BEL,10.199574208731867
2009,BEN,27.711844016252385
2009,BFA,29.00994102172876
2009,BGD,26.20956177217589
2009,BGR,11.301957251142056
2009,BHR,26.31412834767252
2009,BHS,25.839590491726995
2009,BIH,10.649949876933402
2009,BLR,7.070062142117743
2009,BLZ,26.35326969270146
2009,BMU,22.683182413379352
2009,BOL,15.843565013458514
2009,BRA,23.332035086676942
2009,BRB,27.0339848579218
2009,BRN,27.74624516566594
2009,BTN,10.279267418886793
2009,BWA,20.971085778611744
2009,CAF,26.100571152720757
2009,CAN,4.918248430268178
2009,CHE,7.74162287057924
2009,CHL,11.703729248172346
2009,CHN,14.925050189784654
2009,CIV,26.906507262766667
2009,CMR,25.29692273134178
2009,COD,24.32882333219804
2009,COG,25.37082730728697
2009,COL,21.7202434259885
2009,COM,26.888034369796515
2009,CPV,23.91780672781169
2009,CRI,24.528416983566547
2009,CUW,26.65112666537364
2009,CYM,27.289566005618934
2009,CYP,21.070562766864896
2009,CZE,8.585551943281356
2009,DEU,9.507738408196587
2009,DJI,28.44725026129089
2009,DMA,26.98313215840608
2009,DNK,9.034862387655542
2009,DOM,25.5805339454198
2009,DZA,17.904372200504582
2009,ECU,19.337496022427917
2009,EGY,22.30458665163046
2009,ESP,15.013596849889232
2009,EST,6.09759984643771
2009,ETH,20.65064493973875
2009,FIN,4.229317294946146
2009,FJI,26.572825690110523
2009,FRA,11.456031028356769
2009,GAB,26.048417289417607
2009,GBR,9.905804340460463
2009,GEO,9.066646585116786
2009,GHA,27.233039953492625
2009,GIN,26.50217452326673
2009,GMB,27.25954740213733
2009,GNB,28.010741276274278
2009,GNQ,25.106325519581635
2009,GRC,14.861566313071842
2009,GRD,27.141873023162287
2009,GTM,22.0727968583343
2009,GUY,27.245762615430625
2009,HKG,14.925050189784654
2009,HND,23.95916982471671
2009,HRV,11.885378574159589
2009,HTI,26.36673986115964
2009,HUN,11.293200612830049
2009,IDN,26.308970763077404
2009,IND,26.32536763232134
2009,IRL,9.915799187501714
2009,IRN,15.40064245363362
2009,IRQ,22.981051988777303
2009,ISL,3.50547932072471
2009,ISR,20.52712275544983
2009,ITA,13.297191032926166
2009,JAM,26.360395703619968
2009,JOR,20.281368156241868
2009,JPN,14.7364458940273
2009,KAZ,5.904215359759137
2009,KEN,21.41844776016504
2009,KGZ,6.339062061531997
2009,KHM,27.47575071276976
2009,KNA,26.75807243422605
2009,KOR,12.5314083939301
2009,KWT,26.081432140432295
2009,LAO,24.52614119472137
2009,LBN,18.65972870402038
2009,LBR,26.56733738517367
2009,LCA,27.052880151197314
2009,LKA,26.607874775533404
2009,LSO,13.853916935212135
2009,LTU,6.987415563203761
2009,LUX,9.890241305654248
2009,LVA,6.659010200852822
2009,MAC,14.925050189784654
2009,MAR,18.175767282145628
2009,MDA,11.092026025941152
2009,MDG,21.781922590774403
2009,MDV,28.338985851655405
2009,MEX,18.703711345359544
2009,MKD,11.0158506285332
2009,MLI,28.834878140294386
2009,MLT,19.638731732033197
2009,MMR,25.647754929844996
2009,MNE,12.48553034247034
2009,MNG,-0.6887779299911913
2009,MOZ,24.35769591634477
2009,MRT,29.299308154013197
2009,MSR,26.938021224612992
2009,MUS,25.105092858274777
2009,MWI,21.655454039926745
2009,MYS,27.27543316462361
2009,NAM,22.431839058285
2009,NER,29.75239920640908
2009,NGA,27.849504757408084
2009,NIC,26.019538467971056
2009,NLD,10.463657951668312
2009,NOR,5.030213611484687
2009,NPL,19.445515212871875
2009,NZL,12.834541810714692
2009,OMN,27.235595309290773
2009,PAK,23.74391547399997
2009,PAN,26.45745766574189
2009,PER,15.852028069840683
2009,PHL,26.73663565546392
2009,POL,8.457252821912476
2009,PRT,15.08052407452365
2009,PRY,22.699232539977917
2009,PSE,20.52712275544983
2009,QAT,26.667014066129923
2009,ROU,10.523615084789578
2009,RUS,4.57733644001672
2009,RWA,19.72958908995018
2009,SAU,26.7707866684387
2009,SDN,29.18493334594043
2009,SEN,27.75551985914679
2009,SGP,27.78815799454848
2009,SLE,27.41641509155742
2009,SLV,26.75400322683876
2009,SOM,27.11777434330443
2009,SRB,11.207972755250292
2009,SSD,29.18493334594043
2009,STP,27.025362225870293
2009,SUR,27.539685427564145
2009,SVK,8.672325457385554
2009,SVN,10.48185141020924
2009,SWE,6.355406440240934
2009,SWZ,20.367726981639866
2009,SXM,26.75807243422605
2009,SYC,27.50018794089556
2009,SYR,17.784851121998795
2009,TCA,26.380192045122385
2009,TCD,29.08749886512245
2009,TGO,27.59735952549801
2009,THA,27.08407337396092
2009,TJK,11.252608960552417
2009,TKM,16.875870899513938
2009,TTO,26.95835557331641
2009,TUN,19.007319302786485
2009,TUR,12.877349475860186
2009,TWN,14.925050189784654
2009,TZA,22.83365711876063
2009,UGA,23.64292904329032
2009,UKR,9.336487050380098
2009,URY,17.3540125100218
2009,USA,13.474757722187542
2009,UZB,14.246456029900791
2009,VCT,27.141873023162287
2009,VEN,25.87307505684127
2009,VGB,26.680554960543912
2009,VNM,25.24141898641949
2009,YEM,24.47219960314732
2009,ZAF,17.848394425744996
2009,ZMB,21.767835501018777
2009,ZWE,20.821000214000676
2010,ABW,27.44060878952344
2010,AGO,23.05159199531662
2010,AIA,27.379396945238117
2010,ALB,14.54226356770216
2010,ARE,28.645010186785736
2010,ARG,17.430033493748216
2010,ARM,8.44793414848369
2010,ATG,27.519322534402207
2010,AUS,16.50576843049999
2010,AUT,7.275798394319277
2010,AZE,14.012643242507975
2010,BDI,21.98665495387348
2010,BEL,8.965203988633068
2010,BEN,28.00313762498388
2010,BFA,29.215457790984587
2010,BGD,26.274250519380995
2010,BGR,11.18059541330911
2010,BHR,27.19383981327216
2010,BHS,25.96160476499547
2010,BIH,10.09481605062354
2010,BLR,6.971915127528085
2010,BLZ,26.1626171541042
2010,BMU,22.029317154258024
2010,BOL,16.27174382607864
2010,BRA,23.36805078885933
2010,BRB,27.758657698829968
2010,BRN,27.819702441493675
2010,BTN,10.251841828970097
2010,BWA,21.66891146656991
2010,CAF,26.001735326628832
2010,CAN,6.421373063100008
2010,CHE,6.687636935455891
2010,CHL,11.409495858364744
2010,CHN,14.631519274187172
2010,CIV,27.19860290694497
2010,CMR,25.43569658688528
2010,COD,24.76487292378113
2010,COG,25.80471398552868
2010,COL,21.65379633481469
2010,COM,26.818248081176232
2010,CPV,25.092129449049636
2010,CRI,24.357024646605492
2010,CUW,27.44060878952344
2010,CYM,27.362526127447683
2010,CYP,21.69283339877923
2010,CZE,7.36611770404788
2010,DEU,8.154634001332502
2010,DJI,28.297350783855126
2010,DMA,27.697577863931656
2010,DNK,7.500030005706884
2010,DOM,25.7771904071011
2010,DZA,17.96370723044903
2010,ECU,19.29815628948015
2010,EGY,23.61337707245764
2010,ESP,14.254572497554078
2010,EST,4.973301469429195
2010,ETH,20.2693168882578
2010,FIN,2.9242754408853515
2010,FJI,27.261282668759424
2010,FRA,10.399658669592656
2010,GAB,26.19033754922689
2010,GBR,8.835664057048458
2010,GEO,10.625422902115872
2010,GHA,27.568271827762885
2010,GIN,26.781133504184552
2010,GMB,27.92892453507228
2010,GNB,28.62543821821588
2010,GNQ,25.29549183448156
2010,GRC,15.206531203087224
2010,GRD,27.750108818213143
2010,GTM,21.91399722296441
2010,GUY,27.41763330610368
2010,HKG,14.631519274187172
2010,HND,23.64939596265593
2010,HRV,10.885134536676237
2010,HTI,26.496868025230977
2010,HUN,10.217618294640411
2010,IDN,26.389860814707525
2010,IND,26.28738446268761
2010,IRL,9.152206962572867
2010,IRN,16.746590677607177
2010,IRQ,24.57008990116729
2010,ISL,3.860118285704474
2010,ISR,21.79875563941029
2010,ITA,12.457887292693917
2010,JAM,26.312400225549936
2010,JOR,21.909771749487515
2010,JPN,14.985922900472998
2010,KAZ,5.947145755935328
2010,KEN,21.12899440643275
2010,KGZ,6.850930776641014
2010,KHM,28.16789435606673
2010,KNA,27.519322534402207
2010,KOR,12.056869159187542
2010,KWT,27.449500401814777
2010,LAO,25.166529399507294
2010,LBN,19.83558080593745
2010,LBR,26.50072011721526
2010,LCA,27.75251598656177
2010,LKA,26.677399862252628
2010,LSO,14.5116985798861
2010,LTU,6.33658427138933
2010,LUX,8.796763884369284
2010,LVA,5.750237225850689
2010,MAC,14.631519274187172
2010,MAR,18.43140169082072
2010,MDA,10.605770273446929
2010,MDG,22.04808000255416
2010,MDV,28.22506372941037
2010,MEX,18.028090582754967
2010,MKD,11.146055020003187
2010,MLI,29.26420308673242
2010,MLT,19.580596153934795
2010,MMR,25.93009495380708
2010,MNE,12.287171903820928
2010,MNG,-1.58320512677788
2010,MOZ,24.77949392203751
2010,MRT,30.37561396277349
2010,MSR,27.701341370741527
2010,MUS,25.10021248087287
2010,MWI,22.038957072839278
2010,MYS,27.566505914005383
2010,NAM,22.792731378947398
2010,NER,29.664970514394547
2010,NGA,27.96994348378724
2010,NIC,25.73492546105157
2010,NLD,9.114911888817929
2010,NOR,3.276258816351016
2010,NPL,19.58846062756906
2010,NZL,13.479244298061213
2010,OMN,27.262160857568468
2010,PAK,23.98712913549492
2010,PAN,26.435028957404267
2010,PER,15.83360275137616
2010,PHL,27.16111556593146
2010,POL,7.43324214591552
2010,PRT,14.90908224750071
2010,PRY,22.357803898283137
2010,PSE,21.79875563941029
2010,QAT,27.58367281158765
2010,ROU,10.054852786718952
2010,RUS,4.741635438120338
2010,RWA,20.333992291142007
2010,SAU,27.393525496088287
2010,SDN,29.215224195679195
2010,SEN,28.588391380035358
2010,SGP,28.076736604173977
2010,SLE,27.50077888600991
2010,SLV,26.49423859503923
2010,SOM,27.121270456945503
2010,SRB,10.96777778172049
2010,SSD,29.215224195679195
2010,STP,26.727321240274858
2010,SUR,27.72544516388569
2010,SVK,7.778140140819367
2010,SVN,9.514685880880297
2010,SWE,4.645179772498162
2010,SWZ,20.93500562012196
2010,SXM,27.519322534402207
2010,SYC,27.373466438303392
2010,SYR,19.372031215991708
2010,TCA,26.75142858196826
2010,TCD,28.95908878225637
2010,TGO,27.964883555946216
2010,THA,27.79551909078919
2010,TJK,11.852418042636286
2010,TKM,17.555678397116168
2010,TTO,27.38534848143657
2010,TUN,19.23764647497034
2010,TUR,14.310376363570295
2010,TWN,14.631519274187172
2010,TZA,22.95059872558432
2010,UGA,23.60564186576771
2010,UKR,9.46399030899106
2010,URY,17.453240770365746
2010,USA,13.83386385953995
2010,UZB,14.822004713063716
2010,VCT,27.750108818213143
2010,VEN,26.12774232951539
2010,VGB,27.380509083469708
2010,VNM,25.51680569307463
2010,YEM,24.35150692886011
2010,ZAF,18.361386499741386
2010,ZMB,22.32397912268846
2010,ZWE,21.363770688654988
2011,ABW,27.084811568260196
2011,AGO,22.504693607830863
2011,AIA,26.89393222083648
2011,ALB,14.660848383751969
2011,ARE,28.15874713550488
2011,ARG,17.52510239709209
2011,ARM,5.817533895241563
2011,ATG,27.03553157796462
2011,AUS,16.310307154995684
2011,AUT,8.578289630380663
2011,AZE,11.968597536846769
2011,BDI,21.234931597723964
2011,BEL,10.969535064019254
2011,BEN,27.61052876279103
2011,BFA,29.03321367138175
2011,BGD,25.530378220999072
2011,BGR,10.51569634483728
2011,BHR,26.18590562790632
2011,BHS,25.97583561375116
2011,BIH,10.615229302108723
2011,BLR,7.46742024767506
2011,BLZ,26.31195173521624
2011,BMU,22.347665237883728
2011,BOL,16.011435284911347
2011,BRA,22.965325384299405
2011,BRB,27.348322744170822
2011,BRN,27.48936251426737
2011,BTN,9.664006247251615
2011,BWA,20.87446492863195
2011,CAF,25.400943428618486
2011,CAN,5.747393195078833
2011,CHE,8.409821401684363
2011,CHL,11.604759401012718
2011,CHN,14.44862119473882
2011,CIV,26.807130339318636
2011,CMR,24.885928098600253
2011,COD,24.171639141958966
2011,COG,25.072886183889334
2011,COL,21.251411740138323
2011,COM,26.76968714222312
2011,CPV,24.40210844328006
2011,CRI,24.18800587833072
2011,CUW,27.084811568260196
2011,CYM,27.291115642137203
2011,CYP,20.98712806900342
2011,CZE,8.779198341282937
2011,DEU,10.067521257281571
2011,DJI,28.438946906705755
2011,DMA,27.217991563181084
2011,DNK,8.993708705535552
2011,DOM,25.49957857472473
2011,DZA,17.923030904492233
2011,ECU,19.21035778582005
2011,EGY,21.790530676508723
2011,ESP,15.242903841536291
2011,EST,6.793273727263394
2011,ETH,20.267623471086704
2011,FIN,5.165074171494172
2011,FJI,27.271963108330965
2011,FRA,12.131691738160024
2011,GAB,25.652096870692464
2011,GBR,10.465139667824952
2011,GEO,8.075602398818326
2011,GHA,27.197703050910995
2011,GIN,26.46672595649514
2011,GMB,27.507634925741986
2011,GNB,28.267544165935067
2011,GNQ,24.76230012672022
2011,GRC,14.384994060781937
2011,GRD,27.364447238544624
2011,GTM,21.921233195514663
2011,GUY,27.17355737276992
2011,HKG,14.44862119473882
2011,HND,23.841667032409077
2011,HRV,11.60335046275044
2011,HTI,26.28696204355265
2011,HUN,10.850763683783164
2011,IDN,26.088860631997324
2011,IND,25.59742707546665
2011,IRL,10.198164205132692
2011,IRN,15.182691218312462
2011,IRQ,22.52488054773433
2011,ISL,3.293331344940836
2011,ISR,20.027584511498112
2011,ITA,13.50724259831968
2011,JAM,26.27183421328664
2011,JOR,19.747242601846565
2011,JPN,14.546001558591469
2011,KAZ,5.325880453564315
2011,KEN,21.07578594967288
2011,KGZ,6.454982551197771
2011,KHM,27.436026168797493
2011,KNA,27.03553157796462
2011,KOR,11.802634279149276
2011,KWT,25.71169861468176
2011,LAO,23.921405299651244
2011,LBN,18.206998544124264
2011,LBR,26.210305216054344
2011,LCA,27.31423408538103
2011,LKA,26.46671663023377
2011,LSO,13.485173114483157
2011,LTU,7.504196418999711
2011,LUX,10.584104071060816
2011,LVA,7.298354121895305
2011,MAC,14.44862119473882
2011,MAR,18.053384819454827
2011,MDA,10.258878020792178
2011,MDG,21.962002814568617
2011,MDV,28.24893591646105
2011,MEX,18.643431442600427
2011,MKD,10.608966023663143
2011,MLI,28.86291003785388
2011,MLT,19.83732529977957
2011,MMR,25.015306487920917
2011,MNE,12.717772676758774
2011,MNG,-1.4122860006090778
2011,MOZ,24.530184823308776
2011,MRT,29.669193112350904
2011,MSR,27.23344974964857
2011,MUS,25.141771954794724
2011,MWI,22.2172407237981
2011,MYS,27.10747464854075
2011,NAM,21.358650057030527
2011,NER,29.41075999775536
2011,NGA,27.55324524588413
2011,NIC,25.71271000097379
2011,NLD,10.963425715523943
2011,NOR,5.536527654940827
2011,NPL,18.60509180051661
2011,NZL,13.41117323456069
2011,OMN,27.072787032908437
2011,PAK,23.58778402040001
2011,PAN,26.287917475409344
2011,PER,15.659500983575445
2011,PHL,26.68801477705172
2011,POL,8.790689989026445
2011,PRT,15.290171438507098
2011,PRY,22.602383715248
2011,PSE,20.027584511498112
2011,QAT,26.73155775790413
2011,ROU,9.661655562339964
2011,RUS,4.470051339285112
2011,RWA,19.596308624522774
2011,SAU,26.364469203766134
2011,SDN,28.53728354034372
2011,SEN,28.03591654308424
2011,SGP,27.621413372457027
2011,SLE,27.184176684210613
2011,SLV,26.61528387311071
2011,SOM,26.906722014462712
2011,SRB,10.71077898583613
2011,SSD,28.53728354034372
2011,STP,26.493773461009063
2011,SUR,27.40869689936101
2011,SVK,8.581546294247588
2011,SVN,10.48126229092682
2011,SWE,7.001419555703577
2011,SWZ,20.495641071970265
2011,SXM,27.03553157796462
2011,SYC,27.15139624352257
2011,SYR,17.171615114017815
2011,TCA,26.47575856931508
2011,TCD,28.473232098659068
2011,TGO,27.512304614663144
2011,THA,26.63814531060305
2011,TJK,11.421651360444788
2011,TKM,16.36801849911123
2011,TTO,27.080378331243992
2011,TUN,18.930048982549664
2011,TUR,11.968141290723649
2011,TWN,14.44862119473882
2011,TZA,22.788111989755414
2011,UGA,23.252626536634157
2011,UKR,8.728190964112573
2011,URY,17.360079527341203
2011,USA,14.070933608986172
2011,UZB,13.984443863823044
2011,VCT,27.364447238544624
2011,VEN,25.51217521305395
2011,VGB,26.892759824171662
2011,VNM,24.388038807657686
2011,YEM,24.224667868723085
2011,ZAF,17.617246893005735
2011,ZMB,22.039605485095034
2011,ZWE,20.979104357803447
2012,ABW,26.929262181123097
2012,AGO,22.35246959573645
2012,AIA,26.972566520174343
2012,ALB,14.976319399012958
2012,ARE,28.287088055553152
2012,ARG,18.071334581874854
2012,ARM,6.988277011423721
2012,ATG,27.01778029153745
2012,AUS,16.272187226314877
2012,AUT,8.442349910520509
2012,AZE,13.228467639299486
2012,BDI,21.24425279333538
2012,BEL,9.987285978028613
2012,BEN,27.44847422898803
2012,BFA,28.6476120544944
2012,BGD,25.65148173181626
2012,BGR,11.485545564909136
2012,BHR,26.27081990366181
2012,BHS,25.8847433483849
2012,BIH,10.962248018617874
2012,BLR,6.651669800453938
2012,BLZ,26.34482447435898
2012,BMU,22.565555320431788
2012,BOL,15.979280264493282
2012,BRA,23.472933814454567
2012,BRB,27.18126445760329
2012,BRN,27.72364700833957
2012,BTN,9.445858256182808
2012,BWA,21.55191027330467
2012,CAF,25.288211806032205
2012,CAN,6.496955148094958
2012,CHE,7.709035013075817
2012,CHL,11.92275771636239
2012,CHN,14.384722749666048
2012,CIV,26.63811096952455
2012,CMR,24.83904822747136
2012,COD,23.926779479125955
2012,COG,24.972764349971406
2012,COL,21.502626527757744
2012,COM,26.382154843614742
2012,CPV,23.88663255465993
2012,CRI,24.403409028865354
2012,CUW,26.929262181123097
2012,CYM,27.307443190986916
2012,CYP,21.16365393064916
2012,CZE,8.56296369590453
2012,DEU,9.429296025531505
2012,DJI,28.413412022978253
2012,DMA,27.126228744784992
2012,DNK,8.555270225137287
2012,DOM,25.637860286457983
2012,DZA,18.088907617224663
2012,ECU,19.25660169681056
2012,EGY,22.35372988557427
2012,ESP,14.66981749081377
2012,EST,5.564286564882346
2012,ETH,20.37479233708199
2012,FIN,3.802325513675514
2012,FJI,26.93414276093245
2012,FRA,11.27788897516266
2012,GAB,25.65776801493821
2012,GBR,9.518970476536722
2012,GEO,9.420764876117028
2012,GHA,27.05399478092632
2012,GIN,26.18498278166062
2012,GMB,27.50448518754268
2012,GNB,28.214262570312226
2012,GNQ,24.655147332698107
2012,GRC,15.189588026810316
2012,GRD,27.266372568905357
2012,GTM,21.935981340294614
2012,GUY,27.019850854704107
2012,HKG,14.384722749666048
2012,HND,23.88069156172186
2012,HRV,12.038731811073005
2012,HTI,26.350622755827004
2012,HUN,11.32236627623065
2012,IDN,26.23679476341072
2012,IND,25.809316802706707
2012,IRL,9.837573035984018
2012,IRN,15.328469722006751
2012,IRQ,23.416939759054088
2012,ISL,3.56969241682889
2012,ISR,20.71234183915393
2012,ITA,13.437993101031113
2012,JAM,26.396827589720488
2012,JOR,20.60160815841981
2012,JPN,14.470426798415804
2012,KAZ,5.569815160499516
2012,KEN,20.88207998091513
2012,KGZ,5.724504401717166
2012,KHM,28.08194443779635
2012,KNA,27.01778029153745
2012,KOR,11.920675466958937
2012,KWT,26.350821871310472
2012,LAO,25.06742412869409
2012,LBN,18.85857325404261
2012,LBR,26.00695517525372
2012,LCA,27.1781631509463
2012,LKA,26.64532702218907
2012,LSO,13.667634372381787
2012,LTU,6.645025029565527
2012,LUX,9.811640672540912
2012,LVA,6.24551390616738
2012,MAC,14.384722749666048
2012,MAR,17.75345591778944
2012,MDA,11.066263840849697
2012,MDG,21.562068402451217
2012,MDV,28.251958116889
2012,MEX,18.51103927515484
2012,MKD,11.19467927324042
2012,MLI,28.34381054688019
2012,MLT,20.377113819122314
2012,MMR,25.5430111501109
2012,MNE,12.940637929580184
2012,MNG,-2.133416958223757
2012,MOZ,24.49666768033241
2012,MRT,28.97743622946484
2012,MSR,27.15099010368188
2012,MUS,24.79527002076308
2012,MWI,22.15309985439812
2012,MYS,27.226733006794344
2012,NAM,21.89210843118025
2012,NER,28.998176893232785
2012,NGA,27.353187367200395
2012,NIC,25.89725714117121
2012,NLD,10.269354895334924
2012,NOR,4.611612664290357
2012,NPL,18.71497447270601
2012,NZL,12.977010371201834
2012,OMN,27.17916595121609
2012,PAK,23.253725569033108
2012,PAN,26.46966745140893
2012,PER,15.864857589628768
2012,PHL,26.942469037485125
2012,POL,8.416905501314087
2012,PRT,14.555796755835868
2012,PRY,23.44162525334305
2012,PSE,20.71234183915393
2012,QAT,26.639149339248736
2012,ROU,10.425840387577496
2012,RUS,4.616224990766614
2012,RWA,19.496879998386657
2012,SAU,26.81116232709189
2012,SDN,28.58167613939581
2012,SEN,27.961671414276037
2012,SGP,27.73817889144023
2012,SLE,26.92151737600512
2012,SLV,26.822349649766497
2012,SOM,27.00050394000824
2012,SRB,11.355872526164756
2012,SSD,28.58167613939581
2012,STP,26.764660420517128
2012,SUR,27.4511312989188
2012,SVK,8.729437422617629
2012,SVN,10.674670796364683
2012,SWE,6.082017195127902
2012,SWZ,20.650526431078717
2012,SXM,27.01778029153745
2012,SYC,27.105247409703832
2012,SYR,18.08773664211043
2012,TCA,26.59828892846902
2012,TCD,28.363539494526385
2012,TGO,27.39577707088682
2012,THA,27.59936167723465
2012,TJK,10.547209975192036
2012,TKM,16.434993540823246
2012,TTO,26.96167728304863
2012,TUN,19.577860826060142
2012,TUR,12.918757211258535
2012,TWN,14.384722749666048
2012,TZA,22.838619750281428
2012,UGA,23.229161974210893
2012,UKR,9.293580130211748
2012,URY,18.017160551912685
2012,USA,14.948162787524296
2012,UZB,13.592846051057991
2012,VCT,27.266372568905357
2012,VEN,25.49557950183872
2012,VGB,27.00558046499888
2012,VNM,25.20894089176253
2012,YEM,24.279549774505178
2012,ZAF,17.98265571072807
2012,ZMB,22.05432322690737
2012,ZWE,21.28957847548896
2013,ABW,26.991200188795727
2013,AGO,22.97357799894419
2013,AIA,26.83820520589749
2013,ALB,15.023492763068798
2013,ARE,27.7819392485079
2013,ARG,17.69706800952872
2013,ARM,6.566148020738734
2013,ATG,26.94965548068285
2013,AUS,16.908909088542057
2013,AUT,8.086983139208446
2013,AZE,12.907675201218265
2013,BDI,21.402926676495746
2013,BEL,9.469621004202692
2013,BEN,27.70668975281197
2013,BFA,28.856058436550967
2013,BGD,25.80016472324333
2013,BGR,11.510485802038566
2013,BHR,26.1693438331907
2013,BHS,26.03534784199049
2013,BIH,10.806607258809104
2013,BLR,7.364658208223329
2013,BLZ,26.36417212032553
2013,BMU,22.48283307688932
2013,BOL,15.841885234214695
2013,BRA,23.11713970481212
2013,BRB,27.283631285031635
2013,BRN,27.90890826284885
2013,BTN,9.753183648467251
2013,BWA,21.61883978518287
2013,CAF,25.623921874391456
2013,CAN,5.316381104310898
2013,CHE,7.148038210662039
2013,CHL,11.78240240783653
2013,CHN,15.112610414891078
2013,CIV,26.72709191114885
2013,CMR,24.987529299624487
2013,COD,24.30591373010933
2013,COG,25.277507335258655
2013,COL,21.668026696829354
2013,COM,26.52180604559059
2013,CPV,24.45532864332199
2013,CRI,24.54229579922644
2013,CUW,26.991200188795727
2013,CYM,27.52549119774873
2013,CYP,21.177903421223164
2013,CZE,8.20431147639892
2013,DEU,9.01601291514509
2013,DJI,28.49004338899925
2013,DMA,27.14456911633412
2013,DNK,8.581366800562973
2013,DOM,25.819445526299116
2013,DZA,17.50742864332343
2013,ECU,19.219951224047463
2013,EGY,22.405195422288653
2013,ESP,14.316600073713074
2013,EST,6.52283710379657
2013,ETH,20.35519835887441
2013,FIN,5.086832375985643
2013,FJI,27.134969241917133
2013,FRA,10.852890441169668
2013,GAB,25.814391475157407
2013,GBR,9.425512388694068
2013,GEO,9.108722897263815
2013,GHA,27.20637997581417
2013,GIN,26.32646387068569
2013,GMB,27.669362707479124
2013,GNB,28.35194754684809
2013,GNQ,24.848697337011497
2013,GRC,15.252808694103964
2013,GRD,27.370267717788614
2013,GTM,22.20303575948265
2013,GUY,27.045163407645912
2013,HKG,15.112610414891078
2013,HND,24.146805017579045
2013,HRV,11.603629485220356
2013,HTI,26.58123715518108
2013,HUN,11.127784469913056
2013,IDN,26.348209551189264
2013,IND,25.592885516849925
2013,IRL,9.862955650936824
2013,IRN,15.74649877492677
2013,IRQ,22.75409466323631
2013,ISL,3.116745559674556
2013,ISR,20.667093255058923
2013,ITA,13.037814592828598
2013,JAM,26.56479438394308
2013,JOR,20.376699051560912
2013,JPN,14.841173175098762
2013,KAZ,7.010138159257986
2013,KEN,20.852650549832315
2013,KGZ,6.855155921000808
2013,KHM,27.69168054479885
2013,KNA,26.94965548068285
2013,KOR,12.250478325955076
2013,KWT,25.774517722932316
2013,LAO,24.57190439951608
2013,LBN,18.793548439939816
2013,LBR,26.051950359451816
2013,LCA,27.2849521463116
2013,LKA,26.455695145079787
2013,LSO,13.925599110144343
2013,LTU,7.310222859317571
2013,LUX,9.31934173280994
2013,LVA,6.968615282406259
2013,MAC,15.112610414891078
2013,MAR,17.66529296374927
2013,MDA,11.023347672882377
2013,MDG,21.46940723297991
2013,MDV,28.214666947722435
2013,MEX,18.467784906496657
2013,MKD,11.395655742123555
2013,MLI,28.75175735778727
2013,MLT,19.656646489476163
2013,MMR,25.538524556910293
2013,MNE,12.840524412602894
2013,MNG,-0.5495635578774132
2013,MOZ,24.34098278679597
2013,MRT,29.56292850097887
2013,MSR,27.15029290318489
2013,MUS,24.846964956571657
2013,MWI,21.96702899351559
2013,MYS,27.393556625254494
2013,NAM,22.86221658059186
2013,NER,29.32856408322005
2013,NGA,27.613617286176467
2013,NIC,26.171064329930413
2013,NLD,9.76636670361964
2013,NOR,4.853054214531476
2013,NPL,18.58285393999075
2013,NZL,13.66849687186722
2013,OMN,26.72343156257638
2013,PAK,23.61711156694796
2013,PAN,26.54265111911626
2013,PER,15.653944635683851
2013,PHL,27.12768070835582
2013,POL,8.378279491959196
2013,PRT,14.67082491537633
2013,PRY,22.511712196500927
2013,PSE,20.667093255058923
2013,QAT,26.533442841221888
2013,ROU,10.477031490385167
2013,RUS,5.255529098718384
2013,RWA,19.679040006057864
2013,SAU,26.54179894593416
2013,SDN,28.90406614440053
2013,SEN,28.221269741971057
2013,SGP,27.902689387400944
2013,SLE,27.025309323724244
2013,SLV,26.75938621199378
2013,SOM,26.96649535138985
2013,SRB,11.431107501966606
2013,SSD,28.90406614440053
2013,STP,26.66867653528849
2013,SUR,27.35312224700064
2013,SVK,8.568151262392409
2013,SVN,10.339139914975116
2013,SWE,6.458270979186423
2013,SWZ,20.260995133469503
2013,SXM,26.94965548068285
2013,SYC,26.851296023776133
2013,SYR,17.864067706984706
2013,TCA,26.57496662779401
2013,TCD,28.768045427966435
2013,TGO,27.65079284959405
2013,THA,27.229229620871045
2013,TJK,11.673570802643424
2013,TKM,17.36380117281873
2013,TTO,27.126031296948597
2013,TUN,19.08447824151916
2013,TUR,12.79612398489788
2013,TWN,15.112610414891078
2013,TZA,22.722518754944435
2013,UGA,23.351945486693086
2013,UKR,9.589069677006936
2013,URY,17.358904751646314
2013,USA,13.524803467970356
2013,UZB,14.666009593536216
2013,VCT,27.370267717788614
2013,VEN,25.82974145823302
2013,VGB,26.87699844688177
2013,VNM,25.11478522315933
2013,YEM,24.279231189541257
2013,ZAF,17.92495356878881
2013,ZMB,22.172408617670403
2013,ZWE,20.968654309738657
2014,ABW,26.62305647134781
2014,AGO,22.848685837446865
2014,AIA,26.909082025289536
2014,ALB,14.83893793281398
2014,ARE,27.95951103930074
2014,ARG,17.927918332516096
2014,ARM,7.603117297705993
2014,ATG,26.924853168427944
2014,AUS,17.024266018443033
2014,AUT,9.312241676905526
2014,AZE,13.254969495726217
2014,BDI,21.47308913550638
2014,BEL,11.20165830603263
2014,BEN,27.73708590783275
2014,BFA,28.99309960582652
2014,BGD,26.06105877423823
2014,BGR,11.286953493444898
2014,BHR,26.62337093551953
2014,BHS,26.505459342772767
2014,BIH,11.294655393617424
2014,BLR,7.504688088677507
2014,BLZ,26.32199238421222
2014,BMU,22.931170570353668
2014,BOL,16.107762869576945
2014,BRA,23.571240775291763
2014,BRB,26.97506717576956
2014,BRN,27.72280775258939
2014,BTN,9.844163187091697
2014,BWA,21.00078417172247
2014,CAF,25.59128996675114
2014,CAN,4.9865791901586975
2014,CHE,8.529536292689963
2014,CHL,11.603744917121132
2014,CHN,15.088560198564354
2014,CIV,26.85504074215406
2014,CMR,25.09570526970975
2014,COD,24.33535781062263
2014,COG,25.34540269971992
2014,COL,21.684252061013936
2014,COM,26.824182877937957
2014,CPV,24.034436496595543
2014,CRI,24.706975621976017
2014,CUW,26.62305647134781
2014,CYM,27.60410151258111
2014,CYP,21.256918209294483
2014,CZE,9.747679634635944
2014,DEU,10.696880428282077
2014,DJI,28.424748703078105
2014,DMA,27.010200987259548
2014,DNK,10.12956545845979
2014,DOM,25.899219421942277
2014,DZA,18.335598323208888
2014,ECU,19.48852885523662
2014,EGY,22.78879142241536
2014,ESP,15.168387392094198
2014,EST,6.904928351137427
2014,ETH,20.27265742642825
2014,FIN,5.522207385226216
2014,FJI,26.822573903792847
2014,FRA,12.194426883391843
2014,GAB,25.944557441244022
2014,GBR,10.658474966634316
2014,GEO,9.807818711007767
2014,GHA,27.22886935071764
2014,GIN,26.292862330628594
2014,GMB,27.76964646225941
2014,GNB,28.441349854134987
2014,GNQ,25.07491301993529
2014,GRC,15.055867236946153
2014,GRD,27.03660887107253
2014,GTM,22.073329673252218
2014,GUY,27.235620953393443
2014,HKG,15.088560198564354
2014,HND,24.05697473633881
2014,HRV,12.504744706604978
2014,HTI,26.683546388710624
2014,HUN,12.003319211525028
2014,IDN,26.407400774775144
2014,IND,25.842099577773077
2014,IRL,10.397957879343842
2014,IRN,15.729924676134091
2014,IRQ,23.500468457326125
2014,ISL,4.0480197205481945
2014,ISR,20.86261255837872
2014,ITA,13.735105359966234
2014,JAM,26.57227604836225
2014,JOR,20.588732394025364
2014,JPN,14.513935752590234
2014,KAZ,5.354785659855369
2014,KEN,21.041886760174677
2014,KGZ,5.835745845893704
2014,KHM,27.786601943883824
2014,KNA,26.924853168427944
2014,KOR,12.656908279475536
2014,KWT,26.331530829581123
2014,LAO,24.7626670075328
2014,LBN,18.99431150406599
2014,LBR,26.09718832750402
2014,LCA,26.986763167505465
2014,LKA,26.586937805606304
2014,LSO,13.808677784340489
2014,LTU,7.754576936805148
2014,LUX,10.968399427831171
2014,LVA,7.408793147517525
2014,MAC,15.088560198564354
2014,MAR,17.98769217539811
2014,MDA,10.790588488980758
2014,MDG,21.651195266950605
2014,MDV,28.313163682818413
2014,MEX,18.350215029662888
2014,MKD,11.403167141739496
2014,MLI,28.6846987988832
2014,MLT,20.02811775604884
2014,MMR,25.74711983218989
2014,MNE,12.917544499412696
2014,MNG,-0.2303122356808259
2014,MOZ,24.507504424930158
2014,MRT,29.367380876436545
2014,MSR,27.050617198149364
2014,MUS,25.273240794738133
2014,MWI,22.272262116054826
2014,MYS,27.440457042324617
2014,NAM,22.26264001943252
2014,NER,29.277616466038253
2014,NGA,27.581733892833675
2014,NIC,26.34679763191406
2014,NLD,11.644201559561235
2014,NOR,6.372389773453325
2014,NPL,18.858911023945694
2014,NZL,13.286214276185918
2014,OMN,26.804755322463095
2014,PAK,23.226526542456003
2014,PAN,26.664076785386992
2014,PER,15.88734793042877
2014,PHL,26.868343472229544
2014,POL,9.547758959952166
2014,PRT,15.034597379141497
2014,PRY,23.487082658691445
2014,PSE,20.86261255837872
2014,QAT,26.93979397788644
2014,ROU,10.61014403737584
2014,RUS,4.789719398493766
2014,RWA,19.7484143015492
2014,SAU,26.835091626430007
2014,SDN,28.592442370150334
2014,SEN,28.17174872568348
2014,SGP,27.938677724450827
2014,SLE,27.02892160794035
2014,SLV,26.962572421770776
2014,SOM,27.06007618210781
2014,SRB,11.57758199740169
2014,SSD,28.592442370150334
2014,STP,26.7736373419563
2014,SUR,27.51895350396425
2014,SVK,9.809875405749407
2014,SVN,11.301357327616898
2014,SWE,7.686065105663786
2014,SWZ,20.5090453941375
2014,SXM,26.924853168427944
2014,SYC,27.07041806638396
2014,SYR,18.31681823215884
2014,TCA,26.906864649305746
2014,TCD,28.65915749581045
2014,TGO,27.664667371997595
2014,THA,27.272127524110807
2014,TJK,10.586905343673402
2014,TKM,16.28832618388148
2014,TTO,26.954906528194744
2014,TUN,19.59441640081051
2014,TUR,13.590696157393891
2014,TWN,15.088560198564354
2014,TZA,22.66017530214887
2014,UGA,23.43012713868338
2014,UKR,9.400751649517126
2014,URY,17.913879852439933
2014,USA,13.246792583888238
2014,UZB,13.332282695882084
2014,VCT,27.03660887107253
2014,VEN,25.85086327983273
2014,VGB,27.0090997343262
2014,VNM,25.233449828319337
2014,YEM,24.3380121840118
2014,ZAF,17.954982114825125
2014,ZMB,22.10797093818625
2014,ZWE,21.01491915961229
2015,ABW,26.498738950739305
2015,AGO,22.962877231466383
2015,AIA,27.06423684457938
2015,ALB,14.916522094026638
2015,ARE,28.74612685213123
2015,ARG,18.05341174450948
2015,ARM,7.57829892933437
2015,ATG,27.06312346458435
2015,AUS,16.730358363891025
2015,AUT,9.195457184451238
2015,AZE,13.239096383440636
2015,BDI,21.55716295591688
2015,BEL,10.610739433430387
2015,BEN,27.85061965140225
2015,BFA,28.9052268604388
2015,BGD,26.07026135976349
2015,BGR,11.60137175348493
2015,BHR,26.95502884313464
2015,BHS,26.77518345415592
2015,BIH,10.787088632815086
2015,BLR,8.174492076401469
2015,BLZ,26.72841000099923
2015,BMU,23.028995404640835
2015,BOL,16.252549636338742
2015,BRA,23.880990518422696
2015,BRB,27.161605267319832
2015,BRN,27.991440872351333
2015,BTN,9.88435326677024
2015,BWA,22.64391184618601
2015,CAF,25.950550042976044
2015,CAN,5.845798536302543
2015,CHE,8.445063986340752
2015,CHL,12.061191015693408
2015,CHN,15.22553168703564
2015,CIV,27.072657955381118
2015,CMR,25.26860402021051
2015,COD,24.450357366589397
2015,COG,25.528323296349505
2015,COL,22.17128480774713
2015,COM,26.878140311377745
2015,CPV,24.060029864621654
2015,CRI,25.08957447449669
2015,CUW,26.498738950739305
2015,CYM,27.77906397730112
2015,CYP,21.018997859209776
2015,CZE,9.596214066028418
2015,DEU,10.218392729082243
2015,DJI,28.904644116677613
2015,DMA,27.19397971654932
2015,DNK,9.302867599610238
2015,DOM,26.15921863614127
2015,DZA,18.08815780557064
2015,ECU,19.979603839157875
2015,EGY,22.570114441061577
2015,ESP,15.365760189376198
2015,EST,7.379578692883493
2015,ETH,20.83441841018359
2015,FIN,5.874164583930363
2015,FJI,26.58559734436373
2015,FRA,12.02788409835848
2015,GAB,26.065607919055022
2015,GBR,10.0675958607997
2015,GEO,9.775343095632486
2015,GHA,27.39556748521381
2015,GIN,26.464327947782454
2015,GMB,27.607848200452143
2015,GNB,28.2229365192962
2015,GNQ,25.08549874524276
2015,GRC,14.971301821580802
2015,GRD,27.19636441410209
2015,GTM,22.563360004399787
2015,GUY,27.35495765309048
2015,HKG,15.22553168703564
2015,HND,24.675608969248536
2015,HRV,12.170938407365806
2015,HTI,27.016371648938804
2015,HUN,11.758372625422211
2015,IDN,26.474577735629182
2015,IND,26.101007175057447
2015,IRL,9.866112955806011
2015,IRN,16.227953665141445
2015,IRQ,23.729652744935432
2015,ISL,2.7175276290796155
2015,ISR,20.738636193545773
2015,ITA,13.77581254227342
2015,JAM,26.77336807549
2015,JOR,20.662341910032044
2015,JPN,14.997777096549946
2015,KAZ,6.858696024620859
2015,KEN,21.35892279560393
2015,KGZ,6.911139923356623
2015,KHM,28.2137023440472
2015,KNA,27.06312346458435
2015,KOR,12.90579860295641
2015,KWT,26.75301863253117
2015,LAO,25.190715853584543
2015,LBN,18.80890577104098
2015,LBR,26.34573165411616
2015,LCA,27.165484201007832
2015,LKA,26.7702001443323
2015,LSO,14.83255265654175
2015,LTU,8.167670883273292
2015,LUX,10.548393164916584
2015,LVA,7.839142677047457
2015,MAC,15.22553168703564
2015,MAR,18.20597814206046
2015,MDA,11.68779700792105
2015,MDG,21.78077951819699
2015,MDV,28.65521577994029
2015,MEX,18.53740668792414
2015,MKD,11.277393612443785
2015,MLI,28.7010606811626
2015,MLT,20.145124579469364
2015,MMR,25.73212813092184
2015,MNE,13.04482939270439
2015,MNG,0.298460023487705
2015,MOZ,24.92578884488593
2015,MRT,29.73960102102619
2015,MSR,27.201268417139847
2015,MUS,25.177706385652225
2015,MWI,22.48703022589672
2015,MYS,27.54678381413854
2015,NAM,23.3508929136681
2015,NER,29.031556614379
2015,NGA,27.71560641152621
2015,NIC,26.79618241669076
2015,NLD,10.840753367727116
2015,NOR,5.683974761582736
2015,NPL,19.04391057269174
2015,NZL,13.32601476116029
2015,OMN,27.71258916466839
2015,PAK,23.333404637868377
2015,PAN,27.007970138418425
2015,PER,16.1236888315222
2015,PHL,26.985772013155856
2015,POL,9.64310049614846
2015,PRT,15.20677083815301
2015,PRY,23.50490552113809
2015,PSE,20.738636193545773
2015,QAT,27.34133935471376
2015,ROU,10.95848223015638
2015,RUS,5.741562364787508
2015,RWA,19.851260264841
2015,SAU,27.16433977876054
2015,SDN,28.877512365511684
2015,SEN,28.27291780987129
2015,SGP,28.012240680555504
2015,SLE,27.203767740326857
2015,SLV,27.52035026388097
2015,SOM,27.446687314081224
2015,SRB,11.446780616978849
2015,SSD,28.877512365511684
2015,STP,26.793479663630325
2015,SUR,27.59208197557356
2015,SVK,9.47899605426157
2015,SVN,10.97889520910234
2015,SWE,7.345111016536298
2015,SWZ,21.5016883444041
2015,SXM,27.06312346458435
2015,SYC,27.50704649587472
2015,SYR,18.07589948749817
2015,TCA,27.10117563356956
2015,TCD,28.735939549085572
2015,TGO,27.7300124366934
2015,THA,27.732870236149825
2015,TJK,11.572719709865783
2015,TKM,17.13810002972249
2015,TTO,27.053318917751312
2015,TUN,19.229153407381705
2015,TUR,12.938926617619602
2015,TWN,15.22553168703564
2015,TZA,22.91260739662959
2015,UGA,23.59771920950075
2015,UKR,10.09068392165914
2015,URY,17.978571358066276
2015,USA,14.259096498723794
2015,UZB,14.599339746325786
2015,VCT,27.19636441410209
2015,VEN,26.14895766964075
2015,VGB,27.14582830419143
2015,VNM,25.7646576676799
2015,YEM,24.81990161906648
2015,ZAF,18.791883089579485
2015,ZMB,22.39031632915461
2015,ZWE,21.525944985417176
2016,ABW,26.93760879834493
2016,AGO,23.264662429344646
2016,AIA,27.20743329326312
2016,ALB,14.829310078687543
2016,ARE,28.34286325648034
2016,ARG,17.308727498088725
2016,ARM,6.699555255388355
2016,ATG,27.221756175160408
2016,AUS,16.934130855550684
2016,AUT,8.718597116013095
2016,AZE,12.721974849836716
2016,BDI,21.827508254172063
2016,BEL,10.366885858504636
2016,BEN,28.024561085818338
2016,BFA,29.142947771899266
2016,BGD,26.627396711473743
2016,BGR,11.485745121148472
2016,BHR,26.619584321975708
2016,BHS,26.686926240722343
2016,BIH,10.565688401661845
2016,BLR,7.63450428620134
2016,BLZ,26.81634831111052
2016,BMU,23.03229095755766
2016,BOL,16.314192323825168
2016,BRA,23.52094808595648
2016,BRB,27.390278577804565
2016,BRN,28.15329149365425
2016,BTN,10.446183337894384
2016,BWA,22.411562699124516
2016,CAF,26.196459937227484
2016,CAN,6.48983331367032
2016,CHE,7.937048573608368
2016,CHL,12.223160728985327
2016,CHN,15.33294112213348
2016,CIV,27.334894408266425
2016,CMR,25.499633869486924
2016,COD,24.768724656244075
2016,COG,25.86125888087129
2016,COL,22.198431398527404
2016,COM,26.80256034123401
2016,CPV,24.29961134493351
2016,CRI,24.92575738122517
2016,CUW,26.93760879834493
2016,CYM,27.927737434705097
2016,CYP,21.211649411668372
2016,CZE,8.919295905058377
2016,DEU,9.87733249147215
2016,DJI,29.02478485965431
2016,DMA,27.362901573379837
2016,DNK,9.395323585049974
2016,DOM,25.946428577438787
2016,DZA,18.30358885453212
2016,ECU,19.970563149782052
2016,EGY,22.94067060167184
2016,ESP,15.09009982146662
2016,EST,6.567265308693252
2016,ETH,20.696376816020926
2016,FIN,4.860510445743285
2016,FJI,27.1189106926322
2016,FRA,11.52951254505978
2016,GAB,26.48048242332501
2016,GBR,10.065943250635298
2016,GEO,9.174038718205196
2016,GHA,27.64310086118914
2016,GIN,26.604887090386747
2016,GMB,27.759779249816106
2016,GNB,28.422142740223165
2016,GNQ,25.39328854282697
2016,GRC,15.164613555078905
2016,GRD,27.39795372883479
2016,GTM,22.733810164824188
2016,GUY,27.446233946838287
2016,HKG,15.33294112213348
2016,HND,24.556586616834487
2016,HRV,11.766005549394826
2016,HTI,26.78844193153294
2016,HUN,11.159099560129262
2016,IDN,26.82084935508345
2016,IND,26.51308175072815
2016,IRL,10.15852699438505
2016,IRN,16.12360918899006
2016,IRQ,23.637590386562337
2016,ISL,4.068326371141955
2016,ISR,21.13201155406924
2016,ITA,13.45208414667299
2016,JAM,26.83793567121029
2016,JOR,21.05587736851181
2016,JPN,15.31908199065671
2016,KAZ,6.64068912670368
2016,KEN,21.19451321998721
2016,KGZ,7.37709733039102
2016,KHM,28.3965211577894
2016,KNA,27.221756175160408
2016,KOR,13.198862373923305
2016,KWT,26.650482832143705
2016,LAO,25.144519986955785
2016,LBN,19.16055130586028
2016,LBR,26.584669065160625
2016,LCA,27.38861113786697
2016,LKA,27.121731855915307
2016,LSO,14.627938082061393
2016,LTU,7.51438550062649
2016,LUX,10.0525145723174
2016,LVA,7.158217617888525
2016,MAC,15.33294112213348
2016,MAR,18.37300270971236
2016,MDA,11.214233565979344
2016,MDG,21.628212458642388
2016,MDV,28.564036826292675
2016,MEX,18.637901840502508
2016,MKD,11.26941591915821
2016,MLI,29.04578424690459
2016,MLT,20.02807088941336
2016,MMR,26.01473811833249
2016,MNE,12.749796355085346
2016,MNG,-0.7604117707334934
2016,MOZ,25.01850303750566
2016,MRT,29.90632244359648
2016,MSR,27.372087856133778
2016,MUS,24.864064525657643
2016,MWI,22.65868166804706
2016,MYS,27.87284679699919
2016,NAM,23.460132226665667
2016,NER,29.593127021431613
2016,NGA,27.937980407687377
2016,NIC,26.64183637806296
2016,NLD,10.789080128620402
2016,NOR,5.489219927499793
2016,NPL,19.58706474313594
2016,NZL,13.937714263040435
2016,OMN,27.299748135368556
2016,PAK,24.27963960396647
2016,PAN,26.922921197915
2016,PER,16.470772659296617
2016,PHL,27.268472085711647
2016,POL,9.061287750240002
2016,PRT,15.02938985247918
2016,PRY,22.235232138302663
2016,PSE,21.13201155406924
2016,QAT,27.081314583619434
2016,ROU,10.461076215145775
2016,RUS,5.175676378818681
2016,RWA,20.10826977150655
2016,SAU,27.05543368217234
2016,SDN,29.07746896287964
2016,SEN,28.3511021865796
2016,SGP,28.30968875189622
2016,SLE,27.42690696839437
2016,SLV,27.434421330832382
2016,SOM,27.49165726191243
2016,SRB,11.10164468146666
2016,SSD,29.07746896287964
2016,STP,27.36859008669853
2016,SUR,27.81043296648855
2016,SVK,8.875937785097125
2016,SVN,10.65511385251634
2016,SWE,6.969572967649333
2016,SWZ,21.29755436380704
2016,SXM,27.221756175160408
2016,SYC,27.256054436477523
2016,SYR,18.443887377457823
2016,TCA,27.219195711116
2016,TCD,28.8594317723407
2016,TGO,27.96585486146957
2016,THA,27.843543053434654
2016,TJK,12.198294777602824
2016,TKM,17.522876554271896
2016,TTO,27.21294665833314
2016,TUN,19.517000351363585
2016,TUR,13.137126594402211
2016,TWN,15.33294112213348
2016,TZA,22.91194060647281
2016,UGA,23.824453455048765
2016,UKR,9.505936700255544
2016,URY,17.28923803724227
2016,USA,14.767546355457462
2016,UZB,15.1118440234482
2016,VCT,27.39795372883479
2016,VEN,26.158797791678516
2016,VGB,27.26899657150109
2016,VNM,25.642735506301104
2016,YEM,24.73296796532412
2016,ZAF,18.630696898684903
2016,ZMB,22.535704426825458
2016,ZWE,21.760589297546822
2017,ABW,27.038127221167088
2017,AGO,22.945868934164164
2017,AIA,27.00581149508556
2017,ALB,14.639463299797622
2017,ARE,28.825362896471425
2017,ARG,18.20920765359717
2017,ARM,6.787169007444304
2017,ATG,27.09244579821825
2017,AUS,17.009633679462503
2017,AUT,8.61990594891357
2017,AZE,13.144785899943257
2017,BDI,21.783547060224663
2017,BEL,10.683521331117548
2017,BEN,27.991750366851345
2017,BFA,29.017135504084845
2017,BGD,26.29432436222637
2017,BGR,11.131485694351923
2017,BHR,27.09915419916312
2017,BHS,26.32491507132848
2017,BIH,10.633174526616653
2017,BLR,7.535690937367718
2017,BLZ,26.66429489235038
2017,BMU,23.10503262778123
2017,BOL,16.076896200491863
2017,BRA,23.46850295523462
2017,BRB,27.234515604873497
2017,BRN,27.74310394624869
2017,BTN,10.377437233320531
2017,BWA,21.197642393804426
2017,CAF,26.05233271424353
2017,CAN,5.845941791282857
2017,CHE,8.048167999220153
2017,CHL,11.819219269804776
2017,CHN,15.447239780514415
2017,CIV,27.21456551611882
2017,CMR,25.3467195012829
2017,COD,24.501572383747547
2017,COG,25.51646149233282
2017,COL,21.66047394131237
2017,COM,27.116213496619213
2017,CPV,24.6661120057106
2017,CRI,24.619791384028336
2017,CUW,27.038127221167088
2017,CYM,27.594966075072687
2017,CYP,21.06283026809494
2017,CZE,8.809333437522524
2017,DEU,9.937075377473276
2017,DJI,29.20551984394142
2017,DMA,27.2909972568353
2017,DNK,9.201259861050874
2017,DOM,25.709883972921077
2017,DZA,18.257050923667
2017,ECU,19.542404274099077
2017,EGY,22.304362956301052
2017,ESP,15.515205110149878
2017,EST,6.362729763885431
2017,ETH,20.45811285067653
2017,FIN,4.685524670308691
2017,FJI,27.218840236465137
2017,FRA,11.814846310837016
2017,GAB,26.250157450520607
2017,GBR,10.316474142593924
2017,GEO,9.478585405282065
2017,GHA,27.48984297477832
2017,GIN,26.7674767205384
2017,GMB,27.936012463118143
2017,GNB,28.49993410897565
2017,GNQ,25.22316708167394
2017,GRC,14.785607366397212
2017,GRD,27.36612444122632
2017,GTM,22.306875680402865
2017,GUY,27.32615227105946
2017,HKG,15.447239780514415
2017,HND,24.22490606238489
2017,HRV,11.923567236863333
2017,HTI,26.544012882779285
2017,HUN,11.111453527222965
2017,IDN,26.37771795356826
2017,IND,26.34468379487093
2017,IRL,10.367728557499424
2017,IRN,16.08297285336935
2017,IRQ,23.8743975730134
2017,ISL,3.6404423773667514
2017,ISR,20.787914501252565
2017,ITA,13.538504525641825
2017,JAM,26.631232316295307
2017,JOR,20.70681539706304
2017,JPN,14.649663989072303
2017,KAZ,6.500721107377786
2017,KEN,21.322104966697445
2017,KGZ,6.538865691572119
2017,KHM,27.792869989449
2017,KNA,27.09244579821825
2017,KOR,12.583361887018444
2017,KWT,26.919755508502323
2017,LAO,24.791244906872
2017,LBN,18.95978016903003
2017,LBR,26.57889106987225
2017,LCA,27.29157619178295
2017,LKA,26.724369968777804
2017,LSO,14.057159552299554
2017,LTU,7.408379480161045
2017,LUX,10.297347709226113
2017,LVA,6.951321626916551
2017,MAC,15.447239780514415
2017,MAR,18.777658108689145
2017,MDA,11.093462927297242
2017,MDG,21.96795655080937
2017,MDV,28.31863352097571
2017,MEX,18.671268265871102
2017,MKD,11.123890340515674
2017,MLI,29.00023948808141
2017,MLT,20.0346593807141
2017,MMR,25.87958704655937
2017,MNE,12.638373683045357
2017,MNG,0.4112856990896925
2017,MOZ,24.597552026262356
2017,MRT,29.93830868246402
2017,MSR,27.296204566955566
2017,MUS,25.379277249177296
2017,MWI,22.237009897296563
2017,MYS,27.33339180704844
2017,NAM,22.96676271910562
2017,NER,29.22141270956541
2017,NGA,27.75834135877289
2017,NIC,26.25241739670077
2017,NLD,10.957691804886943
2017,NOR,5.347621186502803
2017,NPL,19.43365695038634
2017,NZL,13.59806087770852
2017,OMN,27.548117037290897
2017,PAK,23.94895732849089
2017,PAN,26.68984090570442
2017,PER,15.891136600332734
2017,PHL,26.99986773623541
2017,POL,8.815695195247233
2017,PRT,15.48713476982929
2017,PRY,23.336880949546305
2017,PSE,20.787914501252565
2017,QAT,27.59417602730294
2017,ROU,10.38518200961522
2017,RUS,5.129544787897276
2017,RWA,20.05873724526655
2017,SAU,27.19839612358491
2017,SDN,28.884536336129464
2017,SEN,28.542296856909758
2017,SGP,27.826714773972828
2017,SLE,27.56028607744136
2017,SLV,27.14515360928483
2017,SOM,27.524040075103223
2017,SRB,11.122509364801148
2017,SSD,28.884536336129464
2017,STP,27.10989311337471
2017,SUR,27.60167374501621
2017,SVK,8.654578336223818
2017,SVN,10.621066050472756
2017,SWE,6.794881853174333
2017,SWZ,20.786773712025024
2017,SXM,27.09244579821825
2017,SYC,27.351722593729694
2017,SYR,18.30228976198595
2017,TCA,26.839862152934074
2017,TCD,28.812022797307165
2017,TGO,27.903393734776984
2017,THA,27.335984198151287
2017,TJK,11.601562070797405
2017,TKM,16.995567267446333
2017,TTO,27.209230184555054
2017,TUN,19.04405931625632
2017,TUR,12.895653520512637
2017,TWN,15.447239780514415
2017,TZA,23.06904933998992
2017,UGA,23.606386996869432
2017,UKR,9.663580030350492
2017,URY,18.577982379932912
2017,USA,14.639296801557336
2017,UZB,14.356510350026648
2017,VCT,27.36612444122632
2017,VEN,25.91722244612673
2017,VGB,27.038584696749847
2017,VNM,25.37182117637265
2017,YEM,25.02277379908267
2017,ZAF,18.019140435563983
2017,ZMB,22.00257592050709
2017,ZWE,20.7059346952685
2018,ABW,26.67520982772112
2018,AGO,23.244617859770905
2018,AIA,26.726695870359737
2018,ALB,15.326245334858918
2018,ARE,28.808167636585104
2018,ARG,17.883340643321382
2018,ARM,8.644213838949023
2018,ATG,26.79134202624361
2018,AUS,16.95990510321379
2018,AUT,9.497411444590416
2018,AZE,13.829887991093914
2018,BDI,21.39819331436444
2018,BEL,11.172106593340708
2018,BEN,27.785189392491425
2018,BFA,29.04956844115596
2018,BGD,25.982525140691724
2018,BGR,11.603856404408964
2018,BHR,27.161193937063217
2018,BHS,26.32803050428629
2018,BIH,11.21667197312678
2018,BLR,7.857875033066504
2018,BLZ,26.40879209360828
2018,BMU,23.09245993445317
2018,BOL,15.682067835315635
2018,BRA,23.35345346608301
2018,BRB,26.88973324249188
2018,BRN,27.815570898354053
2018,BTN,10.058690436353414
2018,BWA,21.95004122772833
2018,CAF,26.01329209977337
2018,CAN,5.428043943376946
2018,CHE,8.931516466638108
2018,CHL,11.722970295266675
2018,CHN,15.304531246886818
2018,CIV,26.924889823910405
2018,CMR,25.148859793268592
2018,COD,24.413148798872463
2018,COG,25.65320940588924
2018,COL,21.62222975656083
2018,COM,26.99987630918622
2018,CPV,23.527969948792208
2018,CRI,24.629863076482074
2018,CUW,26.67520982772112
2018,CYM,27.409223385543253
2018,CYP,21.70738696555297
2018,CZE,9.876092206881156
2018,DEU,10.776900790749526
2018,DJI,28.739910130449918
2018,DMA,26.972360810885828
2018,DNK,9.623465994093385
2018,DOM,25.637552229729337
2018,DZA,17.589211281020216
2018,ECU,19.36756758802793
2018,EGY,23.268597011085767
2018,ESP,14.740969250617075
2018,EST,6.96393258365696
2018,ETH,20.185825113293127
2018,FIN,5.124639341914806
2018,FJI,27.058904046813648
2018,FRA,12.391340891364768
2018,GAB,26.08805457261489
2018,GBR,10.317869123098204
2018,GEO,10.640601353478369
2018,GHA,27.35273911697856
2018,GIN,26.56946442849765
2018,GMB,27.43632527035001
2018,GNB,28.23602681406198
2018,GNQ,25.041029160221417
2018,GRC,15.419870596512787
2018,GRD,26.95859674923122
2018,GTM,22.24020498720594
2018,GUY,27.109296250307995
2018,HKG,15.304531246886818
2018,HND,24.173555696182365
2018,HRV,12.46535811470914
2018,HTI,26.519076944087747
2018,HUN,12.10769472852082
2018,IDN,26.36685173781877
2018,IND,26.1582869961625
2018,IRL,10.209819068235491
2018,IRN,16.611518967276975
2018,IRQ,24.05463149377476
2018,ISL,3.285694820590449
2018,ISR,21.39923721619649
2018,ITA,13.812411827533335
2018,JAM,26.58322232464949
2018,JOR,21.35822182031844
2018,JPN,15.24870308863374
2018,KAZ,5.183688704095678
2018,KEN,20.67919936050425
2018,KGZ,6.503302518560237
2018,KHM,27.86379558285068
2018,KNA,26.79134202624361
2018,KOR,12.459540345616809
2018,KWT,27.151310143371425
2018,LAO,24.713702473535
2018,LBN,19.487529541055363
2018,LBR,26.324217445405218
2018,LCA,26.933675492492814
2018,LKA,26.516360233115737
2018,LSO,14.095357098257308
2018,LTU,8.050458818760701
2018,LUX,11.11413442591826
2018,LVA,7.603839386625096
2018,MAC,15.304531246886818
2018,MAR,17.224303035735282
2018,MDA,11.085812718743682
2018,MDG,21.64016574761151
2018,MDV,28.44750557343165
2018,MEX,18.55187261924368
2018,MKD,11.69122389258589
2018,MLI,29.001612533083694
2018,MLT,20.20108937223752
2018,MMR,25.517460991096023
2018,MNE,13.42512822101425
2018,MNG,-0.1987106064464418
2018,MOZ,24.65121232749298
2018,MRT,29.54226319692172
2018,MSR,26.975864386806887
2018,MUS,25.023416429758072
2018,MWI,22.141420057618834
2018,MYS,27.32463132365897
2018,NAM,23.701458512284823
2018,NER,29.170566146236155
2018,NGA,27.547604841732863
2018,NIC,26.309402598225383
2018,NLD,11.314169484928632
2018,NOR,5.595056072714642
2018,NPL,18.990389870075287
2018,NZL,13.838750764598151
2018,OMN,27.66942860445927
2018,PAK,24.082140641939475
2018,PAN,26.509222233292107
2018,PER,15.588794812375962
2018,PHL,27.027574391753102
2018,POL,9.663747393584474
2018,PRT,14.741880301814502
2018,PRY,22.71103068140401
2018,PSE,21.39923721619649
2018,QAT,27.503966410954792
2018,ROU,10.88204837083524
2018,RUS,4.695711321969149
2018,RWA,19.679089947402662
2018,SAU,27.236094903988736
2018,SDN,28.55791834822905
2018,SEN,27.936236577421244
2018,SGP,27.67990732192993
2018,SLE,27.35469716070459
2018,SLV,27.077970095811867
2018,SOM,27.112252608145678
2018,SRB,11.717158379748314
2018,SSD,28.55791834822905
2018,STP,27.17277486001452
2018,SUR,27.39604612154958
2018,SVK,9.764033001489926
2018,SVN,11.236358789643782
2018,SWE,7.28440642996097
2018,SWZ,20.59916632963965
2018,SXM,26.79134202624361
2018,SYC,27.150987915694717
2018,SYR,18.94066615354954
2018,TCA,26.717179335653785
2018,TCD,28.69290456683952
2018,TGO,27.761409175684808
2018,THA,27.29332512692008
2018,TJK,11.738946150077
2018,TKM,17.175019890222
2018,TTO,26.87149870768189
2018,TUN,19.17602688028633
2018,TUR,14.126251452649775
2018,TWN,15.304531246886818
2018,TZA,22.51218011730599
2018,UGA,23.14450263056183
2018,UKR,9.65031294001333
2018,URY,17.99605700136411
2018,USA,14.1208399084535
2018,UZB,14.363777787290095
2018,VCT,26.95859674923122
2018,VEN,25.64790212544721
2018,VGB,26.78460304190715
2018,VNM,25.33350761823797
2018,YEM,24.71451804091209
2018,ZAF,18.24026313787213
2018,ZMB,22.36192632884996
2018,ZWE,21.33015631207313
2019,ABW,26.68113076562683
2019,AGO,23.501888122964157
2019,AIA,26.829801864922047
2019,ALB,15.127333386821215
2019,ARE,28.346421795262813
2019,ARG,17.792067011351552
2019,ARM,7.557766096951208
2019,ATG,26.89035064851244
2019,AUS,17.11774215645947
2019,AUT,9.384081572391713
2019,AZE,13.513674669203192
2019,BDI,21.641383979322534
2019,BEL,10.907179791971322
2019,BEN,27.81786597394813
2019,BFA,29.05384733316697
2019,BGD,26.34332866185767
2019,BGR,12.095208758170552
2019,BHR,26.977292420342565
2019,BHS,26.42524332677324
2019,BIH,11.284854334077489
2019,BLR,8.742661345432591
2019,BLZ,26.926615775612092
2019,BMU,23.04657813534141
2019,BOL,16.037233083414776
2019,BRA,23.8860002372007
2019,BRB,27.24789320429166
2019,BRN,28.019740263621017
2019,BTN,10.10818162714052
2019,BWA,22.567371666349377
2019,CAF,26.149259241321246
2019,CAN,4.827535722215911
2019,CHE,8.409263751312526
2019,CHL,12.1269292308722
2019,CHN,15.495903245737214
2019,CIV,27.07171885921081
2019,CMR,25.392572099171243
2019,COD,24.59542441521753
2019,COG,25.825988440611503
2019,COL,22.03095528705093
2019,COM,27.548256839315098
2019,CPV,23.88808832069238
2019,CRI,24.98300754217276
2019,CUW,26.68113076562683
2019,CYM,27.635748942693077
2019,CYP,21.19030612086256
2019,CZE,9.82569630528488
2019,DEU,10.540197240700277
2019,DJI,29.01050849833448
2019,DMA,27.15071681390206
2019,DNK,9.660924622749304
2019,DOM,25.97041182089473
2019,DZA,17.93073874690228
2019,ECU,19.64940593029002
2019,EGY,22.508558794673256
2019,ESP,15.14903097129913
2019,EST,7.296359533064155
2019,ETH,20.481676583975972
2019,FIN,5.095043312488106
2019,FJI,27.218096360564232
2019,FRA,12.165495964529203
2019,GAB,26.53485864266376
2019,GBR,10.17836052415523
2019,GEO,10.010377918092429
2019,GHA,27.55604814103633
2019,GIN,26.723657538061225
2019,GMB,27.73137697274584
2019,GNB,28.55616411441576
2019,GNQ,25.470177536209423
2019,GRC,15.41749270866533
2019,GRD,27.36009285847346
2019,GTM,22.7092178597427
2019,GUY,27.41673421017772
2019,HKG,15.495903245737214
2019,HND,24.668436836301712
2019,HRV,12.632605155301524
2019,HTI,26.822270521300965
2019,HUN,12.21969794461648
2019,IDN,26.488786697540128
2019,IND,26.13773651310312
2019,IRL,10.30121794620998
2019,IRN,15.8848500536126
2019,IRQ,23.54814414586051
2019,ISL,3.668587248307467
2019,ISR,20.79364561268429
2019,ITA,13.78148419347886
2019,JAM,26.76337534685929
2019,JOR,20.639681740040498
2019,JPN,15.348345015326093
2019,KAZ,6.697646300481204
2019,KEN,21.28097861197671
2019,KGZ,7.030327842696168
2019,KHM,28.331963416994643
2019,KNA,26.89035064851244
2019,KOR,12.95221858404569
2019,KWT,26.647320583462715
2019,LAO,25.593283395105807
2019,LBN,18.94148288418849
2019,LBR,26.513361541463567
2019,LCA,27.26435762892167
2019,LKA,26.875853901344485
2019,LSO,14.95495710053856
2019,LTU,8.686264035667055
2019,LUX,10.724683249990145
2019,LVA,8.134567489197202
2019,MAC,15.495903245737214
2019,MAR,17.929206445433618
2019,MDA,12.0027012581982
2019,MDG,22.17215818013237
2019,MDV,28.728510628143948
2019,MEX,19.075069044332817
2019,MKD,11.732793031961574
2019,MLI,28.896143515759466
2019,MLT,19.8642144476374
2019,MMR,26.124240348831982
2019,MNE,13.168895458979406
2019,MNG,0.0489371443612434
2019,MOZ,24.873507036983938
2019,MRT,29.594784411743326
2019,MSR,27.087526618192594
2019,MUS,25.37066613137722
2019,MWI,22.338305863730746
2019,MYS,27.66448900263648
2019,NAM,24.184847043558307
2019,NER,29.312083035968087
2019,NGA,27.66377386174685
2019,NIC,26.678738964430018
2019,NLD,11.212274851466836
2019,NOR,5.419013825422923
2019,NPL,19.061257391425944
2019,NZL,13.842375319028545
2019,OMN,27.19060379144961
2019,PAK,23.30442818728183
2019,PAN,26.789162937489472
2019,PER,15.881398754462165
2019,PHL,27.12339024756273
2019,POL,10.084717379738107
2019,PRT,14.886933015276096
2019,PRY,23.373805613035536
2019,PSE,20.79364561268429
2019,QAT,27.325006691894185
2019,ROU,11.376879066995077
2019,RUS,5.603406164906148
2019,RWA,19.905607582857712
2019,SAU,27.105385273287222
2019,SDN,28.51731805256673
2019,SEN,28.289853487616337
2019,SGP,28.0816383510828
2019,SLE,27.55654838083337
2019,SLV,27.34424797176772
2019,SOM,27.551467862988005
2019,SRB,11.93043561373575
2019,SSD,28.51731805256673
2019,STP,27.37348685661952
2019,SUR,27.739792271524088
2019,SVK,9.774413042081576
2019,SVN,11.372846908101211
2019,SWE,7.271361191506759
2019,SWZ,21.1665892029802
2019,SXM,26.89035064851244
2019,SYC,27.74177593986193
2019,SYR,18.281050430762207
2019,TCA,26.937992498278614
2019,TCD,28.637471405882533
2019,TGO,27.88364021313494
2019,THA,28.004443320872188
2019,TJK,11.715430718212987
2019,TKM,17.38698208518781
2019,TTO,27.392941663662597
2019,TUN,19.03350769517249
2019,TUR,13.432055091721317
2019,TWN,15.495903245737214
2019,TZA,22.97651073955085
2019,UGA,23.49410426067044
2019,UKR,10.427424518750032
2019,URY,17.834624261197824
2019,USA,13.967574270406423
2019,UZB,14.91631382847352
2019,VCT,27.36009285847346
2019,VEN,26.123250409806065
2019,VGB,26.905781015753742
2019,VNM,25.986211951091924
2019,YEM,24.993768316733867
2019,ZAF,18.765819690342205
2019,ZMB,22.455449292977125
2019,ZWE,21.66351658309808
2020,ABW,27.137801696856812
2020,AGO,23.40711864187485
2020,AIA,27.15001791715622
2020,ALB,14.920149691037231
2020,ARE,28.371072736592435
2020,ARG,17.985209273091915
2020,ARM,7.380499758776654
2020,ATG,27.169320697585743
2020,AUS,16.62159412593716
2020,AUT,9.0355964805681
2020,AZE,13.286356190667602
2020,BDI,21.676819450264905
2020,BEL,11.533679139132287
2020,BEN,27.796956014379116
2020,BFA,29.029321661863133
2020,BGD,26.044116897134582
2020,BGR,11.947067356584265
2020,BHR,26.862645000219345
2020,BHS,26.65415559709072
2020,BIH,10.986144322062508
2020,BLR,9.009050783347636
2020,BLZ,27.20399893393426
2020,BMU,22.66254809871316
2020,BOL,16.28407299458754
2020,BRA,23.602520487087205
2020,BRB,27.32239385942618
2020,BRN,27.92661317189534
2020,BTN,10.15238909519801
2020,BWA,21.23989474025235
2020,CAF,26.161794718974004
2020,CAN,6.07189667418209
2020,CHE,8.735594198987362
2020,CHL,12.280240980300457
2020,CHN,15.546293223160513
2020,CIV,27.00202025187787
2020,CMR,25.39809220414004
2020,COD,24.697054049814568
2020,COG,25.77976752852994
2020,COL,22.253950828821655
2020,COM,26.969357429693144
2020,CPV,24.499582920223475
2020,CRI,24.98588666420131
2020,CUW,27.137801696856812
2020,CYM,28.025463288029037
2020,CYP,21.492117243508503
2020,CZE,9.401449909287829
2020,DEU,10.721496992183743
2020,DJI,29.07066533508412
2020,DMA,27.34517139196396
2020,DNK,10.09945370718848
2020,DOM,26.2010368170012
2020,DZA,18.36515355957459
2020,ECU,19.686718375760844
2020,EGY,22.58111548935496
2020,ESP,15.441804175419342
2020,EST,8.180150287498106
2020,ETH,20.518055625125683
2020,FIN,6.524313036329295
2020,FJI,27.28740283101797
2020,FRA,12.678087447537951
2020,GAB,26.40568200956152
2020,GBR,10.49321250583628
2020,GEO,9.93694530200992
2020,GHA,27.53588318959584
2020,GIN,26.76067340055296
2020,GMB,28.23366151864693
2020,GNB,28.863267969453304
2020,GNQ,25.36570833126704
2020,GRC,15.267866420357985
2020,GRD,27.411886657277744
2020,GTM,22.802262620319077
2020,GUY,27.443350512364024
2020,HKG,15.546293223160513
2020,HND,24.86519183397695
2020,HRV,12.19965662715528
2020,HTI,26.98351278101989
2020,HUN,11.60459303781962
2020,IDN,26.561904227206377
2020,IND,25.82323076946555
2020,IRL,10.28501973505273
2020,IRN,15.554816631114456
2020,IRQ,23.920527528993063
2020,ISL,3.06484635713162
2020,ISR,21.122723628989814
2020,ITA,13.719023172468267
2020,JAM,26.970869441827137
2020,JOR,21.01470277874967
2020,JPN,15.387652049593678
2020,KAZ,7.0896913517190985
2020,KEN,20.893075397483987
2020,KGZ,6.278880355309967
2020,KHM,28.225198980608877
2020,KNA,27.169320697585743
2020,KOR,12.763741497990573
2020,KWT,26.70424121866624
2020,LAO,25.308718014204647
2020,LBN,19.255649571617443
2020,LBR,26.422651395078983
2020,LCA,27.343083918094635
2020,LKA,26.98555562825205
2020,LSO,13.907746420562248
2020,LTU,8.988772072631004
2020,LUX,11.30246917406718
2020,LVA,8.719818205433675
2020,MAC,15.546293223160513
2020,MAR,18.570292190123897
2020,MDA,12.2425947319418
2020,MDG,21.72394280208651
2020,MDV,28.60146389901638
2020,MEX,19.17344775433491
2020,MKD,11.431151235756
2020,MLI,28.901540587750542
2020,MLT,20.212961966792744
2020,MMR,26.135171601754404
2020,MNE,12.969029776301088
2020,MNG,-0.0054504229389456
2020,MOZ,24.750388496789608
2020,MRT,29.966674283783178
2020,MSR,27.333964633444943
2020,MUS,24.74460316946109
2020,MWI,22.44637291628452
2020,MYS,27.575360880129548
2020,NAM,22.916518157065397
2020,NER,29.15462125506745
2020,NGA,27.68787320774578
2020,NIC,26.683083891704744
2020,NLD,11.645087168459
2020,NOR,6.41041676119223
2020,NPL,18.724336290357115
2020,NZL,13.609560663046336
2020,OMN,27.05000322350931
2020,PAK,23.258126070765115
2020,PAN,26.76322059505006
2020,PER,16.197677472952027
2020,PHL,27.30121482894586
2020,POL,9.756625207502385
2020,PRT,15.413257825625733
2020,PRY,23.502803199038333
2020,PSE,21.122723628989814
2020,QAT,27.14456557234128
2020,ROU,11.185467319097862
2020,RUS,6.393887313236141
2020,RWA,19.993472151907657
2020,SAU,26.961885115459477
2020,SDN,28.296247347249256
2020,SEN,28.871954894928777
2020,SGP,28.014709842701752
2020,SLE,27.48732460779111
2020,SLV,27.22567641372158
2020,SOM,27.52862749154473
2020,SRB,11.422570247721918
2020,SSD,28.296247347249256
2020,STP,27.28776678442955
2020,SUR,27.7363625827181
2020,SVK,9.286409011344151
2020,SVN,10.926144340041402
2020,SWE,8.252155623828074
2020,SWZ,20.715526943405468
2020,SXM,27.169320697585743
2020,SYC,27.449482614795368
2020,SYR,18.68455795997709
2020,TCA,27.09920161217451
2020,TCD,28.77535989378929
2020,TGO,27.792309874529543
2020,THA,27.82684837936584
2020,TJK,10.783389880560856
2020,TKM,16.35663336638692
2020,TTO,27.3250603924195
2020,TUN,19.40604158484197
2020,TUR,13.639560062789329
2020,TWN,15.546293223160513
2020,TZA,22.686252907691447
2020,UGA,23.423630134590702
2020,UKR,10.583674944106384
2020,URY,17.754656173123582
2020,USA,14.56174609035356
2020,UZB,13.872816595317412
2020,VCT,27.411886657277744
2020,VEN,26.25430150191091
2020,VGB,27.25136922796567
2020,VNM,25.736552149939325
2020,YEM,24.75257699334888
2020,ZAF,18.006239149922255
2020,ZMB,22.34497546229421
2020,ZWE,21.236449481426437
2021,ABW,26.958711750805374
2021,AGO,23.565547998122444
2021,AIA,26.89759949222207
2021,ALB,14.928075250373166
2021,ARE,28.92994023536677
2021,ARG,17.886177566187616
2021,ARM,7.896177994941264
2021,ATG,26.962413263817623
2021,AUS,16.26240853719983
2021,AUT,8.201034280769456
2021,AZE,13.69491306332147
2021,BDI,21.57265411855496
2021,BEL,10.114776595084722
2021,BEN,28.112032744278302
2021,BFA,29.42847581082323
2021,BGD,26.66604027596512
2021,BGR,11.21587123027574
2021,BHR,27.32427308956782
2021,BHS,26.584478161142517
2021,BIH,10.712806020683034
2021,BLR,7.192888741422818
2021,BLZ,26.630282280666933
2021,BMU,22.97143276532491
2021,BOL,15.796092046941688
2021,BRA,23.295183626059565
2021,BRB,27.20507650822401
2021,BRN,27.75468040754397
2021,BTN,10.466857439317524
2021,BWA,20.841636175458287
2021,CAF,25.951895636811788
2021,CAN,6.520604736270276
2021,CHE,7.56194062944637
2021,CHL,11.93367745357438
2021,CHN,15.83992036111747
2021,CIV,27.073378614599044
2021,CMR,25.247230057499547
2021,COD,24.61664178665084
2021,COG,25.632338474003397
2021,COL,21.443095991563684
2021,COM,26.813118453448016
2021,CPV,24.22808364282052
2021,CRI,24.57920650938688
2021,CUW,26.958711750805374
2021,CYM,27.51109000388533
2021,CYP,21.654293308655426
2021,CZE,8.338908511282698
2021,DEU,9.504226109547565
2021,DJI,28.665523917165853
2021,DMA,27.15341571221749
2021,DNK,9.15665181880291
2021,DOM,25.84246253737216
2021,DZA,18.73290947063404
2021,ECU,19.218832334276414
2021,EGY,22.939533253707616
2021,ESP,15.036386444621709
2021,EST,6.482991952190986
2021,ETH,20.35571572230229
2021,FIN,4.565575812023464
2021,FJI,27.02893087733537
2021,FRA,11.397814085994977
2021,GAB,26.13414794810138
2021,GBR,10.076312122306328
2021,GEO,9.975271738557687
2021,GHA,27.608045081002164
2021,GIN,26.778975517967524
2021,GMB,28.15138251658013
2021,GNB,28.910746918247323
2021,GNQ,25.091297795375187
2021,GRC,15.156204827051658
2021,GRD,27.47303942342599
2021,GTM,22.47434008756855
2021,GUY,27.13354848213392
2021,HKG,15.83992036111747
2021,HND,24.4422878225099
2021,HRV,11.75242789561418
2021,HTI,26.679650725227763
2021,HUN,10.969498354544246
2021,IDN,26.368585857112457
2021,IND,26.031929255437277
2021,IRL,10.407301371496994
2021,IRN,16.930447543677012
2021,IRQ,24.578708357285777
2021,ISL,3.3535038239604367
2021,ISR,21.353754230877016
2021,ITA,13.347264118385707
2021,JAM,26.692607216537
2021,JOR,21.33764099532945
2021,JPN,15.342067817989106
2021,KAZ,6.7168756309110105
2021,KEN,21.009212160986117
2021,KGZ,7.004927394245453
2021,KHM,27.750570479600672
2021,KNA,26.962413263817623
2021,KOR,13.13808718967172
2021,KWT,27.423153713345528
2021,LAO,24.90681876664122
2021,LBN,19.44133532543977
2021,LBR,26.45029218548653
2021,LCA,27.26561753948529
2021,LKA,26.65962571457801
2021,LSO,13.679684043034134
2021,LTU,7.200461433296944
2021,LUX,9.816995887241015
2021,LVA,6.964815062567007
2021,MAC,15.83992036111747
2021,MAR,18.085057030895
2021,MDA,10.400776479186057
2021,MDG,21.815556760287997
2021,MDV,28.36060111845533
2021,MEX,18.82472111212212
2021,MKD,11.190948436208297
2021,MLI,29.41944447122269
2021,MLT,20.42327663799127
2021,MMR,26.21696312660728
2021,MNE,12.776643655363024
2021,MNG,0.468110396900799
2021,MOZ,24.45493874317748
2021,MRT,30.42329015954479
2021,MSR,27.13345382610957
2021,MUS,24.977708362042904
2021,MWI,22.023762930052964
2021,MYS,27.32383603482752
2021,NAM,22.411349622720365
2021,NER,29.691599534533427
2021,NGA,27.87642494678104
2021,NIC,26.347502795714146
2021,NLD,10.52534362963559
2021,NOR,5.159830393305521
2021,NPL,19.14551070020165
2021,NZL,13.818234269495289
2021,OMN,27.555792520879173
2021,PAK,23.81691221539676
2021,PAN,26.475086438024043
2021,PER,15.82832709399879
2021,PHL,27.09945325107876
2021,POL,8.459484554659216
2021,PRT,14.97676360046314
2021,PRY,22.921993545163986
2021,PSE,21.353754230877016
2021,QAT,27.62621932228406
2021,ROU,10.159703034040431
2021,RUS,5.11692103130426
2021,RWA,19.86686543755819
2021,SAU,27.562538563781477
2021,SDN,28.705808663306712
2021,SEN,28.776876887105235
2021,SGP,27.7946473856767
2021,SLE,27.400020647511848
2021,SLV,26.942787197294656
2021,SOM,27.22507364030072
2021,SRB,11.110352875807791
2021,SSD,28.705808663306712
2021,STP,27.088982338706654
2021,SUR,27.33194741266373
2021,SVK,8.454463977023774
2021,SVN,10.335701790770973
2021,SWE,6.75309742257401
2021,SWZ,20.42143585750212
2021,SXM,26.962413263817623
2021,SYC,27.1032511840264
2021,SYR,18.910041161558908
2021,TCA,26.879531551152468
2021,TCD,28.810785676341208
2021,TGO,28.06581051339076
2021,THA,27.3179538890744
2021,TJK,11.97809525051476
2021,TKM,17.74945304844021
2021,TTO,27.340610414743423
2021,TUN,19.847878495671843
2021,TUR,13.501933466632432
2021,TWN,15.83992036111747
2021,TZA,22.75880401025909
2021,UGA,23.50472583497862
2021,UKR,9.05169449494841
2021,URY,17.90262216104623
2021,USA,14.498370936215514
2021,UZB,15.033926112780632
2021,VCT,27.47303942342599
2021,VEN,25.58893575852653
2021,VGB,26.951643055925768
2021,VNM,25.490803716388186
2021,YEM,24.63834539335385
2021,ZAF,17.8082625916279
2021,ZMB,22.05297747908209
2021,ZWE,20.811563487343346
2022,ABW,26.873554070790608
2022,AGO,23.179352396367563
2022,AIA,26.829628239075344
2022,ALB,15.032789551369452
2022,ARE,28.635035881925084
2022,ARG,17.576805851550503
2022,ARM,7.725614088945008
2022,ATG,26.88415781532724
2022,AUS,16.3422283910462
2022,AUT,9.33511222928666
2022,AZE,13.56738422730253
2022,BDI,21.411746580680006
2022,BEL,11.52546337798946
2022,BEN,27.6084342056098
2022,BFA,28.71346859256841
2022,BGD,26.459105495305504
2022,BGR,11.76179268008539
2022,BHR,26.879502629240356
2022,BHS,26.65120968719323
2022,BIH,11.412411869094234
2022,BLR,7.698102830043729
2022,BLZ,26.567463752618405
2022,BMU,23.19731257359187
2022,BOL,15.843519585387424
2022,BRA,23.05416333420289
2022,BRB,26.91172541926305
2022,BRN,27.687749837835625
2022,BTN,10.248217520618352
2022,BWA,21.21222278877213
2022,CAF,25.78983436174959
2022,CAN,5.659544149939932
2022,CHE,9.26955415970886
2022,CHL,11.611631912084873
2022,CHN,15.707446174328073
2022,CIV,26.79245012433433
2022,CMR,24.85871006933896
2022,COD,24.507284029901804
2022,COG,25.59235291037825
2022,COL,21.187258013016397
2022,COM,26.661005267252524
2022,CPV,24.27824414769809
2022,CRI,24.405344425612096
2022,CUW,26.873554070790608
2022,CYM,27.705377178887527
2022,CYP,21.10738449792068
2022,CZE,9.450051213194412
2022,DEU,10.823677172447962
2022,DJI,28.732404805178657
2022,DMA,26.936376841117937
2022,DNK,9.761210374748282
2022,DOM,25.81879961942677
2022,DZA,19.06472931739124
2022,ECU,19.10338574041472
2022,EGY,22.181867711491467
2022,ESP,16.100810314440977
2022,EST,6.82109992811773
2022,ETH,20.448041716385063
2022,FIN,5.163201018207616
2022,FJI,27.53107955555121
2022,FRA,12.983474711515589
2022,GAB,26.01866012951209
2022,GBR,10.902483939303568
2022,GEO,9.687839883717407
2022,GHA,27.224095035993845
2022,GIN,26.4107353911318
2022,GMB,27.74374144215147
2022,GNB,28.354547323361647
2022,GNQ,24.915627878159285
2022,GRC,15.137663345816511
2022,GRD,26.986501324921846
2022,GTM,22.25544691566913
2022,GUY,27.00961042345801
2022,HKG,15.707446174328073
2022,HND,24.101497389839093
2022,HRV,12.618787925641552
2022,HTI,26.62140200692757
2022,HUN,11.949094964718626
2022,IDN,26.34231807725735
2022,IND,26.182076320045898
2022,IRL,10.716601977705125
2022,IRN,16.653416658337324
2022,IRQ,24.188139489266497
2022,ISL,3.26362422892743
2022,ISR,20.736992921888746
2022,ITA,14.364735729826066
2022,JAM,26.624125714103386
2022,JOR,20.71386292999418
2022,JPN,15.235747276304224
2022,KAZ,6.909014311216431
2022,KEN,21.01632228052972
2022,KGZ,7.492323276635079
2022,KHM,27.751327156532973
2022,KNA,26.88415781532724
2022,KOR,12.740355388198466
2022,KWT,26.994563292711973
2022,LAO,24.78819138692654
2022,LBN,18.854377689460915
2022,LBR,26.212220108655504
2022,LCA,26.919816583239783
2022,LKA,26.54388822889298
2022,LSO,14.080403880548378
2022,LTU,7.744303277781175
2022,LUX,11.451956167817116
2022,LVA,7.362575191587061
2022,MAC,15.707446174328073
2022,MAR,18.92869273329952
2022,MDA,11.533909224545932
2022,MDG,21.427362327519432
2022,MDV,28.18890782694022
2022,MEX,18.81685684072089
2022,MKD,11.375850706004067
2022,MLI,28.749365369852164
2022,MLT,20.53843629856904
2022,MMR,25.958026485174745
2022,MNE,13.258762828726727
2022,MNG,-0.4441751540192071
2022,MOZ,24.43236997558678
2022,MRT,29.813190112522445
2022,MSR,26.98467147598664
2022,MUS,24.56788502757748
2022,MWI,21.797618683429167
2022,MYS,27.33663605886421
2022,NAM,22.601956870589763
2022,NER,29.012564881687723
2022,NGA,27.416856579062063
2022,NIC,26.055240613554897
2022,NLD,11.614898458567312
2022,NOR,5.685922082109287
2022,NPL,19.353349144898463
2022,NZL,14.139039923085816
2022,OMN,27.461641358856763
2022,PAK,24.289847903929346
2022,PAN,26.35178153283464
2022,PER,15.459714525109538
2022,PHL,27.105459227565053
2022,POL,9.33376843490252
2022,PRT,15.884336518903297
2022,PRY,22.53944080875024
2022,PSE,20.736992921888746
2022,QAT,27.216019252936047
2022,ROU,10.962056258854991
2022,RUS,5.354964087524849
2022,RWA,19.7193810433198
2022,SAU,27.28726110982339
2022,SDN,28.350796622042097
2022,SEN,28.431119231660475
2022,SGP,27.85641343643268
2022,SLE,27.1368932975078
2022,SLV,26.73757374740875
2022,SOM,27.339053931324848
2022,SRB,11.694063833067814
2022,SSD,28.350796622042097
2022,STP,26.847464236120384
2022,SUR,27.30275801061622
2022,SVK,9.437293992994173
2022,SVN,11.376999692606828
2022,SWE,7.411426721704139
2022,SWZ,20.88327522901818
2022,SXM,26.88415781532724
2022,SYC,26.956456725175183
2022,SYR,18.360843692276664
2022,TCA,26.890982786814373
2022,TCD,28.19343270995376
2022,TGO,27.5541198792248
2022,THA,27.21558128184781
2022,TJK,12.20036415434205
2022,TKM,17.79532709735022
2022,TTO,26.80609980101387
2022,TUN,20.099920004142568
2022,TUR,13.09714509654608
2022,TWN,15.707446174328073
2022,TZA,22.599096064692308
2022,UGA,23.396403180557485
2022,UKR,9.694044318877928
2022,URY,17.54580642653275
2022,USA,14.095875977934815
2022,UZB,15.108658140995
2022,VCT,26.986501324921846
2022,VEN,25.484402051986056
2022,VGB,26.850529812276363
2022,VNM,25.294055463963016
2022,YEM,24.71727891525717
2022,ZAF,18.1800176577567
2022,ZMB,21.90799459198325
2022,ZWE,21.020879656841917
2023,ABW,27.04706902429461
2023,AGO,22.857819683449627
2023,AIA,27.31151277571917
2023,ALB,15.303473099474456
2023,ARE,28.75559156219108
2023,ARG,18.536139713594515
2023,ARM,8.242961369450068
2023,ATG,27.38615707308054
2023,AUS,16.853426919500908
2023,AUT,9.62046813718925
2023,AZE,14.19157941349107
2023,BDI,21.86872511778134
2023,BEL,11.503448164062812
2023,BEN,27.95394011617044
2023,BFA,29.256012592934997
2023,BGD,26.703400659599087
2023,BGR,12.5335946538964
2023,BHR,27.13142900665601
2023,BHS,26.845377653837204
2023,BIH,11.602298385771968
2023,BLR,8.627402449071255
2023,BLZ,27.14078560906923
2023,BMU,22.626400908610474
2023,BOL,17.214319481203866
2023,BRA,23.8825407099646
2023,BRB,27.441612857859575
2023,BRN,28.082601601878807
2023,BTN,10.563489258123909
2023,BWA,21.958273066876732
2023,CAF,26.1453534009131
2023,CAN,6.7704784755294725
2023,CHE,9.23435126107827
2023,CHL,12.15453735811583
2023,CHN,16.080235956028723
2023,CIV,27.265503635700476
2023,CMR,25.46870023273813
2023,COD,24.666691015814912
2023,COG,25.99126132072093
2023,COL,22.09435953494701
2023,COM,27.369820207357407
2023,CPV,25.17611538867156
2023,CRI,25.28454732723968
2023,CUW,27.04706902429461
2023,CYM,28.14137858152389
2023,CYP,21.63947306573391
2023,CZE,9.905417874966332
2023,DEU,10.939467068350153
2023,DJI,28.88091554606628
2023,DMA,27.506374329328537
2023,DNK,9.63167416434296
2023,DOM,26.330429825579387
2023,DZA,18.90499420175008
2023,ECU,20.18305280917121
2023,EGY,23.152830052521203
2023,ESP,15.954960165063344
2023,EST,7.024062625180656
2023,ETH,20.47450522987873
2023,FIN,4.859813158134093
2023,FJI,27.286271067957085
2023,FRA,12.845440078624172
2023,GAB,26.43880120752932
2023,GBR,10.819335979067532
2023,GEO,10.325432468420752
2023,GHA,27.56747721600485
2023,GIN,26.81593819165532
2023,GMB,28.33102150745369
2023,GNB,28.781055330132467
2023,GNQ,25.363572026292484
2023,GRC,15.625031679831793
2023,GRD,27.47502986807376
2023,GTM,22.939365032382597
2023,GUY,27.69398926276022
2023,HKG,16.080235956028723
2023,HND,24.882017424813903
2023,HRV,12.930579676992547
2023,HTI,27.12981319326464
2023,HUN,12.370900230578764
2023,IDN,26.67439971547264
2023,IND,26.26821427901936
2023,IRL,10.99414703858756
2023,IRN,16.799112782212404
2023,IRQ,24.083172736134312
2023,ISL,3.1169479351193314
2023,ISR,21.44865540439258
2023,ITA,14.278127891482727
2023,JAM,27.108603705962494
2023,JOR,21.37983476287722
2023,JPN,16.08352953153176
2023,KAZ,7.73154061141428
2023,KEN,21.380385206410907
2023,KGZ,7.684205365831676
2023,KHM,28.252290756879415
2023,KNA,27.38615707308054
2023,KOR,13.45774801507778
2023,KWT,26.981477158765
2023,LAO,25.432616900855244
2023,LBN,19.44431969150901
2023,LBR,26.50048611673794
2023,LCA,27.444208569203813
2023,LKA,26.839411698122426
2023,LSO,14.281425154588993
2023,LTU,8.583765404890345
2023,LUX,11.41243676841259
2023,LVA,7.9914017297125985
2023,MAC,16.080235956028723
2023,MAR,19.01416380092312
2023,MDA,12.401060602788464
2023,MDG,22.178864448563434
2023,MDV,28.53553185115258
2023,MEX,19.407968073401545
2023,MKD,11.942268056364544
2023,MLI,29.347364365922235
2023,MLT,20.48626074194908
2023,MMR,26.2982010882477
2023,MNE,13.414597585245318
2023,MNG,0.0241636224237224
2023,MOZ,24.880694851349144
2023,MRT,30.29543719177485
2023,MSR,27.54113412151734
2023,MUS,25.44810370107492
2023,MWI,22.52374453507987
2023,MYS,27.57558482499364
2023,NAM,22.807931480195297
2023,NER,29.70090867381334
2023,NGA,27.89533082398296
2023,NIC,26.919310362041383
2023,NLD,11.7650353158633
2023,NOR,5.056307849944297
2023,NPL,19.451701109046592
2023,NZL,13.909891559587203
2023,OMN,27.648521052447244
2023,PAK,23.600359057757476
2023,PAN,27.061274952041952
2023,PER,16.784332753740955
2023,PHL,27.261173003935667
2023,POL,9.89789220537253
2023,PRT,15.893728685909736
2023,PRY,23.88260937081796
2023,PSE,21.44865540439258
2023,QAT,27.48512303332488
2023,ROU,11.650485447467805
2023,RUS,5.8984019751620025
2023,RWA,20.20282873956971
2023,SAU,27.33102703706451
2023,SDN,29.28188487915389
2023,SEN,28.974160472284943
2023,SGP,27.996806699161727
2023,SLE,27.29390778876048
2023,SLV,27.543172465764
2023,SOM,27.35548334806378
2023,SRB,12.1630260023867
2023,SSD,29.28188487915389
2023,STP,27.302457571029663
2023,SUR,27.88255093500139
2023,SVK,9.801904127897425
2023,SVN,11.45108159380549
2023,SWE,6.8345317736082745
2023,SWZ,21.00948701923092
2023,SXM,27.38615707308054
2023,SYC,27.789518057058256
2023,SYR,18.68566799644577
2023,TCA,27.318250914414723
2023,TCD,29.069795924592377
2023,TGO,27.92576905093948
2023,THA,27.899503372652447
2023,TJK,12.511439574855816
2023,TKM,18.42350212062888
2023,TTO,27.33254872262478
2023,TUN,19.96919106157708
2023,TUR,13.681529319448137
2023,TWN,16.080235956028723
2023,TZA,23.136408371781407
2023,UGA,23.8649438247848
2023,UKR,10.475709159977098
2023,URY,18.209288561071777
2023,USA,14.69835054944323
2023,UZB,15.55584797865659
2023,VCT,27.47502986807376
2023,VEN,26.23431013354961
2023,VGB,27.34278608734409
2023,VNM,25.846636979643357
2023,YEM,25.022050154607207
2023,ZAF,18.365573797931347
2023,ZMB,22.51305685399073
2023,ZWE,21.702964500355392
2024,ABW,27.69545940558116
2024,AGO,23.231338033928065
2024,AIA,27.82586560646693
2024,ALB,15.86686839386527
2024,ARE,28.798521512428795
2024,ARG,18.13199112837937
2024,ARM,7.966493248979445
2024,ATG,27.984964936971664
2024,AUS,17.218356639698456
2024,AUT,10.179462010299993
2024,AZE,13.656001014369757
2024,BDI,22.1558499725724
2024,BEL,11.339296205071363
2024,BEN,28.23781716040632
2024,BFA,29.412684695914034
2024,BGD,26.50176943631768
2024,BGR,12.840729356575208
2024,BHR,27.214559917648632
2024,BHS,26.570586189627647
2024,BIH,12.279824357833832
2024,BLR,9.346852402763869
2024,BLZ,27.245752403408638
2024,BMU,22.576933469623327
2024,BOL,17.215811095450174
2024,BRA,24.220004617801923
2024,BRB,28.097178320089977
2024,BRN,28.43502052128315
2024,BTN,10.500898296286753
2024,BWA,22.524453009109447
2024,CAF,26.7167998770121
2024,CAN,7.137722903349869
2024,CHE,9.039485161258469
2024,CHL,11.854741539272204
2024,CHN,16.241298600658546
2024,CIV,27.41106213528256
2024,CMR,25.621993780460883
2024,COD,25.15581840734339
2024,COG,26.274788658918457
2024,COL,22.38433736316109
2024,COM,27.60897648334503
2024,CPV,25.08400896191597
2024,CRI,25.34625385804833
2024,CUW,27.69545940558116
2024,CYM,28.11148578921954
2024,CYP,22.030021637678143
2024,CZE,10.557359577261652
2024,DEU,11.144440778496454
2024,DJI,29.20493459154932
2024,DMA,28.147988746563595
2024,DNK,9.919046467450093
2024,DOM,26.337765778019868
2024,DZA,19.157895018987684
2024,ECU,20.064266675791373
2024,EGY,23.359115894048344
2024,ESP,15.855835494304731
2024,EST,7.80454014651207
2024,ETH,20.94434917639404
2024,FIN,5.546840076468521
2024,FJI,27.459024955828983
2024,FRA,12.403946701644
2024,GAB,26.547655141618733
2024,GBR,10.7133863370549
2024,GEO,10.180907255980538
2024,GHA,27.86707655000652
2024,GIN,27.047841397091
2024,GMB,28.32081966477378
2024,GNB,28.89481151434741
2024,GNQ,25.49878914654255
2024,GRC,16.222456259141993
2024,GRD,28.123149921496708
2024,GTM,23.21112275914098
2024,GUY,28.144635506379757
2024,HKG,16.241298600658546
2024,HND,24.9509005080078
2024,HRV,13.443865440320629
2024,HTI,27.138829189884284
2024,HUN,13.05718096014121
2024,IDN,27.01139100105708
2024,IND,26.46399757196276
2024,IRL,10.597447019741844
2024,IRN,16.450362874740865
2024,IRQ,23.93498408444265
2024,ISL,2.461397611122925
2024,ISR,21.51453152351673
2024,ITA,14.395098130569268
2024,JAM,27.186200166742008
2024,JOR,21.34075649768061
2024,JPN,16.200949151962707
2024,KAZ,6.765550106437599
2024,KEN,21.532694119572955
2024,KGZ,7.070767469951015
2024,KHM,28.72206035655344
2024,KNA,27.984964936971664
2024,KOR,14.12721174702056
2024,KWT,27.07686386629939
2024,LAO,25.69696747848205
2024,LBN,19.601139336824417
2024,LBR,26.800004118936616
2024,LCA,28.11458073059718
2024,LKA,27.424159537957667
2024,LSO,14.83529510480482
2024,LTU,9.323024970392227
2024,LUX,11.150179361303648
2024,LVA,8.728002333434683
2024,MAC,16.241298600658546
2024,MAR,18.9474443649899
2024,MDA,12.63340148101548
2024,MDG,22.19670815016671
2024,MDV,28.938712646563847
2024,MEX,19.58309081852874
2024,MKD,12.53408156262481
2024,MLI,29.447961485812552
2024,MLT,20.95995584130287
2024,MMR,26.139565168235425
2024,MNE,14.012566584168964
2024,MNG,0.716548794154872
2024,MOZ,25.274909235650146
2024,MRT,30.48746857843805
2024,MSR,28.175113717714947
2024,MUS,25.043626114726067
2024,MWI,22.70202191217388
2024,MYS,28.058352972079856
2024,NAM,23.3395127971709
2024,NER,29.17238253905619
2024,NGA,28.042292607359887
2024,NIC,26.94336303880244
2024,NLD,11.78336899894972
2024,NOR,5.845300737733187
2024,NPL,19.63908770451603
2024,NZL,13.6960755004599
2024,OMN,27.737849341490968
2024,PAK,23.93757131484085
2024,PAN,27.201014929923748
2024,PER,16.520666867757612
2024,PHL,27.501478280863537
2024,POL,10.739775317231471
2024,PRT,15.794695325249227
2024,PRY,23.968785764549
2024,PSE,21.51453152351673
2024,QAT,27.60393126308918
2024,ROU,12.076387395199804
2024,RUS,5.994684074713261
2024,RWA,20.421810915070665
2024,SAU,27.502963123388668
2024,SDN,29.253371146802444
2024,SEN,28.94424229218502
2024,SGP,28.43292634685834
2024,SLE,27.781041642809065
2024,SLV,27.459581117204493
2024,SOM,27.848441372291443
2024,SRB,12.818167897596394
2024,SSD,29.253371146802444
2024,STP,27.447746227184933
2024,SUR,28.41095629452871
2024,SVK,10.720825227886792
2024,SVN,11.91208304218717
2024,SWE,7.464393338542196
2024,SWZ,21.53630502646168
2024,SXM,27.984964936971664
2024,SYC,27.8799319639802
2024,SYR,18.91251135230461
2024,TCA,27.25905534625053
2024,TCD,29.252427873990847
2024,TGO,28.22065843973931
2024,THA,28.2276774267411
2024,TJK,11.790614938447824
2024,TKM,17.458198028429468
2024,TTO,27.86950334906578
2024,TUN,20.311313639040243
2024,TUR,14.103836005933424
2024,TWN,16.241298600658546
2024,TZA,23.2383138516668
2024,UGA,24.00348238677924
2024,UKR,11.230924765527496
2024,URY,17.901736424174562
2024,USA,15.105096354228436
2024,UZB,14.733100008784486
2024,VCT,28.123149921496708
2024,VEN,26.60491167828978
2024,VGB,27.844933032989506
2024,VNM,26.142109989544284
2024,YEM,25.218189868129883
2024,ZAF,18.847637321847444
2024,ZMB,22.73282383591016
2024,ZWE,22.012585763137952
