draw_id,horizon,theta_g0,theta_g1,theta_g2,theta_l0,theta_l1,theta_l2
1,0,-0.043020808819771425,-0.0014877392255427842,-0.005502606690830669,-0.002347934721816088,-0.00033650614280544345,-0.00013265591369040564
1,1,-0.05281037392688281,-0.003975373822096006,0.004087510480351294,-0.00024072690041854238,0.00012554107944411173,8.488930071624606e-05
1,2,-0.019692158079116315,-0.0026099648599563325,0.02105971794772108,-0.0002716231621181836,0.0007433302758982421,-0.0015110289340331874
1,3,-0.04515490797135657,-0.0018289146888942958,0.026162084212431345,-0.0002020346779070929,0.001008715715510888,-0.003284718592640187
1,4,-0.13565836837638767,-0.0044147717913428,0.0232162182817784,0.0014498751121610445,0.0008848778644919153,-0.0030615319977774147
1,5,-0.11994060744839284,-0.0055896443381818674,0.041396454786539034,-0.002308514342425723,0.0005262329876822603,-0.005941280387809337
1,6,-0.10866986940062731,-0.003923741865764814,0.08506348348711923,-0.003764519295000421,0.00011373789504653607,-0.008654648021013052
1,7,-0.08861316855109744,-0.002024238188711493,0.08538927918698265,-0.003980361768226287,-6.779795450319635e-05,-0.009097477861580923
1,8,-0.04132794796564469,-0.003339502856695417,0.060071066044422056,-0.0021371196576329236,-9.232453752589141e-05,-0.011465714403396422
1,9,0.10780286097463945,-0.006449931262543884,0.033109332683117804,0.001693579856517691,-0.00048263275895841276,-0.016788457282419844
1,10,0.04256109915259125,-0.008844362199686488,0.0024869188429142066,0.004393020833845776,3.490157427047641e-05,-0.015743908668694222
2,0,-0.028934978375100222,-0.0024186582022593843,-0.013117919420664668,-0.006602711338834788,-0.0006455313988626434,0.0010525495975442947
2,1,-0.0189532875273661,-0.004813667110697706,-0.012068510078247906,-0.005686794456569243,-0.0005745464015348882,-0.000276247914042454
2,2,-0.027034410547094614,-0.0036563213657820324,0.0032762576011671823,-0.004156750789496584,-0.00022801507962125797,-0.0011419536159717873
2,3,-0.07254772523968808,-0.0023149157481948957,0.009694529010479944,-0.001694822841302993,0.00014317295564358808,-0.0019911331083522867
2,4,-0.13322567186503176,-0.0040896583647075995,0.0014369294358056986,0.00021649171607444472,-0.00016809777326218473,-0.0027831643593930148
2,5,-0.12251166879674824,-0.0065961789156010675,0.00017806775103462995,0.0008923635132230771,-0.0006345968791046397,-0.0029989132254417366
2,6,-0.1404089452810618,-0.0071832116815692135,0.0002215157522037249,0.0016062292135512793,-0.0012806617050077638,0.00015212243234284922
2,7,-0.09753533485550013,-0.006039947316609893,-0.01755988091087143,0.0018165052307295133,-0.0016110164117646962,0.0013492603241148774
2,8,-0.032226795386185586,-0.006492870803060917,-0.01788869187937744,0.003302054829685177,-0.0016498496166397615,-0.00042841990645552217
2,9,0.02457996070841076,-0.0077788997898315835,-0.0016448348635964916,0.006456962082875391,-0.0012962991019035129,-0.002876513706067944
2,10,-0.032511383899515946,-0.008190377374753987,-0.006223720482233994,0.007656296781285377,-0.0008362454512847236,-0.005018237067313525
3,0,-0.002611237113812422,-0.0023216965496960845,-0.01576735280230547,-0.007798108678267589,-0.0008775495519377434,0.0004605444274440947
3,1,0.0196180295501693,-0.003016542479272606,-0.017190771475304303,-0.009191136795915043,-0.0012764990038036884,-0.0011982496595294542
3,2,0.029885616871146388,-0.0024305043197236325,-0.0028231683557174182,-0.006373551809030184,-0.001190684441233058,0.00038497876267001244
3,3,-0.006137036735869173,-0.001974223671514796,-0.0029084461916698574,-0.0027565381906475934,-0.0008837509208261117,-0.0015500749163710865
3,4,-0.06513828433901905,-0.0032825017114108995,-0.011778029011286103,5.724020424534472e-05,-0.0010745329918494845,-0.004905648580320515
3,5,-0.09979051474819774,-0.005207366595981367,-0.005735994252622971,-4.9584440135422986e-05,-0.0012531858981941397,-0.004397204177450237
3,6,-0.1278589960627463,-0.005561668317321014,0.002081878901379723,0.0012875862954488792,-0.0014984592320208638,-0.0011604906947528507
3,7,-0.12361898003259303,-0.004004171180416193,0.0034469516895945657,-0.004320464942326587,-0.0019182186230644964,-9.340482702482238e-05
3,8,-0.08113580187728549,-0.004537759866170217,0.010021746111034159,-0.005348556653253324,-0.0022424948457832614,-0.0022606066994880223
3,9,-0.0006908522855306395,-0.006571710729775684,0.030365126848570106,-0.0038276838864963088,-0.0018275514650449127,-0.006532393940211444
3,10,-0.023713378526295542,-0.007041938526764287,0.03710510123714571,-0.0024493656874449233,-0.0010429604129053235,-0.007990347514800924
4,0,-0.02953384654919772,-0.0017627858982226842,-0.008420734366685669,-0.005246375853416988,-0.00048353881160964336,0.00031969708013819455
4,1,-0.020132897030375102,-0.003095783347094806,0.002321972975383394,-0.004217406842272243,-7.708446810388829e-05,0.00035171974867874607
4,2,-0.008733635320556916,-0.0013675997705020328,0.02062331326791708,-0.004132094769916184,0.0004025059741713421,0.00017337955841381257
4,3,-0.017048344803988372,-0.000747645928213796,0.02616098024890464,-0.003037262393882293,0.0005870331774031881,-0.0011817580120024869
4,4,-0.09429982482856596,-0.0025945529368866997,0.0165076451503758,-0.0017348092742906554,0.00046304166267241534,-0.003475483877116015
4,5,-0.10426039184430853,-0.003957266161294668,0.02646560658355373,-0.003347644858695023,7.128097428916024e-05,-0.006110876086197937
4,6,-0.1261733433507191,-0.0038564975602742137,0.04860721409286273,-0.0013809116756171205,-0.00025956300806576397,-0.0069922685782168505
4,7,-0.13348675258808262,-0.003082290360139893,0.045809585826943666,-0.0027425262191969873,-0.00037183759007969634,-0.006283411266437921
4,8,-0.07770468439686679,-0.003273661050717517,0.031894675175924356,-0.005751866310585824,-0.0009009282440450613,-0.009090299486925723
4,9,0.005768768818811262,-0.0045208986031510835,0.02600986052565841,-0.003678208071891509,-0.0011061904391098127,-0.011503748654791144
4,10,-0.03164581879543224,-0.006644214979831187,0.018160021531763906,-0.002716423003125323,-0.0010484984523041235,-0.010368521045260124
5,0,-0.002088059246891422,-0.0008930590119375843,-0.008569936350870168,-0.004721112622695588,-0.0002486123841027435,0.0013272843656281946
5,1,-0.08055283886560849,-0.004069601108846606,-0.006561568215003005,-0.0033507816512756425,0.0003319186923832117,0.0045300007024420465
5,2,0.02913480851980208,-0.0024712291874314325,0.007569136288709682,-0.0029846502014739835,0.0008874828951900421,0.0027431446297694127
5,3,0.07724433434443512,-0.002677117726525296,0.020879710717446744,0.001783992274092307,0.001471013353898288,0.0026095139750467134
5,4,-0.08390814932223076,-0.0058675469440837,0.013389193477707397,0.00018420113336214473,0.0013968251814209152,0.006629837413000886
5,5,-0.08148656544814795,-0.007860172699809367,0.03516406880807093,-0.003241798719637723,0.0013504850357202603,0.004202354027512364
5,6,0.04329882008211458,-0.006760326103694114,0.09155366905195063,-0.0026418862550083204,0.0010600789925384363,0.0005776376427031491
5,7,-0.12923060747051873,-0.004247898710768793,0.09312527625213536,-0.010924423406994085,0.0004648795219008037,-3.343336767322241e-05
5,8,-0.12566446720836577,-0.003175222900041317,0.07279153801076686,-0.008175534921996123,0.0006114245660531386,0.00010433734321997775
5,9,-0.05319330353270445,-0.0007032553237622842,0.022033073224217107,-0.001931860352718309,0.0005757994254962872,-0.002497795174584444
5,10,-0.10295062281144045,-0.006803090868884187,-0.039888647987844694,0.001539872566896077,0.0013219390954681766,0.0017561436682979755
6,0,-0.01778581593243952,-0.002236300988603084,-0.01529681692859807,-0.006229476553934588,-0.0007128978440727434,0.0006972888231049947
6,1,-0.03201851268736561,-0.004483728369089506,-0.015491271554407004,-0.005458266110138343,-0.0007888325320034882,-0.0004749596632678539
6,2,-0.0003256516579348157,-0.0027773659069360327,0.0007806689833840825,-0.0021917504049603835,-0.00015927483795825795,-0.0014740457010880875
6,3,-0.030639745828736974,-0.000523422113271496,0.018744693368565844,-0.000732656201988893,0.0004456166960317881,-0.004779629866091586
6,4,-0.11605345122772956,-0.0025930696282443996,0.0164471247035449,0.002573103346376545,0.00043369658117771534,-0.004700511238047515
6,5,-0.12637641609028943,-0.004641533983129967,0.032459004067009835,-5.298175943062289e-05,0.00013635659312666025,-0.005605892512691137
6,6,-0.17339541492243182,-0.003157085188216414,0.06170071926319552,-0.0001085354631945207,-0.0003766667295672639,-0.0063886586756806505
6,7,-0.1659090143077147,-0.0010645029659996927,0.06438597318906247,-0.002224863506456387,-0.0006052581848833964,-0.005911303520795122
6,8,-0.11923240508587779,-0.003538820249867317,0.04171086022210206,0.00041857610047537643,-0.0006712590734182614,-0.007385688546529723
6,9,0.01661856944520096,-0.007939377937642985,0.021191102307923607,0.00456604555837789,-0.0011275371281159127,-0.014292572235453344
6,10,0.004521579775083162,-0.009148054718083188,0.005426890146481605,0.006591584599297877,-0.0004022699211342236,-0.014715366759523724
7,0,-0.013325836742450222,-0.002392815721253684,-0.004191777166371069,-0.003685263013886288,-0.00019800317431104345,0.004176735268895594
7,1,-0.004183458022811802,-0.002970778071980306,-0.004741442374063206,-0.0012419640681616425,-3.0692671722488285e-05,0.001724445372810246
7,2,-0.03818057775370392,-0.0028679591146651326,0.004571804849438182,0.0023766659516418166,0.0002935994116740421,0.0014809710223277124
7,3,-0.07830376916828768,-0.003632872478175596,-0.003604756995268757,0.002250895620694207,0.0002484765018513881,0.0004540881928882137
7,4,-0.10886112743063377,-0.0057654383568027994,-0.0213052124840264,0.002901640523411745,0.00014336600443821533,-0.001492895820983815
7,5,-0.13016949001039613,-0.007714528123133867,-0.02547158694804077,0.00033516842435927716,-0.00013163723043773973,-0.0007326381715735365
7,6,-0.1559614864427766,-0.008315381821363415,-0.005143779378508177,0.003177834399865179,-0.0002923001080955639,-0.000545305629234651
7,7,-0.15291109842442002,-0.008003817915489292,-0.0038479505572999347,0.0015079681695654133,-0.0004608778543333964,0.0005413910754721776
7,8,-0.11411149305344259,-0.008473765987061916,-0.017993144095079343,-0.0006068858434468234,-0.0007801208039530614,-0.001402378669350822
7,9,-0.04793900625055374,-0.009815071543519984,-0.021644031502184694,0.001235240664552691,-0.0006649700183696128,-0.002291106399188344
7,10,-0.10220465333654924,-0.011156390481652487,-0.024203857627106792,-0.000725512748219523,-0.0007436162157726236,-0.0020809487738946246
8,0,-0.007355317857449022,-0.0024197200127985844,-0.01280879349335227,-0.006374273257131288,-0.0006162506002793434,0.0020023599639110946
8,1,-0.002874898395503603,-0.003535110570808206,-0.013678786375649506,-0.007350311593332742,-0.0007666109999200883,-2.617300351565391e-05
8,2,-0.013339681366994115,-0.002471539112918633,0.00017159271251808265,-0.005997587926521684,-0.0006215791858254578,-0.0003876114999736874
8,3,-0.029832684205926274,-0.001943818882498396,0.005291755150887443,-0.005463063095365893,-0.0006280748261978119,-0.0035441860388327868
8,4,-0.07799048365641476,-0.0036821135686664,-0.0019610857169054014,-0.005266435996471255,-0.0008638367158626845,-0.006106519658590415
8,5,-0.08955945793156454,-0.005796598236348367,-0.0037647181867021696,-0.004710469869940222,-0.0011583112734327398,-0.007103447470412038
8,6,-0.0997460351619636,-0.0066419762941797135,0.0014018371896144244,-0.0026728574579397207,-0.0017156013164402637,-0.0064669564562772515
8,7,-0.08567793580309603,-0.005807468761493593,-0.004761579712378335,-0.005733963295672287,-0.0020711074268377964,-0.005857058023744022
8,8,-0.05106500189554258,-0.006397906541364617,-0.008479848222073542,-0.007253731133584023,-0.0021926647514963612,-0.006470001687266022
8,9,0.011685636145316258,-0.007692108244671383,0.004938031411149709,-0.0075071763183702095,-0.0019491090350376129,-0.009002605555739044
8,10,-0.03138433438263705,-0.008245887071595188,0.0035477816285656057,-0.009020352925517724,-0.0016720979369454236,-0.010622770620597122
9,0,-0.023612229930776822,-0.0016108031285311842,-0.006119404136017869,-0.0033569646430126883,-0.00020127441982444345,0.0015850887961102946
9,1,-0.0010372967907604017,-0.002479953447444006,-0.004524083995697906,-0.0018257684889510422,0.0003698442694731117,0.0017696058274005461
9,2,-0.001804062036934317,-0.0015823501218857326,0.010710888089551182,-0.0018275207136730835,0.0009273972474703421,0.0021183649351154124
9,3,-0.04316854201678287,-0.0018651764334207959,0.007709140573549142,-0.001794885395007093,0.001058797107765088,0.004796099545488614
9,4,-0.12049961370222066,-0.0036525456820042995,-0.00011992242974040142,0.00015979836666804473,0.0012063092629240155,0.004902323966271984
9,5,-0.14292108939162623,-0.004558927423834067,0.00910856909612413,-0.004934346444607824,0.0008511524856710602,0.004270617665640663
9,6,-0.15858903715898293,-0.004662250604517714,0.047992711548174624,-0.0038874362337033208,0.000682291671931936,0.001938718068210449
9,7,-0.15797405876609633,-0.003842979388762893,0.04995080854823776,-0.007163617614282887,0.0005652527798030037,0.0025417395087104777
9,8,-0.12938745601023577,-0.003212369807966717,0.02214507069198356,-0.007281655532039624,0.0003970756419828386,0.00022209630595687786
9,9,-0.06519587762185364,-0.0027198875356785838,3.4743472863080563e-06,-0.0031112679914268096,0.00023096243421338723,-0.0005163241368689438
9,10,-0.13495388628405253,-0.0056899357880899875,-0.019771757635074393,-0.003644930745387023,0.0001052677312313764,0.0010468075482614756
10,0,-0.03602588735831462,-0.0025998634910040846,-0.004084596947336169,-0.003513924874029788,2.6174236406786573e-05,0.0031126169147930945
10,1,-0.013699639008482901,-0.004367008029959406,0.002209464530359995,-0.0028423984574193423,0.0004957714324921118,0.0014614434696350461
10,2,-0.041381840345280314,-0.004147940160392733,0.01773311246197658,-0.0039612903659162835,0.0009061786618975421,0.0005853054671310126
10,3,-0.07943218420157108,-0.004387264735215996,0.019400366303579143,-0.005327531163332193,0.000877423019600088,-0.00039205473861258664
10,4,-0.11842065651042007,-0.0051917469310983995,0.020669662984464002,-0.005609726584838255,0.0006366392488083154,-0.0023742890576244147
10,5,-0.15973354966543563,-0.007231537453590867,0.017557609886427933,-0.008090592385113423,0.00043756208767066024,-0.004038144841385738
10,6,-0.1774803709877863,-0.008069003304446914,0.03134492065287342,-0.00820596217615702,2.1911008712036068e-05,-0.005869830943496851
10,7,-0.1876574076806679,-0.006657923131865893,0.025200220171117664,-0.007614112396449487,0.00015848740637290363,-0.005296083726036523
10,8,-0.1539949625020483,-0.006445127171080517,0.013644355913048859,-0.009720269201606223,2.6980080509238615e-05,-0.006291192401542422
10,9,-0.07316094964243004,-0.006808961438865084,-0.01024410113561839,-0.005891837133428309,-0.0004161555516526128,-0.007784395499729145
10,10,-0.14329412840322303,-0.008542983911480288,-0.027493362322192294,-0.007179375982022823,-0.0006837334798154236,-0.007444204873382524
11,0,-0.019552953499860623,-0.002707061521676284,-0.007390564782442169,-0.005029158266632288,-0.00041408339690204344,-0.00018832684686590547
11,1,-0.011007327796359701,-0.004223655470096706,-0.0033942785879224058,-0.0035736272315444423,-0.0002374008735583883,-0.002137483561046954
11,2,-0.002931858478026716,-0.003288239478978333,0.016323198853438182,-0.0011493015955281835,0.0002356256555701421,-0.0024385806832985875
11,3,-0.043168358712315974,-0.003312696178896596,0.019557957288324344,0.0005821082907149068,0.0004686195240218881,-0.006382474262713787
11,4,-0.11317023107915077,-0.005151970677100899,0.011415796990796097,0.002784977754079745,0.00039380983996271533,-0.010320832961651014
11,5,-0.12089735335139033,-0.0069199699400327675,0.02204826671118873,-0.0005578599137039228,-4.449034522643978e-05,-0.012454898908805237
11,6,-0.14215078016578458,-0.007063659138358514,0.045165898595160625,0.0012334497375588794,-0.0003641767542988639,-0.013786854091630052
11,7,-0.13646255208609723,-0.007134252428542893,0.03887773836491906,0.001112523046785813,-0.0003612213576076964,-0.012648415472276823
11,8,-0.05087504751350269,-0.008547890192845117,0.019297712003017057,-0.004050149311379123,-0.0009787874145056614,-0.014856435462800223
11,9,0.03852857199460975,-0.010380563698560483,0.007214299546005708,-0.002468016140436209,-0.0012748135034326127,-0.016956677168988046
11,10,-0.016554722531093143,-0.011565883609913688,0.0023337401452390057,0.00028579791107487696,-0.0010198595653816236,-0.015474520024091623
12,0,-0.02220711681124102,-0.0015546138377768842,-0.0018102083561366685,-0.0011621595645233884,0.00013079859872935657,0.0037616173379646945
12,1,-0.0349586680760134,-0.003717129558055306,0.004351255094689295,0.002557879462855057,0.0008170840319609117,0.004876425502639046
12,2,-0.03203090545676602,-0.0031425749369637327,0.019454377916278784,0.0018673756016782163,0.001249894492361642,0.004252376774183213
12,3,-0.04826293116407618,-0.004349817387995696,0.01936379629903754,0.002516503814951607,0.001408194741895188,0.003021285454803314
12,4,-0.13954154564736365,-0.007302315074185899,0.0017262298102132987,0.0030815820711171445,0.0015331804410718152,0.006327547535258886
12,5,-0.17433441430269095,-0.009644208256691367,0.005749487484356429,-0.0009624898715420228,0.0015130667602784602,0.006764140567884764
12,6,-0.17533018404428913,-0.009224267368150112,0.05107769570846073,-0.003401275679749821,0.0009180636915249359,0.00411906724442045
12,7,-0.18800337273711315,-0.007654144980112793,0.05058314054624456,-0.007029897389457687,0.00048128701995050365,0.0037612405205926774
12,8,-0.17001901722307566,-0.008755968406499217,0.007709153985254059,-0.006263421892686923,0.0004926847014711386,0.0013107520932288776
12,9,-0.07108353539571895,-0.010699092026685685,-0.03467300350382009,-0.0032717349586578095,2.2386838017887233e-05,-0.0007333272359443439
12,10,-0.14545892833527346,-0.012945306656996686,-0.05384443612253939,-0.005695853743186423,-0.0004839743348967236,-0.0019334370809303246
13,0,0.012938995344110776,-0.0013672590712049842,-0.00830347786981227,-0.007149002962391488,-0.0003216247333636434,0.006084432456975395
13,1,-0.009267830307634202,-0.0010089725415038061,-0.012168276533146307,-0.010723706990962343,-0.00046309542584328827,0.004757877160542246
13,2,-0.032192064996966314,0.0010436951875121671,0.004304684451584182,-0.008422729658738482,-0.00024673338519815794,0.006200303253281013
13,3,-0.054033318835127575,0.0014152027316959041,0.010772636480925243,-0.008418595993464192,-0.00028080033977941196,0.006476502008551913
13,4,-0.10471738450927837,0.00014088402939940042,0.003801859228316399,-0.008401734754756853,-0.00048037900256968455,0.003941496553986186
13,5,-0.11502491262121504,-0.0013567077480779672,0.0019382233117344301,-0.012772259535556822,-0.0011360925708764397,0.0010217030015066634
13,6,-0.1474384710213046,-0.0035814547779954137,0.019587029002727123,-0.00879643147960232,-0.0016788891715217638,-0.001955187712954151
13,7,-0.12996611471713565,-0.006144081282139593,0.010965361704249466,-0.004331510162401987,-0.0014749815143590963,0.0007585715504862776
13,8,-0.12138754780114648,-0.008349091187988917,-0.01841565639388494,-0.0026560916606932234,-0.0012461569664663614,0.001971651693974178
13,9,-0.09193626146855234,-0.009075226902266285,-0.018812574942191292,-0.001087041749457009,-0.0009904429161969128,0.0032742099459184553
13,10,-0.12527235880764576,-0.009865282217084588,-0.025861198322998793,-0.001796582683994823,-0.0011134754304651237,0.0005530920418232756
14,0,-0.02515271428663172,-0.0010374370000681842,-0.009039402606667768,-0.004743210267714688,-0.00010050830511074344,0.0026201042551547947
14,1,-0.0253211362674663,-0.001000503212284906,-0.0036069659765139055,-0.005498693996582442,0.0004425485951810117,0.0036879019832492463
14,2,-0.0019801162828083155,0.0013926226189151674,0.014213999295611382,-0.005730883934459084,0.000809131179077242,0.004054406000695813
14,3,-0.004214514474759276,0.001080287679623004,0.014204939382006542,-0.007542549924683393,0.0003754060390977881,0.005727896619073013
14,4,-0.05907910185551466,-0.0012400944484654997,-0.0013394986469441013,-0.0044738526051339555,0.0006110942703868153,0.004919786207399286
14,5,-0.09775781511297134,-0.002962517923016967,0.00502555813778513,-0.006995275782711823,0.0005379851438957603,0.004678975795358864
14,6,-0.13189370197130929,-0.003008437997988314,0.03341371766893342,-0.00012096750807652067,0.0004355331257390361,0.006915031546228049
14,7,-0.13306707512207894,-0.0017866487470452929,0.03566240657096417,-0.007412516151467987,-0.0003602330569591963,0.006845795781862377
14,8,-0.10797960926139319,-0.0011725338433441167,0.02399472951063876,-0.0072786195401997236,-0.0005642395875324614,0.004593853523252078
14,9,-0.023154909879140144,-0.0018905657253695841,0.020146359338593108,-0.004921569110560109,-0.0007344884998791127,0.004029668517586356
14,10,-0.02770886267242184,-0.004329493870387587,0.018429250018175403,-0.005052938794184524,-0.0005527902004303235,0.005857284324289875
15,0,-0.008092331535660222,-0.002213153334344484,-0.017711458661807667,-0.008182897323759989,-0.0006477012771009434,0.0004882251378647948
15,1,-0.023777229599222103,-0.002981716440057906,-0.020846184943391903,-0.009160193930804243,-0.0008730633628756883,-0.0015737502259622542
15,2,0.0018028390519477817,-0.0011266588109361327,-0.0012431113681585972,-0.005093207789031784,-0.00036684821873955785,-0.0011803081690836873
15,3,-0.006089269890213071,0.00018940262063060396,0.009633250031138843,-0.003905887522338093,-8.986037721111194e-05,-0.0027378574745402866
15,4,-0.07050273564562046,-0.0012855778981731996,0.0016738279241802986,0.00020714069961164468,-8.934638384628464e-05,-0.004777248605000715
15,5,-0.08583739659615434,-0.002849675175506567,0.007750931568285631,-0.002201503283363623,-0.0006347679661227397,-0.0067261845641547365
15,6,-0.1336807910778488,-0.002973392322473414,0.016139732647062525,0.0023716496322569794,-0.000955673541690864,-0.0065979675087287516
15,7,-0.13115669739976593,-0.002521902557995393,0.011270801628002767,0.0002728176722722132,-0.0011398405994548963,-0.005424356357704822
15,8,-0.07272694592723838,-0.003943455130120517,0.002919003727718758,-0.004711954144649823,-0.0017300617125893614,-0.007584736856360221
15,9,-0.004806738745357239,-0.006304212764477384,0.008281301176227608,-0.004094069106968409,-0.0019319650010469129,-0.011397752900387944
15,10,0.01283809840674166,-0.0075722778886160875,0.006340163368524807,-0.002045007311034023,-0.0013680732613308238,-0.009964801491529124
16,0,-0.012771161446970021,-0.0013206243847118842,-0.01084746531642347,-0.003189339230434188,0.00021313455359525657,0.0067183461065917945
16,1,-0.005463587575967602,0.0005390377773354942,-0.009287306783890604,-0.003958287919189342,0.0001977409726036117,0.003708526929515246
16,2,-0.02045838293646632,0.0017714129167572673,0.005019182875443182,-0.0025688909694243835,0.0002971530118787421,0.007082012241846512
16,3,-0.030178591781794176,0.0007695662058025039,-0.0012375739868546072,-0.0022992284189348932,0.00012322113996068808,0.0077388317484757135
16,4,-0.04706855519668046,-6.400552659409971e-05,-0.0170702095936461,-0.0033129771855351558,-0.0002290291344085847,0.0010509707564887853
16,5,-0.05963669389170974,-0.0012346144856411672,-0.02108278551526367,-0.008935685561482722,-0.0008384488049074396,0.00012554151203046345
16,6,-0.080311416249113,-0.0032885954775174137,0.00020929385238562317,-0.00537605436862252,-0.0012473735273648638,-0.002901905864096551
16,7,-0.07136110566817423,-0.0049205705701385926,-0.0027655453683348326,-0.005689168004459787,-0.0012199840554207963,-0.0021810264815641223
16,8,-0.07841322886354458,-0.005970429393090117,-0.030602063218680742,-0.004870585543692724,-0.0010816064328007615,-0.002414281090927922
16,9,-0.06064653880505104,-0.006844210665701984,-0.036983608982839394,-0.002500481753592009,-0.0007819758721335128,0.0008637127193953562
16,10,-0.08464853346806245,-0.008715154983613787,-0.04004841503898429,-0.0024456518522677235,-0.0007775504261601236,-0.0006614028017502245
17,0,-0.031880691270484623,-0.0017940980669779842,-0.007354372094040769,-0.0035799283906392883,-0.00027348660702754344,0.0020816624356960944
17,1,-0.0309490342201701,-0.003986492608553506,-0.004785523424806705,-0.0013661372470849427,5.8943912736211706e-05,0.002508337589327746
17,2,-0.029297454317375113,-0.003051438015579933,0.009710128396715981,-0.00027717131833058357,0.0004642662573910421,0.0019511819422892126
17,3,-0.06886477059927698,-0.002674511153640196,0.01619307349405684,0.0005339421686314072,0.0007979576942026881,-0.0001612612286913868
17,4,-0.15383169285771525,-0.0049060374628164,0.006501366177878999,0.002875705216512545,0.0008637168385717154,0.00032745258877318515
17,5,-0.17163568774386573,-0.0064284778565122675,0.015333128283570032,0.0006722123220101774,0.0007863346016012602,-0.00021645061661663663
17,6,-0.1963036579428859,-0.005954119809864414,0.04696533387608742,0.0019391350259657793,0.000594572904905136,-0.0005513680426515509
17,7,-0.18634292320320156,-0.004914068515941293,0.04486885315882816,0.0009991204025052134,0.0005041937741148037,-0.0004056363860497226
17,8,-0.11185433144872639,-0.006459843707163917,0.01771114912005246,-0.0010468189685044235,0.0003702852472450386,-0.001835606679917122
17,9,0.006715524134575858,-0.008981226708633284,0.0031713650703250086,0.002593872459092191,0.00015038438721988727,-0.004369160683929844
17,10,-0.05379365461930845,-0.010621124257970488,-0.009777998585124695,4.6558607186777024e-05,0.00018323198024437637,-0.0041703789364156245
18,0,-0.0026247020501294228,-0.002943916659525884,-0.01612958370953707,-0.009123754342141788,-0.0007613838108251434,0.0027106957021466945
18,1,-0.0252308360162823,-0.004197986832512706,-0.027000532232320205,-0.010247695190319843,-0.0009040945120075883,0.0008466798457040462
18,2,-0.0017106270001925172,-0.0018910711493140327,-0.008145624981291618,-0.007650297703159984,-0.0005248201897720579,0.0030619121990505126
18,3,0.003388485866654925,0.00033942640996180396,0.011980578669652743,-0.007005411300345894,0.0003211287644715881,0.0018856569707294134
18,4,-0.11389259591089657,-0.0005623349561666995,0.014355480623506297,-0.0022359509246877556,0.0006276081777626154,-0.0023721435131447153
18,5,-0.12311360105464474,-0.0013469452535202673,0.02112974148121173,-0.004884543505312422,0.00019012181060566025,-0.003651763211176737
18,6,-0.1733124513938467,-0.0018586043849989136,0.03646026359474293,0.00011596004591137921,-9.723963620846393e-05,-0.0031912432624806517
18,7,-0.17533022543616572,-0.0031665172242695927,0.027914595230817265,0.003587359917097013,0.00022370894763950366,0.0014826560957162775
18,8,-0.13530577575772018,-0.006351946752816817,0.009493424051690359,0.0013418510019631766,0.00018533970946333863,0.0014104698787779778
18,9,-0.07579070303168124,-0.007917787064440185,0.015613689189890707,0.004503956443122492,0.0002593909376256873,-0.0005786225865772438
18,10,-0.03628396041004874,-0.006750187379474087,0.015134437094139006,0.002712014812960177,0.0004287872051236764,-0.0033816342669310247
19,0,-0.049428663557030725,-0.0010964467722754843,0.00029119506713543193,-0.00013806358347428788,0.00013838353162355654,0.0022185154408547944
19,1,-0.050797935230168505,-0.003238131852140606,0.008603855164491395,0.001867691854438358,0.0008291262362817118,0.0018364008434662463
19,2,-0.04750671182184022,-0.0026976034800216325,0.021450305609859784,0.0010512552777792166,0.0014146773726103421,0.0005943602545409126
19,3,-0.07808540792263127,-0.002386330758240996,0.026666278972131745,-6.72334019998931e-05,0.0015261839124339881,0.0005684427680704134
19,4,-0.18768811441360578,-0.00521958450438,0.0196703534454413,0.0011705297216648447,0.0013856662179949153,0.0033750013383510853
19,5,-0.21474112175856014,-0.007477126151285367,0.030747516306241632,-0.002114642988742723,0.0013259696597654603,0.0030555352625188637
19,6,-0.2124148280355882,-0.006416148725113714,0.06785100700128963,-0.00466386542249742,0.000781883036213836,0.0030106156615952494
19,7,-0.21817733812280954,-0.004638004127718893,0.06537773545724426,-0.007078589780467387,0.0003397718891976037,0.0031512335784563772
19,8,-0.16242848349414396,-0.005710687346417917,0.030989181783855756,-0.005616205113791224,0.0005622708541848387,0.0015866142491270778
19,9,0.003968452493859659,-0.008599000392342784,-0.006636497754142992,-0.003239139343458209,-1.3954077428212763e-05,-0.0011479384394875438
19,10,-0.03741210523915604,-0.010790001607798687,-0.0328652446597994,-0.00852865282929922,-0.0001273140351242236,-0.0020133390659608243
20,0,-0.013299181077121922,-0.0014999346186078842,-0.009943728649698568,-0.0052012155039942885,-0.00023417982754794344,0.0029597156836175947
20,1,-0.011818544304827401,-0.002605393509056406,-0.011718989589846806,-0.0049838752051544425,-0.00012871595275268832,0.001918412667929646
20,2,-0.016173724060746915,-0.0017320866842291329,0.0034824996879756825,-0.0017358524736628836,0.0003147868988380421,0.0014242541298078127
20,3,-0.05767398329173268,-0.001272442720173096,0.004250809478695543,-0.0020238295329401933,0.0004759346998061881,0.0005750798988330137
20,4,-0.12830727042733686,-0.0032869624453143,-0.006461880472700101,0.0012049021779131446,0.0004533246644202153,0.00032207888084318523
20,5,-0.15156113039694025,-0.005403159602703867,-0.0006107710230843699,0.0002273421907552772,0.00023885118963266024,0.0006022226447970633
20,6,-0.1912413322783293,-0.005596882012313614,0.014493477723673626,0.004107333757573379,-3.096582585266393e-05,0.0027200664211211494
20,7,-0.20294498014547002,-0.004698980292080293,0.009410491688712266,0.003101399136199113,-0.0003796809901350964,0.0035639880025618775
20,8,-0.15255096751644437,-0.006446166926314817,-0.0035703794451288416,0.002224535751965377,-0.0007486538465767614,0.0011585109354795779
20,9,-0.05397257825206664,-0.009325974775475284,-0.0028197534547891915,0.00547393351613319,-0.0007656937847746127,-0.002401948377962844
20,10,-0.06509603828953664,-0.010565492440522586,-0.006336652515671995,0.0051261635791140766,-0.0005092451261537236,-0.0038210849089293244
21,0,-0.03550088216397712,-0.002087148618112684,-0.01265750911090457,-0.0046158314197799885,-0.00029516286376664346,0.0015962950614991946
21,1,-0.036818149560231106,-0.003563210553342206,-0.013194081064725405,-0.0028153013879733423,-6.300891485998829e-05,0.002736193954996346
21,2,-0.03224284895759422,-0.002840553499325333,0.00025373772813888293,-0.0007224491978200835,0.00026726671799184214,0.0018027288125732127
21,3,-0.07773307472624327,-0.0032578319821207962,-0.0007653441034776564,-0.0004228942294244931,0.0003952011687481881,0.0008761928071142136
21,4,-0.15351238354356445,-0.0061078808348152,-0.016921477326017398,0.0016578444157617448,0.0006963853396954153,0.002703877006991285
21,5,-0.19820891444547484,-0.008091319294670267,-0.01122105424298177,-0.002349835712752423,0.0005434232459057603,0.0038054338755009634
21,6,-0.2263005846013656,-0.0075046956341708135,0.016027005098262624,-4.476390864512059e-05,0.000516610093773936,0.004709588524325049
21,7,-0.21874721506723616,-0.005716031160864793,0.017441845263790567,-0.004488180287270987,0.0002489941307109037,0.004658625042825278
21,8,-0.1750404095678499,-0.006500728261316817,-0.004455112488769142,-0.005389955181963924,-3.627835089666144e-05,0.001460565136125478
21,9,-0.05332606996732074,-0.008931524473821784,-0.017156493751742594,-0.002254404878688509,-0.0003568330125974128,-0.002721139495769744
21,10,-0.10142935828593475,-0.011590858503788087,-0.028568987124815495,-0.002839929049144223,-0.0001430764768117236,-0.0009122917407534244
22,0,-0.007717682360120222,-0.0020019461896347845,-0.016612582233970368,-0.007451136080653188,-0.0006012105015381434,0.0025363291716415945
22,1,-0.004670919403907101,-0.001620533764762606,-0.027870045702790808,-0.010132278252313843,-0.0009516398008400881,0.0003402257382842462
22,2,-0.024589737943833213,-0.00038315894410503263,-0.008348533584924319,-0.007911476926660384,-0.000690125776857258,0.0031159499448099124
22,3,-0.032566361112246076,0.00016115989143510403,0.004004794254330543,-0.006640526821968893,-0.000468638391519112,0.004266990479246514
22,4,-0.06876980026545616,-9.156577031959982e-05,0.0019648324329472992,-0.0052981924018136554,-0.0006113079975928847,0.00011105263037738521
22,5,-0.07567818293574755,-0.0010321886875022672,0.00561959146821773,-0.009234386716966822,-0.0012010108686498397,-0.00018036269740613663
22,6,-0.10495059763457251,-0.0035064944088768137,0.009932046692364624,-0.003959564309043121,-0.0015543772857622637,0.00011250671688854902
22,7,-0.09869808393046144,-0.004713677070028193,0.004949100523518865,-0.003548202980570487,-0.0014601083861788963,0.0037962122657465777
22,8,-0.10020569704893559,-0.005434315122786017,-0.005295756554580143,-0.005254275787481824,-0.0015424103592026612,0.003053473395750278
22,9,-0.04994516352708474,-0.005766654362556384,0.010430589209975007,-0.007817756029410408,-0.0014346755403264128,0.0023929981110117557
22,10,-0.07030237595381005,-0.006842018530436487,0.007059742548659806,-0.006958802647788023,-0.0010973698957831236,0.0006435695336059755
23,0,-0.015784602036946524,-0.002245470829827084,-0.01735663697981237,-0.007918301278024988,-0.0007366436376659434,0.0008086912487785948
23,1,-0.0215317538216199,-0.001888515331078706,-0.024679617636384106,-0.010806790693467542,-0.0010710403867189883,-0.0016902619343853536
23,2,-0.03519815807730882,-0.0004499770269870327,-0.003791937230214617,-0.007498458927681984,-0.0005849660841212578,0.0016474797786553124
23,3,-0.05085025847536087,-0.00015412998226859592,0.006223592066838942,-0.005602624359998893,-0.00012221997242081186,0.0024105961600531132
23,4,-0.08877335907172516,-0.0005974302934149997,0.002840578746215499,-0.002995975121521055,-0.00014899179410218474,-0.0026701770285357147
23,5,-0.09646102910976753,-0.0016717477498908672,0.0060772575862561296,-0.005952659294727124,-0.0006248698163726397,-0.0036229249767142364
23,6,-0.11343176155684881,-0.003841188897018314,0.012432866181615024,-0.0014306742027245204,-0.000925589580852364,-0.0028023036953738513
23,7,-0.10455773697559884,-0.004853793908493993,0.009256698090748666,-0.0024309859859137873,-0.0008514945374459963,0.0010414742506721776
23,8,-0.09919633095337159,-0.005658572749727817,-0.000592473181116542,-0.0052289415109620235,-0.0010721299705303616,0.0002874737265771779
23,9,-0.047636558379618235,-0.006405940241575984,0.01182421299425001,-0.007046681151313409,-0.0010517499129356128,-0.0018758789523307439
23,10,-0.05998233810206744,-0.007252472139525487,0.011124353779102206,-0.004523458357127123,-0.0005319170213210236,-0.0032188398438236245
24,0,0.008714614590044478,-0.002323843419240584,-0.005812955671473069,-0.003774877797349588,0.00011122657677195655,0.0069840028274485945
24,1,-0.0038139094960931014,-0.003112849316540506,-0.010964161289751806,-0.0010201252665722423,0.0002935137593723117,0.005963483028173546
24,2,-0.009491463546224516,-0.002342448352023133,0.002749648656637982,0.003961496705521416,0.000539634966863242,0.005330248428973712
24,3,-0.06117863154616668,-0.002907739432710196,-0.003922027481194657,0.003309193209936107,0.0006115820454184881,0.0033293864134883136
24,4,-0.14410764219388156,-0.0048933547991755,-0.022797991959837498,0.004819374930346545,0.0009977792161440153,0.0025327724249384854
24,5,-0.17297882406042203,-0.006186497129966267,-0.02535972665969257,0.0007761363130800772,0.0008730664496693603,0.0031326592841438637
24,6,-0.17593662102396723,-0.0061029622631919135,0.009397222912391222,0.002358381522913279,0.0003383738194020361,0.0005212879795424492
24,7,-0.17021723022210722,-0.0060711748576371925,0.014790805509553265,0.0001816924636973132,8.909184172803668e-06,-0.0010196838641947223
24,8,-0.12134623531752199,-0.008504369251510517,-0.019793799068964443,-0.0021846768569231236,-0.00039375130415306137,-0.004888848002437922
24,9,-0.07691044486273484,-0.011257821933107384,-0.037352697937317686,0.00551134514777319,7.808613548458725e-05,-0.006107869042756644
24,10,-0.10816585096493335,-0.012841253634364388,-0.03959602796393179,0.007404961636627476,-2.5568766083723622e-05,-0.006469489908039524
25,0,-0.02331666977446882,-0.0016991134227731842,-0.01140697845637987,-0.004292016618336088,-0.0005625700475637434,0.0005276131118817948
25,1,-0.006603939159857401,-0.002354858404483906,-0.010197707766068907,-0.006941176577326343,-0.0008235019473069882,-0.0003011479496428538
25,2,0.013243347931113784,-0.002054339146627833,0.011432389848094582,-0.007358426662335384,-0.0008510277863294578,-2.9076764826487574e-05
25,3,-0.0050185797334507745,-0.001802906711797796,0.015143450956092241,-0.006501851242509793,-0.0008252200699928119,-0.0013265416967976865
25,4,-0.06089328978260366,-0.0029893134312324997,0.004829805166949199,-0.003607199888555455,-0.0010975239060325849,-0.004837780799471615
25,5,-0.07027724176449343,-0.005248248463431167,0.010079855878296231,-0.004599408243160123,-0.0014417982392501397,-0.005592637765367437
25,6,-0.0879904601897816,-0.006773063953998214,0.008432718003813726,0.0027041886178050794,-0.0014084499642951639,-0.004306449967428952
25,7,-0.08285306558311943,-0.0060814211552328926,0.0007228315127703645,-8.23476380061867e-05,-0.0017044330160827963,-0.003612288198367422
25,8,-0.05170593096564389,-0.006037480987143617,0.009067388296116058,-9.967577450623608e-06,-0.0017672870754973616,-0.006324822141554922
25,9,0.0073644526860793535,-0.007203137043922184,0.027018028444366907,0.00020737508809609106,-0.0015031884495517128,-0.009780512046886644
25,10,0.008059836555254454,-0.008214691322608887,0.029074061140965505,0.002573691326014077,-0.0008431269042156236,-0.010861935199404524
26,0,-0.04027381862245652,-0.0015877999997769843,-0.0005419941571765691,0.00032180592516411165,0.00044925743501295654,0.0040981058571903945
26,1,-0.0160897294819721,-0.003320270609815006,0.013840347717906995,0.0023214280486004574,0.0013235836094256117,0.004225182764411146
26,2,-0.035132716365059116,-0.003983354282876632,0.024008772171465482,-0.00015613516769275352,0.001649803656844242,0.0031497192192562126
26,3,-0.06363055575604618,-0.004538336618968096,0.023397572236225544,-0.002762543108292293,0.001455168804931088,0.0031804186585881133
26,4,-0.14411592955822666,-0.0062703651830719,0.0175664881621541,-0.0008708410019837552,0.0014069183549504155,0.004788942690853585
26,5,-0.18053490764547775,-0.008758110843403367,0.019413276449440228,-0.005212016783158023,0.0011643711312169602,0.004129610661550964
26,6,-0.18656236187976888,-0.008308795350663215,0.030414471549692724,-0.005896403040582121,0.000901537169009436,0.003946647104035749
26,7,-0.20422103536350994,-0.005870687034858693,0.024088056040058765,-0.006074509414245886,0.0009533704240058036,0.003445728341824178
26,8,-0.21096445542055836,-0.005637234519923417,0.005005309548346158,-0.006425981576545624,0.0010367304361340386,0.0012397501329997776
26,9,-0.10540545853506324,-0.006285868220715284,-0.011483305210634991,-0.001018048038376209,0.0008728484542763872,0.0003378568831431559
26,10,-0.17374518845188575,-0.008732650728103888,-0.036127441280614,-0.0028688227720217226,0.0006337839692107764,0.0014601952328916752
27,0,-0.04182680337107472,-0.0013513255448043841,-0.00894155270273157,-0.0043791180233111885,-0.00023355829772334343,0.0013336200573569944
27,1,-0.0377495574135298,-0.003145992225034306,-0.006319168601428805,-0.0038283052420440425,0.0002117831842132117,0.001150433915952946
27,2,-0.021750928820663214,-0.0019803825379139327,0.011334238280855781,-0.0028716611593376834,0.000798432294716342,0.00029750309192361256
27,3,-0.044092844635220174,-0.0011590297429021961,0.020477724658601246,-0.001692304532573493,0.0010185505240948882,0.0007721870398009136
27,4,-0.14930774230777294,-0.0029064019536463,0.0169841248144306,0.0007152348454000447,0.0009020065459313154,0.0011721411784366854
27,5,-0.14926023814223124,-0.004595833191027067,0.029285599197529127,-0.001041574063934223,0.0006224096338623603,5.224798634866339e-05
27,6,-0.1742080360714371,-0.004392628259670614,0.05711261347951732,0.0009860818864082794,0.0004252857506748361,0.00020063999593054904
27,7,-0.17496701866437825,-0.003305250687249693,0.052301262726861864,0.0012227004740272133,0.00043865476034410367,0.0016138304891300777
27,8,-0.128993695721503,-0.004134879126997917,0.03348423976108486,0.0018014106209019766,0.0003135342490031386,-0.00024977116393942213
27,9,-0.020334936932415643,-0.005809015275385284,0.027724998982067307,0.006140392501288491,3.627068337558727e-05,-0.002633404305010544
27,10,-0.04755998700547344,-0.008429921682989786,0.008785960446871306,0.006677119486810577,-9.774798485212362e-05,-0.0026544217170229242
28,0,-0.010334841322627422,-0.0016786064034837842,-0.01875155890039837,-0.0071817703596844884,-0.0005128499349560434,0.0015720190553350946
28,1,-0.04147886754737701,-0.002519654971484206,-0.0263449381747015,-0.006626745822635243,-0.0005633370363985883,0.003573619701309946
28,2,-0.005388041623168216,0.0007861154319122672,-0.0015116501733760182,-0.0025466270328862836,-7.07241877458579e-05,0.004045710501449912
28,3,-0.0017651369312754739,0.001684162081117804,-0.00045187628248895793,-0.0019772692630917934,0.0003159219988418881,0.003965037253433813
28,4,-0.04703947747206626,-0.0002563790348344996,-0.013170754834445403,0.0010656388465484447,0.00037907370104441534,0.0017855695217866853
28,5,-0.07507636989976864,-0.000337732655480167,-0.0016223832352211696,-0.0021762840055300227,-5.288785587633974e-05,0.0010161655714795632
28,6,-0.1265164672471199,-0.0002474496018139141,0.014626717923983325,0.005542800746414679,0.00014210008471093609,0.0024151052555514488
28,7,-0.12545068993127884,0.00024283229972180739,0.016396888542411066,-0.0004798129171444869,-6.423324438439634e-05,0.0035482542826991773
28,8,-0.09462516756568728,0.0006303951223418829,0.013836197714479657,-0.004995489696133023,-0.0006591364330395614,-0.0010820405488754222
28,9,-0.046975463974414836,-0.0005617768678167837,0.025993104308253606,-0.00450266777858711,-0.0007008986689491127,-0.003984891805850044
28,10,-0.052220325645517644,-0.003326749324019487,0.023295536114326904,-0.0012182122143401229,-0.0001814309406946236,-0.0028824109435513245
29,0,-0.03668302197260762,-0.0016373790647501842,-0.01271539058792307,-0.005959521185122188,-0.00038575690037084343,0.0009347765858536946
29,1,-0.0435486545598919,-0.003770903272069206,-0.011935812397837805,-0.006263454410786842,-0.0002744457901010883,0.001741911648042846
29,2,0.04072559994955378,-0.0021658086129843325,0.0031490235423865818,-0.0034318786176581835,0.0002696434620055421,8.425282008741241e-05
29,3,0.020470885233966223,-0.0015546962448731959,0.010178753189726743,-0.0019572393850460926,0.0005437159526073881,-9.765862331288658e-05
29,4,-0.09232192593445486,-0.0042359528055707,0.0016619801568779986,0.0001585880341249447,0.0004618610806187153,0.002723742479316085
29,5,-0.10722160461227853,-0.006031779090341867,0.013279480060749931,-0.002490930504256023,0.00031835855637666027,0.0015273790977834633
29,6,-0.1416872102821465,-0.0050349478941174135,0.04424791008231872,-0.0014967456147833207,0.0001644656250942361,0.0013457677169059492
29,7,-0.13920806735266772,-0.002614067403722593,0.04388672562636227,-0.002792372619668787,3.897492878020365e-05,0.0011723185960900774
29,8,-0.11972219714688928,-0.002678729096919817,0.02751711745528086,-0.0011979977848885234,7.266873550023858e-05,-0.001575239791497622
29,9,-0.0055127352032437425,-0.005196571842098684,0.009319837790885108,0.003488257973659891,-0.00035054539175881274,-0.007062211653780645
29,10,-0.014740141403459042,-0.008896604591425487,-0.014824649173515395,0.0049255707165053765,-0.00010516592155872362,-0.0057583328800265236
30,0,-0.013859919592556422,-0.0018524008924260841,-0.00946681023590687,-0.004366238702207888,-0.00019930687496434344,0.0039590300396507945
30,1,-0.012145040394471002,-0.0029128200194846058,-0.011906007702352006,-0.0031774888964948424,-5.749784469918829e-05,0.0032398959099476463
30,2,-0.008038388406576315,-0.002312044850975833,-0.00017961810465431764,-0.0006076713094197836,0.0002105316104817421,0.0018719278328019127
30,3,-0.05567649175183538,-0.002428908368570096,-0.002510453542827657,-0.000845495845657693,0.0002983775661790881,-0.0005991815611666863
30,4,-0.12486122000003397,-0.0050558810220783,-0.017356394163924798,0.0014827542052154449,0.0004013120722636153,-0.00011558623086141504
30,5,-0.14884704737773605,-0.0071643647972791675,-0.01883514239928727,0.0012201312711225772,0.00045359026379446026,0.0008907120452130634
30,6,-0.1695924968351007,-0.006787481716445814,-0.00026016824786117415,0.005089518386596679,0.0002974006763591361,0.003381387703275649
30,7,-0.18295460505845973,-0.005300614980275793,-0.0006057609484362327,0.0009316063010874132,-0.00018078315809939635,0.0029048479860896773
30,8,-0.1309346746648471,-0.006295117898704017,-0.013957368330657242,-0.0007313312786425235,-0.00045459909145036136,0.0007971300612526777
30,9,-0.03115108505275894,-0.009223442726166084,-0.010832561085666593,0.003985196312996191,-0.00025022468036959276,-0.002347043982507644
30,10,-0.045390377334993744,-0.010795095764851588,-0.014385461032233995,0.0006207992461786771,-0.00010613716385592361,-0.004160792216364524
31,0,-0.05238746867466752,-0.001983689992318384,-0.006733646660708669,-0.002558313401464688,-3.339985134714343e-05,0.0005047157070514944
31,1,-0.039296210262654105,-0.005193197388029706,-0.0016971227530410051,-0.0010211786054171424,0.0006152642372905118,3.6082481528463585e-06
31,2,0.0026974460446994846,-0.004274114229927432,0.015331283863764783,-0.00010495243085068364,0.001379602351745242,-0.002089129893541887
31,3,-0.013965970350010175,-0.003669096813423296,0.02209915073372154,0.001141328306363307,0.001667557781312688,-0.0013852908611826863
31,4,-0.13897864462567136,-0.0057291739801127,0.0214085764602551,0.0023247332413436446,0.0014266807785782154,-0.0007916034606614149
31,5,-0.13857577082411482,-0.0071348257322806675,0.03389061813827973,-0.0007953204276427229,0.0012597163441821603,-0.003473553776980437
31,6,-0.1580793946366701,-0.006781853036450614,0.07852421383083583,-0.002888216203642621,0.000904913294864836,-0.0047383366882186514
31,7,-0.14935156319628645,-0.005437646035300093,0.07201732214007557,-0.002036569640540187,0.0008656989378475037,-0.0042422265163908224
31,8,-0.1279982173215793,-0.006275737163238817,0.04619632835160116,-0.00023465637907302338,0.0009068132560473386,-0.006430489214407522
31,9,0.0007146325553220589,-0.007294804516073584,0.013323506960020808,0.00679337369390179,0.0005844448038072872,-0.007590462529935544
31,10,-0.06960109227100233,-0.009651556967130187,-0.020200020227310093,0.007886201028998377,0.0005824586792480764,-0.006258658837986325
32,0,-0.004774043373879723,-0.0020887056797910843,-0.013250174638964569,-0.006256483293846988,-0.00028878554235974344,0.0031818564931550947
32,1,0.010061037776784899,-0.0008218182347861061,-0.014132474458693405,-0.0057301440935037425,-0.00047572203523868825,-0.0005582163534473537
32,2,0.0003391791318283835,-0.00048439891283833273,-0.008983953138170919,-0.0023499865031095836,-0.00043191159187355786,0.0003256912190352126
32,3,-0.020395443715160274,-0.0012356912076034962,-0.013638669736208456,-0.001460979737423893,-0.00047239028563221194,0.0002518301140759134
32,4,-0.04427379929234446,-0.0029912543610428,-0.0313949567610496,-0.0011812511452760552,-0.0005342561663571845,-0.0030873265129555145
32,5,-0.07211825584738824,-0.004720003991114867,-0.03127747531479417,-0.004646204470343323,-0.0009639355275614398,-0.0022652967479792363
32,6,-0.1051078370746803,-0.005971042649786514,-0.011484232105670678,0.0006173112815110793,-0.0014456397209013639,-0.0021797515675728513
32,7,-0.10124702044712333,-0.005833555052604693,-0.012236309448556335,-0.003987697799450687,-0.0019915395244483962,-0.0024124343710390226
32,8,-0.08416385111804989,-0.006438053687704617,-0.02750772446909324,-0.0052448829651616236,-0.0023421769291185617,-0.004695778178330621
32,9,-0.03464334657947074,-0.008309258706946085,-0.02784902508869099,-0.004263563718842008,-0.0022161773427048126,-0.005752637516808644
32,10,-0.05149215581241705,-0.010260101284540187,-0.02904677510872659,-0.004843082312609023,-0.0020174388741748235,-0.006897736482541024
33,0,-0.0029047029924662224,-0.002008603947605484,-0.010667127692181168,-0.005179911496649288,-0.00016231333506634343,0.004450836018364594
33,1,-0.029644851942664103,-0.003460693405382106,-0.0180271105886238,-0.004737366158729543,-0.0001189628670521883,0.005816167369431846
33,2,-0.024339174368001718,-0.001938621345475533,-0.001100507431626917,-0.0012912603741509837,0.0002047640095898421,0.0063072740802256125
33,3,-0.06056326636275168,-0.0013691960623344961,-2.2764089065457904e-05,-0.003682831257504093,0.0003723771581412881,0.004733971001931113
33,4,-0.14646729388676955,-0.0034089538417864,-0.015440573379745602,-0.0008887206126175552,0.0006757973068809153,0.004262301423818985
33,5,-0.17053745802802334,-0.004430998049735468,-0.00846997530250467,-0.007377774938857322,0.0003617895737476602,0.005489170906197664
33,6,-0.1806393023718741,-0.004293086544574614,0.027017720848557625,-0.006091619489045621,-0.00011385099017436393,0.0032873743302829495
33,7,-0.16310857853462873,-0.004523376411580992,0.025814631836673565,-0.007645716881853287,-5.020536519049633e-05,0.0042578982182831775
33,8,-0.10566348312446999,-0.007877868923156516,-0.012769070820706944,-0.007687430729103524,-5.5247225748061434e-05,0.0027631052186797784
33,9,-0.03210213418637764,-0.010565964638639683,-0.03325148139348359,-0.002275370627272509,-0.00029132914403901276,-0.002046852235117244
33,10,-0.10614297110838744,-0.010847045341244588,-0.034905676089949794,-0.0009170181364202229,-0.00031905870122602364,-0.0016703685932623244
34,0,-0.017775269962867823,-0.0011524836298153842,-0.009477045598133468,-0.0025747040859365883,0.00025618946063475656,0.004642950512765094
34,1,-0.026947671394573703,-0.00022187166541870603,-0.012571051453590207,0.0020517747613394578,0.0009287969389455118,0.009610514955886646
34,2,-0.028133360867708915,0.0006930543786035671,0.0015017065716592826,0.004578310828396216,0.001170066194607842,0.012209456694033114
34,3,-0.018877884044568874,-0.000945563023039696,-0.005403412554287558,0.002537503282019807,0.0008183569565663881,0.015165913721334212
34,4,-0.05307282974355306,-0.0030580234870486995,-0.0279179110745908,0.005751284401089545,0.0014428246115330153,0.017171400423155285
34,5,-0.08634383231843074,-0.004236613647036067,-0.027510913232364168,0.0023980899161173772,0.0014850049138485602,0.019436472876606166
34,6,-0.0842491060598656,-0.003857414869103514,0.015944740108526225,0.010675777752402079,0.002014292919536936,0.01864065999392315
34,7,-0.09087651643931713,-0.0030862736665929927,0.024406395913089567,0.002702453648698913,0.0016024435148176037,0.016284068531503874
34,8,-0.10189155940279218,-0.002149539320190617,0.00038248834359425835,0.0017989680111820765,0.0014292359639230387,0.013255122230468878
34,9,-0.05509136908915484,-0.0029569200836558843,-0.026284620376732393,0.006178493326932991,0.0017878206349460875,0.015587885104787553
34,10,-0.07884562373085605,-0.007164685776105287,-0.03521436889068459,0.009836352860371676,0.0019356920943941762,0.018963302261454675
35,0,-0.013864722880966423,-0.0018035109607059843,-0.008022041455763669,-0.002622350843443488,-0.00013957313599164344,0.0029934108883072946
35,1,-0.026452075104838702,-0.002814251668583206,-0.009047544871287606,-0.0014294196285496424,0.00011434019228321171,0.0016789383051990462
35,2,-0.04207806391343052,-0.0016260266772153329,0.010068531117553882,0.0011577149995842166,0.000498175973161542,0.0006886388404733126
35,3,-0.08884414481740358,-0.0014614043995008958,0.006696840497328042,-0.000582419930387293,0.0005250867503626881,-0.0025209042010761865
35,4,-0.16632263833431093,-0.0032480543017534,-0.004427629473990301,1.8064051331044702e-05,0.00042106160420451533,-0.004704454975704414
35,5,-0.17377152779910923,-0.005042267091633767,-0.0008992456744229701,-0.002622870348715023,0.00011463309380606025,-0.005421919108686937
35,6,-0.18297080843314673,-0.0055623378148863135,0.021650954114722624,-0.0013666354402979205,-0.0003203463571770639,-0.005455321279877051
35,7,-0.1740544205788847,-0.005511876213680693,0.016351164319610065,-0.002663818554440087,-0.0003840046372491963,-0.0037634242167983224
35,8,-0.10474100480011879,-0.007722502936823317,-0.010611148322909042,-0.006987061680857724,-0.0007445400709414614,-0.004898974999062722
35,9,-0.02939167963139554,-0.009815438969135382,-0.016744339180720692,-0.00588838531450241,-0.0007979699295780128,-0.0074486502217950435
35,10,-0.07557300999719764,-0.010021717211779886,-0.018471084743824494,-0.008737497207132624,-0.0007272652765803236,-0.007384013261923525
36,0,-0.02459820376543062,-0.002064764107373384,-0.007450247246451769,-0.0038243802221117882,-0.0003015733766656434,0.0024255499730335946
36,1,-0.012853337493906002,-0.004165921611271906,-0.0032217942364815054,-0.0017197849857554424,-3.207480258808829e-05,0.0016124372238436463
36,2,-0.019725163058818416,-0.0030442540258521326,0.012332737614352083,8.29984368001164e-05,0.0004120501810402421,0.00043261921719991254
36,3,-0.058065515682293775,-0.0024501907721711956,0.013857789227088043,0.0014089287315577073,0.0006677473211710881,-0.0017277536782342863
36,4,-0.12897834472262507,-0.0044389439291479,0.00041477157272069853,0.004738190649617544,0.0006060367828955154,-0.0026574226809846146
36,5,-0.11955214603508983,-0.0065491322756943676,0.003923170430065031,0.0037941311073511775,0.00018787758149046025,-0.002790883622885237
36,6,-0.14744140304686132,-0.006149906398143114,0.018235979652408623,0.00424264109061198,-0.0003396343531210639,-0.0016513984642491507
36,7,-0.14837354806650255,-0.005149145580015793,0.007606763840093065,0.004443841878296413,-0.00036856330375559633,-0.0008982259539352224
36,8,-0.06728197211974038,-0.006616590956179717,-0.016314044802135542,0.0020032582439476762,-0.0007000345373024614,-0.002466126960722922
36,9,0.004904533196731453,-0.007943926218075683,-0.009187191460611893,0.004047233818761091,-0.00047244404089261273,-0.003963851123660744
36,10,-0.05470870073900444,-0.008668799913900186,-0.012227092283781195,0.001668286657500877,-0.0004232128009108236,-0.004733498616193025
37,0,-0.0053267114957592215,-0.0006380424643113842,-0.013017350496825768,-0.00806345697910969,-0.0006221573388993434,0.0033476027422818947
37,1,-0.0857723739939687,-0.004373134183142306,-0.016219329157059106,-0.005864240346957442,-0.0002662260176451883,0.008932632181472446
37,2,0.012797825442002383,-0.0010898319744631329,0.008070909326792282,-0.004645479169774984,0.0001241229939870421,0.007519443427196211
37,3,0.09776964507193484,-0.0016562816605851958,0.028515970901908945,0.001846073790394407,0.001060732880196888,0.007830256757750013
37,4,-0.09180677070362496,-0.004057140961185399,0.0166922735876436,-0.003314837358999956,0.0006365491330062153,0.009474897443772185
37,5,-0.13585991264921773,-0.005775034898841067,0.025392454004515633,-0.009888821250958822,0.00033457722595176025,0.007681142361558563
37,6,-0.05561567657579421,-0.0038682671308124137,0.08685430467603833,-0.01044280049920802,0.00022010935314183608,0.0029405139655770494
37,7,-0.15520549541073092,-0.002591506384661893,0.08982033468269836,-0.020856023656740788,-0.00029694395001099634,0.004323663042957278
37,8,-0.054442177482115085,-0.002498914747840217,0.08001467450775177,-0.01909258731478382,-9.994941284718141e-05,0.004657703901933978
37,9,-0.07125857686339374,-0.0010915620683267842,0.059331556941162,-0.01210340573932641,6.968406489128725e-05,0.0047877987607074565
37,10,-0.06875549806017744,-0.005305856152300587,0.04425681504661351,-0.014349699537459522,0.0003298293980246764,0.008601696880752577
38,0,0.0035597888059960767,-0.0030379822932813843,-0.02106025720869487,-0.007006970954215788,-0.0009138154051644435,-0.0005077629795053056
38,1,-0.005326271497831801,-0.004406035975006706,-0.026958386841812107,-0.006270323087128143,-0.0012639810396762883,-0.004045630596042654
38,2,0.03192271878180048,-0.002344242856034233,-0.005161304323568618,-0.0014675863729229836,-0.0008147808078482579,-0.0034802500651237877
38,3,0.0007553033316391247,-0.001049739052583096,0.0009758454901760433,0.0039055973855565062,-6.254526156271192e-05,-0.006681450913499688
38,4,-0.05590895697699816,-0.0027891005879209997,-0.005351215369231601,0.005089864727896445,-0.0003891132275335847,-0.010976850739758716
38,5,-0.05373363134248983,-0.004716564673498367,-0.00285072487041807,0.004315087021942377,-0.0009658207847136398,-0.012408063431877737
38,6,-0.08603923954251042,-0.004954204066039714,0.003130426379137123,0.007776927411542879,-0.0014294423208744639,-0.010589034580812751
38,7,-0.03543760052784413,-0.005460865308313893,-0.004615313442913233,0.002192052899995513,-0.0017593447663224963,-0.008136725322442322
38,8,0.011000891771334911,-0.007007823876959017,-0.0042952516740794415,0.0012973814929476766,-0.0020176605282877613,-0.009447214175265223
38,9,0.09919775197319955,-0.008967082356305384,0.011979263493522609,0.0008301926919444911,-0.0018789772495271127,-0.014049450982360144
38,10,0.11697419411341536,-0.009086835672645288,0.020228880484356702,0.003395752316670577,-0.0011658247487665236,-0.014981149346504723
39,0,-0.04179858394817632,-0.0011364652147814842,0.0004988893032472318,-0.0010485021547701882,0.00023328148999155656,0.0029649287296334946
39,1,-0.033449930003346104,-0.003308469074053006,0.013516160293144694,-0.0009438615266666424,0.0009922409535595117,0.0034649374758095462
39,2,-0.040862971875747216,-0.0037696926144097326,0.025530864989188783,-0.0030382114568291837,0.0013060845808580421,0.0027587837168239126
39,3,-0.05014843609997667,-0.004426374237560196,0.03192858721250564,-0.003907149553350693,0.0012247626507059881,0.002832205319714214
39,4,-0.15291076644278168,-0.0064375843221864,0.0261284853836944,-0.0034685904258384553,0.0011557355146192155,0.0052093342110809855
39,5,-0.18360869345242553,-0.009036463683884166,0.032181800115136334,-0.008262553263947122,0.0009383418273398602,0.003926009793330463
39,6,-0.1701327715484282,-0.009151966153967815,0.05875097554129102,-0.00902933754777962,0.000608750027515536,0.002336480276595049
39,7,-0.1887875769068169,-0.007356969072463593,0.05263731879193047,-0.009954662322426385,0.0005583913951929037,0.0025408293282845776
39,8,-0.18688985734337277,-0.007974971083172116,0.021750538607115857,-0.007284916164121223,0.0008155099694881386,0.0010684009574833777
39,9,-0.08789804992547724,-0.009233393698395284,-0.017148620941249092,-0.0037311457375963086,0.00023077269368428722,-0.00014897007578774392
39,10,-0.16264063424112835,-0.012299020731235087,-0.04757692819131319,-0.006283898357618323,-0.0002677937132539236,0.00022815885998537545
40,0,-0.015570365088217021,-0.0018656235260444843,-0.013422520792306969,-0.006702257498455988,-0.0003868833233747434,0.0021816984763780947
40,1,-0.010773065294345402,-0.002077264403784606,-0.014763572659659704,-0.006571533826250142,-0.0002879413113045883,0.0041471356032368465
40,2,0.009246867151424283,-0.0005324338350897327,0.002971029108148682,-0.004607052545745784,-0.0001058180112203579,0.005110920251107612
40,3,0.0026214257608994304,-0.00046847064528284606,0.006367276856611943,-0.001874843199798493,9.827102755208809e-05,0.005294868410570414
40,4,-0.054313385509440565,-0.0020676690704561997,-0.008546896135361201,0.002010393937743245,0.0004551306011321153,0.005075238780233585
40,5,-0.08920424029166334,-0.003304724954692367,-0.007300814897514369,1.2657030044277082e-05,0.00035815448611126025,0.005030204748132663
40,6,-0.12655409881232033,-0.0030080465874124137,0.010493613885475024,0.0061951113001371795,0.000553311593720036,0.00633660300561645
40,7,-0.13431863980809655,-0.0016740180073336929,0.010233411181815966,0.0002708261230241131,0.0002624572016473037,0.0066167648320768786
40,8,-0.0811936017760683,-0.0007682822463544172,0.006047678171677558,-0.004784678945427624,-0.0003493601558077614,0.003692428489692778
40,9,-0.013991424521314143,-0.002226731497813084,0.00937922402376391,-0.0031810856319653084,-0.00035370690257241277,0.0014334709144060561
40,10,-0.043932101241158344,-0.005178652469769188,0.004326945820397304,-0.0038348660093651234,-0.00026093851167282363,0.0027840394844198756
41,0,-0.010502303887627323,-0.0015977109551223842,-0.0018503597177079688,-0.003015042880070388,-0.0002523355326833434,0.0032313301576254944
41,1,0.013032833957079,-0.001736057562259906,0.003924486642460095,-0.00014169989307614246,0.0001593780511931117,0.004143396864066646
41,2,0.014018639403551485,-0.0016892228135854327,0.013325240501777483,0.0022692971164520164,0.0005124979909214421,0.003558151345577512
41,3,-0.025085598693154274,-0.0027308387704975956,0.0016086417201625434,0.001331039799669007,0.0004215808869567881,0.004469250615519513
41,4,-0.08283657877997405,-0.0056368617102056,-0.018630648777122998,0.0039166958347326445,0.0006782611580440154,0.0053714854116451854
41,5,-0.12919604688380615,-0.007530911125031667,-0.017052062963227567,-0.00028918531998872276,0.0005551941948797603,0.006154799028369164
41,6,-0.1634607790856354,-0.007170289191674514,0.014153122441971224,0.005177837867608479,0.000706845346483436,0.007776668247961549
41,7,-0.17449711889023045,-0.005595956780269993,0.017697228312616567,-0.001250633899211087,0.0002180560351377037,0.007439818996886078
41,8,-0.14909039522454187,-0.005683926245075117,0.0012959526188049578,-0.0031670452579628233,-0.00022739139772166142,0.0033046678510500783
41,9,-0.05749224736872194,-0.008020049498399785,-0.013562461180343193,0.000590024068973091,-0.00036872811510611276,0.0020167778469132565
41,10,-0.09910275864759295,-0.010648925586446287,-0.016879144230488193,-0.0005894481906980229,-0.00038457401996946363,0.003908908415580475
42,0,-0.015887927131488823,-0.0024173777557961844,-0.01130747675850557,-0.0070012133590270885,-0.0007955818854030434,0.0025148764328855946
42,1,-0.011178387161934502,-0.004366223013725706,-0.013721078947211706,-0.007320608841755843,-0.0010634879083739883,0.00043875297568674596
42,2,-0.002511066282979117,-0.0037433304863884326,0.00029555088638988196,-0.004523194038704684,-0.000979026934816958,-0.0009202487219306878
42,3,-0.04873079159545717,-0.002918418570995696,0.006252593390742543,-0.002899823020726093,-0.0007659087003214118,-0.003193218075923886
42,4,-0.13100556349626935,-0.0053382643585067995,-0.007181128311837101,0.00017064416998994472,-0.0008265447826747847,-0.0026679371588947147
42,5,-0.12101437837634234,-0.008323590556969268,-0.00880186729483427,0.000732588167888877,-0.0011223009479533399,-0.002197887402572037
42,6,-0.1456282066765456,-0.008563131113051313,-0.002112249759139574,0.0022322001312453793,-0.0017092609114828638,0.0005503662203658491
42,7,-0.12920586911458704,-0.007496876729259093,-0.010116168295812838,7.052579523991308e-05,-0.0022979444704268968,0.0013081894456479777
42,8,-0.00404023069536899,-0.009696101238410516,-0.02109912026927814,-0.004753419009053623,-0.0028950815147749617,0.0013535400755987778
42,9,0.07960384426539786,-0.011887010427184885,-0.007591299203848492,-0.00465553639038651,-0.002523099016143813,-0.002846414146930644
42,10,0.07134240611268566,-0.012052366173436788,-0.009087719773361294,-0.007414479483283223,-0.0021351944176631237,-0.005246748672376525
43,0,-0.04207067419944352,-0.0020498479773907842,-0.004791347003761769,-0.003759657488413988,-6.395078681064345e-05,0.0030508147345977947
43,1,-0.035120116908349805,-0.004426269958556506,0.0023892142513800944,-0.0029167689433360427,0.0004270813708150117,0.0014934118062250462
43,2,-0.060773525400509724,-0.004553168481184932,0.018253651194972582,-0.0022520849258916838,0.000933892440628142,0.0010804062063025127
43,3,-0.08486287945401927,-0.004677721453889096,0.030907785396819938,-0.0021387646546548933,0.001156656389247288,-0.0011976019873411862
43,4,-0.16342824201618078,-0.006327894571885,0.028650330706373902,0.0015466462274865448,0.0012267922113473155,-0.003040487249004715
43,5,-0.16267244569339093,-0.008931688131819868,0.03920331453863613,-0.0019866282388648227,0.0008922478196532603,-0.005175413669383736
43,6,-0.1553997288373308,-0.008610403244170412,0.055096629668814526,-0.002973372848530921,0.0004707024178744361,-0.006533873462991651
43,7,-0.15257484514751085,-0.0075225307977649924,0.051018055280836166,-0.002790223474609487,0.0005273708906884038,-0.0061737526019444225
43,8,-0.08971508439405838,-0.009289756942585718,0.01886655663988096,-0.0035752993596659234,0.0005379866212203386,-0.007747101323350121
43,9,0.008484665200973754,-0.010884599769871686,-0.0048022015581769915,0.000780270248186991,0.00013911512736178728,-0.010064603051200544
43,10,-0.05653623471473694,-0.012033355665770188,-0.021688717458269193,-0.00024908405784062303,-5.740887409542362e-05,-0.009584147010326624
44,0,0.006219103445143679,-0.0024639498125230844,-0.012663007208493568,-0.004472254484477588,-0.00013561360267984343,0.0033801710134117946
44,1,0.0045989304033547986,-0.003264199946823906,-0.017504431688307107,-0.0024788981027548426,-0.00017243504008048832,0.002322243439803346
44,2,0.024489952265709082,-0.0029213473382371327,-0.005330521337695519,0.0018198624324564166,-4.6542771768057884e-05,0.0020765930490267127
44,3,-0.023774066373799474,-0.0036468143762067957,-0.019943860240665155,0.0006107899299403069,-0.00016271455205031193,-0.0008989973300264865
44,4,-0.08546366723498096,-0.0064146657390463995,-0.046073004142730106,0.0018014987164128447,0.0002624064839569153,-0.0015210059803431146
44,5,-0.12706661922623064,-0.008310469894434867,-0.05358888677010137,-0.0014306652970202229,0.00031811861367486027,0.0005774189955609632
44,6,-0.13639557985217649,-0.0073566641970030135,-0.026402197365607775,0.0036904613402043793,0.00020367111801053607,0.0030076413927661496
44,7,-0.14490087582781694,-0.005398724020554293,-0.020922085970923935,-0.004784509458612287,-0.00043585101674019637,0.0013037580429355777
44,8,-0.08697674582229559,-0.006369281369012117,-0.03681229974741214,-0.007354519070556623,-0.0010961225851026614,-0.0036322346525654225
44,9,0.05004658315183366,-0.009262437932550084,-0.0413109799188124,-0.006056384379614609,-0.0014154925022513128,-0.007014895312240744
44,10,0.062133785139945164,-0.010091945418778987,-0.03204231777561009,-0.010389219102027624,-0.0015395557718937236,-0.0054229766934845245
45,0,-0.035831450032336024,-0.0013675048558779842,-0.010269141685954268,-0.005162933039075988,-0.0005263605545019434,0.0034188967245451945
45,1,-0.034808753564208206,-0.003668159774677206,-0.0015798732341390058,-0.005559079195906442,-0.00018832708540808828,0.004303753697177146
45,2,0.0030835088103699834,-0.0011582393045387327,0.018187065151227384,-0.005785132239278684,0.0002143715342764421,0.0023331823960956125
45,3,-0.019167602018069375,-0.00039000050215399606,0.029591883811519344,-0.002606121264750393,0.0003715102748547881,-0.0025921042183125868
45,4,-0.12955433209979877,-0.002428265370749,0.0173657886820315,-0.0028564419536050555,-0.00017828987562248466,-0.002252495892631515
45,5,-0.15272349755643555,-0.004519287272224567,0.02693985382148153,-0.0004898449504102229,-1.2310421938439777e-05,-0.004401242250609236
45,6,-0.1639121810151764,-0.003972451004583414,0.04349849212965212,0.0003689291919976793,-7.417798355076394e-05,-0.0021773153262657505
45,7,-0.15409233471275674,-0.0016848236870280926,0.04007554448165576,0.0007032909005750133,-0.00026222077614439633,-0.003098284129383622
45,8,-0.10378415839059069,-0.0018173963592590168,0.03496519337302536,0.004060883966454177,1.3451792784338601e-05,-0.005440761618325722
45,9,0.04204656029534566,-0.003626098397953784,0.04161854606913261,0.00664372938061699,0.00012378177619238727,-0.011963817793173244
45,10,0.06998378229596247,-0.004031168281134787,0.03783375373557231,0.001433286596622177,0.00019440307107807634,-0.013382097255694322
46,0,-0.03466577469562732,-0.0013721058134853843,-0.007993511614468169,-0.003763607249116588,-0.00038514781358864347,0.0004940254556215946
46,1,-0.0261760000535999,-0.002914882839293006,0.001073496590084995,-0.0036383728528314426,-9.237842008978829e-05,-0.00026550029907485397
46,2,-0.011656551188317415,-0.0013607400582937327,0.02076960237775208,-0.0037516970153283835,0.0002910581198841421,-0.0010357333680444873
46,3,-0.04300313637210387,-0.0001269715658781961,0.028266093298204745,-0.003980662371629393,0.0003784336476466881,-0.0037121331204218867
46,4,-0.12855467341243615,-0.0018166154644859997,0.022779004975653,-0.002102237674691855,3.45455283930153e-05,-0.005506550367930814
46,5,-0.12727770124571952,-0.0039615142052242674,0.03065907835573843,-0.003240480639598623,-0.00035273698673313973,-0.007283536985123837
46,6,-0.1449100909265554,-0.003716301286133314,0.043624756314049926,-0.0027865861751581204,-0.000716640170416164,-0.006571903648083351
46,7,-0.13654689591972802,-0.002338747018710593,0.03704831133012956,-0.0031915714058276872,-0.0007818472841925963,-0.0059116504184122225
46,8,-0.07202331174747079,-0.003600005241596817,0.02570215178593836,-0.005756664836682024,-0.0011085672139513614,-0.007675113533728421
46,9,0.03485215163933676,-0.005912130010098184,0.029691899536852407,-0.004258961106324509,-0.0012262346627914128,-0.012094369873962044
46,10,0.021057381790865456,-0.006616835703871787,0.025931425837628908,-0.0061114603251191234,-0.0009690130884827235,-0.012335268302994423
47,0,-0.02498256823364342,-0.0018112507534324843,-0.014387557345085568,-0.005185948166491488,-0.0006099733567471434,0.0013414043722266944
47,1,-0.0254151669441431,-0.0034850965837697058,-0.010703224234639704,-0.004746049014724543,-0.0005506043397214882,0.00010406699810554601
47,2,0.003698790219070486,-0.0011014108329332327,0.008866106781872482,-0.0032406109481801838,-2.8938231370357877e-05,-0.0004849282410466873
47,3,-0.024102343761934573,0.0009525637206873039,0.020485139303320243,-0.003318869752288593,0.0004015204831315881,-0.003762454487691786
47,4,-0.11931953397074026,-0.0009268713692532995,0.011740195874249298,-0.0018076601217716555,0.00013841133812511532,-0.005114173799648915
47,5,-0.12082989085956944,-0.003294190294415667,0.022698641481735428,-0.00026812747190882295,-0.00014199558984363976,-0.006745604268137037
47,6,-0.1576903841165384,-0.003131534849077414,0.03499562254579543,0.0029352484058187793,-0.00044389898709696387,-0.0060463143046301515
47,7,-0.15173568888360353,-0.0016614622177581928,0.030662349884782465,0.0022585136848337134,-0.0006176664030518963,-0.006139735502752822
47,8,-0.09535829143155379,-0.003787326906081217,0.019590163899953657,0.002383087068428876,-0.0006369071700666614,-0.007583293770685122
47,9,0.02089619129395706,-0.007036784059840584,0.02308574203478521,0.002309716823033491,-0.0008056974156650128,-0.013686579273317944
47,10,0.03600637736698366,-0.007236174843768387,0.02136673061275241,-0.00028631526164902307,-0.0005127701797363235,-0.015155219905564423
48,0,-0.005752468873909922,-0.00032085106012228414,-0.005297313813171068,-0.0011786249532497878,0.0006850598372674566,0.009562879025516094
48,1,0.008860472403486898,0.0013366466630622942,-0.0071677416856596055,0.0004927142963237572,0.0011587828046717116,0.011748672338959446
48,2,-0.005893457798529416,0.0013215572814391672,0.006242266030762282,0.004476943297069916,0.001058124215090742,0.016119988242769914
48,3,-0.0063789237319164735,0.0011617843322626038,0.004480825875051143,0.0031653001571768065,0.00041909744091228813,0.016349396715572416
48,4,-0.02120056007336686,0.00012146401849070024,-0.0178121651460069,0.004304346952719045,0.0004818230076193153,0.012815118213852585
48,5,-0.03793454405344723,-0.0002626813509659671,-0.021310057309124268,0.0014275964579394773,0.0005726995790882603,0.014644118871001763
48,6,-0.0623876019812912,-0.0019176600829978138,0.001253326523694323,0.01176155597272818,0.0011317096286435362,0.013748248444060949
48,7,-0.042455187294497834,-0.002992774144594593,0.0014673694041430659,0.010920133511901313,0.0012060331017965038,0.013924718843408077
48,8,-0.05406161965948999,-0.003045351985050317,-0.022303642850908443,0.013191664508490176,0.0015351836301639387,0.013852385443124176
48,9,-0.04146860768011475,-0.0037041724340258837,-0.03255354797119599,0.01513853406353749,0.0019356637382030872,0.018710927235861253
48,10,-0.06651588418146784,-0.0062128284582934875,-0.039749807034710496,0.014400559242721177,0.002128175461874476,0.017255070512085174
49,0,0.007176479275907279,-0.0016215329523815842,-0.012048188423997068,-0.0071860522965592885,-0.00032123886404274344,0.006459674636992495
49,1,-0.026550793229151003,-0.002486544586742706,-0.021306598976943703,-0.007793261928623943,-0.00012722941230568831,0.008964897266508946
49,2,0.007745837620316482,-0.00041852218078870275,-0.005535044823196517,-0.0037279989631977834,0.0002325371922583421,0.010796137047614313
49,3,-0.015818993091965373,0.0005938568476188042,0.0002169000155663424,-0.0053227286008191935,0.0005181320987067881,0.011520529932037914
49,4,-0.11929635891320456,-0.0019650678411704996,-0.013395363237326102,-0.003080090574838155,0.0008978261241085154,0.012841860589595685
49,5,-0.12696958747230314,-0.003089268459617567,-0.00780452820851907,-0.008021266287055222,0.0004528450594236602,0.013528148155663562
49,6,-0.1209126267574695,-0.002584118779806714,0.025762692673849324,-0.004839642843662221,-0.00020572904745886391,0.01144079874516835
49,7,-0.11456293918023203,-0.003657806932509393,0.020491673429310766,-0.006169085276891287,-0.0004715798062813963,0.012440874515762977
49,8,-0.0954163981507248,-0.007428873433854917,-0.01594896702415904,-0.0033329809199911234,-0.0004723913028245614,0.011724405691886578
49,9,-0.057296868688818545,-0.009069149794726384,-0.023698829955197294,0.000286714843987491,-0.00023066703562831277,0.010914773367960456
49,10,-0.08740494308256325,-0.010210454178419388,-0.033504556812622294,0.0005753665752974771,-0.0004978195112030236,0.0077175961993497764
50,0,-0.014759176000228223,-0.0013746862095477843,-0.00897441687147557,-0.004998241772581688,-0.0003825590753111435,0.0012056506418642947
50,1,0.006397583207239398,-0.0005870797684550061,-0.0038260867206358056,-0.006051766954976643,-0.0003339773553027883,0.0010649701013012462
50,2,0.012954692140851284,6.469970527496721e-05,0.011728754093902482,-0.005533604609349284,-0.00020233979023095787,0.0024183270115865126
50,3,-0.0029536779391896723,-0.00045039735297739596,0.010146895281147143,-0.005872681357959594,-0.0002536818010196119,0.0017682875829631134
50,4,-0.031260979572258055,-0.0017594297998574997,-0.0023718849473295016,-0.005073366624281955,-0.0004582352544546846,-0.0021564099504952144
50,5,-0.04756976017194793,-0.0028455816144340672,0.0040190064315955305,-0.008349309715422923,-0.0008374311329636397,-0.0027887637730680368
50,6,-0.06860205358906771,-0.004285261687183414,0.015130525021640324,-0.0017770657416536207,-0.000844349864353464,-0.0019104437703677507
50,7,-0.06263329755973474,-0.004150114872993493,0.013296297967095166,-0.008643549178181187,-0.0014069829827896962,-0.0012252011818085222
50,8,-0.04574507587596209,-0.003729635475409717,0.01400336638430556,-0.010643352159614924,-0.0016432772910358615,-0.003295948347700422
50,9,-0.010281161339309543,-0.004770189184836984,0.02245892347749011,-0.009664572186059109,-0.0014981178689766129,-0.004374004432570544
50,10,-0.037416569063234546,-0.007096628167226087,0.021774142480265605,-0.009290356012454423,-0.0010833213890869236,-0.0047399279102821245
51,0,-0.004137826852490522,-0.0014715533658535842,-0.001990928719211669,0.0006769171468007122,0.0006329334228353566,0.009279306389915094
51,1,0.001614035479165398,0.00014408724331169392,-0.0022653308619984052,0.002290760775465958,0.0009716868149422117,0.008850821371031745
51,2,-0.008817496472159616,0.0016768559799534674,0.017499780597961583,0.005693487906727916,0.001166249348608242,0.011313094578147413
51,3,-0.025458688828061873,-2.7003359017495907e-05,-0.006683426763321258,0.004118549876622407,0.0009320147007492881,0.011811195754562213
51,4,-0.04436850156739246,-0.0012370908567404997,-0.031004421347883,0.0034985647019601445,0.0008263574919576153,0.006841284161508186
51,5,-0.06709250070484643,-0.0021693774185574674,-0.03629309293625367,-0.0004200839440015229,0.0006778699774760603,0.008899607268660563
51,6,-0.0881298284424562,-0.003327593723004614,-0.0003042716586171765,0.005257317545745479,0.000553823494619936,0.00798436608722525
51,7,-0.07323306557025452,-0.004082083102629993,0.0015755813729128668,0.004343867435899813,0.0004530279770544037,0.007150428928777777
51,8,-0.07875106585072099,-0.004834082241683117,-0.02816324494084794,0.0055378178500785765,0.0005133959666440386,0.005821780137125078
51,9,-0.06273012286694994,-0.006016986826447984,-0.0426882487172571,0.00796006080605469,0.0010050160009347873,0.010613050625746957
51,10,-0.08239473387583424,-0.007305313568729187,-0.0403159632183982,0.008260327205325976,0.0010588797260957764,0.009598890501113677
52,0,-0.044735463533075524,-0.0013092802855236842,-0.004369253853833569,-0.001069074406599188,0.0003550855637111565,0.0032505186790246945
52,1,-0.0353702937297925,-0.003277406805990306,0.00027432262108479516,0.0016961347989380574,0.0011964204984609116,0.0042791643265929465
52,2,-0.04290604141319022,-0.0031665663354203326,0.012099505263814382,0.002303951685642616,0.001850971163794642,0.004008399347214113
52,3,-0.046389274506095875,-0.0039589497303003955,0.019982876401243445,0.0030245284686585073,0.001978124914301188,0.005090857923935014
52,4,-0.15701374002537938,-0.006246487370996499,0.012203595385699498,0.005916629130737845,0.0022422285238328154,0.008870485848033485
52,5,-0.20595081043251043,-0.008219670919001467,0.026771239229696334,0.001871079324667877,0.00216327902118516,0.008889281004356963
52,6,-0.1982393438619146,-0.007393754130096214,0.061465605813748325,0.0020812966173019793,0.0019041738249338362,0.006624569641633748
52,7,-0.21448950434027803,-0.005407716050061493,0.06517668190196907,-0.004125497902606087,0.0014634140884696037,0.006271871316775477
52,8,-0.2215242296814735,-0.005836768981994017,0.02413133427068956,-0.0022567042810925234,0.0018164185442133382,0.005143289779232578
52,9,-0.12015295109432844,-0.006809054688476684,-0.022281479779852592,0.0019129873340328909,0.0013154711743119873,0.004221579189957556
52,10,-0.20814672392560274,-0.011634036868516587,-0.060740686069260696,0.000665548495539677,0.0009681975607304764,0.005127391143326776
53,0,-0.03396484076161362,-0.0006021206797852843,-0.00048647827135386845,-0.000556913977949788,8.519278951605658e-05,0.0036954596157845947
53,1,-0.023952219718339503,-0.0015655814278657059,0.012688797600769493,-0.00023134023146184233,0.0006486790455907117,0.003284525757513546
53,2,-0.03426867605098682,-0.0013534965856534327,0.02823586874490998,-0.0029237322596423836,0.0008523683417027421,0.0027642067266983126
53,3,-0.06534179980512768,-0.0010436722614360961,0.029157360891688945,-0.006196030464663193,0.0006474389858531881,0.0033692456556923133
53,4,-0.15258772386201414,-0.0023026632418416994,0.0230451988427664,-0.003816775257124555,0.00040396992472911534,0.0030870474052240855
53,5,-0.16694627283231953,-0.004866181113587667,0.03016059740543623,-0.0065607941286522226,3.6732998900860234e-05,0.0033233286052285634
53,6,-0.18184155676796243,-0.005302846336835614,0.036703189856920324,-0.005419984541903721,-0.0003458760016995639,0.004212535817451549
53,7,-0.19706042295486426,-0.003976961864393993,0.028001877550300567,-0.004970611580829287,-0.0003517984232784963,0.005074743339421177
53,8,-0.1642119497939699,-0.004750114472938517,0.013560695738421457,-0.0043479673938468235,-0.00036040470001536136,0.002952025247243078
53,9,-0.07343358238115644,-0.006182176873740284,0.015177332961534208,-0.002165610214002109,-0.00047341649110731274,0.0003698675604566562
53,10,-0.10323174539016344,-0.007367888251246787,0.006259045882126807,-0.005490704818314823,-0.0006774538239429236,-0.0006936383300132245
54,0,-0.022369698654897022,-0.0022081431924853845,-0.018140389965957068,-0.0064723810044375885,-0.0006384302254032434,0.0026911130290969945
54,1,-0.025664297551154402,-0.002266410701238306,-0.026923421831185103,-0.009654657274857143,-0.0010903732063716884,0.001286296709627546
54,2,-0.03777722814516002,-0.00027412878014133283,-0.005466376008877418,-0.008178322305023083,-0.0007066208258084579,0.005555376140770913
54,3,-0.050798159821221975,0.00015410748348800387,0.006320629027310843,-0.005276073996356893,-0.0002994985405473119,0.007606195086827713
54,4,-0.08545632528504377,-0.00016458345697569973,0.0022159347078289987,-0.0021597654426196555,-0.0003739681041341847,0.0031416298709207855
54,5,-0.10441062001275633,-0.000943626007565067,0.0004439456958931301,-0.003419823638548623,-0.0007425920055380399,0.0019968617542942633
54,6,-0.1271065805047414,-0.0032806987082445137,0.006833273705922224,0.0017045486353633793,-0.0008829262082517641,0.0030234544533726494
54,7,-0.12596994879953272,-0.004324727005653693,0.005381864888348364,-0.00023527141122598664,-0.0008247813766476962,0.007170384990187278
54,8,-0.11944856397802768,-0.0048001786504701174,-0.0002198663735343419,-0.0044394692133242234,-0.0010306471155524612,0.007303483090285477
54,9,-0.06982980328895134,-0.004972236920375484,0.017752432492415007,-0.006638387285628608,-0.0009167693173471128,0.006540996994159956
54,10,-0.07628797554608224,-0.0061478952955332875,0.0186757852491474,-0.005841505135456923,-0.0005056667962394236,0.004591821523213276
55,0,0.018011820859263273,-0.0009644136061612843,-0.009851914431941668,-0.005895976611207288,-0.00015049473322274344,0.0037416733975309947
55,1,-0.0180385403429546,-0.001086013671822706,-0.015495586895498504,0.00013199528432425792,0.0006539513694076118,0.009321022942696646
55,2,0.023776672976019382,0.0011209380050389672,0.0032467114712713824,0.004815832510025416,0.001198311745110842,0.011773364265725813
55,3,0.041736428768314425,0.000800985802903004,-0.010270876259198257,0.0009344022824049069,0.0010824691839412882,0.015655543177916714
55,4,-0.018514539697166862,-0.0023874502324516995,-0.03693474868609101,0.004131093748723744,0.0018793093578537154,0.020654891503127985
55,5,-0.10273972294471764,-0.0036326770063181673,-0.032551644064217865,0.002364687899440777,0.0023648691034577605,0.026303232654136963
55,6,-0.050978128157471506,-0.0011743074398673139,0.021368643178469024,0.01448086544510208,0.002932022983547736,0.028730394854962947
55,7,-0.060857778662997034,0.0009793089391541068,0.03199209467225307,0.0009100965570520132,0.0019318915315909037,0.02592033633234818
55,8,-0.07905513546197909,0.001575899259415983,0.005757301093461559,0.0052073622903257765,0.0020348519163845384,0.02012476051792938
55,9,-0.08065853152250693,-0.00038794278944968407,-0.021614998473429393,0.01181078879385989,0.0019341766448024874,0.016415691179274255
55,10,-0.07755656900618624,-0.000984740952645188,-0.017493590841727295,0.016107808358744577,0.0018643868114488764,0.016367714955652476
56,0,-0.022508372723199523,-0.002479943361288384,-0.012845816134247769,-0.007129748699433088,-0.0004476356794567434,0.0022577510965383946
56,1,-0.020894887665528102,-0.003995758027307906,-0.011930640823943905,-0.006971464899850843,-0.00045457183526828826,0.0002905169247657464
56,2,-0.03948368192273852,-0.0031537338681163324,0.004834150689620882,-0.0037702987903727838,-6.264736869715791e-05,-0.00021438255487918724
56,3,-0.07554615425824457,-0.002345325355944096,0.015092291463102944,-0.00033639539155829313,0.0003954472326992881,-0.002912077658479986
56,4,-0.14878352115520188,-0.003801175952889,0.006155053918793699,0.003064019738618945,0.0004803639090011153,-0.004912553891668814
56,5,-0.15499931609809223,-0.005975763201595867,0.01069939993876913,0.001659419177693377,0.00011945522920326024,-0.0053272718584222375
56,6,-0.1710149935541651,-0.006024098328474714,0.020634475467282126,0.0030151010079707795,-0.0004022727131014639,-0.005335495982388552
56,7,-0.1680396169300709,-0.005322266723127293,0.016235354500073264,0.0024490711954638133,-0.0005860349670817964,-0.005045966551568122
56,8,-0.10677378382466729,-0.006907694764539117,-0.0008559162472689418,9.452427067487652e-05,-0.0010152961380545614,-0.007530187660152823
56,9,0.003198310012969663,-0.008679536043590085,-0.0030563124808556915,0.001990689885718091,-0.0011177312080960127,-0.009882947265432544
56,10,-0.046138667432803045,-0.009730248647424488,-0.008308509606586394,0.002408973185674377,-0.0010332501574132236,-0.010374113145325223
57,0,-0.03466408749854602,-0.0015949967510410841,-0.0005882461537339689,-0.0027699234741897882,-9.628118412154343e-05,0.0015195092707886945
57,1,-0.019053932672949303,-0.002899781021142006,0.006600273918457895,-0.0027043234518750424,0.0003142889292604117,-0.000508254857855054
57,2,-0.029594786422727018,-0.0029775432420571326,0.022033622298865182,-0.0021976922541331835,0.0007853947883993421,-0.0009000485875970874
57,3,-0.07449890290217279,-0.0030412270272861955,0.024073886004911442,-0.003238707694023093,0.0007771872519124881,-0.0007594963731711864
57,4,-0.14001599548698945,-0.004676972013920699,0.018558239763723602,-0.0009158948341159551,0.0006474320106286154,-0.002625801698249915
57,5,-0.14735779282123934,-0.006643735835928067,0.02694655174103893,-0.005880413262555322,0.0002452378855413602,-0.004007447201487036
57,6,-0.15924996325353158,-0.007549562230411014,0.05346806909210572,-0.00471098951612142,-2.2690114742063928e-05,-0.005763404056035551
57,7,-0.15597093607946244,-0.007453081326942793,0.04872899781940887,-0.004673953261133187,6.806905098640369e-05,-0.004575872983630722
57,8,-0.11163923394108959,-0.008597768831374317,0.02895893517569976,-0.005246660313528323,1.1608251403838585e-05,-0.005802489546873322
57,9,-0.03578351398280524,-0.010217390367037484,0.010099833477170708,-0.001616499160079509,-0.00034138150176271274,-0.0070781426572578444
57,10,-0.09340357384003674,-0.011864548218068788,-0.002779453089854894,-0.001115221132337723,-0.0004921713774624236,-0.005743431754957024
58,0,-0.06652929940595582,-0.0013593915557114841,0.005089608804239731,0.0005155744428293118,0.0002276463745335566,-0.0013318683827332057
58,1,-0.012917281193568702,-0.004026152229290305,0.019186921195332794,0.003035802629600858,0.0011632790151296117,-0.001703195730950954
58,2,0.06752658085140209,-0.004053972416682433,0.032026935075424784,0.004251977469460616,0.002088568708694142,-0.003009851267367487
58,3,-0.009374735663847774,-0.0041005323579236955,0.027509049493049845,0.004860430591163006,0.0020857928759581883,-0.0014997793096237868
58,4,-0.16747135558890747,-0.007336914217378299,0.022249107336402,0.006623939250003145,0.001962060126882515,0.001029122549800985
58,5,-0.22673263569233873,-0.009485556413622968,0.04047563167477363,0.002171744219107677,0.0018931115857079603,-0.0012548404070911365
58,6,-0.21511222896838633,-0.008181687780836014,0.09489724877613823,-0.0014782499057225207,0.0012945186377198363,-0.003942923190812351
58,7,-0.26826959211765156,-0.005687140715720693,0.09574765100387787,-0.008131857543729287,0.0006112101893253038,-0.0039435176722169216
58,8,-0.37297647630559827,-0.005171350523733017,0.06301396837644625,-0.004221412265577923,0.0009486150902934385,-0.006736448237420422
58,9,-0.13850756726990582,-0.005748586875922384,0.002067909552947408,-0.0017690704643135088,0.00023211831457758725,-0.005936590418466043
58,10,-0.23752776824919802,-0.009689806871796587,-0.036829287043740194,0.002403726146041777,0.0007792257372994764,-0.0031807526391806245
59,0,-0.016707902520904323,-0.0017978815592883841,-0.01766836528845497,-0.006280486495612088,-0.00022675398042414343,0.0035802106285604944
59,1,-0.009386615086059702,-0.0008614713716755058,-0.022389897960837506,-0.0075356754001385425,-0.0003507990943853883,0.001077547164513646
59,2,-0.020617136921298317,0.00010810529556826718,-0.00971369000960972,-0.005157469607441784,-0.00019667920145365796,0.0039462100609799124
59,3,-0.015754929519298175,0.0002731171487494039,-0.005134296818913758,-0.005052448600378993,-0.00023375951733951188,0.004765133329517314
59,4,-0.04068445165211067,-0.0003432121896828999,-0.011781341115982303,-0.005523086672280455,-0.0005273505970783847,1.824890242668525e-05
59,5,-0.04759747327942794,-0.001165753979869667,-0.00853240435485657,-0.009609063927921923,-0.0010984705652700398,-0.00019072977448923657
59,6,-0.0732947391488584,-0.003447064021522814,-0.0009150917828039742,-0.003357993203804921,-0.0013568031991880638,-8.114322654705097e-05
59,7,-0.062430674440851236,-0.004603184077642793,-0.003342356916035835,-0.006188864944358087,-0.0015380330200117963,0.0023424336667145777
59,8,-0.05803419801858889,-0.005243816778850117,-0.015966512689400643,-0.008505381394011524,-0.0017161911620406614,0.0004959259394472777
59,9,-0.006379826261680141,-0.006232601346623884,-0.005209861018046391,-0.009607383908962909,-0.0016006956712505127,-0.0007640594733607439
59,10,-0.022453152516779144,-0.008163176803861586,-0.005202954344491794,-0.008844515969674623,-0.0012971860756653235,-0.0026429994302096245
60,0,-0.03435687336133372,-0.0015309178613364843,-0.00896254383528777,-0.002734683699154688,-0.00032112119452244346,0.00040325749881569466
60,1,-0.018721566075479,-0.003300558477953106,-0.0030729913982366058,-0.0019407078270927425,2.993462015121171e-05,0.0009185675802168458
60,2,0.011289121374307083,-0.0020025878247199327,0.01518998870110098,-0.0012019708568057836,0.0004150446062881421,6.492363927501242e-05
60,3,-0.02919489855907397,-0.001600503911889396,0.019234639277822846,2.6007723571406984e-05,0.0006019945744491881,-0.0013184676518409864
60,4,-0.13306179302636867,-0.0037169575144245,0.014438503810285898,0.002183255610909245,0.0003271431231297153,-0.0012288435910098147
60,5,-0.16511953046116054,-0.005520375019052067,0.01938125003762143,0.001387609185441977,0.00032244032873606025,-0.003645706099415737
60,6,-0.1949935271824204,-0.004971290021408814,0.04447355198239013,0.0035812226128823796,0.0003875514208621361,-0.0029602908552294506
60,7,-0.20125299994590712,-0.003109234043963993,0.04057794542033706,0.0033299077837754135,0.0003653571868086037,-0.0028720149230079223
60,8,-0.17191678359907847,-0.003573053392858017,0.02890772049647576,0.003517283106630976,0.0003871468062350386,-0.004485695307697422
60,9,-0.05340318508168174,-0.005595967063783984,0.028784152246756806,0.007210251140657091,0.00032196293860648726,-0.009413502321845544
60,10,-0.07812405772504943,-0.007702114456037987,0.017100524184158306,0.0040334623995467766,0.0005085266624080764,-0.009078267723365225
61,0,-0.013778805122864023,-0.0012012864241062841,-0.004514914401458569,-0.0024088305117348882,0.00017494522193585655,0.004079734466062994
61,1,-0.035083336687696504,-0.002496825311947906,-0.002749347921729205,0.0006285400391898574,0.0006940568777672117,0.0050003039026584465
61,2,-0.034848496193737415,-0.0010671838751133327,0.01674062445215368,0.0014924831446128165,0.001137213256533642,0.003792803512828712
61,3,-0.06912883434772807,-0.0013016897513759961,0.012291659265913043,0.0001548349359388071,0.0011243180297057882,0.0013277891696941136
61,4,-0.16672533593600636,-0.0033436719975837997,-0.0015345562899164015,0.002655098238836945,0.0011587228759281152,0.0032494880669025855
61,5,-0.20332557554241404,-0.004854168760323067,0.00769452693792313,-0.00013198456483112277,0.0010361488323201602,0.004733191883183363
61,6,-0.2228225867998721,-0.003984826731833913,0.04280993473737002,1.9728673557179214e-05,0.000555206279455836,0.00469717816949815
61,7,-0.2378493582386697,-0.002486763770027993,0.03867261665586537,-0.002015501400263987,0.0002858207124432037,0.006288208853434079
61,8,-0.23599141349185238,-0.003619356800297117,0.002847430786516058,-0.0014540796886002235,0.0001417962967756386,0.002956730643972778
61,9,-0.11233772190311954,-0.006638688816876984,-0.023664250203799992,0.002314836242646291,-0.00015872182292641276,-8.017880481194384e-05
61,10,-0.16727583110045247,-0.008148513583244688,-0.03421427151380309,0.0020313411673899768,-0.00038924583244765365,-0.0009477110288782245
62,0,-0.03511471597986182,-0.0020499036884923843,-0.01063867558692537,-0.005550353580966288,-5.945012420234343e-05,0.0033718869499871945
62,1,-0.03605158594370521,-0.004264261434935306,-0.013358385291137604,-0.0045205342418191425,0.0002686114924693117,0.0029489871073150463
62,2,-0.03800781898312452,-0.0034588463350668326,0.0016914778611022818,-0.0027103572769201834,0.000757982431902742,0.0029610217532402127
62,3,-0.05688804793888337,-0.002957920894974696,0.013611531575872244,-0.001318669563500293,0.001075005964997088,0.0008123701325446135
62,4,-0.15843862386591134,-0.0047920468364487994,0.006360954114404399,0.001706541348521045,0.0012246583935325152,8.733799661328522e-05
62,5,-0.17292321149420273,-0.0065539425028968675,0.01589634151277873,-0.0026784447400391227,0.0008260890356837602,-0.0005500249021076369
62,6,-0.188845151652828,-0.006151529573436214,0.04610538809953532,-0.002651407676884921,0.0002924376787684361,-0.002088747884964651
62,7,-0.18622890409577975,-0.005691250228986293,0.04621106781506977,-0.004859262716582687,3.0156578735003673e-05,-0.0017466434593056226
62,8,-0.14602526628616208,-0.007632412662318117,0.01227781430106896,-0.004556447113580523,-0.00014021683911386143,-0.004863044904934422
62,9,-0.05127532471141294,-0.008864507574058583,-0.013281369282248493,0.000551599038556991,-0.0005055839467068128,-0.007407301270193244
62,10,-0.11871850694618714,-0.010303406572518287,-0.024871038389289994,0.001447065980676077,-0.0006774078706349236,-0.007344535043704125
63,0,-0.041096812807689426,-0.0013993346300497842,-0.008590911805551169,-0.003487456840933788,-0.00040252721359824344,0.00040086263600669445
63,1,-0.0163161633005978,-0.002971916163449406,0.002498254079080095,-0.0034083280569419424,-2.0796743112388283e-05,0.0013198702476203462
63,2,-0.0007491907124128165,-0.0025768337638291325,0.015935775186658382,-0.004466290598552384,0.0002178564550282421,0.0007722811247246127
63,3,-0.030697628538358772,-0.001967906433472796,0.019274120296657246,-0.005084791658999993,0.00012675034835938812,-0.0003176537491562867
63,4,-0.11062527615684196,-0.0039377912563054,0.009443847572046497,-0.004286510442158255,-0.00015007835766288466,0.00015005077516758517
63,5,-0.12059427749018053,-0.006355031256313067,0.013297629877612231,-0.005121883695783322,-0.0003177840225424397,-0.0006734803014634369
63,6,-0.1554077620779632,-0.006517198899740414,0.017145773900528224,-0.004247640981513621,-0.0004999454254698639,0.0009889069341970493
63,7,-0.14223393812684643,-0.004195005361095693,0.007282597007210966,-0.004389924535398287,-0.0004444954403428964,-0.0005837600196842226
63,8,-0.08885120687235129,-0.004118900540775217,0.0031534285997299578,-0.0026815887481936238,-0.0004237417227208614,-0.003653709742005222
63,9,0.012812932148448156,-0.005784251145787984,0.01108594522665041,-0.00044215206165490895,-0.00039701660261311277,-0.007526076175623245
63,10,0.014919123802182258,-0.007204179734523387,0.003251420594923206,-0.002225588268695123,-0.0002157902142799236,-0.007613850670821725
64,0,-0.010749257085166922,-0.0018220927695121842,-0.010707331061974868,-0.005293710961501388,-0.0004992970879185434,0.0025116494016611947
64,1,-0.025131088660872002,-0.002740356982312606,-0.014301358505817905,-0.005591383117520542,-0.0005319853124494883,-0.0005154555759975536
64,2,-0.031567480913863216,-0.0012844503431068328,0.006807664011556882,-0.0019936378236987836,-5.779021471605792e-05,-0.0011256210066889877
64,3,-0.07335877723711126,-0.0002076408040553961,0.01698356001418734,-0.001674817238098993,0.0003496029469432881,-0.003158571654870486
64,4,-0.14768781906405049,-0.0013998277845457996,0.011699139229357598,0.0009284796673065447,0.0002909463552749153,-0.006020345019396915
64,5,-0.13726205221783044,-0.0030524403510181672,0.016262965404943333,0.0007152943472134772,-4.3964555116939735e-05,-0.006935301774996237
64,6,-0.153037527736752,-0.004078681212092913,0.029075680286025325,0.005398672600033679,-0.000510989293423864,-0.006761219176841752
64,7,-0.14936500408965114,-0.004701168431636192,0.019751387293905465,0.008818817487048214,-0.00037593443957859636,-0.003689034351474722
64,8,-0.05624713288996939,-0.006923464603490117,5.7782455224258174e-05,0.005815264055920276,-0.0006697864651887614,-0.0050780078306983225
64,9,0.053879783936024564,-0.009127786072854385,-0.0005984035865239917,0.007581659843710491,-0.0005507511962376127,-0.008478905933584644
64,10,0.07220667501854477,-0.009813694552975887,-0.006636809621370395,0.005837839810438477,-0.0003488317588062236,-0.010424090346773723
65,0,-0.016803424556033925,-0.002030499753258184,-0.006118549346750469,-0.005137787079289288,-0.0004373238111556434,0.004831393311259795
65,1,-0.0146992405884383,-0.002618822386875806,-0.009657951686460504,-0.004321894142740142,-0.0005384899691621883,0.001235477972109546
65,2,-0.06245576340368771,-0.0015809209276796327,0.0036787688837801825,-0.0007713231336996835,-0.00021669118102955786,0.0011607952965248126
65,3,-0.11237641813481627,-0.0012173259766690959,0.0052014876811464425,-0.0008670829578193931,-0.0001882103681226119,0.00044590145822371316
65,4,-0.15423808629233704,-0.0023836038978224997,-0.004792705268103601,-5.708686523945531e-05,-0.00042688672833718474,-0.0014938254293412148
65,5,-0.16686042826296663,-0.004114755757131867,-0.007551954350552569,-0.0008131143519390228,-0.0007735418414817397,-0.0013571928916289366
65,6,-0.1909981150650723,-0.005501888433443714,0.003273827351812024,-3.321895047902069e-05,-0.0013238569077210639,-0.002293928381154951
65,7,-0.18138676543912152,-0.006065847417276193,-0.0003922867689361356,0.002467863128456313,-0.0012534499940992962,-0.0004580974126335226
65,8,-0.12193835104191869,-0.007602507323334717,-0.01752026779302124,0.0006854567286601763,-0.0013043744228700615,-8.726373689672221e-05
65,9,-0.043294909321893144,-0.008863929206483384,-0.012450411708185592,0.001353124121060891,-0.0010853649426338127,-0.001999040666591444
65,10,-0.08915000142324134,-0.008678298230181987,-0.018310426579515295,-0.002261163277285423,-0.0011921014585296237,-0.0038637635163256243
66,0,-0.04105417067516412,-0.0018079276750501841,-0.007134790286023469,-0.0024915129905414882,-0.00013615337155584343,0.0004273037416468945
66,1,-0.0238985702013998,-0.003858786193497306,-0.0015292967721291057,-0.00043561415489584265,0.00022621556510671168,-0.00020105095263905394
66,2,0.00034780679186878494,-0.0033103960695349327,0.014437123310624984,-6.425171962358357e-05,0.0006614240933604421,-0.001320014391686487
66,3,-0.05544093073591827,-0.0030671651832600956,0.01593508085407344,0.0007448487291449072,0.0008356159592806881,-0.0031874408397424866
66,4,-0.17025966402060944,-0.0054163851279413,0.010096596573686098,0.0034849003035518442,0.0008766903766589153,-0.002535218228961615
66,5,-0.21379761476571574,-0.007791487231556167,0.01988249978389773,-0.0013425564237851228,0.0007746635522793602,-0.0033417757630183364
66,6,-0.23428877054770553,-0.006508237885161014,0.054771206727676824,-0.0021527521450096206,0.0004812741022685361,-0.0036575270052410513
66,7,-0.2521509516188155,-0.004025933230201593,0.05496927933318256,-0.003808058427862287,0.00031777617996570366,-0.003880186489250322
66,8,-0.2238480033570171,-0.005157376001089117,0.028780003055478155,-0.003192305994184624,0.00021806225892343856,-0.007790863180582122
66,9,-0.05004213685761365,-0.007857252491178584,0.0032377201915747087,0.000563208204012091,-0.00040506216764551274,-0.012257311545482144
66,10,-0.12483143241491175,-0.009281229561026188,-0.008979797249328294,-0.0007938422345389231,-0.0002087041450416236,-0.011552462593799424
67,0,-0.024091180772724822,-0.0008256908227190842,-0.006714129963418369,-0.0018317540831857878,0.00014512371845205657,0.0036732983179776947
67,1,-0.0350761507751126,-0.001894216067169606,-0.0003222468249578052,-0.0004525008320697423,0.0007622260832120118,0.004461138804397346
67,2,-0.029125110991649113,-7.360812663633268e-05,0.017184106822300982,0.00021068296353281648,0.001177047527870642,0.003331394445007412
67,3,-0.04097146142459347,0.0005050815555145041,0.022156503946488444,-0.002010358564211393,0.001224749065987388,0.0025254690333518133
67,4,-0.12279157823619335,-0.0018147958500518997,0.0163390955366354,-0.0006643198689600552,0.0011819444738453153,0.0034350205274428854
67,5,-0.13692725401343264,-0.0030234307684349673,0.031053894413224835,-0.003582220435897923,0.0009952183351345603,0.0032915587241989634
67,6,-0.1584721576505651,-0.002694323467950614,0.062042674002794826,-0.0013302692939501208,0.000744178079250736,0.002876219850545549
67,7,-0.15290321189217443,-0.001759353974759693,0.05772026935410776,-0.004611577913377787,0.0005014778139474037,0.004198448959229877
67,8,-0.11346180254742179,-0.002853896521431417,0.03588103609004186,-0.004395775018445624,0.0005285155646753386,0.0028886626416042777
67,9,-0.01767358888097584,-0.005040526244663584,0.02622458027407651,-0.001443964005756309,0.0003412675856593873,-0.0004918724031597438
67,10,-0.05700926083846224,-0.0077064168386781874,0.0034899749288062054,-0.004170254601977823,0.00020081991366437642,-0.0014659612287326244
68,0,-0.030735088383663223,-0.0007980555881698842,-0.006225069621466169,-0.0035065749347019883,1.3583697740565583e-06,0.0016596629214606945
68,1,-0.018442080083845902,-0.001770399139182406,0.0005831422317725942,-0.0035948041743143425,0.0007576709135342117,0.0037720707677904464
68,2,0.032252320002560585,-0.0003725812870147328,0.015559082529588781,-0.004121836458189084,0.001202513984957742,0.0030876614514023125
68,3,0.03243668678077472,-0.000860049938125496,0.013849837566171043,-0.005035282029831794,0.0009809230600366882,0.005536270835802213
68,4,-0.04457354140313236,-0.0037171230233049996,0.004384007297486599,-0.0038636295064389554,0.0009628545910087153,0.007412708407403586
68,5,-0.07591249739973624,-0.005451672914099367,0.01525949062068963,-0.008454054460785522,0.0007387599288156602,0.005519224297827164
68,6,-0.083192815158367,-0.005044467194118714,0.05475779922058942,-0.005098585605762121,0.000808449878218036,0.005912817297686949
68,7,-0.11087860369662773,-0.003442743128205293,0.05418561975852827,-0.008601469427475287,0.0005474847273257038,0.007624501027299977
68,8,-0.1285911058716997,-0.002764239443622517,0.03378260650802046,-0.006381873354783624,0.0005554837877719386,0.006267858281937978
68,9,-0.05259455609916085,-0.003277460010881684,0.012611097214291607,-0.0011710771857315087,0.0003005209560135872,0.004077035454541855
68,10,-0.08155927808777085,-0.006722162135598387,-0.008373693731677694,-0.0030343254142622227,0.00019025478633747639,0.005575977933866974
69,0,-0.016384605215702522,-0.0014238433099015842,-0.0026828217335066688,-0.005520470648404888,-0.00041699421580194344,0.004162205219128995
69,1,-0.013665980984013601,-0.001788272295418206,-0.0018847274552515059,-0.005397686814249143,-0.0004823794357236883,0.0018521108955690461
69,2,-0.03767234538604892,-0.0011379725292384327,0.014695780091599081,-0.0027852729261724834,-0.00024705210662325796,0.0015795989471836126
69,3,-0.07977309380993966,-0.0008972296382339961,0.013169140358129643,-0.003949665423579493,-0.00016721556692011184,0.0015151506087566135
69,4,-0.11893911169613046,-0.0023289650594556,0.0022774996708156987,-0.0020050047672900556,-0.0004284521300293847,0.0004060260724660853
69,5,-0.12264894445693234,-0.004839092964593267,0.003978783175742229,-0.0024254265048686227,-0.0007393906245362397,0.0015897610378415635
69,6,-0.1299409199273529,-0.005945358474207814,0.015539598109395623,0.0008764041620762794,-0.0011996753517465638,0.0026617433730795493
69,7,-0.10588845832300993,-0.005908745545868093,0.010074442274987366,-0.00013830089345148668,-0.0014864150013117962,0.004314847465310677
69,8,-0.053441160264564185,-0.007650992245120917,-0.0005409737886875416,-0.0007819664242055234,-0.0016392412773025616,0.0038501462009168782
69,9,0.026363579621439162,-0.009656405244460785,0.005926738522172308,0.001274963239434191,-0.0014406274046163128,0.001190021826191056
69,10,-0.015260688910796245,-0.009810767283100787,0.005106534774420607,-0.0015253923919850228,-0.0013138278233966235,-0.0012479087003208246
70,0,-0.007614568373619322,-0.002241537662782684,-0.013910476192699868,-0.007924007372729587,-0.0005926925514894434,0.0039324369750702946
70,1,-0.0381503321827628,-0.003538972527625106,-0.024483926349950003,-0.008993004350114242,-0.0005923386553984883,0.005455614699579446
70,2,-0.019796574949714017,-0.0012293164704437328,-0.006310333624629318,-0.006900401339290984,-0.00010127951737525789,0.007403870002760913
70,3,0.010053638767135324,0.00031034619346630393,0.009840544946763242,-0.0058059338514261935,0.0006521279084133881,0.007488102231270614
70,4,-0.08852675116094896,-0.0011156249275949995,0.0063861359548695994,-0.0030671956626134554,0.0008881781122206153,0.006084048120994885
70,5,-0.08490593194308974,-0.0016133117693464673,0.016819948938028732,-0.007560878032216523,0.00038420137758546027,0.004389474664432564
70,6,-0.1108493396728446,-0.0013834862192948138,0.042108736951256026,-0.00792571257771482,-0.0001807295583382639,0.003929978645954249
70,7,-0.10206090652132793,-0.002103595366936193,0.03685664162107037,-0.008196010827579488,8.904767086890367e-05,0.007582890956387877
70,8,-0.04620376809296188,-0.003657676794628917,0.012987075982656558,-0.008557788416194523,0.00014938411040213862,0.0072974196671730775
70,9,-0.010212465405064843,-0.003962997359474784,0.015617005149619407,-0.005011725262723308,0.00027961003037988726,0.0073351450289369565
70,10,-0.07109355294000314,-0.005701431571484987,0.0026416314354571063,0.000303771324833077,0.0004618213239952764,0.0064190601830665765
71,0,-0.007203822758072423,-0.0020392534470697844,-0.01639310399922907,-0.007311653875770388,-0.0007102709102318434,0.0008554790538739944
71,1,0.009378672289097799,-0.0019754946077934063,-0.019654467462325506,-0.009024732759349242,-0.0011855780525168883,2.6268362585146234e-05
71,2,0.027250479337455884,-0.0011203442506006328,-0.0016310007413240183,-0.005610488046082184,-0.0011187814497197579,0.0019656260549516125
71,3,0.013189157356602622,-0.000958359344202296,-0.0010939211534859578,-0.0022511740362602933,-0.0008956595127473119,0.0006883771662328131
71,4,-0.029163739389134066,-0.0022198003654996996,-0.014563161137316302,0.0010881031979163448,-0.0008985152306960846,-0.002345001031027815
71,5,-0.06864910693364414,-0.0041068602080786675,-0.01477214091495417,0.0014565062880806771,-0.0010553956747512397,-0.0019153862223397367
71,6,-0.0999325435310822,-0.004864155947151414,-0.009331125819671375,0.0061832060566795796,-0.0011946241324297638,0.0007926745451604493
71,7,-0.10362676889472953,-0.003501986121128293,-0.011723611926095032,0.0009718413290096134,-0.0016207090303494963,0.0013329449268148774
71,8,-0.0775739761244568,-0.003615620096064717,-0.005015264814675641,-0.0009862405207901235,-0.0019738980742592615,-0.001412021913181422
71,9,-0.0003299095117427417,-0.005454614606857883,0.01394082739849761,-0.0013405300828357091,-0.0016602542373953127,-0.005627278678228143
71,10,0.009316002843998958,-0.0064764667290053875,0.019296260624803902,0.0006575708147401769,-0.0009746118211742236,-0.006733892483657824
72,0,-0.014195266905617222,-0.0011282778627809843,0.003784995379122731,0.0001885370316044117,0.00038547348865405656,0.006820292153622295
72,1,-0.0077897936861187015,-0.000969887485316306,0.0058648733512757945,0.0017897940655845577,0.0008255520840867118,0.0054683205702209465
72,2,-0.021456722060839317,-0.0005282997111125328,0.022563845469948583,0.0028820774036322164,0.001104562510939342,0.005555698119053612
72,3,-0.06487470533242128,-0.0018051796881944958,0.008486445778132843,0.000589600142496507,0.0007906084529930881,0.007138358421916513
72,4,-0.12924703074948496,-0.0035975326428789997,-0.007513558278192701,0.0014723753775339448,0.0007535793297678154,0.007286129898354085
72,5,-0.15910604429291544,-0.005345854741903767,-0.01011912467674817,-0.002443593962765223,0.0005566603123615603,0.007542629627869963
72,6,-0.1699588262145192,-0.006415756544928614,0.027978394950974025,-0.0012145547465971208,4.184251748633606e-05,0.003739754338879149
72,7,-0.16594257059572132,-0.007032876591714493,0.027608686969610267,-0.0024179831591274866,-0.00016646800976629633,0.0032607463093863778
72,8,-0.1604772373628391,-0.008674208977611716,-0.011032180362876641,-0.0008678603438609235,2.9587002104385757e-06,0.002706205055842478
72,9,-0.10948472428996464,-0.010192195865382083,-0.035154831864931596,0.002689452405583791,6.618118061238725e-05,0.0025362624184429557
72,10,-0.17308955847770963,-0.011990448935338188,-0.04476146486398759,0.001123176138512077,-0.0003904408802010236,0.0005213284911018755
73,0,-0.023099839872878024,-0.0010137692283041842,-0.0033354614982292682,-0.002195136772077588,3.302192015156545e-06,0.004265175804889495
73,1,-0.0213332220530454,-0.002462860472135806,0.002153265587309895,-0.0023535715355581426,0.0003603439334097117,0.0036056279066930463
73,2,-0.023457622521445617,-0.0010962417387887329,0.02186675764588208,-0.0019564281650789835,0.0006918109228008422,0.0027046264039094123
73,3,-0.056818902284467676,-0.000662432898572296,0.025293689920999646,-0.004102924216913893,0.000625536761674688,0.0019571447703597136
73,4,-0.13296211478613676,-0.0028409886705924995,0.011602766638941798,-0.0017380117186066555,0.0004843817822596153,0.003118679214868985
73,5,-0.14013859039927754,-0.005321121985809667,0.018189787387385428,-0.001996202796028023,0.00036204936385096024,0.0037250219418556636
73,6,-0.1556733578082951,-0.005706647632400414,0.03442961425340482,0.0011946557608987793,0.00015340815514643607,0.0054660655589380495
73,7,-0.15213673249230275,-0.004584698999947393,0.030126504797328365,0.0005431235459196133,-6.458595638619632e-05,0.006492132706852678
73,8,-0.09633845952992709,-0.006243783793645717,0.014757755947210759,-0.0010453358558109235,-0.00020281540340746142,0.005107339658318978
73,9,-0.0021010487497129388,-0.009134661243151184,0.014316288682188108,0.000918880459438291,-0.00029138690992601277,0.0011325623563901563
73,10,-0.025495845293163844,-0.009862733367541386,0.006446868233470206,-0.004447154919436023,-0.0004037578396073236,-0.0004973750366831244
74,0,-0.018629611008523422,-0.0013422874481412842,-0.002753350975010069,-0.001768281986065988,0.0002944490725123566,0.005434757197919494
74,1,-0.024201373140295603,-0.002380601821190806,0.0008756586496773949,-0.0002560293976103423,0.0009393659863167117,0.006008843658965746
74,2,-0.034102526668362616,-0.0018608511516221326,0.015070658259503683,-0.0001049743490136837,0.0012943616519985421,0.005746659581959813
74,3,-0.05400608919552677,-0.0030480586663098955,0.014951086987640342,-0.001450040163258393,0.0011657567035282881,0.005837788391615414
74,4,-0.13731659427231435,-0.0057215859354596,-0.0014058320441548014,0.0010858391872831446,0.0014532507771384154,0.008695951603101687
74,5,-0.17244836423003615,-0.008253373889474766,0.00054184532472213,-0.002209020816757723,0.0014134386511497603,0.009035596195309763
74,6,-0.1780771533978398,-0.007968760163054414,0.04173374123219192,-0.0026500948140805204,0.000791821742090236,0.006702253184608948
74,7,-0.18706917837799902,-0.0068519509194479924,0.04373331786550076,-0.006738303440172587,0.0004378005482948037,0.0061690606644474785
74,8,-0.17491069771634798,-0.008439674905702816,0.0005534817364281582,-0.005081984981604224,0.00043804308024653863,0.004000998473835078
74,9,-0.09656302510560874,-0.010392344160202384,-0.03879510840874609,0.000768029157644591,-9.051667370311273e-05,6.807145123015595e-05
74,10,-0.16268606962205484,-0.012705426341506787,-0.05054044450729689,-0.002147012390265623,-0.0007304399840811236,-0.0019719770010166245
75,0,-0.0076969752209208216,-0.0012570618226648842,-0.012229236902159669,-0.005650350813121788,-0.0003146549505647434,0.0030255484132489944
75,1,0.0023607868271475,-0.000650041627907606,-0.011662681418255105,-0.007812904830625942,-0.0004250826840261883,-0.001801456859468854
75,2,-0.019881812721979517,0.0008376131540744672,0.008127546751332083,-0.005155681096811384,3.280339065304212e-05,-0.0011452195028300873
75,3,-0.05291337577716147,0.001254062426281504,0.015659192670759346,-0.006059807840209593,0.0002827196327843881,-0.0017782200404877868
75,4,-0.09585280462324366,0.00032466626932510035,0.013768598078314898,-0.006664446259563755,4.27534384430453e-05,-0.005336486302566715
75,5,-0.09743085121534294,-0.0018758535932504672,0.01772053928012473,-0.010087795972522023,-0.0005842490669702398,-0.006209370502418536
75,6,-0.1207713883226125,-0.004368703577874514,0.020893062612106824,-0.0066720000857542205,-0.0012365285169464637,-0.007393897678881451
75,7,-0.10948028488000813,-0.006001879234214993,0.012091773290093666,-0.007089871233137188,-0.0013650278742186963,-0.005122857355788322
75,8,-0.08567367655818449,-0.008423778653941717,-0.005444431009562541,-0.008459495088181723,-0.0013919169263260614,-0.003745170714127722
75,9,-0.03704771278062634,-0.009882048485452082,0.00017019768258710877,-0.01021988161284421,-0.0014248892732589128,-0.005511841368266844
75,10,-0.05958832583166914,-0.010752404689532587,-0.005769785204882994,-0.01127893679599292,-0.0013136858883814235,-0.007426594232114524
76,0,-0.013763488131486722,-0.0011480279010808842,-0.0051791304917920685,-0.002288438466521288,0.00014642112965415654,0.005806243759712995
76,1,-0.006921182196380602,-0.0019444820350962059,-0.005852000049693805,0.0006714014470030573,0.0008249363740142118,0.008975204132164046
76,2,-0.015688925863191417,-0.0020004684771313327,0.0061421898375914824,0.003559007333221816,0.0010521990701917421,0.008484999977831012
76,3,-0.039898574599870174,-0.002811992934252096,0.005418257886060043,0.004084076616628707,0.001080707211310188,0.009384435071964714
76,4,-0.10087396027232776,-0.0052412631954402,-0.011146124453199702,0.007736957418105345,0.0014286706725804153,0.011649238368261785
76,5,-0.13597159840289175,-0.006987831134752267,-0.00898828162586067,0.006032051947160878,0.0014428274337143603,0.012739650578901264
76,6,-0.1703800398678203,-0.007121708407734014,0.016160207032808623,0.01183593465174258,0.0016145335677788361,0.014389837195718048
76,7,-0.17696647999348242,-0.006290800002588593,0.013505637584273266,0.008070063471142015,0.0013377707596649037,0.01457525107343098
76,8,-0.14874924171167858,-0.007020446101066617,-0.0032462257782465416,0.005760704986375476,0.0011136583290324385,0.012191131947535577
76,9,-0.07290212078794564,-0.008719178970481484,-0.006611672292255191,0.01179387022241049,0.0013751670096032872,0.012410728993811756
76,10,-0.11723148412666234,-0.011907880657118387,-0.017000409393985193,0.009795714872231777,0.0011880248765556763,0.012187421868923777
77,0,-0.011937465799316122,-0.0026920704508972843,-0.009748497943692468,-0.005052573838990588,-0.00018709764236234344,0.0031613586922600947
77,1,-0.0004188927344752,-0.004141947307826406,-0.010801159146997107,-0.0026800683381033425,7.982568979481171e-05,0.0019617604780066463
77,2,-0.011130383455596816,-0.0033990426512160326,0.0018516500726270821,2.4257870284516295e-05,0.0005494187744964421,0.0014448222102909124
77,3,-0.04548000021632287,-0.003929517616507396,-0.004025977395810258,0.0022941515650598066,0.0008219064170347881,0.0004308820748512134
77,4,-0.07724106435515415,-0.0059491466529423,-0.015982334203909203,0.0018970539783457448,0.0007067449110284153,-0.0011483886196837147
77,5,-0.10831265597560424,-0.007434970062678267,-0.01480354050541567,-0.0007808157433102229,0.00042538875705706023,-0.002168240421906637
77,6,-0.1391629966636336,-0.008138622815374513,0.015496553817063025,0.0019292489731740795,5.651997316253606e-05,-0.0038643793062408515
77,7,-0.14104239426066195,-0.0075681171490494924,0.011344821646909566,-0.0003521306106825867,-0.00018755899619029635,-0.004452690917213321
77,8,-0.1144065843362057,-0.007630596972551217,-0.004324998722110042,-0.002934607668057524,-0.0005242321181809615,-0.006742312455241522
77,9,-0.04419952194123704,-0.008512325203620583,-0.01860994751598369,0.000388889566849991,-0.0007776823900006128,-0.006993947034715545
77,10,-0.11418828934473195,-0.009875077697710488,-0.025043381029741393,0.000580177479489577,-0.0009563097907731235,-0.005736208433186424
78,0,-0.019347489970676222,-0.0016862361866759842,-0.003793634654983169,-0.001799017661516588,8.738391092675657e-05,0.0038824417260554947
78,1,-0.03598122611630861,-0.004861657838193806,-0.0018312045478903055,0.0024512247180942578,0.0007884936989140118,0.005702468944061046
78,2,-0.009754917469414516,-0.003912642179795632,0.013957733892971782,0.002817289490187216,0.001394686658150642,0.0025792468330358125
78,3,0.0007233636525930259,-0.004856125961825996,0.01802891220131024,0.005802414885067306,0.001952896733894688,0.0011454257618595132
78,4,-0.12502974421862184,-0.008585042475853798,0.0022537391866613984,0.008231142935529746,0.0021997819904879153,0.005123199486541085
78,5,-0.15912514003701053,-0.010543185084875069,0.012619108682597531,0.003975266819058578,0.0022892989349337606,0.004514511145056363
78,6,-0.1613933783280112,-0.009911191982937714,0.06704699695658033,0.0009112829015722793,0.0018039752418025363,0.0025294802776045493
78,7,-0.19423725121789415,-0.008017683844158192,0.06783409128481827,-0.003167718500569687,0.0013756910861120037,0.0030686104675309777
78,8,-0.21840313104669368,-0.009362073735259217,0.01755245071024456,-0.0010612030293191234,0.0017193011554931382,0.0009608200663891776
78,9,-0.10206838515766094,-0.009957982520379983,-0.019577951504000993,0.006784986287640292,0.0015978023439916873,-0.00022775336941254398
78,10,-0.16268031196981375,-0.012539120495913988,-0.0467144160273269,0.0049209695660065765,0.0013910713517437763,0.0008030060191096754
79,0,-0.012905262533571321,-0.002694488527403084,-0.017364891555317268,-0.008419333836161988,-0.0007274153340426434,0.0020695797680036947
79,1,-0.020611511629401103,-0.005169411468550706,-0.019899557273310303,-0.007895878831868142,-0.0007290825974926883,0.002873374665658046
79,2,0.009270685684782084,-0.0031170277575744325,-0.003318663626410418,-0.0027094464519812835,-0.0001008343438118579,0.0016411784206088126
79,3,-0.021453886250194173,-0.0014555249742479962,0.011199181525514143,0.001161096348142907,0.000700237416840788,-0.0010244468222440867
79,4,-0.13788889950401645,-0.0036844608006286997,0.003909433383441199,0.004150602793609844,0.0007382922928217153,-9.473195323231494e-05
79,5,-0.14520290247308473,-0.005253621779075368,0.01257807563390443,0.004588063131178077,0.0006408876849256603,-0.0017469092226944367
79,6,-0.18668277256634508,-0.004582911309797914,0.04079912821576323,0.007140793834758579,0.0003884017234293361,-0.0011161148816888507
79,7,-0.1783747120693494,-0.003394935346705793,0.036900572242277566,0.009756744632089814,0.0005071650396730037,-0.00015960949171342238
79,8,-0.10478001046408329,-0.004793234003573517,0.017120478424379557,0.009764775310578377,0.0003966071579982386,-0.002457939998294122
79,9,0.006492470920423557,-0.007301822273712984,0.012971873626907507,0.014584546665589091,0.00021775510924988722,-0.006144414640034445
79,10,-0.039078140134730044,-0.009159478893527787,-0.003499402147073793,0.017510567459991976,0.0005473734649197764,-0.006802126084195625
80,0,0.003998711426049677,-0.0021411517792411846,-0.00792117937468757,-0.004704211253970988,-0.00010226176503544344,0.005034802060419694
80,1,-0.005270426588868202,-0.003062195738671306,-0.014048047812090906,-0.005047253997597643,4.541616922896171e-05,0.005136628121427746
80,2,0.002470532525490685,-0.001996241804088033,0.0021878891314840825,-0.0006400535740168835,0.0003476276357481421,0.005350023748404313
80,3,-0.03168757434964367,-0.002231814236555796,0.0006385381355207432,-0.002557867852763093,0.00023360384852568811,0.003409399283118813
80,4,-0.10202871047672436,-0.0049568417640376,-0.017707534105096998,0.0002540827841587447,0.0005089101727213153,0.002640105539390185
80,5,-0.11697731736814433,-0.006568871549177067,-0.02106811264034037,-0.004554263743426422,0.00017825033278366024,0.002651239685252263
80,6,-0.12119551292338411,-0.007268737055038014,0.009122483971967327,-0.00026504822961762064,-8.204387602196394e-05,0.0010594023423293492
80,7,-0.10976115837488154,-0.008221762854578193,0.006315403839430165,0.0001487286899169132,5.8701106015553655e-05,0.0029151789761045774
80,8,-0.06295310836541039,-0.011443916934103616,-0.02558177020614754,-0.0024194313641003233,-9.522727407061432e-06,0.0030161176308144784
80,9,-0.025590867435559942,-0.013545215236117982,-0.038353430121241996,0.002472419962041091,3.534338155858726e-05,0.001003384201908656
80,10,-0.07164885534434284,-0.013252295102085787,-0.03902007069037419,0.0015857032166958771,-0.00014453245639012361,0.0018757778934031751
81,0,-0.01837149486136972,-0.0008198835924429842,0.0008484713071406306,-0.002294726718640088,0.00013641241265345658,0.006261229711290395
81,1,-0.0302970883598199,-0.001048907312421706,0.0005490882872819947,-0.0008381378184314425,0.0005036260461907117,0.005416162584762346
81,2,-0.058882745470115815,0.00024799533589716727,0.016236631813543383,0.0013759858342234164,0.0008367193467832422,0.004142161105999513
81,3,-0.10208312609347278,6.135051397030398e-05,0.008167342075744743,-0.0024149066388194926,0.0006295185986007881,0.0022847467353815133
81,4,-0.16601166074950274,-0.0021407719654685,-0.006874658324085601,-0.0011049673641951553,0.0005119725058815154,0.0036659955985340856
81,5,-0.18596884516100773,-0.004348333734684268,-0.007240999423107471,-0.002327685020364823,0.00024127497336116023,0.004624652322842563
81,6,-0.20043454533416133,-0.005325479349247714,0.023349710029127124,0.0007423877915341793,-0.00024728856877966396,0.004243459978132749
81,7,-0.18055911402412111,-0.0054739204167002925,0.019328723173905965,0.0002504023896525132,-0.0005735646844758964,0.004746586440441077
81,8,-0.12011048674135728,-0.007637067806072117,-0.01341128989138824,-0.0018745547878092235,-0.0007196914661179613,0.005411500621812578
81,9,-0.019185266932770843,-0.009905432646180184,-0.026831732055634893,0.0008697300325559911,-0.0009070908133853128,0.0039880796857125565
81,10,-0.06499027434694495,-0.009905539388250487,-0.029711876279409393,-0.005310011712039123,-0.0012412511046383237,0.0018296617875120757
82,0,-0.02696813507272332,-0.0022470839504989846,-0.014192807326328568,-0.007177518402875988,-0.0005744287490302434,0.0018640132986765946
82,1,-0.032937756106472704,-0.004273563064077106,-0.017432765792902802,-0.007542944491163642,-0.0006387560003516883,0.0006804468704588464
82,2,-0.030221905682060117,-0.0029413089616370327,-0.00020646981881591864,-0.005307935069583284,-0.0002493590304611579,0.0007780771362892124
82,3,-0.05832066654037968,-0.0014406210625277959,0.014252206498584342,-0.003097464811295793,0.00019341135513548807,-0.002297397974722087
82,4,-0.14429101484636886,-0.0030739250067236996,0.009388752291957098,0.0007696996947477448,0.00014111993611441536,-0.003568862555398215
82,5,-0.15681510044587724,-0.005248384534122667,0.008527491151613631,0.0026046720651213776,-3.174338064483974e-05,-0.004339748147474136
82,6,-0.18984758840550042,-0.005374540892390514,0.016584752886359425,0.0058206469419550795,-0.0003494570487290639,-0.002573941293086651
82,7,-0.18446888227014285,-0.0040965342842905934,0.009788362352049666,0.008088694351418313,-0.00026745696825509634,-0.0015429079419693225
82,8,-0.11000646161052709,-0.005291720278956517,-0.0035681379888666417,0.007629828548069876,-0.0003576649476738614,-0.003099954884018122
82,9,-0.00023659384994303978,-0.0078060578891335835,0.002663331996636908,0.00974933800038069,-0.00046923457427861274,-0.007175769264436345
82,10,-0.011700142781158544,-0.008741957629981988,-0.005291532468474094,0.010127573074104078,-0.0002292755500018236,-0.009191755553639325
83,0,-0.04224775779773672,-0.0014665659522047842,-0.004005060957552269,-0.002456752832106288,-0.00022067500631254343,0.0009302187331045948
83,1,-0.03489655860023411,-0.003865563087645006,0.0038212541619000954,0.00017686346470755735,0.00029904987089321173,0.0007900660097590463
83,2,0.0009709704841768842,-0.0024532573655737327,0.021166152016934583,0.0010186138815275164,0.000931829408274742,-0.0002909433982575876
83,3,-0.03928209299137957,-0.0013167936514890959,0.02808690114099914,0.001023706504475107,0.001206386189209888,0.0001624420603712133
83,4,-0.13965474437524586,-0.0036150242987431,0.0266151834624328,0.0031360134972577445,0.0010547001980390153,0.0013025524144886854
83,5,-0.14522231293014842,-0.004755943040583667,0.043319754372351534,0.000878066540785477,0.0008748162474856603,-0.0006054075752725367
83,6,-0.15582902838020912,-0.003389280021496714,0.08651596955467873,0.00048823854638647935,0.000566553541655336,-0.0017503655631239507
83,7,-0.16174617113332762,-0.001743307980697593,0.08538737032015715,0.002086971033251413,0.0005250702282652037,-0.0013189357932330225
83,8,-0.12843124472890538,-0.002516950805883217,0.061797520033160955,0.005808884026992576,0.0007417304778638386,-0.003360657003338322
83,9,0.03732732151314366,-0.005337149636698884,0.03906853637343351,0.01125746844951779,0.0004888478966744872,-0.006545961078845844
83,10,-0.021757910350633347,-0.007836765999370186,0.013384914606377505,0.012216892054440279,0.0006502861620225764,-0.007408213719602924
84,0,-0.014650790058282423,-0.0007531346264974842,0.0027101010508181304,-5.912656699838797e-05,0.0004085695373805565,0.007840047506818694
84,1,-0.011743821738406601,-0.000759840791356106,0.0014216422045052936,0.0023040619722265576,0.0009289572042919117,0.005820609904056446
84,2,-0.03940088327742591,-7.447780154363278e-05,0.01879593922734118,0.005179514396962316,0.001360625117833442,0.004032654669797013
84,3,-0.08640385222390029,-0.0007044329494002961,0.014863399750745644,0.003359247206855107,0.001282557269634988,0.004874511866757114
84,4,-0.14825340136431658,-0.0022222911927594,0.0030181966982622994,0.005291495119976845,0.0011804116127080155,0.005232711645398385
84,5,-0.16722276103708253,-0.0036737162646477673,0.00460167224564993,0.000743336032816577,0.0008488418028227602,0.005948662512604463
84,6,-0.186805227822402,-0.005345157086558214,0.038145760939384224,0.0024841837856940793,0.0004178348023435361,0.003159108552831749
84,7,-0.17482347269422693,-0.006679319675375393,0.03658455007295787,0.003494443203814813,0.0003911121107211037,0.004708378838768078
84,8,-0.15155980181562506,-0.008793653292859017,0.00023234932540885803,0.0035247819644980763,0.0004860317925288386,0.004616685713551978
84,9,-0.10210181598376854,-0.009837044888674783,-0.014424878683427091,0.010391046421443591,0.0007499632303514872,0.004849090894549655
84,10,-0.16334543770904142,-0.011208936873458687,-0.025343776519267194,0.005895371680096877,0.0003183119575005764,0.003553630300451875
85,0,-0.048689698968887724,-0.0010991437534968842,-0.010000596023601168,-0.0006865858155246881,0.00027668421386065653,0.0020594389752502944
85,1,-0.002484898131611301,-0.000756386139322506,0.008339207818203494,2.8366333270957427e-05,0.0010911591454575117,0.003582457065829346
85,2,0.018729054054960982,-0.0008045333169820327,0.01828046523609908,-0.0010955081342475836,0.001484403002960642,0.004830738626419712
85,3,0.015446427068351122,-0.0015490656371798962,0.01590004991484694,-0.001936701360718593,0.001348155364394488,0.007227766953232812
85,4,-0.039343205529354955,-0.0027041706469285998,0.010040825271263097,-7.941146391255533e-05,0.0015087134095641153,0.007812838753696684
85,5,-0.055094129373802245,-0.0040322021587410675,0.02132591387514833,-0.006684181422245023,0.0009085444206882602,0.006423905180559063
85,6,-0.0642589004616346,-0.003891119055664714,0.03365659852044242,-0.0025322529672636204,0.0009290619962301359,0.005371928973379748
85,7,-0.08788880638617144,-0.0021830608421691926,0.02816483740082267,-0.006489159142923287,0.0007981504692602037,0.004883673029047878
85,8,-0.11626495022686369,-0.0007015278449895171,0.011678487063155156,-0.006793728959546324,0.0006261988327058386,0.002807844199676178
85,9,-0.06486701900984494,-0.00017750172318788376,0.0011076606332360087,-0.0052757271047119084,0.0005148375894093872,0.003955441322656456
85,10,-0.10977611017098654,-0.004060193172914487,-0.023787354635256094,-0.005352901601869623,0.0004904889828696765,0.0071433752433514765
86,0,-0.0017072291085369218,-0.002357441003645584,-0.014860370756279568,-0.007064559213160588,-0.0006403360720879434,0.0006578405056324945
86,1,0.009477351987402696,-0.002477685821595006,-0.017085141604240607,-0.005192306564378243,-0.0007231158362998883,-0.0006492203235365537
86,2,0.026544259395492285,-0.0007419841835068328,0.0010301323645999817,-0.0005759169280633836,-0.00018722987134475787,0.0016204283225076123
86,3,-0.007898707247889075,-0.00044129537752139606,-0.00023213096046685762,0.0022516714613999072,0.0002948231478314881,0.0008587555313785133
86,4,-0.07378769085998006,-0.0021370361048844,-0.016912198731563098,0.005880299529272245,0.0005370196883391153,-0.003541334847851515
86,5,-0.10679713457611884,-0.0026875499050336674,-0.01034303084091197,0.0022755286826933773,0.00017851301029286025,-0.004501990344405737
86,6,-0.14821138686044882,-0.002886480692278814,0.014334743380309826,0.00818826599174988,7.636483419403606e-05,-0.0038918155387411505
86,7,-0.1640957316283153,-0.0025855472862302926,0.019043974511947767,0.005126619547191313,-0.00010659763703169632,-0.0024319606679007225
86,8,-0.11483427426949079,-0.003714291263157717,0.003999392496635359,0.00016686567339557648,-0.0009515892172563614,-0.007880868925156922
86,9,-0.03134363256482924,-0.006055254337441584,0.0024203060960641086,0.003206192058886991,-0.0009546453889978128,-0.011432432899939443
86,10,-0.047660246705951544,-0.008084899716863587,0.008032531923746707,0.009066553707237177,-0.00038144443080229357,-0.009257076104734925
87,0,-0.004229903243534722,-0.0012197289433363843,-0.006873282060998869,-0.003470064399016788,5.8506647208756584e-05,0.006101005992566394
87,1,-0.001141406512146701,-0.00017488880364600586,-0.011766368477724207,-0.0034268961214646426,0.00010113386493441171,0.005042536000222346
87,2,-0.026088648812137016,0.0007058336107490671,0.0047105136453621825,-9.577753176798361e-05,0.0002962161818290421,0.006490840305316513
87,3,-0.05660005158587267,-7.618468272409598e-05,-0.002716534721378658,-0.000686413829534393,0.0002623633142668881,0.006985634811700713
87,4,-0.08314299423590676,-0.0010430098880387997,-0.012206758138661603,-0.00039008385014555524,0.0002054146673727153,0.004415043003602586
87,5,-0.11280458578655034,-0.0026875312555821674,-0.017907867727108367,-0.0025787491108832227,-0.00014389216258793976,0.003954709705006363
87,6,-0.13812300911618852,-0.004654298090366114,-2.6952637921174444e-05,0.00349180520357008,-0.0004180708589917639,0.0033032026047223493
87,7,-0.12581038319143995,-0.005514904275683393,-0.007763684439462733,0.002372350565098813,-0.0004971935178855963,0.004455462450822677
87,8,-0.10311052281633899,-0.006865057628671417,-0.026591330408598943,0.00032323315232737643,-0.0005514985848588614,0.004354608916463678
87,9,-0.05470724744101624,-0.008471458800022784,-0.02503900751192959,0.00046371569905529104,-0.0002878631464770128,0.004071261226198455
87,10,-0.07762458122753094,-0.010073277867515787,-0.028057037068065293,-0.0016633369928720227,-0.0003004865308104236,0.0010044353461708755
88,0,-0.02503538010028302,-0.0017846102802561842,-0.0075960926010097685,-0.005252651639679388,-0.0003716436106053435,0.0021030284908447943
88,1,-0.00028064478269980084,-0.002064168047127506,-0.0014522449520365053,-0.006754502872191242,-0.0004373252628987883,0.0012044055259004464
88,2,0.006045440287806484,-0.0011214646315618327,0.020146910573755582,-0.005030375262703084,-0.0003693250707510579,0.0017011654354359127
88,3,-0.018508411029178575,-0.0015333466885343958,0.013294713074921742,-0.003910445969085993,-0.0005091411674824119,-0.0005173111059819865
88,4,-0.057940024204643864,-0.0029927079193605,-0.0016967108013292015,-0.0014648700941982552,-0.0007811175422569847,-0.004642723306890615
88,5,-0.07200173400602874,-0.004510249630708167,0.00044155703115733016,-0.0034285284404055225,-0.0011756141894493399,-0.0046908343123361375
88,6,-0.09479134379863091,-0.005465542259149914,0.010919435086592325,0.0013536551318962793,-0.0012953974070956638,-0.0031096863001198512
88,7,-0.09208177113035543,-0.005016869368369693,0.009159902806961766,-0.0020215801616038868,-0.0015437540162048962,-0.0014759505709890223
88,8,-0.07825262256599938,-0.005371854205173317,0.006721751563207158,-0.0029069201341819237,-0.0017268932824784614,-0.004413678041222622
88,9,-0.007858960887271942,-0.006744379363840984,0.01799560454656471,-0.0013163587982077092,-0.0014290206779016127,-0.006251352693309044
88,10,-0.043106455481850645,-0.008053101568888287,0.02320468558180031,-0.0007155661731956229,-0.0010901221947958236,-0.006167691586793424
89,0,-0.01924021152038362,-0.0015753818040832842,-0.007319225936639969,-0.003681532393247488,-3.6776567716243456e-05,0.0037124031821378946
89,1,-0.039660000572579596,-0.0040510060826693065,-0.008026718651811506,0.0008124498890386576,0.0005295120117455118,0.006530211038804046
89,2,-0.027913052551893316,-0.0027169508153317328,0.005603271839724682,0.0026297263952391164,0.001057066266584242,0.006061874963119813
89,3,-0.056018251499499974,-0.002816156225298596,0.011931724946149842,0.005684894439534806,0.0015719962784273881,0.005180922772749013
89,4,-0.17275155547482696,-0.0060190284432351995,-0.0025976802881252014,0.008020484553181445,0.0017358124413054152,0.010463775453125684
89,5,-0.23704740830942725,-0.007521244107530367,0.007546755151688331,0.005311310123488077,0.0020096126711368605,0.012072942865812163
89,6,-0.23459054181186662,-0.006192734385647314,0.04850531229750542,0.006178813371241479,0.001953718544336836,0.012085750644918049
89,7,-0.24705544380103445,-0.003654261043318393,0.04939750285185286,0.0030379087052811128,0.0016243977010618037,0.012276226366857178
89,8,-0.21260911226260026,-0.004100592882081917,0.010560853284169659,0.0038382501379951757,0.002001744958164938,0.011030928315827677
89,9,-0.035191811619277744,-0.007979341618187183,-0.025466332849855094,0.007117362097261491,0.0014308782364862872,0.008927804333999857
89,10,-0.09247596897322814,-0.012039446330858287,-0.05552865415461669,0.005746960197013277,0.0014179696794465765,0.009254805568683676
90,0,-0.010852041918508123,-0.0024217146012500846,-0.012795277196326869,-0.0061078103578988885,-0.0003981069857093434,0.0020645121688242945
90,1,0.0016505572688704992,-0.003012902931179306,-0.013463308116541905,-0.004657533627491342,-0.00031656450931898827,-0.00020409380660115373
90,2,-0.023004969538885714,-0.002307307897931133,0.0021393756849374824,-0.0006459500058603837,0.0001554202221257421,0.0004887113342231125
90,3,-0.06061636606991268,-0.0025341436796005963,0.0030149978423030426,0.0013437106127281069,0.0004463967632649881,-0.0007609566360847865
90,4,-0.09676056466235516,-0.0036979444002802997,-0.005207479065201301,0.002965276423514444,0.0003653643198169153,-0.004137688437931115
90,5,-0.10821739199054674,-0.005149883209811767,-0.0007062867877367699,0.0002532136969258772,-0.00010637722072043976,-0.004982125403268837
90,6,-0.1447355290483441,-0.0064055482018696135,0.007685671498469722,0.0043915005136541795,-0.00023581028752836392,-0.004988813898642451
90,7,-0.14383708830338293,-0.006682640908225293,0.0031754432878162674,0.003298803623901313,-0.0002612423998855964,-0.0038963278221745223
90,8,-0.10341617938642898,-0.007524957197510317,-0.0072215713023886415,0.0003995748909446167,-0.0005566669508156614,-0.005492781362997822
90,9,-0.03914419143119084,-0.008532122038146583,0.0004365263048137086,0.001250308397402491,-0.00048143769970301274,-0.006564376025104044
90,10,-0.07997803132974994,-0.009965892845296687,-0.002520802245669194,0.0016569313851966768,-0.0003182718364584236,-0.006441913099656325
91,0,-0.01656375940650212,-0.0014600630522115842,-0.002267809408850469,-0.002914774974222188,-0.00022868518322034345,0.004167229585614595
91,1,-0.0016780417698455015,-0.002671290324713106,0.006416784369874496,-0.0032983856920461426,-5.700757953328829e-05,0.0036692095132815463
91,2,-0.009167216080596917,-0.0026518940740360326,0.02196657512583348,-0.0030458355595951838,0.0001619274920637421,0.0031646268587489125
91,3,-0.03967520277226937,-0.002525183966266196,0.021525403027428343,-0.004902152426247894,0.0001234502486418881,0.003338011594668813
91,4,-0.08840896688185546,-0.0043654388069816995,0.009394600513763398,-0.003178218617595055,-4.0871379437384665e-05,0.003483086128817685
91,5,-0.09845802916432474,-0.007513736672443067,0.00778243743981423,-0.004036999258796123,-0.0002850259047728397,0.003551390131716963
91,6,-0.1288077122803709,-0.008267649520402114,0.009734084340477924,-0.0005095385528383208,-0.0004735160040713639,0.004390689162918849
91,7,-0.13710282924195383,-0.007310856943145893,-0.0026461043330131342,-0.00020579717526218668,-0.0006471645202682963,0.0042554475863090776
91,8,-0.09949822947175309,-0.008008841588773616,-0.004508540098129142,0.0002362873310563765,-0.0006965513960968614,0.003012320025741878
91,9,-0.04131501973865774,-0.009589778460338184,0.0023228885358128086,0.001343495641029291,-0.0005261037741302127,0.0005413127374199562
91,10,-0.07430691471314685,-0.011014377032433787,-0.0068227313512726935,-0.0010065112824814229,-0.0005857286993154236,-0.0012384606992864246
92,0,-0.0061910660214761215,-0.002819229316320784,-0.02038660462763377,-0.00890302277795179,-0.0009024384531106434,0.0020689417474999946
92,1,-0.0250258901492868,-0.005169914851230906,-0.021268654697663807,-0.009318860805597544,-0.0010180261159558883,0.002560510008241746
92,2,0.0024188586392292852,-0.0020877228197526327,0.0019603652419169816,-0.004509602404945784,-0.0004257459246394578,0.004296193703382113
92,3,-0.006752962632131272,0.00019338696319220398,0.017140868315749444,0.001676993318599207,0.0005231468881550882,0.0008764500667206134
92,4,-0.10887349937734467,-0.0009371717004144999,0.011795606361879997,0.005676900196496945,0.0004989252125283154,-0.0030730799214641145
92,5,-0.11171220480084494,-0.0016603621662786673,0.02055526368248623,0.008840579447578177,0.00033369995485466026,-0.006566595384518337
92,6,-0.145707786522444,-0.0016244469145346137,0.03743275375499182,0.01169888065290038,0.00010586827734333606,-0.006946637498334851
92,7,-0.15143831209898195,-0.0015173466040951929,0.03863165690457497,0.010889508510090512,0.00024283053480950365,-0.004945171099919222
92,8,-0.11176421389183379,-0.003226828297659717,0.027581314442010257,0.009498824632019976,0.0001557348709983386,-0.006662206087697522
92,9,-0.02564098423776124,-0.005057813538421584,0.03379901715174051,0.00980316824274929,-2.9914341868212747e-05,-0.011227966828794044
92,10,-0.04254591062496474,-0.006080946065588387,0.03646532722872331,0.014237515948224276,0.00044147142890617645,-0.012512989667922024
93,0,0.0021631797848549773,-0.0014322017706686842,-0.0046155617682438685,-0.004339223773634588,0.00010602095395295658,0.008357298065881995
93,1,-0.0030915974188137005,-0.000717597035152606,-0.014532232190204504,-0.0028827732485095423,0.00016452785339881172,0.006147062533141146
93,2,-0.03738925846321901,-0.00015693861283453282,-0.002975406223254118,0.0014314154060350167,0.0003385880152144421,0.007636334114006611
93,3,-0.056961684641491775,-0.0010392512588253962,-0.0020782454144450575,0.0006102345106716071,0.0003833618756724881,0.009509628614568912
93,4,-0.07778856831171926,-0.0023809589238341,-0.016246392104085104,0.0012741722491615448,0.00039517968849281534,0.008125501525037385
93,5,-0.10369574425026074,-0.003841738305547267,-0.02434655830829697,-0.0010802206331003228,0.00013762959275766024,0.008736642393000862
93,6,-0.12380557197350191,-0.0057890541702717135,-0.00011704926492817416,0.0022957797589007794,-0.0003332222549366639,0.00640261689521565
93,7,-0.09938631055946703,-0.007329826718912093,-0.0036744245881189345,0.003104152006569213,-0.0003817065605136963,0.0070227876224216775
93,8,-0.09017302963679288,-0.008618501229892418,-0.02956022512852804,0.0027098112567904764,-0.00035800076265346146,0.0069952637683255775
93,9,-0.06421617906511884,-0.009277391033934884,-0.03336133571418859,0.00806215879229559,0.0002517666650582873,0.010112299192910856
93,10,-0.09226372794438084,-0.011109180056007388,-0.0419774279856794,0.004449804360735977,3.825848886567637e-05,0.008033172952493776
94,0,-0.024155013042378822,-0.0013473762098830842,-0.005953474924730169,-0.002755940345345288,4.306086560056576e-06,0.004107797300379994
94,1,-0.0347696459042838,-0.003794896132934806,-0.002150003786380205,-0.0016858308795805422,0.0004573026539282117,0.004039435671531346
94,2,-0.02381812708161052,-0.0025159475447839325,0.012478578828660282,-0.0007343717599343836,0.001046238565109542,0.0020975997448932126
94,3,-0.047945655234855375,-0.001979474849745096,0.018249023608315942,-0.001895721503595693,0.0012923375238403881,0.0005804432863973133
94,4,-0.14780447931163226,-0.0050076355334073,0.006967322570740098,-0.0013860266629523552,0.0012345889305218154,0.0038762862334388855
94,5,-0.16862383865663855,-0.007727637685191067,0.01417691436312633,-0.0043098547222012226,0.0011774680525111602,0.004622401597525564
94,6,-0.1894274260305428,-0.007357187585270914,0.05011719092821433,-0.005669783339164121,0.0004788949494296361,0.006363707624354549
94,7,-0.19599404717822155,-0.005887770091267893,0.046237296727602364,-0.007968214116362088,-1.338907361949634e-05,0.0065284349087171775
94,8,-0.1541678039291658,-0.007920458440180817,0.01390012471593086,-0.006637161198310424,-2.3208998549861435e-05,0.005128892152307878
94,9,-0.02504853879572614,-0.011078696794728685,-0.01135288658906669,-0.002152824500441509,-0.0006041561566245127,0.0006987000095908563
94,10,-0.07100186346353794,-0.012061083296286187,-0.023871519296366096,-0.006922519178655023,-0.0008581051811087236,-0.0008917343061215244
95,0,-0.02205383420143532,-0.0008994355040353843,-0.007768517700751269,-0.002785400824466688,5.774969614585657e-05,0.004054676435236095
95,1,-0.035620675886169406,-0.002469777845844806,-0.004216020801171606,-0.0015589920371485424,0.0004595803166277117,0.003692131205309046
95,2,-0.026702856331104113,-0.0006451329871143327,0.01527178679275978,-0.0003500555662718835,0.0010358182653942422,0.0028568924772679125
95,3,-0.04176176874960257,-2.5143955084496123e-05,0.018655486509623946,-0.001282006255340493,0.001231197702806888,0.00034514465449111313
95,4,-0.12686425555837766,-0.0014702018605673996,0.004040935603218199,0.0003792496474332447,0.0010712910580968154,0.001059364995359685
95,5,-0.12757956716455893,-0.003372656389627267,0.01343013665813533,0.0009598876078467772,0.0007788331471908602,0.0005076796256640636
95,6,-0.1498967313924476,-0.003295732211058014,0.028819833080211323,0.0027282673652949795,0.0004584626346489361,0.0022360350393933488
95,7,-0.15456605077630164,-0.001889167008416493,0.021425258713622365,0.004428399778398313,0.0003600097264134037,0.0035733031267219774
95,8,-0.11445581751744989,-0.003123858803597017,-0.0003518099162586417,0.005329725444429276,0.00039817562907893864,0.0014368277255681777
95,9,-0.01198814237161274,-0.005799884122791984,-0.002512323534937292,0.007967129684888991,0.0003575445406007873,-0.002457021076733344
95,10,-0.04208178251589334,-0.006722165807016387,-0.013446428679468794,0.005048361811572076,0.00021912932743157638,-0.0036028311789239246
96,0,0.024932854142971073,-0.0005258396394156842,0.00020358460638523167,-0.001399905756225788,0.0005255847332501566,0.008724461775975195
96,1,0.0179458360138793,0.00011426131714989407,-0.0015774489450437051,0.0001323458151952575,0.0011696160597889117,0.011846596352833347
96,2,0.022547946127284883,0.001395461270668767,0.01740420369682868,0.004530167348904616,0.001374464105227742,0.013109840000720714
96,3,-0.013819520465467375,-0.000792321160606196,0.001193852274763943,0.003071950384316907,0.0005168857740647881,0.011907334453977214
96,4,-0.024580442818095863,-0.0039086308836252,-0.0276298912669664,0.004710191519833345,0.0006391080421977154,0.010920252506472085
96,5,-0.04298354510429493,-0.005739494545402367,-0.04193695344191697,0.003211226402071777,0.0006966130270297603,0.010045487280309663
96,6,-0.0726380743068773,-0.005315733484475414,-0.008963176103418576,0.010892517511882778,0.000664512697201836,0.005764974200255249
96,7,-0.053994526163004236,-0.006389956498653193,-0.007780231340000034,0.011203385696136015,0.0006411750819702037,0.0041628358415235775
96,8,-0.06497573611315169,-0.006831384431030617,-0.03579279618680904,0.015090858903441676,0.0009947823289169384,0.004439344202237178
96,9,-0.05507966442218494,-0.007883421622779083,-0.05038849471907329,0.017533419391414493,0.0015061014394251871,0.009562172610433857
96,10,-0.07764150810146425,-0.009331143414873188,-0.05022794587364439,0.017452046353173878,0.0015443662768937763,0.008329443541879577
97,0,0.004117118306011778,-0.0014487618381139843,-0.007323997937146868,-0.004281466905516888,0.00020949666054615655,0.007232228592495694
97,1,-0.010843603806631102,-0.001410762723974906,-0.016110379478200806,-0.004402169288926642,0.0005115779103150118,0.008068253556555546
97,2,-0.022129695116480615,0.00015574258383036724,0.0020397179512687824,-0.0015916342065567836,0.0008942622754559422,0.008924274496820513
97,3,-0.06102233184498228,-1.8335053449295953e-05,0.0017408873757712422,-0.003025132357466393,0.001029549056358288,0.008998399268984113
97,4,-0.13903024290050825,-0.0012300854886555996,-0.007038206437748801,-0.0014318488862368553,0.0011916739184017152,0.007822862845743687
97,5,-0.16656557759056223,-0.0017553140293110675,-0.00335819707612127,-0.007135009543164822,0.0007732591170166602,0.008198894756201064
97,6,-0.18044929168097978,-0.0025194319445955137,0.023109768682240225,-0.004701648730156621,0.0003050515386677361,0.0068730874294941485
97,7,-0.18323793831892593,-0.003809329613221693,0.018174217111222666,-0.004744433322092587,0.0003339024128996037,0.008668883793730077
97,8,-0.14970754463117247,-0.006434918361944017,-0.012857151183144743,-0.006280568505985524,0.00024075368415383863,0.007885110762273478
97,9,-0.12535186185019376,-0.008272811927125583,-0.021282906990999193,-0.000603258052972309,0.0007954803793258872,0.008989277134980956
97,10,-0.16052282576490312,-0.010117648023154787,-0.028472645096652396,0.00021561269915867703,0.0007223778719739764,0.007192218455508976
98,0,0.006489154052878279,-0.0024096746973090843,-0.012461332930691469,-0.006946393296514888,-0.0005504044178278434,0.0020769878215236947
98,1,0.0091105807326302,-0.0022510270686088058,-0.017609359755211502,-0.007392125364225543,-0.0007708807458728882,-0.0022818262275227535
98,2,-0.02971824294110042,-0.0003049644027826328,0.003915395522267882,-0.0017003243077980837,-0.0001530127702084579,0.00017786853107631256
98,3,-0.056388449221284276,0.0001988226372617041,0.006416173132208443,-9.143622169019297e-05,0.0003322614521659881,8.852810477171348e-05
98,4,-0.09474423711330926,-0.0002768986963446996,-4.3771474450201306e-05,0.0018496390665991447,0.0003188407805140153,-0.004891567439163315
98,5,-0.09724471079921224,-0.0014979416105958673,0.00494013516419803,1.8545026399277315e-05,-6.682379820253974e-05,-0.004966609589779137
98,6,-0.11360747703052121,-0.0035045668001074137,0.018137097212137323,0.002989261745084579,-0.000550905767651264,-0.005166116269742751
98,7,-0.07833077053608903,-0.005186012686768993,0.014541110395615564,0.0047588283029392124,-0.00033651526051489634,-0.002030507911026822
98,8,-0.041877490637167586,-0.007671331555627817,-0.007089205647100843,0.005683953517563976,-0.00022709808470846142,-0.002296821135000622
98,9,0.02079427507316206,-0.009017853438252484,-0.0018727874275456914,0.004205719409119891,-0.0002549240342313128,-0.0053474199363890435
98,10,-0.0024942764248593458,-0.008680741505602586,0.0018038901513889056,0.004378949769585376,-8.707045362462359e-05,-0.007610635738920325
99,0,-0.008295825915832424,-0.0017280005338256841,-0.004579920283032769,-0.005340854039136988,-0.0005153997886787435,0.004134815984475995
99,1,-0.010748382955266002,-0.002267580903806706,-0.008206393579467406,-0.005063367303533243,-0.0005771806837168883,0.0027769817969731463
99,2,-0.035738578160696415,-0.0009850741189523326,0.009297621218042182,-0.0022841679253858835,-0.00018210905804975789,0.004077203512181413
99,3,-0.08079593571961019,-0.000493360900056396,0.010001290969352043,-0.002981202932831493,1.586176675998812e-05,0.005551516093988214
99,4,-0.14624077537702068,-0.0014830809729774997,-7.807079467970135e-05,-5.855266202555527e-05,8.47613935005153e-05,0.0035663842400269854
99,5,-0.15682528639644033,-0.002251566991738667,0.00490413701036113,-0.0023123314331050227,-0.00020674436744123979,0.0036946093693137638
99,6,-0.1747380294897623,-0.003494588989078014,0.027359812575749824,0.0013866527737210793,-0.0004474412733078639,0.003571179832133049
99,7,-0.15922961924583084,-0.004353890763709593,0.024730710623165664,0.005312722308643413,-9.032906801969634e-05,0.006417598898418577
99,8,-0.0980389144497796,-0.006236948496889417,-0.0033887941515018415,0.004004133700328176,-0.00011978362773716142,0.005002992567414878
99,9,-0.00797829095497974,-0.007753292020925684,-0.005814186274521692,0.00687007775444169,-4.343973435601278e-05,0.002520128702432456
99,10,-0.057101832317587746,-0.007663543187332987,-0.010067972419658794,0.005396077126243977,-5.4418934137723615e-05,0.0006861956508107756
100,0,-0.03881220119326062,-0.0018405708699878842,-0.0028802387586742686,-0.0005089913859279878,0.00019568740301935655,0.0023453468678020944
100,1,-0.024695826062800602,-0.002681787113286206,0.0017037349541145948,0.002457886188782057,0.0007969308183737117,0.0036084969412693464
100,2,-0.006454991086712116,-0.0022078518623952327,0.01697899006894508,0.0034912249439925163,0.001150898649177542,0.0035149540595162125
100,3,-0.013782224320775874,-0.0036200849601302956,0.005787376124358443,0.003630880314139907,0.001069140469652888,0.005325984299872313
100,4,-0.10601870087491005,-0.0067688810555793,-0.0162569672104093,0.006677739647337645,0.0014833298372107155,0.008180184860031987
100,5,-0.16129783071555373,-0.008988841129409265,-0.00978561874502667,0.002395257404709677,0.0014123150676919603,0.009444761469539664
100,6,-0.1630703972878581,-0.008811763429243415,0.04075556055481093,0.005347386493333379,0.0014696613881322361,0.0071013966358759485
100,7,-0.19402160091688325,-0.007163548464403493,0.049156486132172966,-0.001173561060666787,0.0010453118016664038,0.006096600056642278
100,8,-0.2449706554242062,-0.007334019732591317,0.010571436021352559,0.0018150792099234762,0.0011653647736806385,0.0032414268499428777
100,9,-0.12938045404429754,-0.008980367077414784,-0.028845594591777993,0.00563993269219799,0.0009467621206830873,0.0030480912670256565
100,10,-0.17319454018989594,-0.012380526379942487,-0.03963715622562039,0.009148992196121777,0.0010051987086220765,0.007031049390628376
101,0,-0.024532260549056724,-0.002077548387567584,-0.009267157392141668,-0.005571140045146388,-0.0004589812959866434,0.0014377807612624945
101,1,-0.0323774932976581,-0.0036022741477161058,-0.010087430677619604,-0.0057440509718193426,-0.0005000193967780882,-0.0008566276643026537
101,2,-0.03721397555481792,-0.0027577893530289325,0.0069971459161658825,-0.003675697967484184,-0.00012311379025555793,-0.0014129797613755871
101,3,-0.07204867739335669,-0.001990077350899196,0.01591996961107124,-0.004146249826951793,0.0001089752095405881,-0.004049270175727487
101,4,-0.15242057637824263,-0.0035909950515317997,0.009378363690670697,4.2383037041244696e-05,9.395532361931532e-05,-0.005965383919926415
101,5,-0.15502363153665133,-0.005719655065487767,0.01881514079766143,-0.0013190202852314229,-0.00015648767775123975,-0.006724416515672937
101,6,-0.1734177304924145,-0.0056347228927973135,0.03738699227703042,0.0001545670955964794,-0.000662316785387164,-0.005663747842245151
101,7,-0.16846369775369285,-0.004974277226099993,0.030743497588220963,0.0015716243264332133,-0.0006219681042122963,-0.003585103580193322
101,8,-0.0836736922452758,-0.007017361753189717,0.006981292695710158,0.0001737964285314765,-0.0008862252569074614,-0.005028729733592622
101,9,0.04090869383865746,-0.009506914579814483,-0.0007586146275628917,0.003670147912692091,-0.0012236956140698127,-0.008380705934980644
101,10,0.008366207996853448,-0.009676091520490487,-0.0024141106883051947,0.001736530623712977,-0.0010169756123468237,-0.009001822283019725
102,0,0.011404291642603377,-0.0019981310668539844,-0.01269968107345397,-0.005050062301208588,-0.0003039586220593434,0.0033627495659729945
102,1,-1.55600936989006e-05,-0.003396670060118606,-0.019005575875271206,-0.004385755815996442,-0.0002739254264884883,0.002905697919227546
102,2,0.020381399746627282,-0.0016230715037862326,-0.0019993805471667184,0.00031088187250471653,0.0002238224723331421,0.0016321714225427126
102,3,-0.029481307479636072,-0.001029739496196496,-0.002881498453902457,0.001128953736566007,0.0005898952775596881,-0.0010845737026011866
102,4,-0.11614789799778466,-0.0037034314557712997,-0.0175892582083466,0.0030374236714816446,0.0005785480645848154,-0.001024402878655315
102,5,-0.13930631826519263,-0.005052624057321667,-0.01350742482780857,0.0012578949970415772,0.00025116217712296027,-0.0014269273460967365
102,6,-0.17884082246293098,-0.004596496152189514,0.010409571755994424,0.006456702872471279,-0.0003046818644538639,-0.0010664678455333508
102,7,-0.19295862592237556,-0.004384528535828893,0.006822762489162066,0.004270823193930513,-0.0007520170675133964,-0.00010745897923652254
102,8,-0.1351745475853562,-0.006347240488768217,-0.011964368157132942,0.002129724726179576,-0.0011389748041847614,-0.0032950479172684224
102,9,-0.06185715730115654,-0.009493387039152684,-0.01652932963480209,0.004660825491418391,-0.0011483575337628128,-0.007044355324368944
102,10,-0.08594052050519235,-0.011238558906495888,-0.020297676634707995,0.004333526875975177,-0.0009774672149740237,-0.008354510586181925
103,0,-0.03312416217066382,-0.0010207558686358843,0.0004498826543344308,-0.001114602033878588,0.00021046894412205658,0.0036459608861386947
103,1,-0.0331061032483316,-0.002283717312140306,0.006715773340773496,0.0008745537884005576,0.0007201446947160118,0.0029957875276130463
103,2,-0.042819379149035615,-0.001689718156933133,0.02337842102865448,0.0014265697270504165,0.001220034529356142,0.0021041680800834126
103,3,-0.07483402818643017,-0.002061652675712896,0.020123032430717842,-0.0009220032155059931,0.0010823505922824882,0.0007034502232725133
103,4,-0.16638162496681475,-0.0041672596793072,0.0073431901209626985,0.002166891322420145,0.0010463320493861155,0.001762752936622185
103,5,-0.19318724669510814,-0.006184585945247267,0.01909500124422993,-0.001169073356250723,0.0008228921268319603,0.0023525625668744635
103,6,-0.19892114796521643,-0.005659025651334514,0.04980745371836642,-0.0011952297118600207,0.0003696610130549361,0.003081490505883349
103,7,-0.20595161316153104,-0.004486656791602193,0.04899704180887697,-0.0015224776764395868,0.00018213777982210364,0.004268756090033078
103,8,-0.17899671409497359,-0.005604670041516517,0.01794020242630836,6.285597178476562e-06,0.0001934953205941386,0.0020224623629919777
103,9,-0.05483569001651695,-0.007969761031100683,-0.004922752862216991,0.002572395598553891,-0.00024410449635537776,0.000457384885969856
103,10,-0.11047499603466504,-0.008952108112934686,-0.014685625419582793,-0.000168791838869123,-0.0003955906277645236,0.0003074289797339756
104,0,-0.06200503753997462,-0.0019054858605748843,-0.006218015658212569,-0.002158561992102688,-0.00013533813700664343,0.0002892794492064944
104,1,-0.0332223336909456,-0.003818140690252606,0.007548285830660693,-0.0023241248817529423,0.0003620535164062117,-0.001217986624029954
104,2,-0.040862216844350714,-0.0031684452104246328,0.029673920595606283,-0.0025200010244250835,0.000901134374651542,-0.0011763791841752874
104,3,-0.07138848609097187,-0.002565268018652896,0.03959131014612314,-0.0023595800050468926,0.001014870399720488,-0.002958749114128687
104,4,-0.14753710457444014,-0.0031464169510581996,0.0404404225834642,0.00042717097163214474,0.0007913085036352154,-0.005579186892452914
104,5,-0.11301188754454804,-0.0051465928518759675,0.047743316547445534,-0.005198225452669323,8.004986920476026e-05,-0.008991844055442037
104,6,-0.0979702863730721,-0.005093607576966014,0.049032393154997925,-0.0061975308307117205,-0.0003945889169468639,-0.010059193245216251
104,7,-0.09088275090455233,-0.0039323508110330925,0.04105455642732707,-0.005083668661398287,-7.984939265739634e-05,-0.009760183538846622
104,8,-0.03763827294499339,-0.005026794855578917,0.023153232117743557,-0.007570803790438523,-0.0003093938716383614,-0.010796090408571823
104,9,0.05239626042579426,-0.006306340656861684,0.020487172127671708,-0.005654384214158509,-0.0005215356620531127,-0.013903281840710244
104,10,0.01484047090960236,-0.007268215103916187,0.012718549174962807,-0.004862476519438123,-0.0004985266578414236,-0.011929216837145323
105,0,-0.035255301272519225,-0.0021306877272221844,-0.02027775085355817,-0.009342440868398888,-0.0008135336947756434,0.0019725898969958945
105,1,-0.07027713090279869,-0.003950240983918905,-0.026662188889309407,-0.009742473348620143,-0.0012151138271059884,0.001768720753675746
105,2,-0.003992480121178617,-0.001578754020784333,-0.013502589968854319,-0.005300565901717284,-0.000931592705522358,-0.00033221124273518764
105,3,-0.029253163516399974,0.0007406595665882039,-0.004102630262302858,-0.005934041207440993,-0.00045397650595561186,-0.003035800583774686
105,4,-0.07166895554515866,-0.0014129373643067995,-0.014133462547394303,-0.005384058472997355,-0.00033068629937188466,-0.001326247534786015
105,5,-0.10153012490338234,-0.0033149748434438673,-0.0073436924794097694,-0.008498302180047022,-0.0008590605411394397,-0.0011245782829843367
105,6,-0.17145904220371172,-0.001987908219364914,0.008799221825096525,-0.00010256079036742073,-0.0010132228201513637,0.0021049373861046494
105,7,-0.15879971172902885,-0.00019612468980679306,0.008533152402574566,-0.007892792236499687,-0.0015520901709737962,0.0019939462878506777
105,8,-0.15448637955584277,-0.001993701965169417,-0.0042012510982650415,-0.006636270021437224,-0.0017520920274807614,-7.861491895742216e-05
105,9,-0.06859189455447554,-0.006157714709141684,-0.004659817064954692,-0.0037172342970805093,-0.001984275666754013,-0.006962982180782644
105,10,-0.030280908963121647,-0.007447031723025987,-0.004384477495746195,-0.007398385848182022,-0.0013232407528486236,-0.005945630817009924
106,0,-0.023421015262247723,-0.0006143526794037842,-0.0015674476666125686,-0.0012727017369417882,0.00022354824488895656,0.005534702697413794
106,1,-0.008370081590208802,-9.829038016380583e-05,0.003303012166700094,0.0009468543559670575,0.0007982572456714117,0.005626820680337146
106,2,-0.02796483933667552,-0.0003230306445203327,0.012390025639871483,0.0021650607217367163,0.001133389581728842,0.007649380767450812
106,3,-0.048745538036747874,-0.0016885591712894961,0.009076629145656543,0.0009962476610397071,0.0010562146549742881,0.011213765401902612
106,4,-0.10403738835575137,-0.0027739466640282,-0.003858819821088601,0.0037717367983374443,0.0012243813006329153,0.011194698731484185
106,5,-0.12755652783561355,-0.0035833448533089673,0.00597168990903393,-0.0009396238216518229,0.0008910059638107602,0.011288733581260663
106,6,-0.1383597910406589,-0.004427695884335614,0.036659299850016924,0.00458612306226128,0.000942091032069136,0.00900776017856155
106,7,-0.13922743136976912,-0.004473341289406492,0.03867983858299366,0.0008294587274188133,0.0007376494385175037,0.009647688783470177
106,8,-0.1351145150960828,-0.004426048062449717,0.010109283048490658,0.0012933174597741764,0.0006820754045456386,0.008061664897704476
106,9,-0.09955314397029044,-0.004531979307571584,-0.008785649014215191,0.005449979169376191,0.0006695159101408872,0.008538178056099657
106,10,-0.15044949491314163,-0.007759358695678187,-0.022852617627391294,0.0049137140697183765,0.0002973108211938764,0.008622325359535476
107,0,-0.009492223684935722,-0.0014795568895030842,0.0040586619260199325,-0.0016106229510959883,0.00015760708254625654,0.007101571793936795
107,1,-0.0022075267878600008,-0.001030869803627306,0.006416357831279395,0.00030316743787895794,0.0004275248929777117,0.005349797188541446
107,2,-0.038523877440042216,4.031014161536722e-05,0.01843423773154858,0.0024671344376897162,0.0007126326911907422,0.005106101092575813
107,3,-0.08824347070755978,-0.000524488647040196,0.003093081573926343,-0.000783924667744893,0.0004584252250168881,0.004918194502910913
107,4,-0.13085241422703925,-0.0018160348628585997,-0.013172073689269202,-0.0017094007379153556,0.0001484210052251153,0.0027703824303307854
107,5,-0.15721533358601714,-0.0033162312563969672,-0.01250726733789717,-0.004028225705011223,-0.00022174212979483973,0.0038878839916630637
107,6,-0.18838774004891523,-0.004745352622900814,0.011088947505948224,-0.0001520352649565205,-0.000638095510880864,0.003056531365131349
107,7,-0.17708347070252195,-0.0054648622239926925,0.0070095378176517655,0.0001675696148172132,-0.0006991998046887963,0.0043630970316236774
107,8,-0.1590060025645454,-0.006913361029242917,-0.01839423672209674,0.0006594832386051764,-0.0005912416767291614,0.004129263083423778
107,9,-0.10331422468270604,-0.0077991841315283835,-0.02369936170486499,0.003675577350334191,-0.00028110026927891276,0.005263006874100055
107,10,-0.16466277948162633,-0.008367284468416586,-0.024313442850773095,0.000996189538734077,-0.0004353218705932236,0.003751036193181375
108,0,-0.0023331512091681224,-0.0011781371877799842,0.00683535998954873,-0.000916090909156488,0.0003598441740462566,0.011511759686895294
108,1,-0.023722798631190402,-0.0005871692337513059,0.0017949082051335937,0.0019232997554744571,0.0003790284275904117,0.007443699516353947
108,2,-0.07333922219709581,0.0004412281316799674,0.012916287480545382,0.007801910071495016,0.0006413144423199422,0.007584570641422513
108,3,-0.09852510975456227,-2.0889936031996117e-05,0.006035269598068643,0.0068030442952393055,0.0007897838707616881,0.008588380215423214
108,4,-0.13247061950960556,-0.0014324799742890997,-0.012625124245108303,0.006197570905169445,0.0008648559953524153,0.008760643977152986
108,5,-0.15140649072442303,-0.003237331540897467,-0.02874284459775457,0.007975072528819077,0.0011286572285464603,0.009913606818656863
108,6,-0.1554372340178689,-0.005342903899957014,0.0040143986041872234,0.01061194293576228,0.000650466780899936,0.00490941006269075
108,7,-0.10468320752034783,-0.007540237656657893,0.003934097584505067,0.01610857092201421,0.0008295279842709038,0.004437681321947478
108,8,-0.07612634034248639,-0.010031231651282616,-0.02860213663937174,0.019871782663795478,0.0013545446236706386,0.006239772485912878
108,9,-0.038950853057882845,-0.010768483720829183,-0.04348907077828869,0.025781686465187293,0.0021520940975243872,0.008321112741065955
108,10,-0.05529079148570314,-0.010621741776064886,-0.04745957410087079,0.017500390819943576,0.0016392737436110765,0.0034017991648069754
109,0,0.0009921758686570782,-0.0012994584716898843,-0.007558691728394169,-0.003035934440212988,0.0003430334615978566,0.005634111969315394
109,1,-0.0244754405886336,-0.0011402460742783059,-0.009126383145495204,0.0021584260730290574,0.0010295530982642118,0.010160807432937846
109,2,-0.010122363151197016,0.0011088002247723674,0.012179304745004482,0.004908045488715516,0.0014274014672973421,0.012656554604853014
109,3,-0.010639011901351872,-0.00020138561571569598,0.004988462677878043,0.001516719736854007,0.0008328646520836882,0.014874150016600711
109,4,-0.03901709868352146,-0.0029177146793377,-0.018952058557101498,0.0066555106817431445,0.0014202774009814153,0.017015146097724785
109,5,-0.08912402175261024,-0.0042535360845238675,-0.019193619792402368,0.004135010349891277,0.0015711805913244602,0.019734368663799663
109,6,-0.0816878014784166,-0.003026830110879414,0.028465888868030923,0.00854252727956688,0.0016317716416054363,0.01656309908001975
109,7,-0.09492912761228223,-0.002407840307714193,0.03469266238134136,-0.001480831695312587,0.0008676635724333037,0.015645869866385376
109,8,-0.12269438045940048,-0.002966857413101217,0.007672998073477459,-0.0013145812298416234,0.0009456269033111386,0.013112966371487277
109,9,-0.07342399518131904,-0.005222084432398684,-0.021184208385658994,0.002408311176576591,0.0007405113836323873,0.012589413054270356
109,10,-0.08934565643806194,-0.008968032814566687,-0.022272434156053494,0.004130139202137277,0.0007874794918337766,0.013315574405859275
110,0,-0.003939538823801422,-0.0025534855709140845,-0.014614921644653169,-0.0063078099212774885,-0.0004116143640266434,0.003797642217075895
110,1,-0.0181099495560071,-0.003570308590548006,-0.026295898746908804,-0.006478637182792742,-0.0006071885517851882,0.001750915091814046
110,2,-0.040501986548654216,-0.0025684460299253324,-0.013938561832065419,-0.0039047330495516836,-0.00046084517841365785,0.0015281308121084126
110,3,-0.07830665048245858,-0.002159286552912496,-0.008966612397084956,-0.0038803881782562928,-0.00036141142626201187,-0.0011033277432688769
110,4,-0.15228713094699897,-0.0032453842853438996,-0.012794085180514203,-0.0028272536261089555,-0.00042898805700168467,-0.0033955924767073145
110,5,-0.17388547221436054,-0.004775140248110367,-0.01514231496191087,-0.004934616123631323,-0.0007910416351829398,-0.0044781044895738364
110,6,-0.204944029681508,-0.005624641419393014,0.0004060991657767257,-0.003648441111915421,-0.0013212968782258638,-0.00552857831116205
110,7,-0.19596420126803532,-0.005747562418057693,-0.0050485344997078345,-0.0034849100486605868,-0.0013055391068497962,-0.003465422960838622
110,8,-0.12504102822632798,-0.007526042821172217,-0.027809289341944543,-0.0060841451502972235,-0.0014490411798106615,-0.004226219649724322
110,9,-0.032563889449160444,-0.009371732614816384,-0.026125852715691393,-0.004282507504241209,-0.0014478027709852127,-0.007096428320781445
110,10,-0.08496923962789865,-0.009672974274928187,-0.03031469888786849,-0.005144504680621423,-0.0013739534200486237,-0.008231960070704224
111,0,-0.02171999451501292,-0.0009780979931053842,-0.000575710311305969,-0.0013769330964478882,-5.574131809364343e-05,0.0026052981682502946
111,1,-0.005204991019960102,-0.0007733823856108058,0.011791880625955294,-0.0006880577288504424,0.0005471352887397117,0.0038480799285936463
111,2,-0.00038943757319831636,-0.00032734987531213267,0.02437121717589348,-0.0016396139240421835,0.0007649131903258422,0.004001061055050013
111,3,-0.03484401280128348,-0.0015830719984395959,0.010431104336349244,-0.003248418014148393,0.0005300510140864881,0.004546763885860814
111,4,-0.09662105665420496,-0.004163585322656699,-0.006695918105801601,-0.002790667904380855,0.0005698543141055153,0.004751752577913285
111,5,-0.13542078548730954,-0.006027701167336367,-0.00203816142489257,-0.006493200923987924,0.00043992599074446024,0.004904606683407763
111,6,-0.1559181055381558,-0.006108524185014614,0.028174200084195123,-0.0016934821397401208,0.000586101521943436,0.00570068789036975
111,7,-0.1658784896276017,-0.004920460382289993,0.029254060098845364,-0.007142715470295987,0.00024524206461830366,0.004920918539919077
111,8,-0.15692933304600531,-0.004706869181592517,0.010852945011366959,-0.008025473254497123,0.00017197127939303858,0.0029657629845888777
111,9,-0.06796461602013824,-0.006006474733091284,0.0006160850370840083,-0.006806488376547308,0.00011949747777348726,0.003140580620247656
111,10,-0.09605388678644314,-0.008852364543225088,-0.006340981006428194,-0.008684907472561922,2.826176115057637e-05,0.0047741818775857755
112,0,-0.021506999825092923,-0.0013219321498484842,-0.007397469017661069,-0.004384319590473788,-0.00019461617371594343,0.0033280044070144944
112,1,-0.017880745473335402,-0.002244207633789406,-0.009244493423779407,-0.0032664443819320423,7.939444139811171e-05,0.0038979147068971464
112,2,-0.006893248786524916,-0.0012375038420946328,0.006871870804034482,-0.0021447325469894835,0.0004187312255778421,0.004885246835344113
112,3,-0.04186596743467218,-0.001127480791982996,0.007626718702366343,-0.003527996064232493,0.0004808373162441881,0.005747288714747714
112,4,-0.12528001081938386,-0.0031874614161688,-0.004596006409593301,0.0007565094156061447,0.0006864859436414154,0.005907106679383486
112,5,-0.15299546002560735,-0.003925234286045167,0.006284930059703131,-0.0024786493761766227,0.00048514286509646027,0.006317802312425763
112,6,-0.18007674896072523,-0.0037890717761937137,0.03638637650557312,0.0020493795609040793,0.0004359127674632361,0.005765932172633048
112,7,-0.18644788572665183,-0.003200372333053893,0.03913419397175287,0.0006343041574100132,0.00041620789192230363,0.007123327131510478
112,8,-0.13869693081941478,-0.004659713378040317,0.015006132692435857,-0.0013953100631807235,0.0002090160342016386,0.0038196689950234777
112,9,-0.05440075323396955,-0.0077065714578235835,0.004233166076952509,0.002744388674505891,8.843169890098725e-05,0.00019278852763895613
112,10,-0.09713047351763385,-0.010207232894875188,-0.004530542110148795,0.003430773623540477,0.00011920588879577637,0.00019427035844957544
113,0,-0.018809955470733324,-0.0010390072588765842,-0.010850727885660268,-0.003245471144638688,-1.5516349200443442e-05,0.0031663691256076944
113,1,-0.014740185043136601,-0.0011650131205768058,-0.006372004617197406,-0.0031377430744688422,0.0006129685284949118,0.004666958224197046
113,2,0.01719909885112588,0.0008202810338062672,0.014307796778675783,-0.0028824152815817836,0.0009292880303550422,0.004459055655376012
113,3,0.020918687869241122,0.0006659214156868041,0.017468548822495045,-0.003472333496307093,0.0005899269874109881,0.005486786026236113
113,4,-0.03558510012239256,-0.0011213606080607997,0.006290819245297499,-0.0021945802489144557,0.0005726379074014154,0.006237589509678585
113,5,-0.07096597406865424,-0.002684514821375667,0.011886793653629331,-0.005373129641897923,0.00043968555340376025,0.005386246114650363
113,6,-0.0872395574109558,-0.002553276403867114,0.03344276070025662,0.0008006023270413793,0.0004784692159528361,0.005597539703994448
113,7,-0.08433826137837863,-0.001562173755268393,0.03223119040331027,-0.005570811671950387,-0.0003371421393870963,0.006302905698785478
113,8,-0.09874391157408338,-0.001196594958783017,0.02346420072451656,-0.005751029342819524,-0.0005474041430013614,0.003400801157228478
113,9,-0.03917562427548574,-0.002744042644061184,0.017953157012901406,-0.002283429849581809,-0.0003928947425501128,0.0006607562570085561
113,10,-0.059071372665136644,-0.005756623345411287,0.011039492068223206,-0.0030651158382777226,-0.0002038012301934236,0.0011766036237646754
114,0,-0.031992902796482724,-0.0012980510938307842,-0.01220144737919917,-0.003927372343787988,-0.00040685901379294343,0.00029886712734579447
114,1,-0.012130053723233702,-0.000554068323636706,-0.0006776159858478056,-0.005265588420882542,-0.00026639480820098827,0.0006175050742693463
114,2,-0.006046671823350917,0.0007158195570354671,0.022017435591322684,-0.005275455408377884,3.3769596691342124e-05,0.0023685183689502124
114,3,-0.021149806831615273,0.0007069300726574039,0.024710556877943046,-0.006232405919425093,-5.487758097141187e-05,0.0020026479711509134
114,4,-0.052070848147069165,0.00026584571780710045,0.0174771558026817,-0.004966102473306555,-0.00027254580238818466,-0.002112409628113915
114,5,-0.06056811922727984,-0.0006588394771609675,0.02380407617163193,-0.009563461409389523,-0.0009620522615738398,-0.004357342517025636
114,6,-0.0800538540261039,-0.002503858041718214,0.026113886609936226,-0.004662579269028621,-0.0012133713688691637,-0.004996470399575151
114,7,-0.08967236595909034,-0.002797527592593693,0.015864768805230064,-0.006294505850677886,-0.0010389611857979963,-0.003994462150573622
114,8,-0.0627034354269008,-0.002568279607789217,0.012313336394914259,-0.010061158307154823,-0.0014808188016263613,-0.005878509940085122
114,9,-0.023994536736632044,-0.003002657194577084,0.02192701610002151,-0.011038293198071309,-0.0014372435114948128,-0.006543036878067345
114,10,-0.04215993456432114,-0.005119440365040088,0.016907246995146608,-0.00961101488206412,-0.0011676596947133237,-0.005582752019563524
115,0,-0.04556915669129552,-0.0006401062806356841,-0.001939223815185069,-0.001301274420602288,0.0001300550364878566,0.0023455824102844944
115,1,-0.055422398526877505,-0.002684182715849706,0.006310945721057995,-9.782464914584238e-05,0.0007533126335137118,0.001845835094230646
115,2,-0.05379941941930052,-0.0018885175341289326,0.024632020835098183,-6.53749085787836e-05,0.0013786001783117421,-9.368276947748768e-05
115,3,-0.08394177052383647,-0.000970023386194296,0.03218185607747194,-0.002095722773092193,0.001518702996253188,0.00010353905359381356
115,4,-0.18308932049422144,-0.0031858404738022,0.0292612201441956,0.0011402645670430447,0.0013893617846996152,0.0011431214228193854
115,5,-0.18971514750863333,-0.005399406987254867,0.04250279299954463,-0.0015213737306713228,0.0012502792889602602,-4.353102095773671e-05
115,6,-0.2018019635519671,-0.0043743061126745135,0.07045026841743472,-0.0014606205828775205,0.0009831830825516362,0.001251155185081949
115,7,-0.19748665841737234,-0.002623297634290293,0.06411590044077387,-0.00013636303515368662,0.0009455578247958038,0.0021480979631955774
115,8,-0.1567814550981695,-0.004071319474868516,0.031186014593553156,0.003910849003949276,0.0012322768437574385,-0.0005974703567130223
115,9,0.050975198187286755,-0.006757730330792384,-0.0008590949013993917,0.01023069632735009,0.0008396281490250872,-0.004164260225403344
115,10,0.023634796135029654,-0.008361210325275587,-0.027455452981614396,0.010458534574885478,0.0008030422770708766,-0.005305995139771325
116,0,0.004589574927821676,-0.0019213026550747843,-0.009043767769099268,-0.004695263167331688,-0.0003559803183455434,0.0034388923923800944
116,1,-0.007348620232524602,-0.002386113894374706,-0.015706431186802206,-0.004466780073997943,-0.0004761206079053883,0.0022230837459115463
116,2,-0.013832374200172717,-0.0007330477032601328,0.005233958818053782,-0.0003351440072852836,-9.175554647975794e-05,0.003265341505647412
116,3,-0.04936929252441087,-0.00037072268705489603,0.007310544956196843,0.000462644728711007,0.0002510343717495881,0.0012327614598411133
116,4,-0.11467667390129686,-0.0012224848095333998,-0.0016140520506150015,0.0034384436535580447,0.00027484627538691534,-0.0014898295135926149
116,5,-0.13345617862812234,-0.0021800349663487675,0.0006346340392594301,0.003591184743274977,6.906855161536025e-05,-0.0027122465772128367
116,6,-0.1633603170143384,-0.003103375231233114,0.019105716859301226,0.00898301555592798,-0.00011837702589886393,-0.002812175288272451
116,7,-0.14420244080912042,-0.004116734292806793,0.012715574588934967,0.012397811341619115,0.0001842949800900037,0.00013429431649607726
116,8,-0.06209419446814179,-0.006424697573387417,-0.009298453270755142,0.008672723363640176,-5.004700425206141e-05,-0.0004451632259686222
116,9,0.033066454369959655,-0.008732859301629883,-0.009410937075249592,0.010740614660862291,-3.1096269751912744e-05,-0.003691268023551944
116,10,-0.006096827162957341,-0.009349571682378786,-0.009738960091514794,0.010530421403946878,0.00012025104041537635,-0.006187584114415324
117,0,-0.032831844786959524,-0.0021179008639814843,-0.01697072164158367,-0.005374643156962888,-0.0002592678930156434,0.0011041623810561945
117,1,-0.024388720873383802,-0.0029105178223959058,-0.012347833450590304,-0.006331469357314443,-1.558074971068829e-05,0.0015791844201775462
117,2,-0.0011545611145131161,-0.0012697073837341327,0.011147375793391883,-0.005292763843359484,0.0003610034229020421,0.0013364126900801123
117,3,-0.016908882611754772,-0.0014796096558919959,0.013959781845738943,-0.003858251146725793,0.0004905592912019881,5.049939721281328e-05
117,4,-0.04609130853150406,-0.003163994856739,0.003471670023838599,-0.003641868568266855,0.0003763333147084153,-0.0020498370498523147
117,5,-0.08616283722430043,-0.0054208006878689674,-0.00082071627268637,-0.005645154829898422,0.00012817941214846024,-0.002853056559119337
117,6,-0.1271279807991365,-0.006960476958154014,0.0021810544364691264,-0.0005413867590398208,0.00013794322627733608,-0.0015477894135637507
117,7,-0.11732233530906364,-0.005691590311947193,-0.007591740215184533,-0.003722808716269387,-7.763378910189634e-05,-0.0024370644660406224
117,8,-0.09850794231428749,-0.004758800637441717,-0.003571146178987842,-0.006546704343558524,-0.00037817270003336143,-0.0045597629279945226
117,9,-0.02970379009116204,-0.005783355289949084,-0.0004036070359078915,-0.004795806292517609,-0.00047702480178791275,-0.007328902207221544
117,10,-0.05486500880483784,-0.007945815907555687,-0.010474745430029594,-0.005067580200704423,-0.0002600264977300236,-0.005679743664767225
118,0,-0.0046534123326167215,-0.0017164202440011842,-0.007118709219244169,-0.003302395717044988,-0.00024261053946364342,0.0007841883272118946
118,1,-0.011311702772857401,-0.004351131436353606,-0.0026046792313270057,-0.00021048768718574242,0.0003669424589177117,0.002697155453414546
118,2,0.05030223484467968,-0.0016377638289208326,0.02006386269179898,-0.00034369889710438354,0.001025968740800142,0.0011396962066515122
118,3,0.01875917107971272,-0.001682145229034196,0.015379117418248245,0.0025345832470732065,0.001398941818130688,-0.0002501823630817867
118,4,-0.08409468741241036,-0.005233468541519099,-0.005929606647621201,0.0023840968633504446,0.0014327560375794151,0.001942904032824985
118,5,-0.11699203122099763,-0.006518185559531867,0.004292263102885231,-0.0016505866817190227,0.0014259664857081602,0.0016052169368067633
118,6,-0.15085077137488512,-0.005405393061149114,0.04957629440630053,-0.0018891371612925207,0.0012362662191670363,0.0028536592379054494
118,7,-0.165124031267934,-0.0029733898837357928,0.045875099110339365,-0.006753081656682886,0.0009116554965024038,0.0031049264094190777
118,8,-0.19505363997280528,-0.002113355135278717,0.005802254073922458,-0.006104698174948324,0.0008818762392361386,-0.001178143032686522
118,9,-0.08201803653592694,-0.002987565743496484,-0.012751991192255892,-0.0030600860467913087,0.0006928742599536873,-0.001922980392789844
118,10,-0.16434493781226445,-0.006267010589013787,-0.025593257254069593,-0.004154940873169924,0.0006039197074899765,0.0023991084874032758
119,0,0.020120456283587874,-0.000991908694449684,-0.0051927880444577685,-0.0023760655217171882,0.00019527189433505654,0.007274969340841394
119,1,-0.0215367443891982,-0.001577961324838206,-0.011775287255552006,-0.0005116182557832424,0.0008934713522045117,0.012127711072230846
119,2,0.008412390887900084,0.0006346298644260675,0.006802675595347182,0.0049525549923057155,0.001401480804848542,0.013912990931214014
119,3,-0.016402928942369475,-0.000188446528216596,-0.0009269895444955576,0.004561681115318307,0.001153363275634488,0.014380383588531514
119,4,-0.09355109884038647,-0.0035571162375620997,-0.0267282859266181,0.007195077902843345,0.0017837159880610153,0.019105779414650383
119,5,-0.11513816227949283,-0.004842524897472467,-0.02900138870064447,0.004732268101439477,0.00203753967795736,0.021945577015022165
119,6,-0.0689525254680475,-0.002785247458029314,0.018128283781793524,0.00951637094812108,0.0017319625962746363,0.01758456877631175
119,7,-0.07412002169413993,-0.002001268592896793,0.027750317484767865,0.001004802263517713,0.0007731895551682036,0.014891637671053276
119,8,-0.06813791442584799,-0.004583586489368317,-0.016325939071821942,0.009192647567256077,0.0012739763891459386,0.011302743734392977
119,9,-0.04072519000268984,-0.007343589655802984,-0.04433854859364539,0.01182463454701829,0.0013472586646266873,0.008531977834083456
119,10,-0.039297186177913744,-0.009603201378510888,-0.0489851166103141,0.012593002065429577,0.0008958121538993765,0.003596779648233675
120,0,-0.05335165763387982,-0.0007024857155174842,0.0019459203462548307,0.0008656816279073122,-1.7181056314643443e-05,-4.962759657890564e-05
120,1,-0.020413810454340202,-0.002681308828879206,0.019882205114721392,0.002775470160639457,0.0005567086428789117,0.0004486111240719461
120,2,-0.008870668184344715,-0.0019169338760946326,0.03189697658856748,0.001845495464754616,0.001121516815408542,-0.00012320208642828748
120,3,-0.09384447187585188,-0.000956203850643296,0.029840360462292444,-0.001006586428420593,0.001003993394453888,-0.0006132304074263867
120,4,-0.18321116737396476,-0.003742179812319,0.025791226078342,0.001582967667374045,0.0005991156575083154,0.00010520288261378543
120,5,-0.20093575952978404,-0.005801051636943967,0.03516582758547163,0.000771077560836577,0.0005418298354521602,-0.0009146499474997367
120,6,-0.18043687102252853,-0.004513369983308414,0.059990907573834434,-0.0011291443155698204,0.00017240056508093608,-0.0004249791499346509
120,7,-0.18157281226772926,-0.0019777876676721927,0.05225422706205167,-0.0008599260844533868,-0.00018960376830199632,-0.0023450376933140224
120,8,-0.18095048026361288,-0.002309020340040917,0.03211152071539456,0.004463665725684976,0.00016564576886063853,-0.005047149608900422
120,9,-0.025687727039215943,-0.004827494680502984,0.016092353998805008,0.00840176489051609,0.00018150540656628725,-0.010723936884668744
120,10,0.028249851302037166,-0.006683332348337788,-0.0029021517579607935,0.004695016260460276,0.0002825184144450764,-0.010492754364423923
121,0,0.007512559213806877,-0.0008337231105209843,-0.0044270276902327686,-0.0008987794596079881,0.0004627082663331565,0.008144066886663194
121,1,-0.0214489980787195,-0.0005914606528746058,-0.007750254081009006,0.0007810770428520577,0.0012217940726336116,0.012351835889533746
121,2,-0.015213769262159116,0.0017664823128533676,0.007608891504010782,0.003309324880661716,0.001471534579012842,0.013624009469576813
121,3,-0.025283950688336672,0.0005573687738988041,0.006639928509929142,0.003158436845251007,0.0010509028275470882,0.015457470020307612
121,4,-0.08218522924279376,-0.0020855524333360997,-0.013631096482850403,0.006946907211344445,0.0016040202476108154,0.018945258602613084
121,5,-0.10283054733773754,-0.003339543528894567,-0.01867100286888187,0.002774259356108577,0.0016331628115073603,0.02068207229487496
121,6,-0.0727319689534382,-0.0026219064068626137,0.021186933294723726,0.00923863488736188,0.0015901289042180363,0.01621029616204605
121,7,-0.07356069316531454,-0.002921220717677893,0.023115931990581266,0.005275806237574013,0.0011285158677399037,0.016782752586870776
121,8,-0.0735491302953385,-0.005442115088479617,-0.015663909913986144,0.008309913364470177,0.0015350603720894387,0.01674711621568728
121,9,-0.06702927920226054,-0.008550976142694084,-0.044185869160646096,0.01141200269404679,0.0016442887097038873,0.015919804396605654
121,10,-0.08901320775827135,-0.011596155555692086,-0.05370782855044409,0.010346519601453979,0.0011629492282830764,0.011961865494622876
122,0,-0.011971566580993022,-0.0016754064481984841,-0.001723972193905369,-0.004731588489512388,-0.00020453947912824343,0.006203885201595694
122,1,-0.0032619410044943016,-0.002215049853166606,-0.003579740500862006,-0.0051048981329959425,-0.0001594707900366883,0.0036627100565913458
122,2,-0.046622079306057516,-0.0008378279408261327,0.014745960794954584,-0.002199568515822884,8.959556702044209e-05,0.004646143664491212
122,3,-0.09213260024795478,-0.00032298744677829606,0.01665674358695944,-0.004084859739067794,0.0001751181384290881,0.006284458007584414
122,4,-0.14035129670961616,-0.0013043777006333996,0.005703455620375699,-0.0036783560927399553,-1.9038540714784663e-05,0.004408220780128985
122,5,-0.14235870648899435,-0.0033913982997710672,0.00459113525899113,-0.005678264030171623,-0.00038576846593743976,0.0048895084271284635
122,6,-0.15002044513138912,-0.005390044658056214,0.018158425298474824,-0.002698008582760021,-0.000872772806466064,0.00400747788831165
122,7,-0.12374664838343494,-0.006584428548410993,0.011542547421565966,-0.0005370008807350868,-0.0007613058084210962,0.0063531862458928775
122,8,-0.08782650209626909,-0.008625239136773117,-0.010248326744096842,-0.0006625527922303235,-0.0005983222387568614,0.006813049667504478
122,9,-0.03798222740170984,-0.009725095717578985,-0.007340589717730192,0.000929977730770591,-0.0002857821315699128,0.005850955422373455
122,10,-0.08969541809504794,-0.009641860558996688,-0.011685824067396294,-0.002893948673018623,-0.0004292155954526236,0.002924551588155276
123,0,0.010471897780661578,-0.002267223002512784,-0.00921497586361297,-0.005324282058482788,-0.0002660106212373435,0.003951606477114795
123,1,-0.005297168425379101,-0.004376775043248106,-0.015544395899571906,-0.004639128549694843,-0.0003419713992850883,0.0036747340173285464
123,2,0.013191971377732986,-0.0030929579596417327,-0.0037343964311001183,-3.838150394188354e-05,-7.269462111515789e-05,0.0021922366192545124
123,3,-0.05821225506193127,-0.002753111736015796,-0.008798973992329756,-0.00040800966412699296,3.5245003098638146e-05,-0.001121532338773787
123,4,-0.14761064256948409,-0.006227109870729899,-0.0294933607956527,0.0007177409836155447,9.089637100951535e-05,0.0013040178129065851
123,5,-0.16243195331587365,-0.008199982221804968,-0.03324979901026347,-0.0005077624875772229,-0.00016643927179083972,0.0016791513377367633
123,6,-0.20390752804571532,-0.007338360285791714,-0.006581445034096474,0.004992066352731979,-0.000776058569382064,0.0023782322991209495
123,7,-0.18885238676531824,-0.0068249714313977925,-0.009593605977927435,0.002866969683102613,-0.0013977419521691962,0.0010978697354250776
123,8,-0.09287282434481259,-0.009452628105978918,-0.03641813608975244,0.0014728458973231765,-0.0016925826273174612,-0.0006708486550617222
123,9,0.02649398196237006,-0.012832784004933383,-0.046337987620387586,0.003813687645282691,-0.0018601854225809128,-0.0043682106431781435
123,10,0.02356762359301126,-0.013173232787482187,-0.0436543844752276,-0.001653916965761223,-0.0019533961811691236,-0.006758874511895725
124,0,0.0008337321456307785,-0.0015006716810355841,-0.012277743291321568,-0.004164307379378088,-0.00016841980278414344,0.0049554793173295945
124,1,-0.0054004843917940006,-0.001473076913667806,-0.018634407811597004,-0.0035620957625507425,-6.36745494441883e-05,0.0058080786344737465
124,2,-0.0004250943238038162,0.0002624588172056674,-0.0010981547716384186,0.0008002741599390164,0.0002732000559108421,0.007893837914493513
124,3,-0.030139414702045675,0.000328206872847704,-0.004937888307194757,0.001066732230044307,0.0003448366785229881,0.009384815377658612
124,4,-0.09130525932704037,-0.0013643683252427996,-0.0213537045625635,0.004517605597913545,0.0004539521762843153,0.006651072611632285
124,5,-0.11153724097395214,-0.0017482586667667672,-0.01490188774295557,0.001290832620876477,9.638882493906024e-05,0.007026078814346063
124,6,-0.156466251890122,-0.0019102684975461138,0.004761917839595224,0.00989184847152678,-0.00010138263569346393,0.007152069513488448
124,7,-0.15916742016856503,-0.0024692953148971928,0.004412712961019565,0.005805578207805213,-0.0003857266496022963,0.008600540032482078
124,8,-0.09699533990825489,-0.004686564147801717,-0.009069384354227442,-2.386193176302353e-05,-0.0007843276737926613,0.004745578733454178
124,9,-0.04433222376241114,-0.005940043173201984,-0.0027669868998871916,-0.0003072379801462089,-0.0005756051920649127,0.0030392928703092564
124,10,-0.05869832687648934,-0.007650605251832787,-0.0011672417552453934,-0.00039562732061572295,-0.0003240104771635236,0.0007914012592608755
125,0,-0.025434978081556724,-0.0016620130788525841,-0.00870624203275177,-0.003148977950339088,2.8793316330876553e-05,0.0026982943803409943
125,1,-0.0283222017538266,-0.003735392290025406,-0.011799761022282206,0.0017302817990372575,0.0007240304786533117,0.004088398359104946
125,2,-0.005254590550312617,-0.0030871829000998327,-0.0017458872845981174,0.0032918995436703163,0.001429421004925842,0.0031926831149577126
125,3,0.01701209455650913,-0.003503667299483996,-0.001382470440465057,0.001812762130551907,0.0017313045657554882,0.0031760378515565137
125,4,-0.08767690944460556,-0.007140629237973799,-0.0194410760731807,0.004923227646615445,0.0022853436337487154,0.008387643460044187
125,5,-0.16475355986415063,-0.009124979521216568,-0.00590364434284147,0.00029704296277697703,0.00243975785623566,0.010015512743512863
125,6,-0.1417716997557136,-0.007730160453387114,0.04972501509053942,0.0006980994998935793,0.002105068895949836,0.009858606074458548
125,7,-0.19504168468940142,-0.005331445196981293,0.06152349793286477,-0.009393867267750286,0.0013727009347714036,0.009697668496962977
125,8,-0.24814092126899967,-0.005597729190700917,0.01914219419519576,-0.006656973186764823,0.0014789708086015386,0.005505724329301778
125,9,-0.10561781972278664,-0.006580700371209684,-0.034227047917886694,0.002152023058251491,0.0008322277687325872,-0.0007363302382699438
125,10,-0.16268678884411003,-0.008593396161584187,-0.043534993012632195,0.0025173245875474773,0.0008997608453583765,0.002398112184240776
126,0,-0.02218337813082002,-0.0017529805200709842,-0.00798404559810307,-0.005403812471495988,-0.0003550984808093435,0.004287435669233094
126,1,-0.010376569498299201,-0.001899025395973106,-0.005923655187094605,-0.005688359984327842,-0.00047500641557968827,0.002825881828220246
126,2,-0.006390019566579516,-0.0019745543156162327,0.006472737729700382,-0.003989195678657484,-0.0005584965696829578,0.0025529865639307126
126,3,-0.027312453382167576,-0.002461380067303596,0.0020919572896279433,-0.003327982127598993,-0.0006439583111954119,0.0018377733604782133
126,4,-0.05461433473583426,-0.0043727650195929,-0.012015494735952802,-0.001199968097691255,-0.0005856629233958846,0.000882948087639385
126,5,-0.07461927039852073,-0.006791228647109567,-0.01400502140317997,-0.001591254931963223,-0.0006341310054139397,0.0027434719646834637
126,6,-0.10425255943699521,-0.007543509456097514,-0.001843594174907176,0.0030616249474560795,-0.000866345898686164,0.0036973088912979494
126,7,-0.09607987788703293,-0.006383397231654893,-0.004220817616785735,-0.002584355797941587,-0.0014895631734096963,0.0025444199891589774
126,8,-0.0656744574058977,-0.006715710466840617,-0.009682831472092843,-0.0033796294670300235,-0.0016228223431540615,0.0011935190746798776
126,9,-0.00442557357326534,-0.008556319242942484,-0.0022061452796384917,-0.0030054828714583086,-0.001401177854561513,-0.0007473423183030439
126,10,-0.01652948468164564,-0.009846644645355887,-0.004081311305308094,-0.005802081680843623,-0.0013651640538427236,-0.0030620650417148244
127,0,-0.02936161948681672,-0.0015372145135412842,-0.002581614826630969,-0.004114380667289188,-0.00025959669524564346,0.0022029332557602947
127,1,-0.023676271001039903,-0.003208915151268906,0.0017292907651392953,-0.0031182020329039426,7.92595713903117e-05,0.001715475904818946
127,2,-0.03058134487963022,-0.002375809147160733,0.01957420763955098,-0.0024917127737260837,0.0003965333232206421,0.0014388799035783125
127,3,-0.06498679564935687,-0.002143597011713496,0.023755296692256844,-0.002458766639332993,0.0004472505697063881,-0.00014714838183998644
127,4,-0.13246286417682285,-0.003972267745044399,0.013761220878255697,0.0004696072722996447,0.00035165706280661533,-0.0012786175208407448
127,5,-0.13940578287012645,-0.005901750657056767,0.016692607286139728,-0.00025312585944502284,8.533402453416025e-05,-0.0020565823098395368
127,6,-0.15229850290519859,-0.006331517441947914,0.03763753326426082,0.002810895393737579,-0.00015758825007576393,-0.002136546640302151
127,7,-0.14337096659964121,-0.0062859393820765925,0.028724727356411368,0.004406628857430413,-8.992891274099633e-05,-0.00031903797845492243
127,8,-0.06733894073225119,-0.007513251916341017,0.007549415497528158,0.0020405374441204768,-0.0003584264776886614,-0.0015431603470982224
127,9,0.025840452268547462,-0.009500115495199184,-0.0004104107783198911,0.004265613088289591,-0.0005154874008406127,-0.003813655961935344
127,10,-0.024413760578126442,-0.010872757283097388,-0.005433287829691694,0.0022495128240504767,-0.0005856110235728236,-0.004974357905031424
128,0,-0.030202479023539522,-0.0014248656017099841,-0.004297677317428569,-0.002796640248530988,-0.00010066185477574345,0.0004551868279261944
128,1,-0.06164666340536049,-0.004241459066498606,0.0012975028838606937,0.0017489565853080575,0.0005665819964339118,0.0020144940379960463
128,2,0.012186500766600486,-0.0033289257035958326,0.01684158112313478,0.0007665789794638162,0.001160878688645142,0.0014411861007861126
128,3,0.002111075314539128,-0.0037390055048741955,0.019957201560103145,0.005162960618177706,0.001839154940148088,0.0016437080875426136
128,4,-0.14872665658139889,-0.007463370396554999,0.006908026581738298,0.0057254757572213445,0.0019919754404464154,0.006229872869433286
128,5,-0.23744921818910514,-0.009616074562436266,0.02655062007230083,0.001544933336935777,0.0021354709491883603,0.005379466018172664
128,6,-0.20714392199027298,-0.008027422214694914,0.08566584174175863,5.3196097221379205e-05,0.0017736194419127362,0.003276277691265649
128,7,-0.2778656909722005,-0.005017001700443293,0.08999157904704046,-0.008234655302545187,0.0011239546970504037,0.004049060715166477
128,8,-0.33339455195941026,-0.004456830396295717,0.05872848238852776,-0.0075345245804005236,0.0012175501974168385,0.0007398226752998777
128,9,-0.09054771596268543,-0.005432433776436483,-0.005768139207894991,-0.004526601620821708,0.0005690871047965872,0.000545226916530756
128,10,-0.19561497648101323,-0.010524107127019887,-0.0475920228797377,0.001506893818745977,0.0013035760733422766,0.004040748843458975
129,0,6.145581580737844e-05,-0.0012632288089041842,-0.00024422608943296814,-0.0018637789342940882,0.0002079149716638566,0.007550615813777894
129,1,-0.012997719597078301,-0.002215092110562306,0.001961681740433395,-0.0016705884497403424,0.0006801047022834117,0.007160388436273946
129,2,-0.045552173411650514,-0.0010612589007305327,0.01514344725382128,-8.206540545388366e-05,0.001003121743802242,0.005527509728620112
129,3,-0.09397324760419079,-0.002189979094881296,0.009021338051177342,0.00024294668122820705,0.0009016245927874881,0.0036903938773888132
129,4,-0.13285659460803284,-0.004886132664548,-0.012517502501186602,-0.0012312033095110552,0.0006077262498242153,0.0056832956506213846
129,5,-0.14841008326837213,-0.007596211656018267,-0.025434099779743972,-0.0018875619946260229,0.00012572342527686025,0.003479761953886063
129,6,-0.1774558296037475,-0.009249960706388314,-0.0019404489404893747,-0.0009109379219917207,-0.000711247566368064,0.00015614195642784908
129,7,-0.17724727934867573,-0.009956174807466793,-0.016013722111336833,-0.0002773305093787869,-0.0009047503623797963,-0.00022478197294452254
129,8,-0.1534296244451791,-0.011518462277462317,-0.04123457024642964,0.00019224783145987642,-0.0006683519578187613,0.001049020079537778
129,9,-0.10848232068262303,-0.012656326243063083,-0.0490690021483782,0.004770940847493792,-0.00018528384772611276,0.0006681855211099559
129,10,-0.17465916396489295,-0.014168845913773088,-0.05766021793798019,-0.0008277685521667229,-0.0008154903415504236,-0.0012618451699147244
130,0,-0.005532971570650722,-0.0023755383460150846,-0.01321637135304417,-0.008828673989463888,-0.0007243027444521434,0.0032146598092638945
130,1,0.001027262971057298,-0.003516956079461606,-0.018463612736160803,-0.010170482886950343,-0.0008969741563634883,0.0005117206756048462
130,2,-0.018897944869974218,-0.0014999734871258327,0.000633554333181882,-0.007458565545718884,-0.00046999641706195797,0.0012278715340773125
130,3,-0.03214121569284008,0.00020446765306260405,0.01806605440534164,-0.006328438787422294,-7.726435755801191e-05,0.0007113891253005132
130,4,-0.09263941582044725,5.9404547108400565e-05,0.019570001214586602,-0.005071181020421655,-0.00021844051237968466,-0.002189063780037915
130,5,-0.06590470098503544,-0.0014050412183504671,0.022411542124971734,-0.0042006328090599225,-0.0008923774916444398,-0.0040400933961649375
130,6,-0.0776382274928594,-0.002858385198700614,0.024707784997880223,-0.0019213748609345205,-0.0016842605206039637,-0.004227552165397651
130,7,-0.06017252432750983,-0.003808145020391693,0.013255393044272767,0.0022494024274834134,-0.0015597939055700962,-0.0009123195691653225
130,8,-0.012762014250987885,-0.005306289130928117,-0.00013369031230604182,0.0013100153990998765,-0.0015810081998830616,-0.0007689704909065221
130,9,0.05150970365275016,-0.005867898925584584,0.011579396700771509,0.002227763892139091,-0.0014671605723243128,-0.0011655916536282439
130,10,-0.012139823114935847,-0.006009846220820787,0.004544587591884405,0.002814384877725077,-0.0014174281190660236,-0.0037481752499066243
131,0,0.019884089277037973,-0.0010706086466679842,-0.00889283851919767,-0.006551739262159888,5.011174293635657e-05,0.007299076345723095
131,1,-0.027272703265602702,-0.003018939410573006,-0.012115196682919105,-0.005493789998637243,0.0005806241627670117,0.012937176336971046
131,2,-0.04535239439065141,-0.0005999838192232328,0.005949695618189282,-0.0033958698196714836,0.000856696611950442,0.014523492934093213
131,3,-0.04565031892534827,-0.0008892221821539959,0.01907180159851124,0.000335167677043307,0.001056752414464588,0.013256516247053114
131,4,-0.11493093626702476,-0.0033634090457143,-0.005037874679134001,0.006804396785447845,0.0014503750551501152,0.017626866647678686
131,5,-0.14145724835121093,-0.004418822322350967,-0.005572536995420169,0.002257026515423177,0.0014303797099906603,0.021168338407798262
131,6,-0.13495202650301852,-0.004306307013005413,0.029187826443389128,0.002241900928760079,0.0011730275879542362,0.018459425926009347
131,7,-0.13832845565893423,-0.004580817706204293,0.029963788341687666,-0.00042086511095048673,0.0012139256778514037,0.02104329003772958
131,8,-0.11463273253525559,-0.007091724988643717,-0.008162379430064141,0.0016108825962818766,0.0016786721078462384,0.02183147642134298
131,9,-0.09146994575834914,-0.009771454076404083,-0.03180138650732679,0.00885836584233369,0.0019392597453900876,0.021426605231859654
131,10,-0.14042103047154603,-0.013585676765064787,-0.04404045949871779,0.007448418240834377,0.0012685817577413766,0.021234161102843273
132,0,-0.027694140354509223,-0.0012988266382936843,-0.013462367969255368,-0.0047760798699825885,-0.0005234439874403434,0.0009384980810146948
132,1,-0.0268167387412289,-0.002223165735520806,-0.012996418133306105,-0.004559083198876742,-0.00046889455483938833,-0.00043852999208865385
132,2,-0.0002931302972003155,-0.0008583506609881327,0.005829482682233882,-0.0032561901792560835,-0.00016610656018875786,-0.0013639263068717876
132,3,-0.03324309830047007,0.00016065535595110388,0.011111993090196544,-0.001795917548685093,0.00010338797488368813,-0.004145378430481286
132,4,-0.11723351235614786,-0.0015489230334774996,0.0015100643963693987,0.0015959521340997449,-0.0001423171744731847,-0.005786628104698916
132,5,-0.13263781911245565,-0.003438347071265167,0.01211454742850203,0.0023354165971678775,-0.0003168096740853398,-0.006592407832292736
132,6,-0.1610403443786893,-0.0034766568668691137,0.020025414249857123,0.00816402423872028,-0.0002855465715862639,-0.004721260928215051
132,7,-0.16291896398427763,-0.0020517141405008927,0.017084565668208367,0.006107191098643813,-0.0005635790794867964,-0.0036877831623919224
132,8,-0.11242108507072708,-0.003018723203850017,0.01646467275879866,0.005371402542845676,-0.0007997425727166614,-0.006975951092805422
132,9,-0.015192978157976843,-0.005935377377666084,0.02931109982641501,0.00817839581187379,-0.0006311725843513127,-0.012660768819556044
132,10,0.0028978602434572565,-0.007108848391835787,0.030584318858798604,0.008581494185440578,-7.49909544823236e-05,-0.013282356782630223
133,0,-0.04717273149766652,-0.0014813931827886843,-0.007853559190791469,-0.004418028927632188,-0.0002703555549987435,0.0012295082834532945
133,1,-0.038711072390502296,-0.002962585104947106,0.0027201068190053947,-0.004985724654401443,-9.07561331364883e-05,-0.0008516354493617539
133,2,-0.05573867323581342,-0.0027413052381873326,0.013722234849661782,-0.006145709667921284,0.0001779623585585421,-0.0018363405196056876
133,3,-0.11747297224182968,-0.001939185539936696,0.01893358414522684,-0.007401567994250793,0.0002221317674346881,-0.0029550904422027866
133,4,-0.18178298120456055,-0.0035720751163083,0.0175154686798661,-0.005592412475533455,1.0867418040815305e-05,-0.003294741031566615
133,5,-0.18663283906383105,-0.006121724235234667,0.023274333000104133,-0.006562610373046023,-0.0001501425665437398,-0.004146157697207437
133,6,-0.2078383527110318,-0.006319678896018014,0.03365954780969682,-0.007063088052405921,-0.000537437400324764,-0.0034312480922056507
133,7,-0.19455207441246464,-0.004642895992607193,0.024529663924542266,-0.005924787308674786,-0.0005009138483553963,-0.003351572943563423
133,8,-0.10324028927474359,-0.005364760339078117,0.010352414740124459,-0.005306863673789923,-0.00036379445616076137,-0.004654699042971922
133,9,0.040516043879426256,-0.007600078425637584,0.0026036688214870086,-0.001773222359502709,-0.0004995402377412127,-0.009006161409173045
133,10,0.008906124346650654,-0.008266908860552888,-0.013382179855345296,-0.004305859010335323,-0.0003424187116205236,-0.010177424171948724
134,0,-0.019464931156428823,-0.0010471022580124843,-0.0034394053719407694,-0.0012051839179618882,0.0004679114560007566,0.007644680691772893
134,1,3.393639283799654e-05,0.0032855805927847945,0.001973075336258994,0.005512996005456258,0.0010964757307139117,0.009182360598616046
134,2,-0.016046812044035116,0.003193655948157767,0.0030323904828280825,0.009432043846363517,0.001347607355953042,0.010985276892337113
134,3,-0.02505476851738527,0.0006498492780615038,-0.016060198483563853,0.008712828034321607,0.0010561221378845881,0.012300242685878213
134,4,-0.013389830108682166,-0.0007175445297725996,-0.04509741446684941,0.009611313475328946,0.0011921916896028154,0.007681629458635185
134,5,-0.040244797564189236,-0.0014195605870788671,-0.04879425877349187,0.007371065388904877,0.0014542906362688603,0.010263381314565263
134,6,-0.05538425529550131,-0.0011634149469050142,0.0006982499340672244,0.015583440036527679,0.0018332824098691361,0.010189532784449349
134,7,-0.03636752911288864,-0.00021297559158019261,0.014538333676587266,0.005824579428201813,0.0006855060461143038,0.004488072523529078
134,8,-0.062214122796516086,0.0012193937171788832,-0.008042625294063042,0.0054039421669879765,0.0005509256334385386,0.002065606345919178
134,9,-0.06278790039209044,0.00022852774622331585,-0.03250943701302869,0.008254929279060491,0.0010963678834906873,0.010176282005208256
134,10,-0.06277123510049634,-0.002068155427092387,-0.025626070439560392,0.009130648918108077,0.0014296797888394765,0.011501608601010276
135,0,-0.02035336430046522,-0.0014271301779830842,-0.018912715928910268,-0.006461640475926288,-0.0005415971438757435,0.0012555217050921946
135,1,-0.032793284588316096,-0.001679375184279406,-0.023584730231618806,-0.006987798595441042,-0.0006505219250968882,0.0007206945644750462
135,2,-0.0018478753502756146,0.00047942178910356727,-0.004717419418427418,-0.004138462721793684,-0.00019407074534005786,0.0006402493363674125
135,3,-0.019068426733230174,0.001618511359004604,-0.0013029000780326577,-0.003567488901806093,0.00012614410380388808,-0.0005845099352004865
135,4,-0.09133727627482136,0.0001377871782980004,-0.014026028236242903,-0.00034636489580335526,5.444829021599535e-05,-0.0016183382640882148
135,5,-0.12701042944589044,-0.001089527705643667,-0.0064598381566243705,-0.0013485602555288229,-0.00023561299923053973,-0.0021096745030067367
135,6,-0.17885582741995043,-0.0011691224075386138,0.004480424071926024,0.006039982232043879,-0.00012320967949256393,0.000817247916170749
135,7,-0.1896786715512611,-0.00024494950982279287,0.004716753949080065,0.0009410096289415133,-0.0005512998856499964,0.0012994056318056777
135,8,-0.17316632761524897,-0.001341999757445817,0.0018844486601925585,-0.0005182584608155235,-0.0009122609241386613,-0.001005528094499322
135,9,-0.08888817105717933,-0.003920641767842884,0.017033897610846706,0.001140187538063491,-0.0008629897573775127,-0.005688703237631144
135,10,-0.06262423427400043,-0.005380525580370088,0.0216997594564521,0.001072140578272077,-0.00017493683586132362,-0.006233235497765624
136,0,-0.02113972441662612,-0.0015000939909078843,-0.0067510594518748685,-0.0010967179700210883,0.00017626140861885656,0.0036607396808274947
136,1,-0.012355933545280301,-0.002016906150687406,0.0005389240272213949,0.0005366019982862577,0.0007673914358697117,0.005017693336348546
136,2,-0.0030897911125526163,-0.0008675994960443327,0.014000526209710382,0.0011976781461450162,0.0010221549342212422,0.004197629032694912
136,3,-0.009742476308191972,-0.002154528676399696,0.004574166099507943,0.001335896216553907,0.0007440727334651881,0.0039004811158585132
136,4,-0.07473167758728436,-0.004882557904329,-0.0191981341467556,0.0035708366340065443,0.0009837200121520153,0.003603507575105585
136,5,-0.09037519879920383,-0.006842140584786867,-0.015164500647878271,-0.001005434353357923,0.00042502883877316023,0.002716423663755863
136,6,-0.13816495326042622,-0.006772568431299514,0.011848824058667525,0.003005074440997779,0.00017163553328383607,0.002773269190103349
136,7,-0.15345308962555324,-0.0056289748583072926,0.009555201285052066,-0.004039336141844287,-0.00024583099135459634,0.0007244893270102776
136,8,-0.15223453280775867,-0.005925059057976717,-0.02359124067017054,-0.0052839161163748235,-0.0005047425660965614,-0.0027207777577016217
136,9,-0.09176088816740194,-0.006508781805030984,-0.027529428536595294,-0.002416015712123909,-0.00015736149508701274,-5.266101995844404e-05
136,10,-0.12893450648271776,-0.008728358774714987,-0.02973072023922579,-0.000862675628296223,-0.0002102390426631236,0.003219593459081575
137,0,-0.025721492698120622,-0.0018225005017054841,-0.012750513928268368,-0.003935846274110388,-0.00046619128600204336,-0.0002484002715650055
137,1,-0.011390256506245602,-0.003838173679597406,-0.012878743392905505,-0.0035890874550886425,-0.0004979336254125882,-0.0010633523265638537
137,2,0.024995993664012887,-0.0025370254777280325,0.004310367461514782,-0.0013101834345186835,4.533027684421303e-07,-0.001622031594008587
137,3,-0.007508198006286972,-0.001468333457516396,0.008899125091182044,0.0018614674282847069,0.00041846198589628813,-0.004346517697650487
137,4,-0.10723856239450447,-0.0031550078085874995,0.0033410310194443987,0.006730140327678145,0.0002621003210183153,-0.0068447397023169146
137,5,-0.12476669272199524,-0.003984867612852767,0.017542175211175834,0.007888713753259377,0.00035784844376256025,-0.009345755184569038
137,6,-0.15559348749134733,-0.003092132691652514,0.04410306923975142,0.01045206842334288,0.0002912361021982361,-0.008531469681640652
137,7,-0.15084024143311614,-0.002060377656712793,0.048847483520346666,0.008917528515531915,-4.575790360469633e-05,-0.007240021920951021
137,8,-0.12270201493190089,-0.002956769644863617,0.03364709440971396,0.010506472041345576,-8.023984382076141e-05,-0.010719783247479223
137,9,-0.006728270468742442,-0.005601422044778184,0.029120392393891307,0.013710577642578391,-0.0004104820935316128,-0.015484653137770744
137,10,-0.03411356749758844,-0.007066454060728387,0.02272059809377321,0.016361916714171976,0.00035500384660887643,-0.015640577508984826
138,0,-0.006401142268969921,-0.002119332247597084,-0.010943120188254168,-0.0038077062774760882,-0.0003187059542533434,0.0034390592103237944
138,1,-0.012035332562857102,-0.004313724036141406,-0.015066454199618006,-0.0011531528673762422,-0.0002037348020153883,0.003173738590061446
138,2,0.0013941047104332836,-0.0029692080201026328,0.0007542444190313819,0.002082534861268216,0.0001684152732228421,0.0016081799426641125
138,3,-0.054731242650826475,-0.002475856497125596,-0.0010030411137849568,0.004013313419502407,0.000653410188238188,-0.0016857431256604868
138,4,-0.14152468521369188,-0.005020336017774399,-0.015186937795224502,0.005414174743502845,0.0005620038288726153,-0.001449975215438615
138,5,-0.16664535625893853,-0.006179947483162567,-0.01131020852441367,0.0045932743798807775,0.0006862548591199603,-0.0006459683605566364
138,6,-0.19398781080869582,-0.005437901231911514,0.015920293755767125,0.006913200790967679,0.000588564267098836,0.002120552705638149
138,7,-0.19710862959706404,-0.0043003717775508925,0.017864124287654964,0.004177347286146813,0.00024684263155530365,0.0028465289964484776
138,8,-0.147756237639331,-0.005320057627040017,0.0061164484791540585,0.0005767637950881766,-6.423485889816142e-05,-0.0002822724572322222
138,9,-0.04828491774587064,-0.008090977875684885,0.01045949604116991,0.005686124521445792,0.00020236645681718726,-0.004162625359232544
138,10,-0.09208229297285975,-0.009174666208578488,0.008143447194294804,0.0017214789495323768,0.0004712221734972764,-0.005447066781679324
139,0,-0.043072827073262425,-0.0017060615853835843,-0.010545506895022668,-0.0041045713606650885,-0.0004387092294812435,0.0006580640558999946
139,1,-0.0305999968207557,-0.003390853246048806,-0.005485580663880005,-0.0026724290469067424,-0.0002000638972989883,-0.0009746194524412537
139,2,-0.04969095833064952,-0.002862243079541633,0.008727613148707283,-0.0023213537956835836,0.00011112933090564209,-0.0017106676531978876
139,3,-0.11012050839159529,-0.0015352985532834959,0.01738983113016674,-0.001410557966827893,0.0002843314613070881,-0.0023365714909778863
139,4,-0.17855113412303913,-0.0030781912317220995,0.0150582621646042,0.0019410773270462447,6.068619268491534e-05,-0.002663402299187315
139,5,-0.17326800573290593,-0.005753395706310567,0.01909968550154103,0.0013381362504641774,-0.00026227593836413983,-0.002551609925530537
139,6,-0.19305405904104783,-0.005902099917836314,0.025370843796320625,0.0015038231669751794,-0.000715402073895064,-0.001154536545626351
139,7,-0.19046186370383894,-0.004194692318319893,0.015403277981492765,0.003733699445683813,-0.0006377693638781964,-0.0006881351511898223
139,8,-0.09292831409597889,-0.004983525531240517,0.0033517980295367585,0.0048701276491600765,-0.0006368169346564614,-0.002828585564238122
139,9,0.022607586669128862,-0.007058371479257084,0.00897521330511681,0.00765936659710879,-0.0005586464692067128,-0.006846476493916145
139,10,-0.015896912863085942,-0.007883545649657887,0.0007369644494934057,0.006386374380494877,-0.0003798537692286676,-0.008327629750750524
140,0,0.010124490712144878,-0.0014625582572965843,-0.00823101176509887,-0.0050336167009403885,-2.8759448137343423e-05,0.005896644545915495
140,1,-0.0326754249930129,-0.004448273180314906,-0.0034988915536419054,-0.0038526206165278424,0.0005204630088569117,0.008102917653452446
140,2,-0.03135734596572442,-0.0012499106958540327,0.01762236581153078,-0.0009542936029282836,0.0011168085199211421,0.006294423629809613
140,3,-0.05261913134663078,-0.0019310026413946958,0.016106068722672146,0.004234749645420907,0.0013682555267888882,0.0011771520587503135
140,4,-0.11294663832151607,-0.0044606474579480995,-0.013165154119510603,0.0005020573764988448,0.0008174822637265154,0.004085966366430086
140,5,-0.10837096801604364,-0.006582221565103867,-0.02853360161316317,0.0008764085224910773,0.00033711886295446024,0.0016169775977181635
140,6,-0.1417771701958099,-0.0077369489905543135,-0.0018277164341808753,-0.00037004358400282073,-0.0004756782271572639,-0.0009169836600213508
140,7,-0.14799761100747993,-0.007690252054501593,-0.018005414857146334,-0.0005839999021053867,-0.0009188247077481964,-0.0015090066939285225
140,8,-0.1292298274248776,-0.008239755344042417,-0.03620158434238474,-0.00018790889166332334,-0.0007296507517763614,-0.001590091142751622
140,9,-0.08019684588109384,-0.009380026958550485,-0.036756320088485395,0.003049679600558191,-0.00032673541796201275,-0.003417233195314744
140,10,-0.14308987518061575,-0.011005376607605987,-0.050090816099727195,-0.00047891084096992297,-0.0010426646228596237,-0.006039801763000924
141,0,-0.017840581963608222,-0.0029408694188641843,-0.016073482576332267,-0.009154732260887689,-0.0006451207407218435,0.0022060343750632946
141,1,-0.005102543330036902,-0.003437564379256506,-0.024519195727278807,-0.009542574994497344,-0.0009768424811031884,-0.0012088832567691541
141,2,-0.026521564929153314,-0.0015913331733204326,-0.012131190899849917,-0.005156842813109884,-0.0005692228037252579,0.0012497168288647122
141,3,-0.043639167839368574,-0.000893038891724496,-0.0013527121419225577,-0.002248811796016093,7.558172213698809e-05,0.0026571078471286135
141,4,-0.08370475967090536,-0.0014162096729810995,-0.0028665433817966013,0.0006763567268609447,0.00020759321635931529,-0.000553610716639715
141,5,-0.08519215390069083,-0.002787493192755667,5.030713211992988e-05,-0.001043127822599623,-0.0002947750385981398,-0.0016302731913986367
141,6,-0.1074475308760968,-0.003952967993282213,0.007802377273465222,0.0022246565725237795,-0.000844173099937664,-0.0009466697955000508
141,7,-0.10143912374014703,-0.004226866634156093,0.0008853159631450648,0.002276187499091013,-0.0009078132363205963,0.0014604478500003775
141,8,-0.07879366169748478,-0.005270834276687217,-0.010258290461612142,0.0015625171148461764,-0.0009749559685788614,0.0009881288284654779
141,9,-0.012930998389243942,-0.006142032707841284,0.002224027195156508,0.0009399703566220911,-0.0008020137951486128,0.00033755911325055593
141,10,-0.03152251741462345,-0.006820240124926387,0.0022615653409403056,0.001628157547369677,-0.0005090543789614235,-0.0014348433295474244
142,0,-0.016151639903506425,-0.0009977652051079843,-0.009866918688963769,-0.005188519689404288,-0.00025632533720774345,0.0017684295549939945
142,1,-0.0702833491135314,-0.002827577943043206,-0.012580395213082806,-0.0029624436814170425,0.0002699030092317117,0.006569445777805546
142,2,0.018795535777307477,-0.0005178018020490327,0.010365919719757782,-0.0019703995901365835,0.0007165353162279422,0.006276504122797313
142,3,0.05914414355209762,-0.001173486008151496,0.013557687851679942,-0.000973813446411193,0.0010197123383449882,0.009786976166670012
142,4,-0.018032119303138056,-0.004362479409092899,0.002190050139904999,-0.0009353905435796552,0.0013274677712929155,0.014034483180734685
142,5,-0.08289156516507024,-0.005796431911157067,0.017956564159823128,-0.006412470779142523,0.0011229210669749603,0.013316058955741063
142,6,-0.052932200040088404,-0.0048808080599728135,0.07389969721281203,-0.005872481846894621,0.000952653945804536,0.010396729411132549
142,7,-0.06047726517879623,-0.003153896861380393,0.07510639352459457,-0.015134472809869884,0.0006293035784453037,0.011292342670144078
142,8,-0.09784417290136868,-0.0007435870950775166,0.06192901669054586,-0.013518665933650025,0.0005892699027701386,0.009597314066809777
142,9,-0.07871078693722204,0.0012444586634433163,0.02937062796079751,-0.00886984118043971,0.0005627610291315873,0.008746393801640356
142,10,-0.10293620450636784,-0.005540855656525987,-0.015699299708070494,-0.004855188454284923,0.0011446548017554764,0.015090445697381978
143,0,-0.000682818275008424,-0.0018327602075764841,-0.004193772746190368,-0.003769217567600988,5.4397041235856554e-05,0.007537226778727394
143,1,-0.003928356263473301,-0.001477685194791106,-0.010628780944438906,-0.0026520805087544425,2.3418819084411707e-05,0.004956136811082246
143,2,-0.04480475667591381,-0.0009896794592168328,0.0021315281628149826,0.002193728743299716,0.0001258604712793421,0.004471731081216313
143,3,-0.08649495050425687,-0.0015990702849201961,-0.003958940376858558,0.0017541927145338072,0.00014717082044938808,0.004342939511516314
143,4,-0.12520129291342325,-0.0029764245812365997,-0.0161326973403949,0.0018343893801900449,3.1726562201527236e-07,0.0028606450172761855
143,5,-0.14517119626408104,-0.004769389875989467,-0.018966927457099672,0.0005943859723523772,-0.0002871172466240397,0.003938730859655463
143,6,-0.1689000623224884,-0.006372952975582614,0.0013661715076734235,0.005341654559166079,-0.000741826816700364,0.003590685163499749
143,7,-0.14976210065195003,-0.0071478359557915925,-0.002346358820345333,0.005567852954260613,-0.0008591229408400963,0.004962216666109577
143,8,-0.10994847696833608,-0.008891706460467618,-0.02161170122829114,0.003988419543899976,-0.0009538862326117614,0.004302334369631978
143,9,-0.05360660828371734,-0.010532331958085485,-0.019806001161597392,0.007578397963628591,-0.0004920033798796128,0.004074198812990756
143,10,-0.07458220648877983,-0.011273438770801386,-0.022476806987613993,0.0039565307878165765,-0.00048764622089612355,0.0011813563180522756
144,0,-0.021405344240431723,-0.0017543795337158841,-0.01136325652647377,-0.0052819036363954885,-0.0005147564051710434,0.0018863078070681947
144,1,-0.004057707287969501,-0.002397183781335006,-0.008485668442483406,-0.006405921069261543,-0.0005649747930410882,-0.0028507103704581535
144,2,-0.024946885361555517,-0.0012076790642041326,0.005363897673467582,-0.004843157429649684,-0.00011106060417805791,-0.003612384651014588
144,3,-0.05907075918972807,8.804841742780399e-05,0.012809799935192243,-0.0050385714878776935,7.233941984398812e-05,-0.006038869139487587
144,4,-0.09324171186375767,-0.0006889644397525996,0.012904369959817698,-0.004291084898591855,-0.00024772965682998474,-0.009570448248962613
144,5,-0.06713872361476604,-0.0030518994183131674,0.01628414925421573,-0.006324198031545523,-0.0008963484212964397,-0.011258535392332536
144,6,-0.07571162272830351,-0.004499547342596614,0.014906072995150024,-0.006038753494714221,-0.0017227766912504639,-0.011709205077619552
144,7,-0.06899551737028203,-0.004860575691061693,0.002317095237287164,-0.003192096639839187,-0.0015149556556104964,-0.009816051646688823
144,8,0.009564824587513218,-0.006847184675699217,-0.011451146396505442,-0.004638502361659024,-0.0015078615644211614,-0.009052890020282924
144,9,0.08216326260117696,-0.008304641534421684,-0.0011302769989523917,-0.004163236397588909,-0.0013585129938134127,-0.011596638848750344
144,10,0.033116001043047766,-0.008206699659296487,-0.006540183392379995,-0.005187467179572823,-0.0013266598063655236,-0.012837586986048224
145,0,-0.003944082405137222,-0.0022030304949335845,-0.01242472691229697,-0.006047616959171688,-0.00024004453779954345,0.0026703329364651945
145,1,-0.023900830389218402,-0.003298864816802206,-0.014939800930696006,-0.005954651052236443,-0.0002547558745931883,0.002114119713251546
145,2,-0.010575426966779116,-0.0017462719013546326,-5.948459360411752e-05,-0.004861193519343384,6.886472632964213e-05,0.0026713826816323126
145,3,-0.04141381718439638,-0.0013478582646713959,0.003799719630841943,-0.004978249024531194,0.0003096594375004881,-0.00036952110001198636
145,4,-0.13286458557117867,-0.0031887138451086997,-0.005495147417454401,-0.0029892634112534556,0.00041960382026341535,-0.002481815244835115
145,5,-0.14818469938565593,-0.004327682571003667,0.005176038054333729,-0.009126402706663223,-8.389107503103976e-05,-0.0031828486425500365
145,6,-0.1649291968449747,-0.0040113988643336145,0.03867605614988512,-0.01120397009744942,-0.000779639288407164,-0.006180563170787551
145,7,-0.15666293159075112,-0.004060063906014793,0.03757874344079487,-0.012942231217813885,-0.0008645960029862964,-0.005274191805982922
145,8,-0.0799414225221386,-0.006547656942477717,0.0017905743588547585,-0.016647001762727723,-0.0012328069468698615,-0.007538917703386821
145,9,-0.012783456936256044,-0.009159664926789483,-0.021321916233330494,-0.01111943943311971,-0.0012338597227610128,-0.011583673302524545
145,10,-0.08936316475025995,-0.010721696728951187,-0.030425433034222394,-0.004470001608849324,-0.0009725603426532235,-0.011011731070991322
146,0,-0.009877404957911323,-0.0006411945609876841,-0.010015573729907268,-0.004055826560017688,0.00012685960225555657,0.0039871329188115945
146,1,-0.0169034603919977,0.0007333135852856938,-0.013538509851548506,0.0010925791922582577,0.0010050367405862117,0.009504222436820446
146,2,-0.005655021703419515,0.0025896919941892672,0.005978415599854182,0.002821865442071316,0.001349022874108942,0.012535271887982513
146,3,-0.006844772260077674,0.001038885143113404,-0.0006930104502276564,0.0010625392517774068,0.0013145022252312882,0.017793835655323414
146,4,-0.039260202457214566,-0.0006820005288858998,-0.0222814463690563,0.005312595182994745,0.0022124017956002156,0.020745773939488385
146,5,-0.08543169364598013,-0.0017226353891401673,-0.02295780407518007,0.0022435304343828774,0.0022317667214955604,0.022417752368278664
146,6,-0.08608384736546361,-0.0016922535795554135,0.022849628725984124,0.010579347139356479,0.002782724805435936,0.02276492542460765
146,7,-0.10503510777341424,-0.0006390089157806925,0.03248509689439216,0.0006264075442498132,0.0022520569835602034,0.021206774083335378
146,8,-0.11629352237744799,0.001115294373390383,0.01502790695189616,-0.0029288203246610233,0.0016117860411764386,0.01777728549801868
146,9,-0.06613921247324064,0.0009500502817876167,-0.0035183184637107914,-0.000189879982073209,0.0015812557633993873,0.019882845797389054
146,10,-0.09316744008708285,-0.003709871394379587,-0.014003452940243594,0.000983000664308477,0.0012840142973990763,0.023975983171239074
147,0,0.019255726590074674,-0.002322360644494084,-0.020562788105430867,-0.011889875261525486,-0.0011904076893267436,0.0027940016074537947
147,1,-0.029346770759666203,-0.005211513713484906,-0.027817461318404707,-0.011866297775737543,-0.0016417012034317883,0.0040983593561766465
147,2,0.052450490956918776,-0.0020914834368137326,-0.010949310590056716,-0.0045883239658262845,-0.0010427831399803579,0.0023569841623793126
147,3,0.04063585195227993,0.0005232209523269038,-0.002537022012508357,0.0015726665428514067,0.0003333038828985881,-0.004042806742707987
147,4,-0.09299706441687676,-0.0017041735424078996,-0.011454237599709403,0.004815091987508845,8.712835622451534e-05,-0.006557064410368415
147,5,-0.10758082857210274,-0.0023152417406541673,-0.0027054562844181698,0.010107902317279278,0.00024191295638266024,-0.009001364837546138
147,6,-0.1484097146162232,0.0005468315451248864,0.024422356546245624,0.013010019359226879,-0.00014052141307616394,-0.006866333459338151
147,7,-0.17548844165506033,0.0023427888687675077,0.03197836181359516,0.004715105559817613,-0.0005211247786339963,-0.004546729187281322
147,8,-0.1988365538699134,0.0004728304968844828,0.02781248993519486,0.0035922464863005765,-0.0009265303879377614,-0.007222804330558822
147,9,-0.11436999047745423,-0.004963843891408184,0.03105344781530851,0.01202273820349049,-0.0005037347542921128,-0.014625934370586643
147,10,-0.07148752062754114,-0.007219298778388487,0.03837733323222231,0.016839583382843477,0.0005017376359015764,-0.015768098512722723
148,0,0.009332445791454577,-0.002249471502394784,-0.01673268009333077,-0.007993378205952088,-0.0006409823675441435,0.0024077365788273946
148,1,-0.031233279656855805,-0.004765092574776406,-0.025502758206486703,-0.007493071769103242,-0.0008109064737854882,0.001017316962639546
148,2,0.021579678304688286,-0.0030129998051176324,-0.015777098838050417,-0.0029284800868715835,-0.0002474954501826579,-0.0011459427096761877
148,3,0.002215205017613825,-0.000763803348847096,-0.008175515238309257,-0.004652397103934193,0.0004130965328091881,-0.005520180626586987
148,4,-0.13486306649839766,-0.0034010237766191995,-0.015977933767517903,-0.0034753213269976555,0.00030109673265631533,-0.005123796224972614
148,5,-0.14698508841838642,-0.004785390630288967,-0.003978226275186569,-0.0062722136472290226,-8.440203020163977e-05,-0.006337433860783937
148,6,-0.22120692323672903,-0.003084062459414514,0.024211541326140524,-0.005082936997115321,-0.000815395612667864,-0.005107275085661351
148,7,-0.24801291396271163,-0.001994412187997293,0.023225925746929266,-0.007449249267879687,-0.0012262801623695962,-0.0034668698769507226
148,8,-0.1785280421307215,-0.005768291716342117,-0.014949552223069342,-0.005829576601359624,-0.0013849148957536615,-0.005541526862981522
148,9,-0.06954164098805435,-0.010291304526052883,-0.02818249593293669,-0.0019915516492515087,-0.0015071218020610128,-0.011778994331167544
148,10,-0.05388193575170035,-0.011111627235777887,-0.0413923866096511,-0.0023156313200338235,-0.0010006011317932237,-0.013188015586784424
149,0,-0.018097827129322223,-0.0020598594423636846,-0.014481582064532568,-0.006943894360381088,-0.0004975871071542435,0.0012382710620232945
149,1,-0.021868360448967103,-0.003776972237461006,-0.019421773156732103,-0.006150688849246643,-0.0003876418047474883,0.002588443852313446
149,2,0.02077980825958428,-0.002031962468054633,-0.00839820732194882,-0.0027254120218752837,7.410008418814209e-05,0.0023466884870941124
149,3,0.008755676591208128,-0.0010725684056386961,-0.000977751948251858,-0.001391305782137793,0.0003337993382435881,0.0029041147448330136
149,4,-0.09198269871713147,-0.0036590951444372,-0.015505987415200203,0.0014444529524905447,0.0004812582262011153,0.0048660084497235846
149,5,-0.13092118805457514,-0.005507081946318367,-0.00833169000034297,-0.0016996969421602228,0.00023332058467786024,0.004127239581785163
149,6,-0.1801498677092817,-0.0044132462828472135,0.017602358310385525,0.0014309836666148794,0.00022444835081083609,0.0054830139124220495
149,7,-0.206429813737726,-0.0022782190300872926,0.020520393440943765,-0.0026916029022518873,-2.112743837659635e-05,0.006359075359781578
149,8,-0.14113799830541068,-0.002514406028329117,0.0027939334610587578,-0.004501596837667124,-0.00032690897150586143,0.0027610185526163776
149,9,-0.03898589381310844,-0.005568558968282484,-0.012965026574660393,-0.0015326180345537092,-0.0006056630268231127,-0.002475086445913744
149,10,-0.05331261515444065,-0.008635740959272088,-0.023963609431184394,-0.0034173238269520232,-0.0004644935906679236,-0.0017589739722911244
150,0,-0.013694771506794922,-0.0011798535907951843,-0.009234713096216969,-0.003701254619332888,-6.370563798043443e-06,0.006294965546542394
150,1,-0.017055923666711503,-0.000947719178982306,-0.013832750445752506,-0.004353169225086242,-0.00010883011737768831,0.004485641638870646
150,2,-0.042222018043023814,-0.0008745288526113327,-0.000545760331412317,-0.0012904210976960836,-7.46496518174579e-05,0.004799005166978112
150,3,-0.06911820380712347,-0.001390486094471496,0.0007678803723311419,-0.001816742871525193,-0.00016745062064761184,0.004988507700337413
150,4,-0.10948467464101036,-0.0027626805514279996,-0.011227240081485203,-0.00031003550186475533,-0.0003258206868827847,0.003254069418913485
150,5,-0.13051177357168933,-0.0051995082009011675,-0.014868419644758471,-0.001825016224336323,-0.0007318589032583398,0.002879131709497463
150,6,-0.152330356659228,-0.0075185648098829135,-0.006671201271962676,0.002656458217374179,-0.0011525683576959639,0.0014096929893637493
150,7,-0.14421668326155762,-0.008276205489064393,-0.013572737063233132,0.0012917599881757133,-0.0013746019798055963,0.0022438552701034777
150,8,-0.12101490286478209,-0.009561457000981818,-0.028452263842976642,0.0002130458493014764,-0.0013150224274304616,0.0025616015505778777
150,9,-0.07045099502868804,-0.010899963625879885,-0.021614490033499894,0.000340008826311391,-0.0010863563328578128,0.0018557230190451562
150,10,-0.09036480389354934,-0.012481106760438987,-0.02909101193766959,-0.003022739633989523,-0.0011332349660801236,-0.0017283546256645244
151,0,0.015639845432662076,-0.002644514949366684,-0.008758662432275568,-0.008148246664825089,-0.00028375162959654347,0.006107638126290495
151,1,0.0021114686053116984,-0.003330611636030906,-0.017155362855464706,-0.007023477340358042,-0.0003120132568011883,0.002699899330667246
151,2,-0.04267065941483241,-0.0020299159207783327,-0.00038715368520831836,-0.0018557347569170836,0.00012556748263364208,0.0039227182181164125
151,3,-0.07579650500024437,-0.0018402873333563962,0.007833167426422042,-0.0003257386166060931,0.0004683937432614881,0.004572697577173913
151,4,-0.12841243698361166,-0.0020127250368471,-0.0013868252880567015,-0.0004537844083987553,0.0006758736170173153,0.0009101226423850854
151,5,-0.14300441553455095,-0.003825120145226667,-0.00802657358660157,-0.0026117218495959227,0.00031929176438496025,0.0007957508870672634
151,6,-0.1640065095315627,-0.005855558653036914,0.011565000780465524,-0.0012733281512050207,-0.0003481391761392639,-0.0005064796132751507
151,7,-0.12598100134199325,-0.007727310540281393,0.006570534899214563,0.0016204940802766134,-0.00021752363354889633,0.0014729042065084776
151,8,-0.10238490948914789,-0.009753766190944316,-0.01956076729887804,0.0032113521652739757,-6.959219543846142e-05,0.0017066205115328777
151,9,-0.05772508860679684,-0.010632019803161984,-0.022263420017729393,0.006502826916570791,0.00025810224118258726,0.0022354023309893558
151,10,-0.08947494538796855,-0.010981319099557588,-0.026420573695469195,0.005167472776604577,0.0001469717994589764,0.00032484174152037524
152,0,-0.01830665213943352,-0.001567582128930784,-0.0063897839876125686,-0.002652132463015988,1.5937430847356564e-05,0.004152791467667695
152,1,-0.050143457939293,-0.004409974008541806,-0.007495545382450706,-0.0002761170447723423,0.00046238410593721173,0.005876361773053546
152,2,-0.013606062533454116,-0.0027356506203162325,0.009366331167979082,0.0015030865392181164,0.001032979835782442,0.0036149802861137124
152,3,-0.004221240337318674,-0.0025789702547471963,0.017552231453655046,0.003733803418329607,0.0016708022003234881,0.0017275700577411134
152,4,-0.13617666838352466,-0.005424425406339,0.004733170583728199,0.005642803831608745,0.0017004104791042154,0.0047029870773396855
152,5,-0.14263240227077822,-0.006915022977504667,0.02212504315985373,0.0002472895836008772,0.0014716580203403603,0.004653132526008264
152,6,-0.1404382381826449,-0.005714832188251814,0.07499841786402323,-0.0017309652332068205,0.0011204005843918363,0.0032102027195890495
152,7,-0.14019509452616294,-0.0046845380637759925,0.07172352726769697,-0.0036822639335331872,0.0008456052185436037,0.004777318749017278
152,8,-0.13103946187132487,-0.006338682622403617,0.02479873791649816,0.0016179929443174764,0.0013762634846597385,0.0021605059221606777
152,9,-0.031947670759967045,-0.007299517233571584,-0.007130115833702392,0.0040895309817361915,0.0008059424179890872,0.001067085909969556
152,10,-0.09290557732079745,-0.008352342649098187,-0.034660136314141596,0.001467532021785777,0.0006736406822134764,0.001642901484709375
153,0,-0.029158568239589823,-0.0014114881487420842,-0.013550269264879069,-0.003737478488804588,-7.613873040624344e-05,0.0026266715448550943
153,1,-0.047006499129835996,-0.0032992027519042058,-0.016164514882080802,-0.004847693762378542,0.0002197549937226117,0.0023354690643779463
153,2,-0.017603943878124514,-0.0008604141991846328,0.0027749151018072824,-0.0032825635657564834,0.000752704187809142,0.0003146793821376128
153,3,-0.00169264860135427,-0.000688094513894696,0.0032865552584332427,-0.001751423314734193,0.0008893365020462881,-0.0010474313964646867
153,4,-0.10198167310256866,-0.0034323677462013997,-0.006221897053186601,-0.0027822756922519553,0.00041649101284971533,-0.0017462590003936148
153,5,-0.09536514438546874,-0.004707207401832767,0.0043408226692148305,-0.007309663654242623,-0.00017995180576783974,-0.004217614987589137
153,6,-0.1294484191159945,-0.006151681611235414,0.04842874383496783,-0.008756012697948921,-0.000852761967119164,-0.007565322259336151
153,7,-0.1263982206471138,-0.0072197937451759925,0.042093999952677666,-0.014444780630471986,-0.0014022430276671963,-0.006559772576430022
153,8,-0.09385325250020969,-0.008239486594297716,0.011306864235730959,-0.013029950357464523,-0.0013439689127685613,-0.007153945863541622
153,9,-0.046692110242408644,-0.008322589471899084,-0.0015803974152018918,-0.01071014916642001,-0.0015619705690874128,-0.007754997205371244
153,10,-0.10016544735213755,-0.010460232926775188,-0.020875268501451095,-0.009708096870436621,-0.0018576695347250235,-0.007489536384555925
154,0,-0.024572642392454522,-0.0017491700095630842,-0.00910467259853467,-0.005316969315992588,-0.00039896037771474345,0.0032474011388854947
154,1,-0.0349278959182352,-0.002893784659270306,-0.013743248769481305,-0.005721607161410042,-0.0003202809434483883,0.0007427867902029461
154,2,-0.05677786927878952,-0.001613337443153833,0.004956621023676482,-0.004097160829084584,0.0002258770663294421,0.00019407925656141252
154,3,-0.08563911955782139,-0.000641640431608396,0.021234913947041044,-0.0057084533365830935,0.0005931451930814881,-0.00040859873634058663
154,4,-0.17321243447310358,-0.0014740567225608996,0.0213452671734905,-0.003486064454762055,0.0006124379696260153,-0.0020024721124836152
154,5,-0.17180972381436233,-0.002789452071830867,0.02825073614895883,-0.006967629504565722,0.00011328719414896026,-0.0028799407193053363
154,6,-0.188171043906591,-0.003637722508927114,0.04713554169558683,-0.007437417513994521,-0.000525358276827764,-0.004082994262720351
154,7,-0.1771261099498243,-0.0044638657079165926,0.03975839948869296,-0.004782580757826787,-0.00025718429639449633,-0.0007874143489807225
154,8,-0.11098121095436458,-0.006101155092891217,0.005196785636445059,-0.005518347542326023,-0.0003513837398831614,-0.0014310667719534922
154,9,-0.01910285324503964,-0.0064068119379827836,-0.010195744373974892,-0.0009239841377574089,-0.00029533055176621275,-0.002809843099930144
154,10,-0.07791538244851484,-0.006539583363179987,-0.029918232040442295,-0.001075520046331823,-0.0002979106400936236,-0.0031279705880275246
155,0,0.005593408353438179,-0.002347738016992884,-0.014662283918261968,-0.006484265505532488,-0.0005103634377559434,0.003888784088489395
155,1,0.004645766178170099,-0.003396793148144006,-0.022892826011684804,-0.004941399646560242,-0.0007240404663754883,0.003136319802163846
155,2,0.013978198888835483,-0.0024858694618295324,-0.009525283182356216,-0.0005467336653173836,-0.00046603255273355783,0.004878898449233013
155,3,-0.03460921250884547,-0.002202297689619996,-0.010973012487636857,0.0018164873874198068,3.0415634672878054e-05,0.004825188038866213
155,4,-0.11543819980614896,-0.003762945648779,-0.0233699623997911,0.004498954308128345,0.0002850394496792153,0.0038335903453753854
155,5,-0.16605661042637984,-0.004821699567493667,-0.02406206448757927,0.0034076274948055766,0.00035569680640336023,0.004640406976272363
155,6,-0.20805342729943932,-0.004399372082258013,-0.0029533798747464757,0.008061439641953579,0.0003466745981604361,0.006843023366189948
155,7,-0.2381466178113668,-0.003259602244153093,0.0009015571907912655,0.0037844407882768128,5.459886592612965e-05,0.007827287298937578
155,8,-0.1931115412937665,-0.004466971734914917,-0.005874213312265243,0.0012701732825550767,-0.0004376748118362614,0.004021603588472378
155,9,-0.09313384786222924,-0.007590843716266184,0.00041949677083030854,0.004854512418943791,-0.00029008439912581277,-0.0006773001997972439
155,10,-0.10231998793160374,-0.009334190566415587,0.003285179487284604,0.004417926864597676,-5.1426809333923615e-05,-0.0028294064315083243
156,0,-0.014980613219758522,-0.002766086439500784,-0.007555860862077769,-0.006049404029218988,-0.0002839320426720434,0.003867177835116695
156,1,-0.012355246729435401,-0.004033132433617006,-0.010432748115784905,-0.004949307881211642,-0.0003630963155854883,0.0007166575033543464
156,2,-0.05550364613742962,-0.004118533724301833,0.0007422947140787823,-0.0013051792068572835,-8.804854110545793e-05,-5.890705891887626e-06
156,3,-0.10640674670685299,-0.004555926131830195,-0.00018110939126315777,0.0003558496112167069,0.00012532013593948813,-0.0014249237808701865
156,4,-0.14149675820962937,-0.0062265607404288995,-0.010067290626538003,0.0014022735792892447,8.21238263786153e-05,-0.0030780784471083145
156,5,-0.18013556576089984,-0.008401124029363768,-0.02012932044635577,0.0006915875399422771,-3.5315999641639766e-05,-0.0033500654833857365
156,6,-0.2053403167110227,-0.009119516624943313,-0.007932955827538578,0.0021792448263454793,-0.0004245243190784639,-0.003174991876472151
156,7,-0.20193889099996104,-0.008213116573018292,-0.012260927124618435,0.0012275526126286132,-0.0005096078127888963,-0.0029209060871320225
156,8,-0.14580707377364888,-0.008961522344941016,-0.025429715666511643,-0.0005354576801902234,-0.0006324478726962614,-0.003885589045181122
156,9,-0.04858131087883784,-0.010880831065664384,-0.03124334064807319,0.001923712087713891,-0.0007465941617813127,-0.005412436153253245
156,10,-0.10308771699026664,-0.011470022753333087,-0.03759119935970029,-5.5445617894123015e-05,-0.0007998609937857235,-0.006627562033670924
157,0,-0.024462931749889723,-0.0021565877261783845,-0.015427456741860869,-0.006062414534022188,-0.0003192975180425434,0.0032778166384248944
157,1,-0.002439651784814402,-0.001974852063130206,-0.010445495060048306,-0.009820450035300642,-0.0008259285025506882,0.002196051237084846
157,2,0.006095928951659285,-0.0014827802530199326,0.006784473487415883,-0.008544811311852384,-0.001277590537838258,0.0031730419110527126
157,3,-0.004548767225233376,-0.001219390181522396,0.006277660609173043,-0.007445894341012593,-0.0016741943301614118,0.0012297949005817136
157,4,-0.032761405507735264,-0.0027705509626156995,-0.014874945544493803,-0.004745089394580855,-0.0016430769890283846,-0.0025709689805872146
157,5,-0.05302098856805784,-0.005089409164845267,-0.020883228469514868,-0.006393059716506423,-0.0019530537858460395,-0.003554673221233737
157,6,-0.0840416877587118,-0.006518637431842414,-0.010947050740970077,-0.0003417566958730208,-0.002076569423095364,-0.0034336413542757505
157,7,-0.08758808965608533,-0.006363902945779393,-0.014846375548277734,-0.004287601060234687,-0.002446749601792597,-0.003822862968127523
157,8,-0.08288079740734469,-0.006388642084212417,-0.01930713936737284,-0.004470795877231423,-0.0025063368062087617,-0.006127291009343122
157,9,-0.04152154973642464,-0.007797789607310884,-0.01008664051048589,-0.006037839127427809,-0.002425121763516313,-0.007484408767688645
157,10,-0.048237707672259045,-0.009228214169107588,-0.004554215503873794,-0.006464970240964823,-0.0020046626830683236,-0.008006939881819325
158,0,-0.024813736438696523,-0.0006663281955177841,-0.0024381166533958692,-0.002015909693176888,3.097298825581655e-05,0.004452601712112695
158,1,-0.022542936501825202,-0.001606510652937506,0.002908983080898094,-0.0018907710188612425,0.0005711493842050117,0.004427082237318146
158,2,-0.025626392507081014,-0.0006707923805637328,0.01930353822703698,-0.002053149660314984,0.000933508229139442,0.003591923391552312
158,3,-0.05225634273083328,-0.000509095420651996,0.022675047482503444,-0.0047588641048316935,0.0007239046495110881,0.003229825616742813
158,4,-0.13079778068677086,-0.0027438820226938997,0.009823074207976797,-0.0022362331952855558,0.0005529560375824153,0.004601793631776586
158,5,-0.14953350484039865,-0.005090317988711467,0.016829602819808734,-0.0032833336844102228,0.00033222058609226027,0.005892009510041764
158,6,-0.16485941493396178,-0.005646524876340314,0.03631688575059923,-0.0009038142970244206,-1.754289835296393e-05,0.007597375370226948
158,7,-0.16817685645200126,-0.004733965111365393,0.03207108358953517,-0.0013291927330120869,-0.00020374105321909633,0.009372383623994177
158,8,-0.12436035531480809,-0.006077101451929617,0.01618520382279106,-0.0018982082248334236,-0.0002681698608799614,0.008394094779041477
158,9,-0.03931259848419334,-0.008864038434771283,0.013767024476261408,0.001210514505737291,-0.00033917450257481274,0.004832265980600756
158,10,-0.06284491743952514,-0.010231518192551086,0.006613771763096004,-0.0032185633172518227,-0.0005725734022258236,0.0031186414976627753
159,0,-0.029000502261712323,-0.0021072376977528846,-0.01309026706590937,-0.004501514560773388,-0.00014946329367144343,0.0030545065489818945
159,1,-0.024518108625301502,-0.003035132877533606,-0.014277518290750805,-0.004286648491390243,0.00025742141726031167,0.003614214797054746
159,2,-0.03387940047775992,-0.0017373371967971327,0.0013011365012971822,-0.0037860872967318835,0.000722531703359542,0.004113662229911212
159,3,-0.028859714725704776,-0.001598989066169796,0.006942887439083943,-0.0020164651536159926,0.001036097361993388,0.005528347496860013
159,4,-0.05897409195223526,-0.0027551483325940996,0.004497871604994699,-0.0032152814167648557,0.0009374329511354153,0.0038370745146521852
159,5,-0.07778356091146624,-0.004181237859943167,0.00447903155893283,-0.0068500075423366235,0.0005295704420911603,0.0023677683096062635
159,6,-0.11213928147954111,-0.006202205970463114,0.022323795063528124,-0.003857050399304121,0.0002825193297549361,0.0012684328831887492
159,7,-0.11657028953874413,-0.006301940560995893,0.010855310821704366,-0.005989458699305988,0.00023755419492360366,0.0026230871732496777
159,8,-0.09484705091777829,-0.005523401451635917,-0.0013829325558374415,-0.008133844775966624,9.886761087103858e-05,0.0017220169804879777
159,9,-0.05699001395149014,-0.005334694577051084,-0.013623389278548993,-0.005570461505794908,-0.00010970775023821277,0.0026101729756726564
159,10,-0.10776525477721964,-0.007852714707429887,-0.032966717083106195,-0.003809072127909023,-0.0002160204990931236,0.0033821515327852754
160,0,0.020996009026189876,-0.002070860509019684,-0.008271882344590769,-0.005184439076088188,-1.4699845397443445e-05,0.008037295210224595
160,1,0.0009196253302157995,-0.002863407006225806,-0.015877940888210602,-0.005608095549447743,0.00015449704755661172,0.008309064748824846
160,2,-0.017615058524981714,-0.0014899222897796329,0.0003413583665460816,0.0008494755253630165,0.0005885261688037421,0.008575163330039912
160,3,-0.059016190844525376,-0.002350674429956296,-0.0014285494187712567,0.001846725831601007,0.0006893339947539881,0.008077810502396712
160,4,-0.09550012917714386,-0.0047936980542985,-0.018851180605533598,0.003438164171530745,0.0007645435286618153,0.005975713692168386
160,5,-0.12136484181727024,-0.006552567991112367,-0.028033252707030068,0.002798837862888477,0.0005581354911914602,0.0025688721724265637
160,6,-0.1634454217343133,-0.007451555712726614,-0.0008609422169296756,0.0063400890596345795,0.0002744598853318361,-0.0006301021490454507
160,7,-0.13548021961870893,-0.008820856297243093,0.0006235315371886652,0.006221006073220613,0.00016947528658880365,-0.0009065940531639226
160,8,-0.12234250830585738,-0.010494515471487616,-0.02666148934868754,0.007256776747376676,0.0003395936488681386,-0.0013698919084185223
160,9,-0.09697116814106253,-0.011487379466799483,-0.03233829682090619,0.01199388558001759,0.0007193332898428873,-0.0004862832778639438
160,10,-0.12403779540840694,-0.012723294177540588,-0.03680743214601319,0.009720844978418377,0.0005222811187386764,-0.0023245505048242244
161,0,-0.03603319656113722,-0.0017134167742186841,-0.009414470468235769,-0.002945985576797688,0.00010251379684605657,0.0025391128163046945
161,1,-0.051802600950846205,-0.004232460453976406,-0.010290222215085805,-0.0003881416246354426,0.0007596238057676118,0.005014239214337446
161,2,-0.028034286812572813,-0.0036274226556082326,0.004939815421460582,0.00011057275364841643,0.001284055211388542,0.003970610501584712
161,3,-0.011113558025888072,-0.004266611722139796,0.011672171054421343,0.0004592208020050071,0.001512305520913688,0.003763473580351013
161,4,-0.12519615084647756,-0.007568163000821899,-0.003530784242017801,0.003846881361529144,0.0018065720103753154,0.007705022513805786
161,5,-0.19577861280461334,-0.009810397094516869,0.00528036656955963,-0.001327971150052923,0.0017327187469730603,0.008243700404464363
161,6,-0.1759902446147928,-0.008856007536947413,0.05006078515007552,-0.0025527448641782203,0.0015114404071967361,0.007472833909279148
161,7,-0.20563119798611862,-0.0061908734677647926,0.05249880226820017,-0.008840657205434086,0.0012136343712348036,0.008908856757722778
161,8,-0.256771257532835,-0.006944628203294817,0.011219419907758158,-0.008665508493318423,0.0012106214575047388,0.006627476237750877
161,9,-0.12669152866122854,-0.008074404702718783,-0.035018094692167795,-0.0027340238208180094,0.0007200452892246873,0.002880966658988356
161,10,-0.15563898153561706,-0.011681110695893388,-0.05904473271253309,-0.0034152835679493237,0.0005458671676932764,0.006902089810003276
162,0,0.014711817031258179,-0.002559952226260884,-0.01821718522018117,-0.009705996074501289,-0.0010665950095436433,0.0010603281971486946
162,1,0.005253942678758398,-0.004059674520843106,-0.024974588103649102,-0.009419227380993343,-0.0015379526207617883,-0.00010474202745865396
162,2,0.05972469401824928,-0.002154202217657433,-0.00948251058548262,-0.004519311108308184,-0.001230667125965158,-0.0011138889226381871
162,3,-0.0002937098090730686,-0.000536571188559796,-0.007000662502638257,-0.001662896401361793,-0.000521164306581612,-0.005481756218284587
162,4,-0.08966951784142686,-0.0032722637445645997,-0.022218231250834,0.00045775184445654473,-0.00033177704561378467,-0.005476532507808214
162,5,-0.13206169846476495,-0.005342126958291567,-0.021918182509110172,-0.0017969914500796228,-0.0003919379642346398,-0.004738549557665736
162,6,-0.1590712461582558,-0.0037557103842429137,-0.0034556838656281744,0.0034850462415185798,-0.000563603056967264,-0.001222698832980921
162,7,-0.17877763639312383,-0.0018634209699062926,-0.0023390229717789347,-0.004038409266681987,-0.0011698922557462962,-0.0011063706330406223
162,8,-0.1460678504986186,-0.004071742581879317,-0.011151308157397042,-0.0033276508335268237,-0.0016616513210189615,-0.004815657185437521
162,9,0.015155977105642357,-0.008076798056432983,-0.007639202145561591,-0.0007334104023356092,-0.002030373627102913,-0.010204920229960843
162,10,0.031986755974018066,-0.009238673716819887,-0.0029858504384394947,-0.007106222680102323,-0.0016596377539029234,-0.009996282143088323
163,0,-0.03509755325839702,-0.0013757385965911843,-0.007762566906303469,-0.0029415586767207883,0.00017667838654005657,0.005559822074950894
163,1,-0.03222945577469061,-0.003149425348217406,-0.007644680093110406,-0.0024335531715838424,0.0006538671605422117,0.006217735504207746
163,2,-0.03373128947903132,-0.002313375008136433,0.005184540702755882,-0.0030308819533790836,0.000861094145382242,0.006832307341203913
163,3,-0.05026124403891957,-0.002813839411565996,0.010612267078654643,-0.0033449069736669933,0.0008293773051082881,0.006042981382431414
163,4,-0.13841645788494916,-0.0049675692386383,0.003984913739751299,-0.0014140279274793552,0.0007672409852054153,0.007419267031622785
163,5,-0.15026972508420414,-0.0064911822492928675,0.010226085336605231,-0.004848437864802022,0.0005609313887103602,0.006233470895093563
163,6,-0.1550203767428436,-0.007008631399488014,0.04856100803143723,-0.007923404766189421,1.6879768234526072e-05,0.002700664940785349
163,7,-0.14087035788515553,-0.006967785026349393,0.05050381063991706,-0.010678875113505086,-0.0003530470649791963,0.0025817749954351777
163,8,-0.10180876995185509,-0.008890139448732116,0.005878310013551758,-0.010106531310404423,-0.00019516110731546143,0.002174709973772178
163,9,-0.03688296253782074,-0.009935211626409684,-0.02454863463467249,-0.005624139153874209,-0.00034086054322021275,4.0016852633056096e-05
163,10,-0.12334287010337334,-0.011381091488236787,-0.0491309180859055,-0.007664349414304823,-0.0006359884274018237,-0.0012549569725339243
164,0,-0.06313611047216512,-0.0016584069200473843,-0.0061254534879374685,-0.002151393456799888,-0.00021152675581834345,0.0007237398256594945
164,1,-0.0561430924903756,-0.004103080294309806,0.0030565115435555942,1.6491353893057642e-05,0.0003301025984326117,0.0004440491204168464
164,2,-0.071083062162876,-0.0031568645251358325,0.01709978494724228,-0.0003554768462867837,0.0008192524314094422,-0.0006015931246826874
164,3,-0.11049994592357298,-0.002065275726384296,0.02491378744642974,-6.880566046299301e-05,0.0009350788304129882,-0.00025363920213468654
164,4,-0.20211585337823346,-0.003945273755481,0.023193839597985,0.0016971766044461447,0.0007277557164693154,0.0005140788510157852
164,5,-0.19455015194782213,-0.005694364148825167,0.033065409764213134,-0.00041198175960372287,0.00041277107611846026,-0.0005077304930998366
164,6,-0.20824330003843078,-0.004987813803628314,0.056681354167262624,-0.0013823014639572208,0.00017333717205003608,-0.0002846280421643509
164,7,-0.2071294169667489,-0.003179653545997393,0.049533242649605166,0.0010391217896161132,0.00023652598094690366,2.3174678050477248e-05
164,8,-0.13335459385792597,-0.003517150633301117,0.025679587365647058,0.0036738998738615764,0.0005688590148964386,-0.0016550860365466223
164,9,0.047363037397568156,-0.0050759771668272835,0.01677421994813011,0.006702748354052591,0.0004656789916063873,-0.004611722738372544
164,10,0.014070989973196252,-0.006667349951631587,-0.0070409511980891945,0.0067703778011300765,0.0005561096031384764,-0.004577873454944025
165,0,-0.004013926000735623,-0.0006454514618609844,-0.010299905183763568,-0.003241330986348288,0.0003254046184990566,0.005709007789539094
165,1,-0.0438197991769306,-0.000700325236664506,-0.019112117302852005,1.0755966599576734e-06,0.0008906355573143118,0.010546552619361646
165,2,-0.031056191831933817,0.0016015792895290675,-3.454801169641697e-05,0.001927264908185616,0.001325692727026742,0.012342808897602113
165,3,-0.029127094878487674,0.0010886220784563042,-0.0019103672582728576,-0.000541785315642893,0.001226164382312888,0.013354239932788814
165,4,-0.09108453833802976,-0.0011405443460658997,-0.015373321768972603,0.0018709530064208448,0.0017196793279093152,0.016847952707659486
165,5,-0.12733353120839103,-0.001774111308040967,-0.0031918029161121693,-0.0038006115100284225,0.0014543747215202602,0.01992727507609636
165,6,-0.1291997725626218,-0.0011949926562965143,0.036276737133350626,-0.0009826792859462207,0.0010942032815320362,0.018952031927419847
165,7,-0.12436079981085393,-0.000774724929845593,0.03496733159272157,-0.007520394012850987,0.0008323171296216038,0.01947252741999028
165,8,-0.11104411424900029,-0.002508410943479617,-0.004502146979390142,-0.007002388888077524,0.0010370601696783385,0.01905671205824138
165,9,-0.09594423802276764,-0.004249314499830684,-0.032432534295618695,-0.003681909537251409,0.0011989786128572871,0.018725029679687654
165,10,-0.14967443526684784,-0.008448937410078988,-0.05694373234454089,-0.003395293367045623,0.0010553465510844766,0.020388884094873775
166,0,0.004895166558286777,-0.0020244906861505846,-0.007924385914505068,-0.007068067664696288,-0.00024322911885884345,0.0027697640144200945
166,1,0.011420240054136298,-0.0009590765618767059,-0.011160476716345905,-0.006702437396634543,-0.00027560009663178827,-0.0009563501482161541
166,2,-0.009960801102814216,0.0004288331951338674,0.0069737995938444815,-0.002026938061671084,0.0003091718651308421,0.0019974032780770124
166,3,-0.03709210672385967,-0.000288975816504696,0.002899076771058243,-0.001504060348428893,0.0007022397020079881,0.0025261319489169134
166,4,-0.07409254629248266,-0.0012736899066657997,-0.008508022982225001,-0.0008893203107828553,0.0007423376689403153,-0.002573880535661815
166,5,-0.09837307015268164,-0.0019247437985947672,-0.0031473495323303697,-0.0051499873764166235,0.00022430405583526026,-0.003017957901513237
166,6,-0.1237561670773394,-0.0038413231913750137,0.018182753746741723,0.00041628260499207935,-0.00011070512439276394,-0.003156279047246951
166,7,-0.11152050559579343,-0.005579132238296393,0.012632093313946765,0.0014301737132624132,2.024551731850366e-05,-0.0007573113372323225
166,8,-0.1091590018200864,-0.007164143251924117,-0.011939134065347842,0.002772349390464876,6.28561792576386e-05,-0.0009314558048461221
166,9,-0.08361713878751353,-0.008176809081504283,-0.015190306792025293,0.005058572748884792,0.00023615241040268726,-0.0003856684252594438
166,10,-0.11257305317842724,-0.009166247991785687,-0.016362550871863793,0.006822165093304077,0.00037767689883237644,-0.0010335672509574245
167,0,-0.020615064498376322,-0.0019091401781877841,-0.01424280796106567,-0.006350350650587588,-0.00043483929347084345,0.0018487512651693947
167,1,-0.032433405742265595,-0.003421139613349306,-0.012431517496210007,-0.006483612308771843,-0.0003147677033295883,-0.0007517847929860541
167,2,-0.029997427867585018,-0.0013860245718368327,0.0044774470077976825,-0.005329715286822584,0.00012759480214984207,-0.0014122766264062872
167,3,-0.04360300276788277,0.00021643023476890385,0.016695481591232644,-0.005401081220312593,0.0004145645055634881,-0.004916499105961987
167,4,-0.13877071617026426,-0.0012062069084341994,0.012621879575590498,-0.004592390376612655,0.00011701017122921534,-0.007663004415499215
167,5,-0.13536318896821994,-0.0030536304648176673,0.019964354780581832,-0.006026784225872222,-0.0004006498730405397,-0.009916903574157237
167,6,-0.1681672367640875,-0.003555975074781314,0.03441580373356132,-0.005686963845069321,-0.0010167898460474638,-0.010493660258795551
167,7,-0.16573174403067142,-0.0036472079462395927,0.026599885283010667,-0.003946431709370587,-0.0009603122402441963,-0.008316396082002821
167,8,-0.09298494392733439,-0.005680372217273817,0.0007791611104050584,-0.006812224995868124,-0.0012318948161700615,-0.009056358785900623
167,9,0.0012632298944139572,-0.007618740496858184,-0.0016204425945420915,-0.004811142843005508,-0.0013668982220045127,-0.012588296760809943
167,10,-0.02152753855656024,-0.007903982177930688,-0.008844710983811194,-0.004351475656262723,-0.0013037575930113236,-0.013749815743268624
168,0,-0.013767992816600922,-0.0014953584813865843,-0.009038863319192068,-0.0038998014091644884,-5.9114445396143446e-05,0.004792650299991895
168,1,0.007954097632580197,-0.002194952568390206,-0.008550647164793205,-0.0030918367201442426,0.0001329405714780117,0.0046812749489194465
168,2,-0.010171761997273515,-0.002047578253251233,0.006090261215831582,-0.0004333284988581837,0.0004200949457891421,0.005101669045167713
168,3,-0.043765119394964073,-0.002539245016973196,0.0030096648320320427,0.0014847540225072068,0.0005044811785918881,0.004548809878578513
168,4,-0.08758549133758826,-0.0036519294032912,-0.009244850857453503,0.002939533296787345,0.00032453972174611534,0.002545060207860385
168,5,-0.11402019709508274,-0.0051836792689088675,-0.01117833607508017,0.0016924076416947771,7.057815349376025e-05,0.0020373067069587632
168,6,-0.1621782402581869,-0.0061332539214517135,-0.0022533108105109757,0.005041102815522679,0.00014029909799033607,0.0035384120771419494
168,7,-0.17868723928861924,-0.005616598359117593,-0.002487393817911635,0.0036098168500327127,0.00011262362530540368,0.004812146120267578
168,8,-0.15700174795199828,-0.005671699280819217,-0.005700219343398842,-0.0001705262828399234,-0.0001858961025661614,0.003012489667692478
168,9,-0.08711215417448834,-0.006608130592941184,0.009000711350469207,0.002143399399195291,0.00021335130067388718,0.0026994942372006556
168,10,-0.12818738417501296,-0.008422386468536387,0.006379921185722604,0.001312585574718977,0.0002439110665808764,0.002718498521099575
169,0,0.023193265231429675,-0.002751731163540684,-0.016605806146575967,-0.008151225670776589,-0.0007065985880773435,0.0015070112176910945
169,1,0.012174881042543197,-0.003976646525321006,-0.018347492816361805,-0.008964675169647742,-0.0010429012607115883,-0.000643428640681554
169,2,0.04130885082154739,-0.0016677898212024327,0.005906995264575982,-0.004062694805054484,-0.0006321289980538579,0.0011751306956635124
169,3,0.023508641121827524,-0.0014546431414317962,0.006147600522145343,-0.000915732799585193,-0.0004968442662655118,-0.002252879816230387
169,4,-0.015937914307451465,-0.0037932803611374997,-0.010104270182579202,0.0006593108706356447,-0.0006241857589738847,-0.007137098919676115
169,5,-0.02480272310989924,-0.006210018318595367,-0.016926436502271672,0.00010980347527127709,-0.0010114411494284398,-0.010255903157363338
169,6,-0.0695402497583025,-0.006854381818207614,-0.005889041117579076,0.003086853919911479,-0.0013302668225042638,-0.010201660506835651
169,7,-0.05881315052588314,-0.006829510616644093,-0.009238499212397232,-0.001113169983009087,-0.0016253680991422962,-0.009493589169693423
169,8,-0.04289155055036889,-0.008027119968249216,-0.020394720375154243,-0.0032993530126855233,-0.0019031926614513613,-0.010993534332563823
169,9,0.025820308367900058,-0.009848045833446683,-0.014056428442548792,-0.007231908572002609,-0.0019942196781047128,-0.014564978927159343
169,10,0.02022042130235205,-0.010204227358715887,-0.007089060280372494,-0.006318888886509224,-0.0016293133219941235,-0.015007350323096124
170,0,0.020663372490075677,-0.0004451260079580842,-0.0053470883379118685,-0.003120401201190388,0.00029102506851185655,0.008067344456358294
170,1,-0.022047120439380903,-0.0006847368274257061,-0.006072608596358505,-0.0030593111176833426,0.0010066748523403115,0.014803638237203947
170,2,-0.006362887263130916,0.002616403836491167,0.021436767333321383,0.00031455363940611635,0.0012480569843176421,0.015906444359365713
170,3,-0.04506926007760377,0.000927165937924904,0.014028512161529044,0.001030393391719307,0.0006941877678139881,0.015558742036214114
170,4,-0.04612268033562536,-0.0024182022617023997,-0.011348542617434202,0.004192320274353145,0.0008904067237773154,0.016162023208893584
170,5,-0.06541409567681394,-0.0037106773539946672,-0.023148422291122767,0.001813248965585277,0.0008096987726236602,0.015106248680146763
170,6,-0.07517171652824531,-0.003932062426365914,0.005704491240305424,0.008612888478516779,0.000793087206026736,0.009934144404659548
170,7,-0.07140992088691824,-0.005930909703450193,-0.004389749088039133,0.009526276130195814,0.00041620730593460364,0.007062892286265178
170,8,-0.08162135070548898,-0.006466307839289217,-0.030204292225202146,0.014227707009191277,0.0009628971729725386,0.008676090157561277
170,9,-0.07063534702104314,-0.007195832615597184,-0.03961301355318919,0.01542256369138569,0.0014048608248943871,0.013860596916783255
170,10,-0.10133977348564574,-0.009307088423689087,-0.04658008111045979,0.012527174469910578,0.0011717126438083765,0.010964542508209977
171,0,-0.03141252305767392,-0.0018465414826707841,-0.00893918895651677,-0.004944178896556888,-0.00037360108547954346,0.0008261982735983946
171,1,-0.007935710017362102,-0.0029242997101164058,0.0016170108822997943,-0.0049458103591465425,4.5107537744851706e-05,0.0011592170431985464
171,2,-0.004775549181025416,-0.0025403184092246327,0.014601591149796582,-0.005296753250118384,0.0003687768485194421,0.00026923515429861256
171,3,-0.041825468294776375,-0.002651105973485596,0.01814516522806074,-0.004454887821116593,0.0004790847828700881,0.0007529457577712135
171,4,-0.11074758031115106,-0.0048953604534978995,0.009426027093817697,-0.0027333888368827556,0.0004809434806554153,0.001051567516839985
171,5,-0.14883499938183745,-0.007245248405594767,0.01223794103439263,-0.006295729527377423,0.0002456633234055603,0.0007738852059607634
171,6,-0.17128489211295983,-0.007406235576921814,0.030551250214903427,-0.0038057924336030212,0.00020251951099773609,0.000773582529884849
171,7,-0.18412251803191915,-0.005340074944677293,0.027907365247364965,-0.006122534568481988,0.00012534888309170364,0.0008006781480776775
171,8,-0.1519495173653464,-0.004825207869678216,0.02082654153284826,-0.007770587021466824,-0.0001919717012407614,-0.001711482658476022
171,9,-0.053665020575592345,-0.006098300092209084,0.009176782110585008,-0.0032407624502325087,-0.0004597955512769128,-0.005647758354496544
171,10,-0.08142599266611555,-0.008826236852823487,-0.006018003032774093,-0.004460226590916023,-0.00043120900338212357,-0.004616680132559324
172,0,-0.04701457582661292,-0.0003038246994562842,-0.005394469052261569,-0.004495878801027988,-0.00018886673479004344,0.0011563767781896943
172,1,-0.0352310141961949,-0.001073540337226806,0.008750431684719994,-0.0042697533634156425,0.0006067947787464118,0.002885434024882946
172,2,-0.010010602899090917,-0.0003007687527163327,0.024656219896536682,-0.004334974939206184,0.000999126573923142,0.0026314287970761125
172,3,-0.03212567511065938,-0.000582679611132596,0.023926138822014345,-0.004523295714951393,0.0008008657692162881,0.0027539056577932136
172,4,-0.09990170334807166,-0.0026657595124457995,0.012773607778580097,-0.0033555037419666558,0.0006812266353729154,0.003434718538723885
172,5,-0.12214773210421993,-0.0042772845198066674,0.01921099505952173,-0.004953183543876423,0.0005121117732714602,0.002656301571659763
172,6,-0.13366563268381582,-0.0045737983403756136,0.03305398282111373,-0.0001487421764545208,0.000637219761086736,0.004033094399968349
172,7,-0.12431115533612554,-0.002853384581184193,0.024471019773120866,-0.0018577507213796867,0.0005694684339223037,0.002971833188951078
172,8,-0.11043332008719708,-0.002226762956959017,0.01794802189266976,-0.00024164378177092354,0.0004934894551015387,0.0005358358747037776
172,9,-0.021738377571377143,-0.0029249319369422837,0.022053267746685108,0.003069024202830891,0.0004300043821702872,-0.001629489503061244
172,10,-0.008354800813980545,-0.005097888715247988,0.009764361318386105,0.000890872030712777,0.00041462486726497646,-0.00031576791667252456
173,0,0.06032787713678747,-0.0013196151952843843,-0.01354200876779527,-0.011460009837457489,-0.0008196139624392434,0.004013749942116495
173,1,-0.0450861594656158,-0.003943307087071906,-0.0183817471342931,-0.005360643674589943,-0.0003890879212330883,0.009448323263494747
173,2,0.028465737810123883,0.00010707081461416726,0.009781088510697183,0.002426639221009016,0.0004604793445236421,0.010119066077060111
173,3,0.06598627303370652,3.294657795550383e-05,0.001216158547445242,0.005080193855117206,0.001690695885902088,0.010283668441250613
173,4,0.03613511529144865,-0.004578718291271999,-0.026000776995158,0.008424089800291246,0.0023354721293037156,0.016777038363725783
173,5,-0.039226791131749233,-0.005963289219329467,-0.021933002257063766,0.011803228506655177,0.00290994660068616,0.020158405265467264
173,6,-0.032662236858124305,-0.0027703061854568137,0.022125559027189524,0.02433410898061428,0.003117722497908536,0.022711396936551748
173,7,-0.09160384069508573,-0.0006691302669885931,0.03666665882618926,0.011761812863096714,0.002099645485127303,0.016853741200883475
173,8,-0.15339717312944268,-0.0019348069535068168,0.002055098872446658,0.02754761889931368,0.0030883118777794384,0.008494606495549577
173,9,-0.14026071709783716,-0.0032028783162774844,-0.022732799510542894,0.03447491318546389,0.002738925632272687,0.005810933056414556
173,10,-0.14523474574572615,-0.004199260845778888,-0.016628500084747394,0.04110684706368818,0.0033495968401105764,0.010902991378548377
174,0,-0.032196609632954024,-0.0012825778925259841,-0.0019741248118070685,-0.0010401502662201884,6.166247778785657e-05,0.0005994251894144947
174,1,-0.0257654551140425,-0.0040747445067322065,0.010090507325142295,-0.00012275396269264237,0.0010181868544495115,0.0021589876990993464
174,2,0.06359573451854879,-0.0031500661383106325,0.028691431498503082,-0.0016589459950065836,0.001493578610919642,0.0010105307105800127
174,3,0.10664889881324324,-0.003982934432074296,0.03803525035807314,0.0010828502865415067,0.001593239575170588,0.0033392999122971137
174,4,-0.07409309915242857,-0.006459672151925599,0.034678881132767694,0.0003695294920019447,0.0013643701096622152,0.005296033825596486
174,5,-0.07221682580002624,-0.008353880652598967,0.048169236111522636,-0.0056067316947503235,0.0011669124290304602,0.0026393054384210636
174,6,-0.0015496400991271975,-0.007750204322509814,0.09056411529736333,-0.006152764929408321,0.0009689251018524361,4.122744542974909e-05
174,7,-0.09446679365929983,-0.005683748112718193,0.08608932200126636,-0.007254194310599087,0.0009462841895240036,-0.0007162548158555224
174,8,-0.10687178060596808,-0.005482379456602317,0.05687207650757816,-0.0048666200266172235,0.0011214901715323384,0.0005919858212648777
174,9,-0.06010071211762784,-0.0038403666601997837,0.014955396557320907,0.001598260066913991,0.0010756679351332872,-0.001497602844951344
174,10,-0.11771232986625504,-0.007784980037999687,-0.027047576276427194,-0.0008509133706190231,0.0010357222338478766,0.0017508730685040753
175,0,-0.014197107902027422,-0.0006314751246636842,-0.015102467195728568,-0.005609332239729488,-0.0003775160601797434,0.0029795736469030946
175,1,-0.0513770971709217,-0.001759584492379206,-0.022678761228513207,-0.0028785754192694425,0.0001192078910504117,0.009411567990891847
175,2,0.013484498670693583,0.0018396876068727673,0.006580829684710982,0.00046122738662971656,0.0005735723911729422,0.009646173085867411
175,3,0.008849497815241726,0.001688666865203804,0.014936283722298842,-0.000951627427176493,0.000996490229392688,0.013844903163301312
175,4,-0.027062574445133256,-0.0009228152249739995,-1.36192483727014e-05,-0.00040909803992565533,0.0011337429201567152,0.015101683064895583
175,5,-0.08361843103441864,-0.0016562305913165672,0.00836306967963683,-0.007015698426478622,0.0006638877119112602,0.012689315424491162
175,6,-0.0997939514431265,5.6096631634285944e-05,0.047640530846226326,-0.0012974138477384208,0.000709887090273036,0.011640614286779049
175,7,-0.03735292978578783,0.00027205158804300723,0.04590183637284527,-0.013167527087871988,-0.00016337024464329635,0.014295917424103877
175,8,-0.03271293317846878,0.001500884167253783,0.04453777571367696,-0.0073961408241598236,0.0005580830822279386,0.017009309176002678
175,9,0.009261641444226157,0.002514077814421317,0.049680211428353105,-0.001859793241406709,0.0006814567488761872,0.020896104786896554
175,10,-0.010561577732139643,-0.0016259813474239874,0.04677483866367631,-0.0026932943329050227,0.0012458344373496764,0.028199314829252076
176,0,0.004783538201404976,-0.0011854625819491841,-0.004125333342993469,-0.003036694776493288,0.00010771032396305659,0.006587948261924595
176,1,-0.012665087522992002,-0.002689074056683406,0.001164722973125495,-0.004342578224931143,0.0005108278311133118,0.008022690416150247
176,2,-0.018910952234544018,-0.0006703910194807328,0.020532314818675183,-0.0026050946926259835,0.000733325479630042,0.007719459479656812
176,3,-0.03744308571498577,-0.000632174263399096,0.021816577333213745,-0.004826613444001193,0.0003264966927805881,0.004695890616699313
176,4,-0.09028120315765126,-0.0028681646725563998,9.460159038199864e-05,-0.0056434231502345555,-6.211100396318471e-05,0.005331111402492886
176,5,-0.08549610173749733,-0.005937865334174767,-0.01380422385608277,-0.005208447273816823,-0.0004174902486149398,0.003751778001104564
176,6,-0.0969111473247389,-0.0077899403041511136,0.004965961592718424,-0.0035067041365114205,-0.000966105753142264,0.0030535940191212495
176,7,-0.07646952932514034,-0.008456256049652694,-0.003910364510336634,-0.0033733377872964872,-0.0010914370983648963,0.003646984570437278
176,8,-0.05102642577954319,-0.009703878555644516,-0.01884096103727444,-0.003426803013549323,-0.0007889792118302614,0.004479475498662278
176,9,-0.012260878188266142,-0.011118706322013283,-0.014403879511825993,-0.001679625987749009,-0.00034239376221151274,0.0032158377325957562
176,10,-0.05547475770144764,-0.012403705475334087,-0.015920234949258195,-0.006683787732481423,-0.0005782884823972236,0.00037559548577727545
177,0,-0.023641040654994123,-0.0011010652844258841,-0.001869209243428969,-0.001837221198678688,0.00026352135364385656,0.004620733239663394
177,1,-0.02554907421995,-0.002269491446751106,-0.0009170568157655058,-0.0003015210760285423,0.0008426088969088118,0.005089739728608446
177,2,-0.03545208893096972,-0.0017198474473295328,0.017377103111114484,0.0009504815781893165,0.001376083125074742,0.004867000455015312
177,3,-0.05090480611351737,-0.0028023485581170956,0.01851041844310574,0.001088039326796007,0.001414655729079588,0.006086286771838513
177,4,-0.13476040828767266,-0.004646812812825999,0.005207777878195499,0.005443205593080844,0.0017355755928350155,0.008062416407454986
177,5,-0.16950984220446863,-0.005973031690647667,0.013857451730992931,0.0016736213719755772,0.0016132051024701603,0.008772998103965363
177,6,-0.1735726040601317,-0.005691691656586814,0.051300077243224426,0.0028801475389709794,0.0012911021442790361,0.007304296737838148
177,7,-0.17870744077654266,-0.004809443857489793,0.05506898839445487,-0.0002782645909541867,0.0010753657179717038,0.008294421591751778
177,8,-0.17036256927402738,-0.005673542756873217,0.019673041100372157,0.0007245689590133764,0.0011035295372480388,0.005337814817003178
177,9,-0.10117709802836704,-0.006667132117302884,-0.01248856792534269,0.00573922401502289,0.0007825946905657872,0.0033590187858356557
177,10,-0.16229400380388476,-0.009078155105135387,-0.025371246056335093,0.006027199935685377,0.0003724051665309764,0.0039052629297336755
178,0,-0.016640792613819323,-0.0007331610643828842,-0.0019299631338143691,-0.0007356855649108878,0.0003746442091846565,0.0057060761939638945
178,1,-0.0241541924711967,-0.001513513607678806,-0.002387860036938406,0.00017598440116945759,0.0008752220737353117,0.005816290466612246
178,2,-0.036042449787461614,-0.0006330430756329328,0.01660457392175928,0.0010948009580411162,0.001288336556831042,0.005110921322401613
178,3,-0.05441773313967227,-0.001192654190873696,0.018408691669698544,-0.0030077799057742927,0.0010209452348516881,0.004761879696111413
178,4,-0.13495844801498874,-0.0024463740292835997,0.007910580650304398,-0.00021955439830375527,0.0010752463858976153,0.004783789767825786
178,5,-0.15598778699107974,-0.003916749822614267,0.019352487128875127,-0.004904141971758123,0.0007619839418479602,0.004663553545059464
178,6,-0.1680349244624934,-0.004731788562190914,0.04981581337061282,-0.003691628961191821,0.0002865831784609361,0.002850624321682849
178,7,-0.16605294486985794,-0.004821204416212293,0.04521445823834076,-0.003760803115611387,0.0003187115536646037,0.004704452655013077
178,8,-0.1514987214788696,-0.007045885929137117,0.003283765621801858,-0.0007136661135846234,0.0006292766787445386,0.0036975148914080783
178,9,-0.09550757517143303,-0.008373435878195085,-0.01668537690423289,0.002991866231333891,0.00040703059815468725,0.001735712192555756
178,10,-0.15012179170404066,-0.009208254256155887,-0.027807300589635594,-0.000778750647350823,-0.0001009756028751236,0.0008166230882736755
179,0,-0.031211363063660423,-0.0018466739010888841,-0.010823308981818769,-0.005422120828295388,-0.0006115056124339434,-0.0002441076550985053
179,1,-0.0144220396527884,-0.002950559692130006,-0.0017175155770500052,-0.006717225769761543,-0.0005982807942546882,-0.0017405736833959536
179,2,-0.013597727234982017,-0.0025057042525629325,0.01514931998837048,-0.007083317742469884,-0.00040258980892185795,-0.0014478897001130877
179,3,-0.04553739267790058,-0.001847763805802996,0.01852104419312734,-0.007195052002860794,-0.0003634173401372119,-0.003405567597142087
179,4,-0.10429837163012586,-0.0031503381916100997,0.011759892041254697,-0.005792855371728255,-0.0007221637145567846,-0.005848636045724615
179,5,-0.10342862337870024,-0.005852064231260268,0.01523208914052193,-0.007853757621973122,-0.0012902708143071398,-0.007466537081407137
179,6,-0.12665792101195522,-0.006771401467472714,0.010032981985005024,-0.004781089988701021,-0.0015256392217166638,-0.006616636097783152
179,7,-0.11590922009871993,-0.005488370358482893,0.0008134499519582665,-0.004564987239847487,-0.0015721264085097962,-0.0066275073828129215
179,8,-0.06000182106338929,-0.005952331123389617,0.003670073721566158,-0.005875566984744924,-0.0017871551471653614,-0.008306527506665324
179,9,0.015583539379885561,-0.0074419987820401835,0.01928643820698681,-0.005241401158670708,-0.0016169151975468127,-0.011906184015618843
179,10,0.006572535219265652,-0.008146713153031787,0.014521077937798905,-0.0050347236702168235,-0.0012234359711301235,-0.012146115545764623
180,0,0.0037661327291749792,-0.0016767252047623841,-0.0009683120775234692,-0.003435757362115088,1.3082199239756564e-05,0.006563186807687994
180,1,-0.002204577478015401,-0.00020180798846600612,-0.009317755580039805,-0.0018030040893500425,2.3966038488811707e-05,0.002589802449881346
180,2,-0.05299445173418312,0.0010997075220144674,0.0002185194360249821,0.0028156686179040165,0.0004340408955275421,0.004441917225058113
180,3,-0.08819252494514968,0.000590215026244704,-0.00976916029606806,0.00048565793074050703,0.0004672290588132881,0.005778472764410313
180,4,-0.12738159389378476,-0.0004965193636970997,-0.0242600537168586,-0.0007928933193645552,0.0004230600816395153,0.0026922173929966853
180,5,-0.15223022762185415,-0.0012314138758640672,-0.027001604669896567,-0.003369213214579323,0.00018579122288786025,0.004105969029828063
180,6,-0.1697539750208764,-0.0033233387689509137,0.0035031695018631244,0.0012744105639215793,-0.00025726609060656395,0.002322944806214149
180,7,-0.13719116674868442,-0.005118194744687093,0.003918898784864466,0.0038921077427765136,-0.00013831839601879633,0.0035343396886080777
180,8,-0.11608775817144719,-0.006752737581750417,-0.02814277409537284,0.005539872475728776,7.936450986693855e-05,0.0030517245466584776
180,9,-0.08416363144969503,-0.007545987013971984,-0.037877652201474196,0.00892783310725339,0.0004789293225262872,0.004892811330349356
180,10,-0.10664349264149935,-0.007769976888680187,-0.03782452578288459,0.008064187123867177,0.0003402029455048764,0.0030293473305997754
181,0,0.010085401846559879,-0.002246184019953484,-0.01509712107867957,-0.006515517403849388,-0.0005800302654460434,0.0028631781603017945
181,1,-0.005655435614613503,-0.003420615227390006,-0.020424949646482005,-0.008777281295105343,-0.0009398209569474882,0.001042600261180946
181,2,0.0057960241927657846,-0.0017993254782057329,0.0006323246754803818,-0.004729328712696384,-0.0007104290684732579,0.0002900102055174124
181,3,-0.033325225171963874,-0.001163857108833296,0.0074776283000413425,-0.0027902331655267933,-0.0003130938012967119,-0.0027031867105546865
181,4,-0.13503657085778897,-0.0033701050604483997,-0.007448962306428801,0.0008718187049617447,-0.0002655420136588847,-0.0046932244693080145
181,5,-0.16467292191612123,-0.005540447421141667,-0.015056107921486069,0.000932856997444477,-0.0006299555912074397,-0.005795620149942336
181,6,-0.2177176068538607,-0.0059786886359975136,-0.014850402806925275,0.006438446828957379,-0.0011433831794760638,-0.004077013986891051
181,7,-0.21975116440792752,-0.005697500301281293,-0.021520402017629035,0.004631036540058913,-0.0013885895260078963,-0.0020556826942260222
181,8,-0.12383314951577169,-0.008640520690156916,-0.02953470547175004,-0.002344274845765523,-0.0018056808873845613,-0.0024099459198288218
181,9,-0.06077551847482904,-0.010872992555572985,-0.014668138781089291,-0.0034279462114049086,-0.0016250141444749129,-0.006336310111586245
181,10,-0.07147610920275015,-0.011997515615716287,-0.018083124376306693,-0.004169915698622923,-0.0012453030277724236,-0.008973130259489925
182,0,-0.024036014712563922,2.3417326758157393e-06,-0.002701703527012069,-0.000879133012273488,0.0002714539485840565,0.003976755001450594
182,1,-0.022010129475404802,-0.0005013603190322058,0.006166241834140095,-0.0001655800516145423,0.0009447923990880117,0.004788669956593046
182,2,-0.03146903093767932,0.0003611155507307674,0.027522557916669983,0.0013996229762584164,0.001374212107152742,0.004188625728287312
182,3,-0.06114786542404098,1.3836347319703957e-05,0.031182260070117644,0.0003858192825324069,0.001272503264042088,0.004277314466061713
182,4,-0.12460697793587386,-0.0017307379481745996,0.022898071122402,0.002274188649451345,0.0011585212222976152,0.004486696452297186
182,5,-0.14056351868838093,-0.003376901197018567,0.02863233515366173,-0.00040718001078862286,0.0008082241551314603,0.004102418738720564
182,6,-0.1629239859642057,-0.004269643998287714,0.046975876173445924,0.0027106883817935796,0.000598601491367636,0.0038549035489544494
182,7,-0.16025580409824183,-0.004234204501437792,0.04013131900216857,0.0012731352826461132,0.0005357671721008037,0.005615939060444777
182,8,-0.1256115311261113,-0.005339133334525117,0.020811785736992258,-0.00017732108283532349,0.00040752845869413865,0.005069158778523978
182,9,-0.048414485203678845,-0.007048230104642084,0.01529027862855931,0.001235017579764891,0.00020219042805788725,0.004117733972255056
182,10,-0.09553355587176104,-0.009772331621517787,-0.0007489871491712947,-0.000497349855267023,-5.411706854062363e-05,0.0035463365273842753
183,0,-0.010030688918726022,-0.0008401366024299842,-0.004722226548553669,-0.004237996775882588,2.7349577999016567e-05,0.004528351628391394
183,1,-0.0218298565193708,-0.002096098045754006,-0.0028842265507214053,-0.004256943213732442,0.0004359876415991117,0.006058642635560946
183,2,-0.012469592368594816,-0.0004913732451006327,0.015048527121438483,-0.002969329420652184,0.000830068556106742,0.005147301042336513
183,3,-0.030536649099442474,-0.001124919840247296,0.014646342801973041,-0.0030463001928066934,0.0006095042696303881,0.0037273487574846138
183,4,-0.09860383393162306,-0.0038990232637751998,-0.0041441103504450015,-0.0012209328849696552,0.0005856182407001153,0.006249541552250386
183,5,-0.11882300980096183,-0.006124873861795967,-0.004789215496067169,-0.0015333251101888228,0.0004391845506644602,0.005681338524183063
183,6,-0.150005120648462,-0.006732711767198414,0.025499988038656825,0.0026634180877596796,9.599621231213606e-05,0.005772585763129749
183,7,-0.14598359426904184,-0.006074904734984993,0.020398258109303066,0.0023311606169831136,-0.00013597989762669633,0.005880798894973478
183,8,-0.10708510169329678,-0.007336399756018217,-0.005299204007928042,0.002507675474703276,-0.00018871576201826142,0.004363264671305678
183,9,-0.02563401871269464,-0.009796804175824084,-0.017891700315922892,0.00491058980390399,-0.0005135595617015128,0.001506826545893156
183,10,-0.07067327381581395,-0.012380945271091888,-0.030957750089290092,0.003143177694206677,-0.0009410209937857236,-0.0001837284581705247
184,0,-0.014930642211604523,-0.0018203978788876843,-0.007927294491669668,-0.005370702371552888,-0.0003646641478572435,0.0025685423581019947
184,1,0.004286129825987299,-0.002308318464862806,-0.007087839116456706,-0.006134144629579943,-0.00042610623030368827,0.00010086060237784631
184,2,-0.0012636232387754163,-0.0012839217738316328,0.010459476723135982,-0.0038528723310263836,-4.0429349245789436e-07,0.0008249511763828124
184,3,-0.05155497026175737,-0.001089110396990896,0.015007226012213644,-0.0032683316806429927,0.0003294532730120881,0.0010779389012435135
184,4,-0.11707032103272497,-0.0026095695635696,0.007863584904792296,-8.982940087575526e-05,0.0003960190951482153,-0.0011853553328035147
184,5,-0.13943792209400774,-0.004052928026412967,0.00910329369976803,-0.002413891292059823,2.7919204548860246e-05,-0.002941810298393937
184,6,-0.17271813596149282,-0.004865079349497214,0.025561680068585824,0.0005481434284086793,-0.0004205792694798639,-0.0033480442158303515
184,7,-0.17880152960640594,-0.0050337508689993924,0.022415162094724665,0.0005771418962468133,-0.00046856196654909634,-0.0020338571675995224
184,8,-0.13107404760307048,-0.006903046294828117,0.002869914613078358,-0.0014437585548673234,-0.0007781424795766614,-0.003700343243912322
184,9,-0.04946968899615524,-0.009169092744675384,0.0005799071040451086,0.00047242714213999106,-0.0008720537708491126,-0.005471452427586645
184,10,-0.09444003372510044,-0.010754558012709787,-0.009006640887241993,0.000746274026200577,-0.0008682167639134236,-0.006817780857275125
185,0,-0.005576357539978722,-0.0018923403261130842,-0.00900450628264277,-0.006067870884276988,-0.0005066044002459434,0.0020107551049176947
185,1,0.0017686397596916974,-0.002842257559214206,-0.010892876671357004,-0.006861423882419542,-0.0005523994389505882,0.0007777684652425462
185,2,-0.007187215508123716,-0.0021228377968354325,0.002683524904122182,-0.005757041704276584,-0.0002534811270886579,0.0009947356911639126
185,3,-0.04607464677515527,-0.002073067028185496,0.008629844068478143,-0.004583007285643793,-5.6868996964011846e-05,0.0006615992224051136
185,4,-0.11879042315289336,-0.0038639765483464,0.0015906049439774986,-0.0023648682044379553,6.598393531881533e-05,-0.001421677881712415
185,5,-0.13683327457802502,-0.005388792301817267,0.00074552892138903,-0.004497616949602023,-0.00018784881633993977,-0.0028717268393587364
185,6,-0.16551717247522252,-0.005775905362247514,0.015848040266299324,-0.002645734703049521,-0.000583796791920464,-0.0032250536975943506
185,7,-0.17229446713310764,-0.005161899049919893,0.013224299934960965,-0.004537369958607787,-0.0006906534662967964,-0.002159611682454122
185,8,-0.11846937768635839,-0.0058815669112922166,-0.002016314797240242,-0.0072343941138878235,-0.0009856787285312614,-0.004022774457195522
185,9,-0.037802964781697146,-0.007439286713619584,-0.0021514142945630917,-0.005658758593064708,-0.0011110943762676127,-0.006949919665902044
185,10,-0.07196567992788014,-0.009102259240083788,-0.010645527512539395,-0.005973828867107323,-0.0011425773444686236,-0.007858669981087325
186,0,-0.0030467697535801214,-0.002432876790154084,-0.007527619655690969,-0.007096640164113888,-0.0006221475299045434,0.00016087668596149454
186,1,0.006482330330856299,-0.002679687276356006,-0.0064634045684518054,-0.007745864629464942,-0.0008908466599597882,-0.0038672224249447535
186,2,0.011267157904150385,-0.0021776138475576327,0.011890105665613082,-0.004281977890477284,-0.0006597253333890578,-0.003152271135803688
186,3,-0.016936723474952172,-0.0030087551983347957,0.004919263440890543,-0.003148280121612293,-0.0005015327425573119,-0.006106234618601887
186,4,-0.05129097884286736,-0.004904500964833899,-0.009884559976123202,-0.002903716621239655,-0.0006879225257139847,-0.011344768229035716
186,5,-0.057413541616083044,-0.006706509778659667,-0.0053467380151888694,-0.006868351374859723,-0.0011209789372088397,-0.011209681679566737
186,6,-0.06312164631411951,-0.007443664388583614,0.013768054699469224,-0.003445911715168921,-0.0014792671373242638,-0.009344922102389751
186,7,-0.05168500454490223,-0.0075066353981170925,0.011154668063150066,-0.008241264666034287,-0.0018684826143846962,-0.007657084249267122
186,8,-0.019703109509878386,-0.008299809098390818,0.003116795697620358,-0.009461251108703024,-0.002282981901785562,-0.010223740234708723
186,9,0.04437531220525026,-0.010095608480805384,0.005127796685906709,-0.008602095682538809,-0.002168889470075313,-0.012989622678581845
186,10,0.04214375849087655,-0.010923626459265387,0.014340460103605006,-0.006055873204324623,-0.0016522790172302237,-0.012488694691904124
187,0,-0.03010782760216362,-0.0016198037036547841,-0.010956955246707669,-0.005105147460904488,-0.00037554110059704346,0.0011278452888833948
187,1,-0.0172466926231933,-0.001747455506714906,-0.012329962856154005,-0.005014566034939442,-0.0003243856516832883,-0.0006898760344558543
187,2,-0.037805284563023116,-0.0013009102155684326,4.38110735857828e-05,-0.0028030007076529835,0.0001433149712499421,0.0011689278915994125
187,3,-0.06399926112530878,-0.000917490851445696,0.007839731551885243,-0.001834665049937893,0.0004729511495099881,0.002897442536212213
187,4,-0.12378326846397086,-0.0016200562393255996,0.0035663803755378986,0.0017138406536970447,0.0005849274286784153,8.033669563848548e-05
187,5,-0.12958264148940235,-0.0024614277117537674,0.011682643360418231,-0.0018798184158697229,0.00017496209225196024,-0.0006882310408533369
187,6,-0.1480597228241427,-0.0033359881888337137,0.024802938560949925,0.002269132884254379,-1.3267468184863931e-05,-0.00017134404679595094
187,7,-0.14857733408349055,-0.003186417189185393,0.026515538030004067,0.0003832820071631132,-7.464638364869632e-05,0.0018822937184435774
187,8,-0.0953891191763667,-0.003428726175515317,0.014991228595933659,-0.0018092874615543233,-0.0003911678827859614,-0.0013122320617813222
187,9,-0.028024552870709644,-0.004336008223558184,0.017915271500894007,-0.0007832261016322089,-0.0005751718912306127,-0.002732349928627544
187,10,-0.05824078181469374,-0.006392423079490387,0.012107326226357708,0.001401126132598677,-0.0004388196777700236,-0.0024399080676970244
188,0,-0.03006004365409482,-0.0018662189548005843,-0.010769651444271968,-0.008010448648316588,-0.0008748595911936434,0.0015743632453860945
188,1,-0.0191939508261224,-0.004200069276791206,-0.004564335008162905,-0.007519884685048942,-0.0008127933740502883,0.0018018443924062463
188,2,0.025128182264808487,-0.002227173400409933,0.015339324446512082,-0.005650639698273884,-0.0003915833851497578,-0.0011796562251925875
188,3,-0.018125880747729473,-0.001251345109752996,0.020218968815245944,-0.003628938094249793,-0.0002783431413105119,-0.0054717004575449875
188,4,-0.10757804001089556,-0.004171171085679,0.005115311391763099,0.0008610236920684447,-0.0004473491756871846,-0.005981526077827415
188,5,-0.11099897468488863,-0.006580586451112067,0.005788717553155831,0.0037480151193796767,-0.0005053269146701397,-0.006787071606538738
188,6,-0.1507140357915856,-0.006384960942858714,0.016872256407638425,0.004457913247711779,-0.0010675336487566637,-0.0033582504062714506
188,7,-0.13142281677131654,-0.004554406944318993,0.0052704233396950635,0.004738161804593713,-0.0014269071594369962,-0.003521213989459923
188,8,-0.03248659576155789,-0.004891739552100417,-0.0036068967961568415,0.005401332098823776,-0.0014013049780318616,-0.007695634180034523
188,9,0.028474327935837762,-0.0067317922945048835,0.013201838653372107,0.010262925333900691,-0.0009370568930800129,-0.012080030586558644
188,10,0.004574770601065065,-0.007270597057114787,0.009182809181272206,0.011820047226045877,-0.0003823689869880836,-0.013312531902633923
189,0,-0.021279001956386222,-0.002026728526812284,-0.013836312804828868,-0.0068469116964681885,-0.0007217018773761434,-0.00013461336012180565
189,1,0.00039528020396329897,-0.002986532018571206,-0.008825680307038905,-0.009854266442417343,-0.0009862109992285883,-0.002424307340429754
189,2,0.013182333623980585,-0.0025299118037007324,0.009196944885385583,-0.009659965432384683,-0.000849388245087758,-0.0018124729426919873
189,3,-0.018292087259380373,-0.0018171522246587962,0.014255347387395144,-0.009223011663523493,-0.0006278602772001119,-0.0037886129106698865
189,4,-0.06762753176186366,-0.0033564010607524,0.007197106484543198,-0.006358407723087755,-0.0008541270354763846,-0.006432464114730714
189,5,-0.07045787967148164,-0.006170531915838167,0.013430756722931831,-0.007814332494045123,-0.0013200407698156398,-0.007005941720409237
189,6,-0.0918272629120063,-0.007131896857317714,0.009611485002161822,-0.004388742087572621,-0.0017347323129630638,-0.005518035751527451
189,7,-0.07650077283221343,-0.006065485638247893,0.0008515148857506649,-0.007195748761929388,-0.002173899235580697,-0.005495677501495022
189,8,-0.027369493412131782,-0.007067279071788217,0.004848428289776057,-0.008152819551974123,-0.0024704015952057615,-0.007181603413774422
189,9,0.04513391552601906,-0.008781923111102385,0.021063320513089807,-0.006930460773380909,-0.002185777745128213,-0.011722896676537744
189,10,0.04964805367074755,-0.009152628249334587,0.021516405619918907,-0.004884257064797723,-0.0015464299717900237,-0.012440598916054424
190,0,-0.05494073512975943,-0.0010171176270867843,-0.004996036606169069,-0.0009777907703487883,2.956926412492656e-05,0.0014581930029033945
190,1,-0.0404665388015847,-0.002744749476607706,0.010314381547961294,-0.0014263713242129421,0.0007709725074839117,0.002110987899324046
190,2,-0.0027046488726804162,-0.0018966412722652326,0.028836916943637582,-0.0033044414036222836,0.001188367258249042,0.0013180820066896123
190,3,0.009790294005207825,-0.0019311571296509959,0.03405753541236444,-0.002051490562667493,0.0011222768129182882,0.0013842691457610135
190,4,-0.11509189788291876,-0.0036266676848326997,0.0288014231173906,-0.0022402494715614554,0.0007733314045099153,0.002157991036709285
190,5,-0.13673001718824984,-0.005989338187742667,0.03587056577983573,-0.004637192034064123,0.0005951248623772602,3.956046104326336e-05
190,6,-0.1187396785600298,-0.006220484355653614,0.05270709324694553,-0.002503613409991521,0.000565305062911736,0.000889725201295049
190,7,-0.14010958728837433,-0.004085271745532993,0.04623833769839136,-0.002129051168259187,0.0005904032335105037,0.0005877498447142775
190,8,-0.1258785891216073,-0.003686749392966717,0.03996250265013966,0.0013316642966998765,0.0008338916429643386,-0.0013625816676369222
190,9,-0.014248124969925842,-0.003751840489960484,0.029272312990244107,0.005225665235182791,0.0007230261029265873,-0.005539169434667644
190,10,0.006200630067958152,-0.005319016126156587,0.012150938428231606,0.003115532649262877,0.0006627728281794763,-0.005230747062047025
191,0,-0.026929848365029922,-0.0017250238054244843,-0.008047109171669169,-0.003504989074170388,-0.00022882237700044342,0.00048287531595599467
191,1,-0.004595271283861103,-0.002156999518038006,-0.003049086653254705,-0.0031316167026857423,-1.435390672388829e-05,-0.0010809451042476542
191,2,0.004436514348708386,-0.0015807899310233326,0.014608444271401181,-0.0012991488586105836,0.0004678079379714421,0.0004827596553710124
191,3,-0.03560787160382517,-0.002090450046237296,0.010857923463627243,-0.00012980164323019299,0.0004714928900216881,0.00044441753689211357
191,4,-0.10131412516907556,-0.0037902053515030997,0.0002545499450920985,0.0021039847349607448,0.00046448032665251534,-0.0025807934122056148
191,5,-0.11387546893679573,-0.005488924494192667,0.0065430536385956296,-0.0038270362433510227,-0.00010488550932813976,-0.004571445164521036
191,6,-0.14474056371133892,-0.006229670119251414,0.034741423569429525,-0.0013105079860164205,-0.0003327822532659639,-0.007642024358140952
191,7,-0.14317005101709704,-0.006664822787138393,0.03464231031240857,-0.005879141975817687,-0.0005624567483347964,-0.008079334085399221
191,8,-0.11286940792135279,-0.008065666222806717,0.00970497257267446,-0.007929911357856124,-0.0007935503349685614,-0.009768308054270224
191,9,-0.05739553313638124,-0.009178908205711083,-0.004853087636018091,-0.00761760642468861,-0.0012020691494081127,-0.011241748065067845
191,10,-0.11077807546530624,-0.011215450453861287,-0.006061163238059494,-0.006184302668069523,-0.0012606604650320236,-0.009375228654152124
192,0,-0.02530377343811382,-0.0015772499093475842,-0.007795210276767969,-0.004172233588167688,-3.803769488904343e-05,0.005095439003848294
192,1,-0.022255568235193,-0.002393733483414206,-0.004556413781845006,-0.004342996438810542,0.0002615158161390117,0.004139871325862546
192,2,-0.04843279677758112,-0.0013096709388590328,0.013536439563307983,-0.0026402954577236836,0.000687021541009342,0.005050341254109013
192,3,-0.07198425065194847,-0.001091535923038696,0.023742437128828342,-0.0039375368911276935,0.0008756731821494881,0.005588841514149014
192,4,-0.14088765610866766,-0.0016173835891678996,0.020819799726911302,-0.0020026567498939553,0.0009054600753626153,0.002788303026343785
192,5,-0.14902571516124663,-0.002999649223838567,0.031684645487631134,-0.005654988231443423,0.00036505780882086023,0.0004759724715610635
192,6,-0.165413116705674,-0.003916936526498414,0.045875711337942826,-0.004423480757161421,-6.131517472256394e-05,-0.001654672586469151
192,7,-0.167388229285022,-0.004319033788557292,0.03921278929586787,-0.0037908320093467873,0.00017273170245770366,-0.00047394221629952233
192,8,-0.1344630984676083,-0.006128568611638517,0.011712053976143558,-0.004339080279432624,0.00021757752089553856,-0.001593116893152522
192,9,-0.07627385019840213,-0.006825033782519884,0.005389034164339309,-0.001476591604899209,0.00014286189176098725,-0.001958293188189944
192,10,-0.13372486566331293,-0.007998237481705887,-0.005998199145830194,-0.0024410626626716232,-8.847105232022361e-05,-0.0032005400578625246
193,0,-0.018974385949087923,-0.0017051198756976842,-0.016434120084512567,-0.006086509421531888,-0.0006103819553467435,0.0015975410525024946
193,1,-0.0027422889242224024,-0.001446042858224606,-0.016773053954730804,-0.009351796021720343,-0.0010552301156760884,0.0025109492788458463
193,2,0.011246432805072886,-0.0006798062790521328,0.003998122145161182,-0.008577383205034383,-0.0013095099562807579,0.0031602720584350125
193,3,0.009229055762487122,-0.00014760893039989604,0.013179152220943843,-0.006234597115132593,-0.001166632096517012,0.0023368737870502134
193,4,-0.03295133420511956,-0.0012600011816365996,-0.0016566332403383014,-0.002586459783168955,-0.0010972821429119845,-9.667627747891481e-05
193,5,-0.06953396497766334,-0.003782294351659767,-0.00583894577901297,-0.0028731757206868227,-0.0013507350771180399,-0.0008389769283087367
193,6,-0.1108590201933996,-0.005783452229529114,-0.013034438417434978,0.00451388075291368,-0.0014218980455367638,0.00014022191658494905
193,7,-0.10054923468902963,-0.005139553546430093,-0.024075050178521237,-0.00013564045458708675,-0.0019133999260546961,-2.7963702796322213e-05
193,8,-0.08855798748604748,-0.0050287342414553175,-0.01588796861426224,-0.0009283056929336234,-0.0019743409856698615,-0.001933623303270322
193,9,-0.06006821651321394,-0.006792838436719184,0.001111549872407208,-0.002158602348524209,-0.0017733014775199128,-0.004737931565000144
193,10,-0.057389365481020645,-0.008246637434093488,0.0019557189109857057,-0.0018580846991087233,-0.0011375891137441235,-0.005673880687617525
194,0,-0.003698886060386623,-0.002121206905739084,-0.007804700012318369,-0.006550637080555988,-0.0005411861859075434,0.0018088182760306946
194,1,0.010021807198484299,-0.002384999982040206,-0.008661131652359206,-0.006083724912890543,-0.0004742351738745883,0.0008126037458742459
194,2,0.002526493166733786,-0.0015568804573685329,0.007187310552392781,-0.004855064046251284,-0.00017504224558725792,0.0020479894048414126
194,3,-0.03594254774131117,-0.002172344102026896,0.004600565937631143,-0.004712068729297393,-8.120229462471194e-05,0.0018887856762002135
194,4,-0.09493936539633917,-0.0039802952335581,-0.005513988481231201,-0.003576216439389655,-7.162243853798471e-05,-0.0012483884286541148
194,5,-0.11692216630201163,-0.0049324720171218675,0.0014723054307867302,-0.007719401375648222,-0.0004788530008333398,-0.0015804246844563366
194,6,-0.1370013653109923,-0.005976507649261614,0.028297849224059125,-0.0040817658216320205,-0.000775330257088964,-0.002766156509344651
194,7,-0.13619364015680183,-0.006660317941742893,0.025057297632313166,-0.005737652755608187,-0.0008129082377245963,-0.0013479058122475222
194,8,-0.09345402511357138,-0.007536685405243817,0.005319395525363658,-0.008203132595085124,-0.0011752499641727613,-0.003891299965170022
194,9,-0.03580424475831874,-0.008780265499523484,-0.0015788081670969917,-0.004827216999418909,-0.0012350423120169127,-0.005812364984038844
194,10,-0.08032119752026454,-0.010840994887070987,-0.007367634473577495,-0.003403223482445623,-0.0011306191929909236,-0.006220815384972425
195,0,-0.025577284930861224,-0.0017270826385128843,-0.0029727550371917693,-0.003604246936642988,-0.00015886952327664344,0.0034171417066219947
195,1,-0.014073946818979001,-0.002550096122651106,-0.001294937896468405,-0.0034321974062236425,-1.2386056083188291e-05,0.0020580613328299462
195,2,-0.020899376922520516,-0.002648960639991433,0.010389666699233783,-0.0018835871835552835,0.0001820233584027421,0.0013873400000234126
195,3,-0.06634121669237768,-0.0032010977048604963,0.0037862681800903426,-0.0020168936541417933,9.723885616958811e-05,0.0014544214105599133
195,4,-0.13204714533166134,-0.0053705854174117,-0.012839021660698502,0.0007229548504095447,0.00018158586743381532,0.0018065036058176852
195,5,-0.15165061580416395,-0.008099240634249567,-0.012980021145920369,-0.002591574605410923,-0.00015510820219183976,0.0015830884441859635
195,6,-0.17923738824966173,-0.008549940282441815,0.010452941007351025,-4.5793029832062303e-07,-0.0004715200566051639,0.001123537877126249
195,7,-0.18377280072355345,-0.007962861001926093,0.006322502417473768,-0.001528522249209687,-0.0006986268651237963,0.0012826271614533777
195,8,-0.14171849459795288,-0.009550639936909217,-0.018150641049634344,-0.0025335987368427237,-0.0008920009761929614,-0.0003943480145369221
195,9,-0.05870604230160524,-0.012035271379108085,-0.029670487216519492,-0.00033748011973910906,-0.0010431736516621128,-0.002135128480094244
195,10,-0.11450613562770674,-0.013999441818124287,-0.0352336683558724,-0.002328644086672723,-0.0012127255343856234,-0.0030435922216265243
196,0,-0.018161493829488624,-0.0015673382776238843,0.0038996349895649325,-0.0010759437507903884,0.0004631287306798566,0.009625409958403695
196,1,-0.026299482079990402,-0.002277468720887906,0.002104139698736395,0.0010537849760601575,0.0008944623620370118,0.007930507005322746
196,2,-0.07577964282591622,-0.0023724396738754325,0.009572993100537483,0.004892115676758916,0.0013038513492284421,0.007148338724129313
196,3,-0.11592135869427367,-0.003223219586061296,0.0066439421711840425,0.002729297282272807,0.001191858667473388,0.008262817257853014
196,4,-0.17871425712458888,-0.0054350671626334,-0.008848674343118201,0.005768854901472645,0.0013913814261007152,0.010038808944471487
196,5,-0.20203440999553274,-0.007704086623598167,-0.01792707692245247,0.004603568934804577,0.0014272617250302602,0.010385589610586762
196,6,-0.2039631697832719,-0.007930703296377715,0.012755763134633124,0.0037336378786499798,0.000817679233917436,0.006464889121317249
196,7,-0.19318638296473883,-0.008002609286387994,0.017812701574485765,0.0028131290144024134,0.0004926472409760036,0.004874599513567878
196,8,-0.16510205321456078,-0.010336057935703417,-0.02285309936536664,0.003520484508185876,0.0007082651065860385,0.004248104907526378
196,9,-0.09853363516153434,-0.011892282621095984,-0.05077053710156669,0.00934270177866559,0.0007591247556622872,0.003366478085845256
196,10,-0.16611277202245817,-0.013521042803021388,-0.06338680066269049,0.002050061025947677,-5.3980870671923605e-05,-0.0010005502738510245
197,0,0.013116556279974077,-0.0006037822969728842,-0.0025959735544786693,-0.0006685215482416882,0.0006149973522516566,0.009412048337383095
197,1,0.0020782433776290986,0.00014940218390809392,-0.009281878823383806,0.003416573194729957,0.0015196407769170117,0.013455939092430647
197,2,0.014994312762856185,0.0014006274879094674,-0.0004534443820908181,0.008934748387371717,0.001949773184211942,0.015184802929438615
197,3,0.00849576146421683,-0.00022809134091989597,-0.008964234470737157,0.009520585897155608,0.0015998563592745881,0.018804841682478115
197,4,-0.03503334664154646,-0.0032903206705358,-0.03860347192714231,0.012878873106805546,0.0020595866263141156,0.020086587597764084
197,5,-0.04527761559144863,-0.0038503869371292673,-0.041720604499877266,0.010781050371653077,0.0023331762162399606,0.021907572457039566
197,6,-0.03946341720386791,-0.0020761548311763137,0.0019809404346820235,0.01902427901176518,0.002595430289869536,0.019602917528818247
197,7,-0.023120511420935227,-0.0006928012887561326,0.013892943918065264,0.008717387112983914,0.0013348632311603037,0.012410262235568778
197,8,-0.03394507957500299,-0.00038554048014831713,-0.012377585372818741,0.013675178626674576,0.0012525261399495384,0.004492928367251678
197,9,-0.021569003996885244,-0.0010028376367569834,-0.03258378095436619,0.01703108750819119,0.0018012804856716873,0.008699987274263157
197,10,-0.043993544562841144,-0.0039059741975200866,-0.041091240020232095,0.015242005760281278,0.0017327285769363765,0.006041008368010576
198,0,-0.013089496898075122,-0.0022626818232934845,-0.01781227896806007,-0.006485435000171088,-0.0005742659931639434,0.0023013547044442944
198,1,-0.0157609402079231,-0.003402606125135106,-0.022548142869971803,-0.007058043529306042,-0.0007023435144940882,-0.000923941467846454
198,2,-0.03522124554997921,-0.0013819871188927328,-0.0072914103603279184,-0.004322789356853684,-0.00021032979644465782,-0.0010082036198043871
198,3,-0.07318394328051536,-2.254625073879607e-05,-0.0002468304331040578,-0.001729421074999993,0.0002937343849445881,-0.0024958559658300864
198,4,-0.13067935002402414,-0.0007787482584759998,-0.0027600712008248015,-0.0019785217804891555,-4.2492726912784725e-05,-0.005434540851349615
198,5,-0.12458499363848653,-0.001948553614053067,-0.0005386036175720698,-0.0024490746960084226,-0.0005558265020647398,-0.007148154649083336
198,6,-0.17174723123091679,-0.003404231895334614,0.005782218761199727,0.0002135227237596793,-0.0010058746827277638,-0.006523401068730651
198,7,-0.16256335860245125,-0.004042941102712393,-0.0035338556077035357,0.0029264109883165128,-0.0009399208321944962,-0.003868249050283622
198,8,-0.10176734216114018,-0.0053075707485051166,-0.015330184354948543,0.0006071107394377765,-0.0010865009854146616,-0.004518162660567922
198,9,-0.029540840986838943,-0.006442374801946084,-0.0008147552053937917,0.00032598682908949097,-0.0009758901098933126,-0.006538341236638745
198,10,-0.055480531623830244,-0.006456877057133387,-0.007944206728546893,0.001053556587955377,-0.0007672617189367235,-0.007962914643567024
199,0,-5.365867537092048e-05,-0.0022028329756868846,-0.008484814465609669,-0.006346656125527988,-0.00033233940817914344,0.0016629157255833946
199,1,0.0017979214477020986,-0.001016070755447006,-0.010946850656728506,-0.006834023642653342,-0.0004907745025608882,-0.0007028924718127535
199,2,0.0015653863607746846,-0.00021117591651693274,0.010127515362711881,-0.0036921817001969834,-0.0002997053270122579,0.0016274086114724125
199,3,-0.007034491054106175,-0.001373426458721196,0.003921548849500743,-0.0032412813885597932,-0.000520631745576112,-6.751630753186379e-06
199,4,-0.028197691772405165,-0.0029353491126712997,-0.014831875889941802,-0.0033036307592533556,-0.0008360274791714848,-0.005491555923620815
199,5,-0.04477352478341594,-0.0040177543093808665,-0.016334026987508972,-0.007619454352116223,-0.0012843508383552397,-0.005442334814076636
199,6,-0.06371232689928091,-0.005243206322523914,0.004870623676359924,-0.0029762359691017206,-0.0013772311491170638,-0.005569708738126851
199,7,-0.06170026799397793,-0.006717410407647193,-0.0008753602834466329,-0.008126947021109387,-0.0016752360341533963,-0.0038552416426988222
199,8,-0.06453194075033879,-0.007045619321892317,-0.01709527397007254,-0.010442761251525524,-0.002107575764270961,-0.005665190461866922
199,9,-0.03714368795088484,-0.007851794840082584,-0.01981349758352839,-0.009858274967013409,-0.001992473896777213,-0.005013787941707143
199,10,-0.038016620474414745,-0.009232200502825987,-0.006973723817552693,-0.010228700110506122,-0.0015774259892790236,-0.004824253980105924
200,0,-0.0008406799899824229,-0.0008116765749088842,-0.004477505621658169,-0.001870884634325388,0.0005263867930440566,0.008797313154454294
200,1,-0.011529941889855502,-0.00027757038737240584,-0.011786156721892507,0.0013900585432362576,0.0011779728772750118,0.011800836531701445
200,2,-0.03456875418706232,0.0009295570896407672,0.0004365596607619829,0.004890709346741516,0.001485154467161842,0.013113073539904515
200,3,-0.06268086662516797,-0.00031207685753999593,-0.0040984126302697575,0.0032727681215507067,0.0011953315035126881,0.015774928889364815
200,4,-0.11089717918165246,-0.0020223360051678,-0.021978653767506,0.006455550024190244,0.0016421768826974151,0.018053449640475384
200,5,-0.13637744324678652,-0.0026484310242430673,-0.02051010659322467,0.0020722607914853766,0.0016750586658947602,0.021003776256554266
200,6,-0.1393067455955044,-0.003148536815391114,0.016453401265883124,0.0065411198291447795,0.0015148867380775362,0.01793928272155555
200,7,-0.13430578905635082,-0.003404323056800893,0.020611964835136765,0.0033034257284034127,0.0012178952149345037,0.016799492783458877
200,8,-0.11881500003876208,-0.004988032144146417,-0.01674943890295604,0.004090696636627877,0.0014413281752397385,0.015406343980047177
200,9,-0.08068108803530834,-0.006398032269447584,-0.039919567633204894,0.008891783516329091,0.0017730762139975874,0.015130639208880553
200,10,-0.14374402061330155,-0.009419497483029386,-0.0550707709653913,0.007244144817850576,0.0013024310184811764,0.012283709211495877
201,0,0.008122546959124777,-0.0011564995206539842,-0.00831660097423357,-0.004613009257695688,-0.00019616800053794345,0.0045004555806342945
201,1,-0.043907204261711505,-0.004044678517144006,-0.012776220335780804,-0.0011952595895210424,9.076667661541171e-05,0.008919216631800547
201,2,-0.003056091442812516,-0.0024315079773256326,0.002966216968086982,0.0019480383756318167,0.0004702500172606421,0.009503859722125913
201,3,0.01420599752776152,-0.002134354234545896,0.006832147661868843,0.004142163433545407,0.0013299960884534882,0.006694183123911013
201,4,-0.11776124814872936,-0.0052962259857051,-0.007150266637795601,0.006035002998566545,0.0014783330886339154,0.011369496488663186
201,5,-0.15333888088382333,-0.006380152067197267,0.01025548961851393,0.0013226015736120772,0.0013655010332274601,0.014180940306383864
201,6,-0.10673718829286981,-0.0052860666637954135,0.06516689430837873,-0.0018788126805350206,0.000780537975910536,0.012579214912625248
201,7,-0.11027173752510513,-0.003632892897897093,0.06788455405844247,-0.008094173706472488,0.00033719985729690365,0.014449382028806078
201,8,-0.08616635886863389,-0.005890791850511717,0.02240001624797866,-0.0040666648693045235,0.0007430692714580385,0.012654045760873178
201,9,-0.04783824960629825,-0.007983573124615784,-0.01603100703869039,0.001955576038144491,0.0009202873759526873,0.010000689644628856
201,10,-0.10879113463005645,-0.009929160902156087,-0.04181971603299549,0.004126025148604977,0.0013628255823306765,0.012232245915427176
202,0,-0.004405353951565622,-0.0008684510916308842,-0.004759512180026569,-0.002229225689464388,0.0005717798999544566,0.008998046595826894
202,1,-0.022824478900252403,-0.000992652926153106,-0.009863294633879905,0.0008043854196974577,0.0013412506987181116,0.013295978408444447
202,2,-0.03150371276719911,-9.690481828023272e-05,0.006387859857375482,0.005167650375273716,0.001784006157302142,0.015191164594312212
202,3,-0.04595246851940388,-0.002317472171018896,-0.001668972448793658,0.0056502819308363065,0.001438885648663288,0.017563633228197616
202,4,-0.09991509116776826,-0.005170835624449499,-0.0282421311005478,0.011977478227249747,0.0020798990186410155,0.021306945459582984
202,5,-0.12663046877025225,-0.006188788609427667,-0.03263961866127497,0.009654949640609678,0.0024400866877425605,0.02442583264624086
202,6,-0.1281482835847224,-0.005576877129975214,0.010941521884807324,0.013703483746507079,0.002527800210682936,0.02156057137135645
202,7,-0.15031312744435363,-0.004776791432400093,0.018426561906659065,0.006580165931857213,0.0018754373026068037,0.02014232978714808
202,8,-0.15455509280707347,-0.005805315579876317,-0.011448920635529443,0.007297482166316175,0.002115338642586238,0.01674480921253458
202,9,-0.10353446194985554,-0.008065703259139984,-0.03620149271825589,0.01439482182417059,0.002304675471888087,0.014177394130282657
202,10,-0.12812072583386636,-0.011295033295463587,-0.04167422439941769,0.012265244926137578,0.0015912272312812764,0.009689813213957578
203,0,0.009679440370682878,-0.0022684202580317845,-0.01412859825286387,-0.00931442808078159,-0.0008449076215804434,0.0016099393264207946
203,1,-0.0202586580998397,-0.005717623820266206,-0.016337121754717902,-0.009127619377344742,-0.0009868721179768884,0.0035764139870035462
203,2,0.055239671225178776,-0.003409744747415033,0.00028503349491648157,-0.004894328971844284,-0.000462066170535058,0.0021106185880977123
203,3,0.05095375938175772,-0.002204927752348696,0.012739862229731743,-0.000905147536611193,0.0004606811372456881,-0.003503762478513687
203,4,-0.08007893898139966,-0.0050725930544348995,0.006216617076144199,0.0002973120804343447,0.00025705600674661534,-0.004543870211823615
203,5,-0.07520872258011124,-0.006086656162947467,0.02403776846103193,-6.612834090742288e-05,0.00011117632756296026,-0.005809435715432836
203,6,-0.0560707420963365,-0.003947988669550414,0.07364661263985363,-0.0006121182954845208,-0.0004336009710804639,-0.007834836702966952
203,7,-0.03864662583803444,-0.002523610796451793,0.07473417081282317,-0.004987864504822587,-0.0007117854631534964,-0.007575356030433923
203,8,0.019470861350689303,-0.0028798420782777173,0.060619625627772164,-0.006493086399945324,-0.0011661434437469612,-0.011635234690941023
203,9,0.06468307845171836,-0.005916945917416784,0.0357690829562962,0.0038354004657645906,-0.0011073426544981127,-0.017733528157962045
203,10,0.006197739796271751,-0.009271249663809586,0.023976594438559106,0.012860867075345776,-0.00011754425564062363,-0.018590407607489624
204,0,-0.04281000434055092,-0.0017898364212142843,-0.01268142711600917,-0.004749569522010988,-0.00014779547992684343,0.0015953258065188945
204,1,-0.0258363732044574,-0.002260263165947506,-0.011964309477914006,-0.004550445786883243,0.00014999329084201173,0.001954204702395346
204,2,-0.020710021033468116,-0.0014749812358739326,0.007155509089377381,-0.0020641079247669834,0.0006111530308909421,0.004189332194593512
204,3,-0.03771067684875247,-0.0014973187556259959,0.011305320591534242,0.0005877637312935071,0.0008178886697353881,0.0032659883658961134
204,4,-0.10195013297726646,-0.0024368601440682997,0.0006153870725361986,0.004049505978576445,0.0009429497582672153,0.0004381142280221852
204,5,-0.13183973476783184,-0.003452762424309167,0.0069209133136345306,0.000806179108696777,0.0007021810977050603,-3.406675379233662e-05
204,6,-0.15516079560679702,-0.003586243895201814,0.026679040740396825,0.0045338192947262795,0.000658678369009736,0.001133292386386049
204,7,-0.168032307671924,-0.003044091434315693,0.03240169655990367,-0.0010231289849855867,0.0003060058235655037,0.0018206056157185776
204,8,-0.15776205318644276,-0.003094103204701117,0.02381891429173436,-0.0036087443988512234,-0.00010618836043736142,-0.0017777222068274224
204,9,-0.07238105634965875,-0.003959759752544584,0.024791459331244707,-0.0015015707600478092,-0.00014508116716221276,-0.003112551348742144
204,10,-0.10766527340417785,-0.006554695880377187,0.025073137456666606,8.7849161816977e-05,9.216183427617638e-05,-0.0013298040520098244
205,0,-0.01932475709402602,-0.0018180351426646843,-0.0052958683642714685,-0.003667725766412088,-3.8784545157443426e-05,0.0036492012617907947
205,1,-0.012588482212192201,-0.0023427566854485058,-0.002248773013536605,-0.0035469257558344426,0.00015347693051791169,0.0023297410566798463
205,2,-0.031054251468678115,-0.0024171791873671324,0.013617159436692282,-0.0026850117979139838,0.0003242672692201421,0.0019150805820170127
205,3,-0.06671423401459887,-0.0031169342359103963,0.005695080634805743,-0.004364075728005893,0.00015085797220278812,0.0006997334777881135
205,4,-0.11050674267939187,-0.0043436963362888,-0.0041885565745374016,-0.0044477567778142555,-0.00012815970892388463,-0.001311444968132315
205,5,-0.14380058530930345,-0.006874883706582367,-0.00434746931721367,-0.006554658583012622,-0.0003839111868174398,-0.0016425545284689366
205,6,-0.1683400587421625,-0.008010022307735114,0.007018332620921122,-0.003899863551979821,-0.000638479836004764,-0.0014869138967961509
205,7,-0.17962988554878861,-0.007235584600488793,-0.0009733102204588333,-0.004683202325308387,-0.0006811585036295963,-0.0011867339591100225
205,8,-0.15821537096241356,-0.007863303362087116,-0.012357779982427344,-0.005897876059904624,-0.0007908114935211614,-0.003008902465803022
205,9,-0.07588624282691034,-0.009916827949127984,-0.017793262468441994,-0.0047725057142323085,-0.0009938829503745128,-0.0048717051802935445
205,10,-0.12516429656764624,-0.011344490588060387,-0.022951775499277693,-0.005845483268051123,-0.0010568345890917237,-0.005643319739383925
206,0,-0.010525234390235422,-0.0012026607393096841,-0.002089270648130569,-0.003013902071982688,9.268030604865656e-05,0.006706445553091994
206,1,-0.011156178656445902,-0.0002408430178141058,-0.0030383450953485056,-0.0030109928825896425,0.0003318214689571117,0.003386686111674246
206,2,-0.05344420474253241,0.0007084874282447672,0.006945701254742483,-0.0008745009814829836,0.0006018927753744421,0.0022480322673000125
206,3,-0.09801787243918017,0.0002717443158512039,-0.0005828115952627565,-0.0030906172637531933,0.0004831892203979881,0.0010235036106663133
206,4,-0.13744006524924707,-0.0010264805276226996,-0.007527495897808201,-0.005175593678675055,8.316867546141532e-05,-0.0014430344593576146
206,5,-0.15501617731770004,-0.002869492263130067,-0.00864313412921957,-0.0077308978093527225,-0.0003162886616483397,-0.0015863483012954365
206,6,-0.16932181797028328,-0.004807655106922814,0.010250275039650024,-0.004886949852437321,-0.000876298137625564,-0.0027299361898940507
206,7,-0.15017463766098882,-0.005875216617603293,0.0045817279805153675,-0.005940501062078787,-0.0011171776687336963,-0.0018686904539113223
206,8,-0.11960533421701648,-0.007768675476821217,-0.01706122153361144,-0.008174968848767023,-0.0011578958941162614,-0.0012552899210933222
206,9,-0.07177502713039594,-0.009381878828471184,-0.016568509859419094,-0.004297241038291709,-0.0007122549165233128,-0.0007416620422250439
206,10,-0.12115430797614965,-0.010333403440295987,-0.024329102559074195,-0.007763344779898223,-0.0008022406563225235,-0.0036871756233425243
207,0,-0.017130728911706222,-0.0017233708073930841,-0.01774312689134347,-0.007466314348724588,-0.0005583001243707434,0.0032159374734798945
207,1,-0.0183592746875363,-0.001199165913826606,-0.023160591045530705,-0.010928308167891244,-0.0009146612877880883,0.000731204449958446
207,2,-0.04579797044315972,5.156257272726731e-05,-0.004150141638715818,-0.009131619275213183,-0.0006841343109709578,0.0031924913849790126
207,3,-0.06456472714808648,0.00010912567693790402,0.005686015792865743,-0.007049865304402094,-0.00036230750987651197,0.0038249326138071137
207,4,-0.10288052116585676,-0.0002414910256921996,0.005401647884218399,-0.005752242860736355,-0.0005349028297879848,0.00018187240549628544
207,5,-0.12069414189237473,-0.0019274542834003669,0.00350747668957483,-0.007700461528044822,-0.0010435887498752398,-0.0013646243984358365
207,6,-0.1483592149239379,-0.004351208483804514,0.008476698511326423,-0.004484234464644221,-0.0015208029199913638,-0.001294247348187951
207,7,-0.14652978881257683,-0.0054340081440840925,-0.002461554855772933,-0.0038173083384272872,-0.0014114383902700963,0.0029146627757813777
207,8,-0.1326298012842328,-0.006578102263979117,-0.015488991218007044,-0.0073571939160114235,-0.0015229819364752616,0.004363305489559878
207,9,-0.08142620683530853,-0.007270332041231284,-0.0008273478113848915,-0.008319229009351309,-0.0013806535010109128,0.0037177500969924567
207,10,-0.10260236455820675,-0.008294446785811488,-0.006812932852318694,-0.008802467616311222,-0.0011804344254560237,0.0014011452659356753
208,0,-0.04346372919834662,-0.0010125268815036842,-0.011964605116756169,-0.005970009780203488,-0.00028973538653104345,0.0030580934178417946
208,1,-0.059487246164115805,-0.0025542662510548058,-0.005913977932611706,-0.008058759999452342,0.0002452934292733117,0.006196468973376246
208,2,-0.0058751107099661165,5.40081044569673e-05,0.02063036917511158,-0.007455846269271484,0.0006564921567466422,0.005835334860911012
208,3,0.00988282436764313,-0.0001875311902603961,0.030282080488571644,-0.004932342134188693,0.0006139795866638881,0.005162113939278413
208,4,-0.09192303168526177,-0.002272193883509,0.012956685905288397,-0.003046979793842155,0.0006109652182577153,0.003192554320194885
208,5,-0.09538571351125244,-0.0032175325466551673,0.017564891208478928,-0.004912382011911423,0.00015504022898206023,-0.00021264778407943663
208,6,-0.1289161822936029,-0.004401326051450414,0.029336428845625723,-0.00035006941726562087,8.695127607364068e-06,0.002664674096579049
208,7,-0.12856283588701511,-0.004405025565073893,0.015289101803611267,-0.003746839692348087,-0.0002824586170543964,0.005927585662901977
208,8,-0.08741505602338999,-0.004136603469327917,-0.0034571521041598416,-0.0009522968677668235,-0.0002052826646351614,0.004576795783449978
208,9,-0.05411957975067615,-0.004656374516355184,0.008910661987329108,0.002148380050087391,0.00015314996777998727,0.005367474947105455
208,10,-0.04671870433143034,-0.006271830372138687,0.007097816909122805,-0.001682746923884023,0.0002037431800332764,0.005889405807670575
209,0,-0.005615056312496723,-0.0023337137023675845,-0.01822839867286297,-0.008387571000819188,-0.0007665570675473434,0.0010127886323744945
209,1,-0.0017804276426023023,-0.002538607445540106,-0.024674853663598707,-0.008918248442101442,-0.0011835980711152883,-0.001971007380171454
209,2,-0.0018165659371302163,-0.001671147116193433,-0.008650230209829617,-0.004770940960565484,-0.0009238162828949579,-0.0013574457909890877
209,3,-0.026783656417044874,-0.0007761774044518961,0.0007143007243141427,-0.001011788208937293,-0.00036215532643191196,-0.001422070704421487
209,4,-0.07191084294508066,-0.0018298576253513996,-0.008316706371292502,0.0027302332017511447,-0.0003682102622482847,-0.004171448951780315
209,5,-0.08017435246488275,-0.003968775175143867,-0.00449539323727047,0.0013449639206772773,-0.0008117451443930396,-0.0033285384770769364
209,6,-0.100963551686611,-0.004919793684408714,-0.0026256015918250768,0.0057936942369333794,-0.0012275846957285638,-0.0012566678755771509
209,7,-0.09025483053402324,-0.004001511890117493,-0.004877574090898434,0.0026757876414791135,-0.0015712165632589961,0.0006344515590861776
209,8,-0.04592500848462379,-0.005034964117290717,-0.0033389112919189417,0.0010769355474547764,-0.001999661137620661,-0.001536467274158222
209,9,0.04095823999340126,-0.007235740794288184,0.014546414687452009,0.000665618400372691,-0.0017846366490533129,-0.005043824169145444
209,10,0.03881974733108036,-0.008239729064316588,0.016466621891641706,0.0014318748350719771,-0.0012498152239042235,-0.006399728591406825
210,0,-0.043892679096061524,-0.0020738889263942845,-0.013819195527724969,-0.006309225620469288,-0.0006617445065238434,0.0012746885891826948
210,1,-0.0569412220874922,-0.004377559441035906,-0.012405783596738607,-0.005010679452151142,-0.0006404998441042882,0.000769394472933746
210,2,-0.061292668409093316,-0.003279477685106933,0.0017342360767309828,-0.003898450562312984,-0.0003128851546542579,-0.00034770951898438745
210,3,-0.09767990597701218,-0.001656164649403196,0.01646424354278904,-0.0027911995986927927,0.00014029886139838813,-0.0018043311734344861
210,4,-0.18879805757798096,-0.0037391070565643996,0.012974800956048697,-0.0008179897318775552,6.141301270211531e-05,-0.0009510714086223148
210,5,-0.19460085265218433,-0.0056628187834149675,0.02053998113549573,-0.001865997772176423,-0.00014841781033263972,-0.0009247051302956368
210,6,-0.2272053619963082,-0.005123991064395714,0.04063075400274373,-0.0015656939212679206,-0.000543656680724164,0.0004562846200442492
210,7,-0.22948941366586462,-0.003402353070414793,0.03525743487092886,0.00017302620418151323,-0.0005169504747738964,0.0015766682538870774
210,8,-0.1730992886838404,-0.004393669857811417,0.01293870069908026,0.0024890001999649768,-0.0005214286361807614,-0.0008458588747894222
210,9,-0.044538104479882545,-0.006907973931521484,0.007330825277694708,0.006763317346554791,-0.0006722129979497128,-0.0052474409137999445
210,10,-0.08157330119215583,-0.008025104921802986,-0.007927770482455694,0.006863485174158277,-0.00036087415215502357,-0.006740731229870525
211,0,-0.031748307794624425,-0.0018491672900983842,-0.012703550196787169,-0.005895027368141588,-0.00043138079400294345,0.0036625659170800946
211,1,-0.06602993121280709,-0.004411491886035006,-0.013282234737031107,-0.006395123032776243,-0.0002568012979110883,0.005429691566534946
211,2,-0.010634630938817415,-0.0007602641808854328,0.012300182892449583,-0.0049030621065209844,0.0002704139562798421,0.005881829645467112
211,3,0.020047208822994926,0.000708157843677504,0.02663858253491274,-0.001264289056471793,0.001050198009375388,0.004802633742930414
211,4,-0.09620346838384106,-0.0009047020974696997,0.0250389628094822,0.00048124868023764473,0.0009953802969870154,0.002551411889895785
211,5,-0.07329600314699433,-0.0012401682125839672,0.035829534714659134,-0.001926219548963523,0.0006777540955461602,-0.0015483601128555365
211,6,-0.0907637401396148,-0.0006759160519187136,0.07292513121275422,-0.002395671655003021,0.0003646245876750361,-0.003968235401098651
211,7,-0.09304056807129873,-0.001042497885172493,0.06857051767755228,-0.004620007826949087,0.00040620152574890375,-0.0018590487243450222
211,8,-0.05716640156702229,-0.001917483563779917,0.04947760780695526,-0.006268360619677424,0.00037944190806053855,-0.002817475289058122
211,9,0.011232208248545955,-0.002199668533270884,0.04874083415934241,-0.002621179670353709,0.0004773397443040873,-0.003750025488663544
211,10,-0.03596737475581355,-0.0043663613554388876,0.0403546008634804,-0.000467110733923123,0.0005368392880003764,-0.004395680228015225
212,0,-0.012757900910823022,-0.002575062790845784,-0.01118266334548667,-0.007162942262182388,-0.0005572724276761435,-3.4746113758605396e-05
212,1,0.007203284115589799,-0.003350211800524506,-0.014102906437321306,-0.008499156387651443,-0.0006112836537247883,-0.0024123802456630533
212,2,0.012477602081436485,-0.0024705292790390327,0.002795825512690482,-0.005437431918367484,-8.86176289821579e-05,-0.0010761091091116876
212,3,-0.019258642684148373,-0.002237575874896296,0.010384342042900743,-0.0033064462161245933,0.0004514903168444881,-0.0015516910971537863
212,4,-0.07304940626143966,-0.0035616379584044997,0.008486996610740297,0.0006877832732509447,0.0005161959438924153,-0.005638013617691615
212,5,-0.07220909313509964,-0.004587130943243767,0.01867382646492413,-0.0023505911897787226,8.750472829466025e-05,-0.007452452749414036
212,6,-0.0819477200020134,-0.0056348916425165135,0.039895275181755924,0.0019483667199227794,-0.00016592441478216393,-0.007963846862572852
212,7,-0.06805239620512153,-0.0067124040133788926,0.03344466524516217,0.002196549004101013,-5.286993363509633e-05,-0.005074341829428923
212,8,-0.004368802522279294,-0.008126802123986417,0.01858379235310376,-0.0009903155649147236,-0.0004957194790974614,-0.007030387376677022
212,9,0.058659738713724666,-0.009503213466184785,0.01602709740900911,0.002532480175724391,-0.0005935684280961128,-0.009218047244147144
212,10,0.020239127087300857,-0.010856429063893187,0.011899274568652606,0.005970152969713377,-0.0003285849092260236,-0.009317515615645224
213,0,-0.026194322917792622,-0.0008940167695295842,-0.00018267046042926872,-0.001994841779844888,9.027051290905658e-05,0.0053448039604748945
213,1,-0.0342365478529187,-0.0019886515844836057,0.0015467530562357952,-9.940934627444224e-05,0.0005229937555990118,0.004920215256841346
213,2,-0.05629876909993691,-0.0010845929673516327,0.017047155693291682,0.001913429986653316,0.001028757791906642,0.003970739634203312
213,3,-0.09103876751174989,-0.0011039663914822959,0.013601962506062043,0.00034537300393130705,0.0010892824624716881,0.003063633749438214
213,4,-0.15005002262231276,-0.0030642040638774997,-0.00034314914603260143,0.002445872721742945,0.0009453213001936154,0.004611052638343485
213,5,-0.16512927640766803,-0.0050239680178057675,0.00350038097587453,0.0021324045326098773,0.0008334168705682603,0.005812014657080764
213,6,-0.17629151470757531,-0.005209034592038114,0.026403032361833924,0.004225390100491279,0.000543050164268136,0.007177171867418449
213,7,-0.16600074745611404,-0.004196470823827793,0.020279237436362167,0.004705725556239413,0.00040029955293660363,0.008160893001215877
213,8,-0.10184468353588338,-0.005455888816219817,-0.0011066251388379415,0.005092029696670977,0.0005276953312358386,0.007308299452041978
213,9,0.003300612100602354,-0.007882355003627384,-0.0076381061290034915,0.00863361579821459,0.0005479935194084872,0.004859355956613055
213,10,-0.03717071840659134,-0.008410701817357487,-0.016349192547160895,0.0028633516169149767,0.00044490185668557647,0.0028239852838686757
214,0,0.014413338097255576,-0.0019444055763031842,-0.008610140219653669,-0.007459722366646788,-0.0005210012567538434,0.005850034498269294
214,1,-0.0191896878837262,-0.001636344276715306,-0.021328413094748706,-0.008282627163578842,-0.0005529832694415882,0.004392959756681246
214,2,-0.04357553537403502,0.0004785083585465673,-0.0023914817061185187,-0.004332385400270484,-0.00014161490891345793,0.006538424239014412
214,3,-0.08640677051371637,0.000488844247536704,0.0018485092582888434,-0.004017460176887793,0.00021397577196188811,0.008632034889011812
214,4,-0.12380999565080177,-0.0008468598540781998,-0.009895056578322403,-0.0026714451313660558,0.0003895818902411153,0.005903138599349586
214,5,-0.15473976472412385,-0.0016129816974997675,-0.02085832280223337,-0.0045366679683813225,0.00021874625713886025,0.003803579256125363
214,6,-0.17912694601559392,-0.003084564611030114,0.0070835190996623235,-0.0009523232631826206,-0.00025741018116766395,0.001865851740318649
214,7,-0.14561575885207095,-0.004615119561952193,0.006628792412429068,0.002263185951843413,-0.00021182501877969632,0.004253794969132978
214,8,-0.1266825885710185,-0.006005536685680117,-0.020990850162616943,0.003676457541579777,-0.00015026772985936141,0.0036442949489322784
214,9,-0.09361510040828484,-0.006630037191377284,-0.025661472175673293,0.006149183477624191,7.252688009898724e-05,0.004853603078956856
214,10,-0.12183809601428475,-0.007465409952811687,-0.030764133742624492,0.005274286054647277,-7.68359620028236e-05,0.002949413471953376
215,0,0.004242157614656777,-0.0023384777536932843,-0.008368737810128868,-0.004802702743929588,-0.00012865224547664345,0.004555178392697995
215,1,-0.0084346188337237,-0.004028697833737706,-0.014324374605184605,-0.0013008260520385425,8.18938039434117e-05,0.004869842397052646
215,2,0.023186741239506488,-0.0033026391266782326,0.00041964599007598274,0.002056666846720616,0.0003877954981385421,0.004824412193113713
215,3,-0.030811970065888775,-0.003518031590370896,-0.0024024795452844572,-0.00016356737088269293,0.0005560052742803882,0.0018495568899799136
215,4,-0.12972171110082048,-0.0063441310618817,-0.018320028416178098,0.0022985235188884446,0.0009745445452299153,0.002061374946515385
215,5,-0.15589618063226343,-0.007365096214153967,-0.014163097235678669,-0.0030480946315225225,0.0006940504674219603,0.0024602846322223635
215,6,-0.1462540591432655,-0.006417236787224714,0.023925529372518024,-0.0005161353109855206,0.00018807510029343608,0.00024252224004184903
215,7,-0.15873605313638944,-0.0057818018089917924,0.027918841065762166,-0.0032418830037002867,-0.00010317981289669634,-0.00015604611213182245
215,8,-0.062226450497088186,-0.008563995180181517,-0.005129535901690543,-0.008222128759051824,-0.0007785351059693613,-0.004498599446350922
215,9,-0.015580428284681942,-0.012762819899656382,-0.030819863605390196,0.0019022847825466908,-0.00046651408847611273,-0.008984314964332144
215,10,-0.06055041106038844,-0.014902105909555787,-0.03342883165217739,0.009253507600696577,-0.0003005268797272236,-0.007016345457065424
216,0,0.021190904391608482,-0.0013499973863717843,-0.0034755412036723693,-0.0018776647046118882,0.0004063261812799566,0.008083579188038995
216,1,-0.000747574191836603,-0.0009690407005339061,-0.007481912123539205,0.0004402137555320571,0.0011381603010249116,0.011106615568536746
216,2,0.015619228012189885,0.0017380337960196672,0.01643189390599738,0.005745761017302216,0.001777653859528442,0.013666031827487215
216,3,-0.033274459834761475,-0.00015508949549869607,-0.004529484997493557,0.007457849370966407,0.001653614181670188,0.014622317011915112
216,4,-0.03962560572818387,-0.0025406873448866997,-0.0305517153262268,0.008782072514209247,0.0018027998146722154,0.011822109459110285
216,5,-0.06536672355209625,-0.0029587792783053674,-0.03597597738820927,0.004713460940415777,0.0018037704414244602,0.013454873872978263
216,6,-0.07737420447241111,-0.003371226158804514,0.0015232578290383242,0.01004150034767258,0.0016312666721067363,0.01167856506564685
216,7,-0.06507625333885823,-0.004034566814108193,0.0031537473304440664,0.006803730445548714,0.0008818329462861037,0.010243260522919677
216,8,-0.06905103201693569,-0.004609746283024417,-0.02651837623311174,0.007137073148143576,0.0008144372108063385,0.008469411511552578
216,9,-0.05401677777334064,-0.005564876292737484,-0.043417781889390494,0.01067683004054349,0.0012971617091101873,0.012662537848550256
216,10,-0.07592832480212774,-0.0070160325781005875,-0.04404636944509499,0.010052716681931879,0.0012659876074682763,0.011769681723644176
217,0,-0.008855211062096021,-0.0006605878170204841,-0.0005244073557939682,-0.002890947284351888,0.00015256330179555657,0.005932360578584495
217,1,0.0091931037242058,0.0006013344075918941,0.0028176494068941956,-0.0015868755525435423,0.0005275862440860117,0.004918086987538446
217,2,0.007832164209735685,0.0012757882907642672,0.012926692327609781,0.00024355675547971657,0.000867855850794642,0.005718152326015512
217,3,-0.010706534816993372,0.00032946495101530385,0.002652056942987842,-0.001520574717080193,0.0008622068413018881,0.006755569568996414
217,4,-0.03547731867214077,-0.0014419961326987997,-0.012882404942383402,-0.0003353675240401553,0.0008261357786262153,0.004110321944960586
217,5,-0.054678231350844445,-0.002831224920506167,-0.00845025604013007,-0.003316597476180323,0.0005723496667996603,0.005015065238769864
217,6,-0.08068351373840751,-0.003995597868059414,0.015420623809129026,0.0041522254219152795,0.0004426441494678361,0.005685211519155249
217,7,-0.08060590961566563,-0.0039387504711287935,0.014370187393322666,-0.0004526846875274866,-9.235236507419632e-05,0.005940170089651178
217,8,-0.06919923827026739,-0.004557330985179817,0.000459825466247558,-0.0015247378985896235,-0.0003211074003758614,0.004556051423571778
217,9,-0.030643861808292743,-0.0063043797159367835,-0.0048176833073085915,0.000457157981419091,-9.643830864681277e-05,0.0051397697515595565
217,10,-0.051856677690837745,-0.008683219276082288,-0.008253055056169894,1.774519224837705e-05,-0.0001207575017967236,0.004125452896970076
218,0,0.007742876058065978,-0.0013769354323248841,-0.011046596821281169,-0.004523213858193288,-8.339135388544344e-05,0.006314270942702995
218,1,-0.0020536308693800027,-0.0009561902104014059,-0.019123467449194805,-0.007442700317419242,-1.8570340058829342e-07,0.007925025873615146
218,2,-0.012399646807296716,0.0013246066271675673,0.004811137997959082,-0.0041360950382378844,0.0004723460956455421,0.010296016187503813
218,3,-0.028466285367690174,0.0011317565676464039,0.005744045044725643,-0.0036012748904490927,0.0005684159697146881,0.012310290885997813
218,4,-0.06088350873048836,-1.3483105051399769e-05,-0.0031911701987488014,-0.0021962975181723556,0.0004660409507097153,0.008871156353046885
218,5,-0.07798275535502164,-0.0008316373676202672,-0.0041725338441708695,-0.006806083655783623,-6.425179801163977e-05,0.006625331764857963
218,6,-0.1087033958456593,-0.002959664689805414,0.013682388467305923,-0.0007105742146739206,-0.0003710366787355639,0.004468871596024549
218,7,-0.09995056275967754,-0.005090594512996193,0.004324854682639167,0.0007358577662108132,-0.0002542501976741964,0.007269418946202278
218,8,-0.10218127451547519,-0.006476738203792217,-0.019828266676090642,8.986130405437662e-05,-0.0002878117968528614,0.007230402754378578
218,9,-0.07545401214639524,-0.006873738167754084,-0.020958236015779893,0.000308161019229091,-0.00012115216922221276,0.009493132358987955
218,10,-0.10804947345046655,-0.008456252597314886,-0.03011707557227149,0.0007314812511848769,-9.753519452392363e-05,0.008059733143181376
219,0,-0.0017179817131734217,-0.002236466848593084,-0.01944585407185287,-0.007417708010288588,-0.0005620891333423435,0.0027213870223783947
219,1,-9.550535436030072e-05,-0.001509000931729406,-0.023067970497683707,-0.006875430663029043,-0.0006382073108541882,0.002036287258455846
219,2,0.004666798264447382,0.0012329219713339674,-0.0026229441337317187,-0.0023245600641450836,-9.00000093235579e-05,0.005648894019382412
219,3,0.015459603506267523,0.002598419284326704,0.007154422335860243,0.001169644159191707,0.0003929447478714881,0.007496575529624114
219,4,-0.009402157184230459,0.002473245571163301,0.006188916985802799,0.0011771280423411449,0.0006078552935795153,0.004767665704221385
219,5,-0.032245993528348435,0.001991920735210733,0.01009261131638053,-0.001379446821240523,0.00013934879196706026,0.004057644921915763
219,6,-0.062353081096910803,0.00040067240303558616,0.020213088289432926,0.004353049199717679,-0.00013110911692786392,0.00495948766477295
219,7,-0.05988682006194514,-0.000726185978593993,0.015964869901989465,0.0006936030040819133,-0.0004127180485203963,0.006875801580261078
219,8,-0.06866104199551809,-0.0016429501434776167,0.00790880731485936,-0.0022035350900274234,-0.0006671368576412614,0.006430956657695479
219,9,-0.01830584496970174,-0.002646015429519484,0.021222341918738508,-0.0041792137204429095,-0.00043724305254821277,0.006551233010122457
219,10,-0.01655184222974694,-0.004637953749289987,0.022971923263156408,-0.004036822786984623,-0.0001087728645227236,0.004776970236968575
220,0,-0.003944043954450423,-0.0024247435985110845,-0.0020097620235129685,-0.005445952893328188,-8.542569627943448e-06,0.006011537990689394
220,1,-0.0009473439296337031,-0.002491348643249606,-0.009206753176238005,-0.0026493857966674423,6.727168227481171e-05,0.003441643596059646
220,2,-0.04019127335234411,-0.002082866566968233,0.00017630102219738306,0.0029762411214714164,0.0002173724569512421,0.004757023543813712
220,3,-0.06618038374118028,-0.002384380612373796,-0.003422578568961958,0.002082875349733707,0.00024592060220008814,0.004470084250304113
220,4,-0.09907888481639666,-0.0041031317343903995,-0.0214475141824348,0.0028998467596874442,0.0002598908674882153,0.0016841320802641851
220,5,-0.11987106759901833,-0.005108703913832167,-0.024032404065311666,0.0011690921702696773,0.00016200000652756024,0.004441321173027663
220,6,-0.130223387749341,-0.006301634822019514,0.006758313395990326,0.005943022771833879,-8.536762433656393e-05,0.004406817699434049
220,7,-0.10432231628973583,-0.007475640038505293,0.0066418387620399665,0.006124647821996013,-9.998094396419633e-05,0.006676137282060478
220,8,-0.08561907624706198,-0.008396220242432216,-0.017954456248740543,0.006227265685043676,-0.0001943947897222614,0.004849001095066778
220,9,-0.054191242275956744,-0.009504459895908483,-0.02535406481603769,0.01285483509306619,0.0003978188513499873,0.0056359458596405565
220,10,-0.07297585293739975,-0.010599574592012887,-0.021513727949222496,0.011685008924924078,0.0004900308279568764,0.0034445388561777754
221,0,-0.04124564668969772,-0.0018412425629329842,-0.013310594522706769,-0.006960646261260288,-0.0005169696800453434,0.0010756799849790948
221,1,-0.0451065180361261,-0.004055575505828106,-0.012447835015478307,-0.008028483846881743,-0.0003671101292149883,0.002665248848822446
221,2,0.01838279656782158,-0.002365347796106733,0.0035229014328750823,-0.005926768215227584,7.976439311334208e-05,0.0017410710697743125
221,3,0.03192188212300263,-0.0019089181133815961,0.011063982701859643,-0.0038293553066046926,0.0003801066063244881,0.0017079419685685133
221,4,-0.08788992863854146,-0.0040737577209602,0.001223672690517599,-0.0030581450414150554,0.00020892844828191532,0.003121900565373085
221,5,-0.09636912637574244,-0.0059405272849266675,0.01028900277616053,-0.004608936696739924,-1.7303655871939746e-05,0.0011046542071371634
221,6,-0.11559274421767,-0.0057448036378515135,0.03232542548487892,-0.0025742957532698205,-1.901317528006393e-05,0.0017513977473117492
221,7,-0.13404110941065484,-0.003963831709355693,0.029192423287357768,-0.0038816128200102867,-2.341907292289632e-05,0.0016731417791234775
221,8,-0.09447316286926509,-0.004302375304346916,0.014550955340536558,-0.001970631547484724,5.886494435553859e-05,-0.0010354721778847223
221,9,-0.012401443013501542,-0.006210761085832384,0.005052496956803609,0.001292003864922891,-0.00021645217728031275,-0.005367391907219745
221,10,-0.021319536007394543,-0.008999050920266288,-0.011659376409379594,0.001203217036607177,-1.9073066473236026e-06,-0.004053255412959124
222,0,-0.008971115951896622,-0.0010445081056845841,-0.00023690633107016808,-0.003406502575580188,-0.00010259513309034344,0.005507669876787495
222,1,-0.0166228614688597,-0.002007036717062106,0.006431352560453995,-0.0029212763403224425,0.0003114002600002117,0.005154801981509746
222,2,-0.044791820154947815,-0.0012020806817663327,0.020451581104231682,-0.0037374537869153835,0.0003930527964588421,0.004194864651592413
222,3,-0.07624982076358908,-0.001348537314032096,0.014900226005995944,-0.007279884862308093,0.0001203154267387881,0.0015150483489413135
222,4,-0.11471258616791526,-0.0036623524907432995,-0.005151097418020501,-0.009744876880757354,-0.0002456936018209846,0.0027627318707644853
222,5,-0.11299776678264774,-0.006777216068335867,-0.01158010902345177,-0.009637233201207523,-0.0005050930613549398,0.0035758865961098636
222,6,-0.11238234182845601,-0.007651776415210214,0.001975409541184324,-0.00826020295200512,-0.000893335631587564,0.004028940430547849
222,7,-0.08766936232723774,-0.0070495532448161926,-0.003822363488931335,-0.011377191373186985,-0.0013115518024543963,0.004260793769357577
222,8,-0.04514448820809139,-0.008071337048831617,-0.014963704629382141,-0.011767898537179324,-0.0011921094899876613,0.005008944298912478
222,9,0.008849369756877654,-0.009872319960563383,-0.01193405131325469,-0.00810796447318941,-0.0006378927907748127,0.0030165131117900553
222,10,-0.03618687489624445,-0.010329348632909888,-0.013527116193913294,-0.012831990766243723,-0.0005677673644522236,0.0019441186308802754
223,0,-0.02897378309907152,-0.0023068482308977846,-0.011765746298865268,-0.005875330255299188,-0.0004082171410247434,0.0011093764132591943
223,1,-0.013053823429192701,-0.003868905798011406,-0.011192481539232007,-0.007297256696294642,-0.0002446346781606883,0.0010505042091336464
223,2,0.008210293174241686,-0.0024142497343824327,0.007426490778010582,-0.005458660498167884,0.0001965594041668421,0.0007571270305588127
223,3,-0.014538858119914275,-0.0023270731082048962,0.010544560817225043,-0.0029985767553155932,0.0004355649111234881,-0.0005911804329050865
223,4,-0.09573473597627936,-0.0043961170566071996,-0.004519523128830901,3.42412914502447e-05,0.0005185721575779153,-0.0008352226379345147
223,5,-0.12126870833966213,-0.0066196063296008675,-0.0022985108932021703,-0.0019285486903786227,0.00032065922299996023,-0.0023190908881262364
223,6,-0.1532387612686663,-0.006615892290349614,0.016834409324165023,0.0007038697931030793,0.00021632373467183607,-0.0007285236357242508
223,7,-0.16385365059896623,-0.005354414000334493,0.015482960099054165,-0.002076408238300787,-7.128043249339633e-05,-0.0007252757087680226
223,8,-0.13507838663907148,-0.005984453837645717,0.0010384888277141582,-0.003912524131564924,-0.0004118999626565614,-0.0041939763369495215
223,9,-0.04586418827430225,-0.007429447252433984,-0.005791652087915292,-0.001714803877137609,-0.0005918906220696127,-0.006616434081493445
223,10,-0.09476242707324234,-0.009597891580948387,-0.009350237315387394,-0.002407826537440123,-0.0004462070562450236,-0.005467176619619925
224,0,-0.027970906125767622,-0.0019253629858577842,-0.011163646735012469,-0.004239228449765988,-0.00024200978346414342,0.0045018998072704946
224,1,-0.0008499138233541009,0.0004491232566635941,-0.007453960026591005,-0.004994648339430642,-0.0001694190162038883,0.0038580322249990463
224,2,0.0015486361535074853,0.003068633393127667,0.013698898063199882,-0.0025038409821312837,0.0003899078404542421,0.009062170535364513
224,3,0.013099296975038928,0.003496928491695404,0.028254132225375345,0.0001385481132944069,0.0009132214406449881,0.013614132832509012
224,4,0.011182028040121542,0.003909414105337301,0.0230228860925669,0.003670892444895645,0.0010392279763654154,0.008639530430670086
224,5,0.007978934904950455,0.004428764025156933,0.030132988316152833,-0.001036112062265423,0.00039227523977296026,0.0060804491550642634
224,6,-0.007525223029660105,0.002616071102061286,0.05017680398174802,0.004853535660678179,0.00023150956206953606,0.003889401697065549
224,7,-0.006458492317831327,0.0006298699472141074,0.045621432337787066,0.001338816169492913,7.161862404203681e-06,0.006044445679113878
224,8,-0.02561242919137549,0.0002323613478054827,0.027146927481483757,-0.0014043426565023235,-0.00038167815527006144,0.004969790731886378
224,9,-0.012913193276597543,8.319827357911643e-05,0.02587610172386001,-0.000805587716704709,-0.0003663344001914128,0.007865749314453056
224,10,-0.03413551943371425,-0.0020853840541492875,0.022824032536042305,-0.0003545566745879231,-0.0003805803846416336,0.006714250041555677
225,0,0.0047581983113183755,-0.0020820579650488846,-0.015608320659952568,-0.007490438420422988,-0.0005738253674178434,0.0023776416719359945
225,1,-0.0288792498799986,-0.003116553555555806,-0.026051774371495903,-0.008883644367946843,-0.0006637989588300882,0.0015963450342888462
225,2,0.014269707202085985,-0.0009168466029254327,-0.010114473174194418,-0.006635230064229684,-0.00035544497462955795,0.0020483654053246123
225,3,0.024509863968479824,0.0007447949006956038,-0.0022157922336504578,-0.008557862939876293,1.2991766487888091e-05,-0.0008319541329439867
225,4,-0.06638338845039896,-0.0014365426277156996,-0.009408172819375003,-0.005970594523462355,6.228473983691533e-05,-0.003406084124906815
225,5,-0.07494320006597843,-0.002022268500338967,0.0018269519676608302,-0.011290197665576322,-0.0005505507053712397,-0.0037483936992111365
225,6,-0.11335785613674121,-0.0012387445729052137,0.024197860166242924,-0.0073774766099200225,-0.0011170177875655639,-0.004138062547937952
225,7,-0.12087638678064783,-0.0019375448683181928,0.017659170244860065,-0.010210765612945186,-0.0012103721648130963,-0.00046162097925952226
225,8,-0.10899152284189678,-0.005171858486441517,-0.010019783610382542,-0.011423221495195623,-0.0013966208454350613,-0.0013014839101639223
225,9,-0.07639749202663473,-0.007309402791946084,-0.01044647339848629,-0.00914178384281731,-0.0013360513812009128,-0.0040238045862861435
225,10,-0.06864899752320114,-0.008784585291220587,-0.011046368668160894,-0.007304365213461123,-0.0011223957700991236,-0.005155399230558824
226,0,-0.042296318326543125,-0.0020503884414397842,-0.002140038423470469,-0.002927407346085888,0.00014504468219835655,0.0035071836044258944
226,1,-0.041102375937036195,-0.002809121306723806,0.007594927600007293,-0.0015376723421957426,0.0005559055486583118,-0.000515716819577754
226,2,-0.09124286324411911,-0.0029696599815868326,0.015196673831302882,-0.0013429537156722836,0.000901432774509442,-0.003073040680878688
226,3,-0.13979213608466018,-0.0034757675601206958,0.006724227698990743,-0.004166145733879593,0.0006326910671488881,-0.005986781731840786
226,4,-0.16864123245374824,-0.0052973350591677,-0.00034505693108600143,-0.006404875683591255,0.00017582881312541536,-0.007309890244679414
226,5,-0.21042429732124565,-0.007702319466479067,-0.004924761353687071,-0.009657381467199522,4.218262928306024e-05,-0.008044902620494638
226,6,-0.2196884343512565,-0.008323798632845315,0.014584926568078124,-0.01186092148667942,-0.0004473277405783639,-0.009823775635649151
226,7,-0.20748944551692583,-0.007144333032775693,0.011605005462759865,-0.013781720681599984,-0.0005320868136692964,-0.009511264957287222
226,8,-0.1444045382173454,-0.007690526862953017,-0.007019722837178041,-0.016993456296711822,-0.0007338068571486614,-0.009782360566865322
226,9,-0.04400489051122124,-0.008608878334429384,-0.036986825193139894,-0.01388107868062281,-0.0011904831751297128,-0.011476309888168043
226,10,-0.11195097370502714,-0.008736490006374886,-0.04861263261133639,-0.017181544612557522,-0.0014126303266816234,-0.010634735026071223
227,0,-0.038060048979605625,-0.002328733099011584,-0.01513442482367387,-0.005951497391723188,-0.0005195909448874434,-0.00035159256772290554
227,1,-0.0253205924812336,-0.003540896578516506,-0.010558871731349607,-0.007023143660787443,-0.0005100048554894883,-0.002220067596949154
227,2,-0.031449159368894614,-0.0031611005817089328,0.007431962197707082,-0.006147152420067184,-0.0001782870323023579,-0.0006278315844487872
227,3,-0.05583271504318767,-0.0024903285727726956,0.01763527816073314,-0.005194195428065493,1.1198437631088076e-05,-0.0010499567982619868
227,4,-0.10832513825687837,-0.0029030143228736998,0.015276323994902597,-0.0040245840597471555,-0.00023055473479528462,-0.003755072050648815
227,5,-0.12011546987310234,-0.005240770254391767,0.016644366433394328,-0.006780402440977922,-0.0006434466612383398,-0.005456199125722537
227,6,-0.1434161917121871,-0.006714816082611914,0.012660788469636225,-0.00436328773269712,-0.000892352262252164,-0.005820906748934752
227,7,-0.14150933897899381,-0.005915647320606893,0.002642225800617865,-0.005387048586539387,-0.0008764141719847963,-0.005298754182731022
227,8,-0.09922587218136619,-0.006065419353553117,0.0016687892741819583,-0.0071954247780705236,-0.0010397693544814614,-0.006732040221053322
227,9,-0.020551115248186043,-0.007512904300573984,0.004745480563756708,-0.007491904602516709,-0.0013513910654845127,-0.010089136324404543
227,10,-0.03146176898499394,-0.008520585009285687,0.00032592566796810565,-0.006899641269444823,-0.0010834147549810237,-0.009600451123498924
228,0,-0.04847208496890203,-0.0023986391996474845,-0.015232102088956569,-0.006822310928919688,-0.0005707909731974434,0.0019231108232466943
228,1,-0.046683602574093305,-0.004739115169318606,-0.010081554287291006,-0.0059035929180417425,-0.00047270716008968825,0.002181951951030246
228,2,-0.022067614126442515,-0.0026501771689496326,0.008113682480018782,-0.0048469725368971844,-0.0002179810089916579,0.0008508646007967125
228,3,-0.04446913766423417,-0.001459780040147296,0.024170567238877443,-0.000671017362900193,7.262641555268808e-05,-0.002225819587603787
228,4,-0.14510828411572285,-0.0031334942026114997,0.013128632449635597,0.0011711062494285448,-0.00019335535143048474,-0.0015477244922602147
228,5,-0.14627067206591354,-0.005395855234694567,0.01468644392995233,0.001404750008987577,-0.00040725576200763974,-0.0022172924337445364
228,6,-0.1672868625975843,-0.0051020013942628135,0.018728073820885923,0.002763531554976579,-0.0006806315416377641,-0.0012275028243577608
228,7,-0.15391076558073302,-0.002740850165503993,0.010177230795151065,0.0039553559782560125,-0.0005313752593556964,-0.0023500876737618226
228,8,-0.1016864049696213,-0.0027817258884755168,0.0006701515017997583,0.004621056757142576,-0.0005086800477879614,-0.005485319359158022
228,9,0.01480923638656896,-0.004815047076224283,0.007022022964204608,0.007191664854735991,-0.0004993119032525127,-0.010845492823650044
228,10,0.014852552595681356,-0.006423270405213787,0.0017634545837208054,0.004882339267384677,-0.0003338114929047236,-0.010926706903375324
229,0,-0.014239944609249123,-0.0008645409673502842,-0.0066639310311958685,-0.002973256622300888,4.364320684056567e-06,0.004683842308707494
229,1,-0.029656109809264603,-0.001481962532196806,-0.007389982221747806,-0.004993444353126543,0.0001318058445576117,0.005928720581968346
229,2,-0.026758879151738017,-0.00021905569224453265,0.009039983338626283,-0.006145125687023184,0.0002887639766751421,0.006869538752844512
229,3,-0.042383662859635074,-0.000588759949176896,0.009729263178664342,-0.008051143345637692,0.0001961904434078881,0.006416036061859013
229,4,-0.13473167504189257,-0.0022612731988932997,0.001430551629858999,-0.0073671114961095545,7.656711229281533e-05,0.006302015562601086
229,5,-0.15016347476949463,-0.0032096187207175672,0.01192432146372533,-0.013904114944124222,-0.00044660848381553975,0.007049069689905563
229,6,-0.1511056804359395,-0.003942871300936614,0.04748153086539192,-0.01735384102204202,-0.0012415525285108637,0.0047652865105703495
229,7,-0.14404473014073282,-0.004505457883893293,0.04551510637666836,-0.020638717177068486,-0.0015396045051127962,0.007059089368012578
229,8,-0.11007548324771768,-0.006365777590590917,0.008908897373456959,-0.020404550803595125,-0.0015357340465733615,0.006633167850381178
229,9,-0.08023670867571864,-0.0073878667457632835,-0.01105163185885389,-0.016660169155076607,-0.0014669918389769129,0.004756358022977355
229,10,-0.14646605278784103,-0.008905467322217288,-0.028011644837218595,-0.017519037545032222,-0.0017014695214687234,0.004392942815403176
230,0,-0.04459971107272352,-0.0016169440362524842,-0.004117817805560468,-0.0011252107041163882,0.00013479805337565653,0.0018840856488963947
230,1,-0.023019917738318303,-0.003099731534913706,0.0035013777016947942,0.0023237268718855576,0.0009174142172988117,0.0033232040497798462
230,2,-0.002851439326972016,-0.002314028661805133,0.01472570154386768,0.002285930126027216,0.0014369029376434422,0.0033840713283993123
230,3,-0.02722905205096887,-0.002947685130565196,0.008169765866220842,0.0014638674624015068,0.001427565751203488,0.004562041120863013
230,4,-0.12265487884044876,-0.0059890090732815995,-0.007247374224171201,0.004150131100565945,0.0016286198933849155,0.0072304193283180855
230,5,-0.18062947571184415,-0.007600299841413467,0.00197106939932703,-0.0011144286118981227,0.0013915005027229602,0.006716851419186962
230,6,-0.2009795940128219,-0.006692416300446414,0.040417183239660925,-0.0009259907501137207,0.0012942762231233362,0.005708753376141448
230,7,-0.22262746644399062,-0.0043874360242420925,0.04102900332612397,-0.005511984507575287,0.0010153359400311038,0.005516731420397277
230,8,-0.240743994352416,-0.003820617207581617,0.006861910883876958,-0.005625292117448623,0.0010335652941823388,0.003115306106942878
230,9,-0.11747982494645764,-0.0050890525332187835,-0.023158935821053092,-0.002284358243055309,0.0008212558100159871,0.0028705346200366554
230,10,-0.17478408437229553,-0.008364656547683187,-0.04527410773621339,-0.002787148105082923,0.0007513609708403765,0.006301297874761077
231,0,-0.03331191378540652,-0.002074494958840784,-0.016137780334856768,-0.0061709988868569885,-0.0004995714183682435,0.0002841946872698944
231,1,-0.025535090851939602,-0.003389364218845406,-0.013522020845125004,-0.007402000435352543,-0.0005644870261586882,-0.00045383684673555406
231,2,-0.027726753102827913,-0.0033089913622389327,0.003475778935960282,-0.007156539193046084,-0.0004542831751854579,5.44088417459127e-05
231,3,-0.053762266250343374,-0.002943725662501396,0.008965073603729043,-0.004662732982681993,-0.00023303844663521197,-0.0010485028319976867
231,4,-0.11537430907764676,-0.0035906727343294996,0.006059169285479299,-0.002708228202173455,-0.00047995591291868456,-0.0029145799248470146
231,5,-0.15707045268046155,-0.0066189533384364676,0.0014757225882396302,-0.003121508570023223,-0.0007387289271949399,-0.004339735692320837
231,6,-0.1818148534932808,-0.007848376826253714,-0.0032135104510725744,0.0008344239754851793,-0.000729605375397464,-0.003142012164378351
231,7,-0.18424233774411364,-0.006087008672471093,-0.013642735572474033,0.0006096590417724132,-0.0006494274965731964,-0.002712361384271223
231,8,-0.13976127351988638,-0.005795438946487317,-0.007259653342153442,-0.0008750768600340234,-0.0007859850031078614,-0.005199806047467922
231,9,-0.04690401924464094,-0.007538192276925884,0.0033965574673517074,0.001029662643997491,-0.0007836378464622128,-0.009437184982234545
231,10,-0.05794635206972375,-0.008592324427024088,0.0007003671990885064,0.000815699663256177,-0.0004005850208197236,-0.009188086959684724
232,0,-0.02207970967797352,-0.0016785056157822842,-0.014495616776501768,-0.008732662240097087,-0.0008486458638283434,0.0036231254287029946
232,1,-0.0670630183346097,-0.004618974934960606,-0.021520282868586003,-0.007002689907093542,-0.0008229487210569882,0.007131982700596646
232,2,-0.011863643078355517,-0.0024007006477126326,-0.007029799437020718,-0.003997725794665884,-0.0004637636182878578,0.006373955579115112
232,3,0.005246859629525223,-0.000960372549637196,0.003973481855432443,-0.0024012867036528928,0.0007262868891930881,0.0029871116029542137
232,4,-0.15988138508575805,-0.0040272416587769,-0.0005001870091619014,-0.003435897358914655,0.0006924772711530153,0.004425082445168486
232,5,-0.15645132695805095,-0.0051208320054355674,0.01218372992880313,-0.0076851589927738224,0.00030515005136946024,0.005165167092417263
232,6,-0.1593319924299313,-0.0031945327638520137,0.06856218861163403,-0.012309317297787422,-0.0004386940775991639,0.00428415282377935
232,7,-0.13959647965912292,-0.002103657485071193,0.07040260996663816,-0.016655006146836487,-0.0005327186161905963,0.006907714889893477
232,8,-0.07922807347204569,-0.002793135186728417,0.04307244594489646,-0.016571415487537725,-0.0006206881236774614,0.004419194674553478
232,9,-0.03596917939880164,-0.002512180358520184,0.01281518223004691,-0.006543097520838708,-0.0004957133153917128,0.0004162347100307561
232,10,-0.09210182334806434,-0.0038180561906742874,-0.016257259102388195,0.00046680810286167706,-3.23823344672236e-05,0.0006087509828924757
233,0,0.021204208916728976,-0.0011009496933057842,-0.007105967268473069,-0.001789123886345688,0.0006417191545973566,0.012100958683000795
233,1,-0.0219128546326478,-0.001676100724639406,-0.011083313793215605,0.0016988352582312577,0.0017593151221297117,0.018896441819951745
233,2,-0.04108603184863482,-0.0004175289642641127,0.006035443109503282,0.005803970439919616,0.001873965166319142,0.021770548176086212
233,3,-0.05159607596635098,-0.001669440502151896,0.006653123664260643,0.005641489280249507,0.001824486632067288,0.022593901080905716
233,4,-0.06188115099776606,-0.0036617952521811998,-0.014707650435622303,0.012445814697223346,0.0020767975971275154,0.021376907575482884
233,5,-0.07720700873776423,-0.0027215759332497673,-0.02768151028406307,0.008507818998855077,0.0014144388055218602,0.014402673842876962
233,6,-0.1015905855972842,-0.003667121968858214,0.0015021912865610249,0.012148057587911779,0.0017183940909062361,0.012067000283357948
233,7,-0.08566779450813954,-0.004692538390437393,0.002842590020109066,0.011570320545504715,0.0016768478597841037,0.012591488769935178
233,8,-0.09711630612437498,-0.005060854096248217,-0.017477095108333843,0.010480372687788377,0.0016811943312011386,0.011905390784368877
233,9,-0.08819445201291803,-0.005516096845703384,-0.018499063060042793,0.02051931962118799,0.002772151158311387,0.020461715163237054
233,10,-0.10360998450496295,-0.007955777833349687,-0.021778714381627495,0.013138736231712876,0.0023467981657238762,0.018434077102069676
234,0,-0.009346450066771622,-0.0016306005280649842,-0.013671889193870369,-0.004357875852300088,-6.301464638344342e-05,0.004095134642985995
234,1,-0.025847785151284303,-0.002985297038350906,-0.019842333271653002,-0.005431143310011143,-9.74674820569883e-05,0.0035687707468269464
234,2,-0.016883251292485316,-0.0012864870361737326,-0.0014593981556256172,-0.0021572035851580838,0.0002235341463825421,0.0028778700476690127
234,3,-0.04157691362047468,-5.567071927569593e-05,0.008353610091541144,-0.0033892730875221934,0.0003040015144293881,0.0005523663684113135
234,4,-0.14080232277327775,-0.0018012931357862998,-0.003297471735953801,-0.0018837108409203555,0.00011069924298371531,7.844122738438503e-05
234,5,-0.16139656760631235,-0.003972463026210267,-0.00380719458030797,-0.003579491836456623,-0.00034344895826903974,-0.0009784624050261366
234,6,-0.1980441359025028,-0.004810284164366814,0.006299928360869924,0.0013904537197881794,-0.000722361384200264,-1.1182815476509008e-06
234,7,-0.2165760984423573,-0.004864421998347193,0.0008561193079090652,-0.0002872252872847868,-0.0009852276481331962,0.0017647886118765774
234,8,-0.19731986694771597,-0.007618112605863917,-0.02019732354891764,-0.0007901353452625234,-0.0010117198330977612,0.0010320058123234777
234,9,-0.12186476401290824,-0.010804825588340485,-0.018070641967069992,-0.0019146082066934089,-0.0012037500235036126,-0.0025779896265507437
234,10,-0.13261301387061594,-0.012666624732927387,-0.023239334467120693,-0.0036678513894191234,-0.0010566955287640235,-0.004988068567035325
235,0,0.009120682029392677,-0.0027149685942775845,-0.014759843052812268,-0.005856803277809588,-0.00041837987883744344,0.0024752959811797947
235,1,-0.005451201443517701,-0.003995711832239706,-0.019679613077497007,-0.006963018171072442,-0.0004470291021663883,-0.00023720495586605382
235,2,0.02866280588039099,-0.0017011180780319326,0.005635544383801782,-0.0021355736996570836,0.00012549884787754209,0.0010036981446562127
235,3,0.025469956021623823,-0.000511291648969596,0.01868017141120424,-0.001404675383972593,0.000700828549581588,-0.002686596781215587
235,4,-0.07568335255970586,-0.0024909004311145996,0.010620568861905497,0.0036355071866231445,0.0008588750209208154,-0.008726784887673214
235,5,-0.06861726450491634,-0.004264273416309267,0.013737900171782731,0.0010094103572490772,0.0002444084534602602,-0.012594714770591438
235,6,-0.1190969303697182,-0.005743807856907514,0.026350170463005824,0.006967173921136779,-0.00021109381583696394,-0.014464601036032351
235,7,-0.11347805956747373,-0.008156104777302393,0.017091949089448766,0.009603929160460814,0.00010821777733730368,-0.010057049964984022
235,8,-0.062161159383345585,-0.011761967286665717,-0.010550099359570042,0.0026017998543203767,1.328681929693861e-05,-0.006892755013568922
235,9,-0.031464663244680946,-0.012775643950897884,-0.01290602114866729,0.002344214764694391,-0.00013632796351591278,-0.009362714673500045
235,10,-0.06797750422902335,-0.012586716046319188,-0.016508224924251493,0.005219172027071277,8.684284661687641e-05,-0.010055018325411223
236,0,-0.02137306336310642,-0.0009396339006383842,-0.005361589950271068,-0.0007345952733959884,0.00016463969123795658,0.004130998246956694
236,1,-0.03289467024430111,-0.002841847316801406,-0.0005930903591997057,-0.0002694467649754424,0.0007820581359634117,0.0061007345371162465
236,2,-0.005317392369795516,-0.0007768044878173327,0.023902147837185382,0.0017064149724166165,0.0011953111037618421,0.004622499658870512
236,3,-0.013379899010643473,-0.001527195183114896,0.030109159562183643,0.0026322865386471063,0.001353325160620688,0.004319492137305113
236,4,-0.10849916189586187,-0.0041947103520931,0.0204547166742912,0.004573864510205845,0.0012591915776870152,0.006046364624295286
236,5,-0.12450404356587254,-0.005775982373409067,0.02788449348211483,0.001469835975249177,0.0010649472699920603,0.0037581696429033634
236,6,-0.13552573089262332,-0.006606584729552914,0.07725420104980833,0.0006326590073246793,0.000744894902214136,0.0004463640168839492
236,7,-0.12281078100662993,-0.006536086974734793,0.07736710847223446,-0.004319209429799287,0.0003967147837498037,0.0020536267175685777
236,8,-0.11372143768622658,-0.008356864137500317,0.04564445785434806,-0.0034320268750921232,0.0005499614781305386,0.0014056491297291778
236,9,-0.06137881838503294,-0.009734528771097185,0.019117108089966108,0.000792501988270591,0.0004266257197348872,0.00010317491255835629
236,10,-0.13193194084375043,-0.013386900279922988,-0.009781343612680894,0.000971052216613477,0.0003029647306649764,0.0014971725704338757
237,0,-0.023203402650245123,-0.0013931535199423841,-0.013225058731220669,-0.006193233672097488,-0.00016807541531484345,0.0026915965121230945
237,1,-0.05200758533662551,-0.003639851191201706,-0.012151093439842105,-0.005937882469197643,0.00011850245127031171,0.002750721976671846
237,2,-0.038043713920539214,-0.0013851655354648327,0.0011358142638869823,-0.005427962880544784,0.0005600335739048422,0.0012680320688881123
237,3,-0.03739429442468298,-0.00011100060656099608,0.013355594666478043,-0.0052349646928814934,0.0009438337686775881,-0.0015803840478302868
237,4,-0.15767426228973047,-0.0019665873624708998,0.006403623567674599,-0.0052931411544363555,0.0006065261239140154,-0.0007872793307601147
237,5,-0.16359015385676234,-0.0034878705450924674,0.01712467074704723,-0.007034823079949522,0.00032281156723816025,-0.0015987533941834368
237,6,-0.2105884130685456,-0.0026383827667039138,0.04539906728550522,-0.00951357768367652,-0.00024603209583366395,-0.001840449064835351
237,7,-0.22470659655819725,-0.0012009025714216927,0.03997955282276307,-0.010181916196664987,-0.0004060303436475963,-0.0004031551332987224
237,8,-0.18034835562477397,-0.001934119124627417,0.002995530125869858,-0.009129456084487723,-0.00035727645455066145,-0.0016230174566895224
237,9,-0.06191544833439565,-0.003769141904571784,-0.01673501153771939,-0.005164049847829909,-0.0005891262641031128,-0.005481717895533044
237,10,-0.10065486565202174,-0.005385334559237688,-0.037687966111743895,-0.005123129698000923,-0.0006762436532325236,-0.006941154626330324
238,0,-0.024538275792120822,-0.0021801757911180846,-0.008643763945428968,-0.004616511840512788,-0.00048018011599224345,0.0024543002256761947
238,1,-0.012931258762166801,-0.003210670406780306,-0.006028657765431205,-0.004455969482919842,-0.0005144952813340882,-0.0010603112543590538
238,2,-0.024636852549287713,-0.0024317852333316328,0.010407809935503682,-0.0014658795268066836,-0.00018793495075895795,-0.0013666472592678875
238,3,-0.06814028415242397,-0.0017775233970901958,0.015766401628311145,0.00044609674538710706,0.00013909883367218808,-0.003223173926736086
238,4,-0.11437159557839637,-0.0030828820462016995,0.010732112684468697,0.002377862055941245,-7.267782403808467e-05,-0.005992206016077815
238,5,-0.10330167206527824,-0.005456151185482267,0.01445739187900533,0.001023150412097077,-0.0005232833233554398,-0.006782871394336637
238,6,-0.1138218377618501,-0.006393921831838014,0.020091162094048425,0.0020343850862479793,-0.0011349567660300637,-0.006143843826862252
238,7,-0.09043997199659634,-0.006289816056740593,0.013118570539193266,0.0007761543359435133,-0.0013835005499387963,-0.004810141606199622
238,8,-0.03491189365332409,-0.008284887592429818,0.0037023591867242586,-0.0010481328251765235,-0.0016058998388961613,-0.004998570328193822
238,9,0.04751589637223416,-0.009996941543777685,0.014507161053626209,0.000808990316232491,-0.0012356813085953127,-0.007017863881063645
238,10,0.036127152362485954,-0.010315859591029387,0.013143188395091005,-0.0010554564743847229,-0.0010345412867853237,-0.008645210131414524
239,0,-0.029264683311676924,-0.0011108033373398842,-0.002910338766937269,-0.002649926756699188,0.00025913293487805656,0.004773692056587694
239,1,-0.020458781163058302,-0.002545919331652706,-0.001842215665780805,0.00018798370698965786,0.0010398868216366117,0.006148676245480246
239,2,-0.015751292614189914,-0.001964637069378533,0.009196307999803583,0.0006600114676845166,0.0015519796468617421,0.005730629081707312
239,3,-0.04287086723519197,-0.002476863283358396,0.006162943618680943,-0.000329397824215193,0.0015861395740962882,0.007526956944978213
239,4,-0.12671481804601015,-0.0056008509149895,-0.007639369563644201,0.0031952584310786444,0.0018266132343380155,0.011271716873144585
239,5,-0.17275485770280954,-0.0072094352997498674,-0.00010929052942447014,0.000220326292389677,0.0018964578817623602,0.013050695321978162
239,6,-0.1989430028678642,-0.006751245975819514,0.039017220587625925,0.0026257199988120794,0.0017452734927729363,0.014361266189149048
239,7,-0.21037130712801405,-0.005070664824094893,0.03840309792928856,-0.0021010804302127872,0.0014023591267388039,0.015011358345640676
239,8,-0.19091978092100687,-0.005310099742279617,0.008383851678199359,-0.0011715987255815235,0.0015278641417025385,0.014174803171890377
239,9,-0.07539683144236234,-0.0076037186906145835,-0.017074840299180494,0.004502082125762091,0.0011250488490776873,0.012718291999245356
239,10,-0.13215844973603644,-0.010819205936956887,-0.03166112235508589,0.001003029093867877,0.0006293537968975765,0.011830218953725576
240,0,-0.050517093887936626,-0.0014029516921151841,-0.007152477529025269,-0.003547922482407188,-0.00023044910189534346,0.0028115691885323944
240,1,-0.054247334891975606,-0.003734904617581806,-0.0027418040457925057,-0.0026130713123177426,0.00010952078386431171,0.003693538157541746
240,2,-0.038518194160001316,-0.002611923829466333,0.012979605025776083,-0.0021332446583956837,0.0004995302120654421,0.003625096197954913
240,3,-0.044814949642278674,-0.0018222081508393962,0.02350052465100564,-0.0025769574146031933,0.0007807656793730881,0.0034343478345059135
240,4,-0.14513473478444466,-0.0037301266020735996,0.0224867031765053,-0.0006991316923501553,0.0007621976207869153,0.003872393220774585
240,5,-0.13683304700813992,-0.004605398232365967,0.03825868120946843,-0.003789062377516923,0.00046998909594146026,0.0026929637007573636
240,6,-0.1390548435981731,-0.004522547759361013,0.07936750723111563,-0.005965631669656921,-7.85749405526393e-06,9.470420622049048e-06
240,7,-0.11426873854901683,-0.0043796107023847935,0.07497798682773008,-0.007861538711931987,-0.00014727144940689633,0.0017366721645556775
240,8,-0.05213225190267649,-0.005361445368510217,0.04227512000711506,-0.007382994476837824,-0.00018999611977306142,0.00041548913568487784
240,9,0.03351891018005776,-0.005756590847475484,0.018564071936519606,-0.001254718159123109,-0.00017707666153471278,-0.001264214772626044
240,10,-0.06018896761096254,-0.007020367629232787,-0.011390316178404294,-0.00026285775614582306,-0.0001659826851869236,-0.0006655248478765244
241,0,-0.03230573401136112,-0.0017937966609990843,0.002128606825285132,-0.0021870482660036883,-0.00016688774401474343,0.0047691334185847945
241,1,-0.0250787840124786,-0.002778130522656906,0.005350982687651294,-0.0010543104593694424,5.568924928331171e-05,0.0015139166744574462
241,2,-0.07396036566118011,-0.0019969583053012327,0.015616644339651181,-0.00022192249247568355,0.0004870675781545421,0.00048133661162011237
241,3,-0.12545064624609348,-0.001316066328182996,0.01953434237926034,-0.003338050377002793,0.0004170193908592881,0.00026833281244871337
241,4,-0.18514549265172398,-0.0026551393273962997,0.009705229345562697,-0.0009358958889402551,0.0003021465965835153,-0.0007917931534737149
241,5,-0.18321274958249953,-0.004350981733767667,0.01127268455631143,-0.004523218660836223,-0.00011550879479333976,-0.0006400737974130368
241,6,-0.1885666181309158,-0.0049114238534312136,0.025702900954690924,-0.005764213293078621,-0.000770634478614864,-0.0026133699877422508
241,7,-0.17853857677531054,-0.005044623955980693,0.018288159159199166,-0.0035657582789917867,-0.0005816512099818963,-0.0012182651689063226
241,8,-0.11767972007806679,-0.006604825823449717,-0.017264272509229742,-0.0036291415310125237,-0.00042543113447966144,-0.0012480135269312223
241,9,-0.033550255024550446,-0.007296341418998884,-0.031104127168573494,-0.0008071061233720089,-0.0003731938225513128,-0.0022273940730816438
241,10,-0.10229440773887614,-0.006871677161471888,-0.04186737553530999,-0.0051008637430129235,-0.0006478601353698236,-0.0028457906963372244
242,0,0.0033265295300281793,-0.0012048436854529842,-0.01035750707456757,-0.004791113134231488,-2.777857400174344e-05,0.006035137121337494
242,1,-0.013196233578591302,-0.0007450386819910059,-0.021650933508394206,-0.005497686927118743,0.0002301089388825117,0.008220723532860547
242,2,-0.005812572301177215,0.001082097221728067,-0.0034126094614768173,-0.003337056953995684,0.0006284768592497421,0.010270180188886311
242,3,-0.014456761156810074,0.001036796994743304,-0.0015923983768188574,-0.005026354611763593,0.0006626612480023881,0.011512214743713013
242,4,-0.07494218742426237,-0.00033688008450959974,-0.010348951015422603,-0.0030801056813131557,0.0007167979704133153,0.009606739186272684
242,5,-0.09623475262758514,-0.0009736274774967673,-0.007468621905984669,-0.010647951587851923,0.00013315148421476025,0.011138796352477363
242,6,-0.1201384032331807,-0.002443885106442214,0.015121533656240024,-0.006158018119838821,-0.0003568648691183639,0.010435721534315549
242,7,-0.12184374591986803,-0.004485887088645093,0.005140252878132665,-0.008389852980286288,-0.00047015809101679635,0.013540485546286677
242,8,-0.12777553753903628,-0.006550749331615317,-0.027314389492498942,-0.007903741873632224,-0.0005360056273990614,0.014816912841390978
242,9,-0.11091737188879094,-0.006178269422614584,-0.03482039751289369,-0.005682189597154009,-0.00041077029921991276,0.016554156990517054
242,10,-0.13817365270655835,-0.008047310706902087,-0.042617002309982194,-0.006600873991434923,-0.0004057025431172236,0.015087370272336377
243,0,-0.013381815564950323,-0.0012541106240286843,-0.0067886985796661685,-0.004609348358224888,-0.00023625253659414344,0.004712381083102295
243,1,-0.008548218830704201,-0.00044197870740300595,-0.008583917892018005,-0.005540561017942543,-0.00034372058063738826,0.004133752435050046
243,2,-0.016568979843858616,-0.00012890277842683272,0.005436696788422082,-0.004268417159174484,-0.00038920231458705796,0.006320365575529813
243,3,-0.031369729898150976,-0.001071562349028996,0.0012595492669277425,-0.003500976591553793,-0.000518405886950312,0.006546592189664113
243,4,-0.04786037425656376,-0.0025685169843938,-0.017120292064841898,-0.0006418301269121552,-0.0003099772648829847,0.0045071320010231855
243,5,-0.07194775872068623,-0.004571868436825667,-0.02589890172385797,-0.0010902411525924227,-0.00046817616210233974,0.0034394060091235633
243,6,-0.08840401040954221,-0.0061192085485097135,-0.007188698392812776,0.00575220237002408,-0.0004636171779707639,0.003191361383279449
243,7,-0.07877294344367494,-0.006064006904014193,-0.012207851741240634,0.0039668176279557136,-0.0006019084453843963,0.0035984828952842773
243,8,-0.06563363216173118,-0.006183379109496917,-0.025516476772769543,0.0034245618306533764,-0.0006137421257825614,0.0026984332310422783
243,9,-0.02325522199607924,-0.007728671270922584,-0.023166960529941993,0.003147535675905791,-0.00042746915187851273,0.0020229523608092563
243,10,-0.042176041323800345,-0.009690931928097488,-0.024845626587785993,0.000982059628848477,-0.0004522030074828236,-0.00024908085997732464
244,0,-0.015592336431581422,-0.0018887181818495842,-0.01251538572567177,-0.0060456891382616885,-0.0007214643640252434,0.0006237749095119945
244,1,-0.010515840793526202,-0.003449914940524406,-0.011875456190072405,-0.004967743750471543,-0.0006821154919372883,0.0008030913881518459
244,2,0.04128176683448689,-0.0018525752126417327,0.007225259277144482,-0.0019711079860283837,-0.00020337440080775795,-0.0006790367491546971
244,3,0.011675665198348027,-0.001242894610403396,0.010612169994657543,-0.001207557613827993,0.00011615761795208813,-0.0029009247774179864
244,4,-0.07087290848272257,-0.004091222552041999,-0.003203379483774401,0.0023976104670057445,0.00017789836547801532,-0.0028877048890558147
244,5,-0.08899382704741504,-0.006272500572214167,0.00177599911979953,0.001355807384999077,-5.311448854739757e-06,-0.003913808252920637
244,6,-0.1272346131500325,-0.005813498447849514,0.016582282176939925,0.005553352727723579,-3.500055762056393e-05,-0.002055415092092651
244,7,-0.12570641816179823,-0.004252613148327793,0.011192365452437765,0.003753552612134713,-0.00023027353667699635,-0.002605312747566622
244,8,-0.07604682661765629,-0.005524315800082617,-0.001548021025518442,0.004411055839567476,-0.00038400927164816136,-0.006511108333697522
244,9,0.024876194800529564,-0.007826959722254685,0.006121288319899509,0.00650495499324219,-0.00041543106886771276,-0.011255227669442144
244,10,0.025184669845913457,-0.009324752789015987,-0.0009787650684645946,0.006213448422954577,-4.623218282202361e-05,-0.011162418144096924
245,0,-0.04310283734133982,-0.0006113093242070843,-0.006573024052141869,-0.005521391358525788,-0.00044666936526484345,0.0019944356434570946
245,1,-0.0289990112342185,-0.001800328982788606,0.004810411587251694,-0.006467301348651042,-4.295059705048829e-05,0.002639758584067346
245,2,-0.012172241404629016,-0.00038375662905113265,0.021875759218470382,-0.006366661059175184,0.0003795495895240421,0.0015908100568819126
245,3,-0.05008350752484818,0.00039307132820960385,0.02529622150672424,-0.0067727016400141934,0.0003728979012052881,0.0003848342162398135
245,4,-0.13098077547707815,-0.0019771585624416997,0.0161742291488082,-0.0033897651669952556,0.00015462910650961535,0.000713732193199285
245,5,-0.14548962813927335,-0.004412413488834067,0.023968289029364834,-0.002351085292768823,0.00017096151812996023,-1.0379378873836631e-05
245,6,-0.1687205954154566,-0.004408951944399013,0.03615481396773923,0.0016592553125017793,0.0001925094690904361,0.003083172340163049
245,7,-0.16169617209868026,-0.002546740544609693,0.02852518174399817,-0.00020496278867668661,-0.00023663453482659634,0.0028224965946351778
245,8,-0.10032865851774589,-0.002893872174609617,0.02745416874556846,0.0018870101435608767,-0.00018157454771796142,0.0006402601814138778
245,9,0.002803991953335458,-0.004657717468678084,0.039444714771665,0.0065639120413292906,-7.147183906531276e-05,-0.0043491903602147445
245,10,0.01451414001536866,-0.004950013986731787,0.03416680382808611,0.005905278047627176,0.00042202657099447646,-0.005964536976620824
246,0,-0.0046500368299603224,-0.0022753734743872845,-0.003440754945329869,-0.004619984892873488,-0.0003307976732771434,0.0028672753458362944
246,1,-0.000788725121810302,-0.003620829131537106,-0.0021672234967205052,-0.0030739340914335425,-0.00022470096233628828,0.0012201346794182464
246,2,-0.021861096121309216,-0.0025649645427906326,0.012959117479655682,-0.0005157375029821835,2.262491589464209e-05,0.00021708107010441234
246,3,-0.06097518731864257,-0.0026887208542095958,0.006190253128801943,-0.000664317772595293,-0.00013121082328891196,-0.003017184954722286
246,4,-0.10081678709864206,-0.0049691592114357,-0.013730875032744703,-0.0013375954807128552,-0.0004451958295508847,-0.004676029664037815
246,5,-0.10934335045733574,-0.007151940589528267,-0.01995983256236917,-0.0017961081773797227,-0.0008108824621361399,-0.005199475042624337
246,6,-0.1311899846495565,-0.008038265871935513,0.0013657159314884246,0.0008827400595757793,-0.001353848800292664,-0.0052921483310570516
246,7,-0.13218244589764905,-0.008419503696068392,-0.006537751398009033,0.0023806781081067135,-0.0013176766089179962,-0.0036728416608818224
246,8,-0.08466275477550449,-0.009435749534964216,-0.024538466701471442,0.0010991916275237764,-0.0015666910768229615,-0.0050332423652746225
246,9,-0.014168503706487041,-0.010734043187453284,-0.02744762868608649,0.002132211462817991,-0.0014055717834873128,-0.006226986041408445
246,10,-0.06804345867418785,-0.011168634275479988,-0.024030853887480195,0.00045599175173367703,-0.0013654917446553234,-0.007136330896059225
247,0,0.029131747029415473,-0.0012903200736167843,0.00500752336228933,-0.002406961452210388,0.00036705708866575655,0.009918795550291494
247,1,0.006044958712263397,-0.000658555236950506,0.005208642507223296,0.0005967834639082573,0.0009555498831185118,0.009375211262336347
247,2,-0.018278687071264114,0.0005903430064144672,0.014001773882171782,0.006845494157344316,0.001165130314494442,0.009721545105504213
247,3,-0.05923025798560917,-0.00039944948848869596,0.003239317708691243,0.007054056890224008,0.000982374150375988,0.008461285150337313
247,4,-0.08672096947112257,-0.0030805968212273,-0.0260942103894719,0.009608247670115646,0.0012096705817238153,0.006878141642345186
247,5,-0.09707533520194034,-0.0042482388886451675,-0.03850830508904637,0.011059929663434378,0.0019254938223299603,0.009711075163128063
247,6,-0.10317123714923121,-0.005254295947593914,0.00036131788249282523,0.01661770937089418,0.0017088063440727362,0.006256947600505949
247,7,-0.06527653534249184,-0.006126152415155993,0.007278065424361666,0.019371209136315213,0.0017550892185884037,0.0053766831214709775
247,8,-0.05755964337067509,-0.007375362987415717,-0.02574982595538084,0.023157191716741878,0.0019768990202040384,0.005062473931128078
247,9,-0.027857533668927244,-0.008813846030805284,-0.04829709566061609,0.027708695941270192,0.002561294691779287,0.007571590299966657
247,10,-0.04107824142624385,-0.009649039787049188,-0.0493130149754958,0.024963120847839478,0.0022302328373800763,0.004717784650748576
248,0,0.005541821179048476,-0.0016736543921021842,-0.0005608664343441684,-0.003447915070752188,0.00018073805215285653,0.007963679190050595
248,1,0.005704435727085098,1.1526504487493865e-05,-0.0063836238151496055,-0.0013382304694726423,0.0003093050241522117,0.002835550213868046
248,2,-0.03376036524776321,0.0008432223814101671,-0.0013354374374803177,0.0027503143119606164,0.0005647360590001422,0.0034722520209735127
248,3,-0.056661883235315874,-0.000283473541297996,-0.015105207961580555,0.0014607434609169069,0.000513628743970988,0.0032574158021263133
248,4,-0.08401227985383186,-0.0016710079355755996,-0.036995649621423404,8.339282603244736e-06,0.0005058749914099153,-0.00015922747693211496
248,5,-0.11103480849474734,-0.002471913291804467,-0.041234805382144066,-0.002632981755166223,0.00044926750277856026,0.0021628915609531634
248,6,-0.1226318606825897,-0.004183008417969914,-0.007123634708328878,0.002469952635475079,6.449144240273607e-05,0.0003763189971628491
248,7,-0.09043000093798334,-0.005150461332920493,-0.0027036473415148338,0.0039269705196821126,4.369437641503656e-06,-3.706567765512274e-05
248,8,-0.07948469006268358,-0.005962865940633317,-0.03448711417885604,0.005330690634615176,0.00015412723912383857,-0.0017680888735019222
248,9,-0.054542831181844845,-0.006914992543774384,-0.04593032889747169,0.01251990674909129,0.0009044868598807872,0.000981279431954756
248,10,-0.08119776913938674,-0.007738674148920387,-0.0483941926694203,0.010516210511844277,0.0007809877570795765,-0.0009272531165764245
249,0,-0.007359845072840323,-0.0022396922162835845,-0.008484963125436968,-0.005277924659364488,-0.0002904480040065435,0.0018433538109926947
249,1,-0.0012628321514078014,-0.0008445620167884058,-0.012320186936078205,-0.004971472198827343,-0.00029720650779668827,0.00046685235786604606
249,2,-0.008922354693723815,-0.00027951653806983267,0.0019131815295733816,-0.0026466030132881835,-0.00023184894822775792,0.0031815089764374127
249,3,-0.021466637309295072,-0.0018627795580810958,-0.005449471058753855,-0.0029538219154649926,-0.0004568486026042119,0.002025012387541713
249,4,-0.039019048347032265,-0.0035185941672443996,-0.0246260774199902,-0.003553313857257455,-0.0007075971158264847,-0.003499406263518515
249,5,-0.059046915309375045,-0.004637675389405367,-0.02666331036381317,-0.007610333889665222,-0.0011083080425278397,-0.0032607708752076365
249,6,-0.0746643741880951,-0.0059674263028337135,-0.003326182139308076,-0.00209050385156032,-0.0011275604404615638,-0.003363583439262051
249,7,-0.06784753674316044,-0.007406655669758293,-0.008738283412601033,-0.007435590372567087,-0.0014045785985160964,-0.0015667958886691224
249,8,-0.06935873005434048,-0.007332413176718717,-0.026033764531079043,-0.008902322084841324,-0.0016708119901175612,-0.0026439246017512224
249,9,-0.051698208896306344,-0.008243186586941884,-0.03247990890762309,-0.007641943129308009,-0.0015455894274063128,-0.0012900231541403439
249,10,-0.05516642826162864,-0.010053445321498487,-0.021606737464497393,-0.006731806470868423,-0.0011819497554772236,-0.0018148982599824246
250,0,-0.017933460791395024,-0.0020036163350275844,-0.005648376841596869,-0.005872502461439988,-0.0003689898792412434,0.004545557570806994
250,1,0.00031199262819459755,-0.003086895130545806,0.0007393717167598953,-0.005069989543672642,-0.00039781146206328827,0.0028175496825555463
250,2,-0.017588822539809014,-0.0030463234967487325,0.013026587068106383,-0.0028354350880255836,-0.00035477772207545793,0.0004790355063665126
250,3,-0.05680112779151407,-0.002972395444512596,0.006710463392675543,-0.001349494663933193,-0.00026999332515141193,-0.0023575065114212865
250,4,-0.09246136084817766,-0.0050443670976574,-0.009474659273445303,0.0006165734866662447,-0.00032589510384838474,-0.0028219353236330147
250,5,-0.10653007439192613,-0.0077652583517492674,-0.01228567497520407,-0.0008431203366605227,-0.0004706701632608398,-0.0012740319473112365
250,6,-0.1482419040383604,-0.007497183397289114,-0.005901190674510573,0.0011404600556831792,-0.000524013021593764,0.0004933661316526491
250,7,-0.15600439636903962,-0.005681491221542193,-0.010870933746972834,-0.000766899071235687,-0.0007508402078392964,-0.00022745092539022248
250,8,-0.10860786706186448,-0.006480778038606417,-0.014089753050561843,-0.002388583214102424,-0.0010797257301030615,-0.002356960347077122
250,9,-0.015603641448435141,-0.008444305676655283,-0.003270511378347991,0.000948631955931591,-0.0006544259870214127,-0.004127783102943144
250,10,-0.06438233158020494,-0.009048053585482387,-0.005276584903326194,-0.001312131528875423,-0.00043714301949872357,-0.0045653295702646245
251,0,-0.013510902184043822,-0.0015374074479190842,-0.004961145990930469,-0.003691239744146688,-0.00030138312320194345,0.0038327297897197948
251,1,-0.006749068547908502,-0.001601018732344506,-3.705750474510515e-05,-0.004670804790451443,-0.00035130450940918826,0.002772206908091046
251,2,-0.013943063375253216,-0.0013857369933729328,0.01674642193465128,-0.004101366719378284,-0.0003968237306667579,0.0034774649662904123
251,3,-0.04613148856356297,-0.002141501209869796,0.007651861506069243,-0.004250771571895593,-0.0004999686573546119,0.0029203229892243135
251,4,-0.07708330233795316,-0.0037664578799625997,-0.007752186717600301,-0.0036243426059751555,-0.0005767721131498847,0.0008658488453239851
251,5,-0.09458771543481204,-0.006231529478633167,-0.01401258944514717,-0.004919001931566823,-0.0008124391125095397,0.0003231242737967634
251,6,-0.10787918811951551,-0.007435979187809314,0.0018463302220954256,0.0002553695981050793,-0.0010048145855540637,0.0009199937259562489
251,7,-0.09509726584416253,-0.006902706082160693,-0.003266526281476133,-0.0019929880993660868,-0.0012245071688798963,0.0006276405488262777
251,8,-0.06997968443580779,-0.007531374081386617,-0.012671411743192841,-0.002460637820381524,-0.0012539808655222615,-0.0005488399515204223
251,9,-0.020268442575109243,-0.009484685290222682,-0.006590137255479292,-0.002385667934556809,-0.0009744458163189126,-0.0021862090712860436
251,10,-0.06629519536974535,-0.010963941960097987,-0.007708393771750295,-0.004383103188368123,-0.0009155887078319236,-0.004108907216845425
252,0,-0.025104112233131522,-0.0027695841815947846,-0.012680182627140369,-0.006693549157100688,-0.0006000874472551434,-0.00012236563350334542
252,1,-0.024769558387343103,-0.004503180938928506,-0.009007969722961306,-0.009302450453126042,-0.0005392192634787882,-0.002333459225683054
252,2,-0.0019320742132514172,-0.002762207235209733,0.015501472398415383,-0.006480532637386584,0.00011070629692894212,-0.002815824614204387
252,3,-0.008392141390663074,-0.002365267981567396,0.026805804058241844,-0.004257794762277493,0.0005399627456994881,-0.006830390170045986
252,4,-0.05784987297602466,-0.0040001677312135,0.0246606744735634,-0.0034653875960985554,0.0003060546348373153,-0.012601516389459014
252,5,-0.04783956960990854,-0.005651287053451267,0.031098985087094633,-0.005299973665334823,-0.00017757301240263978,-0.017487920318156838
252,6,-0.0447441793786581,-0.007012407056826914,0.05025058770761552,-0.0029692492442243206,-0.0004218055850574639,-0.01938604120819205
252,7,-0.018942980214217836,-0.007594279953609493,0.04180852049999567,-0.0027888059366405872,-0.00016048420440339633,-0.01708644923171432
252,8,0.04858809915294922,-0.008309900419726818,0.03428973385635596,-0.008485063082922423,-0.0005986702096422614,-0.017846773208773422
252,9,0.10054281049483776,-0.009407436180650383,0.03010151102642181,-0.0048689601726027085,-0.0008511237949785128,-0.021192435000682845
252,10,0.06320431839852786,-0.009895264969767587,0.02444770776920401,-0.0007664516115637231,-0.0005220620246519236,-0.019315580146388924
253,0,-0.03406011517997722,-0.0012065425640545842,-0.005444884740284869,-0.002370806541808788,5.467677159865658e-05,0.0018685890670609947
253,1,-0.016755112735020002,-0.002161187473750206,0.004485960127873794,-0.0005687282779693425,0.0010753937149469116,0.004905462284027346
253,2,0.010336487052112485,-0.0019923880361684327,0.014487050970449382,-0.0022673268547743837,0.0014332501816730421,0.006023652297551713
253,3,0.037981798393222126,-0.002831313875777196,0.01701562660006544,-0.0020299725744649926,0.001464208928362488,0.008280448737723113
253,4,-0.031195207119735155,-0.0051596137080416994,0.006892092551159698,0.0009519468379432447,0.0018244963730215153,0.009989718846961884
253,5,-0.07689296729449163,-0.006783983316052767,0.019887227872707032,-0.004621527286759623,0.0015915263588424603,0.009106806519599962
253,6,-0.07620885588145601,-0.006240036027755114,0.06070097680767082,-0.0025148648641447205,0.0016143803274774361,0.007542437777253948
253,7,-0.12019973686593463,-0.004520579930820093,0.05921694640507247,-0.008838762735095387,0.0014596816413632036,0.008544898107765077
253,8,-0.12653833613616358,-0.0026843952686212173,0.03332874411129106,-0.009326625626694923,0.0012494710244418386,0.006496912967926978
253,9,-0.06551432835685614,-0.0015128501212421834,0.004275220494225008,-0.004706711634929309,0.0010959538901228873,0.007360454755328656
253,10,-0.11569900014050614,-0.005680940961611987,-0.020301376812606894,-0.006248353493677823,0.0007934196202944764,0.011741296859988877
254,0,-0.014488850542024622,-0.002212604851272784,-0.002116288499142069,-0.004258399137231388,4.4678547155796563e-05,0.0065908895646005945
254,1,-0.012295703734039301,-0.003211980680444406,-0.004946339544367306,-0.0024914086521978423,0.0002643065122507117,0.004052301689551046
254,2,-0.06449507701219521,-0.0025307099563944327,0.011538734805931383,0.0012038059270477162,0.000651181333598542,0.0031750602821773127
254,3,-0.10897735869755817,-0.002875578950384196,0.011458873817146043,0.001024622923172707,0.0008180116924017881,0.003813898037601914
254,4,-0.14592906312406878,-0.0037452182078906997,0.005058828271348399,0.0016897999810516447,0.0006001078268069154,0.0021227536120762853
254,5,-0.17037299883136744,-0.0052635141341790675,-0.0004891479706491701,3.6436933640976964e-05,0.00040248028644526023,0.0014708702521095633
254,6,-0.1859407581467914,-0.006846247638508014,0.018229904208040423,0.0011978591067324793,1.1386918425786072e-05,-0.000275296235845951
254,7,-0.17644057908705973,-0.007378848905039293,0.012064108452461265,0.004090126892411213,0.00028634724437010374,0.0012866156470333775
254,8,-0.1361304413532195,-0.008562145277281018,-0.011136334630094443,0.0013066631081802766,0.00018555924345763856,0.0008068632844568777
254,9,-0.06968126309815954,-0.009146568416340284,-0.022132878407951494,0.007476683900599992,0.0002926409612059873,0.0008790280653418561
254,10,-0.13826904170949444,-0.009624679994002888,-0.0332319003837753,0.004551415985029377,-3.434833717652362e-05,-0.00011893325752782447
255,0,-0.015176875899814523,-0.002992608400399984,-0.010339318072959569,-0.004886450734329988,-0.00021945878641414343,0.0028991566205745947
255,1,-0.006574178727279502,-0.002825567132677906,-0.009754290963628405,-0.0059947508728828425,-0.0003704170877645883,-0.0009130132523417537
255,2,-0.01881893805143592,-0.0011046322702295327,0.010190977592011083,-0.002805612741249384,-5.068603808355788e-05,0.0021951231046241125
255,3,-0.034716697293079975,-0.002189401787396796,0.006534852169984543,-0.002453403972382193,-0.00015622824562031186,0.0002357978119000132
255,4,-0.057922439594210964,-0.0038126479500404996,-0.008169235181576102,-0.0016672244462433556,-0.0004084838191065846,-0.006206796779511216
255,5,-0.06679836094802824,-0.005333969748480367,-0.01207247293076287,-0.006795205538809622,-0.0010493768924140397,-0.008547190372987238
255,6,-0.0796632395779287,-0.007086316465308414,0.005130692746416227,-0.003524060097709221,-0.0012302195778904638,-0.009926959532438051
255,7,-0.06788499651521954,-0.008799369650107292,0.0022635086882197668,-0.006140353107692587,-0.0011723762550454962,-0.007564672223032122
255,8,-0.06476668348663839,-0.009948642808445818,-0.019763120843674643,-0.008588039364740523,-0.0014068669205681613,-0.007551311493128022
255,9,-0.05098529069263334,-0.010813940630094984,-0.025509946389084093,-0.00699724593901371,-0.0014293149200732128,-0.006884642021043245
255,10,-0.07380725782639935,-0.011459467047482488,-0.019424945577716495,-0.0053067196244089235,-0.0011466101661209236,-0.004925036081156225
256,0,-0.010896633097660723,-0.0014843405392713843,-0.0009219167628335689,-0.0047321017476089884,-0.0003691312599738434,0.004192036942432294
256,1,-0.0008076597062868021,-0.001654527186804106,0.0016472018753089946,-0.0051392298017569425,-0.0004137634335801883,0.0014074266848531462
256,2,-0.02612499070496352,-0.0011768807658443328,0.015949186357171984,-0.0035933177365499837,-0.00026076759546635794,0.0023588563840179124
256,3,-0.05991342444932947,-0.001425597006838796,0.014422485409158742,-0.004700084331840693,-0.00036499215526921195,0.0023684626239905133
256,4,-0.09483306326623446,-0.0031788327468501997,0.0007024563172378987,-0.004652428673632955,-0.0005012214316789848,0.0009306134406583851
256,5,-0.10177713030226734,-0.005899635174516767,-0.00536775356664637,-0.0058314668931156236,-0.0009229746736213397,-0.00045652508758663645
256,6,-0.1188881686429014,-0.007916452281760914,0.008787449866750223,-0.0015304821659940205,-0.0013962121745313637,-0.002180238484998851
256,7,-0.09705787625865153,-0.008982544016829493,0.0004671568456497653,-0.0007252421019002867,-0.0014924236223049963,-0.0016448836363891226
256,8,-0.07177236442696909,-0.010768615779928319,-0.020597343704787042,7.049014534517653e-05,-0.0013276066147204614,-0.0006766984911276222
256,9,-0.012257971545826842,-0.012158602930913785,-0.02263569480162519,0.00048791554288449106,-0.0012527471236598129,-0.0018783839401753438
256,10,-0.06842942672679625,-0.013080716633616186,-0.027117125291895295,-0.002056396367718723,-0.0013894738414323236,-0.004078538232974424
257,0,0.014655645296217077,-0.0027465614527457842,-0.02262489438240627,-0.010533208588959387,-0.0007919332020374434,0.0028895553876079946
257,1,-0.020256935343316303,-0.004647532907755506,-0.023998124891030405,-0.009393985218617344,-0.0008595548607392882,0.0037393622742354464
257,2,-0.030152200989667415,-0.0017586033508196325,-0.004131258508212117,-0.0035365981838552836,-0.00044640300746235794,0.005303517048732612
257,3,-0.024042404303321475,9.997752848520396e-05,0.004150745652759743,0.001261274780510607,0.0001914516626761881,0.004922373524060813
257,4,-0.04819903835939386,-0.0006867225577087996,-0.0030717064740570016,0.004468090939886745,7.979636127551534e-05,0.0013733923001351851
257,5,-0.051306311474814736,-0.002225679217591867,-0.01652502207100437,0.0029966902797238775,-0.0003237504109537398,-0.00042517067171303664
257,6,-0.0697549536344389,-0.003453219086460214,-0.010309316147245874,0.00843853149522788,-0.0005039233180120639,0.0007970470152110492
257,7,-0.04872203415442633,-0.003293329419852493,-0.016293380678876136,0.0017540424445182132,-0.0011636675733230962,0.0014876452378850776
257,8,-0.03081693656446799,-0.003095525953898917,-0.015598199283135841,-0.0020260850968328234,-0.0016047150970393614,-0.002103657486717022
257,9,0.029287527824674364,-0.003885586182204584,0.0010488148450454081,-0.004502580737244709,-0.0014677153190523129,-0.004714180678912644
257,10,0.03245960113399665,-0.005112876253609287,0.009623275876028306,-0.006571347546822523,-0.0012832151202072236,-0.005483764129753625
258,0,-0.012732312935148923,-0.0011131820409440842,-0.0055712658019514685,-0.002471854814361088,0.00021732458078555655,0.006056387457534594
258,1,-0.0231863129913061,-0.001834863639011506,-0.006405555672616306,0.0007175510479706573,0.0009522896503245117,0.010187511559412946
258,2,-0.022446658689749314,-0.0008211256561308327,0.008139556092056481,0.0012300304719374165,0.001382560655757142,0.011878160280571913
258,3,-0.031372303980872075,-0.002189629557842296,0.004676829993950943,0.001461171285545807,0.0012607806355128882,0.015888644063755914
258,4,-0.10283086775513796,-0.0052219033525582,-0.012676818932121303,0.0037955046873550443,0.0017418379903523153,0.020856766935740886
258,5,-0.15335095702593193,-0.006610101953180767,-0.00795392962808627,-0.0003635740139190228,0.0017597968769538603,0.022418750407915362
258,6,-0.15677954476206551,-0.0065623708415527135,0.03690569145995923,0.0011727200539522792,0.0016260855884740362,0.020003221102332748
258,7,-0.169072588350744,-0.005199621916362993,0.04377739206148157,-0.005964774390819386,0.0012403577473654038,0.01924459486436408
258,8,-0.1770188414012434,-0.005872493480870317,0.004434295483526357,-0.004822211461080624,0.0014409700728091387,0.01786906253511698
258,9,-0.12670127287985194,-0.007849725924415085,-0.0363068015786477,0.000577685744099291,0.0011691373345561872,0.014854942306782155
258,10,-0.18469214920495625,-0.013347170094733088,-0.0658562349960706,0.001173031012243277,0.00044103396533137643,0.013121294020164277
259,0,-0.009578273219455823,-0.0016751425252865843,-0.01383193929899107,-0.0075166996001072885,-0.0005295699065161434,0.0030898806091085944
259,1,-0.008147094704379002,-0.001458372171970706,-0.017032426657770307,-0.009554558592410244,-0.0008783057844332882,0.0018475494793188463
259,2,-0.020818782963879214,-0.0008351172367988327,-8.765315656716899e-06,-0.007178968151751784,-0.0009024054333642579,0.0029160636326379125
259,3,-0.04796540634506107,-0.0010469599434033959,0.002941530335543943,-0.004895730431282493,-0.000781285652329112,0.0022964362301106135
259,4,-0.07324118557443336,-0.0023413952253091997,-0.008304565832893001,-0.002837177617210555,-0.0006979928669258846,0.0005057153327366851
259,5,-0.09732692416431293,-0.0047046472297177675,-0.01468033324680947,-0.0031735680218765226,-0.0010104725048618397,-0.00011883282137963654
259,6,-0.12170751357169901,-0.006332902789376614,-0.008676710217512776,0.002396308253680479,-0.0012883626002359637,0.00031207270604544915
259,7,-0.11101102418783873,-0.006337253792769693,-0.014320338037862836,-0.0004950220988068868,-0.0015900078373191962,0.0013097804998837776
259,8,-0.07954330610772628,-0.006974351602055717,-0.017966667149652542,-0.003049578931082623,-0.0018026519768703612,0.0008384044209497779
259,9,-0.018030133058711643,-0.008700245856232884,-0.004846028754890991,-0.00444786109445091,-0.0015645550297530128,-0.001546951674508744
259,10,-0.03125837187845104,-0.010398806684670386,-0.004581545181228393,-0.006663664855831423,-0.0013558250768892235,-0.004010028987639424
260,0,-0.023677906523028824,-0.002232130534077984,-0.013676223873054968,-0.00843095929104849,-0.0010740156258615434,0.0021979335068693946
260,1,-0.0204871559641214,-0.0043264558368128056,-0.011590478859387507,-0.007763469312154842,-0.0012561319274810884,0.002357492277431946
260,2,0.009563207464126084,-0.002752038544661233,0.006149074248011882,-0.005197956278533384,-0.0009358059470872579,-0.0006112007851377878
260,3,-0.024536208925903073,-0.0010307341223146959,0.018103087138458845,-0.003686012376007893,-0.0006429387205567118,-0.0045904661659819865
260,4,-0.11100950107179286,-0.0035036615917406998,0.007425942428560198,0.0016861175776378449,-0.0006926251871135848,-0.0046539934922757145
260,5,-0.13624560328595642,-0.006338316945123367,0.01192336071520253,0.0049834392213958766,-0.0005836104740429398,-0.004824366631689437
260,6,-0.16695614152854998,-0.006037655723052414,0.018604678036968223,0.006664684482837479,-0.0010240215184164638,-0.001844940771139551
260,7,-0.14876139800789853,-0.0037876637496539927,0.010151568903883666,0.005211668931827213,-0.0014869375660024962,-0.0020075644980432224
260,8,-0.06950140702342389,-0.004839791587994417,0.008432121197378259,0.006388880991126977,-0.0015177313574787615,-0.005935427726812922
260,9,0.04463037916525006,-0.007869456804855283,0.016054575003962308,0.01118544131271069,-0.0013827034282037128,-0.012691227298852043
260,10,0.029339620752490664,-0.008123667385678287,0.015575292816820307,0.013277558328738177,-0.0007078840121109236,-0.014100412526246223
261,0,-0.016931499327005422,-0.0015068889540293842,-0.012366126341681669,-0.0062031843764141885,-0.0003337795767251434,0.0032342611746332944
261,1,0.0038201175208019966,-0.000949009822054806,-0.009618068264985104,-0.008364781211982543,-0.00044459342176178827,-0.0005696148584619538
261,2,-0.008713950119344217,-2.5280285300732612e-05,0.0028826011394875823,-0.006863440862467684,-0.00012943609066375789,0.0007979871515688126
261,3,-0.028417065685318675,0.000243108591095604,0.009506182047916744,-0.006523523080066994,0.00013603876687998812,0.0018991266871950132
261,4,-0.06108490675694246,-0.0005614699033609995,0.008023606349851197,-0.006303583028983855,-0.00010678246595358467,-0.001044516009160315
261,5,-0.05682246913711714,-0.002168213548503167,0.014661555778125331,-0.010008593752964022,-0.0007555420408161396,-0.0018884488326714366
261,6,-0.07196995614805371,-0.004079724742235014,0.020821038692676423,-0.005692981107949421,-0.0013376685829863638,-0.002303885387666951
261,7,-0.06501985225683313,-0.0052180775558636925,0.011901468463297966,-0.006876745203956687,-0.0015548273151184963,-0.0002360085262397226
261,8,-0.044136338291847585,-0.006794156853768217,-0.0011004298822107415,-0.009180177037679723,-0.0017531840226228616,-0.00014169494939542224
261,9,0.007532844858796461,-0.007975170947882484,0.007065534633725909,-0.00935738373422191,-0.0016778734058891128,-0.0007080929848360439
261,10,-0.013644359313085046,-0.009575044782154587,0.000360411233308806,-0.009203939918048121,-0.0016000639301619237,-0.0031794966714399245
262,0,-0.0011508893066817221,-0.0018281427636627843,-0.014010126421771468,-0.0071813827711376885,-0.00044780423901204344,0.0027217789590526947
262,1,0.0029582613727210973,-0.0019768717246818057,-0.018712489086272703,-0.009582084261965143,-0.0008378214142792883,0.000860455787881046
262,2,-0.008443463105683616,-0.0010902308786952327,0.0019484912841972821,-0.006884565277234884,-0.0007313006788613578,0.0019780730056131127
262,3,-0.03452498307622068,-0.001254861041134096,0.004408011952812943,-0.005471057828600593,-0.0006702089121894119,0.00035252148246431346
262,4,-0.06979784511929646,-0.0025139841199336996,-0.009758375500028303,-0.003255727197195556,-0.0006986234105601847,-0.0028797837633380147
262,5,-0.10333244019707194,-0.004460560191493567,-0.017336971674899566,-0.0037016530597461226,-0.0009242339997170396,-0.003172038116311437
262,6,-0.132099332884438,-0.005729384848276014,-0.017522760858202077,0.00028500906108907935,-0.0012857585513354637,-0.0018414092817273509
262,7,-0.13140270050375724,-0.005296146247329593,-0.024993500585646238,-0.0021961600841807873,-0.0014626714369164963,-0.0005583559509298223
262,8,-0.10776414137172999,-0.006171598811297917,-0.030726241630553545,-0.004838981617054524,-0.0016644135028627614,-0.0007573500678640223
262,9,-0.048573458232590544,-0.007867790236955084,-0.015049771928468493,-0.006434629648645308,-0.0014706493815064127,-0.003461126864035644
262,10,-0.06105880146907564,-0.008657469588484786,-0.014539695436502895,-0.008055075520945924,-0.0011387587114219237,-0.0054288565595435245
263,0,-0.03384022501242182,-0.0019834335553194846,-0.013961654243118269,-0.005179224484268788,-0.00037186227442484346,0.0027131060814106944
263,1,-0.037918172167512296,-0.003841456068368006,-0.014370738278937607,-0.005770959811105342,-0.0001797904475593883,0.003053383034166946
263,2,-0.031284877914511316,-0.0014139576374335326,0.009523960204381482,-0.0036592083650365836,0.0003337400388865421,0.0031049774187477124
263,3,-0.03378248366532707,-0.000305656033008996,0.02319777899171184,0.00016685126545260692,0.0007485487023961881,0.0032441665578959136
263,4,-0.14066497119635366,-0.0014521990024875997,0.013782905735202697,0.0032323377865836446,0.0007017603117120153,0.0017341774367539853
263,5,-0.12063361730932484,-0.002738820632368367,0.01980691475691243,0.002276259840893877,0.00015913692096626025,-0.0002412538458282363
263,6,-0.1456037237343959,-0.0029905452356005138,0.029847883969292426,0.005097985191135379,-0.00039246312959206387,0.0002552968418281492
263,7,-0.17000619054207583,-0.0029072627233605926,0.017318792781789466,0.006160547505424713,-6.495836158359634e-05,0.002805406966525678
263,8,-0.1192252041284221,-0.004135354654160317,-0.006518692156603043,0.004397324036636476,-0.00034967927264276143,0.0015640740622648779
263,9,-0.07090210912925635,-0.003990491114199084,0.01010693516314971,0.004696349051776991,-0.00020868969894911275,0.001798294935397256
263,10,-0.11455486872240485,-0.005584015834583987,0.003367739306835007,0.004964024523017777,-0.0003331364796684236,0.0006259996452565755
264,0,0.004677134282039776,-0.0019267826312193842,0.00019708669731843126,-0.003465524558029288,-8.069016959084345e-05,0.007654836184492595
264,1,0.0014074017094112996,-0.003070012470419206,-0.0035780120764140055,-0.0015507218348385426,-9.586043497358828e-05,0.006046631217235046
264,2,-0.03224068445956642,-0.0026270627255254326,0.011508665297711182,0.002616387907447816,1.6365084064942084e-05,0.004756143712081213
264,3,-0.07176776243010657,-0.0026468921226472956,0.008596590384221343,0.0007052082857358069,-0.00015413838354341194,0.003776768162598113
264,4,-0.11576089259765417,-0.0051716755541675,-0.015378033839652803,-0.0002455724126420553,-0.00018520647467658465,0.005342105917750686
264,5,-0.11711654420538654,-0.007773863786852567,-0.02637287780098997,-0.0006817407743962228,-0.0003379769093196398,0.007201967327183163
264,6,-0.1249152579575213,-0.009205144525309815,-0.006338744778694373,0.003465653089185579,-0.0007359892873796641,0.006559120963960049
264,7,-0.09612376730317204,-0.009586107255924793,-0.010122407999149433,0.0046420701356039125,-0.0008850591873198962,0.007927462918037177
264,8,-0.05341246175634279,-0.011059486389785617,-0.03184739440484994,0.005730196580394576,-0.0007831490570267614,0.008052712922892877
264,9,0.006748580950663857,-0.012653019923907383,-0.03674974651096419,0.008722915908734691,-0.00031680199334711275,0.0068882882924627565
264,10,-0.017538102590826145,-0.012647866082512187,-0.03779713876174609,0.004967083478682877,-0.0004646453747062236,0.004615284315307475
265,0,-0.028572119338150924,-0.002219664074696084,-0.015804974090333768,-0.006663936439568888,-0.0006391119777830434,2.2226738456894348e-05
265,1,-0.020829275521148903,-0.004357100133260406,-0.017799086244988507,-0.007257374021370442,-0.0005617744808611882,-0.001436807449887854
265,2,0.018127616710612186,-0.0024444152570330326,0.000876999664047382,-0.004559983580091984,6.675506936814208e-05,-0.0014786556731019875
265,3,-0.0006049950149562763,-0.000775744906364396,0.010591018471313142,-0.002297753111308593,0.0004622276297430881,-0.002565842565068787
265,4,-0.10291821206057536,-0.0025142594426369996,0.004209551183800299,0.0005840740736964447,0.0002476862793768153,-0.004583536824107714
265,5,-0.09335278721030454,-0.004597062658395267,0.01062716793906753,-0.0013532093992434228,-0.00027157921073563975,-0.007700893974178138
265,6,-0.1374023857858991,-0.004645179852806614,0.029525723103621827,-0.00037715164141592064,-0.000672250521273864,-0.007665202390038551
265,7,-0.14092988826485014,-0.004021948141785393,0.022913166145412965,-0.0003619749635131867,-0.0006932709738079963,-0.006292072921608322
265,8,-0.08782577963389789,-0.005688108870645917,0.00905920463537196,-0.0009776505268768235,-0.0008092740995223614,-0.007840180477233222
265,9,0.0013465510920854587,-0.007543754253478684,0.010688783804976409,-0.001369735492538409,-0.0011589012589503127,-0.011705791306966643
265,10,-0.017292390872693943,-0.008200721132191488,0.009514872158289406,-0.001112931064930823,-0.0009096412952320236,-0.011700454714384623
266,0,0.020006324441091076,-0.0015132429179873842,-0.005316951306711368,-0.005734395136715388,0.00017197355573185654,0.009392127470961695
266,1,-0.012650395160855601,-0.003986377861042806,-0.0175965059912919,0.0018582912344914573,0.0007215532028955118,0.013150794624589245
266,2,-0.007175257601564916,-0.0024135487441644325,-0.006880131860808318,0.008307574175543517,0.001628427981014242,0.012564126617728112
266,3,-0.045235541952495475,-0.0031808514070061963,-0.011970796036692858,0.0061806160506901065,0.002049187123644288,0.011354259686133412
266,4,-0.13581878449355536,-0.007445146123366799,-0.034703584598865904,0.009800207179710045,0.0026605823014098154,0.019939352262091384
266,5,-0.15976038997004083,-0.008241178370199068,-0.03496947798608907,0.008792542692377978,0.00318443565643256,0.02503793970244006
266,6,-0.15001709232282362,-0.006335045474355614,0.017471764842860026,0.011849373741519079,0.002741971769438836,0.022262415773886747
266,7,-0.17125271091334143,-0.004178526324688393,0.03141284533582496,0.0033603812108661127,0.0017383015061916036,0.01886984395435228
266,8,-0.193984989972115,-0.006775408952332517,-0.009514058144664442,0.006654201269680277,0.002202079063986938,0.013501727303443378
266,9,-0.13308842785664082,-0.010195683621246683,-0.04633642219497609,0.022565215685105892,0.002986244230736487,0.004212179822858455
266,10,-0.16313377403519513,-0.013499093166029787,-0.05836895328305469,0.021750274235200377,0.0018045382491867763,-0.005091033116446425
267,0,-0.028577221560554523,-0.0007328923509555842,-0.0004085279444542688,-0.002245804960505388,-0.00018315859655014343,0.0030081810995490946
267,1,-0.020181718338703702,-0.002003073762483206,0.008814609114455094,-0.0017872675832452424,8.499632567071171e-05,0.0024136015603562462
267,2,-0.03413133178068962,-0.0016593030931146328,0.026392309418279483,-0.0008667212678067836,0.0005269225102697421,0.0023526913725253128
267,3,-0.06248367932505247,-0.000845287997255496,0.027471793012964346,-0.003667169627336493,0.0005081095180360881,0.002222827582533213
267,4,-0.12803816871001078,-0.0023875684773612994,0.0190254208590959,0.001669525655395045,0.00044250536626141534,0.002227275380621685
267,5,-0.12725922168723475,-0.005130981342308367,0.027119466270608433,0.001667950877887877,0.00027654393112616025,0.0025464650893121635
267,6,-0.1392276826754947,-0.005128340578881214,0.03261077753493033,0.003933616177220379,3.1376389714460707e-06,0.00476892944503945
267,7,-0.13314550011753934,-0.003577485546704993,0.025430654857681867,0.005241874464600213,-3.902838716499633e-05,0.005087216108194077
267,8,-0.06324707356972559,-0.004958806725936116,0.014427986388081158,0.006018677063536176,-0.00012151436394706143,0.003260109245519778
267,9,0.044354533511266864,-0.0072925835358947835,0.018121616921393708,0.00885455355085199,-0.00018150919546991277,-0.00022180353090984388
267,10,0.017766967129028866,-0.007578896008591587,0.012014784335568206,0.005874208989123877,-7.154856828262362e-05,-0.0010196564585643244
268,0,-0.015136886923658822,-0.0018257014599767842,-0.010878105017662669,-0.004798989453954688,-0.0004982278736697434,0.0026993105159164943
268,1,-0.019665295102386803,-0.002897387965095306,-0.013402800848928705,-0.0038048449221232423,-0.0005264954181139882,0.0014711322816979462
268,2,-0.023382060937152414,-0.0017776829206706327,0.0058605316076942825,1.8072557716316325e-05,-2.9861825138857907e-05,0.0017648894834874124
268,3,-0.06549442628088008,-0.000737769648057396,0.011464777032969043,0.001399532259032607,0.0004122301295480881,0.0006289271317507137
268,4,-0.13464579151787126,-0.0015843651406685997,0.006683530236044999,0.004634611813184645,0.00038445902673111534,-0.0015088039133775146
268,5,-0.13887714652478783,-0.0028286013738228672,0.014436628414967031,0.004851505287437278,0.00015174991001956024,-0.002776184504737537
268,6,-0.1665145307588775,-0.003402672567637014,0.029343754864280525,0.00859978377847568,-0.00012958028993386393,-0.0018694583631539508
268,7,-0.15663971548044292,-0.003438523074092593,0.023631238225392967,0.010843677863464315,-2.0495627258196352e-05,-0.00010457651634232252
268,8,-0.08407009208599499,-0.005472763137194417,0.007814123146372759,0.008965444383308676,-0.00017082981595446141,-0.0013370238365068223
268,9,0.023735662452496253,-0.007689098925388384,0.013340736762172907,0.009946007468183691,-0.00015951083496911275,-0.004172459379511044
268,10,-0.006138477465141248,-0.008179683870833687,0.009324360378057506,0.008794425212767177,3.241087111117641e-05,-0.006662222291907924
269,0,-0.005375934962692022,-0.0027243359249331843,-0.013305004862961869,-0.006969301376780388,-0.0004353110970156434,0.004843805269560695
269,1,-0.0591423373732534,-0.003995390394152706,-0.025862421382750807,-0.010724854152281043,-0.0006513817978459882,0.0041594649845958466
269,2,-0.04463808173040111,-0.0008503232157263327,-0.005068830588539118,-0.008280720612604583,-0.00025461643295785787,0.005977901116841912
269,3,-0.005836709553380372,0.0010617733231734039,0.014495714709146542,-0.007239608586997793,0.0003101590552618881,0.004377377975727813
269,4,-0.13283652088317346,-0.0001754777783406999,0.015179989369150998,-0.002381753791619155,0.0004418956534640153,0.0003636009615295853
269,5,-0.10875241911940654,-0.0007795044565785669,0.02014096668839773,-0.007294553898736822,-0.00026440913586063975,-0.003055818671570437
269,6,-0.1355283741284558,-0.001140551481555314,0.03324741205026692,-0.005299849226065021,-0.0010097004951684638,-0.005503443239818651
269,7,-0.14840162179049743,-0.003384744787766193,0.022991392862463066,-0.0031861289206246866,-0.0007830938031685964,-0.00028034847313282256
269,8,-0.11279896835263639,-0.006643642098804617,-0.0009683776162271421,-0.006058321467322824,-0.0006914224494708614,0.0020874455909386776
269,9,-0.08542890754899114,-0.006370862812182184,0.010333462979236908,-0.0057682647960554095,-0.0006316484415481128,0.003168397162843156
269,10,-0.12014586875875784,-0.006411010501160587,0.007951976432627707,-0.0064068908951535235,-0.0006572952728929237,0.0011911925117600755
270,0,-0.035811554079058325,-0.0012509870046254843,-0.001850810157771869,-0.002605105317880088,4.687128523965658e-05,0.0039245744936943945
270,1,-0.013179969961958202,-0.001074108496106706,0.008863328610225296,-0.0014815005031477424,0.0006093471595808118,0.0038372524483236458
270,2,-0.014909002212480916,-0.0014466294093375327,0.016589689455268983,-0.0018395391062629835,0.0008418614385048422,0.0031109213225801124
270,3,-0.03612540116957987,-0.002583856729407196,0.005014409725534943,-0.004700206011464494,0.0004790270276402881,0.0017385036021747135
270,4,-0.06510204258051935,-0.0049845636788291995,-0.009759329784561803,-0.004255751152482955,0.00034242810672981534,0.001195833113561185
270,5,-0.11652909255488264,-0.007558916878408467,-0.013594086437202871,-0.0062518967608678234,0.00036588823404566027,0.0022111406899758632
270,6,-0.1354744721689755,-0.007766130756771814,0.005717688611427924,-0.0018158825282180208,0.0004441420285239361,0.0038876641636054494
270,7,-0.14269436194117951,-0.005686258781841493,0.005899222245660866,-0.005901022702900987,0.00013701559802020369,0.0037055830964564775
270,8,-0.1397199714489138,-0.005201092011388917,0.0010310424744294582,-0.0058561440660867235,2.5412629626038582e-05,0.0014485570939051777
270,9,-0.05068430203640614,-0.006383333407685084,-0.010508360215137891,-0.002774829696582109,-0.00013403621014071275,0.00021955638179715605
270,10,-0.08368917806743734,-0.008280483086692488,-0.017051457520602595,-0.0050587839896821234,-0.0002218222912363236,0.0025045372720350757
271,0,-0.021001519167227523,-0.0012914379990883842,-0.004347786917432869,-0.003978302964677688,-0.0003507309690722434,0.0028690176811815944
271,1,-0.0027295074153364032,-0.001566693050485406,0.0020133589875631942,-0.0032796526212215426,-0.0001844623704609883,0.001543391072290946
271,2,-0.018246609864513715,-0.0008280203586713327,0.017124292427685983,-0.0024959654372065836,8.795986744554213e-05,0.0016849218814471126
271,3,-0.05481318466093807,-0.00040322243750829604,0.015052918222282842,-0.003815551079128893,2.609892529233809e-05,0.0008948810565370135
271,4,-0.09896047255753586,-0.0019263287428767997,0.0029092878748746987,-0.0019695656401179555,-0.00022043858316698475,-0.0009448158479909148
271,5,-0.10745047945691834,-0.003854725481573267,0.007135692028969831,-0.002997120348706223,-0.0005746259388697397,0.00011247573232386334
271,6,-0.1307040978321283,-0.0048800757241973134,0.012724899532882224,0.0009077936316213794,-0.000889908386412164,0.001136782452807649
271,7,-0.13788695663202832,-0.004020484014540193,0.007205696331944466,0.0004545092390753132,-0.0008903178618702963,0.0021275458837126775
271,8,-0.09728122998883648,-0.004951697098177117,0.0009737843489545581,-0.0001448292258611234,-0.0010385054328291613,0.0002971023721258779
271,9,-0.028234782461508443,-0.006821761575376184,0.011494687914284707,0.001107753261506591,-0.0007866440230876127,-0.002176711257469944
271,10,-0.061623233786807945,-0.0076966482277900875,0.010533439650570308,-0.0007337471552431229,-0.0006259458110042236,-0.003425485956587224
272,0,-0.022872690765072923,-0.0019223366817604842,-0.011787022439344869,-0.005824090456895488,-0.00039521425100854345,0.0012040516279182944
272,1,-0.013957613146956102,-0.003178316388602406,-0.014120382893409205,-0.005253233167198642,-0.0001799822558428883,0.0003077670951227461
272,2,0.027767053502599483,-0.0016093652481368329,0.006104008178976882,-0.0028894761315822835,0.0004672731568221421,0.0009421625268490126
272,3,0.023085866383737226,-0.000321076395736796,0.015955519444556844,-0.001668264698605193,0.0009428777808320881,0.0009892783726460136
272,4,-0.05839898983719196,-0.0015111296445085996,0.0154963831983754,0.0021410101961946448,0.0010157070305058153,-0.0009323059464011146
272,5,-0.06295279165964485,-0.0023517613341348673,0.03168563185913383,-0.0013648825355570228,0.0006411547797985603,-0.002713063610945736
272,6,-0.0894485531198073,-0.0022344895285449137,0.06020122458537813,0.0017981763800374792,0.0004809663835310361,-0.0037187952574459513
272,7,-0.08017745261750543,-0.002067432215790493,0.059399000883443465,0.00015842012008651326,0.0005089937357576036,-0.0019342053606462221
272,8,-0.02911602448132719,-0.0028565655638755167,0.04708247670981646,-0.0017609750765382236,0.0002127702610355386,-0.004941097560666122
272,9,0.03985505289195626,-0.004306189415029984,0.044128959050145106,0.001980595337918091,1.060764471868728e-05,-0.006855902829795644
272,10,0.016467115313271163,-0.006711012471411287,0.035162155302098805,0.004454449439166377,0.00019926038673967643,-0.006640119934896625
273,0,0.012513144101854279,-0.0027113062245130845,-0.00799402422499167,-0.007215101712436588,-0.0005334797804876434,0.004004460233867894
273,1,0.010748338219785498,-0.003591798208983206,-0.010505554324696204,-0.007021184246031943,-0.0007810397162593883,0.0004692404541734459
273,2,-0.024635145221945015,-0.002307517065676633,0.004650696597232982,-0.0014778540380596837,-0.000599094629740558,0.0009335663515758126
273,3,-0.05995707550109787,-0.001441426395333696,0.012552230370007942,4.4916111028507014e-05,-0.000455566343812612,-6.141477511708649e-05
273,4,-0.13663099540703927,-0.0031800582934348,-0.004064337976478301,0.0010406702710177448,-0.0004804282168430846,-0.0014841218160932148
273,5,-0.14038963460181614,-0.0054418004898371675,-0.0076048083763270696,-0.0005068474658130229,-0.0008414297560239397,-0.0004229735695701364
273,6,-0.15918008343667372,-0.006894704264263314,0.003942137154038426,0.0016588674939351793,-0.0014447445363864639,-0.0008277190512558511
273,7,-0.13647333304135362,-0.0076630593606899925,-0.0005758343788248334,0.002801661739163913,-0.0013640535245451962,0.0020032806615312778
273,8,-0.09536149109447349,-0.009743287404725718,-0.022706052353164943,0.0017460744447766764,-0.0013415885704343615,0.002321102116386878
273,9,-0.03326793675717334,-0.011304343251362384,-0.021473482331157194,0.002804144090419991,-0.0010372281361694128,0.00014211155855265627
273,10,-0.048514113723188444,-0.011309540092816386,-0.021255432929357693,0.001253879625507677,-0.0008621487165639235,-0.0015989250082260244
274,0,-0.03322727714941412,-0.0017524027167762843,-0.01039199397556357,-0.004506885847859788,-4.211050637024344e-05,0.0029905780210417944
274,1,-0.008504519062056402,-0.001639560076719606,-0.008948730719444206,-0.0029029084494482426,0.0003907400456234117,0.002674746736750546
274,2,-0.028893137879830617,-0.0015735219911641326,-0.002035677751720118,-0.0010432257868417836,0.000984558075987842,0.005122151930180013
274,3,-0.04085846900324577,-0.0019150763888866962,0.0019245146503675432,0.000454415123169607,0.001374833060869988,0.007850106246475313
274,4,-0.08654187549122816,-0.0026404968983621997,-0.0038386688379395016,0.004396844366100045,0.0016539216933272151,0.005956479325509986
274,5,-0.08963208952365004,-0.003279507389542767,0.00816905173933803,-0.00044450280948242276,0.0011981234419097602,0.005077502506988364
274,6,-0.098589428489239,-0.003456970641529914,0.03435165329817172,0.0032890732371027792,0.0009805440769136361,0.0038277362081335494
274,7,-0.10280210855281444,-0.003263522727718393,0.03480540144863546,-1.7774617901686763e-05,0.0008564237276209037,0.004561660936264977
274,8,-0.0690467644864114,-0.002737432525770717,0.01643678320915916,-0.0031548827102968234,0.00029022805268323854,0.0017478226941040778
274,9,-0.022739136768236842,-0.002412750537618984,0.006166525803898409,0.000537151512458291,0.0002119172183371872,0.0025809882260052564
274,10,-0.08508648799602794,-0.005607140185878787,-0.006862643360502794,0.001331305820887177,4.996737955887637e-05,0.003971572342940176
275,0,-0.03240164327470682,-0.0010343216513244843,-0.0062955654869246685,-0.003044904578845088,-0.0002561271394387434,0.0002369048507447945
275,1,-0.006741330619898301,-0.001376350000336406,0.0010537617096058952,-0.0031227692216651425,2.3366230279117077e-06,0.0001678598554393459
275,2,0.008121453751159984,-0.0007326511447109327,0.016260987745524983,-0.0024946546148854835,0.00035938268415044213,0.0010651490854839125
275,3,-0.03065215504574447,-0.000738403604016696,0.013524761460336043,-0.0020045509376529934,0.0003444371380903881,0.0018636149108987132
275,4,-0.10498229264923496,-0.0023919748392953995,0.003122807304323799,0.0007069669186439447,0.0002054704650445153,0.0001233928957419853
275,5,-0.13372237373377183,-0.003747601019161567,0.00933451868969443,-0.002411790308523923,-3.1495640335239784e-05,-0.0006855252396400367
275,6,-0.1632266206742003,-0.0039236979725604144,0.029833601170128923,0.0014575491233219792,-2.0608343581463932e-05,0.0006934615630260492
275,7,-0.17800847084194066,-0.002641641258743693,0.032777073891534364,-0.002396871272374087,-0.00029363506321629634,0.0014108665979108777
275,8,-0.1497072582929912,-0.0023259845289262168,0.02905043293343826,-0.003372481603130823,-0.0005726945801684615,-0.0013630098027598223
275,9,-0.06307735684859535,-0.003774712951262884,0.034014544505215114,-0.0017232745040217093,-0.0007050267689392127,-0.003694293751094444
275,10,-0.08435443455912095,-0.005999165816452587,0.028530532528959502,-0.001376589906090923,-0.0005236081290580236,-0.0031658208720101244
276,0,-0.013012362456970822,-0.0012189424135812842,-0.006829176904174769,-0.002925501950814788,-2.4297709583743436e-05,0.0044588744070337945
276,1,9.841909828380013e-05,-0.001860516470771706,-0.0068797685969117055,-0.0027811970034895424,0.0001486520902948117,0.002426434088310146
276,2,-0.023295737958904016,-0.0008222701365743327,0.014559063659100483,-2.2481020282683712e-05,0.0006131027094943421,0.0024567064761179124
276,3,-0.06155490318545857,-0.000877119347993196,0.009349082399499343,-0.000712987149425093,0.0006581613428472881,0.0008049846510219134
276,4,-0.09965661214968526,-0.0017322811996772997,0.001507477790532399,0.0004012139885086447,0.00041226400517511535,-0.0016317839206638146
276,5,-0.10713444147905754,-0.003758503948820267,-0.00133404068923657,-0.0003224620745900229,-2.2308721572839745e-05,-0.003055868365719636
276,6,-0.1374690847996875,-0.005185559896558714,0.0022686494547790245,0.0016175559244506793,-0.0003871388716104639,-0.0029172108193726513
276,7,-0.14372061594483293,-0.005389194199193893,-0.010179066984003535,0.004759002153078413,-0.00014565831364039632,-0.0010567681313884223
276,8,-0.10128989784889479,-0.007151123246767717,-0.02547953614527514,0.0016787834107694765,-0.0002053323923293614,-0.00021049966307822216
276,9,-0.03338893030475934,-0.008728648680703784,-0.015829637951338592,0.000756639846482891,-9.467660206501278e-05,-0.001626358506657244
276,10,-0.08196962486955764,-0.009100657256898587,-0.020801445938438395,-0.0021582074891156235,-0.0001853002186411236,-0.0031375065424229243
277,0,-0.04421841776406172,-0.0012138901386000841,-0.0008112714004371684,-0.0006886876984718883,0.00020747102676825654,0.0024326662051622947
277,1,-0.008797338172336001,-0.002438964462635306,0.014864025015378495,0.0018184183354712571,0.0009348703876706117,0.0011644475563587458
277,2,-0.016799247817259215,-0.0021327900131084326,0.024051833009181883,0.0006944937336349165,0.001449852334522342,7.32887639032123e-05
277,3,-0.05159431862672427,-0.002142448219453796,0.01832275822970654,-0.001070542464520893,0.0013776740146500882,0.0005001276417496135
277,4,-0.12185520748343266,-0.0037766598626767997,0.0157147142828374,0.0007314507737492447,0.0011923601413646153,0.0009091297803327852
277,5,-0.13146745407279614,-0.005143979086528067,0.02722468764191733,-0.002815722429957523,0.0008456617993845602,1.8052920849763367e-05
277,6,-0.1393057761418586,-0.004831911214552114,0.05214903933991813,-0.0034899640760297206,0.0004298376535611361,-0.0011234079938348509
277,7,-0.14552222945532353,-0.002924133816559793,0.04539176497378336,-0.003869469847893687,0.00034603708272510367,-0.00047098156627162257
277,8,-0.10827562520214588,-0.002746739180081517,0.025267546128266857,-0.004007077784544724,0.00037759283768123856,-0.0015435952132256223
277,9,-0.014833476089188544,-0.003493014458268684,0.008180167401669509,-0.000741870022456109,0.00012787976365508726,-0.002828856253258344
277,10,-0.08758636650111945,-0.005071711546796287,-0.016117410071739294,-0.002586864270438323,-5.182921038512361e-05,-0.0021479923823570246
278,0,0.0069197609490327765,-0.0015201947952356843,-0.005123349482464269,-0.003013764529101688,5.544719041285657e-05,0.006940724647771895
278,1,-0.0203759541023415,-0.001242222220023506,-0.013199508129298806,-0.0036671507301073423,0.0001814306630551117,0.007119325090126946
278,2,-0.03193919769346611,0.00044341777303126724,0.007815491259962483,-0.0011740178789209836,0.0004687839511145421,0.007925782572562013
278,3,-0.06964485469292278,0.0003404827508804041,0.0023161253723221423,-0.004142631552750993,0.0004575889032829881,0.007016035786374213
278,4,-0.15501950074184528,-0.00046815835548759963,-0.006495269275511001,-0.003328016717471455,0.0004677621940495153,0.004991162886244686
278,5,-0.17710800650706343,-0.0014128499479295672,-0.004740274676609171,-0.009256863306421122,-3.0305623524039748e-05,0.0063552994165062635
278,6,-0.1823038288849122,-0.0030170482997379138,0.022870871628843523,-0.008189468819745822,-0.000695225486309164,0.004535022388977649
278,7,-0.16983362461157353,-0.0047224211422635925,0.017028595080138167,-0.006240599258396788,-0.0005733788186063964,0.006672267057377479
278,8,-0.1558984436626008,-0.007111938612197217,-0.020290069922316443,-0.0037694854997549236,-0.00039400207833966143,0.006366198899965078
278,9,-0.11685997136739944,-0.008182660277255184,-0.02974078804541829,-0.0015357300516452089,-0.00010956988436771275,0.006601045146900457
278,10,-0.13971864960071473,-0.007923157686691988,-0.0323630585253053,-2.7617615996122996e-05,-0.0002155458539491236,0.005105656715202175
279,0,-0.012083805418129622,-0.0009671152616374842,-0.007845205751342768,-0.001621789906666088,0.00014211255932595655,0.0042489075046816946
279,1,-0.023602509467667402,-0.002229600454370606,-0.009005592642267905,-0.0011734591404178422,0.0006675735226042117,0.005791402501599546
279,2,-0.008514306827769717,-0.0001080539773622327,0.014240149875966283,0.0010968279484387165,0.001155006467363442,0.004543964926400412
279,3,-0.026537970135250173,-0.000211047003602896,0.013014633118977043,0.0018688424035429067,0.0012530606119540882,0.0022430810242839135
279,4,-0.11911984301452946,-0.0021858654149141,0.0016099150777857988,0.0023885362784527445,0.0010528277493022154,0.0024955768995359854
279,5,-0.14335667666133795,-0.003732034805037667,0.010773517405430831,0.0014159999830110773,0.0008981829759242602,0.0016463310376211636
279,6,-0.1736550709740589,-0.004413773113341714,0.03816488470729852,0.0057687515494810795,0.000745065331850636,0.002520117643730049
279,7,-0.17839209278231233,-0.004450437619340693,0.030277067264674464,0.004530044509082813,0.0005662873883300037,0.003472917845665977
279,8,-0.1557074040440541,-0.006012375570024817,0.009949296770653558,0.004316027724124676,0.0006773758527698386,0.0022519480511940778
279,9,-0.06822096326832154,-0.008184331494923484,0.008531346729201108,0.005256781250877592,0.0005506489981063872,-0.0003071576862466439
279,10,-0.09865133196125915,-0.010210075555601886,-0.0005310169570133944,0.002968687659883177,0.00030691332261347643,-0.0019071798686221245
280,0,-0.019761985802277823,-0.0010516899982355842,-0.008904513697592268,-0.004347031351774388,-0.00037066113627264345,0.0031608232199814945
280,1,-0.0037020034055267013,-0.0006950487362013058,-0.004353984812042305,-0.006110948916749343,-0.0003079144104822883,0.004448463166465946
280,2,0.020376170006479878,-2.1892952930132725e-05,0.016997023369989882,-0.006033992234809584,-0.00032895536112795797,0.004873651309462412
280,3,0.012485412994660529,-0.00047828130741399606,0.012696131348431743,-0.006941010761849593,-0.00038243452349971197,0.003632663105544614
280,4,-0.024869029237236065,-0.002082483921296,-0.004475211494326401,-0.0035537324392996552,-0.0003389640111204846,0.0013460193468638852
280,5,-0.050522520320193734,-0.004089586956071867,-0.00264816323403817,-0.004094951584795923,-0.00039613171571443973,0.0018771767678172633
280,6,-0.08570974060410841,-0.005119406483877014,0.005573957941763925,0.0041267843138400795,-0.00023141891937086392,0.0037747432641524496
280,7,-0.09673535332629074,-0.004471987111056792,-0.0013606622396854333,-0.000539973304877387,-0.0008202186876466963,0.0030997923161029776
280,8,-0.0855250392651394,-0.004427387427595717,0.0008297239316258581,9.27900026897765e-05,-0.0008353040815581614,0.0009681618972848776
280,9,-0.04128918363052714,-0.006032002864656384,0.011821673243535408,0.001179161414128591,-0.0004759539799125128,-0.0008773679548495438
280,10,-0.05062835608985035,-0.0077094050930774875,0.013451740371975305,0.001999753504142377,-0.00010514939338812361,-0.0010858650704470246
281,0,0.001077569864188676,-0.002747063434263784,-0.02198375661053727,-0.009795216756491486,-0.0009142317802380434,0.0008821900514003945
281,1,-0.00012713567484310198,-0.003260675315857806,-0.028587502995238004,-0.011843556897722943,-0.0015048652998466883,-0.0016273136480752536
281,2,-0.005931197918011916,-0.0021722709656998326,-0.00917268124941252,-0.007528222025257884,-0.001318294403238158,-0.00042524498126248747
281,3,-0.031151219870059775,-0.001109847620649196,0.003306680904518443,-0.001621909675795093,-0.000705759627138912,-0.0010132971271603866
281,4,-0.06880137527774306,-0.0018907063801737996,-0.0018514433970860014,0.0012789275214953448,-0.0006564378846372847,-0.0032990264880619147
281,5,-0.08785272344178664,-0.0044199542346108674,-0.00430477556770047,0.0017306950642840772,-0.0009986185592912398,-0.003161474719266336
281,6,-0.1167002378897142,-0.005639209476501114,-0.007399630167498478,0.006210296737836779,-0.001473337104224864,-0.0012598898668579508
281,7,-0.10424022813287594,-0.004762591184023493,-0.013154510099843832,0.004395822432854113,-0.0016896261171831962,0.00035590707932537757
281,8,-0.06723253466624468,-0.005520603096705417,-0.008189488673348342,0.002256902980045076,-0.0020053552498291616,-0.0008202686639667222
281,9,0.015607697734613762,-0.007199951748757884,0.013625974919756308,0.000317063105479891,-0.001690267234502113,-0.004218650635173344
281,10,0.019452371219749465,-0.008102363043481187,0.013888180005573705,0.0014163687717979772,-0.0010357682504601236,-0.006192093936189224
282,0,-0.044749019285818724,-0.0011364732183162841,-0.009070806925799368,-0.0026954869790906883,-0.00019859998777724345,-0.00042704233973780547
282,1,-0.018082308458958203,-0.001821989726050406,0.0027865400623948936,-0.0027693770437618426,0.00029369720501771173,-0.0009200445098376535
282,2,0.005724255983785885,-0.0006845004719451327,0.023500738471988282,-0.0026435609576282836,0.0008426205947491422,-0.0005703613060195878
282,3,-0.024133080545902873,-0.0006210036350801961,0.024756638675482244,-0.0031941480031026934,0.0008482860721839881,-0.0005048261414185864
282,4,-0.08356458127986857,-0.0019719797017023,0.0206075934644502,-0.00041973534567995533,0.0007250113349187153,-0.0023715055817278147
282,5,-0.07993926713546504,-0.002878281642759467,0.03099739158605353,-0.006216006208148923,4.053614122146023e-05,-0.005640786167764937
282,6,-0.0981333632600789,-0.003415024201717614,0.04844006525067662,-0.0040474278308666204,-9.183276572516394e-05,-0.007320538943218552
282,7,-0.09270458919541774,-0.0029342182243015926,0.043402792869164666,-0.005071574392360387,-8.434792904269634e-05,-0.006931681662957621
282,8,-0.05792263849883149,-0.003067771728290517,0.03042091491350596,-0.008067754768888824,-0.00043723998781336146,-0.008447444621376024
282,9,0.008292851392187453,-0.003664710274527184,0.03107952646309121,-0.006696599060515009,-0.0006240209095527127,-0.010645382678304643
282,10,-0.027941750773125947,-0.005979307608480787,0.016020883517681304,-0.006280302614434523,-0.0005249702792376236,-0.008270575046000624
283,0,-0.008294986704122622,0.0001856377899763157,-0.000990115252086669,0.0007057284883742118,0.0004928669617134566,0.009604252072142395
283,1,-0.0006798543323508002,0.0032277334902438936,-0.001215422567028705,0.004780913205999358,0.0009892147850284116,0.011126992150311646
283,2,-0.007613315498950316,0.003710641210147767,0.010039665272801881,0.006480450937366816,0.0009738036101803421,0.013749226107424713
283,3,-0.011471097297900475,0.001807221605341904,0.0028533165945620427,0.0048248017603098065,0.0006216231981660881,0.015479965603582014
283,4,-0.014907630404412855,0.0004883171721632002,-0.0170318632279777,0.006034890773063645,0.0007113587136484154,0.012488601554990184
283,5,-0.04290272847143034,-0.0006055697417966669,-0.022917560147324267,0.0034118094872796767,0.0006564249765464602,0.012541480168088563
283,6,-0.06390633378141691,-0.0021586121456510137,0.007687159215379824,0.01031672437747698,0.000683099952561636,0.008853598695641349
283,7,-0.05408583233342304,-0.003365999915845093,0.003543592017513666,0.006575202463489813,0.00023850877980110367,0.005741258548865177
283,8,-0.0747139727229719,-0.003400442962092517,-0.02199664696398134,0.008378251065754877,0.0005668019660333386,0.007304119457676878
283,9,-0.06123448057493394,-0.004336985142162584,-0.0370594965924706,0.010760186560573091,0.0010058160512385872,0.012678006246464457
283,10,-0.07472620769536634,-0.007625770044241487,-0.04706838111214909,0.007268512051287677,0.0008976701045897762,0.009315348958297677
284,0,-0.019183395192214223,-0.0017959742752368842,-0.001652624259017469,-0.003071817367869188,-0.00014941390292934345,0.0017200133992402945
284,1,-0.001987783163416003,-0.003049295315879506,0.005551986762750495,-0.0021165511716348426,0.0002747511580567117,0.00027069867059804605
284,2,-0.019637448093695217,-0.0029274701963867326,0.016638540087453482,-0.0009629303303443837,0.000826409606320842,0.00023421736247011262
284,3,-0.06287834611043418,-0.003445521954625396,0.017304511911917043,-0.001211587308820893,0.001040718282608188,0.0006300438205316134
284,4,-0.13906695552187676,-0.005720455584652,0.010368007678753498,0.0008591044505057448,0.0011714359726414155,0.00019756211028468511
284,5,-0.15540078506872643,-0.007342667587243567,0.019790033368758633,-0.003506958869638323,0.0008724136650605603,-0.0009831720420430366
284,6,-0.16338527426866922,-0.007260639083809914,0.05281708794422632,-0.002691424977685721,0.0004692808857461361,-0.003089612829665851
284,7,-0.16040675429529133,-0.007302886240379793,0.05135239517272017,-0.004683730063235287,0.00026860719393960366,-0.0026482036551461227
284,8,-0.10548996505471998,-0.008880493318392217,0.02288936553899186,-0.005847595767634523,4.852639115833859e-05,-0.0043579973840555215
284,9,-0.02563862909919224,-0.010806160264211183,-0.003914940092529692,-0.0012764545776404092,-0.00023592268043334276,-0.006442925185475444
284,10,-0.09413493261181695,-0.013255980938127587,-0.018847258152786695,-0.001239760037986923,-0.0003691535066038236,-0.005653636019893224
285,0,-0.022238671039486423,-0.0012842490235018841,-0.0056095177487928685,-0.002233181019587488,0.00016129333998245654,0.005118643282508495
285,1,-0.010712216051163601,-0.001521767135736506,-0.011353971870632907,-0.0012167105242124427,0.0004684892376546117,0.004131311536683846
285,2,-0.025971938768668316,-0.0013583083894369327,-0.001100087494377417,-0.0001764429259382837,0.000736928823047442,0.003397808941383513
285,3,-0.06300840921813228,-0.002068550409024096,-0.0025409102916990577,-0.000916595859156393,0.0005470880225695881,0.004194071100267614
285,4,-0.12367837657124846,-0.0035261256052775995,-0.010616357389360802,0.0005790317418272447,0.0004780006631194153,0.0032890778237669852
285,5,-0.13845024470859713,-0.004785512698279967,-0.00808419271798557,-0.004776265467385124,-5.109929934539741e-06,0.0030851195074284633
285,6,-0.16340916606659622,-0.005915163875588414,0.019468278002556023,-0.0033771292822970204,-0.0003623638244904639,0.00022558307997654916
285,7,-0.16260711994825983,-0.006289142734730093,0.017292851743890166,-0.0063997617285813865,-0.0005677264066093964,0.00037391242447167754
285,8,-0.1421890108565877,-0.006956143522749617,-0.011229523538230542,-0.007416302879476424,-0.0006757786582536614,-0.001200570385335722
285,9,-0.09546217426746904,-0.0070656668254273835,-0.021909323337130093,-0.0027381860772689084,-0.0005406897324330127,-0.00047279116969484386
285,10,-0.15726420979261174,-0.009749109229194487,-0.0375965163852367,-0.005004343948961723,-0.0008620379865960236,-0.0011016886822989244
286,0,0.0003678942022414776,-0.0013479917670843843,-0.005792191489047969,-0.003161596981271288,9.526703760825658e-05,0.007231401622879694
286,1,-0.008426234323837701,-0.002415914399442406,-0.003063851549847305,-0.003912980305846843,0.0005935835584380117,0.008688870819534147
286,2,-0.02431065724990942,-0.0012253767029367327,0.014488701000651184,-0.0028527875732728834,0.0007463464085956421,0.009192963525887912
286,3,-0.03912370612706938,-0.001942435919699496,0.016319908385684145,-0.0034894932830015933,0.0006079230560970881,0.007953500879824812
286,4,-0.07847975499942836,-0.0038312400378634997,-0.0022317986458480015,-0.0030840960348545556,0.00042311342720941533,0.008289616463766487
286,5,-0.09538159416451374,-0.005953026820602267,-0.009949022066199669,-0.0010527220934565228,0.0003704169514365602,0.007760060500831063
286,6,-0.11850953579387971,-0.007176801983587214,0.005280746676105924,0.0034634133360949794,0.0003728704985781361,0.007174073431222148
286,7,-0.11345064700245844,-0.007385065059721193,0.0016154578634458676,0.0001755581833647131,-1.564110340469634e-05,0.006952233149134878
286,8,-0.09733610403227048,-0.007755248120111117,-0.0042541811029816416,-2.750459337072346e-05,0.00035632132121443856,0.008011534170731477
286,9,-0.06129225952723434,-0.008725227278524185,0.004309708451937708,0.003485400074604891,0.0009036350703307873,0.007881050493582356
286,10,-0.09779156710521274,-0.010670036059965587,0.0012160364459828064,-0.002294791984465223,0.0005160020680177764,0.005327178053487975
287,0,-0.023358746808764423,-0.0017289036346651843,-0.00793345762587307,-0.004125146343839988,-0.00021754573767434344,0.004155265514985295
287,1,-0.0237410866000443,-0.0029795103345888058,-0.009078581890084706,-0.0033895974172854426,-0.00019906576464178831,0.0027144287989764463
287,2,-0.04591922289214211,-0.002352371132136033,0.005364549537640882,-0.0003729377896235836,4.831870499421811e-05,0.0010441316593823124
287,3,-0.09840994406461318,-0.0020473336883637962,0.003960217534631243,-0.001551440969816093,1.9887822218148067e-05,-0.0005136071944087865
287,4,-0.16423207426795944,-0.004194450898089799,-0.011123433105471203,0.00016439514032864471,-0.0001456116996626847,0.0006573930872822852
287,5,-0.18067047309260645,-0.006635823323048167,-0.00934685515420127,-0.0022348514568056228,-0.0004737774848413397,0.0026092848288103636
287,6,-0.20288913751438892,-0.006711427306641714,0.010030751021475824,-0.0011213063164870207,-0.0010183492080496639,0.0046342293425153495
287,7,-0.19389361484945833,-0.005502851132324593,0.007871021713848066,-0.0021027257318226873,-0.0012936066449454962,0.005828842337184878
287,8,-0.12245512376202589,-0.007012301724530117,-0.010248020045293042,-0.004378619795078024,-0.0016942875301939613,0.004687513931614978
287,9,-0.013477373533644043,-0.009587722958950082,-0.00985656744607349,-0.002530469827225209,-0.0019064274510876128,0.0008118432759172561
287,10,-0.06169509161120815,-0.009312716566999786,-0.011085868146184194,-0.006291910500180823,-0.0017517611197713236,-0.00019171870391492462
288,0,-0.007927722327731122,-0.0014691386046281841,-0.0065012752580160685,-0.003881037461245688,0.00012728968898775654,0.005295788070796795
288,1,-0.030861518648101004,-0.003479053415332106,-0.008435200266000805,0.0012739103938827576,0.0009092279925743118,0.009286441810788146
288,2,-0.035526593944049015,-0.0023733961098835327,0.0045067508583092825,0.002428347402757116,0.0013060668589205422,0.009386651928939012
288,3,-0.03182467321669237,-0.003464263791155796,0.006320342307748143,0.0038116755603229066,0.001648101125052988,0.012119356415959712
288,4,-0.11574901592505686,-0.0068171204675415,-0.012878931499177503,0.006788101892424945,0.0021679635708766153,0.017877128686814084
288,5,-0.16528737601648175,-0.008106316305200267,-0.009710966524854269,0.0032377977672894773,0.0022927879705082603,0.019705164212877366
288,6,-0.1661094365436218,-0.007621225524083114,0.03957700101404382,0.005102965104307079,0.002263316453473836,0.01777108412156465
288,7,-0.1840520533222758,-0.006086136083160593,0.04700045029862897,-0.000991472507090087,0.0019074959412421035,0.018088011599952578
288,8,-0.19477412612165618,-0.006384719925301517,0.00869335638843926,-0.0019008646283143235,0.0018662913993489384,0.01636158802482108
288,9,-0.12014708903963904,-0.007811718711433984,-0.029291335053621293,0.007674505375711991,0.002158880914578787,0.015602675525540153
288,10,-0.18253284156511596,-0.013014217240337286,-0.05549939300360829,0.009282410313527577,0.0018197594537218763,0.017269579274910775
289,0,-0.011984307212622322,-0.0019818036498468845,-0.01786686306998777,-0.006714302522012788,-0.00042783496350824344,0.0021056142983330943
289,1,-0.0012041526964976998,-0.001212794653535706,-0.024308032534291805,-0.007714236661739343,-0.0006512068262673883,0.0012358635809094462
289,2,-0.0037719618850603157,-0.0003793022178065328,-0.008863656765697118,-0.004988387395837784,-0.0005514641581403578,0.0031103975167791125
289,3,-0.007931904079228374,-0.00028250733318569603,0.002759899104246043,-0.0030021940986905927,-0.00030087591831231197,0.004710656631640513
289,4,-0.02638109772579106,-0.0010246850300541996,-0.003983248440605902,-0.0014962731384566554,-0.0002414722295430847,0.001967485514343985
289,5,-0.046057426337177534,-0.002636133963346267,-0.005993596313967569,-0.004667788132536923,-0.0007049400594652397,0.002374722394958564
289,6,-0.0797252480537985,-0.004782079721166214,-0.0028694625002195946,0.0018848245280709793,-0.0010332213261443639,0.003233258799847049
289,7,-0.07831091923001673,-0.005358744807877393,-0.011121580965022231,-0.002350460762709187,-0.0014072490845519962,0.005440142349387877
289,8,-0.07553426265125099,-0.005528841929626917,-0.01762738880169344,-0.005242298528687124,-0.0016509445378269615,0.005771690903378978
289,9,-0.03231608929257914,-0.006344184401390584,-0.006252796315627991,-0.007363486621859809,-0.0016178972515325128,0.006217922858089857
289,10,-0.047056359432790545,-0.008347533078681586,-0.011169139573346594,-0.006925960880864023,-0.0013192845802308235,0.004882385922346976
290,0,-0.041786526439184325,-0.0016067010894831842,-0.01225989669840537,-0.002301524934571588,0.00010370998178795655,0.0029569383519582946
290,1,-0.04720532107318451,-0.002649408080283406,-0.006252965766967605,-0.0032944328385103422,0.0007416661230416117,0.005344933209297146
290,2,0.004772166058949182,-0.0004959757939510327,0.01961212957387998,-0.003792817608348884,0.001174294403569242,0.0052530367562352125
290,3,0.05300914774192742,-0.0011637505538047961,0.025895823936648646,-0.0024405444349212928,0.0011862272918043881,0.008157525754460113
290,4,-0.030587198386293965,-0.0030097666574880996,0.013777443028046297,-0.0012342107443081552,0.0013215517285037155,0.008576256733752386
290,5,-0.04906914709331574,-0.004970774986149367,0.02131789587943153,-0.0071353084836994225,0.0008798829978687603,0.005683646074618163
290,6,-0.05526195037482201,-0.005827044502458114,0.046765977923243024,-0.0029413349975595205,0.0010476291763932362,0.00526125572694845
290,7,-0.06838815516188013,-0.004939691240490293,0.038450941455800566,-0.005849787305334587,0.0011161047266310038,0.006660120050865179
290,8,-0.09693618229115529,-0.004425520096552017,0.016768897226740957,-0.0033431199273212236,0.0012008234551611385,0.0066200987534327784
290,9,-0.04180151938206014,-0.0029178381485674837,0.0057496028701183085,-0.000618803945133409,0.0009230795746360872,0.007859388238349757
290,10,-0.07123122776308163,-0.0059704808550626876,-0.015875693345330694,-0.001712689467849923,0.0008801240398690763,0.010978841225644376
291,0,-0.024453509812843523,-0.002218361764779784,-0.00805505117705627,-0.006735262091363588,-0.00041109462118634344,0.0031300219545784946
291,1,-0.015239550759581201,-0.003179905485106206,-0.008830742538276305,-0.0061290436419277426,-0.0004417252769036883,0.0001958342410249463
291,2,-0.04297094371021792,-0.0030124163311133325,0.004859435620637882,-0.0036099780795842834,-0.00017310401252175792,0.00016441638098851257
291,3,-0.08066133356892008,-0.0029096375201006957,0.009955857216761343,-0.002854174190726493,8.31641567810881e-05,-7.100519909228635e-05
291,4,-0.14230481640170387,-0.004404123590107599,0.0001397616370299986,0.0010133348313758448,0.0002803123811803153,-0.0013306436726053146
291,5,-0.15214500083925775,-0.006913034840727367,-0.00045718200931576993,-0.001427554084064323,-8.609722526523977e-05,-0.0018442232404381367
291,6,-0.1675442876505931,-0.007458531102646514,0.013476224572907324,0.0008537026138579793,-0.000614035288664164,-0.002040928278077451
291,7,-0.16922511186052164,-0.006873012878885093,0.008407126947477266,0.002363555465590113,-0.0006216287168088964,-0.0013255537700504224
291,8,-0.10940336411664658,-0.008565102613231117,-0.012742410999782041,0.0010790695594566767,-0.0009397410427464614,-0.003221291602812622
291,9,-0.022408052965714444,-0.010570014829540283,-0.016899748449671393,0.003683652321621791,-0.0010727415168546128,-0.005159146469605044
291,10,-0.07893215537653234,-0.011775450488917488,-0.023691544113521795,0.001830285680680677,-0.0011328375979946237,-0.006188005246917124
292,0,-0.028884052456899123,-0.0019316977898467841,-0.013548523987443769,-0.0055304777406741884,-0.0005822331551910434,0.0003918690039248947
292,1,-0.0203381959195221,-0.003590249601482606,-0.010589440610899704,-0.006604903097984742,-0.0005620140999778883,0.0007992538699799459
292,2,0.0037227189330995853,-0.0023260341916403328,0.007001126941181282,-0.004416713023962284,-0.00023116588186095793,0.0001717769281736124
292,3,-0.03953895669238797,-0.0015876185924716961,0.014341586997469243,-0.001663856236719093,0.00010825697638108811,-0.0017256193359759865
292,4,-0.13412579557030008,-0.0035766492799332995,0.008955973067320697,0.0014476853552305448,3.1752411867615334e-05,-0.0024102518196005146
292,5,-0.16319867350414913,-0.005209993747390567,0.01801882473408313,0.0007435318829376774,-6.889855678773974e-05,-0.0036378290780949367
292,6,-0.20000538259263523,-0.004834828494647514,0.038815966701113924,0.0027941561008632794,-0.00010322854887386394,-0.002658368882029751
292,7,-0.21421033776378384,-0.003469786799338993,0.039789203922617464,4.31341287312132e-05,-0.00025949226074449636,-0.0016170275810573225
292,8,-0.19256717028852377,-0.004315481748783617,0.03313764093743066,-0.0005364195181210235,-0.00046704326146936146,-0.003369321506400222
292,9,-0.09015918659485604,-0.006764865551035684,0.036819660747048205,0.002969609421001091,-0.0006061500171254128,-0.007973533338896143
292,10,-0.10439721204086505,-0.008710078915907287,0.028683954059742407,0.0045970027010583765,-0.00010163320992182361,-0.007919881979513524
293,0,-0.025726852094369822,-0.0012139828602271841,-0.006097315817188469,-0.002781146879251588,-0.00014764022310114345,0.0015022279925314946
293,1,-0.0168630256530757,-0.002970713626523606,0.0012122696961133946,-0.0005929254448738424,0.0005025694535539118,0.0021198896331222463
293,2,0.021136531897324784,-0.001409270186890133,0.02046425704645378,-0.0011894341132263836,0.0009632346264607421,0.0015072440605264125
293,3,-0.0037126137622837743,-0.001391340812217496,0.021109721894978242,4.0802238525307084e-05,0.0011690569252765881,0.0005166548024543136
293,4,-0.10201678350636426,-0.0046342437720854,0.005301000824021099,0.0013182324238840447,0.0011014542501206152,0.002322738822634585
293,5,-0.14332748158872044,-0.006886824026464867,0.01519325238795183,-0.0013123143806886227,0.0010795083754375602,0.0014575698147702635
293,6,-0.1419022981747023,-0.006066893527712414,0.05966729656330723,0.0016711713800803794,0.0010229798107005362,0.0024315361590180494
293,7,-0.15986080132456093,-0.004171980951338093,0.06265663065923877,-0.0010370570194892868,0.0006442321074825036,0.0018594084676306776
293,8,-0.14918612306895868,-0.004533370831108817,0.04057616730445086,-0.0007742664563229235,0.0006304560254965386,-0.0014270298728165781
293,9,-0.02077945026410554,-0.006274950102828584,0.021702651242177406,0.002583145448303091,0.00032438258501318727,-0.003772691413617844
293,10,-0.07429419057873385,-0.008949935890764487,0.008451711349751406,-0.000587793050741123,0.0004563883170860764,-0.0023607567548885244
294,0,-0.02122392647564802,-0.0010926378357867842,-3.681088450046936e-05,-0.002155202490021688,0.00018422383303785654,0.007416440341729193
294,1,-0.030262857438640104,-0.001503250008995506,-0.001046859103867705,0.0007153289943129578,0.0006632328344785117,0.006605840497057446
294,2,-0.06698647905838562,-0.00038104713693153276,0.014154161630292282,0.003938110809896616,0.001106284999941142,0.005474716425973813
294,3,-0.11090854451287468,-0.000829594784046596,0.013817865870153642,0.0027910813254451066,0.0011549165669537881,0.004951041278829414
294,4,-0.16425477120152998,-0.0028436952962152995,-0.0010086038922287014,0.004391516045228445,0.0011338940529211153,0.007080876255605286
294,5,-0.18265481931079983,-0.004824953190346267,-0.00467704931689767,0.004019856596623477,0.0010214041467274603,0.007972922547804963
294,6,-0.19264680567099812,-0.005494412527590314,0.023408496008147324,0.00600049670549318,0.000499315667152436,0.006489232640820748
294,7,-0.17476962685460684,-0.005659932461572693,0.019187378464445765,0.006974049766929213,0.0003493216132142037,0.007149870287404977
294,8,-0.11031354212592678,-0.007675792490650017,-0.011405111309916942,0.006275076635575175,0.00040956221844333865,0.007379274571006979
294,9,-0.01577648009411454,-0.010088103666645785,-0.028037878590267892,0.010220648207929891,0.0004500009836930872,0.005959451933716655
294,10,-0.07996814590110975,-0.011200076187694988,-0.041315828302460195,0.004561892688941977,0.00014679334789417643,0.0032585254331784753
295,0,-0.028318255045655823,-0.0009373639797031842,0.0028745852996252316,-0.0003350955865819884,7.683794836735655e-05,0.0022750600604556945
295,1,-0.020351120969605,-0.002513846898476406,0.015788596745896298,0.000164092819945158,0.0007162860730072117,0.0019726272245271462
295,2,-0.022966981920255116,-0.0024347846629162325,0.03130150327071158,-0.0014180815708086836,0.001109192445196642,0.0009873877249429127
295,3,-0.06050421398601627,-0.0028589820832521963,0.03277325574914504,-0.003628001134389593,0.0009659821566867881,0.0018731751273882136
295,4,-0.15667177748065736,-0.0050879438361203,0.0228194614141689,-0.0014857755259276553,0.0008433386350804153,0.003174942044269585
295,5,-0.18139700575860415,-0.007283871124216967,0.03252653507400753,-0.004781243899681523,0.0005977762288779603,0.0031613234251114636
295,6,-0.19018498536116818,-0.007326346181303814,0.05482224024576013,-0.003823920279308321,0.0003540323900328361,0.0033498651205693493
295,7,-0.19892519478898563,-0.005849326115220093,0.05091485679928867,-0.004862603738254587,0.00030117119925310363,0.0038261872416467772
295,8,-0.1717244032437602,-0.006844175576870617,0.02306972487330146,-0.0034630989900468236,0.0004707588482319386,0.002541432525310478
295,9,-0.07115773527030364,-0.008622587618591084,0.007960656276718808,-0.000571962676365109,4.3599658814787244e-05,0.00021807360341035602
295,10,-0.10663811450130985,-0.010542137094793288,-0.011942963535730895,-0.003073734494303623,-0.0002271348468326236,4.432343719077553e-05
296,0,-0.02878325661265232,-0.0017117460878186843,-0.01007072070014777,-0.004567533220885088,-3.139267874394344e-05,0.0033377980863574944
296,1,-0.020924858551152902,-0.003406460418300806,-0.011546195936720304,-0.004036021236609842,0.0003050605955287117,0.004068204224030246
296,2,-0.026726746637906112,-0.0032274216023437325,-0.0005047931892599184,-0.0024892277735352837,0.000697181662880342,0.004057354102858813
296,3,-0.05184245186022607,-0.0031737380326847956,0.004929271494996143,-0.0024892166207818927,0.0007973742395307881,0.004432937478208214
296,4,-0.14048220166109396,-0.0051868074359233,-0.006677148809511801,0.0005961825709092448,0.0010071200327451155,0.006653769684155985
296,5,-0.17799719381315462,-0.007480972313269367,-0.0017473320061119702,-0.0023565851125127227,0.0008917327379090603,0.0066355084518579625
296,6,-0.21178195787596898,-0.007250274803035814,0.017101399817774025,-0.0015350607651197204,0.000670695303997836,0.007392549352385348
296,7,-0.22238845238632693,-0.0056278469658746924,0.017403065669955465,-0.004226042641546587,0.00045641301927280375,0.006960856338531378
296,8,-0.18128846218978267,-0.0070994695561229166,-0.009450829047380243,-0.0054042899755112235,0.00040058694152573864,0.004886259449076478
296,9,-0.08108707344131524,-0.009786248451707984,-0.025103930369233793,-0.0027110554752831084,-0.00014079232480771275,0.001949124272742556
296,10,-0.14037017823794615,-0.012886081172264188,-0.042030734754755494,-0.005308322928382723,-0.00037354133874969357,0.0012119346185735756
297,0,-0.019782431336084223,-0.0008337003167727843,-0.005664147551008569,-0.003769660439884588,3.8273299335654697e-07,0.0026164593620937944
297,1,-0.004838679146069901,-0.001139417120912606,0.0010181915142447942,-0.0018713556911280425,0.00042642500202401173,0.0026794758233014463
297,2,0.013229968894869085,-0.0003576459042784327,0.015525652050229183,-0.0011431908367709835,0.000737651874244442,0.0015037450621781124
297,3,-0.020088719445230375,-0.000545886704089196,0.008565641791730243,-0.002287425966005093,0.0006103850275309881,0.0007062324728117132
297,4,-0.08411526703185196,-0.0030263649275458,-0.008457544687983702,0.00046703543440874474,0.0007076785277892153,0.0019469856740471853
297,5,-0.11759189898251333,-0.0052448275846076675,-0.0014700590754740698,-0.002061948766746223,0.0006397316402814603,0.0034243807664006633
297,6,-0.1489200823704684,-0.004532866932832714,0.020576705893410124,0.0022150955427535793,0.000568843808058336,0.005991378868759448
297,7,-0.15959544828921293,-0.0025213317292719925,0.018531923213217665,-0.002058890659011987,0.00015422883130730364,0.006307938010496778
297,8,-0.1322920428479407,-0.0028485217565346168,0.008483298180083159,-0.004215329774443424,-0.00031728635427956143,0.002237247297688678
297,9,-0.022704546057360143,-0.006160261410582284,0.001063153046539908,-0.001067549962652309,-0.0005159683427353127,-4.06443391981438e-05
297,10,-0.052204518087341244,-0.008627435820911286,-0.002167198092312094,-0.0016781584148391228,-0.0004499944288614236,0.0010742423718540753
298,0,-0.031584033886214724,-0.0018646474155529843,-0.01210602328914277,-0.007177091540264888,-0.0004803091328815434,0.0035419014904424944
298,1,-0.050885533231708295,-0.003602918501649406,-0.017686726267289003,-0.0058122457214008424,-0.00016609519793888832,0.005765343785695046
298,2,-0.03919964207326892,-0.0018772629334266326,-0.0035688772824958182,-0.005835878165128784,0.0001922359948839421,0.007530180345651711
298,3,-0.023572175843146373,-0.001270729039342096,0.003393596210039043,-0.0033607420877367934,0.0007059581508724881,0.008457256686127113
298,4,-0.11964407644918276,-0.0033263112073828997,-0.0026307499949193014,-0.0009007485895686552,0.0010492203009965155,0.008410783454862784
298,5,-0.13107290583838194,-0.0038707159158436672,0.008880918920170431,-0.004767814940723522,0.0008051496945002603,0.008424575450234763
298,6,-0.1454376953873976,-0.003036525031263014,0.05212826670242042,-0.0038621922957194207,0.000555042067460336,0.006537956577406148
298,7,-0.14224152075606353,-0.0021430890266308927,0.054202563987155464,-0.006938614349934287,0.0004589550209731037,0.008083895591396677
298,8,-0.09559759537240599,-0.001725372195208917,0.02765409299139926,-0.007031672229338324,0.0003095812910919386,0.005140435290089878
298,9,-0.04476578854194874,-0.0010607599845516838,0.008770331043801708,-0.00017229181954780894,0.00032799155268438727,0.0028982674879205563
298,10,-0.09979910289136125,-0.003134693795772087,-0.006918120569158795,0.0028286999733632768,0.00030331944686857646,0.0036490009003517757
299,0,-0.011193644870529222,-0.0017497387956292843,-0.009315248541286668,-0.005672192040412888,-0.00029157755924044345,0.004058429921251094
299,1,-0.008378433456941002,-0.002376202919686906,-0.010485688321105604,-0.006303059946331242,-0.0002399938466903883,0.002938327696202446
299,2,-0.027494304531109515,-0.0018012307402843326,0.00012626829879728262,-0.005027205387701784,-1.55462707281579e-05,0.003279775793069113
299,3,-0.06483456795920738,-0.001641970701976996,0.004343695742941243,-0.005745603578850293,5.08275675348811e-06,0.0019022492490378133
299,4,-0.13191748343611348,-0.0036485665121404995,-0.006511583382236201,-0.004498257820122756,7.43294115871534e-06,0.0003123262740526852
299,5,-0.15330224407707985,-0.005166578064458167,-0.004914907131973069,-0.007558068155014823,-0.0002674738384047398,0.00014973814847706328
299,6,-0.180265346333851,-0.005930325682375414,0.014053303515890923,-0.005447454951012321,-0.000748358457234164,-0.000540414104364551
299,7,-0.1800082066448787,-0.0061592634914479924,0.010243824625934365,-0.006266750837796287,-0.0008203935317326963,0.0007160816691926775
299,8,-0.12926923283455588,-0.008248318984668518,-0.01502386156291284,-0.008335691566215223,-0.0009848533038424616,4.93490085619777e-05
299,9,-0.054271479668170336,-0.010749977188330283,-0.020144015403529492,-0.005461545078793909,-0.0010182117187815128,-0.002394501551776544
299,10,-0.10301935980121335,-0.012139166393871588,-0.028755043650403694,-0.006515637615559023,-0.0010736748450433237,-0.004295316601107425
300,0,-0.017587175416334522,-0.0008374058752270842,-0.005862384476376669,-0.0016496063577603878,0.00021387813759185656,0.004615568497904595
300,1,-0.019109287718580302,-0.001017532564238506,-0.0014725478437276054,-0.0008050959319357426,0.0007352913752752117,0.004935505585253046
300,2,-0.028137118961899216,0.0005401040001658673,0.016244491646979782,-0.00033849011837408364,0.001116802147687542,0.004167795505908713
300,3,-0.05245046019342857,3.148120329170387e-05,0.014840885172627943,-0.000979801919983293,0.001040569941445488,0.0036707405883341132
300,4,-0.12009434781977515,-0.0017023294514863997,0.0012536716428456988,0.0010565027829786446,0.0010084775820252154,0.003527842714383485
300,5,-0.14160778103080005,-0.003145561568128167,0.0065390593153094295,-0.0010881804330169229,0.0007189971695133602,0.0034706749339390637
300,6,-0.16684828056201823,-0.003736463537790914,0.03342412754638682,0.0026312578589424793,0.00015565513017073607,0.003125309408384549
300,7,-0.17622896987808834,-0.003072071968581593,0.029501997546837463,-0.00035117593495508667,3.239698649330365e-05,0.004772370131721878
300,8,-0.1537237147960413,-0.003843687820675817,0.0041336189877417585,-0.0016016787510280235,-0.00016554431658256143,0.003073385795663578
300,9,-0.08391384517738233,-0.005030026040598884,-0.004338824770137991,0.001857106710392791,-0.00021775310488721274,0.0015976379719454563
300,10,-0.13901755360461443,-0.007009472494165087,-0.011550154336066994,0.00014270675798897696,-0.00048688982071132356,0.0010594327472944753
