region,channel,horizon,field,value
ABW,G,0,Z1,1.0
ABW,G,1,Z1,0.006737946999085479
ABW,G,2,Z1,4.539992976248501e-05
ABW,G,3,Z1,3.0590232050182743e-07
ABW,G,4,Z1,2.0611536224385723e-09
ABW,G,5,Z1,1.388794386496412e-11
ABW,G,6,Z1,9.357622968840275e-14
ABW,G,7,Z1,6.305116760147079e-16
ABW,G,8,Z1,4.24835425529165e-18
ABW,G,9,Z1,2.8625185805494346e-20
ABW,G,10,Z1,1.928749847963945e-22
ABW,G,0,Z2,0.0
ABW,G,1,Z2,0.497991740952737
ABW,G,2,Z2,1.9839661924571035
ABW,G,3,Z2,3.334495876334165
ABW,G,4,Z2,3.936121852812737
ABW,G,5,Z2,3.8284300275084524
ABW,G,6,Z2,3.294477851641349
ABW,G,7,Z2,2.6052481804541845
ABW,G,8,Z2,1.9366319050237466
ABW,G,9,Z2,1.37317785137154
ABW,G,10,Z2,0.9380400944338156
ABW,G,0,Y1,1.000000000000003
ABW,G,1,Y1,0.7196235750287855
ABW,G,2,Y1,0.39403261804187617
ABW,G,3,Y1,0.26651416399132416
ABW,G,4,Y1,0.4798982792997342
ABW,G,5,Y1,0.4277589156297678
ABW,G,6,Y1,0.40452787314844557
ABW,G,7,Y1,0.40114608314689615
ABW,G,8,Y1,0.5785544578327328
ABW,G,9,Y1,0.39579861828971497
ABW,G,10,Y1,0.4785523766007293
ABW,G,0,Y2,0.0
ABW,G,1,Y2,0.49799174095273857
ABW,G,2,Y2,2.3389773474598052
ABW,G,3,Y2,4.942647195747935
ABW,G,4,Y2,7.216763305109884
ABW,G,5,Y2,8.693745436723399
ABW,G,6,Y2,9.595372349926933
ABW,G,7,Y2,10.118870218327421
ABW,G,8,Y2,10.378909265857612
ABW,G,9,Y2,10.554847040119895
ABW,G,10,Y2,10.805537831317334
ABW,G,0,Y1_nocap,1.000000000000003
ABW,G,1,Y1_nocap,0.6858909991440632
ABW,G,2,Y1_nocap,0.3392319525168019
ABW,G,3,Y1_nocap,0.2036311934130046
ABW,G,4,Y1_nocap,0.4140028451468385
ABW,G,5,Y1_nocap,0.35193939116310613
ABW,G,6,Y1_nocap,0.32148645171793155
ABW,G,7,Y1_nocap,0.3123529315753106
ABW,G,8,Y1_nocap,0.48467042035323693
ABW,G,9,Y1_nocap,0.29132320038202614
ABW,G,10,Y1_nocap,0.37065723535760925
ABW,G,0,Y2_nocap,0.0
ABW,G,1,Y2_nocap,0.49799174095273857
ABW,G,2,Y2_nocap,2.322178803268152
ABW,G,3,Y2_nocap,4.848545814478377
ABW,G,4,Y2_nocap,6.964879114975936
ABW,G,5,Y2_nocap,8.222365704392697
ABW,G,6,Y2_nocap,8.875540225711573
ABW,G,7,Y2_nocap,9.143789745912255
ABW,G,8,Y2_nocap,9.155185789013832
ABW,G,9,Y2_nocap,9.097345133800665
ABW,G,10,Y2_nocap,9.130545975169646
ABW,L,0,Z1,1.0
ABW,L,1,Z1,0.8767531404505768
ABW,L,2,Z1,0.7686960692899488
ABW,L,3,Z1,0.6739566928019769
ABW,L,4,Z1,0.5908936469418179
ABW,L,5,Z1,0.5180678606285332
ABW,L,6,Z1,0.45421762377257824
ABW,L,7,Z1,0.39823672809060656
ABW,L,8,Z1,0.3491553019962017
ABW,L,9,Z1,0.30612300753013943
ABW,L,10,Z1,0.2683943082162253
ABW,L,0,Z2,0.0
ABW,L,1,Z2,0.2743349544180675
ABW,L,2,Z2,0.6020773377245052
ABW,L,3,Z2,0.557451649127712
ABW,L,4,Z2,0.36249712060142797
ABW,L,5,Z2,0.194229748157956
ABW,L,6,Z2,0.0920747677378387
ABW,L,7,Z2,0.04011087607950026
ABW,L,8,Z2,0.016425520305540776
ABW,L,9,Z2,0.006415903889813654
ABW,L,10,Z2,0.0024144124844481924
ABW,L,0,Y1,1.00511673509676
ABW,L,1,Y1,1.2944958706054912
ABW,L,2,Y1,1.4848653125959925
ABW,L,3,Y1,1.5929866359317397
ABW,L,4,Y1,1.6437819395912614
ABW,L,5,Y1,1.695663162884211
ABW,L,6,Y1,1.7467997935584296
ABW,L,7,Y1,1.841818220885683
ABW,L,8,Y1,1.9966429021321024
ABW,L,9,Y1,2.0768109701041872
ABW,L,10,Y1,2.0990712812940737
ABW,L,0,Y2,0.0
ABW,L,1,Y2,0.2757386537076065
ABW,L,2,Y2,0.7185287430445799
ABW,L,3,Y2,0.9051095156383808
ABW,L,4,Y2,0.8852627087747976
ABW,L,5,Y2,0.7831627485269578
ABW,L,6,Y2,0.680543071503833
ABW,L,7,Y2,0.6141955650055109
ABW,L,8,Y2,0.5950286952487986
ABW,L,9,Y2,0.6309029221409448
ABW,L,10,Y2,0.6813453389839477
ABW,L,0,Y1_nocap,1.00511673509676
ABW,L,1,Y1_nocap,1.2605906940658356
ABW,L,2,Y1_nocap,1.4105165307480902
ABW,L,3,Y1_nocap,1.4756172244560115
ABW,L,4,Y1_nocap,1.4838342907127906
ABW,L,5,Y1_nocap,1.4954713686953551
ABW,L,6,Y1_nocap,1.5084394331314979
ABW,L,7,Y1_nocap,1.5671926827861369
ABW,L,8,Y1_nocap,1.685994390033389
ABW,L,9,Y1_nocap,1.728341244451258
ABW,L,10,Y1_nocap,1.7136714056446476
ABW,L,0,Y2_nocap,0.0
ABW,L,1,Y2_nocap,0.2757386537076065
ABW,L,2,Y2_nocap,0.709227367984037
ABW,L,3,Y2_nocap,0.8724545173278622
ABW,L,4,Y2_nocap,0.8251802661816725
ABW,L,5,Y2_nocap,0.6989296378978931
ABW,L,6,Y2_nocap,0.5778991847577251
ABW,L,7,Y2_nocap,0.4983526830599471
ABW,L,8,Y2_nocap,0.46947960588162607
ABW,L,9,Y2_nocap,0.49721685928772624
ABW,L,10,Y2_nocap,0.5390856849743475
AGO,G,0,Z1,1.0
AGO,G,1,Z1,0.006737946999085479
AGO,G,2,Z1,4.539992976248501e-05
AGO,G,3,Z1,3.0590232050182743e-07
AGO,G,4,Z1,2.0611536224385723e-09
AGO,G,5,Z1,1.388794386496412e-11
AGO,G,6,Z1,9.357622968840275e-14
AGO,G,7,Z1,6.305116760147079e-16
AGO,G,8,Z1,4.24835425529165e-18
AGO,G,9,Z1,2.8625185805494346e-20
AGO,G,10,Z1,1.928749847963945e-22
AGO,G,0,Z2,0.0
AGO,G,1,Z2,0.48315747731066877
AGO,G,2,Z2,1.8675291830496752
AGO,G,3,Z2,3.045298574991381
AGO,G,4,Z2,3.487665249542187
AGO,G,5,Z2,3.291194421236108
AGO,G,6,Z2,2.7478054550650484
AGO,G,7,Z2,2.1082157586608097
AGO,G,8,Z2,1.5204761116080208
AGO,G,9,Z2,1.045986004582892
AGO,G,10,Z2,0.6932454859760434
AGO,G,0,Y1,1.000000000000003
AGO,G,1,Y1,0.7400097652595339
AGO,G,2,Y1,0.42930328117350336
AGO,G,3,Y1,0.3101190470411565
AGO,G,4,Y1,0.5292146735669272
AGO,G,5,Y1,0.4870721256143479
AGO,G,6,Y1,0.4727517220912247
AGO,G,7,Y1,0.47775478186415754
AGO,G,8,Y1,0.6634097158271542
AGO,G,9,Y1,0.49243794349047054
AGO,G,10,Y1,0.5832012110591672
AGO,G,0,Y2,0.0
AGO,G,1,Y2,0.48315747731067027
AGO,G,2,Y2,2.2218149449434064
AGO,G,3,Y2,4.619717091031953
AGO,G,4,Y2,6.661560248620073
AGO,G,5,Y2,7.969212176083679
AGO,G,6,Y2,8.794649098504676
AGO,G,7,Y2,9.326160517084213
AGO,G,8,Y2,9.66035154152158
AGO,G,9,Y2,9.955762291886666
AGO,G,10,Y2,10.344101558141286
AGO,G,0,Y1_nocap,1.000000000000003
AGO,G,1,Y1_nocap,0.6858909991440632
AGO,G,2,Y1_nocap,0.3392319525168019
AGO,G,3,Y1_nocap,0.2036311934130046
AGO,G,4,Y1_nocap,0.4140028451468385
AGO,G,5,Y1_nocap,0.35193939116310613
AGO,G,6,Y1_nocap,0.32148645171793155
AGO,G,7,Y1_nocap,0.3123529315753106
AGO,G,8,Y1_nocap,0.48467042035323693
AGO,G,9,Y1_nocap,0.29132320038202614
AGO,G,10,Y1_nocap,0.37065723535760925
AGO,G,0,Y2_nocap,0.0
AGO,G,1,Y2_nocap,0.48315747731067027
AGO,G,2,Y2_nocap,2.1956670584318894
AGO,G,3,Y2_nocap,4.475306263102333
AGO,G,4,Y2_nocap,6.278065429359579
AGO,G,5,Y2_nocap,7.254225848688867
AGO,G,6,Y2_nocap,7.70249091749732
AGO,G,7,Y2_nocap,7.840704228701374
AGO,G,8,Y2_nocap,7.782598255585044
AGO,G,9,Y2_nocap,7.697316087811536
AGO,G,10,Y2_nocap,7.717787028179612
AGO,L,0,Z1,1.0
AGO,L,1,Z1,0.8871462079655301
AGO,L,2,Z1,0.7870283943076197
AGO,L,3,Z1,0.6982092555712048
AGO,L,4,Z1,0.6194136934464302
AGO,L,5,Z1,0.5495105093029239
AGO,L,6,Z1,0.4874961645652961
AGO,L,7,Z1,0.43248037379184245
AGO,L,8,Z1,0.3836733236289481
AGO,L,9,Z1,0.340374334154953
AGO,L,10,Z1,0.3019617998343588
AGO,L,0,Z2,0.0
AGO,L,1,Z2,0.27914289244374535
AGO,L,2,Z2,0.623366035214883
AGO,L,3,Z2,0.5872776686586182
AGO,L,4,Z2,0.3885852138595227
AGO,L,5,Z2,0.2118570323390986
AGO,L,6,Z2,0.10219112892003013
AGO,L,7,Z2,0.045298116050594035
AGO,L,8,Z2,0.018874808553781378
AGO,L,9,Z2,0.0075018209937184445
AGO,L,10,Z2,0.0028725377376979115
AGO,L,0,Y1,1.00511673509676
AGO,L,1,Y1,1.3254326176595523
AGO,L,2,Y1,1.554894927625167
AGO,L,3,Y1,1.7070457952805331
AGO,L,4,Y1,1.8041845799959866
AGO,L,5,Y1,1.902930652150951
AGO,L,6,Y1,2.001499531959851
AGO,L,7,Y1,2.1445022497539936
AGO,L,8,Y1,2.34921849659839
AGO,L,9,Y1,2.4829950060256714
AGO,L,10,Y1,2.560206315686347
AGO,L,0,Y2,0.0
AGO,L,1,Y2,0.2805711926785234
AGO,L,2,Y2,0.7476330590690494
AGO,L,3,Y2,0.9664728277101751
AGO,L,4,Y2,0.9730403123725161
AGO,L,5,Y2,0.8892147640448987
AGO,L,6,Y2,0.7993471348711585
AGO,L,7,Y2,0.7435926420369605
AGO,L,8,Y2,0.7352211114094739
AGO,L,9,Y2,0.7839171414234418
AGO,L,10,Y2,0.8500186918743325
AGO,L,0,Y1_nocap,1.00511673509676
AGO,L,1,Y1_nocap,1.2710369401541055
AGO,L,2,Y1_nocap,1.4328852825449219
AGO,L,3,Y1_nocap,1.5101211713245155
AGO,L,4,Y1_nocap,1.5297805257770274
AGO,L,5,Y1_nocap,1.551653986867267
AGO,L,6,Y1_nocap,1.5738241646978148
AGO,L,7,Y1_nocap,1.6408758123247926
AGO,L,8,Y1_nocap,1.7676500383557776
AGO,L,9,Y1_nocap,1.8183043967448818
AGO,L,10,Y1_nocap,1.811444642301022
AGO,L,0,Y2_nocap,0.0
AGO,L,1,Y2_nocap,0.2805711926785234
AGO,L,2,Y2_nocap,0.7324488923137418
AGO,L,3,Y2_nocap,0.9119768606151303
AGO,L,4,Y2_nocap,0.8703644288039963
AGO,L,5,Y2_nocap,0.7416499246902731
AGO,L,6,Y2_nocap,0.6148271911277625
AGO,L,7,Y2_nocap,0.5297779801829793
AGO,L,8,Y2_nocap,0.4973461983678881
AGO,L,9,Y2_nocap,0.5242559782203183
AGO,L,10,Y2_nocap,0.5675847510930105
AIA,G,0,Z1,1.0
AIA,G,1,Z1,0.006737946999085479
AIA,G,2,Z1,4.539992976248501e-05
AIA,G,3,Z1,3.0590232050182743e-07
AIA,G,4,Z1,2.0611536224385723e-09
AIA,G,5,Z1,1.388794386496412e-11
AIA,G,6,Z1,9.357622968840275e-14
AIA,G,7,Z1,6.305116760147079e-16
AIA,G,8,Z1,4.24835425529165e-18
AIA,G,9,Z1,2.8625185805494346e-20
AIA,G,10,Z1,1.928749847963945e-22
AIA,G,0,Z2,0.0
AIA,G,1,Z2,0.4952759184992737
AIA,G,2,Z2,1.962385883562394
AIA,G,3,Z2,3.280238339393386
AIA,G,4,Z2,3.8509583560049574
AIA,G,5,Z2,3.7251697985797034
AIA,G,6,Z2,3.1881373520670455
AIA,G,7,Z2,2.507405674925781
AIA,G,8,Z2,1.8537350324605506
AIA,G,9,Z2,1.3072312966878041
AIA,G,10,Z2,0.8881209618080225
AIA,G,0,Y1,1.000000000000003
AIA,G,1,Y1,0.7258527682093853
AIA,G,2,Y1,0.40519504966015774
AIA,G,3,Y1,0.2808263291943265
AIA,G,4,Y1,0.49661540214887034
AIA,G,5,Y1,0.4481853049382762
AIA,G,6,Y1,0.42840517300402425
AIA,G,7,Y1,0.42835144086434684
AIA,G,8,Y1,0.6090637913533995
AIA,G,9,Y1,0.430701744123576
AIA,G,10,Y1,0.5167664385627698
AIA,G,0,Y2,0.0
AIA,G,1,Y2,0.49527591849927527
AIA,G,2,Y2,2.318546137143772
AIA,G,3,Y2,4.889680189185052
AIA,G,4,Y2,7.133112179418134
AIA,G,5,Y2,8.598300958746309
AIA,G,6,Y2,9.511894920264456
AIA,G,7,Y2,10.06861982288347
AIA,G,8,Y2,10.378857574691658
AIA,G,9,Y2,10.617115209039708
AIA,G,10,Y2,10.936480511897624
AIA,G,0,Y1_nocap,1.000000000000003
AIA,G,1,Y1_nocap,0.6858909991440632
AIA,G,2,Y1_nocap,0.3392319525168019
AIA,G,3,Y1_nocap,0.2036311934130046
AIA,G,4,Y1_nocap,0.4140028451468385
AIA,G,5,Y1_nocap,0.35193939116310613
AIA,G,6,Y1_nocap,0.32148645171793155
AIA,G,7,Y1_nocap,0.3123529315753106
AIA,G,8,Y1_nocap,0.48467042035323693
AIA,G,9,Y1_nocap,0.29132320038202614
AIA,G,10,Y1_nocap,0.37065723535760925
AIA,G,0,Y2_nocap,0.0
AIA,G,1,Y2_nocap,0.49527591849927527
AIA,G,2,Y2_nocap,2.298754035265089
AIA,G,3,Y2_nocap,4.77872320229781
AIA,G,4,Y2_nocap,6.835098630828993
AIA,G,5,Y2_nocap,8.037645558212262
AIA,G,6,Y2_nocap,8.649796192045697
AIA,G,7,Y2_nocap,8.891236777212864
AIA,G,8,Y2_nocap,8.887651151143022
AIA,G,9,Y2_nocap,8.823286550507657
AIA,G,10,Y2_nocap,8.853264914065411
AIA,L,0,Z1,1.0
AIA,L,1,Z1,0.8848857291899442
AIA,L,2,Z1,0.7830227537240193
AIA,L,3,Z1,0.692885660401397
AIA,L,4,Z1,0.6131246328495462
AIA,L,5,Z1,0.5425452378233876
AIA,L,6,Z1,0.4800905383898801
AIA,L,7,Z1,0.42482526614032196
AIA,L,8,Z1,0.3759218154068909
AIA,L,9,Z1,0.3326478497447343
AIA,L,10,Z1,0.2943553350848362
AIA,L,0,Z2,0.0
AIA,L,1,Z2,0.27402322760114095
AIA,L,2,Z2,0.6007098341195737
AIA,L,3,Z2,0.5555535106405215
AIA,L,4,Z2,0.36085230480796565
AIA,L,5,Z2,0.1931287368179482
AIA,L,6,Z2,0.0914488009437061
AIA,L,7,Z2,0.03979291568996789
AIA,L,8,Z2,0.01627679823565262
AIA,L,9,Z2,0.006350587801017775
AIA,L,10,Z2,0.002387117375033363
AIA,L,0,Y1,1.00511673509676
AIA,L,1,Y1,1.3089311379590602
AIA,L,2,Y1,1.5174546684135457
AIA,L,3,Y1,1.6459272399156375
AIA,L,4,Y1,1.7180366480389275
AIA,L,5,Y1,1.791354738970488
AIA,L,6,Y1,1.864073112116948
AIA,L,7,Y1,1.9808107222665567
AIA,L,8,Y1,2.1581235908294962
AIA,L,9,Y1,2.2623882067034553
AIA,L,10,Y1,2.30923533045445
AIA,L,0,Y2,0.0
AIA,L,1,Y2,0.2754253318671352
AIA,L,2,Y2,0.7187410967153259
AIA,L,3,Y2,0.9088337222512977
AIA,L,4,Y2,0.8946093294121257
AIA,L,5,Y2,0.7988416707363724
AIA,L,6,Y2,0.7023914436320968
AIA,L,7,Y2,0.6417261369462551
AIA,L,8,Y2,0.6277900367263577
AIA,L,9,Y2,0.6686265285585159
AIA,L,10,Y2,0.7241011028683625
AIA,L,0,Y1_nocap,1.00511673509676
AIA,L,1,Y1_nocap,1.268764895107433
AIA,L,2,Y1_nocap,1.4280016302808405
AIA,L,3,Y1_nocap,1.5025606903606616
AIA,L,4,Y1_nocap,1.519676767209959
AIA,L,5,Y1_nocap,1.5392552786902636
AIA,L,6,Y1_nocap,1.5593452438672275
AIA,L,7,Y1_nocap,1.6245060257869308
AIA,L,8,Y1_nocap,1.7494554829114057
AIA,L,9,Y1_nocap,1.798208558888835
AIA,L,10,Y1_nocap,1.7895518836696946
AIA,L,0,Y2_nocap,0.0
AIA,L,1,Y2_nocap,0.2754253318671352
AIA,L,2,Y2_nocap,0.7077346132085118
AIA,L,3,Y2_nocap,0.8699327351265826
AIA,L,4,Y2_nocap,0.8223150032317674
AIA,L,5,Y2_nocap,0.6962335392756994
AIA,L,6,Y2_nocap,0.5755760800062678
AIA,L,7,Y2_nocap,0.4963781907357673
AIA,L,8,Y2_nocap,0.4677274082603193
AIA,L,9,Y2_nocap,0.49551263913293075
AIA,L,10,Y2_nocap,0.5372854786698078
ALB,G,0,Z1,1.0
ALB,G,1,Z1,0.951229424500714
ALB,G,2,Z1,0.9048374180359595
ALB,G,3,Z1,0.8607079764250578
ALB,G,4,Z1,0.8187307530779818
ALB,G,5,Z1,0.7788007830714049
ALB,G,6,Z1,0.7408182206817179
ALB,G,7,Z1,0.7046880897187134
ALB,G,8,Z1,0.6703200460356393
ALB,G,9,Z1,0.6376281516217733
ALB,G,10,Z1,0.6065306597126334
ALB,G,0,Z2,0.0
ALB,G,1,Z2,0.4432607219996423
ALB,G,2,Z2,1.5718405413411531
ALB,G,3,Z2,2.35148120962826
ALB,G,4,Z2,2.470682687403649
ALB,G,5,Z2,2.138977718458122
ALB,G,6,Z2,1.6383596679214176
ALB,G,7,Z2,1.153211239949972
ALB,G,8,Z2,0.7630341177295148
ALB,G,9,Z2,0.481571496716251
ALB,G,10,Z2,0.29281444352386
ALB,G,0,Y1,1.000000000000003
ALB,G,1,Y1,1.6428167718167426
ALB,G,2,Y1,1.9174807975801214
ALB,G,3,Y1,2.048502073855358
ALB,G,4,Y1,2.3856084410000804
ALB,G,5,Y1,2.646542546454385
ALB,G,6,Y1,2.867463773658613
ALB,G,7,Y1,3.0709008815885595
ALB,G,8,Y1,3.4387772371148455
ALB,G,9,Y1,3.598216862304986
ALB,G,10,Y1,3.831884507997194
ALB,G,0,Y2,0.0
ALB,G,1,Y2,0.44326072199964367
ALB,G,2,Y2,1.878394048238277
ALB,G,3,Y2,3.59580855961866
ALB,G,4,Y2,4.754131853843518
ALB,G,5,Y2,5.228589704078455
ALB,G,6,Y2,5.376356659340104
ALB,G,7,Y2,5.375712753965399
ALB,G,8,Y2,5.2913192199348185
ALB,G,9,Y2,5.2452436453611595
ALB,G,10,Y2,5.309121232396018
ALB,G,0,Y1_nocap,1.000000000000003
ALB,G,1,Y1_nocap,1.6303824766456947
ALB,G,2,Y1_nocap,1.8854782402931523
ALB,G,3,Y1_nocap,1.9948678479192243
ALB,G,4,Y1_nocap,2.310207783889443
ALB,G,5,Y1_nocap,2.5466874826812607
ALB,G,6,Y1_nocap,2.7415991712874517
ALB,G,7,Y1_nocap,2.9180765748181083
ALB,G,8,Y1_nocap,3.2583261037685176
ALB,G,9,Y1_nocap,3.387473181301042
ALB,G,10,Y1_nocap,3.5909584798344243
ALB,G,0,Y2_nocap,0.0
ALB,G,1,Y2_nocap,0.44326072199964367
ALB,G,2,Y2_nocap,1.8728824135832016
ALB,G,3,Y2_nocap,3.5673211827779534
ALB,G,4,Y2_nocap,4.682901144059411
ALB,G,5,Y2_nocap,5.103165593201586
ALB,G,6,Y2_nocap,5.194583476547411
ALB,G,7,Y2_nocap,5.139645921067409
ALB,G,8,Y2_nocap,5.004717547142029
ALB,G,9,Y2_nocap,4.912647638145787
ALB,G,10,Y2_nocap,4.9342812647061285
ALB,L,0,Z1,1.0
ALB,L,1,Z1,0.8173675542174444
ALB,L,2,Z1,0.668089718687407
ALB,L,3,Z1,0.5460748593613464
ALB,L,4,Z1,0.4463438722158186
ALB,L,5,Z1,0.3648269991729872
ALB,L,6,Z1,0.29819775202651416
ALB,L,7,Z1,0.2437371672470519
ALB,L,8,Z1,0.199222852264611
ALB,L,9,Z1,0.16283829549974835
ALB,L,10,Z1,0.13309873932556682
ALB,L,0,Z2,0.0
ALB,L,1,Z2,0.7408181286115932
ALB,L,2,Z2,4.390491997436665
ALB,L,3,Z2,10.97737672013507
ALB,L,4,Z2,19.276419979555392
ALB,L,5,Z2,27.891252686690144
ALB,L,6,Z2,35.704533231337294
ALB,L,7,Z2,42.00251834975315
ALB,L,8,Z2,46.447545903525295
ALB,L,9,Z2,48.99276398712138
ALB,L,10,Z2,49.78700649169921
ALB,L,0,Y1,1.00511673509676
ALB,L,1,Y1,1.2133991656849352
ALB,L,2,Y1,1.3135896761509833
ALB,L,3,Y1,1.3319958516655535
ALB,L,4,Y1,1.300054195639222
ALB,L,5,Y1,1.2795390691277597
ALB,L,6,Y1,1.2666854905155873
ALB,L,7,Y1,1.304681710670863
ALB,L,8,Y1,1.4046728563602902
ALB,L,9,Y1,1.426977646224623
ALB,L,10,Y1,1.3948955792214162
ALB,L,0,Y2,0.0
ALB,L,1,Y2,0.7446086987305762
ALB,L,2,Y2,4.70324609018313
ALB,L,3,Y2,12.992349251472204
ALB,L,4,Y2,25.28073652407008
ALB,L,5,Y2,40.41056161812786
ALB,L,6,Y2,56.943560635919766
ALB,L,7,Y2,73.5985907132265
ALB,L,8,Y2,89.4618958766848
ALB,L,9,Y2,104.11573341005186
ALB,L,10,Y2,117.53635436105829
ALB,L,0,Y1_nocap,1.00511673509676
ALB,L,1,Y1_nocap,1.2009012475193823
ALB,L,2,Y1_nocap,1.286867396444692
ALB,L,3,Y1_nocap,1.2907860828993392
ALB,L,4,Y1_nocap,1.2451289186653671
ALB,L,5,Y1_nocap,1.2122429733395848
ALB,L,6,Y1_nocap,1.1881282884097817
ALB,L,7,Y1_nocap,1.2158011858026696
ALB,L,8,Y1_nocap,1.3057097253636758
ALB,L,9,Y1_nocap,1.3173851329458681
ALB,L,10,Y1_nocap,1.2751306558801365
ALB,L,0,Y2_nocap,0.0
ALB,L,1,Y2_nocap,0.7446086987305762
ALB,L,2,Y2_nocap,4.693987405836184
ALB,L,3,Y2_nocap,12.92524864071741
ALB,L,4,Y2_nocap,25.056720763087654
ALB,L,5,Y2_nocap,39.88767354423216
ALB,L,6,Y2_nocap,55.95431872925529
ALB,L,7,Y2_nocap,71.96963621044787
ALB,L,8,Y2_nocap,87.03032890093843
ALB,L,9,Y2_nocap,100.73975234437458
ALB,L,10,Y2_nocap,113.09899263974495
ARE,G,0,Z1,1.0
ARE,G,1,Z1,0.9034022250599607
ARE,G,2,Z1,0.8161355802432879
ARE,G,3,Z1,0.7372986991423883
ARE,G,4,Z1,0.6660772853390482
ARE,G,5,Z1,0.6017357016371945
ARE,G,6,Z1,0.5436093717570581
ARE,G,7,Z1,0.49109791600877367
ARE,G,8,Z1,0.44365895004463585
ARE,G,9,Z1,0.40080248263809
ARE,G,10,Z1,0.36208585462480675
ARE,G,0,Z2,0.0
ARE,G,1,Z2,0.12778946698487328
ARE,G,2,Z2,0.1306411829782242
ARE,G,3,Z2,0.056344164094329456
ARE,G,4,Z2,0.01706711868994985
ARE,G,5,Z2,0.00425976171944582
ARE,G,6,Z2,0.0009406414303670293
ARE,G,7,Z2,0.00019087960641017856
ARE,G,8,Z2,3.641081754710444e-05
ARE,G,9,Z2,6.624956888315572e-06
ARE,G,10,Z2,1.1613164740131843e-06
ARE,G,0,Y1,1.000000000000003
ARE,G,1,Y1,1.638532241698649
ARE,G,2,Y1,1.9076706351571895
ARE,G,3,Y1,2.034307734873969
ARE,G,4,Y1,2.3689438376391796
ARE,G,5,Y1,2.628357789926373
ARE,G,6,Y1,2.8492719568868914
ARE,G,7,Y1,3.0544785192826387
ARE,G,8,Y1,3.425993517398292
ARE,G,9,Y1,3.5902221596944024
ARE,G,10,Y1,3.8309547499360166
ARE,G,0,Y2,0.0
ARE,G,1,Y2,0.12778946698487367
ARE,G,2,Y2,0.22458305596906325
ARE,G,3,Y2,0.20700180488733685
ARE,G,4,Y2,0.15405717622775628
ARE,G,5,Y2,0.14938174241238944
ARE,G,6,Y2,0.16066761502714647
ARE,G,7,Y2,0.16239723433341086
ARE,G,8,Y2,0.1619028813549882
ARE,G,9,Y2,0.1857015957641645
ARE,G,10,Y2,0.18819333146829564
ARE,G,0,Y1_nocap,1.000000000000003
ARE,G,1,Y1_nocap,1.5825552772049412
ARE,G,2,Y1_nocap,1.764294414024746
ARE,G,3,Y1_nocap,1.7952129657873654
ARE,G,4,Y1_nocap,2.034430176707058
ARE,G,5,Y1_nocap,2.1870586103013214
ARE,G,6,Y1_nocap,2.2949087176361433
ARE,G,7,Y1_nocap,2.383412414724704
ARE,G,8,Y1_nocap,2.635745881553105
ARE,G,9,Y1_nocap,2.6691962108653646
ARE,G,10,Y1_nocap,2.780052111091217
ARE,G,0,Y2_nocap,0.0
ARE,G,1,Y2_nocap,0.12778946698487367
ARE,G,2,Y2_nocap,0.21742978951298114
ARE,G,3,Y2_nocap,0.18782921398239988
ARE,G,4,Y2_nocap,0.1247771652681359
ARE,G,5,Y2_nocap,0.11373817238406449
ARE,G,6,Y2_nocap,0.11941339912053604
ARE,G,7,Y2_nocap,0.11533370365867708
ARE,G,8,Y2_nocap,0.1093816321222778
ARE,G,9,Y2_nocap,0.12817157605039176
ARE,G,10,Y2_nocap,0.12470898333818156
ARE,L,0,Z1,1.0
ARE,L,1,Z1,0.951229424500714
ARE,L,2,Z1,0.9048374180359595
ARE,L,3,Z1,0.8607079764250578
ARE,L,4,Z1,0.8187307530779818
ARE,L,5,Z1,0.7788007830714049
ARE,L,6,Z1,0.7408182206817179
ARE,L,7,Z1,0.7046880897187134
ARE,L,8,Z1,0.6703200460356393
ARE,L,9,Z1,0.6376281516217733
ARE,L,10,Z1,0.6065306597126334
ARE,L,0,Z2,0.0
ARE,L,1,Z2,0.7408182206817167
ARE,L,2,Z2,4.390493088752196
ARE,L,3,Z2,10.977380812996119
ARE,L,4,Z2,19.2764295623808
ARE,L,5,Z2,27.891270018553495
ARE,L,6,Z2,35.70455985586233
ARE,L,7,Z2,42.00255489077229
ARE,L,8,Z2,46.44759208417857
ARE,L,9,Z2,48.99281878727683
ARE,L,10,Z2,49.78706836786311
ARE,L,0,Y1,1.00511673509676
ARE,L,1,Y1,1.391711437324991
ARE,L,2,Y1,1.705431416932
ARE,L,3,Y1,1.952974448199236
ARE,L,4,Y1,2.1510130213839798
ARE,L,5,Y1,2.3522769419725136
ARE,L,6,Y1,2.5550102556038174
ARE,L,7,Y1,2.803733601557899
ARE,L,8,Y1,3.1185823796375938
ARE,L,9,Y1,3.3707631408518957
ARE,L,10,Y1,3.5695799006223146
ARE,L,0,Y2,0.0
ARE,L,1,Y2,0.7446087912717981
ARE,L,2,Y2,4.735669477533346
ARE,L,3,Y2,13.228805229690606
ARE,L,4,Y2,26.07736182635663
ARE,L,5,Y2,42.28927586234092
ARE,L,6,Y2,60.53778574513335
ARE,L,7,Y2,79.58805243639738
ARE,L,8,Y2,98.51580924155878
ARE,L,9,Y2,116.85332298829621
ARE,L,10,Y2,134.50989616397288
ARE,L,0,Y1_nocap,1.00511673509676
ARE,L,1,Y1_nocap,1.3354480535324482
ARE,L,2,Y1_nocap,1.575607164315366
ARE,L,3,Y1_nocap,1.7377063226160785
ARE,L,4,Y1_nocap,1.843039640281363
ARE,L,5,Y1_nocap,1.947668530761506
ARE,L,6,Y1_nocap,2.0499598298083415
ARE,L,7,Y1_nocap,2.194645781766778
ARE,L,8,Y1_nocap,2.3995649276824107
ARE,L,9,Y1_nocap,2.5326771334188667
ARE,L,10,Y1_nocap,2.6074998038698958
ARE,L,0,Y2_nocap,0.0
ARE,L,1,Y2_nocap,0.7446087912717981
ARE,L,2,Y2_nocap,4.693988537662622
ARE,L,3,Y2_nocap,12.925253196620723
ARE,L,4,Y2_nocap,25.056732302745402
ARE,L,5,Y2_nocap,39.887696127807395
ARE,L,6,Y2_nocap,55.95435619372289
ARE,L,7,Y2_nocap,71.96969162789333
ARE,L,8,Y2_nocap,87.03040430475342
ARE,L,9,Y2_nocap,100.73984872260017
ARE,L,10,Y2_nocap,113.09911013821059
ARG,G,0,Z1,1.0
ARG,G,1,Z1,0.006737946999085479
ARG,G,2,Z1,4.539992976248501e-05
ARG,G,3,Z1,3.0590232050182743e-07
ARG,G,4,Z1,2.0611536224385723e-09
ARG,G,5,Z1,1.388794386496412e-11
ARG,G,6,Z1,9.357622968840275e-14
ARG,G,7,Z1,6.305116760147079e-16
ARG,G,8,Z1,4.24835425529165e-18
ARG,G,9,Z1,2.8625185805494346e-20
ARG,G,10,Z1,1.928749847963945e-22
ARG,G,0,Z2,0.0
ARG,G,1,Z2,0.4825924662996949
ARG,G,2,Z2,1.863163908233777
ARG,G,3,Z2,3.0346274213835196
ARG,G,4,Z2,3.471379748944962
ARG,G,5,Z2,3.271995536144852
ARG,G,6,Z2,2.728581803440827
ARG,G,7,Z2,2.0910185488605615
ARG,G,8,Z2,1.5063096701731484
ARG,G,9,Z2,1.035028645276203
ARG,G,10,Z2,0.6851811064673178
ARG,G,0,Y1,1.000000000000003
ARG,G,1,Y1,0.720930030901774
ARG,G,2,Y1,0.39725542897095495
ARG,G,3,Y1,0.27180472819177315
ARG,G,4,Y1,0.487271387494149
ARG,G,5,Y1,0.4375216965032442
ARG,G,6,Y1,0.4168393983300085
ARG,G,7,Y1,0.41611710021275883
ARG,G,8,Y1,0.5962740829891717
ARG,G,9,Y1,0.4165696051053823
ARG,G,10,Y1,0.5023634358865313
ARG,G,0,Y2,0.0
ARG,G,1,Y2,0.4825924662996964
ARG,G,2,Y2,2.2078276274161
ARG,G,3,Y2,4.554652577338892
ARG,G,4,Y2,6.499667290846235
ARG,G,5,Y2,7.677708053175752
ARG,G,6,Y2,8.358294844202696
ARG,G,7,Y2,8.73984752082705
ARG,G,8,Y2,8.92447953651688
ARG,G,9,Y2,9.073908170314645
ARG,G,10,Y2,9.319442180120742
ARG,G,0,Y1_nocap,1.000000000000003
ARG,G,1,Y1_nocap,0.6858909991440632
ARG,G,2,Y1_nocap,0.3392319525168019
ARG,G,3,Y1_nocap,0.2036311934130046
ARG,G,4,Y1_nocap,0.4140028451468385
ARG,G,5,Y1_nocap,0.35193939116310613
ARG,G,6,Y1_nocap,0.32148645171793155
ARG,G,7,Y1_nocap,0.3123529315753106
ARG,G,8,Y1_nocap,0.48467042035323693
ARG,G,9,Y1_nocap,0.29132320038202614
ARG,G,10,Y1_nocap,0.37065723535760925
ARG,G,0,Y2_nocap,0.0
ARG,G,1,Y2_nocap,0.4825924662996964
ARG,G,2,Y2_nocap,2.190918054663393
ARG,G,3,Y2_nocap,4.461481361188161
ARG,G,4,Y2_nocap,6.252958153220352
ARG,G,5,Y2_nocap,7.219283867360387
ARG,G,6,Y2_nocap,7.660631876986672
ARG,G,7,Y2_nocap,7.794640372651903
ARG,G,8,Y2_nocap,7.7344402184957435
ARG,G,9,Y2_nocap,7.648472422093256
ARG,G,10,Y2_nocap,7.668666258478362
ARG,L,0,Z1,1.0
ARG,L,1,Z1,0.951229424500714
ARG,L,2,Z1,0.9048374180359595
ARG,L,3,Z1,0.8607079764250578
ARG,L,4,Z1,0.8187307530779818
ARG,L,5,Z1,0.7788007830714049
ARG,L,6,Z1,0.7408182206817179
ARG,L,7,Z1,0.7046880897187134
ARG,L,8,Z1,0.6703200460356393
ARG,L,9,Z1,0.6376281516217733
ARG,L,10,Z1,0.6065306597126334
ARG,L,0,Z2,0.0
ARG,L,1,Z2,0.35652945456225477
ARG,L,2,Z2,1.0169060157636711
ARG,L,3,Z2,1.2236296966018783
ARG,L,4,Z2,1.0340978448963438
ARG,L,5,Z2,0.7200905089939389
ARG,L,6,Z2,0.44363544723140874
ARG,L,7,Z2,0.2511666790781592
ARG,L,8,Z2,0.13366979410240787
ARG,L,9,Z2,0.06785568846220097
ARG,L,10,Z2,0.0331859418331616
ARG,L,0,Y1,1.00511673509676
ARG,L,1,Y1,1.3706663707337101
ARG,L,2,Y1,1.6565644115130782
ARG,L,3,Y1,1.8714487457939948
ARG,L,4,Y1,2.033667487636485
ARG,L,5,Y1,2.197170334124163
ARG,L,6,Y1,2.3602399335191486
ARG,L,7,Y1,2.5674696374182977
ARG,L,8,Y1,2.838130624891076
ARG,L,9,Y1,3.042197574614833
ARG,L,10,Y1,3.1905158543655303
ARG,L,0,Y2,0.0
ARG,L,1,Y2,0.3583537213354422
ARG,L,2,Y2,1.1699155838955486
ARG,L,3,Y2,1.7772335861638686
ARG,L,4,Y2,2.0107958571858053
ARG,L,5,Y2,1.9751628952915907
ARG,L,6,Y2,1.8224363035910431
ARG,L,7,Y2,1.6697858680529896
ARG,L,8,Y2,1.5811672488915955
ARG,L,9,Y2,1.5971569979214586
ARG,L,10,Y2,1.6830592715938537
ARG,L,0,Y1_nocap,1.00511673509676
ARG,L,1,Y1_nocap,1.3354480535324482
ARG,L,2,Y1_nocap,1.575607164315366
ARG,L,3,Y1_nocap,1.7377063226160785
ARG,L,4,Y1_nocap,1.843039640281363
ARG,L,5,Y1_nocap,1.947668530761506
ARG,L,6,Y1_nocap,2.0499598298083415
ARG,L,7,Y1_nocap,2.194645781766778
ARG,L,8,Y1_nocap,2.3995649276824107
ARG,L,9,Y1_nocap,2.5326771334188667
ARG,L,10,Y1_nocap,2.6074998038698958
ARG,L,0,Y2_nocap,0.0
ARG,L,1,Y2_nocap,0.3583537213354422
ARG,L,2,Y2_nocap,1.1573592164731823
ARG,L,3,Y2_nocap,1.7245002105075673
ARG,L,4,Y2_nocap,1.8992156631674078
ARG,L,5,Y2_nocap,1.8003749612226185
ARG,L,6,Y2_nocap,1.589795347267589
ARG,L,7,Y2_nocap,1.388401595398754
ARG,L,8,Y2_nocap,1.2595549022840764
ARG,L,9,Y2_nocap,1.2410350300016373
ARG,L,10,Y2_nocap,1.2941092704238142
ARM,G,0,Z1,1.0
ARM,G,1,Z1,0.951229424500714
ARM,G,2,Z1,0.9048374180359595
ARM,G,3,Z1,0.8607079764250578
ARM,G,4,Z1,0.8187307530779818
ARM,G,5,Z1,0.7788007830714049
ARM,G,6,Z1,0.7408182206817179
ARM,G,7,Z1,0.7046880897187134
ARM,G,8,Z1,0.6703200460356393
ARM,G,9,Z1,0.6376281516217733
ARM,G,10,Z1,0.6065306597126334
ARM,G,0,Z2,0.0
ARM,G,1,Z2,0.4082854495873419
ARM,G,2,Z2,1.3335760667579033
ARM,G,3,Z2,1.8376190009161975
ARM,G,4,Z2,1.7784251258294794
ARM,G,5,Z2,1.4181740274545196
ARM,G,6,Z2,1.0005462496379982
ARM,G,7,Z2,0.6486963289382772
ARM,G,8,Z2,0.3953494910227
ARM,G,9,Z2,0.2298278499537781
ARM,G,10,Z2,0.12871792461738063
ARM,G,0,Y1,1.000000000000003
ARM,G,1,Y1,1.651954768237413
ARM,G,2,Y1,1.9414390491026519
ARM,G,3,Y1,2.0894726763274845
ARM,G,4,Y1,2.444414543517964
ARM,G,5,Y1,2.725862155929858
ARM,G,6,Y1,2.9692118850315623
ARM,G,7,Y1,3.196574854359301
ARM,G,8,Y1,3.5896710167865784
ARM,G,9,Y1,3.7770875946901774
ARM,G,10,Y1,4.039514573783209
ARM,G,0,Y2,0.0
ARM,G,1,Y2,0.4082854495873432
ARM,G,2,Y2,1.619672028762689
ARM,G,3,Y2,2.9231760143874146
ARM,G,4,Y2,3.658681101035176
ARM,G,5,Y2,3.8545821804941327
ARM,G,6,Y2,3.871254072003719
ARM,G,7,Y2,3.8337175506999035
ARM,G,8,Y2,3.76687811397813
ARM,G,9,Y2,3.7621471803636073
ARM,G,10,Y2,3.8520641286801443
ARM,G,0,Y1_nocap,1.000000000000003
ARM,G,1,Y1_nocap,1.6303824766456947
ARM,G,2,Y1_nocap,1.8854782402931523
ARM,G,3,Y1_nocap,1.9948678479192243
ARM,G,4,Y1_nocap,2.310207783889443
ARM,G,5,Y1_nocap,2.5466874826812607
ARM,G,6,Y1_nocap,2.7415991712874517
ARM,G,7,Y1_nocap,2.9180765748181083
ARM,G,8,Y1_nocap,3.2583261037685176
ARM,G,9,Y1_nocap,3.387473181301042
ARM,G,10,Y1_nocap,3.5909584798344243
ARM,G,0,Y2_nocap,0.0
ARM,G,1,Y2_nocap,0.4082854495873432
ARM,G,2,Y2_nocap,1.610864375991535
ARM,G,3,Y2_nocap,2.8799378371082254
ARM,G,4,Y2_nocap,3.5548845981905175
ARM,G,5,Y2_nocap,3.677864052722849
ARM,G,6,Y2_nocap,3.6216067178562836
ARM,G,7,Y2_nocap,3.515000192766263
ARM,G,8,Y2_nocap,3.383896122861837
ARM,G,9,Y2_nocap,3.3200600724342655
ARM,G,10,Y2_nocap,3.354393125365016
ARM,L,0,Z1,1.0
ARM,L,1,Z1,0.951229424500714
ARM,L,2,Z1,0.9048374180359595
ARM,L,3,Z1,0.8607079764250578
ARM,L,4,Z1,0.8187307530779818
ARM,L,5,Z1,0.7788007830714049
ARM,L,6,Z1,0.7408182206817179
ARM,L,7,Z1,0.7046880897187134
ARM,L,8,Z1,0.6703200460356393
ARM,L,9,Z1,0.6376281516217733
ARM,L,10,Z1,0.6065306597126334
ARM,L,0,Z2,0.0
ARM,L,1,Z2,0.7408182206813347
ARM,L,2,Z2,4.39049308874767
ARM,L,3,Z2,10.977380812979144
ARM,L,4,Z2,19.276429562341058
ARM,L,5,Z2,27.891270018481606
ARM,L,6,Z2,35.7045598557519
ARM,L,7,Z2,42.002554890620736
ARM,L,8,Z2,46.447592083987026
ARM,L,9,Z2,48.992818787049536
ARM,L,10,Z2,49.78706836760645
ARM,L,0,Y1,1.00511673509676
ARM,L,1,Y1,1.3571307248256712
ARM,L,2,Y1,1.6253119372523992
ARM,L,3,Y1,1.819597433534544
ARM,L,4,Y1,1.9594463292072015
ARM,L,5,Y1,2.099610971590507
ARM,L,6,Y1,2.2384059919071038
ARM,L,7,Y1,2.4204780926791427
ARM,L,8,Y1,2.6645483533128482
ARM,L,9,Y1,2.83981198076752
ARM,L,10,Y1,2.9581284988063667
ARM,L,0,Y2,0.0
ARM,L,1,Y2,0.7446087912714142
ARM,L,2,Y2,4.710051455624992
ARM,L,3,Y2,13.04199349629328
ARM,L,4,Y2,25.448064994352972
ARM,L,5,Y2,40.80536374301206
ARM,L,6,Y2,57.69920297745314
ARM,L,7,Y2,74.85830502421004
ARM,L,8,Y2,91.36677985787084
ARM,L,9,Y2,106.79636065739673
ARM,L,10,Y2,121.10910192114642
ARM,L,0,Y1_nocap,1.00511673509676
ARM,L,1,Y1_nocap,1.3354480535324482
ARM,L,2,Y1_nocap,1.575607164315366
ARM,L,3,Y1_nocap,1.7377063226160785
ARM,L,4,Y1_nocap,1.843039640281363
ARM,L,5,Y1_nocap,1.947668530761506
ARM,L,6,Y1_nocap,2.0499598298083415
ARM,L,7,Y1_nocap,2.194645781766778
ARM,L,8,Y1_nocap,2.3995649276824107
ARM,L,9,Y1_nocap,2.5326771334188667
ARM,L,10,Y1_nocap,2.6074998038698958
ARM,L,0,Y2_nocap,0.0
ARM,L,1,Y2_nocap,0.7446087912714142
ARM,L,2,Y2_nocap,4.693988537657928
ARM,L,3,Y2_nocap,12.925253196601826
ARM,L,4,Y2_nocap,25.056732302697544
ARM,L,5,Y2_nocap,39.887696127713724
ARM,L,6,Y2_nocap,55.954356193567506
ARM,L,7,Y2_nocap,71.96969162766348
ARM,L,8,Y2_nocap,87.03040430444068
ARM,L,9,Y2_nocap,100.73984872220042
ARM,L,10,Y2_nocap,113.09911013772324
ATG,G,0,Z1,1.0
ATG,G,1,Z1,0.006737946999085479
ATG,G,2,Z1,4.539992976248501e-05
ATG,G,3,Z1,3.0590232050182743e-07
ATG,G,4,Z1,2.0611536224385723e-09
ATG,G,5,Z1,1.388794386496412e-11
ATG,G,6,Z1,9.357622968840275e-14
ATG,G,7,Z1,6.305116760147079e-16
ATG,G,8,Z1,4.24835425529165e-18
ATG,G,9,Z1,2.8625185805494346e-20
ATG,G,10,Z1,1.928749847963945e-22
ATG,G,0,Z2,0.0
ATG,G,1,Z2,0.49634460891181514
ATG,G,2,Z2,1.970863766366582
ATG,G,3,Z2,3.3015181680079473
ATG,G,4,Z2,3.884303985576669
ATG,G,5,Z2,3.765533872296204
ATG,G,6,Z2,3.2296362114626826
ATG,G,7,Z2,2.5455245145875804
ATG,G,8,Z2,1.8859771815458493
ATG,G,9,Z2,1.3328378285250506
ATG,G,10,Z2,0.907471701978243
ATG,G,0,Y1,1.000000000000003
ATG,G,1,Y1,0.7321807017145415
ATG,G,2,Y1,0.41538200738655584
ATG,G,3,Y1,0.2923760907648835
ATG,G,4,Y1,0.5085516011920902
ATG,G,5,Y1,0.46179315960853623
ATG,G,6,Y1,0.4431476517758477
ATG,G,7,Y1,0.4439299793350067
ATG,G,8,Y1,0.6253358074538669
ATG,G,9,Y1,0.4486825068766547
ATG,G,10,Y1,0.5350791050244936
ATG,G,0,Y2,0.0
ATG,G,1,Y2,0.4963446089118167
ATG,G,2,Y2,2.330933366743741
ATG,G,3,Y2,4.934990963961389
ATG,G,4,Y2,7.232034834936451
ATG,G,5,Y2,8.760633993506787
ATG,G,6,Y2,9.737578340274817
ATG,G,7,Y2,10.353080918600728
ATG,G,8,Y2,10.715756081689644
ATG,G,9,Y2,10.999753076753606
ATG,G,10,Y2,11.359846258905728
ATG,G,0,Y1_nocap,1.000000000000003
ATG,G,1,Y1_nocap,0.6858909991440632
ATG,G,2,Y1_nocap,0.3392319525168019
ATG,G,3,Y1_nocap,0.2036311934130046
ATG,G,4,Y1_nocap,0.4140028451468385
ATG,G,5,Y1_nocap,0.35193939116310613
ATG,G,6,Y1_nocap,0.32148645171793155
ATG,G,7,Y1_nocap,0.3123529315753106
ATG,G,8,Y1_nocap,0.48467042035323693
ATG,G,9,Y1_nocap,0.29132320038202614
ATG,G,10,Y1_nocap,0.37065723535760925
ATG,G,0,Y2_nocap,0.0
ATG,G,1,Y2_nocap,0.4963446089118167
ATG,G,2,Y2_nocap,2.307957722424753
ATG,G,3,Y2_nocap,4.806118405880097
ATG,G,4,Y2_nocap,6.885948485148297
ATG,G,5,Y2_nocap,8.109924829006072
ATG,G,6,Y2_nocap,8.73802219719628
ATG,G,7,Y2_nocap,8.989841725651745
ATG,G,8,Y2_nocap,8.992021098752282
ATG,G,9,Y2_nocap,8.930135242597622
ATG,G,10,Y2_nocap,8.961327638087527
ATG,L,0,Z1,1.0
ATG,L,1,Z1,0.9055615654500868
ATG,L,2,Z1,0.8200417488204118
ATG,L,3,Z1,0.742598289796239
ATG,L,4,Z1,0.6724684698084394
ATG,L,5,Z1,0.6089616002355549
ATG,L,6,Z1,0.551452220008299
ATG,L,7,Z1,0.49937393562164095
ATG,L,8,Z1,0.45221384288650407
ATG,L,9,Z1,0.4095074754825022
ATG,L,10,Z1,0.37083423056144776
ATG,L,0,Z2,0.0
ATG,L,1,Z2,0.27438705905626287
ATG,L,2,Z2,0.6023060654203606
ATG,L,3,Z2,0.557769341055741
ATG,L,4,Z2,0.3627725964421557
ATG,L,5,Z2,0.19441426922649913
ATG,L,6,Z2,0.09217974453977944
ATG,L,7,Z2,0.04016423449086991
ATG,L,8,Z2,0.0164504945911729
ATG,L,9,Z2,0.006426879421329914
ATG,L,10,Z2,0.0024190021170479156
ATG,L,0,Y1,1.00511673509676
ATG,L,1,Y1,1.3360730788608621
ATG,L,2,Y1,1.5773737245087418
ATG,L,3,Y1,1.7411326094954322
ATG,L,4,Y1,1.8486153480037573
ATG,L,5,Y1,1.9558392286271578
ATG,L,6,Y1,2.061143560125315
ATG,L,7,Y1,2.209233772666758
ATG,L,8,Y1,2.4179505048152086
ATG,L,9,Y1,2.5552817083353796
ATG,L,10,Y1,2.634709159781029
ATG,L,0,Y2,0.0
ATG,L,1,Y2,0.2757910249514328
ATG,L,2,Y2,0.7222433165050632
ATG,L,3,Y2,0.9179632128220137
ATG,L,4,Y2,0.9093116065303344
ATG,L,5,Y2,0.817838077902836
ATG,L,6,Y2,0.724284511829854
ATG,L,7,Y2,0.6654895277119439
ATG,L,8,Y2,0.6528548280340317
ATG,L,9,Y2,0.694857079888132
ATG,L,10,Y2,0.7517160302102605
ATG,L,0,Y1_nocap,1.00511673509676
ATG,L,1,Y1_nocap,1.289546524144623
ATG,L,2,Y1_nocap,1.4730534500282193
ATG,L,3,Y1_nocap,1.5728830146643764
ATG,L,4,Y1_nocap,1.6144246600973433
ATG,L,5,Y1_nocap,1.6564759169036365
ATG,L,6,Y1_nocap,1.6973211386155476
ATG,L,7,Y1_nocap,1.7816924599648272
ATG,L,8,Y1_nocap,1.925385496905844
ATG,L,9,Y1_nocap,1.9936954728803786
ATG,L,10,Y1_nocap,2.003756785254056
ATG,L,0,Y2_nocap,0.0
ATG,L,1,Y2_nocap,0.2757910249514328
ATG,L,2,Y2_nocap,0.709477031988454
ATG,L,3,Y2_nocap,0.8728765099904996
ATG,L,4,Y2_nocap,0.8256599466636548
ATG,L,5,Y2_nocap,0.6993811502538514
ATG,L,6,Y2_nocap,0.5782883192525199
ATG,L,7,Y2_nocap,0.49868345061587127
ATG,L,8,Y2_nocap,0.4697731182640643
ATG,L,9,Y2_nocap,0.49750228645862105
ATG,L,10,Y2_nocap,0.5393871414323109
AUS,G,0,Z1,1.0
AUS,G,1,Z1,0.006737946999085479
AUS,G,2,Z1,4.539992976248501e-05
AUS,G,3,Z1,3.0590232050182743e-07
AUS,G,4,Z1,2.0611536224385723e-09
AUS,G,5,Z1,1.388794386496412e-11
AUS,G,6,Z1,9.357622968840275e-14
AUS,G,7,Z1,6.305116760147079e-16
AUS,G,8,Z1,4.24835425529165e-18
AUS,G,9,Z1,2.8625185805494346e-20
AUS,G,10,Z1,1.928749847963945e-22
AUS,G,0,Z2,0.0
AUS,G,1,Z2,0.4882240815242315
AUS,G,2,Z2,1.9069020302414357
AUS,G,3,Z2,3.1421097864156957
AUS,G,4,Z2,3.6362753529389096
AUS,G,5,Z2,3.467416395230078
AUS,G,6,Z2,2.9252900473746046
AUS,G,7,Z2,2.26792401376854
AUS,G,8,Z2,1.652812305298874
AUS,G,9,Z2,1.1489478107450224
AUS,G,10,Z2,0.7694704933062623
AUS,G,0,Y1,1.000000000000003
AUS,G,1,Y1,0.707519375122918
AUS,G,2,Y1,0.37488718099958496
AUS,G,3,Y1,0.2452916758733249
AUS,G,4,Y1,0.4585114511345297
AUS,G,5,Y1,0.4037397356944376
AUS,G,6,Y1,0.37896384448271075
AUS,G,7,Y1,0.37463667773209824
AUS,G,8,Y1,0.5513834513810489
AUS,G,9,Y1,0.36602702254053926
AUS,G,10,Y1,0.44887159290620327
AUS,G,0,Y2,0.0
AUS,G,1,Y2,0.488224081524233
AUS,G,2,Y2,2.249040399336439
AUS,G,3,Y2,4.65913278854294
AUS,G,4,Y2,6.662514089893803
AUS,G,5,Y2,7.864587987646847
AUS,G,6,Y2,8.530637514415751
AUS,G,7,Y2,8.867228064645127
AUS,G,8,Y2,8.985880017498577
AUS,G,9,Y2,9.057456995797926
AUS,G,10,Y2,9.223371656791294
AUS,G,0,Y1_nocap,1.000000000000003
AUS,G,1,Y1_nocap,0.6858909991440632
AUS,G,2,Y1_nocap,0.3392319525168019
AUS,G,3,Y1_nocap,0.2036311934130046
AUS,G,4,Y1_nocap,0.4140028451468385
AUS,G,5,Y1_nocap,0.35193939116310613
AUS,G,6,Y1_nocap,0.32148645171793155
AUS,G,7,Y1_nocap,0.3123529315753106
AUS,G,8,Y1_nocap,0.48467042035323693
AUS,G,9,Y1_nocap,0.29132320038202614
AUS,G,10,Y1_nocap,0.37065723535760925
AUS,G,0,Y2_nocap,0.0
AUS,G,1,Y2_nocap,0.488224081524233
AUS,G,2,Y2_nocap,2.2384809053393018
AUS,G,3,Y2_nocap,4.600553002611383
AUS,G,4,Y2_nocap,6.506619866591889
AUS,G,5,Y2_nocap,7.573789052697927
AUS,G,6,Y2_nocap,8.086891647350479
AUS,G,7,Y2_nocap,8.265150512569651
AUS,G,8,Y2_nocap,8.22752928309254
AUS,G,9,Y2_nocap,8.149483829087977
AUS,G,10,Y2_nocap,8.173052701527821
AUS,L,0,Z1,1.0
AUS,L,1,Z1,0.9429663730443494
AUS,L,2,Z1,0.889185580692415
AUS,L,3,Z1,0.8384721019888602
AUS,L,4,Z1,0.7906509969113074
AUS,L,5,Z1,0.7455573029013546
AUS,L,6,Z1,0.7030354658136176
AUS,L,7,Z1,0.6629388033198117
AUS,L,8,Z1,0.6251289989168441
AUS,L,9,Z1,0.5894756247934615
AUS,L,10,Z1,0.5558556919095422
AUS,L,0,Z2,0.0
AUS,L,1,Z2,0.7408182194982177
AUS,L,2,Z2,4.390493074724075
AUS,L,3,Z2,10.977380760385161
AUS,L,4,Z2,19.276429439200065
AUS,L,5,Z2,27.891269795764096
AUS,L,6,Z2,35.70455951362202
AUS,L,7,Z2,42.00255442106213
AUS,L,8,Z2,46.44759149055736
AUS,L,9,Z2,48.992818082857674
AUS,L,10,Z2,49.78706757248657
AUS,L,0,Y1,1.00511673509676
AUS,L,1,Y1,1.3488817648800022
AUS,L,2,Y1,1.6063716351297535
AUS,L,3,Y1,1.7883434681072659
AUS,L,4,Y1,1.9149504441408374
AUS,L,5,Y1,2.0414416724658233
AUS,L,6,Y1,2.1661522905788972
AUS,L,7,Y1,2.3337622289480273
AUS,L,8,Y1,2.5626575825407376
AUS,L,9,Y1,2.7215630673500235
AUS,L,10,Y1,2.8229666923861276
AUS,L,0,Y2,0.0
AUS,L,1,Y2,0.7446087900822435
AUS,L,2,Y2,4.71009320198282
AUS,L,3,Y2,13.042279628936281
AUS,L,4,Y2,25.448939745216435
AUS,L,5,Y2,40.80719024466791
AUS,L,6,Y2,57.70221155252657
AUS,L,7,Y2,74.86246326889852
AUS,L,8,Y2,91.37171335222953
AUS,L,9,Y2,106.80132861754842
AUS,L,10,Y2,121.11302263181058
AUS,L,0,Y1_nocap,1.00511673509676
AUS,L,1,Y1_nocap,1.3271427222306906
AUS,L,2,Y1_nocap,1.5567406401971753
AUS,L,3,Y1_nocap,1.7068965017226396
AUS,L,4,Y1_nocap,1.7996282584595042
AUS,L,5,Y1_nocap,1.8915039261123399
AUS,L,6,Y1_nocap,1.9809048109792227
AUS,L,7,Y1_nocap,2.112590297563788
AUS,L,8,Y1_nocap,2.304054894331887
AUS,L,9,Y1_nocap,2.4227866552106505
AUS,L,10,Y1_nocap,2.482949136725987
AUS,L,0,Y2_nocap,0.0
AUS,L,1,Y2_nocap,0.7446087900822435
AUS,L,2,Y2_nocap,4.693988523113761
AUS,L,3,Y2_nocap,12.92525313805767
AUS,L,4,Y2_nocap,25.05673215441091
AUS,L,5,Y2_nocap,39.8876958375108
AUS,L,6,Y2_nocap,55.954355712142444
AUS,L,7,Y2_nocap,71.96969091553946
AUS,L,8,Y2_nocap,87.03040333548819
AUS,L,9,Y2_nocap,100.73984748372295
AUS,L,10,Y2_nocap,113.09910862784682
AUT,G,0,Z1,1.0
AUT,G,1,Z1,0.951229424500714
AUT,G,2,Z1,0.9048374180359595
AUT,G,3,Z1,0.8607079764250578
AUT,G,4,Z1,0.8187307530779818
AUT,G,5,Z1,0.7788007830714049
AUT,G,6,Z1,0.7408182206817179
AUT,G,7,Z1,0.7046880897187134
AUT,G,8,Z1,0.6703200460356393
AUT,G,9,Z1,0.6376281516217733
AUT,G,10,Z1,0.6065306597126334
AUT,G,0,Z2,0.0
AUT,G,1,Z2,0.41860276870872054
AUT,G,2,Z2,1.4018262237648527
AUT,G,3,Z2,1.9804781424930449
AUT,G,4,Z2,1.965116761634827
AUT,G,5,Z2,1.6066471040161203
AUT,G,6,Z2,1.162161088264504
AUT,G,7,Z2,0.7725183346617597
AUT,G,8,Z2,0.4827104858572687
AUT,G,9,Z2,0.2877043291704726
AUT,G,10,Z2,0.1652041546779767
AUT,G,0,Y1,1.000000000000003
AUT,G,1,Y1,1.6568279180042957
AUT,G,2,Y1,1.9539387610136731
AUT,G,3,Y1,2.1103401925962033
AUT,G,4,Y1,2.473627384818693
AUT,G,5,Y1,2.7643972710374958
AUT,G,6,Y1,3.0175924848077633
AUT,G,7,Y1,3.2550811968683386
AUT,G,8,Y1,3.658468738608778
AUT,G,9,Y1,3.857123010068856
AUT,G,10,Y1,4.130636793542184
AUT,G,0,Y2,0.0
AUT,G,1,Y2,0.4186027687087218
AUT,G,2,Y2,1.6971917067421574
AUT,G,3,Y2,3.127801002571976
AUT,G,4,Y2,3.997671430021113
AUT,G,5,Y2,4.28967444327327
AUT,G,6,Y2,4.362697660349715
AUT,G,7,Y2,4.356794654700566
AUT,G,8,Y2,4.307279568699892
AUT,G,9,Y2,4.313261106526484
AUT,G,10,Y2,4.418047271514131
AUT,G,0,Y1_nocap,1.000000000000003
AUT,G,1,Y1_nocap,1.6303824766456947
AUT,G,2,Y1_nocap,1.8854782402931523
AUT,G,3,Y1_nocap,1.9948678479192243
AUT,G,4,Y1_nocap,2.310207783889443
AUT,G,5,Y1_nocap,2.5466874826812607
AUT,G,6,Y1_nocap,2.7415991712874517
AUT,G,7,Y1_nocap,2.9180765748181083
AUT,G,8,Y1_nocap,3.2583261037685176
AUT,G,9,Y1_nocap,3.387473181301042
AUT,G,10,Y1_nocap,3.5909584798344243
AUT,G,0,Y2_nocap,0.0
AUT,G,1,Y2_nocap,0.4186027687087218
AUT,G,2,Y2_nocap,1.6861215717697229
AUT,G,3,Y2_nocap,3.0726015639745765
AUT,G,4,Y2_nocap,3.8635140175676614
AUT,G,5,Y2_nocap,4.058930589190891
AUT,G,6,Y2_nocap,4.034221042120695
AUT,G,7,Y2_nocap,3.9353080114267724
AUT,G,8,Y2_nocap,3.7992713433888827
AUT,G,9,Y2_nocap,3.7259313348463827
AUT,G,10,Y2_nocap,3.756638161511877
AUT,L,0,Z1,1.0
AUT,L,1,Z1,0.9512294244997332
AUT,L,2,Z1,0.9048374180340936
AUT,L,3,Z1,0.8607079764223954
AUT,L,4,Z1,0.8187307530746051
AUT,L,5,Z1,0.7788007830673898
AUT,L,6,Z1,0.7408182206771348
AUT,L,7,Z1,0.7046880897136272
AUT,L,8,Z1,0.67032004603011
AUT,L,9,Z1,0.6376281516158562
AUT,L,10,Z1,0.6065306597063795
AUT,L,0,Z2,0.0
AUT,L,1,Z2,0.1882258520826177
AUT,L,2,Z2,0.28343177113781975
AUT,L,3,Z2,0.18005350487524288
AUT,L,4,Z2,0.08033356889032144
AUT,L,5,Z2,0.02953291885784848
AUT,L,6,Z2,0.009605708034921218
AUT,L,7,Z2,0.002871104652071084
AUT,L,8,Z2,0.0008066852863320025
AUT,L,9,Z2,0.00021619267481198093
AUT,L,10,Z2,5.58203709609128e-05
AUT,L,0,Y1,1.00511673509676
AUT,L,1,Y1,1.3620288092080122
AUT,L,2,Y1,1.636397694298829
AUT,L,3,Y1,1.8376333534227014
AUT,L,4,Y1,1.9847604351686903
AUT,L,5,Y1,2.1322285152116764
AUT,L,6,Y1,2.2783422721940134
AUT,L,7,Y1,2.4677311916278835
AUT,L,8,Y1,2.719318298224649
AUT,L,9,Y1,2.9025745351235197
AUT,L,10,Y1,3.0289736083751646
AUT,L,0,Y2,0.0
AUT,L,1,Y2,0.1891889539060864
AUT,L,2,Y2,0.3612889498571956
AUT,L,3,Y2,0.3601754546291957
AUT,L,4,Y2,0.30332618320818333
AUT,L,5,Y2,0.24787459180063998
AUT,L,6,Y2,0.21270297970612595
AUT,L,7,Y2,0.19836331863822587
AUT,L,8,Y2,0.20399995482904149
AUT,L,9,Y2,0.23105090690166796
AUT,L,10,Y2,0.24978855987991308
AUT,L,0,Y1_nocap,1.00511673509676
AUT,L,1,Y1_nocap,1.3354480535314623
AUT,L,2,Y1_nocap,1.5756071643131184
AUT,L,3,Y1_nocap,1.7377063226123952
AUT,L,4,Y1_nocap,1.8430396402761549
AUT,L,5,Y1_nocap,1.9476685307547443
AUT,L,6,Y1_nocap,2.049959829799999
AUT,L,7,Y1_nocap,2.194645781756832
AUT,L,8,Y1_nocap,2.3995649276707973
AUT,L,9,Y1_nocap,2.5326771334054663
AUT,L,10,Y1_nocap,2.6074998038546644
AUT,L,0,Y2_nocap,0.0
AUT,L,1,Y2_nocap,0.1891889539060864
AUT,L,2,Y2_nocap,0.35628576447097715
AUT,L,3,Y2_nocap,0.3459584518200933
AUT,L,4,Y2_nocap,0.28055210763080085
AUT,L,5,Y2_nocap,0.21862943263100523
AUT,L,6,Y2_nocap,0.1788937449372115
AUT,L,7,Y2_nocap,0.16123086978976212
AUT,L,8,Y2_nocap,0.16414976258873284
AUT,L,9,Y2_nocap,0.18851893812907666
AUT,L,10,Y2_nocap,0.2040420216935823
AZE,G,0,Z1,1.0
AZE,G,1,Z1,0.006737949871516983
AZE,G,2,Z1,4.539996847107573e-05
AZE,G,3,Z1,3.0590271172655955e-07
AZE,G,4,Z1,2.0611571371746703e-09
AZE,G,5,Z1,1.3887973467602395e-11
AZE,G,6,Z1,9.357646904166257e-14
AZE,G,7,Z1,6.305135575562861e-16
AZE,G,8,Z1,4.248368744126083e-18
AZE,G,9,Z1,2.862529563364103e-20
AZE,G,10,Z1,1.928758070368281e-22
AZE,G,0,Z2,0.0
AZE,G,1,Z2,0.4228214225921095
AZE,G,2,Z2,1.430223643222522
AZE,G,3,Z2,2.04096103465123
AZE,G,4,Z2,2.0455396696327037
AZE,G,5,Z2,1.6892538927396366
AZE,G,6,Z2,1.2342287244339616
AZE,G,7,Z2,0.8286917238830545
AZE,G,8,Z2,0.5230290675051339
AZE,G,9,Z2,0.31487659180212596
AZE,G,10,Z2,0.18262903770470496
AZE,G,0,Y1,1.000000000000003
AZE,G,1,Y1,0.7947187747002508
AZE,G,2,Y1,0.5158840852143501
AZE,G,3,Y1,0.40613137532567667
AZE,G,4,Y1,0.6259741944497713
AZE,G,5,Y1,0.5956826816275594
AZE,G,6,Y1,0.5882564841341452
AZE,G,7,Y1,0.5973926224116637
AZE,G,8,Y1,0.7858409309882886
AZE,G,9,Y1,0.6263666309529895
AZE,G,10,Y1,0.7164094098535673
AZE,G,0,Y2,0.0
AZE,G,1,Y2,0.4228214225921108
AZE,G,2,Y2,1.7633988165519152
AZE,G,3,Y2,3.3838125698346544
AZE,G,4,Y2,4.5542002369489225
AZE,G,5,Y2,5.1824758453731725
AZE,G,6,Y2,5.572893611503677
AZE,G,7,Y2,5.852262777913841
AZE,G,8,Y2,6.054845964375453
AZE,G,9,Y2,6.28144673228266
AZE,G,10,Y2,6.586827862236698
AZE,G,0,Y1_nocap,1.000000000000003
AZE,G,1,Y1_nocap,0.6858910020164947
AZE,G,2,Y1_nocap,0.3392319545063311
AZE,G,3,Y1_nocap,0.20363119440083047
AZE,G,4,Y1_nocap,0.414002845738411
AZE,G,5,Y1_nocap,0.3519393923562869
AZE,G,6,Y1_nocap,0.32148645273689297
AZE,G,7,Y1_nocap,0.3123529325056241
AZE,G,8,Y1_nocap,0.4846704212567177
AZE,G,9,Y1_nocap,0.2913232017802963
AZE,G,10,Y1_nocap,0.37065723620383667
AZE,G,0,Y2_nocap,0.0
AZE,G,1,Y2_nocap,0.4228214225921108
AZE,G,2,Y2_nocap,1.7173841028882388
AZE,G,3,Y2_nocap,3.1537822559272266
AZE,G,4,Y2_nocap,3.9953655466660343
AZE,G,5,Y2_nocap,4.223853487575752
AZE,G,6,Y2_nocap,4.214670224995529
AZE,G,7,Y2_nocap,4.1204785335885
AZE,G,8,Y2_nocap,3.9831605182255396
AZE,G,9,Y2_nocap,3.9061038184028347
AZE,G,10,Y2_nocap,3.9352419164728896
AZE,L,0,Z1,1.0
AZE,L,1,Z1,0.951229424500714
AZE,L,2,Z1,0.9048374180359595
AZE,L,3,Z1,0.8607079764250578
AZE,L,4,Z1,0.8187307530779818
AZE,L,5,Z1,0.7788007830714049
AZE,L,6,Z1,0.7408182206817179
AZE,L,7,Z1,0.7046880897187134
AZE,L,8,Z1,0.6703200460356393
AZE,L,9,Z1,0.6376281516217733
AZE,L,10,Z1,0.6065306597126334
AZE,L,0,Z2,0.0
AZE,L,1,Z2,0.7408182206817152
AZE,L,2,Z2,4.39049308875218
AZE,L,3,Z2,10.977380812996058
AZE,L,4,Z2,19.276429562380656
AZE,L,5,Z2,27.89127001855323
AZE,L,6,Z2,35.70455985586192
AZE,L,7,Z2,42.00255489077173
AZE,L,8,Z2,46.44759208417786
AZE,L,9,Z2,48.99281878727601
AZE,L,10,Z2,49.787068367862155
AZE,L,0,Y1,1.00511673509676
AZE,L,1,Y1,1.4448326691001971
AZE,L,2,Y1,1.8234710908043368
AZE,L,3,Y1,2.1415078119119215
AZE,L,4,Y1,2.41064784183167
AZE,L,5,Y1,2.680281778126392
AZE,L,6,Y1,2.9486247023982886
AZE,L,7,Y1,3.2600888808047195
AZE,L,8,Y1,3.6370810379786227
AZE,L,9,Y1,3.9537842893694974
AZE,L,10,Y1,4.215179679269601
AZE,L,0,Y2,0.0
AZE,L,1,Y2,0.7446087912717967
AZE,L,2,Y2,4.775022653937459
AZE,L,3,Y2,13.512045672490363
AZE,L,4,Y2,27.01338027025931
AZE,L,5,Y2,44.448600202660714
AZE,L,6,Y2,64.57034287087285
AZE,L,7,Y2,86.13515023409576
AZE,L,8,Y2,108.14049354290188
AZE,L,9,Y2,129.99841098067103
AZE,L,10,Y2,151.48749417355492
AZE,L,0,Y1_nocap,1.00511673509676
AZE,L,1,Y1_nocap,1.3354480535324482
AZE,L,2,Y1_nocap,1.575607164315366
AZE,L,3,Y1_nocap,1.7377063226160785
AZE,L,4,Y1_nocap,1.843039640281363
AZE,L,5,Y1_nocap,1.947668530761506
AZE,L,6,Y1_nocap,2.0499598298083415
AZE,L,7,Y1_nocap,2.194645781766778
AZE,L,8,Y1_nocap,2.3995649276824107
AZE,L,9,Y1_nocap,2.5326771334188667
AZE,L,10,Y1_nocap,2.6074998038698958
AZE,L,0,Y2_nocap,0.0
AZE,L,1,Y2_nocap,0.7446087912717967
AZE,L,2,Y2_nocap,4.693988537662605
AZE,L,3,Y2_nocap,12.925253196620655
AZE,L,4,Y2_nocap,25.05673230274523
AZE,L,5,Y2_nocap,39.88769612780705
AZE,L,6,Y2_nocap,55.95435619372232
AZE,L,7,Y2_nocap,71.96969162789247
AZE,L,8,Y2_nocap,87.03040430475227
AZE,L,9,Y2_nocap,100.73984872259871
AZE,L,10,Y2_nocap,113.09911013820879
BDI,G,0,Z1,1.0
BDI,G,1,Z1,0.951229424500714
BDI,G,2,Z1,0.9048374180359595
BDI,G,3,Z1,0.8607079764250578
BDI,G,4,Z1,0.8187307530779818
BDI,G,5,Z1,0.7788007830714049
BDI,G,6,Z1,0.7408182206817179
BDI,G,7,Z1,0.7046880897187134
BDI,G,8,Z1,0.6703200460356393
BDI,G,9,Z1,0.6376281516217733
BDI,G,10,Z1,0.6065306597126334
BDI,G,0,Z2,0.0
BDI,G,1,Z2,0.4216981999710557
BDI,G,2,Z2,1.4226349748706277
BDI,G,3,Z2,2.02473880240099
BDI,G,4,Z2,2.0238902717251515
BDI,G,5,Z2,1.6669353213387248
BDI,G,6,Z2,1.2146865830957614
BDI,G,7,Z2,0.8134040877214014
BDI,G,8,Z2,0.5120164789979634
BDI,G,9,Z2,0.3074278821937328
BDI,G,10,Z2,0.1778350953937048
BDI,G,0,Y1,1.000000000000003
BDI,G,1,Y1,1.6469978561321779
BDI,G,2,Y1,1.928536552365981
BDI,G,3,Y1,2.0675787323865578
BDI,G,4,Y1,2.413235032995821
BDI,G,5,Y1,2.6840910039129096
BDI,G,6,Y1,2.915970611648331
BDI,G,7,Y1,3.1312160741605903
BDI,G,8,Y1,3.5116574673178382
BDI,G,9,Y1,3.6850859511863736
BDI,G,10,Y1,3.933275530068972
BDI,G,0,Y2,0.0
BDI,G,1,Y2,0.421698199971057
BDI,G,2,Y2,1.7160392700863036
BDI,G,3,Y2,3.1671605910256515
BDI,G,4,Y2,4.045736624910281
BDI,G,5,Y2,4.327672631314469
BDI,G,6,Y2,4.377870818733763
BDI,G,7,Y2,4.343296706567667
BDI,G,8,Y2,4.263284525357733
BDI,G,9,Y2,4.239721564107509
BDI,G,10,Y2,4.318490432968415
BDI,G,0,Y1_nocap,1.000000000000003
BDI,G,1,Y1_nocap,1.6303824766456947
BDI,G,2,Y1_nocap,1.8854782402931523
BDI,G,3,Y1_nocap,1.9948678479192243
BDI,G,4,Y1_nocap,2.310207783889443
BDI,G,5,Y1_nocap,2.5466874826812607
BDI,G,6,Y1_nocap,2.7415991712874517
BDI,G,7,Y1_nocap,2.9180765748181083
BDI,G,8,Y1_nocap,3.2583261037685176
BDI,G,9,Y1_nocap,3.387473181301042
BDI,G,10,Y1_nocap,3.5909584798344243
BDI,G,0,Y2_nocap,0.0
BDI,G,1,Y2_nocap,0.421698199971057
BDI,G,2,Y2_nocap,1.7090325944650178
BDI,G,3,Y2_nocap,3.132030314371428
BDI,G,4,Y2_nocap,3.9599333666580305
BDI,G,5,Y2_nocap,4.179412112783606
BDI,G,6,Y2_nocap,4.165936478727402
BDI,G,7,Y2_nocap,4.070389944730453
BDI,G,8,Y2_nocap,3.933365271207328
BDI,G,9,Y2_nocap,3.8572848445369012
BDI,G,10,Y2_nocap,3.886843765222429
BDI,L,0,Z1,1.0
BDI,L,1,Z1,0.44631637865680474
BDI,L,2,Z1,0.1991983098573243
BDI,L,3,Z1,0.08890546829007709
BDI,L,4,Z1,0.03967996665001459
BDI,L,5,Z1,0.017709819020457294
BDI,L,6,Z1,0.007904182291877903
BDI,L,7,Z1,0.0035277660167541865
BDI,L,8,Z1,0.0015744997533462697
BDI,L,9,Z1,0.0007027250281095396
BDI,L,10,Z1,0.00031363768973735086
BDI,L,0,Z2,0.0
BDI,L,1,Z2,0.7408182206815217
BDI,L,2,Z2,4.390493088749887
BDI,L,3,Z2,10.977380812987455
BDI,L,4,Z2,19.27642956236052
BDI,L,5,Z2,27.891270018516806
BDI,L,6,Z2,35.70455985580596
BDI,L,7,Z2,42.00255489069495
BDI,L,8,Z2,46.44759208408082
BDI,L,9,Z2,48.99281878716082
BDI,L,10,Z2,49.787068367732125
BDI,L,0,Y1,1.00511673509676
BDI,L,1,Y1,0.8446518973679049
BDI,L,2,Y1,0.7046253221846897
BDI,L,3,Y1,0.5799846546707762
BDI,L,4,Y1,0.4784321427338203
BDI,L,5,Y1,0.439551063517332
BDI,L,6,Y1,0.4269691673676186
BDI,L,7,Y1,0.47071115366799604
BDI,L,8,Y1,0.5602080499517632
BDI,L,9,Y1,0.5420371752749271
BDI,L,10,Y1,0.48465681453852005
BDI,L,0,Y2,0.0
BDI,L,1,Y2,0.7446087912716022
BDI,L,2,Y2,4.706360495296177
BDI,L,3,Y2,13.015136172244796
BDI,L,4,Y2,25.357875991323525
BDI,L,5,Y2,40.59344967501449
BDI,L,6,Y2,57.295398649450135
BDI,L,7,Y2,74.18825806883109
BDI,L,8,Y2,90.35845185853452
BDI,L,9,Y2,105.38444783333568
BDI,L,10,Y2,119.23682247167555
BDI,L,0,Y1_nocap,1.00511673509676
BDI,L,1,Y1_nocap,0.8279515013860574
BDI,L,2,Y1_nocap,0.6748179967051862
BDI,L,3,Y1_nocap,0.5401247510070691
BDI,L,4,Y1_nocap,0.43114877796040224
BDI,L,5,Y1_nocap,0.38694375564625555
BDI,L,6,Y1_nocap,0.369979549937823
BDI,L,7,Y1_nocap,0.4097916055139317
BDI,L,8,Y1_nocap,0.4948499890864147
BDI,L,9,Y1_nocap,0.4710000233148375
BDI,L,10,Y1_nocap,0.4085578165548981
BDI,L,0,Y2_nocap,0.0
BDI,L,1,Y2_nocap,0.7446087912716022
BDI,L,2,Y2_nocap,4.6939885376602275
BDI,L,3,Y2_nocap,12.925253196611079
BDI,L,4,Y2_nocap,25.05673230272098
BDI,L,5,Y2_nocap,39.8876961277596
BDI,L,6,Y2_nocap,55.95435619364358
BDI,L,7,Y2_nocap,71.96969162777603
BDI,L,8,Y2_nocap,87.03040430459382
BDI,L,9,Y2_nocap,100.73984872239615
BDI,L,10,Y2_nocap,113.09911013796187
BEL,G,0,Z1,1.0
BEL,G,1,Z1,0.951229424500714
BEL,G,2,Z1,0.9048374180359595
BEL,G,3,Z1,0.8607079764250578
BEL,G,4,Z1,0.8187307530779818
BEL,G,5,Z1,0.7788007830714049
BEL,G,6,Z1,0.7408182206817179
BEL,G,7,Z1,0.7046880897187134
BEL,G,8,Z1,0.6703200460356393
BEL,G,9,Z1,0.6376281516217733
BEL,G,10,Z1,0.6065306597126334
BEL,G,0,Z2,0.0
BEL,G,1,Z2,0.43412173165614076
BEL,G,2,Z2,1.5076934231690104
BEL,G,3,Z2,2.2090133688953806
BEL,G,4,Z2,2.2731394582670887
BEL,G,5,Z2,1.9273813240601763
BEL,G,6,Z2,1.4458489078395613
BEL,G,7,Z2,0.9967237501549373
BEL,G,8,Z2,0.6458953745913492
BEL,G,9,Z2,0.39923744585254706
BEL,G,10,Z2,0.2377471211735013
BEL,G,0,Y1,1.000000000000003
BEL,G,1,Y1,1.6540108637937982
BEL,G,2,Y1,1.9466210860601099
BEL,G,3,Y1,2.0979509171985873
BEL,G,4,Y1,2.456025075382156
BEL,G,5,Y1,2.7408653682038144
BEL,G,6,Y1,2.987660455984342
BEL,G,7,Y1,3.2184114673005735
BEL,G,8,Y1,3.6147871866502124
BEL,G,9,Y1,3.805703609561478
BEL,G,10,Y1,4.071372454963207
BEL,G,0,Y2,0.0
BEL,G,1,Y2,0.4341217316561421
BEL,G,2,Y2,1.8127861185707226
BEL,G,3,Y2,3.4306401037502083
BEL,G,4,Y2,4.495290902930334
BEL,G,5,Y2,4.920638548601768
BEL,G,6,Y2,5.062682475256343
BEL,G,7,Y2,5.084316688410597
BEL,G,8,Y2,5.038140272226238
BEL,G,9,Y2,5.0366597594536096
BEL,G,10,Y2,5.140548027457456
BEL,G,0,Y1_nocap,1.000000000000003
BEL,G,1,Y1_nocap,1.6303824766456947
BEL,G,2,Y1_nocap,1.8854782402931523
BEL,G,3,Y1_nocap,1.9948678479192243
BEL,G,4,Y1_nocap,2.310207783889443
BEL,G,5,Y1_nocap,2.5466874826812607
BEL,G,6,Y1_nocap,2.7415991712874517
BEL,G,7,Y1_nocap,2.9180765748181083
BEL,G,8,Y1_nocap,3.2583261037685176
BEL,G,9,Y1_nocap,3.387473181301042
BEL,G,10,Y1_nocap,3.5909584798344243
BEL,G,0,Y2_nocap,0.0
BEL,G,1,Y2_nocap,0.4341217316561421
BEL,G,2,Y2_nocap,1.802528522225746
BEL,G,3,Y2_nocap,3.378229629232178
BEL,G,4,Y2_nocap,4.36529605536371
BEL,G,5,Y2_nocap,4.693049122520751
BEL,G,6,Y2_nocap,4.733921142490512
BEL,G,7,Y2_nocap,4.657737396676625
BEL,G,8,Y2_nocap,4.519719606320398
BEL,G,9,Y2_nocap,4.433580163585159
BEL,G,10,Y2_nocap,4.458459478830978
BEL,L,0,Z1,1.0
BEL,L,1,Z1,0.9512294245006232
BEL,L,2,Z1,0.9048374180357868
BEL,L,3,Z1,0.8607079764248112
BEL,L,4,Z1,0.8187307530776691
BEL,L,5,Z1,0.778800783071033
BEL,L,6,Z1,0.7408182206812933
BEL,L,7,Z1,0.7046880897182424
BEL,L,8,Z1,0.6703200460351272
BEL,L,9,Z1,0.6376281516212252
BEL,L,10,Z1,0.6065306597120542
BEL,L,0,Z2,0.0
BEL,L,1,Z2,0.19061931983195785
BEL,L,2,Z2,0.2906858007455859
BEL,L,3,Z2,0.18700986247739415
BEL,L,4,Z2,0.08449823475510247
BEL,L,5,Z2,0.0314589766328491
BEL,L,6,Z2,0.010362278122611517
BEL,L,7,Z2,0.003136624489912652
BEL,L,8,Z2,0.0008924939595910509
BEL,L,9,Z2,0.00024223102583276123
BEL,L,10,Z2,6.333870149031332e-05
BEL,L,0,Y1,1.00511673509676
BEL,L,1,Y1,1.359197340878261
BEL,L,2,Y1,1.6298969235304255
BEL,L,3,Y1,1.8269071544931819
BEL,L,4,Y1,1.9694911054217767
BEL,L,5,Y1,2.112269013427575
BEL,L,6,Y1,2.2535527119088354
BEL,L,7,Y1,2.4379832022284633
BEL,L,8,Y1,2.684368628994596
BEL,L,9,Y1,2.862018558896282
BEL,L,10,Y1,2.9826225747254163
BEL,L,0,Y2,0.0
BEL,L,1,Y2,0.19159466839586256
BEL,L,2,Y2,0.36901194946442645
BEL,L,3,Y2,0.36937890338457674
BEL,L,4,Y2,0.3109786285748965
BEL,L,5,Y2,0.25323969286657527
BEL,L,6,Y2,0.21615268264027526
BEL,L,7,Y2,0.20061511682747288
BEL,L,8,Y2,0.20571349720192547
BEL,L,9,Y2,0.23287186995339307
BEL,L,10,Y2,0.251933333664867
BEL,L,0,Y1_nocap,1.00511673509676
BEL,L,1,Y1_nocap,1.335448053532357
BEL,L,2,Y1_nocap,1.575607164315158
BEL,L,3,Y1_nocap,1.7377063226157372
BEL,L,4,Y1_nocap,1.8430396402808809
BEL,L,5,Y1_nocap,1.9476685307608796
BEL,L,6,Y1_nocap,2.0499598298075687
BEL,L,7,Y1_nocap,2.194645781765857
BEL,L,8,Y1_nocap,2.399564927681335
BEL,L,9,Y1_nocap,2.5326771334176255
BEL,L,10,Y1_nocap,2.607499803868485
BEL,L,0,Y2_nocap,0.0
BEL,L,1,Y2_nocap,0.19159466839586256
BEL,L,2,Y2_nocap,0.36448487646405653
BEL,L,3,Y2_nocap,0.35643293084465477
BEL,L,4,Y2_nocap,0.2901634686373695
BEL,L,5,Y2_nocap,0.22645717290252032
BEL,L,6,Y2_nocap,0.1851628651339787
BEL,L,7,Y2_nocap,0.16657335660407002
BEL,L,8,Y2_nocap,0.16918934167772123
BEL,L,9,Y2_nocap,0.19390949724350182
BEL,L,10,Y2_nocap,0.21005274973496152
BEN,G,0,Z1,1.0
BEN,G,1,Z1,0.006737946999085479
BEN,G,2,Z1,4.539992976248501e-05
BEN,G,3,Z1,3.0590232050182743e-07
BEN,G,4,Z1,2.0611536224385723e-09
BEN,G,5,Z1,1.388794386496412e-11
BEN,G,6,Z1,9.357622968840275e-14
BEN,G,7,Z1,6.305116760147079e-16
BEN,G,8,Z1,4.24835425529165e-18
BEN,G,9,Z1,2.8625185805494346e-20
BEN,G,10,Z1,1.928749847963945e-22
BEN,G,0,Z2,0.0
BEN,G,1,Z2,0.44496620565849326
BEN,G,2,Z2,1.5839593934249323
BEN,G,3,Z2,2.3787283540817947
BEN,G,4,Z2,2.5089273600190793
BEN,G,5,Z2,2.180445093086856
BEN,G,6,Z2,1.6765477281519063
BEN,G,7,Z2,1.1846316150554836
BEN,G,8,Z2,0.7868395622315383
BEN,G,9,Z2,0.4985064522407946
BEN,G,10,Z2,0.30427781145385907
BEN,G,0,Y1,1.000000000000003
BEN,G,1,Y1,0.7199572130741921
BEN,G,2,Y1,0.3947093813546045
BEN,G,3,Y1,0.26748204166532197
BEN,G,4,Y1,0.48112729678296273
BEN,G,5,Y1,0.4293161941114207
BEN,G,6,Y1,0.4064131267998436
BEN,G,7,Y1,0.40335890058847784
BEN,G,8,Y1,0.581095749069188
BEN,G,9,Y1,0.3987271661320984
BEN,G,10,Y1,0.4818233486225061
BEN,G,0,Y2,0.0
BEN,G,1,Y2,0.44496620565849465
BEN,G,2,Y2,1.9013178640529127
BEN,G,3,Y2,3.6819124999229875
BEN,G,4,Y2,4.940839110822121
BEN,G,5,Y2,5.529979067055273
BEN,G,6,Y2,5.7885703327406715
BEN,G,7,Y2,5.889484399780704
BEN,G,8,Y2,5.896318135531375
BEN,G,9,Y2,5.931443965531432
BEN,G,10,Y2,6.070114222876983
BEN,G,0,Y1_nocap,1.000000000000003
BEN,G,1,Y1_nocap,0.6858909991440632
BEN,G,2,Y1_nocap,0.3392319525168019
BEN,G,3,Y1_nocap,0.2036311934130046
BEN,G,4,Y1_nocap,0.4140028451468385
BEN,G,5,Y1_nocap,0.35193939116310613
BEN,G,6,Y1_nocap,0.32148645171793155
BEN,G,7,Y1_nocap,0.3123529315753106
BEN,G,8,Y1_nocap,0.48467042035323693
BEN,G,9,Y1_nocap,0.29132320038202614
BEN,G,10,Y1_nocap,0.37065723535760925
BEN,G,0,Y2_nocap,0.0
BEN,G,1,Y2_nocap,0.44496620565849465
BEN,G,2,Y2_nocap,1.8861595500992727
BEN,G,3,Y2_nocap,3.6033695552763056
BEN,G,4,Y2_nocap,4.744049284009266
BEN,G,5,Y2_nocap,5.18286794437099
BEN,G,6,Y2_nocap,5.284813468030073
BEN,G,7,Y2_nocap,5.234596194225677
BEN,G,8,Y2_nocap,5.1006802207661
BEN,G,9,Y2_nocap,5.0076936414683315
BEN,G,10,Y2_nocap,5.028769435037118
BEN,L,0,Z1,1.0
BEN,L,1,Z1,0.5981809824712081
BEN,L,2,Z1,0.35782048779021985
BEN,L,3,Z1,0.21404141093468063
BEN,L,4,Z1,0.12803550148243087
BEN,L,5,Z1,0.07658840206795432
BEN,L,6,Z1,0.04581372559490882
BEN,L,7,Z1,0.027404899387028895
BEN,L,8,Z1,0.016393089639857555
BEN,L,9,Z1,0.009806034466508571
BEN,L,10,Z1,0.005865783331322629
BEN,L,0,Z2,0.0
BEN,L,1,Z2,0.25318235727787525
BEN,L,2,Z2,0.5128104482942535
BEN,L,3,Z2,0.43819163370853764
BEN,L,4,Z2,0.26297455587975316
BEN,L,5,Z2,0.13004007414402008
BEN,L,6,Z2,0.056892417141379915
BEN,L,7,Z2,0.0228732666902784
BEN,L,8,Z2,0.008644452130019178
BEN,L,9,Z2,0.0031162226516011147
BEN,L,10,Z2,0.001082266936536463
BEN,L,0,Y1,1.00511673509676
BEN,L,1,Y1,1.0148336778713125
BEN,L,2,Y1,0.9575429811779994
BEN,L,3,Y1,0.8647323592866869
BEN,L,4,Y1,0.7654533720746342
BEN,L,5,Y1,0.7136410297520805
BEN,L,6,Y1,0.6885255675915147
BEN,L,7,Y1,0.7239135373360939
BEN,L,8,Y1,0.8168401045383997
BEN,L,9,Y1,0.817118566517467
BEN,L,10,Y1,0.769513117281123
BEN,L,0,Y2,0.0
BEN,L,1,Y2,0.2544778243312394
BEN,L,2,Y2,0.6201485513458644
BEN,L,3,Y2,0.7412655977265009
BEN,L,4,Y2,0.6992031436092526
BEN,L,5,Y2,0.6056015837771211
BEN,L,6,Y2,0.5230931223876691
BEN,L,7,Y2,0.4750260630300239
BEN,L,8,Y2,0.4665703315469595
BEN,L,9,Y2,0.5027113910194752
BEN,L,10,Y2,0.5449974783907456
BEN,L,0,Y1_nocap,1.00511673509676
BEN,L,1,Y1_nocap,0.9805931561487535
BEN,L,2,Y1_nocap,0.8918618584527007
BEN,L,3,Y1_nocap,0.772437229183005
BEN,L,4,Y1_nocap,0.6521395157180465
BEN,L,5,Y1_nocap,0.5846124506251809
BEN,L,6,Y1_nocap,0.546984264253794
BEN,L,7,Y1_nocap,0.5718592571962334
BEN,L,8,Y1_nocap,0.654028616014377
BEN,L,9,Y1_nocap,0.6413678482991941
BEN,L,10,Y1_nocap,0.581996841422806
BEN,L,0,Y2_nocap,0.0
BEN,L,1,Y2_nocap,0.2544778243312394
BEN,L,2,Y2_nocap,0.6114794553417227
BEN,L,3,Y2_nocap,0.7122630873167726
BEN,L,4,Y2_nocap,0.6476004991943882
BEN,L,5,Y2_nocap,0.5348982615011783
BEN,L,6,Y2_nocap,0.4382243316683883
BEN,L,7,Y2_nocap,0.3800978397645128
BEN,L,8,Y2_nocap,0.3641399691153632
BEN,L,9,Y2_nocap,0.39375293690684326
BEN,L,10,Y2_nocap,0.42887666973246424
BFA,G,0,Z1,1.0
BFA,G,1,Z1,0.006737946999085479
BFA,G,2,Z1,4.539992976248501e-05
BFA,G,3,Z1,3.0590232050182743e-07
BFA,G,4,Z1,2.0611536224385723e-09
BFA,G,5,Z1,1.388794386496412e-11
BFA,G,6,Z1,9.357622968840275e-14
BFA,G,7,Z1,6.305116760147079e-16
BFA,G,8,Z1,4.24835425529165e-18
BFA,G,9,Z1,2.8625185805494346e-20
BFA,G,10,Z1,1.928749847963945e-22
BFA,G,0,Z2,0.0
BFA,G,1,Z2,0.43387648354326996
BFA,G,2,Z2,1.5059904237749875
BFA,G,3,Z2,2.205271673945991
BFA,G,4,Z2,2.2680071565019664
BFA,G,5,Z2,1.9219433002227415
BFA,G,6,Z2,1.4409550091580898
BFA,G,7,Z2,0.9927888743746633
BFA,G,8,Z2,0.6429820577430168
BFA,G,9,Z2,0.39721215814086486
BFA,G,10,Z2,0.23640742715334934
BFA,G,0,Y1,1.000000000000003
BFA,G,1,Y1,0.7367979365375146
BFA,G,2,Y1,0.422625635750822
BFA,G,3,Y1,0.3003136311038504
BFA,G,4,Y1,0.5164367258014875
BFA,G,5,Y1,0.47055956630517765
BFA,G,6,Y1,0.4523608649199735
BFA,G,7,Y1,0.45334640383264935
BFA,G,8,Y1,0.6348349942944046
BFA,G,9,Y1,0.458993281210751
BFA,G,10,Y1,0.5451545442082822
BFA,G,0,Y2,0.0
BFA,G,1,Y2,0.4338764835432713
BFA,G,2,Y2,1.8227462848115623
BFA,G,3,Y2,3.485948369501753
BFA,G,4,Y2,4.636044937243634
BFA,G,5,Y2,5.169953594164997
BFA,G,6,Y2,5.424697051208018
BFA,G,7,Y2,5.554880288134329
BFA,G,8,Y2,5.609902135618528
BFA,G,9,Y2,5.700771875863013
BFA,G,10,Y2,5.889755727428094
BFA,G,0,Y1_nocap,1.000000000000003
BFA,G,1,Y1_nocap,0.6858909991440632
BFA,G,2,Y1_nocap,0.3392319525168019
BFA,G,3,Y1_nocap,0.2036311934130046
BFA,G,4,Y1_nocap,0.4140028451468385
BFA,G,5,Y1_nocap,0.35193939116310613
BFA,G,6,Y1_nocap,0.32148645171793155
BFA,G,7,Y1_nocap,0.3123529315753106
BFA,G,8,Y1_nocap,0.48467042035323693
BFA,G,9,Y1_nocap,0.29132320038202614
BFA,G,10,Y1_nocap,0.37065723535760925
BFA,G,0,Y2_nocap,0.0
BFA,G,1,Y2_nocap,0.4338764835432713
BFA,G,2,Y2_nocap,1.800658961827334
BFA,G,3,Y2_nocap,3.3732492744638236
BFA,G,4,Y2_nocap,4.357003349055182
BFA,G,5,Y2_nocap,4.682429381894593
BFA,G,6,Y2_nocap,4.722074959848383
BFA,G,7,Y2_nocap,4.645409026425526
BFA,G,8,Y2_nocap,4.507357751914828
BFA,G,9,Y2_nocap,4.421397806828468
BFA,G,10,Y2_nocap,4.4463682761383145
BFA,L,0,Z1,1.0
BFA,L,1,Z1,0.5966618895978657
BFA,L,2,Z1,0.3560054104984957
BFA,L,3,Z1,0.21241486093509634
BFA,L,4,Z1,0.12673985230420245
BFA,L,5,Z1,0.07562083976317985
BFA,L,6,Z1,0.04512007314607632
BFA,L,7,Z1,0.026921428102131818
BFA,L,8,Z1,0.01606299016209105
BFA,L,9,Z1,0.009584174062705179
BFA,L,10,Z1,0.0057185114064885224
BFA,L,0,Z2,0.0
BFA,L,1,Z2,0.2499497779551439
BFA,L,2,Z2,0.49979913199860593
BFA,L,3,Z2,0.4216208019701351
BFA,L,4,Z2,0.2497991723465599
BFA,L,5,Z2,0.12194774933867455
BFA,L,6,Z2,0.05267084463820441
BFA,L,7,Z2,0.020905637089148
BFA,L,8,Z2,0.0077999533131282925
BFA,L,9,Z2,0.0027758904696005187
BFA,L,10,Z2,0.0009517602284011648
BFA,L,0,Y1,1.00511673509676
BFA,L,1,Y1,1.0302337051862718
BFA,L,2,Y1,0.9880276075987927
BFA,L,3,Y1,0.9087914505896557
BFA,L,4,Y1,0.820983611177876
BFA,L,5,Y1,0.778469383796861
BFA,L,6,Y1,0.7612783860892843
BFA,L,7,Y1,0.8036975554106649
BFA,L,8,Y1,0.9037494998618196
BFA,L,9,Y1,0.9121559905260277
BFA,L,10,Y1,0.8722475229411109
BFA,L,0,Y2,0.0
BFA,L,1,Y2,0.25122870475643433
BFA,L,2,Y2,0.6099645639106488
BFA,L,3,Y2,0.7322639292092908
BFA,L,4,Y2,0.6989834764524383
BFA,L,5,Y2,0.6167611427993546
BFA,L,6,Y2,0.5447655803522528
BFA,L,7,Y2,0.5049282801219014
BFA,L,8,Y2,0.5024443455422336
BFA,L,9,Y2,0.542691036844879
BFA,L,10,Y2,0.5883338996516485
BFA,L,0,Y1_nocap,1.00511673509676
BFA,L,1,Y1_nocap,0.9790662904795909
BFA,L,2,Y1_nocap,0.889461223822222
BFA,L,3,Y1_nocap,0.769650040994968
BFA,L,4,Y1_nocap,0.6493031028571512
BFA,L,5,Y1_nocap,0.5819294106771673
BFA,L,6,Y1_nocap,0.5444953159611337
BFA,L,7,Y1_nocap,0.5695432767071649
BFA,L,8,Y1_nocap,0.6517780513973361
BFA,L,9,Y1_nocap,0.6390314919525789
BFA,L,10,Y1_nocap,0.5796285293027182
BFA,L,0,Y2_nocap,0.0
BFA,L,1,Y2_nocap,0.25122870475643433
BFA,L,2,Y2_nocap,0.5971752799661751
BFA,L,3,Y2_nocap,0.689684732338397
BFA,L,4,Y2_nocap,0.6233269108839208
BFA,L,5,Y2_nocap,0.5129841143087
BFA,L,6,Y2_nocap,0.4198275345582614
BFA,L,7,Y2_nocap,0.36458158022421366
BFA,L,8,Y2_nocap,0.3502368720010856
BFA,L,9,Y2_nocap,0.3799191673011261
BFA,L,10,Y2_nocap,0.4139908537891515
BGD,G,0,Z1,1.0
BGD,G,1,Z1,0.006737946999085479
BGD,G,2,Z1,4.539992976248501e-05
BGD,G,3,Z1,3.0590232050182743e-07
BGD,G,4,Z1,2.0611536224385723e-09
BGD,G,5,Z1,1.388794386496412e-11
BGD,G,6,Z1,9.357622968840275e-14
BGD,G,7,Z1,6.305116760147079e-16
BGD,G,8,Z1,4.24835425529165e-18
BGD,G,9,Z1,2.8625185805494346e-20
BGD,G,10,Z1,1.928749847963945e-22
BGD,G,0,Z2,0.0
BGD,G,1,Z2,0.44259792934328174
BGD,G,2,Z2,1.5671434164716849
BGD,G,3,Z2,2.3409487050108435
BGD,G,4,Z2,2.4559384877905446
BGD,G,5,Z2,2.1230337681456364
BGD,G,6,Z2,1.6237158042939095
BGD,G,7,Z2,1.141194748694902
BGD,G,8,Z2,0.7539542319763634
BGD,G,9,Z2,0.4751294261709332
BGD,G,10,Z2,0.28846543236394623
BGD,G,0,Y1,1.000000000000003
BGD,G,1,Y1,0.7377574090185688
BGD,G,2,Y1,0.424191181818822
BGD,G,3,Y1,0.3021197416914023
BGD,G,4,Y1,0.5183401899693887
BGD,G,5,Y1,0.472756881297601
BGD,G,6,Y1,0.4547764793452203
BGD,G,7,Y1,0.45593918272871037
BGD,G,8,Y1,0.6375864826412754
BGD,G,9,Y1,0.4620601180733287
BGD,G,10,Y1,0.5483340280597953
BGD,G,0,Y2,0.0
BGD,G,1,Y2,0.4425979293432831
BGD,G,2,Y2,1.8906911166711529
BGD,G,3,Y2,3.672107039775522
BGD,G,4,Y2,4.956648293799169
BGD,G,5,Y2,5.597246714138955
BGD,G,6,Y2,5.922648486574899
BGD,G,7,Y2,6.097069446749126
BGD,G,8,Y2,6.178912046596442
BGD,G,9,Y2,6.286934786366048
BGD,G,10,Y2,6.494196043319686
BGD,G,0,Y1_nocap,1.000000000000003
BGD,G,1,Y1_nocap,0.6858909991440632
BGD,G,2,Y1_nocap,0.3392319525168019
BGD,G,3,Y1_nocap,0.2036311934130046
BGD,G,4,Y1_nocap,0.4140028451468385
BGD,G,5,Y1_nocap,0.35193939116310613
BGD,G,6,Y1_nocap,0.32148645171793155
BGD,G,7,Y1_nocap,0.3123529315753106
BGD,G,8,Y1_nocap,0.48467042035323693
BGD,G,9,Y1_nocap,0.29132320038202614
BGD,G,10,Y1_nocap,0.37065723535760925
BGD,G,0,Y2_nocap,0.0
BGD,G,1,Y2_nocap,0.4425979293432831
BGD,G,2,Y2_nocap,1.8677351510582267
BGD,G,3,Y2_nocap,3.553376834116606
BGD,G,4,Y2_nocap,4.659298604400817
BGD,G,5,Y2_nocap,5.072464555100014
BGD,G,6,Y2_nocap,5.159887402695344
BGD,G,7,Y2_nocap,5.103182771575389
BGD,G,8,Y2_nocap,4.96790054643499
BGD,G,9,Y2_nocap,4.876204807889947
BGD,G,10,Y2_nocap,4.898060339244524
BGD,L,0,Z1,1.0
BGD,L,1,Z1,0.6046297049860326
BGD,L,2,Z1,0.36557708015149687
BGD,L,3,Z1,0.22103876212165477
BGD,L,4,Z1,0.13364660153209396
BGD,L,5,Z1,0.08080670525673583
BGD,L,6,Z1,0.048858134360273475
BGD,L,7,Z1,0.029541079364420096
BGD,L,8,Z1,0.0178614141010783
BGD,L,9,Z1,0.010799541538568335
BGD,L,10,Z1,0.006529723614448978
BGD,L,0,Z2,0.0
BGD,L,1,Z2,0.25301429939754394
BGD,L,2,Z2,0.5121298855970401
BGD,L,3,Z2,0.4373196216914681
BGD,L,4,Z2,0.2622770197216373
BGD,L,5,Z2,0.12960905545497245
BGD,L,6,Z2,0.056666207856701845
BGD,L,7,Z2,0.02276719806467594
BGD,L,8,Z2,0.008598654384258017
BGD,L,9,Z2,0.003097655572822868
BGD,L,10,Z2,0.0010751044643795278
BGD,L,0,Y1,1.00511673509676
BGD,L,1,Y1,1.0392066716226522
BGD,L,2,Y1,1.002937714608563
BGD,L,3,Y1,0.9271787308321306
BGD,L,4,Y1,0.8409898092783301
BGD,L,5,Y1,0.798847691347065
BGD,L,6,Y1,0.7816349912620477
BGD,L,7,Y1,0.8239937177585768
BGD,L,8,Y1,0.9244772965835979
BGD,L,9,Y1,0.934129591949119
BGD,L,10,Y1,0.8951594379457983
BGD,L,0,Y2,0.0
BGD,L,1,Y2,0.2543089065432535
BGD,L,2,Y2,0.623921747368065
BGD,L,3,Y2,0.755312517843002
BGD,L,4,Y2,0.7253203429076831
BGD,L,5,Y2,0.6424814044173031
BGD,L,6,Y2,0.5684715541716802
BGD,L,7,Y2,0.5268967836262552
BGD,L,8,Y2,0.5236327758153254
BGD,L,9,Y2,0.5644318883160342
BGD,L,10,Y2,0.6116833707590328
BGD,L,0,Y1_nocap,1.00511673509676
BGD,L,1,Y1_nocap,0.987074875068399
BGD,L,2,Y1_nocap,0.9021044714148276
BGD,L,3,Y1_nocap,0.7843815868832991
BGD,L,4,Y1_nocap,0.664342662541744
BGD,L,5,Y1_nocap,0.5961963024669121
BGD,L,6,Y1_nocap,0.5577582086482552
BGD,L,7,Y1_nocap,0.5819008537571406
BGD,L,8,Y1_nocap,0.6637878252477794
BGD,L,9,Y1_nocap,0.6514862051603145
BGD,L,10,Y1_nocap,0.5922507038303002
BGD,L,0,Y2_nocap,0.0
BGD,L,1,Y2_nocap,0.2543089065432535
BGD,L,2,Y2_nocap,0.6107316573865553
BGD,L,3,Y2_nocap,0.7110771346693184
BGD,L,4,Y2_nocap,0.6463206699877346
BGD,L,5,Y2_nocap,0.5337396496640646
BGD,L,6,Y2_nocap,0.43725009344209653
BGD,L,7,Y2_nocap,0.37927587090122883
BGD,L,8,Y2_nocap,0.363404063865628
BGD,L,9,Y2_nocap,0.3930218925918655
BGD,L,10,Y2_nocap,0.428090961747408
BGR,G,0,Z1,1.0
BGR,G,1,Z1,0.951229424500714
BGR,G,2,Z1,0.9048374180359595
BGR,G,3,Z1,0.8607079764250578
BGR,G,4,Z1,0.8187307530779818
BGR,G,5,Z1,0.7788007830714049
BGR,G,6,Z1,0.7408182206817179
BGR,G,7,Z1,0.7046880897187134
BGR,G,8,Z1,0.6703200460356393
BGR,G,9,Z1,0.6376281516217733
BGR,G,10,Z1,0.6065306597126334
BGR,G,0,Z2,0.0
BGR,G,1,Z2,0.40403074022784596
BGR,G,2,Z2,1.3059267123924894
BGR,G,3,Z2,1.7807665599829852
BGR,G,4,Z2,1.7054445781402554
BGR,G,5,Z2,1.3458047564913558
BGR,G,6,Z2,0.9395939381195955
BGR,G,7,Z2,0.6028301767402572
BGR,G,8,Z2,0.36356765113849926
BGR,G,9,Z2,0.20914968312076213
BGR,G,10,Z2,0.11591618832606448
BGR,G,0,Y1,1.000000000000003
BGR,G,1,Y1,1.7020516930602654
BGR,G,2,Y1,2.069667577576372
BGR,G,3,Y1,2.3030647142195693
BGR,G,4,Y1,2.742763215192225
BGR,G,5,Y1,3.118691614513831
BGR,G,6,Y1,3.4615789924435
BGR,G,7,Y1,3.7910649813649715
BGR,G,8,Y1,4.287730883731672
BGR,G,9,Y1,4.588233745824821
BGR,G,10,Y1,4.961982499723939
BGR,G,0,Y2,0.0
BGR,G,1,Y2,0.40403074022784724
BGR,G,2,Y2,1.6092819893381585
BGR,G,3,Y2,2.943352142844585
BGR,G,4,Y2,3.7660502272122716
BGR,G,5,Y2,4.088401603008205
BGR,G,6,Y2,4.240776363329052
BGR,G,7,Y2,4.33357755137875
BGR,G,8,Y2,4.386379338643037
BGR,G,9,Y2,4.487666145687758
BGR,G,10,Y2,4.670468612574639
BGR,G,0,Y1_nocap,1.000000000000003
BGR,G,1,Y1_nocap,1.6303824766456947
BGR,G,2,Y1_nocap,1.8854782402931523
BGR,G,3,Y1_nocap,1.9948678479192243
BGR,G,4,Y1_nocap,2.310207783889443
BGR,G,5,Y1_nocap,2.5466874826812607
BGR,G,6,Y1_nocap,2.7415991712874517
BGR,G,7,Y1_nocap,2.9180765748181083
BGR,G,8,Y1_nocap,3.2583261037685176
BGR,G,9,Y1_nocap,3.387473181301042
BGR,G,10,Y1_nocap,3.5909584798344243
BGR,G,0,Y2_nocap,0.0
BGR,G,1,Y2_nocap,0.40403074022784724
BGR,G,2,Y2_nocap,1.5803254227786296
BGR,G,3,Y2_nocap,2.80288358253188
BGR,G,4,Y2_nocap,3.433184112225371
BGR,G,5,Y2_nocap,3.5295837026699375
BGR,G,6,Y2_nocap,3.4627430534575407
BGR,G,7,Y2_nocap,3.3543576972074005
BGR,G,8,Y2_nocap,3.2258905163909337
BGR,G,9,Y2_nocap,3.1660623550786426
BGR,G,10,Y2_nocap,3.201767445815265
BGR,L,0,Z1,1.0
BGR,L,1,Z1,0.9512294245007139
BGR,L,2,Z1,0.9048374180359594
BGR,L,3,Z1,0.8607079764250576
BGR,L,4,Z1,0.8187307530779815
BGR,L,5,Z1,0.7788007830714044
BGR,L,6,Z1,0.7408182206817174
BGR,L,7,Z1,0.704688089718713
BGR,L,8,Z1,0.6703200460356388
BGR,L,9,Z1,0.6376281516217727
BGR,L,10,Z1,0.6065306597126329
BGR,L,0,Z2,0.0
BGR,L,1,Z2,0.7408182206817172
BGR,L,2,Z2,4.390493088752204
BGR,L,3,Z2,10.977380812996149
BGR,L,4,Z2,19.27642956238087
BGR,L,5,Z2,27.891270018553616
BGR,L,6,Z2,35.70455985586252
BGR,L,7,Z2,42.00255489077255
BGR,L,8,Z2,46.44759208417889
BGR,L,9,Z2,48.992818787277216
BGR,L,10,Z2,49.78706836786354
BGR,L,0,Y1,1.00511673509676
BGR,L,1,Y1,1.4074839823420044
BGR,L,2,Y1,1.7390033491841483
BGR,L,3,Y1,2.0041575205883584
BGR,L,4,Y1,2.2179398648114144
BGR,L,5,Y1,2.432017686782894
BGR,L,6,Y1,2.6446469521158527
BGR,L,7,Y1,2.900338682877178
BGR,L,8,Y1,3.2199294823784483
BGR,L,9,Y1,3.4754746996215884
BGR,L,10,Y1,3.6748766829082653
BGR,L,0,Y2,0.0
BGR,L,1,Y2,0.7446087912717987
BGR,L,2,Y2,4.74735406626848
BGR,L,3,Y2,13.31181045407771
BGR,L,4,Y2,26.34628808361787
BGR,L,5,Y2,42.89517183041915
BGR,L,6,Y2,61.638929957281604
BGR,L,7,Y2,81.32117807514457
BGR,L,8,Y2,100.97516462314103
BGR,L,9,Y2,120.07988395697241
BGR,L,10,Y2,138.49114404437765
BGR,L,0,Y1_nocap,1.00511673509676
BGR,L,1,Y1_nocap,1.3354480535324482
BGR,L,2,Y1_nocap,1.575607164315366
BGR,L,3,Y1_nocap,1.737706322616078
BGR,L,4,Y1_nocap,1.8430396402813627
BGR,L,5,Y1_nocap,1.9476685307615056
BGR,L,6,Y1_nocap,2.0499598298083406
BGR,L,7,Y1_nocap,2.194645781766777
BGR,L,8,Y1_nocap,2.39956492768241
BGR,L,9,Y1_nocap,2.532677133418865
BGR,L,10,Y1_nocap,2.6074998038698944
BGR,L,0,Y2_nocap,0.0
BGR,L,1,Y2_nocap,0.7446087912717987
BGR,L,2,Y2_nocap,4.69398853766263
BGR,L,3,Y2_nocap,12.925253196620755
BGR,L,4,Y2_nocap,25.056732302745484
BGR,L,5,Y2_nocap,39.88769612780756
BGR,L,6,Y2_nocap,55.95435619372316
BGR,L,7,Y2_nocap,71.96969162789372
BGR,L,8,Y2_nocap,87.03040430475394
BGR,L,9,Y2_nocap,100.73984872260084
BGR,L,10,Y2_nocap,113.09911013821142
BHR,G,0,Z1,1.0
BHR,G,1,Z1,0.9183939104750913
BHR,G,2,Z1,0.84344737479773
BHR,G,3,Z1,0.7746169328204372
BHR,G,4,Z1,0.7114034740531825
BHR,G,5,Z1,0.6533486184612673
BHR,G,6,Z1,0.6000313926121418
BHR,G,7,Z1,0.5510651770688797
BHR,G,8,Z1,0.5060949028949371
BHR,G,9,Z1,0.46479447694119286
BHR,G,10,Z1,0.42686441724524676
BHR,G,0,Z2,0.0
BHR,G,1,Z2,0.11284319984249443
BHR,G,2,Z2,0.10186870200554507
BHR,G,3,Z2,0.03879626725611192
BHR,G,4,Z2,0.010377232448294542
BHR,G,5,Z2,0.00228710959956039
BHR,G,6,Z2,0.0004459704749652331
BHR,G,7,Z2,7.991381598431201e-05
BHR,G,8,Z2,1.3460869160742144e-05
BHR,G,9,Z2,2.1627487168857963e-06
BHR,G,10,Z2,3.347757005056825e-07
BHR,G,0,Y1,1.000000000000003
BHR,G,1,Y1,1.6581352421198219
BHR,G,2,Y1,1.9574767538229658
BHR,G,3,Y1,2.116604774253811
BHR,G,4,Y1,2.482949453224965
BHR,G,5,Y1,2.777386791394803
BHR,G,6,Y1,3.034785268954741
BHR,G,7,Y1,3.2769787466848372
BHR,G,8,Y1,3.6855631374954374
BHR,G,9,Y1,3.8901320404129827
BHR,G,10,Y1,4.170028879203083
BHR,G,0,Y2,0.0
BHR,G,1,Y2,0.11284319984249477
BHR,G,2,Y2,0.18534348092408431
BHR,G,3,Y2,0.16320066774132752
BHR,G,4,Y2,0.11933653688299413
BHR,G,5,Y2,0.12014013144264862
BHR,G,6,Y2,0.13002391448092743
BHR,G,7,Y2,0.13088365188471407
BHR,G,8,Y2,0.13045975946909683
BHR,G,9,Y2,0.15154252486727357
BHR,G,10,Y2,0.15132524167190084
BHR,G,0,Y1_nocap,1.000000000000003
BHR,G,1,Y1_nocap,1.597546962620072
BHR,G,2,Y1_nocap,1.8017878574856718
BHR,G,3,Y1_nocap,1.8560964627793526
BHR,G,4,Y1_nocap,2.117258477629176
BHR,G,5,Y1_nocap,2.2936271546914333
BHR,G,6,Y1_nocap,2.425568314522306
BHR,G,7,Y1_nocap,2.5378139424013284
BHR,G,8,Y1_nocap,2.8132786734754376
BHR,G,9,Y1_nocap,2.871755518966946
BHR,G,10,Y1_nocap,3.0060970960663105
BHR,G,0,Y2_nocap,0.0
BHR,G,1,Y2_nocap,0.11284319984249477
BHR,G,2,Y2_nocap,0.17850650559238113
BHR,G,3,Y2_nocap,0.14573922161999678
BHR,G,4,Y2_nocap,0.09353263524103567
BHR,G,5,Y2_nocap,0.08938985524710917
BHR,G,6,Y2_nocap,0.09471640146757865
BHR,G,7,Y2_nocap,0.09082344243795892
BHR,G,8,Y2_nocap,0.08601544639355524
BHR,G,9,Y2_nocap,0.10312784806138185
BHR,G,10,Y2_nocap,0.09801426763594669
BHR,L,0,Z1,1.0
BHR,L,1,Z1,0.951229424500714
BHR,L,2,Z1,0.9048374180359595
BHR,L,3,Z1,0.8607079764250578
BHR,L,4,Z1,0.8187307530779818
BHR,L,5,Z1,0.7788007830714049
BHR,L,6,Z1,0.7408182206817179
BHR,L,7,Z1,0.7046880897187134
BHR,L,8,Z1,0.6703200460356393
BHR,L,9,Z1,0.6376281516217733
BHR,L,10,Z1,0.6065306597126334
BHR,L,0,Z2,0.0
BHR,L,1,Z2,0.7408182206817179
BHR,L,2,Z2,4.390493088752212
BHR,L,3,Z2,10.977380812996177
BHR,L,4,Z2,19.276429562380937
BHR,L,5,Z2,27.891270018553726
BHR,L,6,Z2,35.7045598558627
BHR,L,7,Z2,42.00255489077279
BHR,L,8,Z2,46.447592084179206
BHR,L,9,Z2,48.99281878727759
BHR,L,10,Z2,49.787068367863945
BHR,L,0,Y1,1.00511673509676
BHR,L,1,Y1,1.3963463472083666
BHR,L,2,Y1,1.7157172953268367
BHR,L,3,Y1,1.9693670266179157
BHR,L,4,Y1,2.1735155597657516
BHR,L,5,Y1,2.3805820891870604
BHR,L,6,Y1,2.588789609803289
BHR,L,7,Y1,2.842631591455828
BHR,L,8,Y1,3.1624247184925878
BHR,L,9,Y1,3.419618601275112
BHR,L,10,Y1,3.623122849072969
BHR,L,0,Y2,0.0
BHR,L,1,Y2,0.7446087912717994
BHR,L,2,Y2,4.739103103226186
BHR,L,3,Y2,13.253508569839498
BHR,L,4,Y2,26.15893957892191
BHR,L,5,Y2,42.47726715890768
BHR,L,6,Y2,60.88833702971306
BHR,L,7,Y2,80.1560629229686
BHR,L,8,Y2,99.34868052314462
BHR,L,9,Y2,117.98714381396303
BHR,L,10,Y2,135.96840660866226
BHR,L,0,Y1_nocap,1.00511673509676
BHR,L,1,Y1_nocap,1.3354480535324482
BHR,L,2,Y1_nocap,1.575607164315366
BHR,L,3,Y1_nocap,1.7377063226160785
BHR,L,4,Y1_nocap,1.843039640281363
BHR,L,5,Y1_nocap,1.947668530761506
BHR,L,6,Y1_nocap,2.0499598298083415
BHR,L,7,Y1_nocap,2.194645781766778
BHR,L,8,Y1_nocap,2.3995649276824107
BHR,L,9,Y1_nocap,2.5326771334188667
BHR,L,10,Y1_nocap,2.6074998038698958
BHR,L,0,Y2_nocap,0.0
BHR,L,1,Y2_nocap,0.7446087912717994
BHR,L,2,Y2_nocap,4.693988537662639
BHR,L,3,Y2_nocap,12.925253196620789
BHR,L,4,Y2_nocap,25.056732302745566
BHR,L,5,Y2_nocap,39.8876961278077
BHR,L,6,Y2_nocap,55.954356193723406
BHR,L,7,Y2_nocap,71.9696916278941
BHR,L,8,Y2_nocap,87.03040430475446
BHR,L,9,Y2_nocap,100.7398487226015
BHR,L,10,Y2_nocap,113.09911013821221
BHS,G,0,Z1,1.0
BHS,G,1,Z1,0.006737946999085479
BHS,G,2,Z1,4.539992976248501e-05
BHS,G,3,Z1,3.0590232050182743e-07
BHS,G,4,Z1,2.0611536224385723e-09
BHS,G,5,Z1,1.388794386496412e-11
BHS,G,6,Z1,9.357622968840275e-14
BHS,G,7,Z1,6.305116760147079e-16
BHS,G,8,Z1,4.24835425529165e-18
BHS,G,9,Z1,2.8625185805494346e-20
BHS,G,10,Z1,1.928749847963945e-22
BHS,G,0,Z2,0.0
BHS,G,1,Z2,0.5193054272592805
BHS,G,2,Z2,2.157425014247551
BHS,G,3,Z2,3.781223500962433
BHS,G,4,Z2,4.654482692101046
BHS,G,5,Z2,4.72089477166496
BHS,G,6,Z2,4.236341085697956
BHS,G,7,Z2,3.4934469292170207
BHS,G,8,Z2,2.708026141383525
BHS,G,9,Z2,2.002319058916727
BHS,G,10,Z2,1.4263582364885474
BHS,G,0,Y1,1.000000000000003
BHS,G,1,Y1,0.7455846950551345
BHS,G,2,Y1,0.43746037410450817
BHS,G,3,Y1,0.31814610321705467
BHS,G,4,Y1,0.536052572226991
BHS,G,5,Y1,0.49377776674316043
BHS,G,6,Y1,0.47861020607792476
BHS,G,7,Y1,0.48232745055383325
BHS,G,8,Y1,0.6664319615020192
BHS,G,9,Y1,0.4946824246530489
BHS,G,10,Y1,0.5832010652055093
BHS,G,0,Y2,0.0
BHS,G,1,Y2,0.5193054272592822
BHS,G,2,Y2,2.541112140425934
BHS,G,3,Y2,5.599796663447025
BHS,G,4,Y2,8.544861356605217
BHS,G,5,Y2,10.752262817204937
BHS,G,6,Y2,12.335378107470927
BHS,G,7,Y2,13.455169995166614
BHS,G,8,Y2,14.221801190662774
BHS,G,9,Y2,14.826288565521907
BHS,G,10,Y2,15.462902257566869
BHS,G,0,Y1_nocap,1.000000000000003
BHS,G,1,Y1_nocap,0.6858909991440632
BHS,G,2,Y1_nocap,0.3392319525168019
BHS,G,3,Y1_nocap,0.2036311934130046
BHS,G,4,Y1_nocap,0.4140028451468385
BHS,G,5,Y1_nocap,0.35193939116310613
BHS,G,6,Y1_nocap,0.32148645171793155
BHS,G,7,Y1_nocap,0.3123529315753106
BHS,G,8,Y1_nocap,0.48467042035323693
BHS,G,9,Y1_nocap,0.29132320038202614
BHS,G,10,Y1_nocap,0.37065723535760925
BHS,G,0,Y2_nocap,0.0
BHS,G,1,Y2_nocap,0.5193054272592822
BHS,G,2,Y2_nocap,2.5101128801661496
BHS,G,3,Y2_nocap,5.420210309626626
BHS,G,4,Y2_nocap,8.048968933458287
BHS,G,5,Y2_nocap,9.795906969560642
BHS,G,6,Y2_nocap,10.83285736530642
BHS,G,7,Y2_nocap,11.366622732559215
BHS,G,8,Y2_nocap,11.539011173992584
BHS,G,9,Y2_nocap,11.562943010848429
BHS,G,10,Y2_nocap,11.640998024635353
BHS,L,0,Z1,1.0
BHS,L,1,Z1,0.9512294245007098
BHS,L,2,Z1,0.9048374180359516
BHS,L,3,Z1,0.8607079764250465
BHS,L,4,Z1,0.8187307530779674
BHS,L,5,Z1,0.7788007830713878
BHS,L,6,Z1,0.7408182206816983
BHS,L,7,Z1,0.7046880897186917
BHS,L,8,Z1,0.6703200460356157
BHS,L,9,Z1,0.637628151621748
BHS,L,10,Z1,0.6065306597126068
BHS,L,0,Z2,0.0
BHS,L,1,Z2,0.2065122879210571
BHS,L,2,Z2,0.3411786004991167
BHS,L,3,Z2,0.23779431015337196
BHS,L,4,Z2,0.11640283743853588
BHS,L,5,Z2,0.04695042242174793
BHS,L,6,Z2,0.01675441005668683
BHS,L,7,Z2,0.005494338439240142
BHS,L,8,Z2,0.0016937025704677762
BHS,L,9,Z2,0.0004980129226820712
BHS,L,10,Z2,0.0001410778985971565
BHS,L,0,Y1,1.00511673509676
BHS,L,1,Y1,1.3954471862724387
BHS,L,2,Y1,1.712903159625085
BHS,L,3,Y1,1.9635162338808505
BHS,L,4,Y1,2.1634682252605395
BHS,L,5,Y1,2.3651856571618826
BHS,L,6,Y1,2.566893656212252
BHS,L,7,Y1,2.8130909859910207
BHS,L,8,Y1,3.1240623607279607
BHS,L,9,Y1,3.3711799647282223
BHS,L,10,Y1,3.5633538705241805
BHS,L,0,Y2,0.0
BHS,L,1,Y2,0.207568956592575
BHS,L,2,Y2,0.4336556130049089
BHS,L,3,Y2,0.4685211712723843
BHS,L,4,Y2,0.42200876765617024
BHS,L,5,Y2,0.36507920886951817
BHS,L,6,Y2,0.32614034063266417
BHS,L,7,Y2,0.31049616499365973
BHS,L,8,Y2,0.31861337769619197
BHS,L,9,Y2,0.3532638520622622
BHS,L,10,Y2,0.3828514310374723
BHS,L,0,Y1_nocap,1.00511673509676
BHS,L,1,Y1_nocap,1.335448053532444
BHS,L,2,Y1_nocap,1.5756071643153564
BHS,L,3,Y1_nocap,1.737706322616063
BHS,L,4,Y1_nocap,1.843039640281341
BHS,L,5,Y1_nocap,1.9476685307614772
BHS,L,6,Y1_nocap,2.0499598298083055
BHS,L,7,Y1_nocap,2.1946457817667357
BHS,L,8,Y1_nocap,2.399564927682361
BHS,L,9,Y1_nocap,2.5326771334188094
BHS,L,10,Y1_nocap,2.607499803869831
BHS,L,0,Y2_nocap,0.0
BHS,L,1,Y2_nocap,0.207568956592575
BHS,L,2,Y2_nocap,0.4212650548294934
BHS,L,3,Y2_nocap,0.43148370454162444
BHS,L,4,Y2_nocap,0.36070890716274606
BHS,L,5,Y2_nocap,0.28472075242004846
BHS,L,6,Y2_nocap,0.23202831715007521
BHS,L,7,Y2_nocap,0.20633093767414484
BHS,L,8,Y2_nocap,0.2063345652790195
BHS,L,9,Y2_nocap,0.23319862149050552
BHS,L,10,Y2_nocap,0.25371034979748014
BIH,G,0,Z1,1.0
BIH,G,1,Z1,0.951229424500714
BIH,G,2,Z1,0.9048374180359595
BIH,G,3,Z1,0.8607079764250578
BIH,G,4,Z1,0.8187307530779818
BIH,G,5,Z1,0.7788007830714049
BIH,G,6,Z1,0.7408182206817179
BIH,G,7,Z1,0.7046880897187134
BIH,G,8,Z1,0.6703200460356393
BIH,G,9,Z1,0.6376281516217733
BIH,G,10,Z1,0.6065306597126334
BIH,G,0,Z2,0.0
BIH,G,1,Z2,0.39435054716918094
BIH,G,2,Z2,1.2440988324210591
BIH,G,3,Z2,1.6558123116300203
BIH,G,4,Z2,1.5477819048314427
BIH,G,5,Z2,1.1921262520875715
BIH,G,6,Z2,0.8123598255838672
BIH,G,7,Z2,0.5087111472639798
BIH,G,8,Z2,0.29945360311545616
BIH,G,9,Z2,0.16813942508442292
BIH,G,10,Z2,0.09095456005864704
BIH,G,0,Y1,1.000000000000003
BIH,G,1,Y1,1.674299173646632
BIH,G,2,Y1,1.9973373480066179
BIH,G,3,Y1,2.1802121983334626
BIH,G,4,Y1,2.567719514862474
BIH,G,5,Y1,2.8842031784069686
BIH,G,6,Y1,3.162839286390107
BIH,G,7,Y1,3.424626091400263
BIH,G,8,Y1,3.850828389681127
BIH,G,9,Y1,4.073710337657258
BIH,G,10,Y1,4.368793375788773
BIH,G,0,Y2,0.0
BIH,G,1,Y2,0.39435054716918216
BIH,G,2,Y2,1.529241783638237
BIH,G,3,Y2,2.7149741220809185
BIH,G,4,Y2,3.359060905673849
BIH,G,5,Y2,3.5248277653341145
BIH,G,6,Y2,3.5534030230112847
BIH,G,7,Y2,3.5449609450332153
BIH,G,8,Y2,3.5116445456850665
BIH,G,9,Y2,3.5364388306364285
BIH,G,10,Y2,3.641908281552296
BIH,G,0,Y1_nocap,1.000000000000003
BIH,G,1,Y1_nocap,1.6303824766456947
BIH,G,2,Y1_nocap,1.8854782402931523
BIH,G,3,Y1_nocap,1.9948678479192243
BIH,G,4,Y1_nocap,2.310207783889443
BIH,G,5,Y1_nocap,2.5466874826812607
BIH,G,6,Y1_nocap,2.7415991712874517
BIH,G,7,Y1_nocap,2.9180765748181083
BIH,G,8,Y1_nocap,3.2583261037685176
BIH,G,9,Y1_nocap,3.387473181301042
BIH,G,10,Y1_nocap,3.5909584798344243
BIH,G,0,Y2_nocap,0.0
BIH,G,1,Y2_nocap,0.39435054716918216
BIH,G,2,Y2_nocap,1.5119232101460542
BIH,G,3,Y2_nocap,2.632699646981744
BIH,G,4,Y2_nocap,3.1680210617134357
BIH,G,5,Y2_nocap,3.2105740055094993
BIH,G,6,Y2_nocap,3.1243312403169643
BIH,G,7,Y2_nocap,3.0144238713880993
BIH,G,8,Y2_nocap,2.892921797793627
BIH,G,9,Y2_nocap,2.842212930954542
BIH,G,10,Y2_nocap,2.8806961959408266
BIH,L,0,Z1,1.0
BIH,L,1,Z1,0.951229424500714
BIH,L,2,Z1,0.9048374180359595
BIH,L,3,Z1,0.8607079764250578
BIH,L,4,Z1,0.8187307530779818
BIH,L,5,Z1,0.7788007830714049
BIH,L,6,Z1,0.7408182206817179
BIH,L,7,Z1,0.7046880897187134
BIH,L,8,Z1,0.6703200460356393
BIH,L,9,Z1,0.6376281516217733
BIH,L,10,Z1,0.6065306597126334
BIH,L,0,Z2,0.0
BIH,L,1,Z2,0.7408181240264241
BIH,L,2,Z2,4.390491943088242
BIH,L,3,Z2,10.977376516307194
BIH,L,4,Z2,19.27641950232277
BIH,L,5,Z2,27.891251823549084
BIH,L,6,Z2,35.70453190541412
BIH,L,7,Z2,42.002516529980554
BIH,L,8,Z2,46.4475436036912
BIH,L,9,Z2,48.992761258029255
BIH,L,10,Z2,49.78700341021632
BIH,L,0,Y1,1.00511673509676
BIH,L,1,Y1,1.379589460638264
BIH,L,2,Y1,1.6747197163388314
BIH,L,3,Y1,1.897757490438005
BIH,L,4,Y1,2.066071622753204
BIH,L,5,Y1,2.2330604274599217
BIH,L,6,Y1,2.397111530030299
BIH,L,7,Y1,2.602904509404677
BIH,L,8,Y1,2.8701941210830637
BIH,L,9,Y1,3.0694802196142983
BIH,L,10,Y1,3.2108098311972033
BIH,L,0,Y2,0.0
BIH,L,1,Y2,0.7446086941219461
BIH,L,2,Y2,4.726688103874301
BIH,L,3,Y2,13.161369361149331
BIH,L,4,Y2,25.840804642161082
BIH,L,5,Y2,41.70684492688068
BIH,L,6,Y2,59.37367297243907
BIH,L,7,Y2,77.56145937440407
BIH,L,8,Y2,95.31697705403577
BIH,L,9,Y2,112.15814130231277
BIH,L,10,Y2,127.99029648538408
BIH,L,0,Y1_nocap,1.00511673509676
BIH,L,1,Y1_nocap,1.3354480535324482
BIH,L,2,Y1_nocap,1.575607164315366
BIH,L,3,Y1_nocap,1.7377063226160785
BIH,L,4,Y1_nocap,1.843039640281363
BIH,L,5,Y1_nocap,1.947668530761506
BIH,L,6,Y1_nocap,2.0499598298083415
BIH,L,7,Y1_nocap,2.194645781766778
BIH,L,8,Y1_nocap,2.3995649276824107
BIH,L,9,Y1_nocap,2.5326771334188667
BIH,L,10,Y1_nocap,2.6074998038698958
BIH,L,0,Y2_nocap,0.0
BIH,L,1,Y2_nocap,0.7446086941219461
BIH,L,2,Y2_nocap,4.693987349470285
BIH,L,3,Y2_nocap,12.925248413829646
BIH,L,4,Y2_nocap,25.056720188403155
BIH,L,5,Y2_nocap,39.88767241955149
BIH,L,6,Y2_nocap,55.95431686349404
BIH,L,7,Y2_nocap,71.96963345061373
BIH,L,8,Y2_nocap,87.03032514576694
BIH,L,9,Y2_nocap,100.73974754466059
BIH,L,10,Y2_nocap,113.09898678822611
BLR,G,0,Z1,1.0
BLR,G,1,Z1,0.951229424500714
BLR,G,2,Z1,0.9048374180359595
BLR,G,3,Z1,0.8607079764250578
BLR,G,4,Z1,0.8187307530779818
BLR,G,5,Z1,0.7788007830714049
BLR,G,6,Z1,0.7408182206817179
BLR,G,7,Z1,0.7046880897187134
BLR,G,8,Z1,0.6703200460356393
BLR,G,9,Z1,0.6376281516217733
BLR,G,10,Z1,0.6065306597126334
BLR,G,0,Z2,0.0
BLR,G,1,Z2,0.4138141111327242
BLR,G,2,Z2,1.369936948580533
BLR,G,3,Z2,1.9132849373109637
BLR,G,4,Z2,1.876727243086142
BLR,G,5,Z2,1.5168285467505074
BLR,G,6,Z2,1.0846397781751163
BLR,G,7,Z2,0.7127400985033457
BLR,G,8,Z2,0.44026314311771386
BLR,G,9,Z2,0.25940311874884414
BLR,G,10,Z2,0.14724920577518436
BLR,G,0,Y1,1.000000000000003
BLR,G,1,Y1,1.6595639976269714
BLR,G,2,Y1,1.961168958844744
BLR,G,3,Y1,2.1228099298037253
BLR,G,4,Y1,2.4916813438634584
BLR,G,5,Y1,2.7889357359370313
BLR,G,6,Y1,3.049299019513562
BLR,G,7,Y1,3.294520759520188
BLR,G,8,Y1,3.70614893429266
BLR,G,9,Y1,3.9139916891111772
BLR,G,10,Y1,4.197061652773749
BLR,G,0,Y2,0.0
BLR,G,1,Y2,0.4138141111327255
BLR,G,2,Y2,1.6630557903433558
BLR,G,3,Y2,3.0419602714545304
BLR,G,4,Y2,3.8625022336225334
BLR,G,5,Y2,4.126048221967322
BLR,G,6,Y2,4.189712434464912
BLR,G,7,Y2,4.185703314348076
BLR,G,8,Y2,4.144145420158237
BLR,G,9,Y2,4.160342838326515
BLR,G,10,Y2,4.272829367532391
BLR,G,0,Y1_nocap,1.000000000000003
BLR,G,1,Y1_nocap,1.6303824766456947
BLR,G,2,Y1_nocap,1.8854782402931523
BLR,G,3,Y1_nocap,1.9948678479192243
BLR,G,4,Y1_nocap,2.310207783889443
BLR,G,5,Y1_nocap,2.5466874826812607
BLR,G,6,Y1_nocap,2.7415991712874517
BLR,G,7,Y1_nocap,2.9180765748181083
BLR,G,8,Y1_nocap,3.2583261037685176
BLR,G,9,Y1_nocap,3.387473181301042
BLR,G,10,Y1_nocap,3.5909584798344243
BLR,G,0,Y2_nocap,0.0
BLR,G,1,Y2_nocap,0.4138141111327255
BLR,G,2,Y2_nocap,1.650980065176988
BLR,G,3,Y2_nocap,2.9821483253285104
BLR,G,4,Y2_nocap,3.7178553692534626
BLR,G,5,Y2_nocap,3.8782017631032417
BLR,G,6,Y2_nocap,3.837763624525334
BLR,G,7,Y2_nocap,3.734641629477538
BLR,G,8,Y2_nocap,3.6006069662781024
BLR,G,9,Y2_nocap,3.531622964216551
BLR,G,10,Y2_nocap,3.5640581851710897
BLR,L,0,Z1,1.0
BLR,L,1,Z1,0.9512294244992333
BLR,L,2,Z1,0.9048374180331427
BLR,L,3,Z1,0.8607079764210385
BLR,L,4,Z1,0.8187307530728841
BLR,L,5,Z1,0.7788007830653435
BLR,L,6,Z1,0.740818220674799
BLR,L,7,Z1,0.704688089711035
BLR,L,8,Z1,0.670320046027292
BLR,L,9,Z1,0.6376281516128405
BLR,L,10,Z1,0.6065306597031922
BLR,L,0,Z2,0.0
BLR,L,1,Z2,0.21460276428696673
BLR,L,2,Z2,0.3684347715168592
BLR,L,3,Z2,0.26685153144097296
BLR,L,4,Z2,0.13574418086268028
BLR,L,5,Z2,0.056896633689455405
BLR,L,6,Z2,0.021099182172560765
BLR,L,7,Z2,0.0071902054940743525
BLR,L,8,Z2,0.002303310329760007
BLR,L,9,Z2,0.0007037936343624907
BLR,L,10,Z2,0.00020718252321229262
BLR,L,0,Y1,1.00511673509676
BLR,L,1,Y1,1.3647788886248184
BLR,L,2,Y1,1.642835098050784
BLR,L,3,Y1,1.8484527900715
BLR,L,4,Y1,2.0004424625481345
BLR,L,5,Y1,2.1530941926999096
BLR,L,6,Y1,2.3047042560784248
BLR,L,7,Y1,2.49988926062941
BLR,L,8,Y1,2.7576816974226595
BLR,L,9,Y1,2.947712247750064
BLR,L,10,Y1,3.0812548596408185
BLR,L,0,Y2,0.0
BLR,L,1,Y2,0.21570082978285557
BLR,L,2,Y2,0.4580243006041738
BLR,L,3,Y2,0.49274551758968993
BLR,L,4,Y2,0.43378575138716624
BLR,L,5,Y2,0.36186595217389594
BLR,L,6,Y2,0.31039908150692896
BLR,L,7,Y2,0.28611886939178105
BLR,L,8,Y2,0.28897740725243704
BLR,L,9,Y2,0.3211896010746437
BLR,L,10,Y2,0.3491472812415394
BLR,L,0,Y1_nocap,1.00511673509676
BLR,L,1,Y1_nocap,1.33544805353096
BLR,L,2,Y1_nocap,1.575607164311973
BLR,L,3,Y1_nocap,1.7377063226105178
BLR,L,4,Y1_nocap,1.8430396402735005
BLR,L,5,Y1_nocap,1.9476685307512982
BLR,L,6,Y1_nocap,2.0499598297957475
BLR,L,7,Y1_nocap,2.1946457817517633
BLR,L,8,Y1_nocap,2.3995649276648785
BLR,L,9,Y1_nocap,2.5326771333986366
BLR,L,10,Y1_nocap,2.6074998038469026
BLR,L,0,Y2_nocap,0.0
BLR,L,1,Y2_nocap,0.21570082978285557
BLR,L,2,Y2_nocap,0.4517298223141866
BLR,L,3,Y2_nocap,0.47349921060714306
BLR,L,4,Y2_nocap,0.40142629966369603
BLR,L,5,Y2_nocap,0.31897640374264424
BLR,L,6,Y2_nocap,0.2597707788209785
BLR,L,7,Y2_nocap,0.22976270779488173
BLR,L,8,Y2_nocap,0.22797866812346426
BLR,L,9,Y2_nocap,0.255770231798319
BLR,L,10,Y2_nocap,0.27865804636586733
BLZ,G,0,Z1,1.0
BLZ,G,1,Z1,0.006737946999085479
BLZ,G,2,Z1,4.539992976248501e-05
BLZ,G,3,Z1,3.0590232050182743e-07
BLZ,G,4,Z1,2.0611536224385723e-09
BLZ,G,5,Z1,1.388794386496412e-11
BLZ,G,6,Z1,9.357622968840275e-14
BLZ,G,7,Z1,6.305116760147079e-16
BLZ,G,8,Z1,4.24835425529165e-18
BLZ,G,9,Z1,2.8625185805494346e-20
BLZ,G,10,Z1,1.928749847963945e-22
BLZ,G,0,Z2,0.0
BLZ,G,1,Z2,0.47298158166975945
BLZ,G,2,Z2,1.7896926127906185
BLZ,G,3,Z2,2.85690929411382
BLZ,G,4,Z2,3.2029996482773107
BLZ,G,5,Z2,2.9589059369724326
BLZ,G,6,Z2,2.4183498414204223
BLZ,G,7,Z2,1.8163675093882594
BLZ,G,8,Z2,1.282400843358072
BLZ,G,9,Z2,0.8636257672965861
BLZ,G,10,Z2,0.5603279580064455
BLZ,G,0,Y1,1.000000000000003
BLZ,G,1,Y1,0.7418283897217564
BLZ,G,2,Y1,0.43012182222526224
BLZ,G,3,Y1,0.30794880590763885
BLZ,G,4,Y1,0.5233434051179304
BLZ,G,5,Y1,0.4777639341839728
BLZ,G,6,Y1,0.4593171115124024
BLZ,G,7,Y1,0.45975338494655504
BLZ,G,8,Y1,0.6405456123636485
BLZ,G,9,Y1,0.4647948152859126
BLZ,G,10,Y1,0.5498358311571959
BLZ,G,0,Y2,0.0
BLZ,G,1,Y2,0.4729815816697609
BLZ,G,2,Y2,2.1373768530599166
BLZ,G,3,Y2,4.373570777660423
BLZ,G,4,Y2,6.208209961097202
BLZ,G,5,Y2,7.320436730122974
BLZ,G,6,Y2,7.983801577051489
BLZ,G,7,Y2,8.382733076757976
BLZ,G,8,Y2,8.60505158231466
BLZ,G,9,Y2,8.799383414453049
BLZ,G,10,Y2,9.082415219460186
BLZ,G,0,Y1_nocap,1.000000000000003
BLZ,G,1,Y1_nocap,0.6858909991440632
BLZ,G,2,Y1_nocap,0.3392319525168019
BLZ,G,3,Y1_nocap,0.2036311934130046
BLZ,G,4,Y1_nocap,0.4140028451468385
BLZ,G,5,Y1_nocap,0.35193939116310613
BLZ,G,6,Y1_nocap,0.32148645171793155
BLZ,G,7,Y1_nocap,0.3123529315753106
BLZ,G,8,Y1_nocap,0.48467042035323693
BLZ,G,9,Y1_nocap,0.29132320038202614
BLZ,G,10,Y1_nocap,0.37065723535760925
BLZ,G,0,Y2_nocap,0.0
BLZ,G,1,Y2_nocap,0.4729815816697609
BLZ,G,2,Y2_nocap,2.1109194975900003
BLZ,G,3,Y2_nocap,4.230649076891169
BLZ,G,4,Y2_nocap,5.837360872325739
BLZ,G,5,Y2_nocap,6.645697901038136
BLZ,G,6,Y2_nocap,6.97850647352481
BLZ,G,7,Y2_nocap,7.048442737235085
BLZ,G,8,Y2_nocap,6.957936148920381
BLZ,G,9,Y2_nocap,6.863600742341349
BLZ,G,10,Y2_nocap,6.880862718543307
BLZ,L,0,Z1,1.0
BLZ,L,1,Z1,0.7979219215568863
BLZ,L,2,Z1,0.6366793929010338
BLZ,L,3,Z1,0.5080204445992648
BLZ,L,4,Z1,0.405360649344829
BLZ,L,5,Z1,0.3234461482487732
BLZ,L,6,Z1,0.2580847721308346
BLZ,L,7,Z1,0.2059314973032067
BLZ,L,8,Z1,0.16431725603726144
BLZ,L,9,Z1,0.13111234068220654
BLZ,L,10,Z1,0.10461741081696738
BLZ,L,0,Z2,0.0
BLZ,L,1,Z2,0.2615413861640122
BLZ,L,2,Z2,0.5472311734127434
BLZ,L,3,Z2,0.4830421488070314
BLZ,L,4,Z2,0.2994619571546881
BLZ,L,5,Z2,0.1529720612844241
BLZ,L,6,Z2,0.0691347311182561
BLZ,L,7,Z2,0.028712900644442235
BLZ,L,8,Z2,0.01120968297286453
BLZ,L,9,Z2,0.004174373634569846
BLZ,L,10,Z2,0.0014976288981507586
BLZ,L,0,Y1,1.00511673509676
BLZ,L,1,Y1,1.2375797240949944
BLZ,L,2,Y1,1.366793264949511
BLZ,L,3,Y1,1.416107694717251
BLZ,L,4,Y1,1.4146780267980732
BLZ,L,5,Y1,1.422825032172282
BLZ,L,6,Y1,1.4368975556155144
BLZ,L,7,Y1,1.5001776962536453
BLZ,L,8,Y1,1.6249933993763175
BLZ,L,9,Y1,1.6731418248110514
BLZ,L,10,Y1,1.6660405521717407
BLZ,L,0,Y2,0.0
BLZ,L,1,Y2,0.26287962415385285
BLZ,L,2,Y2,0.6639521120490718
BLZ,L,3,Y2,0.8230769726656253
BLZ,L,4,Y2,0.8040960347606236
BLZ,L,5,Y2,0.7200124056089703
BLZ,L,6,Y2,0.639656986130574
BLZ,L,7,Y2,0.5917910124905711
BLZ,L,8,Y2,0.5846181853871903
BLZ,L,9,Y2,0.6252186853710517
BLZ,L,10,Y2,0.6754002855498444
BLZ,L,0,Y1_nocap,1.00511673509676
BLZ,L,1,Y1_nocap,1.1813561167077113
BLZ,L,2,Y1_nocap,1.2479196235894947
BLZ,L,3,Y1_nocap,1.2346848504682466
BLZ,L,4,Y1_nocap,1.175264363470819
BLZ,L,5,Y1_nocap,1.1322841936426289
BLZ,L,6,Y1_nocap,1.1007545937137386
BLZ,L,7,Y1_nocap,1.1229798931872441
BLZ,L,8,Y1_nocap,1.2080035579511916
BLZ,L,9,Y1_nocap,1.2140328884153997
BLZ,L,10,Y1_nocap,1.1670462469594223
BLZ,L,0,Y2_nocap,0.0
BLZ,L,1,Y2_nocap,0.26287962415385285
BLZ,L,2,Y2_nocap,0.6492473118378606
BLZ,L,3,Y2_nocap,0.7729525675225625
BLZ,L,4,Y2_nocap,0.7137943231584514
BLZ,L,5,Y2_nocap,0.5952950078464794
BLZ,L,6,Y2_nocap,0.4892532121744525
BLZ,L,7,Y2_nocap,0.423200485461622
BLZ,L,8,Y2_nocap,0.4026458598327468
BLZ,L,9,Y2_nocap,0.431831171615129
BLZ,L,10,Y2_nocap,0.46966182777315874
BMU,G,0,Z1,1.0
BMU,G,1,Z1,0.9310757173026409
BMU,G,2,Z1,0.8669019913506273
BMU,G,3,Z1,0.807151393427873
BMU,G,4,Z1,0.751519062607683
BMU,G,5,Z1,0.6997211502840567
BMU,G,6,Z1,0.6514933719125571
BMU,G,7,Z1,0.6065896585714003
BMU,G,8,Z1,0.5647809014627305
BMU,G,9,Z1,0.5258537829482439
BMU,G,10,Z1,0.48960968815484346
BMU,G,0,Z2,0.0
BMU,G,1,Z2,0.1032783218214337
BMU,G,2,Z2,0.08533129406601304
BMU,G,3,Z2,0.02974344586871318
BMU,G,4,Z2,0.007281429746980392
BMU,G,5,Z2,0.0014687770404859404
BMU,G,6,Z2,0.0002621252065615026
BMU,G,7,Z2,4.2989097426776144e-05
BMU,G,8,Z2,6.627402395026367e-06
BMU,G,9,Z2,9.745633615234144e-07
BMU,G,10,Z2,1.3806758365815284e-07
BMU,G,0,Y1,1.000000000000003
BMU,G,1,Y1,1.6470790186953161
BMU,G,2,Y1,1.928287630178796
BMU,G,3,Y1,2.066315803440133
BMU,G,4,Y1,2.4102206793596688
BMU,G,5,Y1,2.678636491046697
BMU,G,6,Y1,2.907316059883712
BMU,G,7,Y1,3.1185786958023187
BMU,G,8,Y1,3.4942567587144473
BMU,G,9,Y1,3.66216866325477
BMU,G,10,Y1,3.9040100747272595
BMU,G,0,Y2,0.0
BMU,G,1,Y2,0.10327832182143402
BMU,G,2,Y2,0.15927891345245473
BMU,G,3,Y2,0.1316082289525773
BMU,G,4,Y2,0.09024246793197334
BMU,G,5,Y2,0.0917689035327497
BMU,G,6,Y2,0.09862358723251434
BMU,G,7,Y2,0.09701313237334841
BMU,G,8,Y2,0.09478652272436669
BMU,G,9,Y2,0.11239015586404989
BMU,G,10,Y2,0.10864788149314882
BMU,G,0,Y1_nocap,1.000000000000003
BMU,G,1,Y1_nocap,1.6102287694476214
BMU,G,2,Y1_nocap,1.8338553618522124
BMU,G,3,Y1_nocap,1.9088036629623928
BMU,G,4,Y1_nocap,2.189871528640879
BMU,G,5,Y1_nocap,2.3880860662649734
BMU,G,6,Y1_nocap,2.5426040498814864
BMU,G,7,Y1_nocap,2.677543662462716
BMU,G,8,Y1_nocap,2.975561688991887
BMU,G,9,Y1_nocap,3.05853075073404
BMU,G,10,Y1_nocap,3.216418027705712
BMU,G,0,Y2_nocap,0.0
BMU,G,1,Y2_nocap,0.10327832182143402
BMU,G,2,Y2_nocap,0.15547308155145126
BMU,G,3,Y2_nocap,0.12225446096621556
BMU,G,4,Y2_nocap,0.07682914683639654
BMU,G,5,Y2_nocap,0.07616333486790512
BMU,G,6,Y2_nocap,0.080954731121302
BMU,G,7,Y2_nocap,0.0772027066122263
BMU,G,8,Y2_nocap,0.07307480116256242
BMU,G,9,Y2_nocap,0.08901981853314099
BMU,G,10,Y2_nocap,0.08311035647637532
BMU,L,0,Z1,1.0
BMU,L,1,Z1,0.9512294245007138
BMU,L,2,Z1,0.9048374180359592
BMU,L,3,Z1,0.8607079764250574
BMU,L,4,Z1,0.8187307530779813
BMU,L,5,Z1,0.7788007830714041
BMU,L,6,Z1,0.740818220681717
BMU,L,7,Z1,0.7046880897187124
BMU,L,8,Z1,0.6703200460356382
BMU,L,9,Z1,0.6376281516217721
BMU,L,10,Z1,0.6065306597126322
BMU,L,0,Z2,0.0
BMU,L,1,Z2,0.7408182206817179
BMU,L,2,Z2,4.390493088752212
BMU,L,3,Z2,10.977380812996177
BMU,L,4,Z2,19.276429562380937
BMU,L,5,Z2,27.891270018553726
BMU,L,6,Z2,35.7045598558627
BMU,L,7,Z2,42.00255489077279
BMU,L,8,Z2,46.447592084179206
BMU,L,9,Z2,48.99281878727759
BMU,L,10,Z2,49.787068367863945
BMU,L,0,Y1,1.00511673509676
BMU,L,1,Y1,1.3724868557437928
BMU,L,2,Y1,1.6600932662669943
BMU,L,3,Y1,1.8762295586271747
BMU,L,4,Y1,2.038999418006724
BMU,L,5,Y1,2.2022104962349545
BMU,L,6,Y1,2.3641490994271774
BMU,L,7,Y1,2.5694105957038866
BMU,L,8,Y1,2.8373515641559743
BMU,L,9,Y1,3.0380349536606808
BMU,L,10,Y1,3.1821153627203973
BMU,L,0,Y2,0.0
BMU,L,1,Y2,0.7446087912717994
BMU,L,2,Y2,4.72142755721303
BMU,L,3,Y2,13.124359842689715
BMU,L,4,Y2,25.722653571457972
BMU,L,5,Y2,41.4452439567011
BMU,L,6,Y2,58.90758385562584
BMU,L,7,Y2,76.844178205456
BMU,L,8,Y2,94.32480229729646
BMU,L,9,Y2,110.89387989688734
BMU,L,10,Y2,126.48175612960998
BMU,L,0,Y1_nocap,1.00511673509676
BMU,L,1,Y1_nocap,1.3354480535324482
BMU,L,2,Y1_nocap,1.5756071643153655
BMU,L,3,Y1_nocap,1.7377063226160776
BMU,L,4,Y1_nocap,1.8430396402813622
BMU,L,5,Y1_nocap,1.9476685307615047
BMU,L,6,Y1_nocap,2.0499598298083397
BMU,L,7,Y1_nocap,2.194645781766776
BMU,L,8,Y1_nocap,2.399564927682409
BMU,L,9,Y1_nocap,2.532677133418864
BMU,L,10,Y1_nocap,2.6074998038698927
BMU,L,0,Y2_nocap,0.0
BMU,L,1,Y2_nocap,0.7446087912717994
BMU,L,2,Y2_nocap,4.693988537662639
BMU,L,3,Y2_nocap,12.925253196620789
BMU,L,4,Y2_nocap,25.056732302745566
BMU,L,5,Y2_nocap,39.8876961278077
BMU,L,6,Y2_nocap,55.954356193723406
BMU,L,7,Y2_nocap,71.9696916278941
BMU,L,8,Y2_nocap,87.03040430475446
BMU,L,9,Y2_nocap,100.7398487226015
BMU,L,10,Y2_nocap,113.09911013821221
BOL,G,0,Z1,1.0
BOL,G,1,Z1,0.0067379502626374885
BOL,G,2,Z1,4.53999737417766e-05
BOL,G,3,Z1,3.0590276499713897e-07
BOL,G,4,Z1,2.0611576157540047e-09
BOL,G,5,Z1,1.3887977498406941e-11
BOL,G,6,Z1,9.357650163289483e-14
BOL,G,7,Z1,6.305138137540605e-16
BOL,G,8,Z1,4.248370716980733e-18
BOL,G,9,Z1,2.862531058826172e-20
BOL,G,10,Z1,1.9287591899625754e-22
BOL,G,0,Z2,0.0
BOL,G,1,Z2,0.4532978783679835
BOL,G,2,Z2,1.6438317322633216
BOL,G,3,Z2,2.514865848622642
BOL,G,4,Z2,2.7021827639958325
BOL,G,5,Z2,2.3923705349254774
BOL,G,6,Z2,1.8739408108351052
BOL,G,7,Z2,1.3489005280203004
BOL,G,8,Z2,0.9127239612545197
BOL,G,9,Z2,0.5890887184386786
BOL,G,10,Z2,0.3662999536882953
BOL,G,0,Y1,1.000000000000003
BOL,G,1,Y1,0.7251156230266697
BOL,G,2,Y1,0.40371829783352203
BOL,G,3,Y1,0.2787241385474849
BOL,G,4,Y1,0.4939394697233299
BOL,G,5,Y1,0.44476866964935247
BOL,G,6,Y1,0.42423423228561374
BOL,G,7,Y1,0.42340948305960024
BOL,G,8,Y1,0.603329647177775
BOL,G,9,Y1,0.42402591433282744
BOL,G,10,Y1,0.5092315501154946
BOL,G,0,Y2,0.0
BOL,G,1,Y2,0.4532978783679849
BOL,G,2,Y2,1.969470807194192
BOL,G,3,Y2,3.876547791125681
BOL,G,4,Y2,5.289531751380591
BOL,G,5,Y2,6.013322929795493
BOL,G,6,Y2,6.373367768049559
BOL,G,7,Y2,6.5491343778004705
BOL,G,8,Y2,6.612318048653986
BOL,G,9,Y2,6.692881364905948
BOL,G,10,Y2,6.877337107248934
BOL,G,0,Y1_nocap,1.000000000000003
BOL,G,1,Y1_nocap,0.6858910024076151
BOL,G,2,Y1_nocap,0.33923195477723245
BOL,G,3,Y1_nocap,0.2036311945353364
BOL,G,4,Y1_nocap,0.4140028458189617
BOL,G,5,Y1_nocap,0.35193939251875467
BOL,G,6,Y1_nocap,0.3214864528756384
BOL,G,7,Y1_nocap,0.3123529326322989
BOL,G,8,Y1_nocap,0.4846704213797389
BOL,G,9,Y1_nocap,0.29132320197068984
BOL,G,10,Y1_nocap,0.370657236319062
BOL,G,0,Y2_nocap,0.0
BOL,G,1,Y2_nocap,0.4532978783679849
BOL,G,2,Y2_nocap,1.9516903698877854
BOL,G,3,Y2_nocap,3.7829573962771814
BOL,G,4,Y2_nocap,5.051474338002828
BOL,G,5,Y2_nocap,5.587089341375134
BOL,G,6,Y2_nocap,5.745826480216224
BOL,G,7,Y2_nocap,5.722486493031878
BOL,G,8,Y2_nocap,5.595814429091924
BOL,G,9,Y2_nocap,5.499438757900277
BOL,G,10,Y2_nocap,5.518143151429271
BOL,L,0,Z1,1.0
BOL,L,1,Z1,0.6813390128560614
BOL,L,2,Z1,0.4642228504396722
BOL,L,3,Z1,0.3162931386637933
BOL,L,4,Z1,0.21550285487033427
BOL,L,5,Z1,0.1468305024050166
BOL,L,6,Z1,0.1000413495657936
BOL,L,7,Z1,0.06816207435794597
BOL,L,8,Z1,0.04644148045726435
BOL,L,9,Z1,0.03164239245032656
BOL,L,10,Z1,0.021559196436509585
BOL,L,0,Z2,0.0
BOL,L,1,Z2,0.7369578722595478
BOL,L,2,Z2,4.34485524388256
BOL,L,3,Z2,10.806666555850077
BOL,L,4,Z2,18.87776709029378
BOL,L,5,Z2,27.172107554441837
BOL,L,6,Z2,34.60267912572698
BOL,L,7,Z2,40.49419378037334
BOL,L,8,Z2,44.54626128942237
BOL,L,9,Z2,46.742451906350674
BOL,L,10,Z2,47.25269945280993
BOL,L,0,Y1,1.00511673509676
BOL,L,1,Y1,1.1036020067582875
BOL,L,2,Y1,1.1098715276354787
BOL,L,3,Y1,1.0575664862378629
BOL,L,4,Y1,0.9798279154019542
BOL,L,5,Y1,0.9358539175498787
BOL,L,6,Y1,0.913200511937432
BOL,L,7,Y1,0.9496101914810486
BOL,L,8,Y1,1.0478398570052982
BOL,L,9,Y1,1.0614700346436614
BOL,L,10,Y1,1.0246935450253971
BOL,L,0,Y2,0.0
BOL,L,1,Y2,0.7407286904693718
BOL,L,2,Y2,4.675707549162666
BOL,L,3,Y2,12.945275781563874
BOL,L,4,Y2,25.27725248460911
BOL,L,5,Y2,40.58536394066969
BOL,L,6,Y2,57.4969224354129
BOL,L,7,Y2,74.77787885811432
BOL,L,8,Y2,91.53879737261808
BOL,L,9,Y2,107.36421958975956
BOL,L,10,Y2,122.21632908246818
BOL,L,0,Y1_nocap,1.00511673509676
BOL,L,1,Y1_nocap,1.0641766841462545
BOL,L,2,Y1_nocap,1.0303547723837423
BOL,L,3,Y1_nocap,0.9409633299726416
BOL,L,4,Y1_nocap,0.8311972814453308
BOL,L,5,Y1_nocap,0.7608421296332656
BOL,L,6,Y1_nocap,0.7156716397175554
BOL,L,7,Y1_nocap,0.7322786811428459
BOL,L,8,Y1_nocap,0.8108833174548842
BOL,L,9,Y1_nocap,0.8026268072635886
BOL,L,10,Y1_nocap,0.7452037483545351
BOL,L,0,Y2_nocap,0.0
BOL,L,1,Y2_nocap,0.7407286904693718
BOL,L,2,Y2_nocap,4.646652747297356
BOL,L,3,Y2_nocap,12.735174133133556
BOL,L,4,Y2_nocap,24.576414116993874
BOL,L,5,Y2_nocap,38.94986481478016
BOL,L,6,Y2_nocap,54.40209785754516
BOL,L,7,Y2_nocap,69.67871376744091
BOL,L,8,Y2_nocap,83.91998162863791
BOL,L,9,Y2_nocap,96.77262703027631
BOL,L,10,Y2_nocap,108.27227132031044
BRA,G,0,Z1,1.0
BRA,G,1,Z1,0.006737946999085479
BRA,G,2,Z1,4.539992976248501e-05
BRA,G,3,Z1,3.0590232050182743e-07
BRA,G,4,Z1,2.0611536224385723e-09
BRA,G,5,Z1,1.388794386496412e-11
BRA,G,6,Z1,9.357622968840275e-14
BRA,G,7,Z1,6.305116760147079e-16
BRA,G,8,Z1,4.24835425529165e-18
BRA,G,9,Z1,2.8625185805494346e-20
BRA,G,10,Z1,1.928749847963945e-22
BRA,G,0,Z2,0.0
BRA,G,1,Z2,0.45994099177487063
BRA,G,2,Z2,1.6923657273188129
BRA,G,3,Z2,2.627060752357251
BRA,G,4,Z2,2.8641017550033343
BRA,G,5,Z2,2.5728863315241814
BRA,G,6,Z2,2.0448735397261766
BRA,G,7,Z2,1.4935127741811836
BRA,G,8,Z2,1.0253848578766473
BRA,G,9,Z2,0.6715008774685605
BRA,G,10,Z2,0.42366362079641345
BRA,G,0,Y1,1.000000000000003
BRA,G,1,Y1,0.7281624056148107
BRA,G,2,Y1,0.40844278544375734
BRA,G,3,Y1,0.2838185838943524
BRA,G,4,Y1,0.4989013598939421
BRA,G,5,Y1,0.450212801839321
BRA,G,6,Y1,0.42986130469871
BRA,G,7,Y1,0.4290510654373709
BRA,G,8,Y1,0.6089012840790388
BRA,G,9,Y1,0.43000484860530375
BRA,G,10,Y1,0.5149143829323829
BRA,G,0,Y2,0.0
BRA,G,1,Y2,0.4599409917748721
BRA,G,2,Y2,2.024178408305184
BRA,G,3,Y2,4.033577743241502
BRA,G,4,Y2,5.571532933446976
BRA,G,5,Y2,6.403487159117859
BRA,G,6,Y2,6.841777344443026
BRA,G,7,Y2,7.070162742994909
BRA,G,8,Y2,7.166861897990161
BRA,G,9,Y2,7.268435692391391
BRA,G,10,Y2,7.471127963651226
BRA,G,0,Y1_nocap,1.000000000000003
BRA,G,1,Y1_nocap,0.6858909991440632
BRA,G,2,Y1_nocap,0.3392319525168019
BRA,G,3,Y1_nocap,0.2036311934130046
BRA,G,4,Y1_nocap,0.4140028451468385
BRA,G,5,Y1_nocap,0.35193939116310613
BRA,G,6,Y1_nocap,0.32148645171793155
BRA,G,7,Y1_nocap,0.3123529315753106
BRA,G,8,Y1_nocap,0.48467042035323693
BRA,G,9,Y1_nocap,0.29132320038202614
BRA,G,10,Y1_nocap,0.37065723535760925
BRA,G,0,Y2_nocap,0.0
BRA,G,1,Y2_nocap,0.4599409917748721
BRA,G,2,Y2_nocap,2.0047360556893095
BRA,G,3,Y2_nocap,3.9303371660883206
BRA,G,4,Y2_nocap,5.307168383268593
BRA,G,5,Y2_nocap,5.927627755741362
BRA,G,6,Y2_nocap,6.138472848664103
BRA,G,7,Y2_nocap,6.141552978536868
BRA,G,8,Y2_nocap,6.023765222475188
BRA,G,9,Y2_nocap,5.926254008114487
BRA,G,10,Y2_nocap,5.943657609816649
BRA,L,0,Z1,1.0
BRA,L,1,Z1,0.5927943544815617
BRA,L,2,Z1,0.35140514670521145
BRA,L,3,Z1,0.20831098710261434
BRA,L,4,Z1,0.12348557713091118
BRA,L,5,Z1,0.07320155298310162
BRA,L,6,Z1,0.043393467347665554
BRA,L,7,Z1,0.025723402465076123
BRA,L,8,Z1,0.015248687759354217
BRA,L,9,Z1,0.009039336016997277
BRA,L,10,Z1,0.005358467359137833
BRA,L,0,Z2,0.0
BRA,L,1,Z2,0.25839456315981923
BRA,L,2,Z2,0.5341420021644305
BRA,L,3,Z2,0.46581543893673866
BRA,L,4,Z2,0.28530767847622646
BRA,L,5,Z2,0.14398818934766933
BRA,L,6,Z2,0.06429156241535601
BRA,L,7,Z2,0.026380177932944983
BRA,L,8,Z2,0.010175058924686727
BRA,L,9,Z2,0.00374350029580472
BRA,L,10,Z2,0.0013268863149836975
BRA,L,0,Y1,1.00511673509676
BRA,L,1,Y1,1.017666664270445
BRA,L,2,Y1,0.9650154898956131
BRA,L,3,Y1,0.8776183652028313
BRA,L,4,Y1,0.7838127397896013
BRA,L,5,Y1,0.7371022076867559
BRA,L,6,Y1,0.7166123060406039
BRA,L,7,Y1,0.7561854771796263
BRA,L,8,Y1,0.8530621113311854
BRA,L,9,Y1,0.8573520155309198
BRA,L,10,Y1,0.8137378982663059
BRA,L,0,Y2,0.0
BRA,L,1,Y2,0.25971669968995104
BRA,L,2,Y2,0.6458760051092449
BRA,L,3,Y2,0.7869947242050024
BRA,L,4,Y2,0.7554474622629006
BRA,L,5,Y2,0.6649046254701907
BRA,L,6,Y2,0.5820900084966079
BRA,L,7,Y2,0.5334724605261032
BRA,L,8,Y2,0.5257311871962951
BRA,L,9,Y2,0.5648028702004179
BRA,L,10,Y2,0.6120713148173552
BRA,L,0,Y1_nocap,1.00511673509676
BRA,L,1,Y1_nocap,0.9751789662106193
BRA,L,2,Y1_nocap,0.8833702666819172
BRA,L,3,Y1_nocap,0.762599333471083
BRA,L,4,Y1_nocap,0.6421468346810787
BRA,L,5,Y1_nocap,0.5751760127518103
BRA,L,6,Y1_nocap,0.5382413073664105
BRA,L,7,Y1_nocap,0.5637300809641912
BRA,L,8,Y1_nocap,0.646129293156485
BRA,L,9,Y1_nocap,0.6331621654557559
BRA,L,10,Y1_nocap,0.5736777489552419
BRA,L,0,Y2_nocap,0.0
BRA,L,1,Y2_nocap,0.25971669968995104
BRA,L,2,Y2_nocap,0.63489741492941
BRA,L,3,Y2_nocap,0.7497116245883533
BRA,L,4,Y2_nocap,0.68828474515092
BRA,L,5,Y2_nocap,0.5719108715065943
BRA,L,6,Y2_nocap,0.4694397469793511
BRA,L,7,Y2_nocap,0.40645248486705243
BRA,L,8,Y2_nocap,0.38770234421548116
BRA,L,9,Y2_nocap,0.4170927232690899
BRA,L,10,Y2_nocap,0.45390794777528104
BRB,G,0,Z1,1.0
BRB,G,1,Z1,0.006737946999085479
BRB,G,2,Z1,4.539992976248501e-05
BRB,G,3,Z1,3.0590232050182743e-07
BRB,G,4,Z1,2.0611536224385723e-09
BRB,G,5,Z1,1.388794386496412e-11
BRB,G,6,Z1,9.357622968840275e-14
BRB,G,7,Z1,6.305116760147079e-16
BRB,G,8,Z1,4.24835425529165e-18
BRB,G,9,Z1,2.8625185805494346e-20
BRB,G,10,Z1,1.928749847963945e-22
BRB,G,0,Z2,0.0
BRB,G,1,Z2,0.486460540654694
BRB,G,2,Z2,1.8931508609124579
BRB,G,3,Z2,3.108183270773761
BRB,G,4,Z2,3.58402018217358
BRB,G,5,Z2,3.40524296003417
BRB,G,6,Z2,2.8624602206571477
BRB,G,7,Z2,2.211197054001838
BRB,G,8,Z2,1.6056500832784428
BRB,G,9,Z2,1.1121313713877392
BRB,G,10,Z2,0.7421234954791855
BRB,G,0,Y1,1.000000000000003
BRB,G,1,Y1,0.7053750303963036
BRB,G,2,Y1,0.3709616412984444
BRB,G,3,Y1,0.2401493982382765
BRB,G,4,Y1,0.4523926850767853
BRB,G,5,Y1,0.39619233363582834
BRB,G,6,Y1,0.3700567442580538
BRB,G,7,Y1,0.3643994386912751
BRB,G,8,Y1,0.5398156708141433
BRB,G,9,Y1,0.35274678462371223
BRB,G,10,Y1,0.4342316321738265
BRB,G,0,Y2,0.0
BRB,G,1,Y2,0.4864605406546955
BRB,G,2,Y2,2.233010234223293
BRB,G,3,Y2,4.608954827541888
BRB,G,4,Y2,6.564408187301097
BRB,G,5,Y2,7.716607737993991
BRB,G,6,Y2,8.337281934340579
BRB,G,7,Y2,8.633880548785672
BRB,G,8,Y2,8.717109835037173
BRB,G,9,Y2,8.756408909224296
BRB,G,10,Y2,8.890394986571486
BRB,G,0,Y1_nocap,1.000000000000003
BRB,G,1,Y1_nocap,0.6858909991440632
BRB,G,2,Y1_nocap,0.3392319525168019
BRB,G,3,Y1_nocap,0.2036311934130046
BRB,G,4,Y1_nocap,0.4140028451468385
BRB,G,5,Y1_nocap,0.35193939116310613
BRB,G,6,Y1_nocap,0.32148645171793155
BRB,G,7,Y1_nocap,0.3123529315753106
BRB,G,8,Y1_nocap,0.48467042035323693
BRB,G,9,Y1_nocap,0.29132320038202614
BRB,G,10,Y1_nocap,0.37065723535760925
BRB,G,0,Y2_nocap,0.0
BRB,G,1,Y2_nocap,0.4864605406546955
BRB,G,2,Y2_nocap,2.223532021846195
BRB,G,3,Y2_nocap,4.556697239135784
BRB,G,4,Y2_nocap,6.426367033190315
BRB,G,5,Y2_nocap,7.461277765076333
BRB,G,6,Y2_nocap,7.951230569855948
BRB,G,7,Y2_nocap,8.115064144713507
BRB,G,8,Y2_nocap,8.069956153512027
BRB,G,9,Y2_nocap,7.989162609939196
BRB,G,10,Y2_nocap,8.011522834635695
BRB,L,0,Z1,1.0
BRB,L,1,Z1,0.7874792034157151
BRB,L,2,Z1,0.6201234958122492
BRB,L,3,Z1,0.48833435650159857
BRB,L,4,Z1,0.38455315005840474
BRB,L,5,Z1,0.3028276082789965
BRB,L,6,Z1,0.23847044373983037
BRB,L,7,Z1,0.18779051507443376
BRB,L,8,Z1,0.14788112521984192
BRB,L,9,Z1,0.11645331068834076
BRB,L,10,Z1,0.09170456033597736
BRB,L,0,Z2,0.0
BRB,L,1,Z2,0.26625348574898605
BRB,L,2,Z2,0.5671273493878842
BRB,L,3,Z2,0.5096237635286119
BRB,L,4,Z2,0.3216334304237273
BRB,L,5,Z2,0.16725785543695587
BRB,L,6,Z2,0.07695300158609382
BRB,L,7,Z2,0.03253578094686408
BRB,L,8,Z2,0.012931007945766826
BRB,L,9,Z2,0.00490213478539105
BRB,L,10,Z2,0.0017904121731436562
BRB,L,0,Y1,1.00511673509676
BRB,L,1,Y1,1.1904436918228967
BRB,L,2,Y1,1.2685903662484612
BRB,L,3,Y1,1.26824657523243
BRB,L,4,Y1,1.2220313063686574
BRB,L,5,Y1,1.1918667809350838
BRB,L,6,Y1,1.1726576336868173
BRB,L,7,Y1,1.206645598825488
BRB,L,8,Y1,1.303255190466153
BRB,L,9,Y1,1.3212399061228504
BRB,L,10,Y1,1.2859066598697306
BRB,L,0,Y2,0.0
BRB,L,1,Y2,0.2676158343041526
BRB,L,2,Y2,0.6762470683173016
BRB,L,3,Y2,0.82664578649176
BRB,L,4,Y2,0.7860758335697353
BRB,L,5,Y2,0.6773433331323487
BRB,L,6,Y2,0.5755617094152237
BRB,L,7,Y2,0.5117020796396099
BRB,L,8,Y2,0.49346093013847203
BRB,L,9,Y2,0.5266675643255652
BRB,L,10,Y2,0.5707469283807842
BRB,L,0,Y1_nocap,1.00511673509676
BRB,L,1,Y1_nocap,1.1708599659441217
BRB,L,2,Y1_nocap,1.2273175541961245
BRB,L,3,Y1_nocap,1.2054294763816589
BRB,L,4,Y1_nocap,1.1393328989028702
BRB,L,5,Y1_nocap,1.0917159580580118
BRB,L,6,Y1_nocap,1.05698382718167
BRB,L,7,Y1_nocap,1.0770164548609233
BRB,L,8,Y1_nocap,1.1600813436489763
BRB,L,9,Y1_nocap,1.163680300601558
BRB,L,10,Y1_nocap,1.1147168279500241
BRB,L,0,Y2_nocap,0.0
BRB,L,1,Y2_nocap,0.2676158343041526
BRB,L,2,Y2_nocap,0.6710328330381251
BRB,L,3,Y2_nocap,0.8086563917114621
BRB,L,4,Y2_nocap,0.7533630335296293
BRB,L,5,Y2_nocap,0.6318294986923192
BRB,L,6,Y2_nocap,0.520349504786598
BRB,L,7,Y2_nocap,0.4495202115934591
BRB,L,8,Y2_nocap,0.4260894548563122
BRB,L,9,Y2_nocap,0.4548608590940678
BRB,L,10,Y2_nocap,0.49419896531198465
BRN,G,0,Z1,1.0
BRN,G,1,Z1,0.9140665608139894
BRN,G,2,Z1,0.8355176775983145
BRN,G,3,Z1,0.763718770061583
BRN,G,4,Z1,0.698089789579281
BRN,G,5,Z1,0.6381005331000948
BRN,G,6,Z1,0.5832663597443769
BRN,G,7,Z1,0.5331442754900377
BRN,G,8,Z1,0.4873293543148448
BRN,G,9,Z1,0.4454514668822722
BRN,G,10,Z1,0.40717229034262525
BRN,G,0,Z2,0.0
BRN,G,1,Z2,0.12332612154484335
BRN,G,2,Z2,0.12167465804234781
BRN,G,3,Z2,0.050644114874970225
BRN,G,4,Z2,0.014804722409722275
BRN,G,5,Z2,0.00356603319402163
BRN,G,6,Z2,0.0007599485545093868
BRN,G,7,Z2,0.00014882628322143354
BRN,G,8,Z2,2.7397475703616613e-05
BRN,G,9,Z2,4.810865236705111e-06
BRN,G,10,Z2,8.138619354153029e-07
BRN,G,0,Y1,1.000000000000003
BRN,G,1,Y1,1.6445246341753226
BRN,G,2,Y1,1.922966962326348
BRN,G,3,Y1,2.0597285079852408
BRN,G,4,Y1,2.404395963499333
BRN,G,5,Y1,2.675014223268611
BRN,G,6,Y1,2.9077655003971112
BRN,G,7,Y1,3.12516948355126
BRN,G,8,Y1,3.5091302511285813
BRN,G,9,Y1,3.6870415798944207
BRN,G,10,Y1,3.9413587406035413
BRN,G,0,Y2,0.0
BRN,G,1,Y2,0.12332612154484374
BRN,G,2,Y2,0.2117592191811197
BRN,G,3,Y2,0.19128996884515012
BRN,G,4,Y2,0.1401180839671366
BRN,G,5,Y2,0.13672071204727954
BRN,G,6,Y2,0.14720356357558775
BRN,G,7,Y2,0.14821258062134696
BRN,G,8,Y2,0.14734171213985292
BRN,G,9,Y2,0.16999999999628687
BRN,G,10,Y2,0.17119810698923005
BRN,G,0,Y1_nocap,1.000000000000003
BRN,G,1,Y1_nocap,1.59321961295897
BRN,G,2,Y1_nocap,1.7909192275562202
BRN,G,3,Y1_nocap,1.838364845524511
BRN,G,4,Y1_nocap,2.0930186208281913
BRN,G,5,Y1_nocap,2.2623081943951
BRN,G,6,Y1_nocap,2.3870153735054194
BRN,G,7,Y1_nocap,2.49207770597293
BRN,G,8,Y1_nocap,2.7604907008351662
BRN,G,9,Y1_nocap,2.811329757849061
BRN,G,10,Y1_nocap,2.938436838144948
BRN,G,0,Y2_nocap,0.0
BRN,G,1,Y2_nocap,0.12332612154484374
BRN,G,2,Y2_nocap,0.20543196989873103
BRN,G,3,Y2_nocap,0.1745460399357788
BRN,G,4,Y2_nocap,0.11474459580203723
BRN,G,5,Y2_nocap,0.10595355155876099
BRN,G,6,Y2_nocap,0.11159861717805655
BRN,G,7,Y2_nocap,0.10757428247654499
BRN,G,8,Y2_nocap,0.1019743873139464
BRN,G,9,Y2_nocap,0.12028289114742792
BRN,G,10,Y2_nocap,0.11627646276791873
BRN,L,0,Z1,1.0
BRN,L,1,Z1,0.951229424500714
BRN,L,2,Z1,0.9048374180359595
BRN,L,3,Z1,0.8607079764250578
BRN,L,4,Z1,0.8187307530779818
BRN,L,5,Z1,0.7788007830714049
BRN,L,6,Z1,0.7408182206817179
BRN,L,7,Z1,0.7046880897187134
BRN,L,8,Z1,0.6703200460356393
BRN,L,9,Z1,0.6376281516217733
BRN,L,10,Z1,0.6065306597126334
BRN,L,0,Z2,0.0
BRN,L,1,Z2,0.7408182206817147
BRN,L,2,Z2,4.390493088752174
BRN,L,3,Z2,10.977380812996033
BRN,L,4,Z2,19.276429562380603
BRN,L,5,Z2,27.891270018553126
BRN,L,6,Z2,35.70455985586176
BRN,L,7,Z2,42.00255489077152
BRN,L,8,Z2,46.4475920841776
BRN,L,9,Z2,48.99281878727568
BRN,L,10,Z2,49.7870683678618
BRN,L,0,Y1,1.00511673509676
BRN,L,1,Y1,1.3870155889514983
BRN,L,2,Y1,1.6946873342626712
BRN,L,3,Y1,1.9353079406894433
BRN,L,4,Y1,2.125952623440191
BRN,L,5,Y1,2.319638416352805
BRN,L,6,Y1,2.514623195230814
BRN,L,7,Y1,2.7554485733018295
BRN,L,8,Y1,3.06206115541619
BRN,L,9,Y1,3.3054030938033137
BRN,L,10,Y1,3.495141777374881
BRN,L,0,Y2,0.0
BRN,L,1,Y2,0.7446087912717961
BRN,L,2,Y2,4.732190707496681
BRN,L,3,Y2,13.203537836074837
BRN,L,4,Y2,25.992737028742297
BRN,L,5,Y2,42.09103959229854
BRN,L,6,Y2,60.161302198056454
BRN,L,7,Y2,78.96558723760099
BRN,L,8,Y2,97.58269495843018
BRN,L,9,Y2,115.55208253895375
BRN,L,10,Y2,132.7918302773006
BRN,L,0,Y1_nocap,1.00511673509676
BRN,L,1,Y1_nocap,1.3354480535324482
BRN,L,2,Y1_nocap,1.575607164315366
BRN,L,3,Y1_nocap,1.7377063226160785
BRN,L,4,Y1_nocap,1.843039640281363
BRN,L,5,Y1_nocap,1.947668530761506
BRN,L,6,Y1_nocap,2.0499598298083415
BRN,L,7,Y1_nocap,2.194645781766778
BRN,L,8,Y1_nocap,2.3995649276824107
BRN,L,9,Y1_nocap,2.5326771334188667
BRN,L,10,Y1_nocap,2.6074998038698958
BRN,L,0,Y2_nocap,0.0
BRN,L,1,Y2_nocap,0.7446087912717961
BRN,L,2,Y2_nocap,4.693988537662599
BRN,L,3,Y2_nocap,12.925253196620627
BRN,L,4,Y2_nocap,25.056732302745164
BRN,L,5,Y2_nocap,39.88769612780692
BRN,L,6,Y2_nocap,55.95435619372209
BRN,L,7,Y2_nocap,71.96969162789216
BRN,L,8,Y2_nocap,87.03040430475184
BRN,L,9,Y2_nocap,100.73984872259814
BRN,L,10,Y2_nocap,113.09911013820812
BTN,G,0,Z1,1.0
BTN,G,1,Z1,0.951229424500714
BTN,G,2,Z1,0.9048374180359595
BTN,G,3,Z1,0.8607079764250578
BTN,G,4,Z1,0.8187307530779818
BTN,G,5,Z1,0.7788007830714049
BTN,G,6,Z1,0.7408182206817179
BTN,G,7,Z1,0.7046880897187134
BTN,G,8,Z1,0.6703200460356393
BTN,G,9,Z1,0.6376281516217733
BTN,G,10,Z1,0.6065306597126334
BTN,G,0,Z2,0.0
BTN,G,1,Z2,0.38116941920123226
BTN,G,2,Z2,1.1623210090736378
BTN,G,3,Z2,1.495264130844712
BTN,G,4,Z2,1.3509901281339596
BTN,G,5,Z2,1.0057736767332417
BTN,G,6,Z2,0.6624636506639384
BTN,G,7,Z2,0.40097793307021734
BTN,G,8,Z2,0.2281467907894266
BTN,G,9,Z2,0.12381976685327852
BTN,G,10,Z2,0.0647411640838082
BTN,G,0,Y1,1.000000000000003
BTN,G,1,Y1,1.682597390290201
BTN,G,2,Y1,2.0203080850072244
BTN,G,3,Y1,2.2216526177069196
BTN,G,4,Y1,2.630229502847886
BTN,G,5,Y1,2.971920094567322
BTN,G,6,Y1,3.279322118563396
BTN,G,7,Y1,3.57304815728538
BTN,G,8,Y1,4.034112855037881
BTN,G,9,Y1,4.296021171737534
BTN,G,10,Y1,4.632615605456774
BTN,G,0,Y2,0.0
BTN,G,1,Y2,0.38116941920123343
BTN,G,2,Y2,1.4410961118160057
BTN,G,3,Y2,2.505352708563984
BTN,G,4,Y2,3.046791762879605
BTN,G,5,Y2,3.167104022664801
BTN,G,6,Y2,3.193530093759027
BTN,G,7,Y2,3.2044259566733233
BTN,G,8,Y2,3.200882850155204
BTN,G,9,Y2,3.2583302015600486
BTN,G,10,Y2,3.389170936694991
BTN,G,0,Y1_nocap,1.000000000000003
BTN,G,1,Y1_nocap,1.6303824766456947
BTN,G,2,Y1_nocap,1.8854782402931523
BTN,G,3,Y1_nocap,1.9948678479192243
BTN,G,4,Y1_nocap,2.310207783889443
BTN,G,5,Y1_nocap,2.5466874826812607
BTN,G,6,Y1_nocap,2.7415991712874517
BTN,G,7,Y1_nocap,2.9180765748181083
BTN,G,8,Y1_nocap,3.2583261037685176
BTN,G,9,Y1_nocap,3.387473181301042
BTN,G,10,Y1_nocap,3.5909584798344243
BTN,G,0,Y2_nocap,0.0
BTN,G,1,Y2_nocap,0.38116941920123343
BTN,G,2,Y2_nocap,1.4211933835084867
BTN,G,3,Y2_nocap,2.412201264641309
BTN,G,4,Y2_nocap,2.8321748229544808
BTN,G,5,Y2_nocap,2.8149440612773518
BTN,G,6,Y2_nocap,2.7113526739339138
BTN,G,7,Y2_nocap,2.603903425081631
BTN,G,8,Y2_nocap,2.493326699390318
BTN,G,9,Y2_nocap,2.4546703165895134
BTN,G,10,Y2_nocap,2.496055362619168
BTN,L,0,Z1,1.0
BTN,L,1,Z1,0.951229424500714
BTN,L,2,Z1,0.9048374180359595
BTN,L,3,Z1,0.8607079764250578
BTN,L,4,Z1,0.8187307530779818
BTN,L,5,Z1,0.7788007830714049
BTN,L,6,Z1,0.7408182206817179
BTN,L,7,Z1,0.7046880897187134
BTN,L,8,Z1,0.6703200460356393
BTN,L,9,Z1,0.6376281516217733
BTN,L,10,Z1,0.6065306597126334
BTN,L,0,Z2,0.0
BTN,L,1,Z2,0.7335607236350358
BTN,L,2,Z2,4.304890682079658
BTN,L,3,Z2,10.657908193216759
BTN,L,4,Z2,18.532083784656262
BTN,L,5,Z2,26.551579670971794
BTN,L,6,Z2,33.6565946829739
BTN,L,7,Z2,39.205465236581325
BTN,L,8,Z2,42.929766175189954
BTN,L,9,Z2,44.83861202843038
BTN,L,10,Z2,45.11912851353361
BTN,L,0,Y1,1.00511673509676
BTN,L,1,Y1,1.3879301370581734
BTN,L,2,Y1,1.6952913331016997
BTN,L,3,Y1,1.9338951376844922
BTN,L,4,Y1,2.120511636681729
BTN,L,5,Y1,2.3080080236969294
BTN,L,6,Y1,2.494638031657334
BTN,L,7,Y1,2.724940975055707
BTN,L,8,Y1,3.018907449371305
BTN,L,9,Y1,3.247477141858439
BTN,L,10,Y1,3.4201092676572413
BTN,L,0,Y2,0.0
BTN,L,1,Y2,0.7373141595352638
BTN,L,2,Y2,4.643693779364682
BTN,L,3,Y2,12.846560935910745
BTN,L,4,Y2,25.07958607385924
BTN,L,5,Y2,40.27664994702173
BTN,L,6,Y2,57.09216117784073
BTN,L,7,Y2,74.31838399785536
BTN,L,8,Y2,91.08622707841431
BTN,L,9,Y2,106.99152125139935
BTN,L,10,Y2,121.99847442994025
BTN,L,0,Y1_nocap,1.00511673509676
BTN,L,1,Y1_nocap,1.3354480535324482
BTN,L,2,Y1_nocap,1.575607164315366
BTN,L,3,Y1_nocap,1.7377063226160785
BTN,L,4,Y1_nocap,1.843039640281363
BTN,L,5,Y1_nocap,1.947668530761506
BTN,L,6,Y1_nocap,2.0499598298083415
BTN,L,7,Y1_nocap,2.194645781766778
BTN,L,8,Y1_nocap,2.3995649276824107
BTN,L,9,Y1_nocap,2.5326771334188667
BTN,L,10,Y1_nocap,2.6074998038698958
BTN,L,0,Y2_nocap,0.0
BTN,L,1,Y2_nocap,0.7373141595352638
BTN,L,2,Y2_nocap,4.605194984195677
BTN,L,3,Y2_nocap,12.569456884874747
BTN,L,4,Y2_nocap,24.15951785111391
BTN,L,5,Y2_nocap,38.139417034614155
BTN,L,6,Y2_nocap,53.066438824561416
BTN,L,7,Y2_nocap,67.71573325618425
BTN,L,8,Y2_nocap,81.26587468187728
BTN,L,9,Y2_nocap,93.40095408485989
BTN,L,10,Y2_nocap,104.18568293515517
BWA,G,0,Z1,1.0
BWA,G,1,Z1,0.951229424500714
BWA,G,2,Z1,0.9048374180359595
BWA,G,3,Z1,0.8607079764250578
BWA,G,4,Z1,0.8187307530779818
BWA,G,5,Z1,0.7788007830714049
BWA,G,6,Z1,0.7408182206817179
BWA,G,7,Z1,0.7046880897187134
BWA,G,8,Z1,0.6703200460356393
BWA,G,9,Z1,0.6376281516217733
BWA,G,10,Z1,0.6065306597126334
BWA,G,0,Z2,0.0
BWA,G,1,Z2,0.38997657149062703
BWA,G,2,Z2,1.2166538104926732
BWA,G,3,Z2,1.6013243757609215
BWA,G,4,Z2,1.4802464945863416
BWA,G,5,Z2,1.1274637752339858
BWA,G,6,Z2,0.7597747426388459
BWA,G,7,Z2,0.47050445272749286
BWA,G,8,Z2,0.27389121059189403
BWA,G,9,Z2,0.15208072693438307
BWA,G,10,Z2,0.08135517212575177
BWA,G,0,Y1,1.000000000000003
BWA,G,1,Y1,1.7075098586036783
BWA,G,2,Y1,2.085563583485461
BWA,G,3,Y1,2.333139470843874
BWA,G,4,Y1,2.7901053663942683
BWA,G,5,Y1,3.187410724518712
BWA,G,6,Y1,3.555571166531358
BWA,G,7,Y1,3.914065127255735
BWA,G,8,Y1,4.44336015744458
BWA,G,9,Y1,4.78095880661912
BWA,G,10,Y1,5.195318182733506
BWA,G,0,Y2,0.0
BWA,G,1,Y2,0.38997657149062825
BWA,G,2,Y2,1.511585461269593
BWA,G,3,Y2,2.7013637251490463
BWA,G,4,Y2,3.3887905722846043
BWA,G,5,Y2,3.633230054145591
BWA,G,6,Y2,3.7570786635141333
BWA,G,7,Y2,3.849374221514564
BWA,G,8,Y2,3.917499447743971
BWA,G,9,Y2,4.041166801532805
BWA,G,10,Y2,4.241283985984934
BWA,G,0,Y1_nocap,1.000000000000003
BWA,G,1,Y1_nocap,1.6303824766456947
BWA,G,2,Y1_nocap,1.8854782402931523
BWA,G,3,Y1_nocap,1.9948678479192243
BWA,G,4,Y1_nocap,2.310207783889443
BWA,G,5,Y1_nocap,2.5466874826812607
BWA,G,6,Y1_nocap,2.7415991712874517
BWA,G,7,Y1_nocap,2.9180765748181083
BWA,G,8,Y1_nocap,3.2583261037685176
BWA,G,9,Y1_nocap,3.387473181301042
BWA,G,10,Y1_nocap,3.5909584798344243
BWA,G,0,Y2_nocap,0.0
BWA,G,1,Y2_nocap,0.38997657149062825
BWA,G,2,Y2_nocap,1.4815075892855705
BWA,G,3,Y2_nocap,2.5581087627104475
BWA,G,4,Y2_nocap,3.053415932060659
BWA,G,5,Y2_nocap,3.0744816478513197
BWA,G,6,Y2_nocap,2.9814096515638555
BWA,G,7,Y2_nocap,2.8718075404878625
BWA,G,8,Y2_nocap,2.7537896816580845
BWA,G,9,Y2_nocap,2.7071478832648626
BWA,G,10,Y2_nocap,2.7467121944980732
BWA,L,0,Z1,1.0
BWA,L,1,Z1,0.3355762326487113
BWA,L,2,Z1,0.11261140791870199
BWA,L,3,Z1,0.03778971202262525
BWA,L,4,Z1,0.012681329193432296
BWA,L,5,Z1,0.00425555267571013
BWA,L,6,Z1,0.0014280623347529475
BWA,L,7,Z1,0.000479223778283917
BWA,L,8,Z1,0.00016081611011219818
BWA,L,9,Z1,5.396606438067175e-05
BWA,L,10,Z1,1.8109728575743653e-05
BWA,L,0,Z2,0.0
BWA,L,1,Z2,0.7408182206817175
BWA,L,2,Z2,4.390493088752208
BWA,L,3,Z2,10.97738081299616
BWA,L,4,Z2,19.276429562380898
BWA,L,5,Z2,27.891270018553662
BWA,L,6,Z2,35.70455985586259
BWA,L,7,Z2,42.00255489077266
BWA,L,8,Z2,46.44759208417902
BWA,L,9,Z2,48.99281878727735
BWA,L,10,Z2,49.787068367863704
BWA,L,0,Y1,1.00511673509676
BWA,L,1,Y1,0.794166749726433
BWA,L,2,Y1,0.6757701303968573
BWA,L,3,Y1,0.5894778414969657
BWA,L,4,Y1,0.525613369277395
BWA,L,5,Y1,0.5182949958692642
BWA,L,6,Y1,0.5282764454274226
BWA,L,7,Y1,0.5885450433418706
BWA,L,8,Y1,0.6889046901918
BWA,L,9,Y1,0.6783407573813633
BWA,L,10,Y1,0.6351659671699785
BWA,L,0,Y2,0.0
BWA,L,1,Y2,0.744608791271799
BWA,L,2,Y2,4.751418264316326
BWA,L,3,Y2,13.342641129042365
BWA,L,4,Y2,26.455917103776322
BWA,L,5,Y2,43.16884213115404
BWA,L,6,Y2,62.193279124472305
BWA,L,7,Y2,82.29860831798007
BWA,L,8,Y2,102.53662849960283
BWA,L,9,Y2,122.39774589961672
BWA,L,10,Y2,141.74358984530954
BWA,L,0,Y1_nocap,1.00511673509676
BWA,L,1,Y1_nocap,0.7166447273862641
BWA,L,2,Y1_nocap,0.5457786186669418
BWA,L,3,Y1_nocap,0.4220927591776408
BWA,L,4,Y1_nocap,0.3317265530211513
BWA,L,5,Y1_nocap,0.30583454133704285
BWA,L,6,Y1_nocap,0.29991101736965403
BWA,L,7,Y1_nocap,0.3453066819473587
BWA,L,8,Y1_nocap,0.4278299991458004
BWA,L,9,Y1_nocap,0.3937099475348785
BWA,L,10,Y1_nocap,0.33046249275182565
BWA,L,0,Y2_nocap,0.0
BWA,L,1,Y2_nocap,0.744608791271799
BWA,L,2,Y2_nocap,4.693988537662634
BWA,L,3,Y2_nocap,12.925253196620767
BWA,L,4,Y2_nocap,25.056732302745516
BWA,L,5,Y2_nocap,39.887696127807615
BWA,L,6,Y2_nocap,55.95435619372326
BWA,L,7,Y2_nocap,71.9696916278939
BWA,L,8,Y2_nocap,87.03040430475417
BWA,L,9,Y2_nocap,100.7398487226011
BWA,L,10,Y2_nocap,113.09911013821173
CAF,G,0,Z1,1.0
CAF,G,1,Z1,0.006737946999085479
CAF,G,2,Z1,4.539992976248501e-05
CAF,G,3,Z1,3.0590232050182743e-07
CAF,G,4,Z1,2.0611536224385723e-09
CAF,G,5,Z1,1.388794386496412e-11
CAF,G,6,Z1,9.357622968840275e-14
CAF,G,7,Z1,6.305116760147079e-16
CAF,G,8,Z1,4.24835425529165e-18
CAF,G,9,Z1,2.8625185805494346e-20
CAF,G,10,Z1,1.928749847963945e-22
CAF,G,0,Z2,0.0
CAF,G,1,Z2,0.4521295841155087
CAF,G,2,Z2,1.635369286659703
CAF,G,3,Z2,2.495471069652956
CAF,G,4,Z2,2.674432703749866
CAF,G,5,Z2,2.361699504084652
CAF,G,6,Z2,1.8451484028073688
CAF,G,7,Z2,1.3247520358217264
CAF,G,8,Z2,0.8940737858608521
CAF,G,9,Z2,0.5755643073027681
CAF,G,10,Z2,0.35696797104599637
CAF,G,0,Y1,1.000000000000003
CAF,G,1,Y1,0.7267705364801444
CAF,G,2,Y1,0.4077214624998767
CAF,G,3,Y1,0.28526971324042555
CAF,G,4,Y1,0.5031091107641544
CAF,G,5,Y1,0.45703494203156875
CAF,G,6,Y1,0.43986639282042206
CAF,G,7,Y1,0.4426329725799155
CAF,G,8,Y1,0.6263523237784825
CAF,G,9,Y1,0.4513315898642724
CAF,G,10,Y1,0.5408958728716386
CAF,G,0,Y2,0.0
CAF,G,1,Y2,0.4521295841155101
CAF,G,2,Y2,1.960917321891392
CAF,G,3,Y2,3.8551191351009684
CAF,G,4,Y2,5.257756833681007
CAF,G,5,Y2,5.981245239777712
CAF,G,6,Y2,6.352734955472269
CAF,G,7,Y2,6.550315947981203
CAF,G,8,Y2,6.643986929180427
CAF,G,9,Y2,6.762015789355719
CAF,G,10,Y2,6.988888827756326
CAF,G,0,Y1_nocap,1.000000000000003
CAF,G,1,Y1_nocap,0.6858909991440632
CAF,G,2,Y1_nocap,0.3392319525168019
CAF,G,3,Y1_nocap,0.2036311934130046
CAF,G,4,Y1_nocap,0.4140028451468385
CAF,G,5,Y1_nocap,0.35193939116310613
CAF,G,6,Y1_nocap,0.32148645171793155
CAF,G,7,Y1_nocap,0.3123529315753106
CAF,G,8,Y1_nocap,0.48467042035323693
CAF,G,9,Y1_nocap,0.29132320038202614
CAF,G,10,Y1_nocap,0.37065723535760925
CAF,G,0,Y2_nocap,0.0
CAF,G,1,Y2_nocap,0.4521295841155101
CAF,G,2,Y2_nocap,1.9424344736767951
CAF,G,3,Y2_nocap,3.757424398075422
CAF,G,4,Y2_nocap,5.007485400896126
CAF,G,5,Y2_nocap,5.52889612736233
CAF,G,6,Y2_nocap,5.679113461484382
CAF,G,7,Y2_nocap,5.651602987619936
CAF,G,8,Y2_nocap,5.523668920469695
CAF,G,9,Y2_nocap,5.427647838639082
CAF,G,10,Y2_nocap,5.446642180329813
CAF,L,0,Z1,1.0
CAF,L,1,Z1,0.6339084478203518
CAF,L,2,Z1,0.40183992021800763
CAF,L,3,Z1,0.2547297200976512
CAF,L,4,Z1,0.16147532148081475
CAF,L,5,Z1,0.10236057040119557
CAF,L,6,Z1,0.06488723030102773
CAF,L,7,Z1,0.04113256344348619
CAF,L,8,Z1,0.026074279447332475
CAF,L,9,Z1,0.016528706012492622
CAF,L,10,Z1,0.010477686372858114
CAF,L,0,Z2,0.0
CAF,L,1,Z2,0.25503417437327225
CAF,L,2,Z2,0.5203394407860531
CAF,L,3,Z2,0.4478771464021841
CAF,L,4,Z2,0.27075313363754244
CAF,L,5,Z2,0.13486582401606814
CAF,L,6,Z2,0.0594352409687003
CAF,L,7,Z2,0.024070370555237225
CAF,L,8,Z2,0.009163407421818617
CAF,L,9,Z2,0.003327460765098457
CAF,L,10,Z2,0.001164082591202116
CAF,L,0,Y1,1.00511673509676
CAF,L,1,Y1,1.0575921365732754
CAF,L,2,Y1,1.03187156027885
CAF,L,3,Y1,0.9611105942743231
CAF,L,4,Y1,0.8764482171119965
CAF,L,5,Y1,0.8341741496269651
CAF,L,6,Y1,0.8172110351848327
CAF,L,7,Y1,0.8609498490169737
CAF,L,8,Y1,0.964936708481686
CAF,L,9,Y1,0.9806694268047726
CAF,L,10,Y1,0.9478235522555978
CAF,L,0,Y2,0.0
CAF,L,1,Y2,0.2563391166841612
CAF,L,2,Y2,0.6302284856666852
CAF,L,3,Y2,0.7611237761572017
CAF,L,4,Y2,0.7268184240300682
CAF,L,5,Y2,0.6391653447231026
CAF,L,6,Y2,0.5618846287363789
CAF,L,7,Y2,0.5192370610901401
CAF,L,8,Y2,0.516864030229098
CAF,L,9,Y2,0.5601189957336902
CAF,L,10,Y2,0.6106138135730154
CAF,L,0,Y1_nocap,1.00511673509676
CAF,L,1,Y1_nocap,1.0165034294737674
CAF,L,2,Y1_nocap,0.9496597920848768
CAF,L,3,Y1_nocap,0.8409397912230931
CAF,L,4,Y1_nocap,0.7231610928326204
CAF,L,5,Y1_nocap,0.6529329202862577
CAF,L,6,Y1_nocap,0.6111799082033937
CAF,L,7,Y1_nocap,0.6320957795568064
CAF,L,8,Y1_nocap,0.7126441382021294
CAF,L,9,Y1_nocap,0.7018915077034135
CAF,L,10,Y1_nocap,0.6432777479883065
CAF,L,0,Y2_nocap,0.0
CAF,L,1,Y2_nocap,0.2563391166841612
CAF,L,2,Y2_nocap,0.619749461175497
CAF,L,3,Y2_nocap,0.7254196330071856
CAF,L,4,Y2_nocap,0.6618340924474413
CAF,L,5,Y2_nocap,0.547807398514847
CAF,L,6,Y2_nocap,0.4490911551042305
CAF,L,7,Y2_nocap,0.3892684495558743
CAF,L,8,Y2_nocap,0.37234601776944526
CAF,L,9,Y2_nocap,0.40189602508290745
CAF,L,10,Y2_nocap,0.43762169522675465
CAN,G,0,Z1,1.0
CAN,G,1,Z1,0.951229424500714
CAN,G,2,Z1,0.9048374180359595
CAN,G,3,Z1,0.8607079764250578
CAN,G,4,Z1,0.8187307530779818
CAN,G,5,Z1,0.7788007830714049
CAN,G,6,Z1,0.7408182206817179
CAN,G,7,Z1,0.7046880897187134
CAN,G,8,Z1,0.6703200460356393
CAN,G,9,Z1,0.6376281516217733
CAN,G,10,Z1,0.6065306597126334
CAN,G,0,Z2,0.0
CAN,G,1,Z2,0.41081901694805567
CAN,G,2,Z2,1.3501781174893348
CAN,G,3,Z2,1.8720411083946393
CAN,G,4,Z2,1.822980948947044
CAN,G,5,Z2,1.462725080784099
CAN,G,6,Z2,1.0383816034131643
CAN,G,7,Z2,0.6774042128202854
CAN,G,8,Z2,0.4154074425279832
CAN,G,9,Z2,0.24298663097377296
CAN,G,10,Z2,0.1369321383651103
CAN,G,0,Y1,1.000000000000003
CAN,G,1,Y1,1.6522321527101629
CAN,G,2,Y1,1.9418845277569292
CAN,G,3,Y1,2.089717426891346
CAN,G,4,Y1,2.44401395153066
CAN,G,5,Y1,2.724438424559562
CAN,G,6,Y1,2.9663164753726616
CAN,G,7,Y1,3.191726065331439
CAN,G,8,Y1,3.582374848760605
CAN,G,9,Y1,3.766894993348542
CAN,G,10,Y1,4.025871826072866
CAN,G,0,Y2,0.0
CAN,G,1,Y2,0.41081901694805695
CAN,G,2,Y2,1.6381633691702486
CAN,G,3,Y2,2.9706182812466277
CAN,G,4,Y2,3.7348068783981647
CAN,G,5,Y2,3.948623417838519
CAN,G,6,Y2,3.9728681665721366
CAN,G,7,Y2,3.9365698348946885
CAN,G,8,Y2,3.8672705481365313
CAN,G,9,Y2,3.8583046155538065
CAN,G,10,Y2,3.944782516190964
CAN,G,0,Y1_nocap,1.000000000000003
CAN,G,1,Y1_nocap,1.6303824766456947
CAN,G,2,Y1_nocap,1.8854782402931523
CAN,G,3,Y1_nocap,1.9948678479192243
CAN,G,4,Y1_nocap,2.310207783889443
CAN,G,5,Y1_nocap,2.5466874826812607
CAN,G,6,Y1_nocap,2.7415991712874517
CAN,G,7,Y1_nocap,2.9180765748181083
CAN,G,8,Y1_nocap,3.2583261037685176
CAN,G,9,Y1_nocap,3.387473181301042
CAN,G,10,Y1_nocap,3.5909584798344243
CAN,G,0,Y2_nocap,0.0
CAN,G,1,Y2_nocap,0.41081901694805695
CAN,G,2,Y2_nocap,1.6291871067288104
CAN,G,3,Y2_nocap,2.9264830361409304
CAN,G,4,Y2_nocap,3.628883642719919
CAN,G,5,Y2_nocap,3.7685815019181508
CAN,G,6,Y2_nocap,3.7192737470107917
CAN,G,7,Y2_nocap,3.6140911585696855
CAN,G,8,Y2_nocap,3.4815688016234967
CAN,G,9,Y2_nocap,3.4153619671383684
CAN,G,10,Y2_nocap,3.448840107531542
CAN,L,0,Z1,1.0
CAN,L,1,Z1,0.9512294245006191
CAN,L,2,Z1,0.904837418035779
CAN,L,3,Z1,0.8607079764248001
CAN,L,4,Z1,0.8187307530776551
CAN,L,5,Z1,0.7788007830710163
CAN,L,6,Z1,0.7408182206812742
CAN,L,7,Z1,0.7046880897182212
CAN,L,8,Z1,0.6703200460351041
CAN,L,9,Z1,0.6376281516212006
CAN,L,10,Z1,0.6065306597120281
CAN,L,0,Z2,0.0
CAN,L,1,Z2,0.23522943217536055
CAN,L,2,Z2,0.4426630860923404
CAN,L,3,Z2,0.3514299290544171
CAN,L,4,Z2,0.19595060778879475
CAN,L,5,Z2,0.0900260746183105
CAN,L,6,Z2,0.036593480010427455
CAN,L,7,Z2,0.013668968466626966
CAN,L,8,Z2,0.004799580086599759
CAN,L,9,Z2,0.0016075055104898454
CAN,L,10,Z2,0.0005187004231156229
CAN,L,0,Y1,1.00511673509676
CAN,L,1,Y1,1.357409528601193
CAN,L,2,Y1,1.6256755710667474
CAN,L,3,Y1,1.8197568583346972
CAN,L,4,Y1,1.959052727537966
CAN,L,5,Y1,2.0982875911818626
CAN,L,6,Y1,2.2357814811859655
CAN,L,7,Y1,2.4161864389513465
CAN,L,8,Y1,2.6582421031962165
CAN,L,9,Y1,2.831155211535767
CAN,L,10,Y1,2.9467441332426496
CAN,L,0,Y2,0.0
CAN,L,1,Y2,0.23643303886676315
CAN,L,2,Y2,0.5393286849891081
CAN,L,3,Y2,0.609551160346181
CAN,L,4,Y2,0.5503469305306927
CAN,L,5,Y2,0.4613186413542193
CAN,L,6,Y2,0.3906923119541816
CAN,L,7,Y2,0.3525865598388985
CAN,L,8,Y2,0.34860263719609647
CAN,L,9,Y2,0.38171980108099657
CAN,L,10,Y2,0.41518628547429
CAN,L,0,Y1_nocap,1.00511673509676
CAN,L,1,Y1_nocap,1.3354480535323527
CAN,L,2,Y1_nocap,1.5756071643151484
CAN,L,3,Y1_nocap,1.7377063226157219
CAN,L,4,Y1_nocap,1.843039640280859
CAN,L,5,Y1_nocap,1.9476685307608514
CAN,L,6,Y1_nocap,2.0499598298075337
CAN,L,7,Y1_nocap,2.194645781765815
CAN,L,8,Y1_nocap,2.3995649276812867
CAN,L,9,Y1_nocap,2.5326771334175695
CAN,L,10,Y1_nocap,2.6074998038684214
CAN,L,0,Y2_nocap,0.0
CAN,L,1,Y2_nocap,0.23643303886676315
CAN,L,2,Y2_nocap,0.5341626996789315
CAN,L,3,Y2_nocap,0.5929661003605425
CAN,L,4,Y2_nocap,0.5216154484051898
CAN,L,5,Y2_nocap,0.42259272316189606
CAN,L,6,Y2_nocap,0.344623508031
CAN,L,7,Y2_nocap,0.30123695746831175
CAN,L,8,Y2_nocap,0.29317803099518824
CAN,L,9,Y2_nocap,0.3225952207266012
CAN,L,10,Y2_nocap,0.35189961041385664
CHE,G,0,Z1,1.0
CHE,G,1,Z1,0.8716585983329749
CHE,G,2,Z1,0.7597887120478064
CHE,G,3,Z1,0.6622763637728071
CHE,G,4,Z1,0.5772788869552644
CHE,G,5,Z1,0.5031901054506456
CHE,G,6,Z1,0.4386099820121315
CHE,G,7,Z1,0.38231816213554587
CHE,G,8,Z1,0.33325091332430895
CHE,G,9,Z1,0.2904810240014508
CHE,G,10,Z1,0.2532002822234318
CHE,G,0,Z2,0.0
CHE,G,1,Z2,0.053491797909878645
CHE,G,2,Z2,0.022890979549050377
CHE,G,3,Z2,0.00413261882548977
CHE,G,4,Z2,0.0005239969447150426
CHE,G,5,Z2,5.474519271892752e-05
CHE,G,6,Z2,5.060307661271836e-06
CHE,G,7,Z2,4.2983768281966325e-07
CHE,G,8,Z2,3.432159975883743e-08
CHE,G,9,Z2,2.614040337967753e-09
CHE,G,10,Z2,1.9181031205328093e-10
CHE,G,0,Y1,1.000000000000003
CHE,G,1,Y1,1.5763942795410026
CHE,G,2,Y1,1.750433828805482
CHE,G,3,Y1,1.7754553546240348
CHE,G,4,Y1,2.0114133381851866
CHE,G,5,Y1,2.1617393397073266
CHE,G,6,Y1,2.2688605693444854
CHE,G,7,Y1,2.3583701075092938
CHE,G,8,Y1,2.61336738496411
CHE,G,9,Y1,2.6499184102839806
CHE,G,10,Y1,2.7658117628098804
CHE,G,0,Y2,0.0
CHE,G,1,Y2,0.05349179790987881
CHE,G,2,Y2,0.060588558188110785
CHE,G,3,Y2,0.04039667872044793
CHE,G,4,Y2,0.0254071092726778
CHE,G,5,Y2,0.032505353470904365
CHE,G,6,Y2,0.03373999796793252
CHE,G,7,Y2,0.031993497441098036
CHE,G,8,Y2,0.031114251403645078
CHE,G,9,Y2,0.04037566164959995
CHE,G,10,Y2,0.03446182311364423
CHE,G,0,Y1_nocap,1.000000000000003
CHE,G,1,Y1_nocap,1.5508116504779552
CHE,G,2,Y1_nocap,1.6863887648514813
CHE,G,3,Y1_nocap,1.671300733511469
CHE,G,4,Y1_nocap,1.869434443723741
CHE,G,5,Y1_nocap,1.9786584688266562
CHE,G,6,Y1_nocap,2.0438297702704977
CHE,G,7,Y1_nocap,2.0917085656878993
CHE,G,8,Y1_nocap,2.305821559343865
CHE,G,9,Y1_nocap,2.297946705201289
CHE,G,10,Y1_nocap,2.371719319173465
CHE,G,0,Y2_nocap,0.0
CHE,G,1,Y2_nocap,0.05349179790987881
CHE,G,2,Y2_nocap,0.059220097364266866
CHE,G,3,Y2_nocap,0.03757801230718749
CHE,G,4,Y2_nocap,0.021760569726871397
CHE,G,5,Y2_nocap,0.028474794514102883
CHE,G,6,Y2_nocap,0.029171836400156356
CHE,G,7,Y2_nocap,0.02689535798622276
CHE,G,8,Y2_nocap,0.025569468201800432
CHE,G,9,Y2_nocap,0.034439304195405175
CHE,G,10,Y2_nocap,0.02792551974669489
CHE,L,0,Z1,1.0
CHE,L,1,Z1,0.8810541452029343
CHE,L,2,Z1,0.7762564067792733
CHE,L,3,Z1,0.683923924933214
CHE,L,4,Z1,0.6025740090658688
CHE,L,5,Z1,0.5309003284790342
CHE,L,6,Z1,0.46775193509605256
CHE,L,7,Z1,0.412114781343071
CHE,L,8,Z1,0.36309543640171366
CHE,L,9,Z1,0.3199067393459982
CHE,L,10,Z1,0.28185515877914646
CHE,L,0,Z2,0.0
CHE,L,1,Z2,0.24442127893196838
CHE,L,2,Z2,0.47793409275791265
CHE,L,3,Z2,0.39425825991514174
CHE,L,4,Z2,0.2284209970203291
CHE,L,5,Z2,0.10904482856762532
CHE,L,6,Z2,0.046056170521871255
CHE,L,7,Z2,0.017875870735513676
CHE,L,8,Z2,0.006522018984970148
CHE,L,9,Z2,0.002269753206038499
CHE,L,10,Z2,0.0007610095767899387
CHE,L,0,Y1,1.00511673509676
CHE,L,1,Y1,1.2906272345192022
CHE,L,2,Y1,1.4766028888175962
CHE,L,3,Y1,1.5803008741255953
CHE,L,4,Y1,1.6270043819911166
CHE,L,5,Y1,1.675336720770844
CHE,L,6,Y1,1.7234197490321284
CHE,L,7,Y1,1.815842620451972
CHE,L,8,Y1,1.9683229410245426
CHE,L,9,Y1,2.046157944143969
CHE,L,10,Y1,2.066409201172694
CHE,L,0,Y2,0.0
CHE,L,1,Y2,0.24567191786827455
CHE,L,2,Y2,0.5793860525920801
CHE,L,3,Y2,0.6728486144488448
CHE,L,4,Y2,0.6198191387233871
CHE,L,5,Y2,0.5268374189124292
CHE,L,6,Y2,0.4494122243327991
CHE,L,7,Y2,0.40602199563478103
CHE,L,8,Y2,0.39976609581286243
CHE,L,9,Y2,0.4344217128878448
CHE,L,10,Y2,0.4721863012834918
CHE,L,0,Y1_nocap,1.00511673509676
CHE,L,1,Y1_nocap,1.2649137059201607
CHE,L,2,Y1_nocap,1.4197471448280596
CHE,L,3,Y1_nocap,1.4898165335559637
CHE,L,4,Y1_nocap,1.5026912875493672
CHE,L,5,Y1_nocap,1.5184673822603665
CHE,L,6,Y1_nocap,1.5351321956698674
CHE,L,7,Y1_nocap,1.597198257038027
CHE,L,8,Y1_nocap,1.719171428783734
CHE,L,9,Y1_nocap,1.7648234818517898
CHE,L,10,Y1_nocap,1.7532478360387445
CHE,L,0,Y2_nocap,0.0
CHE,L,1,Y2_nocap,0.24567191786827455
CHE,L,2,Y2_nocap,0.5731011190460485
CHE,L,3,Y2_nocap,0.6521998555787621
CHE,L,4,Y2_nocap,0.5834631655416614
CHE,L,5,Y2_nocap,0.4772764742893765
CHE,L,6,Y2_nocap,0.3899881328922792
CHE,L,7,Y2_nocap,0.339434868401369
CHE,L,8,Y2_nocap,0.3276484066551342
CHE,L,9,Y2_nocap,0.35733687703797795
CHE,L,10,Y2_nocap,0.38961001698666436
CHL,G,0,Z1,1.0
CHL,G,1,Z1,0.951229424500714
CHL,G,2,Z1,0.9048374180359595
CHL,G,3,Z1,0.8607079764250578
CHL,G,4,Z1,0.8187307530779818
CHL,G,5,Z1,0.7788007830714049
CHL,G,6,Z1,0.7408182206817179
CHL,G,7,Z1,0.7046880897187134
CHL,G,8,Z1,0.6703200460356393
CHL,G,9,Z1,0.6376281516217733
CHL,G,10,Z1,0.6065306597126334
CHL,G,0,Z2,0.0
CHL,G,1,Z2,0.4208056587056076
CHL,G,2,Z2,1.4166192191892824
CHL,G,3,Z2,2.0119096698726473
CHL,G,4,Z2,2.006810012176452
CHL,G,5,Z2,1.6493691583416408
CHL,G,6,Z2,1.1993423762154265
CHL,G,7,Z2,0.8014291208909732
CHL,G,8,Z2,0.5034108031214564
CHL,G,9,Z2,0.3016210655244816
CHL,G,10,Z2,0.1741067917112712
CHL,G,0,Y1,1.000000000000003
CHL,G,1,Y1,1.6693183577736637
CHL,G,2,Y1,1.9866753305472624
CHL,G,3,Y1,2.166308988468741
CHL,G,4,Y1,2.5539526577923573
CHL,G,5,Y1,2.872750137233227
CHL,G,6,Y1,3.156609598833967
CHL,G,7,Y1,3.4268386807710307
CHL,G,8,Y1,3.8647756174269627
CHL,G,9,Y1,4.101799207519354
CHL,G,10,Y1,4.414811619940916
CHL,G,0,Y2,0.0
CHL,G,1,Y2,0.42080565870560893
CHL,G,2,Y2,1.7187951057644162
CHL,G,3,Y2,3.196973174536404
CHL,G,4,Y2,4.132809429108239
CHL,G,5,Y2,4.492039860067022
CHL,G,6,Y2,4.625714867237318
CHL,G,7,Y2,4.674255629745058
CHL,G,8,Y2,4.674297986414166
CHL,G,9,Y2,4.7262002934528
CHL,G,10,Y2,4.8763772081633965
CHL,G,0,Y1_nocap,1.000000000000003
CHL,G,1,Y1_nocap,1.6303824766456947
CHL,G,2,Y1_nocap,1.8854782402931523
CHL,G,3,Y1_nocap,1.9948678479192243
CHL,G,4,Y1_nocap,2.310207783889443
CHL,G,5,Y1_nocap,2.5466874826812607
CHL,G,6,Y1_nocap,2.7415991712874517
CHL,G,7,Y1_nocap,2.9180765748181083
CHL,G,8,Y1_nocap,3.2583261037685176
CHL,G,9,Y1_nocap,3.387473181301042
CHL,G,10,Y1_nocap,3.5909584798344243
CHL,G,0,Y2_nocap,0.0
CHL,G,1,Y2_nocap,0.42080565870560893
CHL,G,2,Y2_nocap,1.702410666659078
CHL,G,3,Y2_nocap,3.11481690937192
CHL,G,4,Y2_nocap,3.9319475187112625
CHL,G,5,Y2_nocap,4.144373542365429
CHL,G,6,Y2_nocap,4.127569920862349
CHL,G,7,Y2_nocap,4.03099813959912
CHL,G,8,Y2_nocap,3.894231856913273
CHL,G,9,Y2_nocap,3.818934423596041
CHL,G,10,Y2_nocap,3.8488262771038495
CHL,L,0,Z1,1.0
CHL,L,1,Z1,0.951229424500714
CHL,L,2,Z1,0.9048374180359595
CHL,L,3,Z1,0.8607079764250578
CHL,L,4,Z1,0.8187307530779818
CHL,L,5,Z1,0.7788007830714049
CHL,L,6,Z1,0.7408182206817179
CHL,L,7,Z1,0.7046880897187134
CHL,L,8,Z1,0.6703200460356393
CHL,L,9,Z1,0.6376281516217733
CHL,L,10,Z1,0.6065306597126334
CHL,L,0,Z2,0.0
CHL,L,1,Z2,0.7408182206817179
CHL,L,2,Z2,4.390493088752212
CHL,L,3,Z2,10.977380812996177
CHL,L,4,Z2,19.276429562380937
CHL,L,5,Z2,27.891270018553726
CHL,L,6,Z2,35.7045598558627
CHL,L,7,Z2,42.00255489077279
CHL,L,8,Z2,46.447592084179206
CHL,L,9,Z2,48.99281878727759
CHL,L,10,Z2,49.787068367863945
CHL,L,0,Y1,1.00511673509676
CHL,L,1,Y1,1.3745831592499078
CHL,L,2,Y1,1.665513709354363
CHL,L,3,Y1,1.8861453466944509
CHL,L,4,Y1,2.054489834642998
CHL,L,5,Y1,2.224258120826915
CHL,L,6,Y1,2.393722974025814
CHL,L,7,Y1,2.6074619283698115
CHL,L,8,Y1,2.8849053483595917
CHL,L,9,Y1,3.0962496390889505
CHL,L,10,Y1,3.2520376146891965
CHL,L,0,Y2,0.0
CHL,L,1,Y2,0.7446087912717994
CHL,L,2,Y2,4.722980537046438
CHL,L,3,Y2,13.136101971635336
CHL,L,4,Y2,25.764235054907854
CHL,L,5,Y2,41.54865134305315
CHL,L,6,Y2,59.11636579588173
CHL,L,7,Y2,77.21132382658199
CHL,L,8,Y2,94.91011268027765
CHL,L,9,Y2,111.7614313513688
CHL,L,10,Y2,127.69797723621723
CHL,L,0,Y1_nocap,1.00511673509676
CHL,L,1,Y1_nocap,1.3354480535324482
CHL,L,2,Y1_nocap,1.575607164315366
CHL,L,3,Y1_nocap,1.7377063226160785
CHL,L,4,Y1_nocap,1.843039640281363
CHL,L,5,Y1_nocap,1.947668530761506
CHL,L,6,Y1_nocap,2.0499598298083415
CHL,L,7,Y1_nocap,2.194645781766778
CHL,L,8,Y1_nocap,2.3995649276824107
CHL,L,9,Y1_nocap,2.5326771334188667
CHL,L,10,Y1_nocap,2.6074998038698958
CHL,L,0,Y2_nocap,0.0
CHL,L,1,Y2_nocap,0.7446087912717994
CHL,L,2,Y2_nocap,4.693988537662639
CHL,L,3,Y2_nocap,12.925253196620789
CHL,L,4,Y2_nocap,25.056732302745566
CHL,L,5,Y2_nocap,39.8876961278077
CHL,L,6,Y2_nocap,55.954356193723406
CHL,L,7,Y2_nocap,71.9696916278941
CHL,L,8,Y2_nocap,87.03040430475446
CHL,L,9,Y2_nocap,100.7398487226015
CHL,L,10,Y2_nocap,113.09911013821221
CHN,G,0,Z1,1.0
CHN,G,1,Z1,0.951229424500714
CHN,G,2,Z1,0.9048374180359595
CHN,G,3,Z1,0.8607079764250578
CHN,G,4,Z1,0.8187307530779818
CHN,G,5,Z1,0.7788007830714049
CHN,G,6,Z1,0.7408182206817179
CHN,G,7,Z1,0.7046880897187134
CHN,G,8,Z1,0.6703200460356393
CHN,G,9,Z1,0.6376281516217733
CHN,G,10,Z1,0.6065306597126334
CHN,G,0,Z2,0.0
CHN,G,1,Z2,0.3734477807691741
CHN,G,2,Z2,1.115705959691369
CHN,G,3,Z2,1.4062204619021816
CHN,G,4,Z2,1.2447997884908388
CHN,G,5,Z2,0.9079447627223463
CHN,G,6,Z2,0.5859128851770029
CHN,G,7,Z2,0.34745878831408117
CHN,G,8,Z2,0.19369081417835465
CHN,G,9,Z2,0.10299033600350566
CHN,G,10,Z2,0.05275927629791601
CHN,G,0,Y1,1.000000000000003
CHN,G,1,Y1,1.6844713550319808
CHN,G,2,Y1,2.023626730290042
CHN,G,3,Y1,2.2244616511067568
CHN,G,4,Y1,2.630188131389745
CHN,G,5,Y1,2.9672159917143306
CHN,G,6,Y1,3.2677968600690965
CHN,G,7,Y1,3.552425458678878
CHN,G,8,Y1,4.002121777891945
CHN,G,9,Y1,4.250770662289253
CHN,G,10,Y1,4.5716274838320405
CHN,G,0,Y2,0.0
CHN,G,1,Y2,0.3734477807691753
CHN,G,2,Y2,1.389533531415178
CHN,G,3,Y2,2.381639396037815
CHN,G,4,Y2,2.8578136570245753
CHN,G,5,Y2,2.9393540475998154
CHN,G,6,Y2,2.9447821731640453
CHN,G,7,Y2,2.940987236435985
CHN,G,8,Y2,2.9243090953304884
CHN,G,9,Y2,2.967180688923313
CHN,G,10,Y2,3.0771513937774744
CHN,G,0,Y1_nocap,1.000000000000003
CHN,G,1,Y1_nocap,1.6303824766456947
CHN,G,2,Y1_nocap,1.8854782402931523
CHN,G,3,Y1_nocap,1.9948678479192243
CHN,G,4,Y1_nocap,2.310207783889443
CHN,G,5,Y1_nocap,2.5466874826812607
CHN,G,6,Y1_nocap,2.7415991712874517
CHN,G,7,Y1_nocap,2.9180765748181083
CHN,G,8,Y1_nocap,3.2583261037685176
CHN,G,9,Y1_nocap,3.387473181301042
CHN,G,10,Y1_nocap,3.5909584798344243
CHN,G,0,Y2_nocap,0.0
CHN,G,1,Y2_nocap,0.3734477807691753
CHN,G,2,Y2_nocap,1.3693341598175257
CHN,G,3,Y2_nocap,2.288915101683374
CHN,G,4,Y2_nocap,2.648357603984188
CHN,G,5,Y2_nocap,2.6026287967596216
CHN,G,6,Y2_nocap,2.4929693523519556
CHN,G,7,Y2_nocap,2.3887971845026628
CHN,G,8,Y2_nocap,2.2850332327226734
CHN,G,9,Y2_nocap,2.2530744747304903
CHN,G,10,Y2_nocap,2.2956515673433415
CHN,L,0,Z1,1.0
CHN,L,1,Z1,0.6733835666641254
CHN,L,2,Z1,0.4534454278532985
CHN,L,3,Z1,0.30534269949539444
CHN,L,4,Z1,0.20561275604106094
CHN,L,5,Z1,0.1384562510145703
CHN,L,6,Z1,0.09323416413513474
CHN,L,7,Z1,0.06278235398026552
CHN,L,8,Z1,0.04227660544680084
CHN,L,9,Z1,0.028468371362218737
CHN,L,10,Z1,0.019170133445009698
CHN,L,0,Z2,0.0
CHN,L,1,Z2,0.7408182206809376
CHN,L,2,Z2,4.390493088742963
CHN,L,3,Z2,10.977380812961492
CHN,L,4,Z2,19.276429562299725
CHN,L,5,Z2,27.891270018406853
CHN,L,6,Z2,35.704559855637065
CHN,L,7,Z2,42.00255489046314
CHN,L,8,Z2,46.44759208378785
CHN,L,9,Z2,48.99281878681319
CHN,L,10,Z2,49.787068367339586
CHN,L,0,Y1,1.00511673509676
CHN,L,1,Y1,1.110546168892247
CHN,L,2,Y1,1.1238504925379489
CHN,L,3,Y1,1.0775790252637472
CHN,L,4,Y1,1.004240628792595
CHN,L,5,Y1,0.962816352679506
CHN,L,6,Y1,0.9411856551241174
CHN,L,7,Y1,0.9773845649730077
CHN,L,8,Y1,1.0747361313633477
CHN,L,9,Y1,1.087370235981491
CHN,L,10,Y1,1.0489506464374312
CHN,L,0,Y2,0.0
CHN,L,1,Y2,0.7446087912710151
CHN,L,2,Y2,4.734263592009464
CHN,L,3,Y2,13.21634860902576
CHN,L,4,Y2,26.024735145628306
CHN,L,5,Y2,42.13714939652936
CHN,L,6,Y2,60.189699905358495
CHN,L,7,Y2,78.90846791033434
CHN,L,8,Y2,97.33264444055277
CHN,L,9,Y2,114.96360174509643
CHN,L,10,Y2,131.6867680181638
CHN,L,0,Y1_nocap,1.00511673509676
CHN,L,1,Y1_nocap,1.0561805320435778
CHN,L,2,Y1_nocap,1.0165042946118144
CHN,L,3,Y1_nocap,0.9234397139002752
CHN,L,4,Y1_nocap,0.8119113832134857
CHN,L,5,Y1_nocap,0.7412427774481624
CHN,L,6,Y1_nocap,0.6964209194159887
CHN,L,7,Y1_nocap,0.713622075224456
CHN,L,8,Y1_nocap,0.7924946619743777
CHN,L,9,Y1_nocap,0.7837932502500162
CHN,L,10,Y1_nocap,0.7261362861823725
CHN,L,0,Y2_nocap,0.0
CHN,L,1,Y2_nocap,0.7446087912710151
CHN,L,2,Y2_nocap,4.693988537653047
CHN,L,3,Y2_nocap,12.92525319658218
CHN,L,4,Y2_nocap,25.056732302647774
CHN,L,5,Y2_nocap,39.88769612761632
CHN,L,6,Y2_nocap,55.954356193405914
CHN,L,7,Y2_nocap,71.96969162742448
CHN,L,8,Y2_nocap,87.03040430411546
CHN,L,9,Y2_nocap,100.73984872178475
CHN,L,10,Y2_nocap,113.09911013721647
CIV,G,0,Z1,1.0
CIV,G,1,Z1,0.006737946999085479
CIV,G,2,Z1,4.539992976248501e-05
CIV,G,3,Z1,3.0590232050182743e-07
CIV,G,4,Z1,2.0611536224385723e-09
CIV,G,5,Z1,1.388794386496412e-11
CIV,G,6,Z1,9.357622968840275e-14
CIV,G,7,Z1,6.305116760147079e-16
CIV,G,8,Z1,4.24835425529165e-18
CIV,G,9,Z1,2.8625185805494346e-20
CIV,G,10,Z1,1.928749847963945e-22
CIV,G,0,Z2,0.0
CIV,G,1,Z2,0.4672496185537468
CIV,G,2,Z2,1.746577648308975
CIV,G,3,Z2,2.754296122320682
CIV,G,4,Z2,3.0505334815725096
CIV,G,5,Z2,2.783907432910524
CIV,G,6,Z2,2.2477472976091097
CIV,G,7,Z2,1.6677725005679795
CIV,G,8,Z2,1.1632193152743622
CIV,G,9,Z2,0.773870208220195
CIV,G,10,Z2,0.4960089980809256
CIV,G,0,Y1,1.000000000000003
CIV,G,1,Y1,0.73238179298128
CIV,G,2,Y1,0.415053488808293
CIV,G,3,Y1,0.2910539021816018
CIV,G,4,Y1,0.5060845046853286
CIV,G,5,Y1,0.4582041162023127
CIV,G,6,Y1,0.43826883073916245
CIV,G,7,Y1,0.43765873921949117
CIV,G,8,Y1,0.6176062652756517
CIV,G,9,Y1,0.43948062692090883
CIV,G,10,Y1,0.52421022976921
CIV,G,0,Y2,0.0
CIV,G,1,Y2,0.46724961855374825
CIV,G,2,Y2,2.0856344585500346
CIV,G,3,Y2,4.213317268754281
CIV,G,4,Y2,5.900163846179415
CIV,G,5,Y2,6.86611194569502
CIV,G,6,Y2,7.405892537217591
CIV,G,7,Y2,7.706084417202425
CIV,G,8,Y2,7.851430450275816
CIV,G,9,Y2,7.985729431868453
CIV,G,10,Y2,8.216409016047837
CIV,G,0,Y1_nocap,1.000000000000003
CIV,G,1,Y1_nocap,0.6858909991440632
CIV,G,2,Y1_nocap,0.3392319525168019
CIV,G,3,Y1_nocap,0.2036311934130046
CIV,G,4,Y1_nocap,0.4140028451468385
CIV,G,5,Y1_nocap,0.35193939116310613
CIV,G,6,Y1_nocap,0.32148645171793155
CIV,G,7,Y1_nocap,0.3123529315753106
CIV,G,8,Y1_nocap,0.48467042035323693
CIV,G,9,Y1_nocap,0.29132320038202614
CIV,G,10,Y1_nocap,0.37065723535760925
CIV,G,0,Y2_nocap,0.0
CIV,G,1,Y2_nocap,0.46724961855374825
CIV,G,2,Y2_nocap,2.063911652863334
CIV,G,3,Y2_nocap,4.096836270589088
CIV,G,4,Y2_nocap,5.599623834123619
CIV,G,5,Y2_nocap,6.32176990727517
CIV,G,6,Y2_nocap,6.597583815213531
CIV,G,7,Y2_nocap,6.635503695568157
CIV,G,8,Y2_nocap,6.531239091880056
CIV,G,9,Y2_nocap,6.434502726586832
CIV,G,10,Y2_nocap,6.451350666611519
CIV,L,0,Z1,1.0
CIV,L,1,Z1,0.7528686517993477
CIV,L,2,Z1,0.5668112068621675
CIV,L,3,Z1,0.4267343891350812
CIV,L,4,Z1,0.3212749442245468
CIV,L,5,Z1,0.24187783411524516
CIV,L,6,Z1,0.18210223887049093
CIV,L,7,Z1,0.13709906706806926
CIV,L,8,Z1,0.10321758978648564
CIV,L,9,Z1,0.07770928766452956
CIV,L,10,Z1,0.058504886636282054
CIV,L,0,Z2,0.0
CIV,L,1,Z2,0.2586113689808634
CIV,L,2,Z2,0.5350387213292501
CIV,L,3,Z2,0.4669889496099573
CIV,L,4,Z2,0.286266433321639
CIV,L,5,Z2,0.14459326995034785
CIV,L,6,Z2,0.06461590490601814
CIV,L,7,Z2,0.026535508405597888
CIV,L,8,Z2,0.010243558855836549
CIV,L,9,Z2,0.003771864195019784
CIV,L,10,Z2,0.0013380616777557866
CIV,L,0,Y1,1.00511673509676
CIV,L,1,Y1,1.1828009962173005
CIV,L,2,Y1,1.2575785393454462
CIV,L,3,Y1,1.2583235421926895
CIV,L,4,Y1,1.217140638004854
CIV,L,5,Y1,1.1950215069952157
CIV,L,6,Y1,1.1855485270101804
CIV,L,7,Y1,1.230100441900135
CIV,L,8,Y1,1.3371985446996633
CIV,L,9,Y1,1.3650668772133567
CIV,L,10,Y1,1.3399294557499513
CIV,L,0,Y2,0.0
CIV,L,1,Y2,0.2599346148489489
CIV,L,2,Y2,0.6479655345591753
CIV,L,3,Y2,0.7922800574585782
CIV,L,4,Y2,0.7636761807414084
CIV,L,5,Y2,0.6751821171314618
CIV,L,6,Y2,0.5935364950865554
CIV,L,7,Y2,0.5454769539021653
CIV,L,8,Y2,0.5379707252656655
CIV,L,9,Y2,0.5772116367589816
CIV,L,10,Y2,0.6247832702030351
CIV,L,0,Y1_nocap,1.00511673509676
CIV,L,1,Y1_nocap,1.1360723213035806
CIV,L,2,Y1_nocap,1.1606029177894785
CIV,L,3,Y1_nocap,1.1127239804557247
CIV,L,4,Y1_nocap,1.0278172580585239
CIV,L,5,Y1_nocap,0.9683263877752852
CIV,L,6,Y1_nocap,0.926302796240034
CIV,L,7,Y1_nocap,0.9420480099718083
CIV,L,8,Y1_nocap,1.0211916989072127
CIV,L,9,Y1_nocap,1.0189635857923882
CIV,L,10,Y1_nocap,0.9654885328698936
CIV,L,0,Y2_nocap,0.0
CIV,L,1,Y2_nocap,0.2599346148489489
CIV,L,2,Y2_nocap,0.6358809679690764
CIV,L,3,Y2_nocap,0.7512975000912396
CIV,L,4,Y2_nocap,0.6900191418713387
CIV,L,5,Y2_nocap,0.5734964890691303
CIV,L,6,Y2_nocap,0.47078100907523196
CIV,L,7,Y2_nocap,0.4075857223659979
CIV,L,8,Y2_nocap,0.3887141744864233
CIV,L,9,Y2_nocap,0.4180921834263032
CIV,L,10,Y2_nocap,0.45497754173801747
CMR,G,0,Z1,1.0
CMR,G,1,Z1,0.006737946999085479
CMR,G,2,Z1,4.539992976248501e-05
CMR,G,3,Z1,3.0590232050182743e-07
CMR,G,4,Z1,2.0611536224385723e-09
CMR,G,5,Z1,1.388794386496412e-11
CMR,G,6,Z1,9.357622968840275e-14
CMR,G,7,Z1,6.305116760147079e-16
CMR,G,8,Z1,4.24835425529165e-18
CMR,G,9,Z1,2.8625185805494346e-20
CMR,G,10,Z1,1.928749847963945e-22
CMR,G,0,Z2,0.0
CMR,G,1,Z2,0.4645319376790218
CMR,G,2,Z2,1.7263193689906127
CMR,G,3,Z2,2.70651537516387
CMR,G,4,Z2,2.9801785637521476
CMR,G,5,Z2,2.703883052439979
CMR,G,6,Z2,2.170437178073608
CMR,G,7,Z2,1.60104362992502
CMR,G,8,Z2,1.1101830339809766
CMR,G,9,Z2,0.7342901991604378
CMR,G,10,Z2,0.46790294792141673
CMR,G,0,Y1,1.000000000000003
CMR,G,1,Y1,0.7239807499539006
CMR,G,2,Y1,0.40129831020357143
CMR,G,3,Y1,0.27511737543085474
CMR,G,4,Y1,0.4892124386526634
CMR,G,5,Y1,0.43867534593117696
CMR,G,6,Y1,0.4167345335194862
CMR,G,7,Y1,0.41447298901287816
CMR,G,8,Y1,0.5929268815517632
CMR,G,9,Y1,0.41193341402497546
CMR,G,10,Y1,0.4955597245088988
CMR,G,0,Y2,0.0
CMR,G,1,Y2,0.46453193767902323
CMR,G,2,Y2,2.059501558033551
CMR,G,3,Y2,4.128855346151922
CMR,G,4,Y2,5.732299796154009
CMR,G,5,Y2,6.610978253715353
CMR,G,6,Y2,7.072056168966789
CMR,G,7,Y2,7.304349164557576
CMR,G,8,Y2,7.391821189038353
CMR,G,9,Y2,7.476471663190464
CMR,G,10,Y2,7.661380433073666
CMR,G,0,Y1_nocap,1.000000000000003
CMR,G,1,Y1_nocap,0.6858909991440632
CMR,G,2,Y1_nocap,0.3392319525168019
CMR,G,3,Y1_nocap,0.2036311934130046
CMR,G,4,Y1_nocap,0.4140028451468385
CMR,G,5,Y1_nocap,0.35193939116310613
CMR,G,6,Y1_nocap,0.32148645171793155
CMR,G,7,Y1_nocap,0.3123529315753106
CMR,G,8,Y1_nocap,0.48467042035323693
CMR,G,9,Y1_nocap,0.29132320038202614
CMR,G,10,Y1_nocap,0.37065723535760925
CMR,G,0,Y2_nocap,0.0
CMR,G,1,Y2_nocap,0.46453193767902323
CMR,G,2,Y2_nocap,2.041807652284146
CMR,G,3,Y2_nocap,4.034387686767106
CMR,G,4,Y2_nocap,5.489492651247767
CMR,G,5,Y2_nocap,6.172775520568722
CMR,G,6,Y2_nocap,6.423454897843648
CMR,G,7,Y2_nocap,6.44767054731139
CMR,G,8,Y2_nocap,6.337881415841099
CMR,G,9,Y2_nocap,6.240580944069806
CMR,G,10,Y2_nocap,6.257509571838911
CMR,L,0,Z1,1.0
CMR,L,1,Z1,0.683248577652188
CMR,L,2,Z1,0.4668286188637381
CMR,L,3,Z1,0.31895998984598445
CMR,L,4,Z1,0.21792895939022525
CMR,L,5,Z1,0.14889965153259288
CMR,L,6,Z1,0.1017354751225505
CMR,L,7,Z1,0.0695106186742522
CMR,L,8,Z1,0.04749303134090645
CMR,L,9,Z1,0.032449546112065124
CMR,L,10,Z1,0.022171106226527588
CMR,L,0,Z2,0.0
CMR,L,1,Z2,0.2559527182110153
CMR,L,2,Z2,0.5240943516768592
CMR,L,3,Z2,0.45273388694872024
CMR,L,4,Z2,0.2746748894595874
CMR,L,5,Z2,0.1373120792607257
CMR,L,6,Z2,0.0607312510790212
CMR,L,7,Z2,0.024683818409040176
CMR,L,8,Z2,0.00943078686245457
CMR,L,9,Z2,0.00343688692003299
CMR,L,10,Z2,0.001206694855097844
CMR,L,0,Y1,1.00511673509676
CMR,L,1,Y1,1.1043806656542259
CMR,L,2,Y1,1.1104304424368483
CMR,L,3,Y1,1.0569919818023525
CMR,L,4,Y1,0.9773731473783611
CMR,L,5,Y1,0.9309738917173566
CMR,L,6,Y1,0.9055719322360541
CMR,L,7,Y1,0.9390404831989585
CMR,L,8,Y1,1.0342490846261168
CMR,L,9,Y1,1.044817019811979
CMR,L,10,Y1,1.004801739593716
CMR,L,0,Y2,0.0
CMR,L,1,Y2,0.2572623604673967
CMR,L,2,Y2,0.6336710950811941
CMR,L,3,Y2,0.7650154585778945
CMR,L,4,Y2,0.7280132472517409
CMR,L,5,Y2,0.6354888674609244
CMR,L,6,Y2,0.552286129305009
CMR,L,7,Y2,0.5034115698809574
CMR,L,8,Y2,0.4948246259327206
CMR,L,9,Y2,0.5320009037797176
CMR,L,10,Y2,0.5763805659891352
CMR,L,0,Y1_nocap,1.00511673509676
CMR,L,1,Y1_nocap,1.066096019679593
CMR,L,2,Y1_nocap,1.0336982699898374
CMR,L,3,Y1_nocap,0.9452152991572549
CMR,L,4,Y1_nocap,0.8358992637923007
CMR,L,5,Y1_nocap,0.7656419774512626
CMR,L,6,Y1_nocap,0.7204040062583065
CMR,L,7,Y1_nocap,0.7368786852195339
CMR,L,8,Y1_nocap,0.8154245972879398
CMR,L,9,Y1_nocap,0.8072780644870227
CMR,L,10,Y1_nocap,0.749914381132319
CMR,L,0,Y2_nocap,0.0
CMR,L,1,Y2_nocap,0.2572623604673967
CMR,L,2,Y2_nocap,0.6238720358782405
CMR,L,3,Y2_nocap,0.7320060770173401
CMR,L,4,Y2_nocap,0.6689841410164998
CMR,L,5,Y2_nocap,0.5543084134933369
CMR,L,6,Y2_nocap,0.45457195243831605
CMR,L,7,Y2_nocap,0.39389534708800233
CMR,L,8,Y2_nocap,0.3764833193077751
CMR,L,9,Y2_nocap,0.4059955949139999
CMR,L,10,Y2_nocap,0.44201949973191185
COD,G,0,Z1,1.0
COD,G,1,Z1,0.006737946999085479
COD,G,2,Z1,4.539992976248501e-05
COD,G,3,Z1,3.0590232050182743e-07
COD,G,4,Z1,2.0611536224385723e-09
COD,G,5,Z1,1.388794386496412e-11
COD,G,6,Z1,9.357622968840275e-14
COD,G,7,Z1,6.305116760147079e-16
COD,G,8,Z1,4.24835425529165e-18
COD,G,9,Z1,2.8625185805494346e-20
COD,G,10,Z1,1.928749847963945e-22
COD,G,0,Z2,0.0
COD,G,1,Z2,0.4455434338678895
COD,G,2,Z2,1.5880716117023237
COD,G,3,Z2,2.3879977169826385
COD,G,4,Z2,2.521971443894816
COD,G,5,Z2,2.194624643026671
COD,G,6,Z2,1.689639435944976
COD,G,7,Z2,1.19543083521902
COD,G,8,Z2,0.7950424954776129
COD,G,9,Z2,0.5043568894450546
COD,G,10,Z2,0.3082481487219163
COD,G,0,Y1,1.000000000000003
COD,G,1,Y1,0.7283947460098436
COD,G,2,Y1,0.40982452870016517
COD,G,3,Y1,0.286875069004549
COD,G,4,Y1,0.5038177465536011
COD,G,5,Y1,0.4571023920459423
COD,G,6,Y1,0.4389753733967394
COD,G,7,Y1,0.44056482282598797
COD,G,8,Y1,0.6229486160470769
COD,G,9,Y1,0.4467398231673315
COD,G,10,Y1,0.5345652326170904
COD,G,0,Y2,0.0
COD,G,1,Y2,0.4455434338678909
COD,G,2,Y2,1.9096010600076911
COD,G,3,Y2,3.714448344662031
COD,G,4,Y2,5.014907849447928
COD,G,5,Y2,5.656366869221784
COD,G,6,Y2,5.972231776939024
COD,G,7,Y2,6.133167699658324
COD,G,8,Y2,6.20181750910173
COD,G,9,Y2,6.299987537818069
COD,G,10,Y2,6.503572505714365
COD,G,0,Y1_nocap,1.000000000000003
COD,G,1,Y1_nocap,0.6858909991440632
COD,G,2,Y1_nocap,0.3392319525168019
COD,G,3,Y1_nocap,0.2036311934130046
COD,G,4,Y1_nocap,0.4140028451468385
COD,G,5,Y1_nocap,0.35193939116310613
COD,G,6,Y1_nocap,0.32148645171793155
COD,G,7,Y1_nocap,0.3123529315753106
COD,G,8,Y1_nocap,0.48467042035323693
COD,G,9,Y1_nocap,0.29132320038202614
COD,G,10,Y1_nocap,0.37065723535760925
COD,G,0,Y2_nocap,0.0
COD,G,1,Y2_nocap,0.4455434338678909
COD,G,2,Y2_nocap,1.8906637946768599
COD,G,3,Y2_nocap,3.615624890365294
COD,G,4,Y2_nocap,4.76488089750381
COD,G,5,Y2_nocap,5.21007420806705
COD,G,6,Y2_nocap,5.31566465850685
COD,G,7,Y2_nocap,5.267102487719272
COD,G,8,Y2_nocap,5.1335631946614635
COD,G,9,Y2_nocap,5.040281972780847
COD,G,10,Y2_nocap,5.061173594228683
COD,L,0,Z1,1.0
COD,L,1,Z1,0.5310110819205955
COD,L,2,Z1,0.2819727691224814
COD,L,3,Z1,0.14973066520387518
COD,L,4,Z1,0.07950864252660023
COD,L,5,Z1,0.04221997029008785
COD,L,6,Z1,0.022419272102394954
COD,L,7,Z1,0.011904881934964973
COD,L,8,Z1,0.006321624236422702
COD,L,9,Z1,0.003356852525278277
COD,L,10,Z1,0.0017825258912959009
COD,L,0,Z2,0.0
COD,L,1,Z2,0.27115598270180863
COD,L,2,Z2,0.5882045356398684
COD,L,3,Z2,0.5382962287574272
COD,L,4,Z2,0.3459845757473132
COD,L,5,Z2,0.1832339602274045
COD,L,6,Z2,0.08585565330206472
COD,L,7,Z2,0.03696821294573197
COD,L,8,Z2,0.014963165831881042
COD,L,9,Z2,0.005776971798750827
COD,L,10,Z2,0.002148779787559556
COD,L,0,Y1,1.00511673509676
COD,L,1,Y1,0.95580079228966
COD,L,2,Y1,0.8706060257308198
COD,L,3,Y1,0.7705489145937405
COD,L,4,Y1,0.6769781614051714
COD,L,5,Y1,0.637857085182832
COD,L,6,Y1,0.626016728486427
COD,L,7,Y1,0.6732440835617524
COD,L,8,Y1,0.7736036754714037
COD,L,9,Y1,0.77573452989717
COD,L,10,Y1,0.7328262223551472
COD,L,0,Y2,0.0
COD,L,1,Y2,0.27254341603519544
COD,L,2,Y2,0.7056617513127363
COD,L,3,Y2,0.8877629098495753
COD,L,4,Y2,0.8720947620390505
COD,L,5,Y2,0.7795691273725274
COD,L,6,Y2,0.6881852047344588
COD,L,7,Y2,0.6323756716153899
COD,L,8,Y2,0.62221246365659
COD,L,9,Y2,0.6653522067777453
COD,L,10,Y2,0.7220041502179902
COD,L,0,Y1_nocap,1.00511673509676
COD,L,1,Y1_nocap,0.9130795650105478
COD,L,2,Y1_nocap,0.7901450485989343
COD,L,3,Y1_nocap,0.6585182035958925
COD,L,4,Y1_nocap,0.5397627188238807
COD,L,5,Y1_nocap,0.4811349797077331
COD,L,6,Y1_nocap,0.4527682202983697
COD,L,7,Y1_nocap,0.4850886151285079
COD,L,8,Y1_nocap,0.5695407140562312
COD,L,9,Y1_nocap,0.5525727989762573
COD,L,10,Y1_nocap,0.4917650716260235
COD,L,0,Y2_nocap,0.0
COD,L,1,Y2_nocap,0.27254341603519544
COD,L,2,Y2_nocap,0.6940776349476413
COD,L,3,Y2_nocap,0.8469679090366788
COD,L,4,Y2_nocap,0.7963217801703315
COD,L,5,Y2_nocap,0.6718465104870098
COD,L,6,Y2_nocap,0.5546034974322966
COD,L,7,Y2_nocap,0.47856553986955686
COD,L,8,Y2_nocap,0.4519122369209042
COD,L,9,Y2_nocap,0.4801075902135781
COD,L,10,Y2_nocap,0.5209908778831248
COG,G,0,Z1,1.0
COG,G,1,Z1,0.006737946999085479
COG,G,2,Z1,4.539992976248501e-05
COG,G,3,Z1,3.0590232050182743e-07
COG,G,4,Z1,2.0611536224385723e-09
COG,G,5,Z1,1.388794386496412e-11
COG,G,6,Z1,9.357622968840275e-14
COG,G,7,Z1,6.305116760147079e-16
COG,G,8,Z1,4.24835425529165e-18
COG,G,9,Z1,2.8625185805494346e-20
COG,G,10,Z1,1.928749847963945e-22
COG,G,0,Z2,0.0
COG,G,1,Z2,0.4731232880499751
COG,G,2,Z2,1.7907651655617578
COG,G,3,Z2,2.8594778734887862
COG,G,4,Z2,3.2068398781894296
COG,G,5,Z2,2.9633410691772744
COG,G,6,Z2,2.422700358213912
COG,G,7,Z2,1.8201802504038906
COG,G,8,Z2,1.2854777505432493
COG,G,9,Z2,0.8659572585507551
COG,G,10,Z2,0.5620089787054537
COG,G,0,Y1,1.000000000000003
COG,G,1,Y1,0.7252425618933833
COG,G,2,Y1,0.40334557834539314
COG,G,3,Y1,0.27746281713040305
COG,G,4,Y1,0.4916659506360637
COG,G,5,Y1,0.44149542170124956
COG,G,6,Y1,0.4198195141143262
COG,G,7,Y1,0.4177675357872309
COG,G,8,Y1,0.5964060590811472
COG,G,9,Y1,0.41580282120093
COG,G,10,Y1,0.4995505209948524
COG,G,0,Y2,0.0
COG,G,1,Y2,0.47312328804997655
COG,G,2,Y2,2.1307064314396347
COG,G,3,Y2,4.3346711093877275
COG,G,4,Y2,6.104922605727162
COG,G,5,Y2,7.13059286203031
COG,G,6,Y2,7.699720871465579
COG,G,7,Y2,8.005198010771217
COG,G,8,Y2,8.139256094878595
COG,G,9,Y2,8.252944461834993
COG,G,10,Y2,8.462683224425945
COG,G,0,Y1_nocap,1.000000000000003
COG,G,1,Y1_nocap,0.6858909991440632
COG,G,2,Y1_nocap,0.3392319525168019
COG,G,3,Y1_nocap,0.2036311934130046
COG,G,4,Y1_nocap,0.4140028451468385
COG,G,5,Y1_nocap,0.35193939116310613
COG,G,6,Y1_nocap,0.32148645171793155
COG,G,7,Y1_nocap,0.3123529315753106
COG,G,8,Y1_nocap,0.48467042035323693
COG,G,9,Y1_nocap,0.29132320038202614
COG,G,10,Y1_nocap,0.37065723535760925
COG,G,0,Y2_nocap,0.0
COG,G,1,Y2_nocap,0.47312328804997655
COG,G,2,Y2_nocap,2.1120882906817715
COG,G,3,Y2_nocap,4.233993500190646
COG,G,4,Y2_nocap,5.843332980068377
COG,G,5,Y2_nocap,6.653875036676424
COG,G,6,Y2_nocap,6.988163321843031
COG,G,7,Y2_nocap,7.058946976731027
COG,G,8,Y2_nocap,6.968818852436364
COG,G,9,Y2_nocap,6.874565298993625
COG,G,10,Y2_nocap,6.891848716637489
COG,L,0,Z1,1.0
COG,L,1,Z1,0.7470297869822407
COG,L,2,Z1,0.5580535026387319
COG,L,3,Z1,0.41688258920090515
COG,L,4,Z1,0.3114237118073571
COG,L,5,Z1,0.23264278909266867
COG,L,6,Z1,0.1737910931788506
COG,L,7,Z1,0.1298271233168075
COG,L,8,Z1,0.0969847282758718
COG,L,9,Z1,0.07245048090445501
COG,L,10,Z1,0.05412266731681592
COG,L,0,Z2,0.0
COG,L,1,Z2,0.2601690989205461
COG,L,2,Z2,0.5415036802650313
COG,L,3,Z2,0.4754785203789054
COG,L,4,Z2,0.29322623574057316
COG,L,5,Z2,0.14900079205564165
COG,L,6,Z2,0.06698661432347057
COG,L,7,Z2,0.027674775700363377
COG,L,8,Z2,0.010747703165823274
COG,L,9,Z2,0.003981337032964518
COG,L,10,Z2,0.0014208791061253484
COG,L,0,Y1,1.00511673509676
COG,L,1,Y1,1.1697564948334902
COG,L,2,Y1,1.2313733884361109
COG,L,3,Y1,1.2201105683831184
COG,L,4,Y1,1.168767795719862
COG,L,5,Y1,1.1385183639186562
COG,L,6,Y1,1.122325201370339
COG,L,7,Y1,1.1611534457843993
COG,L,8,Y1,1.262654496685312
COG,L,9,Y1,1.2842245883000016
COG,L,10,Y1,1.2532386621670069
COG,L,0,Y2,0.0
COG,L,1,Y2,0.2615003152800853
COG,L,2,Y2,0.6532603795486828
COG,L,3,Y2,0.7977680408209299
COG,L,4,Y2,0.7656233118088043
COG,L,5,Y2,0.6721187612135112
COG,L,6,Y2,0.5857266749817509
COG,L,7,Y2,0.5339734918386908
COG,L,8,Y2,0.5238878605698424
COG,L,9,Y2,0.5615150549689361
COG,L,10,Y2,0.607928845071078
COG,L,0,Y1_nocap,1.00511673509676
COG,L,1,Y1_nocap,1.1302035805619384
COG,L,2,Y1_nocap,1.149585420936847
COG,L,3,Y1_nocap,1.0977169785855132
COG,L,4,Y1_nocap,1.0101095357475436
COG,L,5,Y1_nocap,0.9490969057228794
COG,L,6,Y1_nocap,0.906283873481589
COG,L,7,Y1_nocap,0.9216847215609993
COG,L,8,Y1_nocap,1.000479224921978
COG,L,9,Y1_nocap,0.997528150481052
COG,L,10,Y1_nocap,0.943526033564398
COG,L,0,Y2_nocap,0.0
COG,L,1,Y2_nocap,0.2615003152800853
COG,L,2,Y2_nocap,0.6429699334829715
COG,L,3,Y2_nocap,0.7627585601032714
COG,L,4,Y2_nocap,0.7025809796743074
COG,L,5,Y2_nocap,0.5849994025134501
COG,L,6,Y2_nocap,0.4805209989452038
COG,L,7,Y2_nocap,0.4158172716196302
COG,L,8,Y2_nocap,0.3960607903669626
COG,L,9,Y2_nocap,0.4253423271362528
COG,L,10,Y2_nocap,0.4627308722058746
COL,G,0,Z1,1.0
COL,G,1,Z1,0.006737946999117089
COL,G,2,Z1,4.5399929762910986e-05
COL,G,3,Z1,3.0590232050613274e-07
COL,G,4,Z1,2.061153622477251e-09
COL,G,5,Z1,1.388794386528991e-11
COL,G,6,Z1,9.357622969103675e-14
COL,G,7,Z1,6.305116760354147e-16
COL,G,8,Z1,4.248354255451094e-18
COL,G,9,Z1,2.862518580670291e-20
COL,G,10,Z1,1.9287498480544365e-22
COL,G,0,Z2,0.0
COL,G,1,Z2,0.4657017769829078
COL,G,2,Z2,1.7350251606803042
COL,G,3,Z2,2.7270145139811968
COL,G,4,Z2,3.0103123081937158
COL,G,5,Z2,2.7381011546861953
COL,G,6,Z2,2.2034394546560305
COL,G,7,Z2,1.6294813177828422
COL,G,8,Z2,1.132747524107822
COL,G,9,Z2,0.7511014216907254
COL,G,10,Z2,0.4798206677308081
COL,G,0,Y1,1.000000000000003
COL,G,1,Y1,0.7236075077660366
COL,G,2,Y1,0.4015240135934777
COL,G,3,Y1,0.27658097597701997
COL,G,4,Y1,0.49213034985172266
COL,G,5,Y1,0.44300148094774655
COL,G,6,Y1,0.42269859004419175
COL,G,7,Y1,0.422218343416739
COL,G,8,Y1,0.6025477714737043
COL,G,9,Y1,0.4234368559992755
COL,G,10,Y1,0.5092264382779106
COL,G,0,Y2,0.0
COL,G,1,Y2,0.46570177698290927
COL,G,2,Y2,2.0688725889944206
COL,G,3,Y2,4.155521096363703
COL,G,4,Y2,5.780965252461163
COL,G,5,Y2,6.681267353442359
COL,G,6,Y2,7.162586383171464
COL,G,7,Y2,7.4148657050216515
COL,G,8,Y2,7.523162813386044
COL,G,9,Y2,7.6303895335584695
COL,G,10,Y2,7.840918621970328
COL,G,0,Y1_nocap,1.000000000000003
COL,G,1,Y1_nocap,0.6858909991440948
COL,G,2,Y1_nocap,0.3392319525168238
COL,G,3,Y1_nocap,0.20363119341301547
COL,G,4,Y1_nocap,0.41400284514684493
COL,G,5,Y1_nocap,0.3519393911631193
COL,G,6,Y1_nocap,0.32148645171794277
COL,G,7,Y1_nocap,0.3123529315753208
COL,G,8,Y1_nocap,0.48467042035324687
COL,G,9,Y1_nocap,0.29132320038204157
COL,G,10,Y1_nocap,0.3706572353576185
COL,G,0,Y2_nocap,0.0
COL,G,1,Y2_nocap,0.46570177698290927
COL,G,2,Y2_nocap,2.051307943907591
COL,G,3,Y2_nocap,4.061190831043946
COL,G,4,Y2_nocap,5.536697039145019
COL,G,5,Y2_nocap,6.236553856902167
COL,G,6,Y2_nocap,6.497907704546023
COL,G,7,Y2_nocap,6.527910374821792
COL,G,8,Y2_nocap,6.420424415544819
COL,G,9,Y2_nocap,6.323324481296651
COL,G,10,Y2_nocap,6.340198592713749
COL,L,0,Z1,1.0
COL,L,1,Z1,0.5353622877176721
COL,L,2,Z1,0.2866127791102996
COL,L,3,Z1,0.15344167311360982
COL,L,4,Z1,0.08214688514932939
COL,L,5,Z1,0.043978344362425856
COL,L,6,Z1,0.023544347047903886
COL,L,7,Z1,0.012604755498384647
COL,L,8,Z1,0.006748110739737113
COL,L,9,Z1,0.0036126840033978537
COL,L,10,Z1,0.0019340947728601137
COL,L,0,Z2,0.0
COL,L,1,Z2,0.2735775450373012
COL,L,2,Z2,0.5987573851890926
COL,L,3,Z2,0.5528471923563268
COL,L,4,Z2,0.3585104063184794
COL,L,5,Z2,0.1915632750604198
COL,L,6,Z2,0.09056000536185882
COL,L,7,Z2,0.03934207450598849
COL,L,8,Z2,0.016066213929830153
COL,L,9,Z2,0.006258230588009694
COL,L,10,Z2,0.0023485752545199397
COL,L,0,Y1,1.00511673509676
COL,L,1,Y1,0.9553625287803742
COL,L,2,Y1,0.86767157410155
COL,L,3,Y1,0.7641456535077614
COL,L,4,Y1,0.6667919033465566
COL,L,5,Y1,0.6239548330021358
COL,L,6,Y1,0.6086372358850892
COL,L,7,Y1,0.6526086628563089
COL,L,8,Y1,0.749850221956605
COL,L,9,Y1,0.7488260642571377
COL,L,10,Y1,0.7025786617138536
COL,L,0,Y2,0.0
COL,L,1,Y2,0.274977368863679
COL,L,2,Y2,0.7159742900952513
COL,L,3,Y2,0.9029641319952437
COL,L,4,Y2,0.8862788436307184
COL,L,5,Y2,0.788967645056084
COL,L,6,Y2,0.6916446272128246
COL,L,7,Y2,0.6304322818587196
COL,L,8,Y2,0.6160181237063846
COL,L,9,Y2,0.6562451138259928
COL,L,10,Y2,0.7108808000703359
COL,L,0,Y1_nocap,1.00511673509676
COL,L,1,Y1_nocap,0.9174530347750395
COL,L,2,Y1_nocap,0.7964594364737827
COL,L,3,Y1_nocap,0.6653367724501031
COL,L,4,Y1_nocap,0.5462784716695983
COL,L,5,Y1_nocap,0.48697188672861175
COL,L,6,Y1_nocap,0.4579865975071434
COL,L,7,Y1_nocap,0.4898524251940651
COL,L,8,Y1_nocap,0.5742017987054234
COL,L,9,Y1_nocap,0.5575463567739672
COL,L,10,Y1_nocap,0.49683208487291386
COL,L,0,Y2_nocap,0.0
COL,L,1,Y2_nocap,0.274977368863679
COL,L,2,Y2_nocap,0.7056031037916655
COL,L,3,Y2_nocap,0.8663358427275387
COL,L,4,Y2_nocap,0.81823192114554
COL,L,5,Y2_nocap,0.6923942146234339
COL,L,6,Y2_nocap,0.5722694469836133
COL,L,7,Y2_nocap,0.4935682505781325
COL,L,8,Y2_nocap,0.4652335291395743
COL,L,9,Y2_nocap,0.4930861863701153
COL,L,10,Y2_nocap,0.5347215350802441
COM,G,0,Z1,1.0
COM,G,1,Z1,0.006737946999085479
COM,G,2,Z1,4.539992976248501e-05
COM,G,3,Z1,3.0590232050182743e-07
COM,G,4,Z1,2.0611536224385723e-09
COM,G,5,Z1,1.388794386496412e-11
COM,G,6,Z1,9.357622968840275e-14
COM,G,7,Z1,6.305116760147079e-16
COM,G,8,Z1,4.24835425529165e-18
COM,G,9,Z1,2.8625185805494346e-20
COM,G,10,Z1,1.928749847963945e-22
COM,G,0,Z2,0.0
COM,G,1,Z2,0.45658793734447295
COM,G,2,Z2,1.667780356227843
COM,G,3,Z2,2.5700233256787413
COM,G,4,Z2,2.7814913166194706
COM,G,5,Z2,2.480459732415716
COM,G,6,Z2,1.9570429317134277
COM,G,7,Z2,1.4189436715350257
COM,G,8,Z2,0.9670867430536896
COM,G,9,Z2,0.6287057479822775
COM,G,10,Z2,0.3937715509846941
COM,G,0,Y1,1.000000000000003
COM,G,1,Y1,0.7191657001624179
COM,G,2,Y1,0.3943548416079446
COM,G,3,Y1,0.26842735191460115
COM,G,4,Y1,0.4836768642509775
COM,G,5,Y1,0.4333484501148261
COM,G,6,Y1,0.4122216834358594
COM,G,7,Y1,0.4111278561187163
COM,G,8,Y1,0.5909456366179733
COM,G,9,Y1,0.4106128346183082
COM,G,10,Y1,0.49614651890403333
COM,G,0,Y2,0.0
COM,G,1,Y2,0.4565879373444744
COM,G,2,Y2,1.9930662745516514
COM,G,3,Y2,3.9360415130101707
COM,G,4,Y2,5.383410426378527
COM,G,5,Y2,6.126380469781648
COM,G,6,Y2,6.4906672216044745
COM,G,7,Y2,6.661184215132881
COM,G,8,Y2,6.714225556450848
COM,G,9,Y2,6.783552899562851
COM,G,10,Y2,6.959887069312064
COM,G,0,Y1_nocap,1.000000000000003
COM,G,1,Y1_nocap,0.6858909991440632
COM,G,2,Y1_nocap,0.3392319525168019
COM,G,3,Y1_nocap,0.2036311934130046
COM,G,4,Y1_nocap,0.4140028451468385
COM,G,5,Y1_nocap,0.35193939116310613
COM,G,6,Y1_nocap,0.32148645171793155
COM,G,7,Y1_nocap,0.3123529315753106
COM,G,8,Y1_nocap,0.48467042035323693
COM,G,9,Y1_nocap,0.29132320038202614
COM,G,10,Y1_nocap,0.37065723535760925
COM,G,0,Y2_nocap,0.0
COM,G,1,Y2_nocap,0.4565879373444744
COM,G,2,Y2_nocap,1.9778734474479267
COM,G,3,Y2_nocap,3.8554805425256022
COM,G,4,Y2_nocap,5.176919157946149
COM,G,5,Y2_nocap,5.753676979448094
COM,G,6,Y2_nocap,5.937428490521983
COM,G,7,Y2_nocap,5.926583919120464
COM,G,8,Y2_nocap,5.803936701170734
COM,G,9,Y2_nocap,5.706802525615028
COM,G,10,Y2_nocap,5.724783014575673
COM,L,0,Z1,1.0
COM,L,1,Z1,0.6682474962010206
COM,L,2,Z1,0.4465547161789331
COM,L,3,Z1,0.2984090710033294
COM,L,4,Z1,0.19941111454164753
COM,L,5,Z1,0.13325597800711092
COM,L,6,Z1,0.08904797365707011
COM,L,7,Z1,0.059506085438111554
COM,L,8,Z1,0.039764792602742065
COM,L,9,Z1,0.02657272309373526
COM,L,10,Z1,0.01775715567463163
COM,L,0,Z2,0.0
COM,L,1,Z2,0.2545297459036338
COM,L,2,Z2,0.518283132398147
COM,L,3,Z2,0.445224849734609
COM,L,4,Z2,0.26861740532843525
COM,L,5,Z2,0.1335373436006642
COM,L,6,Z2,0.058733382761838565
COM,L,7,Z2,0.023739082387583578
COM,L,8,Z2,0.009019413805672609
COM,L,9,Z2,0.003268695189318112
COM,L,10,Z2,0.001141262216698998
COM,L,0,Y1,1.00511673509676
COM,L,1,Y1,1.0844631405173644
COM,L,2,Y1,1.075067607095871
COM,L,3,Y1,1.011279583196448
COM,L,4,Y1,0.9261644496787917
COM,L,5,Y1,0.8782780158578839
COM,L,6,Y1,0.8536160167037864
COM,L,7,Y1,0.889050000037699
COM,L,8,Y1,0.9859930859689943
COM,L,9,Y1,0.9970009862889493
COM,L,10,Y1,0.9583059857897211
COM,L,0,Y2,0.0
COM,L,1,Y2,0.25583210718766836
COM,L,2,Y2,0.6260040124134982
COM,L,3,Y2,0.7506299377284464
COM,L,4,Y2,0.7099176885179569
COM,L,5,Y2,0.6166195616911915
COM,L,6,Y2,0.5344525289118199
COM,L,7,Y2,0.4873516090859232
COM,L,8,Y2,0.48061719218367865
COM,L,9,Y2,0.5192635035836113
COM,L,10,Y2,0.5646207351062289
COM,L,0,Y1_nocap,1.00511673509676
COM,L,1,Y1_nocap,1.051018181668475
COM,L,2,Y1_nocap,1.0076299492648044
COM,L,3,Y1_nocap,0.9122886171585379
COM,L,4,Y1_nocap,0.7997168392969033
COM,L,5,Y1_nocap,0.7289237699346116
COM,L,6,Y1_nocap,0.6843816983541356
COM,L,7,Y1_nocap,0.7020000289795614
COM,L,8,Y1_nocap,0.7810630454081148
COM,L,9,Y1_nocap,0.7720837926765465
COM,L,10,Y1_nocap,0.7142858531152392
COM,L,0,Y2_nocap,0.0
COM,L,1,Y2_nocap,0.25583210718766836
COM,L,2,Y2_nocap,0.617491275535933
COM,L,3,Y2_nocap,0.7218197048854905
COM,L,4,Y2_nocap,0.6579329845279567
COM,L,5,Y2_nocap,0.5442649879873596
COM,L,6,Y2_nocap,0.44610699606431
COM,L,7,Y2_nocap,0.3867496767836132
COM,L,8,Y2_nocap,0.37009295252487423
COM,L,9,Y2_nocap,0.3996618326040254
COM,L,10,Y2_nocap,0.43522361890678096
CPV,G,0,Z1,1.0
CPV,G,1,Z1,0.006737946999085479
CPV,G,2,Z1,4.539992976248501e-05
CPV,G,3,Z1,3.0590232050182743e-07
CPV,G,4,Z1,2.0611536224385723e-09
CPV,G,5,Z1,1.388794386496412e-11
CPV,G,6,Z1,9.357622968840275e-14
CPV,G,7,Z1,6.305116760147079e-16
CPV,G,8,Z1,4.24835425529165e-18
CPV,G,9,Z1,2.8625185805494346e-20
CPV,G,10,Z1,1.928749847963945e-22
CPV,G,0,Z2,0.0
CPV,G,1,Z2,0.4435088704694121
CPV,G,2,Z2,1.5736009454804303
CPV,G,3,Z2,2.3554326754112327
CPV,G,4,Z2,2.476219935616904
CPV,G,5,Z2,2.144971692732995
CPV,G,6,Z2,1.6438705447096051
CPV,G,7,Z2,1.1577380129136965
CPV,G,8,Z2,0.7664581461933229
CPV,G,9,Z2,0.4840032993943832
CPV,G,10,Z2,0.2944578280080545
CPV,G,0,Y1,1.000000000000003
CPV,G,1,Y1,0.7205872800360168
CPV,G,2,Y1,0.39603486305891755
CPV,G,3,Y1,0.26943538737364037
CPV,G,4,Y1,0.4836647215245088
CPV,G,5,Y1,0.4325700248282629
CPV,G,6,Y1,0.4103978100264833
CPV,G,7,Y1,0.40808477476201993
CPV,G,8,Y1,0.5865733912079637
CPV,G,9,Y1,0.40507526916609177
CPV,G,10,Y1,0.4889723996407836
CPV,G,0,Y2,0.0
CPV,G,1,Y2,0.4435088704694135
CPV,G,2,Y2,1.8901994568609877
CPV,G,3,Y2,3.6522382763292582
CPV,G,4,Y2,4.891518041243837
CPV,G,5,Y2,5.4675059328086855
CPV,G,6,Y2,5.720697146266823
CPV,G,7,Y2,5.822106941440547
CPV,G,8,Y2,5.83352170288065
CPV,G,9,Y2,5.875715914730225
CPV,G,10,Y2,6.021918306472999
CPV,G,0,Y1_nocap,1.000000000000003
CPV,G,1,Y1_nocap,0.6858909991440632
CPV,G,2,Y1_nocap,0.3392319525168019
CPV,G,3,Y1_nocap,0.2036311934130046
CPV,G,4,Y1_nocap,0.4140028451468385
CPV,G,5,Y1_nocap,0.35193939116310613
CPV,G,6,Y1_nocap,0.32148645171793155
CPV,G,7,Y1_nocap,0.3123529315753106
CPV,G,8,Y1_nocap,0.48467042035323693
CPV,G,9,Y1_nocap,0.29132320038202614
CPV,G,10,Y1_nocap,0.37065723535760925
CPV,G,0,Y2_nocap,0.0
CPV,G,1,Y2_nocap,0.4435088704694135
CPV,G,2,Y2_nocap,1.874811348513108
CPV,G,3,Y2_nocap,3.572551265477581
CPV,G,4,Y2_nocap,4.691761055519611
CPV,G,5,Y2_nocap,5.114699251357292
CPV,G,6,Y2_nocap,5.207626648078953
CPV,G,7,Y2_nocap,5.153360298337885
CPV,G,8,Y2_nocap,5.018570040570644
CPV,G,9,Y2_nocap,4.92636257806304
CPV,G,10,Y2_nocap,4.947913832887078
CPV,L,0,Z1,1.0
CPV,L,1,Z1,0.5028172842993573
CPV,L,2,Z1,0.25282522139018077
CPV,L,3,Z1,0.1271248912217945
CPV,L,4,Z1,0.06392059257099392
CPV,L,5,Z1,0.032140378767352845
CPV,L,6,Z1,0.01616073796815308
CPV,L,7,Z1,0.008125898377420247
CPV,L,8,Z1,0.004085842154627003
CPV,L,9,Z1,0.0020544320562653853
CPV,L,10,Z1,0.0010330039473089056
CPV,L,0,Z2,0.0
CPV,L,1,Z2,0.28683075170493155
CPV,L,2,Z2,0.6581750409889289
CPV,L,3,Z2,0.6371488409409403
CPV,L,4,Z2,0.43319438458077814
CPV,L,5,Z2,0.24268256047589795
CPV,L,6,Z2,0.12028404311478033
CPV,L,7,Z2,0.05478656823666321
CPV,L,8,Z2,0.02345717185403989
CPV,L,9,Z2,0.009579854831784041
CPV,L,10,Z2,0.003769268810184824
CPV,L,0,Y1,1.00511673509676
CPV,L,1,Y1,0.9196153197656305
CPV,L,2,Y1,0.8140241645488908
CPV,L,3,Y1,0.7029176643074064
CPV,L,4,Y1,0.6038168096008774
CPV,L,5,Y1,0.562076031686157
CPV,L,6,Y1,0.5474849584432568
CPV,L,7,Y1,0.5910823841380519
CPV,L,8,Y1,0.6853151041452886
CPV,L,9,Y1,0.6779955263473119
CPV,L,10,Y1,0.6271377156154081
CPV,L,0,Y2,0.0
CPV,L,1,Y2,0.28829838867901025
CPV,L,2,Y2,0.7803552889052546
CPV,L,3,Y2,1.013898745481387
CPV,L,4,Y2,1.0149823367620148
CPV,L,5,Y2,0.9124665181607822
CPV,L,6,Y2,0.7997501910352904
CPV,L,7,Y2,0.7230311909716248
CPV,L,8,Y2,0.6978714538500461
CPV,L,9,Y2,0.7345841268096881
CPV,L,10,Y2,0.7919549068419532
CPV,L,0,Y1_nocap,1.00511673509676
CPV,L,1,Y1_nocap,0.88474150719551
CPV,L,2,Y1_nocap,0.7501530028580632
CPV,L,3,Y1_nocap,0.6161323221712702
CPV,L,4,Y1_nocap,0.49988423607123367
CPV,L,5,Y1_nocap,0.44586542845005855
CPV,L,6,Y1_nocap,0.4214690580701505
CPV,L,7,Y1_nocap,0.4565855998036492
CPV,L,8,Y1_nocap,0.5415324150529431
CPV,L,9,Y1_nocap,0.5224322265044227
CPV,L,10,Y1_nocap,0.4610307451631699
CPV,L,0,Y2_nocap,0.0
CPV,L,1,Y2_nocap,0.28829838867901025
CPV,L,2,Y2_nocap,0.7703524070309501
CPV,L,3,Y2_nocap,0.9776550810427657
CPV,L,4,Y2_nocap,0.9465843398685181
CPV,L,5,Y2_nocap,0.814559560241161
CPV,L,6,Y2_nocap,0.6783534270866064
CPV,L,7,Y2_nocap,0.5840154554384025
CPV,L,8,Y2_nocap,0.54536874345959
CPV,L,9,Y2_nocap,0.570592748461375
CPV,L,10,Y2_nocap,0.6161596855342842
CRI,G,0,Z1,1.0
CRI,G,1,Z1,0.006737946999085479
CRI,G,2,Z1,4.539992976248501e-05
CRI,G,3,Z1,3.0590232050182743e-07
CRI,G,4,Z1,2.0611536224385723e-09
CRI,G,5,Z1,1.388794386496412e-11
CRI,G,6,Z1,9.357622968840275e-14
CRI,G,7,Z1,6.305116760147079e-16
CRI,G,8,Z1,4.24835425529165e-18
CRI,G,9,Z1,2.8625185805494346e-20
CRI,G,10,Z1,1.928749847963945e-22
CRI,G,0,Z2,0.0
CRI,G,1,Z2,0.4757379769955323
CRI,G,2,Z2,1.8106129820464127
CRI,G,3,Z2,2.9071485805520534
CRI,G,4,Z2,3.2783193707550033
CRI,G,5,Z2,3.046134815211429
CRI,G,6,Z2,2.504151961305428
CRI,G,7,Z2,1.89177233582948
CRI,G,8,Z2,1.3434222370834352
CRI,G,9,Z2,0.9099927274744644
CRI,G,10,Z2,0.5938519879963627
CRI,G,0,Y1,1.000000000000003
CRI,G,1,Y1,0.7287944861626067
CRI,G,2,Y1,0.4093075181760104
CRI,G,3,Y1,0.2845777725683974
CRI,G,4,Y1,0.49943130440591554
CRI,G,5,Y1,0.4506398372384873
CRI,G,6,Y1,0.43009856121519496
CRI,G,7,Y1,0.4290492033208205
CRI,G,8,Y1,0.6086340853277015
CRI,G,9,Y1,0.42956530051617103
CRI,G,10,Y1,0.5141320162865292
CRI,G,0,Y2,0.0
CRI,G,1,Y2,0.4757379769955338
CRI,G,2,Y2,2.1541226992644673
CRI,G,3,Y2,4.406900506060127
CRI,G,4,Y2,6.243723782006391
CRI,G,5,Y2,7.335861701967691
CRI,G,6,Y2,7.962258675180271
CRI,G,7,Y2,8.315012506287346
CRI,G,8,Y2,8.487805434326388
CRI,G,9,Y2,8.633872957980962
CRI,G,10,Y2,8.873749473284816
CRI,G,0,Y1_nocap,1.000000000000003
CRI,G,1,Y1_nocap,0.6858909991440632
CRI,G,2,Y1_nocap,0.3392319525168019
CRI,G,3,Y1_nocap,0.2036311934130046
CRI,G,4,Y1_nocap,0.4140028451468385
CRI,G,5,Y1_nocap,0.35193939116310613
CRI,G,6,Y1_nocap,0.32148645171793155
CRI,G,7,Y1_nocap,0.3123529315753106
CRI,G,8,Y1_nocap,0.48467042035323693
CRI,G,9,Y1_nocap,0.29132320038202614
CRI,G,10,Y1_nocap,0.37065723535760925
CRI,G,0,Y2_nocap,0.0
CRI,G,1,Y2_nocap,0.4757379769955338
CRI,G,2,Y2_nocap,2.1337118811442113
CRI,G,3,Y2_nocap,4.296018814656466
CRI,G,4,Y2_nocap,5.954355921510351
CRI,G,5,Y2_nocap,6.806240584279532
CRI,G,6,Y2_nocap,7.168463355016764
CRI,G,7,Y2_nocap,7.255387542414369
CRI,G,8,Y2_nocap,7.172593665842044
CRI,G,9,Y2_nocap,7.080060350033739
CRI,G,10,Y2_nocap,7.097847052857282
CRI,L,0,Z1,1.0
CRI,L,1,Z1,0.7648390767718348
CRI,L,2,Z1,0.5849788133571926
CRI,L,3,Z1,0.4474146555391987
CRI,L,4,Z1,0.34220021207678925
CRI,L,5,Z1,0.2617280942759376
CRI,L,6,Z1,0.2001798739912598
CRI,L,7,Z1,0.1531053900117774
CRI,L,8,Z1,0.11710098514539952
CRI,L,9,Z1,0.08956340936767972
CRI,L,10,Z1,0.06850159533331406
CRI,L,0,Z2,0.0
CRI,L,1,Z2,0.26196704725893877
CRI,L,2,Z2,0.5490138707965364
CRI,L,3,Z2,0.4854044563990956
CRI,L,4,Z2,0.30141623032699594
CRI,L,5,Z2,0.15422093721617838
CRI,L,6,Z2,0.06981258853099304
CRI,L,7,Z2,0.02904161575873081
CRI,L,8,Z2,0.011356467988067082
CRI,L,9,Z2,0.004235917698212559
CRI,L,10,Z2,0.001522182238453532
CRI,L,0,Y1,1.00511673509676
CRI,L,1,Y1,1.1912270085659922
CRI,L,2,Y1,1.2735185833765041
CRI,L,3,Y1,1.2802062387989006
CRI,L,4,Y1,1.2431790114705463
CRI,L,5,Y1,1.223560471757271
CRI,L,6,Y1,1.2155550769040782
CRI,L,7,Y1,1.2609461817011092
CRI,L,8,Y1,1.3688989830974656
CRI,L,9,Y1,1.3981733054973882
CRI,L,10,Y1,1.3741867473652318
CRI,L,0,Y2,0.0
CRI,L,1,Y2,0.2633074632438432
CRI,L,2,Y2,0.6624974142924258
CRI,L,3,Y2,0.8147749981963776
CRI,L,4,Y2,0.7872102844933887
CRI,L,5,Y2,0.6955294914021137
CRI,L,6,Y2,0.6095805123845773
CRI,L,7,Y2,0.5580330515242229
CRI,L,8,Y2,0.5485182196107836
CRI,L,9,Y2,0.5874763413845927
CRI,L,10,Y2,0.6359841477179337
CRI,L,0,Y1_nocap,1.00511673509676
CRI,L,1,Y1_nocap,1.1481039957696475
CRI,L,2,Y1_nocap,1.1834044810656081
CRI,L,3,Y1_nocap,1.1440564172110428
CRI,L,4,Y1_nocap,1.065101308982606
CRI,L,5,Y1_nocap,1.009146096235391
CRI,L,6,Y1_nocap,0.9691145827465004
CRI,L,7,Y1_nocap,0.9858803753625635
CRI,L,8,Y1_nocap,1.0659931198092516
CRI,L,9,Y1_nocap,1.0654535618074654
CRI,L,10,Y1_nocap,1.0132433103578342
CRI,L,0,Y2_nocap,0.0
CRI,L,1,Y2_nocap,0.2633074632438432
CRI,L,2,Y2_nocap,0.651200605961258
CRI,L,3,Y2_nocap,0.7761331811763512
CRI,L,4,Y2_nocap,0.7173006882260985
CRI,L,5,Y2_nocap,0.598519691078043
CRI,L,6,Y2_nocap,0.49199103243274844
CRI,L,7,Y2_nocap,0.4255160250560732
CRI,L,8,Y2_nocap,0.40471025840679653
CRI,L,9,Y2_nocap,0.433863544719353
CRI,L,10,Y2_nocap,0.4718310868805943
CUW,G,0,Z1,1.0
CUW,G,1,Z1,0.9480502174645385
CUW,G,2,Z1,0.8987992148345587
CUW,G,3,Z1,0.85210679108086
CUW,G,4,Z1,0.8078400285872194
CUW,G,5,Z1,0.7658729147786723
CUW,G,6,Z1,0.7260859834061202
CUW,G,7,Z1,0.6883659744661256
CUW,G,8,Z1,0.6526055117877994
CUW,G,9,Z1,0.6187027973689796
CUW,G,10,Z1,0.5865613215915794
CUW,G,0,Z2,0.0
CUW,G,1,Z2,0.1103295456200521
CUW,G,2,Z2,0.09738086909381724
CUW,G,3,Z2,0.03626095625732238
CUW,G,4,Z2,0.009483033665467171
CUW,G,5,Z2,0.002043474209786426
CUW,G,6,Z2,0.0003895872440579102
CUW,G,7,Z2,6.825538602029262e-05
CUW,G,8,Z2,1.1240990937547966e-05
CUW,G,9,Z2,1.7658507518993293e-06
CUW,G,10,Z2,2.672503581479845e-07
CUW,G,0,Y1,1.000000000000003
CUW,G,1,Y1,1.6581464795327963
CUW,G,2,Y1,1.956612231029398
CUW,G,3,Y1,2.1134904406081083
CUW,G,4,Y1,2.4761076149141714
CUW,G,5,Y1,2.7653821193941672
CUW,G,6,Y1,3.016036593801337
CUW,G,7,Y1,3.249845748897365
CUW,G,8,Y1,3.648392006291191
CUW,G,9,Y1,3.8412782374783254
CUW,G,10,Y1,4.107708881250929
CUW,G,0,Y2,0.0
CUW,G,1,Y2,0.11032954562005244
CUW,G,2,Y2,0.17572546703430553
CUW,G,3,Y2,0.1478441637109018
CUW,G,4,Y2,0.10120789171632538
CUW,G,5,Y2,0.10001985848156869
CUW,G,6,Y2,0.10697371997766407
CUW,G,7,Y2,0.10491342047056831
CUW,G,8,Y2,0.10185301653875821
CUW,G,9,Y2,0.1199880108487944
CUW,G,10,Y2,0.11640405869732583
CUW,G,0,Y1_nocap,1.000000000000003
CUW,G,1,Y1_nocap,1.6272032696095193
CUW,G,2,Y1_nocap,1.877280868929732
CUW,G,3,Y1_nocap,1.9811020025274004
CUW,G,4,Y1_nocap,2.290814973273796
CUW,G,5,Y1_nocap,2.520957495518279
CUW,G,6,Y1_nocap,2.7091094045983475
CUW,G,7,Y1_nocap,2.878558533067401
CUW,G,8,Y1_nocap,3.211583846114226
CUW,G,9,Y1_nocap,3.3328002804918526
CUW,G,10,Y1_nocap,3.5283563457600065
CUW,G,0,Y2_nocap,0.0
CUW,G,1,Y2_nocap,0.11032954562005244
CUW,G,2,Y2_nocap,0.17231151674344447
CUW,G,3,Y2_nocap,0.13931489021780863
CUW,G,4,Y2_nocap,0.08890878355923322
CUW,G,5,Y2_nocap,0.08574976452093237
CUW,G,6,Y2_nocap,0.09095541082066728
CUW,G,7,Y2_nocap,0.08709670670017815
CUW,G,8,Y2_nocap,0.08247137237061147
CUW,G,9,Y2_nocap,0.09928382313513141
CUW,G,10,Y2_nocap,0.09394098571093606
CUW,L,0,Z1,1.0
CUW,L,1,Z1,0.951229424500714
CUW,L,2,Z1,0.9048374180359595
CUW,L,3,Z1,0.8607079764250578
CUW,L,4,Z1,0.8187307530779818
CUW,L,5,Z1,0.7788007830714049
CUW,L,6,Z1,0.7408182206817179
CUW,L,7,Z1,0.7046880897187134
CUW,L,8,Z1,0.6703200460356393
CUW,L,9,Z1,0.6376281516217733
CUW,L,10,Z1,0.6065306597126334
CUW,L,0,Z2,0.0
CUW,L,1,Z2,0.20695960627927473
CUW,L,2,Z2,0.34265822905017934
CUW,L,3,Z2,0.23934289108245294
CUW,L,4,Z2,0.11741466193580516
CUW,L,5,Z2,0.04746111758915701
CUW,L,6,Z2,0.01697333911457983
CUW,L,7,Z2,0.005578189278132103
CUW,L,8,Z2,0.0017232753546874268
CUW,L,9,Z2,0.0005078060068758022
CUW,L,10,Z2,0.00014416369169995447
CUW,L,0,Y1,1.00511673509676
CUW,L,1,Y1,1.366549591663946
CUW,L,2,Y1,1.6460589689043887
CUW,L,3,Y1,1.852443684300727
CUW,L,4,Y1,2.004269376744147
CUW,L,5,Y1,2.155700963033335
CUW,L,6,Y1,2.3050637978947366
CUW,L,7,Y1,2.4970007404617376
CUW,L,8,Y1,2.7506507755352336
CUW,L,9,Y1,2.9357437067868646
CUW,L,10,Y1,3.063368863466362
CUW,L,0,Y2,0.0
CUW,L,1,Y2,0.20801856376033553
CUW,L,2,Y2,0.4293587071976189
CUW,L,3,Y2,0.452853108270737
CUW,L,4,Y2,0.3941957758194613
CUW,L,5,Y2,0.32709459015016995
CUW,L,6,Y2,0.28034769291313416
CUW,L,7,Y2,0.2586774322722956
CUW,L,8,Y2,0.261771702863433
CUW,L,9,Y2,0.291666724983711
CUW,L,10,Y2,0.31592782811019865
CUW,L,0,Y1_nocap,1.00511673509676
CUW,L,1,Y1_nocap,1.3354480535324482
CUW,L,2,Y1_nocap,1.575607164315366
CUW,L,3,Y1_nocap,1.7377063226160785
CUW,L,4,Y1_nocap,1.843039640281363
CUW,L,5,Y1_nocap,1.947668530761506
CUW,L,6,Y1_nocap,2.0499598298083415
CUW,L,7,Y1_nocap,2.194645781766778
CUW,L,8,Y1_nocap,2.3995649276824107
CUW,L,9,Y1_nocap,2.5326771334188667
CUW,L,10,Y1_nocap,2.6074998038698958
CUW,L,0,Y2_nocap,0.0
CUW,L,1,Y2_nocap,0.20801856376033553
CUW,L,2,Y2_nocap,0.4229219451112443
CUW,L,3,Y2_nocap,0.4337380700495229
CUW,L,4,Y2_nocap,0.36287196396553756
CUW,L,5,Y2_nocap,0.2865292368556748
CUW,L,6,Y2_nocap,0.23348928187941423
CUW,L,7,Y2_nocap,0.2075663611301782
CUW,L,8,Y2_nocap,0.20747985792326212
CUW,L,9,Y2_nocap,0.23439854068672442
CUW,L,10,Y2_nocap,0.2550391444007524
CYM,G,0,Z1,1.0
CYM,G,1,Z1,0.9386665795979521
CYM,G,2,Z1,0.8810949476541184
CYM,G,3,Z1,0.827054380815528
CYM,G,4,Z1,0.7763283067816138
CYM,G,5,Z1,0.728713436371767
CYM,G,6,Z1,0.6840189488261564
CYM,G,7,Z1,0.6420657270748349
CYM,G,8,Z1,0.6026856399104075
CYM,G,9,Z1,0.5657208681875051
CYM,G,10,Z1,0.5310232723487494
CYM,G,0,Z2,0.0
CYM,G,1,Z2,0.10867977334690468
CYM,G,2,Z2,0.09449034507787658
CYM,G,3,Z2,0.03465851384205371
CYM,G,4,Z2,0.008928425312936195
CYM,G,5,Z2,0.001895193826864595
CYM,G,6,Z2,0.0003559148390340233
CYM,G,7,Z2,6.142358891063462e-05
CYM,G,8,Z2,9.964597321084974e-06
CYM,G,9,Z2,1.5419349219066265e-06
CYM,G,10,Z2,2.2987261704868274e-07
CYM,G,0,Y1,1.000000000000003
CYM,G,1,Y1,1.6691466690368573
CYM,G,2,Y1,1.9851425702905405
CYM,G,3,Y1,2.1617079283059417
CYM,G,4,Y1,2.5444800611398315
CYM,G,5,Y1,2.856618183536389
CYM,G,6,Y1,3.1318708453661133
CYM,G,7,Y1,3.391484111847233
CYM,G,8,Y1,3.8167855459905646
CYM,G,9,Y1,4.039136948527172
CYM,G,10,Y1,4.3353135517579515
CYM,G,0,Y2,0.0
CYM,G,1,Y2,0.10867977334690501
CYM,G,2,Y2,0.17387875563252342
CYM,G,3,Y2,0.1491502271629208
CYM,G,4,Y2,0.1061991931101263
CYM,G,5,Y2,0.10711466493426461
CYM,G,6,Y2,0.11539517990577589
CYM,G,7,Y2,0.1148354743717556
CYM,G,8,Y2,0.11325238882991741
CYM,G,9,Y2,0.13241964575983928
CYM,G,10,Y2,0.13022039309670072
CYM,G,0,Y1_nocap,1.000000000000003
CYM,G,1,Y1_nocap,1.6178196317429325
CYM,G,2,Y1_nocap,1.8532036754519763
CYM,G,3,Y1_nocap,1.9408858218314098
CYM,G,4,Y1_nocap,2.234475444726911
CYM,G,5,Y1_nocap,2.446577284832458
CYM,G,6,Y1_nocap,2.6156354344291124
CYM,G,7,Y1_nocap,2.7653963396134897
CYM,G,8,Y1_nocap,3.078350926192964
CYM,G,9,Y1_nocap,3.1776026514693996
CYM,G,10,Y1_nocap,3.3514037272499957
CYM,G,0,Y2_nocap,0.0
CYM,G,1,Y2_nocap,0.10867977334690501
CYM,G,2,Y2_nocap,0.16830054485285156
CYM,G,3,Y2_nocap,0.1351973085433276
CYM,G,4,Y2_nocap,0.08596649782445617
CYM,G,5,Y2_nocap,0.08342588545537169
CYM,G,6,Y2_nocap,0.08854407410541536
CYM,G,7,Y2_nocap,0.0847088117548929
CYM,G,8,Y2_nocap,0.08020184498358039
CYM,G,9,Y2_nocap,0.0968147505207087
CYM,G,10,Y2_nocap,0.09132918957813764
CYM,L,0,Z1,1.0
CYM,L,1,Z1,0.9512294245007139
CYM,L,2,Z1,0.9048374180359594
CYM,L,3,Z1,0.8607079764250576
CYM,L,4,Z1,0.8187307530779815
CYM,L,5,Z1,0.7788007830714044
CYM,L,6,Z1,0.7408182206817174
CYM,L,7,Z1,0.704688089718713
CYM,L,8,Z1,0.6703200460356388
CYM,L,9,Z1,0.6376281516217727
CYM,L,10,Z1,0.6065306597126329
CYM,L,0,Z2,0.0
CYM,L,1,Z2,0.204928147774946
CYM,L,2,Z2,0.3359643660037609
CYM,L,3,Z2,0.23236387394692976
CYM,L,4,Z2,0.112872055224309
CYM,L,5,Z2,0.045177072680994274
CYM,L,6,Z2,0.015997917012036934
CYM,L,7,Z2,0.0052060150973433925
CYM,L,8,Z2,0.0015925126063199325
CYM,L,9,Z2,0.00046466724649979924
CYM,L,10,Z2,0.0001306219453455257
CYM,L,0,Y1,1.00511673509676
CYM,L,1,Y1,1.3870377176795075
CYM,L,2,Y1,1.6933029761234004
CYM,L,3,Y1,1.930710355164098
CYM,L,4,Y1,2.1161124340641226
CYM,L,5,Y1,2.3024319914718396
CYM,L,6,Y1,2.4879230457540342
CYM,L,7,Y1,2.717126530830827
CYM,L,8,Y1,3.009994693402442
CYM,L,9,Y1,3.2374167977372204
CYM,L,10,Y1,3.4089239568837995
CYM,L,0,Y2,0.0
CYM,L,1,Y2,0.2059767108209801
CYM,L,2,Y2,0.4259953689498121
CYM,L,3,Y2,0.45495874345735016
CYM,L,4,Y2,0.4047809154127612
CYM,L,5,Y2,0.3457290594642537
CYM,L,6,Y2,0.3053619732317806
CYM,L,7,Y2,0.28839114523887194
CYM,L,8,Y2,0.29499181822105924
CYM,L,9,Y2,0.32766428974818484
CYM,L,10,Y2,0.35481178576040984
CYM,L,0,Y1_nocap,1.00511673509676
CYM,L,1,Y1_nocap,1.3354480535324482
CYM,L,2,Y1_nocap,1.575607164315366
CYM,L,3,Y1_nocap,1.737706322616078
CYM,L,4,Y1_nocap,1.8430396402813627
CYM,L,5,Y1_nocap,1.9476685307615056
CYM,L,6,Y1_nocap,2.0499598298083406
CYM,L,7,Y1_nocap,2.194645781766777
CYM,L,8,Y1_nocap,2.39956492768241
CYM,L,9,Y1_nocap,2.532677133418865
CYM,L,10,Y1_nocap,2.6074998038698944
CYM,L,0,Y2_nocap,0.0
CYM,L,1,Y2_nocap,0.2059767108209801
CYM,L,2,Y2_nocap,0.41542319463182376
CYM,L,3,Y2_nocap,0.4235638332273687
CYM,L,4,Y2_nocap,0.35312964480061565
CYM,L,5,Y2_nocap,0.27839404669054174
CYM,L,6,Y2_nocap,0.2269204851106066
CYM,L,7,Y2_nocap,0.20201012742501911
CYM,L,8,Y2_nocap,0.20232511650963192
CYM,L,9,Y2_nocap,0.22899283670980872
CYM,L,10,Y2_nocap,0.24905062775419423
CYP,G,0,Z1,1.0
CYP,G,1,Z1,0.006737946999085491
CYP,G,2,Z1,4.539992976248517e-05
CYP,G,3,Z1,3.0590232050182907e-07
CYP,G,4,Z1,2.0611536224385872e-09
CYP,G,5,Z1,1.3887943864964268e-11
CYP,G,6,Z1,9.357622968840374e-14
CYP,G,7,Z1,6.305116760147169e-16
CYP,G,8,Z1,4.24835425529171e-18
CYP,G,9,Z1,2.862518580549475e-20
CYP,G,10,Z1,1.9287498479639862e-22
CYP,G,0,Z2,0.0
CYP,G,1,Z2,0.4523272738137596
CYP,G,2,Z2,1.6367997010863027
CYP,G,3,Z2,2.498745869678961
CYP,G,4,Z2,2.67911326147621
CYP,G,5,Z2,2.3668671832066877
CYP,G,6,Z2,1.8499943470333828
CYP,G,7,Z2,1.328812011808404
CYP,G,8,Z2,0.8972059834772119
CYP,G,9,Z2,0.5778332166973864
CYP,G,10,Z2,0.3585318568282086
CYP,G,0,Y1,1.000000000000003
CYP,G,1,Y1,0.7178741680548772
CYP,G,2,Y1,0.3919987402517762
CYP,G,3,Y1,0.26534486458047046
CYP,G,4,Y1,0.4800038231369864
CYP,G,5,Y1,0.42880142296642954
CYP,G,6,Y1,0.4068328896498905
CYP,G,7,Y1,0.40490383695186927
CYP,G,8,Y1,0.5838738731000226
CYP,G,9,Y1,0.40245056154741704
CYP,G,10,Y1,0.48709465866797425
CYP,G,0,Y2,0.0
CYP,G,1,Y2,0.452327273813761
CYP,G,2,Y2,1.9584660092666932
CYP,G,3,Y2,3.8378572390888737
CYP,G,4,Y2,5.20859618268478
CYP,G,5,Y2,5.885803752307759
CYP,G,6,Y2,6.202078376181184
CYP,G,7,Y2,6.338806195898114
CYP,G,8,Y2,6.367866774866705
CYP,G,9,Y2,6.418830745021772
CYP,G,10,Y2,6.576447163020925
CYP,G,0,Y1_nocap,1.000000000000003
CYP,G,1,Y1_nocap,0.6858909991440632
CYP,G,2,Y1_nocap,0.3392319525168019
CYP,G,3,Y1_nocap,0.2036311934130046
CYP,G,4,Y1_nocap,0.4140028451468385
CYP,G,5,Y1_nocap,0.35193939116310613
CYP,G,6,Y1_nocap,0.32148645171793155
CYP,G,7,Y1_nocap,0.3123529315753106
CYP,G,8,Y1_nocap,0.48467042035323693
CYP,G,9,Y1_nocap,0.29132320038202614
CYP,G,10,Y1_nocap,0.37065723535760925
CYP,G,0,Y2_nocap,0.0
CYP,G,1,Y2_nocap,0.452327273813761
CYP,G,2,Y2_nocap,1.9439991496653397
CYP,G,3,Y2_nocap,3.761736817465027
CYP,G,4,Y2_nocap,5.0149084846023895
CYP,G,5,Y2_nocap,5.538707984193893
CYP,G,6,Y2_nocap,5.690353836813738
CYP,G,7,Y2_nocap,5.663539468047407
CYP,G,8,Y2_nocap,5.535812981317073
CYP,G,9,Y2_nocap,5.439728900585844
CYP,G,10,Y2_nocap,5.4586730583247
CYP,L,0,Z1,1.0
CYP,L,1,Z1,0.28496627493816895
CYP,L,2,Z1,0.0812057778521361
CYP,L,3,Z1,0.023140908017979685
CYP,L,4,Z1,0.006594378356570478
CYP,L,5,Z1,0.0018791754358047736
CYP,L,6,Z1,0.0005355016238965966
CYP,L,7,Z1,0.00015259990298515348
CYP,L,8,Z1,4.348582590960516e-05
CYP,L,9,Z1,1.2391993822069894e-05
CYP,L,10,Z1,3.531300318532061e-06
CYP,L,0,Z2,0.0
CYP,L,1,Z2,0.7020994533685202
CYP,L,2,Z2,3.9435491393629993
CYP,L,3,Z2,9.344577470890476
CYP,L,4,Z2,15.551579814570651
CYP,L,5,Z2,21.325694700833925
CYP,L,6,Z2,25.872926847251513
CYP,L,7,Z2,28.845931269440545
CYP,L,8,Z2,30.23145434112017
CYP,L,9,Z2,30.221446165352997
CYP,L,10,Z2,29.10625628628327
CYP,L,0,Y1,1.00511673509676
CYP,L,1,Y1,0.6979226302425442
CYP,L,2,Y1,0.547294522299298
CYP,L,3,Y1,0.44623249754563127
CYP,L,4,Y1,0.37436419096428314
CYP,L,5,Y1,0.3623364823658443
CYP,L,6,Y1,0.365690628430698
CYP,L,7,Y1,0.41798992696407916
CYP,L,8,Y1,0.5055157662843368
CYP,L,9,Y1,0.475937287268715
CYP,L,10,Y1,0.42076341647852106
CYP,L,0,Y2,0.0
CYP,L,1,Y2,0.705691910282987
CYP,L,2,Y2,4.252639937909643
CYP,L,3,Y2,11.259773348915157
CYP,L,4,Y2,21.054202697244243
CYP,L,5,Y2,32.40826894173233
CYP,L,6,Y2,44.06594751606674
CYP,L,7,Y2,55.08692217652942
CYP,L,8,Y2,64.94945866521704
CYP,L,9,Y2,73.58535621316582
CYP,L,10,Y2,81.21552776739588
CYP,L,0,Y1_nocap,1.00511673509676
CYP,L,1,Y1_nocap,0.6657758119288586
CYP,L,2,Y1_nocap,0.49501333397239833
CYP,L,3,Y1_nocap,0.380004532292009
CYP,L,4,Y1_nocap,0.29837073109489376
CYP,L,5,Y1_nocap,0.27954059019535193
CYP,L,6,Y1_nocap,0.2769398548559094
CYP,L,7,Y1_nocap,0.3235821914288137
CYP,L,8,Y1_nocap,0.4041632954372774
CYP,L,9,Y1_nocap,0.3653132769749251
CYP,L,10,Y1_nocap,0.3024447555267492
CYP,L,0,Y2_nocap,0.0
CYP,L,1,Y2_nocap,0.705691910282987
CYP,L,2,Y2_nocap,4.230069674344067
CYP,L,3,Y2_nocap,11.102725961407845
CYP,L,4,Y2_nocap,20.54771825445157
CYP,L,5,Y2_nocap,31.262867750972106
CYP,L,6,Y2_nocap,41.9619651938824
CYP,L,7,Y2_nocap,51.71673519033611
CYP,L,8,Y2_nocap,60.046739315432205
CYP,L,9,Y2_nocap,66.93894940256142
CYP,L,10,Y2_nocap,72.66787809737986
CZE,G,0,Z1,1.0
CZE,G,1,Z1,0.8808806720647797
CZE,G,2,Z1,0.775950758417298
CZE,G,3,Z1,0.683520025563805
CZE,G,4,Z1,0.6020995794883799
CZE,G,5,Z1,0.5303778822296453
CZE,G,6,Z1,0.4671996253467446
CZE,G,7,Z1,0.4115471199638536
CZE,G,8,Z1,0.3625239036200839
CZE,G,9,Z1,0.31934029986040696
CZE,G,10,Z1,0.28130069795840357
CZE,G,0,Z2,0.0
CZE,G,1,Z2,0.053809196870487554
CZE,G,2,Z2,0.023163437342775102
CZE,G,3,Z2,0.004206620115589232
CZE,G,4,Z2,0.000536544829532668
CZE,G,5,Z2,5.638876242610457e-05
CZE,G,6,Z2,5.243156384260731e-06
CZE,G,7,Z2,4.4801204489573973e-07
CZE,G,8,Z2,3.598504426227997e-08
CZE,G,9,Z2,2.756995889401422e-09
CZE,G,10,Z2,2.0350032178865046e-10
CZE,G,0,Y1,1.000000000000003
CZE,G,1,Y1,1.5860444494948576
CZE,G,2,Y1,1.7746862377049282
CZE,G,3,Y1,1.8151128768038804
CZE,G,4,Y1,2.0658565933514
CZE,G,5,Y1,2.2324880712153976
CZE,G,6,Y1,2.356567377697062
CZE,G,7,Y1,2.4632866539530007
CZE,G,8,Y1,2.735614159454724
CZE,G,9,Y1,2.7912555632982934
CZE,G,10,Y1,2.9258256352314804
CZE,G,0,Y2,0.0
CZE,G,1,Y2,0.05380919687048772
CZE,G,2,Y2,0.061107733868446756
CZE,G,3,Y2,0.040857393692455224
CZE,G,4,Y2,0.025799286439764292
CZE,G,5,Y2,0.03298286804265057
CZE,G,6,Y2,0.03433115482379545
CZE,G,7,Y2,0.032670987313935224
CZE,G,8,Y2,0.031884629170628204
CZE,G,9,Y2,0.0413068678589051
CZE,G,10,Y2,0.03549818868248821
CZE,G,0,Y1_nocap,1.000000000000003
CZE,G,1,Y1_nocap,1.5600337242097602
CZE,G,2,Y1_nocap,1.7088140107430343
CZE,G,3,Y1_nocap,1.7066067007135857
CZE,G,4,Y1_nocap,1.915947646433101
CZE,G,5,Y1_nocap,2.036871112365959
CZE,G,6,Y1_nocap,2.1133554971236452
CZE,G,7,Y1_nocap,2.1718007835207844
CZE,G,8,Y1_nocap,2.3956631366338765
CZE,G,9,Y1_nocap,2.3983508706165297
CZE,G,10,Y1_nocap,2.4813552418296694
CZE,G,0,Y2_nocap,0.0
CZE,G,1,Y2_nocap,0.05380919687048772
CZE,G,2,Y2_nocap,0.05970811763083678
CZE,G,3,Y2_nocap,0.037943259150202406
CZE,G,4,Y2_nocap,0.02197844988192507
CZE,G,5,Y2_nocap,0.02869554834856489
CZE,G,6,Y2_nocap,0.02941547823964829
CZE,G,7,Y2_nocap,0.02712552737189166
CZE,G,8,Y2_nocap,0.02578628785680995
CZE,G,9,Y2_nocap,0.03470570126223708
CZE,G,10,Y2_nocap,0.028176039783867367
CZE,L,0,Z1,1.0
CZE,L,1,Z1,0.8880510708095072
CZE,L,2,Z1,0.7886347043659122
CZE,L,3,Z1,0.7003478936896875
CZE,L,4,Z1,0.6219446969303098
CZE,L,5,Z1,0.552318654093256
CZE,L,6,Z1,0.4904871721955818
CZE,L,7,Z1,0.4355776584866135
CZE,L,8,Z1,0.38681520603973496
CZE,L,9,Z1,0.34351165792898675
CZE,L,10,Z1,0.3050558956593858
CZE,L,0,Z2,0.0
CZE,L,1,Z2,0.24354999600657437
CZE,L,2,Z2,0.4745328044384191
CZE,L,3,Z2,0.39005706136263374
CZE,L,4,Z2,0.22518138248819092
CZE,L,5,Z2,0.10711508751123786
CZE,L,6,Z2,0.04507985514632693
CZE,L,7,Z2,0.017434560645910407
CZE,L,8,Z2,0.006338331877411617
CZE,L,9,Z2,0.0021979644781286852
CZE,L,10,Z2,0.0007343130862425692
CZE,L,0,Y1,1.00511673509676
CZE,L,1,Y1,1.29809024821761
CZE,L,2,Y1,1.4933513661211129
CZE,L,3,Y1,1.6073751514273662
CZE,L,4,Y1,1.6648255089360124
CZE,L,5,Y1,1.7239187192780094
CZE,L,6,Y1,1.7828183878137096
CZE,L,7,Y1,1.8861356730718968
CZE,L,8,Y1,2.049936820341638
CZE,L,9,Y1,2.1399673883728227
CZE,L,10,Y1,2.1727178139542414
CZE,L,0,Y2,0.0
CZE,L,1,Y2,0.24479617681895696
CZE,L,2,Y2,0.575719230908877
CZE,L,3,Y2,0.6674221651445446
CZE,L,4,Y2,0.614603646340306
CZE,L,5,Y2,0.523076510745516
CZE,L,6,Y2,0.44755808997748353
CZE,L,7,Y2,0.40603462034218246
CZE,L,8,Y2,0.4014204267982522
CZE,L,9,Y2,0.43740544089725425
CZE,L,10,Y2,0.4763017066066702
CZE,L,0,Y1_nocap,1.00511673509676
CZE,L,1,Y1_nocap,1.2719464329415542
CZE,L,2,Y1_nocap,1.4348430726891765
CZE,L,3,Y1_nocap,1.5131563536103978
CZE,L,4,Y1_nocap,1.5338423751939416
CZE,L,5,Y1_nocap,1.5566453581486397
CZE,L,6,Y1_nocap,1.5796607913484708
CZE,L,7,Y1_nocap,1.647483129881411
CZE,L,8,Y1_nocap,1.7750024413412642
CZE,L,9,Y1_nocap,1.8264331869300288
CZE,L,10,Y1_nocap,1.8203087392169819
CZE,L,0,Y2_nocap,0.0
CZE,L,1,Y2_nocap,0.24479617681895696
CZE,L,2,Y2_nocap,0.569351904802797
CZE,L,3,Y2_nocap,0.646420883297876
CZE,L,4,Y2_nocap,0.5773666793572666
CZE,L,5,Y2_nocap,0.4718469967482892
CZE,L,6,Y2_nocap,0.385465904310695
CZE,L,7,Y2_nocap,0.3356256604574227
CZE,L,8,Y2_nocap,0.3242200445140835
CZE,L,9,Y2_nocap,0.35389728069015314
CZE,L,10,Y2_nocap,0.385887502850987
DEU,G,0,Z1,1.0
DEU,G,1,Z1,0.951229424500714
DEU,G,2,Z1,0.9048374180359595
DEU,G,3,Z1,0.8607079764250578
DEU,G,4,Z1,0.8187307530779818
DEU,G,5,Z1,0.7788007830714049
DEU,G,6,Z1,0.7408182206817179
DEU,G,7,Z1,0.7046880897187134
DEU,G,8,Z1,0.6703200460356393
DEU,G,9,Z1,0.6376281516217733
DEU,G,10,Z1,0.6065306597126334
DEU,G,0,Z2,0.0
DEU,G,1,Z2,0.42568548782241555
DEU,G,2,Z2,1.4496650763408632
DEU,G,3,Z2,2.0827171750543187
DEU,G,4,Z2,2.1015288335623605
DEU,G,5,Z2,1.7472467318122378
DEU,G,6,Z2,1.285247653708516
DEU,G,7,Z2,0.8687924404326058
DEU,G,8,Z2,0.552052929786747
DEU,G,9,Z2,0.3346009203221241
DEU,G,10,Z2,0.19538375307702696
DEU,G,0,Y1,1.000000000000003
DEU,G,1,Y1,1.6529967487887136
DEU,G,2,Y1,1.9439427265193805
DEU,G,3,Y1,2.0933348331563137
DEU,G,4,Y1,2.449347283941324
DEU,G,5,Y1,2.7317967184780496
DEU,G,6,Y1,2.9759531401875954
DEU,G,7,Y1,3.203862571153795
DEU,G,8,Y1,3.5972159167602276
DEU,G,9,Y1,3.7847668050242302
DEU,G,10,Y1,4.046942998327521
DEU,G,0,Y2,0.0
DEU,G,1,Y2,0.4256854878224169
DEU,G,2,Y2,1.7483972421182348
DEU,G,3,Y2,3.2582139808001758
DEU,G,4,Y2,4.20570654231002
DEU,G,5,Y2,4.544908967219706
DEU,G,6,Y2,4.636043023342584
DEU,G,7,Y2,4.630523645154069
DEU,G,8,Y2,4.571635452903166
DEU,G,9,Y2,4.564468431638119
DEU,G,10,Y2,4.659795818006789
DEU,G,0,Y1_nocap,1.000000000000003
DEU,G,1,Y1_nocap,1.6303824766456947
DEU,G,2,Y1_nocap,1.8854782402931523
DEU,G,3,Y1_nocap,1.9948678479192243
DEU,G,4,Y1_nocap,2.310207783889443
DEU,G,5,Y1_nocap,2.5466874826812607
DEU,G,6,Y1_nocap,2.7415991712874517
DEU,G,7,Y1_nocap,2.9180765748181083
DEU,G,8,Y1_nocap,3.2583261037685176
DEU,G,9,Y1_nocap,3.387473181301042
DEU,G,10,Y1_nocap,3.5909584798344243
DEU,G,0,Y2_nocap,0.0
DEU,G,1,Y2_nocap,0.4256854878224169
DEU,G,2,Y2_nocap,1.7387706746492848
DEU,G,3,Y2_nocap,3.209700451141481
DEU,G,4,Y2_nocap,4.086795494133867
DEU,G,5,Y2_nocap,4.3389398252869835
DEU,G,6,Y2_nocap,4.341239258998527
DEU,G,7,Y2_nocap,4.250838895607163
DEU,G,8,Y2_nocap,4.1129414205563695
DEU,G,9,Y2_nocap,4.033446170883112
DEU,G,10,Y2_nocap,4.0615044043490345
DEU,L,0,Z1,1.0
DEU,L,1,Z1,0.9512294245006899
DEU,L,2,Z1,0.9048374180359138
DEU,L,3,Z1,0.8607079764249925
DEU,L,4,Z1,0.818730753077899
DEU,L,5,Z1,0.7788007830713063
DEU,L,6,Z1,0.7408182206816054
DEU,L,7,Z1,0.7046880897185887
DEU,L,8,Z1,0.6703200460355037
DEU,L,9,Z1,0.6376281516216281
DEU,L,10,Z1,0.60653065971248
DEU,L,0,Z2,0.0
DEU,L,1,Z2,0.7408182206817027
DEU,L,2,Z2,4.390493088752031
DEU,L,3,Z2,10.977380812995499
DEU,L,4,Z2,19.27642956237935
DEU,L,5,Z2,27.891270018550856
DEU,L,6,Z2,35.704559855858285
DEU,L,7,Z2,42.002554890766746
DEU,L,8,Z2,46.44759208417155
DEU,L,9,Z2,48.9928187872685
DEU,L,10,Z2,49.787068367853685
DEU,L,0,Y1,1.00511673509676
DEU,L,1,Y1,1.3581780369154046
DEU,L,2,Y1,1.6275124169435145
DEU,L,3,Y1,1.8229023274664926
DEU,L,4,Y1,1.9636910402984686
DEU,L,5,Y1,2.104558644921444
DEU,L,6,Y1,2.243820726384948
DEU,L,7,Y1,2.426123656453507
DEU,L,8,Y1,2.6702355628154675
DEU,L,9,Y1,2.845407387657242
DEU,L,10,Y1,2.9634034048144993
DEU,L,0,Y2,0.0
DEU,L,1,Y2,0.744608791271784
DEU,L,2,Y2,4.710827323508355
DEU,L,3,Y2,13.047483839897028
DEU,L,4,Y2,25.465746643899895
DEU,L,5,Y2,40.844907388394425
DEU,L,6,Y2,57.770437107725385
DEU,L,7,Y2,74.96925077266809
DEU,L,8,Y2,91.52225268039302
DEU,L,9,Y2,106.99728465001036
DEU,L,10,Y2,121.35255071011633
DEU,L,0,Y1_nocap,1.00511673509676
DEU,L,1,Y1_nocap,1.335448053532424
DEU,L,2,Y1_nocap,1.575607164315311
DEU,L,3,Y1_nocap,1.737706322615988
DEU,L,4,Y1_nocap,1.8430396402812355
DEU,L,5,Y1_nocap,1.94766853076134
DEU,L,6,Y1_nocap,2.0499598298081367
DEU,L,7,Y1_nocap,2.194645781766534
DEU,L,8,Y1_nocap,2.399564927682126
DEU,L,9,Y1_nocap,2.5326771334185376
DEU,L,10,Y1_nocap,2.6074998038695223
DEU,L,0,Y2_nocap,0.0
DEU,L,1,Y2_nocap,0.744608791271784
DEU,L,2,Y2_nocap,4.693988537662451
DEU,L,3,Y2_nocap,12.925253196620034
DEU,L,4,Y2_nocap,25.056732302743654
DEU,L,5,Y2_nocap,39.88769612780396
DEU,L,6,Y2_nocap,55.954356193717196
DEU,L,7,Y2_nocap,71.96969162788491
DEU,L,8,Y2_nocap,87.03040430474196
DEU,L,9,Y2_nocap,100.73984872258552
DEU,L,10,Y2_nocap,113.09911013819271
DJI,G,0,Z1,1.0
DJI,G,1,Z1,0.006737946999085479
DJI,G,2,Z1,4.539992976248501e-05
DJI,G,3,Z1,3.0590232050182743e-07
DJI,G,4,Z1,2.0611536224385723e-09
DJI,G,5,Z1,1.388794386496412e-11
DJI,G,6,Z1,9.357622968840275e-14
DJI,G,7,Z1,6.305116760147079e-16
DJI,G,8,Z1,4.24835425529165e-18
DJI,G,9,Z1,2.8625185805494346e-20
DJI,G,10,Z1,1.928749847963945e-22
DJI,G,0,Z2,0.0
DJI,G,1,Z2,0.505089861989526
DJI,G,2,Z2,2.040926149476787
DJI,G,3,Z2,3.479122486698903
DJI,G,4,Z2,4.165379547618144
DJI,G,5,Z2,4.109162071953989
DJI,G,6,Z2,3.5864572673937647
DJI,G,7,Z2,2.876568239505566
DJI,G,8,Z2,2.1687983469644423
DJI,G,9,Z2,1.559715515821792
DJI,G,10,Z2,1.0806536277494527
DJI,G,0,Y1,1.000000000000003
DJI,G,1,Y1,0.7242136443256239
DJI,G,2,Y1,0.40144405243215486
DJI,G,3,Y1,0.274954430535656
DJI,G,4,Y1,0.4886710658732695
DJI,G,5,Y1,0.4378054852825001
DJI,G,6,Y1,0.41547195940800086
DJI,G,7,Y1,0.4127832384495363
DJI,G,8,Y1,0.5907926154460452
DJI,G,9,Y1,0.4093851228527291
DJI,G,10,Y1,0.4925029079260187
DJI,G,0,Y2,0.0
DJI,G,1,Y2,0.5050898619895275
DJI,G,2,Y2,2.403315850420294
DJI,G,3,Y2,5.143738026383981
DJI,G,4,Y2,7.608434383221052
DJI,G,5,Y2,9.278944803330882
DJI,G,6,Y2,10.346740124108285
DJI,G,7,Y2,11.002204206817925
DJI,G,8,Y2,11.362157294538088
DJI,G,9,Y2,11.612218026343584
DJI,G,10,Y2,11.92390934019117
DJI,G,0,Y1_nocap,1.000000000000003
DJI,G,1,Y1_nocap,0.6858909991440632
DJI,G,2,Y1_nocap,0.3392319525168019
DJI,G,3,Y1_nocap,0.2036311934130046
DJI,G,4,Y1_nocap,0.4140028451468385
DJI,G,5,Y1_nocap,0.35193939116310613
DJI,G,6,Y1_nocap,0.32148645171793155
DJI,G,7,Y1_nocap,0.3123529315753106
DJI,G,8,Y1_nocap,0.48467042035323693
DJI,G,9,Y1_nocap,0.29132320038202614
DJI,G,10,Y1_nocap,0.37065723535760925
DJI,G,0,Y2_nocap,0.0
DJI,G,1,Y2_nocap,0.5050898619895275
DJI,G,2,Y2_nocap,2.3839594708544656
DJI,G,3,Y2_nocap,5.034232059015098
DJI,G,4,Y2_nocap,7.312848985276556
DJI,G,5,Y2_nocap,8.721589920339492
DJI,G,6,Y2_nocap,9.489993340243691
DJI,G,7,Y2_nocap,9.835334462150445
DJI,G,8,Y2_nocap,9.891317237183602
DJI,G,9,Y2_nocap,9.854264654899765
DJI,G,10,Y2_nocap,9.898211215473012
DJI,L,0,Z1,1.0
DJI,L,1,Z1,0.9181805838408312
DJI,L,2,Z1,0.8430555845422897
DJI,L,3,Z1,0.7740772688253128
DJI,L,4,Z1,0.7107427186279417
DJI,L,5,Z1,0.652590164350423
DJI,L,6,Z1,0.5991956181120555
DJI,L,7,Z1,0.5501697824729949
DJI,L,8,Z1,0.5051552120826375
DJI,L,9,Z1,0.463823707560275
DJI,L,10,Z1,0.42587392260691226
DJI,L,0,Z2,0.0
DJI,L,1,Z2,0.2757631662484553
DJI,L,2,Z2,0.6083625908749857
DJI,L,3,Z2,0.566203480717949
DJI,L,4,Z2,0.37010504197612526
DJI,L,5,Z2,0.19933855121065192
DJI,L,6,Z2,0.0949885575043321
DJI,L,7,Z2,0.04159565029419196
DJI,L,8,Z2,0.01712221776201868
DJI,L,9,Z2,0.006722856485916231
DJI,L,10,Z2,0.002543094911920748
DJI,L,0,Y1,1.00511673509676
DJI,L,1,Y1,1.3407488427148158
DJI,L,2,Y1,1.586987757896717
DJI,L,3,Y1,1.755265559709425
DJI,L,4,Y1,1.8663720129500425
DJI,L,5,Y1,1.976064151288889
DJI,L,6,Y1,2.082757276713961
DJI,L,7,Y1,2.231220261266748
DJI,L,8,Y1,2.439562739781253
DJI,L,9,Y1,2.576065465040956
DJI,L,10,Y1,2.653814003569918
DJI,L,0,Y2,0.0
DJI,L,1,Y2,0.27717417331959243
DJI,L,2,Y2,0.7267086228220782
DJI,L,3,Y2,0.9214718202284887
DJI,L,4,Y2,0.9073494816132517
DJI,L,5,Y2,0.8081581798472912
DJI,L,6,Y2,0.7066281928118047
DJI,L,7,Y2,0.6406553365776341
DJI,L,8,Y2,0.6218750160623886
DJI,L,9,Y2,0.6586665677561714
DJI,L,10,Y2,0.710729907651959
DJI,L,0,Y1_nocap,1.00511673509676
DJI,L,1,Y1_nocap,1.3022301107096539
DJI,L,2,Y1_nocap,1.5009720842495966
DJI,L,3,Y1_nocap,1.6171058511102547
DJI,L,4,Y1_nocap,1.674877449572857
DJI,L,5,Y1_nocap,1.73235494891531
DJI,L,6,Y1_nocap,1.7878948925885352
DJI,L,7,Y1_nocap,1.8862740489315897
DJI,L,8,Y1_nocap,2.0438934912412945
DJI,L,9,Y1_nocap,2.1268036873038363
DJI,L,10,Y1_nocap,2.151132643125218
DJI,L,0,Y2_nocap,0.0
DJI,L,1,Y2_nocap,0.27717417331959243
DJI,L,2,Y2_nocap,0.7160865753244591
DJI,L,3,Y2_nocap,0.8840714678896345
DJI,L,4,Y2_nocap,0.8384072185204798
DJI,L,5,Y2_nocap,0.7113957925094119
DJI,L,6,Y2_nocap,0.5886522428832712
DJI,L,7,Y2_nocap,0.5074958266641079
DJI,L,8,Y2_nocap,0.4775912601001376
DJI,L,9,Y2_nocap,0.5051000091940911
DJI,L,10,Y2_nocap,0.5474066437791834
DMA,G,0,Z1,1.0
DMA,G,1,Z1,0.006737946999085479
DMA,G,2,Z1,4.539992976248501e-05
DMA,G,3,Z1,3.0590232050182743e-07
DMA,G,4,Z1,2.0611536224385723e-09
DMA,G,5,Z1,1.388794386496412e-11
DMA,G,6,Z1,9.357622968840275e-14
DMA,G,7,Z1,6.305116760147079e-16
DMA,G,8,Z1,4.24835425529165e-18
DMA,G,9,Z1,2.8625185805494346e-20
DMA,G,10,Z1,1.928749847963945e-22
DMA,G,0,Z2,0.0
DMA,G,1,Z2,0.4806858103945459
DMA,G,2,Z2,1.8484707865172905
DMA,G,3,Z2,2.9988011632760116
DMA,G,4,Z2,3.41684424860785
DMA,G,5,Z2,3.2078682551445468
DMA,G,6,Z2,2.664535827219426
DMA,G,7,Z2,2.033870209524395
DMA,G,8,Z2,1.459353077405568
DMA,G,9,Z2,0.9988016422820282
DMA,G,10,Z2,0.6585867995113035
DMA,G,0,Y1,1.000000000000003
DMA,G,1,Y1,0.7263340651593336
DMA,G,2,Y1,0.4056296797690642
DMA,G,3,Y1,0.2808181702020857
DMA,G,4,Y1,0.49601879910059476
DMA,G,5,Y1,0.4470792796444886
DMA,G,6,Y1,0.4266610397941061
DMA,G,7,Y1,0.4258877476364548
DMA,G,8,Y1,0.6058271149227172
DMA,G,9,Y1,0.4267344446909316
DMA,G,10,Y1,0.5118743790205232
DMA,G,0,Y2,0.0
DMA,G,1,Y2,0.4806858103945474
DMA,G,2,Y2,2.1943704297319244
DMA,G,3,Y2,4.521581520561344
DMA,G,4,Y2,6.449189663105373
DMA,G,5,Y2,7.619894516287048
DMA,G,6,Y2,8.302755411037154
DMA,G,7,Y2,8.692605067859402
DMA,G,8,Y2,8.888224711337221
DMA,G,9,Y2,9.048430511318383
DMA,G,10,Y2,9.301578241296792
DMA,G,0,Y1_nocap,1.000000000000003
DMA,G,1,Y1_nocap,0.6858909991440632
DMA,G,2,Y1_nocap,0.3392319525168019
DMA,G,3,Y1_nocap,0.2036311934130046
DMA,G,4,Y1_nocap,0.4140028451468385
DMA,G,5,Y1_nocap,0.35193939116310613
DMA,G,6,Y1_nocap,0.32148645171793155
DMA,G,7,Y1_nocap,0.3123529315753106
DMA,G,8,Y1_nocap,0.48467042035323693
DMA,G,9,Y1_nocap,0.29132320038202614
DMA,G,10,Y1_nocap,0.37065723535760925
DMA,G,0,Y2_nocap,0.0
DMA,G,1,Y2_nocap,0.4806858103945474
DMA,G,2,Y2_nocap,2.174930021769534
DMA,G,3,Y2_nocap,4.4150382376208075
DMA,G,4,Y2_nocap,6.1687907716723345
DMA,G,5,Y2_nocap,7.102385655941495
DMA,G,6,Y2_nocap,7.520843515845735
DMA,G,7,Y2_nocap,7.641035317375472
DMA,G,8,Y2_nocap,7.5740369899793345
DMA,G,9,Y2_nocap,7.485924555047065
DMA,G,10,Y2_nocap,7.505276615109881
DMA,L,0,Z1,1.0
DMA,L,1,Z1,0.8091247682832848
DMA,L,2,Z1,0.6546828906494795
DMA,L,3,Z1,0.5297201421957912
DMA,L,4,Z1,0.42860968730915827
DMA,L,5,Z1,0.34679871392799383
DMA,L,6,Z1,0.2806034290479293
DMA,L,7,Z1,0.22704318450790092
DMA,L,8,Z1,0.18370626405525442
DMA,L,9,Z1,0.14864128833589565
DMA,L,10,Z1,0.1202693479821105
DMA,L,0,Z2,0.0
DMA,L,1,Z2,0.2653622693316134
DMA,L,2,Z2,0.5633370718785897
DMA,L,3,Z2,0.5045233627991096
DMA,L,4,Z2,0.3173486565527434
DMA,L,5,Z2,0.1644772649847164
DMA,L,6,Z2,0.07542039218077688
DMA,L,7,Z2,0.03178105631055152
DMA,L,8,Z2,0.012588771226978886
DMA,L,9,Z2,0.004756418735834156
DMA,L,10,Z2,0.001731377324598568
DMA,L,0,Y1,1.00511673509676
DMA,L,1,Y1,1.2332662879037097
DMA,L,2,Y1,1.3573541116916055
DMA,L,3,Y1,1.4013643136600105
DMA,L,4,Y1,1.3949461844127404
DMA,L,5,Y1,1.3987405691775052
DMA,L,6,Y1,1.4091088928520787
DMA,L,7,Y1,1.4693263722606338
DMA,L,8,Y1,1.5915043629620664
DMA,L,9,Y1,1.6371629329457704
DMA,L,10,Y1,1.6280430071040568
DMA,L,0,Y2,0.0
DMA,L,1,Y2,0.26672005776845836
DMA,L,2,Y2,0.6776720543554721
DMA,L,3,Y2,0.8391017596695343
DMA,L,4,Y2,0.8138159023333662
DMA,L,5,Y2,0.719998159815814
DMA,L,6,Y2,0.6306201994264992
DMA,L,7,Y2,0.5763806855009991
DMA,L,8,Y2,0.5656605550830344
DMA,L,9,Y2,0.6052095605502492
DMA,L,10,Y2,0.655648576006055
DMA,L,0,Y1_nocap,1.00511673509676
DMA,L,1,Y1_nocap,1.1926162854331384
DMA,L,2,Y1_nocap,1.2702650565050564
DMA,L,3,Y1_nocap,1.2667453459681786
DMA,L,4,Y1_nocap,1.215037289598451
DMA,L,5,Y1_nocap,1.1776317598065589
DMA,L,6,Y1_nocap,1.150131238950442
DMA,L,7,Y1_nocap,1.1752633448197516
DMA,L,8,Y1_nocap,1.2628879652585987
DMA,L,9,Y1_nocap,1.2719743004650423
DMA,L,10,Y1_nocap,1.2275287029278203
DMA,L,0,Y2_nocap,0.0
DMA,L,1,Y2_nocap,0.26672005776845836
DMA,L,2,Y2_nocap,0.6668850774515456
DMA,L,3,Y2_nocap,0.8018199671755231
DMA,L,4,Y2_nocap,0.7457514092196084
DMA,L,5,Y2_nocap,0.6247770833144726
DMA,L,6,Y2_nocap,0.5143336136058945
DMA,L,7,Y2_nocap,0.44442494696207463
DMA,L,8,Y2_nocap,0.42155451131951543
DMA,L,9,Y2_nocap,0.4504143914875205
DMA,L,10,Y2_nocap,0.4894688427425754
DNK,G,0,Z1,1.0
DNK,G,1,Z1,0.9512294245005706
DNK,G,2,Z1,0.9048374180356866
DNK,G,3,Z1,0.8607079764246685
DNK,G,4,Z1,0.818730753077488
DNK,G,5,Z1,0.7788007830708177
DNK,G,6,Z1,0.7408182206810476
DNK,G,7,Z1,0.7046880897179696
DNK,G,8,Z1,0.6703200460348306
DNK,G,9,Z1,0.6376281516209079
DNK,G,10,Z1,0.6065306597117187
DNK,G,0,Z2,0.0
DNK,G,1,Z2,0.42938551213915205
DNK,G,2,Z2,1.474975344280015
DNK,G,3,Z2,2.1374990221375008
DNK,G,4,Z2,2.175552266233949
DNK,G,5,Z2,1.8245129375436657
DNK,G,6,Z2,1.3537487613744508
DNK,G,7,Z2,0.9230512781815062
DNK,G,8,Z2,0.5916284578894588
DNK,G,9,Z2,0.36170458170721737
DNK,G,10,Z2,0.21304623739290982
DNK,G,0,Y1,1.000000000000003
DNK,G,1,Y1,1.6533534386594952
DNK,G,2,Y1,1.9449684744164324
DNK,G,3,Y1,2.095255165086733
DNK,G,4,Y1,2.4523453290450496
DNK,G,5,Y1,2.7361246565662394
DNK,G,6,Y1,2.9818486795705637
DNK,G,7,Y1,3.2115537173015176
DNK,G,8,Y1,3.6069247120031984
DNK,G,9,Y1,3.7967722367609276
DNK,G,10,Y1,4.061461337628888
DNK,G,0,Y2,0.0
DNK,G,1,Y2,0.4293855121391534
DNK,G,2,Y2,1.7764572236848455
DNK,G,3,Y2,3.3329534033411083
DNK,G,4,Y2,4.330662531368843
DNK,G,5,Y2,4.706492628341159
DNK,G,6,Y2,4.81925583175175
DNK,G,7,Y2,4.825539776779707
DNK,G,8,Y2,4.772672191910304
DNK,G,9,Y2,4.768903318888943
DNK,G,10,Y2,4.869220611699879
DNK,G,0,Y1_nocap,1.000000000000003
DNK,G,1,Y1_nocap,1.6303824766455512
DNK,G,2,Y1_nocap,1.8854782402927819
DNK,G,3,Y1_nocap,1.9948678479186013
DNK,G,4,Y1_nocap,2.310207783888564
DNK,G,5,Y1_nocap,2.5466874826800936
DNK,G,6,Y1_nocap,2.7415991712859764
DNK,G,7,Y1_nocap,2.9180765748163116
DNK,G,8,Y1_nocap,3.25832610376639
DNK,G,9,Y1_nocap,3.387473181298551
DNK,G,10,Y1_nocap,3.590958479831569
DNK,G,0,Y2_nocap,0.0
DNK,G,1,Y2_nocap,0.4293855121391534
DNK,G,2,Y2_nocap,1.7665938253961593
DNK,G,3,Y2_nocap,3.2829099107674535
DNK,G,4,Y2_nocap,4.207238248855566
DNK,G,5,Y2_nocap,4.491432701701544
DNK,G,6,Y2_nocap,4.50975069598935
DNK,G,7,Y2_nocap,4.425001319545118
DNK,G,8,Y2_nocap,4.286741400112248
DNK,G,9,Y2_nocap,4.204221451879414
DNK,G,10,Y2_nocap,4.230879019927746
DNK,L,0,Z1,1.0
DNK,L,1,Z1,0.951229424500714
DNK,L,2,Z1,0.9048374180359595
DNK,L,3,Z1,0.8607079764250578
DNK,L,4,Z1,0.8187307530779818
DNK,L,5,Z1,0.7788007830714049
DNK,L,6,Z1,0.7408182206817179
DNK,L,7,Z1,0.7046880897187134
DNK,L,8,Z1,0.6703200460356393
DNK,L,9,Z1,0.6376281516217733
DNK,L,10,Z1,0.6065306597126334
DNK,L,0,Z2,0.0
DNK,L,1,Z2,0.22396130917054083
DNK,L,2,Z2,0.40126934404306064
DNK,L,3,Z2,0.30330722572387214
DNK,L,4,Z2,0.16101708646874816
DNK,L,5,Z2,0.07043280758665431
DNK,L,6,Z2,0.02725785871890724
DNK,L,7,Z2,0.009694046589296908
DNK,L,8,Z2,0.0032408127668605404
DNK,L,9,Z2,0.0010334381884006259
DNK,L,10,Z2,0.0003174899446104748
DNK,L,0,Y1,1.00511673509676
DNK,L,1,Y1,1.3585365518739352
DNK,L,2,Y1,1.6284352376091402
DNK,L,3,Y1,1.8245837985812128
DNK,L,4,Y1,1.9663083378365627
DNK,L,5,Y1,2.1082712697864205
DNK,L,6,Y1,2.248784988353073
DNK,L,7,Y1,2.4324919899952717
DNK,L,8,Y1,2.6781722526062066
DNK,L,9,Y1,2.8550986430110634
DNK,L,10,Y1,2.975015195426468
DNK,L,0,Y2,0.0
DNK,L,1,Y2,0.22510725986149005
DNK,L,2,Y2,0.49345350844372066
DNK,L,3,Y2,0.5416317585451945
DNK,L,4,Y2,0.48050935808602196
DNK,L,5,Y2,0.3997985696327224
DNK,L,6,Y2,0.33929961369031164
DNK,L,7,Y2,0.3086810302107066
DNK,L,8,Y2,0.30837298208554936
DNK,L,9,Y2,0.34078501485115953
DNK,L,10,Y2,0.37076932843612326
DNK,L,0,Y1_nocap,1.00511673509676
DNK,L,1,Y1_nocap,1.3354480535324482
DNK,L,2,Y1_nocap,1.575607164315366
DNK,L,3,Y1_nocap,1.7377063226160785
DNK,L,4,Y1_nocap,1.843039640281363
DNK,L,5,Y1_nocap,1.947668530761506
DNK,L,6,Y1_nocap,2.0499598298083415
DNK,L,7,Y1_nocap,2.194645781766778
DNK,L,8,Y1_nocap,2.3995649276824107
DNK,L,9,Y1_nocap,2.5326771334188667
DNK,L,10,Y1_nocap,2.6074998038698958
DNK,L,0,Y2_nocap,0.0
DNK,L,1,Y2_nocap,0.22510725986149005
DNK,L,2,Y2_nocap,0.4882825781283794
DNK,L,3,Y2_nocap,0.5254543485729312
DNK,L,4,Y2_nocap,0.4529182497489056
DNK,L,5,Y2_nocap,0.3629231648135258
DNK,L,6,Y2_nocap,0.2955839509784712
DNK,L,7,Y2_nocap,0.25994953980700236
DNK,L,8,Y2_nocap,0.2556477673919333
DNK,L,9,Y2_nocap,0.28432696056045503
DNK,L,10,Y2_nocap,0.31007112780340296
DOM,G,0,Z1,1.0
DOM,G,1,Z1,0.006737946999085479
DOM,G,2,Z1,4.539992976248501e-05
DOM,G,3,Z1,3.0590232050182743e-07
DOM,G,4,Z1,2.0611536224385723e-09
DOM,G,5,Z1,1.388794386496412e-11
DOM,G,6,Z1,9.357622968840275e-14
DOM,G,7,Z1,6.305116760147079e-16
DOM,G,8,Z1,4.24835425529165e-18
DOM,G,9,Z1,2.8625185805494346e-20
DOM,G,10,Z1,1.928749847963945e-22
DOM,G,0,Z2,0.0
DOM,G,1,Z2,0.4647183923969337
DOM,G,2,Z2,1.7277054738559234
DOM,G,3,Z2,2.709775722416762
DOM,G,4,Z2,2.984966204391721
DOM,G,5,Z2,2.709313859109565
DOM,G,6,Z2,2.1756694713479368
DOM,G,7,Z2,1.6055474599786184
DOM,G,8,Z2,1.1137529051700896
DOM,G,9,Z2,0.7369470391827434
DOM,G,10,Z2,0.4697844215784425
DOM,G,0,Y1,1.000000000000003
DOM,G,1,Y1,0.7258401568715641
DOM,G,2,Y1,0.40451107468274017
DOM,G,3,Y1,0.2790785398544447
DOM,G,4,Y1,0.49367420000000994
DOM,G,5,Y1,0.4440199691587417
DOM,G,6,Y1,0.42285362604731636
DOM,G,7,Y1,0.42130875324488687
DOM,G,8,Y1,0.6004566480438868
DOM,G,9,Y1,0.4204697119227311
DOM,G,10,Y1,0.5047474289125496
DOM,G,0,Y2,0.0
DOM,G,1,Y2,0.46471839239693513
DOM,G,2,Y2,2.0618854967969495
DOM,G,3,Y2,4.137883497543558
DOM,G,4,Y2,5.752424576885816
DOM,G,5,Y2,6.644693465090809
DOM,G,6,Y2,7.120124248825442
DOM,G,7,Y2,7.366834694806987
DOM,G,8,Y2,7.468506624343176
DOM,G,9,Y2,7.56702109423921
DOM,G,10,Y2,7.765691478904317
DOM,G,0,Y1_nocap,1.000000000000003
DOM,G,1,Y1_nocap,0.6858909991440632
DOM,G,2,Y1_nocap,0.3392319525168019
DOM,G,3,Y1_nocap,0.2036311934130046
DOM,G,4,Y1_nocap,0.4140028451468385
DOM,G,5,Y1_nocap,0.35193939116310613
DOM,G,6,Y1_nocap,0.32148645171793155
DOM,G,7,Y1_nocap,0.3123529315753106
DOM,G,8,Y1_nocap,0.48467042035323693
DOM,G,9,Y1_nocap,0.29132320038202614
DOM,G,10,Y1_nocap,0.37065723535760925
DOM,G,0,Y2_nocap,0.0
DOM,G,1,Y2_nocap,0.46471839239693513
DOM,G,2,Y2_nocap,2.043320388440214
DOM,G,3,Y2_nocap,4.038651801067923
DOM,G,4,Y2_nocap,5.496995913667452
DOM,G,5,Y2_nocap,6.182904837158107
DOM,G,6,Y2_nocap,6.435271040979282
DOM,G,7,Y2_nocap,6.460397858240466
DOM,G,8,Y2_nocap,6.350968365806
DOM,G,9,Y2_nocap,6.253695676384429
DOM,G,10,Y2_nocap,6.270613680711816
DOM,L,0,Z1,1.0
DOM,L,1,Z1,0.7083449253984456
DOM,L,2,Z1,0.5017525333377295
DOM,L,3,Z1,0.35541386079559517
DOM,L,4,Z1,0.2517556047108294
DOM,L,5,Z1,0.17832980503753304
DOM,L,6,Z1,0.12631901244563068
DOM,L,7,Z1,0.0894774314472056
DOM,L,8,Z1,0.06338088450331539
DOM,L,9,Z1,0.04489552790518844
DOM,L,10,Z1,0.03180151936472455
DOM,L,0,Z2,0.0
DOM,L,1,Z2,0.25667494281535386
DOM,L,2,Z2,0.5270562101541214
DOM,L,3,Z2,0.45657716378102864
DOM,L,4,Z2,0.27778824866202545
DOM,L,5,Z2,0.13926031804707553
DOM,L,6,Z2,0.06176672784780095
DOM,L,7,Z2,0.02517551930097899
DOM,L,8,Z2,0.009645788886839408
DOM,L,9,Z2,0.0035251596770979545
DOM,L,10,Z2,0.0012411799156846486
DOM,L,0,Y1,1.00511673509676
DOM,L,1,Y1,1.1314743457740954
DOM,L,2,Y1,1.159990730426346
DOM,L,3,Y1,1.1232799080714388
DOM,L,4,Y1,1.0547131149331406
DOM,L,5,Y1,1.0145958677896623
DOM,L,6,Y1,0.9929319504716626
DOM,L,7,Y1,1.028861355679702
DOM,L,8,Y1,1.1271840623031368
DOM,L,9,Y1,1.1429990002340669
DOM,L,10,Y1,1.1075022172211964
DOM,L,0,Y2,0.0
DOM,L,1,Y2,0.257988280503716
DOM,L,2,Y2,0.6374294408541102
DOM,L,3,Y2,0.7720383001053958
DOM,L,4,Y2,0.7371192299109025
DOM,L,5,Y2,0.6456504176275332
DOM,L,6,Y2,0.5629912457004672
DOM,L,7,Y2,0.5145765895269407
DOM,L,8,Y2,0.5065918096825265
DOM,L,9,Y2,0.5446687042268425
DOM,L,10,Y2,0.5902563080511014
DOM,L,0,Y1_nocap,1.00511673509676
DOM,L,1,Y1_nocap,1.0913207787891643
DOM,L,2,Y1_nocap,1.0783212165402807
DOM,L,3,Y1_nocap,1.0027657881509573
DOM,L,4,Y1_nocap,0.9003863124679222
DOM,L,5,Y1_nocap,0.8322990697395338
DOM,L,6,Y1_nocap,0.7868350366377685
DOM,L,7,Y1_nocap,0.8020142779366712
DOM,L,8,Y1_nocap,0.8800560275830186
DOM,L,9,Y1_nocap,0.8735235894121753
DOM,L,10,Y1_nocap,0.8170987935776993
DOM,L,0,Y2_nocap,0.0
DOM,L,1,Y2_nocap,0.257988280503716
DOM,L,2,Y2_nocap,0.6271230263444205
DOM,L,3,Y2_nocap,0.7372130918766764
DOM,L,4,Y2_nocap,0.674648177982903
DOM,L,5,Y2_nocap,0.5594659866889199
DOM,L,6,Y2_nocap,0.4589240732393446
DOM,L,7,Y2_nocap,0.3975702095231168
DOM,L,8,Y2_nocap,0.3797679736657235
DOM,L,9,Y2_nocap,0.4092474938630863
DOM,L,10,Y2_nocap,0.4455056945616911
DZA,G,0,Z1,1.0
DZA,G,1,Z1,0.006737946999085479
DZA,G,2,Z1,4.539992976248501e-05
DZA,G,3,Z1,3.0590232050182743e-07
DZA,G,4,Z1,2.0611536224385723e-09
DZA,G,5,Z1,1.388794386496412e-11
DZA,G,6,Z1,9.357622968840275e-14
DZA,G,7,Z1,6.305116760147079e-16
DZA,G,8,Z1,4.24835425529165e-18
DZA,G,9,Z1,2.8625185805494346e-20
DZA,G,10,Z1,1.928749847963945e-22
DZA,G,0,Z2,0.0
DZA,G,1,Z2,0.46472821608924814
DZA,G,2,Z2,1.727778518635959
DZA,G,3,Z2,2.7099475720751696
DZA,G,4,Z2,2.9852186094598694
DZA,G,5,Z2,2.709600232442794
DZA,G,6,Z2,2.175945435080328
DZA,G,7,Z2,1.6057850529670428
DZA,G,8,Z2,1.1139412682831895
DZA,G,9,Z2,0.7370872560954972
DZA,G,10,Z2,0.4698837388578589
DZA,G,0,Y1,1.000000000000003
DZA,G,1,Y1,0.7298930031209115
DZA,G,2,Y1,0.4119886947538417
DZA,G,3,Y1,0.2889572130971509
DZA,G,4,Y1,0.5055241424774545
DZA,G,5,Y1,0.4587119887216256
DZA,G,6,Y1,0.4402852302740612
DZA,G,7,Y1,0.4414482045955899
DZA,G,8,Y1,0.6233266472110702
DZA,G,9,Y1,0.44681288291328713
DZA,G,10,Y1,0.5339272373999409
DZA,G,0,Y2,0.0
DZA,G,1,Y2,0.4647282160892496
DZA,G,2,Y2,2.063849077823381
DZA,G,3,Y2,4.148576590603215
DZA,G,4,Y2,5.781255438073617
DZA,G,5,Y2,6.700000799752413
DZA,G,6,Y2,7.20780106857641
DZA,G,7,Y2,7.491155388446278
DZA,G,8,Y2,7.632666008567792
DZA,G,9,Y2,7.773370790441235
DZA,G,10,Y2,8.016272722942675
DZA,G,0,Y1_nocap,1.000000000000003
DZA,G,1,Y1_nocap,0.6858909991440632
DZA,G,2,Y1_nocap,0.3392319525168019
DZA,G,3,Y1_nocap,0.2036311934130046
DZA,G,4,Y1_nocap,0.4140028451468385
DZA,G,5,Y1_nocap,0.35193939116310613
DZA,G,6,Y1_nocap,0.32148645171793155
DZA,G,7,Y1_nocap,0.3123529315753106
DZA,G,8,Y1_nocap,0.48467042035323693
DZA,G,9,Y1_nocap,0.29132320038202614
DZA,G,10,Y1_nocap,0.37065723535760925
DZA,G,0,Y2_nocap,0.0
DZA,G,1,Y2_nocap,0.4647282160892496
DZA,G,2,Y2_nocap,2.043400105010868
DZA,G,3,Y2_nocap,4.038876546421793
DZA,G,4,Y2_nocap,5.497391450458636
DZA,G,5,Y2_nocap,6.183438895649413
DZA,G,6,Y2_nocap,6.4358941250254365
DZA,G,7,Y2_nocap,6.461069065891217
DZA,G,8,Y2_nocap,6.351658599503692
DZA,G,9,Y2_nocap,6.254387417397916
DZA,G,10,Y2_nocap,6.271304882077561
DZA,L,0,Z1,1.0
DZA,L,1,Z1,0.404583165141482
DZA,L,2,Z1,0.1636875375158997
DZA,L,3,Z1,0.06622522202239779
DZA,L,4,Z1,0.026793609938019075
DZA,L,5,Z1,0.010840243514290023
DZA,L,6,Z1,0.004385780031915881
DZA,L,7,Z1,0.0017744127669268364
DZA,L,8,Z1,0.0007178975335107146
DZA,L,9,Z1,0.0002904492563550281
DZA,L,10,Z1,0.00011751087944910693
DZA,L,0,Z2,0.0
DZA,L,1,Z2,0.6452151686590311
DZA,L,2,Z2,3.330420910941615
DZA,L,3,Z2,7.2523285529358095
DZA,L,4,Z2,11.09170344403718
DZA,L,5,Z2,13.977608024141416
DZA,L,6,Z2,15.584079833993481
DZA,L,7,Z2,15.96710209065124
DZA,L,8,Z2,15.378235661308278
DZA,L,9,Z2,14.127608393912757
DZA,L,10,Z2,12.50390566889872
DZA,L,0,Y1,1.00511673509676
DZA,L,1,Y1,0.8302319006473646
DZA,L,2,Y1,0.700673769358593
DZA,L,3,Y1,0.5934152427618499
DZA,L,4,Y1,0.5093735990264349
DZA,L,5,Y1,0.48560192969505567
DZA,L,6,Y1,0.4845541475353341
DZA,L,7,Y1,0.5372518887903419
DZA,L,8,Y1,0.6334993433449818
DZA,L,9,Y1,0.6209771533828418
DZA,L,10,Y1,0.5714086418075083
DZA,L,0,Y2,0.0
DZA,L,1,Y2,0.6485165637574707
DZA,L,2,Y2,3.620761124294236
DZA,L,3,Y2,8.935490748846373
DZA,L,4,Y2,15.635219605068993
DZA,L,5,Y2,22.5987713413617
DZA,L,6,Y2,28.95535847412697
DZA,L,7,Y2,34.25603420115907
DZA,L,8,Y2,38.430706943049564
DZA,L,9,Y2,41.72674923881445
DZA,L,10,Y2,44.50514596365512
DZA,L,0,Y1_nocap,1.00511673509676
DZA,L,1,Y1_nocap,0.7860047500724403
DZA,L,2,Y1_nocap,0.6232939705036439
DZA,L,3,Y1_nocap,0.4911166738651367
DZA,L,4,Y1_nocap,0.38877979343413277
DZA,L,5,Y1_nocap,0.351808753775295
DZA,L,6,Y1_nocap,0.3396161133008119
DZA,L,7,Y1_nocap,0.3820666346608986
DZA,L,8,Y1_nocap,0.46653101205553954
DZA,L,9,Y1_nocap,0.4388909617015186
DZA,L,10,Y1_nocap,0.3759106862389386
DZA,L,0,Y2_nocap,0.0
DZA,L,1,Y2_nocap,0.6485165637574707
DZA,L,2,Y2_nocap,3.592225095876728
DZA,L,3,Y2_nocap,8.749814298469007
DZA,L,4,Y2_nocap,15.070550447772284
DZA,L,5,Y2_nocap,21.389265293397624
DZA,L,6,Y2_nocap,26.84387470370974
DZA,L,7,Y2_nocap,31.031786634580158
DZA,L,8,Y2_nocap,33.94547704258757
DZA,L,9,Y2_nocap,35.89318963831844
DZA,L,10,Y2_nocap,37.28124465912501
ECU,G,0,Z1,1.0
ECU,G,1,Z1,0.0067379470010078615
ECU,G,2,Z1,4.5399929788390835e-05
ECU,G,3,Z1,3.059023207636558e-07
ECU,G,4,Z1,2.0611536247908176e-09
ECU,G,5,Z1,1.3887943884775762e-11
ECU,G,6,Z1,9.357622984859057e-14
ECU,G,7,Z1,6.305116772739304e-16
ECU,G,8,Z1,4.248354264988327e-18
ECU,G,9,Z1,2.862518587899714e-20
ECU,G,10,Z1,1.928749853466805e-22
ECU,G,0,Z2,0.0
ECU,G,1,Z2,0.45251560157348264
ECU,G,2,Z2,1.638162957339287
ECU,G,3,Z2,2.501868249390767
ECU,G,4,Z2,2.6835778747985986
ECU,G,5,Z2,2.3717985476245627
ECU,G,6,Z2,1.8546206629065543
ECU,G,7,Z2,1.3326896353854598
ECU,G,8,Z2,0.9001987762635705
ECU,G,9,Z2,0.5800020688987457
ECU,G,10,Z2,0.360027414432895
ECU,G,0,Y1,1.000000000000003
ECU,G,1,Y1,0.721438603816496
ECU,G,2,Y1,0.3979036381838121
ECU,G,3,Y1,0.272285913886638
ECU,G,4,Y1,0.48746711094176387
ECU,G,5,Y1,0.43752124524530583
ECU,G,6,Y1,0.4165509575385648
ECU,G,7,Y1,0.4154820567046399
ECU,G,8,Y1,0.5952541577085778
ECU,G,9,Y1,0.41522327412428156
ECU,G,10,Y1,0.5005294729120255
ECU,G,0,Y2,0.0
ECU,G,1,Y2,0.452515601573484
ECU,G,2,Y2,1.9615761550031159
ECU,G,3,Y2,3.8505223100111663
ECU,G,4,Y2,5.237533027261217
ECU,G,5,Y2,5.934507238051086
ECU,G,6,Y2,6.271066970827555
ECU,G,7,Y2,6.427412540701769
ECU,G,8,Y2,6.474993000016556
ECU,G,9,Y2,6.543228301580298
ECU,G,10,Y2,6.717269862527166
ECU,G,0,Y1_nocap,1.000000000000003
ECU,G,1,Y1_nocap,0.6858909991459856
ECU,G,2,Y1_nocap,0.3392319525181334
ECU,G,3,Y1_nocap,0.2036311934136657
ECU,G,4,Y1_nocap,0.4140028451472344
ECU,G,5,Y1_nocap,0.3519393911639046
ECU,G,6,Y1_nocap,0.3214864517186135
ECU,G,7,Y1_nocap,0.31235293157593325
ECU,G,8,Y1_nocap,0.4846704203538416
ECU,G,9,Y1_nocap,0.291323200382962
ECU,G,10,Y1_nocap,0.37065723535817563
ECU,G,0,Y2_nocap,0.0
ECU,G,1,Y2_nocap,0.452515601573484
ECU,G,2,Y2_nocap,1.9454903092911435
ECU,G,3,Y2_nocap,3.765848073259334
ECU,G,4,Y2_nocap,5.021987750372167
ECU,G,5,Y2_nocap,5.548068480571645
ECU,G,6,Y2_nocap,5.70108016329335
ECU,G,7,Y2_nocap,5.674932552884055
ECU,G,8,Y2_nocap,5.547406063322987
ECU,G,9,Y2_nocap,5.4512630932931945
ECU,G,10,Y2_nocap,5.47015986228163
ECU,L,0,Z1,1.0
ECU,L,1,Z1,0.3613000170873094
ECU,L,2,Z1,0.13053770234729006
ECU,L,3,Z1,0.047163274088614
ECU,L,4,Z1,0.0170400917341097
ECU,L,5,Z1,0.006156585434703155
ECU,L,6,Z1,0.002224374422757729
ECU,L,7,Z1,0.0008036665169509416
ECU,L,8,Z1,0.0002903647263068737
ECU,L,9,Z1,0.00010490878057622531
ECU,L,10,Z1,3.790354421479904e-05
ECU,L,0,Z2,0.0
ECU,L,1,Z2,0.7408182206817171
ECU,L,2,Z2,4.390493088752203
ECU,L,3,Z2,10.977380812996143
ECU,L,4,Z2,19.27642956238086
ECU,L,5,Z2,27.89127001855359
ECU,L,6,Z2,35.70455985586248
ECU,L,7,Z2,42.002554890772515
ECU,L,8,Z2,46.44759208417884
ECU,L,9,Z2,48.99281878727714
ECU,L,10,Z2,49.78706836786346
ECU,L,0,Y1,1.00511673509676
ECU,L,1,Y1,0.7782296259624543
ECU,L,2,Y1,0.6344144490173723
ECU,L,3,Y1,0.5252625645468282
ECU,L,4,Y1,0.44343918633925317
ECU,L,5,Y1,0.42281661383835856
ECU,L,6,Y1,0.42263646927567067
ECU,L,7,Y1,0.47439929936110653
ECU,L,8,Y1,0.5663623999137739
ECU,L,9,Y1,0.54592803782424
ECU,L,10,Y1,0.4924140746254254
ECU,L,0,Y2,0.0
ECU,L,1,Y2,0.7446087912717986
ECU,L,2,Y2,4.720457596608946
ECU,L,3,Y2,13.117645809143745
ECU,L,4,Y2,25.70177971029234
ECU,L,5,Y2,41.40062808533641
ECU,L,6,Y2,58.831671529591205
ECU,L,7,Y2,76.73424870854707
ECU,L,8,Y2,94.18473790518817
ECU,L,9,Y2,110.73477900570252
ECU,L,10,Y2,126.32147255928699
ECU,L,0,Y1_nocap,1.00511673509676
ECU,L,1,Y1_nocap,0.7425001336155206
ECU,L,2,Y1_nocap,0.5735549918657136
ECU,L,3,Y1_nocap,0.44616785482676485
ECU,L,4,Y1_nocap,0.351282708640737
ECU,L,5,Y1_nocap,0.3214334430390367
ECU,L,6,Y1_nocap,0.31341412263635926
ECU,L,7,Y1_nocap,0.3579002004725287
ECU,L,8,Y1_nocap,0.4412626322557549
ECU,L,9,Y1_nocap,0.40956856478142495
ECU,L,10,Y1_nocap,0.34631992125570293
ECU,L,0,Y2_nocap,0.0
ECU,L,1,Y2_nocap,0.7446087912717986
ECU,L,2,Y2_nocap,4.693988537662629
ECU,L,3,Y2_nocap,12.92525319662075
ECU,L,4,Y2_nocap,25.05673230274547
ECU,L,5,Y2_nocap,39.88769612780753
ECU,L,6,Y2_nocap,55.95435619372309
ECU,L,7,Y2_nocap,71.96969162789367
ECU,L,8,Y2_nocap,87.03040430475386
ECU,L,9,Y2_nocap,100.73984872260073
ECU,L,10,Y2_nocap,113.09911013821126
EGY,G,0,Z1,1.0
EGY,G,1,Z1,0.006737946999085479
EGY,G,2,Z1,4.539992976248501e-05
EGY,G,3,Z1,3.0590232050182743e-07
EGY,G,4,Z1,2.0611536224385723e-09
EGY,G,5,Z1,1.388794386496412e-11
EGY,G,6,Z1,9.357622968840275e-14
EGY,G,7,Z1,6.305116760147079e-16
EGY,G,8,Z1,4.24835425529165e-18
EGY,G,9,Z1,2.8625185805494346e-20
EGY,G,10,Z1,1.928749847963945e-22
EGY,G,0,Z2,0.0
EGY,G,1,Z2,0.4344893403559838
EGY,G,2,Z2,1.5102478950638236
EGY,G,3,Z2,2.2146298144884913
EGY,G,4,Z2,2.28084870454471
EGY,G,5,Z2,1.9355555646277944
EGY,G,6,Z2,1.4532104341396528
EGY,G,7,Z2,1.0026468700195619
EGY,G,8,Z2,0.65028385162791
EGY,G,9,Z2,0.40229039427143004
EGY,G,10,Z2,0.2397680220007437
EGY,G,0,Y1,1.000000000000003
EGY,G,1,Y1,0.7550521017538362
EGY,G,2,Y1,0.4528496281916539
EGY,G,3,Y1,0.3358143240296061
EGY,G,4,Y1,0.5545730793778366
EGY,G,5,Y1,0.5150848334493636
EGY,G,6,Y1,0.5019418769192296
EGY,G,7,Y1,0.5072662303874733
EGY,G,8,Y1,0.6927868658328646
EGY,G,9,Y1,0.5239914882025296
EGY,G,10,Y1,0.6134472299720451
EGY,G,0,Y2,0.0
EGY,G,1,Y2,0.43448934035598513
EGY,G,2,Y2,1.8353824185422654
EGY,G,3,Y2,3.5393175628144644
EGY,G,4,Y2,4.758901349172192
EGY,G,5,Y2,5.376501956109472
EGY,G,6,Y2,5.716139603035946
EGY,G,7,Y2,5.927761401147136
EGY,G,8,Y2,6.059283409181145
EGY,G,9,Y2,6.221207010620019
EGY,G,10,Y2,6.477602852137103
EGY,G,0,Y1_nocap,1.000000000000003
EGY,G,1,Y1_nocap,0.6858909991440632
EGY,G,2,Y1_nocap,0.3392319525168019
EGY,G,3,Y1_nocap,0.2036311934130046
EGY,G,4,Y1_nocap,0.4140028451468385
EGY,G,5,Y1_nocap,0.35193939116310613
EGY,G,6,Y1_nocap,0.32148645171793155
EGY,G,7,Y1_nocap,0.3123529315753106
EGY,G,8,Y1_nocap,0.48467042035323693
EGY,G,9,Y1_nocap,0.29132320038202614
EGY,G,10,Y1_nocap,0.37065723535760925
EGY,G,0,Y2_nocap,0.0
EGY,G,1,Y2_nocap,0.43448934035598513
EGY,G,2,Y2_nocap,1.8053326566910526
EGY,G,3,Y2_nocap,3.3857039579237034
EGY,G,4,Y2_nocap,4.377748497157075
EGY,G,5,Y2_nocap,4.709004460647887
EGY,G,6,Y2_nocap,4.7517270737662995
EGY,G,7,Y2_nocap,4.676274249116353
EGY,G,8,Y2_nocap,4.538311129733384
EGY,G,9,Y2_nocap,4.451904384360969
EGY,G,10,Y2_nocap,4.476647327179067
EGY,L,0,Z1,1.0
EGY,L,1,Z1,0.4090124842142977
EGY,L,2,Z1,0.16729121224315113
EGY,L,3,Z1,0.06842419430679257
EGY,L,4,Z1,0.027986349693783035
EGY,L,5,Z1,0.01144676641234425
EGY,L,6,Z1,0.004681870366533706
EGY,L,7,Z1,0.0019149434293852553
EGY,L,8,Z1,0.0007832357691827098
EGY,L,9,Z1,0.0003203532076789164
EGY,L,10,Z1,0.00013102846129877242
EGY,L,0,Z2,0.0
EGY,L,1,Z2,0.3416117822809542
EGY,L,2,Z2,0.9335888783453602
EGY,L,3,Z2,1.0763717421911696
EGY,L,4,Z2,0.8715881937701478
EGY,L,5,Z2,0.5815328052516757
EGY,L,6,Z2,0.34328181552226766
EGY,L,7,Z2,0.1862190078659482
EGY,L,8,Z2,0.0949582474399386
EGY,L,9,Z2,0.046187355729531386
EGY,L,10,Z2,0.021643545829368536
EGY,L,0,Y1,1.00511673509676
EGY,L,1,Y1,0.8599717144484376
EGY,L,2,Y1,0.7497845390577886
EGY,L,3,Y1,0.6554863434754457
EGY,L,4,Y1,0.5798477391354098
EGY,L,5,Y1,0.5612467233392469
EGY,L,6,Y1,0.5642732614393988
EGY,L,7,Y1,0.6206161036546556
EGY,L,8,Y1,0.7216164774523581
EGY,L,9,Y1,0.7159740063820059
EGY,L,10,Y1,0.671813197077336
EGY,L,0,Y2,0.0
EGY,L,1,Y2,0.3433597192768179
EGY,L,2,Y2,1.091703863648538
EGY,L,3,Y2,1.6369129393059656
EGY,L,4,Y2,1.8499650944049721
EGY,L,5,Y2,1.8363257068314485
EGY,L,6,Y2,1.7302076286065584
EGY,L,7,Y2,1.6292154639626788
EGY,L,8,Y2,1.5847220212161952
EGY,L,9,Y2,1.6306789905841799
EGY,L,10,Y2,1.7325177157884724
EGY,L,0,Y1_nocap,1.00511673509676
EGY,L,1,Y1_nocap,0.7904567327976106
EGY,L,2,Y1_nocap,0.6285963528485645
EGY,L,3,Y1_nocap,0.49604618231180947
EGY,L,4,Y1_nocap,0.39297133638039045
EGY,L,5,Y1_nocap,0.3552451769226179
EGY,L,6,Y1_nocap,0.3425799264921904
EGY,L,7,Y1_nocap,0.3847831393851302
EGY,L,8,Y1_nocap,0.4693343914331674
EGY,L,9,Y1_nocap,0.4421039935747149
EGY,L,10,Y1_nocap,0.3791688444948054
EGY,L,0,Y2_nocap,0.0
EGY,L,1,Y2_nocap,0.3433597192768179
EGY,L,2,Y2_nocap,1.0679567268715713
EGY,L,3,Y2_nocap,1.5403280886821664
EGY,L,4,Y2_nocap,1.6510116490328635
EGY,L,5,Y2_nocap,1.5317601065569466
EGY,L,6,Y2_nocap,1.3328286553785067
EGY,L,7,Y2_nocap,1.1567811037759559
EGY,L,8,Y2_nocap,1.0526423278143306
EGY,L,9,Y2_nocap,1.0487266519581504
EGY,L,10,Y2_nocap,1.103112738972795
ESP,G,0,Z1,1.0
ESP,G,1,Z1,0.951229424500714
ESP,G,2,Z1,0.9048374180359595
ESP,G,3,Z1,0.8607079764250578
ESP,G,4,Z1,0.8187307530779818
ESP,G,5,Z1,0.7788007830714049
ESP,G,6,Z1,0.7408182206817179
ESP,G,7,Z1,0.7046880897187134
ESP,G,8,Z1,0.6703200460356393
ESP,G,9,Z1,0.6376281516217733
ESP,G,10,Z1,0.6065306597126334
ESP,G,0,Z2,0.0
ESP,G,1,Z2,0.4430613341883828
ESP,G,2,Z2,1.5704267668223186
ESP,G,3,Z2,2.3483094026178755
ESP,G,4,Z2,2.466240229952001
ESP,G,5,Z2,2.13417126310859
ESP,G,6,Z2,1.6339428297551186
ESP,G,7,Z2,1.1495849690630726
ESP,G,8,Z2,0.7602926089792125
ESP,G,9,Z2,0.47962541380675094
ESP,G,10,Z2,0.29149996673782486
ESP,G,0,Y1,1.000000000000003
ESP,G,1,Y1,1.6557799025764568
ESP,G,2,Y1,1.9511339215951506
ESP,G,3,Y1,2.1054388278632636
ESP,G,4,Y1,2.4664398078614194
ESP,G,5,Y1,2.754523158437711
ESP,G,6,Y1,3.00470934969677
ESP,G,7,Y1,3.23891027605295
ESP,G,8,Y1,3.6387533436240957
ESP,G,9,Y1,3.8334387456257266
ESP,G,10,Y1,4.102776687186208
ESP,G,0,Y2,0.0
ESP,G,1,Y2,0.44306133418838417
ESP,G,2,Y2,1.8825858416416237
ESP,G,3,Y2,3.621392959696021
ESP,G,4,Y2,4.821919138585042
ESP,G,5,Y2,5.3521821952513395
ESP,G,6,Y2,5.560077985285401
ESP,G,7,Y2,5.619255989626765
ESP,G,8,Y2,5.592272974609008
ESP,G,9,Y2,5.60004953161474
ESP,G,10,Y2,5.714635935301082
ESP,G,0,Y1_nocap,1.000000000000003
ESP,G,1,Y1_nocap,1.6303824766456947
ESP,G,2,Y1_nocap,1.8854782402931523
ESP,G,3,Y1_nocap,1.9948678479192243
ESP,G,4,Y1_nocap,2.310207783889443
ESP,G,5,Y1_nocap,2.5466874826812607
ESP,G,6,Y1_nocap,2.7415991712874517
ESP,G,7,Y1_nocap,2.9180765748181083
ESP,G,8,Y1_nocap,3.2583261037685176
ESP,G,9,Y1_nocap,3.387473181301042
ESP,G,10,Y1_nocap,3.5909584798344243
ESP,G,0,Y2_nocap,0.0
ESP,G,1,Y2_nocap,0.44306133418838417
ESP,G,2,Y2_nocap,1.8713332242237897
ESP,G,3,Y2_nocap,3.5631224892417475
ESP,G,4,Y2_nocap,4.67579133462851
ESP,G,5,Y2_nocap,5.093913778886935
ESP,G,6,Y2_nocap,5.184124214765823
ESP,G,7,Y2_nocap,5.12865115010902
ESP,G,8,Y2_nocap,4.993614032261023
ESP,G,9,Y2_nocap,4.901655654423706
ESP,G,10,Y2_nocap,4.923355750198363
ESP,L,0,Z1,1.0
ESP,L,1,Z1,0.8473267592652951
ESP,L,2,Z1,0.7179626369670273
ESP,L,3,Z1,0.6083489544548367
ESP,L,4,Z1,0.5154703480806474
ESP,L,5,Z1,0.43677181953652855
ESP,L,6,Z1,0.37008845038629307
ESP,L,7,Z1,0.3135858473073326
ESP,L,8,Z1,0.2657096797503838
ESP,L,9,Z1,0.2251429218483121
ESP,L,10,Z1,0.19076962234124986
ESP,L,0,Z2,0.0
ESP,L,1,Z2,0.7182538982776179
ESP,L,2,Z2,4.127109299127957
ESP,L,3,Z2,10.00455415666806
ESP,L,4,Z2,17.033031166948458
ESP,L,5,Z2,23.89461139676737
ESP,L,6,Z2,29.656623369986423
ESP,L,7,Z2,33.825175802864074
ESP,L,8,Z2,36.265518841779695
ESP,L,9,Z2,37.08766182611711
ESP,L,10,Z2,36.54095704336161
ESP,L,0,Y1,1.00511673509676
ESP,L,1,Y1,1.2565411237145618
ESP,L,2,Y1,1.4039973837839412
ESP,L,3,Y1,1.4688084901518392
ESP,L,4,Y1,1.479112956313232
ESP,L,5,Y1,1.4950922284285704
ESP,L,6,Y1,1.514197581287186
ESP,L,7,Y1,1.5805134897231656
ESP,L,8,Y1,1.7078175678058234
ESP,L,9,Y1,1.7592320050799726
ESP,L,10,Y1,1.7545460590791724
ESP,L,0,Y2,0.0
ESP,L,1,Y2,0.7219290132073196
ESP,L,2,Y2,4.439032413400541
ESP,L,3,Y2,11.97042495339676
ESP,L,4,Y2,22.77164091977577
ESP,L,5,Y2,35.62830530732852
ESP,L,6,Y2,49.19664507673784
ESP,L,7,Y2,62.39015204551997
ESP,L,8,Y2,74.52789920442638
ESP,L,9,Y2,85.40684372072339
ESP,L,10,Y2,95.16038010658676
ESP,L,0,Y1_nocap,1.00511673509676
ESP,L,1,Y1_nocap,1.2310137458831725
ESP,L,2,Y1_nocap,1.3483605688133165
ESP,L,3,Y1_nocap,1.381444417558868
ESP,L,4,Y1_nocap,1.3606170765033077
ESP,L,5,Y1_nocap,1.3474022524392297
ESP,L,6,Y1_nocap,1.338970198160014
ESP,L,7,Y1_nocap,1.3792089513683428
ESP,L,8,Y1_nocap,1.4805939348221027
ESP,L,9,Y1_nocap,1.5046872287880935
ESP,L,10,Y1_nocap,1.473304545078642
ESP,L,0,Y2_nocap,0.0
ESP,L,1,Y2_nocap,0.7219290132073196
ESP,L,2,Y2_nocap,4.42069727476034
ESP,L,3,Y2_nocap,11.84064516933076
ESP,L,4,Y2_nocap,22.34701191197354
ESP,L,5,Y2_nocap,34.65533467211209
ESP,L,6,Y2_nocap,47.38754618960323
ESP,L,7,Y2_nocap,59.459395275353515
ESP,L,8,Y2_nocap,70.21964697121582
ESP,L,9,Y2_nocap,79.51014658761014
ESP,L,10,Y2_nocap,87.51116226162588
EST,G,0,Z1,1.0
EST,G,1,Z1,0.9512294244497557
EST,G,2,Z1,0.9048374179390135
EST,G,3,Z1,0.8607079762867309
EST,G,4,Z1,0.8187307529025409
EST,G,5,Z1,0.7788007828627992
EST,G,6,Z1,0.7408182204435997
EST,G,7,Z1,0.7046880894544575
EST,G,8,Z1,0.6703200457483616
EST,G,9,Z1,0.6376281513143479
EST,G,10,Z1,0.6065306593877089
EST,G,0,Z2,0.0
EST,G,1,Z2,0.4123864904780191
EST,G,2,Z2,1.3605009402302188
EST,G,3,Z2,1.8935512021133498
EST,G,4,Z2,1.8509628083673095
EST,G,5,Z2,1.4908438604451812
EST,G,6,Z2,1.0623810829703444
EST,G,7,Z2,0.6957050045381367
EST,G,8,Z2,0.4282579147448747
EST,G,9,Z2,0.2514591220951224
EST,G,10,Z2,0.1422473866385338
EST,G,0,Y1,1.000000000000003
EST,G,1,Y1,1.6574900538610342
EST,G,2,Y1,1.955728961576028
EST,G,3,Y1,2.1135015128543726
EST,G,4,Y1,2.478310992168336
EST,G,5,Y1,2.7708874562551147
EST,G,6,Y1,3.026128090145702
EST,G,7,Y1,3.265875477293653
EST,G,8,Y1,3.671722120216632
EST,G,9,Y1,3.8731425462066307
EST,G,10,Y1,4.149595716552747
EST,G,0,Y2,0.0
EST,G,1,Y2,0.4123864904780204
EST,G,2,Y2,1.6517532825559358
EST,G,3,Y2,3.0107451300683468
EST,G,4,Y2,3.8084337807451067
EST,G,5,Y2,4.053272149504364
EST,G,6,Y2,4.103380242847146
EST,G,7,Y2,4.089190916912994
EST,G,8,Y2,4.0395043612355375
EST,G,9,Y2,4.04862802439016
EST,G,10,Y2,4.153536577470206
EST,G,0,Y1_nocap,1.000000000000003
EST,G,1,Y1_nocap,1.6303824765947363
EST,G,2,Y1_nocap,1.8854782401615977
EST,G,3,Y1_nocap,1.994867847698005
EST,G,4,Y1_nocap,2.3102077835773573
EST,G,5,Y1_nocap,2.5466874822666714
EST,G,6,Y1_nocap,2.741599170763308
EST,G,7,Y1_nocap,2.91807657417982
EST,G,8,Y1_nocap,3.2583261030126573
EST,G,9,Y1_nocap,3.387473180416008
EST,G,10,Y1_nocap,3.5909584788199336
EST,G,0,Y2_nocap,0.0
EST,G,1,Y2_nocap,0.4123864904780204
EST,G,2,Y2_nocap,1.6405744839017256
EST,G,3,Y2_nocap,2.9555283994624233
EST,G,4,Y2_nocap,3.675243876047771
EST,G,5,Y2_nocap,3.825626990462
EST,G,6,Y2_nocap,3.7808709618312295
EST,G,7,Y2_nocap,3.676714271835521
EST,G,8,Y2_nocap,3.543377179159153
EST,G,9,Y2_nocap,3.4757128628961484
EST,G,10,Y2_nocap,3.508649294311155
EST,L,0,Z1,1.0
EST,L,1,Z1,0.951229424500714
EST,L,2,Z1,0.9048374180359595
EST,L,3,Z1,0.8607079764250578
EST,L,4,Z1,0.8187307530779818
EST,L,5,Z1,0.7788007830714049
EST,L,6,Z1,0.7408182206817179
EST,L,7,Z1,0.7046880897187134
EST,L,8,Z1,0.6703200460356393
EST,L,9,Z1,0.6376281516217733
EST,L,10,Z1,0.6065306597126334
EST,L,0,Z2,0.0
EST,L,1,Z2,0.24326904684025438
EST,L,2,Z2,0.47343863320452706
EST,L,3,Z2,0.3887087569999362
EST,L,4,Z2,0.2241441394105707
EST,L,5,Z2,0.10649869365085668
EST,L,6,Z2,0.04476874007953643
EST,L,7,Z2,0.017294264414324318
EST,L,8,Z2,0.006280074404013169
EST,L,9,Z2,0.0021752501635962287
EST,L,10,Z2,0.0007258861919576974
EST,L,0,Y1,1.00511673509676
EST,L,1,Y1,1.3626943330907326
EST,L,2,Y1,1.6379962446136598
EST,L,3,Y1,1.8403837564490662
EST,L,4,Y1,1.9888351647920977
EST,L,5,Y1,2.137763221284706
EST,L,6,Y1,2.28546980575007
EST,L,7,Y1,2.476580457687356
EST,L,8,Y1,2.73004373936658
EST,L,9,Y1,2.9153699958897565
EST,L,10,Y1,3.0439876188519714
EST,L,0,Y2,0.0
EST,L,1,Y2,0.24451379011017726
EST,L,2,Y2,0.5747737329718131
EST,L,3,Y2,0.6663366906780238
EST,L,4,Y2,0.6138105346894477
EST,L,5,Y2,0.5226135486013045
EST,L,6,Y2,0.4472286489117097
EST,L,7,Y2,0.4055721478282285
EST,L,8,Y2,0.40058966316061473
EST,L,9,Y2,0.4360136163287302
EST,L,10,Y2,0.47424472980486276
EST,L,0,Y1_nocap,1.00511673509676
EST,L,1,Y1_nocap,1.3354480535324482
EST,L,2,Y1_nocap,1.575607164315366
EST,L,3,Y1_nocap,1.7377063226160785
EST,L,4,Y1_nocap,1.843039640281363
EST,L,5,Y1_nocap,1.947668530761506
EST,L,6,Y1_nocap,2.0499598298083415
EST,L,7,Y1_nocap,2.194645781766778
EST,L,8,Y1_nocap,2.3995649276824107
EST,L,9,Y1_nocap,2.5326771334188667
EST,L,10,Y1_nocap,2.6074998038698958
EST,L,0,Y2_nocap,0.0
EST,L,1,Y2_nocap,0.24451379011017726
EST,L,2,Y2_nocap,0.5681455565137261
EST,L,3,Y2_nocap,0.6445648337043504
EST,L,4,Y2_nocap,0.5754114779176096
EST,L,5,Y2_nocap,0.4701074985192955
EST,L,6,Y2_nocap,0.38401790936664376
EST,L,7,Y2_nocap,0.33440605719890754
EST,L,8,Y2_nocap,0.32312198120199115
EST,L,9,Y2_nocap,0.3527949149079101
EST,L,10,Y2_nocap,0.3846939570304023
ETH,G,0,Z1,1.0
ETH,G,1,Z1,0.951229424500714
ETH,G,2,Z1,0.9048374180359595
ETH,G,3,Z1,0.8607079764250578
ETH,G,4,Z1,0.8187307530779818
ETH,G,5,Z1,0.7788007830714049
ETH,G,6,Z1,0.7408182206817179
ETH,G,7,Z1,0.7046880897187134
ETH,G,8,Z1,0.6703200460356393
ETH,G,9,Z1,0.6376281516217733
ETH,G,10,Z1,0.6065306597126334
ETH,G,0,Z2,0.0
ETH,G,1,Z2,0.3980653401345665
ETH,G,2,Z2,1.2676481201315852
ETH,G,3,Z2,1.703047882875041
ETH,G,4,Z2,1.6069317564731418
ETH,G,5,Z2,1.2493434301045265
ETH,G,6,Z2,0.8593695085526398
ETH,G,7,Z2,0.5432186527457673
ETH,G,8,Z2,0.32277870874523207
ETH,G,9,Z2,0.18294342776849237
ETH,G,10,Z2,0.09989497640610205
ETH,G,0,Y1,1.000000000000003
ETH,G,1,Y1,1.6709616823262219
ETH,G,2,Y1,1.9902389644102614
ETH,G,3,Y1,2.171033028713301
ETH,G,4,Y1,2.5587356242233614
ETH,G,5,Y1,2.87684677680487
ETH,G,6,Y1,3.1590068033787024
ETH,G,7,Y1,3.426388826952155
ETH,G,8,Y1,3.8602729772339055
ETH,G,9,Y1,4.092297341254531
ETH,G,10,Y1,4.398885671059918
ETH,G,0,Y2,0.0
ETH,G,1,Y2,0.39806534013456774
ETH,G,2,Y2,1.5541485861487183
ETH,G,3,Y2,2.7749481888370187
ETH,G,4,Y2,3.451313018775619
ETH,G,5,Y2,3.637143108858384
ETH,G,6,Y2,3.6777777128404625
ETH,G,7,Y2,3.6791480645126957
ETH,G,8,Y2,3.656045512658551
ETH,G,9,Y2,3.693079792364154
ETH,G,10,Y2,3.815142157371624
ETH,G,0,Y1_nocap,1.000000000000003
ETH,G,1,Y1_nocap,1.6303824766456947
ETH,G,2,Y1_nocap,1.8854782402931523
ETH,G,3,Y1_nocap,1.9948678479192243
ETH,G,4,Y1_nocap,2.310207783889443
ETH,G,5,Y1_nocap,2.5466874826812607
ETH,G,6,Y1_nocap,2.7415991712874517
ETH,G,7,Y1_nocap,2.9180765748181083
ETH,G,8,Y1_nocap,3.2583261037685176
ETH,G,9,Y1_nocap,3.387473181301042
ETH,G,10,Y1_nocap,3.5909584798344243
ETH,G,0,Y2_nocap,0.0
ETH,G,1,Y2_nocap,0.39806534013456774
ETH,G,2,Y2_nocap,1.5379954108371088
ETH,G,3,Y2_nocap,2.6971717974167664
ETH,G,4,Y2_nocap,3.267878890341776
ETH,G,5,Y2_nocap,3.3300428820761727
ETH,G,6,Y2_nocap,3.250517151906803
ETH,G,7,Y2_nocap,3.1408116951201093
ETH,G,8,Y2_nocap,3.0164996880529644
ETH,G,9,Y2_nocap,2.962302634608625
ETH,G,10,Y2_nocap,2.9997801776389625
ETH,L,0,Z1,1.0
ETH,L,1,Z1,0.4854345420219798
ETH,L,2,Z1,0.23564669458808926
ETH,L,3,Z1,0.11439104526636247
ETH,L,4,Z1,0.055529364670292215
ETH,L,5,Z1,0.026955871707494805
ETH,L,6,Z1,0.013085311237130987
ETH,L,7,Z1,0.006352062067611743
ETH,L,8,Z1,0.0030835103406862976
ETH,L,9,Z1,0.0014968424300510924
ETH,L,10,Z1,0.0007266190195109189
ETH,L,0,Z2,0.0
ETH,L,1,Z2,0.7408182206817179
ETH,L,2,Z2,4.390493088752212
ETH,L,3,Z2,10.977380812996177
ETH,L,4,Z2,19.276429562380937
ETH,L,5,Z2,27.891270018553726
ETH,L,6,Z2,35.7045598558627
ETH,L,7,Z2,42.00255489077279
ETH,L,8,Z2,46.447592084179206
ETH,L,9,Z2,48.99281878727759
ETH,L,10,Z2,49.787068367863945
ETH,L,0,Y1,1.00511673509676
ETH,L,1,Y1,0.9080566607570751
ETH,L,2,Y1,0.8002841401123352
ETH,L,3,Y1,0.6913670872986797
ETH,L,4,Y1,0.5962140822331836
ETH,L,5,Y1,0.5587321068470077
ETH,L,6,Y1,0.5475495651578335
ETH,L,7,Y1,0.5936570844951387
ETH,L,8,Y1,0.6892016952476878
ETH,L,9,Y1,0.6820865290105024
ETH,L,10,Y1,0.6322383490644944
ETH,L,0,Y2,0.0
ETH,L,1,Y2,0.7446087912717994
ETH,L,2,Y2,4.724204170955186
ETH,L,3,Y2,13.144474240069316
ETH,L,4,Y2,25.789763524382096
ETH,L,5,Y2,41.60177669886202
ETH,L,6,Y2,59.20349180514682
ETH,L,7,Y2,77.33102552431765
ETH,L,8,Y2,95.05086311751411
ETH,L,9,Y2,111.9009603132578
ETH,L,10,Y2,127.80409602151283
ETH,L,0,Y1_nocap,1.00511673509676
ETH,L,1,Y1_nocap,0.8672698220306438
ETH,L,2,Y1_nocap,0.7262924097700261
ETH,L,3,Y1_nocap,0.5915098497759236
ETH,L,4,Y1_nocap,0.47722156809548427
ETH,L,5,Y1_nocap,0.42617482775610444
ETH,L,6,Y1_nocap,0.4041601965070034
ETH,L,7,Y1_nocap,0.4408569925034986
ETH,L,8,Y1_nocap,0.5259604959626021
ETH,L,9,Y1_nocap,0.5054597606866885
ETH,L,10,Y1_nocap,0.4437104192412314
ETH,L,0,Y2_nocap,0.0
ETH,L,1,Y2_nocap,0.7446087912717994
ETH,L,2,Y2_nocap,4.693988537662639
ETH,L,3,Y2_nocap,12.925253196620789
ETH,L,4,Y2_nocap,25.056732302745566
ETH,L,5,Y2_nocap,39.8876961278077
ETH,L,6,Y2_nocap,55.954356193723406
ETH,L,7,Y2_nocap,71.9696916278941
ETH,L,8,Y2_nocap,87.03040430475446
ETH,L,9,Y2_nocap,100.7398487226015
ETH,L,10,Y2_nocap,113.09911013821221
FIN,G,0,Z1,1.0
FIN,G,1,Z1,0.951229424500714
FIN,G,2,Z1,0.9048374180359595
FIN,G,3,Z1,0.8607079764250578
FIN,G,4,Z1,0.8187307530779818
FIN,G,5,Z1,0.7788007830714049
FIN,G,6,Z1,0.7408182206817179
FIN,G,7,Z1,0.7046880897187134
FIN,G,8,Z1,0.6703200460356393
FIN,G,9,Z1,0.6376281516217733
FIN,G,10,Z1,0.6065306597126334
FIN,G,0,Z2,0.0
FIN,G,1,Z2,0.3975923995288002
FIN,G,2,Z2,1.2646377293045528
FIN,G,3,Z2,1.69698492898487
FIN,G,4,Z2,1.5993085863805756
FIN,G,5,Z2,1.241939332902474
FIN,G,6,Z2,0.8532615849486769
FIN,G,7,Z2,0.5387169448982577
FIN,G,8,Z2,0.31972349430882935
FIN,G,9,Z2,0.180996506267456
FIN,G,10,Z2,0.09871445162305549
FIN,G,0,Y1,1.000000000000003
FIN,G,1,Y1,1.6568399747567621
FIN,G,2,Y1,1.9539256207884124
FIN,G,3,Y1,2.110235590302229
FIN,G,4,Y1,2.473357792470312
FIN,G,5,Y1,2.7638932603593305
FIN,G,6,Y1,3.016776050898957
FIN,G,7,Y1,3.253870518053405
FIN,G,8,Y1,3.6567807421870304
FIN,G,9,Y1,3.8548766309383047
FIN,G,10,Y1,4.12774125558773
FIN,G,0,Y2,0.0
FIN,G,1,Y2,0.39759239952880143
FIN,G,2,Y2,1.5451831211136948
FIN,G,3,Y2,2.7395731172867857
FIN,G,4,Y2,3.3746497304296477
FIN,G,5,Y2,3.515184917445073
FIN,G,6,Y2,3.5137655481756007
FIN,G,7,Y2,3.477469406614216
FIN,G,8,Y2,3.420880973011334
FIN,G,9,Y2,3.4283057336136595
FIN,G,10,Y2,3.523020237400943
FIN,G,0,Y1_nocap,1.000000000000003
FIN,G,1,Y1_nocap,1.6303824766456947
FIN,G,2,Y1_nocap,1.8854782402931523
FIN,G,3,Y1_nocap,1.9948678479192243
FIN,G,4,Y1_nocap,2.310207783889443
FIN,G,5,Y1_nocap,2.5466874826812607
FIN,G,6,Y1_nocap,2.7415991712874517
FIN,G,7,Y1_nocap,2.9180765748181083
FIN,G,8,Y1_nocap,3.2583261037685176
FIN,G,9,Y1_nocap,3.387473181301042
FIN,G,10,Y1_nocap,3.5909584798344243
FIN,G,0,Y2_nocap,0.0
FIN,G,1,Y2_nocap,0.39759239952880143
FIN,G,2,Y2_nocap,1.5346638209541867
FIN,G,3,Y2_nocap,2.6889060765368336
FIN,G,4,Y2_nocap,3.255035513917476
FIN,G,5,Y2_nocap,3.3146314794762812
FIN,G,6,Y2_nocap,3.2342018653054505
FIN,G,7,Y2_nocap,3.1244456317614837
FIN,G,8,Y2_nocap,3.000482773187058
FIN,G,9,Y2_nocap,2.9467310578703003
FIN,G,10,Y2_nocap,2.9843409705928243
FIN,L,0,Z1,1.0
FIN,L,1,Z1,0.9512294245002195
FIN,L,2,Z1,0.9048374180350189
FIN,L,3,Z1,0.8607079764237157
FIN,L,4,Z1,0.8187307530762795
FIN,L,5,Z1,0.7788007830693807
FIN,L,6,Z1,0.7408182206794074
FIN,L,7,Z1,0.7046880897161494
FIN,L,8,Z1,0.6703200460328518
FIN,L,9,Z1,0.6376281516187904
FIN,L,10,Z1,0.6065306597094806
FIN,L,0,Z2,0.0
FIN,L,1,Z2,0.20463378147229402
FIN,L,2,Z2,0.33499987615720467
FIN,L,3,Z2,0.23136398364644653
FIN,L,4,Z2,0.11222491702534247
FIN,L,5,Z2,0.044853533488887244
FIN,L,6,Z2,0.015860531238149088
FIN,L,7,Z2,0.00515389336024866
FIN,L,8,Z2,0.0015743040001681254
FIN,L,9,Z2,0.00045869446125088503
FIN,L,10,Z2,0.00012875772585207865
FIN,L,0,Y1,1.00511673509676
FIN,L,1,Y1,1.362040927652176
FIN,L,2,Y1,1.6363808303080452
FIN,L,3,Y1,1.8375343102207269
FIN,L,4,Y1,1.9845191200225119
FIN,L,5,Y1,2.131782299275495
FIN,L,6,Y1,2.277629478283142
FIN,L,7,Y1,2.4666911375058236
FIN,L,8,Y1,2.717891965094332
FIN,L,9,Y1,2.9007028926765095
FIN,L,10,Y1,3.0265934902169542
FIN,L,0,Y2,0.0
FIN,L,1,Y2,0.20568083832393602
FIN,L,2,Y2,0.4197839018568442
FIN,L,3,Y2,0.4382716331148763
FIN,L,4,Y2,0.3783711337185194
FIN,L,5,Y2,0.31202006414738137
FIN,L,6,Y2,0.26659902310303035
FIN,L,7,Y2,0.24605261766270034
FIN,L,8,Y2,0.2498058217041743
FIN,L,9,Y2,0.27968161982064
FIN,L,10,Y2,0.3034645629653383
FIN,L,0,Y1_nocap,1.00511673509676
FIN,L,1,Y1_nocap,1.3354480535319513
FIN,L,2,Y1_nocap,1.5756071643142329
FIN,L,3,Y1_nocap,1.7377063226142218
FIN,L,4,Y1_nocap,1.8430396402787377
FIN,L,5,Y1_nocap,1.9476685307580972
FIN,L,6,Y1_nocap,2.0499598298041355
FIN,L,7,Y1_nocap,2.194645781761764
FIN,L,8,Y1_nocap,2.399564927676556
FIN,L,9,Y1_nocap,2.532677133412111
FIN,L,10,Y1_nocap,2.6074998038622175
FIN,L,0,Y2_nocap,0.0
FIN,L,1,Y2_nocap,0.20568083832393602
FIN,L,2,Y2_nocap,0.4143421014654059
FIN,L,3,Y2_nocap,0.4221030791462818
FIN,L,4,Y2_nocap,0.35173510014541864
FIN,L,5,Y2_nocap,0.2772316916807719
FIN,L,6,Y2_nocap,0.22598258941807314
FIN,L,7,Y2_nocap,0.20121647776792323
FIN,L,8,Y2_nocap,0.2015879939315514
FIN,L,9,Y2_nocap,0.22821874650597732
FIN,L,10,Y2_nocap,0.24819261432986112
FJI,G,0,Z1,1.0
FJI,G,1,Z1,0.006737946999085479
FJI,G,2,Z1,4.539992976248501e-05
FJI,G,3,Z1,3.0590232050182743e-07
FJI,G,4,Z1,2.0611536224385723e-09
FJI,G,5,Z1,1.388794386496412e-11
FJI,G,6,Z1,9.357622968840275e-14
FJI,G,7,Z1,6.305116760147079e-16
FJI,G,8,Z1,4.24835425529165e-18
FJI,G,9,Z1,2.8625185805494346e-20
FJI,G,10,Z1,1.928749847963945e-22
FJI,G,0,Z2,0.0
FJI,G,1,Z2,0.480433806601536
FJI,G,2,Z2,1.8465331402051368
FJI,G,3,Z2,2.9940871912806655
FJI,G,4,Z2,3.4096846378758436
FJI,G,5,Z2,3.1994683005575615
FJI,G,6,Z2,2.656165365626946
FJI,G,7,Z2,2.0264180170692634
FJI,G,8,Z2,1.4532436662208152
FJI,G,9,Z2,0.994098837393371
FJI,G,10,Z2,0.6551422340014522
FJI,G,0,Y1,1.000000000000003
FJI,G,1,Y1,0.744726795092973
FJI,G,2,Y1,0.434227984215956
FJI,G,3,Y1,0.3118134503634969
FJI,G,4,Y1,0.5264530347987529
FJI,G,5,Y1,0.4807306141731174
FJI,G,6,Y1,0.46180211888575545
FJI,G,7,Y1,0.46157968295151175
FJI,G,8,Y1,0.6416355608916315
FJI,G,9,Y1,0.4656134570456312
FJI,G,10,Y1,0.5496616737469059
FJI,G,0,Y2,0.0
FJI,G,1,Y2,0.4804338066015375
FJI,G,2,Y2,2.2010879317243717
FJI,G,3,Y2,4.563015076723032
FJI,G,4,Y2,6.56023825228785
FJI,G,5,Y2,7.823157591482981
FJI,G,6,Y2,8.603133242503477
FJI,G,7,Y2,9.084491745260541
FJI,G,8,Y2,9.36066583247041
FJI,G,9,Y2,9.587808072194184
FJI,G,10,Y2,9.894883682203671
FJI,G,0,Y1_nocap,1.000000000000003
FJI,G,1,Y1_nocap,0.6858909991440632
FJI,G,2,Y1_nocap,0.3392319525168019
FJI,G,3,Y1_nocap,0.2036311934130046
FJI,G,4,Y1_nocap,0.4140028451468385
FJI,G,5,Y1_nocap,0.35193939116310613
FJI,G,6,Y1_nocap,0.32148645171793155
FJI,G,7,Y1_nocap,0.3123529315753106
FJI,G,8,Y1_nocap,0.48467042035323693
FJI,G,9,Y1_nocap,0.29132320038202614
FJI,G,10,Y1_nocap,0.37065723535760925
FJI,G,0,Y2_nocap,0.0
FJI,G,1,Y2_nocap,0.4804338066015375
FJI,G,2,Y2_nocap,2.1728212263122058
FJI,G,3,Y2_nocap,4.408923984114664
FJI,G,4,Y2_nocap,6.157730555935947
FJI,G,5,Y2_nocap,7.087051764733426
FJI,G,6,Y2_nocap,7.502535862344196
FJI,G,7,Y2_nocap,7.620943955447945
FJI,G,8,Y2_nocap,7.553077603862325
FJI,G,9,Y2_nocap,7.464700791586828
FJI,G,10,Y2_nocap,7.483952049016233
FJI,L,0,Z1,1.0
FJI,L,1,Z1,0.838870414692963
FJI,L,2,Z1,0.7037035726471436
FJI,L,3,Z1,0.5903161078074289
FJI,L,4,Z1,0.4951987181563537
FJI,L,5,Z1,0.4154075540552441
FJI,L,6,Z1,0.34847310713691204
FJI,L,7,Z1,0.2923237798932867
FJI,L,8,Z1,0.2452217704636958
FJI,L,9,Z1,0.2057092882806231
FJI,L,10,Z1,0.17256343596616053
FJI,L,0,Z2,0.0
FJI,L,1,Z2,0.2646859489953191
FJI,L,2,Z2,0.5604692127644214
FJI,L,3,Z2,0.5006755984383348
FJI,L,4,Z2,0.3141257384567703
FJI,L,5,Z2,0.16239193200641727
FJI,L,6,Z2,0.07427438662861768
FJI,L,7,Z2,0.031218377653789067
FJI,L,8,Z2,0.012334372445126406
FJI,L,9,Z2,0.004648421621740422
FJI,L,10,Z2,0.0016877529331697188
FJI,L,0,Y1,1.00511673509676
FJI,L,1,Y1,1.281650975566764
FJI,L,2,Y1,1.4576688829954172
FJI,L,3,Y1,1.551432958928221
FJI,L,4,Y1,1.5888922292753551
FJI,L,5,Y1,1.6289908749443622
FJI,L,6,Y1,1.6695944337735031
FJI,L,7,Y1,1.7551029872334294
FJI,L,8,Y1,1.9006852668965741
FJI,L,9,Y1,1.9710502854036283
FJI,L,10,Y1,1.9839795466706263
FJI,L,0,Y2,0.0
FJI,L,1,Y2,0.2660402768801627
FJI,L,2,Y2,0.6793986726131993
FJI,L,3,Y2,0.8502468682307124
FJI,L,4,Y2,0.8366553653070256
FJI,L,5,Y2,0.7527595284593074
FJI,L,6,Y2,0.6700443371959739
FJI,L,7,Y2,0.6194001707545156
FJI,L,8,Y2,0.6101246607552034
FJI,L,9,Y2,0.6499631201572523
FJI,L,10,Y2,0.7006400788216236
FJI,L,0,Y1_nocap,1.00511673509676
FJI,L,1,Y1_nocap,1.2225141324357767
FJI,L,2,Y1_nocap,1.3308206181475042
FJI,L,3,Y1_nocap,1.355328470292513
FJI,L,4,Y1_nocap,1.3270272109874783
FJI,L,5,Y1_nocap,1.307718861194574
FJI,L,6,Y1_nocap,1.2942868775660241
FJI,L,7,Y1_nocap,1.330402642324079
FJI,L,8,Y1_nocap,1.4279886999844924
FJI,L,9,Y1_nocap,1.4480378411402857
FJI,L,10,Y1_nocap,1.4130588960902035
FJI,L,0,Y2_nocap,0.0
FJI,L,1,Y2_nocap,0.2660402768801627
FJI,L,2,Y2_nocap,0.6637459811684866
FJI,L,3,Y2_nocap,0.7966581147193226
FJI,L,4,Y2_nocap,0.7400152159382041
FJI,L,5,Y2_nocap,0.6194699691548013
FJI,L,6,Y2_nocap,0.5098106688146085
FJI,L,7,Y2_nocap,0.4405952699144851
FJI,L,8,Y2_nocap,0.41814490941631427
FJI,L,9,Y2_nocap,0.4470687061407952
FJI,L,10,Y2_nocap,0.48590741007925164
FRA,G,0,Z1,1.0
FRA,G,1,Z1,0.9512294245007135
FRA,G,2,Z1,0.9048374180359585
FRA,G,3,Z1,0.8607079764250563
FRA,G,4,Z1,0.8187307530779799
FRA,G,5,Z1,0.7788007830714025
FRA,G,6,Z1,0.7408182206817152
FRA,G,7,Z1,0.7046880897187104
FRA,G,8,Z1,0.6703200460356361
FRA,G,9,Z1,0.6376281516217699
FRA,G,10,Z1,0.6065306597126298
FRA,G,0,Z2,0.0
FRA,G,1,Z2,0.4404965922813645
FRA,G,2,Z2,1.5522979824919574
FRA,G,3,Z2,2.3077641537886877
FRA,G,4,Z2,2.409629026448601
FRA,G,5,Z2,2.073112060181388
FRA,G,6,Z2,1.5780075228183754
FRA,G,7,Z2,1.103804070295264
FRA,G,8,Z2,0.725789005637954
FRA,G,9,Z2,0.4552086494461414
FRA,G,10,Z2,0.27505879130044913
FRA,G,0,Y1,1.000000000000003
FRA,G,1,Y1,1.6492610030564347
FRA,G,2,Y1,1.9344171691936973
FRA,G,3,Y1,2.0775384357018605
FRA,G,4,Y1,2.427390783182221
FRA,G,5,Y1,2.7030219569963205
FRA,G,6,Y1,2.9400587827272626
FRA,G,7,Y1,3.1607370179609258
FRA,G,8,Y1,3.546836027195856
FRA,G,9,Y1,3.7265102362745983
FRA,G,10,Y1,3.9810369088102853
FRA,G,0,Y2,0.0
FRA,G,1,Y2,0.4404965922813659
FRA,G,2,Y2,1.8597785141505379
FRA,G,3,Y2,3.5523590075885307
FRA,G,4,Y2,4.692630386005515
FRA,G,5,Y2,5.166164175213086
FRA,G,6,Y2,5.327977040245058
FRA,G,7,Y2,5.350735642155716
FRA,G,8,Y2,5.294894331195891
FRA,G,9,Y2,5.279234504906519
FRA,G,10,Y2,5.372042191325302
FRA,G,0,Y1_nocap,1.000000000000003
FRA,G,1,Y1_nocap,1.630382476645694
FRA,G,2,Y1_nocap,1.8854782402931507
FRA,G,3,Y1_nocap,1.994867847919222
FRA,G,4,Y1_nocap,2.3102077838894393
FRA,G,5,Y1_nocap,2.546687482681256
FRA,G,6,Y1_nocap,2.7415991712874463
FRA,G,7,Y1_nocap,2.918076574818101
FRA,G,8,Y1_nocap,3.258326103768509
FRA,G,9,Y1_nocap,3.3874731813010324
FRA,G,10,Y1_nocap,3.5909584798344127
FRA,G,0,Y2_nocap,0.0
FRA,G,1,Y2_nocap,0.4404965922813659
FRA,G,2,Y2_nocap,1.851462587599313
FRA,G,3,Y2_nocap,3.509406831745638
FRA,G,4,Y2_nocap,4.585061221697945
FRA,G,5,Y2_nocap,4.976131600128527
FRA,G,6,Y2_nocap,5.0512380873156335
FRA,G,7,Y2_nocap,4.989173831605257
FRA,G,8,Y2_nocap,4.852911048085798
FRA,G,9,Y2_nocap,4.7624643066374865
FRA,G,10,Y2_nocap,4.785040155311077
FRA,L,0,Z1,1.0
FRA,L,1,Z1,0.9512294245007117
FRA,L,2,Z1,0.9048374180359552
FRA,L,3,Z1,0.8607079764250516
FRA,L,4,Z1,0.818730753077974
FRA,L,5,Z1,0.7788007830713956
FRA,L,6,Z1,0.7408182206817072
FRA,L,7,Z1,0.7046880897187016
FRA,L,8,Z1,0.6703200460356264
FRA,L,9,Z1,0.6376281516217596
FRA,L,10,Z1,0.6065306597126189
FRA,L,0,Z2,0.0
FRA,L,1,Z2,0.7408182206817179
FRA,L,2,Z2,4.390493088752212
FRA,L,3,Z2,10.977380812996177
FRA,L,4,Z2,19.276429562380937
FRA,L,5,Z2,27.891270018553726
FRA,L,6,Z2,35.7045598558627
FRA,L,7,Z2,42.00255489077279
FRA,L,8,Z2,46.447592084179206
FRA,L,9,Z2,48.99281878727759
FRA,L,10,Z2,49.787068367863945
FRA,L,0,Y1,1.00511673509676
FRA,L,1,Y1,1.3544231763618477
FRA,L,2,Y1,1.6190710843465388
FRA,L,3,Y1,1.8092604579164733
FRA,L,4,Y1,1.9446746249486724
FRA,L,5,Y1,2.080227548363745
FRA,L,6,Y1,2.21424066042563
FRA,L,7,Y1,2.391371699033864
FRA,L,8,Y1,2.6302320145420306
FRA,L,9,Y1,2.799861622109903
FRA,L,10,Y1,2.9123242251529082
FRA,L,0,Y2,0.0
FRA,L,1,Y2,0.7446087912717994
FRA,L,2,Y2,4.708045654394334
FRA,L,3,Y2,13.027390663104022
FRA,L,4,Y2,25.39899053104857
FRA,L,5,Y2,40.689956761789134
FRA,L,6,Y2,57.47909098780655
FRA,L,7,Y2,74.49270662247652
FRA,L,8,Y2,90.81603505424879
FRA,L,9,Y2,106.02434410654978
FRA,L,10,Y2,120.08421370304602
FRA,L,0,Y1_nocap,1.00511673509676
FRA,L,1,Y1_nocap,1.335448053532446
FRA,L,2,Y1_nocap,1.5756071643153606
FRA,L,3,Y1_nocap,1.7377063226160696
FRA,L,4,Y1_nocap,1.8430396402813511
FRA,L,5,Y1_nocap,1.9476685307614905
FRA,L,6,Y1_nocap,2.049959829808322
FRA,L,7,Y1_nocap,2.1946457817667553
FRA,L,8,Y1_nocap,2.3995649276823836
FRA,L,9,Y1_nocap,2.532677133418835
FRA,L,10,Y1_nocap,2.6074998038698602
FRA,L,0,Y2_nocap,0.0
FRA,L,1,Y2_nocap,0.7446087912717994
FRA,L,2,Y2_nocap,4.693988537662639
FRA,L,3,Y2_nocap,12.925253196620789
FRA,L,4,Y2_nocap,25.056732302745566
FRA,L,5,Y2_nocap,39.8876961278077
FRA,L,6,Y2_nocap,55.954356193723406
FRA,L,7,Y2_nocap,71.9696916278941
FRA,L,8,Y2_nocap,87.03040430475446
FRA,L,9,Y2_nocap,100.7398487226015
FRA,L,10,Y2_nocap,113.09911013821221
GAB,G,0,Z1,1.0
GAB,G,1,Z1,0.006737946999085479
GAB,G,2,Z1,4.539992976248501e-05
GAB,G,3,Z1,3.0590232050182743e-07
GAB,G,4,Z1,2.0611536224385723e-09
GAB,G,5,Z1,1.388794386496412e-11
GAB,G,6,Z1,9.357622968840275e-14
GAB,G,7,Z1,6.305116760147079e-16
GAB,G,8,Z1,4.24835425529165e-18
GAB,G,9,Z1,2.8625185805494346e-20
GAB,G,10,Z1,1.928749847963945e-22
GAB,G,0,Z2,0.0
GAB,G,1,Z2,0.4912097584454087
GAB,G,2,Z2,1.9302962143359743
GAB,G,3,Z2,3.2001086379557053
GAB,G,4,Z2,3.726043475079794
GAB,G,5,Z2,3.5747439752949934
GAB,G,6,Z2,3.034280087324065
GAB,G,7,Z2,2.3668079636171657
GAB,G,8,Z2,1.7354249972730882
GAB,G,9,Z2,1.2137532396778412
GAB,G,10,Z2,0.8178428472901028
GAB,G,0,Y1,1.000000000000003
GAB,G,1,Y1,0.7410746984607687
GAB,G,2,Y1,0.4304968222458195
GAB,G,3,Y1,0.3106907761555234
GAB,G,4,Y1,0.5288679131103009
GAB,G,5,Y1,0.48596883698285004
GAB,G,6,Y1,0.4706410984894823
GAB,G,7,Y1,0.4744674573935424
GAB,G,8,Y1,0.6588253939436317
GAB,G,9,Y1,0.486641799403107
GAB,G,10,Y1,0.5757914760994767
GAB,G,0,Y2,0.0
GAB,G,1,Y2,0.49120975844541026
GAB,G,2,Y2,2.29100959263906
GAB,G,3,Y2,4.826607560903465
GAB,G,4,Y2,7.048538158498325
GAB,G,5,Y2,8.525454922398499
GAB,G,6,Y2,9.483545330810323
GAB,G,7,Y2,10.109392662042133
GAB,G,8,Y2,10.505022369761651
GAB,G,9,Y2,10.837110014815158
GAB,G,10,Y2,11.250960618153748
GAB,G,0,Y1_nocap,1.000000000000003
GAB,G,1,Y1_nocap,0.6858909991440632
GAB,G,2,Y1_nocap,0.3392319525168019
GAB,G,3,Y1_nocap,0.2036311934130046
GAB,G,4,Y1_nocap,0.4140028451468385
GAB,G,5,Y1_nocap,0.35193939116310613
GAB,G,6,Y1_nocap,0.32148645171793155
GAB,G,7,Y1_nocap,0.3123529315753106
GAB,G,8,Y1_nocap,0.48467042035323693
GAB,G,9,Y1_nocap,0.29132320038202614
GAB,G,10,Y1_nocap,0.37065723535760925
GAB,G,0,Y2_nocap,0.0
GAB,G,1,Y2_nocap,0.49120975844541026
GAB,G,2,Y2_nocap,2.263902821027577
GAB,G,3,Y2_nocap,4.675439124395666
GAB,G,4,Y2_nocap,6.644207176881229
GAB,G,5,Y2_nocap,7.767432244155219
GAB,G,6,Y2_nocap,8.321184308247275
GAB,G,7,Y2_nocap,8.525095678179778
GAB,G,8,Y2_nocap,8.50106137700342
GAB,G,9,Y2_nocap,8.428263026849635
GAB,G,10,Y2_nocap,8.454222941810922
GAB,L,0,Z1,1.0
GAB,L,1,Z1,0.9118127510707309
GAB,L,2,Z1,0.8314024930151747
GAB,L,3,Z1,0.7580833944032305
GAB,L,4,Z1,0.6912301053918475
GAB,L,5,Z1,0.6302724240202516
GAB,L,6,Z1,0.5746904328699238
GAB,L,7,Z1,0.5240100646091544
GAB,L,8,Z1,0.4777990586000246
GAB,L,9,Z1,0.4356632740810938
GAB,L,10,Z1,0.3972433284803639
GAB,L,0,Z2,0.0
GAB,L,1,Z2,0.27432890966022466
GAB,L,2,Z2,0.6020508054029416
GAB,L,3,Z2,0.5574148008960906
GAB,L,4,Z2,0.36246517228633074
GAB,L,5,Z2,0.1942083505920206
GAB,L,6,Z2,0.09206259563200841
GAB,L,7,Z2,0.040104689804236725
GAB,L,8,Z2,0.016422625140069928
GAB,L,9,Z2,0.006414631676774157
GAB,L,10,Z2,0.0024138805401390843
GAB,L,0,Y1,1.00511673509676
GAB,L,1,Y1,1.3512957551138967
GAB,L,2,Y1,1.6120405734800287
GAB,L,3,Y1,1.7978988786232613
GAB,L,4,Y1,1.928837164974202
GAB,L,5,Y1,2.0599641751311975
GAB,L,6,Y1,2.1896062722347276
GAB,L,7,Y1,2.362430813802879
GAB,L,8,Y1,2.59691880243429
GAB,L,9,Y1,2.761934884559348
GAB,L,10,Y1,2.8697925378098845
GAB,L,0,Y2,0.0
GAB,L,1,Y2,0.27573257802033907
GAB,L,2,Y2,0.7244143504933144
GAB,L,3,Y2,0.9262699807159697
GAB,L,4,Y2,0.9254050644810141
GAB,L,5,Y2,0.8414767939402428
GAB,L,6,Y2,0.7544493923463559
GAB,L,7,Y2,0.7011372810323715
GAB,L,8,Y2,0.6932661605349082
GAB,L,9,Y2,0.7397358540409915
GAB,L,10,Y2,0.8012646083885504
GAB,L,0,Y1_nocap,1.00511673509676
GAB,L,1,Y1_nocap,1.2958296954261286
GAB,L,2,Y1_nocap,1.486843720408742
GAB,L,3,Y1_nocap,1.5946654895833066
GAB,L,4,Y1_nocap,1.6441185821625273
GAB,L,5,Y1_nocap,1.6936432818927856
GAB,L,6,Y1_nocap,1.7415657543690448
GAB,L,7,Y1_nocap,1.8326455342704195
GAB,L,8,Y1_nocap,1.9829828500500795
GAB,L,9,Y1_nocap,2.058249416037671
GAB,L,10,Y1_nocap,2.0750808542287835
GAB,L,0,Y2_nocap,0.0
GAB,L,1,Y2_nocap,0.27573257802033907
GAB,L,2,Y2_nocap,0.70919840681602
GAB,L,3,Y2_nocap,0.8724055700770148
GAB,L,4,Y2_nocap,0.8251246315726911
GAB,L,5,Y2_nocap,0.698877273123572
GAB,L,6,Y2_nocap,0.5778540559566536
GAB,L,7,Y2_nocap,0.49831432372080503
GAB,L,8,Y2_nocap,0.46944556674921945
GAB,L,9,Y2_nocap,0.4971837569131761
GAB,L,10,Y2_nocap,0.5390507227389523
GBR,G,0,Z1,1.0
GBR,G,1,Z1,0.951229424500714
GBR,G,2,Z1,0.9048374180359595
GBR,G,3,Z1,0.8607079764250578
GBR,G,4,Z1,0.8187307530779818
GBR,G,5,Z1,0.7788007830714049
GBR,G,6,Z1,0.7408182206817179
GBR,G,7,Z1,0.7046880897187134
GBR,G,8,Z1,0.6703200460356393
GBR,G,9,Z1,0.6376281516217733
GBR,G,10,Z1,0.6065306597126334
GBR,G,0,Z2,0.0
GBR,G,1,Z2,0.43366994885399973
GBR,G,2,Z2,1.504556996312246
GBR,G,3,Z2,2.2021239002804753
GBR,G,4,Z2,2.263691755152128
GBR,G,5,Z2,1.9173732181211802
GBR,G,6,Z2,1.4368443473145163
GBR,G,7,Z2,0.9894854704240199
GBR,G,8,Z2,0.6405375452929654
GBR,G,9,Z2,0.39551365977552455
GBR,G,10,Z2,0.2352844836843757
GBR,G,0,Y1,1.000000000000003
GBR,G,1,Y1,1.656506543522594
GBR,G,2,Y1,1.9531666826299119
GBR,G,3,Y1,2.1091494637251
GBR,G,4,Y1,2.472107076909858
GBR,G,5,Y1,2.7625689079486984
GBR,G,6,Y1,3.0155166257068853
GBR,G,7,Y1,3.2528385301763594
GBR,G,8,Y1,3.656148954680599
GBR,G,9,Y1,3.8547645128033077
GBR,G,10,Y1,4.128358917446906
GBR,G,0,Y2,0.0
GBR,G,1,Y2,0.43366994885400106
GBR,G,2,Y2,1.8104144884463644
GBR,G,3,Y2,3.4269417763804366
GBR,G,4,Y2,4.493647933829155
GBR,G,5,Y2,4.92511018626205
GBR,G,6,Y2,5.075919346925526
GBR,G,7,Y2,5.107636784146433
GBR,G,8,Y2,5.072051725135368
GBR,G,9,Y2,5.0810965352844875
GBR,G,10,Y2,5.195023128185649
GBR,G,0,Y1_nocap,1.000000000000003
GBR,G,1,Y1_nocap,1.6303824766456947
GBR,G,2,Y1_nocap,1.8854782402931523
GBR,G,3,Y1_nocap,1.9948678479192243
GBR,G,4,Y1_nocap,2.310207783889443
GBR,G,5,Y1_nocap,2.5466874826812607
GBR,G,6,Y1_nocap,2.7415991712874517
GBR,G,7,Y1_nocap,2.9180765748181083
GBR,G,8,Y1_nocap,3.2583261037685176
GBR,G,9,Y1_nocap,3.387473181301042
GBR,G,10,Y1_nocap,3.5909584798344243
GBR,G,0,Y2_nocap,0.0
GBR,G,1,Y2_nocap,0.43366994885400106
GBR,G,2,Y2_nocap,1.799085265700001
GBR,G,3,Y2_nocap,3.3690588754955426
GBR,G,4,Y2_nocap,4.350028902973616
GBR,G,5,Y2_nocap,4.673501367122649
GBR,G,6,Y2_nocap,4.712119156566216
GBR,G,7,Y2_nocap,4.635050512516376
GBR,G,8,Y2_nocap,4.496972881960236
GBR,G,9,Y2_nocap,4.411164816442762
GBR,G,10,Y2_nocap,4.436212153868179
GBR,L,0,Z1,1.0
GBR,L,1,Z1,0.951229424500714
GBR,L,2,Z1,0.9048374180359595
GBR,L,3,Z1,0.8607079764250578
GBR,L,4,Z1,0.8187307530779818
GBR,L,5,Z1,0.7788007830714049
GBR,L,6,Z1,0.7408182206817179
GBR,L,7,Z1,0.7046880897187134
GBR,L,8,Z1,0.6703200460356393
GBR,L,9,Z1,0.6376281516217733
GBR,L,10,Z1,0.6065306597126334
GBR,L,0,Z2,0.0
GBR,L,1,Z2,0.21014337434404745
GBR,L,2,Z2,0.3532819022456197
GBR,L,3,Z2,0.25055949723495213
GBR,L,4,Z2,0.12480810245428359
GBR,L,5,Z2,0.051225773037540535
GBR,L,6,Z2,0.018601499749520585
GBR,L,7,Z2,0.006207318520147705
GBR,L,8,Z2,0.0019471328047798685
GBR,L,9,Z2,0.0005825978031319967
GBR,L,10,Z2,0.00016794110869079138
GBR,L,0,Y1,1.00511673509676
GBR,L,1,Y1,1.3617057903392067
GBR,L,2,Y1,1.6357191307756682
GBR,L,3,Y1,1.8366144645319495
GBR,L,4,Y1,1.983452220316314
GBR,L,5,Y1,2.130704300991176
GBR,L,6,Y1,2.2766751227627045
GBR,L,7,Y1,2.4659943014207535
GBR,L,8,Y1,2.7175703754955456
GBR,L,9,Y1,2.9008571247699835
GBR,L,10,Y1,3.02735766506337
GBR,L,0,Y2,0.0
GBR,L,1,Y2,0.21121862232290523
GBR,L,2,Y2,0.4403256332435481
GBR,L,3,Y2,0.4666738817715591
GBR,L,4,Y2,0.40632276759854397
GBR,L,5,Y2,0.3362436256084633
GBR,L,6,Y2,0.28707830050805533
GBR,L,7,Y2,0.26419524683284296
GBR,L,8,Y2,0.26722156909673833
GBR,L,9,Y2,0.29813273391560013
GBR,L,10,Y2,0.32388466587026415
GBR,L,0,Y1_nocap,1.00511673509676
GBR,L,1,Y1_nocap,1.3354480535324482
GBR,L,2,Y1_nocap,1.575607164315366
GBR,L,3,Y1_nocap,1.7377063226160785
GBR,L,4,Y1_nocap,1.843039640281363
GBR,L,5,Y1_nocap,1.947668530761506
GBR,L,6,Y1_nocap,2.0499598298083415
GBR,L,7,Y1_nocap,2.194645781766778
GBR,L,8,Y1_nocap,2.3995649276824107
GBR,L,9,Y1_nocap,2.5326771334188667
GBR,L,10,Y1_nocap,2.6074998038698958
GBR,L,0,Y2_nocap,0.0
GBR,L,1,Y2_nocap,0.21121862232290523
GBR,L,2,Y2_nocap,0.434807743828338
GBR,L,3,Y2_nocap,0.4500141458662674
GBR,L,4,Y2_nocap,0.3785623055235845
GBR,L,5,Y2_nocap,0.2996858055340987
GBR,L,6,Y2_nocap,0.2441298274195011
GBR,L,7,Y2_nocap,0.21655890758886645
GBR,L,8,Y2_nocap,0.2158020712651325
GBR,L,9,Y2_nocap,0.24309869664247835
GBR,L,10,Y2_nocap,0.2646652035106609
GEO,G,0,Z1,1.0
GEO,G,1,Z1,0.9512294245007139
GEO,G,2,Z1,0.9048374180359594
GEO,G,3,Z1,0.8607079764250576
GEO,G,4,Z1,0.8187307530779815
GEO,G,5,Z1,0.7788007830714044
GEO,G,6,Z1,0.7408182206817174
GEO,G,7,Z1,0.704688089718713
GEO,G,8,Z1,0.6703200460356388
GEO,G,9,Z1,0.6376281516217727
GEO,G,10,Z1,0.6065306597126329
GEO,G,0,Z2,0.0
GEO,G,1,Z2,0.42668691952343624
GEO,G,2,Z2,1.4564938183391947
GEO,G,3,Z2,2.0974506547007645
GEO,G,4,Z2,2.1213742428602873
GEO,G,5,Z2,1.7678957828953472
GEO,G,6,Z2,1.3034960737495305
GEO,G,7,Z2,0.8832007427844665
GEO,G,8,Z2,0.5625285847838821
GEO,G,9,Z2,0.3417523366607285
GEO,G,10,Z2,0.2000291519474658
GEO,G,0,Y1,1.000000000000003
GEO,G,1,Y1,1.657225978494123
GEO,G,2,Y1,1.955625351328093
GEO,G,3,Y1,2.1144216393720257
GEO,G,4,Y1,2.481255123071861
GEO,G,5,Y1,2.7768077818767827
GEO,G,6,Y1,3.036124632171228
GEO,G,7,Y1,3.2811318825231783
GEO,G,8,Y1,3.6934701799577514
GEO,G,9,Y1,3.9025999704146273
GEO,G,10,Y1,4.188159463297195
GEO,G,0,Y2,0.0
GEO,G,1,Y2,0.42668691952343757
GEO,G,2,Y2,1.757733313156807
GEO,G,3,Y2,3.2875398663975193
GEO,G,4,Y2,4.262955884634912
GEO,G,5,Y2,4.631706170660834
GEO,G,6,Y2,4.751444097180198
GEO,G,7,Y2,4.773951797350795
GEO,G,8,Y2,4.743071653760657
GEO,G,9,Y2,4.764354683830728
GEO,G,10,Y2,4.88974234814799
GEO,G,0,Y1_nocap,1.000000000000003
GEO,G,1,Y1_nocap,1.6303824766456945
GEO,G,2,Y1_nocap,1.885478240293152
GEO,G,3,Y1_nocap,1.994867847919224
GEO,G,4,Y1_nocap,2.310207783889442
GEO,G,5,Y1_nocap,2.5466874826812598
GEO,G,6,Y1_nocap,2.741599171287451
GEO,G,7,Y1_nocap,2.918076574818107
GEO,G,8,Y1_nocap,3.2583261037685163
GEO,G,9,Y1_nocap,3.38747318130104
GEO,G,10,Y1_nocap,3.5909584798344225
GEO,G,0,Y2_nocap,0.0
GEO,G,1,Y2_nocap,0.42668691952343757
GEO,G,2,Y2_nocap,1.7462795420438793
GEO,G,3,Y2_nocap,3.229406781275852
GEO,G,4,Y2_nocap,4.119133793304707
GEO,G,5,Y2_nocap,4.379785080794873
GEO,G,6,Y2_nocap,4.386285944818717
GEO,G,7,Y2_nocap,4.297329153341094
GEO,G,8,Y2_nocap,4.1592890278860635
GEO,G,9,Y2_nocap,4.078960139706153
GEO,G,10,Y2_nocap,4.1066393804197014
GEO,L,0,Z1,1.0
GEO,L,1,Z1,0.9512294244716389
GEO,L,2,Z1,0.9048374179806454
GEO,L,3,Z1,0.8607079763461332
GEO,L,4,Z1,0.8187307529778812
GEO,L,5,Z1,0.7788007829523815
GEO,L,6,Z1,0.7408182205458557
GEO,L,7,Z1,0.7046880895679379
GEO,L,8,Z1,0.6703200458717283
GEO,L,9,Z1,0.6376281514463668
GEO,L,10,Z1,0.6065306595272424
GEO,L,0,Z2,0.0
GEO,L,1,Z2,0.20373967750774477
GEO,L,2,Z2,0.33207884952767874
GEO,L,3,Z2,0.22834452727095356
GEO,L,4,Z2,0.11027636230362671
GEO,L,5,Z2,0.043882168930601824
GEO,L,6,Z2,0.015449251299139332
GEO,L,7,Z2,0.004998312679425949
GEO,L,8,Z2,0.0015201095103650928
GEO,L,9,Z2,0.00044096899807401734
GEO,L,10,Z2,0.00012324126400344807
GEO,L,0,Y1,1.00511673509676
GEO,L,1,Y1,1.3624289064396806
GEO,L,2,Y1,1.6379721919287902
GEO,L,3,Y1,1.8412938163554473
GEO,L,4,Y1,1.9914921014470952
GEO,L,5,Y1,2.143042035007138
GEO,L,6,Y1,2.2942561899003127
GEO,L,7,Y1,2.489769640770782
GEO,L,8,Y1,2.7485261998492603
GEO,L,9,Y1,2.9400508482920986
GEO,L,10,Y1,3.075854775024068
GEO,L,0,Y2,0.0
GEO,L,1,Y2,0.20478215946625122
GEO,L,2,Y2,0.4165640193660571
GEO,L,3,Y2,0.4341241428746514
GEO,L,4,Y2,0.37489232286481694
GEO,L,5,Y2,0.30995127981600545
GEO,L,6,Y2,0.26610494556863146
GEO,L,7,Y2,0.2470249145971239
GEO,L,8,Y2,0.25207390967773974
GEO,L,9,Y2,0.283036772876022
GEO,L,10,Y2,0.3078372560206183
GEO,L,0,Y1_nocap,1.00511673509676
GEO,L,1,Y1_nocap,1.3354480535032245
GEO,L,2,Y1_nocap,1.5756071642487393
GEO,L,3,Y1_nocap,1.7377063225068903
GEO,L,4,Y1_nocap,1.843039640126976
GEO,L,5,Y1_nocap,1.947668530561062
GEO,L,6,Y1_nocap,2.049959829561044
GEO,L,7,Y1_nocap,2.194645781471939
GEO,L,8,Y1_nocap,2.399564927338142
GEO,L,9,Y1_nocap,2.53267713302162
GEO,L,10,Y1_nocap,2.607499803418385
GEO,L,0,Y2_nocap,0.0
GEO,L,1,Y2_nocap,0.20478215946625122
GEO,L,2,Y2_nocap,0.4110669490898996
GEO,L,3,Y2_nocap,0.4176871166400118
GEO,L,4,Y2_nocap,0.347525741402719
GEO,L,5,Y2_nocap,0.27372645050580946
GEO,L,6,Y2_nocap,0.22315521468586913
GEO,L,7,Y2_nocap,0.19882342383844565
GEO,L,8,Y2_nocap,0.19936411192735268
GEO,L,9,Y2_nocap,0.22588167313790888
GEO,L,10,Y2_nocap,0.24560146570524946
GHA,G,0,Z1,1.0
GHA,G,1,Z1,0.006737946999085479
GHA,G,2,Z1,4.539992976248501e-05
GHA,G,3,Z1,3.0590232050182743e-07
GHA,G,4,Z1,2.0611536224385723e-09
GHA,G,5,Z1,1.388794386496412e-11
GHA,G,6,Z1,9.357622968840275e-14
GHA,G,7,Z1,6.305116760147079e-16
GHA,G,8,Z1,4.24835425529165e-18
GHA,G,9,Z1,2.8625185805494346e-20
GHA,G,10,Z1,1.928749847963945e-22
GHA,G,0,Z2,0.0
GHA,G,1,Z2,0.4598786926006853
GHA,G,2,Z2,1.691907295264925
GHA,G,3,Z2,2.6259933879494843
GHA,G,4,Z2,2.862550295770674
GHA,G,5,Z2,2.5711443115678176
GHA,G,6,Z2,2.043212229201307
GHA,G,7,Z2,1.4920972715467327
GHA,G,8,Z2,1.0242742744770965
GHA,G,9,Z2,0.6706827255075197
GHA,G,10,Z2,0.4230901165380829
GHA,G,0,Y1,1.000000000000003
GHA,G,1,Y1,0.7378732884948563
GHA,G,2,Y1,0.4251236797435367
GHA,G,3,Y1,0.3042740828306604
GHA,G,4,Y1,0.5218529471783073
GHA,G,5,Y1,0.47769040120107287
GHA,G,6,Y1,0.46131133880519715
GHA,G,7,Y1,0.4641963030880211
GHA,G,8,Y1,0.6476541036003864
GHA,G,9,Y1,0.47403073672819773
GHA,G,10,Y1,0.5623759773519362
GHA,G,0,Y2,0.0
GHA,G,1,Y2,0.45987869260068676
GHA,G,2,Y2,2.028140860226161
GHA,G,3,Y2,4.056225525685884
GHA,G,4,Y2,5.631976844316142
GHA,G,5,Y2,6.516375540244829
GHA,G,6,Y2,7.014793098593153
GHA,G,7,Y2,7.306957835378753
GHA,G,8,Y2,7.468861254639659
GHA,G,9,Y2,7.635623071816116
GHA,G,10,Y2,7.903366954433089
GHA,G,0,Y1_nocap,1.000000000000003
GHA,G,1,Y1_nocap,0.6858909991440632
GHA,G,2,Y1_nocap,0.3392319525168019
GHA,G,3,Y1_nocap,0.2036311934130046
GHA,G,4,Y1_nocap,0.4140028451468385
GHA,G,5,Y1_nocap,0.35193939116310613
GHA,G,6,Y1_nocap,0.32148645171793155
GHA,G,7,Y1_nocap,0.3123529315753106
GHA,G,8,Y1_nocap,0.48467042035323693
GHA,G,9,Y1_nocap,0.29132320038202614
GHA,G,10,Y1_nocap,0.37065723535760925
GHA,G,0,Y2_nocap,0.0
GHA,G,1,Y2_nocap,0.45987869260068676
GHA,G,2,Y2_nocap,2.0042353129611277
GHA,G,3,Y2_nocap,3.9289376101969147
GHA,G,4,Y2_nocap,5.304726080426073
GHA,G,5,Y2_nocap,5.924356896448245
GHA,G,6,Y2_nocap,6.1346834815759745
GHA,G,7,Y2_nocap,6.137493544901793
GHA,G,8,Y2_nocap,6.019608189494627
GHA,G,9,Y2_nocap,5.9221000827654215
GHA,G,10,Y2_nocap,5.939512757630616
GHA,L,0,Z1,1.0
GHA,L,1,Z1,0.7391816261734201
GHA,L,2,Z1,0.5463894764723818
GHA,L,3,Z1,0.40388106174289884
GHA,L,4,Z1,0.29854145999976345
GHA,L,5,Z1,0.22067636188281223
GHA,L,6,Z1,0.16311991203457127
GHA,L,7,Z1,0.12057524183897964
GHA,L,8,Z1,0.08912700333879037
GHA,L,9,Z1,0.06588104326393092
GHA,L,10,Z1,0.0486980566938339
GHA,L,0,Z2,0.0
GHA,L,1,Z2,0.2566568585840849
GHA,L,2,Z2,0.5269819444660075
GHA,L,3,Z2,0.4564806650904763
GHA,L,4,Z2,0.2777099697931743
GHA,L,5,Z2,0.13921126649335397
GHA,L,6,Z2,0.06174062151153883
GHA,L,7,Z2,0.025163105600527425
GHA,L,8,Z2,0.009640353415315722
GHA,L,9,Z2,0.0035229249963358296
GHA,L,10,Z2,0.0012403057099957516
GHA,L,0,Y1,1.00511673509676
GHA,L,1,Y1,1.1745635317483867
GHA,L,2,Y1,1.2437196137119795
GHA,L,3,Y1,1.2420042356666223
GHA,L,4,Y1,1.201486624692842
GHA,L,5,Y1,1.1827175928148361
GHA,L,6,Y1,1.178361120383393
GHA,L,7,Y1,1.2291935013404376
GHA,L,8,Y1,1.3429658770975188
GHA,L,9,Y1,1.3773586781493028
GHA,L,10,Y1,1.3594713470037636
GHA,L,0,Y2,0.0
GHA,L,1,Y2,0.2579701037402262
GHA,L,2,Y2,0.6404513969557581
GHA,L,3,Y2,0.782637243589947
GHA,L,4,Y2,0.75684695287874
GHA,L,5,Y2,0.6739760461225665
GHA,L,6,Y2,0.5986821242374926
GHA,L,7,Y2,0.5565009698661596
GHA,L,8,Y2,0.5540328736060189
GHA,L,9,Y2,0.5973983205082238
GHA,L,10,Y2,0.6486021451566801
GHA,L,0,Y1_nocap,1.00511673509676
GHA,L,1,Y1_nocap,1.1223152627932624
GHA,L,2,Y1_nocap,1.1348845019338696
GHA,L,3,Y1_nocap,1.0778281981236604
GHA,L,4,Y1_nocap,0.9867930552926334
GHA,L,5,Y1_nocap,0.9239342897125085
GHA,L,6,Y1_nocap,0.8802354649209986
GHA,L,7,Y1_nocap,0.8953175549844282
GHA,L,8,Y1_nocap,0.9737555699444791
GHA,L,9,Y1_nocap,0.969922593894415
GHA,L,10,Y1_nocap,0.9152917520189646
GHA,L,0,Y2_nocap,0.0
GHA,L,1,Y2_nocap,0.2579701037402262
GHA,L,2,Y2_nocap,0.6270415203792796
GHA,L,3,Y2_nocap,0.7370824057029616
GHA,L,4,Y2_nocap,0.6745058980262657
GHA,L,5,Y2_nocap,0.5593363461801396
GHA,L,6,Y2_nocap,0.4588146359405552
GHA,L,7,Y2_nocap,0.3974777936131081
GHA,L,8,Y2_nocap,0.3796853851633904
GHA,L,9,Y2_nocap,0.40916575903076974
GHA,L,10,Y2_nocap,0.4454180953689307
GIN,G,0,Z1,1.0
GIN,G,1,Z1,0.006737946999085479
GIN,G,2,Z1,4.539992976248501e-05
GIN,G,3,Z1,3.0590232050182743e-07
GIN,G,4,Z1,2.0611536224385723e-09
GIN,G,5,Z1,1.388794386496412e-11
GIN,G,6,Z1,9.357622968840275e-14
GIN,G,7,Z1,6.305116760147079e-16
GIN,G,8,Z1,4.24835425529165e-18
GIN,G,9,Z1,2.8625185805494346e-20
GIN,G,10,Z1,1.928749847963945e-22
GIN,G,0,Z2,0.0
GIN,G,1,Z2,0.434320115942458
GIN,G,2,Z2,1.5090717048981614
GIN,G,3,Z2,2.212043167699376
GIN,G,4,Z2,2.277297410524244
GIN,G,5,Z2,1.9317892097155247
GIN,G,6,Z2,1.4498177705971824
GIN,G,7,Z2,0.9999164936197829
GIN,G,8,Z2,0.6482604369975532
GIN,G,9,Z2,0.40088243673233
GIN,G,10,Z2,0.23883581124949319
GIN,G,0,Y1,1.000000000000003
GIN,G,1,Y1,0.7526296516474962
GIN,G,2,Y1,0.4497911020122933
GIN,G,3,Y1,0.3335916689788987
GIN,G,4,Y1,0.55374652089451
GIN,G,5,Y1,0.5152196129584607
GIN,G,6,Y1,0.5034717432649378
GIN,G,7,Y1,0.5104629858929149
GIN,G,8,Y1,0.6978233434993234
GIN,G,9,Y1,0.5305785856571873
GIN,G,10,Y1,0.62234674265158
GIN,G,0,Y2,0.0
GIN,G,1,Y2,0.43432011594245934
GIN,G,2,Y2,1.8330274765415815
GIN,G,3,Y2,3.5307980427562815
GIN,G,4,Y2,4.741925604514339
GIN,G,5,Y2,5.3525133993953204
GIN,G,6,Y2,5.68909902447117
GIN,G,7,Y2,5.902186523202095
GIN,G,8,Y2,6.039555454791621
GIN,G,9,Y2,6.211354258294629
GIN,G,10,Y2,6.480924328176258
GIN,G,0,Y1_nocap,1.000000000000003
GIN,G,1,Y1_nocap,0.6858909991440632
GIN,G,2,Y1_nocap,0.3392319525168019
GIN,G,3,Y1_nocap,0.2036311934130046
GIN,G,4,Y1_nocap,0.4140028451468385
GIN,G,5,Y1_nocap,0.35193939116310613
GIN,G,6,Y1_nocap,0.32148645171793155
GIN,G,7,Y1_nocap,0.3123529315753106
GIN,G,8,Y1_nocap,0.48467042035323693
GIN,G,9,Y1_nocap,0.29132320038202614
GIN,G,10,Y1_nocap,0.37065723535760925
GIN,G,0,Y2_nocap,0.0
GIN,G,1,Y2_nocap,0.43432011594245934
GIN,G,2,Y2_nocap,1.804041537248447
GIN,G,3,Y2_nocap,3.3822618737356143
GIN,G,4,Y2_nocap,4.372012835979605
GIN,G,5,Y2_nocap,4.7016540667418445
GIN,G,6,Y2_nocap,4.7435229521194895
GIN,G,7,Y2_nocap,4.667732437428095
GIN,G,8,Y2_nocap,4.529743480615043
GIN,G,9,Y2_nocap,4.443459522267404
GIN,G,10,Y2_nocap,4.468265202743001
GIN,L,0,Z1,1.0
GIN,L,1,Z1,0.6032452182633485
GIN,L,2,Z1,0.36390479335759496
GIN,L,3,Z1,0.21952382649608115
GIN,L,4,Z1,0.1324266986286339
GIN,L,5,Z1,0.07988577271812493
GIN,L,6,Z1,0.048190710399481536
GIN,L,7,Z1,0.029070815613201056
GIN,L,8,Z1,0.017536830509679028
GIN,L,9,Z1,0.010579009148458678
GIN,L,10,Z1,0.006381736682771912
GIN,L,0,Z2,0.0
GIN,L,1,Z2,0.2514572550663237
GIN,L,2,Z2,0.5058460090039214
GIN,L,3,Z2,0.42929544007253573
GIN,L,4,Z2,0.25588018482519537
GIN,L,5,Z2,0.12566978301173282
GIN,L,6,Z2,0.05460579996061396
GIN,L,7,Z2,0.021804358458783712
GIN,L,8,Z2,0.008184333623272018
GIN,L,9,Z2,0.00293025261557558
GIN,L,10,Z2,0.0010107452391818247
GIN,L,0,Y1,1.00511673509676
GIN,L,1,Y1,1.0527634408029176
GIN,L,2,Y1,1.0307967859872207
GIN,L,3,Y1,0.9689238744394757
GIN,L,4,Y1,0.895517632676835
GIN,L,5,Y1,0.8648116996833654
GIN,L,6,Y1,0.8582250090905905
GIN,L,7,Y1,0.9107222713513938
GIN,L,8,Y1,1.0216639195839736
GIN,L,9,Y1,1.042899133939055
GIN,L,10,Y1,1.0154371126862902
GIN,L,0,Y2,0.0
GIN,L,1,Y2,0.25274389522865653
GIN,L,2,Y2,0.6206927478482878
GIN,L,3,Y2,0.7568248992927652
GIN,L,4,Y2,0.7362960039702948
GIN,L,5,Y2,0.6642150074307005
GIN,L,6,Y2,0.6002038233490624
GIN,L,7,Y2,0.5671775538252591
GIN,L,8,Y2,0.5711762308412189
GIN,L,9,Y2,0.618351260035051
GIN,L,10,Y2,0.6718985013780525
GIN,L,0,Y1_nocap,1.00511673509676
GIN,L,1,Y1_nocap,0.9856833042939099
GIN,L,2,Y1_nocap,0.8998984209404146
GIN,L,3,Y1_nocap,0.7818018458202141
GIN,L,4,Y1_nocap,0.6617004801885226
GIN,L,5,Y1_nocap,0.5936826450009498
GIN,L,6,Y1_nocap,0.5554164309366827
GIN,L,7,Y1_nocap,0.5797159787160572
GIN,L,8,Y1_nocap,0.6616641758207975
GIN,L,9,Y1_nocap,0.6492861183674852
GIN,L,10,Y1_nocap,0.5900215379917051
GIN,L,0,Y2_nocap,0.0
GIN,L,1,Y2_nocap,0.25274389522865653
GIN,L,2,Y2_nocap,0.6038249608522585
GIN,L,3,Y2_nocap,0.7001527482369454
GIN,L,4,Y2_nocap,0.6345566726987393
GIN,L,5,Y2_nocap,0.5231064214130905
GIN,L,6,Y2_nocap,0.4283172472970059
GIN,L,7,Y2_nocap,0.37174065472192713
GIN,L,8,Y2_nocap,0.35665470280906253
GIN,L,9,Y2_nocap,0.386310956263188
GIN,L,10,Y2_nocap,0.4208733727561114
GMB,G,0,Z1,1.0
GMB,G,1,Z1,0.006737946999085479
GMB,G,2,Z1,4.539992976248501e-05
GMB,G,3,Z1,3.0590232050182743e-07
GMB,G,4,Z1,2.0611536224385723e-09
GMB,G,5,Z1,1.388794386496412e-11
GMB,G,6,Z1,9.357622968840275e-14
GMB,G,7,Z1,6.305116760147079e-16
GMB,G,8,Z1,4.24835425529165e-18
GMB,G,9,Z1,2.8625185805494346e-20
GMB,G,10,Z1,1.928749847963945e-22
GMB,G,0,Z2,0.0
GMB,G,1,Z2,0.4682673529400377
GMB,G,2,Z2,1.7541945106357586
GMB,G,3,Z2,2.7723330676260614
GMB,G,4,Z2,3.0771983811446284
GMB,G,5,Z2,2.8143584773632115
GMB,G,6,Z2,2.277283151956423
GMB,G,7,Z2,1.693367741839453
GMB,G,8,Z2,1.1836437346148903
GMB,G,9,Z2,0.7891734233145618
GMB,G,10,Z2,0.506919272902795
GMB,G,0,Y1,1.000000000000003
GMB,G,1,Y1,0.7289025088407768
GMB,G,2,Y1,0.41014723291558447
GMB,G,3,Y1,0.286503576538579
GMB,G,4,Y1,0.5025558538444662
GMB,G,5,Y1,0.4550104507654207
GMB,G,6,Y1,0.43586692261084453
GMB,G,7,Y1,0.43631295816605126
GMB,G,8,Y1,0.6174613738609832
GMB,G,9,Y1,0.44002873774036033
GMB,G,10,Y1,0.5263701370960817
GMB,G,0,Y2,0.0
GMB,G,1,Y2,0.4682673529400391
GMB,G,2,Y2,2.092360598396475
GMB,G,3,Y2,4.228908932376351
GMB,G,4,Y2,5.9230079048874735
GMB,G,5,Y2,6.892212788083345
GMB,G,6,Y2,7.433001540147787
GMB,G,7,Y2,7.734348228517275
GMB,G,8,Y2,7.882646731645903
GMB,G,9,Y2,8.02286072165
GMB,G,10,Y2,8.263432788189528
GMB,G,0,Y1_nocap,1.000000000000003
GMB,G,1,Y1_nocap,0.6858909991440632
GMB,G,2,Y1_nocap,0.3392319525168019
GMB,G,3,Y1_nocap,0.2036311934130046
GMB,G,4,Y1_nocap,0.4140028451468385
GMB,G,5,Y1_nocap,0.35193939116310613
GMB,G,6,Y1_nocap,0.32148645171793155
GMB,G,7,Y1_nocap,0.3123529315753106
GMB,G,8,Y1_nocap,0.48467042035323693
GMB,G,9,Y1_nocap,0.29132320038202614
GMB,G,10,Y1_nocap,0.37065723535760925
GMB,G,0,Y2_nocap,0.0
GMB,G,1,Y2_nocap,0.4682673529400391
GMB,G,2,Y2_nocap,2.07221971260484
GMB,G,3,Y2_nocap,4.12038677575786
GMB,G,4,Y2_nocap,5.6412921781272924
GMB,G,5,Y2_nocap,6.378319419379762
GMB,G,6,Y2_nocap,6.663852894427142
GMB,G,7,Y2_nocap,6.707143196774743
GMB,G,8,Y2_nocap,6.605107481932535
GMB,G,9,Y2_nocap,6.508673314034066
GMB,G,10,Y2_nocap,6.525534054917885
GMB,L,0,Z1,1.0
GMB,L,1,Z1,0.7600183692872814
GMB,L,2,Z1,0.5776279216540984
GMB,L,3,Z1,0.43900783107034935
GMB,L,4,Z1,0.3336540158744332
GMB,L,5,Z1,0.25358318105103944
GMB,L,6,Z1,0.19272787574109237
GMB,L,7,Z1,0.14647672583694685
GMB,L,8,Z1,0.11132500230913653
GMB,L,9,Z1,0.08460904671589277
GMB,L,10,Z1,0.06430442971196425
GMB,L,0,Z2,0.0
GMB,L,1,Z2,0.25973508069944884
GMB,L,2,Z2,0.5396984971675937
GMB,L,3,Z2,0.4731028854137869
GMB,L,4,Z2,0.2912744678449591
GMB,L,5,Z2,0.14776210431913964
GMB,L,6,Z2,0.06631891561091875
GMB,L,7,Z2,0.02735321607430075
GMB,L,8,Z2,0.010605101952295512
GMB,L,9,Z2,0.003921958791629895
GMB,L,10,Z2,0.0013973529262604994
GMB,L,0,Y1,1.00511673509676
GMB,L,1,Y1,1.1864902101998598
GMB,L,2,Y1,1.2649864916559277
GMB,L,3,Y1,1.2692768548639572
GMB,L,4,Y1,1.2313949871890189
GMB,L,5,Y1,1.212366182541943
GMB,L,6,Y1,1.2059912598460418
GMB,L,7,Y1,1.2537730334135075
GMB,L,8,Y1,1.3644643401359504
GMB,L,9,Y1,1.3964965516746974
GMB,L,10,Y1,1.3757421652861848
GMB,L,0,Y2,0.0
GMB,L,1,Y2,0.2610640763027235
GMB,L,2,Y2,0.6522196283539999
GMB,L,3,Y2,0.7979351812228008
GMB,L,4,Y2,0.7686889813841025
GMB,L,5,Y2,0.6788825267362933
GMB,L,6,Y2,0.5963130440000083
GMB,L,7,Y2,0.5481805078868003
GMB,L,8,Y2,0.5414567219561508
GMB,L,9,Y2,0.5822365370266189
GMB,L,10,Y2,0.6317897281911811
GMB,L,0,Y1_nocap,1.00511673509676
GMB,L,1,Y1_nocap,1.1432586220019165
GMB,L,2,Y1_nocap,1.1741872344706175
GMB,L,3,Y1_nocap,1.1313462936454723
GMB,L,4,Y1_nocap,1.0499262202636606
GMB,L,5,Y1_nocap,0.9924782082014082
GMB,L,6,Y1_nocap,0.9515818835243199
GMB,L,7,Y1_nocap,0.9678833839680814
GMB,L,8,Y1_nocap,1.0475624348531558
GMB,L,9,Y1_nocap,1.0463070616711387
GMB,L,10,Y1_nocap,0.9935553785868152
GMB,L,0,Y2_nocap,0.0
GMB,L,1,Y2_nocap,0.2610640763027235
GMB,L,2,Y2_nocap,0.6409908683046418
GMB,L,3,Y2_nocap,0.7595534695515573
GMB,L,4,Y2_nocap,0.6990632154156821
GMB,L,5,Y2_nocap,0.5817748799459218
GMB,L,6,Y2_nocap,0.477788934911771
GMB,L,7,Y2_nocap,0.4135079310102277
GMB,L,8,Y2_nocap,0.3940002503483514
GMB,L,9,Y2_nocap,0.4233100161204225
GMB,L,10,Y2_nocap,0.4605584954596357
GNB,G,0,Z1,1.0
GNB,G,1,Z1,0.006737946999085479
GNB,G,2,Z1,4.539992976248501e-05
GNB,G,3,Z1,3.0590232050182743e-07
GNB,G,4,Z1,2.0611536224385723e-09
GNB,G,5,Z1,1.388794386496412e-11
GNB,G,6,Z1,9.357622968840275e-14
GNB,G,7,Z1,6.305116760147079e-16
GNB,G,8,Z1,4.24835425529165e-18
GNB,G,9,Z1,2.8625185805494346e-20
GNB,G,10,Z1,1.928749847963945e-22
GNB,G,0,Z2,0.0
GNB,G,1,Z2,0.47182760528707146
GNB,G,2,Z2,1.78097031288746
GNB,G,3,Z2,2.8360494826325655
GNB,G,4,Z2,3.1718552553864576
GNB,G,5,Z2,2.922986073176182
GNB,G,6,Z2,2.3831634571675386
GNB,G,7,Z2,1.7855727375094228
GNB,G,8,Z2,1.257583220140336
GNB,G,9,Z2,0.8448461862161052
GNB,G,10,Z2,0.5468062453748426
GNB,G,0,Y1,1.000000000000003
GNB,G,1,Y1,0.7234434363595963
GNB,G,2,Y1,0.40163073101299673
GNB,G,3,Y1,0.27725596958236887
GNB,G,4,Y1,0.49348928219795485
GNB,G,5,Y1,0.44504532910874534
GNB,G,6,Y1,0.425551023307297
GNB,G,7,Y1,0.42596683971329496
GNB,G,8,Y1,0.607259135455937
GNB,G,9,Y1,0.4291400511574216
GNB,G,10,Y1,0.516072324459719
GNB,G,0,Y2,0.0
GNB,G,1,Y2,0.4718276052870729
GNB,G,2,Y2,2.119131747628534
GNB,G,3,Y2,4.299681213526122
GNB,G,4,Y2,6.040618690749694
GNB,G,5,Y2,7.042417859793408
GNB,G,6,Y2,7.5991521719509345
GNB,G,7,Y2,7.90446853205583
GNB,G,8,Y2,8.049627860277909
GNB,G,9,Y2,8.184045868040743
GNB,G,10,Y2,8.42140471154785
GNB,G,0,Y1_nocap,1.000000000000003
GNB,G,1,Y1_nocap,0.6858909991440632
GNB,G,2,Y1_nocap,0.3392319525168019
GNB,G,3,Y1_nocap,0.2036311934130046
GNB,G,4,Y1_nocap,0.4140028451468385
GNB,G,5,Y1_nocap,0.35193939116310613
GNB,G,6,Y1_nocap,0.32148645171793155
GNB,G,7,Y1_nocap,0.3123529315753106
GNB,G,8,Y1_nocap,0.48467042035323693
GNB,G,9,Y1_nocap,0.29132320038202614
GNB,G,10,Y1_nocap,0.37065723535760925
GNB,G,0,Y2_nocap,0.0
GNB,G,1,Y2_nocap,0.4718276052870729
GNB,G,2,Y2_nocap,2.101413471104436
GNB,G,3,Y2_nocap,4.203479356246124
GNB,G,4,Y2_nocap,5.788898554145114
GNB,G,5,Y2_nocap,6.57941395500713
GNB,G,6,Y2_nocap,6.900301735997292
GNB,G,7,Y2_nocap,6.963440039233882
GNB,G,8,Y2_nocap,6.869922427053801
GNB,G,9,Y2_nocap,6.774962530415555
GNB,G,10,Y2_nocap,6.792071192237453
GNB,L,0,Z1,1.0
GNB,L,1,Z1,0.7720986205857353
GNB,L,2,Z1,0.5961362799103952
GNB,L,3,Z1,0.46027599939992786
GNB,L,4,Z1,0.355378464225405
GNB,L,5,Z1,0.2743872220143123
GNB,L,6,Z1,0.21185399562360238
GNB,L,7,Z1,0.16357217778655977
GNB,L,8,Z1,0.12629385283520747
GNB,L,9,Z1,0.09751130956252155
GNB,L,10,Z1,0.0752883476047315
GNB,L,0,Z2,0.0
GNB,L,1,Z2,0.2615327775697128
GNB,L,2,Z2,0.5471951499466311
GNB,L,3,Z2,0.4829944526039854
GNB,L,4,Z2,0.2994225321251161
GNB,L,5,Z2,0.15294688768288714
GNB,L,6,Z2,0.06912107888776994
GNB,L,7,Z2,0.02870628573285122
GNB,L,8,Z2,0.011206731593027024
GNB,L,9,Z2,0.00417313720759942
GNB,L,10,Z2,0.001497136028920428
GNB,L,0,Y1,1.00511673509676
GNB,L,1,Y1,1.1931452678351697
GNB,L,2,Y1,1.2775904542010692
GNB,L,3,Y1,1.2866691640423715
GNB,L,4,Y1,1.252305153646385
GNB,L,5,Y1,1.2356756452010675
GNB,L,6,Y1,1.2311052264407667
GNB,L,7,Y1,1.2804342380408071
GNB,L,8,Y1,1.3929317050015344
GNB,L,9,Y1,1.4274531481058883
GNB,L,10,Y1,1.4092337776994226
GNB,L,0,Y2,0.0
GNB,L,1,Y2,0.2628709715116569
GNB,L,2,Y2,0.6590792840200483
GNB,L,3,Y2,0.8068997619941961
GNB,L,4,Y2,0.7759341390071721
GNB,L,5,Y2,0.6827341680561496
GNB,L,6,Y2,0.5969328215723161
GNB,L,7,Y2,0.5466469364647988
GNB,L,8,Y2,0.5389934782742919
GNB,L,9,Y2,0.5799911536034856
GNB,L,10,Y2,0.6304403701647013
GNB,L,0,Y1_nocap,1.00511673509676
GNB,L,1,Y1_nocap,1.155400684746167
GNB,L,2,Y1_nocap,1.197372955819426
GNB,L,3,Y1_nocap,1.1634324339800142
GNB,L,4,Y1_nocap,1.0883668324886924
GNB,L,5,Y1_nocap,1.0348415244604472
GNB,L,6,Y1_nocap,0.9962799277346733
GNB,L,7,Y1_nocap,1.0138900305298053
GNB,L,8,Y1_nocap,1.0947763777071706
GNB,L,9,Y1_nocap,1.095415699284984
GNB,L,10,Y1_nocap,1.0441117421876438
GNB,L,0,Y2_nocap,0.0
GNB,L,1,Y2_nocap,0.2628709715116569
GNB,L,2,Y2_nocap,0.6492078383665707
GNB,L,3,Y2_nocap,0.7728883336019283
GNB,L,4,Y2_nocap,0.7137235482272517
GNB,L,5,Y2_nocap,0.5952299444625216
GNB,L,6,Y2_nocap,0.48919798582359264
GNB,L,7,Y2_nocap,0.42315378054550645
GNB,L,8,Y2_nocap,0.40260421649611683
GNB,L,9,Y2_nocap,0.4317901652458839
GNB,L,10,Y2_nocap,0.4696180517411639
GNQ,G,0,Z1,1.0
GNQ,G,1,Z1,0.006737946999085479
GNQ,G,2,Z1,4.539992976248501e-05
GNQ,G,3,Z1,3.0590232050182743e-07
GNQ,G,4,Z1,2.0611536224385723e-09
GNQ,G,5,Z1,1.388794386496412e-11
GNQ,G,6,Z1,9.357622968840275e-14
GNQ,G,7,Z1,6.305116760147079e-16
GNQ,G,8,Z1,4.24835425529165e-18
GNQ,G,9,Z1,2.8625185805494346e-20
GNQ,G,10,Z1,1.928749847963945e-22
GNQ,G,0,Z2,0.0
GNQ,G,1,Z2,0.45485415670471235
GNQ,G,2,Z2,1.65513843097244
GNQ,G,3,Z2,2.540857258967163
GNQ,G,4,Z2,2.739483225681911
GNQ,G,5,Z2,2.4337213523911148
GNQ,G,6,Z2,1.9128757364284816
GNQ,G,7,Z2,1.3816539890329185
GNQ,G,8,Z2,0.9380960429740708
GNQ,G,9,Z2,0.6075430250508086
GNQ,G,10,Z2,0.37907197574940393
GNQ,G,0,Y1,1.000000000000003
GNQ,G,1,Y1,0.7464376114030177
GNQ,G,2,Y1,0.4366540792459704
GNQ,G,3,Y1,0.31410600890380136
GNQ,G,4,Y1,0.5283171149965423
GNQ,G,5,Y1,0.4825353533425039
GNQ,G,6,Y1,0.4633551653458239
GNQ,G,7,Y1,0.46278429042834507
GNQ,G,8,Y1,0.6424534019841514
GNQ,G,9,Y1,0.4663260903946177
GNQ,G,10,Y1,0.5498502059426305
GNQ,G,0,Y2,0.0
GNQ,G,1,Y2,0.45485415670471374
GNQ,G,2,Y2,1.9915938980396544
GNQ,G,3,Y2,3.961488854435216
GNQ,G,4,Y2,5.474887161075419
GNQ,G,5,Y2,6.311176556304217
GNQ,G,6,Y2,6.774948971281505
GNQ,G,7,Y2,7.0385416336385855
GNQ,G,8,Y2,7.172176825024544
GNQ,G,9,Y2,7.3064645759327025
GNQ,G,10,Y2,7.532259655844758
GNQ,G,0,Y1_nocap,1.000000000000003
GNQ,G,1,Y1_nocap,0.6858909991440632
GNQ,G,2,Y1_nocap,0.3392319525168019
GNQ,G,3,Y1_nocap,0.2036311934130046
GNQ,G,4,Y1_nocap,0.4140028451468385
GNQ,G,5,Y1_nocap,0.35193939116310613
GNQ,G,6,Y1_nocap,0.32148645171793155
GNQ,G,7,Y1_nocap,0.3123529315753106
GNQ,G,8,Y1_nocap,0.48467042035323693
GNQ,G,9,Y1_nocap,0.29132320038202614
GNQ,G,10,Y1_nocap,0.37065723535760925
GNQ,G,0,Y2_nocap,0.0
GNQ,G,1,Y2_nocap,0.45485415670471374
GNQ,G,2,Y2_nocap,1.9640540197792804
GNQ,G,3,Y2_nocap,3.8171485325625376
GNQ,G,4,Y2_nocap,5.110523634544842
GNQ,G,5,Y2_nocap,5.665388599775058
GNQ,G,6,Y2_nocap,5.835768183184386
GNQ,G,7,Y2_nocap,5.818198642686086
GNQ,G,8,Y2_nocap,5.693342048182378
GNQ,G,9,Y2_nocap,5.596562130666088
GNQ,G,10,Y2_nocap,5.614906234304334
GNQ,L,0,Z1,1.0
GNQ,L,1,Z1,0.6769625859209338
GNQ,L,2,Z1,0.4582783427367577
GNQ,L,3,Z1,0.31023729197063554
GNQ,L,4,Z1,0.21001903942154918
GNQ,L,5,Z1,0.14217503201944248
GNQ,L,6,Z1,0.09624717732927336
GNQ,L,7,Z1,0.06515573805241556
GNQ,L,8,Z1,0.04410799691955023
GNQ,L,9,Z1,0.029859463654451305
GNQ,L,10,Z1,0.02021373972972949
GNQ,L,0,Z2,0.0
GNQ,L,1,Z2,0.25191662798601566
GNQ,L,2,Z2,0.5076958996467569
GNQ,L,3,Z2,0.4316525068995147
GNQ,L,4,Z2,0.2577551265181299
GNQ,L,5,Z2,0.12682187952842988
GNQ,L,6,Z2,0.055207077544484603
GNQ,L,7,Z2,0.02208472324017306
GNQ,L,8,Z2,0.008304713155797143
GNQ,L,9,Z2,0.0029787841775840798
GNQ,L,10,Z2,0.0010293625041359095
GNQ,L,0,Y1,1.00511673509676
GNQ,L,1,Y1,1.1206342774287192
GNQ,L,2,Y1,1.1430653476396841
GNQ,L,3,Y1,1.104304996021758
GNQ,L,4,Y1,1.0366372659558727
GNQ,L,5,Y1,0.9991638030074476
GNQ,L,6,Y1,0.980431713116714
GNQ,L,7,Y1,1.0188750315090362
GNQ,L,8,Y1,1.118511552420947
GNQ,L,9,Y1,1.134059365778652
GNQ,L,10,Y1,1.0981934460819027
GNQ,L,0,Y2,0.0
GNQ,L,1,Y2,0.25320561863788915
GNQ,L,2,Y2,0.6211893230875334
GNQ,L,3,Y2,0.7541991722455724
GNQ,L,4,Y2,0.7275249063897802
GNQ,L,5,Y2,0.6474899463323349
GNQ,L,6,Y2,0.574742753981149
GNQ,L,7,Y2,0.532796688760629
GNQ,L,8,Y2,0.5279152895481755
GNQ,L,9,Y2,0.5662665305378491
GNQ,L,10,Y2,0.6108095558334833
GNQ,L,0,Y1_nocap,1.00511673509676
GNQ,L,1,Y1_nocap,1.0597778641938296
GNQ,L,2,Y1_nocap,1.0227196443495155
GNQ,L,3,Y1_nocap,0.9312853615761567
GNQ,L,4,Y1_nocap,0.8205276016709256
GNQ,L,5,Y1_nocap,0.7499814814513139
GNQ,L,6,Y1_nocap,0.704989617250017
GNQ,L,7,Y1_nocap,0.7219152669495889
GNQ,L,8,Y1_nocap,0.8006629096394737
GNQ,L,9,Y1_nocap,0.7921592019679468
GNQ,L,10,Y1_nocap,0.7346049336270339
GNQ,L,0,Y2_nocap,0.0
GNQ,L,1,Y2_nocap,0.25320561863788915
GNQ,L,2,Y2_nocap,0.6058585806740765
GNQ,L,3,Y2_nocap,0.703363876041847
GNQ,L,4,Y2_nocap,0.6380098808708882
GNQ,L,5,Y2_nocap,0.5262245989125568
GNQ,L,6,Y2_nocap,0.4309352408557285
GNQ,L,7,Y2_nocap,0.37394876910232816
GNQ,L,8,Y2_nocap,0.35863312032788286
GNQ,L,9,Y2_nocap,0.38827926945152935
GNQ,L,10,Y2_nocap,0.42299119441244026
GRC,G,0,Z1,1.0
GRC,G,1,Z1,0.951229424500714
GRC,G,2,Z1,0.9048374180359595
GRC,G,3,Z1,0.8607079764250578
GRC,G,4,Z1,0.8187307530779818
GRC,G,5,Z1,0.7788007830714049
GRC,G,6,Z1,0.7408182206817179
GRC,G,7,Z1,0.7046880897187134
GRC,G,8,Z1,0.6703200460356393
GRC,G,9,Z1,0.6376281516217733
GRC,G,10,Z1,0.6065306597126334
GRC,G,0,Z2,0.0
GRC,G,1,Z2,0.4430440122243614
GRC,G,2,Z2,1.570303974142881
GRC,G,3,Z2,2.348033984266912
GRC,G,4,Z2,2.4658545712089257
GRC,G,5,Z2,2.1337541070120793
GRC,G,6,Z2,1.6335595825992146
GRC,G,7,Z2,1.149270396051074
GRC,G,8,Z2,0.7600548457939944
GRC,G,9,Z2,0.47945667690847793
GRC,G,10,Z2,0.29138602170821865
GRC,G,0,Y1,1.000000000000003
GRC,G,1,Y1,1.6545702971358265
GRC,G,2,Y1,1.9484933313416117
GRC,G,3,Y1,2.101904228144522
GRC,G,4,Y1,2.4628045699914187
GRC,G,5,Y1,2.7513265845910055
GRC,G,6,Y1,3.0026920740494667
GRC,G,7,Y1,3.238918410728161
GRC,G,8,Y1,3.6416832740093406
GRC,G,9,Y1,3.840003825204033
GRC,G,10,Y1,4.114047230160617
GRC,G,0,Y2,0.0
GRC,G,1,Y2,0.4430440122243628
GRC,G,2,Y2,1.8819149363165284
GRC,G,3,Y2,3.618464938739021
GRC,G,4,Y2,4.815655874166034
GRC,G,5,Y2,5.343142785820151
GRC,G,6,Y2,5.550153513248392
GRC,G,7,Y2,5.610779293721135
GRC,G,8,Y2,5.587615023588679
GRC,G,9,Y2,5.6014691659946365
GRC,G,10,Y2,5.724093714863188
GRC,G,0,Y1_nocap,1.000000000000003
GRC,G,1,Y1_nocap,1.6303824766456947
GRC,G,2,Y1_nocap,1.8854782402931523
GRC,G,3,Y1_nocap,1.9948678479192243
GRC,G,4,Y1_nocap,2.310207783889443
GRC,G,5,Y1_nocap,2.5466874826812607
GRC,G,6,Y1_nocap,2.7415991712874517
GRC,G,7,Y1_nocap,2.9180765748181083
GRC,G,8,Y1_nocap,3.2583261037685176
GRC,G,9,Y1_nocap,3.387473181301042
GRC,G,10,Y1_nocap,3.5909584798344243
GRC,G,0,Y2_nocap,0.0
GRC,G,1,Y2_nocap,0.4430440122243628
GRC,G,2,Y2_nocap,1.8711986672796177
GRC,G,3,Y2_nocap,3.562757879757495
GRC,G,4,Y2_nocap,4.675174049258459
GRC,G,5,Y2_nocap,5.093110672293156
GRC,G,6,Y2_nocap,5.183216439088238
GRC,G,7,Y2_nocap,5.127697011351586
GRC,G,8,Y2_nocap,4.99265053986712
GRC,G,9,Y2_nocap,4.900701893482405
GRC,G,10,Y2_nocap,4.922407775593179
GRC,L,0,Z1,1.0
GRC,L,1,Z1,0.8246315679379328
GRC,L,2,Z1,0.6800172228397734
GRC,L,3,Z1,0.5607636686951609
GRC,L,4,Z1,0.4624234233587181
GRC,L,5,Z1,0.3813289526555262
GRC,L,6,Z1,0.31445589212845626
GRC,L,7,Z1,0.25931025537321034
GRC,L,8,Z1,0.2138354224707962
GRC,L,9,Z1,0.17633543971276297
GRC,L,10,Z1,0.14541177013336054
GRC,L,0,Z2,0.0
GRC,L,1,Z2,0.7240705193654875
GRC,L,2,Z2,4.194224936113655
GRC,L,3,Z2,10.249586868917788
GRC,L,4,Z2,17.591522814717592
GRC,L,5,Z2,24.87793566578592
GRC,L,6,Z2,31.127120291405024
GRC,L,7,Z2,35.7898747380654
GRC,L,8,Z2,38.682709367591194
GRC,L,9,Z2,39.880015425751175
GRC,L,10,Z2,39.610347711422925
GRC,L,0,Y1,1.00511673509676
GRC,L,1,Y1,1.2325140124339655
GRC,L,2,Y1,1.3545356714292336
GRC,L,3,Y1,1.39536905468322
GRC,L,4,Y1,1.3849694365951088
GRC,L,5,Y1,1.3843121770526199
GRC,L,6,Y1,1.3900408315930888
GRC,L,7,Y1,1.4456325025159371
GRC,L,8,Y1,1.5633074470390596
GRC,L,9,Y1,1.6045890694049685
GRC,L,10,Y1,1.5912423050922915
GRC,L,0,Y2,0.0
GRC,L,1,Y2,0.7277753964044541
GRC,L,2,Y2,4.507966168912621
GRC,L,3,Y2,12.239940627952505
GRC,L,4,Y2,23.43882023299528
GRC,L,5,Y2,36.90956054602055
GRC,L,6,Y2,51.28889310448751
GRC,L,7,Y2,65.44517806650295
GRC,L,8,Y2,78.64267975193953
GRC,L,9,Y2,90.6281854387209
GRC,L,10,Y2,101.49950396538503
GRC,L,0,Y1_nocap,1.00511673509676
GRC,L,1,Y1_nocap,1.2082024292738178
GRC,L,2,Y1_nocap,1.3016115445415841
GRC,L,3,Y1_nocap,1.3122923952866117
GRC,L,4,Y1_nocap,1.272239990586243
GRC,L,5,Y1_nocap,1.2436442526351363
GRC,L,6,Y1_nocap,1.2228285241814336
GRC,L,7,Y1_nocap,1.253046675823572
GRC,L,8,Y1_nocap,1.3452551286932857
GRC,L,9,Y1_nocap,1.359480214258319
GRC,L,10,Y1_nocap,1.3194130924661838
GRC,L,0,Y2_nocap,0.0
GRC,L,1,Y2_nocap,0.7277753964044541
GRC,L,2,Y2_nocap,4.490362868267256
GRC,L,3,Y2_nocap,12.114167816995378
GRC,L,4,Y2_nocap,23.023194274764965
GRC,L,5,Y2_nocap,35.94750332990864
GRC,L,6,Y2_nocap,49.48153209112765
GRC,L,7,Y2_nocap,62.48640715358887
GRC,L,8,Y2_nocap,74.24688800532383
GRC,L,9,Y2_nocap,84.54704191375829
GRC,L,10,Y2_nocap,93.52624335879358
GRD,G,0,Z1,1.0
GRD,G,1,Z1,0.006737946999085479
GRD,G,2,Z1,4.539992976248501e-05
GRD,G,3,Z1,3.0590232050182743e-07
GRD,G,4,Z1,2.0611536224385723e-09
GRD,G,5,Z1,1.388794386496412e-11
GRD,G,6,Z1,9.357622968840275e-14
GRD,G,7,Z1,6.305116760147079e-16
GRD,G,8,Z1,4.24835425529165e-18
GRD,G,9,Z1,2.8625185805494346e-20
GRD,G,10,Z1,1.928749847963945e-22
GRD,G,0,Z2,0.0
GRD,G,1,Z2,0.47015481812460364
GRD,G,2,Z2,1.7683644240462328
GRD,G,3,Z2,2.8059920578084823
GRD,G,4,Z2,3.1271127362323647
GRD,G,5,Z2,2.8715373432782396
GRD,G,6,Z2,2.332915978810157
GRD,G,7,Z2,1.7417280966995021
GRD,G,8,Z2,1.2223542581383335
GRD,G,9,Z2,0.8182679635094746
GRD,G,10,Z2,0.5277265096858529
GRD,G,0,Y1,1.000000000000003
GRD,G,1,Y1,0.7244658943269711
GRD,G,2,Y1,0.4021747672846241
GRD,G,3,Y1,0.2762491694659341
GRD,G,4,Y1,0.49054093046228
GRD,G,5,Y1,0.4403002316052147
GRD,G,6,Y1,0.41863531765809575
GRD,G,7,Y1,0.4166389082471597
GRD,G,8,Y1,0.5953544453012716
GRD,G,9,Y1,0.4147057123007295
GRD,G,10,Y1,0.49859179391627395
GRD,G,0,Y2,0.0
GRD,G,1,Y2,0.4701548181246051
GRD,G,2,Y2,2.1058076765851257
GRD,G,3,Y2,4.261986010827333
GRD,G,4,Y2,5.972216927415647
GRD,G,5,Y2,6.944227836515739
GRD,G,6,Y2,7.473447780605386
GRD,G,7,Y2,7.751784150450556
GRD,G,8,Y2,7.86874440380266
GRD,G,9,Y2,7.972234336802154
GRD,G,10,Y2,8.173922744420787
GRD,G,0,Y1_nocap,1.000000000000003
GRD,G,1,Y1_nocap,0.6858909991440632
GRD,G,2,Y1_nocap,0.3392319525168019
GRD,G,3,Y1_nocap,0.2036311934130046
GRD,G,4,Y1_nocap,0.4140028451468385
GRD,G,5,Y1_nocap,0.35193939116310613
GRD,G,6,Y1_nocap,0.32148645171793155
GRD,G,7,Y1_nocap,0.3123529315753106
GRD,G,8,Y1_nocap,0.48467042035323693
GRD,G,9,Y1_nocap,0.29132320038202614
GRD,G,10,Y1_nocap,0.37065723535760925
GRD,G,0,Y2_nocap,0.0
GRD,G,1,Y2_nocap,0.4701548181246051
GRD,G,2,Y2_nocap,2.08767150375623
GRD,G,3,Y2_nocap,4.164300871466438
GRD,G,4,Y2_nocap,5.719187572865707
GRD,G,5,Y2_nocap,6.484292296003025
GRD,G,6,Y2_nocap,6.7883038235067525
GRD,G,7,Y2_nocap,6.841907908892059
GRD,G,8,Y2_nocap,6.744245650621338
GRD,G,9,Y2_nocap,6.648510110982089
GRD,G,10,Y2_nocap,6.665461444234459
GRD,L,0,Z1,1.0
GRD,L,1,Z1,0.7551949146516
GRD,L,2,Z1,0.5703193591156376
GRD,L,3,Z1,0.4307022797314891
GRD,L,4,Z1,0.32526417138207153
GRD,L,5,Z1,0.24563784814610695
GRD,L,6,Z1,0.1855044537659019
GRD,L,7,Z1,0.140092020129232
GRD,L,8,Z1,0.1057967811848656
GRD,L,9,Z1,0.0798971911373186
GRD,L,10,Z1,0.0603379524418499
GRD,L,0,Z2,0.0
GRD,L,1,Z2,0.2597209153318467
GRD,L,2,Z2,0.5396396308864984
GRD,L,3,Z2,0.4730254837307367
GRD,L,4,Z2,0.2912109312233162
GRD,L,5,Z2,0.1477218156483577
GRD,L,6,Z2,0.0662972172618363
GRD,L,7,Z2,0.027342775302134543
GRD,L,8,Z2,0.010600475807993875
GRD,L,9,Z2,0.0039200341581602325
GRD,L,10,Z2,0.0013965910283806322
GRD,L,0,Y1,1.00511673509676
GRD,L,1,Y1,1.1771827597295572
GRD,L,2,Y1,1.245596880317746
GRD,L,3,Y1,1.2399120933049486
GRD,L,4,Y1,1.1927084418866314
GRD,L,5,Y1,1.1652356973093891
GRD,L,6,Y1,1.150964313102571
GRD,L,7,Y1,1.1911863659910051
GRD,L,8,Y1,1.2940995955530539
GRD,L,9,Y1,1.3175656662253354
GRD,L,10,Y1,1.2882549363733014
GRD,L,0,Y2,0.0
GRD,L,1,Y2,0.2610498384546878
GRD,L,2,Y2,0.650996297323686
GRD,L,3,Y2,0.793696991901442
GRD,L,4,Y2,0.760636485627944
GRD,L,5,Y2,0.6669769418409379
GRD,L,6,Y2,0.5808223842621014
GRD,L,7,Y2,0.5293944914037104
GRD,L,8,Y2,0.5195594215600114
GRD,L,9,Y2,0.5572587258113133
GRD,L,10,Y2,0.6035673686643074
GRD,L,0,Y1_nocap,1.00511673509676
GRD,L,1,Y1_nocap,1.1384104870266132
GRD,L,2,Y1_nocap,1.1650114914916463
GRD,L,3,Y1_nocap,1.1187531803503379
GRD,L,4,Y1_nocap,1.0349589676188984
GRD,L,5,Y1_nocap,0.9761107436235241
GRD,L,6,Y1_nocap,0.9344340838951999
GRD,L,7,Y1_nocap,0.9503435408433896
GRD,L,8,Y1_nocap,1.029647892926402
GRD,L,9,Y1_nocap,1.0277252208271834
GRD,L,10,Y1_nocap,0.974475652229631
GRD,L,0,Y2_nocap,0.0
GRD,L,1,Y2_nocap,0.2610498384546878
GRD,L,2,Y2_nocap,0.6409263271677814
GRD,L,3,Y2_nocap,0.7594490162755398
GRD,L,4,Y2_nocap,0.6989486352785718
GRD,L,5,Y2_nocap,0.5816698942475886
GRD,L,6,Y2_nocap,0.4777000055399399
GRD,L,7,Y2_nocap,0.41343276659788064
GRD,L,8,Y2_nocap,0.393933176980845
GRD,L,9,Y2_nocap,0.4232438464073545
GRD,L,10,Y2_nocap,0.460487752513276
GTM,G,0,Z1,1.0
GTM,G,1,Z1,0.006737946999085479
GTM,G,2,Z1,4.539992976248501e-05
GTM,G,3,Z1,3.0590232050182743e-07
GTM,G,4,Z1,2.0611536224385723e-09
GTM,G,5,Z1,1.388794386496412e-11
GTM,G,6,Z1,9.357622968840275e-14
GTM,G,7,Z1,6.305116760147079e-16
GTM,G,8,Z1,4.24835425529165e-18
GTM,G,9,Z1,2.8625185805494346e-20
GTM,G,10,Z1,1.928749847963945e-22
GTM,G,0,Z2,0.0
GTM,G,1,Z2,0.46834955202146095
GTM,G,2,Z2,1.754810423029625
GTM,G,3,Z2,2.7737932798412386
GTM,G,4,Z2,3.079359620773412
GTM,G,5,Z2,2.816829490043366
GTM,G,6,Z2,2.27968271386442
GTM,G,7,Z2,1.6954495999156853
GTM,G,8,Z2,1.1853069592562215
GTM,G,9,Z2,0.790421073985921
GTM,G,10,Z2,0.5078098160625901
GTM,G,0,Y1,1.000000000000003
GTM,G,1,Y1,0.7288842475795496
GTM,G,2,Y1,0.4101294344303404
GTM,G,3,Y1,0.2865005435908507
GTM,G,4,Y1,0.5025729420624031
GTM,G,5,Y1,0.45504470343548536
GTM,G,6,Y1,0.43592299731762363
GTM,G,7,Y1,0.43639384490320954
GTM,G,8,Y1,0.6175690678203288
GTM,G,9,Y1,0.44016163271298137
GTM,G,10,Y1,0.5265353917530521
GTM,G,0,Y2,0.0
GTM,G,1,Y2,0.4683495520214624
GTM,G,2,Y2,2.0930273194004463
GTM,G,3,Y2,4.2308069213796875
GTM,G,4,Y2,5.9264135367038735
GTM,G,5,Y2,6.896949851846232
GTM,G,6,Y2,7.43875323965107
GTM,G,7,Y2,7.74085542103766
GTM,G,8,Y2,7.889734158715099
GTM,G,9,Y2,8.030437946499863
GTM,G,10,Y2,8.2715288677784
GTM,G,0,Y1_nocap,1.000000000000003
GTM,G,1,Y1_nocap,0.6858909991440632
GTM,G,2,Y1_nocap,0.3392319525168019
GTM,G,3,Y1_nocap,0.2036311934130046
GTM,G,4,Y1_nocap,0.4140028451468385
GTM,G,5,Y1_nocap,0.35193939116310613
GTM,G,6,Y1_nocap,0.32148645171793155
GTM,G,7,Y1_nocap,0.3123529315753106
GTM,G,8,Y1_nocap,0.48467042035323693
GTM,G,9,Y1_nocap,0.29132320038202614
GTM,G,10,Y1_nocap,0.37065723535760925
GTM,G,0,Y2_nocap,0.0
GTM,G,1,Y2_nocap,0.4683495520214624
GTM,G,2,Y2_nocap,2.0728914507557388
GTM,G,3,Y2_nocap,4.122292791427247
GTM,G,4,Y2_nocap,5.644667766477735
GTM,G,5,Y2_nocap,6.3829047758644855
GTM,G,6,Y2_nocap,6.669230676839581
GTM,G,7,Y2_nocap,6.712960512337863
GTM,G,8,Y2_nocap,6.611108723465009
GTM,G,9,Y2_nocap,6.514701203731927
GTM,G,10,Y2_nocap,6.531564054781684
GTM,L,0,Z1,1.0
GTM,L,1,Z1,0.6397298777771342
GTM,L,2,Z1,0.40925431652074706
GTM,L,3,Z1,0.2618122138875821
GTM,L,4,Z1,0.1674890955908638
GTM,L,5,Z1,0.10714777865134603
GTM,L,6,Z1,0.06854563534071703
GTM,L,7,Z1,0.04385069091867291
GTM,L,8,Z1,0.028052597141845513
GTM,L,9,Z1,0.01794608454088401
GTM,L,10,Z1,0.011480646469917845
GTM,L,0,Z2,0.0
GTM,L,1,Z2,0.2566478426480889
GTM,L,2,Z2,0.5269449210873456
GTM,L,3,Z2,0.4564325605210919
GTM,L,4,Z2,0.27767094985974883
GTM,L,5,Z2,0.13918681688974652
GTM,L,6,Z2,0.061727609571508225
GTM,L,7,Z2,0.025156918681131648
GTM,L,8,Z2,0.009637644549501893
GTM,L,9,Z2,0.00352181136144622
GTM,L,10,Z2,0.0012398700797375886
GTM,L,0,Y1,1.00511673509676
GTM,L,1,Y1,1.065567879644203
GTM,L,2,Y1,1.0448955186644275
GTM,L,3,Y1,0.9763140047760728
GTM,L,4,Y1,0.8913131369817816
GTM,L,5,Y1,0.8467155855460187
GTM,L,6,Y1,0.8262912345518455
GTM,L,7,Y1,0.8658714992053387
GTM,L,8,Y1,0.9655878758119031
GTM,L,9,Y1,0.9773037086331253
GTM,L,10,Y1,0.9397219160776719
GTM,L,0,Y2,0.0
GTM,L,1,Y2,0.2579610416720741
GTM,L,2,Y2,0.6380914705047775
GTM,L,3,Y2,0.7746559196978822
GTM,L,4,Y2,0.7423732870856005
GTM,L,5,Y2,0.6537024279461092
GTM,L,6,Y2,0.573755602215523
GTM,L,7,Y2,0.5279128518246782
GTM,L,8,Y2,0.5224035458176524
GTM,L,9,Y2,0.5629453119298133
GTM,L,10,Y2,0.6111155325519475
GTM,L,0,Y1_nocap,1.00511673509676
GTM,L,1,Y1_nocap,1.022354646145523
GTM,L,2,Y1_nocap,0.9593204937266573
GTM,L,3,Y1_nocap,0.8526484086660254
GTM,L,4,Y1_nocap,0.7355469173308031
GTM,L,5,Y1_nocap,0.6650663339280446
GTM,L,6,Y1_nocap,0.6227430186913973
GTM,L,7,Y1_nocap,0.6430509878426193
GTM,L,8,Y1_nocap,0.7233322135665029
GTM,L,9,Y1_nocap,0.7128775967845925
GTM,L,10,Y1_nocap,0.6543918896628137
GTM,L,0,Y2_nocap,0.0
GTM,L,1,Y2_nocap,0.2579610416720741
GTM,L,2,Y2_nocap,0.6270008873534932
GTM,L,3,Y2_nocap,0.7370172576510045
GTM,L,4,Y2_nocap,0.6744349727554271
GTM,L,5,Y2_nocap,0.5592717231524352
GTM,L,6,Y2_nocap,0.45876008460193396
GTM,L,7,Y2_nocap,0.3974317271163343
GTM,L,8,Y2_nocap,0.3796442170525461
GTM,L,9,Y2_nocap,0.4091250158740785
GTM,L,10,Y2_nocap,0.44537442847540787
GUY,G,0,Z1,1.0
GUY,G,1,Z1,0.006737946999085479
GUY,G,2,Z1,4.539992976248501e-05
GUY,G,3,Z1,3.0590232050182743e-07
GUY,G,4,Z1,2.0611536224385723e-09
GUY,G,5,Z1,1.388794386496412e-11
GUY,G,6,Z1,9.357622968840275e-14
GUY,G,7,Z1,6.305116760147079e-16
GUY,G,8,Z1,4.24835425529165e-18
GUY,G,9,Z1,2.8625185805494346e-20
GUY,G,10,Z1,1.928749847963945e-22
GUY,G,0,Z2,0.0
GUY,G,1,Z2,0.4762332030294552
GUY,G,2,Z2,1.8143845093415543
GUY,G,3,Z2,2.9162367441362975
GUY,G,4,Z2,3.291991147738593
GUY,G,5,Z2,3.0620224387346924
GUY,G,6,Z2,2.519833110474274
GUY,G,7,Z2,1.9056003254730898
GUY,G,8,Z2,1.3546507145986573
GUY,G,9,Z2,0.9185537382320423
GUY,G,10,Z2,0.6000628105801442
GUY,G,0,Y1,1.000000000000003
GUY,G,1,Y1,0.7277512292036585
GUY,G,2,Y1,0.408058957672411
GUY,G,3,Y1,0.2837897417004196
GUY,G,4,Y1,0.4993443465496623
GUY,G,5,Y1,0.4510540202971268
GUY,G,6,Y1,0.4312021391750102
GUY,G,7,Y1,0.4309530466616665
GUY,G,8,Y1,0.6114023192064793
GUY,G,9,Y1,0.43306119113262553
GUY,G,10,Y1,0.518682288662451
GUY,G,0,Y2,0.0
GUY,G,1,Y2,0.4762332030294567
GUY,G,2,Y2,2.1577549741526245
GUY,G,3,Y2,4.416428065888071
GUY,G,4,Y2,6.259956206470104
GUY,G,5,Y2,7.358097218286919
GUY,G,6,Y2,7.990093774821069
GUY,G,7,Y2,8.348902696268462
GUY,G,8,Y2,8.528863353559878
GUY,G,9,Y2,8.683695577853344
GUY,G,10,Y2,8.934442243572587
GUY,G,0,Y1_nocap,1.000000000000003
GUY,G,1,Y1_nocap,0.6858909991440632
GUY,G,2,Y1_nocap,0.3392319525168019
GUY,G,3,Y1_nocap,0.2036311934130046
GUY,G,4,Y1_nocap,0.4140028451468385
GUY,G,5,Y1_nocap,0.35193939116310613
GUY,G,6,Y1_nocap,0.32148645171793155
GUY,G,7,Y1_nocap,0.3123529315753106
GUY,G,8,Y1_nocap,0.48467042035323693
GUY,G,9,Y1_nocap,0.29132320038202614
GUY,G,10,Y1_nocap,0.37065723535760925
GUY,G,0,Y2_nocap,0.0
GUY,G,1,Y2_nocap,0.4762332030294567
GUY,G,2,Y2_nocap,2.1378197427117933
GUY,G,3,Y2_nocap,4.307834130323149
GUY,G,4,Y2_nocap,5.9755616565128635
GUY,G,5,Y2_nocap,6.835418156856104
GUY,G,6,Y2_nocap,7.203068368635451
GUY,G,7,Y2_nocap,7.293159266083803
GUY,G,8,Y2_nocap,7.211831133231381
GUY,G,9,Y2_nocap,7.119669782732675
GUY,G,10,Y2_nocap,7.137575729868343
GUY,L,0,Z1,1.0
GUY,L,1,Z1,0.7915418749103033
GUY,L,2,Z1,0.6265385397365182
GUY,L,3,Z1,0.49593149044660717
GUY,L,4,Z1,0.3925505417751686
GUY,L,5,Z1,0.3107201918337723
GUY,L,6,Z1,0.24594804321659325
GUY,L,7,Z1,0.1946781752581825
GUY,L,8,Z1,0.1540959278479784
GUY,L,9,Z1,0.12197337964483163
GUY,L,10,Z1,0.09654703761321627
GUY,L,0,Z2,0.0
GUY,L,1,Z2,0.26326697917119796
GUY,L,2,Z2,0.554476018575424
GUY,L,3,Z2,0.4926663892121338
GUY,L,4,Z2,0.30744365517525385
GUY,L,5,Z2,0.1580854733658995
GUY,L,6,Z2,0.07191708772128053
GUY,L,7,Z2,0.03006552912622154
GUY,L,8,Z2,0.011815200138440047
GUY,L,9,Z2,0.004428891491286952
GUY,L,10,Z2,0.0015994250809165137
GUY,L,0,Y1,1.00511673509676
GUY,L,1,Y1,1.2170178428204321
GUY,L,2,Y1,1.3248107148296835
GUY,L,3,Y1,1.3542230328402791
GUY,L,4,Y1,1.335868606357013
GUY,L,5,Y1,1.3306512822605567
GUY,L,6,Y1,1.3341472306514193
GUY,L,7,Y1,1.3890715012614019
GUY,L,8,Y1,1.506394107817509
GUY,L,9,Y1,1.5465484919841372
GUY,L,10,Y1,1.5326694707076844
GUY,L,0,Y2,0.0
GUY,L,1,Y2,0.2646140465633412
GUY,L,2,Y2,0.6682606380124142
GUY,L,3,Y2,0.8240261788373116
GUY,L,4,Y2,0.7975258172687744
GUY,L,5,Y2,0.7054776471685775
GUY,L,6,Y2,0.6188830858012015
GUY,L,7,Y2,0.5671187688624468
GUY,L,8,Y2,0.5580425712009855
GUY,L,9,Y2,0.598173867679767
GUY,L,10,Y2,0.6483950223422983
GUY,L,0,Y1_nocap,1.00511673509676
GUY,L,1,Y1_nocap,1.1749434250525326
GUY,L,2,Y1_nocap,1.2353066024827115
GUY,L,3,Y1_nocap,1.2167393306834131
GUY,L,4,Y1_nocap,1.153182386154275
GUY,L,5,Y1_nocap,1.1073071424547543
GUY,L,6,Y1_nocap,1.073760185814129
GUY,L,7,Y1_nocap,1.0945898232919595
GUY,L,8,Y1_nocap,1.178366964695734
GUY,L,9,Y1_nocap,1.182867164775054
GUY,L,10,Y1_nocap,1.1346316851776301
GUY,L,0,Y2_nocap,0.0
GUY,L,1,Y2_nocap,0.2646140465633412
GUY,L,2,Y2_nocap,0.6571838331462723
GUY,L,3,Y2_nocap,0.7859012008002622
GUY,L,4,Y2_nocap,0.7280919247186122
GUY,L,5,Y2_nocap,0.608459739316044
GUY,L,6,Y2_nocap,0.5004387252131588
GUY,L,7,Y2_nocap,0.4326628178979782
GUY,L,8,Y2_nocap,0.41107952543691617
GUY,L,9,Y2_nocap,0.4401285180202822
GUY,L,10,Y2_nocap,0.478513293756423
HKG,G,0,Z1,1.0
HKG,G,1,Z1,0.951229424500714
HKG,G,2,Z1,0.9048374180359595
HKG,G,3,Z1,0.8607079764250578
HKG,G,4,Z1,0.8187307530779818
HKG,G,5,Z1,0.7788007830714049
HKG,G,6,Z1,0.7408182206817179
HKG,G,7,Z1,0.7046880897187134
HKG,G,8,Z1,0.6703200460356393
HKG,G,9,Z1,0.6376281516217733
HKG,G,10,Z1,0.6065306597126334
HKG,G,0,Z2,0.0
HKG,G,1,Z2,0.43459482685266354
HKG,G,2,Z2,1.510981308216773
HKG,G,3,Z2,2.2162432275745183
HKG,G,4,Z2,2.28306451378047
HKG,G,5,Z2,1.9379063028513357
HKG,G,6,Z2,1.4553286055614567
HKG,G,7,Z2,1.0043520888345574
HKG,G,8,Z2,0.6515479467604568
HKG,G,9,Z2,0.4031702707463808
HKG,G,10,Z2,0.2403507736723797
HKG,G,0,Y1,1.000000000000003
HKG,G,1,Y1,1.6704180787698115
HKG,G,2,Y1,1.989283385508991
HKG,G,3,Y1,2.1702601630033103
HKG,G,4,Y1,2.558877819401697
HKG,G,5,Y1,2.8785076348098717
HKG,G,6,Y1,3.1629137961989477
HKG,G,7,Y1,3.433327524228309
HKG,G,8,Y1,3.8710503586574436
HKG,G,9,Y1,4.107631583655639
HKG,G,10,Y1,4.419686112781443
HKG,G,0,Y2,0.0
HKG,G,1,Y2,0.4345948268526649
HKG,G,2,Y2,1.8235369768932548
HKG,G,3,Y2,3.476906299882151
HKG,G,4,Y2,4.60267181755788
HKG,G,5,Y2,5.1020312211438466
HKG,G,6,Y2,5.319408619557146
HKG,G,7,Y2,5.413479911502792
HKG,G,8,Y2,5.435474060982135
HKG,G,9,Y2,5.497401194583345
HKG,G,10,Y2,5.66147833060934
HKG,G,0,Y1_nocap,1.000000000000003
HKG,G,1,Y1_nocap,1.6303824766456947
HKG,G,2,Y1_nocap,1.8854782402931523
HKG,G,3,Y1_nocap,1.9948678479192243
HKG,G,4,Y1_nocap,2.310207783889443
HKG,G,5,Y1_nocap,2.5466874826812607
HKG,G,6,Y1_nocap,2.7415991712874517
HKG,G,7,Y1_nocap,2.9180765748181083
HKG,G,8,Y1_nocap,3.2583261037685176
HKG,G,9,Y1_nocap,3.387473181301042
HKG,G,10,Y1_nocap,3.5909584798344243
HKG,G,0,Y2_nocap,0.0
HKG,G,1,Y2_nocap,0.4345948268526649
HKG,G,2,Y2_nocap,1.806137711320182
HKG,G,3,Y2_nocap,3.387850767675723
HKG,G,4,Y2_nocap,4.381326707751509
HKG,G,5,Y2_nocap,4.713591133753962
HKG,G,6,Y2_nocap,4.756847502018833
HKG,G,7,Y2_nocap,4.6816062325989085
HKG,G,8,Y2_nocap,4.543659800015847
HKG,G,9,Y2_nocap,4.457176743334898
HKG,G,10,Y2_nocap,4.48188061371668
HKG,L,0,Z1,1.0
HKG,L,1,Z1,0.7896343231132553
HKG,L,2,Z1,0.6235223642385288
HKG,L,3,Z1,0.49235466003146733
HKG,L,4,Z1,0.3887801387056046
HKG,L,5,Z1,0.3069941416666776
HKG,L,6,Z1,0.24241311125470175
HKG,L,7,Z1,0.19141771301938465
HKG,L,8,Z1,0.15114999625194916
HKG,L,9,Z1,0.11935322497897896
HKG,L,10,Z1,0.09424540301766013
HKG,L,0,Z2,0.0
HKG,L,1,Z2,0.723745550243859
HKG,L,2,Z2,4.190460971982289
HKG,L,3,Z2,10.23579275155674
HKG,L,4,Z2,17.559963157706754
HKG,L,5,Z2,24.82215858952415
HKG,L,6,Z2,31.04339355639156
HKG,L,7,Z2,35.67758637574628
HKG,L,8,Z2,38.54403826250232
HKG,L,9,Z2,39.71921784352949
HKG,L,10,Z2,39.432931650783196
HKG,L,0,Y1,1.00511673509676
HKG,L,1,Y1,1.213266566512881
HKG,L,2,Y1,1.3172431263161033
HKG,L,3,Y1,1.3431965979801306
HKG,L,4,Y1,1.321988166455452
HKG,L,5,Y1,1.3146069763447181
HKG,L,6,Y1,1.3164689080242347
HKG,L,7,Y1,1.3701734752272359
HKG,L,8,Y1,1.4864357386236935
HKG,L,9,Y1,1.5254405420913566
HKG,L,10,Y1,1.5106422809345954
HKG,L,0,Y2,0.0
HKG,L,1,Y2,0.7274487645019156
HKG,L,2,Y2,4.515580216725533
HKG,L,3,Y2,12.30642393701326
HKG,L,4,Y2,23.669243659816352
HKG,L,5,Y2,37.45304448840176
HKG,L,6,Y2,52.3182052534441
HKG,L,7,Y2,67.13472898687714
HKG,L,8,Y2,81.15114034976742
HKG,L,9,Y2,94.08797589209111
HKG,L,10,Y2,106.01415859466454
HKG,L,0,Y1_nocap,1.00511673509676
HKG,L,1,Y1_nocap,1.1730261128182558
HKG,L,2,Y1_nocap,1.2315513614925129
HKG,L,3,Y1_nocap,1.2114176521765194
HKG,L,4,Y1_nocap,1.1466592128518736
HKG,L,5,Y1_nocap,1.0999564657865293
HKG,L,6,Y1_nocap,1.0658435934893171
HKG,L,7,Y1_nocap,1.0862903570981446
HKG,L,8,Y1_nocap,1.1697254345411288
HKG,L,9,Y1_nocap,1.173795719939672
HKG,L,10,Y1_nocap,1.1252121805895483
HKG,L,0,Y2_nocap,0.0
HKG,L,1,Y2_nocap,0.7274487645019156
HKG,L,2,Y2_nocap,4.486456367424253
HKG,L,3,Y2_nocap,12.098776043856924
HKG,L,4,Y2_nocap,22.98501356874528
HKG,L,5,Y2_nocap,35.87429631251497
HKG,L,6,Y2_nocap,49.3625083227405
HKG,L,7,Y2_nocap,62.313795002754475
HKG,L,8,Y2_nocap,74.01651802959569
HKG,L,9,Y2_nocap,84.258045496126
HKG,L,10,Y2_nocap,93.18013447316545
HND,G,0,Z1,1.0
HND,G,1,Z1,0.006737946999085479
HND,G,2,Z1,4.539992976248501e-05
HND,G,3,Z1,3.0590232050182743e-07
HND,G,4,Z1,2.0611536224385723e-09
HND,G,5,Z1,1.388794386496412e-11
HND,G,6,Z1,9.357622968840275e-14
HND,G,7,Z1,6.305116760147079e-16
HND,G,8,Z1,4.24835425529165e-18
HND,G,9,Z1,2.8625185805494346e-20
HND,G,10,Z1,1.928749847963945e-22
HND,G,0,Z2,0.0
HND,G,1,Z2,0.4710436799980471
HND,G,2,Z2,1.7750571877288206
HND,G,3,Z2,2.8219369609623417
HND,G,4,Z2,3.1508280197077494
HND,G,5,Z2,2.8987844246955032
HND,G,6,Z2,2.3595046553023336
HND,G,7,Z2,1.7649092881551123
HND,G,8,Z2,1.2409646512219323
HND,G,9,Z2,0.8322966745450459
HND,G,10,Z2,0.5377888730148634
HND,G,0,Y1,1.000000000000003
HND,G,1,Y1,0.7243475956928173
HND,G,2,Y1,0.4019812519635324
HND,G,3,Y1,0.2760252149035368
HND,G,4,Y1,0.4903041053254577
HND,G,5,Y1,0.44002629715620445
HND,G,6,Y1,0.4183334775221414
HND,G,7,Y1,0.41631416616346784
HND,G,8,Y1,0.5950090326550178
HND,G,9,Y1,0.4143202834888113
HND,G,10,Y1,0.49819122971541063
HND,G,0,Y2,0.0
HND,G,1,Y2,0.4710436799980485
HND,G,2,Y2,2.1130826774516276
HND,G,3,Y2,4.282786870890758
HND,G,4,Y2,6.009497647365104
HND,G,5,Y2,6.99567330731177
HND,G,6,Y2,7.5349105433643
HND,G,7,Y2,7.819618966792508
HND,G,8,Y2,7.940212652837142
HND,G,9,Y2,8.045572089153076
HND,G,10,Y2,8.248754809054773
HND,G,0,Y1_nocap,1.000000000000003
HND,G,1,Y1_nocap,0.6858909991440632
HND,G,2,Y1_nocap,0.3392319525168019
HND,G,3,Y1_nocap,0.2036311934130046
HND,G,4,Y1_nocap,0.4140028451468385
HND,G,5,Y1_nocap,0.35193939116310613
HND,G,6,Y1_nocap,0.32148645171793155
HND,G,7,Y1_nocap,0.3123529315753106
HND,G,8,Y1_nocap,0.48467042035323693
HND,G,9,Y1_nocap,0.29132320038202614
HND,G,10,Y1_nocap,0.37065723535760925
HND,G,0,Y2_nocap,0.0
HND,G,1,Y2_nocap,0.4710436799980485
HND,G,2,Y2_nocap,2.094967940693102
HND,G,3,Y2_nocap,4.185088607978799
HND,G,4,Y2_nocap,5.7561503229959134
HND,G,5,Y2_nocap,6.534695345281321
HND,G,6,Y2_nocap,6.8476152406299935
HND,G,7,Y2_nocap,6.906238789005434
HND,G,8,Y2_nocap,6.810746838132244
HND,G,9,Y2_nocap,6.71540467895523
HND,G,10,Y2_nocap,6.732430276065591
HND,L,0,Z1,1.0
HND,L,1,Z1,0.7098316432922132
HND,L,2,Z1,0.5038609618189238
HND,L,3,Z1,0.3576564545187218
HND,L,4,Z1,0.253875868845091
HND,L,5,Z1,0.18020912517454932
HND,L,6,Z1,0.1279181394589025
HND,L,7,Z1,0.09080034313899524
HND,L,8,Z1,0.06445295678184984
HND,L,9,Z1,0.045750748227502476
HND,L,10,Z1,0.032475328796176386
HND,L,0,Z2,0.0
HND,L,1,Z2,0.25797162859153894
HND,L,2,Z2,0.5323948892653674
HND,L,3,Z2,0.463531871151896
HND,L,4,Z2,0.2834443181158828
HND,L,5,Z2,0.14281365695189951
HND,L,6,Z2,0.06366275424402307
HND,L,7,Z2,0.026079408549921603
HND,L,8,Z2,0.010042585184022219
HND,L,9,Z2,0.003688714449676921
HND,L,10,Z2,0.0013053273991663898
HND,L,0,Y1,1.00511673509676
HND,L,1,Y1,1.1314684725905748
HND,L,2,Y1,1.1595887446818982
HND,L,3,Y1,1.1221704098225507
HND,L,4,Y1,1.052680215575485
HND,L,5,Y1,1.011516874448866
HND,L,6,Y1,0.9887616001714485
HND,L,7,Y1,1.0235970741737488
HND,L,8,Y1,1.1208452844014212
HND,L,9,Y1,1.1355976996484975
HND,L,10,Y1,1.0990217945703142
HND,L,0,Y2,0.0
HND,L,1,Y2,0.2592916010775216
HND,L,2,Y2,0.6429523941700527
HND,L,3,Y2,0.7803978000567267
HND,L,4,Y2,0.745566596059028
HND,L,5,Y2,0.652535765114013
HND,L,6,Y2,0.5678789058676351
HND,L,7,Y2,0.5177722920558605
HND,L,8,Y2,0.5086510251168882
HND,L,9,Y2,0.5462369502223706
HND,L,10,Y2,0.5917756728791583
HND,L,0,Y1_nocap,1.00511673509676
HND,L,1,Y1_nocap,1.092815103824558
HND,L,2,Y1_nocap,1.081004421865433
HND,L,3,Y1_nocap,1.00627357164406
HND,L,4,Y1_nocap,0.9043670780296467
HND,L,5,Y1_nocap,0.8364633635418233
HND,L,6,Y1_nocap,0.791028378070547
HND,L,7,Y1_nocap,0.8061606461051984
HND,L,8,Y1_nocap,0.8841916198918441
HND,L,9,Y1_nocap,0.8777675587404612
HND,L,10,Y1_nocap,0.821409980451085
HND,L,0,Y2_nocap,0.0
HND,L,1,Y2_nocap,0.2592916010775216
HND,L,2,Y2_nocap,0.6329809216789339
HND,L,3,Y2_nocap,0.7466244850384969
HND,L,4,Y2_nocap,0.6849111431901524
HND,L,5,Y2_nocap,0.5688284594714128
HND,L,6,Y2_nocap,0.466833292615238
HND,L,7,Y2_nocap,0.40425048678312475
HND,L,8,Y2_nocap,0.38573595363077107
HND,L,9,Y2_nocap,0.4151497293309076
HND,L,10,Y2_nocap,0.4518280757624013
HRV,G,0,Z1,1.0
HRV,G,1,Z1,0.00673794757662542
HRV,G,2,Z1,4.539993754535237e-05
HRV,G,3,Z1,3.0590239916265243e-07
HRV,G,4,Z1,2.0611543291218958e-09
HRV,G,5,Z1,1.3887949816957872e-11
HRV,G,6,Z1,9.357627781346674e-14
HRV,G,7,Z1,6.305120543228753e-16
HRV,G,8,Z1,4.248357168457933e-18
HRV,G,9,Z1,2.862520788785036e-20
HRV,G,10,Z1,1.9287515011834018e-22
HRV,G,0,Z2,0.0
HRV,G,1,Z2,0.46145608575507746
HRV,G,2,Z2,1.7035337526431793
HRV,G,3,Z2,2.6531078088815323
HRV,G,4,Z2,2.902027246394553
HRV,G,5,Z2,2.6155432302262036
HRV,G,6,Z2,2.0856240134957527
HRV,G,7,Z2,1.5282934977463838
HRV,G,8,Z2,1.052720267352044
HRV,G,9,Z2,0.6916731695745529
HRV,G,10,Z2,0.4378282489076559
HRV,G,0,Y1,1.000000000000003
HRV,G,1,Y1,0.7082597308706322
HRV,G,2,Y1,0.3760793924358612
HRV,G,3,Y1,0.24664390086195326
HRV,G,4,Y1,0.4599095220111896
HRV,G,5,Y1,0.40533402947206854
HRV,G,6,Y1,0.3806916114441945
HRV,G,7,Y1,0.37646303688628846
HRV,G,8,Y1,0.5532917539765765
HRV,G,9,Y1,0.3681360779726274
HRV,G,10,Y1,0.4510203956441544
HRV,G,0,Y2,0.0
HRV,G,1,Y2,0.4614560857550789
HRV,G,2,Y2,2.0272552488339586
HRV,G,3,Y2,4.019515800755682
HRV,G,4,Y2,5.5084204716678
HRV,G,5,Y2,6.263807142170751
HRV,G,6,Y2,6.611932189570223
HRV,G,7,Y2,6.746401512759414
HRV,G,8,Y2,6.7511650086496315
HRV,G,9,Y2,6.7664982159762275
HRV,G,10,Y2,6.890033563391063
HRV,G,0,Y1_nocap,1.000000000000003
HRV,G,1,Y1_nocap,0.6858909997216032
HRV,G,2,Y1_nocap,0.3392319529168228
HRV,G,3,Y1_nocap,0.20363119361161994
HRV,G,4,Y1_nocap,0.41400284526578185
HRV,G,5,Y1_nocap,0.3519393914030107
HRV,G,6,Y1_nocap,0.32148645192280717
HRV,G,7,Y1_nocap,0.31235293176236234
HRV,G,8,Y1_nocap,0.48467042053489356
HRV,G,9,Y1_nocap,0.2913232006631667
HRV,G,10,Y1_nocap,0.3706572355277543
HRV,G,0,Y2_nocap,0.0
HRV,G,1,Y2_nocap,0.4614560857550789
HRV,G,2,Y2_nocap,2.01693306171462
HRV,G,3,Y2_nocap,3.964475987384644
HRV,G,4,Y2_nocap,5.366825807940684
HRV,G,5,Y2_nocap,6.0076312908122755
HRV,G,6,Y2_nocap,6.2312658740261995
HRV,G,7,Y2_nocap,6.241049702147337
HRV,G,8,Y2_nocap,6.1257237735515515
HRV,G,9,Y2_nocap,6.0281846891430195
HRV,G,10,Y2_nocap,6.045388307742706
HRV,L,0,Z1,1.0
HRV,L,1,Z1,0.8974571333305013
HRV,L,2,Z1,0.8054293061658012
HRV,L,3,Z1,0.7228382762119345
HRV,L,4,Z1,0.6487163672307239
HRV,L,5,Z1,0.5821951312794622
HRV,L,6,Z1,0.522495173557041
HRV,L,7,Z1,0.4689170206395248
HRV,L,8,Z1,0.4208329251130274
HRV,L,9,Z1,0.3776795105830271
HRV,L,10,Z1,0.33895117088551024
HRV,L,0,Z2,0.0
HRV,L,1,Z2,0.2357847835004453
HRV,L,2,Z2,0.4447557130428149
HRV,L,3,Z2,0.3539248745975536
HRV,L,4,Z2,0.1978076442842227
HRV,L,5,Z2,0.09109381363728233
HRV,L,6,Z2,0.037114908698931574
HRV,L,7,Z2,0.013896471455047302
HRV,L,8,Z2,0.0048909830171591975
HRV,L,9,Z2,0.0016419861758711276
HRV,L,10,Z2,0.0005310773045109712
HRV,L,0,Y1,1.00511673509676
HRV,L,1,Y1,1.303883809813541
HRV,L,2,Y1,1.5055700805972312
HRV,L,3,Y1,1.6258941713625725
HRV,L,4,Y1,1.6889833493823387
HRV,L,5,Y1,1.7527535554768374
HRV,L,6,Y1,1.8154616446436846
HRV,L,7,Y1,1.9217919005251094
HRV,L,8,Y1,2.088134175005386
HRV,L,9,Y1,2.180597303782273
HRV,L,10,Y1,2.2151969943385548
HRV,L,0,Y2,0.0
HRV,L,1,Y2,0.23699123177746398
HRV,L,2,Y2,0.54177790052038
HRV,L,3,Y2,0.6135339786012538
HRV,L,4,Y2,0.5549781097956895
HRV,L,5,Y2,0.4661138934314106
HRV,L,6,Y2,0.39556178899433764
HRV,L,7,Y2,0.3576644054492088
HRV,L,8,Y2,0.3540905836188487
HRV,L,9,Y2,0.3878597835734286
HRV,L,10,Y2,0.4221602965704576
HRV,L,0,Y1_nocap,1.00511673509676
HRV,L,1,Y1_nocap,1.2814006237927718
HRV,L,2,Y1_nocap,1.4552918113800737
HRV,L,3,Y1_nocap,1.5450044436656842
HRV,L,4,Y1_nocap,1.5766575140631098
HRV,L,5,Y1_nocap,1.6094975272197352
HRV,L,6,Y1_nocap,1.6417352510550764
HRV,L,7,Y1_nocap,1.7180506847081278
HRV,L,8,Y1_nocap,1.8538301261241403
HRV,L,9,Y1_nocap,1.9138734388805219
HRV,L,10,Y1_nocap,1.915962161816851
HRV,L,0,Y2_nocap,0.0
HRV,L,1,Y2_nocap,0.23699123177746398
HRV,L,2,Y2_nocap,0.5364767073720726
HRV,L,3,Y2_nocap,0.5964371959550789
HRV,L,4,Y2_nocap,0.5252000024561818
HRV,L,5,Y2_nocap,0.4257376559095416
HRV,L,6,Y2_nocap,0.34722153089716384
HRV,L,7,Y2_nocap,0.30342397578679514
HRV,L,8,Y2_nocap,0.2951575223374719
HRV,L,9,Y2_nocap,0.32460021394429023
HRV,L,10,Y2_nocap,0.3540826977232056
HTI,G,0,Z1,1.0
HTI,G,1,Z1,0.006737946999085479
HTI,G,2,Z1,4.539992976248501e-05
HTI,G,3,Z1,3.0590232050182743e-07
HTI,G,4,Z1,2.0611536224385723e-09
HTI,G,5,Z1,1.388794386496412e-11
HTI,G,6,Z1,9.357622968840275e-14
HTI,G,7,Z1,6.305116760147079e-16
HTI,G,8,Z1,4.24835425529165e-18
HTI,G,9,Z1,2.8625185805494346e-20
HTI,G,10,Z1,1.928749847963945e-22
HTI,G,0,Z2,0.0
HTI,G,1,Z2,0.47274349708582086
HTI,G,2,Z2,1.7878913122954523
HTI,G,3,Z2,2.852597220920695
HTI,G,4,Z2,3.1965553445815544
HTI,G,5,Z2,2.951466312941123
HTI,G,6,Z2,2.411055082905029
HTI,G,7,Z2,1.809977035947963
HTI,G,8,Z2,1.2772457588716124
HTI,G,9,Z2,0.8597211286227001
HTI,G,10,Z2,0.5575138173712813
HTI,G,0,Y1,1.000000000000003
HTI,G,1,Y1,0.7055297335162773
HTI,G,2,Y1,0.3717989460902069
HTI,G,3,Y1,0.24196185056853353
HTI,G,4,Y1,0.45527513694439525
HTI,G,5,Y1,0.4002035999891527
HTI,G,6,Y1,0.3753308445204404
HTI,G,7,Y1,0.37102551114910187
HTI,G,8,Y1,0.5478586211827687
HTI,G,9,Y1,0.36228654783333525
HTI,G,10,Y1,0.4453841424890838
HTI,G,0,Y2,0.0
HTI,G,1,Y2,0.4727434970858223
HTI,G,2,Y2,2.1182405851884436
HTI,G,3,Y2,4.275479180712214
HTI,G,4,Y2,5.959365234018974
HTI,G,5,Y2,6.8748050021470615
HTI,G,6,Y2,7.328680107595782
HTI,G,7,Y2,7.52382273762158
HTI,G,8,Y2,7.557160911903231
HTI,G,9,Y2,7.581943104576228
HTI,G,10,Y2,7.713277828695477
HTI,G,0,Y1_nocap,1.000000000000003
HTI,G,1,Y1_nocap,0.6858909991440632
HTI,G,2,Y1_nocap,0.3392319525168019
HTI,G,3,Y1_nocap,0.2036311934130046
HTI,G,4,Y1_nocap,0.4140028451468385
HTI,G,5,Y1_nocap,0.35193939116310613
HTI,G,6,Y1_nocap,0.32148645171793155
HTI,G,7,Y1_nocap,0.3123529315753106
HTI,G,8,Y1_nocap,0.48467042035323693
HTI,G,9,Y1_nocap,0.29132320038202614
HTI,G,10,Y1_nocap,0.37065723535760925
HTI,G,0,Y2_nocap,0.0
HTI,G,1,Y2_nocap,0.4727434970858223
HTI,G,2,Y2_nocap,2.1089565012229836
HTI,G,3,Y2_nocap,4.225033979377885
HTI,G,4,Y2_nocap,5.82733733972933
HTI,G,5,Y2_nocap,6.6319778189901815
HTI,G,6,Y2_nocap,6.962308124615182
HTI,G,7,Y2_nocap,7.030826904596642
HTI,G,8,Y2_nocap,6.939688767093209
HTI,G,9,Y2_nocap,6.84521840209525
HTI,G,10,Y2_nocap,6.8624456561692115
HTI,L,0,Z1,1.0
HTI,L,1,Z1,0.716433165130098
HTI,L,2,Z1,0.5132764800983304
HTI,L,3,Z1,0.3677282932236826
HTI,L,4,Z1,0.26345274502213173
HTI,L,5,Z1,0.18874628397841853
HTI,L,6,Z1,0.1352240976372027
HTI,L,7,Z1,0.09687902827208254
HTI,L,8,Z1,0.06940734885969636
HTI,L,9,Z1,0.04972572662684117
HTI,L,10,Z1,0.03562515971566182
HTI,L,0,Z2,0.0
HTI,L,1,Z2,0.25958023537743996
HTI,L,2,Z2,0.539055188788857
HTI,L,3,Z2,0.47225724565694105
HTI,L,4,Z2,0.2905804965601903
HTI,L,5,Z2,0.14732217518200708
HTI,L,6,Z2,0.06608204624458677
HTI,L,7,Z2,0.027239270553743984
HTI,L,8,Z2,0.010554628122645847
HTI,L,9,Z2,0.003900965643355401
HTI,L,10,Z2,0.0013890446912229106
HTI,L,0,Y1,1.00511673509676
HTI,L,1,Y1,1.1191896244745552
HTI,L,2,Y1,1.133758904641877
HTI,L,3,Y1,1.0831100249354715
HTI,L,4,Y1,1.0017756796616706
HTI,L,5,Y1,0.9506854366617596
HTI,L,6,Y1,0.9196068065119576
HTI,L,7,Y1,0.947461594209372
HTI,L,8,Y1,1.038299432942316
HTI,L,9,Y1,1.0463802786092635
HTI,L,10,Y1,1.003839863726209
HTI,L,0,Y2,0.0
HTI,L,1,Y2,0.26090843867822094
HTI,L,2,Y2,0.6454094390141273
HTI,L,3,Y2,0.7759691462899209
HTI,L,4,Y2,0.7297783735607474
HTI,L,5,Y2,0.6254172658944362
HTI,L,6,Y2,0.5317739880861592
HTI,L,7,Y2,0.4754913630382339
HTI,L,8,Y2,0.4624440997292719
HTI,L,9,Y2,0.4975785983731469
HTI,L,10,Y2,0.5410073796700161
HTI,L,0,Y1_nocap,1.00511673509676
HTI,L,1,Y1_nocap,1.0994504039009227
HTI,L,2,Y1_nocap,1.0929724136733991
HTI,L,3,Y1_nocap,1.0219841121930873
HTI,L,4,Y1_nocap,0.9222655672791855
HTI,L,5,Y1_nocap,0.8552566338609943
HTI,L,6,Y1_nocap,0.8100144313694684
HTI,L,7,Y1_nocap,0.8249848754756927
HTI,L,8,Y1_nocap,0.9029998092309892
HTI,L,9,Y1_nocap,0.897079379646662
HTI,L,10,Y1_nocap,0.8410402111349521
HTI,L,0,Y2_nocap,0.0
HTI,L,1,Y2_nocap,0.26090843867822094
HTI,L,2,Y2_nocap,0.6402855274914566
HTI,L,3,Y2_nocap,0.7584121902412728
HTI,L,4,Y2_nocap,0.6978115040775268
HTI,L,5,Y2_nocap,0.5806281286972013
HTI,L,6,Y2_nocap,0.4768176430641699
HTI,L,7,Y2_nocap,0.4126869985608933
HTI,L,8,Y2_nocap,0.3932676630721747
HTI,L,9,Y2_nocap,0.4225872464704454
HTI,L,10,Y2_nocap,0.4597857285377094
HUN,G,0,Z1,1.0
HUN,G,1,Z1,0.951229424500714
HUN,G,2,Z1,0.9048374180359595
HUN,G,3,Z1,0.8607079764250578
HUN,G,4,Z1,0.8187307530779818
HUN,G,5,Z1,0.7788007830714049
HUN,G,6,Z1,0.7408182206817179
HUN,G,7,Z1,0.7046880897187134
HUN,G,8,Z1,0.6703200460356393
HUN,G,9,Z1,0.6376281516217733
HUN,G,10,Z1,0.6065306597126334
HUN,G,0,Z2,0.0
HUN,G,1,Z2,0.43553249464976734
HUN,G,2,Z2,1.517508431166797
HUN,G,3,Z2,2.2306192852886877
HUN,G,4,Z2,2.3028318386623132
HUN,G,5,Z2,1.9589025301787257
HUN,G,6,Z2,1.4742703395264642
HUN,G,7,Z2,1.0196193291454045
HUN,G,8,Z2,0.6628793096446064
HUN,G,9,Z2,0.41106698138460435
HUN,G,10,Z2,0.2455871438553993
HUN,G,0,Y1,1.000000000000003
HUN,G,1,Y1,1.6555137056423799
HUN,G,2,Y1,1.9505770693022262
HUN,G,3,Y1,2.104745383496544
HUN,G,4,Y1,2.4658207860184276
HUN,G,5,Y1,2.754130200446925
HUN,G,6,Y1,3.0047400675804825
HUN,G,7,Y1,3.23958461628207
HUN,G,8,Y1,3.6403001513903157
HUN,G,9,Y1,3.8360438807768684
HUN,G,10,Y1,4.106705824467782
HUN,G,0,Y2,0.0
HUN,G,1,Y2,0.4355324946497687
HUN,G,2,Y2,1.8242471210750482
HUN,G,3,Y2,3.4630513514560644
HUN,G,4,Y2,4.552685102219123
HUN,G,5,Y2,4.999306603801927
HUN,G,6,Y2,5.157050412826553
HUN,G,7,Y2,5.190231963916952
HUN,G,8,Y2,5.15285427894375
HUN,G,9,Y2,5.158620115641635
HUN,G,10,Y2,5.269987802798697
HUN,G,0,Y1_nocap,1.000000000000003
HUN,G,1,Y1_nocap,1.6303824766456947
HUN,G,2,Y1_nocap,1.8854782402931523
HUN,G,3,Y1_nocap,1.9948678479192243
HUN,G,4,Y1_nocap,2.310207783889443
HUN,G,5,Y1_nocap,2.5466874826812607
HUN,G,6,Y1_nocap,2.7415991712874517
HUN,G,7,Y1_nocap,2.9180765748181083
HUN,G,8,Y1_nocap,3.2583261037685176
HUN,G,9,Y1_nocap,3.387473181301042
HUN,G,10,Y1_nocap,3.5909584798344243
HUN,G,0,Y2_nocap,0.0
HUN,G,1,Y2_nocap,0.4355324946497687
HUN,G,2,Y2_nocap,1.8133016542165072
HUN,G,3,Y2_nocap,3.406973494311652
HUN,G,4,Y2_nocap,4.4132304148499895
HUN,G,5,Y2_nocap,4.754523896543157
HUN,G,6,Y2_nocap,4.802578473957125
HUN,G,7,Y2_nocap,4.729253599849661
HUN,G,8,Y2_nocap,4.591475314253954
HUN,G,9,Y2_nocap,4.504321773506888
HUN,G,10,Y2_nocap,4.528679597094982
HUN,L,0,Z1,1.0
HUN,L,1,Z1,0.9512294245007133
HUN,L,2,Z1,0.9048374180359583
HUN,L,3,Z1,0.860707976425056
HUN,L,4,Z1,0.8187307530779796
HUN,L,5,Z1,0.7788007830714021
HUN,L,6,Z1,0.7408182206817148
HUN,L,7,Z1,0.70468808971871
HUN,L,8,Z1,0.6703200460356356
HUN,L,9,Z1,0.6376281516217693
HUN,L,10,Z1,0.6065306597126292
HUN,L,0,Z2,0.0
HUN,L,1,Z2,0.16866067735128318
HUN,L,2,Z2,0.22757139267674914
HUN,L,3,Z2,0.1295404151668943
HUN,L,4,Z2,0.05178873876483515
HUN,L,5,Z2,0.01706000734227686
HUN,L,6,Z2,0.004972064936773731
HUN,L,7,Z2,0.0013316527830754261
HUN,L,8,Z2,0.0003352591828565424
HUN,L,9,Z2,8.051041951830326e-05
HUN,L,10,Z2,1.8626806433186584e-05
HUN,L,0,Y1,1.00511673509676
HUN,L,1,Y1,1.360707872370565
HUN,L,2,Y1,1.6334173716371776
HUN,L,3,Y1,1.8327995336169105
HUN,L,4,Y1,1.9779972975511424
HUN,L,5,Y1,2.1235421554152345
HUN,L,6,Y1,2.267741151120882
HUN,L,7,Y1,2.4552280870067653
HUN,L,8,Y1,2.7048711786782524
HUN,L,9,Y1,2.886067056740827
HUN,L,10,Y1,3.0103940513056764
HUN,L,0,Y2,0.0
HUN,L,1,Y2,0.1695236693585298
HUN,L,2,Y2,0.2969778241967561
HUN,L,3,Y2,0.2794693009163843
HUN,L,4,Y2,0.22869422325847721
HUN,L,5,Y2,0.1850929356229752
HUN,L,6,Y2,0.15981065036923167
HUN,L,7,Y2,0.1508378330469252
HUN,L,8,Y2,0.15748115223190715
HUN,L,9,Y2,0.18082344294364172
HUN,L,10,Y2,0.1941490152048042
HUN,L,0,Y1_nocap,1.00511673509676
HUN,L,1,Y1_nocap,1.3354480535324478
HUN,L,2,Y1_nocap,1.5756071643153646
HUN,L,3,Y1_nocap,1.7377063226160758
HUN,L,4,Y1_nocap,1.8430396402813596
HUN,L,5,Y1_nocap,1.9476685307615014
HUN,L,6,Y1_nocap,2.0499598298083352
HUN,L,7,Y1_nocap,2.1946457817667713
HUN,L,8,Y1_nocap,2.399564927682403
HUN,L,9,Y1_nocap,2.5326771334188574
HUN,L,10,Y1_nocap,2.6074998038698856
HUN,L,0,Y2_nocap,0.0
HUN,L,1,Y2_nocap,0.1695236693585298
HUN,L,2,Y2_nocap,0.2927174860417486
HUN,L,3,Y2_nocap,0.2680231390512827
HUN,L,4,Y2_nocap,0.21097046040890077
HUN,L,5,Y2_nocap,0.16277664617225404
HUN,L,6,Y2_nocap,0.134296826905912
HUN,L,7,Y2_nocap,0.12297019455429452
HUN,L,8,Y2_nocap,0.12763856589950684
HUN,L,9,Y2_nocap,0.14896763712938213
HUN,L,10,Y2_nocap,0.15982454628277082
IDN,G,0,Z1,1.0
IDN,G,1,Z1,0.006737946999085479
IDN,G,2,Z1,4.539992976248501e-05
IDN,G,3,Z1,3.0590232050182743e-07
IDN,G,4,Z1,2.0611536224385723e-09
IDN,G,5,Z1,1.388794386496412e-11
IDN,G,6,Z1,9.357622968840275e-14
IDN,G,7,Z1,6.305116760147079e-16
IDN,G,8,Z1,4.24835425529165e-18
IDN,G,9,Z1,2.8625185805494346e-20
IDN,G,10,Z1,1.928749847963945e-22
IDN,G,0,Z2,0.0
IDN,G,1,Z2,0.4474834295918605
IDN,G,2,Z2,1.6019313580743486
IDN,G,3,Z2,2.4193273660262653
IDN,G,4,Z2,2.566184075981927
IDN,G,5,Z2,2.2428219751648686
IDN,G,6,Z2,1.7342651567418035
IDN,G,7,Z2,1.2323464704400335
IDN,G,8,Z2,0.8231625889779021
IDN,G,9,Z2,0.5244693942064091
IDN,G,10,Z2,0.3219360263860763
IDN,G,0,Y1,1.000000000000003
IDN,G,1,Y1,0.7302070965668633
IDN,G,2,Y1,0.4119199321359457
IDN,G,3,Y1,0.2880325982962393
IDN,G,4,Y1,0.5035733701547291
IDN,G,5,Y1,0.4557657882344449
IDN,G,6,Y1,0.4361671762700323
IDN,G,7,Y1,0.4360426586323184
IDN,G,8,Y1,0.6165529033036377
IDN,G,9,Y1,0.4386606751269701
IDN,G,10,Y1,0.5241754035629823
IDN,G,0,Y2,0.0
IDN,G,1,Y2,0.4474834295918619
IDN,G,2,Y2,1.9256718143268492
IDN,G,3,Y2,3.760400965515754
IDN,G,4,Y2,5.096126414144726
IDN,G,5,Y2,5.765477411449612
IDN,G,6,Y2,6.097454808592959
IDN,G,7,Y2,6.263971219082737
IDN,G,8,Y2,6.329670398405155
IDN,G,9,Y2,6.418409417873565
IDN,G,10,Y2,6.60911942290304
IDN,G,0,Y1_nocap,1.000000000000003
IDN,G,1,Y1_nocap,0.6858909991440632
IDN,G,2,Y1_nocap,0.3392319525168019
IDN,G,3,Y1_nocap,0.2036311934130046
IDN,G,4,Y1_nocap,0.4140028451468385
IDN,G,5,Y1_nocap,0.35193939116310613
IDN,G,6,Y1_nocap,0.32148645171793155
IDN,G,7,Y1_nocap,0.3123529315753106
IDN,G,8,Y1_nocap,0.48467042035323693
IDN,G,9,Y1_nocap,0.29132320038202614
IDN,G,10,Y1_nocap,0.37065723535760925
IDN,G,0,Y2_nocap,0.0
IDN,G,1,Y2_nocap,0.4474834295918619
IDN,G,2,Y2_nocap,1.9058410950659677
IDN,G,3,Y2_nocap,3.6570165713119485
IDN,G,4,Y2_nocap,4.835399381749702
IDN,G,5,Y2_nocap,5.302373011426952
IDN,G,6,Y2_nocap,5.42052214360532
IDN,G,7,Y2_nocap,5.377740949977788
IDN,G,8,Y2_nocap,5.245598052870713
IDN,G,9,Y2_nocap,5.151387456293856
IDN,G,10,Y2_nocap,5.17167908356469
IDN,L,0,Z1,1.0
IDN,L,1,Z1,0.6228331605398518
IDN,L,2,Z1,0.3879211458680608
IDN,L,3,Z1,0.2416101533212452
IDN,L,4,Z1,0.15048281541158934
IDN,L,5,Z1,0.09372568752973529
IDN,L,6,Z1,0.058375466187915614
IDN,L,7,Z1,0.03635817610380674
IDN,L,8,Z1,0.02264507773419847
IDN,L,9,Z1,0.014104105335861452
IDN,L,10,Z1,0.008784504502921578
IDN,L,0,Z2,0.0
IDN,L,1,Z2,0.25310233033076424
IDN,L,2,Z2,0.5124863169509065
IDN,L,3,Z2,0.43777624865480474
IDN,L,4,Z2,0.262642225061905
IDN,L,5,Z2,0.1298346859500492
IDN,L,6,Z2,0.05678460559593288
IDN,L,7,Z2,0.022822705505151274
IDN,L,8,Z2,0.008622617298183543
IDN,L,9,Z2,0.003107368952391266
IDN,L,10,Z2,0.0010788509232478659
IDN,L,0,Y1,1.00511673509676
IDN,L,1,Y1,1.0499143240359674
IDN,L,2,Y1,1.0185308770861743
IDN,L,3,Y1,0.9434567995196191
IDN,L,4,Y1,0.8552233862478977
IDN,L,5,Y1,0.809584194839551
IDN,L,6,Y1,0.7887799999469342
IDN,L,7,Y1,0.8279628413249864
IDN,L,8,Y1,0.9262963289701448
IDN,L,9,Y1,0.9350470287482457
IDN,L,10,Y1,0.8948530196879094
IDN,L,0,Y2,0.0
IDN,L,1,Y2,0.25439738790743943
IDN,L,2,Y2,0.6223972065931378
IDN,L,3,Y2,0.7495397517778916
IDN,L,4,Y2,0.7146436603480604
IDN,L,5,Y2,0.6275812000492413
IDN,L,6,Y2,0.5504167396121676
IDN,L,7,Y2,0.5066170433763166
IDN,L,8,Y2,0.5017306529652612
IDN,L,9,Y2,0.541167232742706
IDN,L,10,Y2,0.5869500650931198
IDN,L,0,Y1_nocap,1.00511673509676
IDN,L,1,Y1_nocap,1.0053714728821328
IDN,L,2,Y1_nocap,0.9314683728748812
IDN,L,3,Y1_nocap,0.8190918170857462
IDN,L,4,Y1_nocap,0.7002398002758643
IDN,L,5,Y1_nocap,0.6306475623462731
IDN,L,6,Y1_nocap,0.5900684286168053
IDN,L,7,Y1_nocap,0.6121778569387968
IDN,L,8,Y1_nocap,0.6932379531591829
IDN,L,9,Y1_nocap,0.6819119535797412
IDN,L,10,Y1_nocap,0.6230601690597244
IDN,L,0,Y2_nocap,0.0
IDN,L,1,Y2_nocap,0.25439738790743943
IDN,L,2,Y2_nocap,0.6111233071665259
IDN,L,3,Y2_nocap,0.7116981857547453
IDN,L,4,Y2_nocap,0.6469908152221653
IDN,L,5,Y2_nocap,0.5343462790131512
IDN,L,6,Y2_nocap,0.43776016583282806
IDN,L,7,Y2_nocap,0.37970621711053304
IDN,L,8,Y2_nocap,0.3637893591960351
IDN,L,9,Y2_nocap,0.3934046592059354
IDN,L,10,Y2_nocap,0.4285023625359688
IND,G,0,Z1,1.0
IND,G,1,Z1,0.006737946999085479
IND,G,2,Z1,4.539992976248501e-05
IND,G,3,Z1,3.0590232050182743e-07
IND,G,4,Z1,2.0611536224385723e-09
IND,G,5,Z1,1.388794386496412e-11
IND,G,6,Z1,9.357622968840275e-14
IND,G,7,Z1,6.305116760147079e-16
IND,G,8,Z1,4.24835425529165e-18
IND,G,9,Z1,2.8625185805494346e-20
IND,G,10,Z1,1.928749847963945e-22
IND,G,0,Z2,0.0
IND,G,1,Z2,0.4400199929633533
IND,G,2,Z2,1.548940753659756
IND,G,3,Z2,2.300281535900307
IND,G,4,Z2,2.3992174583480526
IND,G,5,Z2,2.0619211897262972
IND,G,6,Z2,1.5677911538974443
IND,G,7,Z2,1.0954712602293732
IND,G,8,Z2,0.7195305515552611
IND,G,9,Z2,0.45079513043226616
IND,G,10,Z2,0.2720972155291077
IND,G,0,Y1,1.000000000000003
IND,G,1,Y1,0.7185789607850082
IND,G,2,Y1,0.3923034803084419
IND,G,3,Y1,0.26448459374789696
IND,G,4,Y1,0.47772071103328423
IND,G,5,Y1,0.42521985598889067
IND,G,6,Y1,0.40170493464236134
IND,G,7,Y1,0.39808167473439326
IND,G,8,Y1,0.5752675189553037
IND,G,9,Y1,0.392118010845575
IND,G,10,Y1,0.4746942037511232
IND,G,0,Y2,0.0
IND,G,1,Y2,0.4400199929633547
IND,G,2,Y2,1.862165031536869
IND,G,3,Y2,3.5733720014646884
IND,G,4,Y2,4.752022863541754
IND,G,5,Y2,5.276052780166388
IND,G,6,Y2,5.4903544398650554
IND,G,7,Y2,5.562563898894918
IND,G,8,Y2,5.551040612823648
IND,G,9,Y2,5.573577534842629
IND,G,10,Y2,5.699039146156763
IND,G,0,Y1_nocap,1.000000000000003
IND,G,1,Y1_nocap,0.6858909991440632
IND,G,2,Y1_nocap,0.3392319525168019
IND,G,3,Y1_nocap,0.2036311934130046
IND,G,4,Y1_nocap,0.4140028451468385
IND,G,5,Y1_nocap,0.35193939116310613
IND,G,6,Y1_nocap,0.32148645171793155
IND,G,7,Y1_nocap,0.3123529315753106
IND,G,8,Y1_nocap,0.48467042035323693
IND,G,9,Y1_nocap,0.29132320038202614
IND,G,10,Y1_nocap,0.37065723535760925
IND,G,0,Y2_nocap,0.0
IND,G,1,Y2_nocap,0.4400199929633547
IND,G,2,Y2_nocap,1.847781674885634
IND,G,3,Y2_nocap,3.4994846665343147
IND,G,4,Y2_nocap,4.568348485840303
IND,G,5,Y2_nocap,4.954493296883772
IND,G,6,Y2_nocap,5.026879293269098
IND,G,7,Y2_nocap,4.9636498145639925
IND,G,8,Y2_nocap,4.827193739934866
IND,G,9,Y2_nocap,4.737043004339079
IND,G,10,Y2_nocap,4.75978545812545
IND,L,0,Z1,1.0
IND,L,1,Z1,0.5289961041191199
IND,L,2,Z1,0.27983687817320674
IND,L,3,Z1,0.14803261834248313
IND,L,4,Z1,0.07830867838572615
IND,L,5,Z1,0.04142498578476628
IND,L,6,Z1,0.021913656093331273
IND,L,7,Z1,0.011592238700378463
IND,L,8,Z1,0.006132249110519095
IND,L,9,Z1,0.0032439358889525386
IND,L,10,Z1,0.0017160294472680878
IND,L,0,Z2,0.0
IND,L,1,Z2,0.26963910704881283
IND,L,2,Z2,0.5816419844006491
IND,L,3,Z2,0.5293128103736305
IND,L,4,Z2,0.33830739801752496
IND,L,5,Z2,0.17816582951064996
IND,L,6,Z2,0.08301394110389067
IND,L,7,Z2,0.03554465323373399
IND,L,8,Z2,0.014306486944173505
IND,L,9,Z2,0.00549254280823643
IND,L,10,Z2,0.0020315560195339507
IND,L,0,Y1,1.00511673509676
IND,L,1,Y1,0.9439094943829508
IND,L,2,Y1,0.8478223343257446
IND,L,3,Y1,0.7379323066063168
IND,L,4,Y1,0.6356048860068265
IND,L,5,Y1,0.588683199758258
IND,L,6,Y1,0.5693753102802613
IND,L,7,Y1,0.609212392296824
IND,L,8,Y1,0.7016257460004917
IND,L,9,Y1,0.6946964124707496
IND,L,10,Y1,0.642836290219497
IND,L,0,Y2,0.0
IND,L,1,Y2,0.27101877893130855
IND,L,2,Y2,0.6957651273585131
IND,L,3,Y2,0.8657465216017322
IND,L,4,Y2,0.838969390007892
IND,L,5,Y2,0.7374701907845587
IND,L,6,Y2,0.6386956561106986
IND,L,7,Y2,0.576157380248466
IND,L,8,Y2,0.5592176399059433
IND,L,9,Y2,0.5949192003730175
IND,L,10,Y2,0.6431112853317202
IND,L,0,Y1_nocap,1.00511673509676
IND,L,1,Y1_nocap,0.9110542771014362
IND,L,2,Y1_nocap,0.7872338441308173
IND,L,3,Y1_nocap,0.6553860630410917
IND,L,4,Y1_nocap,0.5367789291107242
IND,L,5,Y1_nocap,0.47846895667746836
IND,L,6,Y1_nocap,0.4503884281982434
IND,L,7,Y1_nocap,0.4829173964658128
IND,L,8,Y1_nocap,0.5674147050512423
IND,L,9,Y1_nocap,0.5503005365994362
IND,L,10,Y1_nocap,0.48944963175751216
IND,L,0,Y2_nocap,0.0
IND,L,1,Y2_nocap,0.27101877893130855
IND,L,2,Y2_nocap,0.6869060759088308
IND,L,3,Y2_nocap,0.8349859251336743
IND,L,4,Y2_nocap,0.7828315225324372
IND,L,5,Y2_nocap,0.6592411510671359
IND,L,6,Y2_nocap,0.5437918797361743
IND,L,7,Y2_nocap,0.4693916844846923
IND,L,8,Y2_nocap,0.4437611409789894
IND,L,9,Y2_nocap,0.4721512392650497
IND,L,10,Y2_nocap,0.5125594305401109
IRL,G,0,Z1,1.0
IRL,G,1,Z1,0.951229424500714
IRL,G,2,Z1,0.9048374180359595
IRL,G,3,Z1,0.8607079764250578
IRL,G,4,Z1,0.8187307530779818
IRL,G,5,Z1,0.7788007830714049
IRL,G,6,Z1,0.7408182206817179
IRL,G,7,Z1,0.7046880897187134
IRL,G,8,Z1,0.6703200460356393
IRL,G,9,Z1,0.6376281516217733
IRL,G,10,Z1,0.6065306597126334
IRL,G,0,Z2,0.0
IRL,G,1,Z2,0.4257583437100922
IRL,G,2,Z2,1.450161337910088
IRL,G,3,Z2,2.08378672652591
IRL,G,4,Z2,2.102967905969176
IRL,G,5,Z2,1.7487424463299164
IRL,G,6,Z2,1.2865680360431313
IRL,G,7,Z2,0.8698338291710733
IRL,G,8,Z2,0.5528092516920478
IRL,G,9,Z2,0.3351166745348982
IRL,G,10,Z2,0.19571840919014022
IRL,G,0,Y1,1.000000000000003
IRL,G,1,Y1,1.6684637626785035
IRL,G,2,Y1,1.9838516096688843
IRL,G,3,Y1,2.1604057816285893
IRL,G,4,Y1,2.5439101477179755
IRL,G,5,Y1,2.8573498666650736
IRL,G,6,Y1,3.1345994822260765
IRL,G,7,Y1,3.3969562662333805
IRL,G,8,Y1,3.8257576999369336
IRL,G,9,Y1,4.052239889049327
IRL,G,10,Y1,4.3533904528546525
IRL,G,0,Y2,0.0
IRL,G,1,Y2,0.4257583437100935
IRL,G,2,Y2,1.755529841784671
IRL,G,3,Y2,3.2928160228409293
IRL,G,4,Y2,4.289260057968507
IRL,G,5,Y2,4.688306241193984
IRL,G,6,Y2,4.839925224491809
IRL,G,7,Y2,4.891720062507982
IRL,G,8,Y2,4.885767186765609
IRL,G,9,Y2,4.9266954364927935
IRL,G,10,Y2,5.066501917884815
IRL,G,0,Y1_nocap,1.000000000000003
IRL,G,1,Y1_nocap,1.6303824766456947
IRL,G,2,Y1_nocap,1.8854782402931523
IRL,G,3,Y1_nocap,1.9948678479192243
IRL,G,4,Y1_nocap,2.310207783889443
IRL,G,5,Y1_nocap,2.5466874826812607
IRL,G,6,Y1_nocap,2.7415991712874517
IRL,G,7,Y1_nocap,2.9180765748181083
IRL,G,8,Y1_nocap,3.2583261037685176
IRL,G,9,Y1_nocap,3.387473181301042
IRL,G,10,Y1_nocap,3.5909584798344243
IRL,G,0,Y2_nocap,0.0
IRL,G,1,Y2_nocap,0.4257583437100935
IRL,G,2,Y2_nocap,1.739316416516992
IRL,G,3,Y2_nocap,3.2111314185142215
IRL,G,4,Y2_nocap,4.089141679199367
IRL,G,5,Y2_nocap,4.341900755926475
IRL,G,6,Y2_nocap,4.344502548852193
IRL,G,7,Y2_nocap,4.254205107399056
IRL,G,8,Y2_nocap,4.116296176698928
IRL,G,9,Y2_nocap,4.036739927339333
IRL,G,10,Y2_nocap,4.064770603557223
IRL,L,0,Z1,1.0
IRL,L,1,Z1,0.9512294243344529
IRL,L,2,Z1,0.9048374177196546
IRL,L,3,Z1,0.8607079759737399
IRL,L,4,Z1,0.8187307525055728
IRL,L,5,Z1,0.7788007823907894
IRL,L,6,Z1,0.7408182199048122
IRL,L,7,Z1,0.7046880888565286
IRL,L,8,Z1,0.6703200450983415
IRL,L,9,Z1,0.6376281506187399
IRL,L,10,Z1,0.6065306586525058
IRL,L,0,Z2,0.0
IRL,L,1,Z2,0.16338153575140202
IRL,L,2,Z2,0.21354820979589326
IRL,L,3,Z2,0.11775319134777777
IRL,L,4,Z2,0.04560283790703084
IRL,L,5,Z2,0.014552073616939368
IRL,L,6,Z2,0.004108389354840403
IRL,L,7,Z2,0.0010658962595123979
IRL,L,8,Z2,0.0002599523531468661
IRL,L,9,Z2,6.0471994728961965e-05
IRL,L,10,Z2,1.3552822179380662e-05
IRL,L,0,Y1,1.00511673509676
IRL,L,1,Y1,1.373724191250919
IRL,L,2,Y1,1.6629347186016095
IRL,L,3,Y1,1.880918801213751
IRL,L,4,Y1,2.0456758271879254
IRL,L,5,Y1,2.2109386916358083
IRL,L,6,Y1,2.3749903584142356
IRL,L,7,Y1,2.5824209603170285
IRL,L,8,Y1,2.8526370867132576
IRL,L,9,Y1,3.0557720557263948
IRL,L,10,Y1,3.2023860197917533
IRL,L,0,Y2,0.0
IRL,L,1,Y2,0.16421751578954377
IRL,L,2,Y2,0.28287351447111236
IRL,L,3,Y2,0.2657371099479368
IRL,L,4,Y2,0.21994589350044652
IRL,L,5,Y2,0.18139131913909365
IRL,L,6,Y2,0.15974359040965297
IRL,L,7,Y2,0.15282972921956026
IRL,L,8,Y2,0.1603015486563047
IRL,L,9,Y2,0.18336848967855626
IRL,L,10,Y2,0.19634290208583205
IRL,L,0,Y1_nocap,1.00511673509676
IRL,L,1,Y1_nocap,1.3354480533653366
IRL,L,2,Y1_nocap,1.5756071639343712
IRL,L,3,Y1_nocap,1.7377063219917026
IRL,L,4,Y1_nocap,1.8430396393985258
IRL,L,5,Y1_nocap,1.9476685296152991
IRL,L,6,Y1_nocap,2.049959828394214
IRL,L,7,Y1_nocap,2.19464578008079
IRL,L,8,Y1_nocap,2.399564925713765
IRL,L,9,Y1_nocap,2.5326771311472784
IRL,L,10,Y1_nocap,2.6074998012880086
IRL,L,0,Y2_nocap,0.0
IRL,L,1,Y2_nocap,0.16421751578954377
IRL,L,2,Y2_nocap,0.27661990028073347
IRL,L,3,Y2_nocap,0.2492442210559459
IRL,L,4,Y2_nocap,0.1947388636746239
IRL,L,5,Y2_nocap,0.14995652733307038
IRL,L,6,Y2_nocap,0.12407995387096718
IRL,L,7,Y2_nocap,0.11412198959207295
IRL,L,8,Y2_nocap,0.11907240315814022
IRL,L,9,Y2_nocap,0.13954826776457233
IRL,L,10,Y2_nocap,0.14927398802068417
IRN,G,0,Z1,1.0
IRN,G,1,Z1,0.006737947001051512
IRN,G,2,Z1,4.5399929788979076e-05
IRN,G,3,Z1,3.0590232076960053e-07
IRN,G,4,Z1,2.0611536248442295e-09
IRN,G,5,Z1,1.3887943885225644e-11
IRN,G,6,Z1,9.357622985222757e-14
IRN,G,7,Z1,6.305116773025266e-16
IRN,G,8,Z1,4.2483542652085065e-18
IRN,G,9,Z1,2.8625185880665986e-20
IRN,G,10,Z1,1.9287498535917632e-22
IRN,G,0,Z2,0.0
IRN,G,1,Z2,0.4481161407415571
IRN,G,2,Z2,1.6064646047448559
IRN,G,3,Z2,2.4296041763420937
IRN,G,4,Z2,2.580728526298046
IRN,G,5,Z2,2.2587228662232937
IRN,G,6,Z2,1.7490300603552424
IRN,G,7,Z2,1.2445955094248415
IRN,G,8,Z2,0.8325199658060607
IRN,G,9,Z2,0.5311813423983697
IRN,G,10,Z2,0.32651705512959805
IRN,G,0,Y1,1.000000000000003
IRN,G,1,Y1,0.7412518142507869
IRN,G,2,Y1,0.43047033364372167
IRN,G,3,Y1,0.31019881168263486
IRN,G,4,Y1,0.5278129324274576
IRN,G,5,Y1,0.48436436079423073
IRN,G,6,Y1,0.4683863473653707
IRN,G,7,Y1,0.4714943668222642
IRN,G,8,Y1,0.6550847428559743
IRN,G,9,Y1,0.48212367100660103
IRN,G,10,Y1,0.5703689266763465
IRN,G,0,Y2,0.0
IRN,G,1,Y2,0.4481161407415585
IRN,G,2,Y2,1.9356121242579685
IRN,G,3,Y2,3.800237287405884
IRN,G,4,Y2,5.186523667499838
IRN,G,5,Y2,5.917290349428372
IRN,G,6,Y2,6.3127571398241775
IRN,G,7,Y2,6.541496249499155
IRN,G,8,Y2,6.666958562760301
IRN,G,9,Y2,6.812558774435122
IRN,G,10,Y2,7.0584421152208945
IRN,G,0,Y1_nocap,1.000000000000003
IRN,G,1,Y1_nocap,0.6858909991460292
IRN,G,2,Y1_nocap,0.3392319525181636
IRN,G,3,Y1_nocap,0.20363119341368072
IRN,G,4,Y1_nocap,0.4140028451472434
IRN,G,5,Y1_nocap,0.3519393911639228
IRN,G,6,Y1_nocap,0.32148645171862894
IRN,G,7,Y1_nocap,0.3123529315759473
IRN,G,8,Y1_nocap,0.4846704203538553
IRN,G,9,Y1_nocap,0.2913232003829832
IRN,G,10,Y1_nocap,0.37065723535818845
IRN,G,0,Y2_nocap,0.0
IRN,G,1,Y2_nocap,0.4481161407415585
IRN,G,2,Y2_nocap,1.9108040494449177
IRN,G,3,Y2_nocap,3.6705838617060627
IRN,G,4,Y2_nocap,4.858567624412208
IRN,G,5,Y2_nocap,5.33276436325483
IRN,G,6,Y2_nocap,5.455113568383424
IRN,G,7,Y2_nocap,5.414291900328404
IRN,G,8,Y2_nocap,5.282648986378505
IRN,G,9,Y2_nocap,5.188156351778173
IRN,G,10,Y2_nocap,5.208259096149231
IRN,L,0,Z1,1.0
IRN,L,1,Z1,0.8153117752789207
IRN,L,2,Z1,0.6647332909084654
IRN,L,3,Z1,0.5419648794975802
IRN,L,4,Z1,0.44187034804199854
IRN,L,5,Z1,0.3602620979052364
IRN,L,6,Z1,0.2937259306088267
IRN,L,7,Z1,0.23947820993013555
IRN,L,8,Z1,0.1952494044787569
IRN,L,9,Z1,0.15918913858772737
IRN,L,10,Z1,0.12978877918708215
IRN,L,0,Z2,0.0
IRN,L,1,Z2,0.6856411368830336
IRN,L,2,Z2,3.7608301486900713
IRN,L,3,Z2,8.702707023354991
IRN,L,4,Z2,14.143843407296185
IRN,L,5,Z2,18.94062670639484
IRN,L,6,Z2,22.44062504721549
IRN,L,7,Z2,24.432740623705453
IRN,L,8,Z2,25.00603829126447
IRN,L,9,Z2,24.411773150859776
IRN,L,10,Z2,22.959829761983833
IRN,L,0,Y1,1.00511673509676
IRN,L,1,Y1,1.2544790314350018
IRN,L,2,Y1,1.4026218609427128
IRN,L,3,Y1,1.4711389252911482
IRN,L,4,Y1,1.488017595849632
IRN,L,5,Y1,1.5130093038331354
IRN,L,6,Y1,1.5429364412021933
IRN,L,7,Y1,1.621402152452542
IRN,L,8,Y1,1.761718528453794
IRN,L,9,Y1,1.826742757729484
IRN,L,10,Y1,1.8365033875575183
IRN,L,0,Y2,0.0
IRN,L,1,Y2,0.6891493809519055
IRN,L,2,Y2,4.078324144397581
IRN,L,3,Y2,10.643608045232876
IRN,L,4,Y2,19.65492157004486
IRN,L,5,Y2,29.92537994220214
IRN,L,6,Y2,40.30836269323588
IRN,L,7,Y2,49.99766092656204
IRN,L,8,Y2,58.59348067654165
IRN,L,9,Y2,66.11223449363919
IRN,L,10,Y2,72.81216623357385
IRN,L,0,Y1_nocap,1.00511673509676
IRN,L,1,Y1_nocap,1.1988349497046127
IRN,L,2,Y1_nocap,1.28271393201318
IRN,L,3,Y1_nocap,1.2847541995498415
IRN,L,4,Y1_nocap,1.237557482300049
IRN,L,5,Y1_nocap,1.2035101823084267
IRN,L,6,Y1_nocap,1.1785162374780633
IRN,L,7,Y1_nocap,1.2055218383818822
IRN,L,8,Y1_nocap,1.2948294338981194
IRN,L,9,Y1_nocap,1.3058300526423052
IRN,L,10,Y1_nocap,1.2630014102341138
IRN,L,0,Y2_nocap,0.0
IRN,L,1,Y2_nocap,0.6891493809519055
IRN,L,2,Y2_nocap,4.040172272939145
IRN,L,3,Y2_nocap,10.38323196640151
IRN,L,4,Y2_nocap,18.829569541862636
IRN,L,5,Y2_nocap,28.088824985092806
IRN,L,6,Y2_nocap,36.986251728542214
IRN,L,7,Y2_nocap,44.75361352089367
IRN,L,8,Y2_nocap,51.07018298291416
IRN,L,9,Y2_nocap,56.04620443561221
IRN,L,10,Y2_nocap,60.024101279442
IRQ,G,0,Z1,1.0
IRQ,G,1,Z1,0.006737946999086107
IRQ,G,2,Z1,4.539992976249348e-05
IRQ,G,3,Z1,3.059023205019127e-07
IRQ,G,4,Z1,2.0611536224393412e-09
IRQ,G,5,Z1,1.3887943864970632e-11
IRQ,G,6,Z1,9.357622968845494e-14
IRQ,G,7,Z1,6.305116760151201e-16
IRQ,G,8,Z1,4.248354255294819e-18
IRQ,G,9,Z1,2.862518580551834e-20
IRQ,G,10,Z1,1.9287498479657542e-22
IRQ,G,0,Z2,0.0
IRQ,G,1,Z2,0.4719213761593071
IRQ,G,2,Z2,1.7816782822087538
IRQ,G,3,Z2,2.837740725494231
IRQ,G,4,Z2,3.174377501294336
IRQ,G,5,Z2,2.9258917946483702
IRQ,G,6,Z2,2.386006644482526
IRQ,G,7,Z2,1.7880582682499044
IRQ,G,8,Z2,1.2595840650904588
IRQ,G,9,Z2,0.846358528293487
IRQ,G,10,Z2,0.5478939388154022
IRQ,G,0,Y1,1.000000000000003
IRQ,G,1,Y1,0.7656185804487418
IRQ,G,2,Y1,0.47205715656296127
IRQ,G,3,Y1,0.36085893781104816
IRQ,G,4,Y1,0.5843363287703734
IRQ,G,5,Y1,0.5518901951603532
IRQ,G,6,Y1,0.5455169373483104
IRQ,G,7,Y1,0.5575559048682684
IRQ,G,8,Y1,0.7498962945767027
IRQ,G,9,Y1,0.5899119189453477
IRQ,G,10,Y1,0.6865296757181527
IRQ,G,0,Y2,0.0
IRQ,G,1,Y2,0.47192137615930857
IRQ,G,2,Y2,2.1398102750869676
IRQ,G,3,Y2,4.410161232267334
IRQ,G,4,Y2,6.328542833330964
IRQ,G,5,Y2,7.571683083041303
IRQ,G,6,Y2,8.398877346612828
IRQ,G,7,Y2,8.983509929541935
IRQ,G,8,Y2,9.405889971782404
IRQ,G,9,Y2,9.808935849681994
IRQ,G,10,Y2,10.306535484992104
IRQ,G,0,Y1_nocap,1.000000000000003
IRQ,G,1,Y1_nocap,0.6858909991440638
IRQ,G,2,Y1_nocap,0.3392319525168023
IRQ,G,3,Y1_nocap,0.2036311934130048
IRQ,G,4,Y1_nocap,0.4140028451468386
IRQ,G,5,Y1_nocap,0.3519393911631064
IRQ,G,6,Y1_nocap,0.3214864517179318
IRQ,G,7,Y1_nocap,0.3123529315753108
IRQ,G,8,Y1_nocap,0.4846704203532371
IRQ,G,9,Y1_nocap,0.29132320038202647
IRQ,G,10,Y1_nocap,0.3706572353576094
IRQ,G,0,Y2_nocap,0.0
IRQ,G,1,Y2_nocap,0.47192137615930857
IRQ,G,2,Y2_nocap,2.102185125199811
IRQ,G,3,Y2_nocap,4.205682795347425
IRQ,G,4,Y2_nocap,5.792825187081375
IRQ,G,5,Y2_nocap,6.584779814192161
IRQ,G,6,Y2_nocap,6.906627716880097
IRQ,G,7,Y2_nocap,6.970311626849575
IRQ,G,8,Y2_nocap,6.877034005557396
IRQ,G,9,Y2_nocap,6.782122086325709
IRQ,G,10,Y2_nocap,6.799241811393788
IRQ,L,0,Z1,1.0
IRQ,L,1,Z1,0.8824096754719628
IRQ,L,2,Z1,0.7786468353665348
IRQ,L,3,Z1,0.6870855013030548
IRQ,L,4,Z1,0.6062908942263194
IRQ,L,5,Z1,0.5349969512158528
IRQ,L,6,Z1,0.4720864861008701
IRQ,L,7,Z1,0.41657368299496805
IRQ,L,8,Z1,0.3675886484217501
IRQ,L,9,Z1,0.324363779961014
IRQ,L,10,Z1,0.2862217378102575
IRQ,L,0,Z2,0.0
IRQ,L,1,Z2,0.271576185756444
IRQ,L,2,Z2,0.5900289973601487
IRQ,L,3,Z2,0.5408026579870924
IRQ,L,4,Z2,0.3481342177258223
IRQ,L,5,Z2,0.18465813082281693
IRQ,L,6,Z2,0.08665704144767526
IRQ,L,7,Z2,0.03737110256183853
IRQ,L,8,Z2,0.015149679193946284
IRQ,L,9,Z2,0.005858044793525057
IRQ,L,10,Z2,0.0021823120178545005
IRQ,L,0,Y1,1.00511673509676
IRQ,L,1,Y1,1.3464116982966106
IRQ,L,2,Y1,1.6021617627130766
IRQ,L,3,Y1,1.7836657063935089
IRQ,L,4,Y1,1.9114101882053185
IRQ,L,5,Y1,2.040786929012448
IRQ,L,6,Y1,2.1700466493070465
IRQ,L,7,Y1,2.343796386000333
IRQ,L,8,Y1,2.5802435351286253
IRQ,L,9,Y1,2.7479625556246803
IRQ,L,10,Y1,2.8597066105361666
IRQ,L,0,Y2,0.0
IRQ,L,1,Y2,0.2729657691575482
IRQ,L,2,Y2,0.7178337371430302
IRQ,L,3,Y2,0.9271333594368739
IRQ,L,4,Y2,0.9431803442431888
IRQ,L,5,Y2,0.8794055462071528
IRQ,L,6,Y2,0.8114492094333066
IRQ,L,7,Y2,0.7743604605068606
IRQ,L,8,Y2,0.779943617460065
IRQ,L,9,Y2,0.8378110091116668
IRQ,L,10,Y2,0.9102058013964367
IRQ,L,0,Y1_nocap,1.00511673509676
IRQ,L,1,Y1_nocap,1.2662761720784914
IRQ,L,2,Y1_nocap,1.4226640269647577
IRQ,L,3,Y1_nocap,1.4943149288047781
IRQ,L,4,Y1_nocap,1.5086802064475524
IRQ,L,5,Y1_nocap,1.5257890057670207
IRQ,L,6,Y1_nocap,1.543651195591488
IRQ,L,7,Y1_nocap,1.6067964231524006
IRQ,L,8,Y1_nocap,1.7298059940128991
IRQ,L,9,Y1_nocap,1.776537914013808
IRQ,L,10,Y1_nocap,1.7659770359703113
IRQ,L,0,Y2_nocap,0.0
IRQ,L,1,Y2_nocap,0.2729657691575482
IRQ,L,2,Y2_nocap,0.6960708365891279
IRQ,L,3,Y2_nocap,0.8503075588381201
IRQ,L,4,Y2_nocap,0.8000906325089421
IRQ,L,5,Y2_nocap,0.6753744394006105
IRQ,L,6,Y2_nocap,0.5576329366234766
IRQ,L,7,Y2_nocap,0.48113713459925034
IRQ,L,8,Y2_nocap,0.45419637717147293
IRQ,L,9,Y2_nocap,0.48233509509904643
IRQ,L,10,Y2_nocap,0.5233494676566686
ISL,G,0,Z1,1.0
ISL,G,1,Z1,0.951229424500714
ISL,G,2,Z1,0.9048374180359595
ISL,G,3,Z1,0.8607079764250578
ISL,G,4,Z1,0.8187307530779818
ISL,G,5,Z1,0.7788007830714049
ISL,G,6,Z1,0.7408182206817179
ISL,G,7,Z1,0.7046880897187134
ISL,G,8,Z1,0.6703200460356393
ISL,G,9,Z1,0.6376281516217733
ISL,G,10,Z1,0.6065306597126334
ISL,G,0,Z2,0.0
ISL,G,1,Z2,0.3973593180107791
ISL,G,2,Z2,1.263155420879932
ISL,G,3,Z2,1.694002195965831
ISL,G,4,Z2,1.5955616172983582
ISL,G,5,Z2,1.2383032736208033
ISL,G,6,Z2,0.8502647229443134
ISL,G,7,Z2,0.5365101360192468
ISL,G,8,Z2,0.318227109324469
ISL,G,9,Z2,0.18004378847749308
ISL,G,10,Z2,0.09813727983743989
ISL,G,0,Y1,1.000000000000003
ISL,G,1,Y1,1.652459781045442
ISL,G,2,Y1,1.942604204311102
ISL,G,3,Y1,2.0911728155706166
ISL,G,4,Y1,2.4464283563008724
ISL,G,5,Y1,2.728075533114302
ISL,G,6,Y1,2.971440561556878
ISL,G,7,Y1,3.198598690970156
ISL,G,8,Y1,3.5912539314205647
ISL,G,9,Y1,3.7780734548387276
ISL,G,10,Y1,4.03961173392852
ISL,G,0,Y2,0.0
ISL,G,1,Y2,0.39735931801078034
ISL,G,2,Y2,1.5417958371250033
ISL,G,3,Y2,2.727080461781966
ISL,G,4,Y2,3.348426073122615
ISL,G,5,Y2,3.47421572454367
ISL,G,6,Y2,3.4591958530419142
ISL,G,7,Y2,3.4106608558216234
ISL,G,8,Y2,3.3430672560477968
ISL,G,9,Y2,3.3405907390499445
ISL,G,10,Y2,3.4259521832218325
ISL,G,0,Y1_nocap,1.000000000000003
ISL,G,1,Y1_nocap,1.6303824766456947
ISL,G,2,Y1_nocap,1.8854782402931523
ISL,G,3,Y1_nocap,1.9948678479192243
ISL,G,4,Y1_nocap,2.310207783889443
ISL,G,5,Y1_nocap,2.5466874826812607
ISL,G,6,Y1_nocap,2.7415991712874517
ISL,G,7,Y1_nocap,2.9180765748181083
ISL,G,8,Y1_nocap,3.2583261037685176
ISL,G,9,Y1_nocap,3.387473181301042
ISL,G,10,Y1_nocap,3.5909584798344243
ISL,G,0,Y2_nocap,0.0
ISL,G,1,Y2_nocap,0.39735931801078034
ISL,G,2,Y2_nocap,1.5330232145052034
ISL,G,3,Y2_nocap,2.684838637714122
ISL,G,4,Y2_nocap,3.2487198867977836
ISL,G,5,Y2_nocap,3.307057968360619
ISL,G,6,Y2_nocap,3.2261882012657788
ISL,G,7,Y2_nocap,3.1164097011224716
ISL,G,8,Y2_nocap,2.9926198803654187
ISL,G,9,Y2_nocap,2.93908753121069
ISL,G,10,Y2_nocap,2.976762222467134
ISL,L,0,Z1,1.0
ISL,L,1,Z1,0.9512294245007138
ISL,L,2,Z1,0.9048374180359592
ISL,L,3,Z1,0.8607079764250574
ISL,L,4,Z1,0.8187307530779813
ISL,L,5,Z1,0.7788007830714041
ISL,L,6,Z1,0.740818220681717
ISL,L,7,Z1,0.7046880897187124
ISL,L,8,Z1,0.6703200460356382
ISL,L,9,Z1,0.6376281516217721
ISL,L,10,Z1,0.6065306597126322
ISL,L,0,Z2,0.0
ISL,L,1,Z2,0.21736508434875554
ISL,L,2,Z2,0.37798063915153285
ISL,L,3,Z2,0.2772893031008721
ISL,L,4,Z2,0.1428693635734013
ISL,L,5,Z2,0.06065392824997146
ISL,L,6,Z2,0.022782031885679194
ISL,L,7,Z2,0.007863621624472576
ISL,L,8,Z2,0.002551456880983591
ISL,L,9,Z2,0.000789651718100228
ISL,L,10,Z2,0.00023544953677777193
ISL,L,0,Y1,1.00511673509676
ISL,L,1,Y1,1.3576383216504595
ISL,L,2,Y1,1.6263298956545529
ISL,L,3,Y1,1.821041253684593
ISL,L,4,Y1,1.961168378548786
ISL,L,5,Y1,2.1014259870002627
ISL,L,6,Y1,2.240129595402094
ISL,L,7,Y1,2.4219262713662073
ISL,L,8,Y1,2.6655605955470487
ISL,L,9,Y1,2.8402534856266692
ISL,L,10,Y1,2.957814284686651
ISL,L,0,Y2,0.0
ISL,L,1,Y2,0.218477283904653
ISL,L,2,Y2,0.46719581321932807
ISL,L,3,Y2,0.5032796285063541
ISL,L,4,Y2,0.4410951858121753
ISL,L,5,Y2,0.36453875817311887
ISL,L,6,Y2,0.30889891769647115
ISL,L,7,Y2,0.28159210770664134
ISL,L,8,Y2,0.28252483332569805
ISL,L,9,Y2,0.3138076003707659
ISL,L,10,Y2,0.34121647359918184
ISL,L,0,Y1_nocap,1.00511673509676
ISL,L,1,Y1_nocap,1.3354480535324482
ISL,L,2,Y1_nocap,1.5756071643153655
ISL,L,3,Y1_nocap,1.7377063226160776
ISL,L,4,Y1_nocap,1.8430396402813622
ISL,L,5,Y1_nocap,1.9476685307615047
ISL,L,6,Y1_nocap,2.0499598298083397
ISL,L,7,Y1_nocap,2.194645781766776
ISL,L,8,Y1_nocap,2.399564927682409
ISL,L,9,Y1_nocap,2.532677133418864
ISL,L,10,Y1_nocap,2.6074998038698927
ISL,L,0,Y2_nocap,0.0
ISL,L,1,Y2_nocap,0.218477283904653
ISL,L,2,Y2_nocap,0.4623724237181351
ISL,L,3,Y2_nocap,0.48845493602358525
ISL,L,4,Y2_nocap,0.4161218140993329
ISL,L,5,Y2_nocap,0.3314483964873393
ISL,L,6,Y2_nocap,0.26990865829389193
ISL,L,7,Y2_nocap,0.23831333344058658
ISL,L,8,Y2_nocap,0.2358388035609652
ISL,L,9,Y2_nocap,0.263914912710426
ISL,L,10,Y2_nocap,0.28763465629765844
ISR,G,0,Z1,1.0
ISR,G,1,Z1,0.006737946999085479
ISR,G,2,Z1,4.539992976248501e-05
ISR,G,3,Z1,3.0590232050182743e-07
ISR,G,4,Z1,2.0611536224385723e-09
ISR,G,5,Z1,1.388794386496412e-11
ISR,G,6,Z1,9.357622968840275e-14
ISR,G,7,Z1,6.305116760147079e-16
ISR,G,8,Z1,4.24835425529165e-18
ISR,G,9,Z1,2.8625185805494346e-20
ISR,G,10,Z1,1.928749847963945e-22
ISR,G,0,Z2,0.0
ISR,G,1,Z2,0.46824852685340734
ISR,G,2,Z2,1.7540534632030893
ISR,G,3,Z2,2.771998706813503
ISR,G,4,Z2,3.076703551774751
ISR,G,5,Z2,2.813792784537448
ISR,G,6,Z2,2.276733875726143
ISR,G,7,Z2,1.6928912416096444
ISR,G,8,Z2,1.1832630931879211
ISR,G,9,Z2,0.7888879199089207
ISR,G,10,Z2,0.5067155093961605
ISR,G,0,Y1,1.000000000000003
ISR,G,1,Y1,0.7245189279707094
ISR,G,2,Y1,0.4026562016356036
ISR,G,3,Y1,0.27737090274608645
ISR,G,4,Y1,0.49236653196220276
ISR,G,5,Y1,0.44284998928501573
ISR,G,6,Y1,0.4219949692562852
ISR,G,7,Y1,0.4208610740726904
ISR,G,8,Y1,0.6004736853733327
ISR,G,9,Y1,0.4207571347119642
ISR,G,10,Y1,0.5056539810783331
ISR,G,0,Y2,0.0
ISR,G,1,Y2,0.4682485268534088
ISR,G,2,Y2,2.0901533501464513
ISR,G,3,Y2,4.217282213877506
ISR,G,4,Y2,5.892717244642566
ISR,G,5,Y2,6.836261588454877
ISR,G,6,Y2,7.347775441005574
ISR,G,7,Y2,7.618206556334787
ISR,G,8,Y2,7.735048106622385
ISR,G,9,Y2,7.843959625224161
ISR,G,10,Y2,8.053418330244233
ISR,G,0,Y1_nocap,1.000000000000003
ISR,G,1,Y1_nocap,0.6858909991440632
ISR,G,2,Y1_nocap,0.3392319525168019
ISR,G,3,Y1_nocap,0.2036311934130046
ISR,G,4,Y1_nocap,0.4140028451468385
ISR,G,5,Y1_nocap,0.35193939116310613
ISR,G,6,Y1_nocap,0.32148645171793155
ISR,G,7,Y1_nocap,0.3123529315753106
ISR,G,8,Y1_nocap,0.48467042035323693
ISR,G,9,Y1_nocap,0.29132320038202614
ISR,G,10,Y1_nocap,0.37065723535760925
ISR,G,0,Y2_nocap,0.0
ISR,G,1,Y2_nocap,0.4682485268534088
ISR,G,2,Y2_nocap,2.072065879377976
ISR,G,3,Y2_nocap,4.1199503227454874
ISR,G,4,Y2_nocap,5.640519280098186
ISR,G,5,Y2_nocap,6.377269613569316
ISR,G,6,Y2_nocap,6.662621755434156
ISR,G,7,Y2_nocap,6.70581151358626
ISR,G,8,Y2_nocap,6.603733756830875
ISR,G,9,Y2_nocap,6.507293533262043
ISR,G,10,Y2_nocap,6.524153813793396
ISR,L,0,Z1,1.0
ISR,L,1,Z1,0.5074785859572964
ISR,L,2,Z1,0.2575345152052171
ISR,L,3,Z1,0.13069325161154144
ISR,L,4,Z1,0.06632402652198618
ISR,L,5,Z1,0.033658023194371764
ISR,L,6,Z1,0.017080726016797675
ISR,L,7,Z1,0.008668102686128486
ISR,L,8,Z1,0.004398876494089126
ISR,L,9,Z1,0.002232335623021139
ISR,L,10,Z1,0.0011328625253528674
ISR,L,0,Z2,0.0
ISR,L,1,Z2,0.2911697523229359
ISR,L,2,Z2,0.6782385973423987
ISR,L,3,Z2,0.6665036548636407
ISR,L,4,Z2,0.46000759492498433
ISR,L,5,Z2,0.26160214351753336
ISR,L,6,Z2,0.1316228509471381
ISR,L,7,Z2,0.060858034112216186
ISR,L,8,Z2,0.02645087342358356
ISR,L,9,Z2,0.01096588890247996
ISR,L,10,Z2,0.004379883615549959
ISR,L,0,Y1,1.00511673509676
ISR,L,1,Y1,0.9282522372050275
ISR,L,2,Y1,0.8281300339934348
ISR,L,3,Y1,0.7204895128286455
ISR,L,4,Y1,0.6235394466202626
ISR,L,5,Y1,0.5831327817827764
ISR,L,6,Y1,0.5697326785409484
ISR,L,7,Y1,0.6145720691802106
ISR,L,8,Y1,0.7105161149599417
ISR,L,9,Y1,0.7056320506742747
ISR,L,10,Y1,0.6568452832696549
ISR,L,0,Y2,0.0
ISR,L,1,Y2,0.2926595908137616
ISR,L,2,Y2,0.8034694632645881
ISR,L,3,Y2,1.0575033968197742
ISR,L,4,Y2,1.0706692656316927
ISR,L,5,Y2,0.9720113399166307
ISR,L,6,Y2,0.8586257899136452
ISR,L,7,Y2,0.7802334432726357
ISR,L,8,Y2,0.7544346807986282
ISR,L,9,Y2,0.7927750518686688
ISR,L,10,Y2,0.8541225092487534
ISR,L,0,Y1_nocap,1.00511673509676
ISR,L,1,Y1_nocap,0.8894266594992389
ISR,L,2,Y1_nocap,0.7566546643784919
ISR,L,3,Y1_nocap,0.6229284656019607
ISR,L,4,Y1_nocap,0.5062051119442501
ISR,L,5,Y1_nocap,0.45140324881848504
ISR,L,6,Y1_nocap,0.4263576965808571
ISR,L,7,Y1_nocap,0.4610310735814714
ISR,L,8,Y1_nocap,0.5459166810129782
ISR,L,9,Y1_nocap,0.527181393538396
ISR,L,10,Y1_nocap,0.46587605993761166
ISR,L,0,Y2_nocap,0.0
ISR,L,1,Y2_nocap,0.2926595908137616
ISR,L,2,Y2_nocap,0.7921646294201987
ISR,L,3,Y2_nocap,1.0160958868814516
ISR,L,4,Y2_nocap,0.9918325052941669
ISR,L,5,Y2_nocap,0.8583281033700699
ISR,L,6,Y2_nocap,0.7167850572813301
ISR,L,7,Y2_nocap,0.6169406382372972
ISR,L,8,Y2_nocap,0.5744896999096897
ISR,L,9,Y2_nocap,0.598549778960295
ISR,L,10,Y2_nocap,0.6453153684140225
ITA,G,0,Z1,1.0
ITA,G,1,Z1,0.006737947048134769
ITA,G,2,Z1,4.539993042346805e-05
ITA,G,3,Z1,3.0590232718233044e-07
ITA,G,4,Z1,2.06115368245574e-09
ITA,G,5,Z1,1.3887944370454736e-11
ITA,G,6,Z1,9.357623377556554e-14
ITA,G,7,Z1,6.30511708143642e-16
ITA,G,8,Z1,4.248354502700857e-18
ITA,G,9,Z1,2.862518768090324e-20
ITA,G,10,Z1,1.928749988368454e-22
ITA,G,0,Z2,0.0
ITA,G,1,Z2,0.45352171609493586
ITA,G,2,Z2,1.6454555757575648
ITA,G,3,Z2,2.5185931981049867
ITA,G,4,Z2,2.7075240517916592
ITA,G,5,Z2,2.398283113939194
ITA,G,6,Z2,1.879499762234283
ITA,G,7,Z2,1.3535700344722261
ITA,G,8,Z2,0.9163358113787905
ITA,G,9,Z2,0.5917119146254007
ITA,G,10,Z2,0.3681127612547761
ITA,G,0,Y1,1.000000000000003
ITA,G,1,Y1,0.7147305242397136
ITA,G,2,Y1,0.3867746455093456
ITA,G,3,Y1,0.2591807191682472
ITA,G,4,Y1,0.473349363024311
ITA,G,5,Y1,0.4210080432599186
ITA,G,6,Y1,0.39812408525993115
ITA,G,7,Y1,0.39539847961801416
ITA,G,8,Y1,0.5736210417041977
ITA,G,9,Y1,0.3909278036764686
ITA,G,10,Y1,0.4749416874203623
ITA,G,0,Y2,0.0
ITA,G,1,Y2,0.45352171609493724
ITA,G,2,Y2,1.966545584347971
ITA,G,3,Y2,3.8567901554833317
ITA,G,4,Y2,5.2355278025612675
ITA,G,5,Y2,5.913253355549609
ITA,G,6,Y2,6.223327935740207
ITA,G,7,Y2,6.349518928680866
ITA,G,8,Y2,6.365608219866908
ITA,G,9,Y2,6.402708477707234
ITA,G,10,Y2,6.547127121509535
ITA,G,0,Y1_nocap,1.000000000000003
ITA,G,1,Y1_nocap,0.6858909991931125
ITA,G,2,Y1_nocap,0.3392319525507748
ITA,G,3,Y1_nocap,0.2036311934298726
ITA,G,4,Y1_nocap,0.4140028451569401
ITA,G,5,Y1_nocap,0.3519393911834807
ITA,G,6,Y1_nocap,0.3214864517353313
ITA,G,7,Y1_nocap,0.31235293159119654
ITA,G,8,Y1_nocap,0.48467042036866465
ITA,G,9,Y1_nocap,0.29132320040590287
ITA,G,10,Y1_nocap,0.37065723537205936
ITA,G,0,Y2_nocap,0.0
ITA,G,1,Y2_nocap,0.45352171609493724
ITA,G,2,Y2_nocap,1.9534662334574737
ITA,G,3,Y2_nocap,3.7878624824685803
ITA,G,4,Y2_nocap,5.0599354902985265
ITA,G,5,Y2_nocap,5.598295998268922
ITA,G,6,Y2_nocap,5.7586869140939125
ITA,G,7,Y2_nocap,5.736161647020783
ITA,G,8,Y2_nocap,5.609741150853599
ITA,G,9,Y2_nocap,5.513302475223801
ITA,G,10,Y2_nocap,5.531953177700282
ITA,L,0,Z1,1.0
ITA,L,1,Z1,0.951229424500714
ITA,L,2,Z1,0.9048374180359595
ITA,L,3,Z1,0.8607079764250578
ITA,L,4,Z1,0.8187307530779818
ITA,L,5,Z1,0.7788007830714049
ITA,L,6,Z1,0.7408182206817179
ITA,L,7,Z1,0.7046880897187134
ITA,L,8,Z1,0.6703200460356393
ITA,L,9,Z1,0.6376281516217733
ITA,L,10,Z1,0.6065306597126334
ITA,L,0,Z2,0.0
ITA,L,1,Z2,0.7408182206817179
ITA,L,2,Z2,4.390493088752212
ITA,L,3,Z2,10.977380812996177
ITA,L,4,Z2,19.276429562380937
ITA,L,5,Z2,27.891270018553726
ITA,L,6,Z2,35.7045598558627
ITA,L,7,Z2,42.00255489077279
ITA,L,8,Z2,46.447592084179206
ITA,L,9,Z2,48.99281878727759
ITA,L,10,Z2,49.787068367863945
ITA,L,0,Y1,1.00511673509676
ITA,L,1,Y1,1.364435142789029
ITA,L,2,Y1,1.6420248246139797
ITA,L,3,Y1,1.8470820173389395
ITA,L,4,Y1,1.9984430845253995
ITA,L,5,Y1,2.150417638358302
ITA,L,6,Y1,2.3013029547591883
ITA,L,7,Y1,2.4957172176979854
ITA,L,8,Y1,2.7526792264473077
ITA,L,9,Y1,2.9417994592321794
ITA,L,10,Y1,3.074376282626575
ITA,L,0,Y2,0.0
ITA,L,1,Y2,0.7446087912717994
ITA,L,2,Y2,4.715462701548441
ITA,L,3,Y2,13.081297368034386
ITA,L,4,Y2,25.57970397186258
ITA,L,5,Y2,41.11375096754824
ITA,L,6,Y2,58.28494111560749
ITA,L,7,Y2,75.82689017899949
ITA,L,8,Y2,92.81904849920251
ITA,L,9,Y2,108.82211296447524
ITA,L,10,Y2,123.78466607581242
ITA,L,0,Y1_nocap,1.00511673509676
ITA,L,1,Y1_nocap,1.3354480535324482
ITA,L,2,Y1_nocap,1.575607164315366
ITA,L,3,Y1_nocap,1.7377063226160785
ITA,L,4,Y1_nocap,1.843039640281363
ITA,L,5,Y1_nocap,1.947668530761506
ITA,L,6,Y1_nocap,2.0499598298083415
ITA,L,7,Y1_nocap,2.194645781766778
ITA,L,8,Y1_nocap,2.3995649276824107
ITA,L,9,Y1_nocap,2.5326771334188667
ITA,L,10,Y1_nocap,2.6074998038698958
ITA,L,0,Y2_nocap,0.0
ITA,L,1,Y2_nocap,0.7446087912717994
ITA,L,2,Y2_nocap,4.693988537662639
ITA,L,3,Y2_nocap,12.925253196620789
ITA,L,4,Y2_nocap,25.056732302745566
ITA,L,5,Y2_nocap,39.8876961278077
ITA,L,6,Y2_nocap,55.954356193723406
ITA,L,7,Y2_nocap,71.9696916278941
ITA,L,8,Y2_nocap,87.03040430475446
ITA,L,9,Y2_nocap,100.7398487226015
ITA,L,10,Y2_nocap,113.09911013821221
JAM,G,0,Z1,1.0
JAM,G,1,Z1,0.006737946999085479
JAM,G,2,Z1,4.539992976248501e-05
JAM,G,3,Z1,3.0590232050182743e-07
JAM,G,4,Z1,2.0611536224385723e-09
JAM,G,5,Z1,1.388794386496412e-11
JAM,G,6,Z1,9.357622968840275e-14
JAM,G,7,Z1,6.305116760147079e-16
JAM,G,8,Z1,4.24835425529165e-18
JAM,G,9,Z1,2.8625185805494346e-20
JAM,G,10,Z1,1.928749847963945e-22
JAM,G,0,Z2,0.0
JAM,G,1,Z2,0.4944787691850882
JAM,G,2,Z2,1.9560740253983977
JAM,G,3,Z2,3.2644251332344814
JAM,G,4,Z2,3.826225592838292
JAM,G,5,Z2,3.695287737834303
JAM,G,6,Z2,3.157473022368285
JAM,G,7,Z2,2.4792919316003523
JAM,G,8,Z2,1.830000285911342
JAM,G,9,Z2,1.28841678646611
JAM,G,10,Z2,0.873929693784868
JAM,G,0,Y1,1.000000000000003
JAM,G,1,Y1,0.7063601795637843
JAM,G,2,Y1,0.3731991554905578
JAM,G,3,Y1,0.243643441590939
JAM,G,4,Y1,0.45712455331826146
JAM,G,5,Y1,0.40239441989982266
JAM,G,6,Y1,0.37781037706749027
JAM,G,7,Y1,0.3737671188200824
JAM,G,8,Y1,0.5508532280925457
JAM,G,9,Y1,0.3656756511212582
JAM,G,10,Y1,0.44900550538781214
JAM,G,0,Y2,0.0
JAM,G,1,Y2,0.49447876918508976
JAM,G,2,Y2,2.3020223658515198
JAM,G,3,Y2,4.815123638129636
JAM,G,4,Y2,6.950018488812262
JAM,G,5,Y2,8.271836663863752
JAM,G,6,Y2,9.028069824155681
JAM,G,7,Y2,9.425891208518498
JAM,G,8,Y2,9.582541786369296
JAM,G,9,Y2,9.676319647459161
JAM,G,10,Y2,9.859769967206654
JAM,G,0,Y1_nocap,1.000000000000003
JAM,G,1,Y1_nocap,0.6858909991440632
JAM,G,2,Y1_nocap,0.3392319525168019
JAM,G,3,Y1_nocap,0.2036311934130046
JAM,G,4,Y1_nocap,0.4140028451468385
JAM,G,5,Y1_nocap,0.35193939116310613
JAM,G,6,Y1_nocap,0.32148645171793155
JAM,G,7,Y1_nocap,0.3123529315753106
JAM,G,8,Y1_nocap,0.48467042035323693
JAM,G,9,Y1_nocap,0.29132320038202614
JAM,G,10,Y1_nocap,0.37065723535760925
JAM,G,0,Y2_nocap,0.0
JAM,G,1,Y2_nocap,0.49447876918508976
JAM,G,2,Y2_nocap,2.2919007907113484
JAM,G,3,Y2_nocap,4.758356543907145
JAM,G,4,Y2_nocap,6.797353764300624
JAM,G,5,Y2_nocap,7.984075109384461
JAM,G,6,Y2_nocap,8.584494819484998
JAM,G,7,Y2_nocap,8.818335398566033
JAM,G,8,Y2_nocap,8.810557494458392
JAM,G,9,Y2_nocap,8.744416774534429
JAM,G,10,Y2_nocap,8.773533723544672
JAM,L,0,Z1,1.0
JAM,L,1,Z1,0.830073158612915
JAM,L,2,Z1,0.6890214486496214
JAM,L,3,Z1,0.5719382102326377
JAM,L,4,Z1,0.47475055669922295
JAM,L,5,Z1,0.3940776941525637
JAM,L,6,Z1,0.32711331632411283
JAM,L,7,Z1,0.27152798370550196
JAM,L,8,Z1,0.2253880910862221
JAM,L,9,Z1,0.18708860468167574
JAM,L,10,Z1,0.15529722902860157
JAM,L,0,Z2,0.0
JAM,L,1,Z2,0.27200059819128364
JAM,L,2,Z2,0.5918746033313291
JAM,L,3,Z2,0.5433420807911821
JAM,L,4,Z2,0.35031554606861814
JAM,L,5,Z2,0.18610554313744201
JAM,L,6,Z2,0.08747277533584931
JAM,L,7,Z2,0.037781842571126656
JAM,L,8,Z2,0.015340122727169265
JAM,L,9,Z2,0.005940954970444988
JAM,L,10,Z2,0.002216657483934867
JAM,L,0,Y1,1.00511673509676
JAM,L,1,Y1,1.2342457789203654
JAM,L,2,Y1,1.3575985266784412
JAM,L,3,Y1,1.3991566770679786
JAM,L,4,Y1,1.3888024497460818
JAM,L,5,Y1,1.3875438411591987
JAM,L,6,Y1,1.3921816535554912
JAM,L,7,Y1,1.446311576132755
JAM,L,8,Y1,1.562322977885009
JAM,L,9,Y1,1.6018750897756382
JAM,L,10,Y1,1.586576404541492
JAM,L,0,Y2,0.0
JAM,L,1,Y2,0.2733923531983887
JAM,L,2,Y2,0.7036830049084775
JAM,L,3,Y2,0.8734269906604227
JAM,L,4,Y2,0.8406007126642672
JAM,L,5,Y2,0.7311276992652975
JAM,L,6,Y2,0.6253991590247423
JAM,L,7,Y2,0.558204634218467
JAM,L,8,Y2,0.5389035495033007
JAM,L,9,Y2,0.5741483972510129
JAM,L,10,Y2,0.6228446674127265
JAM,L,0,Y1_nocap,1.00511673509676
JAM,L,1,Y1_nocap,1.2136718631267889
JAM,L,2,Y1_nocap,1.3127261178483716
JAM,L,3,Y1_nocap,1.3286011415012382
JAM,L,4,Y1_nocap,1.292918401130676
JAM,L,5,Y1_nocap,1.267731855459962
JAM,L,6,Y1_nocap,1.2495903997097848
JAM,L,7,Y1_nocap,1.2819151226680838
JAM,L,8,Y1_nocap,1.3760366186562374
JAM,L,9,Y1_nocap,1.3923514306224476
JAM,L,10,Y1_nocap,1.3540963417177356
JAM,L,0,Y2_nocap,0.0
JAM,L,1,Y2_nocap,0.2733923531983887
JAM,L,2,Y2_nocap,0.6980868875054875
JAM,L,3,Y2_nocap,0.8536896772157332
JAM,L,4,Y2_nocap,0.8039113104236723
JAM,L,5,Y2_nocap,0.6789536742079716
JAM,L,6,Y2_nocap,0.5607080067594697
JAM,L,7,Y2_nocap,0.48374794343672145
JAM,L,8,Y2_nocap,0.45651502078604544
JAM,L,9,Y2_nocap,0.48459533858454723
JAM,L,10,Y2_nocap,0.5257418675077147
JOR,G,0,Z1,1.0
JOR,G,1,Z1,0.006737946999085479
JOR,G,2,Z1,4.539992976248501e-05
JOR,G,3,Z1,3.0590232050182743e-07
JOR,G,4,Z1,2.0611536224385723e-09
JOR,G,5,Z1,1.388794386496412e-11
JOR,G,6,Z1,9.357622968840275e-14
JOR,G,7,Z1,6.305116760147079e-16
JOR,G,8,Z1,4.24835425529165e-18
JOR,G,9,Z1,2.8625185805494346e-20
JOR,G,10,Z1,1.928749847963945e-22
JOR,G,0,Z2,0.0
JOR,G,1,Z2,0.46779806622851083
JOR,G,2,Z2,1.7506802461370736
JOR,G,3,Z2,2.7640063138298956
JOR,G,4,Z2,3.0648813242145643
JOR,G,5,Z2,2.800284290405177
JOR,G,6,Z2,2.263623971227119
JOR,G,7,Z2,1.6815240200376484
JOR,G,8,Z2,1.1741871914399027
JOR,G,9,Z2,0.7820838685760569
JOR,G,10,Z2,0.5018618948537616
JOR,G,0,Y1,1.000000000000003
JOR,G,1,Y1,0.732321149178734
JOR,G,2,Y1,0.4155063754452021
JOR,G,3,Y1,0.29236777766616384
JOR,G,4,Y1,0.5083683443509015
JOR,G,5,Y1,0.46145871252791576
JOR,G,6,Y1,0.4426246510554083
JOR,G,7,Y1,0.4431951481391273
JOR,G,8,Y1,0.6243742128746201
JOR,G,9,Y1,0.44750724544043785
JOR,G,10,Y1,0.533633877247532
JOR,G,0,Y2,0.0
JOR,G,1,Y2,0.4677980662285123
JOR,G,2,Y2,2.090106665004609
JOR,G,3,Y2,4.2263352965338115
JOR,G,4,Y2,5.924637631926737
JOR,G,5,Y2,6.902767760392832
JOR,G,6,Y2,7.4549946473997855
JOR,G,7,Y2,7.7683446019604325
JOR,G,8,Y2,7.927966112104332
JOR,G,9,Y2,8.077970899046576
JOR,G,10,Y2,8.32629208932162
JOR,G,0,Y1_nocap,1.000000000000003
JOR,G,1,Y1_nocap,0.6858909991440632
JOR,G,2,Y1_nocap,0.3392319525168019
JOR,G,3,Y1_nocap,0.2036311934130046
JOR,G,4,Y1_nocap,0.4140028451468385
JOR,G,5,Y1_nocap,0.35193939116310613
JOR,G,6,Y1_nocap,0.32148645171793155
JOR,G,7,Y1_nocap,0.3123529315753106
JOR,G,8,Y1_nocap,0.48467042035323693
JOR,G,9,Y1_nocap,0.29132320038202614
JOR,G,10,Y1_nocap,0.37065723535760925
JOR,G,0,Y2_nocap,0.0
JOR,G,1,Y2_nocap,0.4677980662285123
JOR,G,2,Y2_nocap,2.0683867306036907
JOR,G,3,Y2_nocap,4.109516270261149
JOR,G,4,Y2_nocap,5.6220495825462375
JOR,G,5,Y2_nocap,6.3521926233642745
JOR,G,6,Y2_nocap,6.633223271390561
JOR,G,7,Y2_nocap,6.67402081058107
JOR,G,8,Y2_nocap,6.5709462572611645
JOR,G,9,Y2_nocap,6.474366397303897
JOR,G,10,Y2_nocap,6.491218194056317
JOR,L,0,Z1,1.0
JOR,L,1,Z1,0.5310818273414956
JOR,L,2,Z1,0.2820479073323821
JOR,L,3,Z1,0.1497905180239263
JOR,L,4,Z1,0.07955102203057601
JOR,L,5,Z1,0.042248102146881884
JOR,L,6,Z1,0.022437199289876187
JOR,L,7,Z1,0.01191598879929276
JOR,L,8,Z1,0.006328365106109191
JOR,L,9,Z1,0.0033608797046366253
JOR,L,10,Z1,0.0017849021350133658
JOR,L,0,Z2,0.0
JOR,L,1,Z2,0.2813731633831807
JOR,L,2,Z2,0.6333668565780648
JOR,L,3,Z2,0.601466971558831
JOR,L,4,Z2,0.4011535750115789
JOR,L,5,Z2,0.22045673906929691
JOR,L,6,Z2,0.10718889418552639
JOR,L,7,Z2,0.04789308719966953
JOR,L,8,Z2,0.020115523843071307
JOR,L,9,Z2,0.008058822446313568
JOR,L,10,Z2,0.003110475123268356
JOR,L,0,Y1,1.00511673509676
JOR,L,1,Y1,0.9598183932299268
JOR,L,2,Y1,0.8773008606620751
JOR,L,3,Y1,0.778620075252152
JOR,L,4,Y1,0.685266478846819
JOR,L,5,Y1,0.6454251777149513
JOR,L,6,Y1,0.6323128898458364
JOR,L,7,Y1,0.6779148221372973
JOR,L,8,Y1,0.7765815638715521
JOR,L,9,Y1,0.7771431645916271
JOR,L,10,Y1,0.7323182361824488
JOR,L,0,Y2,0.0
JOR,L,1,Y2,0.2828128753235498
JOR,L,2,Y2,0.7564779859561752
JOR,L,3,Y2,0.97779210495399
JOR,L,4,Y2,0.9802279780090589
JOR,L,5,Y2,0.8880778104162794
JOR,L,6,Y2,0.788508692935323
JOR,L,7,Y2,0.7234834456358928
JOR,L,8,Y2,0.7069251448273817
JOR,L,9,Y2,0.748656592442785
JOR,L,10,Y2,0.8084821715101764
JOR,L,0,Y1_nocap,1.00511673509676
JOR,L,1,Y1_nocap,0.9131506724170259
JOR,L,2,Y1_nocap,0.7902474086484461
JOR,L,3,Y1_nocap,0.6586284643020691
JOR,L,4,Y1_nocap,0.5398678634286846
JOR,L,5,Y1_nocap,0.48122900583731676
JOR,L,6,Y1_nocap,0.45285219396373616
JOR,L,7,Y1_nocap,0.48516524329447447
JOR,L,8,Y1_nocap,0.5696157276808897
JOR,L,9,Y1_nocap,0.5526529297466521
JOR,L,10,Y1_nocap,0.4918467196172325
JOR,L,0,Y2_nocap,0.0
JOR,L,1,Y2_nocap,0.2828128753235498
JOR,L,2,Y2_nocap,0.7433469417231662
JOR,L,3,Y2_nocap,0.9307134711087279
JOR,L,4,Y2_nocap,0.8919658853318521
JOR,L,5,Y2_nocap,0.7622068629512119
JOR,L,6,Y2_nocap,0.6326750570132726
JOR,L,7,Y2_nocap,0.5449930877296078
JOR,L,8,Y2_nocap,0.5108259541310002
JOR,L,9,Y2_nocap,0.537294125996412
JOR,L,10,Y2_nocap,0.581285555717747
JPN,G,0,Z1,1.0
JPN,G,1,Z1,0.951229424500714
JPN,G,2,Z1,0.9048374180359595
JPN,G,3,Z1,0.8607079764250578
JPN,G,4,Z1,0.8187307530779818
JPN,G,5,Z1,0.7788007830714049
JPN,G,6,Z1,0.7408182206817179
JPN,G,7,Z1,0.7046880897187134
JPN,G,8,Z1,0.6703200460356393
JPN,G,9,Z1,0.6376281516217733
JPN,G,10,Z1,0.6065306597126334
JPN,G,0,Z2,0.0
JPN,G,1,Z2,0.4247778070400551
JPN,G,2,Z2,1.4434894828300662
JPN,G,3,Z2,2.0694227523815436
JPN,G,4,Z2,2.083661887041012
JPN,G,5,Z2,1.7286979042777817
JPN,G,6,Z2,1.2688920083183417
JPN,G,7,Z2,0.8559075346286664
JPN,G,8,Z2,0.5427058574384138
JPN,G,9,Z2,0.32823424904113574
JPN,G,10,Z2,0.19125737243228128
JPN,G,0,Y1,1.000000000000003
JPN,G,1,Y1,1.665771123178645
JPN,G,2,Y1,1.9769859815785578
JPN,G,3,Y1,2.1490198992049194
JPN,G,4,Y1,2.528082065779013
JPN,G,5,Y1,2.8366021560521735
JPN,G,6,Y1,3.10871074381761
JPN,G,7,Y1,3.3658405964924
JPN,G,8,Y1,3.7893916816248603
JPN,G,9,Y1,4.010166975945644
JPN,G,10,Y1,4.305765246705453
JPN,G,0,Y2,0.0
JPN,G,1,Y2,0.4247778070400564
JPN,G,2,Y2,1.7470109386331567
JPN,G,3,Y2,3.2675625553822494
JPN,G,4,Y2,4.24288881899043
JPN,G,5,Y2,4.622763797386445
JPN,G,6,Y2,4.759294055063242
JPN,G,7,Y2,4.7993918094805395
JPN,G,8,Y2,4.78428580335884
JPN,G,9,Y2,4.81784721446937
JPN,G,10,Y2,4.950747581343128
JPN,G,0,Y1_nocap,1.000000000000003
JPN,G,1,Y1_nocap,1.6303824766456947
JPN,G,2,Y1_nocap,1.8854782402931523
JPN,G,3,Y1_nocap,1.9948678479192243
JPN,G,4,Y1_nocap,2.310207783889443
JPN,G,5,Y1_nocap,2.5466874826812607
JPN,G,6,Y1_nocap,2.7415991712874517
JPN,G,7,Y1_nocap,2.9180765748181083
JPN,G,8,Y1_nocap,3.2583261037685176
JPN,G,9,Y1_nocap,3.387473181301042
JPN,G,10,Y1_nocap,3.5909584798344243
JPN,G,0,Y2_nocap,0.0
JPN,G,1,Y2_nocap,0.4247778070400564
JPN,G,2,Y2_nocap,1.7319786269647743
JPN,G,3,Y2_nocap,3.1919081358071724
JPN,G,4,Y2_nocap,4.05765042431074
JPN,G,5,Y2_nocap,4.302190188872651
JPN,G,6,Y2_nocap,4.300765725286636
JPN,G,7,Y2_nocap,4.209110392623565
JPN,G,8,Y2_nocap,4.071369559010233
JPN,G,9,Y2_nocap,3.992638734203877
JPN,G,10,Y2_nocap,4.02104000947924
JPN,L,0,Z1,1.0
JPN,L,1,Z1,0.7351605464395508
JPN,L,2,Z1,0.5404610290412989
JPN,L,3,Z1,0.3973256254392832
JPN,L,4,Z1,0.2920981239123797
JPN,L,5,Z1,0.21473901638939272
JPN,L,6,Z1,0.15786765263071756
JPN,L,7,Z1,0.11605806977312752
JPN,L,8,Z1,0.08532131399313195
JPN,L,9,Z1,0.06272486381813137
JPN,L,10,Z1,0.04611284515988387
JPN,L,0,Z2,0.0
JPN,L,1,Z2,0.7408182206815236
JPN,L,2,Z2,4.390493088749909
JPN,L,3,Z2,10.97738081298754
JPN,L,4,Z2,19.276429562360715
JPN,L,5,Z2,27.891270018517158
JPN,L,6,Z2,35.70455985580652
JPN,L,7,Z2,42.0025548906957
JPN,L,8,Z2,46.44759208408176
JPN,L,9,Z2,48.99281878716196
JPN,L,10,Z2,49.78706836773338
JPN,L,0,Y1,1.00511673509676
JPN,L,1,Y1,1.153843329122284
JPN,L,2,Y1,1.2009582198331252
JPN,L,3,Y1,1.1779378808853977
JPN,L,4,Y1,1.1181085598720166
JPN,L,5,Y1,1.0825170395665218
JPN,L,6,Y1,1.0630569764302165
JPN,L,7,Y1,1.0999965318018132
JPN,L,8,Y1,1.199809632638733
JPN,L,9,Y1,1.218884338142834
JPN,L,10,Y1,1.1860964092607371
JPN,L,0,Y2,0.0
JPN,L,1,Y2,0.7446087912716041
JPN,L,2,Y2,4.720339234979889
JPN,L,3,Y2,13.11654285127334
JPN,L,4,Y2,25.696899813388193
JPN,L,5,Y2,41.38604323171325
JPN,L,6,Y2,58.79746549842706
JPN,L,7,Y2,76.6661792631124
JPN,L,8,Y2,94.06439154910903
JPN,L,9,Y2,110.54008769957989
JPN,L,10,Y2,126.02741590842568
JPN,L,0,Y1_nocap,1.00511673509676
JPN,L,1,Y1_nocap,1.1182736082595919
JPN,L,2,Y1_nocap,1.1274003178201462
JPN,L,3,Y1_nocap,1.0677626601699528
JPN,L,4,Y1_nocap,0.9750592357863095
JPN,L,5,Y1_nocap,0.9113400749962561
JPN,L,6,Y1_nocap,0.8672614817004316
JPN,L,7,Y1_nocap,0.8822400974014717
JPN,L,8,Y1_nocap,0.9605413958060273
JPN,L,9,Y1_nocap,0.9562925056259973
JPN,L,10,Y1_nocap,0.901371312793805
JPN,L,0,Y2_nocap,0.0
JPN,L,1,Y2_nocap,0.7446087912716041
JPN,L,2,Y2_nocap,4.693988537660251
JPN,L,3,Y2_nocap,12.925253196611175
JPN,L,4,Y2_nocap,25.056732302721215
JPN,L,5,Y2_nocap,39.88769612776005
JPN,L,6,Y2_nocap,55.95435619364436
JPN,L,7,Y2_nocap,71.96969162777718
JPN,L,8,Y2_nocap,87.03040430459535
JPN,L,9,Y2_nocap,100.73984872239814
JPN,L,10,Y2_nocap,113.09911013796429
KAZ,G,0,Z1,1.0
KAZ,G,1,Z1,0.951229424500714
KAZ,G,2,Z1,0.9048374180359595
KAZ,G,3,Z1,0.8607079764250578
KAZ,G,4,Z1,0.8187307530779818
KAZ,G,5,Z1,0.7788007830714049
KAZ,G,6,Z1,0.7408182206817179
KAZ,G,7,Z1,0.7046880897187134
KAZ,G,8,Z1,0.6703200460356393
KAZ,G,9,Z1,0.6376281516217733
KAZ,G,10,Z1,0.6065306597126334
KAZ,G,0,Z2,0.0
KAZ,G,1,Z2,0.4078850762957919
KAZ,G,2,Z2,1.330961883718592
KAZ,G,3,Z2,1.8322182770198026
KAZ,G,4,Z2,1.7714595359117429
KAZ,G,5,Z2,1.4112341952349008
KAZ,G,6,Z2,0.9946737228579005
KAZ,G,7,Z2,0.6442565305402715
KAZ,G,8,Z2,0.3922586109215809
KAZ,G,9,Z2,0.22780742183644684
KAZ,G,10,Z2,0.1274612450432191
KAZ,G,0,Y1,1.000000000000003
KAZ,G,1,Y1,1.6657806786365776
KAZ,G,2,Y1,1.9775417877268169
KAZ,G,3,Y1,2.1509502167425616
KAZ,G,4,Y1,2.532287160070879
KAZ,G,5,Y1,2.843973798489979
KAZ,G,6,Y1,3.1202383707251755
KAZ,G,7,Y1,3.3825613401001204
KAZ,G,8,Y1,3.8123636596739536
KAZ,G,9,Y1,4.040458312408811
KAZ,G,10,Y1,4.3445353769525585
KAZ,G,0,Y2,0.0
KAZ,G,1,Y2,0.4078850762957932
KAZ,G,2,Y2,1.6224166765290555
KAZ,G,3,Y2,2.9435584890790714
KAZ,G,4,Y2,3.7138138742533
KAZ,G,5,Y2,3.9545944362722647
KAZ,G,6,Y2,4.018365832762418
KAZ,G,7,Y2,4.02703087776227
KAZ,G,8,Y2,4.004435800880722
KAZ,G,9,Y2,4.0414139153195086
KAZ,G,10,Y2,4.171099895674999
KAZ,G,0,Y1_nocap,1.000000000000003
KAZ,G,1,Y1_nocap,1.6303824766456947
KAZ,G,2,Y1_nocap,1.8854782402931523
KAZ,G,3,Y1_nocap,1.9948678479192243
KAZ,G,4,Y1_nocap,2.310207783889443
KAZ,G,5,Y1_nocap,2.5466874826812607
KAZ,G,6,Y1_nocap,2.7415991712874517
KAZ,G,7,Y1_nocap,2.9180765748181083
KAZ,G,8,Y1_nocap,3.2583261037685176
KAZ,G,9,Y1_nocap,3.387473181301042
KAZ,G,10,Y1_nocap,3.5909584798344243
KAZ,G,0,Y2_nocap,0.0
KAZ,G,1,Y2_nocap,0.4078850762957932
KAZ,G,2,Y2_nocap,1.6079782782092704
KAZ,G,3,Y2_nocap,2.8726277137324345
KAZ,G,4,Y2_nocap,3.543295743830525
KAZ,G,5,Y2_nocap,3.6636948199178647
KAZ,G,6,Y2_nocap,3.6063843296671307
KAZ,G,7,Y2_nocap,3.4995784077378707
KAZ,G,8,Y2_nocap,3.368709332857826
KAZ,G,9,Y2_nocap,3.305249286832065
KAZ,G,10,Y2_nocap,3.3397149610385615
KAZ,L,0,Z1,1.0
KAZ,L,1,Z1,0.9512294245004576
KAZ,L,2,Z1,0.9048374180354717
KAZ,L,3,Z1,0.8607079764243617
KAZ,L,4,Z1,0.818730753077099
KAZ,L,5,Z1,0.778800783070355
KAZ,L,6,Z1,0.7408182206805195
KAZ,L,7,Z1,0.7046880897173835
KAZ,L,8,Z1,0.6703200460341936
KAZ,L,9,Z1,0.6376281516202261
KAZ,L,10,Z1,0.6065306597109983
KAZ,L,0,Z2,0.0
KAZ,L,1,Z2,0.23119881462587227
KAZ,L,2,Z2,0.42762313507526767
KAZ,L,3,Z2,0.33367262153400395
KAZ,L,4,Z2,0.1828615456516006
KAZ,L,5,Z2,0.08257299335020485
KAZ,L,6,Z2,0.03298886469966656
KAZ,L,7,Z2,0.012111371945114597
KAZ,L,8,Z2,0.004179793109761552
KAZ,L,9,Z2,0.0013759351207210367
KAZ,L,10,Z2,0.0004363711507720303
KAZ,L,0,Y1,1.00511673509676
KAZ,L,1,Y1,1.3710273787455625
KAZ,L,2,Y1,1.657406328121233
KAZ,L,3,Y1,1.872859102686808
KAZ,L,4,Y1,2.03570557810421
KAZ,L,5,Y1,2.199874698275405
KAZ,L,6,Y1,2.3636483921733036
KAZ,L,7,Y1,2.571618698269751
KAZ,L,8,Y1,2.8430715407765015
KAZ,L,9,Y1,3.0480027998860377
KAZ,L,10,Y1,3.197231675596428
KAZ,L,0,Y2,0.0
KAZ,L,1,Y2,0.23238179771499778
KAZ,L,2,Y2,0.5257426704594657
KAZ,L,3,Y2,0.5944836966363162
KAZ,L,4,Y2,0.5418047020432483
KAZ,L,5,Y2,0.46220469287226973
KAZ,L,6,Y2,0.4004828582962713
KAZ,L,7,Y2,0.3693517635461072
KAZ,L,8,Y2,0.37037951257726287
KAZ,L,9,Y2,0.40676428292264155
KAZ,L,10,Y2,0.4427885453581738
KAZ,L,0,Y1_nocap,1.00511673509676
KAZ,L,1,Y1_nocap,1.3354480535321906
KAZ,L,2,Y1_nocap,1.5756071643147784
KAZ,L,3,Y1_nocap,1.7377063226151153
KAZ,L,4,Y1_nocap,1.8430396402800016
KAZ,L,5,Y1_nocap,1.9476685307597381
KAZ,L,6,Y1_nocap,2.04995982980616
KAZ,L,7,Y1_nocap,2.1946457817641774
KAZ,L,8,Y1_nocap,2.399564927679374
KAZ,L,9,Y1_nocap,2.532677133415363
KAZ,L,10,Y1_nocap,2.607499803865913
KAZ,L,0,Y2_nocap,0.0
KAZ,L,1,Y2_nocap,0.23238179771499778
KAZ,L,2,Y2_nocap,0.5175167726449457
KAZ,L,3,Y2_nocap,0.5681820003793772
KAZ,L,4,Y2_nocap,0.4961685254408613
KAZ,L,5,Y2_nocap,0.40035519787096885
KAZ,L,6,Y2_nocap,0.326291338641576
KAZ,L,7,Y2_nocap,0.2858050879209823
KAZ,L,8,Y2_nocap,0.27918759559718587
KAZ,L,9,Y2_nocap,0.3083875578910136
KAZ,L,10,Y2_nocap,0.336405950074944
KEN,G,0,Z1,1.0
KEN,G,1,Z1,0.006737946999093498
KEN,G,2,Z1,4.539992976259308e-05
KEN,G,3,Z1,3.059023205029196e-07
KEN,G,4,Z1,2.0611536224483848e-09
KEN,G,5,Z1,1.3887943865046813e-11
KEN,G,6,Z1,9.357622968907097e-14
KEN,G,7,Z1,6.305116760199586e-16
KEN,G,8,Z1,4.248354255332099e-18
KEN,G,9,Z1,2.862518580580106e-20
KEN,G,10,Z1,1.928749847986914e-22
KEN,G,0,Z2,0.0
KEN,G,1,Z2,0.4493717923549317
KEN,G,2,Z2,1.6154800621142709
KEN,G,3,Z2,2.4500852022125685
KEN,G,4,Z2,2.609775831088728
KEN,G,5,Z2,2.290546177462741
KEN,G,6,Z2,1.7786422216595563
KEN,G,7,Z2,1.269213766597788
KEN,G,8,Z2,0.8513662360668577
KEN,G,9,Z2,0.5447281234148208
KEN,G,10,Z2,0.3357825146297071
KEN,G,0,Y1,1.000000000000003
KEN,G,1,Y1,0.7251123021195351
KEN,G,2,Y1,0.40355544647194613
KEN,G,3,Y1,0.27830885076225903
KEN,G,4,Y1,0.4932412115944333
KEN,G,5,Y1,0.44378028627933747
KEN,G,6,Y1,0.42291750233665454
KEN,G,7,Y1,0.4217397681267945
KEN,G,8,Y1,0.6012898283104181
KEN,G,9,Y1,0.4216018889790647
KEN,G,10,Y1,0.5063852306724561
KEN,G,0,Y2,0.0
KEN,G,1,Y2,0.4493717923549331
KEN,G,2,Y2,1.9382972336565671
KEN,G,3,Y2,3.78975555789948
KEN,G,4,Y2,5.13773936917164
KEN,G,5,Y2,5.808132588809869
KEN,G,6,Y2,6.131489461065802
KEN,G,7,Y2,6.283484695025843
KEN,G,8,Y2,6.331612092807571
KEN,G,9,Y2,6.40198265767121
KEN,G,10,Y2,6.575797724744216
KEN,G,0,Y1_nocap,1.000000000000003
KEN,G,1,Y1_nocap,0.6858909991440711
KEN,G,2,Y1_nocap,0.33923195251680743
KEN,G,3,Y1_nocap,0.20363119341300737
KEN,G,4,Y1_nocap,0.4140028451468401
KEN,G,5,Y1_nocap,0.35193939116310946
KEN,G,6,Y1_nocap,0.3214864517179344
KEN,G,7,Y1_nocap,0.31235293157531313
KEN,G,8,Y1_nocap,0.48467042035323943
KEN,G,9,Y1_nocap,0.2913232003820301
KEN,G,10,Y1_nocap,0.37065723535761164
KEN,G,0,Y2_nocap,0.0
KEN,G,1,Y2_nocap,0.4493717923549331
KEN,G,2,Y2_nocap,1.920672286439987
KEN,G,3,Y2_nocap,3.6976079171235297
KEN,G,4,Y2_nocap,4.90479416648901
KEN,G,5,Y2_nocap,5.39350174757695
KEN,G,6,Y2_nocap,5.52434038810995
KEN,G,7,Y2_nocap,5.487517847981918
KEN,G,8,Y2_nocap,5.356934054135246
KEN,G,9,Y2_nocap,5.261913790750318
KEN,G,10,Y2_nocap,5.2816524493613
KEN,L,0,Z1,1.0
KEN,L,1,Z1,0.2842170666558043
KEN,L,2,Z1,0.08077934097842993
KEN,L,3,Z1,0.02295886733927837
KEN,L,4,Z1,0.006525301928909448
KEN,L,5,Z1,0.0018546021732781049
KEN,L,6,Z1,0.0005271095895025831
KEN,L,7,Z1,0.00014981354133456915
KEN,L,8,Z1,4.257956526342937e-05
KEN,L,9,Z1,1.2101839138651284e-05
KEN,L,10,Z1,3.43954922112787e-06
KEN,L,0,Z2,0.0
KEN,L,1,Z2,0.6771414347293873
KEN,L,2,Z2,3.6681641810189842
KEN,L,3,Z2,8.383047602708732
KEN,L,4,Z2,13.455428458910676
KEN,L,5,Z2,17.795367444463675
KEN,L,6,Z2,20.822366550897964
KEN,L,7,Z2,22.389781000613578
KEN,L,8,Z2,22.631069376607915
KEN,L,9,Z2,21.819361249653454
KEN,L,10,Z2,20.267206558942572
KEN,L,0,Y1,1.00511673509676
KEN,L,1,Y1,0.7044447581391199
KEN,L,2,Y1,0.5579969949483294
KEN,L,3,Y1,0.4595924769581746
KEN,L,4,Y1,0.3892886832525334
KEN,L,5,Y1,0.3780488174104921
KEN,L,6,Y1,0.38190458610419376
KEN,L,7,Y1,0.43458089880786605
KEN,L,8,Y1,0.522704893019641
KEN,L,9,Y1,0.494171412944301
KEN,L,10,Y1,0.4396951358398454
KEN,L,0,Y2,0.0
KEN,L,1,Y2,0.6806061880739376
KEN,L,2,Y2,3.970502045316439
KEN,L,3,Y2,10.204339987832657
KEN,L,4,Y2,18.55109589787442
KEN,L,5,Y2,27.799769892905665
KEN,L,6,Y2,36.84843856048011
KEN,L,7,Y2,44.97627669794256
KEN,L,8,Y2,51.87903351621895
KEN,L,9,Y2,57.6546358537579
KEN,L,10,Y2,62.6136303376994
KEN,L,0,Y1_nocap,1.00511673509676
KEN,L,1,Y1_nocap,0.6650227701461808
KEN,L,2,Y1_nocap,0.4943005018933613
KEN,L,3,Y1_nocap,0.3794310651597939
KEN,L,4,Y1_nocap,0.29792303940582276
KEN,L,5,Y1_nocap,0.27918980675376653
KEN,L,6,Y1_nocap,0.27663072208967904
KEN,L,7,Y1_nocap,0.32328684498781357
KEN,L,8,Y1_nocap,0.403836922480325
KEN,L,9,Y1_nocap,0.3649177137220949
KEN,L,10,Y1_nocap,0.30205863396658567
KEN,L,0,Y2_nocap,0.0
KEN,L,1,Y2_nocap,0.6806061880739376
KEN,L,2,Y2_nocap,3.9438077838070154
KEN,L,3,Y2_nocap,10.024189093540677
KEN,L,4,Y2_nocap,17.986047991844075
KEN,L,5,Y2_nocap,26.55520833663341
KEN,L,6,Y2_nocap,34.61944362878335
KEN,L,7,Y2_nocap,41.49172122406242
KEN,L,8,Y2_nocap,46.926978913012825
KEN,L,9,Y2_nocap,51.08922839048627
KEN,L,10,Y2_nocap,54.34563662619077
KGZ,G,0,Z1,1.0
KGZ,G,1,Z1,0.951229424500714
KGZ,G,2,Z1,0.9048374180359595
KGZ,G,3,Z1,0.8607079764250578
KGZ,G,4,Z1,0.8187307530779818
KGZ,G,5,Z1,0.7788007830714049
KGZ,G,6,Z1,0.7408182206817179
KGZ,G,7,Z1,0.7046880897187134
KGZ,G,8,Z1,0.6703200460356393
KGZ,G,9,Z1,0.6376281516217733
KGZ,G,10,Z1,0.6065306597126334
KGZ,G,0,Z2,0.0
KGZ,G,1,Z2,0.4040408515503765
KGZ,G,2,Z2,1.305992077772427
KGZ,G,3,Z2,1.7809002603716073
KGZ,G,4,Z2,1.705615307204341
KGZ,G,5,Z2,1.3459731662894507
KGZ,G,6,Z2,0.9397350333012322
KGZ,G,7,Z2,0.6029357901794241
KGZ,G,8,Z2,0.3636404470212198
KGZ,G,9,Z2,0.2091967956858105
KGZ,G,10,Z2,0.11594520091975999
KGZ,G,0,Y1,1.000000000000003
KGZ,G,1,Y1,1.660092422749593
KGZ,G,2,Y1,1.9627003701293755
KGZ,G,3,Y1,2.125699555963916
KGZ,G,4,Y1,2.4962274184984516
KGZ,G,5,Y1,2.7955429505695437
KGZ,G,6,Y1,3.0583569748632224
KGZ,G,7,Y1,3.306410253521388
KGZ,G,8,Y1,3.7212469700545268
KGZ,G,9,Y1,3.932764312307996
KGZ,G,10,Y1,4.21988842456005
KGZ,G,0,Y2,0.0
KGZ,G,1,Y2,0.4040408515503778
KGZ,G,2,Y2,1.5924016872174598
KGZ,G,3,Y2,2.8616483203342034
KGZ,G,4,Y2,3.573505028538047
KGZ,G,5,Y2,3.7676073319770147
KGZ,G,6,Y2,3.798253245794392
KGZ,G,7,Y2,3.7823100822697864
KGZ,G,8,Y2,3.740172739931156
KGZ,G,9,Y2,3.760162461060753
KGZ,G,10,Y2,3.871424931748387
KGZ,G,0,Y1_nocap,1.000000000000003
KGZ,G,1,Y1_nocap,1.6303824766456947
KGZ,G,2,Y1_nocap,1.8854782402931523
KGZ,G,3,Y1_nocap,1.9948678479192243
KGZ,G,4,Y1_nocap,2.310207783889443
KGZ,G,5,Y1_nocap,2.5466874826812607
KGZ,G,6,Y1_nocap,2.7415991712874517
KGZ,G,7,Y1_nocap,2.9180765748181083
KGZ,G,8,Y1_nocap,3.2583261037685176
KGZ,G,9,Y1_nocap,3.387473181301042
KGZ,G,10,Y1_nocap,3.5909584798344243
KGZ,G,0,Y2_nocap,0.0
KGZ,G,1,Y2_nocap,0.4040408515503778
KGZ,G,2,Y2_nocap,1.580397655294125
KGZ,G,3,Y2_nocap,2.803065059372027
KGZ,G,4,Y2_nocap,3.433469552124957
KGZ,G,5,Y2_nocap,3.5299301344468184
KGZ,G,6,Y2_nocap,3.463113074499713
KGZ,G,7,Y2_nocap,3.3547310809580426
KGZ,G,8,Y2_nocap,3.226257285454623
KGZ,G,9,Y2_nocap,3.1664195771907595
KGZ,G,10,Y2_nocap,3.202121508630237
KGZ,L,0,Z1,1.0
KGZ,L,1,Z1,0.9512294245007136
KGZ,L,2,Z1,0.9048374180359586
KGZ,L,3,Z1,0.8607079764250565
KGZ,L,4,Z1,0.8187307530779803
KGZ,L,5,Z1,0.7788007830714029
KGZ,L,6,Z1,0.7408182206817157
KGZ,L,7,Z1,0.704688089718711
KGZ,L,8,Z1,0.6703200460356367
KGZ,L,9,Z1,0.6376281516217704
KGZ,L,10,Z1,0.6065306597126304
KGZ,L,0,Z2,0.0
KGZ,L,1,Z2,0.7408182206817178
KGZ,L,2,Z2,4.390493088752209
KGZ,L,3,Z2,10.97738081299617
KGZ,L,4,Z2,19.27642956238092
KGZ,L,5,Z2,27.891270018553698
KGZ,L,6,Z2,35.70455985586265
KGZ,L,7,Z2,42.002554890772736
KGZ,L,8,Z2,46.44759208417912
KGZ,L,9,Z2,48.99281878727748
KGZ,L,10,Z2,49.78706836786383
KGZ,L,0,Y1,1.00511673509676
KGZ,L,1,Y1,1.3653100175602986
KGZ,L,2,Y1,1.6442140861593402
KGZ,L,3,Y1,1.850985202227281
KGZ,L,4,Y1,2.0044135096576863
KGZ,L,5,Y1,2.1587671775889845
KGZ,L,6,Y1,2.312341294543175
KGZ,L,7,Y1,2.509750073578278
KGZ,L,8,Y1,2.7700466973787785
KGZ,L,9,Y1,2.9628977815561117
KGZ,L,10,Y1,3.0995513569775053
KGZ,L,0,Y2,0.0
KGZ,L,1,Y2,0.7446087912717992
KGZ,L,2,Y2,4.716110824719809
KGZ,L,3,Y2,13.086143830682495
KGZ,L,4,Y2,25.59661474958624
KGZ,L,5,Y2,41.155178558240394
KGZ,L,6,Y2,58.36737830290169
KGZ,L,7,Y2,75.96987371837974
KGZ,L,8,Y2,93.0440715759973
KGZ,L,9,Y2,109.15167125198545
KGZ,L,10,Y2,124.24161742127802
KGZ,L,0,Y1_nocap,1.00511673509676
KGZ,L,1,Y1_nocap,1.3354480535324478
KGZ,L,2,Y1_nocap,1.5756071643153648
KGZ,L,3,Y1_nocap,1.7377063226160767
KGZ,L,4,Y1_nocap,1.8430396402813607
KGZ,L,5,Y1_nocap,1.9476685307615025
KGZ,L,6,Y1_nocap,2.049959829808337
KGZ,L,7,Y1_nocap,2.194645781766773
KGZ,L,8,Y1_nocap,2.399564927682405
KGZ,L,9,Y1_nocap,2.53267713341886
KGZ,L,10,Y1_nocap,2.607499803869888
KGZ,L,0,Y2_nocap,0.0
KGZ,L,1,Y2_nocap,0.7446087912717992
KGZ,L,2,Y2_nocap,4.693988537662635
KGZ,L,3,Y2_nocap,12.92525319662078
KGZ,L,4,Y2_nocap,25.056732302745544
KGZ,L,5,Y2_nocap,39.887696127807665
KGZ,L,6,Y2_nocap,55.95435619372334
KGZ,L,7,Y2_nocap,71.96969162789401
KGZ,L,8,Y2_nocap,87.03040430475433
KGZ,L,9,Y2_nocap,100.73984872260132
KGZ,L,10,Y2_nocap,113.09911013821197
KHM,G,0,Z1,1.0
KHM,G,1,Z1,0.006737946999085479
KHM,G,2,Z1,4.539992976248501e-05
KHM,G,3,Z1,3.0590232050182743e-07
KHM,G,4,Z1,2.0611536224385723e-09
KHM,G,5,Z1,1.388794386496412e-11
KHM,G,6,Z1,9.357622968840275e-14
KHM,G,7,Z1,6.305116760147079e-16
KHM,G,8,Z1,4.24835425529165e-18
KHM,G,9,Z1,2.8625185805494346e-20
KHM,G,10,Z1,1.928749847963945e-22
KHM,G,0,Z2,0.0
KHM,G,1,Z2,0.45756623796328677
KHM,G,2,Z2,1.6749348969910012
KHM,G,3,Z2,2.5865786013173917
KHM,G,4,Z2,2.805406909158256
KHM,G,5,Z2,2.5071474323823346
KHM,G,6,Z2,1.9823374402349736
KHM,G,7,Z2,1.4403628931547048
KHM,G,8,Z2,0.9837884907441098
KHM,G,9,Z2,0.64093395043776
KHM,G,10,Z2,0.40229044785288526
KHM,G,0,Y1,1.000000000000003
KHM,G,1,Y1,0.7359221905764931
KHM,G,2,Y1,0.42157878515048997
KHM,G,3,Y1,0.2996578868473277
KHM,G,4,Y1,0.5163781957949937
KHM,G,5,Y1,0.4709347170284912
KHM,G,6,Y1,0.4533321591592282
KHM,G,7,Y1,0.45501165120171916
KHM,G,8,Y1,0.6372528750165405
KHM,G,9,Y1,0.4620538773863685
KHM,G,10,Y1,0.5491371568138393
KHM,G,0,Y2,0.0
KHM,G,1,Y2,0.4575662379632882
KHM,G,2,Y2,2.0085849881068256
KHM,G,3,Y2,3.998546065842385
KHM,G,4,Y2,5.525124529525425
KHM,G,5,Y2,6.362929829795755
KHM,G,6,Y2,6.822450120673841
KHM,G,7,Y2,7.082438871014145
KHM,G,8,Y2,7.217009066021522
KHM,G,9,Y2,7.359303084237789
KHM,G,10,Y2,7.602232498026434
KHM,G,0,Y1_nocap,1.000000000000003
KHM,G,1,Y1_nocap,0.6858909991440632
KHM,G,2,Y1_nocap,0.3392319525168019
KHM,G,3,Y1_nocap,0.2036311934130046
KHM,G,4,Y1_nocap,0.4140028451468385
KHM,G,5,Y1_nocap,0.35193939116310613
KHM,G,6,Y1_nocap,0.32148645171793155
KHM,G,7,Y1_nocap,0.3123529315753106
KHM,G,8,Y1_nocap,0.48467042035323693
KHM,G,9,Y1_nocap,0.29132320038202614
KHM,G,10,Y1_nocap,0.37065723535760925
KHM,G,0,Y2_nocap,0.0
KHM,G,1,Y2_nocap,0.4575662379632882
KHM,G,2,Y2_nocap,1.9856924040622677
KHM,G,3,Y2_nocap,3.877222195975746
KHM,G,4,Y2_nocap,5.2146692770008425
KHM,G,5,Y2_nocap,5.803990806704345
KHM,G,6,Y2_nocap,5.995477526261345
KHM,G,7,Y2_nocap,5.988568676848885
KHM,G,8,Y2_nocap,5.8672577929555345
KHM,G,9,Y2_nocap,5.769970470454125
KHM,G,10,Y2_nocap,5.787764672647955
KHM,L,0,Z1,1.0
KHM,L,1,Z1,0.7300207025070902
KHM,L,2,Z1,0.5329302260889455
KHM,L,3,Z1,0.38905009803671436
KHM,L,4,Z1,0.28401462587921456
KHM,L,5,Z1,0.20733655670663256
KHM,L,6,Z1,0.15135997878237706
KHM,L,7,Z1,0.11049591804216918
KHM,L,8,Z1,0.0806643077133102
KHM,L,9,Z1,0.0588866145841188
KHM,L,10,Z1,0.042988447746962664
KHM,L,0,Z2,0.0
KHM,L,1,Z2,0.2555123196245595
KHM,L,2,Z2,0.5222923638393844
KHM,L,3,Z2,0.4504009502479346
KHM,L,4,Z2,0.2727893133249319
KHM,L,5,Z2,0.13613482464149243
KHM,L,6,Z2,0.060106967699034806
KHM,L,7,Z2,0.024388047521462727
KHM,L,8,Z2,0.009301751183035981
KHM,L,9,Z2,0.003384029421020904
KHM,L,10,Z2,0.0011860921907308733
KHM,L,0,Y1,1.00511673509676
KHM,L,1,Y1,1.1633946528928552
KHM,L,2,Y1,1.2218479173062022
KHM,L,3,Y1,1.2107577906207208
KHM,L,4,Y1,1.1625640358829392
KHM,L,5,Y1,1.1377819106278264
KHM,L,6,Y1,1.1284064249877728
KHM,L,7,Y1,1.1747967731613533
KHM,L,8,Y1,1.2839402010392431
KHM,L,9,Y1,1.3128393638440987
KHM,L,10,Y1,1.2896401209484774
KHM,L,0,Y2,0.0
KHM,L,1,Y2,0.25681970847803703
KHM,L,2,Y2,0.6347427579068711
KHM,L,3,Y2,0.772292532172777
KHM,L,4,Y2,0.7437256586033221
KHM,L,5,Y2,0.6595330168417766
KHM,L,6,Y2,0.5835307075924808
KHM,L,7,Y2,0.5406141957380854
KHM,L,8,Y2,0.537078638461173
KHM,L,9,Y2,0.5788456239791843
KHM,L,10,Y2,0.6279509010424247
KHM,L,0,Y1_nocap,1.00511673509676
KHM,L,1,Y1_nocap,1.1131074651072903
KHM,L,2,Y1_nocap,1.117881174546607
KHM,L,3,Y1_nocap,1.0550188268271359
KHM,L,4,Y1_nocap,0.9602678401865707
KHM,L,5,Y1_nocap,0.8955303976926285
KHM,L,6,Y1_nocap,0.8510359442139491
KHM,L,7,Y1_nocap,0.86593753046246
KHM,L,8,Y1_nocap,0.9441056080249387
KHM,L,9,Y1_nocap,0.9393570074186788
KHM,L,10,Y1_nocap,0.8840928542624912
KHM,L,0,Y2_nocap,0.0
KHM,L,1,Y2_nocap,0.25681970847803703
KHM,L,2,Y2_nocap,0.6218937619083855
KHM,L,3,Y2_nocap,0.7288431674724305
KHM,L,4,Y2_nocap,0.6655485557925156
KHM,L,5,Y2_nocap,0.5511833343483303
KHM,L,6,Y2_nocap,0.45193660699766147
KHM,L,7,Y2_nocap,0.39167044674540175
KHM,L,8,Y2_nocap,0.374494087110516
KHM,L,9,Y2_nocap,0.4040249984572784
KHM,L,10,Y2_nocap,0.43990594652496606
KNA,G,0,Z1,1.0
KNA,G,1,Z1,0.006737946999085479
KNA,G,2,Z1,4.539992976248501e-05
KNA,G,3,Z1,3.0590232050182743e-07
KNA,G,4,Z1,2.0611536224385723e-09
KNA,G,5,Z1,1.388794386496412e-11
KNA,G,6,Z1,9.357622968840275e-14
KNA,G,7,Z1,6.305116760147079e-16
KNA,G,8,Z1,4.24835425529165e-18
KNA,G,9,Z1,2.8625185805494346e-20
KNA,G,10,Z1,1.928749847963945e-22
KNA,G,0,Z2,0.0
KNA,G,1,Z2,0.4840667676129878
KNA,G,2,Z2,1.8745650840582904
KNA,G,3,Z2,3.0625244806058953
KNA,G,4,Z2,3.5139942543704654
KNA,G,5,Z2,3.3222809377416453
KNA,G,6,Z2,2.7789796131290108
KNA,G,7,Z2,2.1361463229457636
KNA,G,8,Z2,1.5435194524685805
KNA,G,9,Z2,1.0638366370390364
KNA,G,10,Z2,0.7064032402740164
KNA,G,0,Y1,1.000000000000003
KNA,G,1,Y1,0.7131374233171539
KNA,G,2,Y1,0.38409425437196165
KNA,G,3,Y1,0.25597093471089544
KNA,G,4,Y1,0.46983113840213436
KNA,G,5,Y1,0.416850830375351
KNA,G,6,Y1,0.39343259035692335
KNA,G,7,Y1,0.3902272069257898
KNA,G,8,Y1,0.567990693021534
KNA,G,9,Y1,0.3845701952465391
KNA,G,10,Y1,0.4681722963586352
KNA,G,0,Y2,0.0
KNA,G,1,Y2,0.4840667676129893
KNA,G,2,Y2,2.2165095952030907
KNA,G,3,Y2,4.570317557891401
KNA,G,4,Y2,6.5110164375857815
KNA,G,5,Y2,7.667724565166042
KNA,G,6,Y2,8.312395694911192
KNA,G,7,Y2,8.64786251746654
KNA,G,8,Y2,8.780045029090484
KNA,G,9,Y2,8.873914124519521
KNA,G,10,Y2,9.063560175113182
KNA,G,0,Y1_nocap,1.000000000000003
KNA,G,1,Y1_nocap,0.6858909991440632
KNA,G,2,Y1_nocap,0.3392319525168019
KNA,G,3,Y1_nocap,0.2036311934130046
KNA,G,4,Y1_nocap,0.4140028451468385
KNA,G,5,Y1_nocap,0.35193939116310613
KNA,G,6,Y1_nocap,0.32148645171793155
KNA,G,7,Y1_nocap,0.3123529315753106
KNA,G,8,Y1_nocap,0.48467042035323693
KNA,G,9,Y1_nocap,0.29132320038202614
KNA,G,10,Y1_nocap,0.37065723535760925
KNA,G,0,Y2_nocap,0.0
KNA,G,1,Y2_nocap,0.4840667676129893
KNA,G,2,Y2_nocap,2.2033205067246104
KNA,G,3,Y2_nocap,4.497614880403512
KNA,G,4,Y2_nocap,6.318630828082078
KNA,G,5,Y2_nocap,7.310749605250038
KNA,G,6,Y2_nocap,7.770276604389728
KNA,G,7,Y2_nocap,7.915364607943447
KNA,G,8,Y2_nocap,7.860706945518969
KNA,G,9,Y2_nocap,7.776577614481044
KNA,G,10,Y2_nocap,7.79752204392835
KNA,L,0,Z1,1.0
KNA,L,1,Z1,0.7950797593267056
KNA,L,2,Z1,0.6321518236910121
KNA,L,3,Z1,0.502611119838188
KNA,L,4,Z1,0.3996159281958725
KNA,L,5,Z1,0.31772653601309236
KNA,L,6,Z1,0.25261793778499736
KNA,L,7,Z1,0.2008514091757044
KNA,L,8,Z1,0.15969289006784873
KNA,L,9,Z1,0.12696858460133123
KNA,L,10,Z1,0.10095015168687889
KNA,L,0,Z2,0.0
KNA,L,1,Z2,0.2661718370076174
KNA,L,2,Z2,0.5667795745280769
KNA,L,3,Z2,0.5091550667905523
KNA,L,4,Z2,0.32123908610222796
KNA,L,5,Z2,0.16700155794234017
KNA,L,6,Z2,0.07681152060399757
KNA,L,7,Z2,0.032466003680937376
KNA,L,8,Z2,0.012899318804974328
KNA,L,9,Z2,0.004888621862926529
KNA,L,10,Z2,0.0017849293027308035
KNA,L,0,Y1,1.00511673509676
KNA,L,1,Y1,1.2058852487942149
KNA,L,2,Y1,1.3007087558667243
KNA,L,3,Y1,1.3166297877906716
KNA,L,4,Y1,1.2852258311015987
KNA,L,5,Y1,1.2679675799097798
KNA,L,6,Y1,1.2602805673252813
KNA,L,7,Y1,1.3047683745214507
KNA,L,8,Y1,1.4118099461472164
KNA,L,9,Y1,1.4411452391372828
KNA,L,10,Y1,1.4167912515179901
KNA,L,0,Y2,0.0
KNA,L,1,Y2,0.26753376778780336
KNA,L,2,Y2,0.6779416436566419
KNA,L,3,Y2,0.8333038075106389
KNA,L,4,Y2,0.7989598065728052
KNA,L,5,Y2,0.6961627248096101
KNA,L,6,Y2,0.5994180825201101
KNA,L,7,Y2,0.5397027475416845
KNA,L,8,Y2,0.5249913649584131
KNA,L,9,Y2,0.5614607078320127
KNA,L,10,Y2,0.6089440313139747
KNA,L,0,Y1_nocap,1.00511673509676
KNA,L,1,Y1_nocap,1.1784994118862966
KNA,L,2,Y1_nocap,1.2422907096723175
KNA,L,3,Y1_nocap,1.2266626249252393
KNA,L,4,Y1_nocap,1.165376879668643
KNA,L,5,Y1_nocap,1.1210825634165138
KNA,L,6,Y1_nocap,1.0886302688804905
KNA,L,7,Y1_nocap,1.1102115647858755
KNA,L,8,Y1_nocap,1.194660027441158
KNA,L,9,Y1_nocap,1.1999903753025807
KNA,L,10,Y1_nocap,1.1524308505916885
KNA,L,0,Y2_nocap,0.0
KNA,L,1,Y2_nocap,0.26753376778780336
KNA,L,2,Y2_nocap,0.6706523051388703
KNA,L,3,Y2_nocap,0.8080284413642733
KNA,L,4,Y2_nocap,0.752663189245813
KNA,L,5,Y2_nocap,0.6311805882817298
KNA,L,6,Y2_nocap,0.519795704538108
KNA,L,7,Y2_nocap,0.4490510896730525
KNA,L,8,Y2_nocap,0.42567198845409104
KNA,L,9,Y2_nocap,0.45445170107043137
KNA,L,10,Y2_nocap,0.4937638518405944
KOR,G,0,Z1,1.0
KOR,G,1,Z1,0.951229424500714
KOR,G,2,Z1,0.9048374180359595
KOR,G,3,Z1,0.8607079764250578
KOR,G,4,Z1,0.8187307530779818
KOR,G,5,Z1,0.7788007830714049
KOR,G,6,Z1,0.7408182206817179
KOR,G,7,Z1,0.7046880897187134
KOR,G,8,Z1,0.6703200460356393
KOR,G,9,Z1,0.6376281516217733
KOR,G,10,Z1,0.6065306597126334
KOR,G,0,Z2,0.0
KOR,G,1,Z2,0.39166646502249347
KOR,G,2,Z2,1.2272209585857288
KOR,G,3,Z2,1.62223186944641
KOR,G,4,Z2,1.506071281192075
KOR,G,5,Z2,1.1521047163601514
KOR,G,6,Z2,0.7797440705918799
KOR,G,7,Z2,0.48496325966010706
KOR,G,8,Z2,0.28353133800394226
KOR,G,9,Z2,0.1581157101657523
KOR,G,10,Z2,0.08495009775739552
KOR,G,0,Y1,1.000000000000003
KOR,G,1,Y1,1.680133293127707
KOR,G,2,Y1,2.0139389766431366
KOR,G,3,Y1,2.2109280769444974
KOR,G,4,Y1,2.6150787162537066
KOR,G,5,Y1,2.951768025169539
KOR,G,6,Y1,3.2538143080075193
KOR,G,7,Y1,3.5419487741667868
KOR,G,8,Y1,3.9972422804499406
KOR,G,9,Y1,4.252804460691774
KOR,G,10,Y1,4.583024248330094
KOR,G,0,Y2,0.0
KOR,G,1,Y2,0.3916664650224947
KOR,G,2,Y2,1.5127081601520858
KOR,G,3,Y2,2.6795920341820043
KOR,G,4,Y2,3.3143593749981233
KOR,G,5,Y2,3.4871364614714113
KOR,G,6,Y2,3.534694893995594
KOR,G,7,Y2,3.5518574253166753
KOR,G,8,Y2,3.5478282355598774
KOR,G,9,Y2,3.6034653362286417
KOR,G,10,Y2,3.7390555014726847
KOR,G,0,Y1_nocap,1.000000000000003
KOR,G,1,Y1_nocap,1.6303824766456947
KOR,G,2,Y1_nocap,1.8854782402931523
KOR,G,3,Y1_nocap,1.9948678479192243
KOR,G,4,Y1_nocap,2.310207783889443
KOR,G,5,Y1_nocap,2.5466874826812607
KOR,G,6,Y1_nocap,2.7415991712874517
KOR,G,7,Y1_nocap,2.9180765748181083
KOR,G,8,Y1_nocap,3.2583261037685176
KOR,G,9,Y1_nocap,3.387473181301042
KOR,G,10,Y1_nocap,3.5909584798344243
KOR,G,0,Y2_nocap,0.0
KOR,G,1,Y2_nocap,0.3916664650224947
KOR,G,2,Y2_nocap,1.493222433728593
KOR,G,3,Y2_nocap,2.5867584233199388
KOR,G,4,Y2_nocap,3.0973162374519214
KOR,G,5,Y2_nocap,3.126482387067053
KOR,G,6,Y2_nocap,3.03591517931246
KOR,G,7,Y2_nocap,2.926129262145429
KOR,G,8,Y2_nocap,2.806745109409725
KOR,G,9,Y2_nocap,2.7585382931205187
KOR,G,10,Y2_nocap,2.7976984790656982
KOR,L,0,Z1,1.0
KOR,L,1,Z1,0.8137726933631652
KOR,L,2,Z1,0.6622259964635401
KOR,L,3,Z1,0.5389014327572408
KOR,L,4,Z1,0.43854327039212854
KOR,L,5,Z1,0.35687453830329324
KOR,L,6,Z1,0.29041475422780694
KOR,L,7,Z1,0.23633159674036414
KOR,L,8,Z1,0.19232020000622355
KOR,L,9,Z1,0.15650492714720715
KOR,L,10,Z1,0.12735943608918873
KOR,L,0,Z2,0.0
KOR,L,1,Z2,0.7408182206816908
KOR,L,2,Z2,4.3904930887518905
KOR,L,3,Z2,10.977380812994973
KOR,L,4,Z2,19.27642956237812
KOR,L,5,Z2,27.89127001854864
KOR,L,6,Z2,35.70455985585487
KOR,L,7,Z2,42.00255489076206
KOR,L,8,Z2,46.447592084165635
KOR,L,9,Z2,48.99281878726146
KOR,L,10,Z2,49.78706836784577
KOR,L,0,Y1,1.00511673509676
KOR,L,1,Y1,1.2472933709452003
KOR,L,2,Y1,1.3867661541700123
KOR,L,3,Y1,1.4458963144076296
KOR,L,4,Y1,1.4532535503562034
KOR,L,5,Y1,1.468950298878089
KOR,L,6,Y1,1.489731656626309
KOR,L,7,Y1,1.5591533284579289
KOR,L,8,Y1,1.690173050819366
KOR,L,9,Y1,1.7452152445661222
KOR,L,10,Y1,1.7448747588009605
KOR,L,0,Y2,0.0
KOR,L,1,Y2,0.7446087912717722
KOR,L,2,Y2,4.7310334329877595
KOR,L,3,Y2,13.194038604357003
KOR,L,4,Y2,25.955577409650164
KOR,L,5,Y2,41.98972035657911
KOR,L,6,Y2,59.93929915478387
KOR,L,7,Y2,78.5459387457717
KOR,L,8,Y2,96.86957290036537
KOR,L,9,Y2,114.43362407496893
KOR,L,10,Y2,131.14337272450004
KOR,L,0,Y1_nocap,1.00511673509676
KOR,L,1,Y1_nocap,1.197287992714402
KOR,L,2,Y1_nocap,1.279609955465673
KOR,L,3,Y1_nocap,1.2802540663787916
KOR,L,4,Y1_nocap,1.2319180548542323
KOR,L,5,Y1_nocap,1.1970162679061023
KOR,L,6,Y1_nocap,1.1713793665073955
KOR,L,7,Y1_nocap,1.1979002146413695
KOR,L,8,Y1_nocap,1.2867717677584996
KOR,L,9,Y1_nocap,1.2972800953999453
KOR,L,10,Y1_nocap,1.2540339090817865
KOR,L,0,Y2_nocap,0.0
KOR,L,1,Y2_nocap,0.7446087912717722
KOR,L,2,Y2_nocap,4.693988537662305
KOR,L,3,Y2_nocap,12.925253196619447
KOR,L,4,Y2_nocap,25.05673230274217
KOR,L,5,Y2_nocap,39.887696127801064
KOR,L,6,Y2_nocap,55.95435619371239
KOR,L,7,Y2_nocap,71.96969162787781
KOR,L,8,Y2_nocap,87.03040430473231
KOR,L,9,Y2_nocap,100.73984872257316
KOR,L,10,Y2_nocap,113.09911013817766
KWT,G,0,Z1,1.0
KWT,G,1,Z1,0.8823429855867216
KWT,G,2,Z1,0.7785291442140897
KWT,G,3,Z1,0.6869297294721353
KWT,G,4,Z1,0.6061076283907229
KWT,G,5,Z1,0.5347948144211576
KWT,G,6,Z1,0.47187245323266097
KWT,G,7,Z1,0.4163533492014368
KWT,G,8,Z1,0.36736645719342664
KWT,G,9,Z1,0.32414321664446466
KWT,G,10,Z1,0.28600549353176047
KWT,G,0,Z2,0.0
KWT,G,1,Z2,0.12001049331544922
KWT,G,2,Z2,0.11522014804653984
KWT,G,3,Z2,0.04666824047343716
KWT,G,4,Z2,0.013275682515866558
KWT,G,5,Z2,0.0031117601715399
KWT,G,6,Z2,0.0006453110130034247
KWT,G,7,Z2,0.00012297835140400278
KWT,G,8,Z2,2.203046828276063e-05
KWT,G,9,Z2,3.7644411918751387e-06
KWT,G,10,Z2,6.197152873716498e-07
KWT,G,0,Y1,1.000000000000003
KWT,G,1,Y1,1.6561020510911237
KWT,G,2,Y1,1.9519592187761194
KWT,G,3,Y1,2.1068451750620043
KWT,G,4,Y1,2.4684983255258333
KWT,G,5,Y1,2.7574139489907274
KWT,G,6,Y1,3.008619564217637
KWT,G,7,Y1,3.2440494072524144
KWT,G,8,Y1,3.64535998283438
KWT,G,9,Y1,3.841836676502692
KWT,G,10,Y1,4.113247102183159
KWT,G,0,Y2,0.0
KWT,G,1,Y2,0.12001049331544959
KWT,G,2,Y2,0.20807935520502413
KWT,G,3,Y2,0.1947111265891472
KWT,G,4,Y2,0.15207499544638897
KWT,G,5,Y2,0.15374309927557003
KWT,G,6,Y2,0.16727310556696573
KWT,G,7,Y2,0.17153567527577263
KWT,G,8,Y2,0.17382053602381026
KWT,G,9,Y2,0.1986613895701762
KWT,G,10,Y2,0.20267559762660448
KWT,G,0,Y1_nocap,1.000000000000003
KWT,G,1,Y1_nocap,1.5614960377317022
KWT,G,2,Y1_nocap,1.7123855312314455
KWT,G,3,Y1_nocap,1.7122568285988082
KWT,G,4,Y1_nocap,1.923428591195385
KWT,G,5,Y1_nocap,2.046273587653234
KWT,G,6,Y1_nocap,2.1246302494105906
KWT,G,7,Y1_nocap,2.1848393704355127
KWT,G,8,Y1_nocap,2.410343495992757
KWT,G,9,Y1_nocap,2.4148071933214474
KWT,G,10,Y1_nocap,2.499382503645369
KWT,G,0,Y2_nocap,0.0
KWT,G,1,Y2_nocap,0.12001049331544959
KWT,G,2,Y2_nocap,0.19672564087115196
KWT,G,3,Y2_nocap,0.16507712149899162
KWT,G,4,Y2_nocap,0.10768799543231061
KWT,G,5,Y2_nocap,0.10046274066343408
KWT,G,6,Y2_nocap,0.10604232101520497
KWT,G,7,Y2_nocap,0.10205848184679879
KWT,G,8,Y2_nocap,0.09671434029387939
KWT,G,9,Y2_nocap,0.11465428386996841
KWT,G,10,Y2_nocap,0.11027162457082265
KWT,L,0,Z1,1.0
KWT,L,1,Z1,0.951229424500714
KWT,L,2,Z1,0.9048374180359595
KWT,L,3,Z1,0.8607079764250578
KWT,L,4,Z1,0.8187307530779818
KWT,L,5,Z1,0.7788007830714049
KWT,L,6,Z1,0.7408182206817179
KWT,L,7,Z1,0.7046880897187134
KWT,L,8,Z1,0.6703200460356393
KWT,L,9,Z1,0.6376281516217733
KWT,L,10,Z1,0.6065306597126334
KWT,L,0,Z2,0.0
KWT,L,1,Z2,0.7408182206817179
KWT,L,2,Z2,4.390493088752212
KWT,L,3,Z2,10.977380812996177
KWT,L,4,Z2,19.276429562380937
KWT,L,5,Z2,27.891270018553726
KWT,L,6,Z2,35.7045598558627
KWT,L,7,Z2,42.00255489077279
KWT,L,8,Z2,46.447592084179206
KWT,L,9,Z2,48.99281878727759
KWT,L,10,Z2,49.787068367863945
KWT,L,0,Y1,1.00511673509676
KWT,L,1,Y1,1.4305381408007902
KWT,L,2,Y1,1.7942653088515859
KWT,L,3,Y1,2.0990490843530223
KWT,L,4,Y1,2.358241092369229
KWT,L,5,Y1,2.62220645796316
KWT,L,6,Y1,2.8890856109783343
KWT,L,7,Y1,3.2032364859560545
KWT,L,8,Y1,3.5863661704131333
KWT,L,9,Y1,3.9118778814711024
KWT,L,10,Y1,4.186081826000616
KWT,L,0,Y2,0.0
KWT,L,1,Y2,0.7446087912717994
KWT,L,2,Y2,4.764433006917241
KWT,L,3,Y2,13.437722653205864
KWT,L,4,Y2,26.77706195848617
KWT,L,5,Y2,43.92836889377601
KWT,L,6,Y2,63.65079624057209
KWT,L,7,Y2,84.73527897870208
KWT,L,8,Y2,106.23244129221598
KWT,L,9,Y2,127.61544643782108
KWT,L,10,Y2,148.72146048630395
KWT,L,0,Y1_nocap,1.00511673509676
KWT,L,1,Y1_nocap,1.3354480535324482
KWT,L,2,Y1_nocap,1.575607164315366
KWT,L,3,Y1_nocap,1.7377063226160785
KWT,L,4,Y1_nocap,1.843039640281363
KWT,L,5,Y1_nocap,1.947668530761506
KWT,L,6,Y1_nocap,2.0499598298083415
KWT,L,7,Y1_nocap,2.194645781766778
KWT,L,8,Y1_nocap,2.3995649276824107
KWT,L,9,Y1_nocap,2.5326771334188667
KWT,L,10,Y1_nocap,2.6074998038698958
KWT,L,0,Y2_nocap,0.0
KWT,L,1,Y2_nocap,0.7446087912717994
KWT,L,2,Y2_nocap,4.693988537662639
KWT,L,3,Y2_nocap,12.925253196620789
KWT,L,4,Y2_nocap,25.056732302745566
KWT,L,5,Y2_nocap,39.8876961278077
KWT,L,6,Y2_nocap,55.954356193723406
KWT,L,7,Y2_nocap,71.9696916278941
KWT,L,8,Y2_nocap,87.03040430475446
KWT,L,9,Y2_nocap,100.7398487226015
KWT,L,10,Y2_nocap,113.09911013821221
LAO,G,0,Z1,1.0
LAO,G,1,Z1,0.006737946999086059
LAO,G,2,Z1,4.5399929762492837e-05
LAO,G,3,Z1,3.059023205019062e-07
LAO,G,4,Z1,2.061153622439283e-09
LAO,G,5,Z1,1.3887943864970139e-11
LAO,G,6,Z1,9.357622968845095e-14
LAO,G,7,Z1,6.305116760150887e-16
LAO,G,8,Z1,4.248354255294577e-18
LAO,G,9,Z1,2.862518580551651e-20
LAO,G,10,Z1,1.928749847965617e-22
LAO,G,0,Z2,0.0
LAO,G,1,Z2,0.4134668387038826
LAO,G,2,Z2,1.3676386136622598
LAO,G,3,Z2,1.908472097520997
LAO,G,4,Z2,1.8704353775800282
LAO,G,5,Z2,1.510474614390463
LAO,G,6,Z2,1.0791898509677609
LAO,G,7,Z2,0.7085637088057747
LAO,G,8,Z2,0.4373160627128678
LAO,G,9,Z2,0.25745046481247663
LAO,G,10,Z2,0.14601814788595316
LAO,G,0,Y1,1.000000000000003
LAO,G,1,Y1,0.7612029842868986
LAO,G,2,Y1,0.46225163646131273
LAO,G,3,Y1,0.34574999312355603
LAO,G,4,Y1,0.564007156766608
LAO,G,5,Y1,0.5252593356785712
LAO,G,6,Y1,0.5122256213365091
LAO,G,7,Y1,0.5173046791328912
LAO,G,8,Y1,0.7024018099762794
LAO,G,9,Y1,0.5341418513241925
LAO,G,10,Y1,0.622686623922275
LAO,G,0,Y2,0.0
LAO,G,1,Y2,0.4134668387038839
LAO,G,2,Y2,1.6795848875422628
LAO,G,3,Y2,3.1293126891619054
LAO,G,4,Y2,4.07715785497351
LAO,G,5,Y2,4.494894994572758
LAO,G,6,Y2,4.711496519254096
LAO,G,7,Y2,4.84956266931958
LAO,G,8,Y2,4.93669894762688
LAO,G,9,Y2,5.067372690591421
LAO,G,10,Y2,5.283646807207551
LAO,G,0,Y1_nocap,1.000000000000003
LAO,G,1,Y1_nocap,0.6858909991440637
LAO,G,2,Y1_nocap,0.33923195251680227
LAO,G,3,Y1_nocap,0.20363119341300479
LAO,G,4,Y1_nocap,0.4140028451468386
LAO,G,5,Y1_nocap,0.3519393911631064
LAO,G,6,Y1_nocap,0.3214864517179318
LAO,G,7,Y1_nocap,0.3123529315753108
LAO,G,8,Y1_nocap,0.4846704203532371
LAO,G,9,Y1_nocap,0.2913232003820264
LAO,G,10,Y1_nocap,0.3706572353576094
LAO,G,0,Y2_nocap,0.0
LAO,G,1,Y2_nocap,0.4134668387038839
LAO,G,2,Y2_nocap,1.648445879128741
LAO,G,3,Y2_nocap,2.975658363378413
LAO,G,4,Y2_nocap,3.7074558802918465
LAO,G,5,Y2_nocap,3.865358209954963
LAO,G,6,Y2_nocap,3.82385442343685
LAO,G,7,Y2_nocap,3.7204717652117383
LAO,G,8,Y2_nocap,3.586602767490167
LAO,G,9,Y2_nocap,3.5179390329847124
LAO,G,10,Y2_nocap,3.5504968321645447
LAO,L,0,Z1,1.0
LAO,L,1,Z1,0.4242557479591968
LAO,L,2,Z1,0.17999293967641752
LAO,L,3,Z1,0.0763630392497931
LAO,L,4,Z1,0.03239745833335848
LAO,L,5,Z1,0.013744807917195914
LAO,L,6,Z1,0.0058313137634654405
LAO,L,7,Z1,0.0024739683823037906
LAO,L,8,Z1,0.0010495953064616984
LAO,L,9,Z1,0.0004452968417973701
LAO,L,10,Z1,0.0001889197446806115
LAO,L,0,Z2,0.0
LAO,L,1,Z2,0.3232769457647916
LAO,L,2,Z2,0.8360638693040959
LAO,L,3,Z2,0.9121955876986115
LAO,L,4,Z2,0.6990027935557365
LAO,L,5,Z2,0.4413505628549915
LAO,L,6,Z2,0.24654838228646384
LAO,L,7,Z2,0.12656605993992903
LAO,L,8,Z2,0.061075613174840435
LAO,L,9,Z2,0.028112543309492855
LAO,L,10,Z2,0.01246658043727474
LAO,L,0,Y1,1.00511673509676
LAO,L,1,Y1,0.8814753289055242
LAO,L,2,Y1,0.7795593871242872
LAO,L,3,Y1,0.6877076751692701
LAO,L,4,Y1,0.6116864344919426
LAO,L,5,Y1,0.5913755241276122
LAO,L,6,Y1,0.5929727233369266
LAO,L,7,Y1,0.6483005545561762
LAO,L,8,Y1,0.7495176620439152
LAO,L,9,Y1,0.7456206934846932
LAO,L,10,Y1,0.7017035706008496
LAO,L,0,Y2,0.0
LAO,L,1,Y2,0.3249310682591597
LAO,L,2,Y2,0.9874485653434195
LAO,L,3,Y2,1.4284302749407911
LAO,L,4,Y2,1.572172537057305
LAO,L,5,Y2,1.5335427353324602
LAO,L,6,Y2,1.4325441414711029
LAO,L,7,Y2,1.3478159275070913
LAO,L,8,Y2,1.3171342631027891
LAO,L,9,Y2,1.3656846154104043
LAO,L,10,Y2,1.4565611234960945
LAO,L,0,Y1_nocap,1.00511673509676
LAO,L,1,Y1_nocap,0.8057779922851025
LAO,L,2,Y1_nocap,0.6471456257090725
LAO,L,3,Y1_nocap,0.5134976779388959
LAO,L,4,Y1_nocap,0.40793659649729586
LAO,L,5,Y1_nocap,0.3675844402715513
LAO,L,6,Y1_nocap,0.35323002581949237
LAO,L,7,Y1_nocap,0.39452354141430307
LAO,L,8,Y1_nocap,0.47933216385971517
LAO,L,9,Y1_nocap,0.45349979390663325
LAO,L,10,Y1_nocap,0.39074268606494955
LAO,L,0,Y2_nocap,0.0
LAO,L,1,Y2_nocap,0.3249310682591597
LAO,L,2,Y2_nocap,0.9629773615582403
LAO,L,3,Y2_nocap,1.3327181992877115
LAO,L,4,Y2_nocap,1.3811083651990175
LAO,L,5,Y2_nocap,1.248480793468067
LAO,L,6,Y2_nocap,1.068400562518562
LAO,L,7,Y2_nocap,0.922298643232317
LAO,L,8,Y2_nocap,0.8444639203287556
LAO,L,9,Y2_nocap,0.8541950275413931
LAO,L,10,Y2_nocap,0.907554460206174
LBN,G,0,Z1,1.0
LBN,G,1,Z1,0.006737946999087723
LBN,G,2,Z1,4.539992976251525e-05
LBN,G,3,Z1,3.0590232050213336e-07
LBN,G,4,Z1,2.0611536224413186e-09
LBN,G,5,Z1,1.388794386498726e-11
LBN,G,6,Z1,9.357622968858991e-14
LBN,G,7,Z1,6.305116760161773e-16
LBN,G,8,Z1,4.2483542553029696e-18
LBN,G,9,Z1,2.8625185805580176e-20
LBN,G,10,Z1,1.9287498479703727e-22
LBN,G,0,Z2,0.0
LBN,G,1,Z2,0.4939777317616922
LBN,G,2,Z2,1.9521119958114108
LBN,G,3,Z2,3.2545120134455234
LBN,G,4,Z2,3.8107412441908095
LBN,G,5,Z2,3.6766041330783295
LBN,G,6,Z2,3.1383254653811066
LBN,G,7,Z2,2.461760059986983
LBN,G,8,Z2,1.8152186037721147
LBN,G,9,Z2,1.2767147411481032
LBN,G,10,Z2,0.865114748887594
LBN,G,0,Y1,1.000000000000003
LBN,G,1,Y1,0.7171459081570511
LBN,G,2,Y1,0.3911425955025777
LBN,G,3,Y1,0.26484614606176377
LBN,G,4,Y1,0.4800512049247407
LBN,G,5,Y1,0.42927541497025684
LBN,G,6,Y1,0.40788803247338135
LBN,G,7,Y1,0.40664152380415336
LBN,G,8,Y1,0.5863632920791676
LBN,G,9,Y1,0.40562092817092965
LBN,G,10,Y1,0.4912015052449894
LBN,G,0,Y2,0.0
LBN,G,1,Y2,0.49397773176169374
LBN,G,2,Y2,2.303037709089676
LBN,G,3,Y2,4.832136703052653
LBN,G,4,Y2,7.00642007907537
LBN,G,5,Y2,8.389154872202454
LBN,G,6,Y2,9.21979621718007
LBN,G,7,Y2,9.69904212845362
LBN,G,8,Y2,9.939702070018905
LBN,G,9,Y2,10.116900080411142
LBN,G,10,Y2,10.381703778672762
LBN,G,0,Y1_nocap,1.000000000000003
LBN,G,1,Y1_nocap,0.6858909991440654
LBN,G,2,Y1_nocap,0.3392319525168034
LBN,G,3,Y1_nocap,0.20363119341300537
LBN,G,4,Y1_nocap,0.41400284514683894
LBN,G,5,Y1_nocap,0.3519393911631071
LBN,G,6,Y1_nocap,0.32148645171793233
LBN,G,7,Y1_nocap,0.3123529315753113
LBN,G,8,Y1_nocap,0.4846704203532376
LBN,G,9,Y1_nocap,0.2913232003820273
LBN,G,10,Y1_nocap,0.3706572353576099
LBN,G,0,Y2_nocap,0.0
LBN,G,1,Y2_nocap,0.49397773176169374
LBN,G,2,Y2_nocap,2.287598480029023
LBN,G,3,Y2_nocap,4.745584947271123
LBN,G,4,Y2_nocap,6.773710271954363
LBN,G,5,Y2_nocap,7.950553748295096
LBN,G,6,Y2_nocap,8.5436712560816
LBN,G,7,Y2_nocap,8.772796283155827
LBN,G,8,Y2_nocap,8.762429914261201
LBN,G,9,Y2_nocap,8.695204115637022
LBN,G,10,Y2_nocap,8.723798505295559
LBN,L,0,Z1,1.0
LBN,L,1,Z1,0.9512294245007138
LBN,L,2,Z1,0.9048374180359592
LBN,L,3,Z1,0.8607079764250574
LBN,L,4,Z1,0.8187307530779813
LBN,L,5,Z1,0.7788007830714041
LBN,L,6,Z1,0.740818220681717
LBN,L,7,Z1,0.7046880897187124
LBN,L,8,Z1,0.6703200460356382
LBN,L,9,Z1,0.6376281516217721
LBN,L,10,Z1,0.6065306597126322
LBN,L,0,Z2,0.0
LBN,L,1,Z2,0.7408182206817179
LBN,L,2,Z2,4.390493088752212
LBN,L,3,Z2,10.977380812996177
LBN,L,4,Z2,19.276429562380937
LBN,L,5,Z2,27.891270018553726
LBN,L,6,Z2,35.7045598558627
LBN,L,7,Z2,42.00255489077279
LBN,L,8,Z2,46.447592084179206
LBN,L,9,Z2,48.99281878727759
LBN,L,10,Z2,49.787068367863945
LBN,L,0,Y1,1.00511673509676
LBN,L,1,Y1,1.3668628856353267
LBN,L,2,Y1,1.6479755771357396
LBN,L,3,Y1,1.857510163847272
LBN,L,4,Y1,2.01415888128201
LBN,L,5,Y1,2.1721118884676978
LBN,L,6,Y1,2.329663763669329
LBN,L,7,Y1,2.5314252566007367
LBN,L,8,Y1,2.7965145546455212
LBN,L,9,Y1,2.994696706327624
LBN,L,10,Y1,3.1371222468059994
LBN,L,0,Y2,0.0
LBN,L,1,Y2,0.7446087912717994
LBN,L,2,Y2,4.717261217684108
LBN,L,3,Y2,13.094653980648525
LBN,L,4,Y2,25.62587376073667
LBN,L,5,Y2,41.22574849008369
LBN,L,6,Y2,58.505628401954766
LBN,L,7,Y2,76.20600144040678
LBN,L,8,Y2,93.41016454420746
LBN,L,9,Y2,109.68017005051094
LBN,L,10,Y2,124.96443695780758
LBN,L,0,Y1_nocap,1.00511673509676
LBN,L,1,Y1_nocap,1.3354480535324482
LBN,L,2,Y1_nocap,1.5756071643153655
LBN,L,3,Y1_nocap,1.7377063226160776
LBN,L,4,Y1_nocap,1.8430396402813622
LBN,L,5,Y1_nocap,1.9476685307615047
LBN,L,6,Y1_nocap,2.0499598298083397
LBN,L,7,Y1_nocap,2.194645781766776
LBN,L,8,Y1_nocap,2.399564927682409
LBN,L,9,Y1_nocap,2.532677133418864
LBN,L,10,Y1_nocap,2.6074998038698927
LBN,L,0,Y2_nocap,0.0
LBN,L,1,Y2_nocap,0.7446087912717994
LBN,L,2,Y2_nocap,4.693988537662639
LBN,L,3,Y2_nocap,12.925253196620789
LBN,L,4,Y2_nocap,25.056732302745566
LBN,L,5,Y2_nocap,39.8876961278077
LBN,L,6,Y2_nocap,55.954356193723406
LBN,L,7,Y2_nocap,71.9696916278941
LBN,L,8,Y2_nocap,87.03040430475446
LBN,L,9,Y2_nocap,100.7398487226015
LBN,L,10,Y2_nocap,113.09911013821221
LBR,G,0,Z1,1.0
LBR,G,1,Z1,0.006737946999085479
LBR,G,2,Z1,4.539992976248501e-05
LBR,G,3,Z1,3.0590232050182743e-07
LBR,G,4,Z1,2.0611536224385723e-09
LBR,G,5,Z1,1.388794386496412e-11
LBR,G,6,Z1,9.357622968840275e-14
LBR,G,7,Z1,6.305116760147079e-16
LBR,G,8,Z1,4.24835425529165e-18
LBR,G,9,Z1,2.8625185805494346e-20
LBR,G,10,Z1,1.928749847963945e-22
LBR,G,0,Z2,0.0
LBR,G,1,Z2,0.4642196755517011
LBR,G,2,Z2,1.7239992573546132
LBR,G,3,Z2,2.701061018664296
LBR,G,4,Z2,2.972173439359258
LBR,G,5,Z2,2.694807401763161
LBR,G,6,Z2,2.1616979634215725
LBR,G,7,Z2,1.593525164058217
LBR,G,8,Z2,1.1042268692040802
LBR,G,9,Z2,0.7298597628905011
LBR,G,10,Z2,0.4647671636862412
LBR,G,0,Y1,1.000000000000003
LBR,G,1,Y1,0.7184015399693785
LBR,G,2,Y1,0.39291655104641515
LBR,G,3,Y1,0.26648730727455616
LBR,G,4,Y1,0.48130475221533914
LBR,G,5,Y1,0.43037259531381983
LBR,G,6,Y1,0.40864817410900656
LBR,G,7,Y1,0.4069511870614677
LBR,G,8,Y1,0.586151022984338
LBR,G,9,Y1,0.4050502054677314
LBR,G,10,Y1,0.48992118323980055
LBR,G,0,Y2,0.0
LBR,G,1,Y2,0.46421967555170257
LBR,G,2,Y2,2.054367499585246
LBR,G,3,Y2,4.1081210390300695
LBR,G,4,Y2,5.685942616274076
LBR,G,5,Y2,6.535669295237561
LBR,G,6,Y2,6.970526431630603
LBR,G,7,Y2,7.181805793967008
LBR,G,8,Y2,7.2542153162750695
LBR,G,9,Y2,7.329754450447943
LBR,G,10,Y2,7.5104399334181675
LBR,G,0,Y1_nocap,1.000000000000003
LBR,G,1,Y1_nocap,0.6858909991440632
LBR,G,2,Y1_nocap,0.3392319525168019
LBR,G,3,Y1_nocap,0.2036311934130046
LBR,G,4,Y1_nocap,0.4140028451468385
LBR,G,5,Y1_nocap,0.35193939116310613
LBR,G,6,Y1_nocap,0.32148645171793155
LBR,G,7,Y1_nocap,0.3123529315753106
LBR,G,8,Y1_nocap,0.48467042035323693
LBR,G,9,Y1_nocap,0.29132320038202614
LBR,G,10,Y1_nocap,0.37065723535760925
LBR,G,0,Y2_nocap,0.0
LBR,G,1,Y2_nocap,0.46421967555170257
LBR,G,2,Y2_nocap,2.039275466871308
LBR,G,3,Y2_nocap,4.027253133196024
LBR,G,4,Y2_nocap,5.4769439778161
LBR,G,5,Y2_nocap,6.155842087588255
LBR,G,6,Y2_nocap,6.403708743288952
LBR,G,7,Y2_nocap,6.426407864385879
LBR,G,8,Y2_nocap,6.3160226974527856
LBR,G,9,Y2_nocap,6.218679198298889
LBR,G,10,Y2_nocap,6.235627226724541
LBR,L,0,Z1,1.0
LBR,L,1,Z1,0.6952148611733706
LBR,L,2,Z1,0.483323703196309
LBR,L,3,Z1,0.3360138212194214
LBR,L,4,Z1,0.2336018020713938
LBR,L,5,Z1,0.16240344439691323
LBR,L,6,Z1,0.11290528805047728
LBR,L,7,Z1,0.07849343415775198
LBR,L,8,Z1,0.054569801931002644
LBR,L,9,Z1,0.03793773727372033
LBR,L,10,Z1,0.026374878751981287
LBR,L,0,Z2,0.0
LBR,L,1,Z2,0.25680469666306605
LBR,L,2,Z2,0.5275892178256749
LBR,L,3,Z2,0.45726993803169014
LBR,L,4,Z2,0.27835038276590746
LBR,L,5,Z2,0.1396126672114203
LBR,L,6,Z2,0.061954309993335045
LBR,L,7,Z2,0.025264741297171933
LBR,L,8,Z2,0.009684866948240898
LBR,L,9,Z2,0.0035412304364310517
LBR,L,10,Z2,0.0012474685981367544
LBR,L,0,Y1,1.00511673509676
LBR,L,1,Y1,1.110800420154217
LBR,L,2,Y1,1.121414065864436
LBR,L,3,Y1,1.0708527974796984
LBR,L,4,Y1,0.9928010885203357
LBR,L,5,Y1,0.9471359044597041
LBR,L,6,Y1,0.9223188335647095
LBR,L,7,Y1,0.9565597454337564
LBR,L,8,Y1,1.053163060354315
LBR,L,9,Y1,1.066016171145471
LBR,L,10,Y1,1.0283910110316616
LBR,L,0,Y2,0.0
LBR,L,1,Y2,0.2581186982674948
LBR,L,2,Y2,0.6360995620618182
LBR,L,3,Y2,0.7666596371778116
LBR,L,4,Y2,0.7271896456256829
LBR,L,5,Y2,0.632101001940532
LBR,L,6,Y2,0.5471524417117903
LBR,L,7,Y2,0.4975968981263465
LBR,L,8,Y2,0.4892336229964696
LBR,L,9,Y2,0.5273065078660168
LBR,L,10,Y2,0.5728670344031381
LBR,L,0,Y1_nocap,1.00511673509676
LBR,L,1,Y1_nocap,1.0781235315036461
LBR,L,2,Y1_nocap,1.054817182185148
LBR,L,3,Y1_nocap,0.9722670073413046
LBR,L,4,Y1_nocap,0.8660167276002524
LBR,L,5,Y1_nocap,0.7965826934570881
LBR,L,6,Y1_nocap,0.7510763408188019
LBR,L,7,Y1_nocap,0.7668231066215546
LBR,L,8,Y1_nocap,0.8450601033239157
LBR,L,9,Y1_nocap,0.8376387106229197
LBR,L,10,Y1_nocap,0.7806816717209039
LBR,L,0,Y2_nocap,0.0
LBR,L,1,Y2_nocap,0.2581186982674948
LBR,L,2,Y2_nocap,0.6277079835840156
LBR,L,3,Y2_nocap,0.7381512206081862
LBR,L,4,Y2_nocap,0.6756697187288847
LBR,L,5,Y2_nocap,0.5603969039926741
LBR,L,6,Y2_nocap,0.45970998062670476
LBR,L,7,Y2_nocap,0.39823389379533
LBR,L,8,Y2_nocap,0.38036106084772237
LBR,L,9,Y2_nocap,0.409834405300532
LBR,L,10,Y2_nocap,0.44613467896697606
LCA,G,0,Z1,1.0
LCA,G,1,Z1,0.006737946999085479
LCA,G,2,Z1,4.539992976248501e-05
LCA,G,3,Z1,3.0590232050182743e-07
LCA,G,4,Z1,2.0611536224385723e-09
LCA,G,5,Z1,1.388794386496412e-11
LCA,G,6,Z1,9.357622968840275e-14
LCA,G,7,Z1,6.305116760147079e-16
LCA,G,8,Z1,4.24835425529165e-18
LCA,G,9,Z1,2.8625185805494346e-20
LCA,G,10,Z1,1.928749847963945e-22
LCA,G,0,Z2,0.0
LCA,G,1,Z2,0.49063558429861814
LCA,G,2,Z2,1.9257862126403718
LCA,G,3,Z2,3.1888999473964827
LCA,G,4,Z2,3.708652536795747
LCA,G,5,Z2,3.553900203811198
LCA,G,6,Z2,3.013061592446012
LCA,G,7,Z2,2.3475098406645993
LCA,G,8,Z2,1.719262954835191
LCA,G,9,Z2,1.20104399420668
LCA,G,10,Z2,0.8083332261535535
LCA,G,0,Y1,1.000000000000003
LCA,G,1,Y1,0.74407015026503
LCA,G,2,Y1,0.4343311317801158
LCA,G,3,Y1,0.3135881139777823
LCA,G,4,Y1,0.5301661837902949
LCA,G,5,Y1,0.4862300094232863
LCA,G,6,Y1,0.4693636405566234
LCA,G,7,Y1,0.471347988352129
LCA,G,8,Y1,0.6536816299384817
LCA,G,9,Y1,0.4798620301175942
LCA,G,10,Y1,0.5664731621792163
LCA,G,0,Y2,0.0
LCA,G,1,Y2,0.49063558429861964
LCA,G,2,Y2,2.287547629011952
LCA,G,3,Y2,4.819482643130923
LCA,G,4,Y2,7.039126769467754
LCA,G,5,Y2,8.514809671094092
LCA,G,6,Y2,9.470052105759994
LCA,G,7,Y2,10.089108908455032
LCA,G,8,Y2,10.472584965687767
LCA,G,9,Y2,10.786332946548674
LCA,G,10,Y2,11.175231504620719
LCA,G,0,Y1_nocap,1.000000000000003
LCA,G,1,Y1_nocap,0.6858909991440632
LCA,G,2,Y1_nocap,0.3392319525168019
LCA,G,3,Y1_nocap,0.2036311934130046
LCA,G,4,Y1_nocap,0.4140028451468385
LCA,G,5,Y1_nocap,0.35193939116310613
LCA,G,6,Y1_nocap,0.32148645171793155
LCA,G,7,Y1_nocap,0.3123529315753106
LCA,G,8,Y1_nocap,0.48467042035323693
LCA,G,9,Y1_nocap,0.29132320038202614
LCA,G,10,Y1_nocap,0.37065723535760925
LCA,G,0,Y2_nocap,0.0
LCA,G,1,Y2_nocap,0.49063558429861964
LCA,G,2,Y2_nocap,2.2590028672077187
LCA,G,3,Y2_nocap,4.660975327747007
LCA,G,4,Y2_nocap,6.617579121111055
LCA,G,5,Y2_nocap,7.729881828478123
LCA,G,6,Y2_nocap,8.275672255158767
LCA,G,7,Y2_nocap,8.47452787428068
LCA,G,8,Y2_nocap,8.447789366110086
LCA,G,9,Y2_nocap,8.373921971777948
LCA,G,10,Y2_nocap,8.399386949278405
LCA,L,0,Z1,1.0
LCA,L,1,Z1,0.8970917063621519
LCA,L,2,Z1,0.8047735296237573
LCA,L,3,Z1,0.7219556589252681
LCA,L,4,Z1,0.6476604339830805
LCA,L,5,Z1,0.5810108038651335
LCA,L,6,Z1,0.5212199734542181
LCA,L,7,Z1,0.46758211537608
LCA,L,8,Z1,0.41946403774715213
LCA,L,9,Z1,0.3762977093801508
LCA,L,10,Z1,0.33757355420800855
LCA,L,0,Z2,0.0
LCA,L,1,Z2,0.27062250784074243
LCA,L,2,Z2,0.5858923340001015
LCA,L,3,Z2,0.5351253280372351
LCA,L,4,Z2,0.3432698270400865
LCA,L,5,Z2,0.1814385575383712
LCA,L,6,Z2,0.08484714569095064
LCA,L,7,Z2,0.03646208676414247
LCA,L,8,Z2,0.014729271769516362
LCA,L,9,Z2,0.005675482083861627
LCA,L,10,Z2,0.00210687681034271
LCA,L,0,Y1,1.00511673509676
LCA,L,1,Y1,1.339510165456835
LCA,L,2,Y1,1.5845005251179958
LCA,L,3,Y1,1.7517154874533254
LCA,L,4,Y1,1.8620787685295996
LCA,L,5,Y1,1.9714183591804904
LCA,L,6,Y1,2.0781272709386656
LCA,L,7,Y1,2.226954930106033
LCA,L,8,Y1,2.4359365989257515
LCA,L,9,Y1,2.5732746315983337
LCA,L,10,Y1,2.652161942047872
LCA,L,0,Y2,0.0
LCA,L,1,Y2,0.2720072115245844
LCA,L,2,Y2,0.7073763765930988
LCA,L,3,Y2,0.8979879812032062
LCA,L,4,Y2,0.8929999142926812
LCA,L,5,Y2,0.8096813574313413
LCA,L,6,Y2,0.7245990326097864
LCA,L,7,Y2,0.6722668167154462
LCA,L,8,Y2,0.6635263905582109
LCA,L,9,Y2,0.7069125738666026
LCA,L,10,Y2,0.7636185173297512
LCA,L,0,Y1_nocap,1.00511673509676
LCA,L,1,Y1_nocap,1.281033327031428
LCA,L,2,Y1_nocap,1.4544940541565046
LCA,L,3,Y1_nocap,1.5437569794020338
LCA,L,4,Y1_nocap,1.5749738379282705
LCA,L,5,Y1_nocap,1.6074109621474815
LCA,L,6,Y1_nocap,1.639275257032035
LCA,L,7,Y1_nocap,1.7152439101367312
LCA,L,8,Y1_nocap,1.8506843698813287
LCA,L,9,Y1_nocap,1.9103739675220344
LCA,L,10,Y1_nocap,1.912123434115925
LCA,L,0,Y2_nocap,0.0
LCA,L,1,Y2_nocap,0.2720072115245844
LCA,L,2,Y2_nocap,0.6915512279278173
LCA,L,3,Y2_nocap,0.8427407822656464
LCA,L,4,Y2_nocap,0.7915568939801048
LCA,L,5,Y2_nocap,0.6673901469226245
LCA,L,6,Y2_nocap,0.5507790161191399
LCA,L,7,Y2_nocap,0.47531972471905715
LCA,L,8,Y2_nocap,0.4490287747014456
LCA,L,9,Y2_nocap,0.47729434232277346
LCA,L,10,Y2_nocap,0.5180108747090342
LKA,G,0,Z1,1.0
LKA,G,1,Z1,0.006737946999085479
LKA,G,2,Z1,4.539992976248501e-05
LKA,G,3,Z1,3.0590232050182743e-07
LKA,G,4,Z1,2.0611536224385723e-09
LKA,G,5,Z1,1.388794386496412e-11
LKA,G,6,Z1,9.357622968840275e-14
LKA,G,7,Z1,6.305116760147079e-16
LKA,G,8,Z1,4.24835425529165e-18
LKA,G,9,Z1,2.8625185805494346e-20
LKA,G,10,Z1,1.928749847963945e-22
LKA,G,0,Z2,0.0
LKA,G,1,Z2,0.43610460151813724
LKA,G,2,Z2,1.5214977877223463
LKA,G,3,Z2,2.2394211291856614
LKA,G,4,Z2,2.314955518043994
LKA,G,5,Z2,1.9718022533765411
LKA,G,6,Z2,1.4859279981757578
LKA,G,7,Z2,1.0290318188540524
LKA,G,8,Z2,0.669877381315292
LKA,G,9,Z2,0.4159523194454181
LKA,G,10,Z2,0.2488322640909315
LKA,G,0,Y1,1.000000000000003
LKA,G,1,Y1,0.758843659318569
LKA,G,2,Y1,0.4586302072210464
LKA,G,3,Y1,0.34189849598806804
LKA,G,4,Y1,0.5603177020328239
LKA,G,5,Y1,0.5212527356300577
LKA,G,6,Y1,0.5081382105426501
LKA,G,7,Y1,0.5132677883303601
LKA,G,8,Y1,0.6984797866682849
LKA,G,9,Y1,0.5299632070204875
LKA,G,10,Y1,0.6188000992162765
LKA,G,0,Y2,0.0
LKA,G,1,Y2,0.43610460151813857
LKA,G,2,Y2,1.849494549692954
LKA,G,3,Y2,3.58152922646111
LKA,G,4,Y2,4.837018141060928
LKA,G,5,Y2,5.487357940115441
LKA,G,6,Y2,5.85222951444229
LKA,G,7,Y2,6.08221771633371
LKA,G,8,Y2,6.226534856284363
LKA,G,9,Y2,6.397028253963729
LKA,G,10,Y2,6.660132091362547
LKA,G,0,Y1_nocap,1.000000000000003
LKA,G,1,Y1_nocap,0.6858909991440632
LKA,G,2,Y1_nocap,0.3392319525168019
LKA,G,3,Y1_nocap,0.2036311934130046
LKA,G,4,Y1_nocap,0.4140028451468385
LKA,G,5,Y1_nocap,0.35193939116310613
LKA,G,6,Y1_nocap,0.32148645171793155
LKA,G,7,Y1_nocap,0.3123529315753106
LKA,G,8,Y1_nocap,0.48467042035323693
LKA,G,9,Y1_nocap,0.29132320038202614
LKA,G,10,Y1_nocap,0.37065723535760925
LKA,G,0,Y2_nocap,0.0
LKA,G,1,Y2_nocap,0.43610460151813857
LKA,G,2,Y2_nocap,1.8176795588978631
LKA,G,3,Y2_nocap,3.418676154829137
LKA,G,4,Y2_nocap,4.432781964916577
LKA,G,5,Y2_nocap,4.779641950355429
LKA,G,6,Y2_nocap,4.830671822608588
LKA,G,7,Y2_nocap,4.7585482171684506
LKA,G,8,Y2_nocap,4.620890272172208
LKA,G,9,Y2_nocap,4.533334737596554
LKA,G,10,Y2_nocap,4.55748263660258
LKA,L,0,Z1,1.0
LKA,L,1,Z1,0.642489404600754
LKA,L,2,Z1,0.41279263502423136
LKA,L,3,Z1,0.2652148943002947
LKA,L,4,Z1,0.17039775953024824
LKA,L,5,Z1,0.10947875506589166
LKA,L,6,Z1,0.07033894015871649
LKA,L,7,Z1,0.045192023782821826
LKA,L,8,Z1,0.02903539645292831
LKA,L,9,Z1,0.018654934579388757
LKA,L,10,Z1,0.0119855978107775
LKA,L,0,Z2,0.0
LKA,L,1,Z2,0.24846783510089063
LKA,L,2,Z2,0.493890120637787
LKA,L,3,Z2,0.4141658555524866
LKA,L,4,Z2,0.24392745126360776
LKA,L,5,Z2,0.11837524558036451
LKA,L,6,Z2,0.05082469804608095
LKA,L,7,Z2,0.02005327696183336
LKA,L,8,Z2,0.007437575184994968
LKA,L,9,Z2,0.002631231818681489
LKA,L,10,Z2,0.0008968127210375428
LKA,L,0,Y1,1.00511673509676
LKA,L,1,Y1,1.0984542323481141
LKA,L,2,Y1,1.1084251652797779
LKA,L,3,Y1,1.0659606076949413
LKA,L,4,Y1,1.0015931860179326
LKA,L,5,Y1,0.9723020321590008
LKA,L,6,Y1,0.9638271165826813
LKA,L,7,Y1,1.013173208322117
LKA,L,8,Y1,1.1226668540068612
LKA,L,9,Y1,1.146094120737854
LKA,L,10,Y1,1.1189973502755688
LKA,L,0,Y2,0.0
LKA,L,1,Y2,0.24973917919316735
LKA,L,2,Y2,0.608892994075645
LKA,L,3,Y2,0.739910935962215
LKA,L,4,Y2,0.7194489332464509
LKA,L,5,Y2,0.6496164528190307
LKA,L,6,Y2,0.5875516710998645
LKA,L,7,Y2,0.55496016278815
LKA,L,8,Y2,0.5577048746823907
LKA,L,9,Y2,0.6019804424252073
LKA,L,10,Y2,0.6515965084661957
LKA,L,0,Y1_nocap,1.00511673509676
LKA,L,1,Y1_nocap,1.0251282927368917
LKA,L,2,Y1_nocap,0.9639237473430096
LKA,L,3,Y1_nocap,0.8582532209761087
LKA,L,4,Y1_nocap,0.7415008560096381
LKA,L,5,Y1_nocap,0.6709214378932438
LKA,L,6,Y1_nocap,0.6283401293398346
LKA,L,7,Y1_nocap,0.648365548194919
LKA,L,8,Y1_nocap,0.7285212787328738
LKA,L,9,Y1_nocap,0.7182075708194936
LKA,L,10,Y1_nocap,0.6597835463573196
LKA,L,0,Y2_nocap,0.0
LKA,L,1,Y2_nocap,0.24973917919316735
LKA,L,2,Y2_nocap,0.5906738566037059
LKA,L,3,Y2_nocap,0.6794976271046769
LKA,L,4,Y2_nocap,0.6124390418863169
LKA,L,5,Y2_nocap,0.5031963623814585
LKA,L,6,Y2_nocap,0.4116313701251189
LKA,L,7,Y2_nocap,0.3576720662702224
LKA,L,8,Y2_nocap,0.3440375459643211
LKA,L,9,Y2_nocap,0.3737350221570244
LKA,L,10,Y2_nocap,0.40732426991511855
LSO,G,0,Z1,1.0
LSO,G,1,Z1,0.951229424500714
LSO,G,2,Z1,0.9048374180359595
LSO,G,3,Z1,0.8607079764250578
LSO,G,4,Z1,0.8187307530779818
LSO,G,5,Z1,0.7788007830714049
LSO,G,6,Z1,0.7408182206817179
LSO,G,7,Z1,0.7046880897187134
LSO,G,8,Z1,0.6703200460356393
LSO,G,9,Z1,0.6376281516217733
LSO,G,10,Z1,0.6065306597126334
LSO,G,0,Z2,0.0
LSO,G,1,Z2,0.3872453323695137
LSO,G,2,Z2,1.1996715795358008
LSO,G,3,Z2,1.5679143659866523
LSO,G,4,Z2,1.4392118987459235
LSO,G,5,Z2,1.088531425937547
LSO,G,6,Z2,0.72840161750143
LSO,G,7,Z2,0.4479169137891971
LSO,G,8,Z2,0.2589163611864808
LSO,G,9,Z2,0.1427589200360508
LSO,G,10,Z2,0.07583364257623228
LSO,G,0,Y1,1.000000000000003
LSO,G,1,Y1,1.6613998515451993
LSO,G,2,Y1,1.9650047013472578
LSO,G,3,Y1,2.127592376999698
LSO,G,4,Y1,2.4959883584948197
LSO,G,5,Y1,2.791779556221794
LSO,G,6,Y1,3.049396486005257
LSO,G,7,Y1,3.290458028906908
LSO,G,8,Y1,3.6964739598819816
LSO,G,9,Y1,3.897570922388399
LSO,G,10,Y1,4.172230853762886
LSO,G,0,Y2,0.0
LSO,G,1,Y2,0.3872453323695149
LSO,G,2,Y2,1.4746817625956448
LSO,G,3,Y2,2.5688326977680447
LSO,G,4,Y2,3.1142034710382793
LSO,G,5,Y2,3.2065509708289928
LSO,G,6,Y2,3.1883157319908517
LSO,G,7,Y2,3.149497190853367
LSO,G,8,Y2,3.095998316476522
LSO,G,9,Y2,3.1064016137188357
LSO,G,10,Y2,3.1961251337498915
LSO,G,0,Y1_nocap,1.000000000000003
LSO,G,1,Y1_nocap,1.6303824766456947
LSO,G,2,Y1_nocap,1.8854782402931523
LSO,G,3,Y1_nocap,1.9948678479192243
LSO,G,4,Y1_nocap,2.310207783889443
LSO,G,5,Y1_nocap,2.5466874826812607
LSO,G,6,Y1_nocap,2.7415991712874517
LSO,G,7,Y1_nocap,2.9180765748181083
LSO,G,8,Y1_nocap,3.2583261037685176
LSO,G,9,Y1_nocap,3.387473181301042
LSO,G,10,Y1_nocap,3.5909584798344243
LSO,G,0,Y2_nocap,0.0
LSO,G,1,Y2_nocap,0.3872453323695149
LSO,G,2,Y2_nocap,1.4626704289434562
LSO,G,3,Y2_nocap,2.512251317783691
LSO,G,4,Y2_nocap,2.9834584714621135
LSO,G,5,Y2_nocap,2.991954900396055
LSO,G,6,Y2_nocap,2.8951769406529517
LSO,G,7,Y2_nocap,2.7860366249515405
LSO,G,8,Y2_nocap,2.670274089942488
LSO,G,9,Y2_nocap,2.6261417842855335
LSO,G,10,Y2_nocap,2.666322449582936
LSO,L,0,Z1,1.0
LSO,L,1,Z1,0.7360073363061638
LSO,L,2,Z1,0.5417067990964946
LSO,L,3,Z1,0.39870017826194915
LSO,L,4,Z1,0.29344625618736986
LSO,L,5,Z1,0.21597859736548225
LSO,L,6,Z1,0.15896183214611004
LSO,L,7,Z1,0.11699707465220599
LSO,L,8,Z1,0.08611070527038352
LSO,L,9,Z1,0.0633781108135001
LSO,L,10,Z1,0.046646754519961094
LSO,L,0,Z2,0.0
LSO,L,1,Z2,0.7408182206227606
LSO,L,2,Z2,4.390493088053385
LSO,L,3,Z2,10.977380810375303
LSO,L,4,Z2,19.276429556244555
LSO,L,5,Z2,27.891270007455237
LSO,L,6,Z2,35.704559838813616
LSO,L,7,Z2,42.00255486737369
LSO,L,8,Z2,46.44759205460732
LSO,L,9,Z2,48.99281875218617
LSO,L,10,Z2,49.78706832824141
LSO,L,0,Y1,1.00511673509676
LSO,L,1,Y1,1.1503008135158972
LSO,L,2,Y1,1.1927904425873326
LSO,L,3,Y1,1.164469286631548
LSO,L,4,Y1,1.0990112753907055
LSO,L,5,Y1,1.057715467755294
LSO,L,6,Y1,1.0325104540838121
LSO,L,7,Y1,1.063691331382993
LSO,L,8,Y1,1.157592444315783
LSO,L,9,Y1,1.170397382340393
LSO,L,10,Y1,1.131247136431132
LSO,L,0,Y2,0.0
LSO,L,1,Y2,0.7446087912125404
LSO,L,2,Y2,4.7170843469683765
LSO,L,3,Y2,13.092409494004816
LSO,L,4,Y2,25.6136885169435
LSO,L,5,Y2,41.18483676486067
LSO,L,6,Y2,58.402513708837354
LSO,L,7,Y2,75.99072679568063
LSO,L,8,Y2,93.01655338092807
LSO,L,9,Y2,109.02767405079261
LSO,L,10,Y2,123.96089676798715
LSO,L,0,Y1_nocap,1.00511673509676
LSO,L,1,Y1_nocap,1.119124730925635
LSO,L,2,Y1_nocap,1.1289736931060255
LSO,L,3,Y1_nocap,1.069875347087869
LSO,L,4,Y1_nocap,0.9775183594577939
LSO,L,5,Y1_nocap,0.9139756783395638
LSO,L,6,Y1_nocap,0.8699730186372443
LSO,L,7,Y1_nocap,0.8849701967140388
LSO,L,8,Y1_nocap,0.9632978409033204
LSO,L,9,Y1_nocap,0.9591346461601611
LSO,L,10,Y1_nocap,0.9042729278810443
LSO,L,0,Y2_nocap,0.0
LSO,L,1,Y2_nocap,0.7446087912125404
LSO,L,2,Y2_nocap,4.69398853693787
LSO,L,3,Y2_nocap,12.925253193703403
LSO,L,4,Y2_nocap,25.056732295356124
LSO,L,5,Y2_nocap,39.887696113346266
LSO,L,6,Y2_nocap,55.95435616973295
LSO,L,7,Y2_nocap,71.96969159240743
LSO,L,8,Y2_nocap,87.03040425646947
LSO,L,9,Y2_nocap,100.73984866088547
LSO,L,10,Y2_nocap,113.09911006297179
LTU,G,0,Z1,1.0
LTU,G,1,Z1,0.9512294244438781
LTU,G,2,Z1,0.9048374179278317
LTU,G,3,Z1,0.8607079762707762
LTU,G,4,Z1,0.8187307528823056
LTU,G,5,Z1,0.7788007828387385
LTU,G,6,Z1,0.740818220416135
LTU,G,7,Z1,0.7046880894239781
LTU,G,8,Z1,0.6703200457152269
LTU,G,9,Z1,0.6376281512788893
LTU,G,10,Z1,0.606530659350232
LTU,G,0,Z2,0.0
LTU,G,1,Z2,0.4190816512686224
LTU,G,2,Z2,1.4050354434402819
LTU,G,3,Z2,1.9872829363316433
LTU,G,4,Z2,1.9741245973234294
LTU,G,5,Z2,1.615858195422475
LTU,G,6,Z2,1.1701610278621977
LTU,G,7,Z2,0.7787259463967162
LTU,G,8,Z2,0.487145990719674
LTU,G,9,Z2,0.29068013042885554
LTU,G,10,Z2,0.16710385329369457
LTU,G,0,Y1,1.000000000000003
LTU,G,1,Y1,1.6569162141404696
LTU,G,2,Y1,1.9545073537110849
LTU,G,3,Y1,2.11193616459567
LTU,G,4,Y1,2.4768332161203226
LTU,G,5,Y1,2.769808824908897
LTU,G,6,Y1,3.025862768744595
LTU,G,7,Y1,3.2668918994681633
LTU,G,8,Y1,3.6745152280919338
LTU,G,9,Y1,3.8781223255960646
LTU,G,10,Y1,4.15734828583142
LTU,G,0,Y2,0.0
LTU,G,1,Y2,0.4190816512686237
LTU,G,2,Y2,1.7007758285447856
LTU,G,3,Y2,3.1373783414902543
LTU,G,4,Y2,4.01411259510881
LTU,G,5,Y2,4.312171193680498
LTU,G,6,Y2,4.390564374655458
LTU,G,7,Y2,4.39002450404359
LTU,G,8,Y2,4.346272148233761
LTU,G,9,Y2,4.35867874269747
LTU,G,10,Y2,4.470943151010292
LTU,G,0,Y1_nocap,1.000000000000003
LTU,G,1,Y1_nocap,1.6303824765888588
LTU,G,2,Y1_nocap,1.885478240146424
LTU,G,3,Y1_nocap,1.9948678476724897
LTU,G,4,Y1_nocap,2.3102077835413612
LTU,G,5,Y1_nocap,2.5466874822188528
LTU,G,6,Y1_nocap,2.7415991707028526
LTU,G,7,Y1_nocap,2.918076574106199
LTU,G,8,Y1_nocap,3.2583261029254764
LTU,G,9,Y1_nocap,3.3874731803139273
LTU,G,10,Y1_nocap,3.590958478702922
LTU,G,0,Y2_nocap,0.0
LTU,G,1,Y2_nocap,0.4190816512686237
LTU,G,2,Y2_nocap,1.6896560259973283
LTU,G,3,Y2_nocap,3.081746148262159
LTU,G,4,Y2_nocap,3.8783136090501946
LTU,G,5,Y2_nocap,4.077380098384205
LTU,G,6,Y2_nocap,4.05435237757792
LTU,G,7,Y2_nocap,3.9559258056389996
LTU,G,8,Y2_nocap,3.8197196983136403
LTU,G,9,Y2_nocap,3.7459513329570306
LTU,G,10,Y2_nocap,3.7764818969402567
LTU,L,0,Z1,1.0
LTU,L,1,Z1,0.9512294245004606
LTU,L,2,Z1,0.9048374180354775
LTU,L,3,Z1,0.8607079764243699
LTU,L,4,Z1,0.8187307530771094
LTU,L,5,Z1,0.7788007830703675
LTU,L,6,Z1,0.7408182206805337
LTU,L,7,Z1,0.7046880897173993
LTU,L,8,Z1,0.6703200460342107
LTU,L,9,Z1,0.6376281516202446
LTU,L,10,Z1,0.6065306597110176
LTU,L,0,Z2,0.0
LTU,L,1,Z2,0.24472571726818063
LTU,L,2,Z2,0.47912541353940385
LTU,L,3,Z2,0.3957332979032243
LTU,L,4,Z2,0.22956116189930478
LTU,L,5,Z2,0.10972562500532092
LTU,L,6,Z2,0.0464014349835147
LTU,L,7,Z2,0.018032311061594565
LTU,L,8,Z2,0.006587290881569853
LTU,L,9,Z2,0.002295324111683542
LTU,L,10,Z2,0.0007705416180997317
LTU,L,0,Y1,1.00511673509676
LTU,L,1,Y1,1.3621175571899826
LTU,L,2,Y1,1.6369424183107708
LTU,L,3,Y1,1.8390804972991224
LTU,L,4,Y1,1.987599816301005
LTU,L,5,Y1,2.136964872582463
LTU,L,6,Y1,2.2854791314230716
LTU,L,7,Y1,2.4777699592300118
LTU,L,8,Y1,2.732760955571543
LTU,L,9,Y1,2.919939094061439
LTU,L,10,Y1,3.050801354240716
LTU,L,0,Y2,0.0
LTU,L,1,Y2,0.2459779139348065
LTU,L,2,Y2,0.5809407380334813
LTU,L,3,Y2,0.6758072612363244
LTU,L,4,Y2,0.6239222233598971
LTU,L,5,Y2,0.5319370826187931
LTU,L,6,Y2,0.45552477928366875
LTU,L,7,Y2,0.41326770636945614
LTU,L,8,Y2,0.4082994184209141
LTU,L,9,Y2,0.4444270098849944
LTU,L,10,Y2,0.4838373394544253
LTU,L,0,Y1_nocap,1.00511673509676
LTU,L,1,Y1_nocap,1.3354480535321935
LTU,L,2,Y1_nocap,1.575607164314785
LTU,L,3,Y1_nocap,1.7377063226151268
LTU,L,4,Y1_nocap,1.8430396402800175
LTU,L,5,Y1_nocap,1.947668530759759
LTU,L,6,Y1_nocap,2.049959829806186
LTU,L,7,Y1_nocap,2.1946457817642084
LTU,L,8,Y1_nocap,2.39956492767941
LTU,L,9,Y1_nocap,2.532677133415404
LTU,L,10,Y1_nocap,2.6074998038659603
LTU,L,0,Y2_nocap,0.0
LTU,L,1,Y2_nocap,0.2459779139348065
LTU,L,2,Y2_nocap,0.5744140246216425
LTU,L,3,Y2_nocap,0.6542273120820248
LTU,L,4,Y2_nocap,0.5856051633031958
LTU,L,5,Y2_nocap,0.4791861166512388
LTU,L,6,Y2_nocap,0.39157962157973236
LTU,L,7,Y2_nocap,0.34077552761425883
LTU,L,8,Y2_nocap,0.3288545863614794
LTU,L,9,Y2_nocap,0.35854622347031057
LTU,L,10,Y2_nocap,0.39091826792128664
LUX,G,0,Z1,1.0
LUX,G,1,Z1,0.0067379470067386186
LUX,G,2,Z1,4.5399929865617905e-05
LUX,G,3,Z1,3.0590232154418363e-07
LUX,G,4,Z1,2.0611536318030245e-09
LUX,G,5,Z1,1.3887943943835608e-11
LUX,G,6,Z1,9.357623032612111e-14
LUX,G,7,Z1,6.305116810277684e-16
LUX,G,8,Z1,4.248354293894798e-18
LUX,G,9,Z1,2.8625186098113684e-20
LUX,G,10,Z1,1.9287498698712014e-22
LUX,G,0,Z2,0.0
LUX,G,1,Z2,0.44643997491512594
LUX,G,2,Z2,1.5944692096177462
LUX,G,3,Z2,2.4024424295633198
LUX,G,4,Z2,2.5423320604190405
LUX,G,5,Z2,2.216794260311322
LUX,G,6,Z2,1.7101421118121798
LUX,G,7,Z2,1.212371295898446
LUX,G,8,Z2,0.8079315381793153
LUX,G,9,Z2,0.5135647462500749
LUX,G,10,Z2,0.3145073147231501
LUX,G,0,Y1,1.000000000000003
LUX,G,1,Y1,0.7231030958692245
LUX,G,2,Y1,0.40058159778539565
LUX,G,3,Y1,0.27531952024054845
LUX,G,4,Y1,0.49059882047277914
LUX,G,5,Y1,0.44108860922182913
LUX,G,6,Y1,0.42041187964386634
LUX,G,7,Y1,0.4195572553280917
LUX,G,8,Y1,0.5995054307945148
LUX,G,9,Y1,0.4199170021826336
LUX,G,10,Y1,0.5053025530918709
LUX,G,0,Y2,0.0
LUX,G,1,Y2,0.4464399749151273
LUX,G,2,Y2,1.9142832487059898
LUX,G,3,Y2,3.7213250823436295
LUX,G,4,Y2,5.0160131461100566
LUX,G,5,Y2,5.641580928720156
LUX,G,6,Y2,5.933886399189213
LUX,G,7,Y2,6.066327396979826
LUX,G,8,Y2,6.103429468758236
LUX,G,9,Y2,6.168449871675849
LUX,G,10,Y2,6.338403749498958
LUX,G,0,Y1_nocap,1.000000000000003
LUX,G,1,Y1_nocap,0.6858909991517164
LUX,G,2,Y1_nocap,0.3392319525221027
LUX,G,3,Y1_nocap,0.20363119341563654
LUX,G,4,Y1_nocap,0.41400284514841457
LUX,G,5,Y1_nocap,0.3519393911662852
LUX,G,6,Y1_nocap,0.3214864517206464
LUX,G,7,Y1_nocap,0.31235293157778926
LUX,G,8,Y1_nocap,0.4846704203556441
LUX,G,9,Y1_nocap,0.29132320038575166
LUX,G,10,Y1_nocap,0.3706572353598639
LUX,G,0,Y2_nocap,0.0
LUX,G,1,Y2_nocap,0.4464399749151273
LUX,G,2,Y2_nocap,1.897670281180886
LUX,G,3,Y2_nocap,3.6347145431046575
LUX,G,4,Y2_nocap,4.797372902291366
LUX,G,5,Y2_nocap,5.252563219837626
LUX,G,6,Y2_nocap,5.363898023234631
LUX,G,7,Y2_nocap,5.317965260222845
LUX,G,8,Y2_nocap,5.185046016533395
LUX,G,9,Y2_nocap,5.091323427734901
LUX,G,10,Y2_nocap,5.111934008198192
LUX,L,0,Z1,1.0
LUX,L,1,Z1,0.9148423579035717
LUX,L,2,Z1,0.8369365398145667
LUX,L,3,Z1,0.7656649974996147
LUX,L,4,Z1,0.7004627716767798
LUX,L,5,Z1,0.6408130136644564
LUX,L,6,Z1,0.586242888396085
LUX,L,7,Z1,0.5363198263244747
LUX,L,8,Z1,0.49064809450511654
LUX,L,9,Z1,0.4488656596779553
LUX,L,10,Z1,0.4106413184817228
LUX,L,0,Z2,0.0
LUX,L,1,Z2,0.23960038200923864
LUX,L,2,Z2,0.4592667444717847
LUX,L,3,Z2,0.3713866450410792
LUX,L,4,Z2,0.2109259425777116
LUX,L,5,Z2,0.09870690706499692
LUX,L,6,Z2,0.04086756744144254
LUX,L,7,Z2,0.015549150353564715
LUX,L,8,Z2,0.005561219156537012
LUX,L,9,Z2,0.001897208595383422
LUX,L,10,Z2,0.0006235554241496281
LUX,L,0,Y1,1.00511673509676
LUX,L,1,Y1,1.336277305113387
LUX,L,2,Y1,1.5778987402589344
LUX,L,3,Y1,1.7420906318155016
LUX,L,4,Y1,1.8501112878492711
LUX,L,5,Y1,1.9579703861051032
LUX,L,6,Y1,2.0640076310639603
LUX,L,7,Y1,2.2129280637318685
LUX,L,8,Y1,2.422580546728439
LUX,L,9,Y1,2.5609666603818817
LUX,L,10,Y1,2.6415575874418127
LUX,L,0,Y2,0.0
LUX,L,1,Y2,0.2408263536930624
LUX,L,2,Y2,0.5614710942595609
LUX,L,3,Y2,0.6498458857679751
LUX,L,4,Y2,0.6015482116204279
LUX,L,5,Y2,0.5176594874813174
LUX,L,6,Y2,0.44939747670353236
LUX,L,7,Y2,0.4131810841057495
LUX,L,8,Y2,0.41178121832309367
LUX,L,9,Y2,0.4490472242740599
LUX,L,10,Y2,0.4882521189694315
LUX,L,0,Y1_nocap,1.00511673509676
LUX,L,1,Y1_nocap,1.2988748039545803
LUX,L,2,Y1_nocap,1.493555369174444
LUX,L,3,Y1_nocap,1.6053101420602587
LUX,L,4,Y1_nocap,1.6586879705969435
LUX,L,5,Y1_nocap,1.71195300845186
LUX,L,6,Y1_nocap,1.7634473410461355
LUX,L,7,Y1_nocap,1.857939996130038
LUX,L,8,Y1_nocap,2.011675490612436
LUX,L,9,Y1_nocap,2.0905063173761347
LUX,L,10,Y1_nocap,2.110826520402445
LUX,L,0,Y2_nocap,0.0
LUX,L,1,Y2_nocap,0.2408263536930624
LUX,L,2,Y2_nocap,0.5525094406938098
LUX,L,3,Y2_nocap,0.6206579571726836
LUX,L,4,Y2_nocap,0.5503513478911712
LUX,L,5,Y2_nocap,0.4478896258240805
LUX,L,6,Y2_nocap,0.36555914855554444
LUX,L,7,Y2_nocap,0.3188619323836117
LUX,L,8,Y2_nocap,0.30910928265923626
LUX,L,9,Y2_nocap,0.33869650473893614
LUX,L,10,Y2_nocap,0.36940759467042916
LVA,G,0,Z1,1.0
LVA,G,1,Z1,0.9512294244998365
LVA,G,2,Z1,0.9048374180342902
LVA,G,3,Z1,0.8607079764226758
LVA,G,4,Z1,0.8187307530749608
LVA,G,5,Z1,0.7788007830678126
LVA,G,6,Z1,0.7408182206776174
LVA,G,7,Z1,0.704688089714163
LVA,G,8,Z1,0.6703200460306923
LVA,G,9,Z1,0.6376281516164793
LVA,G,10,Z1,0.6065306597070381
LVA,G,0,Z2,0.0
LVA,G,1,Z2,0.42137738076534875
LVA,G,2,Z2,1.4204711761653255
LVA,G,3,Z2,2.0201211798701144
LVA,G,4,Z2,2.0177383623165035
LVA,G,5,Z2,1.6606041136380716
LVA,G,6,Z2,1.2091524685510584
LVA,G,7,Z2,0.8090822155064459
LVA,G,8,Z2,0.5089085123454606
LVA,G,9,Z2,0.30532931392652846
LVA,G,10,Z2,0.17648678542282786
LVA,G,0,Y1,1.000000000000003
LVA,G,1,Y1,1.6440640220847256
LVA,G,2,Y1,1.9212366157982426
LVA,G,3,Y1,2.0558231191676257
LVA,G,4,Y1,2.3974342344916884
LVA,G,5,Y1,2.664059108524784
LVA,G,6,Y1,2.8918461047423545
LVA,G,7,Y1,3.1033144727905357
LVA,G,8,Y1,3.480382952281662
LVA,G,9,Y1,3.6503869825466793
LVA,G,10,Y1,3.8958113456484673
LVA,G,0,Y2,0.0
LVA,G,1,Y2,0.4213773807653501
LVA,G,2,Y2,1.7124160041992635
LVA,G,3,Y2,3.154853876598906
LVA,G,4,Y2,4.021154725031489
LVA,G,5,Y2,4.29093271763335
LVA,G,6,Y2,4.331179777476146
LVA,G,7,Y2,4.289065343039407
LVA,G,8,Y2,4.203722610820847
LVA,G,9,Y2,4.176776298342818
LVA,G,10,Y2,4.253452526881502
LVA,G,0,Y1_nocap,1.000000000000003
LVA,G,1,Y1_nocap,1.6303824766448172
LVA,G,2,Y1_nocap,1.885478240290887
LVA,G,3,Y1_nocap,1.994867847915415
LVA,G,4,Y1_nocap,2.3102077838840684
LVA,G,5,Y1_nocap,2.5466874826741215
LVA,G,6,Y1_nocap,2.741599171278426
LVA,G,7,Y1_nocap,2.9180765748071167
LVA,G,8,Y1_nocap,3.2583261037555014
LVA,G,9,Y1_nocap,3.387473181285802
LVA,G,10,Y1_nocap,3.5909584798169547
LVA,G,0,Y2_nocap,0.0
LVA,G,1,Y2_nocap,0.4213773807653501
LVA,G,2,Y2_nocap,1.706650910416973
LVA,G,3,Y2_nocap,3.1258357918851227
LVA,G,4,Y2_nocap,3.949856759651255
LVA,G,5,Y2_nocap,4.166789661312323
LVA,G,6,Y2_nocap,4.152109410629859
LVA,G,7,Y2_nocap,4.056189172869357
LVA,G,8,Y2_nocap,3.9192548350712046
LVA,G,9,Y2_nocap,3.843455137974522
LVA,G,10,Y2_nocap,3.8731338900708736
LVA,L,0,Z1,1.0
LVA,L,1,Z1,0.9512294244988411
LVA,L,2,Z1,0.9048374180323964
LVA,L,3,Z1,0.8607079764199737
LVA,L,4,Z1,0.8187307530715335
LVA,L,5,Z1,0.7788007830637376
LVA,L,6,Z1,0.7408182206729659
LVA,L,7,Z1,0.7046880897090008
LVA,L,8,Z1,0.6703200460250804
LVA,L,9,Z1,0.6376281516104739
LVA,L,10,Z1,0.6065306597006909
LVA,L,0,Z2,0.0
LVA,L,1,Z2,0.24552905806893258
LVA,L,2,Z2,0.4822761468497381
LVA,L,3,Z2,0.39964322721981516
LVA,L,4,Z2,0.23259028182023012
LVA,L,5,Z2,0.11153842345958723
LVA,L,6,Z2,0.047322876759309275
LVA,L,7,Z2,0.018450766134481957
LVA,L,8,Z2,0.006762279899651759
LVA,L,9,Z2,0.002364033398676993
LVA,L,10,Z2,0.0007962124741024126
LVA,L,0,Y1,1.00511673509676
LVA,L,1,Y1,1.3491996038142045
LVA,L,2,Y1,1.6073992125712622
LVA,L,3,Y1,1.7905222326095604
LVA,L,4,Y1,1.9187447896323506
LVA,L,5,Y1,2.0473203863193925
LVA,L,6,Y1,2.174588496143936
LVA,L,7,Y1,2.3452321155915627
LVA,L,8,Y1,2.5776533695452164
LVA,L,9,Y1,2.7406103200609677
LVA,L,10,Y1,2.8465986762436213
LVA,L,0,Y2,0.0
LVA,L,1,Y2,0.2467853652176283
LVA,L,2,Y2,0.5812620330774321
LVA,L,3,Y2,0.6708239147298141
LVA,L,4,Y2,0.611349188557594
LVA,L,5,Y2,0.5120722729863487
LVA,L,6,Y2,0.4297825546141123
LVA,L,7,Y2,0.3831581585379455
LVA,L,8,Y2,0.3749392139561925
LVA,L,9,Y2,0.4084616188824342
LVA,L,10,Y2,0.4452612928832081
LVA,L,0,Y1_nocap,1.00511673509676
LVA,L,1,Y1_nocap,1.3354480535305657
LVA,L,2,Y1_nocap,1.5756071643110738
LVA,L,3,Y1_nocap,1.7377063226090446
LVA,L,4,Y1_nocap,1.8430396402714178
LVA,L,5,Y1_nocap,1.9476685307485937
LVA,L,6,Y1_nocap,2.049959829792411
LVA,L,7,Y1_nocap,2.194645781747785
LVA,L,8,Y1_nocap,2.3995649276602338
LVA,L,9,Y1_nocap,2.532677133393277
LVA,L,10,Y1_nocap,2.60749980384081
LVA,L,0,Y2_nocap,0.0
LVA,L,1,Y2_nocap,0.2467853652176283
LVA,L,2,Y2_nocap,0.5778856278893028
LVA,L,3,Y2_nocap,0.6595977343463835
LVA,L,4,Y2_nocap,0.5912868583122094
LVA,L,5,Y2_nocap,0.48425649748579425
LVA,L,6,Y2_nocap,0.39580763320954726
LVA,L,7,Y2_nocap,0.34433744430019014
LVA,L,8,Y2_nocap,0.33205812089108183
LVA,L,9,Y2_nocap,0.3617562047494271
LVA,L,10,Y2_nocap,0.39438934297798806
MAC,G,0,Z1,1.0
MAC,G,1,Z1,0.006737947010281675
MAC,G,2,Z1,4.5399929913363763e-05
MAC,G,3,Z1,3.0590232202674693e-07
MAC,G,4,Z1,2.0611536361383418e-09
MAC,G,5,Z1,1.3887943980349543e-11
MAC,G,6,Z1,9.35762306213556e-14
MAC,G,7,Z1,6.305116833485937e-16
MAC,G,8,Z1,4.2483543117663075e-18
MAC,G,9,Z1,2.862518623358296e-20
MAC,G,10,Z1,1.9287498800132712e-22
MAC,G,0,Z2,0.0
MAC,G,1,Z2,0.4455246665157878
MAC,G,2,Z2,1.5879378277920317
MAC,G,3,Z2,2.3876959652151166
MAC,G,4,Z2,2.5215465449328764
MAC,G,5,Z2,2.1941624678422986
MAC,G,6,Z2,1.6892124510531992
MAC,G,7,Z2,1.1950783989718483
MAC,G,8,Z2,0.7947746222828657
MAC,G,9,Z2,0.5041657192213578
MAC,G,10,Z2,0.3081183318584196
MAC,G,0,Y1,1.000000000000003
MAC,G,1,Y1,0.7568015676458206
MAC,G,2,Y1,0.4559983689864741
MAC,G,3,Y1,0.33987322715794166
MAC,G,4,Y1,0.5593411464733179
MAC,G,5,Y1,0.5209347829838544
MAC,G,6,Y1,0.5088101614128449
MAC,G,7,Y1,0.5151266975551798
MAC,G,8,Y1,0.7016406369756825
MAC,G,9,Y1,0.534152221912002
MAC,G,10,Y1,0.6246205326904659
MAC,G,0,Y2,0.0
MAC,G,1,Y2,0.4455246665157892
MAC,G,2,Y2,1.9221096722413096
MAC,G,3,Y2,3.779637023978528
MAC,G,4,Y2,5.178523166264461
MAC,G,5,Y2,5.945091344684121
MAC,G,6,Y2,6.391087376751047
MAC,G,7,Y2,6.677119515355192
MAC,G,8,Y2,6.861644135165739
MAC,G,9,Y2,7.064503786310242
MAC,G,10,Y2,7.363304715421243
MAC,G,0,Y1_nocap,1.000000000000003
MAC,G,1,Y1_nocap,0.6858909991552594
MAC,G,2,Y1_nocap,0.3392319525245567
MAC,G,3,Y1_nocap,0.20363119341685496
MAC,G,4,Y1_nocap,0.4140028451491443
MAC,G,5,Y1_nocap,0.3519393911677569
MAC,G,6,Y1_nocap,0.32148645172190327
MAC,G,7,Y1_nocap,0.3123529315789368
MAC,G,8,Y1_nocap,0.48467042035675856
MAC,G,9,Y1_nocap,0.29132320038747633
MAC,G,10,Y1_nocap,0.37065723536090767
MAC,G,0,Y2_nocap,0.0
MAC,G,1,Y2_nocap,0.4455246665157892
MAC,G,2,Y2_nocap,1.8905172648621074
MAC,G,3,Y2_nocap,3.6152259990945375
MAC,G,4,Y2_nocap,4.764202518691566
MAC,G,5,Y2_nocap,5.209187811388368
MAC,G,6,Y2_nocap,5.314659097963616
MAC,G,7,Y2_nocap,5.2660426516018415
MAC,G,8,Y2_nocap,5.132490835994086
MAC,G,9,Y2_nocap,5.039219066181096
MAC,G,10,Y2_nocap,5.0601166366976384
MAC,L,0,Z1,1.0
MAC,L,1,Z1,0.9512294244696371
MAC,L,2,Z1,0.9048374179768371
MAC,L,3,Z1,0.8607079763406993
MAC,L,4,Z1,0.8187307529709894
MAC,L,5,Z1,0.778800782944187
MAC,L,6,Z1,0.7408182205365017
MAC,L,7,Z1,0.7046880895575574
MAC,L,8,Z1,0.6703200458604434
MAC,L,9,Z1,0.6376281514342903
MAC,L,10,Z1,0.6065306595144786
MAC,L,0,Z2,0.0
MAC,L,1,Z2,0.6768444785622862
MAC,L,2,Z2,3.6649475852820252
MAC,L,3,Z2,8.372023438449338
MAC,L,4,Z2,13.43184080286455
MAC,L,5,Z2,17.756381414739252
MAC,L,6,Z2,20.76763746783558
MAC,L,7,Z2,22.321139065928268
MAC,L,8,Z2,22.55179341918712
MAC,L,9,Z2,21.733393455242275
MAC,L,10,Z2,20.178501180524638
MAC,L,0,Y1,1.00511673509676
MAC,L,1,Y1,1.4067214525863
MAC,L,2,Y1,1.7387826412790244
MAC,L,3,Y1,2.006209348633108
MAC,L,4,Y1,2.2242338714466587
MAC,L,5,Y1,2.4446035266816812
MAC,L,6,Y1,2.665515596741454
MAC,L,7,Y1,2.9314236138042853
MAC,L,8,Y1,3.2630703265589034
MAC,L,9,Y1,3.532470848204096
MAC,L,10,Y1,3.7476757454728995
MAC,L,0,Y2,0.0
MAC,L,1,Y2,0.6803077124607941
MAC,L,2,Y2,3.988703085491243
MAC,L,3,Y2,10.337567071233135
MAC,L,4,Y2,18.980039858466277
MAC,L,5,Y2,28.75904897526024
MAC,L,6,Y2,38.586154539468794
MAC,L,7,Y2,47.71913094390756
MAC,L,8,Y2,55.81122512381693
MAC,L,9,Y2,62.91085410713657
MAC,L,10,Y2,69.28493464743379
MAC,L,0,Y1_nocap,1.00511673509676
MAC,L,1,Y1_nocap,1.3354480535012123
MAC,L,2,Y1_nocap,1.575607164244152
MAC,L,3,Y1_nocap,1.7377063224993727
MAC,L,4,Y1_nocap,1.8430396401163467
MAC,L,5,Y1_nocap,1.9476685305472614
MAC,L,6,Y1_nocap,2.0499598295440182
MAC,L,7,Y1_nocap,2.19464578145164
MAC,L,8,Y1_nocap,2.3995649273144393
MAC,L,9,Y1_nocap,2.5326771329942703
MAC,L,10,Y1_nocap,2.6074998033872996
MAC,L,0,Y2_nocap,0.0
MAC,L,1,Y2_nocap,0.6803077124607941
MAC,L,2,Y2_nocap,3.940462078852135
MAC,L,3,Y2_nocap,10.011797643674734
MAC,L,4,Y2_nocap,17.95710466251
MAC,L,5,Y2_nocap,26.502884223556684
MAC,L,6,Y2_nocap,34.539140716239075
MAC,L,7,Y2_nocap,41.38164862828322
MAC,L,8,Y2_nocap,46.787899078718226
MAC,L,9,Y2_nocap,50.92366132349957
MAC,L,10,Y2_nocap,54.15684706350744
MAR,G,0,Z1,1.0
MAR,G,1,Z1,0.951229424500714
MAR,G,2,Z1,0.9048374180359595
MAR,G,3,Z1,0.8607079764250578
MAR,G,4,Z1,0.8187307530779818
MAR,G,5,Z1,0.7788007830714049
MAR,G,6,Z1,0.7408182206817179
MAR,G,7,Z1,0.7046880897187134
MAR,G,8,Z1,0.6703200460356393
MAR,G,9,Z1,0.6376281516217733
MAR,G,10,Z1,0.6065306597126334
MAR,G,0,Z2,0.0
MAR,G,1,Z2,0.4143697086425065
MAR,G,2,Z2,1.3736180435238057
MAR,G,3,Z2,1.9210017661235408
MAR,G,4,Z2,1.8868265294941675
MAR,G,5,Z2,1.5270385923543943
MAR,G,6,Z2,1.0934067512443741
MAR,G,7,Z2,0.7194657429200099
MAR,G,8,Z2,0.4450142940503756
MAR,G,9,Z2,0.2625545375289807
MAR,G,10,Z2,0.14923819920254014
MAR,G,0,Y1,1.000000000000003
MAR,G,1,Y1,1.6688804199820617
MAR,G,2,Y1,1.9851671068613954
MAR,G,3,Y1,2.163064187580479
MAR,G,4,Y1,2.548319344445984
MAR,G,5,Y1,2.863993066829213
MAR,G,6,Y1,3.1439619089077175
MAR,G,7,Y1,3.409519376386852
MAR,G,8,Y1,3.841997568381287
MAR,G,9,Y1,4.07269794813047
MAR,G,10,Y1,4.3785525862041395
MAR,G,0,Y2,0.0
MAR,G,1,Y2,0.4143697086425078
MAR,G,2,Y2,1.6709908774284195
MAR,G,3,Y2,3.0715662312087595
MAR,G,4,Y2,3.925527835366195
MAR,G,5,Y2,4.225768261291848
MAR,G,6,Y2,4.323772840117922
MAR,G,7,Y2,4.350711953916946
MAR,G,8,Y2,4.336791271574643
MAR,G,9,Y2,4.377573391242403
MAR,G,10,Y2,4.512900790401148
MAR,G,0,Y1_nocap,1.000000000000003
MAR,G,1,Y1_nocap,1.6303824766456947
MAR,G,2,Y1_nocap,1.8854782402931523
MAR,G,3,Y1_nocap,1.9948678479192243
MAR,G,4,Y1_nocap,2.310207783889443
MAR,G,5,Y1_nocap,2.5466874826812607
MAR,G,6,Y1_nocap,2.7415991712874517
MAR,G,7,Y1_nocap,2.9180765748181083
MAR,G,8,Y1_nocap,3.2583261037685176
MAR,G,9,Y1_nocap,3.387473181301042
MAR,G,10,Y1_nocap,3.5909584798344243
MAR,G,0,Y2_nocap,0.0
MAR,G,1,Y2_nocap,0.4143697086425078
MAR,G,2,Y2_nocap,1.6550384958647932
MAR,G,3,Y2_nocap,2.9925510897427676
MAR,G,4,Y2_nocap,3.7345391633972573
MAR,G,5,Y2_nocap,3.898823329915585
MAR,G,6,Y2_nocap,3.860110776454029
MAR,G,7,Y2_nocap,3.7574179784625223
MAR,G,8,Y2_nocap,3.623123764612115
MAR,G,9,Y2_nocap,3.553628442443628
MAR,G,10,Y2_nocap,3.585866703720208
MAR,L,0,Z1,1.0
MAR,L,1,Z1,0.5463396777457107
MAR,L,2,Z1,0.298487043479287
MAR,L,3,Z1,0.16307531514574358
MAR,L,4,Z1,0.08909451512500577
MAR,L,5,Z1,0.04867586868230601
MAR,L,6,Z1,0.026593558409883585
MAR,L,7,Z1,0.01452911613176754
MAR,L,8,Z1,0.007937832625359883
MAR,L,9,Z1,0.004336752918538505
MAR,L,10,Z1,0.0023693401919770984
MAR,L,0,Z2,0.0
MAR,L,1,Z2,0.7408182206815797
MAR,L,2,Z2,4.390493088750573
MAR,L,3,Z2,10.977380812990035
MAR,L,4,Z2,19.276429562366552
MAR,L,5,Z2,27.891270018527717
MAR,L,6,Z2,35.70455985582274
MAR,L,7,Z2,42.00255489071795
MAR,L,8,Z2,46.4475920841099
MAR,L,9,Z2,48.992818787195354
MAR,L,10,Z2,49.787068367771084
MAR,L,0,Y1,1.00511673509676
MAR,L,1,Y1,0.9671815203140947
MAR,L,2,Y1,0.8854149882652446
MAR,L,3,Y1,0.7840321008201524
MAR,L,4,Y1,0.6864705095252522
MAR,L,5,Y1,0.6421348429135735
MAR,L,6,Y1,0.625196224110405
MAR,L,7,Y1,0.6677654834144822
MAR,L,8,Y1,0.7643948765301849
MAR,L,9,Y1,0.7637985367195855
MAR,L,10,Y1,0.7173748511927511
MAR,L,0,Y2,0.0
MAR,L,1,Y2,0.7446087912716604
MAR,L,2,Y2,4.722654444715076
MAR,L,3,Y2,13.13345491525878
MAR,L,4,Y2,25.754009460400027
MAR,L,5,Y2,41.52107131553344
MAR,L,6,Y2,59.05648313428423
MAR,L,7,Y2,77.09899805233441
MAR,L,8,Y2,94.72048954761593
MAR,L,9,Y2,111.46572465281444
MAR,L,10,Y2,127.26432869430306
MAR,L,0,Y1_nocap,1.00511673509676
MAR,L,1,Y1_nocap,0.9284865931999053
MAR,L,2,Y1_nocap,0.8125587470231457
MAR,L,3,Y1_nocap,0.6828755104632547
MAR,L,4,Y1_nocap,0.563164241394951
MAR,L,5,Y1_nocap,0.5021939645662872
MAR,L,6,Y1_nocap,0.4716487029409088
MAR,L,7,Y1_nocap,0.5023440729825266
MAR,L,8,Y1_nocap,0.5864037826602201
MAR,L,9,Y1_nocap,0.57051602185488
MAR,L,10,Y1_nocap,0.5100383313307093
MAR,L,0,Y2_nocap,0.0
MAR,L,1,Y2_nocap,0.7446087912716604
MAR,L,2,Y2_nocap,4.693988537660939
MAR,L,3,Y2_nocap,12.92525319661395
MAR,L,4,Y2_nocap,25.056732302728246
MAR,L,5,Y2_nocap,39.88769612777381
MAR,L,6,Y2_nocap,55.95435619366718
MAR,L,7,Y2_nocap,71.96969162781093
MAR,L,8,Y2_nocap,87.0304043046413
MAR,L,9,Y2_nocap,100.73984872245686
MAR,L,10,Y2_nocap,113.09911013803587
MDA,G,0,Z1,1.0
MDA,G,1,Z1,0.951229424500714
MDA,G,2,Z1,0.9048374180359595
MDA,G,3,Z1,0.8607079764250578
MDA,G,4,Z1,0.8187307530779818
MDA,G,5,Z1,0.7788007830714049
MDA,G,6,Z1,0.7408182206817179
MDA,G,7,Z1,0.7046880897187134
MDA,G,8,Z1,0.6703200460356393
MDA,G,9,Z1,0.6376281516217733
MDA,G,10,Z1,0.6065306597126334
MDA,G,0,Z2,0.0
MDA,G,1,Z2,0.4365940959542712
MDA,G,2,Z2,1.5249152369770187
MDA,G,3,Z2,2.2469703388702023
MDA,G,4,Z2,2.3253664799646767
MDA,G,5,Z2,1.9828931173487183
MDA,G,6,Z2,1.4959631714851769
MDA,G,7,Z2,1.0371441672840789
MDA,G,8,Z2,0.675916158267914
MDA,G,9,Z2,0.4201731092961734
MDA,G,10,Z2,0.25163936734905074
MDA,G,0,Y1,1.000000000000003
MDA,G,1,Y1,1.654057216948663
MDA,G,2,Y1,1.9469977641390226
MDA,G,3,Y1,2.0990660326616517
MDA,G,4,Y1,2.4583149807013673
MDA,G,5,Y1,2.7447706735906228
MDA,G,6,Y1,2.993665094520811
MDA,G,7,Y1,3.227020232376966
MDA,G,8,Y1,3.6265138578721805
MDA,G,9,Y1,3.8210732823022657
MDA,G,10,Y1,4.090944908562385
MDA,G,0,Y2,0.0
MDA,G,1,Y2,0.4365940959542725
MDA,G,2,Y2,1.8317657016323705
MDA,G,3,Y2,3.481839011789377
MDA,G,4,Y2,4.582172490868205
MDA,G,5,Y2,5.034948248445791
MDA,G,6,Y2,5.19477554024683
MDA,G,7,Y2,5.2278076446397215
MDA,G,8,Y2,5.189373121229782
MDA,G,9,Y2,5.194174425450608
MDA,G,10,Y2,5.305806404577402
MDA,G,0,Y1_nocap,1.000000000000003
MDA,G,1,Y1_nocap,1.6303824766456947
MDA,G,2,Y1_nocap,1.8854782402931523
MDA,G,3,Y1_nocap,1.9948678479192243
MDA,G,4,Y1_nocap,2.310207783889443
MDA,G,5,Y1_nocap,2.5466874826812607
MDA,G,6,Y1_nocap,2.7415991712874517
MDA,G,7,Y1_nocap,2.9180765748181083
MDA,G,8,Y1_nocap,3.2583261037685176
MDA,G,9,Y1_nocap,3.387473181301042
MDA,G,10,Y1_nocap,3.5909584798344243
MDA,G,0,Y2_nocap,0.0
MDA,G,1,Y2_nocap,0.4365940959542725
MDA,G,2,Y2_nocap,1.8214294497928438
MDA,G,3,Y2_nocap,3.428710125561689
MDA,G,4,Y2_nocap,4.449562067372519
MDA,G,5,Y2_nocap,4.801219563771417
MDA,G,6,Y2_nocap,4.8548240575867965
MDA,G,7,Y2_nocap,4.783747746559431
MDA,G,8,Y2_nocap,4.6462036277315075
MDA,G,9,Y2_nocap,4.558308540023035
MDA,G,10,Y2_nocap,4.5822776266277705
MDA,L,0,Z1,1.0
MDA,L,1,Z1,0.9512294244930816
MDA,L,2,Z1,0.9048374180214391
MDA,L,3,Z1,0.8607079764043394
MDA,L,4,Z1,0.8187307530517045
MDA,L,5,Z1,0.7788007830401601
MDA,L,6,Z1,0.7408182206460527
MDA,L,7,Z1,0.7046880896791335
MDA,L,8,Z1,0.6703200459926112
MDA,L,9,Z1,0.6376281515757275
MDA,L,10,Z1,0.6065306596639666
MDA,L,0,Z2,0.0
MDA,L,1,Z2,0.1924611336534821
MDA,L,2,Z2,0.296330303737468
MDA,L,3,Z2,0.19248322340202909
MDA,L,4,Z2,0.08781164891314004
MDA,L,5,Z2,0.033008456050399385
MDA,L,6,Z2,0.010977715938143832
MDA,L,7,Z2,0.003355022191910665
MDA,L,8,Z2,0.0009638607106055712
MDA,L,9,Z2,0.0002641282686707189
MDA,L,10,Z2,6.973172293319345e-05
MDA,L,0,Y1,1.00511673509676
MDA,L,1,Y1,1.3592439312023599
MDA,L,2,Y1,1.630261471123912
MDA,L,3,Y1,1.8279218469545735
MDA,L,4,Y1,1.9715213261652473
MDA,L,5,Y1,2.1156912466112905
MDA,L,6,Y1,2.258741159247165
MDA,L,7,Y1,2.445309183541404
MDA,L,8,Y1,2.6942017580376594
MDA,L,9,Y1,2.87473813902954
MDA,L,10,Y1,2.9986258060578055
MDA,L,0,Y2,0.0
MDA,L,1,Y2,0.1934459062908091
MDA,L,2,Y2,0.3754367372021079
MDA,L,3,Y2,0.37785168110004025
MDA,L,4,Y2,0.3191591193068492
MDA,L,5,Y2,0.26043325919335564
MDA,L,6,Y2,0.22253424152468723
MDA,L,7,Y2,0.2066757775783288
MDA,L,8,Y2,0.21194420615800796
MDA,L,9,Y2,0.23979439532175317
MDA,L,10,Y2,0.25978636187390314
MDA,L,0,Y1_nocap,1.00511673509676
MDA,L,1,Y1_nocap,1.3354480535247768
MDA,L,2,Y1_nocap,1.575607164297876
MDA,L,3,Y1_nocap,1.7377063225874156
MDA,L,4,Y1_nocap,1.843039640240835
MDA,L,5,Y1_nocap,1.9476685307088877
MDA,L,6,Y1_nocap,2.049959829743423
MDA,L,7,Y1_nocap,2.1946457816893803
MDA,L,8,Y1_nocap,2.399564927592037
MDA,L,9,Y1_nocap,2.5326771333145857
MDA,L,10,Y1_nocap,2.60749980375137
MDA,L,0,Y2_nocap,0.0
MDA,L,1,Y2_nocap,0.1934459062908091
MDA,L,2,Y2_nocap,0.3708569556080007
MDA,L,3,Y2_nocap,0.3646378345994249
MDA,L,4,Y2_nocap,0.29773345998745543
MDA,L,5,Y2_nocap,0.232641297003953
MDA,L,6,Y2_nocap,0.19011979878404003
MDA,L,7,Y2_nocap,0.17079277698701154
MDA,L,8,Y2_nocap,0.17316069196010225
MDA,L,9,Y2_nocap,0.19814669617362818
MDA,L,10,Y2_nocap,0.2147741718867543
MDG,G,0,Z1,1.0
MDG,G,1,Z1,0.0067379469990855746
MDG,G,2,Z1,4.5399929762486304e-05
MDG,G,3,Z1,3.0590232050184045e-07
MDG,G,4,Z1,2.06115362243869e-09
MDG,G,5,Z1,1.3887943864965107e-11
MDG,G,6,Z1,9.357622968841072e-14
MDG,G,7,Z1,6.305116760147706e-16
MDG,G,8,Z1,4.248354255292132e-18
MDG,G,9,Z1,2.8625185805498005e-20
MDG,G,10,Z1,1.9287498479642192e-22
MDG,G,0,Z2,0.0
MDG,G,1,Z2,0.449590729243349
MDG,G,2,Z2,1.6170545905725306
MDG,G,3,Z2,2.4536680400311064
MDG,G,4,Z2,2.6148655488916948
MDG,G,5,Z2,2.296131462889701
MDG,G,6,Z2,1.7838479557541007
MDG,G,7,Z2,1.273548683459967
MDG,G,8,Z2,0.854690229847583
MDG,G,9,Z2,0.5471213396635826
MDG,G,10,Z2,0.33742206047180795
MDG,G,0,Y1,1.000000000000003
MDG,G,1,Y1,0.7212500334362465
MDG,G,2,Y1,0.39803615364505435
MDG,G,3,Y1,0.2730877593614541
MDG,G,4,Y1,0.48907386156670335
MDG,G,5,Y1,0.4399352138708075
MDG,G,6,Y1,0.4199174927061986
MDG,G,7,Y1,0.41990415949474513
MDG,G,8,Y1,0.6008106612055442
MDG,G,9,Y1,0.4219493397652864
MDG,G,10,Y1,0.5086019770307244
MDG,G,0,Y2,0.0
MDG,G,1,Y2,0.44959072924335036
MDG,G,2,Y2,1.9382926005670056
MDG,G,3,Y2,3.7858415579334155
MDG,G,4,Y2,5.125400683506841
MDG,G,5,Y2,5.785525656464906
MDG,G,6,Y2,6.10024408922029
MDG,G,7,Y2,6.247028003460812
MDG,G,8,Y2,6.294079653061661
MDG,G,9,Y2,6.3677517884617565
MDG,G,10,Y2,6.548992109174679
MDG,G,0,Y1_nocap,1.000000000000003
MDG,G,1,Y1_nocap,0.6858909991440633
MDG,G,2,Y1_nocap,0.33923195251680194
MDG,G,3,Y1_nocap,0.20363119341300462
MDG,G,4,Y1_nocap,0.4140028451468385
MDG,G,5,Y1_nocap,0.3519393911631062
MDG,G,6,Y1_nocap,0.3214864517179316
MDG,G,7,Y1_nocap,0.31235293157531063
MDG,G,8,Y1_nocap,0.48467042035323693
MDG,G,9,Y1_nocap,0.2913232003820262
MDG,G,10,Y1_nocap,0.37065723535760925
MDG,G,0,Y2_nocap,0.0
MDG,G,1,Y2_nocap,0.44959072924335036
MDG,G,2,Y2_nocap,1.9223955065542424
MDG,G,3,Y2_nocap,3.702333359322103
MDG,G,4,Y2_nocap,4.912888115166038
MDG,G,5,Y2_nocap,5.404149949646081
MDG,G,6,Y2_nocap,5.53648998749709
MDG,G,7,Y2_nocap,5.500379943205461
MDG,G,8,Y2_nocap,5.369990073629085
MDG,G,9,Y2_nocap,5.274882289001043
MDG,G,10,Y2_nocap,5.294558996782135
MDG,L,0,Z1,1.0
MDG,L,1,Z1,0.2906159890685373
MDG,L,2,Z1,0.08445765310228419
MDG,L,3,Z1,0.02454474439072773
MDG,L,4,Z1,0.007133095167545774
MDG,L,5,Z1,0.002072991507236319
MDG,L,6,Z1,0.0006024444772061604
MDG,L,7,Z1,0.0001750799976021462
MDG,L,8,Z1,5.088104666926487e-05
MDG,L,9,Z1,1.4786845702630818e-05
MDG,L,10,Z1,4.297293789073907e-06
MDG,L,0,Z2,0.0
MDG,L,1,Z2,0.5904931768808451
MDG,L,2,Z2,2.7894575355426645
MDG,L,3,Z2,5.559150291536704
MDG,L,4,Z2,7.781073342595756
MDG,L,5,Z2,8.97396624533638
MDG,L,6,Z2,9.156785767079295
MDG,L,7,Z2,8.58614673399836
MDG,L,8,Z2,7.568137795356788
MDG,L,9,Z2,6.362993533324752
MDG,L,10,Z2,5.15405249103595
MDG,L,0,Y1,1.00511673509676
MDG,L,1,Y1,0.7069943912537381
MDG,L,2,Y1,0.5588956057211865
MDG,L,3,Y1,0.459204100995077
MDG,L,4,Y1,0.3885002749783228
MDG,L,5,Y1,0.37762324926163904
MDG,L,6,Y1,0.38250248049695956
MDG,L,7,Y1,0.4365563122852817
MDG,L,8,Y1,0.5263627387453371
MDG,L,9,Y1,0.49968077966943497
MDG,L,10,Y1,0.44676892433211435
MDG,L,0,Y2,0.0
MDG,L,1,Y2,0.5935145740433887
MDG,L,2,Y2,3.0487209899818453
MDG,L,3,Y2,6.953615951074468
MDG,L,4,Y2,11.288460096791383
MDG,L,5,Y2,15.191423882227737
MDG,L,6,Y2,18.194544282002873
MDG,L,7,Y2,20.227439386261533
MDG,L,8,Y2,21.477927970978104
MDG,L,9,Y2,22.29614807578896
MDG,L,10,Y2,23.00476962502199
MDG,L,0,Y1_nocap,1.00511673509676
MDG,L,1,Y1_nocap,0.6714544341498045
MDG,L,2,Y1_nocap,0.500425075397997
MDG,L,3,Y1_nocap,0.38437395470665714
MDG,L,4,Y1_nocap,0.30178747208727913
MDG,L,5,Y1_nocap,0.28221925909380013
MDG,L,6,Y1_nocap,0.2792976432896572
MDG,L,7,Y1_nocap,0.32583203345774325
MDG,L,8,Y1_nocap,0.4066452823830136
MDG,L,9,Y1_nocap,0.36831798914722375
MDG,L,10,Y1_nocap,0.30538188850950454
MDG,L,0,Y2_nocap,0.0
MDG,L,1,Y2_nocap,0.5935145740433887
MDG,L,2,Y2_nocap,3.0277348878053347
MDG,L,3,Y2_nocap,6.82605119755431
MDG,L,4,Y2_nocap,10.922445175622482
MDG,L,5,Y2_nocap,14.447558276355398
MDG,L,6,Y2_nocap,16.956810045676935
MDG,L,7,Y2_nocap,18.41838723676789
MDG,L,8,Y2_nocap,19.058921619274006
MDG,L,9,Y2_nocap,19.258464612664348
MDG,L,10,Y2_nocap,19.355478322278618
MDV,G,0,Z1,1.0
MDV,G,1,Z1,0.006737946999085479
MDV,G,2,Z1,4.539992976248501e-05
MDV,G,3,Z1,3.0590232050182743e-07
MDV,G,4,Z1,2.0611536224385723e-09
MDV,G,5,Z1,1.388794386496412e-11
MDV,G,6,Z1,9.357622968840275e-14
MDV,G,7,Z1,6.305116760147079e-16
MDV,G,8,Z1,4.24835425529165e-18
MDV,G,9,Z1,2.8625185805494346e-20
MDV,G,10,Z1,1.928749847963945e-22
MDV,G,0,Z2,0.0
MDV,G,1,Z2,0.46020170734047805
MDV,G,2,Z2,1.694284891512728
MDV,G,3,Z2,2.631530699309253
MDV,G,4,Z2,2.8706012936082965
MDV,G,5,Z2,2.5801867508053182
MDV,G,6,Z2,2.0518381693057908
MDV,G,7,Z2,1.4994490002055734
MDV,G,8,Z2,1.0300439733582032
MDV,G,9,Z2,0.6749343915678353
MDV,G,10,Z2,0.4260712748180035
MDV,G,0,Y1,1.000000000000003
MDV,G,1,Y1,0.7639453142166888
MDV,G,2,Y1,0.4663782900132786
MDV,G,3,Y1,0.3500158197341422
MDV,G,4,Y1,0.5679460296127692
MDV,G,5,Y1,0.5294311339596993
MDV,G,6,Y1,0.516341481896315
MDV,G,7,Y1,0.5212055296981893
MDV,G,8,Y1,0.7060105973898256
MDV,G,9,Y1,0.5378899864305153
MDV,G,10,Y1,0.6259225400133905
MDV,G,0,Y2,0.0
MDV,G,1,Y2,0.4602017073404795
MDV,G,2,Y2,2.042753014717063
MDV,G,3,Y2,4.126714933788608
MDV,G,4,Y2,5.8043039407754815
MDV,G,5,Y2,6.815557122654982
MDV,G,6,Y2,7.442543089578335
MDV,G,7,Y2,7.8537772494510545
MDV,G,8,Y2,8.120571781480304
MDV,G,9,Y2,8.37618202029721
MDV,G,10,Y2,8.718960292149294
MDV,G,0,Y1_nocap,1.000000000000003
MDV,G,1,Y1_nocap,0.6858909991440632
MDV,G,2,Y1_nocap,0.3392319525168019
MDV,G,3,Y1_nocap,0.2036311934130046
MDV,G,4,Y1_nocap,0.4140028451468385
MDV,G,5,Y1_nocap,0.35193939116310613
MDV,G,6,Y1_nocap,0.32148645171793155
MDV,G,7,Y1_nocap,0.3123529315753106
MDV,G,8,Y1_nocap,0.48467042035323693
MDV,G,9,Y1_nocap,0.29132320038202614
MDV,G,10,Y1_nocap,0.37065723535760925
MDV,G,0,Y2_nocap,0.0
MDV,G,1,Y2_nocap,0.4602017073404795
MDV,G,2,Y2_nocap,2.006832285655349
MDV,G,3,Y2_nocap,3.9361977574143037
MDV,G,4,Y2_nocap,5.317398366290868
MDV,G,5,Y2_nocap,5.941332041767886
MDV,G,6,Y2_nocap,6.154353332445876
MDV,G,7,Y2_nocap,6.15856841517466
MDV,G,8,Y2_nocap,6.041192184082425
MDV,G,9,Y2_nocap,5.943669624717298
MDV,G,10,Y2_nocap,5.961035970789752
MDV,L,0,Z1,1.0
MDV,L,1,Z1,0.7956550874407081
MDV,L,2,Z1,0.6330670181702809
MDV,L,3,Z1,0.5037029936981032
MDV,L,4,Z1,0.40077384949501077
MDV,L,5,Z1,0.31887775226390197
MDV,L,6,Z1,0.2537167058604314
MDV,L,7,Z1,0.20187098778654997
MDV,L,8,Z1,0.16061967843904953
MDV,L,9,Z1,0.1277978642931204
MDV,L,10,Z1,0.10168302088887844
MDV,L,0,Z2,0.0
MDV,L,1,Z2,0.2561554324148788
MDV,L,2,Z2,0.5249248444452285
MDV,L,3,Z2,0.4538104329853592
MDV,L,4,Z2,0.27554609231584726
MDV,L,5,Z2,0.13785669614725773
MDV,L,6,Z2,0.06102041750706941
MDV,L,7,Z2,0.024820990839825523
MDV,L,8,Z2,0.009490706123816679
MDV,L,9,Z2,0.0034614627612288176
MDV,L,10,Z2,0.0012162859950487902
MDV,L,0,Y1,1.00511673509676
MDV,L,1,Y1,1.2575313821278635
MDV,L,2,Y1,1.4094471656270127
MDV,L,3,Y1,1.4819024632919175
MDV,L,4,Y1,1.502422008457319
MDV,L,5,Y1,1.5304298010699693
MDV,L,6,Y1,1.562661367550669
MDV,L,7,Y1,1.642678716106778
MDV,L,8,Y1,1.783923737498236
MDV,L,9,Y1,1.849448677347095
MDV,L,10,Y1,1.8590654944737006
MDV,L,0,Y2,0.0
MDV,L,1,Y2,0.25746611190614177
MDV,L,2,Y2,0.6448800190025054
MDV,L,3,Y2,0.8011841024281449
MDV,L,4,Y2,0.7916831210210252
MDV,L,5,Y2,0.7223091238866204
MDV,L,6,Y2,0.6562412728286319
MDV,L,7,Y2,0.6195369213133821
MDV,L,8,Y2,0.620050923494653
MDV,L,9,Y2,0.6651947794855162
MDV,L,10,Y2,0.7183371941442144
MDV,L,0,Y1_nocap,1.00511673509676
MDV,L,1,Y1_nocap,1.1790776838018524
MDV,L,2,Y1_nocap,1.243428838507847
MDV,L,3,Y1_nocap,1.22828290769443
MDV,L,4,Y1_nocap,1.1673717993915578
MDV,L,5,Y1_nocap,1.1233403055253686
MDV,L,6,Y1_nocap,1.0910716431923815
MDV,L,7,Y1_nocap,1.1127803762769195
MDV,L,8,Y1_nocap,1.1973426512983953
MDV,L,9,Y1_nocap,1.2028121401227436
MDV,L,10,Y1_nocap,1.155366390325856
MDV,L,0,Y2_nocap,0.0
MDV,L,1,Y2_nocap,0.25746611190614177
MDV,L,2,Y2_nocap,0.6247836779832595
MDV,L,3,Y2_nocap,0.7334650666371123
MDV,L,4,Y2_nocap,0.670570168772268
MDV,L,5,Y2_nocap,0.5557519398245483
MDV,L,6,Y2_nocap,0.45578969430920213
MDV,L,7,Y2_nocap,0.39492351743067045
MDV,L,8,Y2_nocap,0.37740243446884075
MDV,L,9,Y2_nocap,0.40690579244660346
MDV,L,10,Y2_nocap,0.4429954781758535
MEX,G,0,Z1,1.0
MEX,G,1,Z1,0.006737946999128232
MEX,G,2,Z1,4.539992976306115e-05
MEX,G,3,Z1,3.059023205076504e-07
MEX,G,4,Z1,2.0611536224908857e-09
MEX,G,5,Z1,1.3887943865404724e-11
MEX,G,6,Z1,9.357622969196528e-14
MEX,G,7,Z1,6.305116760427128e-16
MEX,G,8,Z1,4.248354255507301e-18
MEX,G,9,Z1,2.862518580712902e-20
MEX,G,10,Z1,1.9287498480863272e-22
MEX,G,0,Z2,0.0
MEX,G,1,Z2,0.4611835606205446
MEX,G,2,Z2,1.7015222126931486
MEX,G,3,Z2,2.6484099947711113
MEX,G,4,Z2,2.8951778402881883
MEX,G,5,Z2,2.607828955105089
MEX,G,6,Z2,2.0782445927121533
MEX,G,7,Z2,1.5219866606473749
MEX,G,8,Z2,1.0477568408619722
MEX,G,9,Z2,0.6880054688647362
MEX,G,10,Z2,0.4352493989814079
MEX,G,0,Y1,1.000000000000003
MEX,G,1,Y1,0.7334897873732457
MEX,G,2,Y1,0.41810329600082863
MEX,G,3,Y1,0.29637114569924766
MEX,G,4,Y1,0.5137563405631959
MEX,G,5,Y1,0.4685172594479441
MEX,G,6,Y1,0.4514485282362026
MEX,G,7,Y1,0.45386305273137084
MEX,G,8,Y1,0.6369602438369306
MEX,G,9,Y1,0.4622834277640836
MEX,G,10,Y1,0.5505454260182285
MEX,G,0,Y2,0.0
MEX,G,1,Y2,0.46118356062054605
MEX,G,2,Y2,2.036688214124423
MEX,G,3,Y2,4.075537492585339
MEX,G,4,Y2,5.658299707617444
MEX,G,5,Y2,6.5416283709728145
MEX,G,6,Y2,7.032361201185675
MEX,G,7,Y2,7.313095085188262
MEX,G,8,Y2,7.462033796204365
MEX,G,9,Y2,7.616054715963993
MEX,G,10,Y2,7.872943255185927
MEX,G,0,Y1_nocap,1.000000000000003
MEX,G,1,Y1_nocap,0.6858909991441059
MEX,G,2,Y1_nocap,0.33923195251683147
MEX,G,3,Y1_nocap,0.2036311934130193
MEX,G,4,Y1_nocap,0.41400284514684726
MEX,G,5,Y1_nocap,0.35193939116312395
MEX,G,6,Y1_nocap,0.3214864517179467
MEX,G,7,Y1_nocap,0.3123529315753244
MEX,G,8,Y1_nocap,0.4846704203532504
MEX,G,9,Y1_nocap,0.291323200382047
MEX,G,10,Y1_nocap,0.37065723535762185
MEX,G,0,Y2_nocap,0.0
MEX,G,1,Y2_nocap,0.46118356062054605
MEX,G,2,Y2_nocap,2.014736435487685
MEX,G,3,Y2_nocap,3.9583208400182963
MEX,G,4,Y2_nocap,5.3560579130439026
MEX,G,5,Y2_nocap,5.99317581619927
MEX,G,6,Y2_nocap,6.21448433784983
MEX,G,7,Y2_nocap,6.223042976396752
MEX,G,8,Y2_nocap,6.1072616102615065
MEX,G,9,Y2_nocap,6.0097206911755015
MEX,G,10,Y2_nocap,6.026957293879464
MEX,L,0,Z1,1.0
MEX,L,1,Z1,0.3066107050162503
MEX,L,2,Z1,0.09401012443056206
MEX,L,3,Z1,0.028824510530320056
MEX,L,4,Z1,0.008837903495449762
MEX,L,5,Z1,0.0027097958216054335
MEX,L,6,Z1,0.0008308524073125318
MEX,L,7,Z1,0.00025474824237054405
MEX,L,8,Z1,7.810853819488311e-05
MEX,L,9,Z1,2.394891396372182e-05
MEX,L,10,Z1,7.342993394790267e-06
MEX,L,0,Z2,0.0
MEX,L,1,Z2,0.6046202509673408
MEX,L,2,Z2,2.9245251830384817
MEX,L,3,Z2,5.967766631685494
MEX,L,4,Z2,8.552847546226266
MEX,L,5,Z2,10.100048495868615
MEX,L,6,Z2,10.552366983780395
MEX,L,7,Z2,10.131481238394652
MEX,L,8,Z2,9.143900143623583
MEX,L,9,Z2,7.871757946388043
MEX,L,10,Z2,6.528702695609463
MEX,L,0,Y1,1.00511673509676
MEX,L,1,Y1,0.7353733294414049
MEX,L,2,Y1,0.5952799625709027
MEX,L,3,Y1,0.49864624716396255
MEX,L,4,Y1,0.4293008190497164
MEX,L,5,Y1,0.4190253569016366
MEX,L,6,Y1,0.42521552571258525
MEX,L,7,Y1,0.48101414071004633
MEX,L,8,Y1,0.5739965169923003
MEX,L,9,Y1,0.5522322278205694
MEX,L,10,Y1,0.5020251585671921
MEX,L,0,Y2,0.0
MEX,L,1,Y2,0.6077139326256773
MEX,L,2,Y2,3.1977792133548877
MEX,L,3,Y2,7.471233652393425
MEX,L,4,Y2,12.418648583415335
MEX,L,5,Y2,17.104015577594435
MEX,L,6,Y2,20.95264634380864
MEX,L,7,Y2,23.79954557944318
MEX,L,8,Y2,25.773063205520714
MEX,L,9,Y2,27.204845579555663
MEX,L,10,Y2,28.434005250214152
MEX,L,0,Y1_nocap,1.00511673509676
MEX,L,1,Y1_nocap,0.68753099082197
MEX,L,2,Y1_nocap,0.5160940427195418
MEX,L,3,Y1_nocap,0.3971823847580964
MEX,L,4,Y1_nocap,0.3118626260787344
MEX,L,5,Y1_nocap,0.29013541405488197
MEX,L,6,Y1_nocap,0.2862388380274717
MEX,L,7,Y1_nocap,0.3324275645392435
MEX,L,8,Y1_nocap,0.41387913363969125
MEX,L,9,Y1_nocap,0.3770401411642102
MEX,L,10,Y1_nocap,0.31394733530353436
MEX,L,0,Y2_nocap,0.0
MEX,L,1,Y2_nocap,0.6077139326256773
MEX,L,2,Y2_nocap,3.1688527665719404
MEX,L,3,Y2_nocap,7.292309275793558
MEX,L,4,Y2_nocap,11.897787856836429
MEX,L,5,Y2_nocap,16.03188109662698
MEX,L,6,Y2_nocap,19.14838537604811
MEX,L,7,Y2_nocap,21.135965834847585
MEX,L,8,Y2_nocap,22.180382107719346
MEX,L,9,Y2_nocap,22.66018989093928
MEX,L,10,Y2_nocap,22.942037171044497
MKD,G,0,Z1,1.0
MKD,G,1,Z1,0.951229424500714
MKD,G,2,Z1,0.9048374180359595
MKD,G,3,Z1,0.8607079764250578
MKD,G,4,Z1,0.8187307530779818
MKD,G,5,Z1,0.7788007830714049
MKD,G,6,Z1,0.7408182206817179
MKD,G,7,Z1,0.7046880897187134
MKD,G,8,Z1,0.6703200460356393
MKD,G,9,Z1,0.6376281516217733
MKD,G,10,Z1,0.6065306597126334
MKD,G,0,Z2,0.0
MKD,G,1,Z2,0.43767272028323717
MKD,G,2,Z2,1.5324592806410302
MKD,G,3,Z2,2.2636652245249023
MKD,G,4,Z2,2.348431446822824
MKD,G,5,Z2,2.007508554159461
MKD,G,6,Z2,1.5182756292513708
MKD,G,7,Z2,1.0552138143722571
MKD,G,8,Z2,0.6893912825532926
MKD,G,9,Z2,0.4296084678974988
MKD,G,10,Z2,0.25792579808149824
MKD,G,0,Y1,1.000000000000003
MKD,G,1,Y1,1.6552805602682665
MKD,G,2,Y1,1.9500812872561355
MKD,G,3,Y1,2.1041104655268104
MKD,G,4,Y1,2.4652206942756747
MKD,G,5,Y1,2.7536888290292936
MKD,G,6,Y1,3.004621746601357
MKD,G,7,Y1,3.2399743065472184
MKD,G,8,Y1,3.6413921045748205
MKD,G,9,Y1,3.8379963510038553
MKD,G,10,Y1,4.109747265563236
MKD,G,0,Y2,0.0
MKD,G,1,Y2,0.43767272028323856
MKD,G,2,Y2,1.840603256450921
MKD,G,3,Y2,3.506954032405718
MKD,G,4,Y2,4.626691440215005
MKD,G,5,Y2,5.095749839907766
MKD,G,6,Y2,5.267051853501325
MKD,G,7,Y2,5.3077609727562365
MKD,G,8,Y2,5.274302295668739
MKD,G,9,Y2,5.282351055457087
MKD,G,10,Y2,5.3969498906404
MKD,G,0,Y1_nocap,1.000000000000003
MKD,G,1,Y1_nocap,1.6303824766456947
MKD,G,2,Y1_nocap,1.8854782402931523
MKD,G,3,Y1_nocap,1.9948678479192243
MKD,G,4,Y1_nocap,2.310207783889443
MKD,G,5,Y1_nocap,2.5466874826812607
MKD,G,6,Y1_nocap,2.7415991712874517
MKD,G,7,Y1_nocap,2.9180765748181083
MKD,G,8,Y1_nocap,3.2583261037685176
MKD,G,9,Y1_nocap,3.387473181301042
MKD,G,10,Y1_nocap,3.5909584798344243
MKD,G,0,Y2_nocap,0.0
MKD,G,1,Y2_nocap,0.43767272028323856
MKD,G,2,Y2_nocap,1.8297060444619904
MKD,G,3,Y2_nocap,3.4508894904741494
MKD,G,4,Y2_nocap,4.486706908782307
MKD,G,5,Y2_nocap,4.849049959110536
MKD,G,6,Y2_nocap,4.908422889219981
MKD,G,7,Y2_nocap,4.839718607427796
MKD,G,8,Y2_nocap,4.702461322010204
MKD,G,9,Y2_nocap,4.613832752499074
MKD,G,10,Y2_nocap,4.637410667670371
MKD,L,0,Z1,1.0
MKD,L,1,Z1,0.951229424486448
MKD,L,2,Z1,0.904837418008819
MKD,L,3,Z1,0.8607079763863325
MKD,L,4,Z1,0.8187307530288662
MKD,L,5,Z1,0.7788007830130045
MKD,L,6,Z1,0.7408182206150553
MKD,L,7,Z1,0.7046880896447335
MKD,L,8,Z1,0.6703200459552143
MKD,L,9,Z1,0.6376281515357078
MKD,L,10,Z1,0.606530659621669
MKD,L,0,Z2,0.0
MKD,L,1,Z2,0.18040520643638186
MKD,L,2,Z2,0.2603683080748284
MKD,L,3,Z2,0.15852981949109174
MKD,L,4,Z2,0.06779165584974876
MKD,L,5,Z2,0.023886655602027483
MKD,L,6,Z2,0.007446430716408333
MKD,L,7,Z2,0.0021332295399004455
MKD,L,8,Z2,0.0005744635753563471
MKD,L,9,Z2,0.00014756016466564188
MKD,L,10,Z2,3.651662821439174e-05
MKD,L,0,Y1,1.00511673509676
MKD,L,1,Y1,1.3604735340389946
MKD,L,2,Y1,1.632989760322616
MKD,L,3,Y1,1.8322709399333843
MKD,L,4,Y1,1.9774954748492675
MKD,L,5,Y1,2.1232147458986614
MKD,L,6,Y1,2.267735260318203
MKD,L,7,Y1,2.4556904239741555
MKD,L,8,Y1,2.705937213436991
MKD,L,9,Y1,2.8878617348456816
MKD,L,10,Y1,3.013069194676702
MKD,L,0,Y2,0.0
MKD,L,1,Y2,0.18132829208779314
MKD,L,2,Y2,0.33465224556859574
MKD,L,3,Y2,0.32576133506019916
MKD,L,4,Y2,0.27079380130803093
MKD,L,5,Y2,0.22008598349174563
MKD,L,6,Y2,0.18909979388730694
MKD,L,7,Y2,0.17715197850185893
MKD,L,8,Y2,0.18336937935844563
MKD,L,9,Y2,0.20901330917332295
MKD,L,10,Y2,0.22553185301033968
MKD,L,0,Y1_nocap,1.00511673509676
MKD,L,1,Y1_nocap,1.3354480535181092
MKD,L,2,Y1_nocap,1.5756071642826748
MKD,L,3,Y1_nocap,1.737706322562504
MKD,L,4,Y1_nocap,1.843039640205611
MKD,L,5,Y1_nocap,1.9476685306631556
MKD,L,6,Y1_nocap,2.049959829687002
MKD,L,7,Y1_nocap,2.1946457816221114
MKD,L,8,Y1_nocap,2.3995649275134907
MKD,L,9,Y1_nocap,2.5326771332239524
MKD,L,10,Y1_nocap,2.607499803648356
MKD,L,0,Y2_nocap,0.0
MKD,L,1,Y2_nocap,0.18132829208779314
MKD,L,2,Y2_nocap,0.33013751858905577
MKD,L,3,Y2_nocap,0.3131879151002368
MKD,L,4,Y2_nocap,0.2508712585716683
MKD,L,5,Y2_nocap,0.19462812133861898
MKD,L,6,Y2_nocap,0.15970447491661785
MKD,L,7,Y2_nocap,0.14482923447185642
MKD,L,8,Y2_nocap,0.1485940342737193
MKD,L,9,Y2_nocap,0.17177914265883137
MKD,L,10,Y2_nocap,0.18534933818499802
MLI,G,0,Z1,1.0
MLI,G,1,Z1,0.006737946999085479
MLI,G,2,Z1,4.539992976248501e-05
MLI,G,3,Z1,3.0590232050182743e-07
MLI,G,4,Z1,2.0611536224385723e-09
MLI,G,5,Z1,1.388794386496412e-11
MLI,G,6,Z1,9.357622968840275e-14
MLI,G,7,Z1,6.305116760147079e-16
MLI,G,8,Z1,4.24835425529165e-18
MLI,G,9,Z1,2.8625185805494346e-20
MLI,G,10,Z1,1.928749847963945e-22
MLI,G,0,Z2,0.0
MLI,G,1,Z2,0.4095626410157341
MLI,G,2,Z2,1.3419324553262646
MLI,G,3,Z2,1.854918226580018
MLI,G,4,Z2,1.8007827146579771
MLI,G,5,Z2,1.4404947744351646
MLI,G,6,Z2,1.019473074755188
MLI,G,7,Z2,0.663035014513055
MLI,G,8,Z2,0.40535229817636914
MLI,G,9,Z2,0.2363798984838716
MLI,G,10,Z2,0.132801612491201
MLI,G,0,Y1,1.000000000000003
MLI,G,1,Y1,0.746439989055518
MLI,G,2,Y1,0.4369068554719021
MLI,G,3,Y1,0.31474176215843347
MLI,G,4,Y1,0.5293613334763594
MLI,G,5,Y1,0.48397461321893953
MLI,G,6,Y1,0.46522752837166836
MLI,G,7,Y1,0.46510453051971157
MLI,G,8,Y1,0.6452241264012815
MLI,G,9,Y1,0.46954516899844484
MLI,G,10,Y1,0.5535553681037473
MLI,G,0,Y2,0.0
MLI,G,1,Y2,0.40956264101573536
MLI,G,2,Y2,1.6448867772356328
MLI,G,3,Y2,3.0244292454123114
MLI,G,4,Y2,3.880120565076705
MLI,G,5,Y2,4.207984445653883
MLI,G,6,Y2,4.3453653357784106
MLI,G,7,Y2,4.412606017794392
MLI,G,8,Y2,4.4349277358351
MLI,G,9,Y2,4.5048553170032575
MLI,G,10,Y2,4.659967293175779
MLI,G,0,Y1_nocap,1.000000000000003
MLI,G,1,Y1_nocap,0.6858909991440632
MLI,G,2,Y1_nocap,0.3392319525168019
MLI,G,3,Y1_nocap,0.2036311934130046
MLI,G,4,Y1_nocap,0.4140028451468385
MLI,G,5,Y1_nocap,0.35193939116310613
MLI,G,6,Y1_nocap,0.32148645171793155
MLI,G,7,Y1_nocap,0.3123529315753106
MLI,G,8,Y1_nocap,0.48467042035323693
MLI,G,9,Y1_nocap,0.29132320038202614
MLI,G,10,Y1_nocap,0.37065723535760925
MLI,G,0,Y2_nocap,0.0
MLI,G,1,Y2_nocap,0.40956264101573536
MLI,G,2,Y2_nocap,1.6200881730166623
MLI,G,3,Y2_nocap,2.90333969117854
MLI,G,4,Y2_nocap,3.5920443006159672
MLI,G,5,Y2_nocap,3.723367055632252
MLI,G,6,Y2_nocap,3.670550984469241
MLI,G,7,Y2_nocap,3.5646268399722802
MLI,G,8,Y2_nocap,3.432792656324715
MLI,G,9,Y2_nocap,3.367759453289019
MLI,G,10,Y2_nocap,3.401664853883629
MLI,L,0,Z1,1.0
MLI,L,1,Z1,0.4417609805842887
MLI,L,2,Z1,0.1951527639667923
MLI,L,3,Z1,0.08621087637370439
MLI,L,4,Z1,0.03808460128387854
MLI,L,5,Z1,0.016824290808327848
MLI,L,6,Z1,0.0074323152051221425
MLI,L,7,Z1,0.0032833068530262782
MLI,L,8,Z1,0.0014504368549520031
MLI,L,9,Z1,0.0006407464073191884
MLI,L,10,Z1,0.00028305676120318486
MLI,L,0,Z2,0.0
MLI,L,1,Z2,0.31146721101849906
MLI,L,2,Z2,0.7760945883171378
MLI,L,3,Z2,0.8158320570702009
MLI,L,4,Z2,0.6023228100151476
MLI,L,5,Z2,0.36641368314110023
MLI,L,6,Z2,0.19720946528693198
MLI,L,7,Z2,0.09753948506390742
MLI,L,8,Z2,0.045349095933067955
MLI,L,9,Z2,0.020111225467343993
MLI,L,10,Z2,0.008592575180353702
MLI,L,0,Y1,1.00511673509676
MLI,L,1,Y1,0.8842315976015519
MLI,L,2,Y1,0.7753102193659195
MLI,L,3,Y1,0.6735553791713275
MLI,L,4,Y1,0.5875118114775215
MLI,L,5,Y1,0.5581783397258956
MLI,L,6,Y1,0.5521893272124376
MLI,L,7,Y1,0.6009928625128258
MLI,L,8,Y1,0.6964810512662574
MLI,L,9,Y1,0.6870815892536446
MLI,L,10,Y1,0.636875359338457
MLI,L,0,Y2,0.0
MLI,L,1,Y2,0.3130609062286074
MLI,L,2,Y2,0.9171767154168172
MLI,L,3,Y2,1.2814699366952274
MLI,L,4,Y2,1.3662114584406793
MLI,L,5,Y2,1.2945229447964577
MLI,L,6,Y2,1.1793635277041394
MLI,L,7,Y2,1.0887277862342963
MLI,L,8,Y2,1.0523677914932594
MLI,L,9,Y2,1.089782182114929
MLI,L,10,Y2,1.1618650894508353
MLI,L,0,Y1_nocap,1.00511673509676
MLI,L,1,Y1_nocap,0.823372794548344
MLI,L,2,Y1_nocap,0.669023654009199
MLI,L,3,Y1_nocap,0.5344909718943585
MLI,L,4,Y1_nocap,0.42619951092552016
MLI,L,5,Y1_nocap,0.38279330827566393
MLI,L,6,Y1_nocap,0.36638336139888394
MLI,L,7,Y1_nocap,0.4065175456099468
MLI,L,8,Y1_nocap,0.4915368732828473
MLI,L,9,Y1_nocap,0.4672821793421954
MLI,L,10,Y1_nocap,0.40476982555752095
MLI,L,0,Y2_nocap,0.0
MLI,L,1,Y2_nocap,0.3130609062286074
MLI,L,2,Y2_nocap,0.8982211937639104
MLI,L,3,Y2_nocap,1.2095067787466558
MLI,L,4,Y2_nocap,1.226248202348586
MLI,L,5,Y2_nocap,1.0904919725705693
MLI,L,6,Y2_nocap,0.9241447743096098
MLI,L,7,Y2_nocap,0.7961166033301844
MLI,L,8,Y2_nocap,0.7328359330030002
MLI,L,9,Y2_nocap,0.7491193322181795
MLI,L,10,Y2_nocap,0.8006222895456826
MLT,G,0,Z1,1.0
MLT,G,1,Z1,0.006737947000307873
MLT,G,2,Z1,4.539992977895786e-05
MLT,G,3,Z1,3.059023206683172e-07
MLT,G,4,Z1,2.0611536239343047e-09
MLT,G,5,Z1,1.3887943877561875e-11
MLT,G,6,Z1,9.357622979026197e-14
MLT,G,7,Z1,6.305116768154146e-16
MLT,G,8,Z1,4.2483542614575175e-18
MLT,G,9,Z1,2.8625185852232904e-20
MLT,G,10,Z1,1.9287498514630838e-22
MLT,G,0,Z2,0.0
MLT,G,1,Z2,0.4325985229342491
MLT,G,2,Z2,1.4971318563591522
MLT,G,3,Z2,2.1858424752333807
MLT,G,4,Z2,2.241403795325401
MLT,G,5,Z2,1.8938046311659935
MLT,G,6,Z2,1.4156762448990794
MLT,G,7,Z2,0.9724994083624122
MLT,G,8,Z2,0.6279863717123891
MLT,G,9,Z2,0.38680565840991304
MLT,G,10,Z2,0.229535742785649
MLT,G,0,Y1,1.000000000000003
MLT,G,1,Y1,0.7372149653708966
MLT,G,2,Y1,0.422183882984425
MLT,G,3,Y1,0.2982163029395306
MLT,G,4,Y1,0.5124513212870034
MLT,G,5,Y1,0.4647792603909283
MLT,G,6,Y1,0.44453001986532664
MLT,G,7,Y1,0.44332655174173363
MLT,G,8,Y1,0.6225530008827682
MLT,G,9,Y1,0.4444775534692977
MLT,G,10,Y1,0.5280963453819638
MLT,G,0,Y2,0.0
MLT,G,1,Y2,0.43259852293425044
MLT,G,2,Y2,1.8131351355436878
MLT,G,3,Y2,3.4599501606703207
MLT,G,4,Y2,4.590517043287732
MLT,G,5,Y2,5.106095030616298
MLT,G,6,Y2,5.343611730373678
MLT,G,7,Y2,5.456152599324945
MLT,G,8,Y2,5.492206211706029
MLT,G,9,Y2,5.562209468174778
MLT,G,10,Y2,5.727510489257809
MLT,G,0,Y1_nocap,1.000000000000003
MLT,G,1,Y1_nocap,0.6858909991452856
MLT,G,2,Y1_nocap,0.33923195251764854
MLT,G,3,Y1_nocap,0.20363119341342498
MLT,G,4,Y1_nocap,0.4140028451470902
MLT,G,5,Y1_nocap,0.3519393911636139
MLT,G,6,Y1_nocap,0.3214864517183652
MLT,G,7,Y1_nocap,0.3123529315757065
MLT,G,8,Y1_nocap,0.4846704203536214
MLT,G,9,Y1_nocap,0.2913232003826212
MLT,G,10,Y1_nocap,0.37065723535796935
MLT,G,0,Y2_nocap,0.0
MLT,G,1,Y2_nocap,0.43259852293425044
MLT,G,2,Y2_nocap,1.7909324635633612
MLT,G,3,Y2_nocap,3.3473761336718537
MLT,G,4,Y2_nocap,4.313983107420755
MLT,G,5,Y2_nocap,4.627410787586596
MLT,G,6,Y2_nocap,4.6607704713094416
MLT,G,7,Y2_nocap,4.581661581765883
MLT,G,8,Y2_nocap,4.443473903761591
MLT,G,9,Y2_nocap,4.358464006753027
MLT,G,10,Y2_nocap,4.383911488889262
MLT,L,0,Z1,1.0
MLT,L,1,Z1,0.3760693372157164
MLT,L,2,Z1,0.14142814639386822
MLT,L,3,Z1,0.05318678927798934
MLT,L,4,Z1,0.020001920592405416
MLT,L,5,Z1,0.007522109020227293
MLT,L,6,Z1,0.0028288345537012417
MLT,L,7,Z1,0.0010638379357033427
MLT,L,8,Z1,0.0004000768273848919
MLT,L,9,Z1,0.00015045662731000297
MLT,L,10,Z1,5.6582124112184805e-05
MLT,L,0,Z2,0.0
MLT,L,1,Z2,0.7408182206817179
MLT,L,2,Z2,4.390493088752212
MLT,L,3,Z2,10.977380812996177
MLT,L,4,Z2,19.276429562380937
MLT,L,5,Z2,27.891270018553726
MLT,L,6,Z2,35.7045598558627
MLT,L,7,Z2,42.00255489077279
MLT,L,8,Z2,46.447592084179206
MLT,L,9,Z2,48.99281878727759
MLT,L,10,Z2,49.787068367863945
MLT,L,0,Y1,1.00511673509676
MLT,L,1,Y1,0.8089316018074862
MLT,L,2,Y1,0.6769674771739064
MLT,L,3,Y1,0.5719624536558228
MLT,L,4,Y1,0.49041375409931043
MLT,L,5,Y1,0.4679978112615348
MLT,L,6,Y1,0.4661138605534981
MLT,L,7,Y1,0.5164481943793909
MLT,L,8,Y1,0.6085034106056826
MLT,L,9,Y1,0.5901931125419047
MLT,L,10,Y1,0.5366018554033548
MLT,L,0,Y2,0.0
MLT,L,1,Y2,0.7446087912717994
MLT,L,2,Y2,4.732204814117166
MLT,L,3,Y2,13.20172184242871
MLT,L,4,Y2,25.977320338345816
MLT,L,5,Y2,42.03017666339111
MLT,L,6,Y2,59.994809065293104
MLT,L,7,Y2,78.60052896472257
MLT,L,8,Y2,96.89317797954797
MLT,L,9,Y2,114.3824318941568
MLT,L,10,Y2,130.96186449507374
MLT,L,0,Y1_nocap,1.00511673509676
MLT,L,1,Y1_nocap,0.7573450244425839
MLT,L,2,Y1_nocap,0.5901039222888396
MLT,L,3,Y1_nocap,0.4608624174087294
MLT,L,4,Y1_nocap,0.36339847893055244
MLT,L,5,Y1_nocap,0.33117801952127435
MLT,L,6,Y1_nocap,0.321826112475702
MLT,L,7,Y1_nocap,0.3656926054260558
MLT,L,8,Y1_nocap,0.44947905945674416
MLT,L,9,Y1_nocap,0.41917566018967095
MLT,L,10,Y1_nocap,0.3559819045062392
MLT,L,0,Y2_nocap,0.0
MLT,L,1,Y2_nocap,0.7446087912717994
MLT,L,2,Y2_nocap,4.693988537662639
MLT,L,3,Y2_nocap,12.925253196620789
MLT,L,4,Y2_nocap,25.056732302745566
MLT,L,5,Y2_nocap,39.8876961278077
MLT,L,6,Y2_nocap,55.954356193723406
MLT,L,7,Y2_nocap,71.9696916278941
MLT,L,8,Y2_nocap,87.03040430475446
MLT,L,9,Y2_nocap,100.7398487226015
MLT,L,10,Y2_nocap,113.09911013821221
MMR,G,0,Z1,1.0
MMR,G,1,Z1,0.006737946999085479
MMR,G,2,Z1,4.539992976248501e-05
MMR,G,3,Z1,3.0590232050182743e-07
MMR,G,4,Z1,2.0611536224385723e-09
MMR,G,5,Z1,1.388794386496412e-11
MMR,G,6,Z1,9.357622968840275e-14
MMR,G,7,Z1,6.305116760147079e-16
MMR,G,8,Z1,4.24835425529165e-18
MMR,G,9,Z1,2.8625185805494346e-20
MMR,G,10,Z1,1.928749847963945e-22
MMR,G,0,Z2,0.0
MMR,G,1,Z2,0.41750774177919386
MMR,G,2,Z2,1.3945017155644963
MMR,G,3,Z2,1.9649765098323384
MMR,G,4,Z2,1.9446350347123234
MMR,G,5,Z2,1.5857425428270437
MMR,G,6,Z2,1.1440393138349267
MMR,G,7,Z2,0.7584829988706602
MMR,G,8,Z2,0.4727006772788249
MMR,G,9,Z2,0.2810012972512922
MMR,G,10,Z2,0.160933082376421
MMR,G,0,Y1,1.000000000000003
MMR,G,1,Y1,0.7472418418459817
MMR,G,2,Y1,0.43708642622699934
MMR,G,3,Y1,0.3134035503585417
MMR,G,4,Y1,0.526290612782213
MMR,G,5,Y1,0.4794204144755011
MMR,G,6,Y1,0.45897212549936606
MMR,G,7,Y1,0.45706559001699965
MMR,G,8,Y1,0.6353928322582654
MMR,G,9,Y1,0.4580809446083278
MMR,G,10,Y1,0.5401307981806853
MMR,G,0,Y2,0.0
MMR,G,1,Y2,0.41750774177919514
MMR,G,2,Y2,1.7036678244807262
MMR,G,3,Y2,3.177995328676962
MMR,G,4,Y2,4.131823242698693
MMR,G,5,Y2,4.52650715328752
MMR,G,6,Y2,4.698163655993849
MMR,G,7,Y2,4.778382054135303
MMR,G,8,Y2,4.800439989408951
MMR,G,9,Y2,4.863116903163404
MMR,G,10,Y2,5.012544145762114
MMR,G,0,Y1_nocap,1.000000000000003
MMR,G,1,Y1_nocap,0.6858909991440632
MMR,G,2,Y1_nocap,0.3392319525168019
MMR,G,3,Y1_nocap,0.2036311934130046
MMR,G,4,Y1_nocap,0.4140028451468385
MMR,G,5,Y1_nocap,0.35193939116310613
MMR,G,6,Y1_nocap,0.32148645171793155
MMR,G,7,Y1_nocap,0.3123529315753106
MMR,G,8,Y1_nocap,0.48467042035323693
MMR,G,9,Y1_nocap,0.29132320038202614
MMR,G,10,Y1_nocap,0.37065723535760925
MMR,G,0,Y2_nocap,0.0
MMR,G,1,Y2_nocap,0.41750774177919514
MMR,G,2,Y2_nocap,1.6780533726879976
MMR,G,3,Y2_nocap,3.0517590617546633
MMR,G,4,Y2_nocap,3.8298329737785592
MMR,G,5,Y2_nocap,4.0170021939401135
MMR,G,6,Y2_nocap,3.9885226416263477
MMR,G,7,Y2_nocap,3.88854318804903
MMR,G,8,Y2_nocap,3.752915811753474
MMR,G,9,Y2_nocap,3.6805607527399156
MMR,G,10,Y2_nocap,3.7116685223326997
MMR,L,0,Z1,1.0
MMR,L,1,Z1,0.44287157012590067
MMR,L,2,Z1,0.19613522762578056
MMR,L,3,Z1,0.08686271621563035
MMR,L,4,Z1,0.03846902751581676
MMR,L,5,Z1,0.01703683861714625
MMR,L,6,Z1,0.007545131468357133
MMR,L,7,Z1,0.0033415242201976668
MMR,L,8,Z1,0.001479866078012667
MMR,L,9,Z1,0.0006553906135455286
MMR,L,10,Z1,0.0002902538700666857
MMR,L,0,Z2,0.0
MMR,L,1,Z2,0.31483796110222967
MMR,L,2,Z2,0.7929835340080728
MMR,L,3,Z2,0.842606951742255
MMR,L,4,Z2,0.6288228852079323
MMR,L,5,Z2,0.38667444350251345
MMR,L,6,Z2,0.21036636299981473
MMR,L,7,Z2,0.10517287808469523
MMR,L,8,Z2,0.04942727762015355
MMR,L,9,Z2,0.022157019984547322
MMR,L,10,Z2,0.00956909601651062
MMR,L,0,Y1,1.00511673509676
MMR,L,1,Y1,0.8861538253944288
MMR,L,2,Y1,0.7770754136211367
MMR,L,3,Y1,0.6739393635054252
MMR,L,4,Y1,0.5858046496703371
MMR,L,5,Y1,0.5540270495729206
MMR,L,6,Y1,0.545556343925605
MMR,L,7,Y1,0.5919375803736758
MMR,L,8,Y1,0.6851744662267174
MMR,L,9,Y1,0.6736967362499772
MMR,L,10,Y1,0.6212449795836728
MMR,L,0,Y2,0.0
MMR,L,1,Y2,0.3164489035475938
MMR,L,2,Y2,0.9358896615190653
MMR,L,3,Y2,1.3177308776974237
MMR,L,4,Y2,1.4124753958118181
MMR,L,5,Y2,1.3420462230427477
MMR,L,6,Y2,1.2223207350484422
MMR,L,7,Y2,1.124821751016679
MMR,L,8,Y2,1.0817503547472032
MMR,L,9,Y2,1.1141806937302792
MMR,L,10,Y2,1.1834175329084717
MMR,L,0,Y1_nocap,1.00511673509676
MMR,L,1,Y1_nocap,0.8244890666824417
MMR,L,2,Y1_nocap,0.6704324484163879
MMR,L,3,Y1_nocap,0.5358578975586885
MMR,L,4,Y1_nocap,0.4273984835241992
MMR,L,5,Y1_nocap,0.3837976318724529
MMR,L,6,Y1_nocap,0.3672532740118783
MMR,L,7,Y1_nocap,0.40730970670412625
MMR,L,8,Y1_nocap,0.4923391730450554
MMR,L,9,Y1_nocap,0.4681833908083806
MMR,L,10,Y1_nocap,0.40568790519592496
MMR,L,0,Y2_nocap,0.0
MMR,L,1,Y2_nocap,0.3164489035475938
MMR,L,2,Y2_nocap,0.9164752546143223
MMR,L,3,Y2_nocap,1.2438545745482446
MMR,L,4,Y2_nocap,1.2690024023020052
MMR,L,5,Y2_nocap,1.1337595480530975
MMR,L,6,Y2_nocap,0.9634087491195351
MMR,L,7,Y2_nocap,0.8303371036620798
MMR,L,8,Y2_nocap,0.7630904081050344
MMR,L,9,Y2_nocap,0.777668453792107
MMR,L,10,Y2_nocap,0.8297812720957745
MNE,G,0,Z1,1.0
MNE,G,1,Z1,0.0067379469998579584
MNE,G,2,Z1,4.539992977289486e-05
MNE,G,3,Z1,3.059023206070389e-07
MNE,G,4,Z1,2.061153623383785e-09
MNE,G,5,Z1,1.3887943872925111e-11
MNE,G,6,Z1,9.357622975277162e-14
MNE,G,7,Z1,6.305116765207077e-16
MNE,G,8,Z1,4.2483542591881065e-18
MNE,G,9,Z1,2.8625185835030227e-20
MNE,G,10,Z1,1.9287498501751812e-22
MNE,G,0,Z2,0.0
MNE,G,1,Z2,0.46288126431558746
MNE,G,2,Z2,1.714072518835174
MNE,G,3,Z2,2.677765684433723
MNE,G,4,Z2,2.9380445998259574
MNE,G,5,Z2,2.6561832011387176
MNE,G,6,Z2,2.1245715735498676
MNE,G,7,Z2,1.5616414861117864
MNE,G,8,Z2,1.079013258820809
MNE,G,9,Z2,0.7111381067218989
MNE,G,10,Z2,0.45153978867273753
MNE,G,0,Y1,1.000000000000003
MNE,G,1,Y1,0.7156020219740139
MNE,G,2,Y1,0.3882707978975861
MNE,G,3,Y1,0.26101475739813196
MNE,G,4,Y1,0.4754071878663429
MNE,G,5,Y1,0.42347267874921685
MNE,G,6,Y1,0.4009465154757295
MNE,G,7,Y1,0.39855466102080783
MNE,G,8,Y1,0.5771040370020634
MNE,G,9,Y1,0.3948880486241848
MNE,G,10,Y1,0.47921512666290866
MNE,G,0,Y2,0.0
MNE,G,1,Y2,0.4628812643155889
MNE,G,2,Y2,2.042192418087116
MNE,G,3,Y2,4.070301523496454
MNE,G,4,Y2,5.613083950503723
MNE,G,5,Y2,6.427801299919691
MNE,G,6,Y2,6.832368622031713
MNE,G,7,Y2,7.01833344935918
MNE,G,8,Y2,7.06960086958453
MNE,G,9,Y2,7.127084426495862
MNE,G,10,Y2,7.290724232167852
MNE,G,0,Y1_nocap,1.000000000000003
MNE,G,1,Y1_nocap,0.6858909991448356
MNE,G,2,Y1_nocap,0.3392319525173369
MNE,G,3,Y1_nocap,0.20363119341327027
MNE,G,4,Y1_nocap,0.41400284514699753
MNE,G,5,Y1_nocap,0.351939391163427
MNE,G,6,Y1_nocap,0.3214864517182056
MNE,G,7,Y1_nocap,0.31235293157556077
MNE,G,8,Y1_nocap,0.4846704203534799
MNE,G,9,Y1_nocap,0.2913232003824022
MNE,G,10,Y1_nocap,0.37065723535783685
MNE,G,0,Y2_nocap,0.0
MNE,G,1,Y2_nocap,0.4628812643155889
MNE,G,2,Y2_nocap,2.028439742275837
MNE,G,3,Y2_nocap,3.996768177809011
MNE,G,4,Y2_nocap,5.4234029674088635
MNE,G,5,Y2_nocap,6.083693345552646
MNE,G,6,Y2_nocap,6.319676949157596
MNE,G,7,Y2_nocap,6.3360085382036475
MNE,G,8,Y2_nocap,6.223156401608565
MNE,G,9,Y2_nocap,6.12567727795623
MNE,G,10,Y2_nocap,6.142730707619657
MNE,L,0,Z1,1.0
MNE,L,1,Z1,0.9129353179523685
MNE,L,2,Z1,0.8334508947647922
MNE,L,3,Z1,0.7608867576097815
MNE,L,4,Z1,0.6946403939842326
MNE,L,5,Z1,0.6341617489445539
MNE,L,6,Z1,0.5789486579059264
MNE,L,7,Z1,0.5285426770834439
MNE,L,8,Z1,0.4825252769545699
MNE,L,9,Z1,0.44051436713657494
MNE,L,10,Z1,0.40216112382441543
MNE,L,0,Z2,0.0
MNE,L,1,Z2,0.22913380655590437
MNE,L,2,Z2,0.42001841045438887
MNE,L,3,Z2,0.3248114080870386
MNE,L,4,Z2,0.1764154651206315
MNE,L,5,Z2,0.07895067784847787
MNE,L,6,Z2,0.03125998542918067
MNE,L,7,Z2,0.011374133207475465
MNE,L,8,Z2,0.0038903020417160932
MNE,L,9,Z2,0.0012691999855040605
MNE,L,10,Z2,0.0003989254100949845
MNE,L,0,Y1,1.00511673509676
MNE,L,1,Y1,1.3268210524475768
MNE,L,2,Y1,1.5566693691038893
MNE,L,3,Y1,1.707811914970472
MNE,L,4,Y1,1.8023463750661515
MNE,L,5,Y1,1.8968511755348003
MNE,L,6,Y1,1.98965982122732
MNE,L,7,Y1,2.1254871794789136
MNE,L,8,Y1,2.3217704046343983
MNE,L,9,Y1,2.4459661045867835
MNE,L,10,Y1,2.5122883749550793
MNE,L,0,Y2,0.0
MNE,L,1,Y2,0.2303062235457632
MNE,L,2,Y2,0.5159324063431101
MNE,L,3,Y2,0.577486386005934
MNE,L,4,Y2,0.5209829908030158
MNE,L,5,Y2,0.43986484273209625
MNE,L,6,Y2,0.37753956823328694
MNE,L,7,Y2,0.3457772237212472
MNE,L,8,Y2,0.34573050289921836
MNE,L,9,Y2,0.38028977405228026
MNE,L,10,Y2,0.4138152579830995
MNE,L,0,Y1_nocap,1.00511673509676
MNE,L,1,Y1_nocap,1.2969580061851278
MNE,L,2,Y1_nocap,1.4893284506505862
MNE,L,3,Y1_nocap,1.598602969095372
MNE,L,4,Y1_nocap,1.6495033649387025
MNE,L,5,Y1_nocap,1.700404873338478
MNE,L,6,Y1_nocap,1.749639877862943
MNE,L,7,Y1_nocap,1.8419717108075568
MNE,L,8,Y1_nocap,1.993554313174844
MNE,L,9,Y1_nocap,2.0701265089610215
MNE,L,10,Y1_nocap,2.088234394461706
MNE,L,0,Y2_nocap,0.0
MNE,L,1,Y2_nocap,0.2303062235457632
MNE,L,2,Y2_nocap,0.5090897728776401
MNE,L,3,Y2_nocap,0.5557601575597086
MNE,L,4,Y2_nocap,0.483512885949931
MNE,L,5,Y2_nocap,0.38935416823845564
MNE,L,6,Y2_nocap,0.31724704260284975
MNE,L,7,Y2_nocap,0.2781911487841438
MNE,L,8,Y2_nocap,0.27226919827899937
MNE,L,9,Y2_nocap,0.30133695857247883
MNE,L,10,Y2_nocap,0.32870150053881686
MNG,G,0,Z1,1.0
MNG,G,1,Z1,0.951229424500714
MNG,G,2,Z1,0.9048374180359595
MNG,G,3,Z1,0.8607079764250578
MNG,G,4,Z1,0.8187307530779818
MNG,G,5,Z1,0.7788007830714049
MNG,G,6,Z1,0.7408182206817179
MNG,G,7,Z1,0.7046880897187134
MNG,G,8,Z1,0.6703200460356393
MNG,G,9,Z1,0.6376281516217733
MNG,G,10,Z1,0.6065306597126334
MNG,G,0,Z2,0.0
MNG,G,1,Z2,0.3603126687483937
MNG,G,2,Z2,1.0386017540847174
MNG,G,3,Z2,1.2629971230109673
MNG,G,4,Z2,1.0786936035878516
MNG,G,5,Z2,0.7591151778721889
MNG,G,6,Z2,0.472640513402661
MNG,G,7,Z2,0.2704274958646029
MNG,G,8,Z2,0.14544748630266816
MNG,G,9,Z2,0.07461795108074844
MNG,G,10,Z2,0.0368803746096592
MNG,G,0,Y1,1.000000000000003
MNG,G,1,Y1,1.6791711142247407
MNG,G,2,Y1,2.01232145398782
MNG,G,3,Y1,2.2098283318123455
MNG,G,4,Y1,2.615932203573904
MNG,G,5,Y1,2.955789734453182
MNG,G,6,Y1,3.2624605536235
MNG,G,7,Y1,3.5567944505723497
MNG,G,8,Y1,4.019912293836243
MNG,G,9,Y1,4.2847767097766765
MNG,G,10,Y1,4.626136676853748
MNG,G,0,Y2,0.0
MNG,G,1,Y2,0.3603126687483948
MNG,G,2,Y2,1.300888367002399
MNG,G,3,Y2,2.168584423559867
MNG,G,4,Y2,2.535673853147725
MNG,G,5,Y2,2.560759653053184
MNG,G,6,Y2,2.548480636151012
MNG,G,7,Y2,2.545410897343863
MNG,G,8,Y2,2.5392031157397033
MNG,G,9,Y2,2.59649750031648
MNG,G,10,Y2,2.715472863728414
MNG,G,0,Y1_nocap,1.000000000000003
MNG,G,1,Y1_nocap,1.6303824766456947
MNG,G,2,Y1_nocap,1.8854782402931523
MNG,G,3,Y1_nocap,1.9948678479192243
MNG,G,4,Y1_nocap,2.310207783889443
MNG,G,5,Y1_nocap,2.5466874826812607
MNG,G,6,Y1_nocap,2.7415991712874517
MNG,G,7,Y1_nocap,2.9180765748181083
MNG,G,8,Y1_nocap,3.2583261037685176
MNG,G,9,Y1_nocap,3.387473181301042
MNG,G,10,Y1_nocap,3.5909584798344243
MNG,G,0,Y2_nocap,0.0
MNG,G,1,Y2_nocap,0.3603126687483948
MNG,G,2,Y2_nocap,1.2833092027916946
MNG,G,3,Y2_nocap,2.088931060407269
MNG,G,4,Y2_nocap,2.3565362827325993
MNG,G,5,Y2_nocap,2.272119128931065
MNG,G,6,Y2_nocap,2.1577989858934568
MNG,G,7,Y2_nocap,2.0613810579119924
MNG,G,8,Y2_nocap,1.9693791957533773
MNG,G,9,Y2_nocap,1.9479875204173516
MNG,G,10,Y2_nocap,1.9917228550921764
MNG,L,0,Z1,1.0
MNG,L,1,Z1,0.9512294245007136
MNG,L,2,Z1,0.9048374180359586
MNG,L,3,Z1,0.8607079764250565
MNG,L,4,Z1,0.8187307530779803
MNG,L,5,Z1,0.7788007830714029
MNG,L,6,Z1,0.7408182206817157
MNG,L,7,Z1,0.704688089718711
MNG,L,8,Z1,0.6703200460356367
MNG,L,9,Z1,0.6376281516217704
MNG,L,10,Z1,0.6065306597126304
MNG,L,0,Z2,0.0
MNG,L,1,Z2,0.7408182206808585
MNG,L,2,Z2,4.390493088742025
MNG,L,3,Z2,10.977380812957971
MNG,L,4,Z2,19.276429562291483
MNG,L,5,Z2,27.89127001839194
MNG,L,6,Z2,35.704559855614164
MNG,L,7,Z2,42.0025548904317
MNG,L,8,Z2,46.44759208374813
MNG,L,9,Z2,48.992818786766044
MNG,L,10,Z2,49.787068367286345
MNG,L,0,Y1,1.00511673509676
MNG,L,1,Y1,1.3844863296457175
MNG,L,2,Y1,1.6883029461627785
MNG,L,3,Y1,1.9238331216316584
MNG,L,4,Y1,2.108264134539426
MNG,L,5,Y1,2.2947148612227646
MNG,L,6,Y1,2.4814345987683426
MNG,L,7,Y1,2.7129619615648775
MNG,L,8,Y1,3.009130197666512
MNG,L,9,Y1,3.2407032977513883
MNG,L,10,Y1,3.417475120671608
MNG,L,0,Y2,0.0
MNG,L,1,Y2,0.7446087912709355
MNG,L,2,Y2,4.730316986107562
MNG,L,3,Y2,13.189485808406513
MNG,L,4,Y2,25.943503134557957
MNG,L,5,Y2,41.969876831212716
MNG,L,6,Y2,59.919032283811106
MNG,L,7,Y2,78.54325917951378
MNG,L,8,Y2,96.91457776871373
MNG,L,9,Y2,114.56834379432283
MNG,L,10,Y2,131.42036803097886
MNG,L,0,Y1_nocap,1.00511673509676
MNG,L,1,Y1_nocap,1.3354480535324478
MNG,L,2,Y1_nocap,1.5756071643153648
MNG,L,3,Y1_nocap,1.7377063226160767
MNG,L,4,Y1_nocap,1.8430396402813607
MNG,L,5,Y1_nocap,1.9476685307615025
MNG,L,6,Y1_nocap,2.049959829808337
MNG,L,7,Y1_nocap,2.194645781766773
MNG,L,8,Y1_nocap,2.399564927682405
MNG,L,9,Y1_nocap,2.53267713341886
MNG,L,10,Y1_nocap,2.607499803869888
MNG,L,0,Y2_nocap,0.0
MNG,L,1,Y2_nocap,0.7446087912709355
MNG,L,2,Y2_nocap,4.693988537652073
MNG,L,3,Y2_nocap,12.925253196578259
MNG,L,4,Y2_nocap,25.056732302637847
MNG,L,5,Y2_nocap,39.8876961275969
MNG,L,6,Y2_nocap,55.954356193373684
MNG,L,7,Y2_nocap,71.96969162737679
MNG,L,8,Y2_nocap,87.03040430405059
MNG,L,9,Y2_nocap,100.73984872170183
MNG,L,10,Y2_nocap,113.09911013711539
MOZ,G,0,Z1,1.0
MOZ,G,1,Z1,0.951229424500714
MOZ,G,2,Z1,0.9048374180359595
MOZ,G,3,Z1,0.8607079764250578
MOZ,G,4,Z1,0.8187307530779818
MOZ,G,5,Z1,0.7788007830714049
MOZ,G,6,Z1,0.7408182206817179
MOZ,G,7,Z1,0.7046880897187134
MOZ,G,8,Z1,0.6703200460356393
MOZ,G,9,Z1,0.6376281516217733
MOZ,G,10,Z1,0.6065306597126334
MOZ,G,0,Z2,0.0
MOZ,G,1,Z2,0.40155573765570435
MOZ,G,2,Z2,1.289976083553735
MOZ,G,3,Z2,1.7482408800400238
MOZ,G,4,Z2,1.6640382961406328
MOZ,G,5,Z2,1.3050861826056508
MOZ,G,6,Z2,0.9055840517461085
MOZ,G,7,Z2,0.5774507771504421
MOZ,G,8,Z2,0.3461279313778275
MOZ,G,9,Z2,0.19789738244685354
MOZ,G,10,Z2,0.10900799641780418
MOZ,G,0,Y1,1.000000000000003
MOZ,G,1,Y1,1.6820433246170179
MOZ,G,2,Y1,2.0189851756351684
MOZ,G,3,Y1,2.2196273562212463
MOZ,G,4,Y1,2.6276655376769784
MOZ,G,5,Y1,2.96886209748081
MOZ,G,6,Y1,3.275881383182951
MOZ,G,7,Y1,3.5693690700516396
MOZ,G,8,Y1,4.030353291441626
MOZ,G,9,Y1,4.292248433401884
MOZ,G,10,Y1,4.629035785638308
MOZ,G,0,Y2,0.0
MOZ,G,1,Y2,0.40155573765570557
MOZ,G,2,Y2,1.5834385983039825
MOZ,G,3,Y2,2.8592155783604776
MOZ,G,4,Y2,3.6022551797869675
MOZ,G,5,Y2,3.8468228616590863
MOZ,G,6,Y2,3.933938969753619
MOZ,G,7,Y2,3.9732710588168083
MOZ,G,8,Y2,3.982415580346833
MOZ,G,9,Y2,4.048056070189356
MOZ,G,10,Y2,4.199005360988267
MOZ,G,0,Y1_nocap,1.000000000000003
MOZ,G,1,Y1_nocap,1.6303824766456947
MOZ,G,2,Y1_nocap,1.8854782402931523
MOZ,G,3,Y1_nocap,1.9948678479192243
MOZ,G,4,Y1_nocap,2.310207783889443
MOZ,G,5,Y1_nocap,2.5466874826812607
MOZ,G,6,Y1_nocap,2.7415991712874517
MOZ,G,7,Y1_nocap,2.9180765748181083
MOZ,G,8,Y1_nocap,3.2583261037685176
MOZ,G,9,Y1_nocap,3.387473181301042
MOZ,G,10,Y1_nocap,3.5909584798344243
MOZ,G,0,Y2_nocap,0.0
MOZ,G,1,Y2_nocap,0.40155573765570557
MOZ,G,2,Y2_nocap,1.5626938883889385
MOZ,G,3,Y2_nocap,2.7586968225918707
MOZ,G,4,Y2_nocap,3.3638523376935927
MOZ,G,5,Y2_nocap,3.445627644342521
MOZ,G,6,Y2_nocap,3.37322928290799
MOZ,G,7,Y2_nocap,3.2641384842378343
MOZ,G,8,Y2_nocap,3.1373360930260152
MOZ,G,9,Y2_nocap,3.079845670314122
MOZ,G,10,Y2_nocap,3.11630869250458
MOZ,L,0,Z1,1.0
MOZ,L,1,Z1,0.32781741555187993
MOZ,L,2,Z1,0.10746425793911393
MOZ,L,3,Z1,0.03522865530180093
MOZ,L,4,Z1,0.011548566734404412
MOZ,L,5,Z1,0.003785821300200867
MOZ,L,6,Z1,0.001241058154373107
MOZ,L,7,Z1,0.0004068404767161778
MOZ,L,8,Z1,0.00013336939361899215
MOZ,L,9,Z1,4.372080992989939e-05
MOZ,L,10,Z1,1.4332442917054583e-05
MOZ,L,0,Z2,0.0
MOZ,L,1,Z2,0.7408182206817169
MOZ,L,2,Z2,4.3904930887522
MOZ,L,3,Z2,10.977380812996133
MOZ,L,4,Z2,19.276429562380834
MOZ,L,5,Z2,27.891270018553545
MOZ,L,6,Z2,35.70455985586241
MOZ,L,7,Z2,42.0025548907724
MOZ,L,8,Z2,46.44759208417871
MOZ,L,9,Z2,48.992818787277
MOZ,L,10,Z2,49.78706836786328
MOZ,L,0,Y1,1.00511673509676
MOZ,L,1,Y1,0.7607713933229504
MOZ,L,2,Y1,0.6238135567163667
MOZ,L,3,Y1,0.5251547316133147
MOZ,L,4,Y1,0.4525304945035843
MOZ,L,5,Y1,0.43881427317559524
MOZ,L,6,Y1,0.4427098245522493
MOZ,L,7,Y1,0.4968805983905301
MOZ,L,8,Y1,0.5896325397135798
MOZ,L,9,Y1,0.5690507135290883
MOZ,L,10,Y1,0.5176392347121441
MOZ,L,0,Y2,0.0
MOZ,L,1,Y2,0.7446087912717984
MOZ,L,2,Y2,4.732455659226629
MOZ,L,3,Y2,13.20444294167053
MOZ,L,4,Y2,25.990784784460423
MOZ,L,5,Y2,42.07315368711621
MOZ,L,6,Y2,60.09972645174196
MOZ,L,7,Y2,78.81466687387795
MOZ,L,8,Y2,97.2779357225722
MOZ,L,9,Y2,115.01117450275086
MOZ,L,10,Y2,131.91703027893152
MOZ,L,0,Y1_nocap,1.00511673509676
MOZ,L,1,Y1_nocap,0.708846210477684
MOZ,L,2,Y1_nocap,0.5376618136456348
MOZ,L,3,Y1_nocap,0.41519733265541936
MOZ,L,4,Y1_nocap,0.3261911716031525
MOZ,L,5,Y1_nocap,0.3014461412554472
MOZ,L,6,Y1_nocap,0.2960995091283703
MOZ,L,7,Y1_nocap,0.34173024843725075
MOZ,L,8,Y1_nocap,0.4239784105680803
MOZ,L,9,Y1_nocap,0.3891278750096515
MOZ,L,10,Y1_nocap,0.3259056861066082
MOZ,L,0,Y2_nocap,0.0
MOZ,L,1,Y2_nocap,0.7446087912717984
MOZ,L,2,Y2_nocap,4.693988537662626
MOZ,L,3,Y2_nocap,12.925253196620737
MOZ,L,4,Y2_nocap,25.05673230274544
MOZ,L,5,Y2_nocap,39.887696127807466
MOZ,L,6,Y2_nocap,55.954356193723
MOZ,L,7,Y2_nocap,71.96969162789351
MOZ,L,8,Y2_nocap,87.03040430475365
MOZ,L,9,Y2_nocap,100.73984872260047
MOZ,L,10,Y2_nocap,113.09911013821093
MRT,G,0,Z1,1.0
MRT,G,1,Z1,0.006737946999085479
MRT,G,2,Z1,4.539992976248501e-05
MRT,G,3,Z1,3.0590232050182743e-07
MRT,G,4,Z1,2.0611536224385723e-09
MRT,G,5,Z1,1.388794386496412e-11
MRT,G,6,Z1,9.357622968840275e-14
MRT,G,7,Z1,6.305116760147079e-16
MRT,G,8,Z1,4.24835425529165e-18
MRT,G,9,Z1,2.8625185805494346e-20
MRT,G,10,Z1,1.928749847963945e-22
MRT,G,0,Z2,0.0
MRT,G,1,Z2,0.474421367218533
MRT,G,2,Z2,1.8006050693880171
MRT,G,3,Z2,2.883078626083935
MRT,G,4,Z2,3.2421786159058255
MRT,G,5,Z2,3.0042164291498685
MRT,G,6,Z2,2.462856996794676
MRT,G,7,Z2,1.8554267148300456
MRT,G,8,Z2,1.3139652721796269
MRT,G,9,Z2,0.8875762958199997
MRT,G,10,Z2,0.5776202466031352
MRT,G,0,Y1,1.000000000000003
MRT,G,1,Y1,0.7267892331979752
MRT,G,2,Y1,0.4066937407379006
MRT,G,3,Y1,0.282512216870406
MRT,G,4,Y1,0.4983417570796225
MRT,G,5,Y1,0.45014142277828273
MRT,G,6,Y1,0.43050887580624647
MRT,G,7,Y1,0.4305565517878162
MRT,G,8,Y1,0.6113476128764057
MRT,G,9,Y1,0.4332131157568814
MRT,G,10,Y1,0.5192987637660635
MRT,G,0,Y2,0.0
MRT,G,1,Y2,0.4744213672185345
MRT,G,2,Y2,2.1422127850539634
MRT,G,3,Y2,4.370227549373736
MRT,G,4,Y2,6.1743500002132885
MRT,G,5,Y2,7.236442370810463
MRT,G,6,Y2,7.841200817031008
MRT,G,7,Y2,8.181519727135312
MRT,G,8,Y2,8.350288732202015
MRT,G,9,Y2,8.499347080131594
MRT,G,10,Y2,8.746716509977261
MRT,G,0,Y1_nocap,1.000000000000003
MRT,G,1,Y1_nocap,0.6858909991440632
MRT,G,2,Y1_nocap,0.3392319525168019
MRT,G,3,Y1_nocap,0.2036311934130046
MRT,G,4,Y1_nocap,0.4140028451468385
MRT,G,5,Y1_nocap,0.35193939116310613
MRT,G,6,Y1_nocap,0.32148645171793155
MRT,G,7,Y1_nocap,0.3123529315753106
MRT,G,8,Y1_nocap,0.48467042035323693
MRT,G,9,Y1_nocap,0.29132320038202614
MRT,G,10,Y1_nocap,0.37065723535760925
MRT,G,0,Y2_nocap,0.0
MRT,G,1,Y2_nocap,0.4744213672185345
MRT,G,2,Y2_nocap,2.122809788937283
MRT,G,3,Y2_nocap,4.264711404363841
MRT,G,4,Y2_nocap,5.898254137998014
MRT,G,5,Y2_nocap,6.729164714257387
MRT,G,6,Y2_nocap,7.077170673006859
MRT,G,7,Y2_nocap,7.155846797148786
MRT,G,8,Y2_nocap,7.069275777150239
MRT,G,9,Y2_nocap,6.97582583681643
MRT,G,10,Y2_nocap,6.993333138594254
MRT,L,0,Z1,1.0
MRT,L,1,Z1,0.7941072082417783
MRT,L,2,Z1,0.6306062581815511
MRT,L,3,Z1,0.5007689751843456
MRT,L,4,Z1,0.39766425285773704
MRT,L,5,Z1,0.3157880496544102
MRT,L,6,Z1,0.25076956650717974
MRT,L,7,Z1,0.1991379203710175
MRT,L,8,Z1,0.15813685800090224
MRT,L,9,Z1,0.125577618827223
MRT,L,10,Z1,0.09972209230453624
MRT,L,0,Z2,0.0
MRT,L,1,Z2,0.26246889202716817
MRT,L,2,Z2,0.551119354255754
MRT,L,3,Z2,0.4881994412160467
MRT,L,4,Z2,0.30373254263527927
MRT,L,5,Z2,0.15570379675405546
MRT,L,6,Z2,0.07061887241589933
MRT,L,7,Z2,0.029433301941336594
MRT,L,8,Z2,0.011531682181961466
MRT,L,9,Z2,0.004309511756593676
MRT,L,10,Z2,0.0015515950287122054
MRT,L,0,Y1,1.00511673509676
MRT,L,1,Y1,1.2186293839985909
MRT,L,2,Y1,1.328138571323016
MRT,L,3,Y1,1.3592332555991207
MRT,L,4,Y1,1.3424506798385258
MRT,L,5,Y1,1.3386743195345794
MRT,L,6,Y1,1.3435538277455283
MRT,L,7,Y1,1.39985230203673
MRT,L,8,Y1,1.5186436024240653
MRT,L,9,Y1,1.5604631666007127
MRT,L,10,Y1,1.5483078382593105
MRT,L,0,Y2,0.0
MRT,L,1,Y2,0.26381187581881127
MRT,L,2,Y2,0.6642966780005357
MRT,L,3,Y2,0.8170185266059746
MRT,L,4,Y2,0.7891214179305787
MRT,L,5,Y2,0.6970539769541846
MRT,L,6,Y2,0.6111384683418858
MRT,L,7,Y2,0.5602002202296552
MRT,L,8,Y2,0.5518104282375543
MRT,L,9,Y2,0.5923131114847981
MRT,L,10,Y2,0.6426066937366409
MRT,L,0,Y1_nocap,1.00511673509676
MRT,L,1,Y1_nocap,1.1775218845150999
MRT,L,2,Y1_nocap,1.2403682972589802
MRT,L,3,Y1_nocap,1.223927832193108
MRT,L,4,Y1_nocap,1.1620121689802994
MRT,L,5,Y1_nocap,1.117277233856581
MRT,L,6,Y1_nocap,1.0845181191838686
MRT,L,7,Y1_nocap,1.1058873285213342
MRT,L,8,Y1_nocap,1.190146382791514
MRT,L,9,Y1_nocap,1.1952441896450496
MRT,L,10,Y1_nocap,1.147494818407986
MRT,L,0,Y2_nocap,0.0
MRT,L,1,Y2_nocap,0.26381187581881127
MRT,L,2,Y2_nocap,0.6535072381570964
MRT,L,3,Y2_nocap,0.779894393401622
MRT,L,4,Y2_nocap,0.7214518283861349
MRT,L,5,Y2_nocap,0.6023405955598776
MRT,L,6,Y2_nocap,0.49523678483557654
MRT,L,7,Y2_nocap,0.4282615765080141
MRT,L,8,Y2_nocap,0.40715753378363245
MRT,L,9,Y2_nocap,0.4362717216763933
MRT,L,10,Y2_nocap,0.4744004863388238
MSR,G,0,Z1,1.0
MSR,G,1,Z1,0.006737946999085479
MSR,G,2,Z1,4.539992976248501e-05
MSR,G,3,Z1,3.0590232050182743e-07
MSR,G,4,Z1,2.0611536224385723e-09
MSR,G,5,Z1,1.388794386496412e-11
MSR,G,6,Z1,9.357622968840275e-14
MSR,G,7,Z1,6.305116760147079e-16
MSR,G,8,Z1,4.24835425529165e-18
MSR,G,9,Z1,2.8625185805494346e-20
MSR,G,10,Z1,1.928749847963945e-22
MSR,G,0,Z2,0.0
MSR,G,1,Z2,0.5060793413350094
MSR,G,2,Z2,2.0489303978086157
MSR,G,3,Z2,3.4996095433043877
MSR,G,4,Z2,4.198115775064172
MSR,G,5,Z2,4.149569660727713
MSR,G,6,Z2,3.6288198386924875
MSR,G,7,Z2,2.9162475395814638
MSR,G,8,Z2,2.2030220076053317
MSR,G,9,Z2,1.587431567302564
MSR,G,10,Z2,1.1020114156308418
MSR,G,0,Y1,1.000000000000003
MSR,G,1,Y1,0.7122193014797954
MSR,G,2,Y1,0.38300739586348004
MSR,G,3,Y1,0.25532180281385275
MSR,G,4,Y1,0.46985473433012875
MSR,G,5,Y1,0.4173946855676427
MSR,G,6,Y1,0.39468818544784184
MSR,G,7,Y1,0.39231949889122036
MSR,G,8,Y1,0.5710043073507318
MSR,G,9,Y1,0.3884134183589597
MSR,G,10,Y1,0.4731635748684959
MSR,G,0,Y2,0.0
MSR,G,1,Y2,0.506079341335011
MSR,G,2,Y2,2.4059599370083498
MSR,G,3,Y2,5.136495244133361
MSR,G,4,Y2,7.569855007276145
MSR,G,5,Y2,9.189606245391833
MSR,G,6,Y2,10.19732960051015
MSR,G,7,Y2,10.79208513629177
MSR,G,8,Y2,11.096644365369295
MSR,G,9,Y2,11.300695397444136
MSR,G,10,Y2,11.577769877540979
MSR,G,0,Y1_nocap,1.000000000000003
MSR,G,1,Y1_nocap,0.6858909991440632
MSR,G,2,Y1_nocap,0.3392319525168019
MSR,G,3,Y1_nocap,0.2036311934130046
MSR,G,4,Y1_nocap,0.4140028451468385
MSR,G,5,Y1_nocap,0.35193939116310613
MSR,G,6,Y1_nocap,0.32148645171793155
MSR,G,7,Y1_nocap,0.3123529315753106
MSR,G,8,Y1_nocap,0.48467042035323693
MSR,G,9,Y1_nocap,0.29132320038202614
MSR,G,10,Y1_nocap,0.37065723535760925
MSR,G,0,Y2_nocap,0.0
MSR,G,1,Y2_nocap,0.506079341335011
MSR,G,2,Y2_nocap,2.3926357271038134
MSR,G,3,Y2_nocap,5.06048631543959
MSR,G,4,Y2_nocap,7.362376592104859
MSR,G,5,Y2_nocap,8.793105509995085
MSR,G,6,Y2_nocap,9.578525984609414
MSR,G,7,Y2_nocap,9.935460554818405
MSR,G,8,Y2_nocap,9.99832228793808
MSR,G,9,Y2_nocap,9.964631724862336
MSR,G,10,Y2_nocap,10.010370733469045
MSR,L,0,Z1,1.0
MSR,L,1,Z1,0.9118048878987461
MSR,L,2,Z1,0.8313881535960451
MSR,L,3,Z1,0.7580637821899875
MSR,L,4,Z1,0.691206261939841
MSR,L,5,Z1,0.6302452481829681
MSR,L,6,Z1,0.5746606978681887
MSR,L,7,Z1,0.5239784331995191
MSR,L,8,Z1,0.4777660965448482
MSR,L,9,Z1,0.43562946210189685
MSR,L,10,Z1,0.39720907285721113
MSR,L,0,Z2,0.0
MSR,L,1,Z2,0.2795063714489563
MSR,L,2,Z2,0.6249904934444954
MSR,L,3,Z2,0.5895747844180771
MSR,L,4,Z2,0.39061311689599393
MSR,L,5,Z2,0.21323995106243418
MSR,L,6,Z2,0.1029921263471473
MSR,L,7,Z2,0.045712619187150666
MSR,L,8,Z2,0.01907232588640043
MSR,L,9,Z2,0.007590195085984842
MSR,L,10,Z2,0.0029101617106629964
MSR,L,0,Y1,1.00511673509676
MSR,L,1,Y1,1.322284809304707
MSR,L,2,Y1,1.5467917979550398
MSR,L,3,Y1,1.6923569404139038
MSR,L,4,Y1,1.7815155127456452
MSR,L,5,Y1,1.871125957857184
MSR,L,6,Y1,1.9595074788780196
MSR,L,7,Y1,2.0913687553324554
MSR,L,8,Y1,2.2839384327910492
MSR,L,9,Y1,2.4044142264617365
MSR,L,10,Y1,2.467386772230015
MSR,L,0,Y2,0.0
MSR,L,1,Y2,0.2809365315095172
MSR,L,2,Y2,0.7416161306885801
MSR,L,3,Y2,0.9415685635688261
MSR,L,4,Y2,0.9238867850414376
MSR,L,5,Y2,0.8168433561655255
MSR,L,6,Y2,0.7075251407380045
MSR,L,7,Y2,0.6362282600426192
MSR,L,8,Y2,0.615115759332572
MSR,L,9,Y2,0.6524240466241876
MSR,L,10,Y2,0.7067930648710607
MSR,L,0,Y1_nocap,1.00511673509676
MSR,L,1,Y1_nocap,1.2958217920203756
MSR,L,2,Y1_nocap,1.4868263247129876
MSR,L,3,Y1_nocap,1.5946379367950012
MSR,L,4,Y1_nocap,1.6440809202664728
MSR,L,5,Y1_nocap,1.6935960136047008
MSR,L,6,Y1_nocap,1.74150933750452
MSR,L,7,Y1_nocap,1.8325803988665368
MSR,L,8,Y1_nocap,1.9829090488634211
MSR,L,9,Y1_nocap,2.058166531219751
MSR,L,10,Y1_nocap,2.074989095077525
MSR,L,0,Y2_nocap,0.0
MSR,L,1,Y2_nocap,0.2809365315095172
MSR,L,2,Y2_nocap,0.7342195487498456
MSR,L,3,Y2_nocap,0.9150129370656378
MSR,L,4,Y2_nocap,0.8738569031444532
MSR,L,5,Y2_nocap,0.744967736016802
MSR,L,6,Y2_nocap,0.6177043583402538
MSR,L,7,Y2_nocap,0.532229536280818
MSR,L,8,Y2_nocap,0.49951863832753535
MSR,L,9,Y2_nocap,0.526359004515088
MSR,L,10,Y2_nocap,0.56979645040535
MUS,G,0,Z1,1.0
MUS,G,1,Z1,0.006737946999085479
MUS,G,2,Z1,4.539992976248501e-05
MUS,G,3,Z1,3.0590232050182743e-07
MUS,G,4,Z1,2.0611536224385723e-09
MUS,G,5,Z1,1.388794386496412e-11
MUS,G,6,Z1,9.357622968840275e-14
MUS,G,7,Z1,6.305116760147079e-16
MUS,G,8,Z1,4.24835425529165e-18
MUS,G,9,Z1,2.8625185805494346e-20
MUS,G,10,Z1,1.928749847963945e-22
MUS,G,0,Z2,0.0
MUS,G,1,Z2,0.48010538310957623
MUS,G,2,Z2,1.844009431126344
MUS,G,3,Z2,2.9879511335614746
MUS,G,4,Z2,3.4003707820829026
MUS,G,5,Z2,3.188547494231487
MUS,G,6,Z2,2.6452894745337185
MUS,G,7,Z2,2.0167410962782966
MUS,G,8,Z2,1.4453151819553862
MUS,G,9,Z2,0.9879994605039081
MUS,G,10,Z2,0.6506774478700734
MUS,G,0,Y1,1.000000000000003
MUS,G,1,Y1,0.7297139317041003
MUS,G,2,Y1,0.41127154229113233
MUS,G,3,Y1,0.2875103805482663
MUS,G,4,Y1,0.5032817991955855
MUS,G,5,Y1,0.45561035874707156
MUS,G,6,Y1,0.43622499013510985
MUS,G,7,Y1,0.4363595307204808
MUS,G,8,Y1,0.6171554509730091
MUS,G,9,Y1,0.4394819226115986
MUS,G,10,Y1,0.5253581207569346
MUS,G,0,Y2,0.0
MUS,G,1,Y2,0.48010538310957773
MUS,G,2,Y2,2.191114093242174
MUS,G,3,Y2,4.516218779641993
MUS,G,4,Y2,6.446614569568823
MUS,G,5,Y2,7.626862197594792
MUS,G,6,Y2,8.324673621269232
MUS,G,7,Y2,8.73297215925897
MUS,G,8,Y2,8.948997221025706
MUS,G,9,Y2,9.130297351007338
MUS,G,10,Y2,9.404204078652366
MUS,G,0,Y1_nocap,1.000000000000003
MUS,G,1,Y1_nocap,0.6858909991440632
MUS,G,2,Y1_nocap,0.3392319525168019
MUS,G,3,Y1_nocap,0.2036311934130046
MUS,G,4,Y1_nocap,0.4140028451468385
MUS,G,5,Y1_nocap,0.35193939116310613
MUS,G,6,Y1_nocap,0.32148645171793155
MUS,G,7,Y1_nocap,0.3123529315753106
MUS,G,8,Y1_nocap,0.48467042035323693
MUS,G,9,Y1_nocap,0.29132320038202614
MUS,G,10,Y1_nocap,0.37065723535760925
MUS,G,0,Y2_nocap,0.0
MUS,G,1,Y2_nocap,0.48010538310957773
MUS,G,2,Y2_nocap,2.1700744674164523
MUS,G,3,Y2_nocap,4.400964047737704
MUS,G,4,Y2_nocap,6.143338791789739
MUS,G,5,Y2_nocap,7.067108580724693
MUS,G,6,Y2_nocap,7.478735062286016
MUS,G,7,Y2_nocap,7.594833237498932
MUS,G,8,Y2_nocap,7.525846153916737
MUS,G,9,Y2_nocap,7.4371313419668414
MUS,G,10,Y2_nocap,7.45625479250588
MUS,L,0,Z1,1.0
MUS,L,1,Z1,0.8021172047413683
MUS,L,2,Z1,0.6433920101421061
MUS,L,3,Z1,0.5160758007281162
MUS,L,4,Z1,0.4139532787147
MUS,L,5,Z1,0.33203904681615976
MUS,L,6,Z1,0.26633423209716633
MUS,L,7,Z1,0.21363126977671787
MUS,L,8,Z1,0.17135731695865009
MUS,L,9,Z1,0.13744865209085308
MUS,L,10,Z1,0.11024992861058391
MUS,L,0,Z2,0.0
MUS,L,1,Z2,0.2659680066782785
MUS,L,2,Z2,0.5659118446113345
MUS,L,3,Z2,0.5079862527758021
MUS,L,4,Z2,0.3202562158714031
MUS,L,5,Z2,0.16636310031571389
MUS,L,6,Z2,0.07645926903976329
MUS,L,7,Z2,0.032292369198399694
MUS,L,8,Z2,0.012820505475533848
MUS,L,9,Z2,0.004855032196185779
MUS,L,10,Z2,0.0017713075933860026
MUS,L,0,Y1,1.00511673509676
MUS,L,1,Y1,1.229620028942014
MUS,L,2,Y1,1.350409998688668
MUS,L,3,Y1,1.3918579492914507
MUS,L,4,Y1,1.383785605328062
MUS,L,5,Y1,1.3868270518895873
MUS,L,6,Y1,1.3970962208180446
MUS,L,7,Y1,1.4576895243236199
MUS,L,8,Y1,1.5804223998358533
MUS,L,9,Y1,1.6265574191942425
MUS,L,10,Y1,1.6181593053168053
MUS,L,0,Y2,0.0
MUS,L,1,Y2,0.26732889451266456
MUS,L,2,Y2,0.6814179480646255
MUS,L,3,Y2,0.8470335435915444
MUS,L,4,Y2,0.8251266356698728
MUS,L,5,Y2,0.7335612368560879
MUS,L,6,Y2,0.645633769349905
MUS,L,7,Y2,0.5924740229793143
MUS,L,8,Y2,0.5827764667322316
MUS,L,9,Y2,0.6235413278954403
MUS,L,10,Y2,0.6755126946756467
MUS,L,0,Y1_nocap,1.00511673509676
MUS,L,1,Y1_nocap,1.185572866044904
MUS,L,2,Y1_nocap,1.2562580742322476
MUS,L,3,Y1_nocap,1.2466086414021156
MUS,L,4,Y1_nocap,1.1900084939159186
MUS,L,5,Y1_nocap,1.1490412811629842
MUS,L,6,Y1_nocap,1.1189459947528162
MUS,L,7,Y1_nocap,1.1421895061762868
MUS,L,8,Y1_nocap,1.2281231376885258
MUS,L,9,Y1_nocap,1.2352390664883484
MUS,L,10,Y1_nocap,1.1891492990007206
MUS,L,0,Y2_nocap,0.0
MUS,L,1,Y2_nocap,0.26732889451266456
MUS,L,2,Y2_nocap,0.6697028119490478
MUS,L,3,Y2_nocap,0.8064622449481389
MUS,L,4,Y2_nocap,0.7509182859458643
MUS,L,5,Y2_nocap,0.6295631017210386
MUS,L,6,Y2_nocap,0.5184155232652166
MUS,L,7,Y2_nocap,0.4478820067131494
MUS,L,8,Y2_nocap,0.42463157612234587
MUS,L,9,Y2_nocap,0.4534318510541308
MUS,L,10,Y2_nocap,0.4926791776803784
MWI,G,0,Z1,1.0
MWI,G,1,Z1,0.951229424500714
MWI,G,2,Z1,0.9048374180359595
MWI,G,3,Z1,0.8607079764250578
MWI,G,4,Z1,0.8187307530779818
MWI,G,5,Z1,0.7788007830714049
MWI,G,6,Z1,0.7408182206817179
MWI,G,7,Z1,0.7046880897187134
MWI,G,8,Z1,0.6703200460356393
MWI,G,9,Z1,0.6376281516217733
MWI,G,10,Z1,0.6065306597126334
MWI,G,0,Z2,0.0
MWI,G,1,Z2,0.3946482386581018
MWI,G,2,Z2,1.2459778582075363
MWI,G,3,Z2,1.6595650141265195
MWI,G,4,Z2,1.5524608231434394
MWI,G,5,Z2,1.1966326746860647
MWI,G,6,Z2,0.8160462329222977
MWI,G,7,Z2,0.5114053912538091
MWI,G,8,Z2,0.3012668259244007
MWI,G,9,Z2,0.1692852222584481
MWI,G,10,Z2,0.09164350452008478
MWI,G,0,Y1,1.000000000000003
MWI,G,1,Y1,1.677872522556936
MWI,G,2,Y1,2.007685981823992
MWI,G,3,Y1,2.199645250865517
MWI,G,4,Y1,2.5980392779526746
MWI,G,5,Y1,2.9278104520505024
MWI,G,6,Y1,3.2219218949111337
MWI,G,7,Y1,3.5011962055895105
MWI,G,8,Y1,3.946759136816792
MWI,G,9,Y1,4.191370094858456
MWI,G,10,Y1,4.509865415934557
MWI,G,0,Y2,0.0
MWI,G,1,Y2,0.394648238658103
MWI,G,2,Y2,1.5327462769884934
MWI,G,3,Y2,2.727400910367478
MWI,G,4,Y2,3.3856706942350243
MWI,G,5,Y2,3.568608770681097
MWI,G,6,Y2,3.6159043183648714
MWI,G,7,Y2,3.6273678440280865
MWI,G,8,Y2,3.6148625372686087
MWI,G,9,Y2,3.6610901187778517
MWI,G,10,Y2,3.788743339990635
MWI,G,0,Y1_nocap,1.000000000000003
MWI,G,1,Y1_nocap,1.6303824766456947
MWI,G,2,Y1_nocap,1.8854782402931523
MWI,G,3,Y1_nocap,1.9948678479192243
MWI,G,4,Y1_nocap,2.310207783889443
MWI,G,5,Y1_nocap,2.5466874826812607
MWI,G,6,Y1_nocap,2.7415991712874517
MWI,G,7,Y1_nocap,2.9180765748181083
MWI,G,8,Y1_nocap,3.2583261037685176
MWI,G,9,Y1_nocap,3.387473181301042
MWI,G,10,Y1_nocap,3.5909584798344243
MWI,G,0,Y2_nocap,0.0
MWI,G,1,Y2_nocap,0.394648238658103
MWI,G,2,Y2_nocap,1.5140044140158295
MWI,G,3,Y2_nocap,2.63782810626084
MWI,G,4,Y2_nocap,3.175937319885397
MWI,G,5,Y2_nocap,3.220014993248823
MWI,G,6,Y2_nocap,3.1342786857739706
MWI,G,7,Y2_nocap,3.024371265316889
MWI,G,8,Y2_nocap,2.902638569612092
MWI,G,9,Y2_nocap,2.8516511286617763
MWI,G,10,Y2_nocap,2.8900567092026486
MWI,L,0,Z1,1.0
MWI,L,1,Z1,0.4320364861048717
MWI,L,2,Z1,0.186655525325845
MWI,L,3,Z1,0.08064199727383697
MWI,L,4,Z1,0.03484028513466717
MWI,L,5,Z1,0.015052274364473402
MWI,L,6,Z1,0.00650313172431353
MWI,L,7,Z1,0.0028095901788495327
MWI,L,8,Z1,0.0012138454682649102
MWI,L,9,Z1,0.0005244255307834944
MWI,L,10,Z1,0.00022657096354338315
MWI,L,0,Z2,0.0
MWI,L,1,Z2,0.7408182206817179
MWI,L,2,Z2,4.390493088752212
MWI,L,3,Z2,10.977380812996177
MWI,L,4,Z2,19.276429562380937
MWI,L,5,Z2,27.891270018553726
MWI,L,6,Z2,35.7045598558627
MWI,L,7,Z2,42.00255489077279
MWI,L,8,Z2,46.447592084179206
MWI,L,9,Z2,48.99281878727759
MWI,L,10,Z2,49.787068367863945
MWI,L,0,Y1,1.00511673509676
MWI,L,1,Y1,0.861331582302628
MWI,L,2,Y1,0.7404417027644756
MWI,L,3,Y1,0.6327683192437918
MWI,L,4,Y1,0.544519208224512
MWI,L,5,Y1,0.5152278799508363
MWI,L,6,Y1,0.50970028440348
MWI,L,7,Y1,0.5589401951870567
MWI,L,8,Y1,0.6537559149465297
MWI,L,9,Y1,0.6419984007612832
MWI,L,10,Y1,0.590758541256405
MWI,L,0,Y2,0.0
MWI,L,1,Y2,0.7446087912717994
MWI,L,2,Y2,4.7293500433460505
MWI,L,3,Y2,13.18151510727252
MWI,L,4,Y2,25.912195684846115
MWI,L,5,Y2,41.88430184553022
MWI,L,6,Y2,59.731326769325406
MWI,L,7,Y2,78.1884660723404
MWI,L,8,Y2,96.31225001668085
MWI,L,9,Y2,113.62525555514688
MWI,L,10,Y2,130.0335619359238
MWI,L,0,Y1_nocap,1.00511673509676
MWI,L,1,Y1_nocap,0.813598542406726
MWI,L,2,Y1_nocap,0.6567939362645439
MWI,L,3,Y1_nocap,0.5227013707838915
MWI,L,4,Y1_nocap,0.41590831858369093
MWI,L,5,Y1_nocap,0.37420256290734527
MWI,L,6,Y1_nocap,0.35894937454384945
MWI,L,7,Y1_nocap,0.3997428990760742
MWI,L,8,Y1_nocap,0.4846568011716804
MWI,L,9,Y1_nocap,0.4595297895524698
MWI,L,10,Y1_nocap,0.39687642734050954
MWI,L,0,Y2_nocap,0.0
MWI,L,1,Y2_nocap,0.7446087912717994
MWI,L,2,Y2_nocap,4.693988537662639
MWI,L,3,Y2_nocap,12.925253196620789
MWI,L,4,Y2_nocap,25.056732302745566
MWI,L,5,Y2_nocap,39.8876961278077
MWI,L,6,Y2_nocap,55.954356193723406
MWI,L,7,Y2_nocap,71.9696916278941
MWI,L,8,Y2_nocap,87.03040430475446
MWI,L,9,Y2_nocap,100.7398487226015
MWI,L,10,Y2_nocap,113.09911013821221
MYS,G,0,Z1,1.0
MYS,G,1,Z1,0.006737946999085479
MYS,G,2,Z1,4.539992976248501e-05
MYS,G,3,Z1,3.0590232050182743e-07
MYS,G,4,Z1,2.0611536224385723e-09
MYS,G,5,Z1,1.388794386496412e-11
MYS,G,6,Z1,9.357622968840275e-14
MYS,G,7,Z1,6.305116760147079e-16
MYS,G,8,Z1,4.24835425529165e-18
MYS,G,9,Z1,2.8625185805494346e-20
MYS,G,10,Z1,1.928749847963945e-22
MYS,G,0,Z2,0.0
MYS,G,1,Z2,0.45571056920746883
MYS,G,2,Z2,1.6613769830991618
MYS,G,3,Z2,2.555236295897533
MYS,G,4,Z2,2.7601734799716726
MYS,G,5,Z2,2.456719194666506
MYS,G,6,Z2,1.9345874156658212
MYS,G,7,Z2,1.3999670963171964
MYS,G,8,Z2,0.9523197049423666
MYS,G,9,Z2,0.6179159977619898
MYS,G,10,Z2,0.3862700288923422
MYS,G,0,Y1,1.000000000000003
MYS,G,1,Y1,0.7560323153541683
MYS,G,2,Y1,0.4551351806982754
MYS,G,3,Y1,0.33944971999744544
MYS,G,4,Y1,0.5595589587578184
MYS,G,5,Y1,0.5216629532339421
MYS,G,6,Y1,0.5102154495957018
MYS,G,7,Y1,0.5173153102822458
MYS,G,8,Y1,0.7046822680647107
MYS,G,9,Y1,0.5379674392708407
MYS,G,10,Y1,0.6294809435824252
MYS,G,0,Y2,0.0
MYS,G,1,Y2,0.4557105692074703
MYS,G,2,Y2,2.0028383462062127
MYS,G,3,Y2,4.005185187516171
MYS,G,4,Y2,5.575778837926075
MYS,G,5,Y2,6.487676607065705
MYS,G,6,Y2,7.0389705230164985
MYS,G,7,Y2,7.398927442151666
MYS,G,8,Y2,7.6358545297326685
MYS,G,9,Y2,7.8788492686321785
MYS,G,10,Y2,8.218792386344228
MYS,G,0,Y1_nocap,1.000000000000003
MYS,G,1,Y1_nocap,0.6858909991440632
MYS,G,2,Y1_nocap,0.3392319525168019
MYS,G,3,Y1_nocap,0.2036311934130046
MYS,G,4,Y1_nocap,0.4140028451468385
MYS,G,5,Y1_nocap,0.35193939116310613
MYS,G,6,Y1_nocap,0.32148645171793155
MYS,G,7,Y1_nocap,0.3123529315753106
MYS,G,8,Y1_nocap,0.48467042035323693
MYS,G,9,Y1_nocap,0.29132320038202614
MYS,G,10,Y1_nocap,0.37065723535760925
MYS,G,0,Y2_nocap,0.0
MYS,G,1,Y2_nocap,0.4557105692074703
MYS,G,2,Y2_nocap,1.9708742070711445
MYS,G,3,Y2_nocap,3.836051065788223
MYS,G,4,Y2_nocap,5.143239375195295
MYS,G,5,Y2_nocap,5.708859153850197
MYS,G,6,Y2_nocap,5.885790481495956
MYS,G,7,Y2_nocap,5.8715032276991606
MYS,G,8,Y2_nocap,5.7477129177574975
MYS,G,9,Y2_nocap,5.650745028984224
MYS,G,10,Y2_nocap,5.668904339110221
MYS,L,0,Z1,1.0
MYS,L,1,Z1,0.7619022202785443
MYS,L,2,Z1,0.5804949932653753
MYS,L,3,Z1,0.4422804242294681
MYS,L,4,Z1,0.3369744372061682
MYS,L,5,Z1,0.2567415718844924
MYS,L,6,Z1,0.19561197365659827
MYS,L,7,Z1,0.14903719704203033
MYS,L,8,Z1,0.11355177133041379
MYS,L,9,Z1,0.08651534669320382
MYS,L,10,Z1,0.06591623473371998
MYS,L,0,Z2,0.0
MYS,L,1,Z2,0.2556667570239706
MYS,L,2,Z2,0.5229239251772323
MYS,L,3,Z2,0.45121814140604105
MYS,L,4,Z2,0.2734494315227636
MYS,L,5,Z2,0.13654673704584624
MYS,L,6,Z2,0.06032527737301394
MYS,L,7,Z2,0.02449141960721197
MYS,L,8,Z2,0.009346823950015322
MYS,L,9,Z2,0.003402482442006904
MYS,L,10,Z2,0.0011932807294635186
MYS,L,0,Y1,1.00511673509676
MYS,L,1,Y1,1.2156523229041536
MYS,L,2,Y1,1.3262469084314008
MYS,L,3,Y1,1.3624044145809093
MYS,L,4,Y1,1.3540710310390298
MYS,L,5,Y1,1.3612713952536837
MYS,L,6,Y1,1.378645245827331
MYS,L,7,Y1,1.4482771895077489
MYS,L,8,Y1,1.5806528040130174
MYS,L,9,Y1,1.6360475042609237
MYS,L,10,Y1,1.6379227859067753
MYS,L,0,Y2,0.0
MYS,L,1,Y2,0.25697493609271
MYS,L,2,Y2,0.640611701078711
MYS,L,3,Y2,0.7910416943572585
MYS,L,4,Y2,0.7769974469866054
MYS,L,5,Y2,0.7056005032265319
MYS,L,6,Y2,0.639788446022199
MYS,L,7,Y2,0.60488683742403
MYS,L,8,Y2,0.6080453957114935
MYS,L,9,Y2,0.6560933988734254
MYS,L,10,Y2,0.7119989670637101
MYS,L,0,Y1_nocap,1.00511673509676
MYS,L,1,Y1_nocap,1.1451521121596635
MYS,L,2,Y1_nocap,1.1777836177142085
MYS,L,3,Y1_nocap,1.1362983798093227
MYS,L,4,Y1_nocap,1.0558305135436543
MYS,L,5,Y1_nocap,0.9989546069114079
MYS,L,6,Y1_nocap,0.9583859471372047
MYS,L,7,Y1_nocap,0.9748600536161998
MYS,L,8,Y1_nocap,1.0547013230205222
MYS,L,9,Y1_nocap,1.0537196479474837
MYS,L,10,Y1_nocap,1.001174131124063
MYS,L,0,Y2_nocap,0.0
MYS,L,1,Y2_nocap,0.25697493609271
MYS,L,2,Y2_nocap,0.6225871408281608
MYS,L,3,Y2_nocap,0.7299512718285948
MYS,L,4,Y2_nocap,0.6667517650891768
MYS,L,5,Y2_nocap,0.55227751382386
MYS,L,6,Y2_nocap,0.4528591711735501
MYS,L,7,Y2_nocap,0.39244929582984456
MYS,L,8,Y2_nocap,0.37519048835911323
MYS,L,9,Y2_nocap,0.4047149793340686
MYS,L,10,Y2_nocap,0.44064606609801216
NAM,G,0,Z1,1.0
NAM,G,1,Z1,0.006737947000257849
NAM,G,2,Z1,4.539992977828374e-05
NAM,G,3,Z1,3.059023206615036e-07
NAM,G,4,Z1,2.0611536238730946e-09
NAM,G,5,Z1,1.3887943877046323e-11
NAM,G,6,Z1,9.357622978609337e-14
NAM,G,7,Z1,6.305116767826475e-16
NAM,G,8,Z1,4.24835426120519e-18
NAM,G,9,Z1,2.8625185850320185e-20
NAM,G,10,Z1,1.9287498513198846e-22
NAM,G,0,Z2,0.0
NAM,G,1,Z2,0.4768156987258162
NAM,G,2,Z2,1.8188256844111064
NAM,G,3,Z2,2.9269506585586806
NAM,G,4,Z2,3.3081268702735294
NAM,G,5,Z2,3.080794580318595
NAM,G,6,Z2,2.5383822689295092
NAM,G,7,Z2,1.9219759106997527
NAM,G,8,Z2,1.3679629237282172
NAM,G,9,Z2,0.9287149567146131
NAM,G,10,Z2,0.6074428957517073
NAM,G,0,Y1,1.000000000000003
NAM,G,1,Y1,0.7221076898566731
NAM,G,2,Y1,0.39830748591311665
NAM,G,3,Y1,0.2717598382790811
NAM,G,4,Y1,0.4857781839284692
NAM,G,5,Y1,0.4347808335403394
NAM,G,6,Y1,0.4125407024746066
NAM,G,7,Y1,0.41006766251240095
NAM,G,8,Y1,0.5883503690081212
NAM,G,9,Y1,0.40688270570117663
NAM,G,10,Y1,0.4904438245788546
NAM,G,0,Y2,0.0
NAM,G,1,Y2,0.4768156987258177
NAM,G,2,Y2,2.159925208198501
NAM,G,3,Y2,4.4156828250075595
NAM,G,4,Y2,6.245880848339805
NAM,G,5,Y2,7.3190696810907285
NAM,G,6,Y2,7.917382804059697
NAM,G,7,Y2,8.23674492913728
NAM,G,8,Y2,8.373733188897404
NAM,G,9,Y2,8.483856620474656
NAM,G,10,Y2,8.689375150394385
NAM,G,0,Y1_nocap,1.000000000000003
NAM,G,1,Y1_nocap,0.6858909991452355
NAM,G,2,Y1_nocap,0.3392319525176139
NAM,G,3,Y1_nocap,0.2036311934134078
NAM,G,4,Y1_nocap,0.4140028451470799
NAM,G,5,Y1_nocap,0.35193939116359313
NAM,G,6,Y1_nocap,0.32148645171834744
NAM,G,7,Y1_nocap,0.3123529315756903
NAM,G,8,Y1_nocap,0.4846704203536057
NAM,G,9,Y1_nocap,0.2913232003825969
NAM,G,10,Y1_nocap,0.37065723535795464
NAM,G,0,Y2_nocap,0.0
NAM,G,1,Y2_nocap,0.4768156987258177
NAM,G,2,Y2_nocap,2.14265652151139
NAM,G,3,Y2_nocap,4.321759191499309
NAM,G,4,Y2_nocap,6.000577113208065
NAM,G,5,Y2_nocap,6.869868477556205
NAM,G,6,Y2_nocap,7.243959007769174
NAM,G,7,Y2_nocap,7.337820188111089
NAM,G,8,Y2_nocap,7.258248085169412
NAM,G,9,Y2_nocap,7.1665436667228315
NAM,G,10,Y2_nocap,7.184600055092191
NAM,L,0,Z1,1.0
NAM,L,1,Z1,0.699379126895137
NAM,L,2,Z1,0.48913116313660426
NAM,L,3,Z1,0.34208812581168113
NAM,L,4,Z1,0.23924929475136736
NAM,L,5,Z1,0.1673259628734886
NAM,L,6,Z1,0.11702428582134859
NAM,L,7,Z1,0.08184434284326177
NAM,L,8,Z1,0.05724022503902666
NAM,L,9,Z1,0.04003261861107562
NAM,L,10,Z1,0.02799797785154009
NAM,L,0,Z2,0.0
NAM,L,1,Z2,0.25933722000931114
NAM,L,2,Z2,0.5380463494572628
NAM,L,3,Z2,0.4709321252023665
NAM,L,4,Z2,0.2894938741642869
NAM,L,5,Z2,0.14663386042088183
NAM,L,6,Z2,0.06571172342151627
NAM,L,7,Z2,0.02706126396405449
NAM,L,8,Z2,0.010475837897331
NAM,L,9,Z2,0.0038682201952005934
NAM,L,10,Z2,0.0013760952974035618
NAM,L,0,Y1,1.00511673509676
NAM,L,1,Y1,1.1187111065938724
NAM,L,2,Y1,1.1358417334359765
NAM,L,3,Y1,1.0898970491638613
NAM,L,4,Y1,1.0144621557059033
NAM,L,5,Y1,0.969621634439873
NAM,L,6,Y1,0.9444805276608816
NAM,L,7,Y1,0.9776461444048603
NAM,L,8,Y1,1.0730283331191142
NAM,L,9,Y1,1.084989986096859
NAM,L,10,Y1,1.0459990558839483
NAM,L,0,Y2,0.0
NAM,L,1,Y2,0.260664179864829
NAM,L,2,Y2,0.6486197319481085
NAM,L,3,Y2,0.7886961493533937
NAM,L,4,Y2,0.7535706366115457
NAM,L,5,Y2,0.6585951761841831
NAM,L,6,Y2,0.5716583901310568
NAM,L,7,Y2,0.5197038003361721
NAM,L,8,Y2,0.5093957477809543
NAM,L,9,Y2,0.5465142227266789
NAM,L,10,Y2,0.5920544256873492
NAM,L,0,Y1_nocap,1.00511673509676
NAM,L,1,Y1_nocap,1.0823091046699833
NAM,L,2,Y1_nocap,1.062234077557847
NAM,L,3,Y1_nocap,0.9818467681858393
NAM,L,4,Y1_nocap,0.8767653905466432
NAM,L,5,Y1_nocap,0.807706407737047
NAM,L,6,Y1_nocap,0.7621732164046664
NAM,L,7,Y1_nocap,0.7777117112405618
NAM,L,8,Y1_nocap,0.855868621293026
NAM,L,9,Y1_nocap,0.8487170173042908
NAM,L,10,Y1_nocap,0.7919177583450691
NAM,L,0,Y2_nocap,0.0
NAM,L,1,Y2_nocap,0.260664179864829
NAM,L,2,Y2_nocap,0.6391793379663935
NAM,L,3,Y2_nocap,0.7566233947589507
NAM,L,4,Y2_nocap,0.6958505804506363
NAM,L,5,Y2_nocap,0.5788322872133733
NAM,L,6,Y2_nocap,0.475296917512068
NAM,L,7,Y2_nocap,0.41140176469165574
NAM,L,8,Y2_nocap,0.3921206348012316
NAM,L,9,Y2_nocap,0.4214553582818321
NAM,L,10,Y2_nocap,0.45857534771198144
NER,G,0,Z1,1.0
NER,G,1,Z1,0.006737946999085479
NER,G,2,Z1,4.539992976248501e-05
NER,G,3,Z1,3.0590232050182743e-07
NER,G,4,Z1,2.0611536224385723e-09
NER,G,5,Z1,1.388794386496412e-11
NER,G,6,Z1,9.357622968840275e-14
NER,G,7,Z1,6.305116760147079e-16
NER,G,8,Z1,4.24835425529165e-18
NER,G,9,Z1,2.8625185805494346e-20
NER,G,10,Z1,1.928749847963945e-22
NER,G,0,Z2,0.0
NER,G,1,Z2,0.47512131706169364
NER,G,2,Z2,1.8059221274115074
NER,G,3,Z2,2.8958583364423127
NER,G,4,Z2,3.2613547302745047
NER,G,5,Z2,3.026443661823061
NER,G,6,Z2,2.4847394088125747
NER,G,7,Z2,1.8746739006539466
NER,G,8,Z2,1.329554334585486
NER,G,9,Z2,0.8994316663620798
NER,G,10,Z2,0.5861991192440946
NER,G,0,Y1,1.000000000000003
NER,G,1,Y1,0.7104030386604263
NER,G,2,Y1,0.38000176787744816
NER,G,3,Y1,0.25179348193789686
NER,G,4,Y1,0.4660664326449054
NER,G,5,Y1,0.4129726129302813
NER,G,6,Y1,0.3897649850462894
NER,G,7,Y1,0.38696632067562614
NER,G,8,Y1,0.5652513993612224
NER,G,9,Y1,0.3819605505187338
NER,G,10,Y1,0.46638400359046345
NER,G,0,Y2,0.0
NER,G,1,Y2,0.47512131706169514
NER,G,2,Y2,2.1402484125319865
NER,G,3,Y2,4.344895392936322
NER,G,4,Y2,6.095094356502027
NER,G,5,Y2,7.078642441256034
NER,G,6,Y2,7.593131206758878
NER,G,7,Y2,7.840241170267909
NER,G,8,Y2,7.9180577981132805
NER,G,9,Y2,7.981734149328542
NER,G,10,Y2,8.150210491684856
NER,G,0,Y1_nocap,1.000000000000003
NER,G,1,Y1_nocap,0.6858909991440632
NER,G,2,Y1_nocap,0.3392319525168019
NER,G,3,Y1_nocap,0.2036311934130046
NER,G,4,Y1_nocap,0.4140028451468385
NER,G,5,Y1_nocap,0.35193939116310613
NER,G,6,Y1_nocap,0.32148645171793155
NER,G,7,Y1_nocap,0.3123529315753106
NER,G,8,Y1_nocap,0.48467042035323693
NER,G,9,Y1_nocap,0.29132320038202614
NER,G,10,Y1_nocap,0.37065723535760925
NER,G,0,Y2_nocap,0.0
NER,G,1,Y2_nocap,0.47512131706169514
NER,G,2,Y2_nocap,2.1286022200331036
NER,G,3,Y2_nocap,4.281336421443023
NER,G,4,Y2_nocap,5.928029706595998
NER,G,5,Y2_nocap,6.770051074618334
NER,G,6,Y2_nocap,7.125576812277684
NER,G,7,Y2_nocap,7.2086070946300715
NER,G,8,Y2_nocap,7.124022618942719
NER,G,9,Y2_nocap,7.031047030489867
NER,G,10,Y2_nocap,7.0486961523650224
NER,L,0,Z1,1.0
NER,L,1,Z1,0.7644550041757053
NER,L,2,Z1,0.5843914534092777
NER,L,3,Z1,0.4467409709562359
NER,L,4,Z1,0.34151337081780797
NER,L,5,Z1,0.26107160531458656
NER,L,6,Z1,0.19957749513092038
NER,L,7,Z1,0.15256801487368457
NER,L,8,Z1,0.1166313824473416
NER,L,9,Z1,0.08915944395580079
NER,L,10,Z1,0.06815838310153528
NER,L,0,Z2,0.0
NER,L,1,Z2,0.2619169499622191
NER,L,2,Z2,0.5488039094200926
NER,L,3,Z2,0.4851260305289525
NER,L,4,Z2,0.30118573099477725
NER,L,5,Z2,0.1540735313169794
NER,L,6,Z2,0.06973252311015647
NER,L,7,Z2,0.029002761619446673
NER,L,8,Z2,0.011339105569357289
NER,L,9,Z2,0.004228632766899832
NER,L,10,Z2,0.0015192737953589911
NER,L,0,Y1,1.00511673509676
NER,L,1,Y1,1.172355419105035
NER,L,2,Y1,1.2348811360750258
NER,L,3,Y1,1.223059754808482
NER,L,4,Y1,1.170111860659435
NER,L,5,Y1,1.1377078250216395
NER,L,6,Y1,1.11936740324547
NER,L,7,Y1,1.1563810290252459
NER,L,8,Y1,1.2566953228923483
NER,L,9,Y1,1.2778399611576734
NER,L,10,Y1,1.2468211812804613
NER,L,0,Y2,0.0
NER,L,1,Y2,0.26325710961252713
NER,L,2,Y2,0.6574235344602029
NER,L,3,Y2,0.7980219141892656
NER,L,4,Y2,0.7576623478708564
NER,L,5,Y2,0.6555638863212934
NER,L,6,Y2,0.5624544315798854
NER,L,7,Y2,0.5064788106062905
NER,L,8,Y2,0.49428754600208563
NER,L,9,Y2,0.531325935018709
NER,L,10,Y2,0.5776949660641856
NER,L,0,Y1_nocap,1.00511673509676
NER,L,1,Y1_nocap,1.1477179579757855
NER,L,2,Y1_nocap,1.1826684172600075
NER,L,3,Y1_nocap,1.1430392163201448
NER,L,4,Y1_nocap,1.0638843039530301
NER,L,5,Y1_nocap,1.007806674425543
NER,L,6,Y1_nocap,0.9677030696802048
NER,L,7,Y1_nocap,0.9844291267818318
NER,L,8,Y1_nocap,1.0645050559341702
NER,L,9,Y1_nocap,1.063906585186645
NER,L,10,Y1_nocap,1.0116515048231665
NER,L,0,Y2_nocap,0.0
NER,L,1,Y2_nocap,0.26325710961252713
NER,L,2,Y2_nocap,0.6509705657864171
NER,L,3,Y2_nocap,0.7757583873365479
NER,L,4,Y2_nocap,0.7168873188238168
NER,L,5,Y2_nocap,0.5981393988553625
NER,L,6,Y2_nocap,0.4916680872703431
NER,L,7,Y2_nocap,0.4252428739494331
NER,L,8,Y2_nocap,0.40446675305214275
NER,L,9,Y2_nocap,0.4336238625856982
NER,L,10,Y2_nocap,0.4715753007129459
NGA,G,0,Z1,1.0
NGA,G,1,Z1,0.006737946999085479
NGA,G,2,Z1,4.539992976248501e-05
NGA,G,3,Z1,3.0590232050182743e-07
NGA,G,4,Z1,2.0611536224385723e-09
NGA,G,5,Z1,1.388794386496412e-11
NGA,G,6,Z1,9.357622968840275e-14
NGA,G,7,Z1,6.305116760147079e-16
NGA,G,8,Z1,4.24835425529165e-18
NGA,G,9,Z1,2.8625185805494346e-20
NGA,G,10,Z1,1.928749847963945e-22
NGA,G,0,Z2,0.0
NGA,G,1,Z2,0.4630466942504225
NGA,G,2,Z2,1.715297928449954
NGA,G,3,Z2,2.680637744553803
NGA,G,4,Z2,2.942246983344704
NGA,G,5,Z2,2.660933084582115
NGA,G,6,Z2,2.1291314718597043
NGA,G,7,Z2,1.5655525016505838
NGA,G,8,Z2,1.0821021638751265
NGA,G,9,Z2,0.7134287733230643
NGA,G,10,Z2,0.45315615235991613
NGA,G,0,Y1,1.000000000000003
NGA,G,1,Y1,0.7348129189921561
NGA,G,2,Y1,0.4205705169041979
NGA,G,3,Y1,0.2996728098702358
NGA,G,4,Y1,0.5177715100975118
NGA,G,5,Y1,0.4735470738701809
NGA,G,6,Y1,0.457481757825951
NGA,G,7,Y1,0.46091123104074927
NGA,G,8,Y1,0.6450525309441278
NGA,G,9,Y1,0.471684073059893
NGA,G,10,Y1,0.5610730279894087
NGA,G,0,Y2,0.0
NGA,G,1,Y2,0.46304669425042394
NGA,G,2,Y2,2.0524306373978196
NGA,G,3,Y2,4.12195441870952
NGA,G,4,Y2,5.744313637301139
NGA,G,5,Y2,6.665219270707245
NGA,G,6,Y2,7.187390913821056
NGA,G,7,Y2,7.494222195314269
NGA,G,8,Y2,7.665486312725903
NGA,G,9,Y2,7.839727548893546
NGA,G,10,Y2,8.117382705587461
NGA,G,0,Y1_nocap,1.000000000000003
NGA,G,1,Y1_nocap,0.6858909991440632
NGA,G,2,Y1_nocap,0.3392319525168019
NGA,G,3,Y1_nocap,0.2036311934130046
NGA,G,4,Y1_nocap,0.4140028451468385
NGA,G,5,Y1_nocap,0.35193939116310613
NGA,G,6,Y1_nocap,0.32148645171793155
NGA,G,7,Y1_nocap,0.3123529315753106
NGA,G,8,Y1_nocap,0.48467042035323693
NGA,G,9,Y1_nocap,0.29132320038202614
NGA,G,10,Y1_nocap,0.37065723535760925
NGA,G,0,Y2_nocap,0.0
NGA,G,1,Y2_nocap,0.46304669425042394
NGA,G,2,Y2_nocap,2.029777504135776
NGA,G,3,Y2_nocap,4.000527833194916
NGA,G,4,Y2_nocap,5.42999926276066
NGA,G,5,Y2_nocap,6.09257330408863
NGA,G,6,Y2_nocap,6.3300105846277095
NGA,G,7,Y2_nocap,6.347117657350472
NGA,G,8,Y2_nocap,6.23456281506442
NGA,G,9,Y2_nocap,6.137096229617005
NGA,G,10,Y2_nocap,6.154134718500319
NGA,L,0,Z1,1.0
NGA,L,1,Z1,0.7525211511011091
NGA,L,2,Z1,0.5662880828545381
NGA,L,3,Z1,0.42614375996453724
NGA,L,4,Z1,0.32068219278306825
NGA,L,5,Z1,0.2413201328507423
NGA,L,6,Z1,0.18159850415671314
NGA,L,7,Z1,0.1366567153862493
NGA,L,8,Z1,0.10283706876815696
NGA,L,9,Z1,0.07738706936527737
NGA,L,10,Z1,0.05823540651909991
NGA,L,0,Z2,0.0
NGA,L,1,Z2,0.25833130633351636
NGA,L,2,Z2,0.5338805106558485
NGA,L,3,Z2,0.46547341788508945
NGA,L,4,Z2,0.28502839965814963
NGA,L,5,Z2,0.14381202895672143
NGA,L,6,Z2,0.06419718600225988
NGA,L,7,Z2,0.02633500473404878
NGA,L,8,Z2,0.010155148576460734
NGA,L,9,Z2,0.0037352604483845866
NGA,L,10,Z2,0.0013236415790495283
NGA,L,0,Y1,1.00511673509676
NGA,L,1,Y1,1.1848952828887034
NGA,L,2,Y1,1.263534999070249
NGA,L,3,Y1,1.2697516187236841
NGA,L,4,Y1,1.235398073431399
NGA,L,5,Y1,1.2211884799190098
NGA,L,6,Y1,1.2205192042421282
NGA,L,7,Y1,1.2746239098416723
NGA,L,8,Y1,1.3920033071618663
NGA,L,9,Y1,1.4309694969274667
NGA,L,10,Y1,1.4176297306256367
NGA,L,0,Y2,0.0
NGA,L,1,Y2,0.25965311919522494
NGA,L,2,Y2,0.6473133179554734
NGA,L,3,Y2,0.7927028374420578
NGA,L,4,Y2,0.7668763505109252
NGA,L,5,Y2,0.6823527717110056
NGA,L,6,Y2,0.6053284362003055
NGA,L,7,Y2,0.5621772099322825
NGA,L,8,Y2,0.5596991548394814
NGA,L,9,Y2,0.6040364298680063
NGA,L,10,Y2,0.6568647845741407
NGA,L,0,Y1_nocap,1.00511673509676
NGA,L,1,Y1_nocap,1.135723042536323
NGA,L,2,Y1_nocap,1.159945292204584
NGA,L,3,Y1_nocap,1.1118257929692767
NGA,L,4,Y1_nocap,1.0267546806171621
NGA,L,5,Y1_nocap,0.9671696085611405
NGA,L,6,Y1_nocap,0.9250958013183611
NGA,L,7,Y1_nocap,0.9408178298955039
NGA,L,8,Y1_nocap,1.0199386000388908
NGA,L,9,Y1_nocap,1.0176657375611493
NGA,L,10,Y1_nocap,0.9641577840674245
NGA,L,0,Y2_nocap,0.0
NGA,L,1,Y2_nocap,0.25965311919522494
NGA,L,2,Y2_nocap,0.6346105888698974
NGA,L,3,Y2_nocap,0.7492493446689269
NGA,L,4,Y2_nocap,0.6877793457598611
NGA,L,5,Y2_nocap,0.5714489440143056
NGA,L,6,Y2_nocap,0.46904906739108015
NGA,L,7,Y2_nocap,0.40612241172030933
NGA,L,8,Y2_nocap,0.3874076132181864
NGA,L,9,Y2_nocap,0.41680155328470936
NGA,L,10,Y2_nocap,0.4535963107701722
NIC,G,0,Z1,1.0
NIC,G,1,Z1,0.006737946999085479
NIC,G,2,Z1,4.539992976248501e-05
NIC,G,3,Z1,3.0590232050182743e-07
NIC,G,4,Z1,2.0611536224385723e-09
NIC,G,5,Z1,1.388794386496412e-11
NIC,G,6,Z1,9.357622968840275e-14
NIC,G,7,Z1,6.305116760147079e-16
NIC,G,8,Z1,4.24835425529165e-18
NIC,G,9,Z1,2.8625185805494346e-20
NIC,G,10,Z1,1.928749847963945e-22
NIC,G,0,Z2,0.0
NIC,G,1,Z2,0.4815441238171995
NIC,G,2,Z2,1.8550779454629949
NIC,G,3,Z2,3.014893858029487
NIC,G,4,Z2,3.441314183743206
NIC,G,5,Z2,3.2366105925592246
NIC,G,6,Z2,2.693210363017459
NIC,G,7,Z2,2.059428570409828
NIC,G,8,Z2,1.4803304139040214
NIC,G,9,Z2,1.0149679227303368
NIC,G,10,Z2,0.6704414801834608
NIC,G,0,Y1,1.000000000000003
NIC,G,1,Y1,0.7201355428837177
NIC,G,2,Y1,0.39559149244541675
NIC,G,3,Y1,0.2693478522967114
NIC,G,4,Y1,0.4840578650464244
NIC,G,5,Y1,0.4333629075907537
NIC,G,6,Y1,0.41169731241462315
NIC,G,7,Y1,0.40995596271333673
NIC,G,8,Y1,0.5890564611072666
NIC,G,9,Y1,0.4081212211197637
NIC,G,10,Y1,0.4927484928929291
NIC,G,0,Y2,0.0
NIC,G,1,Y2,0.481544123817201
NIC,G,2,Y2,2.1986103657065623
NIC,G,3,Y2,4.526460197811098
NIC,G,4,Y2,6.445403324548651
NIC,G,5,Y2,7.596611131802909
NIC,G,6,Y2,8.252587346852811
NIC,G,7,Y2,8.61179439183893
NIC,G,8,Y2,8.775661380519416
NIC,G,9,Y2,8.905011236522355
NIC,G,10,Y2,9.129586352453284
NIC,G,0,Y1_nocap,1.000000000000003
NIC,G,1,Y1_nocap,0.6858909991440632
NIC,G,2,Y1_nocap,0.3392319525168019
NIC,G,3,Y1_nocap,0.2036311934130046
NIC,G,4,Y1_nocap,0.4140028451468385
NIC,G,5,Y1_nocap,0.35193939116310613
NIC,G,6,Y1_nocap,0.32148645171793155
NIC,G,7,Y1_nocap,0.3123529315753106
NIC,G,8,Y1_nocap,0.48467042035323693
NIC,G,9,Y1_nocap,0.29132320038202614
NIC,G,10,Y1_nocap,0.37065723535760925
NIC,G,0,Y2_nocap,0.0
NIC,G,1,Y2_nocap,0.481544123817201
NIC,G,2,Y2_nocap,2.1821201068959306
NIC,G,3,Y2_nocap,4.435905405183425
NIC,G,4,Y2_nocap,6.206573751546411
NIC,G,5,Y2_nocap,7.154816096452787
NIC,G,6,Y2_nocap,7.583492582315836
NIC,G,7,Y2_nocap,7.7098336046234905
NIC,G,8,Y2_nocap,7.645844796563884
NIC,G,9,Y2_nocap,7.558665955959192
NIC,G,10,Y2_nocap,7.578379449684528
NIC,L,0,Z1,1.0
NIC,L,1,Z1,0.7940370401519883
NIC,L,2,Z1,0.6304948211333303
NIC,L,3,Z1,0.5006362416038669
NIC,L,4,Z1,0.3975237194759502
NIC,L,5,Z1,0.31564855760289284
NIC,L,6,Z1,0.2506366464072454
NIC,L,7,Z1,0.19901478086682964
NIC,L,8,Z1,0.15802510754599397
NIC,L,9,Z1,0.1254777886655207
NIC,L,10,Z1,0.09963401191678675
NIC,L,0,Z2,0.0
NIC,L,1,Z2,0.26547711480685887
NIC,L,2,Z2,0.5638247878893932
NIC,L,3,Z2,0.5051787005659453
NIC,L,4,Z2,0.3178983914385191
NIC,L,5,Z2,0.16483349172038975
NIC,L,6,Z2,0.07561645022385098
NIC,L,7,Z2,0.03187746251766663
NIC,L,8,Z2,0.012632423409899741
NIC,L,9,Z2,0.004774977508186817
NIC,L,10,Z2,0.001738885119535091
NIC,L,0,Y1,1.00511673509676
NIC,L,1,Y1,1.2118711213922617
NIC,L,2,Y1,1.3135906666059678
NIC,L,3,Y1,1.3366214238251255
NIC,L,4,Y1,1.3120402471881367
NIC,L,5,Y1,1.301032911139725
NIC,L,6,Y1,1.2991244666684958
NIC,L,7,Y1,1.348990763246206
NIC,L,8,Y1,1.461336591961842
NIC,L,9,Y1,1.4962763199726599
NIC,L,10,Y1,1.47734876977899
NIC,L,0,Y2,0.0
NIC,L,1,Y2,0.26683549087757774
NIC,L,2,Y2,0.6765565154110457
NIC,L,3,Y2,0.834325476243898
NIC,L,4,Y2,0.8045756216820076
NIC,L,5,Y2,0.7067808722361081
NIC,L,6,Y2,0.6143785941106144
NIC,L,7,Y2,0.5580109450343927
NIC,L,8,Y2,0.5457822379578745
NIC,L,9,Y2,0.5841292886178082
NIC,L,10,Y2,0.6333257139775801
NIC,L,0,Y1_nocap,1.00511673509676
NIC,L,1,Y1_nocap,1.1774513573937821
NIC,L,2,Y1_nocap,1.2402296716509962
NIC,L,3,Y1_nocap,1.2237307240516002
NIC,L,4,Y1_nocap,1.161769777137001
NIC,L,5,Y1_nocap,1.1170032295805614
NIC,L,6,Y1_nocap,1.0842221524302837
NIC,L,7,Y1_nocap,1.1055762213915683
NIC,L,8,Y1_nocap,1.1898217542056593
NIC,L,9,Y1_nocap,1.1949029122253378
NIC,L,10,Y1_nocap,1.1471399634941475
NIC,L,0,Y2_nocap,0.0
NIC,L,1,Y2_nocap,0.26683549087757774
NIC,L,2,Y2_nocap,0.6674188557723963
NIC,L,3,Y2_nocap,0.8026987350416352
NIC,L,4,Y2_nocap,0.7467288964005697
NIC,L,5,Y2_nocap,0.6256821094802392
NIC,L,6,Y2_nocap,0.5151052716613636
NIC,L,7,Y2_nocap,0.4450784215867867
NIC,L,8,Y2_nocap,0.4221362139742441
NIC,L,9,Y2_nocap,0.45098496519137043
NIC,L,10,Y2_nocap,0.49007601120181493
NLD,G,0,Z1,1.0
NLD,G,1,Z1,0.951229424500714
NLD,G,2,Z1,0.9048374180359595
NLD,G,3,Z1,0.8607079764250578
NLD,G,4,Z1,0.8187307530779818
NLD,G,5,Z1,0.7788007830714049
NLD,G,6,Z1,0.7408182206817179
NLD,G,7,Z1,0.7046880897187134
NLD,G,8,Z1,0.6703200460356393
NLD,G,9,Z1,0.6376281516217733
NLD,G,10,Z1,0.6065306597126334
NLD,G,0,Z2,0.0
NLD,G,1,Z2,0.43778467941722005
NLD,G,2,Z2,1.5332434042595051
NLD,G,3,Z2,2.265402843682812
NLD,G,4,Z2,2.350835336705276
NLD,G,5,Z2,2.0100775278167804
NLD,G,6,Z2,1.5206074204936806
NLD,G,7,Z2,1.0571047722703388
NLD,G,8,Z2,0.6908033475377762
NLD,G,9,Z2,0.4305985468139458
NLD,G,10,Z2,0.2585863467413773
NLD,G,0,Y1,1.000000000000003
NLD,G,1,Y1,1.6532315780645632
NLD,G,2,Y1,1.944594848295878
NLD,G,3,Y1,2.094516793227149
NLD,G,4,Y1,2.451140740238768
NLD,G,5,Y1,2.734329491091909
NLD,G,6,Y1,2.979339455957601
NLD,G,7,Y1,3.208208422734069
NLD,G,8,Y1,3.6026227070547385
NLD,G,9,Y1,3.791373316798265
NLD,G,10,Y1,4.054842899499189
NLD,G,0,Y2,0.0
NLD,G,1,Y2,0.43778467941722143
NLD,G,2,Y2,1.8405691920076563
NLD,G,3,Y2,3.5045955564746665
NLD,G,4,Y2,4.618660387645581
NLD,G,5,Y2,5.079204139852967
NLD,G,6,Y2,5.240384408637993
NLD,G,7,Y2,5.270139107587859
NLD,G,8,Y2,5.225323260404152
NLD,G,9,Y2,5.221908346755946
NLD,G,10,Y2,5.325030004971894
NLD,G,0,Y1_nocap,1.000000000000003
NLD,G,1,Y1_nocap,1.6303824766456947
NLD,G,2,Y1_nocap,1.8854782402931523
NLD,G,3,Y1_nocap,1.9948678479192243
NLD,G,4,Y1_nocap,2.310207783889443
NLD,G,5,Y1_nocap,2.5466874826812607
NLD,G,6,Y1_nocap,2.7415991712874517
NLD,G,7,Y1_nocap,2.9180765748181083
NLD,G,8,Y1_nocap,3.2583261037685176
NLD,G,9,Y1_nocap,3.387473181301042
NLD,G,10,Y1_nocap,3.5909584798344243
NLD,G,0,Y2_nocap,0.0
NLD,G,1,Y2_nocap,0.43778467941722143
NLD,G,2,Y2_nocap,1.8305662054680254
NLD,G,3,Y2_nocap,3.4531971122776044
NLD,G,4,Y2_nocap,4.490575826444383
NLD,G,5,Y2_nocap,4.854037044977679
NLD,G,6,Y2_nocap,4.914016279254087
NLD,G,7,Y2_nocap,4.845563325907732
NLD,G,8,Y2_nocap,4.708338692150784
NLD,G,9,Y2_nocap,4.619635177926147
NLD,G,10,Y2_nocap,4.643172730573073
NLD,L,0,Z1,1.0
NLD,L,1,Z1,0.951229424500714
NLD,L,2,Z1,0.9048374180359595
NLD,L,3,Z1,0.8607079764250578
NLD,L,4,Z1,0.8187307530779818
NLD,L,5,Z1,0.7788007830714049
NLD,L,6,Z1,0.7408182206817179
NLD,L,7,Z1,0.7046880897187134
NLD,L,8,Z1,0.6703200460356393
NLD,L,9,Z1,0.6376281516217733
NLD,L,10,Z1,0.6065306597126334
NLD,L,0,Z2,0.0
NLD,L,1,Z2,0.2071835221452007
NLD,L,2,Z2,0.34340009478792693
NLD,L,3,Z2,0.24012058885815984
NLD,L,4,Z2,0.1179236251003572
NLD,L,5,Z2,0.04771842186019961
NLD,L,6,Z2,0.017083821390693168
NLD,L,7,Z2,0.005620573132343525
NLD,L,8,Z2,0.0017382476696011992
NLD,L,9,Z2,0.0005127721565351094
NLD,L,10,Z2,0.00014573105822899047
NLD,L,0,Y1,1.00511673509676
NLD,L,1,Y1,1.3584140677504761
NLD,L,2,Y1,1.6280966572163855
NLD,L,3,Y1,1.8239336426540378
NLD,L,4,Y1,1.9652538107182385
NLD,L,5,Y1,2.1067245470771976
NLD,L,6,Y1,2.246659723998522
NLD,L,7,Y1,2.4297035898269232
NLD,L,8,Y1,2.6746325756397593
NLD,L,9,Y1,2.850711589543413
NLD,L,10,Y1,2.9696898059957046
NLD,L,0,Y2,0.0
NLD,L,1,Y2,0.2082436253444314
NLD,L,2,Y2,0.42851072930096623
NLD,L,3,Y2,0.44910490305986783
NLD,L,4,Y2,0.3875164478161983
NLD,L,5,Y2,0.31829638442978003
NLD,L,6,Y2,0.2703189956301962
NLD,L,7,Y2,0.24807797379311478
NLD,L,8,Y2,0.2509827678935697
NLD,L,9,Y2,0.2808314779968114
NLD,L,10,Y2,0.304930045276213
NLD,L,0,Y1_nocap,1.00511673509676
NLD,L,1,Y1_nocap,1.3354480535324482
NLD,L,2,Y1_nocap,1.575607164315366
NLD,L,3,Y1_nocap,1.7377063226160785
NLD,L,4,Y1_nocap,1.843039640281363
NLD,L,5,Y1_nocap,1.947668530761506
NLD,L,6,Y1_nocap,2.0499598298083415
NLD,L,7,Y1_nocap,2.194645781766778
NLD,L,8,Y1_nocap,2.3995649276824107
NLD,L,9,Y1_nocap,2.5326771334188667
NLD,L,10,Y1_nocap,2.6074998038698958
NLD,L,0,Y2_nocap,0.0
NLD,L,1,Y2_nocap,0.2082436253444314
NLD,L,2,Y2_nocap,0.42375254958563846
NLD,L,3,Y2_nocap,0.43486953413792967
NLD,L,4,Y2_nocap,0.3639585390855933
NLD,L,5,Y2_nocap,0.2874381823319311
NLD,L,6,Y2_nocap,0.23422371491129634
NLD,L,7,Y2_nocap,0.20818734342099027
NLD,L,8,Y2_nocap,0.20805535348365656
NLD,L,9,Y2_nocap,0.23500124348511053
NLD,L,10,Y2_nocap,0.25570647276255265
NOR,G,0,Z1,1.0
NOR,G,1,Z1,0.9512294244613556
NOR,G,2,Z1,0.904837417961082
NOR,G,3,Z1,0.860707976318219
NOR,G,4,Z1,0.8187307529424777
NOR,G,5,Z1,0.7788007829102854
NOR,G,6,Z1,0.740818220497804
NOR,G,7,Z1,0.7046880895146117
NOR,G,8,Z1,0.6703200458137564
NOR,G,9,Z1,0.637628151384329
NOR,G,10,Z1,0.6065306594616735
NOR,G,0,Z2,0.0
NOR,G,1,Z2,0.403064603726686
NOR,G,2,Z2,1.2996885982188033
NOR,G,3,Z2,1.768022335605895
NOR,G,4,Z2,1.6891904523399581
NOR,G,5,Z2,1.329790781818958
NOR,G,6,Z2,0.926193475318911
NOR,G,7,Z2,0.5928116735812732
NOR,G,8,Z2,0.356670548034559
NOR,G,9,Z2,0.20469134393203509
NOR,G,10,Z2,0.11317398549828325
NOR,G,0,Y1,1.000000000000003
NOR,G,1,Y1,1.6686867629400906
NOR,G,2,Y1,1.9846389338465718
NOR,G,3,Y1,2.1621233574862733
NOR,G,4,Y1,2.5469140842978937
NOR,G,5,Y1,2.8620328932311803
NOR,G,6,Y1,3.1413689070081543
NOR,G,7,Y1,3.40622283629585
NOR,G,8,Y1,3.8379304883004988
NOR,G,9,Y1,4.067762204041597
NOR,G,10,Y1,4.37268851831576
NOR,G,0,Y2,0.0
NOR,G,1,Y2,0.4030646037266873
NOR,G,2,Y2,1.5888702560435404
NOR,G,3,Y2,2.860645126301575
NOR,G,4,Y2,3.58463391211014
NOR,G,5,Y2,3.7982817925462418
NOR,G,6,Y2,3.850600282691423
NOR,G,7,Y2,3.855594357201294
NOR,G,8,Y2,3.832554124531873
NOR,G,9,Y2,3.8691685123495505
NOR,G,10,Y2,3.9944705661570983
NOR,G,0,Y1_nocap,1.000000000000003
NOR,G,1,Y1_nocap,1.6303824766063362
NOR,G,2,Y1_nocap,1.8854782401915444
NOR,G,3,Y1_nocap,1.9948678477483626
NOR,G,4,Y1_nocap,2.310207783648399
NOR,G,5,Y1_nocap,2.5466874823610466
NOR,G,6,Y1_nocap,2.7415991708826217
NOR,G,7,Y1_nocap,2.9180765743251174
NOR,G,8,Y1_nocap,3.258326103184719
NOR,G,9,Y1_nocap,3.387473180617474
NOR,G,10,Y1_nocap,3.5909584790508684
NOR,G,0,Y2_nocap,0.0
NOR,G,1,Y2_nocap,0.4030646037266873
NOR,G,2,Y2_nocap,1.5734311540513921
NOR,G,3,Y2_nocap,2.7855794444995503
NOR,G,4,Y2_nocap,3.4059928421136485
NOR,G,5,Y2_nocap,3.4966116644537593
NOR,G,6,Y2_nocap,3.4275504942448696
NOR,G,7,Y2_nocap,3.3188620861281506
NOR,G,8,Y2_nocap,3.191034083985031
NOR,G,9,Y2_nocap,3.132118344733447
NOR,G,10,Y2_nocap,3.1681229744205623
NOR,L,0,Z1,1.0
NOR,L,1,Z1,0.951229424500714
NOR,L,2,Z1,0.9048374180359595
NOR,L,3,Z1,0.8607079764250578
NOR,L,4,Z1,0.8187307530779818
NOR,L,5,Z1,0.7788007830714049
NOR,L,6,Z1,0.7408182206817179
NOR,L,7,Z1,0.7046880897187134
NOR,L,8,Z1,0.6703200460356393
NOR,L,9,Z1,0.6376281516217733
NOR,L,10,Z1,0.6065306597126334
NOR,L,0,Z2,0.0
NOR,L,1,Z2,0.24185902514241978
NOR,L,2,Z2,0.4679663043427332
NOR,L,3,Z2,0.38198882531644107
NOR,L,4,Z2,0.21899246200019556
NOR,L,5,Z2,0.10344785815020642
NOR,L,6,Z2,0.04323421116048431
NOR,L,7,Z2,0.016604668371658117
NOR,L,8,Z2,0.005994712301613387
NOR,L,9,Z2,0.002064373191834546
NOR,L,10,Z2,0.0006848933987753748
NOR,L,0,Y1,1.00511673509676
NOR,L,1,Y1,1.3739483327524429
NOR,L,2,Y1,1.6636584410134685
NOR,L,3,Y1,1.8824454005087747
NOR,L,4,Y1,2.0483162575188185
NOR,L,5,Y1,2.21499782382573
NOR,L,6,Y1,2.380766892402848
NOR,L,7,Y1,2.5902068552189608
NOR,L,8,Y1,2.8627270328965455
NOR,L,9,Y1,3.0684759873886063
NOR,L,10,Y1,3.218011022727314
NOR,L,0,Y2,0.0
NOR,L,1,Y2,0.24309655370483416
NOR,L,2,Y2,0.5714219734330672
NOR,L,3,Y2,0.6657594403714827
NOR,L,4,Y2,0.6191993046847108
NOR,L,5,Y2,0.5344224992985778
NOR,L,6,Y2,0.4644273138272613
NOR,L,7,Y2,0.42673853804820094
NOR,L,8,Y2,0.42453735764817646
NOR,L,9,Y2,0.46190367213267813
NOR,L,10,Y2,0.5018796868116691
NOR,L,0,Y1_nocap,1.00511673509676
NOR,L,1,Y1_nocap,1.3354480535324482
NOR,L,2,Y1_nocap,1.575607164315366
NOR,L,3,Y1_nocap,1.7377063226160785
NOR,L,4,Y1_nocap,1.843039640281363
NOR,L,5,Y1_nocap,1.947668530761506
NOR,L,6,Y1_nocap,2.0499598298083415
NOR,L,7,Y1_nocap,2.194645781766778
NOR,L,8,Y1_nocap,2.3995649276824107
NOR,L,9,Y1_nocap,2.5326771334188667
NOR,L,10,Y1_nocap,2.6074998038698958
NOR,L,0,Y2_nocap,0.0
NOR,L,1,Y2_nocap,0.24309655370483416
NOR,L,2,Y2_nocap,0.5621103334332084
NOR,L,3,Y2_nocap,0.6353041170022136
NOR,L,4,Y2_nocap,0.5656766654395851
NOR,L,5,Y2_nocap,0.4614596390172476
NOR,L,6,Y2_nocap,0.3768252961210342
NOR,L,7,Y2_nocap,0.328348504854671
NOR,L,8,Y2_nocap,0.31766517661386606
NOR,L,9,Y2_nocap,0.34731158873235485
NOR,L,10,Y2_nocap,0.378753419831524
NPL,G,0,Z1,1.0
NPL,G,1,Z1,0.951229424500714
NPL,G,2,Z1,0.9048374180359595
NPL,G,3,Z1,0.8607079764250578
NPL,G,4,Z1,0.8187307530779818
NPL,G,5,Z1,0.7788007830714049
NPL,G,6,Z1,0.7408182206817179
NPL,G,7,Z1,0.7046880897187134
NPL,G,8,Z1,0.6703200460356393
NPL,G,9,Z1,0.6376281516217733
NPL,G,10,Z1,0.6065306597126334
NPL,G,0,Z2,0.0
NPL,G,1,Z2,0.4089604927114798
NPL,G,2,Z2,1.3379894767905303
NPL,G,3,Z2,1.846748820389727
NPL,G,4,Z2,1.7902158400021972
NPL,G,5,Z2,1.4299366249749885
NPL,G,6,Z2,1.010512949810622
NPL,G,7,Z2,0.6562413737460083
NPL,G,8,Z2,0.40060909422434654
NPL,G,9,Z2,0.23327044975641356
NPL,G,10,Z2,0.13086200009247112
NPL,G,0,Y1,1.000000000000003
NPL,G,1,Y1,1.669920972914624
NPL,G,2,Y1,1.9871635468995872
NPL,G,3,Y1,2.1651456710477572
NPL,G,4,Y1,2.549385254901212
NPL,G,5,Y1,2.8631967082787906
NPL,G,6,Y1,3.140260312344115
NPL,G,7,Y1,3.401783903243844
NPL,G,8,Y1,3.8290754887245173
NPL,G,9,Y1,4.053618882751676
NPL,G,10,Y1,4.352018713677809
NPL,G,0,Y2,0.0
NPL,G,1,Y2,0.40896049271148105
NPL,G,2,Y2,1.6319059265374622
NPL,G,3,Y2,2.971397200816346
NPL,G,4,Y2,3.763317829252765
NPL,G,5,Y2,4.020954507930908
NPL,G,6,Y2,4.094174339581859
NPL,G,7,Y2,4.105961700983194
NPL,G,8,Y2,4.081394318618191
NPL,G,9,Y2,4.1123888689420856
NPL,G,10,Y2,4.233819519893314
NPL,G,0,Y1_nocap,1.000000000000003
NPL,G,1,Y1_nocap,1.6303824766456947
NPL,G,2,Y1_nocap,1.8854782402931523
NPL,G,3,Y1_nocap,1.9948678479192243
NPL,G,4,Y1_nocap,2.310207783889443
NPL,G,5,Y1_nocap,2.5466874826812607
NPL,G,6,Y1_nocap,2.7415991712874517
NPL,G,7,Y1_nocap,2.9180765748181083
NPL,G,8,Y1_nocap,3.2583261037685176
NPL,G,9,Y1_nocap,3.387473181301042
NPL,G,10,Y1_nocap,3.5909584798344243
NPL,G,0,Y2_nocap,0.0
NPL,G,1,Y2_nocap,0.40896049271148105
NPL,G,2,Y2_nocap,1.61573624362225
NPL,G,3,Y2_nocap,2.8922909139629076
NPL,G,4,Y2_nocap,3.57448854713747
NPL,G,5,Y2_nocap,3.7018564464904458
NPL,G,6,Y2_nocap,3.6474023661122166
NPL,G,7,Y2_nocap,3.541147649945404
NPL,G,8,Y2_nocap,3.4096539361854146
NPL,G,9,Y2_nocap,3.3451846821212476
NPL,G,10,Y2_nocap,3.3792925646540533
NPL,L,0,Z1,1.0
NPL,L,1,Z1,0.4894041335712689
NPL,L,2,Z1,0.23951640595664436
NPL,L,3,Z1,0.11722031913331585
NPL,L,4,Z1,0.05736810872238807
NPL,L,5,Z1,0.02807618954390268
NPL,L,6,Z1,0.013740603217716415
NPL,L,7,Z1,0.006724708012513087
NPL,L,8,Z1,0.003291099898383738
NPL,L,9,Z1,0.0016106778942649848
NPL,L,10,Z1,0.0007882724193051503
NPL,L,0,Z2,0.0
NPL,L,1,Z2,0.7408182206817179
NPL,L,2,Z2,4.390493088752212
NPL,L,3,Z2,10.977380812996177
NPL,L,4,Z2,19.276429562380937
NPL,L,5,Z2,27.891270018553726
NPL,L,6,Z2,35.7045598558627
NPL,L,7,Z2,42.00255489077279
NPL,L,8,Z2,46.447592084179206
NPL,L,9,Z2,48.99281878727759
NPL,L,10,Z2,49.787068367863945
NPL,L,0,Y1,1.00511673509676
NPL,L,1,Y1,0.9110005292087946
NPL,L,2,Y1,0.8035489835574385
NPL,L,3,Y1,0.6936150434505755
NPL,L,4,Y1,0.5968027933524932
NPL,L,5,Y1,0.5574307253029325
NPL,L,6,Y1,0.5444684202061105
NPL,L,7,Y1,0.5889512918816694
NPL,L,8,Y1,0.6831259991738631
NPL,L,9,Y1,0.6748784767052062
NPL,L,10,Y1,0.6236385223101502
NPL,L,0,Y2,0.0
NPL,L,1,Y2,0.7446087912717994
NPL,L,2,Y2,4.7234292495781505
NPL,L,3,Y2,13.138562597338854
NPL,L,4,Y2,25.768591675024602
NPL,L,5,Y2,41.54856216678481
NPL,L,6,Y2,59.09503259244264
NPL,L,7,Y2,77.13874656618805
NPL,L,8,Y2,94.74224298235633
NPL,L,9,Y2,111.44099948710942
NPL,L,10,Y2,127.15651776589421
NPL,L,0,Y1_nocap,1.00511673509676
NPL,L,1,Y1_nocap,0.871259724928333
NPL,L,2,Y1_nocap,0.7316877916971893
NPL,L,3,Y1_nocap,0.5970334562054089
NPL,L,4,Y1_nocap,0.4822728964152871
NPL,L,5,Y1_nocap,0.43054134341969186
NPL,L,6,Y1_nocap,0.40798892731684705
NPL,L,7,Y1_nocap,0.44433514008878094
NPL,L,8,Y1_nocap,0.5294127379598972
NPL,L,9,Y1_nocap,0.5092371505302862
NPL,L,10,Y1_nocap,0.44756555823932576
NPL,L,0,Y2_nocap,0.0
NPL,L,1,Y2_nocap,0.7446087912717994
NPL,L,2,Y2_nocap,4.693988537662639
NPL,L,3,Y2_nocap,12.925253196620789
NPL,L,4,Y2_nocap,25.056732302745566
NPL,L,5,Y2_nocap,39.8876961278077
NPL,L,6,Y2_nocap,55.954356193723406
NPL,L,7,Y2_nocap,71.9696916278941
NPL,L,8,Y2_nocap,87.03040430475446
NPL,L,9,Y2_nocap,100.7398487226015
NPL,L,10,Y2_nocap,113.09911013821221
NZL,G,0,Z1,1.0
NZL,G,1,Z1,0.006737947016618602
NZL,G,2,Z1,4.539992999875951e-05
NZL,G,3,Z1,3.0590232288983496e-07
NZL,G,4,Z1,2.0611536438922638e-09
NZL,G,5,Z1,1.388794404565646e-11
NZL,G,6,Z1,9.357623114939686e-14
NZL,G,7,Z1,6.305116874994901e-16
NZL,G,8,Z1,4.248354343730357e-18
NZL,G,9,Z1,2.862518647587668e-20
NZL,G,10,Z1,1.9287498981528477e-22
NZL,G,0,Z2,0.0
NZL,G,1,Z2,0.4695284449286442
NZL,G,2,Z2,1.763655684776887
NZL,G,3,Z2,2.7947919748371355
NZL,G,4,Z2,3.1104813744458304
NZL,G,5,Z2,2.852459927193481
NZL,G,6,Z2,2.3143295355893496
NZL,G,7,Z2,1.7255497080042153
NZL,G,8,Z2,1.2093867975968027
NZL,G,9,Z2,0.8085087016492087
NZL,G,10,Z2,0.520737768719657
NZL,G,0,Y1,1.000000000000003
NZL,G,1,Y1,0.7116820791841982
NZL,G,2,Y1,0.3817606557255932
NZL,G,3,Y1,0.2533388297024016
NZL,G,4,Y1,0.4671270672039836
NZL,G,5,Y1,0.4137797654796851
NZL,G,6,Y1,0.3901204809901341
NZL,G,7,Y1,0.38674436938132906
NZL,G,8,Y1,0.5643711309373225
NZL,G,9,Y1,0.3805814113461232
NZL,G,10,Y1,0.4641334354110823
NZL,G,0,Y2,0.0
NZL,G,1,Y2,0.46952844492864565
NZL,G,2,Y2,2.094647006915109
NZL,G,3,Y2,4.215066669452322
NZL,G,4,Y2,5.863232739082437
NZL,G,5,Y2,6.759509151582071
NZL,G,6,Y2,7.21218286347746
NZL,G,7,Y2,7.419135934774209
NZL,G,8,Y2,7.472313261333557
NZL,G,9,Y2,7.5204703254024805
NZL,G,10,Y2,7.673728775088496
NZL,G,0,Y1_nocap,1.000000000000003
NZL,G,1,Y1_nocap,0.6858909991615963
NZL,G,2,Y1_nocap,0.33923195252894583
NZL,G,3,Y1_nocap,0.2036311934190342
NZL,G,4,Y1_nocap,0.4140028451504494
NZL,G,5,Y1_nocap,0.3519393911703892
NZL,G,6,Y1_nocap,0.32148645172415125
NZL,G,7,Y1_nocap,0.31235293158098915
NZL,G,8,Y1_nocap,0.4846704203587517
NZL,G,9,Y1_nocap,0.29132320039056114
NZL,G,10,Y1_nocap,0.3706572353627746
NZL,G,0,Y2_nocap,0.0
NZL,G,1,Y2_nocap,0.46952844492864565
NZL,G,2,Y2_nocap,2.0825373612190665
NZL,G,3,Y2_nocap,4.149693242828262
NZL,G,4,Y2_nocap,5.693247929750678
NZL,G,5,Y2_nocap,6.448965430766151
NZL,G,6,Y2_nocap,6.746779112539737
NZL,G,7,Y2_nocap,6.7969088884896225
NZL,G,8,Y2_nocap,6.69776017669404
NZL,G,9,Y2_nocap,6.601772467155294
NZL,G,10,Y2_nocap,6.618683817399938
NZL,L,0,Z1,1.0
NZL,L,1,Z1,0.9512294244161378
NZL,L,2,Z1,0.9048374178750569
NZL,L,3,Z1,0.8607079761954747
NZL,L,4,Z1,0.8187307527868003
NZL,L,5,Z1,0.7788007827251793
NZL,L,6,Z1,0.7408182202865099
NZL,L,7,Z1,0.7046880892801244
NZL,L,8,Z1,0.6703200455588406
NZL,L,9,Z1,0.6376281511115353
NZL,L,10,Z1,0.6065306591733518
NZL,L,0,Z2,0.0
NZL,L,1,Z2,0.21227516594942109
NZL,L,2,Z2,0.3604859686308341
NZL,L,3,Z2,0.2582624884957248
NZL,L,4,Z2,0.1299501335797107
NZL,L,5,Z2,0.05387731673980963
NZL,L,6,Z2,0.0197628186560013
NZL,L,7,Z2,0.0066617517322779245
NZL,L,8,Z2,0.0021108796521730816
NZL,L,9,Z2,0.000637999340723579
NZL,L,10,Z2,0.00018577697658123338
NZL,L,0,Y1,1.00511673509676
NZL,L,1,Y1,1.3613710995943762
NZL,L,2,Y1,1.6350157390159252
NZL,L,3,Y1,1.8355580513896383
NZL,L,4,Y1,1.9820958549066119
NZL,L,5,Y1,2.1291245580532236
NZL,L,6,Y1,2.274948695332946
NZL,L,7,Y1,2.4641983890308747
NZL,L,8,Y1,2.715767521526537
NZL,L,9,Y1,2.899092410425
NZL,L,10,Y1,3.0257069418302764
NZL,L,0,Y2,0.0
NZL,L,1,Y2,0.21336132174120503
NZL,L,2,Y2,0.44836018865100624
NZL,L,3,Y2,0.4778616544472819
NZL,L,4,Y2,0.41735883098913246
NZL,L,5,Y2,0.34578545885679035
NZL,L,6,Y2,0.29510051197099163
NZL,L,7,Y2,0.27126005229804684
NZL,L,8,Y2,0.27398114188939143
NZL,L,9,Y2,0.30529752398703763
NZL,L,10,Y2,0.3318408893254909
NZL,L,0,Y1_nocap,1.00511673509676
NZL,L,1,Y1_nocap,1.3354480534474393
NZL,L,2,Y1_nocap,1.5756071641215559
NZL,L,3,Y1_nocap,1.7377063222984614
NZL,L,4,Y1_nocap,1.8430396398322682
NZL,L,5,Y1_nocap,1.9476685301784364
NZL,L,6,Y1_nocap,2.049959829088982
NZL,L,7,Y1_nocap,2.1946457809091244
NZL,L,8,Y1_nocap,2.399564926680971
NZL,L,9,Y1_nocap,2.5326771322633213
NZL,L,10,Y1_nocap,2.607499802556503
NZL,L,0,Y2_nocap,0.0
NZL,L,1,Y2_nocap,0.21336132174120503
NZL,L,2,Y2_nocap,0.44285736972825074
NZL,L,3,Y2_nocap,0.4611402382291797
NZL,L,4,Y2_nocap,0.38936149047446167
NZL,L,5,Y2_nocap,0.3087797699974886
NZL,L,6,Y2_nocap,0.25149736648971815
NZL,L,7,Y2_nocap,0.22278041352643874
NZL,L,8,Y2_nocap,0.2215456987164245
NZL,L,9,Y2_nocap,0.24908417544379965
NZL,L,10,Y2_nocap,0.2712788744508831
OMN,G,0,Z1,1.0
OMN,G,1,Z1,0.006737946999085479
OMN,G,2,Z1,4.539992976248501e-05
OMN,G,3,Z1,3.0590232050182743e-07
OMN,G,4,Z1,2.0611536224385723e-09
OMN,G,5,Z1,1.388794386496412e-11
OMN,G,6,Z1,9.357622968840275e-14
OMN,G,7,Z1,6.305116760147079e-16
OMN,G,8,Z1,4.24835425529165e-18
OMN,G,9,Z1,2.8625185805494346e-20
OMN,G,10,Z1,1.928749847963945e-22
OMN,G,0,Z2,0.0
OMN,G,1,Z2,0.503628877978448
OMN,G,2,Z2,2.0291363738706436
OMN,G,3,Z2,3.4490194039273336
OMN,G,4,Z2,4.117394423764904
OMN,G,5,Z2,4.050075652022339
OMN,G,6,Z2,3.5246621773828917
OMN,G,7,Z2,2.818827447099111
OMN,G,8,Z2,2.119117105106291
OMN,G,9,Z2,1.5195785302602962
OMN,G,10,Z2,1.049799218374667
OMN,G,0,Y1,1.000000000000003
OMN,G,1,Y1,0.7584077376346424
OMN,G,2,Y1,0.4589330414818543
OMN,G,3,Y1,0.3437160941343446
OMN,G,4,Y1,0.5639202620821094
OMN,G,5,Y1,0.5265984636260231
OMN,G,6,Y1,0.5155150751226212
OMN,G,7,Y1,0.5228605122188096
OMN,G,8,Y1,0.7104141934995377
OMN,G,9,Y1,0.544262410057405
OMN,G,10,Y1,0.6358130779144744
OMN,G,0,Y2,0.0
OMN,G,1,Y2,0.5036288779784496
OMN,G,2,Y2,2.40769898713873
OMN,G,3,Y2,5.202818250454705
OMN,G,4,Y2,7.802334728385772
OMN,G,5,Y2,9.684253101817268
OMN,G,6,Y2,11.015236216909026
OMN,G,7,Y2,11.964364943825458
OMN,G,8,Y2,12.632987947945075
OMN,G,9,Y2,13.195097720901018
OMN,G,10,Y2,13.816143993561186
OMN,G,0,Y1_nocap,1.000000000000003
OMN,G,1,Y1_nocap,0.6858909991440632
OMN,G,2,Y1_nocap,0.3392319525168019
OMN,G,3,Y1_nocap,0.2036311934130046
OMN,G,4,Y1_nocap,0.4140028451468385
OMN,G,5,Y1_nocap,0.35193939116310613
OMN,G,6,Y1_nocap,0.32148645171793155
OMN,G,7,Y1_nocap,0.3123529315753106
OMN,G,8,Y1_nocap,0.48467042035323693
OMN,G,9,Y1_nocap,0.29132320038202614
OMN,G,10,Y1_nocap,0.37065723535760925
OMN,G,0,Y2_nocap,0.0
OMN,G,1,Y2_nocap,0.5036288779784496
OMN,G,2,Y2_nocap,2.3711774634980634
OMN,G,3,Y2_nocap,4.995633053631354
OMN,G,4,Y2_nocap,7.240180116189115
OMN,G,5,Y2_nocap,8.61686478599825
OMN,G,6,Y2_nocap,9.360577157635536
OMN,G,7,Y2_nocap,9.689188745349947
OMN,G,8,Y2_nocap,9.73532099386268
OMN,G,9,Y2_nocap,9.69352039106897
OMN,G,10,Y2_nocap,9.73495882221654
OMN,L,0,Z1,1.0
OMN,L,1,Z1,0.9512294245002723
OMN,L,2,Z1,0.9048374180351192
OMN,L,3,Z1,0.8607079764238587
OMN,L,4,Z1,0.8187307530764609
OMN,L,5,Z1,0.7788007830695964
OMN,L,6,Z1,0.7408182206796536
OMN,L,7,Z1,0.7046880897164226
OMN,L,8,Z1,0.6703200460331489
OMN,L,9,Z1,0.6376281516191082
OMN,L,10,Z1,0.6065306597098167
OMN,L,0,Z2,0.0
OMN,L,1,Z2,0.23589823063077714
OMN,L,2,Z2,0.44518380171785055
OMN,L,3,Z2,0.3544359900661925
OMN,L,4,Z2,0.1981886173119585
OMN,L,5,Z2,0.09131317217783438
OMN,L,6,Z2,0.03722218401605988
OMN,L,7,Z2,0.013943342782006431
OMN,L,8,Z2,0.004909841004003241
OMN,L,9,Z2,0.0016491102055197718
OMN,L,10,Z2,0.000533638106443445
OMN,L,0,Y1,1.00511673509676
OMN,L,1,Y1,1.4083358409635205
OMN,L,2,Y1,1.7427699919613642
OMN,L,3,Y1,2.0132391343067355
OMN,L,4,Y1,2.234880266181242
OMN,L,5,Y1,2.4593587364339644
OMN,L,6,Y1,2.6848655478791357
OMN,L,7,Y1,2.9558448734717966
OMN,L,8,Y1,3.293101165954935
OMN,L,9,Y1,3.568749328597751
OMN,L,10,Y1,3.790740332620566
OMN,L,0,Y2,0.0
OMN,L,1,Y2,0.23710525938670923
OMN,L,2,Y2,0.5541441228854042
OMN,L,3,Y2,0.6526743006033565
OMN,L,4,Y2,0.6228083995380886
OMN,L,5,Y2,0.5579832514479359
OMN,L,6,Y2,0.5056396971194383
OMN,L,7,Y2,0.4814147290498232
OMN,L,8,Y2,0.4888879649721667
OMN,L,9,Y2,0.5329596380218485
OMN,L,10,Y2,0.5787227994425261
OMN,L,0,Y1_nocap,1.00511673509676
OMN,L,1,Y1_nocap,1.3354480535320041
OMN,L,2,Y1_nocap,1.5756071643143537
OMN,L,3,Y1_nocap,1.7377063226144194
OMN,L,4,Y1_nocap,1.8430396402790175
OMN,L,5,Y1_nocap,1.9476685307584605
OMN,L,6,Y1_nocap,2.0499598298045836
OMN,L,7,Y1_nocap,2.1946457817622984
OMN,L,8,Y1_nocap,2.39956492767718
OMN,L,9,Y1_nocap,2.5326771334128306
OMN,L,10,Y1_nocap,2.607499803863036
OMN,L,0,Y2_nocap,0.0
OMN,L,1,Y2_nocap,0.23710525938670923
OMN,L,2,Y2_nocap,0.5369500227957172
OMN,L,3,Y2_nocap,0.5971479569597371
OMN,L,4,Y2_nocap,0.5259346155986366
OMN,L,5,Y2_nocap,0.42638255062777397
OMN,L,6,Y2_nocap,0.3477544426249103
OMN,L,7,Y2_nocap,0.3038725850277435
OMN,L,8,Y2_nocap,0.2955634672821032
OMN,L,9,Y2_nocap,0.3250112322410089
OMN,L,10,Y2_nocap,0.35453012169889164
PAK,G,0,Z1,1.0
PAK,G,1,Z1,0.006737946999085479
PAK,G,2,Z1,4.539992976248501e-05
PAK,G,3,Z1,3.0590232050182743e-07
PAK,G,4,Z1,2.0611536224385723e-09
PAK,G,5,Z1,1.388794386496412e-11
PAK,G,6,Z1,9.357622968840275e-14
PAK,G,7,Z1,6.305116760147079e-16
PAK,G,8,Z1,4.24835425529165e-18
PAK,G,9,Z1,2.8625185805494346e-20
PAK,G,10,Z1,1.928749847963945e-22
PAK,G,0,Z2,0.0
PAK,G,1,Z2,0.4257245270481814
PAK,G,2,Z2,1.449930983443182
PAK,G,3,Z2,2.0832902398536293
PAK,G,4,Z2,2.1022998567485125
PAK,G,5,Z2,1.7480480707572652
PAK,G,6,Z2,1.285955029176116
PAK,G,7,Z2,0.8693503270102902
PAK,G,8,Z2,0.5524580859606021
PAK,G,9,Z2,0.3348771951466616
PAK,G,10,Z2,0.19556301169140458
PAK,G,0,Y1,1.000000000000003
PAK,G,1,Y1,0.732462555667106
PAK,G,2,Y1,0.4145332208118038
PAK,G,3,Y1,0.2895354569524528
PAK,G,4,Y1,0.5034633902003703
PAK,G,5,Y1,0.4545081800936264
PAK,G,6,Y1,0.43336866281073094
PAK,G,7,Y1,0.4314877254552515
PAK,G,8,Y1,0.6101320280081597
PAK,G,9,Y1,0.43070018404172705
PAK,G,10,Y1,0.513984994249435
PAK,G,0,Y2,0.0
PAK,G,1,Y2,0.42572452704818275
PAK,G,2,Y2,1.758889749235606
PAK,G,3,Y2,3.3099167191320036
PAK,G,4,Y2,4.330156828898243
PAK,G,5,Y2,4.756312977018713
PAK,G,6,Y2,4.932231367584884
PAK,G,7,Y2,5.003489727951163
PAK,G,8,Y2,5.011832017692373
PAK,G,9,Y2,5.062037076024056
PAK,G,10,Y2,5.207158610988642
PAK,G,0,Y1_nocap,1.000000000000003
PAK,G,1,Y1_nocap,0.6858909991440632
PAK,G,2,Y1_nocap,0.3392319525168019
PAK,G,3,Y1_nocap,0.2036311934130046
PAK,G,4,Y1_nocap,0.4140028451468385
PAK,G,5,Y1_nocap,0.35193939116310613
PAK,G,6,Y1_nocap,0.32148645171793155
PAK,G,7,Y1_nocap,0.3123529315753106
PAK,G,8,Y1_nocap,0.48467042035323693
PAK,G,9,Y1_nocap,0.29132320038202614
PAK,G,10,Y1_nocap,0.37065723535760925
PAK,G,0,Y2_nocap,0.0
PAK,G,1,Y2_nocap,0.42572452704818275
PAK,G,2,Y2_nocap,1.7390630953609358
PAK,G,3,Y2_nocap,3.2104671704940273
PAK,G,4,Y2_nocap,4.088052551695251
PAK,G,5,Y2_nocap,4.340526208431674
PAK,G,6,Y2_nocap,4.342987594672879
PAK,G,7,Y2_nocap,4.252642340419903
PAK,G,8,Y2_nocap,4.114738706118114
PAK,G,9,Y2_nocap,4.03521076353871
PAK,G,10,Y2_nocap,4.063254231038859
PAK,L,0,Z1,1.0
PAK,L,1,Z1,0.27808465307185665
PAK,L,2,Z1,0.07733107427409486
PAK,L,3,Z1,0.02150458496118565
PAK,L,4,Z1,0.005980095048385576
PAK,L,5,Z1,0.0016629726568670308
PAK,L,6,Z1,0.0004624471743528519
PAK,L,7,Z1,0.00012859946204397312
PAK,L,8,Z1,3.576153678772569e-05
PAK,L,9,Z1,9.944734550931147e-06
PAK,L,10,Z1,2.765478057487391e-06
PAK,L,0,Z2,0.0
PAK,L,1,Z2,0.7408182206817169
PAK,L,2,Z2,4.3904930887522
PAK,L,3,Z2,10.977380812996131
PAK,L,4,Z2,19.276429562380827
PAK,L,5,Z2,27.891270018553538
PAK,L,6,Z2,35.7045598558624
PAK,L,7,Z2,42.0025548907724
PAK,L,8,Z2,46.44759208417869
PAK,L,9,Z2,48.99281878727697
PAK,L,10,Z2,49.787068367863256
PAK,L,0,Y1,1.00511673509676
PAK,L,1,Y1,0.7056688294672353
PAK,L,2,Y1,0.5627724491358431
PAK,L,3,Y1,0.4666798514525662
PAK,L,4,Y1,0.3973104407612923
PAK,L,5,Y1,0.3859611011472882
PAK,L,6,Y1,0.38904309747034826
PAK,L,7,Y1,0.44064562945922203
PAK,L,8,Y1,0.5276218825781466
PAK,L,9,Y1,0.4980980586558668
PAK,L,10,Y1,0.44275492979984027
PAK,L,0,Y2,0.0
PAK,L,1,Y2,0.7446087912717984
PAK,L,2,Y2,4.728666128072895
PAK,L,3,Y2,13.176144488352971
PAK,L,4,Y2,25.892261997187674
PAK,L,5,Y2,41.83250776915719
PAK,L,6,Y2,59.62261367844806
PAK,L,7,Y2,77.99073165733971
PAK,L,8,Y2,95.98775094116759
PAK,L,9,Y2,113.1323063260233
PAK,L,10,Y2,129.32813637696728
PAK,L,0,Y1_nocap,1.00511673509676
PAK,L,1,Y1_nocap,0.6588589786264204
PAK,L,2,Y1_nocap,0.4885082513977024
PAK,L,3,Y1_nocap,0.3747890740778403
PAK,L,4,Y1_nocap,0.2943053447080774
PAK,L,5,Y1_nocap,0.27635679408500086
PAK,L,6,Y1_nocap,0.2741307973811007
PAK,L,7,Y1_nocap,0.3208952402946429
PAK,L,8,Y1_nocap,0.40118932527922463
PAK,L,9,Y1_nocap,0.361704962543835
PAK,L,10,Y1_nocap,0.2989273908251206
PAK,L,0,Y2_nocap,0.0
PAK,L,1,Y2_nocap,0.7446087912717984
PAK,L,2,Y2_nocap,4.693988537662626
PAK,L,3,Y2_nocap,12.925253196620735
PAK,L,4,Y2_nocap,25.056732302745434
PAK,L,5,Y2_nocap,39.88769612780746
PAK,L,6,Y2_nocap,55.95435619372299
PAK,L,7,Y2_nocap,71.9696916278935
PAK,L,8,Y2_nocap,87.03040430475362
PAK,L,9,Y2_nocap,100.73984872260041
PAK,L,10,Y2_nocap,113.09911013821089
PAN,G,0,Z1,1.0
PAN,G,1,Z1,0.006737946999085479
PAN,G,2,Z1,4.539992976248501e-05
PAN,G,3,Z1,3.0590232050182743e-07
PAN,G,4,Z1,2.0611536224385723e-09
PAN,G,5,Z1,1.388794386496412e-11
PAN,G,6,Z1,9.357622968840275e-14
PAN,G,7,Z1,6.305116760147079e-16
PAN,G,8,Z1,4.24835425529165e-18
PAN,G,9,Z1,2.8625185805494346e-20
PAN,G,10,Z1,1.928749847963945e-22
PAN,G,0,Z2,0.0
PAN,G,1,Z2,0.4674317616716784
PAN,G,2,Z2,1.74793961455591
PAN,G,3,Z2,2.757518414980594
PAN,G,4,Z2,3.0552928961338632
PAN,G,5,Z2,2.7893377751226875
PAN,G,6,Z2,2.2530097211724702
PAN,G,7,Z2,1.6723287404613678
PAN,G,8,Z2,1.1668518351457562
PAN,G,9,Z2,0.7765894744079226
PAN,G,10,Z2,0.49794593431848877
PAN,G,0,Y1,1.000000000000003
PAN,G,1,Y1,0.7448152549880117
PAN,G,2,Y1,0.4358311149712488
PAN,G,3,Y1,0.31572628480876536
PAN,G,4,Y1,0.5328829384098287
PAN,G,5,Y1,0.48968489242346586
PAN,G,6,Y1,0.4735628422364585
PAN,G,7,Y1,0.476299230127256
PAN,G,8,Y1,0.6593963428389927
PAN,G,9,Y1,0.486481040133533
PAN,G,10,Y1,0.5739038132736499
PAN,G,0,Y2,0.0
PAN,G,1,Y2,0.4674317616716798
PAN,G,2,Y2,2.092940390879069
PAN,G,3,Y2,4.249008467766915
PAN,G,4,Y2,5.989796885960632
PAN,G,5,Y2,7.027183269376275
PAN,G,6,Y2,7.645483242352769
PAN,G,7,Y2,8.025617933932486
PAN,G,8,Y2,8.249426534057482
PAN,G,9,Y2,8.459059523407205
PAN,G,10,Y2,8.762282182869384
PAN,G,0,Y1_nocap,1.000000000000003
PAN,G,1,Y1_nocap,0.6858909991440632
PAN,G,2,Y1_nocap,0.3392319525168019
PAN,G,3,Y1_nocap,0.2036311934130046
PAN,G,4,Y1_nocap,0.4140028451468385
PAN,G,5,Y1_nocap,0.35193939116310613
PAN,G,6,Y1_nocap,0.32148645171793155
PAN,G,7,Y1_nocap,0.3123529315753106
PAN,G,8,Y1_nocap,0.48467042035323693
PAN,G,9,Y1_nocap,0.29132320038202614
PAN,G,10,Y1_nocap,0.37065723535760925
PAN,G,0,Y2_nocap,0.0
PAN,G,1,Y2_nocap,0.4674317616716798
PAN,G,2,Y2_nocap,2.0653973221647397
PAN,G,3,Y2_nocap,4.101044493774149
PAN,G,4,Y2_nocap,5.6070640804169205
PAN,G,5,Y2_nocap,6.331860216814997
PAN,G,6,Y2_nocap,6.609401200608177
PAN,G,7,Y2_nocap,6.648272534420915
PAN,G,8,Y2_nocap,6.5444002991194505
PAN,G,9,Y2_nocap,6.447714277901177
PAN,G,10,Y2_nocap,6.4645627190333945
PAN,L,0,Z1,1.0
PAN,L,1,Z1,0.7816077012387341
PAN,L,2,Z1,0.6109105986356982
PAN,L,3,Z1,0.477492428662027
PAN,L,4,Z1,0.3732117595254271
PAN,L,5,Z1,0.2917051854379323
PAN,L,6,Z1,0.22799901942956094
PAN,L,7,Z1,0.17820578946102458
PAN,L,8,Z1,0.13928701744806524
PAN,L,9,Z1,0.10886780551998171
PAN,L,10,Z1,0.08509191521137847
PAN,L,0,Z2,0.0
PAN,L,1,Z2,0.2596299737899239
PAN,L,2,Z2,0.5392617863212528
PAN,L,3,Z2,0.4725287666386685
PAN,L,4,Z2,0.29080327418638846
PAN,L,5,Z2,0.1474633719824924
PAN,L,6,Z2,0.06615805490401816
PAN,L,7,Z2,0.027275826957536352
PAN,L,8,Z2,0.010570818034690477
PAN,L,9,Z2,0.0039076980108761275
PAN,L,10,Z2,0.0013917085488926036
PAN,L,0,Y1,1.00511673509676
PAN,L,1,Y1,1.2241841764977563
PAN,L,2,Y1,1.3409454843568038
PAN,L,3,Y1,1.3801824380388148
PAN,L,4,Y1,1.371737197744061
PAN,L,5,Y1,1.3759836910941536
PAN,L,6,Y1,1.3884454580155676
PAN,L,7,Y1,1.4518128922938858
PAN,L,8,Y1,1.5773763633499003
PAN,L,9,Y1,1.6260084303056257
PAN,L,10,Y1,1.6203111078090582
PAN,L,0,Y2,0.0
PAN,L,1,Y2,0.2609584315889857
PAN,L,2,Y2,0.6558888318546838
PAN,L,3,Y2,0.8111819241296649
PAN,L,4,Y2,0.7928897108402555
PAN,L,5,Y2,0.712410679492795
PAN,L,6,Y2,0.6366662174065766
PAN,L,7,Y2,0.5931813560544053
PAN,L,8,Y2,0.5896834958662969
PAN,L,9,Y2,0.6330619632985761
PAN,L,10,Y2,0.6854119205596038
PAN,L,0,Y1_nocap,1.00511673509676
PAN,L,1,Y1_nocap,1.1649584208458807
PAN,L,2,Y1_nocap,1.2158301542591512
PAN,L,3,Y1_nocap,1.1892446384324016
PAN,L,4,Y1_nocap,1.1196050231236576
PAN,L,5,Y1_nocap,1.0696069028236839
PAN,L,6,Y1_nocap,1.0332932067190241
PAN,L,7,Y1_nocap,1.0522936006178645
PAN,L,8,Y1_nocap,1.1344340659166385
PAN,L,9,Y1_nocap,1.136822770675444
PAN,L,10,Y1_nocap,1.0868922243052315
PAN,L,0,Y2_nocap,0.0
PAN,L,1,Y2_nocap,0.2609584315889857
PAN,L,2,Y2_nocap,0.6405120504670989
PAN,L,3,Y2_nocap,0.758778658219438
PAN,L,4,Y2_nocap,0.6982133801849537
PAN,L,5,Y2_nocap,0.5809962708367914
PAN,L,6,Y2_nocap,0.4771294388338711
PAN,L,7,Y2_nocap,0.4129505230042927
PAN,L,8,Y2_nocap,0.3935028338775477
PAN,L,9,Y2_nocap,0.422819278223036
PAN,L,10,Y2_nocap,0.4600338215419388
PER,G,0,Z1,1.0
PER,G,1,Z1,0.951229424500714
PER,G,2,Z1,0.9048374180359595
PER,G,3,Z1,0.8607079764250578
PER,G,4,Z1,0.8187307530779818
PER,G,5,Z1,0.7788007830714049
PER,G,6,Z1,0.7408182206817179
PER,G,7,Z1,0.7046880897187134
PER,G,8,Z1,0.6703200460356393
PER,G,9,Z1,0.6376281516217733
PER,G,10,Z1,0.6065306597126334
PER,G,0,Z2,0.0
PER,G,1,Z2,0.4309740784808008
PER,G,2,Z2,1.4859092505790037
PER,G,3,Z2,2.1613107486635443
PER,G,4,Z2,2.2079263009562564
PER,G,5,Z2,1.8585136775549733
PER,G,6,Z2,1.384078267344762
PER,G,7,Z2,0.9472228543716424
PER,G,8,Z2,0.6093673188067973
PER,G,9,Z2,0.37392790452548097
PER,G,10,Z2,0.22106067773817034
PER,G,0,Y1,1.000000000000003
PER,G,1,Y1,1.67437875434549
PER,G,2,Y1,1.9988737670533836
PER,G,3,Y1,2.185208187530925
PER,G,4,Y1,2.5782281067669963
PER,G,5,Y1,2.9021450479175206
PER,G,6,Y1,3.1902646110138395
PER,G,7,Y1,3.463585878187579
PER,G,8,Y1,3.903311536680544
PER,G,9,Y1,4.141632880916852
PER,G,10,Y1,4.4541889242430495
PER,G,0,Y2,0.0
PER,G,1,Y2,0.43097407848080216
PER,G,2,Y2,1.797567866612868
PER,G,3,Y2,3.410887488801612
PER,G,4,Y2,4.4967061690105075
PER,G,5,Y2,4.9700458850453835
PER,G,6,Y2,5.1743892737891635
PER,G,7,Y2,5.262719730386369
PER,G,8,Y2,5.282188717941613
PER,G,9,Y2,5.341718124030838
PER,G,10,Y2,5.499794328153239
PER,G,0,Y1_nocap,1.000000000000003
PER,G,1,Y1_nocap,1.6303824766456947
PER,G,2,Y1_nocap,1.8854782402931523
PER,G,3,Y1_nocap,1.9948678479192243
PER,G,4,Y1_nocap,2.310207783889443
PER,G,5,Y1_nocap,2.5466874826812607
PER,G,6,Y1_nocap,2.7415991712874517
PER,G,7,Y1_nocap,2.9180765748181083
PER,G,8,Y1_nocap,3.2583261037685176
PER,G,9,Y1_nocap,3.387473181301042
PER,G,10,Y1_nocap,3.5909584798344243
PER,G,0,Y2_nocap,0.0
PER,G,1,Y2_nocap,0.43097407848080216
PER,G,2,Y2_nocap,1.7786066113746135
PER,G,3,Y2_nocap,3.314678984035204
PER,G,4,Y2_nocap,4.259762540321099
PER,G,5,Y2_nocap,4.558245002706793
PER,G,6,Y2_nocap,4.583865296099305
PER,G,7,Y2_nocap,4.501816599393839
PER,G,8,Y2_nocap,4.363545236852742
PER,G,9,Y2_nocap,4.279776911263036
PER,G,10,Y2_nocap,4.305834708315022
PER,L,0,Z1,1.0
PER,L,1,Z1,0.6719352620086539
PER,L,2,Z1,0.4514969963306385
PER,L,3,Z1,0.30337675252554785
PER,L,4,Z1,0.20384953769558858
PER,L,5,Z1,0.1369736925218283
PER,L,6,Z1,0.0920374539729475
PER,L,7,Z1,0.06184321074992192
PER,L,8,Z1,0.04155463401870519
PER,L,9,Z1,0.027922023897032397
PER,L,10,Z1,0.018761792443064362
PER,L,0,Z2,0.0
PER,L,1,Z2,0.7408182206817178
PER,L,2,Z2,4.39049308875221
PER,L,3,Z2,10.977380812996172
PER,L,4,Z2,19.276429562380926
PER,L,5,Z2,27.891270018553715
PER,L,6,Z2,35.70455985586267
PER,L,7,Z2,42.00255489077277
PER,L,8,Z2,46.44759208417916
PER,L,9,Z2,48.99281878727752
PER,L,10,Z2,49.787068367863895
PER,L,0,Y1,1.00511673509676
PER,L,1,Y1,1.0989462117948734
PER,L,2,Y1,1.1022783970953813
PER,L,3,Y1,1.0484980489033926
PER,L,4,Y1,0.9703625164592318
PER,L,5,Y1,0.9266415052225979
PER,L,6,Y1,0.9043418993401655
PER,L,7,Y1,0.9409474359372817
PER,L,8,Y1,1.0389013748231397
PER,L,9,Y1,1.0516138823225054
PER,L,10,Y1,1.0138840688694448
PER,L,0,Y2,0.0
PER,L,1,Y2,0.7446087912717992
PER,L,2,Y2,4.72674855282114
PER,L,3,Y2,13.162795171310936
PER,L,4,Y2,25.850349156031843
PER,L,5,Y2,41.74165950009488
PER,L,6,Y2,59.46498194980487
PER,L,7,Y2,77.75606087869393
PER,L,8,Y2,95.67653287243958
PER,L,9,Y2,112.75680361331754
PER,L,10,Y2,128.91142442023337
PER,L,0,Y1_nocap,1.00511673509676
PER,L,1,Y1_nocap,1.054724816796845
PER,L,2,Y1_nocap,1.013996477024514
PER,L,3,Y1_nocap,0.9202824149304898
PER,L,4,Y1_nocap,0.8084524606662943
PER,L,5,Y1_nocap,0.7377427103840096
PER,L,6,Y1_nocap,0.6929955555707767
PER,L,7,Y1_nocap,0.7103118228118906
PER,L,8,Y1_nocap,0.7892368444784311
PER,L,9,Y1_nocap,0.7804564340889276
PER,L,10,Y1_nocap,0.7227589903276327
PER,L,0,Y2_nocap,0.0
PER,L,1,Y2_nocap,0.7446087912717992
PER,L,2,Y2_nocap,4.693988537662637
PER,L,3,Y2_nocap,12.925253196620782
PER,L,4,Y2_nocap,25.05673230274555
PER,L,5,Y2_nocap,39.887696127807686
PER,L,6,Y2_nocap,55.95435619372337
PER,L,7,Y2_nocap,71.96969162789406
PER,L,8,Y2_nocap,87.0304043047544
PER,L,9,Y2_nocap,100.7398487226014
PER,L,10,Y2_nocap,113.0991101382121
PHL,G,0,Z1,1.0
PHL,G,1,Z1,0.006737946999085479
PHL,G,2,Z1,4.539992976248501e-05
PHL,G,3,Z1,3.0590232050182743e-07
PHL,G,4,Z1,2.0611536224385723e-09
PHL,G,5,Z1,1.388794386496412e-11
PHL,G,6,Z1,9.357622968840275e-14
PHL,G,7,Z1,6.305116760147079e-16
PHL,G,8,Z1,4.24835425529165e-18
PHL,G,9,Z1,2.8625185805494346e-20
PHL,G,10,Z1,1.928749847963945e-22
PHL,G,0,Z2,0.0
PHL,G,1,Z2,0.45300196338893167
PHL,G,2,Z2,1.641686230673816
PHL,G,3,Z2,2.5099439144528706
PHL,G,4,Z2,2.695133679984002
PHL,G,5,Z2,2.384571969977323
PHL,G,6,Z2,1.8666128751700737
PHL,G,7,Z2,1.342748606422741
PHL,G,8,Z2,0.9079681941230138
PHL,G,9,Z2,0.5856367033340623
PHL,G,10,Z2,0.363915742720098
PHL,G,0,Y1,1.000000000000003
PHL,G,1,Y1,0.7401385936622364
PHL,G,2,Y1,0.4284035967263092
PHL,G,3,Y1,0.30745112461793445
PHL,G,4,Y1,0.5244983383529217
PHL,G,5,Y1,0.4802415534715221
PHL,G,6,Y1,0.4634788084674645
PHL,G,7,Y1,0.46580711087300536
PHL,G,8,Y1,0.6486083945802231
PHL,G,9,Y1,0.47465139878178286
PHL,G,10,Y1,0.5620706852460697
PHL,G,0,Y2,0.0
PHL,G,1,Y2,0.45300196338893306
PHL,G,2,Y2,1.9739181635629406
PHL,G,3,Y2,3.9057662006744134
PHL,G,4,Y2,5.369013688041728
PHL,G,5,Y2,6.160596421165466
PHL,G,6,Y2,6.594674003743474
PHL,G,7,Y2,6.844590187676937
PHL,G,8,Y2,6.979042298579949
PHL,G,9,Y2,7.126307406986804
PHL,G,10,Y2,7.373161295390408
PHL,G,0,Y1_nocap,1.000000000000003
PHL,G,1,Y1_nocap,0.6858909991440632
PHL,G,2,Y1_nocap,0.3392319525168019
PHL,G,3,Y1_nocap,0.2036311934130046
PHL,G,4,Y1_nocap,0.4140028451468385
PHL,G,5,Y1_nocap,0.35193939116310613
PHL,G,6,Y1_nocap,0.32148645171793155
PHL,G,7,Y1_nocap,0.3123529315753106
PHL,G,8,Y1_nocap,0.48467042035323693
PHL,G,9,Y1_nocap,0.29132320038202614
PHL,G,10,Y1_nocap,0.37065723535760925
PHL,G,0,Y2_nocap,0.0
PHL,G,1,Y2_nocap,0.45300196338893306
PHL,G,2,Y2_nocap,1.9493438967370815
PHL,G,3,Y2_nocap,3.77647932190864
PHL,G,4,Y2_nocap,5.040305018973892
PHL,G,5,Y2_nocap,5.572302348222252
PHL,G,6,Y2_nocap,5.728863800334386
PHL,G,7,Y2_nocap,5.704454524982254
PHL,G,8,Y2_nocap,5.577454743438314
PHL,G,9,Y2_nocap,5.48116482221236
PHL,G,10,Y2_nocap,5.499941128911296
PHL,L,0,Z1,1.0
PHL,L,1,Z1,0.7024758933392294
PHL,L,2,Z1,0.49347238072274846
PHL,L,3,Z1,0.3466524514864491
PHL,L,4,Z1,0.24351499053617723
PHL,L,5,Z1,0.17106341051839508
PHL,L,6,Z1,0.12016792212156495
PHL,L,7,Z1,0.08441506844306526
PHL,L,8,Z1,0.05929955061583448
PHL,L,9,Z1,0.04165650479347319
PHL,L,10,Z1,0.029262690418184963
PHL,L,0,Z2,0.0
PHL,L,1,Z2,0.25353662961193885
PHL,L,2,Z2,0.5142465804398518
PHL,L,3,Z2,0.44003366368037367
PHL,L,4,Z2,0.26444954549408095
PHL,L,5,Z2,0.13095243450581717
PHL,L,6,Z2,0.05737174079169548
PHL,L,7,Z2,0.023098251684197303
PHL,L,8,Z2,0.008741695264003249
PHL,L,9,Z2,0.003155687161536316
PHL,L,10,Z2,0.0010975065665920216
PHL,L,0,Y1,1.00511673509676
PHL,L,1,Y1,1.1399468815365859
PHL,L,2,Y1,1.1788833798992218
PHL,L,3,Y1,1.153383985039712
PHL,L,4,Y1,1.095939639110099
PHL,L,5,Y1,1.0663043568569117
PHL,L,6,Y1,1.0545126011043084
PHL,L,7,Y1,1.099760138305651
PHL,L,8,Y1,1.2072941780304698
PHL,L,9,Y1,1.232774618168142
PHL,L,10,Y1,1.206781692722108
PHL,L,0,Y2,0.0
PHL,L,1,Y2,0.2548339093829885
PHL,L,2,Y2,0.6268814561008602
PHL,L,3,Y2,0.7612664970851674
PHL,L,4,Y2,0.7336206549226465
PHL,L,5,Y2,0.652433217240586
PHL,L,6,Y2,0.579674670056048
PHL,L,7,Y2,0.539242171863174
PHL,L,8,Y2,0.5371887927149892
PHL,L,9,Y2,0.5794091398744772
PHL,L,10,Y2,0.6283407911914798
PHL,L,0,Y1_nocap,1.00511673509676
PHL,L,1,Y1_nocap,1.0854217164476267
PHL,L,2,Y1_nocap,1.0677722708144428
PHL,L,3,Y1_nocap,0.9890267062884044
PHL,L,4,Y1_nocap,0.8848496741043212
PHL,L,5,Y1_nocap,0.8161005596920212
PHL,L,6,Y1_nocap,0.7705711838982203
PHL,L,7,Y1_nocap,0.785971353398978
PHL,L,8,Y1_nocap,0.8640792123274692
PHL,L,9,Y1_nocap,0.8571351848030261
PHL,L,10,Y1_nocap,0.8004595964587407
PHL,L,0,Y2_nocap,0.0
PHL,L,1,Y2_nocap,0.2548339093829885
PHL,L,2,Y2_nocap,0.613057329515171
PHL,L,3,Y2_nocap,0.714767496953369
PHL,L,4,Y2_nocap,0.6503048996778699
PHL,L,5,Y2_nocap,0.5373476761295907
PHL,L,6,Y2_nocap,0.44028454584561544
PHL,L,7,Y2_nocap,0.38183615723437864
PHL,L,8,Y2_nocap,0.36569606219042894
PHL,L,9,Y2_nocap,0.3952983219841771
PHL,L,10,Y2_nocap,0.43053727077081516
POL,G,0,Z1,1.0
POL,G,1,Z1,0.951229424500714
POL,G,2,Z1,0.9048374180359595
POL,G,3,Z1,0.8607079764250578
POL,G,4,Z1,0.8187307530779818
POL,G,5,Z1,0.7788007830714049
POL,G,6,Z1,0.7408182206817179
POL,G,7,Z1,0.7046880897187134
POL,G,8,Z1,0.6703200460356393
POL,G,9,Z1,0.6376281516217733
POL,G,10,Z1,0.6065306597126334
POL,G,0,Z2,0.0
POL,G,1,Z2,0.4142369376015183
POL,G,2,Z2,1.3727379237878732
POL,G,3,Z2,1.9191557936678236
POL,G,4,Z2,1.884409407405441
POL,G,5,Z2,1.5245937150607842
POL,G,6,Z2,1.0913063586277847
POL,G,7,Z2,0.7178535905841754
POL,G,8,Z2,0.4438748518397656
POL,G,9,Z2,0.26179836510338106
POL,G,10,Z2,0.14876070374418202
POL,G,0,Y1,1.000000000000003
POL,G,1,Y1,1.6681887541672658
POL,G,2,Y1,1.982981555336853
POL,G,3,Y1,2.15864650117972
POL,G,4,Y1,2.540993620313556
POL,G,5,Y1,2.852960976391002
POL,G,6,Y1,3.1284238441902876
POL,G,7,Y1,3.3886843647268785
POL,G,8,Y1,3.8150860309316665
POL,G,9,Y1,4.038824212245546
POL,G,10,Y1,4.336925174768238
POL,G,0,Y2,0.0
POL,G,1,Y2,0.4142369376015196
POL,G,2,Y2,1.669728960893786
POL,G,3,Y2,3.0674535677350616
POL,G,4,Y2,3.9170062490549427
POL,G,5,Y2,4.211808248154556
POL,G,6,Y2,4.303566599380735
POL,G,7,Y2,4.323454178766011
POL,G,8,Y2,4.301718497899793
POL,G,9,Y2,4.333989900669152
POL,G,10,Y2,4.460076969866574
POL,G,0,Y1_nocap,1.000000000000003
POL,G,1,Y1_nocap,1.6303824766456947
POL,G,2,Y1_nocap,1.8854782402931523
POL,G,3,Y1_nocap,1.9948678479192243
POL,G,4,Y1_nocap,2.310207783889443
POL,G,5,Y1_nocap,2.5466874826812607
POL,G,6,Y1_nocap,2.7415991712874517
POL,G,7,Y1_nocap,2.9180765748181083
POL,G,8,Y1_nocap,3.2583261037685176
POL,G,9,Y1_nocap,3.387473181301042
POL,G,10,Y1_nocap,3.5909584798344243
POL,G,0,Y2_nocap,0.0
POL,G,1,Y2_nocap,0.4142369376015196
POL,G,2,Y2_nocap,1.6540682042711372
POL,G,3,Y2_nocap,2.990062954703661
POL,G,4,Y2_nocap,3.7305471133682957
POL,G,5,Y2_nocap,3.8938871815558995
POL,G,6,Y2_nocap,3.854759943961816
POL,G,7,Y2_nocap,3.7519632119920123
POL,G,8,Y2_nocap,3.6177304025898738
POL,G,9,Y2_nocap,3.548357147359942
POL,G,10,Y2_nocap,3.5806425695920527
POL,L,0,Z1,1.0
POL,L,1,Z1,0.9512294245006725
POL,L,2,Z1,0.9048374180358805
POL,L,3,Z1,0.860707976424945
POL,L,4,Z1,0.8187307530778387
POL,L,5,Z1,0.7788007830712347
POL,L,6,Z1,0.7408182206815237
POL,L,7,Z1,0.7046880897184978
POL,L,8,Z1,0.670320046035405
POL,L,9,Z1,0.6376281516215225
POL,L,10,Z1,0.6065306597123684
POL,L,0,Z2,0.0
POL,L,1,Z2,0.7408182206816891
POL,L,2,Z2,4.390493088751871
POL,L,3,Z2,10.977380812994898
POL,L,4,Z2,19.276429562377942
POL,L,5,Z2,27.891270018548315
POL,L,6,Z2,35.704559855854384
POL,L,7,Z2,42.002554890761395
POL,L,8,Z2,46.44759208416479
POL,L,9,Z2,48.99281878726047
POL,L,10,Z2,49.78706836784462
POL,L,0,Y1,1.00511673509676
POL,L,1,Y1,1.37344777576105
POL,L,2,Y1,1.6621436164816097
POL,L,3,Y1,1.879366277264423
POL,L,4,Y1,2.0431204302554367
POL,L,5,Y1,2.2071520393551243
POL,L,6,Y1,2.3697508809820262
POL,L,7,Y1,2.575514353900303
POL,L,8,Y1,2.8438442386182006
POL,L,9,Y1,3.0448577644407355
POL,L,10,Y1,3.1891269558731308
POL,L,0,Y2,0.0
POL,L,1,Y2,0.7446087912717705
POL,L,2,Y2,4.7221394242701065
POL,L,3,Y2,13.129420543289545
POL,L,4,Y2,25.73906973191123
POL,L,5,Y2,41.48229184550591
POL,L,6,Y2,58.97506197171872
POL,L,7,Y2,76.95068591291951
POL,L,8,Y2,94.47649081282319
POL,L,9,Y2,111.09381472685048
POL,L,10,Y2,126.72991581955095
POL,L,0,Y1_nocap,1.00511673509676
POL,L,1,Y1_nocap,1.3354480535324065
POL,L,2,Y1_nocap,1.5756071643152707
POL,L,3,Y1_nocap,1.7377063226159222
POL,L,4,Y1_nocap,1.8430396402811424
POL,L,5,Y1_nocap,1.9476685307612194
POL,L,6,Y1_nocap,2.049959829807988
POL,L,7,Y1_nocap,2.194645781766356
POL,L,8,Y1_nocap,2.3995649276819186
POL,L,9,Y1_nocap,2.5326771334182987
POL,L,10,Y1_nocap,2.60749980386925
POL,L,0,Y2_nocap,0.0
POL,L,1,Y2_nocap,0.7446087912717705
POL,L,2,Y2_nocap,4.6939885376622845
POL,L,3,Y2_nocap,12.925253196619364
POL,L,4,Y2_nocap,25.05673230274196
POL,L,5,Y2_nocap,39.88769612780065
POL,L,6,Y2_nocap,55.95435619371171
POL,L,7,Y2_nocap,71.96969162787681
POL,L,8,Y2_nocap,87.03040430473092
POL,L,9,Y2_nocap,100.7398487225714
POL,L,10,Y2_nocap,113.0991101381755
PRT,G,0,Z1,1.0
PRT,G,1,Z1,0.951229424500714
PRT,G,2,Z1,0.9048374180359595
PRT,G,3,Z1,0.8607079764250578
PRT,G,4,Z1,0.8187307530779818
PRT,G,5,Z1,0.7788007830714049
PRT,G,6,Z1,0.7408182206817179
PRT,G,7,Z1,0.7046880897187134
PRT,G,8,Z1,0.6703200460356393
PRT,G,9,Z1,0.6376281516217733
PRT,G,10,Z1,0.6065306597126334
PRT,G,0,Z2,0.0
PRT,G,1,Z2,0.4381323688807318
PRT,G,2,Z2,1.5356797812883332
PRT,G,3,Z2,2.2708046939110926
PRT,G,4,Z2,2.3583123906577828
PRT,G,5,Z2,2.018072254452493
PRT,G,6,Z2,1.527867839374415
PRT,G,7,Z2,1.0629956761111887
PRT,G,8,Z2,0.6952046664912533
PRT,G,9,Z2,0.43368618266590253
PRT,G,10,Z2,0.26064739994822195
PRT,G,0,Y1,1.000000000000003
PRT,G,1,Y1,1.6526997750332484
PRT,G,2,Y1,1.9432280974050689
PRT,G,3,Y1,2.092229984781969
PRT,G,4,Y1,2.44793163756922
PRT,G,5,Y1,2.730086736661479
PRT,G,6,Y1,2.974000613786238
PRT,G,7,Y1,3.201737220991873
PRT,G,8,Y1,3.5949951680459815
PRT,G,9,Y1,3.7824801204216616
PRT,G,10,Y1,4.044693892640809
PRT,G,0,Y2,0.0
PRT,G,1,Y2,0.4381323688807332
PRT,G,2,Y2,1.8430166476667529
PRT,G,3,Y2,3.510643226039814
PRT,G,4,Y2,4.6279589914903685
PRT,G,5,Y2,5.090035775503156
PRT,G,6,Y2,5.251165328508369
PRT,G,7,Y2,5.279898861426236
PRT,G,8,Y2,5.2335515474417
PRT,G,9,Y2,5.228452132724059
PRT,G,10,Y2,5.330134628999877
PRT,G,0,Y1_nocap,1.000000000000003
PRT,G,1,Y1_nocap,1.6303824766456947
PRT,G,2,Y1_nocap,1.8854782402931523
PRT,G,3,Y1_nocap,1.9948678479192243
PRT,G,4,Y1_nocap,2.310207783889443
PRT,G,5,Y1_nocap,2.5466874826812607
PRT,G,6,Y1_nocap,2.7415991712874517
PRT,G,7,Y1_nocap,2.9180765748181083
PRT,G,8,Y1_nocap,3.2583261037685176
PRT,G,9,Y1_nocap,3.387473181301042
PRT,G,10,Y1_nocap,3.5909584798344243
PRT,G,0,Y2_nocap,0.0
PRT,G,1,Y2_nocap,0.4381323688807332
PRT,G,2,Y2_nocap,1.833238716857196
PRT,G,3,Y2_nocap,3.460369975930884
PRT,G,4,Y2_nocap,4.5026068063908244
PRT,G,5,Y2_nocap,4.869551372037803
PRT,G,6,Y2_nocap,4.931422599515956
PRT,G,7,Y2_nocap,4.8637563388107266
PRT,G,8,Y2_nocap,4.726636601770588
PRT,G,9,Y2_nocap,4.637701803100047
PRT,G,10,Y2_nocap,4.661114315416425
PRT,L,0,Z1,1.0
PRT,L,1,Z1,0.7705309213596784
PRT,L,2,Z1,0.5937179007713949
PRT,L,3,Z1,0.45747800110911696
PRT,L,4,Z1,0.35250094569639184
PRT,L,5,Z1,0.2716128784675988
PRT,L,6,Z1,0.20928612149879322
PRT,L,7,Z1,0.16126142802625873
PRT,L,8,Z1,0.1242569167168506
PRT,L,9,Z1,0.09574379652314771
PRT,L,10,Z1,0.07377355574945459
PRT,L,0,Z2,0.0
PRT,L,1,Z2,0.7408182206817154
PRT,L,2,Z2,4.390493088752183
PRT,L,3,Z2,10.977380812996069
PRT,L,4,Z2,19.276429562380677
PRT,L,5,Z2,27.891270018553264
PRT,L,6,Z2,35.70455985586198
PRT,L,7,Z2,42.002554890771826
PRT,L,8,Z2,46.44759208417797
PRT,L,9,Z2,48.992818787276114
PRT,L,10,Z2,49.78706836786229
PRT,L,0,Y1,1.00511673509676
PRT,L,1,Y1,1.176256454109937
PRT,L,2,Y1,1.2415711889874823
PRT,L,3,Y1,1.2310854783447542
PRT,L,4,Y1,1.177963192335967
PRT,L,5,Y1,1.1440275467736205
PRT,L,6,Y1,1.1231977004117968
PRT,L,7,Y1,1.157037172657849
PRT,L,8,Y1,1.253857635010579
PRT,L,9,Y1,1.2714584664117838
PRT,L,10,Y1,1.2364485038772604
PRT,L,0,Y2,0.0
PRT,L,1,Y2,0.7446087912717969
PRT,L,2,Y2,4.710606194239417
PRT,L,3,Y2,13.045918254657918
PRT,L,4,Y2,25.460700479401307
PRT,L,5,Y2,40.83360936467023
PRT,L,6,Y2,57.75005502156647
PRT,L,7,Y2,74.93744608699075
PRT,L,8,Y2,91.47757483059614
PRT,L,9,Y2,106.93936376243862
PRT,L,10,Y2,121.28208468784617
PRT,L,0,Y1_nocap,1.00511673509676
PRT,L,1,Y1_nocap,1.153824964018459
PRT,L,2,Y1_nocap,1.1943474935160374
PRT,L,3,Y1_nocap,1.1592241010677058
PRT,L,4,Y1_nocap,1.083300269726063
PRT,L,5,Y1_nocap,1.0292313493458733
PRT,L,6,Y1_nocap,0.9903347940776634
PRT,L,7,Y1_nocap,1.0077472539438173
PRT,L,8,Y1_nocap,1.0884537037884943
PRT,L,9,Y1_nocap,1.0888276034449325
PRT,L,10,Y1_nocap,1.0373181282860235
PRT,L,0,Y2_nocap,0.0
PRT,L,1,Y2_nocap,0.7446087912717969
PRT,L,2,Y2_nocap,4.693988537662609
PRT,L,3,Y2_nocap,12.925253196620666
PRT,L,4,Y2_nocap,25.056732302745253
PRT,L,5,Y2_nocap,39.887696127807104
PRT,L,6,Y2_nocap,55.9543561937224
PRT,L,7,Y2_nocap,71.96969162789262
PRT,L,8,Y2_nocap,87.03040430475244
PRT,L,9,Y2_nocap,100.73984872259891
PRT,L,10,Y2_nocap,113.09911013820906
PRY,G,0,Z1,1.0
PRY,G,1,Z1,0.006737946999085479
PRY,G,2,Z1,4.539992976248501e-05
PRY,G,3,Z1,3.0590232050182743e-07
PRY,G,4,Z1,2.0611536224385723e-09
PRY,G,5,Z1,1.388794386496412e-11
PRY,G,6,Z1,9.357622968840275e-14
PRY,G,7,Z1,6.305116760147079e-16
PRY,G,8,Z1,4.24835425529165e-18
PRY,G,9,Z1,2.8625185805494346e-20
PRY,G,10,Z1,1.928749847963945e-22
PRY,G,0,Z2,0.0
PRY,G,1,Z2,0.46349193658620946
PRY,G,2,Z2,1.7185982022434785
PRY,G,3,Z2,2.688377880278502
PRY,G,4,Z2,2.953579780754516
PRY,G,5,Z2,2.6737508055542625
PRY,G,6,Z2,2.141444630272809
PRY,G,7,Z2,1.576120441391705
PRY,G,8,Z2,1.090454190160237
PRY,G,9,Z2,0.7196265469833242
PRY,G,10,Z2,0.45753237569293237
PRY,G,0,Y1,1.000000000000003
PRY,G,1,Y1,0.7335777996317793
PRY,G,2,Y1,0.4176647195864178
PRY,G,3,Y1,0.29501388327962663
PRY,G,4,Y1,0.5113362920804773
PRY,G,5,Y1,0.4650107138235429
PRY,G,6,Y1,0.446688538272385
PRY,G,7,Y1,0.4477344820912902
PRY,G,8,Y1,0.6293770722333012
PRY,G,9,Y1,0.4531885601766759
PRY,G,10,Y1,0.5397552311014325
PRY,G,0,Y2,0.0
PRY,G,1,Y2,0.4634919365862109
PRY,G,2,Y2,2.055482613128246
PRY,G,3,Y2,4.128816822250092
PRY,G,4,Y2,5.752335293584036
PRY,G,5,Y2,6.668335525315258
PRY,G,6,Y2,7.178680766440992
PRY,G,7,Y2,7.467309311227949
PRY,G,8,Y2,7.614814828460872
PRY,G,9,Y2,7.760642411718632
PRY,G,10,Y2,8.00624367032102
PRY,G,0,Y1_nocap,1.000000000000003
PRY,G,1,Y1_nocap,0.6858909991440632
PRY,G,2,Y1_nocap,0.3392319525168019
PRY,G,3,Y1_nocap,0.2036311934130046
PRY,G,4,Y1_nocap,0.4140028451468385
PRY,G,5,Y1_nocap,0.35193939116310613
PRY,G,6,Y1_nocap,0.32148645171793155
PRY,G,7,Y1_nocap,0.3123529315753106
PRY,G,8,Y1_nocap,0.48467042035323693
PRY,G,9,Y1_nocap,0.29132320038202614
PRY,G,10,Y1_nocap,0.37065723535760925
PRY,G,0,Y2_nocap,0.0
PRY,G,1,Y2_nocap,0.4634919365862109
PRY,G,2,Y2_nocap,2.0333801656205943
PRY,G,3,Y2_nocap,4.010658342680104
PRY,G,4,Y2_nocap,5.447782750614444
PRY,G,5,Y2_nocap,6.116525875212869
PRY,G,6,Y2_nocap,6.3578967019794135
PRY,G,7,Y2_nocap,6.377107059045027
PRY,G,8,Y2_nocap,6.265362995381144
PRY,G,9,Y2_nocap,6.167936034352081
PRY,G,10,Y2_nocap,6.184936963791301
PRY,L,0,Z1,1.0
PRY,L,1,Z1,0.6389936754625242
PRY,L,2,Z1,0.40831291728110564
PRY,L,3,Z1,0.26090937175227924
PRY,L,4,Z1,0.166719438418607
PRY,L,5,Z1,0.10653266672615364
PRY,L,6,Z1,0.06807370026816906
PRY,L,7,Z1,0.04349866393669157
PRY,L,8,Z1,0.02779537114661569
PRY,L,9,Z1,0.01776106636982095
PRY,L,10,Z1,0.011349209079785724
PRY,L,0,Z2,0.0
PRY,L,1,Z2,0.2553583380131647
PRY,L,2,Z2,0.5216630463427655
PRY,L,3,Z2,0.44958715374478436
PRY,L,4,Z2,0.2721323339196143
PRY,L,5,Z2,0.13572511818233643
PRY,L,6,Z2,0.059889958166618185
PRY,L,7,Z2,0.024285353065366725
PRY,L,8,Z2,0.009257000895567056
PRY,L,9,Z2,0.003365719478753006
PRY,L,10,Z2,0.0011789636931589882
PRY,L,0,Y1,1.00511673509676
PRY,L,1,Y1,1.0695454780921152
PRY,L,2,Y1,1.0527713150874736
PRY,L,3,Y1,0.9876285998216644
PRY,L,4,Y1,0.9054113266109655
PRY,L,5,Y1,0.8629062455443616
PRY,L,6,Y1,0.8440905284082149
PRY,L,7,Y1,0.8849327087836028
PRY,L,8,Y1,0.9858360866564679
PRY,L,9,Y1,0.9989152636005363
PRY,L,10,Y1,0.9625144861832013
PRY,L,0,Y2,0.0
PRY,L,1,Y2,0.256664938983527
PRY,L,2,Y2,0.6334423409523201
PRY,L,3,Y2,0.7690985981068869
PRY,L,4,Y2,0.7387116412930848
PRY,L,5,Y2,0.6530765928037439
PRY,L,6,Y2,0.5759960659117166
PRY,L,7,Y2,0.5322386297735804
PRY,L,8,Y2,0.5279695206670556
PRY,L,9,Y2,0.5689891204541392
PRY,L,10,Y2,0.6172385930398339
PRY,L,0,Y1_nocap,1.00511673509676
PRY,L,1,Y1_nocap,1.0216146768786916
PRY,L,2,Y1_nocap,0.9580949981882707
PRY,L,3,Y1_nocap,0.8511590707997543
PRY,L,4,Y1_nocap,0.7339675181216206
PRY,L,5,Y1_nocap,0.6635155964793031
PRY,L,6,Y1_nocap,0.6212624838949417
PRY,L,7,Y1_nocap,0.6416464706196139
PRY,L,8,Y1_nocap,0.7219613203182625
PRY,L,9,Y1_nocap,0.711469085819373
PRY,L,10,Y1_nocap,0.6529670379274322
PRY,L,0,Y2_nocap,0.0
PRY,L,1,Y2_nocap,0.256664938983527
PRY,L,2,Y2_nocap,0.6212028112148209
PRY,L,3,Y2_nocap,0.7277394654925521
PRY,L,4,Y2_nocap,0.6643505830446519
PRY,L,5,Y2_nocap,0.5500942219499059
PRY,L,6,Y2_nocap,0.45101847098436443
PRY,L,7,Y2_nocap,0.39089536705383365
PRY,L,8,Y2_nocap,0.3738010021852547
PRY,L,9,Y2_nocap,0.40333819197919635
PRY,L,10,Y2_nocap,0.4391691419198415
PSE,G,0,Z1,1.0
PSE,G,1,Z1,0.006737946999085491
PSE,G,2,Z1,4.539992976248517e-05
PSE,G,3,Z1,3.0590232050182907e-07
PSE,G,4,Z1,2.0611536224385872e-09
PSE,G,5,Z1,1.3887943864964268e-11
PSE,G,6,Z1,9.357622968840374e-14
PSE,G,7,Z1,6.305116760147169e-16
PSE,G,8,Z1,4.24835425529171e-18
PSE,G,9,Z1,2.862518580549475e-20
PSE,G,10,Z1,1.9287498479639862e-22
PSE,G,0,Z2,0.0
PSE,G,1,Z2,0.4313750916630681
PSE,G,2,Z2,1.4886757576585632
PSE,G,3,Z2,2.1673495397808566
PSE,G,4,Z2,2.216155511440297
PSE,G,5,Z2,1.8671763415765077
PSE,G,6,Z2,1.3918234155817155
PSE,G,7,Z2,0.9534097131576429
PSE,G,8,Z2,0.6139181563609005
PSE,G,9,Z2,0.3770709799021562
PSE,G,10,Z2,0.223126239394754
PSE,G,0,Y1,1.000000000000003
PSE,G,1,Y1,0.7390599001633891
PSE,G,2,Y1,0.4270793668428372
PSE,G,3,Y1,0.30655843210761047
PSE,G,4,Y1,0.5242926085774666
PSE,G,5,Y1,0.48052910121287506
PSE,G,6,Y1,0.4644603236696258
PSE,G,7,Y1,0.46760767439944473
PSE,G,8,Y1,0.6513070656238125
PSE,G,9,Y1,0.4781205878595492
PSE,G,10,Y1,0.5666567361614128
PSE,G,0,Y2,0.0
PSE,G,1,Y2,0.4313750916630694
PSE,G,2,Y2,1.8045812073316962
PSE,G,3,Y2,3.439622740701483
PSE,G,4,Y2,4.562722962153118
PSE,G,5,Y2,5.082311063016594
PSE,G,6,Y2,5.336009581170006
PSE,G,7,Y2,5.474712329621456
PSE,G,8,Y2,5.544764226611235
PSE,G,9,Y2,5.654635263785212
PSE,G,10,Y2,5.863493028391403
PSE,G,0,Y1_nocap,1.000000000000003
PSE,G,1,Y1_nocap,0.6858909991440632
PSE,G,2,Y1_nocap,0.3392319525168019
PSE,G,3,Y1_nocap,0.2036311934130046
PSE,G,4,Y1_nocap,0.4140028451468385
PSE,G,5,Y1_nocap,0.35193939116310613
PSE,G,6,Y1_nocap,0.32148645171793155
PSE,G,7,Y1_nocap,0.3123529315753106
PSE,G,8,Y1_nocap,0.48467042035323693
PSE,G,9,Y1_nocap,0.29132320038202614
PSE,G,10,Y1_nocap,0.37065723535760925
PSE,G,0,Y2_nocap,0.0
PSE,G,1,Y2_nocap,0.4313750916630694
PSE,G,2,Y2_nocap,1.78164546778086
PSE,G,3,Y2_nocap,3.3227308400828863
PSE,G,4,Y2_nocap,4.2730994586035145
PSE,G,5,Y2_nocap,4.575239696834919
PSE,G,6,Y2_nocap,4.6027447418238685
PSE,G,7,Y2_nocap,4.521404817491423
PSE,G,8,Y2_nocap,4.383144986016392
PSE,G,9,Y2_nocap,4.299066768168026
PSE,G,10,Y2_nocap,4.324973562625525
PSE,L,0,Z1,1.0
PSE,L,1,Z1,0.3278969144216522
PSE,L,2,Z1,0.1075163864872403
PSE,L,3,Z1,0.03525429137893191
PSE,L,4,Z1,0.011559773363273627
PSE,L,5,Z1,0.0037904140172310276
PSE,L,6,Z1,0.0012428650606306324
PSE,L,7,Z1,0.0004075316184232641
PSE,L,8,Z1,0.00013362836021025046
PSE,L,9,Z1,4.3816326992166216e-05
PSE,L,10,Z1,1.4367238422021458e-05
PSE,L,0,Z2,0.0
PSE,L,1,Z2,0.7408182206817179
PSE,L,2,Z2,4.390493088752212
PSE,L,3,Z2,10.977380812996177
PSE,L,4,Z2,19.276429562380937
PSE,L,5,Z2,27.891270018553726
PSE,L,6,Z2,35.7045598558627
PSE,L,7,Z2,42.00255489077279
PSE,L,8,Z2,46.447592084179206
PSE,L,9,Z2,48.99281878727759
PSE,L,10,Z2,49.787068367863945
PSE,L,0,Y1,1.00511673509676
PSE,L,1,Y1,0.762367068323341
PSE,L,2,Y1,0.6270794276041418
PSE,L,3,Y1,0.5301866459255832
PSE,L,4,Y1,0.459377911905568
PSE,L,5,Y1,0.4474865276773617
PSE,L,6,Y1,0.45325009223383594
PSE,L,7,Y1,0.5093357667628233
PSE,L,8,Y1,0.6041180947045801
PSE,L,9,Y1,0.5857577557451052
PSE,L,10,Y1,0.5366106246221272
PSE,L,0,Y2,0.0
PSE,L,1,Y2,0.7446087912717994
PSE,L,2,Y2,4.733578568783889
PSE,L,3,Y2,13.213084919561387
PSE,L,4,Y2,26.02209770171892
PSE,L,5,Y2,42.15280820570123
PSE,L,6,Y2,60.26401416194571
PSE,L,7,Y2,79.10932687860016
PSE,L,8,Y2,97.75628332869312
PSE,L,9,Y2,115.73202737189658
PSE,L,10,Y2,132.94290951641926
PSE,L,0,Y1_nocap,1.00511673509676
PSE,L,1,Y1_nocap,0.7089261161221134
PSE,L,2,Y1_nocap,0.5377443669324634
PSE,L,3,Y1_nocap,0.41526714512995033
PSE,L,4,Y1_nocap,0.326247070616818
PSE,L,5,Y1_nocap,0.30149040219901946
PSE,L,6,Y1_nocap,0.29613798678272407
PSE,L,7,Y1_nocap,0.3417664047177032
PSE,L,8,Y1_nocap,0.42401743326939534
PSE,L,9,Y1_nocap,0.3891743762374531
PSE,L,10,Y1_nocap,0.3259518689419814
PSE,L,0,Y2_nocap,0.0
PSE,L,1,Y2_nocap,0.7446087912717994
PSE,L,2,Y2_nocap,4.693988537662639
PSE,L,3,Y2_nocap,12.925253196620789
PSE,L,4,Y2_nocap,25.056732302745566
PSE,L,5,Y2_nocap,39.8876961278077
PSE,L,6,Y2_nocap,55.954356193723406
PSE,L,7,Y2_nocap,71.9696916278941
PSE,L,8,Y2_nocap,87.03040430475446
PSE,L,9,Y2_nocap,100.7398487226015
PSE,L,10,Y2_nocap,113.09911013821221
QAT,G,0,Z1,1.0
QAT,G,1,Z1,0.8808731993565079
QAT,G,2,Z1,0.77593759334457
QAT,G,3,Z1,0.6835026303504204
QAT,G,4,Z1,0.6020791487653633
QAT,G,5,Z1,0.5303553860387884
QAT,G,6,Z1,0.46717584569594334
QAT,G,7,Z1,0.4115226818602678
QAT,G,8,Z1,0.36249930137802444
QAT,G,9,Z1,0.3193159193693593
QAT,G,10,Z1,0.2812768355003522
QAT,G,0,Z2,0.0
QAT,G,1,Z2,0.12008587090541452
QAT,G,2,Z2,0.11536493112889504
QAT,G,3,Z2,0.04675623151462828
QAT,G,4,Z2,0.013309067334374697
QAT,G,5,Z2,0.003121544808178104
QAT,G,6,Z2,0.0006477467216146721
QAT,G,7,Z2,0.0001235200630212508
QAT,G,8,Z2,2.214140916386495e-05
QAT,G,9,Z2,3.7857744598321354e-06
QAT,G,10,Z2,6.236186873256751e-07
QAT,G,0,Y1,1.000000000000003
QAT,G,1,Y1,1.6637671322191585
QAT,G,2,Y1,1.9705167705400746
QAT,G,3,Y1,2.135836795700081
QAT,G,4,Y1,2.5062451209141883
QAT,G,5,Y1,2.8039609216705967
QAT,G,6,Y1,3.063205890478053
QAT,G,7,Y1,3.305548224653408
QAT,G,8,Y1,3.712530576492313
QAT,G,9,Y1,3.914749450309503
QAT,G,10,Y1,4.190142519971305
QAT,G,0,Y2,0.0
QAT,G,1,Y2,0.1200858709054149
QAT,G,2,Y2,0.2093794308832716
QAT,G,3,Y2,0.19771196383501394
QAT,G,4,Y2,0.15620935133840486
QAT,G,5,Y2,0.15833859765245312
QAT,G,6,Y2,0.17220681498383644
QAT,G,7,Y2,0.17677963567082533
QAT,G,8,Y2,0.17925565777524893
QAT,G,9,Y2,0.20418393643775384
QAT,G,10,Y2,0.20839180684760455
QAT,G,0,Y1_nocap,1.000000000000003
QAT,G,1,Y1_nocap,1.5600262515014882
QAT,G,2,Y1_nocap,1.7087957705576757
QAT,G,3,Y1_nocap,1.7065778639545588
QAT,G,4,Y1_nocap,1.9159094919309085
QAT,G,5,Y1_nocap,2.036823185769717
QAT,G,6,Y1_nocap,2.1132980589258694
QAT,G,7,Y1_nocap,2.1717343952626393
QAT,G,8,Y1_nocap,2.3955884277628456
QAT,G,9,Y1_nocap,2.398267159482546
QAT,G,10,Y1_nocap,2.4812635807588657
QAT,G,0,Y2_nocap,0.0
QAT,G,1,Y2_nocap,0.1200858709054149
QAT,G,2,Y2_nocap,0.19692161687379545
QAT,G,3,Y2_nocap,0.16528866454216223
QAT,G,4,Y2_nocap,0.10784476250412921
QAT,G,5,Y2_nocap,0.10058489595548897
QAT,G,6,Y2_nocap,0.10616634952884045
QAT,G,7,Y2_nocap,0.10218158663426045
QAT,G,8,Y2_nocap,0.09683168550912147
QAT,G,9,Y2_nocap,0.11478010969189706
QAT,G,10,Y2_nocap,0.11040573821149365
QAT,L,0,Z1,1.0
QAT,L,1,Z1,0.9512294245002368
QAT,L,2,Z1,0.9048374180350518
QAT,L,3,Z1,0.8607079764237626
QAT,L,4,Z1,0.8187307530763391
QAT,L,5,Z1,0.7788007830694517
QAT,L,6,Z1,0.7408182206794883
QAT,L,7,Z1,0.7046880897162391
QAT,L,8,Z1,0.6703200460329495
QAT,L,9,Z1,0.6376281516188947
QAT,L,10,Z1,0.6065306597095911
QAT,L,0,Z2,0.0
QAT,L,1,Z2,0.7408182206817179
QAT,L,2,Z2,4.390493088752212
QAT,L,3,Z2,10.977380812996177
QAT,L,4,Z2,19.276429562380937
QAT,L,5,Z2,27.891270018553726
QAT,L,6,Z2,35.7045598558627
QAT,L,7,Z2,42.00255489077279
QAT,L,8,Z2,46.447592084179206
QAT,L,9,Z2,48.99281878727759
QAT,L,10,Z2,49.787068367863945
QAT,L,0,Y1,1.00511673509676
QAT,L,1,Y1,1.4397197488549756
QAT,L,2,Y1,1.814541296556489
QAT,L,3,Y1,2.1312087828530175
QAT,L,4,Y1,2.4021779624195307
QAT,L,5,Y1,2.677209681650499
QAT,L,6,Y1,2.9544204032024606
QAT,L,7,Y1,3.2781318844175793
QAT,L,8,Y1,3.670428008782765
QAT,L,9,Y1,4.0052066758552165
QAT,L,10,Y1,4.288004514367657
QAT,L,0,Y2,0.0
QAT,L,1,Y2,0.7446087912717994
QAT,L,2,Y2,4.771234909459295
QAT,L,3,Y2,13.486585091207871
QAT,L,4,Y2,26.93806403637656
QAT,L,5,Y2,44.298463993115746
QAT,L,6,Y2,64.33906150101743
QAT,L,7,Y2,85.8473033542318
QAT,L,8,Y2,107.85807277979328
QAT,L,9,Y2,129.8214958727461
QAT,L,10,Y2,151.54998007338503
QAT,L,0,Y1_nocap,1.00511673509676
QAT,L,1,Y1_nocap,1.3354480535319686
QAT,L,2,Y1_nocap,1.5756071643142726
QAT,L,3,Y1_nocap,1.7377063226142866
QAT,L,4,Y1_nocap,1.8430396402788296
QAT,L,5,Y1_nocap,1.9476685307582167
QAT,L,6,Y1_nocap,2.049959829804283
QAT,L,7,Y1_nocap,2.1946457817619396
QAT,L,8,Y1_nocap,2.3995649276767614
QAT,L,9,Y1_nocap,2.5326771334123475
QAT,L,10,Y1_nocap,2.607499803862486
QAT,L,0,Y2_nocap,0.0
QAT,L,1,Y2_nocap,0.7446087912717994
QAT,L,2,Y2_nocap,4.693988537662639
QAT,L,3,Y2_nocap,12.925253196620789
QAT,L,4,Y2_nocap,25.056732302745566
QAT,L,5,Y2_nocap,39.8876961278077
QAT,L,6,Y2_nocap,55.954356193723406
QAT,L,7,Y2_nocap,71.9696916278941
QAT,L,8,Y2_nocap,87.03040430475446
QAT,L,9,Y2_nocap,100.7398487226015
QAT,L,10,Y2_nocap,113.09911013821221
ROU,G,0,Z1,1.0
ROU,G,1,Z1,0.951229424500714
ROU,G,2,Z1,0.9048374180359595
ROU,G,3,Z1,0.8607079764250578
ROU,G,4,Z1,0.8187307530779818
ROU,G,5,Z1,0.7788007830714049
ROU,G,6,Z1,0.7408182206817179
ROU,G,7,Z1,0.7046880897187134
ROU,G,8,Z1,0.6703200460356393
ROU,G,9,Z1,0.6376281516217733
ROU,G,10,Z1,0.6065306597126334
ROU,G,0,Z2,0.0
ROU,G,1,Z2,0.3932063316349951
ROU,G,2,Z2,1.2368897539027977
ROU,G,3,Z2,1.6414409793454796
ROU,G,4,Z2,1.5298962633097235
ROU,G,5,Z2,1.1749314403869202
ROU,G,6,Z2,0.7983195521998954
ROU,G,7,Z2,0.4984684064324231
ROU,G,8,Z2,0.2925728220611319
ROU,G,9,Z2,0.16379930344920504
ROU,G,10,Z2,0.0883496889350197
ROU,G,0,Y1,1.000000000000003
ROU,G,1,Y1,1.687158662178429
ROU,G,2,Y1,2.0307015651157267
ROU,G,3,Y1,2.236603829454484
ROU,G,4,Y1,2.6476640546926093
ROU,G,5,Y1,2.9908222446398782
ROU,G,6,Y1,3.2980981005188035
ROU,G,7,Y1,3.589852713843591
ROU,G,8,Y1,4.047034492318139
ROU,G,9,Y1,4.303947123706639
ROU,G,10,Y1,4.633259608906354
ROU,G,0,Y2,0.0
ROU,G,1,Y2,0.3932063316349963
ROU,G,2,Y2,1.5262617897929929
ROU,G,3,Y2,2.7191420290527133
ROU,G,4,Y2,3.384485865719866
ROU,G,5,Y2,3.5814967618830282
ROU,G,6,Y2,3.644061357573108
ROU,G,7,Y2,3.668943690069751
ROU,G,8,Y2,3.667083076988303
ROU,G,9,Y2,3.72072586346555
ROU,G,10,Y2,3.852472993916573
ROU,G,0,Y1_nocap,1.000000000000003
ROU,G,1,Y1_nocap,1.6303824766456947
ROU,G,2,Y1_nocap,1.8854782402931523
ROU,G,3,Y1_nocap,1.9948678479192243
ROU,G,4,Y1_nocap,2.310207783889443
ROU,G,5,Y1_nocap,2.5466874826812607
ROU,G,6,Y1_nocap,2.7415991712874517
ROU,G,7,Y1_nocap,2.9180765748181083
ROU,G,8,Y1_nocap,3.2583261037685176
ROU,G,9,Y1_nocap,3.387473181301042
ROU,G,10,Y1_nocap,3.5909584798344243
ROU,G,0,Y2_nocap,0.0
ROU,G,1,Y2_nocap,0.3932063316349963
ROU,G,2,Y2_nocap,1.5039370341554386
ROU,G,3,Y2_nocap,2.613049380537498
ROU,G,4,Y2_nocap,3.137732470351363
ROU,G,5,Y2_nocap,3.1744996539046744
ROU,G,6,Y2_nocap,3.0863605423767657
ROU,G,7,Y2_nocap,2.9764786400207903
ROU,G,8,Y2_nocap,2.8558711469769724
ROU,G,9,Y2_nocap,2.8062311250438414
ROU,G,10,Y2_nocap,2.8450081618704863
ROU,L,0,Z1,1.0
ROU,L,1,Z1,0.951229424500714
ROU,L,2,Z1,0.9048374180359595
ROU,L,3,Z1,0.8607079764250578
ROU,L,4,Z1,0.8187307530779818
ROU,L,5,Z1,0.7788007830714049
ROU,L,6,Z1,0.7408182206817179
ROU,L,7,Z1,0.7046880897187134
ROU,L,8,Z1,0.6703200460356393
ROU,L,9,Z1,0.6376281516217733
ROU,L,10,Z1,0.6065306597126334
ROU,L,0,Z2,0.0
ROU,L,1,Z2,0.7408182206811289
ROU,L,2,Z2,4.39049308874523
ROU,L,3,Z2,10.977380812969994
ROU,L,4,Z2,19.276429562319635
ROU,L,5,Z2,27.89127001844286
ROU,L,6,Z2,35.704559855692374
ROU,L,7,Z2,42.00255489053905
ROU,L,8,Z2,46.44759208388379
ROU,L,9,Z2,48.992818786927025
ROU,L,10,Z2,49.78706836746813
ROU,L,0,Y1,1.00511673509676
ROU,L,1,Y1,1.3925147477663578
ROU,L,2,Y1,1.7043546665985507
ROU,L,3,Y1,1.946568692423995
ROU,L,4,Y1,2.1354070037025665
ROU,L,5,Y1,2.323462073738239
ROU,L,6,Y1,2.509066462451527
ROU,L,7,Y1,2.736827900621475
ROU,L,8,Y1,3.0270091768089067
ROU,L,9,Y1,3.250831301949879
ROU,L,10,Y1,3.417339457651855
ROU,L,0,Y2,0.0
ROU,L,1,Y2,0.7446087912712074
ROU,L,2,Y2,4.736264584537916
ROU,L,3,Y2,13.230968399035504
ROU,L,4,Y2,26.074110959962827
ROU,L,5,Y2,42.253878061922954
ROU,L,6,Y2,60.41351592373871
ROU,L,7,Y2,79.28216345759053
ROU,L,8,Y2,97.89843761047212
ROU,L,9,Y2,115.76053685409175
ROU,L,10,Y2,132.7495006670394
ROU,L,0,Y1_nocap,1.00511673509676
ROU,L,1,Y1_nocap,1.3354480535324482
ROU,L,2,Y1_nocap,1.575607164315366
ROU,L,3,Y1_nocap,1.7377063226160785
ROU,L,4,Y1_nocap,1.843039640281363
ROU,L,5,Y1_nocap,1.947668530761506
ROU,L,6,Y1_nocap,2.0499598298083415
ROU,L,7,Y1_nocap,2.194645781766778
ROU,L,8,Y1_nocap,2.3995649276824107
ROU,L,9,Y1_nocap,2.5326771334188667
ROU,L,10,Y1_nocap,2.6074998038698958
ROU,L,0,Y2_nocap,0.0
ROU,L,1,Y2_nocap,0.7446087912712074
ROU,L,2,Y2_nocap,4.693988537655398
ROU,L,3,Y2_nocap,12.925253196591642
ROU,L,4,Y2_nocap,25.056732302671744
ROU,L,5,Y2_nocap,39.88769612766324
ROU,L,6,Y2_nocap,55.95435619348374
ROU,L,7,Y2_nocap,71.9696916275396
ROU,L,8,Y2_nocap,87.03040430427211
ROU,L,9,Y2_nocap,100.73984872198497
ROU,L,10,Y2_nocap,113.09911013746057
RUS,G,0,Z1,1.0
RUS,G,1,Z1,0.9512294239577811
RUS,G,2,Z1,0.904837417003052
RUS,G,3,Z1,0.8607079749512597
RUS,G,4,Z1,0.818730751208755
RUS,G,5,Z1,0.7788007808488254
RUS,G,6,Z1,0.7408182181446983
RUS,G,7,Z1,0.7046880869032112
RUS,G,8,Z1,0.6703200429748524
RUS,G,9,Z1,0.6376281483463239
RUS,G,10,Z1,0.6065306562507402
RUS,G,0,Z2,0.0
RUS,G,1,Z2,0.4093371320571849
RUS,G,2,Z2,1.34045510144641
RUS,G,3,Z2,1.8518559082115498
RUS,G,4,Z2,1.7968198789937049
RUS,G,5,Z2,1.4365333908019946
RUS,G,6,Z2,1.0161097199342295
RUS,G,7,Z2,0.6604837196498344
RUS,G,8,Z2,0.40357020969336904
RUS,G,9,Z2,0.23521109853142327
RUS,G,10,Z2,0.13207220370490086
RUS,G,0,Y1,1.000000000000003
RUS,G,1,Y1,1.6472114083726883
RUS,G,2,Y1,1.9294423674429926
RUS,G,3,Y1,2.0697725659182353
RUS,G,4,Y1,2.417338029859737
RUS,G,5,Y1,2.690771028656203
RUS,G,6,Y1,2.925951702166496
RUS,G,7,Y1,3.1452546505772556
RUS,G,8,Y1,3.5305301160967173
RUS,G,9,Y1,3.7096200928494363
RUS,G,10,Y1,3.9643242713490583
RUS,G,0,Y2,0.0
RUS,G,1,Y2,0.4093371320571862
RUS,G,2,Y2,1.6253463709102793
RUS,G,3,Y2,2.933200403497275
RUS,G,4,Y2,3.6676432120250686
RUS,G,5,Y2,3.856343155511285
RUS,G,6,Y2,3.862900454169498
RUS,G,7,Y2,3.8148635506018795
RUS,G,8,Y2,3.738341846502076
RUS,G,9,Y2,3.7254973768035753
RUS,G,10,Y2,3.809431542975378
RUS,G,0,Y1_nocap,1.000000000000003
RUS,G,1,Y1_nocap,1.6303824761027617
RUS,G,2,Y1_nocap,1.8854782388915101
RUS,G,3,Y1_nocap,1.9948678455622528
RUS,G,4,Y1_nocap,2.310207780564343
RUS,G,5,Y1_nocap,2.54668747826404
RUS,G,6,Y1_nocap,2.7415991657029806
RUS,G,7,Y1_nocap,2.9180765680174905
RUS,G,8,Y1_nocap,3.2583260957152502
RUS,G,9,Y1_nocap,3.387473171871485
RUS,G,10,Y1_nocap,3.5909584690255807
RUS,G,0,Y2_nocap,0.0
RUS,G,1,Y2_nocap,0.4093371320571862
RUS,G,2,Y2_nocap,1.618457664039323
RUS,G,3,Y2_nocap,2.899198565758172
RUS,G,4,Y2_nocap,3.585461938824249
RUS,G,5,Y2_nocap,3.715299105873339
RUS,G,6,Y2_nocap,3.6618663155779103
RUS,G,7,Y2_nocap,3.555816504978223
RUS,G,8,Y2_nocap,3.424109035951311
RUS,G,9,Y2_nocap,3.3592869333590465
RUS,G,10,Y2_nocap,3.3932683422729877
RUS,L,0,Z1,1.0
RUS,L,1,Z1,0.9149941978039884
RUS,L,2,Z1,0.8372143820149642
RUS,L,3,Z1,0.766046301861744
RUS,L,4,Z1,0.7009279214526984
RUS,L,5,Z1,0.6413449812080289
RUS,L,6,Z1,0.5868269365960543
RUS,L,7,Z1,0.5369432421004787
RUS,L,8,Z1,0.49129995107200025
RUS,L,9,Z1,0.44953660461226363
RUS,L,10,Z1,0.4113233849207269
RUS,L,0,Z2,0.0
RUS,L,1,Z2,0.25457064129855583
RUS,L,2,Z2,0.5184496912892638
RUS,L,3,Z2,0.4454394875748433
RUS,L,4,Z2,0.26879008239793295
RUS,L,5,Z2,0.13364465556783878
RUS,L,6,Z2,0.058790025804722666
RUS,L,7,Z2,0.023765794434610837
RUS,L,8,Z2,0.009031013549435947
RUS,L,9,Z2,0.003273424871120938
RUS,L,10,Z2,0.0011430972135581606
RUS,L,0,Y1,1.00511673509676
RUS,L,1,Y1,1.3159424622378577
RUS,L,2,Y1,1.5323645723605912
RUS,L,3,Y1,1.6687667908166348
RUS,L,4,Y1,1.7482369075239834
RUS,L,5,Y1,1.8280218218138125
RUS,L,6,Y1,1.9064544597619488
RUS,L,7,Y1,2.0282666652065666
RUS,L,8,Y1,2.2104266312232
RUS,L,9,Y1,2.3197730072490463
RUS,L,10,Y1,2.3713898917719756
RUS,L,0,Y2,0.0
RUS,L,1,Y2,0.2558732118334929
RUS,L,2,Y2,0.6219802733433633
RUS,L,3,Y2,0.7367346044479963
RUS,L,4,Y2,0.6847616714677558
RUS,L,5,Y2,0.5816657412412773
RUS,L,6,Y2,0.4919598547432937
RUS,L,7,Y2,0.439256866015874
RUS,L,8,Y2,0.428150848459507
RUS,L,9,Y2,0.46290960962723926
RUS,L,10,Y2,0.5040803515694832
RUS,L,0,Y1_nocap,1.00511673509676
RUS,L,1,Y1_nocap,1.2990274207795445
RUS,L,2,Y1_nocap,1.4938922337046598
RUS,L,3,Y1_nocap,1.6058451524493744
RUS,L,4,Y1_nocap,1.6594212521308576
RUS,L,5,Y1_nocap,1.712875811817026
RUS,L,6,Y1_nocap,1.764551643545298
RUS,L,7,Y1_nocap,1.859218188178047
RUS,L,8,Y1_nocap,2.013127138344036
RUS,L,9,Y1_nocap,2.092140019233969
RUS,L,10,Y1_nocap,2.1126387703943563
RUS,L,0,Y2_nocap,0.0
RUS,L,1,Y2_nocap,0.2558732118334929
RUS,L,2,Y2_nocap,0.6176742003917288
RUS,L,3,Y2_nocap,0.7221111102679594
RUS,L,4,Y2_nocap,0.658248588669673
RUS,L,5,Y2_nocap,0.5445514525286568
RUS,L,6,Y2_nocap,0.4463482551548645
RUS,L,7,Y2_nocap,0.38695329914192966
RUS,L,8,Y2_nocap,0.3702751163095603
RUS,L,9,Y2_nocap,0.39984251474603566
RUS,L,10,Y2_nocap,0.4354175900855448
RWA,G,0,Z1,1.0
RWA,G,1,Z1,0.951229424500714
RWA,G,2,Z1,0.9048374180359595
RWA,G,3,Z1,0.8607079764250578
RWA,G,4,Z1,0.8187307530779818
RWA,G,5,Z1,0.7788007830714049
RWA,G,6,Z1,0.7408182206817179
RWA,G,7,Z1,0.7046880897187134
RWA,G,8,Z1,0.6703200460356393
RWA,G,9,Z1,0.6376281516217733
RWA,G,10,Z1,0.6065306597126334
RWA,G,0,Z2,0.0
RWA,G,1,Z2,0.4106408022911308
RWA,G,2,Z2,1.3490069480504288
RWA,G,3,Z2,1.8696058721226156
RWA,G,4,Z2,1.8198197458883323
RWA,G,5,Z2,1.4595551571813024
RWA,G,6,Z2,1.0356818124667753
RWA,G,7,Z2,0.6753498664984414
RWA,G,8,Z2,0.4139679884406343
RWA,G,9,Z2,0.2420395997798095
RWA,G,10,Z2,0.13633928043869034
RWA,G,0,Y1,1.000000000000003
RWA,G,1,Y1,1.6600041434875292
RWA,G,2,Y1,1.9606400060922382
RWA,G,3,Y1,2.1188912563338773
RWA,G,4,Y1,2.481789445794313
RWA,G,5,Y1,2.7707458043847835
RWA,G,6,Y1,3.0202592200421785
RWA,G,7,Y1,3.252034492058297
RWA,G,8,Y1,3.647667241808858
RWA,G,9,Y1,3.837126158798685
RWA,G,10,Y1,4.0991403919217735
RWA,G,0,Y2,0.0
RWA,G,1,Y2,0.4106408022911321
RWA,G,2,Y2,1.6400587672988485
RWA,G,3,Y2,2.9824464599352467
RWA,G,4,Y2,3.7639742525172775
RWA,G,5,Y2,3.996762447941127
RWA,G,6,Y2,4.0365726671870465
RWA,G,7,Y2,4.011094030165744
RWA,G,8,Y2,3.947940023432387
RWA,G,9,Y2,3.940807570738825
RWA,G,10,Y2,4.0258207156967485
RWA,G,0,Y1_nocap,1.000000000000003
RWA,G,1,Y1_nocap,1.6303824766456947
RWA,G,2,Y1_nocap,1.8854782402931523
RWA,G,3,Y1_nocap,1.9948678479192243
RWA,G,4,Y1_nocap,2.310207783889443
RWA,G,5,Y1_nocap,2.5466874826812607
RWA,G,6,Y1_nocap,2.7415991712874517
RWA,G,7,Y1_nocap,2.9180765748181083
RWA,G,8,Y1_nocap,3.2583261037685176
RWA,G,9,Y1_nocap,3.387473181301042
RWA,G,10,Y1_nocap,3.5909584798344243
RWA,G,0,Y2_nocap,0.0
RWA,G,1,Y2_nocap,0.4106408022911321
RWA,G,2,Y2_nocap,1.6278949022617168
RWA,G,3,Y2_nocap,2.923192764082397
RWA,G,4,Y2_nocap,3.6236407732619265
RWA,G,5,Y2_nocap,3.762140435580278
RWA,G,6,Y2_nocap,3.71232751320401
RWA,G,7,Y2_nocap,3.6070354194011696
RWA,G,8,Y2_nocap,3.4746088141316247
RWA,G,9,Y2_nocap,3.4085681859522743
RWA,G,10,Y2_nocap,3.442107317405207
RWA,L,0,Z1,1.0
RWA,L,1,Z1,0.499483472065187
RWA,L,2,Z1,0.24948373886629446
RWA,L,3,Z1,0.12461300411274118
RWA,L,4,Z1,0.062242135958705404
RWA,L,5,Z1,0.031088918177407613
RWA,L,6,Z1,0.01552840079400205
RWA,L,7,Z1,0.007756179544207952
RWA,L,8,Z1,0.0038740834887019686
RWA,L,9,Z1,0.0019350406720072724
RWA,L,10,Z1,0.0009665208334415454
RWA,L,0,Z2,0.0
RWA,L,1,Z2,0.7408182206798055
RWA,L,2,Z2,4.390493088729544
RWA,L,3,Z2,10.977380812911164
RWA,L,4,Z2,19.276429562181892
RWA,L,5,Z2,27.891270018193737
RWA,L,6,Z2,35.70455985530968
RWA,L,7,Z2,42.002554890013805
RWA,L,8,Z2,46.447592083219995
RWA,L,9,Z2,48.99281878613934
RWA,L,10,Z2,49.78706836657874
RWA,L,0,Y1,1.00511673509676
RWA,L,1,Y1,0.9111638697914638
RWA,L,2,Y1,0.7986425873631725
RWA,L,3,Y1,0.6815798765379575
RWA,L,4,Y1,0.5772603166072552
RWA,L,5,Y1,0.5308712985663286
RWA,L,6,Y1,0.5117620009890768
RWA,L,7,Y1,0.5508581028589025
RWA,L,8,Y1,0.6402196405536897
RWA,L,9,Y1,0.6273420609666263
RWA,L,10,Y1,0.5711821410264785
RWA,L,0,Y2,0.0
RWA,L,1,Y2,0.7446087912698772
RWA,L,2,Y2,4.716045091181627
RWA,L,3,Y2,13.084302454337976
RWA,L,4,Y2,25.583858959278032
RWA,L,5,Y2,41.10802694036111
RWA,L,6,Y2,58.24274730332375
RWA,L,7,Y2,75.70274432103844
RWA,L,8,Y2,92.54817902713829
RWA,L,9,Y2,108.32250585128963
RWA,L,10,Y2,122.96073084633395
RWA,L,0,Y1_nocap,1.00511673509676
RWA,L,1,Y1_nocap,0.8813906367272751
RWA,L,2,Y1_nocap,0.7455297363813818
RWA,L,3,Y1_nocap,0.611322207720787
RWA,L,4,Y1_nocap,0.495427593930953
RWA,L,5,Y1_nocap,0.441972889178196
RWA,L,6,Y1_nocap,0.4180383674193302
RWA,L,7,Y1_nocap,0.45346692782367726
RWA,L,8,Y1_nocap,0.5384525192855828
RWA,L,9,Y1_nocap,0.5190885020824394
RWA,L,10,Y1_nocap,0.4576189191310033
RWA,L,0,Y2_nocap,0.0
RWA,L,1,Y2_nocap,0.7446087912698772
RWA,L,2,Y2_nocap,4.69398853763913
RWA,L,3,Y2_nocap,12.925253196526159
RWA,L,4,Y2_nocap,25.05673230250588
RWA,L,5,Y2_nocap,39.88769612733863
RWA,L,6,Y2_nocap,55.954356192945234
RWA,L,7,Y2_nocap,71.96969162674304
RWA,L,8,Y2_nocap,87.03040430318826
RWA,L,9,Y2_nocap,100.73984872059964
RWA,L,10,Y2_nocap,113.09911013577167
SAU,G,0,Z1,1.0
SAU,G,1,Z1,0.9002777199313842
SAU,G,2,Z1,0.8104999730048518
SAU,G,3,Z1,0.7296750677012563
SAU,G,4,Z1,0.6569102062408654
SAU,G,5,Z1,0.5914016226741816
SAU,G,6,Z1,0.532425704424833
SAU,G,7,Z1,0.47933099921244976
SAU,G,8,Z1,0.43153101906341634
SAU,G,9,Z1,0.3884977619220791
SAU,G,10,Z1,0.3497558793016551
SAU,G,0,Z2,0.0
SAU,G,1,Z2,0.11786257265457986
SAU,G,2,Z2,0.11113268826204892
SAU,G,3,Z2,0.04420704783797274
SAU,G,4,Z2,0.012350474400349747
SAU,G,5,Z2,0.0028430833717377943
SAU,G,6,Z2,0.0005790409121626105
SAU,G,7,Z2,0.00010837410783264248
SAU,G,8,Z2,1.9066777239211803e-05
SAU,G,9,Z2,3.199711163014487e-06
SAU,G,10,Z2,5.173198757537244e-07
SAU,G,0,Y1,1.000000000000003
SAU,G,1,Y1,1.657541313437855
SAU,G,2,Y1,1.9550815261776533
SAU,G,3,Y1,2.1110023339012027
SAU,G,4,Y1,2.4727660009833854
SAU,G,5,Y1,2.7612028962010253
SAU,G,6,Y1,3.011127042726799
SAU,G,7,Y1,3.2443769283565147
SAU,G,8,Y1,3.642579664397565
SAU,G,9,Y1,3.835267914648453
SAU,G,10,Y1,4.1018090904105975
SAU,G,0,Y2,0.0
SAU,G,1,Y2,0.11786257265458022
SAU,G,2,Y2,0.2003857235703736
SAU,G,3,Y2,0.1829145940529135
SAU,G,4,Y2,0.13861917636427112
SAU,G,5,Y2,0.13910119132707652
SAU,G,6,Y2,0.15061824007187702
SAU,G,7,Y2,0.1528645803174457
SAU,G,8,Y2,0.15334488451707337
SAU,G,9,Y2,0.17608509291227753
SAU,G,10,Y2,0.17770806379969428
SAU,G,0,Y1_nocap,1.000000000000003
SAU,G,1,Y1_nocap,1.5794307720763645
SAU,G,2,Y1_nocap,1.7565367895917947
SAU,G,3,Y1_nocap,1.7827164024058444
SAU,G,4,Y1_nocap,2.0175706470004746
SAU,G,5,Y1_nocap,2.1655237638171108
SAU,G,6,Y1_nocap,2.2686878992998816
SAU,G,7,Y1_nocap,2.3526359421203304
SAU,G,8,Y1_nocap,2.6005915246559885
SAU,G,9,Y1_nocap,2.6293121250678366
SAU,G,10,Y1_nocap,2.735805440017846
SAU,G,0,Y2_nocap,0.0
SAU,G,1,Y2_nocap,0.11786257265458022
SAU,G,2,Y2_nocap,0.19117941421406637
SAU,G,3,Y2_nocap,0.15912120136505115
SAU,G,4,Y2_nocap,0.10329107995946094
SAU,G,5,Y2_nocap,0.09703287546572431
SAU,G,6,Y2_nocap,0.10255188599971651
SAU,G,7,Y2_nocap,0.09859454773526591
SAU,G,8,Y2_nocap,0.09341346541113235
SAU,G,9,Y2_nocap,0.11110978305862639
SAU,G,10,Y2_nocap,0.10649618261720872
SAU,L,0,Z1,1.0
SAU,L,1,Z1,0.9512294245006947
SAU,L,2,Z1,0.9048374180359229
SAU,L,3,Z1,0.8607079764250054
SAU,L,4,Z1,0.8187307530779154
SAU,L,5,Z1,0.7788007830713258
SAU,L,6,Z1,0.7408182206816276
SAU,L,7,Z1,0.7046880897186133
SAU,L,8,Z1,0.6703200460355304
SAU,L,9,Z1,0.6376281516216568
SAU,L,10,Z1,0.6065306597125103
SAU,L,0,Z2,0.0
SAU,L,1,Z2,0.7408182206817179
SAU,L,2,Z2,4.390493088752212
SAU,L,3,Z2,10.977380812996177
SAU,L,4,Z2,19.276429562380937
SAU,L,5,Z2,27.891270018553726
SAU,L,6,Z2,35.7045598558627
SAU,L,7,Z2,42.00255489077279
SAU,L,8,Z2,46.447592084179206
SAU,L,9,Z2,48.99281878727759
SAU,L,10,Z2,49.787068367863945
SAU,L,0,Y1,1.00511673509676
SAU,L,1,Y1,1.4139582658423304
SAU,L,2,Y1,1.7554789269002053
SAU,L,3,Y1,2.0338886437140404
SAU,L,4,Y1,2.263822323796397
SAU,L,5,Y1,2.4965957751982737
SAU,L,6,Y1,2.7303875921295564
SAU,L,7,Y1,3.009621285620666
SAU,L,8,Y1,3.35533232780724
SAU,L,9,Y1,3.639950728379488
SAU,L,10,Y1,3.870982287169073
SAU,L,0,Y2,0.0
SAU,L,1,Y2,0.7446087912717994
SAU,L,2,Y2,4.752150333451404
SAU,L,3,Y2,13.347878808736823
SAU,L,4,Y2,26.473070904662144
SAU,L,5,Y2,43.20799271099232
SAU,L,6,Y2,62.26549992544577
SAU,L,7,Y2,82.41423888833903
SAU,L,8,Y2,102.70395638611662
SAU,L,9,Y2,122.62225965834759
SAU,L,10,Y2,142.027855184163
SAU,L,0,Y1_nocap,1.00511673509676
SAU,L,1,Y1_nocap,1.335448053532429
SAU,L,2,Y1_nocap,1.5756071643153218
SAU,L,3,Y1_nocap,1.7377063226160059
SAU,L,4,Y1_nocap,1.8430396402812605
SAU,L,5,Y1_nocap,1.947668530761373
SAU,L,6,Y1_nocap,2.049959829808177
SAU,L,7,Y1_nocap,2.1946457817665825
SAU,L,8,Y1_nocap,2.3995649276821824
SAU,L,9,Y1_nocap,2.532677133418603
SAU,L,10,Y1_nocap,2.607499803869596
SAU,L,0,Y2_nocap,0.0
SAU,L,1,Y2_nocap,0.7446087912717994
SAU,L,2,Y2_nocap,4.693988537662639
SAU,L,3,Y2_nocap,12.925253196620789
SAU,L,4,Y2_nocap,25.056732302745566
SAU,L,5,Y2_nocap,39.8876961278077
SAU,L,6,Y2_nocap,55.954356193723406
SAU,L,7,Y2_nocap,71.9696916278941
SAU,L,8,Y2_nocap,87.03040430475446
SAU,L,9,Y2_nocap,100.7398487226015
SAU,L,10,Y2_nocap,113.09911013821221
SDN,G,0,Z1,1.0
SDN,G,1,Z1,0.006737946999085479
SDN,G,2,Z1,4.539992976248501e-05
SDN,G,3,Z1,3.0590232050182743e-07
SDN,G,4,Z1,2.0611536224385723e-09
SDN,G,5,Z1,1.388794386496412e-11
SDN,G,6,Z1,9.357622968840275e-14
SDN,G,7,Z1,6.305116760147079e-16
SDN,G,8,Z1,4.24835425529165e-18
SDN,G,9,Z1,2.8625185805494346e-20
SDN,G,10,Z1,1.928749847963945e-22
SDN,G,0,Z2,0.0
SDN,G,1,Z2,0.4664330826857538
SDN,G,2,Z2,1.740478564989882
SDN,G,3,Z2,2.739881640656389
SDN,G,4,Z2,3.029265635189239
SDN,G,5,Z2,2.759667399404951
SDN,G,6,Z2,2.2242818977202794
SDN,G,7,Z2,1.6474776906218311
SDN,G,8,Z2,1.147056286067308
SDN,G,9,Z2,0.7617836419010183
SDN,G,10,Z2,0.48740890594166314
SDN,G,0,Y1,1.000000000000003
SDN,G,1,Y1,0.7080474234428424
SDN,G,2,Y1,0.3752929442198823
SDN,G,3,Y1,0.2451050116036793
SDN,G,4,Y1,0.45756934627073986
SDN,G,5,Y1,0.402137598233434
SDN,G,6,Y1,0.37655445095612117
SDN,G,7,Y1,0.3713319528637382
SDN,G,8,Y1,0.5471299781545861
SDN,G,9,Y1,0.3608782237648077
SDN,G,10,Y1,0.44260998186919503
SDN,G,0,Y2,0.0
SDN,G,1,Y2,0.46643308268575523
SDN,G,2,Y2,2.0675925060042806
SDN,G,3,Y2,4.133319544287316
SDN,G,4,Y2,5.708802083287829
SDN,G,5,Y2,6.534160982926755
SDN,G,6,Y2,6.926350670336561
SDN,G,7,Y2,7.082814034754429
SDN,G,8,Y2,7.093169116877735
SDN,G,9,Y2,7.10343646253062
SDN,G,10,Y2,7.219100064986079
SDN,G,0,Y1_nocap,1.000000000000003
SDN,G,1,Y1_nocap,0.6858909991440632
SDN,G,2,Y1_nocap,0.3392319525168019
SDN,G,3,Y1_nocap,0.2036311934130046
SDN,G,4,Y1_nocap,0.4140028451468385
SDN,G,5,Y1_nocap,0.35193939116310613
SDN,G,6,Y1_nocap,0.32148645171793155
SDN,G,7,Y1_nocap,0.3123529315753106
SDN,G,8,Y1_nocap,0.48467042035323693
SDN,G,9,Y1_nocap,0.29132320038202614
SDN,G,10,Y1_nocap,0.37065723535760925
SDN,G,0,Y2_nocap,0.0
SDN,G,1,Y2_nocap,0.46643308268575523
SDN,G,2,Y2_nocap,2.0572580167173076
SDN,G,3,Y2_nocap,4.078006356434774
SDN,G,4,Y2_nocap,5.566361125681285
SDN,G,5,Y2_nocap,6.276697564097488
SDN,G,6,Y2_nocap,6.5448352253409094
SDN,G,7,Y2_nocap,6.578541212600312
SDN,G,8,Y2_nocap,6.472552220818843
SDN,G,9,Y2_nocap,6.375609866331265
SDN,G,10,Y2_nocap,6.392464917839661
SDN,L,0,Z1,1.0
SDN,L,1,Z1,0.7121699797241472
SDN,L,2,Z1,0.5071860800202922
SDN,L,3,Z1,0.3612027003244211
SDN,L,4,Z1,0.2572377197663502
SDN,L,5,Z1,0.1831969816702875
SDN,L,6,Z1,0.13046739072165356
SDN,L,7,Z1,0.0929149590049024
SDN,L,8,Z1,0.06617124447059132
SDN,L,9,Z1,0.04712517383294261
SDN,L,10,Z1,0.03356113409310365
SDN,L,0,Z2,0.0
SDN,L,1,Z2,0.2567285020618578
SDN,L,2,Z2,0.5272761901674026
SDN,L,3,Z2,0.45686303935164185
SDN,L,4,Z2,0.27802018071745094
SDN,L,5,Z2,0.13940567292687145
SDN,L,6,Z2,0.06184409977055403
SDN,L,7,Z2,0.025212315193251077
SDN,L,8,Z2,0.009661902610770509
SDN,L,9,Z2,0.00353178542339269
SDN,L,10,Z2,0.0012437722652284067
SDN,L,0,Y1,1.00511673509676
SDN,L,1,Y1,1.1174351977571886
SDN,L,2,Y1,1.130469410271535
SDN,L,3,Y1,1.0784554396291224
SDN,L,4,Y1,0.9958385765691243
SDN,L,5,Y1,0.9434459271024002
SDN,L,6,Y1,0.9108914028731194
SDN,L,7,Y1,0.9370282714726343
SDN,L,8,Y1,1.0258063641705912
SDN,L,9,Y1,1.0314163597307662
SDN,L,10,Y1,0.9861974716923022
SDN,L,0,Y2,0.0
SDN,L,1,Y2,0.25804211379869635
SDN,L,2,Y2,0.6330817402747233
SDN,L,3,Y2,0.7568842003447479
SDN,L,4,Y2,0.7095714702678813
SDN,L,5,Y2,0.6072965933821526
SDN,L,6,Y2,0.5163316835738105
SDN,L,7,Y2,0.46177317170000487
SDN,L,8,Y2,0.44902780000278375
SDN,L,9,Y2,0.4828990374223471
SDN,L,10,Y2,0.5239656606473824
SDN,L,0,Y1_nocap,1.00511673509676
SDN,L,1,Y1_nocap,1.0951654049045811
SDN,L,2,Y1_nocap,1.0852336051085794
SDN,L,3,Y1_nocap,1.011813221011311
SDN,L,4,Y1_nocap,0.9106652561602682
SDN,L,5,Y1_nocap,0.8430634514198055
SDN,L,6,Y1_nocap,0.797684695277735
SDN,L,7,Y1_nocap,0.8127507658708151
SDN,L,8,Y1_nocap,0.8907699801604823
SDN,L,9,Y1_nocap,0.8845200069171992
SDN,L,10,Y1_nocap,0.8282713871935734
SDN,L,0,Y2_nocap,0.0
SDN,L,1,Y2_nocap,0.25804211379869635
SDN,L,2,Y2_nocap,0.6273644497144455
SDN,L,3,Y2_nocap,0.7376002310169503
SDN,L,4,Y2_nocap,0.6750696992869829
SDN,L,5,Y2_nocap,0.5598500871525833
SDN,L,6,Y2_nocap,0.4592483282759291
SDN,L,7,Y2_nocap,0.39784403405731195
SDN,L,8,Y2_nocap,0.38001267567053976
SDN,L,9,Y2_nocap,0.4094896574574881
SDN,L,10,Y2_nocap,0.44576522563832394
SEN,G,0,Z1,1.0
SEN,G,1,Z1,0.006737946999085479
SEN,G,2,Z1,4.539992976248501e-05
SEN,G,3,Z1,3.0590232050182743e-07
SEN,G,4,Z1,2.0611536224385723e-09
SEN,G,5,Z1,1.388794386496412e-11
SEN,G,6,Z1,9.357622968840275e-14
SEN,G,7,Z1,6.305116760147079e-16
SEN,G,8,Z1,4.24835425529165e-18
SEN,G,9,Z1,2.8625185805494346e-20
SEN,G,10,Z1,1.928749847963945e-22
SEN,G,0,Z2,0.0
SEN,G,1,Z2,0.4802078649990685
SEN,G,2,Z2,1.8447967488557089
SEN,G,3,Z2,2.9898649399226267
SEN,G,4,Z2,3.403275044588593
SEN,G,5,Z2,3.1919520374345662
SEN,G,6,Z2,2.6486792174751206
SEN,G,7,Z2,2.019756440218787
SEN,G,8,Z2,1.4477851286399364
SEN,G,9,Z2,0.9898991411788202
SEN,G,10,Z2,0.6520676997940915
SEN,G,0,Y1,1.000000000000003
SEN,G,1,Y1,0.7218478868703255
SEN,G,2,Y1,0.3986095929469261
SEN,G,3,Y1,0.273155982270472
SEN,G,4,Y1,0.488448574518445
SEN,G,5,Y1,0.4387004287174484
SEN,G,6,Y1,0.4179058858643471
SEN,G,7,Y1,0.4170022215443348
SEN,G,8,Y1,0.5969369392751372
SEN,G,9,Y1,0.4171398917019642
SEN,G,10,Y1,0.5026039864394616
SEN,G,0,Y2,0.0
SEN,G,1,Y2,0.48020786499907
SEN,G,2,Y2,2.188198166320895
SEN,G,3,Y2,4.4981772717150585
SEN,G,4,Y2,6.397620094699374
SEN,G,5,Y2,7.535550186217361
SEN,G,6,Y2,8.186750394136242
SEN,G,7,Y2,8.548551692140231
SEN,G,8,Y2,8.720637142622822
SEN,G,9,Y2,8.861969784080081
SEN,G,10,Y2,9.099948358679333
SEN,G,0,Y1_nocap,1.000000000000003
SEN,G,1,Y1_nocap,0.6858909991440632
SEN,G,2,Y1_nocap,0.3392319525168019
SEN,G,3,Y1_nocap,0.2036311934130046
SEN,G,4,Y1_nocap,0.4140028451468385
SEN,G,5,Y1_nocap,0.35193939116310613
SEN,G,6,Y1_nocap,0.32148645171793155
SEN,G,7,Y1_nocap,0.3123529315753106
SEN,G,8,Y1_nocap,0.48467042035323693
SEN,G,9,Y1_nocap,0.29132320038202614
SEN,G,10,Y1_nocap,0.37065723535760925
SEN,G,0,Y2_nocap,0.0
SEN,G,1,Y2_nocap,0.48020786499907
SEN,G,2,Y2_nocap,2.1709313860338555
SEN,G,3,Y2_nocap,4.4034468548494665
SEN,G,4,Y2_nocap,6.14782690073457
SEN,G,5,Y2_nocap,7.073326752329052
SEN,G,6,Y2_nocap,7.486154797042305
SEN,G,7,Y2_nocap,7.602971982368347
SEN,G,8,Y2_nocap,7.534333340270721
SEN,G,9,Y2_nocap,7.445723205969312
SEN,G,10,Y2_nocap,7.464886107006848
SEN,L,0,Z1,1.0
SEN,L,1,Z1,0.8023713209116748
SEN,L,2,Z1,0.6437997366215459
SEN,L,3,Z1,0.5165664450756181
SEN,L,4,Z1,0.41447810087397186
SEN,L,5,Z1,0.3325653412872112
SEN,L,6,Z1,0.2668408921780616
SEN,L,7,Z1,0.2141054791301611
SEN,L,8,Z1,0.1717920961040944
SEN,L,9,Z1,0.1378410510732276
SEN,L,10,Z1,0.1105997062254793
SEN,L,0,Z2,0.0
SEN,L,1,Z2,0.26503827400365926
SEN,L,2,Z2,0.56196229349471
SEN,L,3,Z2,0.5026776175900429
SEN,L,4,Z2,0.31580161930983464
SEN,L,5,Z2,0.16347561740124855
SEN,L,6,Z2,0.07486956658548194
SEN,L,7,Z2,0.03151042657964738
SEN,L,8,Z2,0.012466332844839216
SEN,L,9,Z2,0.004704406920148648
SEN,L,10,Z2,0.0017103537590220416
SEN,L,0,Y1,1.00511673509676
SEN,L,1,Y1,1.2219691520559994
SEN,L,2,Y1,1.3342957436202454
SEN,L,3,Y1,1.367377326908857
SEN,L,4,Y1,1.3516552181807537
SEN,L,5,Y1,1.3480827451509374
SEN,L,6,Y1,1.352591463687573
SEN,L,7,Y1,1.408142763690663
SEN,L,8,Y1,1.5261019435708325
SEN,L,9,Y1,1.5672418649860442
SEN,L,10,Y1,1.5542501198435592
SEN,L,0,Y2,0.0
SEN,L,1,Y2,0.26639440464223846
SEN,L,2,Y2,0.6749590702952554
SEN,L,3,Y2,0.8325172656267895
SEN,L,4,Y2,0.8037683972005008
SEN,L,5,Y2,0.7076164247910397
SEN,L,6,Y2,0.61697354785451
SEN,L,7,Y2,0.5621937340912753
SEN,L,8,Y2,0.5513085366026899
SEN,L,9,Y2,0.5907607996009192
SEN,L,10,Y2,0.6409474566841767
SEN,L,0,Y1_nocap,1.00511673509676
SEN,L,1,Y1_nocap,1.185828282460338
SEN,L,2,Y1_nocap,1.2567642862752204
SEN,L,3,Y1_nocap,1.2473340469184377
SEN,L,4,Y1_nocap,1.1909073219120707
SEN,L,5,Y1_nocap,1.1500648753706353
SEN,L,6,Y1_nocap,1.12005928735918
SEN,L,7,Y1_nocap,1.1433671225063824
SEN,L,8,Y1_nocap,1.2293582720819058
SEN,L,9,Y1_nocap,1.2365421888514825
SEN,L,10,Y1_nocap,1.190508781233527
SEN,L,0,Y2_nocap,0.0
SEN,L,1,Y2_nocap,0.26639440464223846
SEN,L,2,Y2_nocap,0.6653803565966299
SEN,L,3,Y2_nocap,0.7993443411872054
SEN,L,4,Y2_nocap,0.7429991482099655
SEN,L,5,Y2_nocap,0.6222298741483814
SEN,L,6,Y2_nocap,0.512162328858778
SEN,L,7,Y2_nocap,0.442586354214991
SEN,L,8,Y2_nocap,0.419917709292513
SEN,L,9,Y2_nocap,0.44880855417894333
SEN,L,10,Y2_nocap,0.487759701521195
SGP,G,0,Z1,1.0
SGP,G,1,Z1,0.006737946999085479
SGP,G,2,Z1,4.539992976248501e-05
SGP,G,3,Z1,3.0590232050182743e-07
SGP,G,4,Z1,2.0611536224385723e-09
SGP,G,5,Z1,1.388794386496412e-11
SGP,G,6,Z1,9.357622968840275e-14
SGP,G,7,Z1,6.305116760147079e-16
SGP,G,8,Z1,4.24835425529165e-18
SGP,G,9,Z1,2.8625185805494346e-20
SGP,G,10,Z1,1.928749847963945e-22
SGP,G,0,Z2,0.0
SGP,G,1,Z2,0.48425027239341445
SGP,G,2,Z2,1.8759866105047687
SGP,G,3,Z2,3.0660087166087466
SGP,G,4,Z2,3.51932576279317
SGP,G,5,Z2,3.328582928269051
SGP,G,6,Z2,2.78530650379876
SGP,G,7,Z2,2.141821312847911
SGP,G,8,Z2,1.5482067280824663
SGP,G,9,Z2,1.0674717523842538
SGP,G,10,Z2,0.7090857158633067
SGP,G,0,Y1,1.000000000000003
SGP,G,1,Y1,0.7496594604433671
SGP,G,2,Y1,0.4436712545946738
SGP,G,3,Y1,0.3246790847568456
SGP,G,4,Y1,0.5422133722387648
SGP,G,5,Y1,0.5003830954151092
SGP,G,6,Y1,0.48523239148518194
SGP,G,7,Y1,0.4887231058746728
SGP,G,8,Y1,0.6724751512275405
SGP,G,9,Y1,0.5010008870736197
SGP,G,10,Y1,0.5888262962924589
SGP,G,0,Y2,0.0
SGP,G,1,Y2,0.48425027239341595
SGP,G,2,Y2,2.2357465557570957
SGP,G,3,Y2,4.6721214260049075
SGP,G,4,Y2,6.775753313908569
SGP,G,5,Y2,8.152971837931048
SGP,G,6,Y2,9.041755098247894
SGP,G,7,Y2,9.624122452146652
SGP,G,8,Y2,9.99442338600268
SGP,G,9,Y2,10.310937589058408
SGP,G,10,Y2,10.707775574571867
SGP,G,0,Y1_nocap,1.000000000000003
SGP,G,1,Y1_nocap,0.6858909991440632
SGP,G,2,Y1_nocap,0.3392319525168019
SGP,G,3,Y1_nocap,0.2036311934130046
SGP,G,4,Y1_nocap,0.4140028451468385
SGP,G,5,Y1_nocap,0.35193939116310613
SGP,G,6,Y1_nocap,0.32148645171793155
SGP,G,7,Y1_nocap,0.3123529315753106
SGP,G,8,Y1_nocap,0.48467042035323693
SGP,G,9,Y1_nocap,0.29132320038202614
SGP,G,10,Y1_nocap,0.37065723535760925
SGP,G,0,Y2_nocap,0.0
SGP,G,1,Y2_nocap,0.48425027239341595
SGP,G,2,Y2_nocap,2.2048666610027987
SGP,G,3,Y2_nocap,4.502125953049326
SGP,G,4,Y2_nocap,6.326841271487634
SGP,G,5,Y2_nocap,7.322200305418436
SGP,G,6,Y2_nocap,7.7840196609928665
SGP,G,7,Y2_nocap,7.9305112998849845
SGP,G,8,Y2_nocap,7.876561345195967
SGP,G,9,Y2_nocap,7.7926721639899466
SGP,G,10,Y2_nocap,7.813716341889276
SGP,L,0,Z1,1.0
SGP,L,1,Z1,0.875314197914998
SGP,L,2,Z1,0.7661749450715762
SGP,L,3,Z1,0.6706438075078943
SGP,L,4,Z1,0.5870240464554328
SGP,L,5,Z1,0.5138304823799537
SGP,L,6,Z1,0.44976311654868567
SGP,L,7,Z1,0.3936840416135626
SGP,L,8,Z1,0.34459723111691015
SGP,L,9,Z1,0.30163084895882736
SGP,L,10,Z1,0.26402176462281585
SGP,L,0,Z2,0.0
SGP,L,1,Z2,0.26699758213370645
SGP,L,2,Z2,0.5703016709219625
SGP,L,3,Z2,0.5139084393775463
SGP,L,4,Z2,0.32524399585638236
SGP,L,5,Z2,0.1696081259710142
SGP,L,6,Z2,0.07825241009287857
SGP,L,7,Z2,0.033177634591621784
SGP,L,8,Z2,0.013222957105078308
SGP,L,9,Z2,0.00502682174354537
SGP,L,10,Z2,0.0018410826493055635
SGP,L,0,Y1,1.00511673509676
SGP,L,1,Y1,1.323239136465783
SGP,L,2,Y1,1.5487420217451247
SGP,L,3,Y1,1.6951501184370208
SGP,L,4,Y1,1.7848423462326866
SGP,L,5,Y1,1.8745673166264367
SGP,L,6,Y1,1.9626098056284533
SGP,L,7,Y1,2.0936499746914943
SGP,L,8,Y1,2.28493726618747
SGP,L,9,Y1,2.4037009767621162
SGP,L,10,Y1,2.464425328295789
SGP,L,0,Y2,0.0
SGP,L,1,Y2,0.26836373803296004
SGP,L,2,Y2,0.6916188134125764
SGP,L,3,Y2,0.8736964992646598
SGP,L,4,Y2,0.8681466526507551
SGP,L,5,Y2,0.7893873813111522
SGP,L,6,Y2,0.7104157394286406
SGP,L,7,Y2,0.6634183803772583
SGP,L,8,Y2,0.65837090885479
SGP,L,9,Y2,0.7034903319043095
SGP,L,10,Y2,0.7605299686023759
SGP,L,0,Y1_nocap,1.00511673509676
SGP,L,1,Y1_nocap,1.2591443888424827
SGP,L,2,Y1_nocap,1.4074366416819246
SGP,L,3,Y1_nocap,1.4708917015951628
SGP,L,4,Y1_nocap,1.4775746450696154
SGP,L,5,Y1_nocap,1.48785705971331
SGP,L,6,Y1_nocap,1.4996226230090457
SGP,L,7,Y1_nocap,1.5573046460429565
SGP,L,8,Y1_nocap,1.675084150869869
SGP,L,9,Y1_nocap,1.7163653081662145
SGP,L,10,Y1_nocap,1.7007017148483874
SGP,L,0,Y2_nocap,0.0
SGP,L,1,Y2_nocap,0.26836373803296004
SGP,L,2,Y2_nocap,0.674505670769685
SGP,L,3,Y2_nocap,0.8143943395046787
SGP,L,4,Y2_nocap,0.7597643550265065
SGP,L,5,Y2_nocap,0.637769455065603
SGP,L,6,Y2_nocap,0.5254213198464923
SGP,L,7,Y2_nocap,0.4538172020055033
SGP,L,8,Y2_nocap,0.42991268360388185
SGP,L,9,Y2_nocap,0.4586064705747246
SGP,L,10,Y2_nocap,0.49818081394542957
SLE,G,0,Z1,1.0
SLE,G,1,Z1,0.006737946999085479
SLE,G,2,Z1,4.539992976248501e-05
SLE,G,3,Z1,3.0590232050182743e-07
SLE,G,4,Z1,2.0611536224385723e-09
SLE,G,5,Z1,1.388794386496412e-11
SLE,G,6,Z1,9.357622968840275e-14
SLE,G,7,Z1,6.305116760147079e-16
SLE,G,8,Z1,4.24835425529165e-18
SLE,G,9,Z1,2.8625185805494346e-20
SLE,G,10,Z1,1.928749847963945e-22
SLE,G,0,Z2,0.0
SLE,G,1,Z2,0.443487458050674
SLE,G,2,Z2,1.573449003585987
SLE,G,3,Z2,2.3550915340329137
SLE,G,4,Z2,2.475741766885735
SLE,G,5,Z2,2.144453951144607
SLE,G,6,Z2,1.643394409977334
SLE,G,7,Z2,1.1573468039039285
SLE,G,8,Z2,0.7661621620378126
SLE,G,9,Z2,0.4837930327518295
SLE,G,10,Z2,0.2943156959091018
SLE,G,0,Y1,1.000000000000003
SLE,G,1,Y1,0.7283437816477801
SLE,G,2,Y1,0.4086565841472994
SLE,G,3,Y1,0.2839475145191123
SLE,G,4,Y1,0.4989036143151218
SLE,G,5,Y1,0.45012371095599996
SLE,G,6,Y1,0.4296480272408135
SLE,G,7,Y1,0.42869456666376243
SLE,G,8,Y1,0.608390841881121
SLE,G,9,Y1,0.42936474251680684
SLE,G,10,Y1,0.5140877893558138
SLE,G,0,Y2,0.0
SLE,G,1,Y2,0.4434874580506754
SLE,G,2,Y2,1.8934721409088764
SLE,G,3,Y2,3.669559152024692
SLE,G,4,Y2,4.935174103236857
SLE,G,5,Y2,5.544683043791114
SLE,G,6,Y2,5.832783323304287
SLE,G,7,Y2,5.967828514982175
SLE,G,8,Y2,6.010516379300741
SLE,G,9,Y2,6.081115430028705
SLE,G,10,Y2,6.25332468947458
SLE,G,0,Y1_nocap,1.000000000000003
SLE,G,1,Y1_nocap,0.6858909991440632
SLE,G,2,Y1_nocap,0.3392319525168019
SLE,G,3,Y1_nocap,0.2036311934130046
SLE,G,4,Y1_nocap,0.4140028451468385
SLE,G,5,Y1_nocap,0.35193939116310613
SLE,G,6,Y1_nocap,0.32148645171793155
SLE,G,7,Y1_nocap,0.3123529315753106
SLE,G,8,Y1_nocap,0.48467042035323693
SLE,G,9,Y1_nocap,0.29132320038202614
SLE,G,10,Y1_nocap,0.37065723535760925
SLE,G,0,Y2_nocap,0.0
SLE,G,1,Y2_nocap,0.4434874580506754
SLE,G,2,Y2_nocap,1.874644864309125
SLE,G,3,Y2_nocap,3.5720997674787185
SLE,G,4,Y2_nocap,4.6909960469402225
SLE,G,5,Y2_nocap,5.1137031823089085
SLE,G,6,Y2_nocap,5.206500027993066
SLE,G,7,Y2_nocap,5.152175553162839
SLE,G,8,Y2_nocap,5.017373255632663
SLE,G,9,Y2_nocap,4.9251776073837155
SLE,G,10,Y2_nocap,4.946735954370654
SLE,L,0,Z1,1.0
SLE,L,1,Z1,0.6043909734165162
SLE,L,2,Z1,0.365288448747364
SLE,L,3,Z1,0.2207770411162285
SLE,L,4,Z1,0.13343565078825556
SLE,L,5,Z1,0.08064730286838011
SLE,L,6,Z1,0.04874250188403685
SLE,L,7,Z1,0.029459528160449406
SLE,L,8,Z1,0.017805072901285288
SLE,L,9,Z1,0.010761225342559855
SLE,L,10,Z1,0.00650398745994423
SLE,L,0,Z2,0.0
SLE,L,1,Z2,0.25284498554511337
SLE,L,2,Z2,0.5114446937224687
SLE,L,3,Z2,0.43644226339591613
SLE,L,4,Z2,0.2615756747368698
SLE,L,5,Z2,0.12917597206600998
SLE,L,6,Z2,0.05643906645278526
SLE,L,7,Z2,0.0226607633560737
SLE,L,8,Z2,0.00855272920175609
SLE,L,9,Z2,0.0030790492383257644
SLE,L,10,Z2,0.00106793163258871
SLE,L,0,Y1,1.00511673509676
SLE,L,1,Y1,1.0295049241185907
SLE,L,2,Y1,0.9841305769795604
SLE,L,3,Y1,0.9004576706965546
SLE,L,4,Y1,0.8077974204612741
SLE,L,5,Y1,0.7605816605724176
SLE,L,6,Y1,0.7391326672422505
SLE,L,7,Y1,0.7777739845878939
SLE,L,8,Y1,0.8744376476518547
SLE,L,9,Y1,0.8796192867084202
SLE,L,10,Y1,0.836467885955079
SLE,L,0,Y2,0.0
SLE,L,1,Y2,0.2541387263566918
SLE,L,2,Y2,0.6207676261887236
SLE,L,3,Y2,0.746022443980121
SLE,L,4,Y2,0.7094816453404443
SLE,L,5,Y2,0.6211482880473612
SLE,L,6,Y2,0.5429758854870962
SLE,L,7,Y2,0.49828137420720453
SLE,L,8,Y2,0.49250435186553243
SLE,L,9,Y2,0.5309591734742107
SLE,L,10,Y2,0.5756164644043564
SLE,L,0,Y1_nocap,1.00511673509676
SLE,L,1,Y1_nocap,0.986834921972682
SLE,L,2,Y1_nocap,0.9017237999955776
SLE,L,3,Y1_nocap,0.783936151697338
SLE,L,4,Y1_nocap,0.6638861888887706
SLE,L,5,Y1_nocap,0.5957618143449271
SLE,L,6,Y1_nocap,0.5573532770702431
SLE,L,7,Y1_nocap,0.5815229622739775
SLE,L,8,Y1_nocap,0.6634205129423043
SLE,L,9,Y1_nocap,0.6511057378091134
SLE,L,10,Y1_nocap,0.5918652224732782
SLE,L,0,Y2_nocap,0.0
SLE,L,1,Y2_nocap,0.2541387263566918
SLE,L,2,Y2_nocap,0.6099787301129314
SLE,L,3,Y2_nocap,0.7098836688674728
SLE,L,4,Y2_nocap,0.6450332710021316
SLE,L,5,Y2_nocap,0.5325745406701071
SLE,L,6,Y2_nocap,0.43627057060216967
SLE,L,7,Y2_nocap,0.37844947560363684
SLE,L,8,Y2_nocap,0.36266412928465114
SLE,L,9,Y2_nocap,0.39228671354497274
SLE,L,10,Y2_nocap,0.4273007055830286
SLV,G,0,Z1,1.0
SLV,G,1,Z1,0.006737946999085479
SLV,G,2,Z1,4.539992976248501e-05
SLV,G,3,Z1,3.0590232050182743e-07
SLV,G,4,Z1,2.0611536224385723e-09
SLV,G,5,Z1,1.388794386496412e-11
SLV,G,6,Z1,9.357622968840275e-14
SLV,G,7,Z1,6.305116760147079e-16
SLV,G,8,Z1,4.24835425529165e-18
SLV,G,9,Z1,2.8625185805494346e-20
SLV,G,10,Z1,1.928749847963945e-22
SLV,G,0,Z2,0.0
SLV,G,1,Z2,0.4797695013086134
SLV,G,2,Z2,1.8414301950873246
SLV,G,3,Z2,2.9816844065718806
SLV,G,4,Z2,3.3908651633793423
SLV,G,5,Z2,3.177409547732924
SLV,G,6,Z2,2.634205007524121
SLV,G,7,Z2,2.0068854139904797
SLV,G,8,Z2,1.4372458195274518
SLV,G,9,Z2,0.9817959993310291
SLV,G,10,Z2,0.646139611777558
SLV,G,0,Y1,1.000000000000003
SLV,G,1,Y1,0.7353482581290808
SLV,G,2,Y1,0.4203148861443186
SLV,G,3,Y1,0.2977264148259347
SLV,G,4,Y1,0.513799669452272
SLV,G,5,Y1,0.46757746204841943
SLV,G,6,Y1,0.4491606713396573
SLV,G,7,Y1,0.44999826631473966
SLV,G,8,Y1,0.6313721292385822
SLV,G,9,Y1,0.45518308920636774
SLV,G,10,Y1,0.5413161174961167
SLV,G,0,Y2,0.0
SLV,G,1,Y2,0.4797695013086149
SLV,G,2,Y2,2.190995200706482
SLV,G,3,Y2,4.522646565274422
SLV,G,4,Y2,6.4696892037576665
SLV,G,5,Y2,7.675072080351009
SLV,G,6,Y2,8.402111188407506
SLV,G,7,Y2,8.84053603328396
SLV,G,8,Y2,9.085636258180406
SLV,G,9,Y2,9.293698914179636
SLV,G,10,Y2,9.591610050313466
SLV,G,0,Y1_nocap,1.000000000000003
SLV,G,1,Y1_nocap,0.6858909991440632
SLV,G,2,Y1_nocap,0.3392319525168019
SLV,G,3,Y1_nocap,0.2036311934130046
SLV,G,4,Y1_nocap,0.4140028451468385
SLV,G,5,Y1_nocap,0.35193939116310613
SLV,G,6,Y1_nocap,0.32148645171793155
SLV,G,7,Y1_nocap,0.3123529315753106
SLV,G,8,Y1_nocap,0.48467042035323693
SLV,G,9,Y1_nocap,0.29132320038202614
SLV,G,10,Y1_nocap,0.37065723535760925
SLV,G,0,Y2_nocap,0.0
SLV,G,1,Y2_nocap,0.4797695013086149
SLV,G,2,Y2_nocap,2.167267116227149
SLV,G,3,Y2_nocap,4.392833235157655
SLV,G,4,Y2_nocap,6.1286464387009465
SLV,G,5,Y2_nocap,7.046760039243734
SLV,G,6,Y2_nocap,7.45446222315957
SLV,G,7,Y2_nocap,7.568215149664504
SLV,G,8,Y2_nocap,7.498094124121539
SLV,G,9,Y2_nocap,7.409041244842776
SLV,G,10,Y2_nocap,7.428038115292036
SLV,L,0,Z1,1.0
SLV,L,1,Z1,0.823340579107086
SLV,L,2,Z1,0.6778897092043917
SLV,L,3,Z1,0.558134105747078
SLV,L,4,Z1,0.45953445784521474
SLV,L,5,Z1,0.37835336664193986
SLV,L,6,Z1,0.31151367999809043
SLV,L,7,Z1,0.25648185368940724
SLV,L,8,Z1,0.21117191794709544
SLV,L,9,Z1,0.1738664092137156
SLV,L,10,Z1,0.14315127004929018
SLV,L,0,Z2,0.0
SLV,L,1,Z2,0.2654195577673634
SLV,L,2,Z2,0.5635803331633821
SLV,L,3,Z2,0.5048501944318028
SLV,L,4,Z2,0.31762279192854875
SLV,L,5,Z2,0.1646548847080287
SLV,L,6,Z2,0.07551813890898638
SLV,L,7,Z2,0.03182911538979011
SLV,L,8,Z2,0.012610529744060774
SLV,L,9,Z2,0.004765668388916203
SLV,L,10,Z2,0.0017351187877257107
SLV,L,0,Y1,1.00511673509676
SLV,L,1,Y1,1.2566151534729662
SLV,L,2,Y1,1.4060755648692087
SLV,L,3,Y1,1.4748115257716865
SLV,L,4,Y1,1.4907310388355943
SLV,L,5,Y1,1.5136608929778
SLV,L,6,Y1,1.540664068174471
SLV,L,7,Y1,1.615527126148184
SLV,L,8,Y1,1.751801134653082
SLV,L,9,Y1,1.8125215544491446
SLV,L,10,Y1,1.817514034544628
SLV,L,0,Y2,0.0
SLV,L,1,Y2,0.2667776393339582
SLV,L,2,Y2,0.6803454066904425
SLV,L,3,Y2,0.847835123120102
SLV,L,4,Y2,0.8293768361147926
SLV,L,5,Y2,0.7414126573679574
SLV,L,6,Y2,0.6564295781077433
SLV,L,7,Y2,0.6053379881163531
SLV,L,8,Y2,0.5969708409743448
SLV,L,9,Y2,0.6385562339250486
SLV,L,10,Y2,0.6911958684275619
SLV,L,0,Y1_nocap,1.00511673509676
SLV,L,1,Y1_nocap,1.2069048347951106
SLV,L,2,Y1_nocap,1.2989834065104446
SLV,L,3,Y1_nocap,1.3084481766319758
SLV,L,4,Y1_nocap,1.2673807345478005
SLV,L,5,Y1_nocap,1.238000982336412
SLV,L,6,Y1_nocap,1.2165766599059253
SLV,L,7,Y1_nocap,1.2463206043037172
SLV,L,8,Y1_nocap,1.3380996118099946
SLV,L,9,Y1_nocap,1.3518520774980374
SLV,L,10,Y1_nocap,1.3113774641561007
SLV,L,0,Y2_nocap,0.0
SLV,L,1,Y2_nocap,0.2667776393339582
SLV,L,2,Y2_nocap,0.6671513158904914
SLV,L,3,Y2_nocap,0.8022582422060659
SLV,L,4,Y2_nocap,0.7462388851218853
SLV,L,5,Y2_nocap,0.6252283988020015
SLV,L,6,Y2_nocap,0.5147184085341473
SLV,L,7,Y2_nocap,0.4447508050856187
SLV,L,8,Y2_nocap,0.42184458336630687
SLV,L,9,Y2_nocap,0.4506989221029287
SLV,L,10,Y2_nocap,0.48977162946098246
SOM,G,0,Z1,1.0
SOM,G,1,Z1,0.006737946999085479
SOM,G,2,Z1,4.539992976248501e-05
SOM,G,3,Z1,3.0590232050182743e-07
SOM,G,4,Z1,2.0611536224385723e-09
SOM,G,5,Z1,1.388794386496412e-11
SOM,G,6,Z1,9.357622968840275e-14
SOM,G,7,Z1,6.305116760147079e-16
SOM,G,8,Z1,4.24835425529165e-18
SOM,G,9,Z1,2.8625185805494346e-20
SOM,G,10,Z1,1.928749847963945e-22
SOM,G,0,Z2,0.0
SOM,G,1,Z2,0.4357692623166376
SOM,G,2,Z2,1.519158799839892
SOM,G,3,Z2,2.234259144724697
SOM,G,4,Z2,2.307843459130981
SOM,G,5,Z2,1.9642328939995803
SOM,G,6,Z2,1.4790856076402767
SOM,G,7,Z2,1.023505718248073
SOM,G,8,Z2,0.6657676789817065
SOM,G,9,Z2,0.41308256808762145
SOM,G,10,Z2,0.24692549515967785
SOM,G,0,Y1,1.000000000000003
SOM,G,1,Y1,0.7183945306294657
SOM,G,2,Y1,0.39208711463678175
SOM,G,3,Y1,0.2643542309118033
SOM,G,4,Y1,0.47771610946047277
SOM,G,5,Y1,0.42530202284547125
SOM,G,6,Y1,0.40190457123458334
SOM,G,7,Y1,0.39841511006007513
SOM,G,8,Y1,0.5757425253113062
SOM,G,9,Y1,0.39270679049762275
SOM,G,10,Y1,0.4754516802157728
SOM,G,0,Y2,0.0
SOM,G,1,Y2,0.43576926231663893
SOM,G,2,Y2,1.8292768643112862
SOM,G,3,Y2,3.4841286759441505
SOM,G,4,Y2,4.600203990708606
SOM,G,5,Y2,5.076814616425385
SOM,G,6,Y2,5.262334270299515
SOM,G,7,Y2,5.3192026441127185
SOM,G,8,Y2,5.301054152670991
SOM,G,9,Y2,5.321692903184117
SOM,G,10,Y2,5.444633714072672
SOM,G,0,Y1_nocap,1.000000000000003
SOM,G,1,Y1_nocap,0.6858909991440632
SOM,G,2,Y1_nocap,0.3392319525168019
SOM,G,3,Y1_nocap,0.2036311934130046
SOM,G,4,Y1_nocap,0.4140028451468385
SOM,G,5,Y1_nocap,0.35193939116310613
SOM,G,6,Y1_nocap,0.32148645171793155
SOM,G,7,Y1_nocap,0.3123529315753106
SOM,G,8,Y1_nocap,0.48467042035323693
SOM,G,9,Y1_nocap,0.29132320038202614
SOM,G,10,Y1_nocap,0.37065723535760925
SOM,G,0,Y2_nocap,0.0
SOM,G,1,Y2_nocap,0.43576926231663893
SOM,G,2,Y2_nocap,1.8151128243732066
SOM,G,3,Y2_nocap,3.411813431605974
SOM,G,4,Y2_nocap,4.421313959673485
SOM,G,5,Y2_nocap,4.76490584460423
SOM,G,6,Y2_nocap,4.814187345057788
SOM,G,7,Y2_nocap,4.741356655718465
SOM,G,8,Y2_nocap,4.603626525352801
SOM,G,9,Y2_nocap,4.516305955346315
SOM,G,10,Y2_nocap,4.540576783562323
SOM,L,0,Z1,1.0
SOM,L,1,Z1,0.5191256929209807
SOM,L,2,Z1,0.26949148505068826
SOM,L,3,Z1,0.13989995391324261
SOM,L,4,Z1,0.07262566051482534
SOM,L,5,Z1,0.03770184633860261
SOM,L,6,Z1,0.01957199710492741
SOM,L,7,Z1,0.010160326558942874
SOM,L,8,Z1,0.005274486565214661
SOM,L,9,Z1,0.0027381214929694626
SOM,L,10,Z1,0.001421429217339603
SOM,L,0,Z2,0.0
SOM,L,1,Z2,0.27250794316376087
SOM,L,2,Z2,0.5940846326987482
SOM,L,3,Z2,0.5463881369615282
SOM,L,4,Z2,0.35293655080880665
SOM,L,5,Z2,0.18784768267230484
SOM,L,6,Z2,0.08845629517401178
SOM,L,7,Z2,0.038277915596344705
SOM,L,8,Z2,0.015570526112102169
SOM,L,9,Z2,0.006041433790330915
SOM,L,10,Z2,0.0022583521206627154
SOM,L,0,Y1,1.00511673509676
SOM,L,1,Y1,0.9338032050696223
SOM,L,2,Y1,0.8330988346825824
SOM,L,3,Y1,0.721824017909897
SOM,L,4,Y1,0.6199531347698672
SOM,L,5,Y1,0.5743847284047731
SOM,L,6,Y1,0.5563486917997736
SOM,L,7,Y1,0.5971429646480004
SOM,L,8,Y1,0.689758097522519
SOM,L,9,Y1,0.6821115198927068
SOM,L,10,Y1,0.6300589581290654
SOM,L,0,Y2,0.0
SOM,L,1,Y2,0.2739022941206928
SOM,L,2,Y2,0.7094034788945233
SOM,L,3,Y2,0.8888841357635002
SOM,L,4,Y2,0.8656557125466191
SOM,L,5,Y2,0.763275485766844
SOM,L,6,Y2,0.6618526845727961
SOM,L,7,Y2,0.5968573213090184
SOM,L,8,Y2,0.578526964898569
SOM,L,9,Y2,0.6143405425943187
SOM,L,10,Y2,0.6638934079635531
SOM,L,0,Y1_nocap,1.00511673509676
SOM,L,1,Y1_nocap,0.9011333616238999
SOM,L,2,Y1_nocap,0.7730911616703161
SOM,L,3,Y1_nocap,0.6402739114583595
SOM,L,4,Y1_nocap,0.5224648930130663
SOM,L,5,Y1_nocap,0.46573994401695606
SOM,L,6,Y1_nocap,0.4390577853327038
SOM,L,7,Y1_nocap,0.4725898496517989
SOM,L,8,Y1_nocap,0.5572868168773912
SOM,L,9,Y1_nocap,0.5394422731746328
SOM,L,10,Y1_nocap,0.47838113565439944
SOM,L,0,Y2_nocap,0.0
SOM,L,1,Y2_nocap,0.2739022941206928
SOM,L,2,Y2_nocap,0.7005006870536473
SOM,L,3,Y2_nocap,0.8577445842564323
SOM,L,4,Y2_nocap,0.808497177344643
SOM,L,5,Y2_nocap,0.6832534463042395
SOM,L,6,Y2_nocap,0.5644042134731029
SOM,L,7,Y2_nocap,0.4868867550589987
SOM,L,8,Y2_nocap,0.45930215264747765
SOM,L,9,Y2_nocap,0.4873110689552021
SOM,L,10,Y2_nocap,0.5286152519112933
SRB,G,0,Z1,1.0
SRB,G,1,Z1,0.951229424500714
SRB,G,2,Z1,0.9048374180359595
SRB,G,3,Z1,0.8607079764250578
SRB,G,4,Z1,0.8187307530779818
SRB,G,5,Z1,0.7788007830714049
SRB,G,6,Z1,0.7408182206817179
SRB,G,7,Z1,0.7046880897187134
SRB,G,8,Z1,0.6703200460356393
SRB,G,9,Z1,0.6376281516217733
SRB,G,10,Z1,0.6065306597126334
SRB,G,0,Z2,0.0
SRB,G,1,Z2,0.4438751300461466
SRB,G,2,Z2,1.5762010485878681
SRB,G,3,Z2,2.3612730032952425
SRB,G,4,Z2,2.4844097455694953
SRB,G,5,Z2,2.153843161919089
SRB,G,6,Z2,1.65203265069361
SRB,G,7,Z2,1.1644472186565626
SRB,G,8,Z2,0.7715364729850855
SRB,G,9,Z2,0.4876125123306376
SRB,G,10,Z2,0.29689858343331965
SRB,G,0,Y1,1.000000000000003
SRB,G,1,Y1,1.6447869125399806
SRB,G,2,Y1,1.92301447920092
SRB,G,3,Y1,2.058643625995135
SRB,G,4,Y1,2.4011558766898133
SRB,G,5,Y1,2.6686844092388076
SRB,G,6,Y1,2.8972905311050634
SRB,G,7,Y1,3.10944438129808
SRB,G,8,Y1,3.4870382716303374
SRB,G,9,Y1,3.6575158031730037
SRB,G,10,Y1,3.9031791695500444
SRB,G,0,Y2,0.0
SRB,G,1,Y2,0.443875130046148
SRB,G,2,Y2,1.8840539687857798
SRB,G,3,Y2,3.6135637625225847
SRB,G,4,Y2,4.788901252351947
SRB,G,5,Y2,5.281513604991389
SRB,G,6,Y2,5.4469337067433266
SRB,G,7,Y2,5.463568172878001
SRB,G,8,Y2,5.39640796487231
SRB,G,9,Y2,5.3678300746510015
SRB,G,10,Y2,5.450195469241772
SRB,G,0,Y1_nocap,1.000000000000003
SRB,G,1,Y1_nocap,1.6303824766456947
SRB,G,2,Y1_nocap,1.8854782402931523
SRB,G,3,Y1_nocap,1.9948678479192243
SRB,G,4,Y1_nocap,2.310207783889443
SRB,G,5,Y1_nocap,2.5466874826812607
SRB,G,6,Y1_nocap,2.7415991712874517
SRB,G,7,Y1_nocap,2.9180765748181083
SRB,G,8,Y1_nocap,3.2583261037685176
SRB,G,9,Y1_nocap,3.387473181301042
SRB,G,10,Y1_nocap,3.5909584798344243
SRB,G,0,Y2_nocap,0.0
SRB,G,1,Y2_nocap,0.443875130046148
SRB,G,2,Y2_nocap,1.8776601979299623
SRB,G,3,Y2_nocap,3.580280015606635
SRB,G,4,Y2_nocap,4.704861108370144
SRB,G,5,Y2_nocap,5.131761738692866
SRB,G,6,Y2_nocap,5.226930921094446
SRB,G,7,Y2_nocap,5.173664894426832
SRB,G,8,Y2_nocap,5.039084159484549
SRB,G,9,Y2_nocap,4.94667623668042
SRB,G,10,Y2_nocap,4.968106643338533
SRB,L,0,Z1,1.0
SRB,L,1,Z1,0.951229424500714
SRB,L,2,Z1,0.9048374180359595
SRB,L,3,Z1,0.8607079764250578
SRB,L,4,Z1,0.8187307530779818
SRB,L,5,Z1,0.7788007830714049
SRB,L,6,Z1,0.7408182206817179
SRB,L,7,Z1,0.7046880897187134
SRB,L,8,Z1,0.6703200460356393
SRB,L,9,Z1,0.6376281516217733
SRB,L,10,Z1,0.6065306597126334
SRB,L,0,Z2,0.0
SRB,L,1,Z2,0.20204273594373875
SRB,L,2,Z2,0.32657013718105077
SRB,L,3,Z2,0.22268629347833788
SRB,L,4,Z2,0.10664805449845033
SRB,L,5,Z2,0.0420848920194216
SRB,L,6,Z2,0.01469309194166531
SRB,L,7,Z2,0.004714078453291053
SRB,L,8,Z2,0.001421725941038054
SRB,L,9,Z2,0.0004089937730282353
SRB,L,10,Z2,0.00011335284072232808
SRB,L,0,Y1,1.00511673509676
SRB,L,1,Y1,1.3499261931094233
SRB,L,2,Y1,1.6089669370306796
SRB,L,3,Y1,1.7929444480410142
SRB,L,4,Y1,1.9219550029146746
SRB,L,5,Y1,2.051198259000687
SRB,L,6,Y1,2.1790079436958893
SRB,L,7,Y1,2.350060479399936
SRB,L,8,Y1,2.5827842957060874
SRB,L,9,Y1,2.7459716477233327
SRB,L,10,Y1,2.852049970778477
SRB,L,0,Y2,0.0
SRB,L,1,Y2,0.2030765351017875
SRB,L,2,Y2,0.40781151582699016
SRB,L,3,Y2,0.4180778231304177
SRB,L,4,Y2,0.35401512007203645
SRB,L,5,Y2,0.28608759049929705
SRB,L,6,Y2,0.2401719625532434
SRB,L,7,Y2,0.2192409567689707
SRB,L,8,Y2,0.2222821847821497
SRB,L,9,Y2,0.25072963864365855
SRB,L,10,Y2,0.272445252487642
SRB,L,0,Y1_nocap,1.00511673509676
SRB,L,1,Y1_nocap,1.3354480535324482
SRB,L,2,Y1_nocap,1.575607164315366
SRB,L,3,Y1_nocap,1.7377063226160785
SRB,L,4,Y1_nocap,1.843039640281363
SRB,L,5,Y1_nocap,1.947668530761506
SRB,L,6,Y1_nocap,2.0499598298083415
SRB,L,7,Y1_nocap,2.194645781766778
SRB,L,8,Y1_nocap,2.3995649276824107
SRB,L,9,Y1_nocap,2.5326771334188667
SRB,L,10,Y1_nocap,2.6074998038698958
SRB,L,0,Y2_nocap,0.0
SRB,L,1,Y2_nocap,0.2030765351017875
SRB,L,2,Y2_nocap,0.40488631289548277
SRB,L,3,Y2_nocap,0.4093921344538608
SRB,L,4,Y2_nocap,0.33964518500092167
SRB,L,5,Y2_nocap,0.2671773496509101
SRB,L,6,Y2_nocap,0.21787652058867546
SRB,L,7,Y2_nocap,0.1943534083687934
SRB,L,8,Y2_nocap,0.1952048787862084
SRB,L,9,Y2_nocap,0.22150396344517811
SRB,L,10,Y2_nocap,0.24074502385525243
SSD,G,0,Z1,1.0
SSD,G,1,Z1,0.006737946999085479
SSD,G,2,Z1,4.539992976248501e-05
SSD,G,3,Z1,3.0590232050182743e-07
SSD,G,4,Z1,2.0611536224385723e-09
SSD,G,5,Z1,1.388794386496412e-11
SSD,G,6,Z1,9.357622968840275e-14
SSD,G,7,Z1,6.305116760147079e-16
SSD,G,8,Z1,4.24835425529165e-18
SSD,G,9,Z1,2.8625185805494346e-20
SSD,G,10,Z1,1.928749847963945e-22
SSD,G,0,Z2,0.0
SSD,G,1,Z2,0.4557270683835765
SSD,G,2,Z2,1.6614972868599123
SSD,G,3,Z2,2.5555138458792768
SSD,G,4,Z2,2.760573234242849
SSD,G,5,Z2,2.4571639591790277
SSD,G,6,Z2,1.9350077085868718
SSD,G,7,Z2,1.400321939280248
SSD,G,8,Z2,0.9525955727022531
SSD,G,9,Z2,0.618117373897111
SSD,G,10,Z2,0.3864099022264547
SSD,G,0,Y1,1.000000000000003
SSD,G,1,Y1,0.7157915777535453
SSD,G,2,Y1,0.3884055416913204
SSD,G,3,Y1,0.26091610355136596
SSD,G,4,Y1,0.4750093657433663
SSD,G,5,Y1,0.42280397499433525
SSD,G,6,Y1,0.39994601879994585
SSD,G,7,Y1,0.3971830877330159
SSD,G,8,Y1,0.5753348277956494
SSD,G,9,Y1,0.39273317358423204
SSD,G,10,Y1,0.476587561119592
SSD,G,0,Y2,0.0
SSD,G,1,Y2,0.45572706838357796
SSD,G,2,Y2,1.9846322193303783
SSD,G,3,Y2,3.9084134924494762
SSD,G,4,Y2,5.327604882108863
SSD,G,5,Y2,6.039645624415279
SSD,G,6,Y2,6.3737937371428295
SSD,G,7,Y2,6.515463043795389
SSD,G,8,Y2,6.54071937578757
SSD,G,9,Y2,6.582915046732452
SSD,G,10,Y2,6.731587790349196
SSD,G,0,Y1_nocap,1.000000000000003
SSD,G,1,Y1_nocap,0.6858909991440632
SSD,G,2,Y1_nocap,0.3392319525168019
SSD,G,3,Y1_nocap,0.2036311934130046
SSD,G,4,Y1_nocap,0.4140028451468385
SSD,G,5,Y1_nocap,0.35193939116310613
SSD,G,6,Y1_nocap,0.32148645171793155
SSD,G,7,Y1_nocap,0.3123529315753106
SSD,G,8,Y1_nocap,0.48467042035323693
SSD,G,9,Y1_nocap,0.29132320038202614
SSD,G,10,Y1_nocap,0.37065723535760925
SSD,G,0,Y2_nocap,0.0
SSD,G,1,Y2_nocap,0.45572706838357796
SSD,G,2,Y2_nocap,1.9710057162977064
SSD,G,3,Y2_nocap,3.8364158412330953
SSD,G,4,Y2_nocap,5.143871205314166
SSD,G,5,Y2_nocap,5.709699314506745
SSD,G,6,Y2_nocap,5.886757884703189
SSD,G,7,Y2_nocap,5.872534620294275
SSD,G,8,Y2_nocap,5.748765329953985
SSD,G,9,Y2_nocap,5.651794066434863
SSD,G,10,Y2_nocap,5.66994991433862
SSD,L,0,Z1,1.0
SSD,L,1,Z1,0.6755472206992279
SSD,L,2,Z1,0.4563640473944514
SSD,L,3,Z1,0.3082954638443724
SSD,L,4,Z1,0.20826814375424507
SSD,L,5,Z1,0.1406949656733675
SSD,L,6,Z1,0.09504609302701672
SSD,L,7,Z1,0.06420812398272141
SSD,L,8,Z1,0.04337561970283889
SSD,L,9,Z1,0.029302279336359482
SSD,L,10,Z1,0.019795073365830064
SSD,L,0,Z2,0.0
SSD,L,1,Z2,0.2532582226737675
SSD,L,2,Z2,0.513117818815005
SSD,L,3,Z2,0.43858566050173353
SSD,L,4,Z2,0.26328989598546826
SSD,L,5,Z2,0.13023502168992343
SSD,L,6,Z2,0.056994779732664265
SSD,L,7,Z2,0.022921287220160437
SSD,L,8,Z2,0.008665196166004838
SSD,L,9,Z2,0.003124636639275169
SSD,L,10,Z2,0.0010855142959727891
SSD,L,0,Y1,1.00511673509676
SSD,L,1,Y1,1.0884088288726854
SSD,L,2,Y1,1.0807157906981992
SSD,L,3,Y1,1.0166406304223992
SSD,L,4,Y1,0.9296713137919032
SSD,L,5,Y1,0.8788539714706751
SSD,L,6,Y1,0.8507793183773966
SSD,L,7,Y1,0.8826251500171426
SSD,L,8,Y1,0.9761313898173459
SSD,L,9,Y1,0.9840072741975527
SSD,L,10,Y1,0.9419334550405605
SSD,L,0,Y2,0.0
SSD,L,1,Y2,0.25455407791026546
SSD,L,2,Y2,0.6194284924601071
SSD,L,3,Y2,0.7383893859823768
SSD,L,4,Y2,0.6940250552770695
SSD,L,5,Y2,0.598754657799659
SSD,L,6,Y2,0.5153898904272745
SSD,L,7,Y2,0.4671405280228484
SSD,L,8,Y2,0.4589386321202056
SSD,L,9,Y2,0.49554385699716763
SSD,L,10,Y2,0.5382831191151541
SSD,L,0,Y1_nocap,1.00511673509676
SSD,L,1,Y1_nocap,1.0583552569232189
SSD,L,2,Y1_nocap,1.0202586332299943
SSD,L,3,Y1_nocap,0.9281753105380866
SSD,L,4,Y1_nocap,0.817108506423666
SSD,L,5,Y1_nocap,0.7465103749288667
SSD,L,6,Y1_nocap,0.7015832231802573
SSD,L,7,Y1_nocap,0.718616269117237
SSD,L,8,Y1_nocap,0.7974125070608767
SSD,L,9,Y1_nocap,0.7888301711032082
SSD,L,10,Y1_nocap,0.731234821494218
SSD,L,0,Y2_nocap,0.0
SSD,L,1,Y2_nocap,0.25455407791026546
SSD,L,2,Y2_nocap,0.611817178243187
SSD,L,3,Y2_nocap,0.7127988926128699
SSD,L,4,Y2_nocap,0.6481788919532854
SSD,L,5,Y2_nocap,0.5354219881027875
SSD,L,6,Y2_nocap,0.43866477409130045
SSD,L,7,Y2_nocap,0.3804694534213215
SSD,L,8,Y2_nocap,0.3644726517391588
SSD,L,9,Y2_nocap,0.3940833791627955
SSD,L,10,Y2_nocap,0.42923178682841184
STP,G,0,Z1,1.0
STP,G,1,Z1,0.006737946999085479
STP,G,2,Z1,4.539992976248501e-05
STP,G,3,Z1,3.0590232050182743e-07
STP,G,4,Z1,2.0611536224385723e-09
STP,G,5,Z1,1.388794386496412e-11
STP,G,6,Z1,9.357622968840275e-14
STP,G,7,Z1,6.305116760147079e-16
STP,G,8,Z1,4.24835425529165e-18
STP,G,9,Z1,2.8625185805494346e-20
STP,G,10,Z1,1.928749847963945e-22
STP,G,0,Z2,0.0
STP,G,1,Z2,0.4887900350854138
STP,G,2,Z2,1.9113255871904002
STP,G,3,Z2,3.1530495402757515
STP,G,4,Z2,3.653165500248728
STP,G,5,Z2,3.4875603379675764
STP,G,6,Z2,2.945695230646852
STP,G,7,Z2,2.2863911156139443
STP,G,8,Z2,1.6682022715259426
STP,G,9,Z2,1.160990374097942
STP,G,10,Z2,0.778436935101729
STP,G,0,Y1,1.000000000000003
STP,G,1,Y1,0.7111544093164185
STP,G,2,Y1,0.3800225581108299
STP,G,3,Y1,0.25008444202131397
STP,G,4,Y1,0.46228937172860823
STP,G,5,Y1,0.40724322685238684
STP,G,6,Y1,0.3817394753525971
STP,G,7,Y1,0.3764330249641341
STP,G,8,Y1,0.5520740499846785
STP,G,9,Y1,0.3661667953664802
STP,G,10,Y1,0.4475258723958455
STP,G,0,Y2,0.0
STP,G,1,Y2,0.4887900350854153
STP,G,2,Y2,2.2556373345212384
STP,G,3,Y2,4.682827842915325
STP,G,4,Y2,6.712401004715672
STP,G,5,Y2,7.942269181524562
STP,G,6,Y2,8.631524243838632
STP,G,7,Y2,8.984251472217874
STP,G,8,Y2,9.111367680118011
STP,G,9,Y2,9.184056898129668
STP,G,10,Y2,9.345217909222466
STP,G,0,Y1_nocap,1.000000000000003
STP,G,1,Y1_nocap,0.6858909991440632
STP,G,2,Y1_nocap,0.3392319525168019
STP,G,3,Y1_nocap,0.2036311934130046
STP,G,4,Y1_nocap,0.4140028451468385
STP,G,5,Y1_nocap,0.35193939116310613
STP,G,6,Y1_nocap,0.32148645171793155
STP,G,7,Y1_nocap,0.3123529315753106
STP,G,8,Y1_nocap,0.48467042035323693
STP,G,9,Y1_nocap,0.29132320038202614
STP,G,10,Y1_nocap,0.37065723535760925
STP,G,0,Y2_nocap,0.0
STP,G,1,Y2_nocap,0.4887900350854153
STP,G,2,Y2_nocap,2.2432888313767156
STP,G,3,Y2_nocap,4.6146864026534615
STP,G,4,Y2_nocap,6.532533901714086
STP,G,5,Y2_nocap,7.610188739554168
STP,G,6,Y2_nocap,8.13085483894276
STP,G,7,Y2_nocap,8.31385615324766
STP,G,8,Y2_nocap,8.278721100614286
STP,G,9,Y2_nocap,8.20161179443052
STP,G,10,Y2_nocap,8.225599812049115
STP,L,0,Z1,1.0
STP,L,1,Z1,0.8066930233978241
STP,L,2,Z1,0.6507536339987223
STP,L,3,Z1,0.5249584164975504
STP,L,4,Z1,0.42348029216254307
STP,L,5,Z1,0.3416185972339957
STP,L,6,Z1,0.2755813390516156
STP,L,7,Z1,0.22230954359156863
STP,L,8,Z1,0.17933555785007285
STP,L,9,Z1,0.14466874336481061
STP,L,10,Z1,0.11670326597612297
STP,L,0,Z2,0.0
STP,L,1,Z2,0.26784561291451203
STP,L,2,Z2,0.5739301788604049
STP,L,3,Z2,0.5188207967786274
STP,L,4,Z2,0.32939585020673634
STP,L,5,Z2,0.17231881521507825
STP,L,6,Z2,0.07975556123555842
STP,L,7,Z2,0.03392234617402918
STP,L,8,Z2,0.013562703266677334
STP,L,9,Z2,0.005172355478469878
STP,L,10,Z2,0.00190040154093621
STP,L,0,Y1,1.00511673509676
STP,L,1,Y1,1.2155647743031237
STP,L,2,Y1,1.3190437270157918
STP,L,3,Y1,1.3415208112634565
STP,L,4,Y1,1.314083936450588
STP,L,5,Y1,1.2982057626280934
STP,L,6,Y1,1.289966492640999
STP,L,7,Y1,1.3324489603703384
STP,L,8,Y1,1.436827097940148
STP,L,9,Y1,1.4635325994071315
STP,L,10,Y1,1.435726128405386
STP,L,0,Y2,0.0
STP,L,1,Y2,0.2692161079626249
STP,L,2,Y2,0.6852757634804154
STP,L,3,Y2,0.8444243111232811
STP,L,4,Y2,0.8096368766770108
STP,L,5,Y2,0.7034711265099594
STP,L,6,Y2,0.6022188554807537
STP,L,7,Y2,0.5380880468932888
STP,L,8,Y2,0.5195726075567426
STP,L,9,Y2,0.5530685707324668
STP,L,10,Y2,0.5981799611326588
STP,L,0,Y1_nocap,1.00511673509676
STP,L,1,Y1_nocap,1.1901720979532757
STP,L,2,Y1_nocap,1.2653932089647557
STP,L,3,Y1_nocap,1.2597262999920242
STP,L,4,Y1_nocap,1.2062946726623394
STP,L,5,Y1_nocap,1.1676244910033329
STP,L,6,Y1_nocap,1.1391947450147468
STP,L,7,Y1_nocap,1.1636441257034673
STP,L,8,Y1_nocap,1.2506568816323265
STP,L,9,Y1_nocap,1.2590365492847058
STP,L,10,Y1_nocap,1.213998792312592
STP,L,0,Y2_nocap,0.0
STP,L,1,Y2_nocap,0.2692161079626249
STP,L,2,Y2_nocap,0.6784744465199506
STP,L,3,Y2_nocap,0.8209672068954319
STP,L,4,Y2_nocap,0.7671113397330378
STP,L,5,Y2_nocap,0.6445969182330447
STP,L,6,Y2_nocap,0.5312564246445531
STP,L,7,Y2_nocap,0.458762397105446
STP,L,8,Y2_nocap,0.4343113069244249
STP,L,9,Y2_nocap,0.4629124243408867
STP,L,10,Y2_nocap,0.5027553068563613
SUR,G,0,Z1,1.0
SUR,G,1,Z1,0.006737946999085479
SUR,G,2,Z1,4.539992976248501e-05
SUR,G,3,Z1,3.0590232050182743e-07
SUR,G,4,Z1,2.0611536224385723e-09
SUR,G,5,Z1,1.388794386496412e-11
SUR,G,6,Z1,9.357622968840275e-14
SUR,G,7,Z1,6.305116760147079e-16
SUR,G,8,Z1,4.24835425529165e-18
SUR,G,9,Z1,2.8625185805494346e-20
SUR,G,10,Z1,1.928749847963945e-22
SUR,G,0,Z2,0.0
SUR,G,1,Z2,0.5072021841235124
SUR,G,2,Z2,2.0580324446372904
SUR,G,3,Z2,3.5229551093451628
SUR,G,4,Z2,4.235497543179743
SUR,G,5,Z2,4.1958078217783905
SUR,G,6,Z2,3.677396356284797
SUR,G,7,Z2,2.961842259638217
SUR,G,8,Z2,2.2424299297852044
SUR,G,9,Z2,1.6194127853076008
SUR,G,10,Z2,1.12670740974699
SUR,G,0,Y1,1.000000000000003
SUR,G,1,Y1,0.7343108227898275
SUR,G,2,Y1,0.41881687875919865
SUR,G,3,Y1,0.2962794033109419
SUR,G,4,Y1,0.5125966822093628
SUR,G,5,Y1,0.4664138255229531
SUR,G,6,Y1,0.44816546564785714
SUR,G,7,Y1,0.4492463856074636
SUR,G,8,Y1,0.6309045360470393
SUR,G,9,Y1,0.4548469401421523
SUR,G,10,Y1,0.5413783167399564
SUR,G,0,Y2,0.0
SUR,G,1,Y2,0.5072021841235139
SUR,G,2,Y2,2.427058996347386
SUR,G,3,Y2,5.230239020924824
SUR,G,4,Y2,7.7993024767150745
SUR,G,5,Y2,9.598405869331943
SUR,G,6,Y2,10.802577820128903
SUR,G,7,Y2,11.594195053160123
SUR,G,8,Y2,12.086470172508895
SUR,G,9,Y2,12.463770378985787
SUR,G,10,Y2,12.90003148083889
SUR,G,0,Y1_nocap,1.000000000000003
SUR,G,1,Y1_nocap,0.6858909991440632
SUR,G,2,Y1_nocap,0.3392319525168019
SUR,G,3,Y1_nocap,0.2036311934130046
SUR,G,4,Y1_nocap,0.4140028451468385
SUR,G,5,Y1_nocap,0.35193939116310613
SUR,G,6,Y1_nocap,0.32148645171793155
SUR,G,7,Y1_nocap,0.3123529315753106
SUR,G,8,Y1_nocap,0.48467042035323693
SUR,G,9,Y1_nocap,0.29132320038202614
SUR,G,10,Y1_nocap,0.37065723535760925
SUR,G,0,Y2_nocap,0.0
SUR,G,1,Y2_nocap,0.5072021841235139
SUR,G,2,Y2_nocap,2.402500356039379
SUR,G,3,Y2_nocap,5.0903892793015375
SUR,G,4,Y2_nocap,7.41888529198979
SUR,G,5,Y2_nocap,8.874839258809063
SUR,G,6,Y2_nocap,9.679861969908321
SUR,G,7,Y2_nocap,10.050213980541923
SUR,G,8,Y2_nocap,10.121088919402336
SUR,G,9,Y2_nocap,10.091360315949194
SUR,G,10,Y2_nocap,10.139228029099863
SUR,L,0,Z1,1.0
SUR,L,1,Z1,0.9512294245005766
SUR,L,2,Z1,0.9048374180356981
SUR,L,3,Z1,0.8607079764246847
SUR,L,4,Z1,0.8187307530775086
SUR,L,5,Z1,0.7788007830708422
SUR,L,6,Z1,0.7408182206810756
SUR,L,7,Z1,0.7046880897180007
SUR,L,8,Z1,0.6703200460348644
SUR,L,9,Z1,0.6376281516209441
SUR,L,10,Z1,0.606530659711757
SUR,L,0,Z2,0.0
SUR,L,1,Z2,0.265748854503776
SUR,L,2,Z2,0.5649796293605529
SUR,L,3,Z2,0.5067315764568052
SUR,L,4,Z2,0.3192019815923877
SUR,L,5,Z2,0.16567883000686023
SUR,L,6,Z2,0.07608204165285895
SUR,L,7,Z2,0.03210657124176694
SUR,L,8,Z2,0.012736238131563377
SUR,L,9,Z2,0.004819146613350687
SUR,L,10,Z2,0.001756766381596293
SUR,L,0,Y1,1.00511673509676
SUR,L,1,Y1,1.3841156285891016
SUR,L,2,Y1,1.6868808131012174
SUR,L,3,Y1,1.9205695540776722
SUR,L,4,Y1,2.1023167830442224
SUR,L,5,Y1,2.2852315054233916
SUR,L,6,Y1,2.467567364679421
SUR,L,7,Y1,2.6938691174408795
SUR,L,8,Y1,2.9839616653149887
SUR,L,9,Y1,3.2085710548836213
SUR,L,10,Y1,3.377470647408581
SUR,L,0,Y2,0.0
SUR,L,1,Y2,0.26710862099453925
SUR,L,2,Y2,0.681616043429606
SUR,L,3,Y2,0.8495450546194855
SUR,L,4,Y2,0.8308863287169824
SUR,L,5,Y2,0.7424796556523358
SUR,L,6,Y2,0.6571425785617984
SUR,L,7,Y2,0.6059420630209709
SUR,L,8,Y2,0.5977245720436508
SUR,L,9,Y2,0.6396933345150728
SUR,L,10,Y2,0.6928577303817647
SUR,L,0,Y1_nocap,1.00511673509676
SUR,L,1,Y1_nocap,1.33544805353231
SUR,L,2,Y1_nocap,1.575607164315051
SUR,L,3,Y1_nocap,1.7377063226155622
SUR,L,4,Y1_nocap,1.8430396402806333
SUR,L,5,Y1_nocap,1.9476685307605583
SUR,L,6,Y1_nocap,2.049959829807172
SUR,L,7,Y1_nocap,2.1946457817653844
SUR,L,8,Y1_nocap,2.399564927680783
SUR,L,9,Y1_nocap,2.5326771334169886
SUR,L,10,Y1_nocap,2.6074998038677615
SUR,L,0,Y2_nocap,0.0
SUR,L,1,Y2_nocap,0.26710862099453925
SUR,L,2,Y2_nocap,0.6686826911067871
SUR,L,3,Y2_nocap,0.8047806066875416
SUR,L,4,Y2_nocap,0.7490457337121199
SUR,L,5,Y2_nocap,0.6278279624437797
SUR,L,6,Y2_nocap,0.5169353185668532
SUR,L,7,Y2_nocap,0.4466282984279027
SUR,L,8,Y2_nocap,0.4235157592592616
SUR,L,9,Y2_nocap,0.45233785781135766
SUR,L,10,Y2_nocap,0.49151544308999556
SVK,G,0,Z1,1.0
SVK,G,1,Z1,0.9512294245005162
SVK,G,2,Z1,0.9048374180355832
SVK,G,3,Z1,0.8607079764245207
SVK,G,4,Z1,0.8187307530773007
SVK,G,5,Z1,0.7788007830705949
SVK,G,6,Z1,0.7408182206807933
SVK,G,7,Z1,0.7046880897176874
SVK,G,8,Z1,0.6703200460345239
SVK,G,9,Z1,0.6376281516205796
SVK,G,10,Z1,0.6065306597113719
SVK,G,0,Z2,0.0
SVK,G,1,Z2,0.4233630677619914
SVK,G,2,Z2,1.4338902971587562
SVK,G,3,Z2,2.0488146582575855
SVK,G,4,Z2,2.0560413842860257
SVK,G,5,Z2,1.7001015388612182
SVK,G,6,Z2,1.2437456307825618
SVK,G,7,Z2,0.8361513715599151
SVK,G,8,Z2,0.5284132717370997
SVK,G,9,Z2,0.3185255349363922
SVK,G,10,Z2,0.18498209551605002
SVK,G,0,Y1,1.000000000000003
SVK,G,1,Y1,1.6619553665592823
SVK,G,2,Y1,1.9674798145022272
SVK,G,3,Y1,2.133679610194914
SVK,G,4,Y1,2.5073992133689957
SVK,G,5,Y1,2.8102784494330124
SVK,G,6,Y1,3.076853698636217
SVK,G,7,Y1,3.3287716679966506
SVK,G,8,Y1,3.747531469538657
SVK,G,9,Y1,3.96332747040243
SVK,G,10,Y1,4.2546652877018225
SVK,G,0,Y2,0.0
SVK,G,1,Y2,0.42336306776199273
SVK,G,2,Y2,1.7347854123267898
SVK,G,3,Y2,3.231580948180439
SVK,G,4,Y2,4.177485653679949
SVK,G,5,Y2,4.531588107899132
SVK,G,6,Y2,4.649065563490791
SVK,G,7,Y2,4.675747938702011
SVK,G,8,Y2,4.651556988682099
SVK,G,9,Y2,4.679192832115989
SVK,G,10,Y2,4.8073513172868525
SVK,G,0,Y1_nocap,1.000000000000003
SVK,G,1,Y1_nocap,1.6303824766454968
SVK,G,2,Y1_nocap,1.8854782402926413
SVK,G,3,Y1_nocap,1.9948678479183652
SVK,G,4,Y1_nocap,2.310207783888231
SVK,G,5,Y1_nocap,2.546687482679651
SVK,G,6,Y1_nocap,2.741599171285417
SVK,G,7,Y1_nocap,2.91807657481563
SVK,G,8,Y1_nocap,3.258326103765582
SVK,G,9,Y1_nocap,3.3874731812976058
SVK,G,10,Y1_nocap,3.5909584798304857
SVK,G,0,Y2_nocap,0.0
SVK,G,1,Y2_nocap,0.42336306776199273
SVK,G,2,Y2_nocap,1.721418616794778
SVK,G,3,Y2_nocap,3.164307338882449
SVK,G,4,Y2_nocap,4.01253703230451
SVK,G,5,Y2_nocap,4.245423073448763
SVK,G,6,Y2_nocap,4.238351707989488
SVK,G,7,Y2_nocap,4.144839531477256
SVK,G,8,Y2_nocap,4.007393063896019
SVK,G,9,Y2_nocap,3.929869404219641
SVK,G,10,Y2_nocap,3.9588039378185584
SVK,L,0,Z1,1.0
SVK,L,1,Z1,0.9512294245007122
SVK,L,2,Z1,0.9048374180359562
SVK,L,3,Z1,0.8607079764250529
SVK,L,4,Z1,0.8187307530779756
SVK,L,5,Z1,0.7788007830713974
SVK,L,6,Z1,0.7408182206817094
SVK,L,7,Z1,0.7046880897187041
SVK,L,8,Z1,0.6703200460356291
SVK,L,9,Z1,0.6376281516217625
SVK,L,10,Z1,0.6065306597126219
SVK,L,0,Z2,0.0
SVK,L,1,Z2,0.22207144939331486
SVK,L,2,Z2,0.39452582908518086
SVK,L,3,Z2,0.295693614072153
SVK,L,4,Z2,0.15565062981534933
SVK,L,5,Z2,0.06751086125405652
SVK,L,6,Z2,0.02590658174905225
SVK,L,7,Z2,0.009135729028419352
SVK,L,8,Z2,0.0030283898202393637
SVK,L,9,Z2,0.000957551348204118
SVK,L,10,Z2,0.00029169384878492596
SVK,L,0,Y1,1.00511673509676
SVK,L,1,Y1,1.36718249356016
SVK,L,2,Y1,1.648452998310113
SVK,L,3,Y1,1.8578824947377977
SVK,L,4,Y1,2.0140942479323085
SVK,L,5,Y1,2.1712397272499335
SVK,L,6,Y1,2.327609193758462
SVK,L,7,Y1,2.5278092932147773
SVK,L,8,Y1,2.7909694601270503
SVK,L,9,Y1,2.9868608520646234
SVK,L,10,Y1,3.126583200512113
SVK,L,0,Y2,0.0
SVK,L,1,Y2,0.223207730172414
SVK,L,2,Y2,0.4878349504554948
SVK,L,3,Y2,0.536660087911226
SVK,L,4,Y2,0.4796392724146067
SVK,L,5,Y2,0.4038840143448596
SVK,L,6,Y2,0.3477387304523557
SVK,L,7,Y2,0.3204103277187285
SVK,L,8,Y2,0.32244759668728673
SVK,L,9,Y2,0.3564441850771047
SVK,L,10,Y2,0.3878004103430577
SVK,L,0,Y1_nocap,1.00511673509676
SVK,L,1,Y1_nocap,1.3354480535324464
SVK,L,2,Y1_nocap,1.575607164315362
SVK,L,3,Y1_nocap,1.7377063226160716
SVK,L,4,Y1_nocap,1.8430396402813536
SVK,L,5,Y1_nocap,1.9476685307614936
SVK,L,6,Y1_nocap,2.0499598298083255
SVK,L,7,Y1_nocap,2.19464578176676
SVK,L,8,Y1_nocap,2.3995649276823894
SVK,L,9,Y1_nocap,2.5326771334188423
SVK,L,10,Y1_nocap,2.6074998038698682
SVK,L,0,Y2_nocap,0.0
SVK,L,1,Y2_nocap,0.223207730172414
SVK,L,2,Y2_nocap,0.48078763736285524
SVK,L,3,Y2_nocap,0.5146666632886471
SVK,L,4,Y2_nocap,0.4421258066038338
SVK,L,5,Y2_nocap,0.3536555968893118
SVK,L,6,Y2_nocap,0.28801034805750525
SVK,L,7,Y2_nocap,0.2535696831929862
SVK,L,8,Y2_nocap,0.24981797918176762
SVK,L,9,Y2_nocap,0.27833605401826594
SVK,L,10,Y2_nocap,0.3034950777373138
SVN,G,0,Z1,1.0
SVN,G,1,Z1,0.006737947038768573
SVN,G,2,Z1,4.539993029725018e-05
SVN,G,3,Z1,3.059023259066565e-07
SVN,G,4,Z1,2.0611536709951753e-09
SVN,G,5,Z1,1.3887944273928938e-11
SVN,G,6,Z1,9.357623299510229e-14
SVN,G,7,Z1,6.305117020084664e-16
SVN,G,8,Z1,4.248354455456887e-18
SVN,G,9,Z1,2.8625187322785055e-20
SVN,G,10,Z1,1.928749961557556e-22
SVN,G,0,Z2,0.0
SVN,G,1,Z2,0.4558011537057575
SVN,G,2,Z2,1.662037533755997
SVN,G,3,Z2,2.5567603606853613
SVN,G,4,Z2,2.7623687636137166
SVN,G,5,Z2,2.4591618543278893
SVN,G,6,Z2,1.9368958642879819
SVN,G,7,Z2,1.401916221091564
SVN,G,8,Z2,0.9538351482735967
SVN,G,9,Z2,0.6190223210733662
SVN,G,10,Z2,0.38703852965000857
SVN,G,0,Y1,1.000000000000003
SVN,G,1,Y1,0.7049306331643241
SVN,G,2,Y1,0.37062486428684355
SVN,G,3,Y1,0.2403191618257723
SVN,G,4,Y1,0.45320778346580565
SVN,G,5,Y1,0.397573389740304
SVN,G,6,Y1,0.37212950747957785
SVN,G,7,Y1,0.36723953632791106
SVN,G,8,Y1,0.5434693587027607
SVN,G,9,Y1,0.35717029652712634
SVN,G,10,Y1,0.4396099402334841
SVN,G,0,Y2,0.0
SVN,G,1,Y2,0.45580115370575897
SVN,G,2,Y2,1.9802745656009522
SVN,G,3,Y2,3.883949093946992
SVN,G,4,Y2,5.2639777630726785
SVN,G,5,Y2,5.924385934086762
SVN,G,6,Y2,6.20297982366191
SVN,G,7,Y2,6.289646839911188
SVN,G,8,Y2,6.262579895795238
SVN,G,9,Y2,6.256265178898769
SVN,G,10,Y2,6.359869157438615
SVN,G,0,Y1_nocap,1.000000000000003
SVN,G,1,Y1_nocap,0.6858909991837463
SVN,G,2,Y1_nocap,0.3392319525442875
SVN,G,3,Y1_nocap,0.20363119342665156
SVN,G,4,Y1_nocap,0.4140028451550111
SVN,G,5,Y1_nocap,0.35193939117959006
SVN,G,6,Y1_nocap,0.32148645173200874
SVN,G,7,Y1_nocap,0.31235293158816296
SVN,G,8,Y1_nocap,0.4846704203657186
SVN,G,9,Y1_nocap,0.29132320040134346
SVN,G,10,Y1_nocap,0.3706572353693
SVN,G,0,Y2_nocap,0.0
SVN,G,1,Y2_nocap,0.45580115370575897
SVN,G,2,Y2_nocap,1.9715962784664693
SVN,G,3,Y2_nocap,3.8380540560909546
SVN,G,4,Y2_nocap,5.146708998023769
SVN,G,5,Y2_nocap,5.713473091943127
SVN,G,6,Y2_nocap,5.891103489380936
SVN,G,7,Y2_nocap,5.877167906379409
SVN,G,8,Y2_nocap,5.753493223057185
SVN,G,9,Y2_nocap,5.656506922165149
SVN,G,10,Y2_nocap,5.674647270208165
SVN,L,0,Z1,1.0
SVN,L,1,Z1,0.9012013761181606
SVN,L,2,Z1,0.8121639203172666
SVN,L,3,Z1,0.7319232426234408
SVN,L,4,Z1,0.6596102334651113
SVN,L,5,Z1,0.5944416501003795
SVN,L,6,Z1,0.5357116330924122
SVN,L,7,Z1,0.48278406094538906
SVN,L,8,Z1,0.4350856600918986
SVN,L,9,Z1,0.3920997956040973
SVN,L,10,Z1,0.3533608753740621
SVN,L,0,Z2,0.0
SVN,L,1,Z2,0.2417081049313004
SVN,L,2,Z2,0.4673824639158442
SVN,L,3,Z2,0.3812741875053695
SVN,L,4,Z2,0.2184463675760454
SVN,L,5,Z2,0.10312550299986757
SVN,L,6,Z2,0.0430725943875199
SVN,L,7,Z2,0.01653227472783114
SVN,L,8,Z2,0.005964851938396092
SVN,L,9,Z2,0.0020528085536062482
SVN,L,10,Z2,0.0006806316396144445
SVN,L,0,Y1,1.00511673509676
SVN,L,1,Y1,1.3043010796229093
SVN,L,2,Y1,1.5063779286562935
SVN,L,3,Y1,1.6270043057890191
SVN,L,4,Y1,1.690271028706154
SVN,L,5,Y1,1.7540810626424306
SVN,L,6,Y1,1.8167100717974096
SVN,L,7,Y1,1.9228582079716363
SVN,L,8,Y1,2.08894802742306
SVN,L,9,Y1,2.181119635114341
SVN,L,10,Y1,2.215354929371239
SVN,L,0,Y2,0.0
SVN,L,1,Y2,0.24294486127497375
SVN,L,2,Y2,0.5660918350862332
SVN,L,3,Y2,0.6494624815071829
SVN,L,4,Y2,0.5913023527608364
SVN,L,5,Y2,0.4969643338707001
SVN,L,6,Y2,0.4199032938132743
SVN,L,7,Y2,0.3770817350794813
SVN,L,8,Y2,0.3708707698698641
SVN,L,9,Y2,0.4045571821988332
SVN,L,10,Y2,0.4404079393840346
SVN,L,0,Y1_nocap,1.00511673509676
SVN,L,1,Y1_nocap,1.2851640248789136
SVN,L,2,Y1_nocap,1.4634812686615275
SVN,L,3,Y1_nocap,1.5578337597060912
SVN,L,4,Y1_nocap,1.5940041830784764
SVN,L,5,Y1_nocap,1.6310337577330893
SVN,L,6,Y1_nocap,1.6671700811381576
SVN,L,7,Y1_nocap,1.747119643953341
SVN,L,8,Y1_nocap,1.886459911083301
SVN,L,9,Y1_nocap,1.9502206360674432
SVN,L,10,Y1_nocap,1.955884312759764
SVN,L,0,Y2_nocap,0.0
SVN,L,1,Y2_nocap,0.24294486127497375
SVN,L,2,Y2_nocap,0.5614662538500954
SVN,L,3,Y2_nocap,0.6343182674889782
SVN,L,4,Y2_nocap,0.5646423762131135
SVN,L,5,Y2_nocap,0.460542109703155
SVN,L,6,Y2_nocap,0.3760627582732894
SVN,L,7,Y2_nocap,0.3277063551527879
SVN,L,8,Y2_nocap,0.3170864210881638
SVN,L,9,Y2_nocap,0.34672951316614736
SVN,L,10,Y2_nocap,0.37812245012739665
SWE,G,0,Z1,1.0
SWE,G,1,Z1,0.951229424500714
SWE,G,2,Z1,0.9048374180359595
SWE,G,3,Z1,0.8607079764250578
SWE,G,4,Z1,0.8187307530779818
SWE,G,5,Z1,0.7788007830714049
SWE,G,6,Z1,0.7408182206817179
SWE,G,7,Z1,0.7046880897187134
SWE,G,8,Z1,0.6703200460356393
SWE,G,9,Z1,0.6376281516217733
SWE,G,10,Z1,0.6065306597126334
SWE,G,0,Z2,0.0
SWE,G,1,Z2,0.41492810767329413
SWE,G,2,Z2,1.377322676298726
SWE,G,3,Z2,1.9287783845959974
SWE,G,4,Z2,1.8970177546466853
SWE,G,5,Z2,1.5373554436683412
SWE,G,6,Z2,1.1022773501880725
SWE,G,7,Z2,0.726280038334823
SWE,G,8,Z2,0.449834545180594
SWE,G,9,Z2,0.26575609085906354
SWE,G,10,Z2,0.15126155265130767
SWE,G,0,Y1,1.000000000000003
SWE,G,1,Y1,1.6519302277044596
SWE,G,2,Y1,1.941339852860226
SWE,G,3,Y1,2.0892386836948886
SWE,G,4,Y1,2.443984452433365
SWE,G,5,Y1,2.7251703553849875
SWE,G,6,Y1,2.9681883383191754
SWE,G,7,Y1,3.195147478302485
SWE,G,8,Y1,3.5877668780633605
SWE,G,9,Y1,3.774629272875688
SWE,G,10,Y1,4.036423822117648
SWE,G,0,Y2,0.0
SWE,G,1,Y2,0.4149281076732954
SWE,G,2,Y2,1.6680631346172166
SWE,G,3,Y2,3.047382605184275
SWE,G,4,Y2,3.8587424524256857
SWE,G,5,Y2,4.103779601923229
SWE,G,6,Y2,4.144302942270631
SWE,G,7,Y2,4.115797978873596
SWE,G,8,Y2,4.049991197869988
SWE,G,9,Y2,4.043218462205239
SWE,G,10,Y2,4.134586089148682
SWE,G,0,Y1_nocap,1.000000000000003
SWE,G,1,Y1_nocap,1.6303824766456947
SWE,G,2,Y1_nocap,1.8854782402931523
SWE,G,3,Y1_nocap,1.9948678479192243
SWE,G,4,Y1_nocap,2.310207783889443
SWE,G,5,Y1_nocap,2.5466874826812607
SWE,G,6,Y1_nocap,2.7415991712874517
SWE,G,7,Y1_nocap,2.9180765748181083
SWE,G,8,Y1_nocap,3.2583261037685176
SWE,G,9,Y1_nocap,3.387473181301042
SWE,G,10,Y1_nocap,3.5909584798344243
SWE,G,0,Y2_nocap,0.0
SWE,G,1,Y2_nocap,0.4149281076732954
SWE,G,2,Y2_nocap,1.659122367045788
SWE,G,3,Y2_nocap,3.0030305670253283
SWE,G,4,Y2_nocap,3.751363942693656
SWE,G,5,Y2_nocap,3.919640044391752
SWE,G,6,Y2_nocap,3.882687584307969
SWE,G,7,Y2_nocap,3.780441389324097
SWE,G,8,Y2_nocap,3.6458932424666908
SWE,G,9,Y2_nocap,3.575885417531694
SWE,G,10,Y2_nocap,3.6079247034291027
SWE,L,0,Z1,1.0
SWE,L,1,Z1,0.951229424500714
SWE,L,2,Z1,0.9048374180359595
SWE,L,3,Z1,0.8607079764250578
SWE,L,4,Z1,0.8187307530779818
SWE,L,5,Z1,0.7788007830714049
SWE,L,6,Z1,0.7408182206817179
SWE,L,7,Z1,0.7046880897187134
SWE,L,8,Z1,0.6703200460356393
SWE,L,9,Z1,0.6376281516217733
SWE,L,10,Z1,0.6065306597126334
SWE,L,0,Z2,0.0
SWE,L,1,Z2,0.22759131656951728
SWE,L,2,Z2,0.4143824590227699
SWE,L,3,Z2,0.31829574176653347
SWE,L,4,Z2,0.17171282234575755
SWE,L,5,Z2,0.07632880333894257
SWE,L,6,Z2,0.03001842347458008
SWE,L,7,Z2,0.010848855807096758
SWE,L,8,Z2,0.003685661669743211
SWE,L,9,Z2,0.0011943420458129235
SWE,L,10,Z2,0.00037286951802591807
SWE,L,0,Y1,1.00511673509676
SWE,L,1,Y1,1.3571060587253116
SWE,L,2,Y1,1.6252196760199062
SWE,L,3,Y1,1.8193880344474607
SWE,L,4,Y1,1.9590671766642362
SWE,L,5,Y1,2.0990089972703716
SWE,L,6,Y1,2.2375284750093685
SWE,L,7,Y1,2.41927277291614
SWE,L,8,Y1,2.66296245676268
SWE,L,9,Y1,2.8377903461474405
SWE,L,10,Y1,2.9556148710861074
SWE,L,0,Y2,0.0
SWE,L,1,Y2,0.22875584104672636
SWE,L,2,Y2,0.5077690118940414
SWE,L,3,Y2,0.5621795387722992
SWE,L,4,Y2,0.5009898570442237
SWE,L,5,Y2,0.4172738806384452
SWE,L,6,Y2,0.35346080909556143
SWE,L,7,Y2,0.32051879450785736
SWE,L,8,Y2,0.3191562668377787
SWE,L,9,Y2,0.3519040852763788
SWE,L,10,Y2,0.38305064442143255
SWE,L,0,Y1_nocap,1.00511673509676
SWE,L,1,Y1_nocap,1.3354480535324482
SWE,L,2,Y1_nocap,1.575607164315366
SWE,L,3,Y1_nocap,1.7377063226160785
SWE,L,4,Y1_nocap,1.843039640281363
SWE,L,5,Y1_nocap,1.947668530761506
SWE,L,6,Y1_nocap,2.0499598298083415
SWE,L,7,Y1_nocap,2.194645781766778
SWE,L,8,Y1_nocap,2.3995649276824107
SWE,L,9,Y1_nocap,2.5326771334188667
SWE,L,10,Y1_nocap,2.6074998038698958
SWE,L,0,Y2_nocap,0.0
SWE,L,1,Y2_nocap,0.22875584104672636
SWE,L,2,Y2_nocap,0.5028398379779282
SWE,L,3,Y2_nocap,0.5466022397332839
SWE,L,4,Y2_nocap,0.4742252894818624
SWE,L,5,Y2_nocap,0.38130589040550605
SWE,L,6,Y2_nocap,0.3106406468123491
SWE,L,7,Y2_nocap,0.2726290108917201
SWE,L,8,Y2_nocap,0.2672081962562182
SWE,L,9,Y2_nocap,0.29616844759699296
SWE,L,10,Y2_nocap,0.3230470576119174
SWZ,G,0,Z1,1.0
SWZ,G,1,Z1,0.006737946999094001
SWZ,G,2,Z1,4.5399929762599854e-05
SWZ,G,3,Z1,3.0590232050298813e-07
SWZ,G,4,Z1,2.0611536224489998e-09
SWZ,G,5,Z1,1.3887943865051944e-11
SWZ,G,6,Z1,9.357622968911286e-14
SWZ,G,7,Z1,6.305116760202901e-16
SWZ,G,8,Z1,4.248354255334635e-18
SWZ,G,9,Z1,2.8625185805820183e-20
SWZ,G,10,Z1,1.9287498479883394e-22
SWZ,G,0,Z2,0.0
SWZ,G,1,Z2,0.4401048794837099
SWZ,G,2,Z2,1.5495384395629666
SWZ,G,3,Z2,2.301613070172419
SWZ,G,4,Z2,2.4010693756832335
SWZ,G,5,Z2,2.063910836361516
SWZ,G,6,Z2,1.5696067332706691
SWZ,G,7,Z2,1.0969514476330435
SWZ,G,8,Z2,0.7206417683554841
SWZ,G,9,Z2,0.45157842154080075
SWZ,G,10,Z2,0.27262258818883156
SWZ,G,0,Y1,1.000000000000003
SWZ,G,1,Y1,0.7296366067703185
SWZ,G,2,Y1,0.40976542795918736
SWZ,G,3,Y1,0.283817869492209
SWZ,G,4,Y1,0.49720093230182383
SWZ,G,5,Y1,0.44713027981160786
SWZ,G,6,Y1,0.4250732429123244
SWZ,G,7,Y1,0.42238604693274595
SWZ,G,8,Y1,0.6002762754665592
SWZ,G,9,Y1,0.41963013486155654
SWZ,G,10,Y1,0.502273178645239
SWZ,G,0,Y2,0.0
SWZ,G,1,Y2,0.4401048794837113
SWZ,G,2,Y2,1.8676896671005214
SWZ,G,3,Y2,3.5999484288455967
SWZ,G,4,Y2,4.81592624805514
SWZ,G,5,Y2,5.384934202499264
SWZ,G,6,Y2,5.643338796494765
SWZ,G,7,Y2,5.755395735000964
SWZ,G,8,Y2,5.778421953734476
SWZ,G,9,Y2,5.829973800985519
SWZ,G,10,Y2,5.980072060347733
SWZ,G,0,Y1_nocap,1.000000000000003
SWZ,G,1,Y1_nocap,0.6858909991440717
SWZ,G,2,Y1_nocap,0.33923195251680777
SWZ,G,3,Y1_nocap,0.20363119341300753
SWZ,G,4,Y1_nocap,0.4140028451468402
SWZ,G,5,Y1_nocap,0.3519393911631097
SWZ,G,6,Y1_nocap,0.32148645171793455
SWZ,G,7,Y1_nocap,0.3123529315753133
SWZ,G,8,Y1_nocap,0.4846704203532396
SWZ,G,9,Y1_nocap,0.2913232003820303
SWZ,G,10,Y1_nocap,0.37065723535761175
SWZ,G,0,Y2_nocap,0.0
SWZ,G,1,Y2_nocap,0.4401048794837113
SWZ,G,2,Y2_nocap,1.8484370117282305
SWZ,G,3,Y2_nocap,3.501250524929043
SWZ,G,4,Y2_nocap,4.571321802208676
SWZ,G,5,Y2_nocap,4.958341592257429
SWZ,G,6,Y2_nocap,5.031210178241885
SWZ,G,7,Y2_nocap,4.968186892525176
SWZ,G,8,Y2_nocap,4.83176447309131
SWZ,G,9,Y2_nocap,4.741560683018211
SWZ,G,10,Y2_nocap,4.764273381999784
SWZ,L,0,Z1,1.0
SWZ,L,1,Z1,0.31849057081768933
SWZ,L,2,Z1,0.10143624369977759
SWZ,L,3,Z1,0.0323064871575444
SWZ,L,4,Z1,0.010289311535920668
SWZ,L,5,Z1,0.00327704870439641
SWZ,L,6,Z1,0.0010437091124605813
SWZ,L,7,Z1,0.0003324115109951945
SWZ,L,8,Z1,0.00010586993188323014
SWZ,L,9,Z1,3.371857503791986e-05
SWZ,L,10,Z1,1.073904821098619e-05
SWZ,L,0,Z2,0.0
SWZ,L,1,Z2,0.7408182206817179
SWZ,L,2,Z2,4.390493088752212
SWZ,L,3,Z2,10.977380812996177
SWZ,L,4,Z2,19.276429562380937
SWZ,L,5,Z2,27.891270018553726
SWZ,L,6,Z2,35.7045598558627
SWZ,L,7,Z2,42.00255489077279
SWZ,L,8,Z2,46.447592084179206
SWZ,L,9,Z2,48.99281878727759
SWZ,L,10,Z2,49.787068367863945
SWZ,L,0,Y1,1.00511673509676
SWZ,L,1,Y1,0.7434410850618169
SWZ,L,2,Y1,0.5993997475350562
SWZ,L,3,Y1,0.4963159032281409
SWZ,L,4,Y1,0.4201892603602102
SWZ,L,5,Y1,0.40339451789770375
SWZ,L,6,Y1,0.40380087972621703
SWZ,L,7,Y1,0.4542049570927496
SWZ,L,8,Y1,0.542299200977939
SWZ,L,9,Y1,0.5158891090470317
SWZ,L,10,Y1,0.45978159700211474
SWZ,L,0,Y2,0.0
SWZ,L,1,Y2,0.7446087912717994
SWZ,L,2,Y2,4.726561901680669
SWZ,L,3,Y2,13.160772646093017
SWZ,L,4,Y2,25.84035579036206
SWZ,L,5,Y2,41.70981752938888
SWZ,L,6,Y2,59.38739867512216
SWZ,L,7,Y2,77.59804127202189
SWZ,L,8,Y2,95.39322890360401
SWZ,L,9,Y2,112.29490759693641
SWZ,L,10,Y2,128.21138904348823
SWZ,L,0,Y1_nocap,1.00511673509676
SWZ,L,1,Y1_nocap,0.6994716427497
SWZ,L,2,Y1_nocap,0.5280648036732353
SWZ,L,3,Y1_nocap,0.4071260872157907
SWZ,L,4,Y1_nocap,0.31974807498014834
SWZ,L,5,Y1_nocap,0.29635174132294684
SWZ,L,6,Y1_nocap,0.2916654494306842
SWZ,L,7,Y1_nocap,0.33755636808558453
SWZ,L,8,Y1_nocap,0.41946180406420286
SWZ,L,9,Y1_nocap,0.3837349976200552
SWZ,L,10,Y1_nocap,0.3205587702364853
SWZ,L,0,Y2_nocap,0.0
SWZ,L,1,Y2_nocap,0.7446087912717994
SWZ,L,2,Y2_nocap,4.693988537662639
SWZ,L,3,Y2_nocap,12.925253196620789
SWZ,L,4,Y2_nocap,25.056732302745566
SWZ,L,5,Y2_nocap,39.8876961278077
SWZ,L,6,Y2_nocap,55.954356193723406
SWZ,L,7,Y2_nocap,71.9696916278941
SWZ,L,8,Y2_nocap,87.03040430475446
SWZ,L,9,Y2_nocap,100.7398487226015
SWZ,L,10,Y2_nocap,113.09911013821221
SXM,G,0,Z1,1.0
SXM,G,1,Z1,0.9364984234638227
SXM,G,2,Z1,0.8770292971502255
SXM,G,3,Z1,0.8213365541127706
SXM,G,4,Z1,0.7691803880598185
SXM,G,5,Z1,0.7203362207773114
SXM,G,6,Z1,0.6745937351218403
SXM,G,7,Z1,0.631755969420175
SXM,G,8,Z1,0.591638469375853
SXM,G,9,Z1,0.5540684938310355
SXM,G,10,Z1,0.5188842709637396
SXM,G,0,Z2,0.0
SXM,G,1,Z2,0.11400210748632134
SXM,G,2,Z2,0.10397184409058209
SXM,G,3,Z2,0.04000390654128384
SXM,G,4,Z2,0.010810144363596312
SXM,G,5,Z2,0.002406990702502649
SXM,G,6,Z2,0.00047416667809296957
SXM,G,7,Z2,8.583892688249368e-05
SXM,G,8,Z2,1.4607402645224136e-05
SXM,G,9,Z2,2.37106493442777e-06
SXM,G,10,Z2,3.707906714837885e-07
SXM,G,0,Y1,1.000000000000003
SXM,G,1,Y1,1.6560639780174253
SXM,G,2,Y1,1.951189833262467
SXM,G,3,Y1,2.1042881268540725
SXM,G,4,Y1,2.4630041278041626
SXM,G,5,Y1,2.7478343284672206
SXM,G,6,Y1,2.993683615082558
SXM,G,7,Y1,3.222426727573086
SXM,G,8,Y1,3.6156953331986195
SXM,G,9,Y1,3.8027607265705643
SXM,G,10,Y1,4.063285145456757
SXM,G,0,Y2,0.0
SXM,G,1,Y2,0.1140021074863217
SXM,G,2,Y2,0.18600383378425633
SXM,G,3,Y2,0.16045220006598993
SXM,G,4,Y2,0.11279311718292975
SXM,G,5,Y2,0.11112708564091732
SXM,G,6,Y2,0.11910585804259763
SXM,G,7,Y2,0.1178763141138391
SXM,G,8,Y2,0.11535937056729792
SXM,G,9,Y2,0.13465862302006465
SXM,G,10,Y2,0.13229219207810705
SXM,G,0,Y1_nocap,1.000000000000003
SXM,G,1,Y1_nocap,1.6156514756088032
SXM,G,2,Y1_nocap,1.8476655150920627
SXM,G,3,Y1_nocap,1.9316813084687388
SXM,G,4,Y1_nocap,2.2216472889737693
SXM,G,5,Y1_nocap,2.4297190455516464
SXM,G,6,Y1_nocap,2.5945431583725256
SXM,G,7,Y1_nocap,2.7399723503274283
SXM,G,8,Y1_nocap,3.0485455892713755
SXM,G,9,Y1_nocap,3.143015654987895
SXM,G,10,Y1_nocap,3.3121235208921096
SXM,G,0,Y2_nocap,0.0
SXM,G,1,Y2_nocap,0.1140021074863217
SXM,G,2,Y2_nocap,0.18139672334087736
SXM,G,3,Y2_nocap,0.14876299888568792
SXM,G,4,Y2_nocap,0.09572279319359633
SXM,G,5,Y2_nocap,0.09110949762933149
SXM,G,6,Y2_nocap,0.09648647845766586
SXM,G,7,Y2_nocap,0.09257824125972744
SXM,G,8,Y2_nocap,0.08768509134470133
SXM,G,9,Y2_nocap,0.10493410458905693
SXM,G,10,Y2_nocap,0.09993099182777762
SXM,L,0,Z1,1.0
SXM,L,1,Z1,0.9512294245007131
SXM,L,2,Z1,0.904837418035958
SXM,L,3,Z1,0.8607079764250555
SXM,L,4,Z1,0.8187307530779789
SXM,L,5,Z1,0.7788007830714013
SXM,L,6,Z1,0.7408182206817139
SXM,L,7,Z1,0.704688089718709
SXM,L,8,Z1,0.6703200460356344
SXM,L,9,Z1,0.6376281516217681
SXM,L,10,Z1,0.606530659712628
SXM,L,0,Z2,0.0
SXM,L,1,Z2,0.7408182206810927
SXM,L,2,Z2,4.390493088744802
SXM,L,3,Z2,10.977380812968386
SXM,L,4,Z2,19.276429562315872
SXM,L,5,Z2,27.891270018436053
SXM,L,6,Z2,35.70455985568192
SXM,L,7,Z2,42.002554890524685
SXM,L,8,Z2,46.44759208386566
SXM,L,9,Z2,48.992818786905524
SXM,L,10,Z2,49.78706836744384
SXM,L,0,Y1,1.00511673509676
SXM,L,1,Y1,1.3760673360104914
SXM,L,2,Y1,1.668003383004066
SXM,L,3,Y1,1.888790967336318
SXM,L,4,Y1,2.0561966511909517
SXM,L,5,Y1,2.223805197188139
SXM,L,6,Y1,2.3899060150774307
SXM,L,7,Y1,2.599092100940175
SXM,L,8,Y1,2.8708780034812604
SXM,L,9,Y1,3.075530057077065
SXM,L,10,Y1,3.223411603299854
SXM,L,0,Y2,0.0
SXM,L,1,Y2,0.744608791271171
SXM,L,2,Y2,4.7240800422256815
SXM,L,3,Y2,13.143416753330929
SXM,L,4,Y2,25.785465338204585
SXM,L,5,Y2,41.58971117603915
SXM,L,6,Y2,59.17649024065508
SXM,L,7,Y2,77.27921130737104
SXM,L,8,Y2,94.96189175799961
SXM,L,9,Y2,111.7604607519619
SXM,L,10,Y2,127.59618711582631
SXM,L,0,Y1_nocap,1.00511673509676
SXM,L,1,Y1_nocap,1.3354480535324473
SXM,L,2,Y1_nocap,1.5756071643153642
SXM,L,3,Y1_nocap,1.737706322616075
SXM,L,4,Y1_nocap,1.8430396402813587
SXM,L,5,Y1_nocap,1.9476685307615003
SXM,L,6,Y1_nocap,2.049959829808334
SXM,L,7,Y1_nocap,2.194645781766769
SXM,L,8,Y1_nocap,2.3995649276824005
SXM,L,9,Y1_nocap,2.532677133418855
SXM,L,10,Y1_nocap,2.6074998038698824
SXM,L,0,Y2_nocap,0.0
SXM,L,1,Y2_nocap,0.744608791271171
SXM,L,2,Y2_nocap,4.693988537654954
SXM,L,3,Y2_nocap,12.925253196589852
SXM,L,4,Y2_nocap,25.056732302667214
SXM,L,5,Y2_nocap,39.887696127654365
SXM,L,6,Y2_nocap,55.954356193469025
SXM,L,7,Y2_nocap,71.96969162751782
SXM,L,8,Y2_nocap,87.0304043042425
SXM,L,9,Y2_nocap,100.73984872194713
SXM,L,10,Y2_nocap,113.09911013741444
SYC,G,0,Z1,1.0
SYC,G,1,Z1,0.006737946999085479
SYC,G,2,Z1,4.539992976248501e-05
SYC,G,3,Z1,3.0590232050182743e-07
SYC,G,4,Z1,2.0611536224385723e-09
SYC,G,5,Z1,1.388794386496412e-11
SYC,G,6,Z1,9.357622968840275e-14
SYC,G,7,Z1,6.305116760147079e-16
SYC,G,8,Z1,4.24835425529165e-18
SYC,G,9,Z1,2.8625185805494346e-20
SYC,G,10,Z1,1.928749847963945e-22
SYC,G,0,Z2,0.0
SYC,G,1,Z2,0.47017678843304483
SYC,G,2,Z2,1.7685296990496977
SYC,G,3,Z2,2.8063854477483057
SYC,G,4,Z2,3.1276972964208145
SYC,G,5,Z2,2.8722083398864373
SYC,G,6,Z2,2.333570157432136
SYC,G,7,Z2,1.7422979125749556
SYC,G,8,Z2,1.2228112972547591
SYC,G,9,Z2,0.818612166389659
SYC,G,10,Z2,0.5279731678536451
SYC,G,0,Y1,1.000000000000003
SYC,G,1,Y1,0.739433217168608
SYC,G,2,Y1,0.4263469704226322
SYC,G,3,Y1,0.3037821281746358
SYC,G,4,Y1,0.5191620785378355
SYC,G,5,Y1,0.47307591541659605
SYC,G,6,Y1,0.4543368790641445
SYC,G,7,Y1,0.4545973008197904
SYC,G,8,Y1,0.6352668048731231
SYC,G,9,Y1,0.45900628753903894
SYC,G,10,Y1,0.5440691168937123
SYC,G,0,Y2,0.0
SYC,G,1,Y2,0.4701767884330463
SYC,G,2,Y2,2.1130260080780916
SYC,G,3,Y2,4.300294698843044
SYC,G,4,Y2,6.0705992685435355
SYC,G,5,Y2,7.121671965524523
SYC,G,6,Y2,7.735710917345477
SYC,G,7,Y2,8.097301430443713
SYC,G,8,Y2,8.292312354323723
SYC,G,9,Y2,8.466757496864865
SYC,G,10,Y2,8.732855043055206
SYC,G,0,Y1_nocap,1.000000000000003
SYC,G,1,Y1_nocap,0.6858909991440632
SYC,G,2,Y1_nocap,0.3392319525168019
SYC,G,3,Y1_nocap,0.2036311934130046
SYC,G,4,Y1_nocap,0.4140028451468385
SYC,G,5,Y1_nocap,0.35193939116310613
SYC,G,6,Y1_nocap,0.32148645171793155
SYC,G,7,Y1_nocap,0.3123529315753106
SYC,G,8,Y1_nocap,0.48467042035323693
SYC,G,9,Y1_nocap,0.29132320038202614
SYC,G,10,Y1_nocap,0.37065723535760925
SYC,G,0,Y2_nocap,0.0
SYC,G,1,Y2_nocap,0.4701767884330463
SYC,G,2,Y2_nocap,2.087851699961729
SYC,G,3,Y2_nocap,4.164813859924219
SYC,G,4,Y2_nocap,5.720099031398635
SYC,G,5,Y2_nocap,6.485534273832631
SYC,G,6,Y2_nocap,6.789764387240169
SYC,G,7,Y2_nocap,6.843491274802816
SYC,G,8,Y2_nocap,6.745881795284113
SYC,G,9,Y2_nocap,6.650155473501975
SYC,G,10,Y2_nocap,6.667108392480769
SYC,L,0,Z1,1.0
SYC,L,1,Z1,0.7856055760095754
SYC,L,2,Z1,0.6171761210573368
SYC,L,3,Z1,0.4848570020826045
SYC,L,4,Z1,0.3809063644033804
SYC,L,5,Z1,0.29924216381283086
SYC,L,6,Z1,0.23508631246853076
SYC,L,7,Z1,0.18468511791880712
SYC,L,8,Z1,0.1450896584430008
SYC,L,9,Z1,0.11398324469414621
SYC,L,10,Z1,0.0895458726033851
SYC,L,0,Z2,0.0
SYC,L,1,Z2,0.2602190047301303
SYC,L,2,Z2,0.5417114433819167
SYC,L,3,Z2,0.47575219268620583
SYC,L,4,Z2,0.29345128789091957
SYC,L,5,Z2,0.14914375404638683
SYC,L,6,Z2,0.06706374780614302
SYC,L,7,Z2,0.027711957248621952
SYC,L,8,Z2,0.010764207295604919
SYC,L,9,Z2,0.003988215633565911
SYC,L,10,Z2,0.001423606999747144
SYC,L,0,Y1,1.00511673509676
SYC,L,1,Y1,1.2227929310535437
SYC,L,2,Y1,1.3368826726916914
SYC,L,3,Y1,1.3723343582783103
SYC,L,4,Y1,1.3592259998782836
SYC,L,5,Y1,1.358180414546434
SYC,L,6,Y1,1.3648975593202823
SYC,L,7,Y1,1.4221984989694707
SYC,L,8,Y1,1.5414083955690983
SYC,L,9,Y1,1.58334825431443
SYC,L,10,Y1,1.5706955769645692
SYC,L,0,Y2,0.0
SYC,L,1,Y2,0.26155047644447693
SYC,L,2,Y2,0.6572016841436352
SYC,L,3,Y2,0.8107456766560679
SYC,L,4,Y2,0.7886612512880841
SYC,L,5,Y2,0.7036429414780389
SYC,L,6,Y2,0.6234888163179723
SYC,L,7,Y2,0.576085300023646
SYC,L,8,Y2,0.5691609441809606
SYC,L,9,Y2,0.6094837206703784
SYC,L,10,Y2,0.6588504909204285
SYC,L,0,Y1_nocap,1.00511673509676
SYC,L,1,Y1_nocap,1.1689767516828744
SYC,L,2,Y1_nocap,1.2236443352507236
SYC,L,3,Y1_nocap,1.2002442392906696
SYC,L,4,Y1_nocap,1.1330008220281398
SYC,L,5,Y1_nocap,1.0846067578134013
SYC,L,6,Y1_nocap,1.049353330889798
SYC,L,7,Y1_nocap,1.0690415005598544
SYC,L,8,Y1_nocap,1.151798247534944
SYC,L,9,Y1_nocap,1.1549994939089387
SYC,L,10,Y1_nocap,1.105716834504849
SYC,L,0,Y2_nocap,0.0
SYC,L,1,Y2_nocap,0.26155047644447693
SYC,L,2,Y2_nocap,0.6431976915094215
SYC,L,3,Y2_nocap,0.7631276836855345
SYC,L,4,Y2_nocap,0.7029863538916605
SYC,L,5,Y2_nocap,0.5853711488236242
SYC,L,6,Y2_nocap,0.4808360574709139
SYC,L,7,Y2_nocap,0.41608360216081347
SYC,L,8,Y2_nocap,0.39629840103757535
SYC,L,9,Y2_nocap,0.4255766244578842
SYC,L,10,Y2_nocap,0.46298126806382905
SYR,G,0,Z1,1.0
SYR,G,1,Z1,0.0067379469990876935
SYR,G,2,Z1,4.539992976251485e-05
SYR,G,3,Z1,3.05902320502129e-07
SYR,G,4,Z1,2.0611536224412818e-09
SYR,G,5,Z1,1.3887943864986964e-11
SYR,G,6,Z1,9.357622968858725e-14
SYR,G,7,Z1,6.305116760161594e-16
SYR,G,8,Z1,4.2483542553028186e-18
SYR,G,9,Z1,2.8625185805578954e-20
SYR,G,10,Z1,1.9287498479702904e-22
SYR,G,0,Z2,0.0
SYR,G,1,Z2,0.4590734404341831
SYR,G,2,Z2,1.6859873896966195
SYR,G,3,Z2,2.612223106368777
SYR,G,4,Z2,2.842553478216021
SYR,G,5,Z2,2.548712509497623
SYR,G,6,Z2,2.021839868873169
SYR,G,7,Z2,1.4739043227844302
SYR,G,8,Z2,1.0100137845647499
SYR,G,9,Z2,0.6601871028560143
SYR,G,10,Z2,0.41573986918845884
SYR,G,0,Y1,1.000000000000003
SYR,G,1,Y1,0.7297034391257362
SYR,G,2,Y1,0.41107415867651764
SYR,G,3,Y1,0.2870223504106049
SYR,G,4,Y1,0.5024692724614089
SYR,G,5,Y1,0.4544638938893157
SYR,G,6,Y1,0.43470146798026754
SYR,G,7,Y1,0.43443115769970064
SYR,G,8,Y1,0.6148028904598073
SYR,G,9,Y1,0.43668807253242636
SYR,G,10,Y1,0.5220809212633055
SYR,G,0,Y2,0.0
SYR,G,1,Y2,0.4590734404341845
SYR,G,2,Y2,2.017881645482398
SYR,G,3,Y2,4.017589909770604
SYR,G,4,Y2,5.54636978834759
SYR,G,5,Y2,6.373783172959429
SYR,G,6,Y2,6.812500756977227
SYR,G,7,Y2,7.044982852603012
SYR,G,8,Y2,7.148204308800471
SYR,G,9,Y2,7.257618678495856
SYR,G,10,Y2,7.468211884978221
SYR,G,0,Y1_nocap,1.000000000000003
SYR,G,1,Y1_nocap,0.6858909991440654
SYR,G,2,Y1_nocap,0.3392319525168034
SYR,G,3,Y1_nocap,0.20363119341300537
SYR,G,4,Y1_nocap,0.41400284514683894
SYR,G,5,Y1_nocap,0.3519393911631071
SYR,G,6,Y1_nocap,0.32148645171793233
SYR,G,7,Y1_nocap,0.3123529315753113
SYR,G,8,Y1_nocap,0.4846704203532376
SYR,G,9,Y1_nocap,0.29132320038202725
SYR,G,10,Y1_nocap,0.37065723535760986
SYR,G,0,Y2_nocap,0.0
SYR,G,1,Y2_nocap,0.4590734404341845
SYR,G,2,Y2_nocap,1.997768517926196
SYR,G,3,Y2_nocap,3.9108773608870044
SYR,G,4,Y2_nocap,5.27323413793623
SYR,G,5,Y2_nocap,5.882212296528011
SYR,G,6,Y2_nocap,6.085888877423269
SYR,G,7,Y2_nocap,6.085247363835286
SYR,G,8,Y2_nocap,5.966125841668495
SYR,G,9,Y2_nocap,5.868671519477294
SYR,G,10,Y2_nocap,5.88620729622805
SYR,L,0,Z1,1.0
SYR,L,1,Z1,0.3993853553083837
SYR,L,2,Z1,0.1595086620348039
SYR,L,3,Z1,0.06370542366153506
SYR,L,4,Z1,0.02544301326413329
SYR,L,5,Z1,0.010161566892611797
SYR,L,6,Z1,0.00405838100389567
SYR,L,7,Z1,0.001620857939217667
SYR,L,8,Z1,0.0006473469239588625
SYR,L,9,Z1,0.0002585408812330995
SYR,L,10,Z1,0.00010325744171302417
SYR,L,0,Z2,0.0
SYR,L,1,Z2,0.7335735396586289
SYR,L,2,Z2,4.30504110469832
SYR,L,3,Z2,10.658466815229362
SYR,L,4,Z2,18.53337891314213
SYR,L,5,Z2,26.553899162398956
SYR,L,6,Z2,33.660122918917196
SYR,L,7,Z2,39.210260192760636
SYR,L,8,Z2,42.93576674226268
SYR,L,9,Z2,44.845662890977536
SYR,L,10,Z2,45.12701188651853
SYR,L,0,Y1,1.00511673509676
SYR,L,1,Y1,0.8248169610543423
SYR,L,2,Y1,0.6933352928747709
SYR,L,3,Y1,0.5851476325351269
SYR,L,4,Y1,0.5003512990642976
SYR,L,5,Y1,0.4757139161261938
SYR,L,6,Y1,0.4734086038463454
SYR,L,7,Y1,0.5245418064654018
SYR,L,8,Y1,0.618784288382501
SYR,L,9,Y1,0.6037883458025576
SYR,L,10,Y1,0.5520480216681374
SYR,L,0,Y2,0.0
SYR,L,1,Y2,0.7373270411350548
SYR,L,2,Y2,4.637655135000629
SYR,L,3,Y2,12.802665118912683
SYR,L,4,Y2,24.933664412203594
SYR,L,5,Y2,39.937953987382386
SYR,L,6,Y2,56.45522871504017
SYR,L,7,Y2,73.2759655393373
SYR,L,8,Y2,89.53965347030125
SYR,L,9,Y2,104.85710412776551
SYR,L,10,Y2,119.2093082999171
SYR,L,0,Y1_nocap,1.00511673509676
SYR,L,1,Y1_nocap,0.7807803444233428
SYR,L,2,Y1_nocap,0.6171219161784154
SYR,L,3,Y1_nocap,0.4854118822266779
SYR,L,4,Y1_nocap,0.38394865212203183
SYR,L,5,Y1_nocap,0.34785846325259473
SYR,L,6,Y1_nocap,0.33620979011708857
SYR,L,7,Y1_nocap,0.37894093909267856
SYR,L,8,Y1_nocap,0.46329674530990084
SYR,L,9,Y1_nocap,0.4351743034462421
SYR,L,10,Y1_nocap,0.372145035604705
SYR,L,0,Y2_nocap,0.0
SYR,L,1,Y2_nocap,0.7373270411350548
SYR,L,2,Y2_nocap,4.605351038264036
SYR,L,3,Y2_nocap,12.570079340844966
SYR,L,4,Y2_nocap,24.16108050525911
SYR,L,5,Y2_nocap,38.14244862310082
SYR,L,6,Y2_nocap,53.07142496940715
SYR,L,7,Y2_nocap,67.72304673814531
SYR,L,8,Y2_nocap,81.27574393705147
SYR,L,9,Y2_nocap,93.41346806655494
SYR,L,10,Y2_nocap,104.20082316908278
TCA,G,0,Z1,1.0
TCA,G,1,Z1,0.006737946999085479
TCA,G,2,Z1,4.539992976248501e-05
TCA,G,3,Z1,3.0590232050182743e-07
TCA,G,4,Z1,2.0611536224385723e-09
TCA,G,5,Z1,1.388794386496412e-11
TCA,G,6,Z1,9.357622968840275e-14
TCA,G,7,Z1,6.305116760147079e-16
TCA,G,8,Z1,4.24835425529165e-18
TCA,G,9,Z1,2.8625185805494346e-20
TCA,G,10,Z1,1.928749847963945e-22
TCA,G,0,Z2,0.0
TCA,G,1,Z2,0.46330492788821687
TCA,G,2,Z2,1.7172116496440468
TCA,G,3,Z2,2.6851250908366007
TCA,G,4,Z2,2.9488158496732284
TCA,G,5,Z2,2.668361161305637
TCA,G,6,Z2,2.1362657047230407
TCA,G,7,Z2,1.5716743189765523
TCA,G,8,Z2,1.0869393644105054
TCA,G,9,Z2,0.7170175805556964
TCA,G,10,Z2,0.45568968237851953
TCA,G,0,Y1,1.000000000000003
TCA,G,1,Y1,0.7424969704010767
TCA,G,2,Y1,0.43016239818547586
TCA,G,3,Y1,0.30653381392272805
TCA,G,4,Y1,0.5202498544278761
TCA,G,5,Y1,0.4731731501613088
TCA,G,6,Y1,0.45300211953284875
TCA,G,7,Y1,0.4516091189325609
TCA,G,8,Y1,0.6305346242384504
TCA,G,9,Y1,0.4530241799130593
TCA,G,10,Y1,0.5359911143183298
TCA,G,0,Y2,0.0
TCA,G,1,Y2,0.4633049278882183
TCA,G,2,Y2,2.058092430924417
TCA,G,3,Y2,4.145557545376321
TCA,G,4,Y2,5.795185476724753
TCA,G,5,Y2,6.741069110884831
TCA,G,6,Y2,7.275984338764138
TCA,G,7,Y2,7.579605013502132
TCA,G,8,Y2,7.73116686855839
TCA,G,9,Y2,7.8700616746821535
TCA,G,10,Y2,8.09910876612394
TCA,G,0,Y1_nocap,1.000000000000003
TCA,G,1,Y1_nocap,0.6858909991440632
TCA,G,2,Y1_nocap,0.3392319525168019
TCA,G,3,Y1_nocap,0.2036311934130046
TCA,G,4,Y1_nocap,0.4140028451468385
TCA,G,5,Y1_nocap,0.35193939116310613
TCA,G,6,Y1_nocap,0.32148645171793155
TCA,G,7,Y1_nocap,0.3123529315753106
TCA,G,8,Y1_nocap,0.48467042035323693
TCA,G,9,Y1_nocap,0.29132320038202614
TCA,G,10,Y1_nocap,0.37065723535760925
TCA,G,0,Y2_nocap,0.0
TCA,G,1,Y2_nocap,0.4633049278882183
TCA,G,2,Y2_nocap,2.0318666054931436
TCA,G,3,Y2_nocap,4.006401296742756
TCA,G,4,Y2_nocap,5.44030806930555
TCA,G,5,Y2_nocap,6.106456033647422
TCA,G,6,Y2_nocap,6.3461709591782896
TCA,G,7,Y2_nocap,6.364495033271707
TCA,G,8,Y2_nocap,6.252408535826265
TCA,G,9,Y2_nocap,6.154963883508699
TCA,G,10,Y2_nocap,6.171980114501583
TCA,L,0,Z1,1.0
TCA,L,1,Z1,0.7509632723500792
TCA,L,2,Z1,0.5639458364187392
TCA,L,3,Z1,0.42350261074521883
TCA,L,4,Z1,0.3180349064140313
TCA,L,5,Z1,0.23883253404223212
TCA,L,6,Z1,0.17935446130801633
TCA,L,7,Z1,0.13468861317445363
TCA,L,8,Z1,0.10114620169778166
TCA,L,9,Z1,0.07595708261274722
TCA,L,10,Z1,0.05704097931703397
TCA,L,0,Z2,0.0
TCA,L,1,Z2,0.25618865356502873
TCA,L,2,Z2,0.5250610097236984
TCA,L,3,Z2,0.4539870217820548
TCA,L,4,Z2,0.27568906393206977
TCA,L,5,Z2,0.1379461134596876
TCA,L,6,Z2,0.061067915836011816
TCA,L,7,Z2,0.024843533087867
TCA,L,8,Z2,0.009500557496467606
TCA,L,9,Z2,0.003465505154603517
TCA,L,10,Z2,0.001217864333992512
TCA,L,0,Y1,1.00511673509676
TCA,L,1,Y1,1.1910528015492414
TCA,L,2,Y1,1.2735716735639666
TCA,L,3,Y1,1.280602451907074
TCA,L,4,Y1,1.2437686533338865
TCA,L,5,Y1,1.2239848492217955
TCA,L,6,Y1,1.2153144905522326
TCA,L,7,Y1,1.2594926389641314
TCA,L,8,Y1,1.3656835513584564
TCA,L,9,Y1,1.3926950022194076
TCA,L,10,Y1,1.3660400319954333
TCA,L,0,Y2,0.0
TCA,L,1,Y2,0.2574995030401166
TCA,L,2,Y2,0.6395091519423223
TCA,L,3,Y2,0.7824962939346793
TCA,L,4,Y2,0.7572746398973076
TCA,L,5,Y2,0.6735324289203063
TCA,L,6,Y2,0.5956589077890355
TCA,L,7,Y2,0.5494674772518938
TCA,L,8,Y2,0.5420178467957242
TCA,L,9,Y2,0.5798140103474039
TCA,L,10,Y2,0.6252192204979369
TCA,L,0,Y1_nocap,1.00511673509676
TCA,L,1,Y1_nocap,1.1341571925324112
TCA,L,2,Y1_nocap,1.157000077566615
TCA,L,3,Y1_nocap,1.1078069908238914
TCA,L,4,Y1_nocap,1.0220046180294224
TCA,L,5,Y1_nocap,0.9620029267169297
TCA,L,6,Y1_nocap,0.9197090800316217
TCA,L,7,Y1_nocap,0.9353314129592355
TCA,L,8,Y1_nocap,1.0143528223171694
TCA,L,9,Y1_nocap,1.0118820829722697
TCA,L,10,Y1_nocap,0.9582290720630191
TCA,L,0,Y2_nocap,0.0
TCA,L,1,Y2_nocap,0.2574995030401166
TCA,L,2,Y2_nocap,0.6249331424745382
TCA,L,3,Y2_nocap,0.7337043555607026
TCA,L,4,Y2_nocap,0.6708303689473412
TCA,L,5,Y2_nocap,0.5559888123007479
TCA,L,6,Y2_nocap,0.4559895431904398
TCA,L,7,Y2_nocap,0.3950922602092747
TCA,L,8,Y2_nocap,0.37755327028182567
TCA,L,9,Y2_nocap,0.40705514632505907
TCA,L,10,Y2_nocap,0.44315561098893685
TCD,G,0,Z1,1.0
TCD,G,1,Z1,0.006737946999085479
TCD,G,2,Z1,4.539992976248501e-05
TCD,G,3,Z1,3.0590232050182743e-07
TCD,G,4,Z1,2.0611536224385723e-09
TCD,G,5,Z1,1.388794386496412e-11
TCD,G,6,Z1,9.357622968840275e-14
TCD,G,7,Z1,6.305116760147079e-16
TCD,G,8,Z1,4.24835425529165e-18
TCD,G,9,Z1,2.8625185805494346e-20
TCD,G,10,Z1,1.928749847963945e-22
TCD,G,0,Z2,0.0
TCD,G,1,Z2,0.4468956655977012
TCD,G,2,Z2,1.5977258874400992
TCD,G,3,Z2,2.4098066119469967
TCD,G,4,Z2,2.552728011396253
TCD,G,5,Z2,2.228131022935204
TCD,G,6,Z2,1.720642342809915
TCD,G,7,Z2,1.2210603172715244
TCD,G,8,Z2,0.8145525375208834
TCD,G,9,Z2,0.5183019118124125
TCD,G,10,Z2,0.3177323427434418
TCD,G,0,Y1,1.000000000000003
TCD,G,1,Y1,0.7338839117278214
TCD,G,2,Y1,0.4181066231192296
TCD,G,3,Y1,0.2954402543232608
TCD,G,4,Y1,0.5116896661567635
TCD,G,5,Y1,0.46535095053861
TCD,G,6,Y1,0.44697700531694085
TCD,G,7,Y1,0.44794849036678175
TCD,G,8,Y1,0.6295039248507435
TCD,G,9,Y1,0.45327273940021406
TCD,G,10,Y1,0.5397173472773972
TCD,G,0,Y2,0.0
TCD,G,1,Y2,0.4468956655977026
TCD,G,2,Y2,1.922684267334235
TCD,G,3,Y2,3.756226739998922
TCD,G,4,Y2,5.095900375719619
TCD,G,5,Y2,5.775290554719093
TCD,G,6,Y2,6.121455261196907
TCD,G,7,Y2,6.304405683247527
TCD,G,8,Y2,6.38754548568695
TCD,G,9,Y2,6.493817927981526
TCD,G,10,Y2,6.701497113153917
TCD,G,0,Y1_nocap,1.000000000000003
TCD,G,1,Y1_nocap,0.6858909991440632
TCD,G,2,Y1_nocap,0.3392319525168019
TCD,G,3,Y1_nocap,0.2036311934130046
TCD,G,4,Y1_nocap,0.4140028451468385
TCD,G,5,Y1_nocap,0.35193939116310613
TCD,G,6,Y1_nocap,0.32148645171793155
TCD,G,7,Y1_nocap,0.3123529315753106
TCD,G,8,Y1_nocap,0.48467042035323693
TCD,G,9,Y1_nocap,0.29132320038202614
TCD,G,10,Y1_nocap,0.37065723535760925
TCD,G,0,Y2_nocap,0.0
TCD,G,1,Y2_nocap,0.4468956655977026
TCD,G,2,Y2_nocap,1.9012364427211441
TCD,G,3,Y2_nocap,3.644442987038019
TCD,G,4,Y2_nocap,4.813951729913026
TCD,G,5,Y2_nocap,5.274268306039316
TCD,G,6,Y2_nocap,5.388561899675294
TCD,G,7,Y2_nocap,5.343993297206891
TCD,G,8,Y2_nocap,5.211405781111207
TCD,G,9,Y2_nocap,5.117466619611138
TCD,G,10,Y2_nocap,5.137936798447918
TCD,L,0,Z1,1.0
TCD,L,1,Z1,0.6745661230679145
TCD,L,2,Z1,0.45503945439087673
TCD,L,3,Z1,0.3069542005913928
TCD,L,4,Z1,0.2070609050523468
TCD,L,5,Z1,0.13967627196009516
TCD,L,6,Z1,0.09422088126070101
TCD,L,7,Z1,0.0635582145840734
TCD,L,8,Z1,0.04287421840109698
TCD,L,9,Z1,0.02892149528639503
TCD,L,10,Z1,0.01950946094867046
TCD,L,0,Z2,0.0
TCD,L,1,Z2,0.25115337305565544
TCD,L,2,Z2,0.5046241343778658
TCD,L,3,Z2,0.42774093047573336
TCD,L,4,Z2,0.25464551699661037
TCD,L,5,Z2,0.12491226665468728
TCD,L,6,Z2,0.05421105291977665
TCD,L,7,Z2,0.021620574340792984
TCD,L,8,Z2,0.008105542415808872
TCD,L,9,Z2,0.002898535777246806
TCD,L,10,Z2,0.000998596759091949
TCD,L,0,Y1,1.00511673509676
TCD,L,1,Y1,1.1056076188791932
TCD,L,2,Y1,1.115493218930626
TCD,L,3,Y1,1.067734040944623
TCD,L,4,Y1,0.9948868328879328
TCD,L,5,Y1,0.9557149055085431
TCD,L,6,Y1,0.9375695489711917
TCD,L,7,Y1,0.9781250394043759
TCD,L,8,Y1,1.080228734111027
TCD,L,9,Y1,1.097661300995761
TCD,L,10,Y1,1.064586401721972
TCD,L,0,Y2,0.0
TCD,L,1,Y2,0.25243845833423895
TCD,L,2,Y2,0.6145968130026813
TCD,L,3,Y2,0.7385500919558422
TCD,L,4,Y2,0.7045781923502134
TCD,L,5,Y2,0.6206278712192957
TCD,L,6,Y2,0.5469511175307393
TCD,L,7,Y2,0.506011694113133
TCD,L,8,Y2,0.5030895794245924
TCD,L,9,Y2,0.5435383977734038
TCD,L,10,Y2,0.5897543009730161
TCD,L,0,Y1_nocap,1.00511673509676
TCD,L,1,Y1_nocap,1.057369139275222
TCD,L,2,Y1_nocap,1.0185550818356406
TCD,L,3,Y1_nocap,0.9260251791501615
TCD,L,4,Y1_nocap,0.8147474700306141
TCD,L,5,Y1_nocap,0.7441160365426052
TCD,L,6,Y1_nocap,0.6992356840571304
TCD,L,7,Y1_nocap,0.7163443771137676
TCD,L,8,Y1_nocap,0.7951749329606134
TCD,L,9,Y1_nocap,0.7865384398954592
TCD,L,10,Y1_nocap,0.7289149778459151
TCD,L,0,Y2_nocap,0.0
TCD,L,1,Y2_nocap,0.25243845833423895
TCD,L,2,Y2_nocap,0.6024815561390675
TCD,L,3,Y2_nocap,0.6980339926853066
TCD,L,4,Y2_nocap,0.6322803459281435
TCD,L,5,Y2_nocap,0.5210523600221401
TCD,L,6,Y2_nocap,0.4265933795848542
TCD,L,7,Y2_nocap,0.3702867983832468
TCD,L,8,Y2_nocap,0.3553518102361375
TCD,L,9,Y2_nocap,0.3850141872357451
TCD,L,10,Y2_nocap,0.4194776911031991
TGO,G,0,Z1,1.0
TGO,G,1,Z1,0.006737946999085479
TGO,G,2,Z1,4.539992976248501e-05
TGO,G,3,Z1,3.0590232050182743e-07
TGO,G,4,Z1,2.0611536224385723e-09
TGO,G,5,Z1,1.388794386496412e-11
TGO,G,6,Z1,9.357622968840275e-14
TGO,G,7,Z1,6.305116760147079e-16
TGO,G,8,Z1,4.24835425529165e-18
TGO,G,9,Z1,2.8625185805494346e-20
TGO,G,10,Z1,1.928749847963945e-22
TGO,G,0,Z2,0.0
TGO,G,1,Z2,0.4522525654473653
TGO,G,2,Z2,1.6362590636297878
TGO,G,3,Z2,2.4975079625128784
TGO,G,4,Z2,2.6773437233106296
TGO,G,5,Z2,2.364913217678972
TGO,G,6,Z2,1.848161784537846
TGO,G,7,Z2,1.3272764656839096
TGO,G,8,Z2,0.8960211765938532
TGO,G,9,Z2,0.5769748466119107
TGO,G,10,Z2,0.35794012973777334
TGO,G,0,Y1,1.000000000000003
TGO,G,1,Y1,0.7154226951585521
TGO,G,2,Y1,0.3877008629706668
TGO,G,3,Y1,0.25995452176182177
TGO,G,4,Y1,0.4738254457528445
TGO,G,5,Y1,0.4213176863882739
TGO,G,6,Y1,0.3981610314000779
TGO,G,7,Y1,0.3950987588861568
TGO,G,8,Y1,0.572946743346454
TGO,G,9,Y1,0.38997196259229294
TGO,G,10,Y1,0.4735055344564948
TGO,G,0,Y2,0.0
TGO,G,1,Y2,0.4522525654473667
TGO,G,2,Y2,1.9567635590783317
TGO,G,3,Y2,3.8302584403116406
TGO,G,4,Y2,5.190164697773943
TGO,G,5,Y2,5.853127840573387
TGO,G,6,Y2,6.153489643256988
TGO,G,7,Y2,6.273467693464332
TGO,G,8,Y2,6.285354107482859
TGO,G,9,Y2,6.318975112119861
TGO,G,10,Y2,6.458993729624467
TGO,G,0,Y1_nocap,1.000000000000003
TGO,G,1,Y1_nocap,0.6858909991440632
TGO,G,2,Y1_nocap,0.3392319525168019
TGO,G,3,Y1_nocap,0.2036311934130046
TGO,G,4,Y1_nocap,0.4140028451468385
TGO,G,5,Y1_nocap,0.35193939116310613
TGO,G,6,Y1_nocap,0.32148645171793155
TGO,G,7,Y1_nocap,0.3123529315753106
TGO,G,8,Y1_nocap,0.48467042035323693
TGO,G,9,Y1_nocap,0.29132320038202614
TGO,G,10,Y1_nocap,0.37065723535760925
TGO,G,0,Y2_nocap,0.0
TGO,G,1,Y2_nocap,0.4522525654473667
TGO,G,2,Y2_nocap,1.9434077737937674
TGO,G,3,Y2_nocap,3.760106736519753
TGO,G,4,Y2_nocap,5.012102272870322
TGO,G,5,Y2_nocap,5.534998332866598
TGO,G,6,Y2_nocap,5.686103711623113
TGO,G,7,Y2_nocap,5.659025823056572
TGO,G,8,Y2_nocap,5.531220606754779
TGO,G,9,Y2_nocap,5.4351601918441474
TGO,G,10,Y2_nocap,5.454123261809502
TGO,L,0,Z1,1.0
TGO,L,1,Z1,0.636728466335872
TGO,L,2,Z1,0.40542313984243167
TGO,L,3,Z1,0.25814445404894526
TGO,L,4,Z1,0.1643679223196959
TGO,L,5,Z1,0.10465773509343371
TGO,L,6,Z1,0.06663855915622802
TGO,L,7,Z1,0.04243066757037735
TGO,L,8,Z1,0.027016813887693593
TGO,L,9,Z1,0.01720237447199283
TGO,L,10,Z1,0.010953241514887345
TGO,L,0,Z2,0.0
TGO,L,1,Z2,0.25299224225969263
TGO,L,2,Z2,0.5120405971486961
TGO,L,3,Z2,0.43720525845216224
TGO,L,4,Z2,0.26218557312839325
TGO,L,5,Z2,0.12955257037870077
TGO,L,6,Z2,0.05663657422762132
TGO,L,7,Z2,0.022753308196108456
TGO,L,8,Z2,0.008592659344583005
TGO,L,9,Z2,0.0030952260091290256
TGO,L,10,Z2,0.0010741675834706058
TGO,L,0,Y1,1.00511673509676
TGO,L,1,Y1,1.0490206791569525
TGO,L,2,Y1,1.012791646897792
TGO,L,3,Y1,0.9306260512174146
TGO,L,4,Y1,0.8344154430632656
TGO,L,5,Y1,0.7808902449780564
TGO,L,6,Y1,0.7528600420862028
TGO,L,7,Y1,0.7856164580499978
TGO,L,8,Y1,0.8782391425751781
TGO,L,9,Y1,0.8816652174250312
TGO,L,10,Y1,0.836207565234317
TGO,L,0,Y2,0.0
TGO,L,1,Y2,0.25428673654487083
TGO,L,2,Y2,0.6181430632700262
TGO,L,3,Y2,0.7361289148076
TGO,L,4,Y2,0.6912296281613461
TGO,L,5,Y2,0.5957342680485556
TGO,L,6,Y2,0.5122523965788914
TGO,L,7,Y2,0.46385326078414213
TGO,L,8,Y2,0.45540982054662216
TGO,L,9,Y2,0.49164587510065216
TGO,L,10,Y2,0.5339046379583843
TGO,L,0,Y1_nocap,1.00511673509676
TGO,L,1,Y1_nocap,1.0193378772769996
TGO,L,2,Y1_nocap,0.9543311241797436
TGO,L,3,Y1_nocap,0.8465922195407278
TGO,L,4,Y1_nocap,0.7291316206280682
TGO,L,5,Y1_nocap,0.6587738529641607
TGO,L,6,Y1_nocap,0.6167402792339659
TGO,L,7,Y1_nocap,0.6373597647328085
TGO,L,8,Y1_nocap,0.7177783892119923
TGO,L,9,Y1_nocap,0.707170301139414
TGO,L,10,Y1_nocap,0.648618253084525
TGO,L,0,Y2_nocap,0.0
TGO,L,1,Y2_nocap,0.25428673654487083
TGO,L,2,Y2_nocap,0.6106335446658667
TGO,L,3,Y2_nocap,0.7109215807455769
TGO,L,4,Y2_nocap,0.6461528423990355
TGO,L,5,Y2_nocap,0.5335877437859454
TGO,L,6,Y2_nocap,0.4371223739657332
TGO,L,7,Y2_nocap,0.37916811581889165
TGO,L,8,Y2_nocap,0.3633075863228482
TGO,L,9,Y2_nocap,0.3929260426201559
TGO,L,10,Y2_nocap,0.4279879369513745
THA,G,0,Z1,1.0
THA,G,1,Z1,0.006737946999085479
THA,G,2,Z1,4.539992976248501e-05
THA,G,3,Z1,3.0590232050182743e-07
THA,G,4,Z1,2.0611536224385723e-09
THA,G,5,Z1,1.388794386496412e-11
THA,G,6,Z1,9.357622968840275e-14
THA,G,7,Z1,6.305116760147079e-16
THA,G,8,Z1,4.24835425529165e-18
THA,G,9,Z1,2.8625185805494346e-20
THA,G,10,Z1,1.928749847963945e-22
THA,G,0,Z2,0.0
THA,G,1,Z2,0.4403902771749297
THA,G,2,Z2,1.551548769841691
THA,G,3,Z2,2.3060936007033868
THA,G,4,Z2,2.407303585197264
THA,G,5,Z2,2.0706115100180185
THA,G,6,Z2,1.5757237615422552
THA,G,7,Z2,1.1019405762276562
THA,G,8,Z2,0.7243888189129504
THA,G,9,Z2,0.45422081037110784
THA,G,10,Z2,0.27439564962682234
THA,G,0,Y1,1.000000000000003
THA,G,1,Y1,0.7492214574041062
THA,G,2,Y1,0.44285583595140776
THA,G,3,Y1,0.32359385153905
THA,G,4,Y1,0.5409053972993231
THA,G,5,Y1,0.4987602037413899
THA,G,6,Y1,0.4833060733217056
THA,G,7,Y1,0.4864980706264834
THA,G,8,Y1,0.669950683169048
THA,G,9,Y1,0.4980986720393817
THA,G,10,Y1,0.5856159076845247
THA,G,0,Y2,0.0
THA,G,1,Y2,0.44039027717493107
THA,G,2,Y2,1.8785312887867778
THA,G,3,Y2,3.6508991976732887
THA,G,4,Y2,4.940013421887651
THA,G,5,Y2,5.6023112652477645
THA,G,6,Y2,5.960313261481596
THA,G,7,Y2,6.172134072818798
THA,G,8,Y2,6.292415306563034
THA,G,9,Y2,6.437250243875071
THA,G,10,Y2,6.6776768186525
THA,G,0,Y1_nocap,1.000000000000003
THA,G,1,Y1_nocap,0.6858909991440632
THA,G,2,Y1_nocap,0.3392319525168019
THA,G,3,Y1_nocap,0.2036311934130046
THA,G,4,Y1_nocap,0.4140028451468385
THA,G,5,Y1_nocap,0.35193939116310613
THA,G,6,Y1_nocap,0.32148645171793155
THA,G,7,Y1_nocap,0.3123529315753106
THA,G,8,Y1_nocap,0.48467042035323693
THA,G,9,Y1_nocap,0.29132320038202614
THA,G,10,Y1_nocap,0.37065723535760925
THA,G,0,Y2_nocap,0.0
THA,G,1,Y2_nocap,0.44039027717493107
THA,G,2,Y2_nocap,1.850641170720022
THA,G,3,Y2_nocap,3.5071918744560318
THA,G,4,Y2_nocap,4.5813291187692196
THA,G,5,Y2_nocap,4.971298015456403
THA,G,6,Y2_nocap,5.045795326406119
THA,G,7,Y2_nocap,4.983469550927232
THA,G,8,Y2_nocap,4.847162734188591
THA,G,9,Y2_nocap,4.756781626809692
THA,G,10,Y2_nocap,4.779394543389214
THA,L,0,Z1,1.0
THA,L,1,Z1,0.6582176839235907
THA,L,2,Z1,0.43325051942973597
THA,L,3,Z1,0.2851731534577334
THA,L,4,Z1,0.187706012586136
THA,L,5,Z1,0.12355141686297882
THA,L,6,Z1,0.08132372745302796
THA,L,7,Z1,0.0535287155321654
THA,L,8,Z1,0.03523354716098665
THA,L,9,Z1,0.02319134380871724
THA,L,10,Z1,0.015264952608849568
THA,L,0,Z2,0.0
THA,L,1,Z2,0.24941710898623745
THA,L,2,Z2,0.4976711540404212
THA,L,3,Z2,0.41893098907479615
THA,L,4,Z2,0.2476765775639247
THA,L,5,Z2,0.12065385925703072
THA,L,6,Z2,0.0520009403280554
THA,L,7,Z2,0.020595759263925806
THA,L,8,Z2,0.00766796088422235
THA,L,9,Z2,0.002723100670556467
THA,L,10,Z2,0.0009316706402313841
THA,L,0,Y1,1.00511673509676
THA,L,1,Y1,1.1045915529370671
THA,L,2,Y1,1.1168699235312645
THA,L,3,Y1,1.0737422873543967
THA,L,4,Y1,1.0066791259609997
THA,L,5,Y1,0.9735540962529349
THA,L,6,Y1,0.9610540369541396
THA,L,7,Y1,1.006598436601633
THA,L,8,Y1,1.1129384944706382
THA,L,9,Y1,1.1340038431564108
THA,L,10,Y1,1.104400908589855
THA,L,0,Y2,0.0
THA,L,1,Y2,0.25069331026151975
THA,L,2,Y2,0.6107108671896511
THA,L,3,Y2,0.7387706688671518
THA,L,4,Y2,0.7129814247798719
THA,L,5,Y2,0.6376129072033331
THA,L,6,Y2,0.5709300579449226
THA,L,7,Y2,0.5348998664518927
THA,L,8,Y2,0.5351630823024127
THA,L,9,Y2,0.5775979018452915
THA,L,10,Y2,0.6254894448464423
THA,L,0,Y1_nocap,1.00511673509676
THA,L,1,Y1_nocap,1.0409370494985513
THA,L,2,Y1_nocap,0.990452854734289
THA,L,3,Y1_nocap,0.8908760105438833
THA,L,4,Y1_nocap,0.776472599391302
THA,L,5,Y1_nocap,0.7056029904061347
THA,L,6,Y1_nocap,0.6617205802886084
THA,L,7,Y1_nocap,0.6802198603707501
THA,L,8,Y1_nocap,0.7596860247615423
THA,L,9,Y1_nocap,0.7501791439350917
THA,L,10,Y1_nocap,0.6921239704504871
THA,L,0,Y2_nocap,0.0
THA,L,1,Y2_nocap,0.25069331026151975
THA,L,2,Y2_nocap,0.5948343449680619
THA,L,3,Y2_nocap,0.6860112865406356
THA,L,4,Y2_nocap,0.619396144022996
THA,L,5,Y2_nocap,0.5094475070907135
THA,L,6,Y2_nocap,0.4168645438051187
THA,L,7,Y2_nocap,0.3620835040638264
THA,L,8,Y2_nocap,0.3479961622571496
THA,L,9,Y2_nocap,0.37768508915159876
THA,L,10,Y2_nocap,0.4115833615130224
TJK,G,0,Z1,1.0
TJK,G,1,Z1,0.951229424500714
TJK,G,2,Z1,0.9048374180359595
TJK,G,3,Z1,0.8607079764250578
TJK,G,4,Z1,0.8187307530779818
TJK,G,5,Z1,0.7788007830714049
TJK,G,6,Z1,0.7408182206817179
TJK,G,7,Z1,0.7046880897187134
TJK,G,8,Z1,0.6703200460356393
TJK,G,9,Z1,0.6376281516217733
TJK,G,10,Z1,0.6065306597126334
TJK,G,0,Z2,0.0
TJK,G,1,Z2,0.43221887273519005
TJK,G,2,Z2,1.4945052315878273
TJK,G,3,Z2,2.180092611916355
TJK,G,4,Z2,2.2335458872433853
TJK,G,5,Z2,1.8855091515364366
TJK,G,6,Z2,1.4082381619354887
TJK,G,7,Z2,0.9665408288740301
TJK,G,8,Z2,0.6235909038027301
TJK,G,9,Z2,0.38376120158177845
TJK,G,10,Z2,0.2275292646737698
TJK,G,0,Y1,1.000000000000003
TJK,G,1,Y1,1.6372710891647437
TJK,G,2,Y1,1.9035576270970835
TJK,G,3,Y1,2.0258297980837816
TJK,G,4,Y1,2.3547304761580468
TJK,G,5,Y1,2.6068638404154147
TJK,G,6,Y1,2.8189666364867065
TJK,G,7,Y1,3.013877249425765
TJK,G,8,Y1,3.3736678366995685
TJK,G,9,Y1,3.524585503191963
TJK,G,10,Y1,3.7506036754252756
TJK,G,0,Y2,0.0
TJK,G,1,Y2,0.4322188727351914
TJK,G,2,Y2,1.7910253865382908
TJK,G,3,Y2,3.354992495435835
TJK,G,4,Y2,4.339458598087893
TJK,G,5,Y2,4.678769190430904
TJK,G,6,Y2,4.741664235445973
TJK,G,7,Y2,4.693254615172154
TJK,G,8,Y2,4.5857077665379755
TJK,G,9,Y2,4.530522435071481
TJK,G,10,Y2,4.584893493807459
TJK,G,0,Y1_nocap,1.000000000000003
TJK,G,1,Y1_nocap,1.6303824766456947
TJK,G,2,Y1_nocap,1.8854782402931523
TJK,G,3,Y1_nocap,1.9948678479192243
TJK,G,4,Y1_nocap,2.310207783889443
TJK,G,5,Y1_nocap,2.5466874826812607
TJK,G,6,Y1_nocap,2.7415991712874517
TJK,G,7,Y1_nocap,2.9180765748181083
TJK,G,8,Y1_nocap,3.2583261037685176
TJK,G,9,Y1_nocap,3.387473181301042
TJK,G,10,Y1_nocap,3.5909584798344243
TJK,G,0,Y2_nocap,0.0
TJK,G,1,Y2_nocap,0.4322188727351914
TJK,G,2,Y2_nocap,1.788047998200598
TJK,G,3,Y2_nocap,3.339715355198575
TJK,G,4,Y2_nocap,4.30126482516045
TJK,G,5,Y2_nocap,4.611169106966081
TJK,G,6,Y2_nocap,4.642695059857133
TJK,G,7,Y2_nocap,4.562882688720835
TJK,G,8,Y2_nocap,4.4246665939643846
TJK,G,9,Y2_nocap,4.339943550684593
TJK,G,10,Y2_nocap,4.365533319459035
TJK,L,0,Z1,1.0
TJK,L,1,Z1,0.9512294245006684
TJK,L,2,Z1,0.9048374180358727
TJK,L,3,Z1,0.8607079764249339
TJK,L,4,Z1,0.8187307530778246
TJK,L,5,Z1,0.778800783071218
TJK,L,6,Z1,0.7408182206815045
TJK,L,7,Z1,0.7046880897184766
TJK,L,8,Z1,0.6703200460353819
TJK,L,9,Z1,0.6376281516214979
TJK,L,10,Z1,0.6065306597123423
TJK,L,0,Z2,0.0
TJK,L,1,Z2,0.7408182206816922
TJK,L,2,Z2,4.390493088751908
TJK,L,3,Z2,10.977380812995037
TJK,L,4,Z2,19.27642956237827
TJK,L,5,Z2,27.891270018548912
TJK,L,6,Z2,35.70455985585529
TJK,L,7,Z2,42.002554890762624
TJK,L,8,Z2,46.44759208416635
TJK,L,9,Z2,48.99281878726234
TJK,L,10,Z2,49.78706836784674
TJK,L,0,Y1,1.00511673509676
TJK,L,1,Y1,1.3423719132568956
TJK,L,2,Y1,1.5916899031667167
TJK,L,3,Y1,1.7645487235818547
TJK,L,4,Y1,1.8816953968931776
TJK,L,5,Y1,1.9987941344912619
TJK,L,6,Y1,2.1142030790819857
TJK,L,7,Y1,2.2726345825835303
TJK,L,8,Y1,2.492215553085216
TJK,L,9,Y1,2.6413154193246298
TJK,L,10,Y1,2.7329491797776186
TJK,L,0,Y2,0.0
TJK,L,1,Y2,0.7446087912717736
TJK,L,2,Y2,4.699117859103672
TJK,L,3,Y2,12.962687579384284
TJK,L,4,Y2,25.182984752788677
TJK,L,5,Y2,40.18581611220351
TJK,L,6,Y2,56.52550303870999
TJK,L,7,Y2,72.92294510332412
TJK,L,8,Y2,88.47385250086282
TJK,L,9,Y2,102.77437138062284
TJK,L,10,Y2,115.81568848254702
TJK,L,0,Y1_nocap,1.00511673509676
TJK,L,1,Y1_nocap,1.3354480535324025
TJK,L,2,Y1_nocap,1.5756071643152614
TJK,L,3,Y1_nocap,1.737706322615907
TJK,L,4,Y1_nocap,1.8430396402811207
TJK,L,5,Y1_nocap,1.9476685307611912
TJK,L,6,Y1_nocap,2.049959829807953
TJK,L,7,Y1_nocap,2.194645781766315
TJK,L,8,Y1_nocap,2.39956492768187
TJK,L,9,Y1_nocap,2.5326771334182427
TJK,L,10,Y1_nocap,2.6074998038691866
TJK,L,0,Y2_nocap,0.0
TJK,L,1,Y2_nocap,0.7446087912717736
TJK,L,2,Y2_nocap,4.693988537662324
TJK,L,3,Y2_nocap,12.925253196619519
TJK,L,4,Y2_nocap,25.056732302742354
TJK,L,5,Y2_nocap,39.887696127801426
TJK,L,6,Y2_nocap,55.95435619371298
TJK,L,7,Y2_nocap,71.96969162787869
TJK,L,8,Y2_nocap,87.03040430473348
TJK,L,9,Y2_nocap,100.73984872257468
TJK,L,10,Y2_nocap,113.09911013817951
TKM,G,0,Z1,1.0
TKM,G,1,Z1,0.006737947018989367
TKM,G,2,Z1,4.539993003070769e-05
TKM,G,3,Z1,3.05902323212733e-07
TKM,G,4,Z1,2.061153646793154e-09
TKM,G,5,Z1,1.3887944070088982e-11
TKM,G,6,Z1,9.357623134694736e-14
TKM,G,7,Z1,6.305116890524204e-16
TKM,G,8,Z1,4.248354355688718e-18
TKM,G,9,Z1,2.8625186566523367e-20
TKM,G,10,Z1,1.9287499049391973e-22
TKM,G,0,Z2,0.0
TKM,G,1,Z2,0.468751261358694
TKM,G,2,Z2,1.7578219602029332
TKM,G,3,Z2,2.780936756175837
TKM,G,4,Z2,3.089938043771683
TKM,G,5,Z2,2.8289303819105314
TKM,G,6,Z2,2.2914397753629
TKM,G,7,Z2,1.705655290578208
TKM,G,8,Z2,1.193464639293447
TKM,G,9,Z2,0.7965436369837491
TKM,G,10,Z2,0.5121822147645738
TKM,G,0,Y1,1.000000000000003
TKM,G,1,Y1,0.7391685938204464
TKM,G,2,Y1,0.42723064948935463
TKM,G,3,Y1,0.3066947445023436
TKM,G,4,Y1,0.5243917122047111
TKM,G,5,Y1,0.4806112228180885
TKM,G,6,Y1,0.46450957580442476
TKM,G,7,Y1,0.46761422898657523
TKM,G,8,Y1,0.6512648652930447
TKM,G,9,Y1,0.4780439825024151
TKM,G,10,Y1,0.566515175718981
TKM,G,0,Y2,0.0
TKM,G,1,Y2,0.46875126135869544
TKM,G,2,Y2,2.101149749748886
TKM,G,3,Y2,4.26634973155774
TKM,G,4,Y2,6.011436147520048
TKM,G,5,Y2,7.045241916792344
TKM,G,6,Y2,7.654840882416212
TKM,G,7,Y2,8.024658115379383
TKM,G,8,Y2,8.239010637173996
TKM,G,9,Y2,8.441877366890964
TKM,G,10,Y2,8.742535524099592
TKM,G,0,Y1_nocap,1.000000000000003
TKM,G,1,Y1_nocap,0.685890999163967
TKM,G,2,Y1_nocap,0.3392319525305879
TKM,G,3,Y1_nocap,0.20363119341984953
TKM,G,4,Y1_nocap,0.4140028451509376
TKM,G,5,Y1_nocap,0.35193939117137396
TKM,G,6,Y1_nocap,0.3214864517249922
TKM,G,7,Y1_nocap,0.312352931581757
TKM,G,8,Y1_nocap,0.48467042035949737
TKM,G,9,Y1_nocap,0.29132320039171516
TKM,G,10,Y1_nocap,0.370657235363473
TKM,G,0,Y2_nocap,0.0
TKM,G,1,Y2_nocap,0.46875126135869544
TKM,G,2,Y2_nocap,2.076175810051504
TKM,G,3,Y2_nocap,4.131615978568982
TKM,G,4,Y2_nocap,5.661186277410241
TKM,G,5,Y2_nocap,6.405352434864462
TKM,G,6,Y2_nocap,6.695566963213743
TKM,G,7,Y2_nocap,6.741457337232689
TKM,G,8,Y2_nocap,6.640512883605293
TKM,G,9,Y2_nocap,6.544240478715132
TKM,G,10,Y2_nocap,6.561116002357821
TKM,L,0,Z1,1.0
TKM,L,1,Z1,0.9512294245007025
TKM,L,2,Z1,0.9048374180359376
TKM,L,3,Z1,0.8607079764250266
TKM,L,4,Z1,0.8187307530779422
TKM,L,5,Z1,0.7788007830713577
TKM,L,6,Z1,0.740818220681664
TKM,L,7,Z1,0.7046880897186537
TKM,L,8,Z1,0.6703200460355744
TKM,L,9,Z1,0.6376281516217038
TKM,L,10,Z1,0.60653065971256
TKM,L,0,Z2,0.0
TKM,L,1,Z2,0.5079118286155093
TKM,L,2,Z2,2.063795405180404
TKM,L,3,Z2,3.537763081200445
TKM,L,4,Z2,4.259251474443749
TKM,L,5,Z2,4.225242587730525
TKM,L,6,Z2,3.7083755907273694
TKM,L,7,Z2,2.9909724297474716
TKM,L,8,Z2,2.2676528903189066
TKM,L,9,Z2,1.6399192820125217
TKM,L,10,Z2,1.1425711952109916
TKM,L,0,Y1,1.00511673509676
TKM,L,1,Y1,1.3889982555273657
TKM,L,2,Y1,1.6984759858244554
TKM,L,3,Y1,1.9403189126606288
TKM,L,4,Y1,2.131305873481007
TKM,L,5,Y1,2.324271880182028
TKM,L,6,Y1,2.5174544924318942
TKM,L,7,Y1,2.7553740872797725
TKM,L,8,Y1,3.0580478084390563
TKM,L,9,Y1,3.296490034236541
TKM,L,10,Y1,3.4801334698326185
TKM,L,0,Y2,0.0
TKM,L,1,Y2,0.5105106788950459
TKM,L,2,Y2,2.294231164184482
TKM,L,3,Y2,4.6408797845527
TKM,L,4,Y2,6.755961323595583
TKM,L,5,Y2,8.24035252082866
TKM,L,6,Y2,9.052036001349686
TKM,L,7,Y2,9.367276968904243
TKM,L,8,Y2,9.427524721949137
TKM,L,9,Y2,9.484539309054881
TKM,L,10,Y2,9.679085464163622
TKM,L,0,Y1_nocap,1.00511673509676
TKM,L,1,Y1_nocap,1.3354480535324367
TKM,L,2,Y1_nocap,1.5756071643153395
TKM,L,3,Y1_nocap,1.7377063226160352
TKM,L,4,Y1_nocap,1.8430396402813018
TKM,L,5,Y1_nocap,1.9476685307614265
TKM,L,6,Y1_nocap,2.049959829808243
TKM,L,7,Y1_nocap,2.1946457817666616
TKM,L,8,Y1_nocap,2.399564927682275
TKM,L,9,Y1_nocap,2.5326771334187095
TKM,L,10,Y1_nocap,2.6074998038697172
TKM,L,0,Y2_nocap,0.0
TKM,L,1,Y2_nocap,0.5105106788950459
TKM,L,2,Y2_nocap,2.267032383166508
TKM,L,3,Y2_nocap,4.493828876731404
TKM,L,4,Y2_nocap,6.374517580815764
TKM,L,5,Y2_nocap,7.5323310849090515
TKM,L,6,Y2_nocap,7.966916795998754
TKM,L,7,Y2_nocap,7.894798997910193
TKM,L,8,Y2_nocap,7.584773748908228
TKM,L,9,Y2_nocap,7.300692085071818
TKM,L,10,Y2_nocap,7.1809389976598
TTO,G,0,Z1,1.0
TTO,G,1,Z1,0.006737946999085479
TTO,G,2,Z1,4.539992976248501e-05
TTO,G,3,Z1,3.0590232050182743e-07
TTO,G,4,Z1,2.0611536224385723e-09
TTO,G,5,Z1,1.388794386496412e-11
TTO,G,6,Z1,9.357622968840275e-14
TTO,G,7,Z1,6.305116760147079e-16
TTO,G,8,Z1,4.24835425529165e-18
TTO,G,9,Z1,2.8625185805494346e-20
TTO,G,10,Z1,1.928749847963945e-22
TTO,G,0,Z2,0.0
TTO,G,1,Z2,0.4875229291118138
TTO,G,2,Z2,1.901428851278101
TTO,G,3,Z2,3.128591800370737
TTO,G,4,Z2,3.6154316764727583
TTO,G,5,Z2,3.442589533042256
TTO,G,6,Z2,2.9001738232139287
TTO,G,7,Z2,2.24522279800345
TTO,G,8,Z2,1.6339182759053277
TTO,G,9,Z2,1.1341825053696195
TTO,G,10,Z2,0.7584910523527744
TTO,G,0,Y1,1.000000000000003
TTO,G,1,Y1,0.730716579135725
TTO,G,2,Y1,0.4128904283056845
TTO,G,3,Y1,0.2893531634936407
TTO,G,4,Y1,0.505195215610194
TTO,G,5,Y1,0.4577987885895516
TTO,G,6,Y1,0.43860505002786304
TTO,G,7,Y1,0.43888526552252155
TTO,G,8,Y1,0.6198054202055063
TTO,G,9,Y1,0.44241804890820025
TTO,G,10,Y1,0.5283640749013231
TTO,G,0,Y2,0.0
TTO,G,1,Y2,0.4875229291118153
TTO,G,2,Y2,2.2543850346317256
TTO,G,3,Y2,4.7040788766708515
TTO,G,4,Y2,6.795895316755793
TTO,G,5,Y2,8.126685074852356
TTO,G,6,Y2,8.942489153014526
TTO,G,7,Y2,9.436203147832202
TTO,G,8,Y2,9.710836105327985
TTO,G,9,Y2,9.931671523778148
TTO,G,10,Y2,10.238397239544303
TTO,G,0,Y1_nocap,1.000000000000003
TTO,G,1,Y1_nocap,0.6858909991440632
TTO,G,2,Y1_nocap,0.3392319525168019
TTO,G,3,Y1_nocap,0.2036311934130046
TTO,G,4,Y1_nocap,0.4140028451468385
TTO,G,5,Y1_nocap,0.35193939116310613
TTO,G,6,Y1_nocap,0.32148645171793155
TTO,G,7,Y1_nocap,0.3123529315753106
TTO,G,8,Y1_nocap,0.48467042035323693
TTO,G,9,Y1_nocap,0.29132320038202614
TTO,G,10,Y1_nocap,0.37065723535760925
TTO,G,0,Y2_nocap,0.0
TTO,G,1,Y2_nocap,0.4875229291118153
TTO,G,2,Y2_nocap,2.232531536575055
TTO,G,3,Y2_nocap,4.583083277440574
TTO,G,4,Y2_nocap,6.474622851879932
TTO,G,5,Y2_nocap,7.52889156771001
TTO,G,6,Y2_nocap,8.032714677258873
TTO,G,7,Y2_nocap,8.205174783834742
TTO,G,8,Y2_nocap,8.164530118475973
TTO,G,9,Y2_nocap,8.085361736073923
TTO,G,10,Y2_nocap,8.108432635162028
TTO,L,0,Z1,1.0
TTO,L,1,Z1,0.852718135969391
TTO,L,2,Z1,0.7271282194111126
TTO,L,3,Z1,0.6200354198669863
TTO,L,4,Z1,0.5287154474639751
TTO,L,5,Z1,0.45084525081970334
TTO,L,6,Z1,0.38444392188962995
TTO,L,7,Z1,0.3278223044584874
TTO,L,8,Z1,0.2795400243870315
TTO,L,9,Z1,0.23836884852414755
TTO,L,10,Z1,0.20326144018668124
TTO,L,0,Z2,0.0
TTO,L,1,Z2,0.26953132820231324
TTO,L,2,Z2,0.5811770950600248
TTO,L,3,Z2,0.5286783409389806
TTO,L,4,Z2,0.33776681582240903
TTO,L,5,Z2,0.1778100361157813
TTO,L,6,Z2,0.08281504834903494
TTO,L,7,Z2,0.03544531824996473
TTO,L,8,Z2,0.01426080273385115
TTO,L,9,Z2,0.005472815295743657
TTO,L,10,Z2,0.0020234501723837084
TTO,L,0,Y1,1.00511673509676
TTO,L,1,Y1,1.2814876494437075
TTO,L,2,Y1,1.458174677391189
TTO,L,3,Y1,1.5536105769568038
TTO,L,4,Y1,1.593800785394837
TTO,L,5,Y1,1.6376574420713634
TTO,L,6,Y1,1.6829518640475822
TTO,L,7,Y1,1.7739955265807936
TTO,L,8,Y1,1.9258656343157652
TTO,L,9,Y1,2.003220964012252
TTO,L,10,Y1,2.023868319065925
TTO,L,0,Y2,0.0
TTO,L,1,Y2,0.2709104486090024
TTO,L,2,Y2,0.6985416397766745
TTO,L,3,Y2,0.876532717883883
TTO,L,4,Y2,0.8598555312226741
TTO,L,5,Y2,0.7680501614563893
TTO,L,6,Y2,0.6775586323544437
TTO,L,7,Y2,0.6218757250454674
TTO,L,8,Y2,0.6107952446276526
TTO,L,9,Y2,0.6519134558203833
TTO,L,10,Y2,0.7057333238263029
TTO,L,0,Y1_nocap,1.00511673509676
TTO,L,1,Y1_nocap,1.23643270883367
TTO,L,2,Y1_nocap,1.3596182756313282
TTO,L,3,Y1_nocap,1.3983135880914346
TTO,L,4,Y1_nocap,1.3824496114060176
TTO,L,5,Y1_nocap,1.3733548501144102
TTO,L,6,Y1_nocap,1.3683648019880048
TTO,L,7,Y1_nocap,1.4114931558859443
TTO,L,8,Y1_nocap,1.515559096530094
TTO,L,9,Y1_nocap,1.5424850959520255
TTO,L,10,Y1_nocap,1.5136478075825275
TTO,L,0,Y2_nocap,0.0
TTO,L,1,Y2_nocap,0.2709104486090024
TTO,L,2,Y2_nocap,0.6863979217919747
TTO,L,3,Y2_nocap,0.8341389490765144
TTO,L,4,Y2_nocap,0.7818798085701697
TTO,L,5,Y2_nocap,0.6583532009330089
TTO,L,6,Y2_nocap,0.5430310309150466
TTO,L,7,Y2_nocap,0.46874631094144226
TTO,L,8,Y2_nocap,0.44318755416444267
TTO,L,9,Y2_nocap,0.47159091746021753
TTO,L,10,Y2_nocap,0.5119652427736092
TUN,G,0,Z1,1.0
TUN,G,1,Z1,0.00673794699909132
TUN,G,2,Z1,4.539992976256372e-05
TUN,G,3,Z1,3.0590232050262295e-07
TUN,G,4,Z1,2.0611536224457196e-09
TUN,G,5,Z1,1.3887943865024315e-11
TUN,G,6,Z1,9.357622968888945e-14
TUN,G,7,Z1,6.305116760185339e-16
TUN,G,8,Z1,4.248354255321111e-18
TUN,G,9,Z1,2.862518580571767e-20
TUN,G,10,Z1,1.9287498479806649e-22
TUN,G,0,Z2,0.0
TUN,G,1,Z2,0.43344390098428337
TUN,G,2,Z2,1.502988922403786
TUN,G,3,Z2,2.1986821631121574
TUN,G,4,Z2,2.258975700868494
TUN,G,5,Z2,1.9123813281506756
TUN,G,6,Z2,1.432356519818535
TUN,G,7,Z2,0.9858807674064505
TUN,G,8,Z2,0.637871402139288
TUN,G,9,Z2,0.3936620914178021
TUN,G,10,Z2,0.23406095003259791
TUN,G,0,Y1,1.000000000000003
TUN,G,1,Y1,0.7239134895489241
TUN,G,2,Y1,0.4016660183043707
TUN,G,3,Y1,0.27622527556935783
TUN,G,4,Y1,0.4911554355367139
TUN,G,5,Y1,0.4414494026749054
TUN,G,6,Y1,0.42045206708792693
TUN,G,7,Y1,0.4192015209453732
TUN,G,8,Y1,0.5987089485688659
TUN,G,9,Y1,0.41878824882398524
TUN,G,10,Y1,0.5036083591585153
TUN,G,0,Y2,0.0
TUN,G,1,Y2,0.4334439009842847
TUN,G,2,Y2,1.81384428725711
TUN,G,3,Y2,3.448574539554733
TUN,G,4,Y2,4.550740321522074
TUN,G,5,Y2,5.028052309896576
TUN,G,6,Y2,5.22689884007495
TUN,G,7,Y2,5.3050901547779885
TUN,G,8,Y2,5.312906787149162
TUN,G,9,Y2,5.361535539133547
TUN,G,10,Y2,5.511791444519779
TUN,G,0,Y1_nocap,1.000000000000003
TUN,G,1,Y1_nocap,0.685890999144069
TUN,G,2,Y1_nocap,0.3392319525168059
TUN,G,3,Y1_nocap,0.20363119341300662
TUN,G,4,Y1_nocap,0.41400284514683966
TUN,G,5,Y1_nocap,0.3519393911631086
TUN,G,6,Y1_nocap,0.3214864517179336
TUN,G,7,Y1_nocap,0.31235293157531246
TUN,G,8,Y1_nocap,0.48467042035323876
TUN,G,9,Y1_nocap,0.291323200382029
TUN,G,10,Y1_nocap,0.3706572353576109
TUN,G,0,Y2_nocap,0.0
TUN,G,1,Y2_nocap,0.4334439009842847
TUN,G,2,Y2_nocap,1.7973636706908922
TUN,G,3,Y2_nocap,3.364476538165696
TUN,G,4,Y2_nocap,4.342405174749178
TUN,G,5,Y2_nocap,4.6637459143669355
TUN,G,6,Y2_nocap,4.701244092357438
TUN,G,7,Y2_nocap,4.62373819823076
TUN,G,8,Y2_nocap,4.48563364095086
TUN,G,9,Y2_nocap,4.399992547519916
TUN,G,10,Y2_nocap,4.425124119310051
TUN,L,0,Z1,1.0
TUN,L,1,Z1,0.4601336661193335
TUN,L,2,Z1,0.21172299069641828
TUN,L,3,Z1,0.09742087591089249
TUN,L,4,Z1,0.04482662478943562
TUN,L,5,Z1,0.02062623920411881
TUN,L,6,Z1,0.009490827063245512
TUN,L,7,Z1,0.004367049051115745
TUN,L,8,Z1,0.0020094262900128444
TUN,L,9,Z1,0.0009246046856201811
TUN,L,10,Z1,0.00042544174370552775
TUN,L,0,Z2,0.0
TUN,L,1,Z2,0.7408182206817179
TUN,L,2,Z2,4.390493088752212
TUN,L,3,Z2,10.977380812996177
TUN,L,4,Z2,19.276429562380937
TUN,L,5,Z2,27.891270018553726
TUN,L,6,Z2,35.7045598558627
TUN,L,7,Z2,42.00255489077279
TUN,L,8,Z2,46.447592084179206
TUN,L,9,Z2,48.99281878727759
TUN,L,10,Z2,49.787068367863945
TUN,L,0,Y1,1.00511673509676
TUN,L,1,Y1,0.8800565296642635
TUN,L,2,Y1,0.7611980044212328
TUN,L,3,Y1,0.6495324473833908
TUN,L,4,Y1,0.555729923859228
TUN,L,5,Y1,0.5212994989381468
TUN,L,6,Y1,0.5125006611364644
TUN,L,7,Y1,0.5600314971845806
TUN,L,8,Y1,0.6550052602858597
TUN,L,9,Y1,0.6450101117757694
TUN,L,10,Y1,0.594024264442255
TUN,L,0,Y2,0.0
TUN,L,1,Y2,0.7446087912717994
TUN,L,2,Y2,4.722300418284141
TUN,L,3,Y2,13.130800420927699
TUN,L,4,Y2,25.74471431373502
TUN,L,5,Y2,41.498221849196895
TUN,L,6,Y2,59.01087201610011
TUN,L,7,Y2,77.01966925173458
TUN,L,8,Y2,94.59535122493699
TUN,L,9,Y2,111.28210140291534
TUN,L,10,Y2,127.00934786854909
TUN,L,0,Y1_nocap,1.00511673509676
TUN,L,1,Y1_nocap,0.8418394882482878
TUN,L,2,Y1_nocap,0.6926483709148047
TUN,L,3,Y1_nocap,0.5576532607057839
TUN,L,4,Y1_nocap,0.44667729433997166
TUN,L,5,Y1_nocap,0.40004625542157773
TUN,L,6,Y1_nocap,0.3813549642983646
TUN,L,7,Y1_nocap,0.420137930424022
TUN,L,8,Y1_nocap,0.5052728899112736
TUN,L,9,Y1_nocap,0.4826334354330143
TUN,L,10,Y1_nocap,0.4204186838393107
TUN,L,0,Y2_nocap,0.0
TUN,L,1,Y2_nocap,0.7446087912717994
TUN,L,2,Y2_nocap,4.693988537662639
TUN,L,3,Y2_nocap,12.925253196620789
TUN,L,4,Y2_nocap,25.056732302745566
TUN,L,5,Y2_nocap,39.8876961278077
TUN,L,6,Y2_nocap,55.954356193723406
TUN,L,7,Y2_nocap,71.9696916278941
TUN,L,8,Y2_nocap,87.03040430475446
TUN,L,9,Y2_nocap,100.7398487226015
TUN,L,10,Y2_nocap,113.09911013821221
TUR,G,0,Z1,1.0
TUR,G,1,Z1,0.951229424500714
TUR,G,2,Z1,0.9048374180359595
TUR,G,3,Z1,0.8607079764250578
TUR,G,4,Z1,0.8187307530779818
TUR,G,5,Z1,0.7788007830714049
TUR,G,6,Z1,0.7408182206817179
TUR,G,7,Z1,0.7046880897187134
TUR,G,8,Z1,0.6703200460356393
TUR,G,9,Z1,0.6376281516217733
TUR,G,10,Z1,0.6065306597126334
TUR,G,0,Z2,0.0
TUR,G,1,Z2,0.404752151810456
TUR,G,2,Z2,1.3105944351615553
TUR,G,3,Z2,1.7903224725157643
TUR,G,4,Z2,1.7176577734764362
TUR,G,5,Z2,1.357862656032313
TUR,G,6,Z2,0.9497050535096178
TUR,G,7,Z2,0.6104052835634058
TUR,G,8,Z2,0.3687935283480035
TUR,G,9,Z2,0.21253478744500692
TUR,G,10,Z2,0.11800262352941615
TUR,G,0,Y1,1.000000000000003
TUR,G,1,Y1,1.6928795830976144
TUR,G,2,Y1,2.0469407117050515
TUR,G,3,Y1,2.2666005852793094
TUR,G,4,Y1,2.693879689787989
TUR,G,5,Y1,3.056760548977617
TUR,G,6,Y1,3.386929116171825
TUR,G,7,Y1,3.7045062277193646
TUR,G,8,Y1,4.1902723902216295
TUR,G,9,Y1,4.479381318978296
TUR,G,10,Y1,4.84340344309239
TUR,G,0,Y2,0.0
TUR,G,1,Y2,0.40475215181045726
TUR,G,2,Y2,1.6107789327442195
TUR,G,3,Y2,2.9390494820323316
TUR,G,4,Y2,3.7470019009699316
TUR,G,5,Y2,4.0498683861367395
TUR,G,6,Y2,4.1836463766860446
TUR,G,7,Y2,4.261035332808031
TUR,G,8,Y2,4.302172086180987
TUR,G,9,Y2,4.395706630584335
TUR,G,10,Y2,4.574228107083445
TUR,G,0,Y1_nocap,1.000000000000003
TUR,G,1,Y1_nocap,1.6303824766456947
TUR,G,2,Y1_nocap,1.8854782402931523
TUR,G,3,Y1_nocap,1.9948678479192243
TUR,G,4,Y1_nocap,2.310207783889443
TUR,G,5,Y1_nocap,2.5466874826812607
TUR,G,6,Y1_nocap,2.7415991712874517
TUR,G,7,Y1_nocap,2.9180765748181083
TUR,G,8,Y1_nocap,3.2583261037685176
TUR,G,9,Y1_nocap,3.387473181301042
TUR,G,10,Y1_nocap,3.5909584798344243
TUR,G,0,Y2_nocap,0.0
TUR,G,1,Y2_nocap,0.40475215181045726
TUR,G,2,Y2_nocap,1.5854830944258778
TUR,G,3,Y2_nocap,2.815850985087965
TUR,G,4,Y2_nocap,3.4535943565169087
TUR,G,5,Y2_nocap,3.5543712407923818
TUR,G,6,Y2_nocap,3.4892319575255994
TUR,G,7,Y2_nocap,3.3810965814955205
TUR,G,8,Y2_nocap,3.2521614379827404
TUR,G,9,Y2_nocap,3.1916522935461047
TUR,G,10,Y2_nocap,3.2271307271723724
TUR,L,0,Z1,1.0
TUR,L,1,Z1,0.9354782495022378
TUR,L,2,Z1,0.875119555291771
TUR,L,3,Z1,0.8186553096895226
TUR,L,4,Z1,0.765834236054067
TUR,L,5,Z1,0.7164212705527421
TUR,L,6,Z1,0.6701965160828482
TUR,L,7,Z1,0.6269542636876811
TUR,L,8,Z1,0.5865020771125163
TUR,L,9,Z1,0.5486599364266432
TUR,L,10,Z1,0.5132594369004052
TUR,L,0,Z2,0.0
TUR,L,1,Z2,0.7104891032532856
TUR,L,2,Z2,4.038358126733264
TUR,L,3,Z2,9.683581873764382
TUR,L,4,Z2,16.308336359752598
TUR,L,5,Z2,22.630654835534326
TUR,L,6,Z2,27.784224564710552
TUR,L,7,Z2,31.3470062818528
TUR,L,8,Z2,33.24522935285358
TUR,L,9,Z2,33.63135167142877
TUR,L,10,Z2,32.77737845024597
TUR,L,0,Y1,1.00511673509676
TUR,L,1,Y1,1.3824331715339901
TUR,L,2,Y1,1.6821072909371628
TUR,L,3,Y1,1.911261474287396
TUR,L,4,Y1,2.0870757828862248
TUR,L,5,Y1,2.2627481296475325
TUR,L,6,Y1,2.4365799633306215
TUR,L,7,Y1,2.653165752777001
TUR,L,8,Y1,2.932305757547711
TUR,L,9,Y1,3.1446337746745576
TUR,L,10,Y1,3.30000307774425
TUR,L,0,Y2,0.0
TUR,L,1,Y2,0.7141244877837672
TUR,L,2,Y2,4.373177114085746
TUR,L,3,Y2,11.795052955023433
TUR,L,4,Y2,22.483878591527958
TUR,L,5,Y2,35.29937510862625
TUR,L,6,Y2,48.973297894275454
TUR,L,7,Y2,62.47736757371197
TUR,L,8,Y2,75.1631993823485
TUR,L,9,Y2,86.83288921522225
TUR,L,10,Y2,97.60304258363391
TUR,L,0,Y1_nocap,1.00511673509676
TUR,L,1,Y1_nocap,1.3196162839440422
TUR,L,2,Y1_nocap,1.539762012221717
TUR,L,3,Y1_nocap,1.6793562983083858
TUR,L,4,Y1_nocap,1.7610835453001052
TUR,L,5,Y1_nocap,1.8419703465891994
TUR,L,6,Y1_nocap,1.9204034096362168
TUR,L,7,Y1_nocap,2.0411592925932247
TUR,L,8,Y1_nocap,2.221413405699815
TUR,L,9,Y1_nocap,2.3282242923922967
TUR,L,10,Y1_nocap,2.376345977297481
TUR,L,0,Y2_nocap,0.0
TUR,L,1,Y2_nocap,0.7141244877837672
TUR,L,2,Y2_nocap,4.328546399952802
TUR,L,3,Y2_nocap,11.481992159432723
TUR,L,4,Y2_nocap,21.46789757962324
TUR,L,5,Y2_nocap,32.98932486521628
TUR,L,6,Y2_nocap,44.70976693938502
TUR,L,7,Y2_nocap,55.61940879374032
TUR,L,8,Y2_nocap,65.15057524453444
TUR,L,9,Y2_nocap,73.21776750467794
TUR,L,10,Y2_nocap,80.05007214314756
TWN,G,0,Z1,1.0
TWN,G,1,Z1,0.951229424500714
TWN,G,2,Z1,0.9048374180359595
TWN,G,3,Z1,0.8607079764250578
TWN,G,4,Z1,0.8187307530779818
TWN,G,5,Z1,0.7788007830714049
TWN,G,6,Z1,0.7408182206817179
TWN,G,7,Z1,0.7046880897187134
TWN,G,8,Z1,0.6703200460356393
TWN,G,9,Z1,0.6376281516217733
TWN,G,10,Z1,0.6065306597126334
TWN,G,0,Z2,0.0
TWN,G,1,Z2,0.4033030929939844
TWN,G,2,Z2,1.3012270785481157
TWN,G,3,Z2,1.771162555947687
TWN,G,4,Z2,1.693191909946864
TWN,G,5,Z2,1.333729559206957
TWN,G,6,Z2,0.9294864591381168
TWN,G,7,Z2,0.5952713611397467
TWN,G,8,Z2,0.35836235548868867
TWN,G,9,Z2,0.20578395158572896
TWN,G,10,Z2,0.11384541037455254
TWN,G,0,Y1,1.000000000000003
TWN,G,1,Y1,1.6604622265076
TWN,G,2,Y1,1.962217127469718
TWN,G,3,Y1,2.1222436179068467
TWN,G,4,Y1,2.4875003342526463
TWN,G,5,Y1,2.7794286785011564
TWN,G,6,Y1,3.032510649708985
TWN,G,7,Y1,3.268414060033187
TWN,G,8,Y1,3.6686913661100737
TWN,G,9,Y1,3.8633465545869052
TWN,G,10,Y1,4.131036338571448
TWN,G,0,Y2,0.0
TWN,G,1,Y2,0.4033030929939857
TWN,G,2,Y2,1.5872628612502857
TWN,G,3,Y2,2.848394337230924
TWN,G,4,Y2,3.5505203822155655
TWN,G,5,Y2,3.734294024331281
TWN,G,6,Y2,3.753014125196395
TWN,G,7,Y2,3.7226659368504573
TWN,G,8,Y2,3.663481435154978
TWN,G,9,Y2,3.663843932953709
TWN,G,10,Y2,3.752786842572445
TWN,G,0,Y1_nocap,1.000000000000003
TWN,G,1,Y1_nocap,1.6303824766456947
TWN,G,2,Y1_nocap,1.8854782402931523
TWN,G,3,Y1_nocap,1.9948678479192243
TWN,G,4,Y1_nocap,2.310207783889443
TWN,G,5,Y1_nocap,2.5466874826812607
TWN,G,6,Y1_nocap,2.7415991712874517
TWN,G,7,Y1_nocap,2.9180765748181083
TWN,G,8,Y1_nocap,3.2583261037685176
TWN,G,9,Y1_nocap,3.387473181301042
TWN,G,10,Y1_nocap,3.5909584798344243
TWN,G,0,Y2_nocap,0.0
TWN,G,1,Y2_nocap,0.4033030929939857
TWN,G,2,Y2_nocap,1.575131605094494
TWN,G,3,Y2_nocap,2.7898443294549784
TWN,G,4,Y2_nocap,3.4126898002863566
TWN,G,5,Y2_nocap,3.504726968601006
TWN,G,6,Y2_nocap,3.436207802277085
TWN,G,7,Y2_nocap,3.3275908624605677
TWN,G,8,Y2_nocap,3.199603778170202
TWN,G,9,Y2_nocap,3.1404627770628175
TWN,G,10,Y2_nocap,3.1763938976044477
TWN,L,0,Z1,1.0
TWN,L,1,Z1,0.7203306415985721
TWN,L,2,Z1,0.5188762332258106
TWN,L,3,Z1,0.3737624499897984
TWN,L,4,Z1,0.26923254540660574
TWN,L,5,Z1,0.19393645217195699
TWN,L,6,Z1,0.13969836902237656
TWN,L,7,Z1,0.10062901578816259
TWN,L,8,Z1,0.07248616350612
TWN,L,9,Z1,0.052214004665382424
TWN,L,10,Z1,0.03761134748104576
TWN,L,0,Z2,0.0
TWN,L,1,Z2,0.740818220597033
TWN,L,2,Z2,4.390493087748433
TWN,L,3,Z2,10.977380809231613
TWN,L,4,Z2,19.27642955356677
TWN,L,5,Z2,27.89127000261209
TWN,L,6,Z2,35.70455983137378
TWN,L,7,Z2,42.002554857162814
TWN,L,8,Z2,46.4475920417028
TWN,L,9,Z2,48.992818736873055
TWN,L,10,Z2,49.787068310950986
TWN,L,0,Y1,1.00511673509676
TWN,L,1,Y1,1.133601482697757
TWN,L,2,Y1,1.161107470986174
TWN,L,3,Y1,1.1206480105067302
TWN,L,4,Y1,1.0462412286226632
TWN,L,5,Y1,0.9989194264910128
TWN,L,6,Y1,0.9694276175330442
TWN,L,7,Y1,0.9973357511537873
TWN,L,8,Y1,1.087782187436319
TWN,L,9,Y1,1.0959565467257264
TWN,L,10,Y1,1.052640816986759
TWN,L,0,Y2,0.0
TWN,L,1,Y2,0.7446087911866811
TWN,L,2,Y2,4.716386182805469
TWN,L,3,Y2,13.08707091362781
TWN,L,4,Y2,25.59452219833388
TWN,L,5,Y2,41.13659251333748
TWN,L,6,Y2,58.3041500825241
TWN,L,7,Y2,75.8164714545429
TWN,L,8,Y2,92.73734389460505
TWN,L,9,Y2,108.61264319495683
TWN,L,10,Y2,123.37859730554966
TWN,L,0,Y1_nocap,1.00511673509676
TWN,L,1,Y1_nocap,1.1033678227240318
TWN,L,2,Y1_nocap,1.100079332565118
TWN,L,3,Y1_nocap,1.0313632779011312
TWN,L,4,Y1_nocap,0.933004826759747
TWN,L,5,Y1_nocap,0.8665869598790753
TWN,L,6,Y1_nocap,0.8215093549845731
TWN,L,7,Y1_nocap,0.8364220333638744
TWN,L,8,Y1_nocap,0.9144537036496608
TWN,L,9,Y1_nocap,0.9088493912695803
TWN,L,10,Y1_nocap,0.8530148569314377
TWN,L,0,Y2_nocap,0.0
TWN,L,1,Y2_nocap,0.7446087911866811
TWN,L,2,Y2_nocap,4.693988536621599
TWN,L,3,Y2_nocap,12.925253192430324
TWN,L,4,Y2_nocap,25.056732292131528
TWN,L,5,Y2_nocap,39.8876961070356
TWN,L,6,Y2_nocap,55.95435615926404
TWN,L,7,Y2_nocap,71.9696915769218
TWN,L,8,Y2_nocap,87.03040423539895
TWN,L,9,Y2_nocap,100.73984863395395
TWN,L,10,Y2_nocap,113.09911003013852
TZA,G,0,Z1,1.0
TZA,G,1,Z1,0.006737946999090608
TZA,G,2,Z1,4.539992976255413e-05
TZA,G,3,Z1,3.059023205025257e-07
TZA,G,4,Z1,2.061153622444848e-09
TZA,G,5,Z1,1.3887943865017012e-11
TZA,G,6,Z1,9.357622968882994e-14
TZA,G,7,Z1,6.3051167601806795e-16
TZA,G,8,Z1,4.248354255317519e-18
TZA,G,9,Z1,2.862518580569042e-20
TZA,G,10,Z1,1.9287498479786364e-22
TZA,G,0,Z2,0.0
TZA,G,1,Z2,0.4192754865778889
TZA,G,2,Z2,1.406335469161004
TZA,G,3,Z2,1.9900417099192544
TZA,G,4,Z2,1.9777794518203007
TZA,G,5,Z2,1.6195985195423956
TZA,G,6,Z2,1.1734121502869186
TZA,G,7,Z2,0.7812507034347617
TZA,G,8,Z2,0.48895144500532617
TZA,G,9,Z2,0.29189239024962593
TZA,G,10,Z2,0.16787835932825085
TZA,G,0,Y1,1.000000000000003
TZA,G,1,Y1,0.7353487620956765
TZA,G,2,Y1,0.4203676733883177
TZA,G,3,Y1,0.2978621641018378
TZA,G,4,Y1,0.5140282180202216
TZA,G,5,Y1,0.46790069434866605
TZA,G,6,Y1,0.44959090183824724
TZA,G,7,Y1,0.45054326881865403
TZA,G,8,Y1,0.6320371659261554
TZA,G,9,Y1,0.45597231383380493
TZA,G,10,Y1,0.5422418228854256
TZA,G,0,Y2,0.0
TZA,G,1,Y2,0.41927548657789016
TZA,G,2,Y2,1.7118241231865416
TZA,G,3,Y2,3.1888854017681116
TZA,G,4,Y2,4.135654046914224
TZA,G,5,Y2,4.516907834740747
TZA,G,6,Y2,4.676986577160326
TZA,G,7,Y2,4.751796158593769
TZA,G,8,Y2,4.775847487616507
TZA,G,9,Y2,4.848214310887473
TZA,G,10,Y2,5.014684247182716
TZA,G,0,Y1_nocap,1.000000000000003
TZA,G,1,Y1_nocap,0.6858909991440683
TZA,G,2,Y1_nocap,0.33923195251680544
TZA,G,3,Y1_nocap,0.20363119341300637
TZA,G,4,Y1_nocap,0.4140028451468395
TZA,G,5,Y1_nocap,0.3519393911631083
TZA,G,6,Y1_nocap,0.3214864517179334
TZA,G,7,Y1_nocap,0.31235293157531224
TZA,G,8,Y1_nocap,0.48467042035323854
TZA,G,9,Y1_nocap,0.2913232003820287
TZA,G,10,Y1_nocap,0.37065723535761075
TZA,G,0,Y2_nocap,0.0
TZA,G,1,Y2_nocap,0.41927548657789016
TZA,G,2,Y2_nocap,1.6910876955599523
TZA,G,3,Y2_nocap,3.0854526976069554
TZA,G,4,Y2_nocap,3.884316123108372
TZA,G,5,Y2_nocap,4.084867479278876
TZA,G,6,Y2_nocap,4.062526279837245
TZA,G,7,Y2_nocap,3.9643001268326907
TZA,G,8,Y2_nocap,3.8280271198095113
TZA,G,9,Y2_nocap,3.7540858016567795
TZA,G,10,Y2_nocap,3.7845448700755817
TZA,L,0,Z1,1.0
TZA,L,1,Z1,0.3193890023124869
TZA,L,2,Z1,0.10200933479816576
TZA,L,3,Z1,0.03258065966774661
TZA,L,4,Z1,0.010405904385964272
TZA,L,5,Z1,0.0033235314199922604
TZA,L,6,Z1,0.001061499384385531
TZA,L,7,Z1,0.0003390312293342138
TZA,L,8,Z1,0.00010828284608983047
TZA,L,9,Z1,3.45843501801875e-05
TZA,L,10,Z1,1.1045861099675771e-05
TZA,L,0,Z2,0.0
TZA,L,1,Z2,0.7408182206817178
TZA,L,2,Z2,4.390493088752209
TZA,L,3,Z2,10.97738081299617
TZA,L,4,Z2,19.27642956238092
TZA,L,5,Z2,27.891270018553698
TZA,L,6,Z2,35.70455985586265
TZA,L,7,Z2,42.002554890772736
TZA,L,8,Z2,46.44759208417912
TZA,L,9,Z2,48.99281878727748
TZA,L,10,Z2,49.78706836786383
TZA,L,0,Y1,1.00511673509676
TZA,L,1,Y1,0.7500854965035688
TZA,L,2,Y1,0.611075276159339
TZA,L,3,Y1,0.5124233451397058
TZA,L,4,Y1,0.44031822463497383
TZA,L,5,Y1,0.42719321932844656
TZA,L,6,Y1,0.43120918463626823
TZA,L,7,Y1,0.4852077655345661
TZA,L,8,Y1,0.577177858775056
TZA,L,9,Y1,0.555163708207028
TZA,L,10,Y1,0.5032293294943164
TZA,L,0,Y2,0.0
TZA,L,1,Y2,0.7446087912717992
TZA,L,2,Y2,4.73081522275304
TZA,L,3,Y2,13.192562648229345
TZA,L,4,Y2,25.95116382925199
TZA,L,5,Y2,41.98078315582012
TZA,L,6,Y2,59.92520316511017
TZA,L,7,Y2,78.52769610749378
TZA,L,8,Y2,96.85022893173657
TZA,L,9,Y2,114.41832257575076
TZA,L,10,Y2,131.13914406945108
TZA,L,0,Y1_nocap,1.00511673509676
TZA,L,1,Y1_nocap,0.700374671280459
TZA,L,2,Y1_nocap,0.5289816484082982
TZA,L,3,Y1_nocap,0.407893347391912
TZA,L,4,Y1_nocap,0.3203589043414222
TZA,L,5,Y1_nocap,0.29683410524419024
TZA,L,6,Y1_nocap,0.29208576290018434
TZA,L,7,Y1_nocap,0.33795265301097954
TZA,L,8,Y1_nocap,0.41989164438351373
TZA,L,9,Y1_nocap,0.3842491415864294
TZA,L,10,Y1_nocap,0.3210677417724685
TZA,L,0,Y2_nocap,0.0
TZA,L,1,Y2_nocap,0.7446087912717992
TZA,L,2,Y2_nocap,4.693988537662635
TZA,L,3,Y2_nocap,12.92525319662078
TZA,L,4,Y2_nocap,25.056732302745544
TZA,L,5,Y2_nocap,39.887696127807665
TZA,L,6,Y2_nocap,55.95435619372334
TZA,L,7,Y2_nocap,71.96969162789401
TZA,L,8,Y2_nocap,87.03040430475433
TZA,L,9,Y2_nocap,100.73984872260132
TZA,L,10,Y2_nocap,113.09911013821197
UGA,G,0,Z1,1.0
UGA,G,1,Z1,0.006737946999323255
UGA,G,2,Z1,4.539992976568926e-05
UGA,G,3,Z1,3.0590232053421246e-07
UGA,G,4,Z1,2.0611536227295174e-09
UGA,G,5,Z1,1.3887943867414634e-11
UGA,G,6,Z1,9.357622970821607e-14
UGA,G,7,Z1,6.30511676170457e-16
UGA,G,8,Z1,4.248354256491014e-18
UGA,G,9,Z1,2.862518581458586e-20
UGA,G,10,Z1,1.9287498486445975e-22
UGA,G,0,Z2,0.0
UGA,G,1,Z2,0.4124321549544888
UGA,G,2,Z2,1.3608022595232279
UGA,G,3,Z2,1.8941803032220954
UGA,G,4,Z2,1.8517827895235224
UGA,G,5,Z2,1.4916694656070726
UGA,G,6,Z2,1.0630871173672738
UGA,G,7,Z2,0.6962444424861489
UGA,G,8,Z2,0.4286374374469398
UGA,G,9,Z2,0.25170983479078096
UGA,G,10,Z2,0.14240497885596734
UGA,G,0,Y1,1.000000000000003
UGA,G,1,Y1,0.7473726528950779
UGA,G,2,Y1,0.4394624746527832
UGA,G,3,Y1,0.31914142206947615
UGA,G,4,Y1,0.5356056572112202
UGA,G,5,Y1,0.49222979181830595
UGA,G,6,Y1,0.4756088981291271
UGA,G,7,Y1,0.4776655104409997
UGA,G,8,Y1,0.6599889678123623
UGA,G,9,Y1,0.4866853476564542
UGA,G,10,Y1,0.5730604479870786
UGA,G,0,Y2,0.0
UGA,G,1,Y2,0.4124321549544901
UGA,G,2,Y2,1.6662638273099022
UGA,G,3,Y2,3.0812092316841007
UGA,G,4,Y2,3.976250261805162
UGA,G,5,Y2,4.336319647993442
UGA,G,6,Y2,4.498685948837097
UGA,G,7,Y2,4.58728753223372
UGA,G,8,Y2,4.629529021713233
UGA,G,9,Y2,4.719454251227575
UGA,G,10,Y2,4.897073274389276
UGA,G,0,Y1_nocap,1.000000000000003
UGA,G,1,Y1_nocap,0.685890999144301
UGA,G,2,Y1_nocap,0.3392319525169666
UGA,G,3,Y1_nocap,0.20363119341308636
UGA,G,4,Y1_nocap,0.41400284514688745
UGA,G,5,Y1_nocap,0.3519393911632049
UGA,G,6,Y1_nocap,0.3214864517180159
UGA,G,7,Y1_nocap,0.31235293157538757
UGA,G,8,Y1_nocap,0.4846704203533117
UGA,G,9,Y1_nocap,0.29132320038214193
UGA,G,10,Y1_nocap,0.3706572353576793
UGA,G,0,Y2_nocap,0.0
UGA,G,1,Y2_nocap,0.4124321549544901
UGA,G,2,Y2_nocap,1.6409068163633036
UGA,G,3,Y2_nocap,2.9563774222999495
UGA,G,4,Y2_nocap,3.676601132063243
UGA,G,5,Y2_nocap,3.8272995039798414
UGA,G,6,Y2_nocap,3.7826790267812274
UGA,G,7,Y2_nocap,3.678553935107165
UGA,G,8,Y2_nocap,3.5451938612279656
UGA,G,9,Y2_nocap,3.4774872114513067
UGA,G,10,Y2_nocap,3.510407723524926
UGA,L,0,Z1,1.0
UGA,L,1,Z1,0.2897058992612878
UGA,L,2,Z1,0.08392950806679143
UGA,L,3,Z1,0.024314873609047327
UGA,L,4,Z1,0.007044162324333609
UGA,L,5,Z1,0.002040735380713551
UGA,L,6,Z1,0.0005912130786239463
UGA,L,7,Z1,0.0001712779165977846
UGA,L,8,Z1,4.962022285156108e-05
UGA,L,9,Z1,1.4375271282757015e-05
UGA,L,10,Z1,4.164600894096082e-06
UGA,L,0,Z2,0.0
UGA,L,1,Z2,0.7408182206817179
UGA,L,2,Z2,4.390493088752212
UGA,L,3,Z2,10.977380812996177
UGA,L,4,Z2,19.276429562380937
UGA,L,5,Z2,27.891270018553726
UGA,L,6,Z2,35.7045598558627
UGA,L,7,Z2,42.00255489077279
UGA,L,8,Z2,46.447592084179206
UGA,L,9,Z2,48.99281878727759
UGA,L,10,Z2,49.787068367863945
UGA,L,0,Y1,1.00511673509676
UGA,L,1,Y1,0.7323359267404272
UGA,L,2,Y1,0.5991327640037252
UGA,L,3,Y1,0.508420741569974
UGA,L,4,Y1,0.4426351184773472
UGA,L,5,Y1,0.43383924971882315
UGA,L,6,Y1,0.43983428681644654
UGA,L,7,Y1,0.49458109532326433
UGA,L,8,Y1,0.5859578837922405
UGA,L,9,Y1,0.5625234089926379
UGA,L,10,Y1,0.5113799593193546
UGA,L,0,Y2,0.0
UGA,L,1,Y2,0.7446087912717994
UGA,L,2,Y2,4.739768317547396
UGA,L,3,Y2,13.257079963573807
UGA,L,4,Y2,26.16476214134582
UGA,L,5,Y2,42.47460442986608
UGA,L,6,Y2,60.84969021623832
UGA,L,7,Y2,80.03281519511941
UGA,L,8,Y2,99.06971064015805
UGA,L,9,Y2,117.46006019491409
UGA,L,10,Y2,135.0826600953588
UGA,L,0,Y1_nocap,1.00511673509676
UGA,L,1,Y1_nocap,0.6705396876540971
UGA,L,2,Y1_nocap,0.49954898410530973
UGA,L,3,Y1_nocap,0.3836647141304624
UGA,L,4,Y1_nocap,0.3012321860900093
UGA,L,5,Y1_nocap,0.2817837357623117
UGA,L,6,Y1_nocap,0.27891462474014833
UGA,L,7,Y1_nocap,0.3254668847860773
UGA,L,8,Y1_nocap,0.4062429602461994
UGA,L,9,Y1_nocap,0.3678313503241223
UGA,L,10,Y1_nocap,0.3049057039238929
UGA,L,0,Y2_nocap,0.0
UGA,L,1,Y2_nocap,0.7446087912717994
UGA,L,2,Y2_nocap,4.693988537662639
UGA,L,3,Y2_nocap,12.925253196620789
UGA,L,4,Y2_nocap,25.056732302745566
UGA,L,5,Y2_nocap,39.8876961278077
UGA,L,6,Y2_nocap,55.954356193723406
UGA,L,7,Y2_nocap,71.9696916278941
UGA,L,8,Y2_nocap,87.03040430475446
UGA,L,9,Y2_nocap,100.7398487226015
UGA,L,10,Y2_nocap,113.09911013821221
UKR,G,0,Z1,1.0
UKR,G,1,Z1,0.0067379502147660265
UKR,G,2,Z1,4.539997309666554e-05
UKR,G,3,Z1,3.0590275847704944e-07
UKR,G,4,Z1,2.0611575571779553e-09
UKR,G,5,Z1,1.3887977005053796e-11
UKR,G,6,Z1,9.357649764386803e-14
UKR,G,7,Z1,6.305137823965543e-16
UKR,G,8,Z1,4.2483704755117956e-18
UKR,G,9,Z1,2.8625308757880295e-20
UKR,G,10,Z1,1.9287590529290301e-22
UKR,G,0,Z2,0.0
UKR,G,1,Z2,0.45233029429189314
UKR,G,2,Z2,1.6368215610735253
UKR,G,3,Z2,2.4987959271799998
UKR,G,4,Z2,2.6791848227951722
UKR,G,5,Z2,2.3669462096822538
UKR,G,6,Z2,1.8500684698344756
UKR,G,7,Z2,1.3288741263388448
UKR,G,8,Z2,0.897253914337
UKR,G,9,Z2,0.5778679446783155
UKR,G,10,Z2,0.358555799009868
UKR,G,0,Y1,1.000000000000003
UKR,G,1,Y1,0.6931292042750038
UKR,G,2,Y1,0.35136969635198756
UKR,G,3,Y1,0.21811523641660016
UKR,G,4,Y1,0.4298305869874082
UKR,G,5,Y1,0.3706214643951583
UKR,G,6,Y1,0.34254796469395754
UKR,G,7,Y1,0.3355520665832886
UKR,G,8,Y1,0.5099218480740833
UKR,G,9,Y1,0.3198557382393149
UKR,G,10,Y1,0.4010418958715117
UKR,G,0,Y2,0.0
UKR,G,1,Y2,0.45233029429189453
UKR,G,2,Y2,1.9472971190219792
UKR,G,3,Y2,3.779118584678698
UKR,G,4,Y2,5.05941082093657
UKR,G,5,Y2,5.6191475111383005
UKR,G,6,Y2,5.810184729876608
UKR,G,7,Y2,5.823494360335535
UKR,G,8,Y2,5.735329732120972
UKR,G,9,Y2,5.677523211787755
UKR,G,10,Y2,5.733705479063647
UKR,G,0,Y1_nocap,1.000000000000003
UKR,G,1,Y1_nocap,0.6858910023597438
UKR,G,2,Y1_nocap,0.3392319547440753
UKR,G,3,Y1_nocap,0.20363119451887346
UKR,G,4,Y1_nocap,0.4140028458091027
UKR,G,5,Y1_nocap,0.35193939249886935
UKR,G,6,Y1_nocap,0.3214864528586565
UKR,G,7,Y1_nocap,0.31235293261679453
UKR,G,8,Y1_nocap,0.48467042136468164
UKR,G,9,Y1_nocap,0.2913232019473865
UKR,G,10,Y1_nocap,0.370657236304959
UKR,G,0,Y2_nocap,0.0
UKR,G,1,Y2_nocap,0.45233029429189453
UKR,G,2,Y2_nocap,1.9440230610195055
UKR,G,3,Y2_nocap,3.7618027319266716
UKR,G,4,Y2_nocap,5.015021965365822
UKR,G,5,Y2_nocap,5.538858009272463
UKR,G,6,Y2_nocap,5.6905257294066285
UKR,G,7,Y2_nocap,5.663722026494423
UKR,G,8,Y2_nocap,5.535998730074117
UKR,G,9,Y2_nocap,5.439913696162299
UKR,G,10,Y2_nocap,5.458857090625531
UKR,L,0,Z1,1.0
UKR,L,1,Z1,0.9257283827737688
UKR,L,2,Z1,0.8569730386729374
UKR,L,3,Z1,0.7933242651714207
UKR,L,4,Z1,0.7344027890123278
UKR,L,5,Z1,0.6798575061769275
UKR,L,6,Z1,0.6293633897097746
UKR,L,7,Z1,0.5826195529330469
UKR,L,8,Z1,0.5393474565090857
UKR,L,9,Z1,0.49928924866730146
UKR,L,10,Z1,0.4622062287051111
UKR,L,0,Z2,0.0
UKR,L,1,Z2,0.24970250379250059
UKR,L,2,Z2,0.4988107232019502
UKR,L,3,Z2,0.4203707169445028
UKR,L,4,Z2,0.24881213758125256
UKR,L,5,Z2,0.12134572993750568
UKR,L,6,Z2,0.05235897471538823
UKR,L,7,Z2,0.02076129309850535
UKR,L,8,Z2,0.007738434975969019
UKR,L,9,Z2,0.002751272467448356
UKR,L,10,Z2,0.0009423863151402281
UKR,L,0,Y1,1.00511673509676
UKR,L,1,Y1,1.3170917676073322
UKR,L,2,Y1,1.5345145622313117
UKR,L,3,Y1,1.6715619980477856
UKR,L,4,Y1,1.7511914683295022
UKR,L,5,Y1,1.8305921754845862
UKR,L,6,Y1,1.9081344126643964
UKR,L,7,Y1,2.0285830151637203
UKR,L,8,Y1,2.2089888543789638
UKR,L,9,Y1,2.316268831420794
UKR,L,10,Y1,2.3654032912911043
UKR,L,0,Y2,0.0
UKR,L,1,Y2,0.2509801653574045
UKR,L,2,Y2,0.597904655047436
UKR,L,3,Y2,0.6940927236413604
UKR,L,4,Y2,0.6325394298373455
UKR,L,5,Y2,0.5267787135967691
UKR,L,6,Y2,0.43745100061338615
UKR,L,7,Y2,0.3852791935718414
UKR,L,8,Y2,0.37348822518884456
UKR,L,9,Y2,0.40548288962281215
UKR,L,10,Y2,0.4419773083808148
UKR,L,0,Y1_nocap,1.00511673509676
UKR,L,1,Y1_nocap,1.3098165297302948
UKR,L,2,Y1_nocap,1.5178240187006724
UKR,L,3,Y1_nocap,1.644035200632127
UKR,L,4,Y1_nocap,1.7120123025723462
UKR,L,5,Y1_nocap,1.779373374553756
UKR,L,6,Y1_nocap,1.844496650550275
UKR,L,7,Y1_nocap,1.9521665739541474
UKR,L,8,Y1_nocap,2.1191292891210605
UKR,L,9,Y1_nocap,2.2118784979139954
UKR,L,10,Y1_nocap,2.2459414965677453
UKR,L,0,Y2_nocap,0.0
UKR,L,1,Y2_nocap,0.2509801653574045
UKR,L,2,Y2_nocap,0.5960880099338537
UKR,L,3,Y2_nocap,0.6879778064082613
UKR,L,4,Y2_nocap,0.6214997688739721
UKR,L,5,Y2_nocap,0.5113397681888884
UKR,L,6,Y2_nocap,0.4184496845696802
UKR,L,7,Y2_nocap,0.36341989295455523
UKR,L,8,Y2_nocap,0.34919495256480887
UKR,L,9,Y2_nocap,0.3788804915563909
UKR,L,10,Y2_nocap,0.4128716760387375
URY,G,0,Z1,1.0
URY,G,1,Z1,0.006737946999085479
URY,G,2,Z1,4.539992976248501e-05
URY,G,3,Z1,3.0590232050182743e-07
URY,G,4,Z1,2.0611536224385723e-09
URY,G,5,Z1,1.388794386496412e-11
URY,G,6,Z1,9.357622968840275e-14
URY,G,7,Z1,6.305116760147079e-16
URY,G,8,Z1,4.24835425529165e-18
URY,G,9,Z1,2.8625185805494346e-20
URY,G,10,Z1,1.928749847963945e-22
URY,G,0,Z2,0.0
URY,G,1,Z2,0.4702234715110161
URY,G,2,Z2,1.7688809052789711
URY,G,3,Z2,2.807221454898165
URY,G,4,Z2,3.1289396570605525
URY,G,5,Z2,2.873634507209964
URY,G,6,Z2,2.3349606805453544
URY,G,7,Z2,1.7435092025341765
URY,G,8,Z2,1.2237829221907761
URY,G,9,Z2,0.8193439648463174
URY,G,10,Z2,0.5284976179857824
URY,G,0,Y1,1.000000000000003
URY,G,1,Y1,0.7207926553096895
URY,G,2,Y1,0.3967831045694806
URY,G,3,Y1,0.27089621440011113
URY,G,4,Y1,0.4858902223764822
URY,G,5,Y1,0.4356206979897777
URY,G,6,Y1,0.4143599136097379
URY,G,7,Y1,0.4130161405319058
URY,G,8,Y1,0.5925168551124154
URY,G,9,Y1,0.41210168475825554
URY,G,10,Y1,0.49714193282376395
URY,G,0,Y2,0.0
URY,G,1,Y2,0.47022347151101757
URY,G,2,Y2,2.104646189069575
URY,G,3,Y2,4.254592205822034
URY,G,4,Y2,5.952845167726456
URY,G,5,Y2,6.910165644912259
URY,G,6,Y2,7.425720502477858
URY,G,7,Y2,7.693413927494088
URY,G,8,Y2,7.803612316504648
URY,G,9,Y2,7.904526341448852
URY,G,10,Y2,8.107500035021488
URY,G,0,Y1_nocap,1.000000000000003
URY,G,1,Y1_nocap,0.6858909991440632
URY,G,2,Y1_nocap,0.3392319525168019
URY,G,3,Y1_nocap,0.2036311934130046
URY,G,4,Y1_nocap,0.4140028451468385
URY,G,5,Y1_nocap,0.35193939116310613
URY,G,6,Y1_nocap,0.32148645171793155
URY,G,7,Y1_nocap,0.3123529315753106
URY,G,8,Y1_nocap,0.48467042035323693
URY,G,9,Y1_nocap,0.29132320038202614
URY,G,10,Y1_nocap,0.37065723535760925
URY,G,0,Y2_nocap,0.0
URY,G,1,Y2_nocap,0.47022347151101757
URY,G,2,Y2_nocap,2.0882346111458903
URY,G,3,Y2_nocap,4.165904010502597
URY,G,4,Y2_nocap,5.722036085548214
URY,G,5,Y2_nocap,6.488173907566928
URY,G,6,Y2_nocap,6.792868747246644
URY,G,7,Y2_nocap,6.846856780130013
URY,G,8,Y2_nocap,6.74935959110721
URY,G,9,Y2_nocap,6.653652940094297
URY,G,10,Y2_nocap,6.670609270076476
URY,L,0,Z1,1.0
URY,L,1,Z1,0.39845402802261887
URY,L,2,Z1,0.1587656124474499
URY,L,3,Z1,0.06326079779116446
URY,L,4,Z1,0.025206519695813865
URY,L,5,Z1,0.010043639305228516
URY,L,6,Z1,0.004001928537174597
URY,L,7,Z1,0.0015945845454958844
URY,L,8,Z1,0.0006353686351754524
URY,L,9,Z1,0.0002531651919648929
URY,L,10,Z1,0.00010087469049353115
URY,L,0,Z2,0.0
URY,L,1,Z2,0.6278849095827057
URY,L,2,Z2,3.15391567745346
URY,L,3,Z2,6.6834992023965345
URY,L,4,Z2,9.947184100486716
URY,L,5,Z2,12.198607010813731
URY,L,6,Z2,13.235307137314107
URY,L,7,Z2,13.19636861781319
URY,L,8,Z2,12.368308941121965
URY,L,9,Z2,11.057270586964002
URY,L,10,Z2,9.523584832273531
URY,L,0,Y1,1.00511673509676
URY,L,1,Y1,0.8149244904772321
URY,L,2,Y1,0.6770240262783516
URY,L,3,Y1,0.5646478526661596
URY,L,4,Y1,0.47728396367688575
URY,L,5,Y1,0.4512422102813421
URY,L,6,Y1,0.4479615312114902
URY,L,7,Y1,0.49830487693362513
URY,L,8,Y1,0.5914172227968981
URY,L,9,Y1,0.5746041529039889
URY,L,10,Y1,0.5215570476122926
URY,L,0,Y2,0.0
URY,L,1,Y2,0.6310976303362935
URY,L,2,Y2,3.4302688256295117
URY,L,3,Y2,8.24599216074965
URY,L,4,Y2,14.064257682981623
URY,L,5,Y2,19.826599201020414
URY,L,6,Y2,24.793559456848833
URY,L,7,Y2,28.65802548362738
URY,L,8,Y2,31.46181425859996
URY,L,9,Y2,33.51398229810217
URY,L,10,Y2,35.184438344344855
URY,L,0,Y1_nocap,1.00511673509676
URY,L,1,Y1_nocap,0.7798442517825682
URY,L,2,Y1_nocap,0.6160217642561461
URY,L,3,Y1_nocap,0.48439877978263246
URY,L,4,Y1_nocap,0.38309290004165025
URY,L,5,Y1_nocap,0.347159903533124
URY,L,6,Y1_nocap,0.33560747610463976
URY,L,7,Y1_nocap,0.37838782329700654
URY,L,8,Y1_nocap,0.46272343605688204
URY,L,9,Y1_nocap,0.43451438516476093
URY,L,10,Y1_nocap,0.37147679880441997
URY,L,0,Y2_nocap,0.0
URY,L,1,Y2_nocap,0.6310976303362935
URY,L,2,Y2_nocap,3.4082424731285728
URY,L,3,Y2_nocap,8.10582613506423
URY,L,4,Y2_nocap,13.646362508093501
URY,L,5,Y2_nocap,18.947860047592506
URY,L,6,Y2_nocap,23.285968444579716
URY,L,7,Y2_nocap,26.393404669506317
URY,L,8,Y2_nocap,28.359672975078368
URY,L,9,Y2_nocap,29.536631781177967
URY,L,10,Y2_nocap,30.32313022797523
USA,G,0,Z1,1.0
USA,G,1,Z1,0.006737946999111631
USA,G,2,Z1,4.539992976283744e-05
USA,G,3,Z1,3.0590232050538936e-07
USA,G,4,Z1,2.0611536224705727e-09
USA,G,5,Z1,1.3887943865233662e-11
USA,G,6,Z1,9.357622969058195e-14
USA,G,7,Z1,6.305116760318396e-16
USA,G,8,Z1,4.2483542554235636e-18
USA,G,9,Z1,2.862518580649423e-20
USA,G,10,Z1,1.9287498480388133e-22
USA,G,0,Z2,0.0
USA,G,1,Z2,0.47296968239241466
USA,G,2,Z2,1.7896025636990527
USA,G,3,Z2,2.8566936770446976
USA,G,4,Z2,3.2026773359982217
USA,G,5,Z2,2.958533754711843
USA,G,6,Z2,2.4179848191013793
USA,G,7,Z2,1.8160476601323159
USA,G,8,Z2,1.2821427648145831
USA,G,9,Z2,0.8634302429896225
USA,G,10,Z2,0.5601870065772386
USA,G,0,Y1,1.000000000000003
USA,G,1,Y1,0.7100776039036634
USA,G,2,Y1,0.37906658605105586
USA,G,3,Y1,0.2501203271070514
USA,G,4,Y1,0.4636077630435683
USA,G,5,Y1,0.40962700253865125
USA,G,6,Y1,0.385441072883787
USA,G,7,Y1,0.3815940965041816
USA,G,8,Y1,0.5587714672485387
USA,G,9,Y1,0.3742627570144893
USA,G,10,Y1,0.45741489301464905
USA,G,0,Y2,0.0
USA,G,1,Y2,0.4729696823924161
USA,G,2,Y2,2.122260897839194
USA,G,3,Y2,4.292416225987839
USA,G,4,Y2,5.998810834955146
USA,G,5,Y2,6.941833523112214
USA,G,6,Y2,7.423685924838986
USA,G,7,Y2,7.644959955829677
USA,G,8,Y2,7.701627425528019
USA,G,9,Y2,7.746571868183174
USA,G,10,Y2,7.895415867817832
USA,G,0,Y1_nocap,1.000000000000003
USA,G,1,Y1_nocap,0.6858909991440894
USA,G,2,Y1_nocap,0.33923195251682
USA,G,3,Y1_nocap,0.2036311934130136
USA,G,4,Y1_nocap,0.4140028451468438
USA,G,5,Y1_nocap,0.351939391163117
USA,G,6,Y1_nocap,0.3214864517179408
USA,G,7,Y1_nocap,0.31235293157531907
USA,G,8,Y1_nocap,0.48467042035324515
USA,G,9,Y1_nocap,0.29132320038203885
USA,G,10,Y1_nocap,0.37065723535761697
USA,G,0,Y2_nocap,0.0
USA,G,1,Y2_nocap,0.4729696823924161
USA,G,2,Y2_nocap,2.1108213670679072
USA,G,3,Y2_nocap,4.230368321084056
USA,G,4,Y2_nocap,5.836859595822984
USA,G,5,Y2_nocap,6.645011630699238
USA,G,6,Y2_nocap,6.977696108250967
USA,G,7,Y2_nocap,7.04756134165685
USA,G,8,Y2_nocap,6.957023060619763
USA,G,9,Y2_nocap,6.862680832677433
USA,G,10,Y2_nocap,6.879941034807906
USA,L,0,Z1,1.0
USA,L,1,Z1,0.9037239867068307
USA,L,2,Z1,0.8167170441492879
USA,L,3,Z1,0.7380867831500131
USA,L,4,Z1,0.6670267302039499
USA,L,5,Z1,0.6028080558599351
USA,L,6,Z1,0.5447720994607345
USA,L,7,Z1,0.49232361357130505
USA,L,8,Z1,0.4449246588065729
USA,L,9,Z1,0.40208908644085245
USA,L,10,Z1,0.36337755220963464
USA,L,0,Z2,0.0
USA,L,1,Z2,0.2122921237144258
USA,L,2,Z2,0.3605435663294485
USA,L,3,Z2,0.25832438793332396
USA,L,4,Z2,0.12999166322155742
USA,L,5,Z2,0.053898840332958685
USA,L,6,Z2,0.019772293155889315
USA,L,7,Z2,0.006665477879330587
USA,L,8,Z2,0.0021122290633883507
USA,L,9,Z2,0.0006384581909416703
USA,L,10,Z2,0.00018592543931121754
USA,L,0,Y1,1.00511673509676
USA,L,1,Y1,1.3120099042067368
USA,L,2,Y1,1.5235239243396275
USA,L,3,Y1,1.65444444582379
USA,L,4,Y1,1.7281749644350062
USA,L,5,Y1,1.8021662838595067
USA,L,6,Y1,1.8747190872004604
USA,L,7,Y1,1.9905433479292673
USA,L,8,Y1,2.166413439118361
USA,L,9,Y1,2.268921294930803
USA,L,10,Y1,2.3134407360881863
USA,L,0,Y2,0.0
USA,L,1,Y2,0.21337836627460113
USA,L,2,Y2,0.448082593300933
USA,L,3,Y2,0.47690228856441114
USA,L,4,Y2,0.41566674505087625
USA,L,5,Y2,0.34347044615943645
USA,L,6,Y2,0.29229696787085585
USA,L,7,Y2,0.26806945015677575
USA,L,8,Y2,0.27045964972741854
USA,L,9,Y2,0.3014576323768052
USA,L,10,Y2,0.32764651087164426
USA,L,0,Y1_nocap,1.00511673509676
USA,L,1,Y1_nocap,1.287699542997718
USA,L,2,Y1_nocap,1.4690146455815583
USA,L,3,Y1_nocap,1.5665261985008585
USA,L,4,Y1_nocap,1.6057895564579105
USA,L,5,Y1_nocap,1.6457055341789983
USA,L,6,Y1_nocap,1.6845437804676615
USA,L,7,Y1_nocap,1.7670262936750394
USA,L,8,Y1_nocap,1.9088573304452803
USA,L,9,Y1_nocap,1.9752205249319965
USA,L,10,Y1_nocap,1.9833969592184517
USA,L,0,Y2_nocap,0.0
USA,L,1,Y2_nocap,0.21337836627460113
USA,L,2,Y2_nocap,0.4429216950916056
USA,L,3,Y2_nocap,0.46122948119038376
USA,L,4,Y2_nocap,0.38944835016582435
USA,L,5,Y2_nocap,0.3088530412142329
USA,L,6,Y2_nocap,0.251556770287097
USA,L,7,Y2_nocap,0.2228305620608746
USA,L,8,Y2_nocap,0.22159195017020714
USA,L,9,Y2_nocap,0.24913231297759358
USA,L,10,Y2_nocap,0.27133203476376394
UZB,G,0,Z1,1.0
UZB,G,1,Z1,0.951229424500714
UZB,G,2,Z1,0.9048374180359595
UZB,G,3,Z1,0.8607079764250578
UZB,G,4,Z1,0.8187307530779818
UZB,G,5,Z1,0.7788007830714049
UZB,G,6,Z1,0.7408182206817179
UZB,G,7,Z1,0.7046880897187134
UZB,G,8,Z1,0.6703200460356393
UZB,G,9,Z1,0.6376281516217733
UZB,G,10,Z1,0.6065306597126334
UZB,G,0,Z2,0.0
UZB,G,1,Z2,0.40494390165871746
UZB,G,2,Z2,1.31183650792468
UZB,G,3,Z2,1.7928681542686136
UZB,G,4,Z2,1.7209150235240194
UZB,G,5,Z2,1.3610821172830463
UZB,G,6,Z2,0.9524077684712725
UZB,G,7,Z2,0.6124324036252153
UZB,G,8,Z2,0.3701935647738345
UZB,G,9,Z2,0.21344269474627228
UZB,G,10,Z2,0.1185628499192128
UZB,G,0,Y1,1.000000000000003
UZB,G,1,Y1,1.7026503637310906
UZB,G,2,Y1,2.071799793237927
UZB,G,3,Y1,2.3077274635479035
UZB,G,4,Y1,2.7509086002867975
UZB,G,5,Y1,3.131348240805255
UZB,G,6,Y1,3.4797985420575728
UZB,G,7,Y1,3.8158894225933206
UZB,G,8,Y1,4.320178125500011
UZB,G,9,Y1,4.629394625370742
UZB,G,10,Y1,5.012887276345307
UZB,G,0,Y2,0.0
UZB,G,1,Y2,0.40494390165871874
UZB,G,2,Y2,1.6161198348446895
UZB,G,3,Y2,2.9617206185220035
UZB,G,4,Y2,3.79776546319725
UZB,G,5,Y2,4.132018226460242
UZB,G,6,Y2,4.294888091407726
UZB,G,7,Y2,4.397826289513444
UZB,G,8,Y2,4.460952870118454
UZB,G,9,Y2,4.573093379209819
UZB,G,10,Y2,4.767938228412173
UZB,G,0,Y1_nocap,1.000000000000003
UZB,G,1,Y1_nocap,1.6303824766456947
UZB,G,2,Y1_nocap,1.8854782402931523
UZB,G,3,Y1_nocap,1.9948678479192243
UZB,G,4,Y1_nocap,2.310207783889443
UZB,G,5,Y1_nocap,2.5466874826812607
UZB,G,6,Y1_nocap,2.7415991712874517
UZB,G,7,Y1_nocap,2.9180765748181083
UZB,G,8,Y1_nocap,3.2583261037685176
UZB,G,9,Y1_nocap,3.387473181301042
UZB,G,10,Y1_nocap,3.5909584798344243
UZB,G,0,Y2_nocap,0.0
UZB,G,1,Y2_nocap,0.40494390165871874
UZB,G,2,Y2_nocap,1.5868553946836976
UZB,G,3,Y2_nocap,2.8193043858529103
UZB,G,4,Y2_nocap,3.4590347325921846
UZB,G,5,Y2_nocap,3.5609838926960293
UZB,G,6,Y2_nocap,3.496303117720774
UZB,G,7,Y2_nocap,3.388237643074331
UZB,G,8,Y2_nocap,3.259179488330498
UZB,G,9,Y2_nocap,3.1984894040267413
UZB,G,10,Y2_nocap,3.2339071690120975
UZB,L,0,Z1,1.0
UZB,L,1,Z1,0.7874408405992391
UZB,L,2,Z1,0.6200630774436363
UZB,L,3,Z1,0.4882629909267681
UZB,L,4,Z1,0.38447822000887294
UZB,L,5,Z1,0.3027538527558861
UZB,L,6,Z1,0.23840074830875324
UZB,L,7,Z1,0.18772648564773226
UZB,L,8,Z1,0.1478235016611913
UZB,L,9,Z1,0.1164022624084115
UZB,L,10,Z1,0.09165989535853276
UZB,L,0,Z2,0.0
UZB,L,1,Z2,0.7241898062882092
UZB,L,2,Z2,4.195607004254032
UZB,L,3,Z2,10.25465340489361
UZB,L,4,Z2,17.603118134145493
UZB,L,5,Z2,24.898434983662668
UZB,L,6,Z2,31.15790117170256
UZB,L,7,Z2,35.83116853685963
UZB,L,8,Z2,38.73372100558523
UZB,L,9,Z2,39.93918466746728
UZB,L,10,Z2,39.67565213668334
UZB,L,0,Y1,1.00511673509676
UZB,L,1,Y1,1.2434590695548904
UZB,L,2,Y1,1.3807028014508362
UZB,L,3,Y1,1.4394669304927998
UZB,L,4,Y1,1.4482362442100976
UZB,L,5,Y1,1.4668069691893582
UZB,L,6,Y1,1.4913711808890104
UZB,L,7,Y1,1.5650985894582563
UZB,L,8,Y1,1.7005042752746289
UZB,L,9,Y1,1.7597134136607118
UZB,L,10,Y1,1.763719298075098
UZB,L,0,Y2,0.0
UZB,L,1,Y2,0.7278952936867599
UZB,L,2,Y2,4.544400714644252
UZB,L,3,Y2,12.494292511308101
UZB,L,4,Y2,24.26802840685032
UZB,L,5,Y2,38.80584599612245
UZB,L,6,Y2,54.80878526110591
UZB,L,7,Y2,71.13679211349358
UZB,L,8,Y2,86.99084930351991
UZB,L,9,Y2,102.02387412336338
UZB,L,10,Y2,116.23551414951739
UZB,L,0,Y1_nocap,1.00511673509676
UZB,L,1,Y1_nocap,1.1708214068352762
UZB,L,2,Y1_nocap,1.22724227369305
UZB,L,3,Y1_nocap,1.2053231140809477
UZB,L,4,Y1_nocap,1.139202901213613
UZB,L,5,Y1_nocap,1.0915698845494013
UZB,L,6,Y1_nocap,1.0568269216363178
UZB,L,7,Y1_nocap,1.0768523521498161
UZB,L,8,Y1_nocap,1.159910805087598
UZB,L,9,Y1_nocap,1.163501507585748
UZB,L,10,Y1_nocap,1.1145313969735526
UZB,L,0,Y2_nocap,0.0
UZB,L,1,Y2_nocap,0.7278952936867599
UZB,L,2,Y2_nocap,4.491797259750106
UZB,L,3,Y2_nocap,12.119820983699519
UZB,L,4,Y2_nocap,23.03722135593756
UZB,L,5,Y2_nocap,35.974405908681064
UZB,L,6,Y2_nocap,49.52528336628414
UZB,L,7,Y2_nocap,62.54987328156254
UZB,L,8,Y2_nocap,74.33161218182978
UZB,L,9,Y2_nocap,84.65335357720639
UZB,L,10,Y2_nocap,93.65359446112869
VCT,G,0,Z1,1.0
VCT,G,1,Z1,0.006737946999085479
VCT,G,2,Z1,4.539992976248501e-05
VCT,G,3,Z1,3.0590232050182743e-07
VCT,G,4,Z1,2.0611536224385723e-09
VCT,G,5,Z1,1.388794386496412e-11
VCT,G,6,Z1,9.357622968840275e-14
VCT,G,7,Z1,6.305116760147079e-16
VCT,G,8,Z1,4.24835425529165e-18
VCT,G,9,Z1,2.8625185805494346e-20
VCT,G,10,Z1,1.928749847963945e-22
VCT,G,0,Z2,0.0
VCT,G,1,Z2,0.48396845690694534
VCT,G,2,Z2,1.8738037382471182
VCT,G,3,Z2,3.0606589251424925
VCT,G,4,Z2,3.511140449468875
VCT,G,5,Z2,3.3189086431894714
VCT,G,6,Z2,2.7755949795716734
VCT,G,7,Z2,2.1331113139206233
VCT,G,8,Z2,1.5410134069870618
VCT,G,9,Z2,1.0618936933508412
VCT,G,10,Z2,0.7049698932376178
VCT,G,0,Y1,1.000000000000003
VCT,G,1,Y1,0.7122204264638535
VCT,G,2,Y1,0.38261925434020383
VCT,G,3,Y1,0.25430036697862757
VCT,G,4,Y1,0.4681066886322122
VCT,G,5,Y1,0.4148862577188108
VCT,G,6,Y1,0.39130596794549444
VCT,G,7,Y1,0.38798193922645446
VCT,G,8,Y1,0.5656475185475631
VCT,G,9,Y1,0.38198203531978064
VCT,G,10,Y1,0.4655389130682116
VCT,G,0,Y2,0.0
VCT,G,1,Y2,0.48396845690694684
VCT,G,2,Y2,2.2152350052085734
VCT,G,3,Y2,4.5654477646227765
VCT,G,4,Y2,6.500168535073948
VCT,G,5,Y2,7.649733736534357
VCT,G,6,Y2,8.287238053513354
VCT,G,7,Y2,8.616031223677696
VCT,G,8,Y2,8.742236931461717
VCT,G,9,Y2,8.830879678549447
VCT,G,10,Y2,9.015877563796108
VCT,G,0,Y1_nocap,1.000000000000003
VCT,G,1,Y1_nocap,0.6858909991440632
VCT,G,2,Y1_nocap,0.3392319525168019
VCT,G,3,Y1_nocap,0.2036311934130046
VCT,G,4,Y1_nocap,0.4140028451468385
VCT,G,5,Y1_nocap,0.35193939116310613
VCT,G,6,Y1_nocap,0.32148645171793155
VCT,G,7,Y1_nocap,0.3123529315753106
VCT,G,8,Y1_nocap,0.48467042035323693
VCT,G,9,Y1_nocap,0.29132320038202614
VCT,G,10,Y1_nocap,0.37065723535760925
VCT,G,0,Y2_nocap,0.0
VCT,G,1,Y2_nocap,0.48396845690694684
VCT,G,2,Y2_nocap,2.202492392897371
VCT,G,3,Y2_nocap,4.495199358818603
VCT,G,4,Y2_nocap,6.314235476810072
VCT,G,5,Y2_nocap,7.30462104647398
VCT,G,6,Y2_nocap,7.762922652709811
VCT,G,7,Y2_nocap,7.907260927174056
VCT,G,8,Y2_nocap,7.852225756571296
VCT,G,9,Y2_nocap,7.767968810123486
VCT,G,10,Y2_nocap,7.788860384772221
VCT,L,0,Z1,1.0
VCT,L,1,Z1,0.7942183195078802
VCT,L,2,Z1,0.6307827390419213
VCT,L,3,Z1,0.5009792069764525
VCT,L,4,Z1,0.3978868638732285
VCT,L,5,Z1,0.3160090363796562
VCT,L,6,Z1,0.2509801658227552
VCT,L,7,Z1,0.19933304552955772
VCT,L,8,Z1,0.1583139564428731
VCT,L,9,Z1,0.1257358444407024
VCT,L,10,Z1,0.0998617110735989
VCT,L,0,Z2,0.0
VCT,L,1,Z2,0.2660549967251567
VCT,L,2,Z2,0.5662820902593853
VCT,L,3,Z2,0.5084848563844803
VCT,L,4,Z2,0.3206754057485385
VCT,L,5,Z2,0.16663533989505022
VCT,L,6,Z2,0.07660943679180608
VCT,L,7,Z2,0.03236637474529029
VCT,L,8,Z2,0.012854089481498725
VCT,L,9,Z2,0.004869342308097179
VCT,L,10,Z2,0.0017771095361240907
VCT,L,0,Y1,1.00511673509676
VCT,L,1,Y1,1.2040977123327516
VCT,L,2,Y1,1.2970520309080422
VCT,L,3,Y1,1.3112209825516554
VCT,L,4,Y1,1.2783029392429937
VCT,L,5,Y1,1.2598156856066207
VCT,L,6,Y1,1.2511162161377423
VCT,L,7,Y1,1.2947590483305378
VCT,L,8,Y1,1.4010063314244974
VCT,L,9,Y1,1.4294810304934662
VCT,L,10,Y1,1.4043506416647598
VCT,L,0,Y2,0.0
VCT,L,1,Y2,0.2674163296645687
VCT,L,2,Y2,0.6771488706615819
VCT,L,3,Y2,0.8315471389433906
VCT,L,4,Y2,0.7964020872105534
VCT,L,5,Y2,0.6930819917252039
VCT,L,6,Y2,0.5960381282620492
VCT,L,7,Y2,0.5361502422434201
VCT,L,8,Y2,0.5213128896885889
VCT,L,9,Y2,0.5576367326042011
VCT,L,10,Y2,0.6049156712363088
VCT,L,0,Y1_nocap,1.00511673509676
VCT,L,1,Y1_nocap,1.1776335643081166
VCT,L,2,Y1_nocap,1.240587831343964
VCT,L,3,Y1_nocap,1.2242400090770995
VCT,L,4,Y1_nocap,1.1623960977515446
VCT,L,5,Y1_nocap,1.1177112697634115
VCT,L,6,Y1_nocap,1.0849869805404382
VCT,L,7,Y1_nocap,1.106380208981364
VCT,L,8,Y1_nocap,1.190660714023435
VCT,L,9,Y1_nocap,1.1957849196031747
VCT,L,10,Y1_nocap,1.1480570811418485
VCT,L,0,Y2_nocap,0.0
VCT,L,1,Y2_nocap,0.2674163296645687
VCT,L,2,Y2_nocap,0.6701079518455536
VCT,L,3,Y2_nocap,0.8071304101628145
VCT,L,4,Y2_nocap,0.7516625844921511
VCT,L,5,Y2_nocap,0.630252975756134
VCT,L,6,Y2_nocap,0.5190041437584492
VCT,L,7,Y2_nocap,0.44838058690406346
VCT,L,8,Y2_nocap,0.4250752922107209
VCT,L,9,Y2_nocap,0.4538668228522303
VCT,L,10,Y2_nocap,0.4931418198191509
VEN,G,0,Z1,1.0
VEN,G,1,Z1,0.9512294245007138
VEN,G,2,Z1,0.9048374180359592
VEN,G,3,Z1,0.8607079764250574
VEN,G,4,Z1,0.8187307530779813
VEN,G,5,Z1,0.7788007830714041
VEN,G,6,Z1,0.740818220681717
VEN,G,7,Z1,0.7046880897187124
VEN,G,8,Z1,0.6703200460356382
VEN,G,9,Z1,0.6376281516217721
VEN,G,10,Z1,0.6065306597126322
VEN,G,0,Z2,0.0
VEN,G,1,Z2,0.40560661029046763
VEN,G,2,Z2,1.316133778490586
VEN,G,3,Z2,1.8016848919654376
VEN,G,4,Z2,1.732208122883907
VEN,G,5,Z2,1.3722559864073345
VEN,G,6,Z2,0.9617980592404474
VEN,G,7,Z2,0.6194828525611876
VEN,G,8,Z2,0.3750681226231236
VEN,G,9,Z2,0.21660712905689888
VEN,G,10,Z2,0.12051753550276907
VEN,G,0,Y1,1.000000000000003
VEN,G,1,Y1,1.6710444748596174
VEN,G,2,Y1,1.9911607257653239
VEN,G,3,Y1,2.173906141736886
VEN,G,4,Y1,2.5647513208293367
VEN,G,5,Y1,2.8871926980074827
VEN,G,6,Y1,3.17498823860121
VEN,G,7,Y1,3.449364526735227
VEN,G,8,Y1,3.8916212546573483
VEN,G,9,Y1,4.133414415554794
VEN,G,10,Y1,4.45126747055775
VEN,G,0,Y2,0.0
VEN,G,1,Y2,0.4056066102904689
VEN,G,2,Y2,1.608095521102726
VEN,G,3,Y2,2.911955108135162
VEN,G,4,Y2,3.671177072143063
VEN,G,5,Y2,3.912567548013855
VEN,G,6,Y2,3.9849230175231614
VEN,G,7,Y2,4.00573309416691
VEN,G,8,Y2,3.9964627805701225
VEN,G,9,Y2,4.046324524420336
VEN,G,10,Y2,4.186731312384193
VEN,G,0,Y1_nocap,1.000000000000003
VEN,G,1,Y1_nocap,1.6303824766456945
VEN,G,2,Y1_nocap,1.8854782402931516
VEN,G,3,Y1_nocap,1.9948678479192234
VEN,G,4,Y1_nocap,2.310207783889442
VEN,G,5,Y1_nocap,2.546687482681259
VEN,G,6,Y1_nocap,2.74159917128745
VEN,G,7,Y1_nocap,2.918076574818106
VEN,G,8,Y1_nocap,3.2583261037685145
VEN,G,9,Y1_nocap,3.387473181301039
VEN,G,10,Y1_nocap,3.5909584798344207
VEN,G,0,Y2_nocap,0.0
VEN,G,1,Y2_nocap,0.4056066102904689
VEN,G,2,Y2_nocap,1.5916027458395396
VEN,G,3,Y2_nocap,2.831261377207475
VEN,G,4,Y2_nocap,3.477887091308123
VEN,G,5,Y2_nocap,3.583916367266233
VEN,G,6,Y2_nocap,3.5208407458645348
VEN,G,7,Y2_nocap,3.4130281736306394
VEN,G,8,Y2_nocap,3.283549408093156
VEN,G,9,Y2_nocap,3.2222342332656204
VEN,G,10,Y2_nocap,3.2574409697180045
VEN,L,0,Z1,1.0
VEN,L,1,Z1,0.3451188543731412
VEN,L,2,Z1,0.11910702364382944
VEN,L,3,Z1,0.041106079547753055
VEN,L,4,Z1,0.014186483081291746
VEN,L,5,Z1,0.004896022788599359
VEN,L,6,Z1,0.0016897097757862022
VEN,L,7,Z1,0.0005831507020424312
VEN,L,8,Z1,0.00020125630221577693
VEN,L,9,Z1,6.945734445608365e-05
VEN,L,10,Z1,2.397103914648425e-05
VEN,L,0,Z2,0.0
VEN,L,1,Z2,0.7408182206817179
VEN,L,2,Z2,4.390493088752212
VEN,L,3,Z2,10.977380812996177
VEN,L,4,Z2,19.276429562380937
VEN,L,5,Z2,27.891270018553726
VEN,L,6,Z2,35.7045598558627
VEN,L,7,Z2,42.00255489077279
VEN,L,8,Z2,46.447592084179206
VEN,L,9,Z2,48.99281878727759
VEN,L,10,Z2,49.787068367863945
VEN,L,0,Y1,1.00511673509676
VEN,L,1,Y1,0.7671062310654749
VEN,L,2,Y1,0.6250471055756043
VEN,L,3,Y1,0.5203624036816684
VEN,L,4,Y1,0.4430306308392763
VEN,L,5,Y1,0.42620509807036
VEN,L,6,Y1,0.42860397593619654
VEN,L,7,Y1,0.48219776427186156
VEN,L,8,Y1,0.575124084584514
VEN,L,9,Y1,0.5550346634971702
VEN,L,10,Y1,0.5031408141239196
VEN,L,0,Y2,0.0
VEN,L,1,Y2,0.7446087912717994
VEN,L,2,Y2,4.724265819003404
VEN,L,3,Y2,13.145448708982979
VEN,L,4,Y2,25.79559472819549
VEN,L,5,Y2,41.62226349613066
VEN,L,6,Y2,59.256485244489774
VEN,L,7,Y2,77.44356615211939
VEN,L,8,Y2,95.25918935350684
VEN,L,9,Y2,112.24961931127456
VEN,L,10,Y2,128.34451173375777
VEN,L,0,Y1_nocap,1.00511673509676
VEN,L,1,Y1_nocap,0.7262361761781865
VEN,L,2,Y1_nocap,0.5559274780300429
VEN,L,3,Y1_nocap,0.430803480797449
VEN,L,4,Y1_nocap,0.33876065882079587
VEN,L,5,Y1_nocap,0.3114276848835857
VEN,L,6,Y1_nocap,0.30475978000102544
VEN,L,7,Y1_nocap,0.34984201874157245
VEN,L,8,Y1_nocap,0.4326903604291574
VEN,L,9,Y1_nocap,0.39946996969704185
VEN,L,10,Y1_nocap,0.33620741010006583
VEN,L,0,Y2_nocap,0.0
VEN,L,1,Y2_nocap,0.7446087912717994
VEN,L,2,Y2_nocap,4.693988537662639
VEN,L,3,Y2_nocap,12.925253196620789
VEN,L,4,Y2_nocap,25.056732302745566
VEN,L,5,Y2_nocap,39.8876961278077
VEN,L,6,Y2_nocap,55.954356193723406
VEN,L,7,Y2_nocap,71.9696916278941
VEN,L,8,Y2_nocap,87.03040430475446
VEN,L,9,Y2_nocap,100.7398487226015
VEN,L,10,Y2_nocap,113.09911013821221
VGB,G,0,Z1,1.0
VGB,G,1,Z1,0.006737946999085479
VGB,G,2,Z1,4.539992976248501e-05
VGB,G,3,Z1,3.0590232050182743e-07
VGB,G,4,Z1,2.0611536224385723e-09
VGB,G,5,Z1,1.388794386496412e-11
VGB,G,6,Z1,9.357622968840275e-14
VGB,G,7,Z1,6.305116760147079e-16
VGB,G,8,Z1,4.24835425529165e-18
VGB,G,9,Z1,2.8625185805494346e-20
VGB,G,10,Z1,1.928749847963945e-22
VGB,G,0,Z2,0.0
VGB,G,1,Z2,0.48855381518581126
VGB,G,2,Z2,1.9094786426608947
VGB,G,3,Z2,3.1484803811213395
VGB,G,4,Z2,3.6461086867780925
VGB,G,5,Z2,3.479141229506964
VGB,G,6,Z2,2.937164062312881
VGB,G,7,Z2,2.278667634282767
VGB,G,8,Z2,1.6617635694748334
VGB,G,9,Z2,1.1559504282908464
VGB,G,10,Z2,0.7746831164707347
VGB,G,0,Y1,1.000000000000003
VGB,G,1,Y1,0.7513292850092117
VGB,G,2,Y1,0.4468967900117401
VGB,G,3,Y1,0.32912329121847633
VGB,G,4,Y1,0.5477248847922317
VGB,G,5,Y1,0.5073235739970225
VGB,G,6,Y1,0.4935919073635774
VGB,G,7,Y1,0.4985079408662001
VGB,G,8,Y1,0.6837068497387705
VGB,G,9,Y1,0.5139941888326968
VGB,G,10,Y1,0.6033508422205052
VGB,G,0,Y2,0.0
VGB,G,1,Y2,0.48855381518581276
VGB,G,2,Y2,2.273251581600056
VGB,G,3,Y2,4.786121507225345
VGB,G,4,Y2,6.993436528025207
VGB,G,5,Y2,8.474322824821815
VGB,G,6,Y2,9.453122577073607
VGB,G,7,Y2,10.110570618978997
VGB,G,8,Y2,10.543326572037449
VGB,G,9,Y2,10.913349525040768
VGB,G,10,Y2,11.361444444998657
VGB,G,0,Y1_nocap,1.000000000000003
VGB,G,1,Y1_nocap,0.6858909991440632
VGB,G,2,Y1_nocap,0.3392319525168019
VGB,G,3,Y1_nocap,0.2036311934130046
VGB,G,4,Y1_nocap,0.4140028451468385
VGB,G,5,Y1_nocap,0.35193939116310613
VGB,G,6,Y1_nocap,0.32148645171793155
VGB,G,7,Y1_nocap,0.3123529315753106
VGB,G,8,Y1_nocap,0.48467042035323693
VGB,G,9,Y1_nocap,0.29132320038202614
VGB,G,10,Y1_nocap,0.37065723535760925
VGB,G,0,Y2_nocap,0.0
VGB,G,1,Y2_nocap,0.48855381518581276
VGB,G,2,Y2_nocap,2.241281457381418
VGB,G,3,Y2_nocap,4.608783843836532
VGB,G,4,Y2_nocap,6.521708361102151
VGB,G,5,Y2_nocap,7.5949787407500535
VGB,G,6,Y2_nocap,8.112479962027779
VGB,G,7,Y2_nocap,8.293495106276733
VGB,G,8,Y2_nocap,8.257317365223308
VGB,G,9,Y2_nocap,8.17981406888344
VGB,G,10,Y2_nocap,8.203625254910804
VGB,L,0,Z1,1.0
VGB,L,1,Z1,0.9090631346796979
VGB,L,2,Z1,0.8263957828336785
VGB,L,3,Z1,0.7512459408288668
VGB,L,4,Z1,0.6829299898852884
VGB,L,5,Z1,0.6208264773718947
VGB,L,6,Z1,0.5643704636118492
VGB,L,7,Z1,0.5130483827716219
VGB,L,8,Z1,0.4663933710847202
VGB,L,9,Z1,0.42398101991210735
VGB,L,10,Z1,0.3854255150059957
VGB,L,0,Z2,0.0
VGB,L,1,Z2,0.2702043531075991
VGB,L,2,Z2,0.5840831395063688
VGB,L,3,Z2,0.5326485981908871
VGB,L,4,Z2,0.3411531138556163
VGB,L,5,Z2,0.18004112585937485
VGB,L,6,Z2,0.0840635641939902
VGB,L,7,Z2,0.036069532209046316
VGB,L,8,Z2,0.014548180886672887
VGB,L,9,Z2,0.005597042453357315
VGB,L,10,Z2,0.002074547648045521
VGB,L,0,Y1,1.00511673509676
VGB,L,1,Y1,1.3588391262155113
VGB,L,2,Y1,1.6284868860169355
VGB,L,3,Y1,1.823674031906932
VGB,L,4,Y1,1.963651017658211
VGB,L,5,Y1,2.1030712061991994
VGB,L,6,Y1,2.240293535321532
VGB,L,7,Y1,2.4200037960959517
VGB,L,8,Y1,2.661037221210815
VGB,L,9,Y1,2.832696776016858
VGB,L,10,Y1,2.9466785405393665
VGB,L,0,Y2,0.0
VGB,L,1,Y2,0.2715869172044421
VGB,L,2,Y2,0.7073463309901985
VGB,L,3,Y2,0.9016125324672681
VGB,L,4,Y2,0.9024195457160997
VGB,L,5,Y2,0.8253990655593687
VGB,L,6,Y2,0.7461711602990002
VGB,L,7,Y2,0.6989558731430084
VGB,L,8,Y2,0.6947025564633427
VGB,L,9,Y2,0.7421921551765467
VGB,L,10,Y2,0.8030228275980906
VGB,L,0,Y1_nocap,1.00511673509676
VGB,L,1,Y1_nocap,1.2930660099764049
VGB,L,2,Y1_nocap,1.4807683212800167
VGB,L,3,Y1_nocap,1.5850543183423769
VGB,L,4,Y1_nocap,1.6309967023379315
VGB,L,5,Y1_nocap,1.6771939692842324
VGB,L,6,Y1_nocap,1.7219554213573318
VGB,L,7,Y1_nocap,1.810029865726404
VGB,L,8,Y1_nocap,1.9573847073105965
VGB,L,9,Y1_nocap,2.0295266460093035
VGB,L,10,Y1_nocap,2.04331064653894
VGB,L,0,Y2_nocap,0.0
VGB,L,1,Y2_nocap,0.2715869172044421
VGB,L,2,Y2_nocap,0.6895741486649398
VGB,L,3,Y2_nocap,0.8394374007871902
VGB,L,4,Y2_nocap,0.7878375557849076
VGB,L,5,Y2_nocap,0.6639146895798107
VGB,L,6,Y2_nocap,0.5477980678567952
VGB,L,7,Y2_nocap,0.4727903232347043
VGB,L,8,Y2_nocap,0.4467813797698089
VGB,L,9,Y2_nocap,0.475100672407171
VGB,L,10,Y2_nocap,0.5156862414784946
VNM,G,0,Z1,1.0
VNM,G,1,Z1,0.006737946999085479
VNM,G,2,Z1,4.539992976248501e-05
VNM,G,3,Z1,3.0590232050182743e-07
VNM,G,4,Z1,2.0611536224385723e-09
VNM,G,5,Z1,1.388794386496412e-11
VNM,G,6,Z1,9.357622968840275e-14
VNM,G,7,Z1,6.305116760147079e-16
VNM,G,8,Z1,4.24835425529165e-18
VNM,G,9,Z1,2.8625185805494346e-20
VNM,G,10,Z1,1.928749847963945e-22
VNM,G,0,Z2,0.0
VNM,G,1,Z2,0.433336817853041
VNM,G,2,Z2,1.5022463816559972
VNM,G,3,Z2,2.197052999970935
VNM,G,4,Z2,2.2567441911985364
VNM,G,5,Z2,1.910020208051383
VNM,G,6,Z2,1.4302346324981585
VNM,G,7,Z2,0.984177084627214
VNM,G,8,Z2,0.6366117930635419
VNM,G,9,Z2,0.39278766124905096
VNM,G,10,Z2,0.23348334049053754
VNM,G,0,Y1,1.000000000000003
VNM,G,1,Y1,0.7344044526182123
VNM,G,2,Y1,0.4175334903235359
VNM,G,3,Y1,0.292762198765381
VNM,G,4,Y1,0.5066064996007993
VNM,G,5,Y1,0.4579719568194067
VNM,G,6,Y1,0.43697182630748105
VNM,G,7,Y1,0.43513432649442807
VNM,G,8,Y1,0.6137803427137932
VNM,G,9,Y1,0.43466650997454714
VNM,G,10,Y1,0.5178309801166437
VNM,G,0,Y2,0.0
VNM,G,1,Y2,0.43333681785304234
VNM,G,2,Y2,1.8175710696592362
VNM,G,3,Y2,3.46897569463705
VNM,G,4,Y2,4.600916087145561
VNM,G,5,Y2,5.112899823325474
VNM,G,6,Y2,5.343285821050258
VNM,G,7,Y2,5.446882271470853
VNM,G,8,Y2,5.473272443794614
VNM,G,9,Y2,5.533693227855234
VNM,G,10,Y2,5.690204006300942
VNM,G,0,Y1_nocap,1.000000000000003
VNM,G,1,Y1_nocap,0.6858909991440632
VNM,G,2,Y1_nocap,0.3392319525168019
VNM,G,3,Y1_nocap,0.2036311934130046
VNM,G,4,Y1_nocap,0.4140028451468385
VNM,G,5,Y1_nocap,0.35193939116310613
VNM,G,6,Y1_nocap,0.32148645171793155
VNM,G,7,Y1_nocap,0.3123529315753106
VNM,G,8,Y1_nocap,0.48467042035323693
VNM,G,9,Y1_nocap,0.29132320038202614
VNM,G,10,Y1_nocap,0.37065723535760925
VNM,G,0,Y2_nocap,0.0
VNM,G,1,Y2_nocap,0.43333681785304234
VNM,G,2,Y2_nocap,1.796548404107687
VNM,G,3,Y2_nocap,3.362307245073969
VNM,G,4,Y2_nocap,4.338797191358694
VNM,G,5,Y2_nocap,4.659130429633745
VNM,G,6,Y2_nocap,4.696100148800686
VNM,G,7,Y2_nocap,4.618388396658305
VNM,G,8,Y2_nocap,4.4802717805860075
VNM,G,9,Y2_nocap,4.394710053858724
VNM,G,10,Y2_nocap,4.419881565716009
VNM,L,0,Z1,1.0
VNM,L,1,Z1,0.5036009968533905
VNM,L,2,Z1,0.25361396403172876
VNM,L,3,Z1,0.12772024510231855
VNM,L,4,Z1,0.06432004275188699
VNM,L,5,Z1,0.03239163764750299
VNM,L,6,Z1,0.01631246100899632
VNM,L,7,Z1,0.008214971625262617
VNM,L,8,Z1,0.004137067899604571
VNM,L,9,Z1,0.002083431518291024
VNM,L,10,Z1,0.0010492181894871332
VNM,L,0,Z2,0.0
VNM,L,1,Z2,0.27798503913854977
VNM,L,2,Z2,0.6182054558788884
VNM,L,3,Z2,0.5800000539875326
VNM,L,4,Z2,0.3821779856784242
VNM,L,5,Z2,0.2074995357552907
VNM,L,6,Z2,0.09967409262978986
VNM,L,7,Z2,0.04399912936801624
VNM,L,8,Z2,0.018257501592152225
VNM,L,9,Z2,0.00722637238830455
VNM,L,10,Z2,0.0027555876696743146
VNM,L,0,Y1,1.00511673509676
VNM,L,1,Y1,0.9342909137632794
VNM,L,2,Y1,0.839460150761786
VNM,L,3,Y1,0.7355911408085974
VNM,L,4,Y1,0.6407031707269633
VNM,L,5,Y1,0.6008091744749959
VNM,L,6,Y1,0.5869091182282951
VNM,L,7,Y1,0.6306058292696548
VNM,L,8,Y1,0.7252750749268035
VNM,L,9,Y1,0.7193898189039094
VNM,L,10,Y1,0.669288682752044
VNM,L,0,Y2,0.0
VNM,L,1,Y2,0.2794074149446842
VNM,L,2,Y2,0.7403776929668973
VNM,L,3,Y2,0.9501922974410703
VNM,L,4,Y2,0.9474905535673384
VNM,L,5,Y2,0.854694020948567
VNM,L,6,Y2,0.7558653000490219
VNM,L,7,Y2,0.6907596690789524
VNM,L,8,Y2,0.6724069556476202
VNM,L,9,Y2,0.7102513929655152
VNM,L,10,Y2,0.7644977938810703
VNM,L,0,Y1_nocap,1.00511673509676
VNM,L,1,Y1_nocap,0.8855292297990742
VNM,L,2,Y1_nocap,0.7512430837727255
VNM,L,3,Y1_nocap,0.6172691923323307
VNM,L,4,Y1_nocap,0.5009396356534678
VNM,L,5,Y1_nocap,0.4467886942831227
VNM,L,6,Y1_nocap,0.42228344599772805
VNM,L,7,Y1_nocap,0.45732603696774876
VNM,L,8,Y1_nocap,0.5422631318134475
VNM,L,9,Y1_nocap,0.5232246219455232
VNM,L,10,Y1_nocap,0.4618392329917533
VNM,L,0,Y2_nocap,0.0
VNM,L,1,Y2_nocap,0.2794074149446842
VNM,L,2,Y2_nocap,0.726822674341646
VNM,L,3,Y2_nocap,0.9023508544489572
VNM,L,4,Y2_nocap,0.8593115110309879
VNM,L,5,Y2_nocap,0.7311645913370606
VNM,L,6,Y2_nocap,0.6057431072834208
VNM,L,7,Y2_nocap,0.5220406711812834
VNM,L,8,Y2_nocap,0.4904884739314214
VNM,L,9,Y2_nocap,0.5176128333983717
VNM,L,10,Y2_nocap,0.56059375516149
YEM,G,0,Z1,1.0
YEM,G,1,Z1,0.006737946999085479
YEM,G,2,Z1,4.539992976248501e-05
YEM,G,3,Z1,3.0590232050182743e-07
YEM,G,4,Z1,2.0611536224385723e-09
YEM,G,5,Z1,1.388794386496412e-11
YEM,G,6,Z1,9.357622968840275e-14
YEM,G,7,Z1,6.305116760147079e-16
YEM,G,8,Z1,4.24835425529165e-18
YEM,G,9,Z1,2.8625185805494346e-20
YEM,G,10,Z1,1.928749847963945e-22
YEM,G,0,Z2,0.0
YEM,G,1,Z2,0.44710797679326225
YEM,G,2,Z2,1.5992443432973147
YEM,G,3,Z2,2.413242796712844
YEM,G,4,Z2,2.5575824695684597
YEM,G,5,Z2,2.2334287567395887
YEM,G,6,Z2,1.725552828410794
YEM,G,7,Z2,1.2251268187430557
YEM,G,8,Z2,0.8176535110804876
YEM,G,9,Z2,0.5205222416887283
YEM,G,10,Z2,0.3192450567316061
YEM,G,0,Y1,1.000000000000003
YEM,G,1,Y1,0.7236733939003789
YEM,G,2,Y1,0.4016746776146681
YEM,G,3,Y1,0.2768179830952857
YEM,G,4,Y1,0.4924537038824808
YEM,G,5,Y1,0.4434279107726856
YEM,G,6,Y1,0.42323491091792437
YEM,G,7,Y1,0.4228701429158205
YEM,G,8,Y1,0.6033201985233929
YEM,G,9,Y1,0.42434613336456595
YEM,G,10,Y1,0.5102710519813181
YEM,G,0,Y2,0.0
YEM,G,1,Y2,0.44710797679326364
YEM,G,2,Y2,1.9197919004527302
YEM,G,3,Y2,3.7372095759949153
YEM,G,4,Y2,5.044857143717714
YEM,G,5,Y2,5.682339000548279
YEM,G,6,Y2,5.984467388425668
YEM,G,7,Y2,6.125169170563458
YEM,G,8,Y2,6.16957962839782
YEM,G,9,Y2,6.241506853631175
YEM,G,10,Y2,6.418815072365796
YEM,G,0,Y1_nocap,1.000000000000003
YEM,G,1,Y1_nocap,0.6858909991440632
YEM,G,2,Y1_nocap,0.3392319525168019
YEM,G,3,Y1_nocap,0.2036311934130046
YEM,G,4,Y1_nocap,0.4140028451468385
YEM,G,5,Y1_nocap,0.35193939116310613
YEM,G,6,Y1_nocap,0.32148645171793155
YEM,G,7,Y1_nocap,0.3123529315753106
YEM,G,8,Y1_nocap,0.48467042035323693
YEM,G,9,Y1_nocap,0.29132320038202614
YEM,G,10,Y1_nocap,0.37065723535760925
YEM,G,0,Y2_nocap,0.0
YEM,G,1,Y2_nocap,0.44710797679326364
YEM,G,2,Y2_nocap,1.9028990903748295
YEM,G,3,Y2_nocap,3.6489814772796567
YEM,G,4,Y2_nocap,4.821690722559167
YEM,G,5,Y2_nocap,5.284406083615975
YEM,G,6,Y2_nocap,5.400087260105821
YEM,G,7,Y2_nocap,5.3561606662203065
YEM,G,8,Y2_nocap,5.2237315667273565
YEM,G,9,Y2_nocap,5.12969332204736
YEM,G,10,Y2_nocap,5.150098669320546
YEM,L,0,Z1,1.0
YEM,L,1,Z1,0.5310992142537999
YEM,L,2,Z1,0.2820663753810037
YEM,L,3,Z1,0.14980523033226842
YEM,L,4,Z1,0.07956144012057728
YEM,L,5,Z1,0.042255018332939355
YEM,L,6,Z1,0.022441607034903995
YEM,L,7,Z1,0.011918719862830067
YEM,L,8,Z1,0.006330022754060204
YEM,L,9,Z1,0.0033618701108900483
YEM,L,10,Z1,0.0017854865743170407
YEM,L,0,Z2,0.0
YEM,L,1,Z2,0.2719499644050652
YEM,L,2,Z2,0.5916542651193298
YEM,L,3,Z2,0.5430387026451603
YEM,L,4,Z2,0.35005476943389424
YEM,L,5,Z2,0.1859323868893961
YEM,L,6,Z2,0.08737512076164113
YEM,L,7,Z2,0.03773263757633653
YEM,L,8,Z2,0.015317292700427107
YEM,L,9,Z2,0.005931009027733225
YEM,L,10,Z2,0.0022125345596408362
YEM,L,0,Y1,1.00511673509676
YEM,L,1,Y1,0.9511438655551596
YEM,L,2,Y1,0.8614892717262588
YEM,L,3,Y1,0.7573664571400339
YEM,L,4,Y1,0.6602132476748358
YEM,L,5,Y1,0.617975849228922
YEM,L,6,Y1,0.6032405632252308
YEM,L,7,Y1,0.6476706221711914
YEM,L,8,Y1,0.7450580086222535
YEM,L,9,Y1,0.7437950101893557
YEM,L,10,Y1,0.6975257179141914
YEM,L,0,Y2,0.0
YEM,L,1,Y2,0.27334146033249923
YEM,L,2,Y2,0.708173708839059
YEM,L,3,Y2,0.8896366541360201
YEM,L,4,Y2,0.8708381211707862
YEM,L,5,Y2,0.7740286863745864
YEM,L,6,Y2,0.6783090941199603
YEM,L,7,Y2,0.61865926850983
YEM,L,8,Y2,0.6052376015135109
YEM,L,9,Y2,0.6456163118998901
YEM,L,10,Y2,0.6996916159268516
YEM,L,0,Y1_nocap,1.00511673509676
YEM,L,1,Y1_nocap,0.9131681482935546
YEM,L,2,Y1_nocap,0.7902725669434009
YEM,L,3,Y1_nocap,0.6586555658151445
YEM,L,4,Y1_nocap,0.539893708536334
YEM,L,5,Y1_nocap,0.48125211878887914
YEM,L,6,Y1_nocap,0.4528728363206727
YEM,L,7,Y1_nocap,0.48518408013540704
YEM,L,8,Y1_nocap,0.5696341674378462
YEM,L,9,Y1_nocap,0.5526726269457872
YEM,L,10,Y1_nocap,0.49186678971224035
YEM,L,0,Y2_nocap,0.0
YEM,L,1,Y2_nocap,0.27334146033249923
YEM,L,2,Y2_nocap,0.6978462138815087
YEM,L,3,Y2_nocap,0.8532857031736466
YEM,L,4,Y2_nocap,0.8034547469852437
YEM,L,5,Y2_nocap,0.6785258150246831
YEM,L,6,Y2_nocap,0.5603403316998182
YEM,L,7,Y2_nocap,0.48343575291967755
YEM,L,8,Y2_nocap,0.456237783423687
YEM,L,9,Y2_nocap,0.48432513201606925
YEM,L,10,Y2_nocap,0.5254559071946544
ZAF,G,0,Z1,1.0
ZAF,G,1,Z1,0.006737946999086819
ZAF,G,2,Z1,4.5399929762503076e-05
ZAF,G,3,Z1,3.0590232050201e-07
ZAF,G,4,Z1,2.0611536224402126e-09
ZAF,G,5,Z1,1.3887943864977934e-11
ZAF,G,6,Z1,9.357622968851445e-14
ZAF,G,7,Z1,6.30511676015586e-16
ZAF,G,8,Z1,4.248354255298411e-18
ZAF,G,9,Z1,2.86251858055456e-20
ZAF,G,10,Z1,1.9287498479677824e-22
ZAF,G,0,Z2,0.0
ZAF,G,1,Z2,0.4677270179585296
ZAF,G,2,Z2,1.7501485066270295
ZAF,G,3,Z2,2.7627471292136656
ZAF,G,4,Z2,3.0630197952488216
ZAF,G,5,Z2,2.798158427304058
ZAF,G,6,Z2,2.2615619851787705
ZAF,G,7,Z2,1.679737127948247
ZAF,G,8,Z2,1.1727612832607668
ZAF,G,9,Z2,0.7810154852614266
ZAF,G,10,Z2,0.501100197394734
ZAF,G,0,Y1,1.000000000000003
ZAF,G,1,Y1,0.7185128239609015
ZAF,G,2,Y1,0.3927447201726475
ZAF,G,3,Y1,0.2657758561102958
ZAF,G,4,Y1,0.47996316562623725
ZAF,G,5,Y1,0.4284044898799586
ZAF,G,6,Y1,0.4059538089346685
ZAF,G,7,Y1,0.4034650680046553
ZAF,G,8,Y1,0.5818270912286088
ZAF,G,9,Y1,0.3998707310542953
ZAF,G,10,Y1,0.48377007933454785
ZAF,G,0,Y2,0.0
ZAF,G,1,Y2,0.46772701795853105
ZAF,G,2,Y2,2.0830648472861837
ZAF,G,3,Y2,4.189891776536086
ZAF,G,4,Y2,5.831435188270922
ZAF,G,5,Y2,6.734187976066522
ZAF,G,6,Y2,7.204073572200438
ZAF,G,7,Y2,7.4345527839341425
ZAF,G,8,Y2,7.514051589446479
ZAF,G,9,Y2,7.5884991069178085
ZAF,G,10,Y2,7.7654656369663195
ZAF,G,0,Y1_nocap,1.000000000000003
ZAF,G,1,Y1_nocap,0.6858909991440645
ZAF,G,2,Y1_nocap,0.33923195251680277
ZAF,G,3,Y1_nocap,0.20363119341300506
ZAF,G,4,Y1_nocap,0.4140028451468387
ZAF,G,5,Y1_nocap,0.35193939116310674
ZAF,G,6,Y1_nocap,0.32148645171793205
ZAF,G,7,Y1_nocap,0.312352931575311
ZAF,G,8,Y1_nocap,0.4846704203532373
ZAF,G,9,Y1_nocap,0.2913232003820268
ZAF,G,10,Y1_nocap,0.37065723535760964
ZAF,G,0,Y2_nocap,0.0
ZAF,G,1,Y2_nocap,0.46772701795853105
ZAF,G,2,Y2_nocap,2.067806738444239
ZAF,G,3,Y2_nocap,4.107872179639758
ZAF,G,4,Y2_nocap,5.61914064365854
ZAF,G,5,Y2_nocap,6.348244780803249
ZAF,G,6,Y2_nocap,6.628596862172667
ZAF,G,7,Y2_nocap,6.669019460241108
ZAF,G,8,Y2_nocap,6.565789288234678
ZAF,G,9,Y2_nocap,6.469188321772583
ZAF,G,10,Y2_nocap,6.486039220952142
ZAF,L,0,Z1,1.0
ZAF,L,1,Z1,0.36725372715321813
ZAF,L,2,Z1,0.1348753001079304
ZAF,L,3,Z1,0.049533456665546274
ZAF,L,4,Z1,0.018191346579204282
ZAF,L,5,Z1,0.006680839833148715
ZAF,L,6,Z1,0.0024535633292375506
ZAF,L,7,Z1,0.0009010802774689493
ZAF,L,8,Z1,0.0003309250903647274
ZAF,L,9,Z1,0.0001215334728449616
ZAF,L,10,Z1,4.463362087618655e-05
ZAF,L,0,Z2,0.0
ZAF,L,1,Z2,0.6949401242457082
ZAF,L,2,Z2,3.8635342102931225
ZAF,L,3,Z2,9.061621686434181
ZAF,L,4,Z2,14.926896594105301
ZAF,L,5,Z2,20.260350339278077
ZAF,L,6,Z2,24.32977410016423
ZAF,L,7,Z2,26.848858930375386
ZAF,L,8,Z2,27.851530241389053
ZAF,L,9,Z2,27.5584010765116
ZAF,L,10,Z2,26.27083493569826
ZAF,L,0,Y1,1.00511673509676
ZAF,L,1,Y1,0.7812730492914772
ZAF,L,2,Y1,0.6358873316660515
ZAF,L,3,Y1,0.5241189457448552
ZAF,L,4,Y1,0.43965667810568887
ZAF,L,5,Y1,0.41667396432630344
ZAF,L,6,Y1,0.41458298946929817
ZAF,L,7,Y1,0.4647099676179988
ZAF,L,8,Y1,0.55530632441363
ZAF,L,9,Y1,0.5336349947715973
ZAF,L,10,Y1,0.4784193011443282
ZAF,L,0,Y2,0.0
ZAF,L,1,Y2,0.698495948769583
ZAF,L,2,Y2,4.169715640741852
ZAF,L,3,Y2,10.94281291799666
ZAF,L,4,Y2,20.288098724445653
ZAF,L,5,Y2,30.972614121245595
ZAF,L,6,Y2,41.778786910804676
ZAF,L,7,Y2,51.82871960843092
ZAF,L,8,Y2,60.66687780081755
ZAF,L,9,Y2,68.27916289877913
ZAF,L,10,Y2,74.91924884920947
ZAF,L,0,Y1_nocap,1.00511673509676
ZAF,L,1,Y1_nocap,0.7484843072386795
ZAF,L,2,Y1_nocap,0.580173332452196
ZAF,L,3,Y1_nocap,0.452013245203143
ZAF,L,4,Y1_nocap,0.3560858040914945
ZAF,L,5,Y1_nocap,0.325288833143614
ZAF,L,6,Y1_nocap,0.3167437505472362
ZAF,L,7,Y1_nocap,0.3609889955495697
ZAF,L,8,Y1_nocap,0.4445278377863548
ZAF,L,9,Y1_nocap,0.4133948734578294
ZAF,L,10,Y1_nocap,0.35016359986517015
ZAF,L,0,Y2_nocap,0.0
ZAF,L,1,Y2_nocap,0.698495948769583
ZAF,L,2,Y2_nocap,4.14692942826582
ZAF,L,3,Y2_nocap,10.785782919286826
ZAF,L,4,Y2_nocap,19.78636061148795
ZAF,L,5,Y2_nocap,29.848234521396368
ZAF,L,6,Y2_nocap,39.73185512748603
ZAF,L,7,Y2_nocap,48.578783808599354
ZAF,L,8,Y2_nocap,55.98006360212908
ZAF,L,9,Y2_nocap,61.97939533187711
ZAF,L,10,Y2_nocap,66.88419727334703
ZMB,G,0,Z1,1.0
ZMB,G,1,Z1,0.006737946999085485
ZMB,G,2,Z1,4.539992976248509e-05
ZMB,G,3,Z1,3.0590232050182796e-07
ZMB,G,4,Z1,2.0611536224385798e-09
ZMB,G,5,Z1,1.3887943864964218e-11
ZMB,G,6,Z1,9.357622968840307e-14
ZMB,G,7,Z1,6.305116760147123e-16
ZMB,G,8,Z1,4.24835425529168e-18
ZMB,G,9,Z1,2.8625185805494544e-20
ZMB,G,10,Z1,1.9287498479639726e-22
ZMB,G,0,Z2,0.0
ZMB,G,1,Z2,0.4465998938386977
ZMB,G,2,Z2,1.5956117214138883
ZMB,G,3,Z2,2.4050250856953816
ZMB,G,4,Z2,2.545976765513392
ZMB,G,5,Z2,2.2207674867071723
ZMB,G,6,Z2,1.7138209371330602
ZMB,G,7,Z2,1.2154145428874148
ZMB,G,8,Z2,0.810249711316754
ZMB,G,9,Z2,0.515222793274372
ZMB,G,10,Z2,0.3156357267210041
ZMB,G,0,Y1,1.000000000000003
ZMB,G,1,Y1,0.716828955403359
ZMB,G,2,Y1,0.3906746189166238
ZMB,G,3,Y1,0.26437953221252647
ZMB,G,4,Y1,0.47964647777904146
ZMB,G,5,Y1,0.4288735963115835
ZMB,G,6,Y1,0.40753004936055404
ZMB,G,7,Y1,0.4063531402261956
ZMB,G,8,Y1,0.5861606927061117
ZMB,G,9,Y1,0.4054615001377515
ZMB,G,10,Y1,0.4911693436542386
ZMB,G,0,Y2,0.0
ZMB,G,1,Y2,0.4465998938386991
ZMB,G,2,Y2,1.9127382903830557
ZMB,G,3,Y2,3.7103728076919658
ZMB,G,4,Y2,4.986317987507745
ZMB,G,5,Y2,5.587670174389915
ZMB,G,6,Y2,5.85520678630815
ZMB,G,7,Y2,5.964805792418501
ZMB,G,8,Y2,5.982065307076115
ZMB,G,9,Y2,6.03075123813762
ZMB,G,10,Y2,6.187600946848762
ZMB,G,0,Y1_nocap,1.000000000000003
ZMB,G,1,Y1_nocap,0.6858909991440632
ZMB,G,2,Y1_nocap,0.3392319525168019
ZMB,G,3,Y1_nocap,0.2036311934130046
ZMB,G,4,Y1_nocap,0.4140028451468385
ZMB,G,5,Y1_nocap,0.35193939116310613
ZMB,G,6,Y1_nocap,0.32148645171793155
ZMB,G,7,Y1_nocap,0.3123529315753106
ZMB,G,8,Y1_nocap,0.48467042035323693
ZMB,G,9,Y1_nocap,0.29132320038202614
ZMB,G,10,Y1_nocap,0.37065723535760925
ZMB,G,0,Y2_nocap,0.0
ZMB,G,1,Y2_nocap,0.4465998938386991
ZMB,G,2,Y2_nocap,1.8989214024020677
ZMB,G,3,Y2_nocap,3.6381266501540113
ZMB,G,4,Y2_nocap,4.80318612152303
ZMB,G,5,Y2_nocap,5.260171969608924
ZMB,G,6,Y2_nocap,5.372542111137866
ZMB,G,7,Y2_nocap,5.327085944414647
ZMB,G,8,Y2_nocap,5.194281833764233
ZMB,G,9,Y2_nocap,5.100482638032575
ZMB,G,10,Y2_nocap,5.121043754071019
ZMB,L,0,Z1,1.0
ZMB,L,1,Z1,0.27477823962947034
ZMB,L,2,Z1,0.07550308097387064
ZMB,L,3,Z1,0.02074660367660153
ZMB,L,4,Z1,0.005700715236546866
ZMB,L,5,Z1,0.0015664324973272475
ZMB,L,6,Z1,0.00043042156411397613
ZMB,L,7,Z1,0.00011827047968580157
ZMB,L,8,Z1,3.249815420819759e-05
ZMB,L,9,Z1,8.929785604535598e-06
ZMB,L,10,Z1,2.453710768682877e-06
ZMB,L,0,Z2,0.0
ZMB,L,1,Z2,0.740818193442069
ZMB,L,2,Z2,4.390492765878165
ZMB,L,3,Z2,10.977379602091881
ZMB,L,4,Z2,19.276426727228504
ZMB,L,5,Z2,27.891264890788737
ZMB,L,6,Z2,35.704551978791976
ZMB,L,7,Z2,42.002544079830464
ZMB,L,8,Z2,46.44757842127618
ZMB,L,9,Z2,48.992802574227554
ZMB,L,10,Z2,49.78705006132125
ZMB,L,0,Y1,1.00511673509676
ZMB,L,1,Y1,0.6866319047282388
ZMB,L,2,Y1,0.5360747869281498
ZMB,L,3,Y1,0.43682898971867046
ZMB,L,4,Y1,0.36692098633620335
ZMB,L,5,Y1,0.356711763036581
ZMB,L,6,Y1,0.3612704809405898
ZMB,L,7,Y1,0.4144845626590408
ZMB,L,8,Y1,0.5023343262065433
ZMB,L,9,Y1,0.47254319600720257
ZMB,L,10,Y1,0.4183476187964075
ZMB,L,0,Y2,0.0
ZMB,L,1,Y2,0.7446087638927724
ZMB,L,2,Y2,4.717024876170734
ZMB,L,3,Y2,13.09297826374813
ZMB,L,4,Y2,25.620457965577813
ZMB,L,5,Y2,41.2135878130764
ZMB,L,6,Y2,58.48362929577655
ZMB,L,7,Y2,76.17158972346645
ZMB,L,8,Y2,93.361733375717
ZMB,L,9,Y2,109.61731856199697
ZMB,L,10,Y2,124.8879900203524
ZMB,L,0,Y1_nocap,1.00511673509676
ZMB,L,1,Y1_nocap,0.655535647142329
ZMB,L,2,Y1_nocap,0.4854166120392313
ZMB,L,3,Y1_nocap,0.3723243486082124
ZMB,L,4,Y1_nocap,0.29238888414977265
ZMB,L,5,Y1_nocap,0.27485709727856167
ZMB,L,6,Y1_nocap,0.2728049635137919
ZMB,L,7,Y1_nocap,0.31962454024510967
ZMB,L,8,Y1_nocap,0.39977915222040894
ZMB,L,9,Y1_nocap,0.3599909798951156
ZMB,L,10,Y1_nocap,0.29726047953981716
ZMB,L,0,Y2_nocap,0.0
ZMB,L,1,Y2_nocap,0.7446087638927724
ZMB,L,2,Y2_nocap,4.693988202803131
ZMB,L,3,Y2_nocap,12.925251848721897
ZMB,L,4,Y2_nocap,25.0567288886493
ZMB,L,5,Y2_nocap,39.887689446283474
ZMB,L,6,Y2_nocap,55.95434510957242
ZMB,L,7,Y2_nocap,71.96967523221588
ZMB,L,8,Y2_nocap,87.030381995954
ZMB,L,9,Y2_nocap,100.73982020835881
ZMB,L,10,Y2_nocap,113.09907537538211
ZWE,G,0,Z1,1.0
ZWE,G,1,Z1,0.00673794699912065
ZWE,G,2,Z1,4.539992976295897e-05
ZWE,G,3,Z1,3.059023205066174e-07
ZWE,G,4,Z1,2.061153622481608e-09
ZWE,G,5,Z1,1.388794386532662e-11
ZWE,G,6,Z1,9.357622969133328e-14
ZWE,G,7,Z1,6.305116760377443e-16
ZWE,G,8,Z1,4.248354255469055e-18
ZWE,G,9,Z1,2.8625185806839187e-20
ZWE,G,10,Z1,1.9287498480646328e-22
ZWE,G,0,Z2,0.0
ZWE,G,1,Z2,0.4348893596292726
ZWE,G,2,Z2,1.5130300409500705
ZWE,G,3,Z2,2.2207522464291203
ZWE,G,4,Z2,2.289259904817372
ZWE,G,5,Z2,1.9444819805292897
ZWE,G,6,Z2,1.4612564563022177
ZWE,G,7,Z2,1.0091264601650287
ZWE,G,8,Z2,0.6550888639755554
ZWE,G,9,Z2,0.40563606974277583
ZWE,G,10,Z2,0.24198465104659891
ZWE,G,0,Y1,1.000000000000003
ZWE,G,1,Y1,0.7047121141230043
ZWE,G,2,Y1,0.3704416001594573
ZWE,G,3,Y1,0.2403621256121423
ZWE,G,4,Y1,0.4535501538190699
ZWE,G,5,Y1,0.3981845881219085
ZWE,G,6,Y1,0.3730761313031246
ZWE,G,7,Y1,0.36856607626913584
ZWE,G,8,Y1,0.5452072153868706
ZWE,G,9,Y1,0.3593072358959113
ZWE,G,10,Y1,0.4422434674293787
ZWE,G,0,Y2,0.0
ZWE,G,1,Y2,0.43488935962927394
ZWE,G,2,Y2,1.816571579528356
ZWE,G,3,Y2,3.4358442486227037
ZWE,G,4,Y2,4.496037973987086
ZWE,G,5,Y2,4.910878827014847
ZWE,G,6,Y2,5.03948512890778
ZWE,G,7,Y2,5.047214466669066
ZWE,G,8,Y2,4.988008699341481
ZWE,G,9,Y2,4.975232755963668
ZWE,G,10,Y2,5.070070193914462
ZWE,G,0,Y1_nocap,1.000000000000003
ZWE,G,1,Y1_nocap,0.6858909991440983
ZWE,G,2,Y1_nocap,0.3392319525168262
ZWE,G,3,Y1_nocap,0.2036311934130167
ZWE,G,4,Y1_nocap,0.41400284514684565
ZWE,G,5,Y1_nocap,0.35193939116312073
ZWE,G,6,Y1_nocap,0.32148645171794404
ZWE,G,7,Y1_nocap,0.312352931575322
ZWE,G,8,Y1_nocap,0.484670420353248
ZWE,G,9,Y1_nocap,0.2913232003820433
ZWE,G,10,Y1_nocap,0.37065723535761963
ZWE,G,0,Y2_nocap,0.0
ZWE,G,1,Y2_nocap,0.43488935962927394
ZWE,G,2,Y2_nocap,1.8083864768876705
ZWE,G,3,Y2_nocap,3.39384974336566
ZWE,G,4,Y2_nocap,4.39132924293771
ZWE,G,5,Y2_nocap,4.726417231355731
ZWE,G,6,Y2_nocap,4.77117036372734
ZWE,G,7,Y2_nocap,4.696524090868569
ZWE,G,8,Y2_nocap,4.558626623947327
ZWE,G,9,Y2_nocap,4.471931431752138
ZWE,G,10,Y2_nocap,4.496526354222321
ZWE,L,0,Z1,1.0
ZWE,L,1,Z1,0.41650191508603895
ZWE,L,2,Z1,0.17347384527033802
ZWE,L,3,Z1,0.072252188772435
ZWE,L,4,Z1,0.030093174992877177
ZWE,L,5,Z1,0.012533865015552644
ZWE,L,6,Z1,0.005220378782407582
ZWE,L,7,Z1,0.002174297760347282
ZWE,L,8,Z1,0.0009055991811519282
ZWE,L,9,Z1,0.0003771837932501268
ZWE,L,10,Z1,0.00015709777222809452
ZWE,L,0,Z2,0.0
ZWE,L,1,Z2,0.7408182206817179
ZWE,L,2,Z2,4.390493088752212
ZWE,L,3,Z2,10.977380812996177
ZWE,L,4,Z2,19.276429562380937
ZWE,L,5,Z2,27.891270018553726
ZWE,L,6,Z2,35.7045598558627
ZWE,L,7,Z2,42.00255489077279
ZWE,L,8,Z2,46.447592084179206
ZWE,L,9,Z2,48.99281878727759
ZWE,L,10,Z2,49.787068367863945
ZWE,L,0,Y1,1.00511673509676
ZWE,L,1,Y1,0.8169019027416267
ZWE,L,2,Y1,0.6710647575598131
ZWE,L,3,Y1,0.5490155308060539
ZWE,L,4,Y1,0.4529729503172616
ZWE,L,5,Y1,0.4200344788327762
ZWE,L,6,Y1,0.41172211856068996
ZWE,L,7,Y1,0.45826378878749163
ZWE,L,8,Y1,0.5483777366150322
ZWE,L,9,Y1,0.5287084000592416
ZWE,L,10,Y1,0.4720385010042056
ZWE,L,0,Y2,0.0
ZWE,L,1,Y2,0.7446087912717994
ZWE,L,2,Y2,4.7080029053374695
ZWE,L,3,Y2,13.02722594395814
ZWE,L,4,Y2,25.39915157175041
ZWE,L,5,Y2,40.69223774271927
ZWE,L,6,Y2,57.487370458032174
ZWE,L,7,Y2,74.51341723909017
ZWE,L,8,Y2,90.85830562180283
ZWE,L,9,Y2,106.09985743691814
ZWE,L,10,Y2,120.2068663440546
ZWE,L,0,Y1_nocap,1.00511673509676
ZWE,L,1,Y1_nocap,0.7979844851031481
ZWE,L,2,Y1_nocap,0.6376517471575044
ZWE,L,3,Y1_nocap,0.5045256003142302
ZWE,L,4,Y1_nocap,0.4002181338088291
ZWE,L,5,Y1_nocap,0.36120661358819994
ZWE,L,6,Y1_nocap,0.3477234604751509
ZWE,L,7,Y1_nocap,0.3894911598168529
ZWE,L,8,Y1_nocap,0.4741770976822806
ZWE,L,9,Y1_nocap,0.4476360374820391
ZWE,L,10,Y1_nocap,0.38478405867454446
ZWE,L,0,Y2_nocap,0.0
ZWE,L,1,Y2_nocap,0.7446087912717994
ZWE,L,2,Y2_nocap,4.693988537662639
ZWE,L,3,Y2_nocap,12.925253196620789
ZWE,L,4,Y2_nocap,25.056732302745566
ZWE,L,5,Y2_nocap,39.8876961278077
ZWE,L,6,Y2_nocap,55.954356193723406
ZWE,L,7,Y2_nocap,71.9696916278941
ZWE,L,8,Y2_nocap,87.03040430475446
ZWE,L,9,Y2_nocap,100.7398487226015
ZWE,L,10,Y2_nocap,113.09911013821221
