region,channel,horizon,weight
ABW,G,0,2996.1664346043976
ABW,G,1,1742.1326977564097
ABW,G,2,1280.3653329332762
ABW,G,3,616.3232746901862
ABW,G,4,455.8252726698379
ABW,G,5,378.16369424263047
ABW,G,6,382.2482734267033
ABW,G,7,385.81283212675834
ABW,G,8,330.7034501430176
ABW,G,9,345.5989506926104
ABW,G,10,210.0646399975535
ABW,L,0,39372.775454269
ABW,L,1,13937.995081120775
ABW,L,2,13958.324568082835
ABW,L,3,17082.30671432015
ABW,L,4,11452.86469961098
ABW,L,5,9424.862699222285
ABW,L,6,7472.492564659005
ABW,L,7,9810.291584973033
ABW,L,8,7023.509174732002
ABW,L,9,5317.87810377775
ABW,L,10,5922.227217906125
AGO,G,0,3019.5027015686583
AGO,G,1,2320.1848168890706
AGO,G,2,1439.628931049378
AGO,G,3,672.3323847777498
AGO,G,4,581.9979556035457
AGO,G,5,491.02825976128673
AGO,G,6,428.5233677471584
AGO,G,7,427.45089026874655
AGO,G,8,354.2588518342457
AGO,G,9,317.5701171366063
AGO,G,10,198.8356457688022
AGO,L,0,57762.84577642908
AGO,L,1,22205.041650311592
AGO,L,2,21624.465205851186
AGO,L,3,22150.197194657794
AGO,L,4,14125.962809406454
AGO,L,5,12033.624813790777
AGO,L,6,9754.887765263484
AGO,L,7,13353.186682354171
AGO,L,8,10256.597999649824
AGO,L,9,7275.774250803907
AGO,L,10,7981.042222988707
AIA,G,0,2988.7571773065774
AIA,G,1,1723.7574853920373
AIA,G,2,1277.3112452269243
AIA,G,3,614.7378251755177
AIA,G,4,457.72100640136347
AIA,G,5,378.1092959075068
AIA,G,6,380.4441894649113
AIA,G,7,385.43480096689694
AIA,G,8,328.66939426923386
AIA,G,9,336.45609283770665
AIA,G,10,205.0412435294102
AIA,L,0,38079.69698120319
AIA,L,1,13487.855114124293
AIA,L,2,13491.793959536864
AIA,L,3,16363.374436387001
AIA,L,4,10856.936392474732
AIA,L,5,8937.43467081132
AIA,L,6,7130.288573673994
AIA,L,7,9429.834521602335
AIA,L,8,6779.286158090527
AIA,L,9,5120.28680188303
AIA,L,10,5721.305364931219
ALB,G,0,2754.686967236055
ALB,G,1,3746.9824142198922
ALB,G,2,1401.6378818999501
ALB,G,3,756.0525978512293
ALB,G,4,625.701165790835
ALB,G,5,659.0413245574272
ALB,G,6,522.5406497143646
ALB,G,7,405.95624665094107
ALB,G,8,337.95517407431026
ALB,G,9,408.5983701198502
ALB,G,10,325.65030479611244
ALB,L,0,644404.4805716994
ALB,L,1,329207.62692100304
ALB,L,2,127621.45520631733
ALB,L,3,102549.24475311794
ALB,L,4,81991.77965834277
ALB,L,5,43624.634106892845
ALB,L,6,28678.11930543619
ALB,L,7,21563.976187561235
ALB,L,8,22905.23235195358
ALB,L,9,33719.57696265513
ALB,L,10,35933.80331445511
ARE,G,0,1345.1547601659386
ARE,G,1,506.26095950348054
ARE,G,2,543.1228242767567
ARE,G,3,330.6810041363443
ARE,G,4,272.8746378166798
ARE,G,5,156.70207158180193
ARE,G,6,107.397254999469
ARE,G,7,106.89676885145988
ARE,G,8,103.80786367475278
ARE,G,9,71.6199224122801
ARE,G,10,51.961466759218304
ARE,L,0,6744.871799211524
ARE,L,1,2679.2694459439626
ARE,L,2,2399.334233098714
ARE,L,3,1868.879949251905
ARE,L,4,1131.7353172820472
ARE,L,5,907.3115180087167
ARE,L,6,907.4833455171666
ARE,L,7,1206.0625596513032
ARE,L,8,1066.5439601822682
ARE,L,9,745.6937641022424
ARE,L,10,804.7188210274743
ARG,G,0,2945.013463756349
ARG,G,1,2703.0591966065012
ARG,G,2,1378.8078629100094
ARG,G,3,677.929261990912
ARG,G,4,706.2942708970329
ARG,G,5,581.3755573139085
ARG,G,6,425.3383476207082
ARG,G,7,431.6279060137674
ARG,G,8,355.83022026466443
ARG,G,9,273.2038227780513
ARG,G,10,182.27296135453193
ARG,L,0,88372.40250263487
ARG,L,1,37542.19566174418
ARG,L,2,28695.135848280825
ARG,L,3,21749.235430956785
ARG,L,4,15732.090845400706
ARG,L,5,13798.913296243429
ARG,L,6,11470.103136463069
ARG,L,7,14729.167666753205
ARG,L,8,12776.01490781813
ARG,L,9,9494.745573573813
ARG,L,10,10166.015858333463
ARM,G,0,2402.381332859926
ARM,G,1,2656.262595224655
ARM,G,2,990.1920575790564
ARM,G,3,675.4239686287673
ARM,G,4,647.4005797220811
ARM,G,5,692.5781763830753
ARM,G,6,483.1639356665205
ARM,G,7,368.26764055493305
ARM,G,8,276.9167963064176
ARM,G,9,264.3413224065054
ARM,G,10,267.7469866757962
ARM,L,0,167931.00446728957
ARM,L,1,36788.31764327664
ARM,L,2,20209.132902986323
ARM,L,3,21454.744293764514
ARM,L,4,19571.464428982355
ARM,L,5,12284.94376347972
ARM,L,6,8585.845276812448
ARM,L,7,7610.884849331788
ARM,L,8,7062.501778818287
ARM,L,9,11764.402095276744
ARM,L,10,17839.02169986659
ATG,G,0,2965.079011058413
ATG,G,1,1680.3784928346915
ATG,G,2,1269.8834476620889
ATG,G,3,610.9473628102647
ATG,G,4,463.42424926893653
ATG,G,5,378.4488428219967
ATG,G,6,375.221514786762
ATG,G,7,383.3983637508525
ATG,G,8,322.9539578760594
ATG,G,9,313.9436423462068
ATG,G,10,192.71122211664925
ATG,L,0,35137.294945195696
ATG,L,1,12484.162523654975
ATG,L,2,12446.773716757421
ATG,L,3,14713.748573480008
ATG,L,4,9529.657027258685
ATG,L,5,7849.4006084963785
ATG,L,6,6364.653721441096
ATG,L,7,8554.715745720758
ATG,L,8,6223.7523593589085
ATG,L,9,4667.314832261896
ATG,L,10,5250.108654821666
AUS,G,0,2862.7260852623413
AUS,G,1,2475.262979447786
AUS,G,2,1277.96164657146
AUS,G,3,649.4119084702729
AUS,G,4,721.4276946318039
AUS,G,5,559.064738735645
AUS,G,6,386.3309307824349
AUS,G,7,403.9653214547624
AUS,G,8,339.3749922971967
AUS,G,9,241.5632721935421
AUS,G,10,164.25862663479646
AUS,L,0,78846.66030808273
AUS,L,1,33946.03634048755
AUS,L,2,23693.091118884488
AUS,L,3,16600.48937578057
AUS,L,4,12497.486740932629
AUS,L,5,10934.441168732654
AUS,L,6,9526.374707615762
AUS,L,7,12002.386975950307
AUS,L,8,10716.405229084423
AUS,L,9,8067.568988721723
AUS,L,10,8541.607729111158
AUT,G,0,2601.915181563498
AUT,G,1,2874.8459634129
AUT,G,2,1043.496416224672
AUT,G,3,667.0784249793079
AUT,G,4,721.7766294235664
AUT,G,5,706.6712918650198
AUT,G,6,475.24656698881665
AUT,G,7,412.0905989954114
AUT,G,8,313.0433889505344
AUT,G,9,262.17453585613936
AUT,G,10,234.0911164635061
AUT,L,0,402685.39011842257
AUT,L,1,68421.98994655914
AUT,L,2,26792.322924004868
AUT,L,3,25029.258913590347
AUT,L,4,31224.27275789243
AUT,L,5,20705.5924126827
AUT,L,6,12724.021977826786
AUT,L,7,10576.306111351114
AUT,L,8,9868.06751510606
AUT,L,9,19431.860942574785
AUT,L,10,30628.94083685769
AZE,G,0,2846.317567205403
AZE,G,1,3439.872035087427
AZE,G,2,1279.419481364592
AZE,G,3,707.252680162321
AZE,G,4,755.2849007868069
AZE,G,5,714.4037052812042
AZE,G,6,494.90161587081883
AZE,G,7,452.410513062647
AZE,G,8,356.8779222961917
AZE,G,9,299.99581848569164
AZE,G,10,229.01280699961873
AZE,L,0,553240.1409658663
AZE,L,1,179880.77978293842
AZE,L,2,53585.50628421668
AZE,L,3,39666.50163115417
AZE,L,4,46728.15544338612
AZE,L,5,36602.94152102851
AZE,L,6,21726.749562968973
AZE,L,7,18983.12427413733
AZE,L,8,18436.132367398513
AZE,L,9,28224.133610021097
AZE,L,10,34587.96911746865
BDI,G,0,2165.260635145143
BDI,G,1,1567.031527045044
BDI,G,2,988.1030308037078
BDI,G,3,574.1301298718164
BDI,G,4,307.55431224435875
BDI,G,5,270.375942578631
BDI,G,6,246.3204383849434
BDI,G,7,196.09579300055287
BDI,G,8,218.575069221932
BDI,G,9,537.692063877284
BDI,G,10,481.5304254917872
BDI,L,0,65036.56564391985
BDI,L,1,35258.965151598124
BDI,L,2,27913.489898774566
BDI,L,3,15214.932314894535
BDI,L,4,11568.162090038537
BDI,L,5,7881.966897993439
BDI,L,6,9880.24481436454
BDI,L,7,7914.582231817744
BDI,L,8,8362.570705327904
BDI,L,9,6269.086384494966
BDI,L,10,5240.0738251409
BEL,G,0,2742.884984089594
BEL,G,1,3057.447509067267
BEL,G,2,1131.2073956645852
BEL,G,3,672.9004066406809
BEL,G,4,759.8988622038304
BEL,G,5,699.7090136302091
BEL,G,6,465.3612742578797
BEL,G,7,433.14230568351286
BEL,G,8,337.9713252954452
BEL,G,9,267.03368679302633
BEL,G,10,216.33816993149406
BEL,L,0,539076.7879432489
BEL,L,1,115189.65865869934
BEL,L,2,35113.19295556726
BEL,L,3,27692.985597749295
BEL,L,4,36043.55696356747
BEL,L,5,27198.013538675063
BEL,L,6,16547.892424962352
BEL,L,7,13957.976102082323
BEL,L,8,13267.456897985217
BEL,L,9,23621.513731857867
BEL,L,10,31796.460178732497
BEN,G,0,2465.180769036507
BEN,G,1,1299.507458166949
BEN,G,2,917.0629468817452
BEN,G,3,513.1600021292143
BEN,G,4,283.72840754386846
BEN,G,5,234.51549719585375
BEN,G,6,239.31672560803494
BEN,G,7,216.70788383810063
BEN,G,8,248.62631794363162
BEN,G,9,631.5810324881093
BEN,G,10,428.8759240208456
BEN,L,0,54429.210496350854
BEN,L,1,22241.793065012513
BEN,L,2,18324.55888531512
BEN,L,3,15251.366868828803
BEN,L,4,17079.888042436643
BEN,L,5,12144.856420422588
BEN,L,6,13548.823274325847
BEN,L,7,9816.007624465909
BEN,L,8,8326.910062888548
BEN,L,9,6680.023154946217
BEN,L,10,5626.900550744832
BFA,G,0,2361.527311221611
BFA,G,1,1130.539059586078
BFA,G,2,824.700841101569
BFA,G,3,474.8964994176109
BFA,G,4,256.4090876599259
BFA,G,5,207.25203683129624
BFA,G,6,211.50105885311592
BFA,G,7,194.39965661906976
BFA,G,8,230.25044587614516
BFA,G,9,609.282935917409
BFA,G,10,426.12524936679245
BFA,L,0,46144.45518118339
BFA,L,1,18637.75633580453
BFA,L,2,14812.46146176481
BFA,L,3,12045.49022478403
BFA,L,4,13639.48464685255
BFA,L,5,9820.416626993983
BFA,L,6,11152.2391947847
BFA,L,7,8131.463582043775
BFA,L,8,6910.9041096511855
BFA,L,9,5602.351112426823
BFA,L,10,4724.470036245879
BGD,G,0,2693.1711944571553
BGD,G,1,1652.9999943519233
BGD,G,2,1098.5480616863197
BGD,G,3,579.4961120573042
BGD,G,4,342.97282663466433
BGD,G,5,294.2651728729912
BGD,G,6,302.6219571252776
BGD,G,7,271.68157672313214
BGD,G,8,289.3971531012063
BGD,G,9,624.630830435243
BGD,G,10,397.10625285986544
BGD,L,0,70143.40177972053
BGD,L,1,28024.871700648153
BGD,L,2,25383.922792060013
BGD,L,3,24509.259836074252
BGD,L,4,27092.492497016214
BGD,L,5,19143.35606337735
BGD,L,6,18775.176044533742
BGD,L,7,14155.489698643383
BGD,L,8,11418.668762982532
BGD,L,9,9109.022728727805
BGD,L,10,7894.658197847162
BGR,G,0,2625.8819735768247
BGR,G,1,3508.3479052456296
BGR,G,2,1234.4882568060098
BGR,G,3,735.4862035233708
BGR,G,4,667.9058911043998
BGR,G,5,722.1561244559125
BGR,G,6,525.4274340211011
BGR,G,7,402.683651537489
BGR,G,8,317.4490769928229
BGR,G,9,335.6279846931693
BGR,G,10,297.9669698508996
BGR,L,0,514442.9912855606
BGR,L,1,119694.52506362276
BGR,L,2,50382.112007835676
BGR,L,3,47995.08384557731
BGR,L,4,43440.45555268831
BGR,L,5,25195.91461444984
BGR,L,6,16676.5384604521
BGR,L,7,13640.584447579333
BGR,L,8,13623.663305576714
BGR,L,9,24074.709780481553
BGR,L,10,33406.29394284513
BHR,G,0,2031.7515314295517
BHR,G,1,892.8143383229013
BHR,G,2,858.3755434615531
BHR,G,3,463.2566028203968
BHR,G,4,415.356270928048
BHR,G,5,262.35519857899334
BHR,G,6,192.1100740897878
BHR,G,7,199.04756310049856
BHR,G,8,178.51473614324556
BHR,G,9,121.72806604351608
BHR,G,10,83.59032920900589
BHR,L,0,12674.35140886839
BHR,L,1,4923.387431654871
BHR,L,2,4514.434492364253
BHR,L,3,3768.4306980613087
BHR,L,4,2275.882868359703
BHR,L,5,1848.2950393867463
BHR,L,6,1778.655721353259
BHR,L,7,2428.168369846555
BHR,L,8,2069.613839291713
BHR,L,9,1449.7988204197136
BHR,L,10,1591.359680816707
BHS,G,0,2470.063487453001
BHS,G,1,1215.871943307133
BHS,G,2,1072.4704508739264
BHS,G,3,540.6705629531208
BHS,G,4,477.3660908956459
BHS,G,5,333.80105947599736
BHS,G,6,268.32816717711876
BHS,G,7,281.6631662210092
BHS,G,8,238.11953882896313
BHS,G,9,171.20616594038336
BHS,G,10,113.03436957237759
BHS,L,0,18662.915155889143
BHS,L,1,7046.890867701391
BHS,L,2,6660.179892043159
BHS,L,3,6105.46155092227
BHS,L,4,3675.2185377279884
BHS,L,5,3008.441358461524
BHS,L,6,2767.3985309481163
BHS,L,7,3843.7942374866698
BHS,L,8,3136.4916928382568
BHS,L,9,2224.0066301088123
BHS,L,10,2483.747467455042
BIH,G,0,2161.8451530042303
BIH,G,1,2476.8591438236094
BIH,G,2,1083.5825989701743
BIH,G,3,713.0604499520265
BIH,G,4,483.91602966336757
BIH,G,5,527.7083779359193
BIH,G,6,405.75561517970823
BIH,G,7,269.5889720695499
BIH,G,8,233.0132928974372
BIH,G,9,332.13097135041
BIH,G,10,374.11872678781833
BIH,L,0,83316.85384031475
BIH,L,1,30107.639464877062
BIH,L,2,23069.508149098052
BIH,L,3,19625.706009507932
BIH,L,4,11292.492718318295
BIH,L,5,7269.527434735827
BIH,L,6,6705.544743535538
BIH,L,7,6400.659678279167
BIH,L,8,6436.859036510818
BIH,L,9,6978.103596158527
BIH,L,10,7890.379407253826
BLR,G,0,2572.878532898973
BLR,G,1,2513.016309915999
BLR,G,2,953.1965367377499
BLR,G,3,626.4849577505139
BLR,G,4,720.1017676701379
BLR,G,5,653.094476753708
BLR,G,6,431.2963179562239
BLR,G,7,400.13855170520617
BLR,G,8,306.13980200402057
BLR,G,9,235.0571243253084
BLR,G,10,209.2061521941621
BLR,L,0,304548.53082699934
BLR,L,1,53845.95991147634
BLR,L,2,21036.491302907754
BLR,L,3,18925.101904949923
BLR,L,4,25184.83010998419
BLR,L,5,17774.52147288821
BLR,L,6,11120.13154966614
BLR,L,7,9286.432858831751
BLR,L,8,8491.737746333094
BLR,L,9,16264.09228439809
BLR,L,10,24448.97599896842
BLZ,G,0,3000.0067232829533
BLZ,G,1,1848.5914317907163
BLZ,G,2,1272.9203296018145
BLZ,G,3,621.2508416028372
BLZ,G,4,427.4847531934831
BLZ,G,5,365.57180394040375
BLZ,G,6,381.1880577844447
BLZ,G,7,369.1014735868074
BLZ,G,8,337.434921040405
BLZ,G,9,443.6794911758188
BLZ,G,10,265.16302080822953
BLZ,L,0,53117.640990997745
BLZ,L,1,18896.985846787687
BLZ,L,2,18959.37965605917
BLZ,L,3,24565.674754678683
BLZ,L,4,19223.88278859184
BLZ,L,5,15530.765008232751
BLZ,L,6,11755.311877375125
BLZ,L,7,13655.579064407866
BLZ,L,8,9549.099487032763
BLZ,L,9,7433.485356695232
BLZ,L,10,7829.512021623475
BMU,G,0,2415.381312244484
BMU,G,1,1295.7478359591569
BMU,G,2,1052.0656448058942
BMU,G,3,537.4116568126333
BMU,G,4,529.3073478231735
BMU,G,5,350.02381929783166
BMU,G,6,251.77874175562084
BMU,G,7,267.56994331792646
BMU,G,8,237.06790693805536
BMU,G,9,160.10268976202968
BMU,G,10,107.10862570495219
BMU,L,0,21182.582636282346
BMU,L,1,8446.991667365903
BMU,L,2,7529.254854378024
BMU,L,3,6024.713150065897
BMU,L,4,3759.1819857315904
BMU,L,5,3113.2785350059753
BMU,L,6,2972.209728369903
BMU,L,7,4081.5684103258636
BMU,L,8,3490.5860389411823
BMU,L,9,2401.2422297841426
BMU,L,10,2603.454973246824
BOL,G,0,2901.6197372479496
BOL,G,1,3765.6314964796093
BOL,G,2,1460.2955589020767
BOL,G,3,749.00023624989
BOL,G,4,665.6568201856691
BOL,G,5,669.3524682983407
BOL,G,6,528.224614502551
BOL,G,7,444.7439693498617
BOL,G,8,364.5598251294158
BOL,G,9,389.9260877149705
BOL,G,10,283.95489736828307
BOL,L,0,518426.33692497195
BOL,L,1,277326.75089243305
BOL,L,2,124564.34808854152
BOL,L,3,101032.5929906162
BOL,L,4,97177.27333033763
BOL,L,5,64477.69410816178
BOL,L,6,34902.03781266488
BOL,L,7,28454.697746659236
BOL,L,8,28556.368173964907
BOL,L,9,36448.90593473103
BOL,L,10,38358.49847680054
BRA,G,0,2935.3162456167747
BRA,G,1,2375.016940941908
BRA,G,2,1376.9413429042809
BRA,G,3,672.0230253314107
BRA,G,4,459.6247715290499
BRA,G,5,417.25117837637976
BRA,G,6,412.36967381374745
BRA,G,7,366.1773216218946
BRA,G,8,343.9946011266546
BRA,G,9,530.0641852502416
BRA,G,10,330.0966256170452
BRA,L,0,104001.77837400728
BRA,L,1,41944.48009421404
BRA,L,2,43248.22497476327
BRA,L,3,51840.65299501797
BRA,L,4,46839.552622520976
BRA,L,5,34597.43064441121
BRA,L,6,26154.087278827596
BRA,L,7,23459.785416009567
BRA,L,8,18117.7929221942
BRA,L,9,13984.338130590448
BRA,L,10,13000.01452437936
BRB,G,0,2960.1772133666477
BRB,G,1,1731.6674078598421
BRB,G,2,1210.3805348442952
BRB,G,3,602.6511115703377
BRB,G,4,397.89387280575954
BRB,G,5,338.433608795717
BRB,G,6,359.3447287626836
BRB,G,7,346.5694775806246
BRB,G,8,327.8666566263037
BRB,G,9,475.8476311082097
BRB,G,10,283.58114670748614
BRB,L,0,52287.92446809462
BRB,L,1,18479.316261544012
BRB,L,2,18243.972085829148
BRB,L,3,23527.993642725847
BRB,L,4,20105.741477340005
BRB,L,5,15963.185942559283
BRB,L,6,12176.823456918903
BRB,L,7,13264.034904766562
BRB,L,8,9262.966298408526
BRB,L,9,7373.482450261083
BRB,L,10,7594.463442842188
BRN,G,0,1593.769227125958
BRN,G,1,625.8523026193419
BRN,G,2,654.1678880615187
BRN,G,3,380.7080387929484
BRN,G,4,323.6127556919851
BRN,G,5,192.30953457599858
BRN,G,6,135.5139990022342
BRN,G,7,136.7342547314623
BRN,G,8,128.1940617634312
BRN,G,9,87.74438166365945
BRN,G,10,62.42702834780637
BRN,L,0,8412.75043185427
BRN,L,1,3298.664106778858
BRN,L,2,2991.9723001112825
BRN,L,3,2411.1174195402614
BRN,L,4,1452.738045545339
BRN,L,5,1168.5756793350683
BRN,L,6,1150.3056983352533
BRN,L,7,1545.6375864046518
BRN,L,8,1345.5801571647273
BRN,L,9,944.1696622745064
BRN,L,10,1028.4007728543113
BTN,G,0,1936.902357356198
BTN,G,1,1966.7741042018451
BTN,G,2,979.0665146815164
BTN,G,3,676.6259300171716
BTN,G,4,412.0006505234214
BTN,G,5,433.4211856635641
BTN,G,6,334.2031999583357
BTN,G,7,218.8677649275851
BTN,G,8,197.40750937508398
BTN,G,9,301.9431060170583
BTN,G,10,371.50080736035903
BTN,L,0,50028.120440246326
BTN,L,1,19056.782971373897
BTN,L,2,15666.036799408394
BTN,L,3,12558.107031204538
BTN,L,4,7056.907083299717
BTN,L,5,4717.039225257251
BTN,L,6,4605.342922956339
BTN,L,7,4612.647854691408
BTN,L,8,4621.0665630161175
BTN,L,9,4478.763026121739
BTN,L,10,4901.880780107238
BWA,G,0,2296.4772742194505
BWA,G,1,1733.86111000099
BWA,G,2,1059.2801377748233
BWA,G,3,598.0780957581292
BWA,G,4,330.91788853808174
BWA,G,5,294.86041164107996
BWA,G,6,272.7263151428267
BWA,G,7,218.27154341321014
BWA,G,8,238.4508604074206
BWA,G,9,574.0937206105466
BWA,G,10,481.3698103388119
BWA,L,0,78813.8105864394
BWA,L,1,42791.94759388067
BWA,L,2,34746.57006496074
BWA,L,3,19526.383700501847
BWA,L,4,15357.033293605265
BWA,L,5,10276.215519071802
BWA,L,6,12785.009676119964
BWA,L,7,9768.653352155141
BWA,L,8,10227.034381332991
BWA,L,9,7754.674707762533
BWA,L,10,6393.712526482489
CAF,G,0,2794.264239300962
CAF,G,1,1802.0833729571334
CAF,G,2,1174.3286748049918
CAF,G,3,603.4610764507244
CAF,G,4,371.15505639968706
CAF,G,5,322.22188709555905
CAF,G,6,332.51121754853483
CAF,G,7,300.2093337621094
CAF,G,8,307.8558101868275
CAF,G,9,597.270911975271
CAF,G,10,370.2974787656112
CAF,L,0,74211.2193291835
CAF,L,1,28925.588264275604
CAF,L,2,27391.72601179113
CAF,L,3,29309.772933697517
CAF,L,4,31311.710156621964
CAF,L,5,22532.55260694743
CAF,L,6,20035.642863808192
CAF,L,7,16156.198734895415
CAF,L,8,12518.267918600384
CAF,L,9,9956.480326436233
CAF,L,10,8911.36869417073
CAN,G,0,2515.6213004753413
CAN,G,1,2158.068969018293
CAN,G,2,860.1225540040753
CAN,G,3,583.8700122130093
CAN,G,4,696.8116693231565
CAN,G,5,587.2509344967864
CAN,G,6,385.9693585391495
CAN,G,7,378.2837632581863
CAN,G,8,293.7373250760108
CAN,G,9,211.3571333174725
CAN,G,10,189.4352954124823
CAN,L,0,217152.8578039004
CAN,L,1,41015.48966204173
CAN,L,2,16524.491989644997
CAN,L,3,14576.437138306912
CAN,L,4,19861.511704546934
CAN,L,5,14558.532415509197
CAN,L,6,9420.63236266394
CAN,L,7,7906.09152522189
CAN,L,8,7111.4049741326835
CAN,L,9,13036.543758526592
CAN,L,10,18581.555174227175
CHE,G,0,2550.1212151884097
CHE,G,1,1857.609908599193
CHE,G,2,841.9508185555383
CHE,G,3,537.0716372024478
CHE,G,4,687.6325019316769
CHE,G,5,478.2711003786504
CHE,G,6,303.32642877278477
CHE,G,7,335.6214725440854
CHE,G,8,291.76764893738095
CHE,G,9,184.34083231321884
CHE,G,10,146.7788011887177
CHE,L,0,127164.13991153828
CHE,L,1,40499.56151016663
CHE,L,2,15402.070369298657
CHE,L,3,10603.724779445334
CHE,L,4,12481.783861834088
CHE,L,5,10590.744709078093
CHE,L,6,8516.256641421987
CHE,L,7,7851.38619841778
CHE,L,8,7266.070294638424
CHE,L,9,9063.299271947719
CHE,L,10,9803.493099922845
CHL,G,0,2660.194973668482
CHL,G,1,3624.4227425525123
CHL,G,2,1281.1546689675001
CHL,G,3,743.7695898190401
CHL,G,4,661.0598998980103
CHL,G,5,712.9672646026418
CHL,G,6,528.2763922876368
CHL,G,7,405.0605651186708
CHL,G,8,323.3254698984343
CHL,G,9,352.75379207353063
CHL,G,10,305.3525311169674
CHL,L,0,605070.3851643968
CHL,L,1,158015.62359256964
CHL,L,2,62749.74131227756
CHL,L,3,57801.025985992055
CHL,L,4,50997.39974009666
CHL,L,5,28931.753115627234
CHL,L,6,19063.442808340973
CHL,L,7,15304.188049093334
CHL,L,8,15557.356007291624
CHL,L,9,26967.046938307212
CHL,L,10,35486.49638481101
CHN,G,0,1408.856221523169
CHN,G,1,947.2961288104885
CHN,G,2,678.7100689705761
CHN,G,3,482.1045053487066
CHN,G,4,226.25483052156596
CHN,G,5,194.6582746704542
CHN,G,6,154.57434006451956
CHN,G,7,112.95622210184108
CHN,G,8,124.41758156872446
CHN,G,9,238.03129614829268
CHN,G,10,294.48494230927696
CHN,L,0,20679.887311256767
CHN,L,1,9601.316586010802
CHN,L,2,8015.4802291518345
CHN,L,3,4844.4068726026335
CHN,L,4,2951.086866660062
CHN,L,5,2111.118001512678
CHN,L,6,2401.508604226636
CHN,L,7,2474.373250586175
CHN,L,8,2563.0438244444586
CHN,L,9,1945.1374531340823
CHN,L,10,1874.7285018496248
CIV,G,0,2932.3059046500175
CIV,G,1,1777.7146330378241
CIV,G,2,1211.5502510931963
CIV,G,3,606.1845706223253
CIV,G,4,393.6023136877779
CIV,G,5,337.5396440443643
CIV,G,6,356.2946651708108
CIV,G,7,337.36686609295765
CIV,G,8,326.04270544919643
CIV,G,9,511.2327380989446
CIV,G,10,305.6460476424137
CIV,L,0,58754.19125836678
CIV,L,1,21142.70808760322
CIV,L,2,20777.60097211079
CIV,L,3,26205.8410429833
CIV,L,4,23965.938386434183
CIV,L,5,18686.36748366259
CIV,L,6,14429.343429949686
CIV,L,7,14648.624854476207
CIV,L,8,10372.14094282255
CIV,L,9,8267.437730708049
CIV,L,10,8227.956852929163
CMR,G,0,2917.561948483797
CMR,G,1,2037.8780838456873
CMR,G,2,1285.7529443250771
CMR,G,3,636.9338764106449
CMR,G,4,418.13941247011167
CMR,G,5,368.6668757946303
CMR,G,6,377.50311920606515
CMR,G,7,344.15536102422277
CMR,G,8,332.48410232779923
CMR,G,9,541.508858060045
CMR,G,10,329.6723253834292
CMR,L,0,78768.5105201422
CMR,L,1,30017.009536702753
CMR,L,2,30003.175353863102
CMR,L,3,36365.25925341622
CMR,L,4,34431.92535128022
CMR,L,5,25968.07264379446
CMR,L,6,20319.48114031339
CMR,L,7,18795.36979467568
CMR,L,8,13901.596614014781
CMR,L,9,10871.666320303179
CMR,L,10,10290.966853912683
COD,G,0,2750.5380636368286
COD,G,1,1978.8229300226258
COD,G,2,1218.4561987988038
COD,G,3,626.0233208051682
COD,G,4,385.67366521996223
COD,G,5,342.25082883849393
COD,G,6,343.56424155394217
COD,G,7,299.45936445709265
COD,G,8,306.5025278696693
COD,G,9,612.0306031916958
COD,G,10,394.0105858094609
COD,L,0,92312.02738587187
COD,L,1,39094.256527280966
COD,L,2,37090.51022705147
COD,L,3,35409.53451351968
COD,L,4,37029.77470148634
COD,L,5,25277.97003469957
COD,L,6,24363.14138724148
COD,L,7,17928.61065610551
COD,L,8,15006.181322518556
COD,L,9,11750.265325972463
COD,L,10,10040.091423572288
COG,G,0,2989.2422708198023
COG,G,1,2046.7022155870657
COG,G,2,1320.3368354094287
COG,G,3,641.7722732818165
COG,G,4,440.3977131889558
COG,G,5,385.2561724127782
COG,G,6,394.53865661989545
COG,G,7,370.1033310720651
COG,G,8,343.05124719267127
COG,G,9,483.2486750708167
COG,G,10,290.6502698635015
COG,L,0,68168.9421682204
COG,L,1,25084.45313661778
COG,L,2,25424.37367892657
COG,L,3,32658.70595040265
COG,L,4,27042.03218666322
COG,L,5,21514.029467914344
COG,L,6,16074.46467877633
COG,L,7,17320.648760044536
COG,L,8,12324.583264236842
COG,L,9,9520.114118956379
COG,L,10,9616.572512797784
COL,G,0,2995.628763967889
COL,G,1,2797.2317088236314
COL,G,2,1477.7893216956254
COL,G,3,706.6564787367959
COL,G,4,529.6934768583536
COL,G,5,492.32629817603237
COL,G,6,461.24752259000644
COL,G,7,409.42325513820975
COL,G,8,363.03170529626476
COL,G,9,471.204908422607
COL,G,10,298.8484787586443
COL,L,0,129855.73236069754
COL,L,1,54092.205305884716
COL,L,2,56393.55430534631
COL,L,3,68116.89472693669
COL,L,4,53163.24138714779
COL,L,5,41339.87173711003
COL,L,6,28125.818290073785
COL,L,7,27869.470475510163
COL,L,8,21991.110811411545
COL,L,9,16900.87353536047
COL,L,10,16364.691694995436
COM,G,0,2730.943960312314
COM,G,1,1582.2462409384232
COM,G,2,1079.9579113779673
COM,G,3,569.0723922176791
COM,G,4,338.5883779283546
COM,G,5,287.55860301684373
COM,G,6,300.62408626401816
COM,G,7,275.6417010163757
COM,G,8,292.12696087696884
COM,G,9,607.8289038556935
COM,G,10,377.82770467835985
COM,L,0,62813.61157643022
COM,L,1,23960.545969874798
COM,L,2,21863.065328875164
COM,L,3,22734.712376307303
COM,L,4,25262.842379114438
COM,L,5,18309.045636131817
COM,L,6,16869.351618837478
COM,L,7,13464.910710063732
COM,L,8,10388.612532695319
COM,L,9,8409.996084129525
COM,L,10,7521.020508969915
CPV,G,0,2626.2210552926454
CPV,G,1,1826.2855831804022
CPV,G,2,1144.3097352994603
CPV,G,3,605.0174002222761
CPV,G,4,357.1396754807367
CPV,G,5,313.97489343083896
CPV,G,6,312.0204552219205
CPV,G,7,268.3484712858288
CPV,G,8,285.008978992162
CPV,G,9,634.3945232192583
CPV,G,10,427.3157104312845
CPV,L,0,87059.6086391718
CPV,L,1,38890.93258215483
CPV,L,2,34885.09584999225
CPV,L,3,28516.549547195584
CPV,L,4,29303.160625569315
CPV,L,5,19717.114936142425
CPV,L,6,21538.77814353948
CPV,L,7,15096.44034622739
CPV,L,8,13439.737589779741
CPV,L,9,10456.897751666475
CPV,L,10,8653.934424990204
CRI,G,0,3027.3645178652523
CRI,G,1,2181.713831838895
CRI,G,2,1379.033717562143
CRI,G,3,658.3971547590313
CRI,G,4,475.0467087751691
CRI,G,5,417.12881507295293
CRI,G,6,416.7037247003157
CRI,G,7,394.15827121290243
CRI,G,8,352.58710481157493
CRI,G,9,444.10178079841035
CRI,G,10,268.50736221490786
CRI,L,0,68776.1099915875
CRI,L,1,25454.366351595796
CRI,L,2,26069.886957039962
CRI,L,3,33271.37504097321
CRI,L,4,24964.77323406713
CRI,L,5,20381.208089425516
CRI,L,6,15090.408052887084
CRI,L,7,17606.42262582075
CRI,L,8,12563.300546242219
CRI,L,9,9490.298948490934
CRI,L,10,9865.210724073588
CUW,G,0,2329.2841982948617
CUW,G,1,1082.9189649623227
CUW,G,2,998.4086119818863
CUW,G,3,514.6714785254065
CUW,G,4,451.38954679716943
CUW,G,5,306.86791548925305
CUW,G,6,242.4985713304499
CUW,G,7,253.42047984108578
CUW,G,8,216.53497280412935
CUW,G,9,153.2574217033591
CUW,G,10,102.5262335878127
CUW,L,0,15961.472908915071
CUW,L,1,6037.491024185723
CUW,L,2,5681.3929868124615
CUW,L,3,5129.416285919685
CUW,L,4,3076.5271910634797
CUW,L,5,2506.515468171599
CUW,L,6,2332.102248791172
CUW,L,7,3223.866659651031
CUW,L,8,2656.3731502263004
CUW,L,9,1885.8701815676843
CUW,L,10,2103.6327430527713
CYM,G,0,2329.944448538319
CYM,G,1,1059.168935940127
CYM,G,2,990.6403606514501
CYM,G,3,512.0018128767139
CYM,G,4,439.78797009773024
CYM,G,5,301.52611876137763
CYM,G,6,243.5063636554446
CYM,G,7,254.0771884888685
CYM,G,8,215.2857811337122
CYM,G,9,154.05389501742602
CYM,G,10,103.03840689440348
CYM,L,0,15494.03551701866
CYM,L,1,5803.875130219583
CYM,L,2,5497.385054504251
CYM,L,3,5079.818727163414
CYM,L,4,3036.967685797662
CYM,L,5,2468.5041602826795
CYM,L,6,2281.551348431991
CYM,L,7,3153.2427897182674
CYM,L,8,2578.3681602628335
CYM,L,9,1844.7349336423015
CYM,L,10,2068.4795731823538
CYP,G,0,2828.4056743648
CYP,G,1,2690.695203899428
CYP,G,2,1398.6079180224374
CYP,G,3,698.3804554729667
CYP,G,4,473.9868817692719
CYP,G,5,447.89923516963034
CYP,G,6,423.28051442698336
CYP,G,7,352.6908353072619
CYP,G,8,333.4031083028573
CYP,G,9,551.5432810676964
CYP,G,10,370.7980628509097
CYP,L,0,162912.5802575665
CYP,L,1,79199.86271415648
CYP,L,2,81193.60655501469
CYP,L,3,75735.06031701398
CYP,L,4,67805.85333342386
CYP,L,5,42224.52991040866
CYP,L,6,35894.97254983361
CYP,L,7,25721.51720049047
CYP,L,8,23605.522699765865
CYP,L,9,19118.599383593795
CYP,L,10,16243.857168751734
CZE,G,0,2599.1252119654932
CZE,G,1,2002.9358096253552
CZE,G,2,892.4294728830976
CZE,G,3,557.4959114503678
CZE,G,4,710.0747637327698
CZE,G,5,507.195273813653
CZE,G,6,321.3641524665495
CZE,G,7,351.0580658072487
CZE,G,8,301.3595208989556
CZE,G,9,193.55147721570555
CZE,G,10,152.40230663427167
CZE,L,0,140110.77338540298
CZE,L,1,45742.36355444194
CZE,L,2,17242.143116515996
CZE,L,3,11780.49911554537
CZE,L,4,13655.597921552182
CZE,L,5,11629.43092033448
CZE,L,6,9265.479673850718
CZE,L,7,8631.65768968277
CZE,L,8,8025.220236239703
CZE,L,9,9908.797560252038
CZE,L,10,10752.085624446958
DEU,G,0,2653.576359672635
DEU,G,1,3201.2208225966074
DEU,G,2,1133.0438890236805
DEU,G,3,696.2624835148861
DEU,G,4,722.4840610592536
DEU,G,5,732.169342939569
DEU,G,6,501.61756134060465
DEU,G,7,421.84314326920867
DEU,G,8,323.1635987028855
DEU,G,9,287.037728522937
DEU,G,10,250.28803433093236
DEU,L,0,577571.5603048924
DEU,L,1,97784.68451015107
DEU,L,2,35562.0790594643
DEU,L,3,32832.78103667775
DEU,L,4,39502.63736809052
DEU,L,5,25329.236807066656
DEU,L,6,15283.107033044447
DEU,L,7,12548.666835804985
DEU,L,8,11995.378817295057
DEU,L,9,23829.056613768524
DEU,L,10,37067.364742609985
DJI,G,0,2916.278379097433
DJI,G,1,1496.9309019175716
DJI,G,2,1195.048414754186
DJI,G,3,586.1230575811518
DJI,G,4,433.88997776738773
DJI,G,5,348.59507076355334
DJI,G,6,353.77193210275067
DJI,G,7,365.9228239687282
DJI,G,8,307.73544802062725
DJI,G,9,297.02656404231396
DJI,G,10,183.49393732882487
DJI,L,0,29625.08291038584
DJI,L,1,10359.724794940284
DJI,L,2,10268.207132425521
DJI,L,3,12266.730822780155
DJI,L,4,7971.053021364487
DJI,L,5,6512.025708167512
DJI,L,6,5312.203910643487
DJI,L,7,7107.640716441114
DJI,L,8,5164.2843359245535
DJI,L,9,3940.015900729876
DJI,L,10,4473.175675209381
DMA,G,0,2989.637473151629
DMA,G,1,1749.787440328193
DMA,G,2,1236.9629656744858
DMA,G,3,608.6476588069119
DMA,G,4,414.12596099032237
DMA,G,5,350.9783097104236
DMA,G,6,370.28918385971093
DMA,G,7,361.89158495802224
DMA,G,8,332.1268366107559
DMA,G,9,437.7400015626318
DMA,G,10,261.3347797244619
DMA,L,0,48662.515175672954
DMA,L,1,17112.654547871418
DMA,L,2,17049.134716025317
DMA,L,3,22130.05377455705
DMA,L,4,17414.577964949713
DMA,L,5,14041.946233810933
DMA,L,6,10688.20039179559
DMA,L,7,12456.89853331041
DMA,L,8,8678.080703716789
DMA,L,9,6821.802170459555
DMA,L,10,7235.794561082557
DNK,G,0,2684.5588043071166
DNK,G,1,2648.7421370087195
DNK,G,2,1024.0680815164017
DNK,G,3,632.7586226533399
DNK,G,4,753.0581619016739
DNK,G,5,646.3195464014027
DNK,G,6,420.2328566147464
DNK,G,7,411.8330626949071
DNK,G,8,325.15837480392076
DNK,G,9,238.28656020969785
DNK,G,10,195.5766888434829
DNK,L,0,351249.2699362594
DNK,L,1,77816.23474691981
DNK,L,2,25725.973925702925
DNK,L,3,20023.500671593833
DNK,L,4,26356.048991494958
DNK,L,5,20622.3739988692
DNK,L,6,13368.871643176468
DNK,L,7,11416.26388925749
DNK,L,8,10645.373551024113
DNK,L,9,18063.63327458643
DNK,L,10,23394.498757179274
DOM,G,0,2910.4692386547
DOM,G,1,1909.929317573349
DOM,G,2,1245.183213302094
DOM,G,3,621.5579905424255
DOM,G,4,402.5492709060618
DOM,G,5,350.6632230715342
DOM,G,6,363.9352604053316
DOM,G,7,335.97141783639023
DOM,G,8,327.57253331982986
DOM,G,9,540.4921910310306
DOM,G,10,326.6361631578683
DOM,L,0,70313.15125219872
DOM,L,1,26217.549621940754
DOM,L,2,25881.855176111945
DOM,L,3,31551.64840807099
DOM,L,4,30187.856752701326
DOM,L,5,22956.84554970359
DOM,L,6,18065.104929554574
DOM,L,7,16997.20079486342
DOM,L,8,12384.537456285965
DOM,L,9,9778.833638000871
DOM,L,10,9359.279572403631
DZA,G,0,3000.250586232833
DZA,G,1,3399.7415733930347
DZA,G,2,1492.2161876303635
DZA,G,3,729.8872745301958
DZA,G,4,675.5269330588933
DZA,G,5,633.8362929051194
DZA,G,6,503.84319971893876
DZA,G,7,460.77828777576053
DZA,G,8,376.92271613943404
DZA,G,9,360.65836936185735
DZA,G,10,243.95018652465305
DZA,L,0,201918.87182543016
DZA,L,1,91061.00356234403
DZA,L,2,67721.42754110652
DZA,L,3,57534.76358705813
DZA,L,4,45390.67095589262
DZA,L,5,38823.57448878652
DZA,L,6,25155.36226397857
DZA,L,7,27135.23056044212
DZA,L,8,24106.538420625227
DZA,L,9,21018.978364817773
DZA,L,10,22167.619721557367
ECU,G,0,2872.2591200860793
ECU,G,1,3160.8775701589484
ECU,G,2,1469.4907079936386
ECU,G,3,729.9987362732493
ECU,G,4,537.2644525348906
ECU,G,5,524.8474954159544
ECU,G,6,472.14857988099106
ECU,G,7,388.9223318067836
ECU,G,8,348.5852657846349
ECU,G,9,498.0768435127007
ECU,G,10,343.59214218648265
ECU,L,0,239601.63382455293
ECU,L,1,126863.49642232317
ECU,L,2,125091.28228312654
ECU,L,3,117385.82113252711
ECU,L,4,95526.12020720508
ECU,L,5,57004.041375797424
ECU,L,6,40592.00431469737
ECU,L,7,29852.825638143673
ECU,L,8,28726.245160830917
ECU,L,9,25640.54076731185
ECU,L,10,22501.086357756474
EGY,G,0,2819.112126472613
EGY,G,1,2435.449487704751
EGY,G,2,1349.7789158142716
EGY,G,3,676.2338246314494
EGY,G,4,444.38998357275926
EGY,G,5,410.6242497091274
EGY,G,6,398.01180668640086
EGY,G,7,337.55281216290115
EGY,G,8,327.0866605901741
EGY,G,9,573.140680110081
EGY,G,10,376.40561595920417
EGY,L,0,130880.80357741112
EGY,L,1,59570.30246923128
EGY,L,2,60144.72194249076
EGY,L,3,58244.111448417854
EGY,L,4,55604.450004627935
EGY,L,5,36212.331115629866
EGY,L,6,32037.05108037291
EGY,L,7,23388.139139529278
EGY,L,8,20474.52820956328
EGY,L,9,16125.018893303299
EGY,L,10,13756.664270457512
ESP,G,0,2837.4157071273844
ESP,G,1,3825.743374332479
ESP,G,2,1418.5352480630024
ESP,G,3,751.6314184578032
ESP,G,4,667.0849270504623
ESP,G,5,687.5304299522285
ESP,G,6,532.5657172924617
ESP,G,7,434.76746084565576
ESP,G,8,354.3371242099699
ESP,G,9,385.08662055238545
ESP,G,10,294.0631670000073
ESP,L,0,767516.2343433904
ESP,L,1,381494.82686107897
ESP,L,2,121434.39101529485
ESP,L,3,98264.67285210428
ESP,L,4,97574.03926802936
ESP,L,5,57189.77867373896
ESP,L,6,31964.66396504415
ESP,L,7,24710.241911354624
ESP,L,8,25535.26734311363
ESP,L,9,38982.886273087985
ESP,L,10,43284.81163713082
EST,G,0,2540.6468739592415
EST,G,1,2106.859081829698
EST,G,2,857.7225330104807
EST,G,3,573.3346041873907
EST,G,4,701.8159839060675
EST,G,5,564.0119363463899
EST,G,6,366.85179237480304
EST,G,7,373.3376050230567
EST,G,8,296.8787597584843
EST,G,9,205.74244620804564
EST,G,10,178.60984211925958
EST,L,0,213473.9564864438
EST,L,1,43765.21591495546
EST,L,2,16659.9254220458
EST,L,3,13787.030898047278
EST,L,4,18835.229395366445
EST,L,5,14454.282182320025
EST,L,6,9649.881131243113
EST,L,7,8141.2102920454745
EST,L,8,7361.39383232182
EST,L,9,12777.08833358733
EST,L,10,16910.309751430024
ETH,G,0,1909.6431328700642
ETH,G,1,1331.423500185169
ETH,G,2,876.6803330159014
ETH,G,3,539.6055023511736
ETH,G,4,274.7730282084029
ETH,G,5,238.12430107547712
ETH,G,6,208.24844141935452
ETH,G,7,162.1942380226123
ETH,G,8,183.77005683661343
ETH,G,9,437.8502796286113
ETH,G,10,448.47964728891355
ETH,L,0,45434.53934163877
ETH,L,1,24117.52467771256
ETH,L,2,18924.55566858888
ETH,L,3,10113.031645147612
ETH,L,4,7073.19115734859
ETH,L,5,4931.72123374895
ETH,L,6,6079.53427240244
ETH,L,7,5359.228235698603
ETH,L,8,5719.838078446911
ETH,L,9,4246.924000543898
ETH,L,10,3693.9993621912404
FIN,G,0,2338.6399998059965
FIN,G,1,2163.211873457691
FIN,G,2,849.5031786617795
FIN,G,3,613.940014767137
FIN,G,4,639.5152154707866
FIN,G,5,631.6418740480863
FIN,G,6,434.97758333428595
FIN,G,7,359.4725170293643
FIN,G,8,264.62818918030297
FIN,G,9,223.6089558791321
FIN,G,10,230.03351428193722
FIN,L,0,125913.55630110997
FIN,L,1,25967.391071681905
FIN,L,2,14048.397287662772
FIN,L,3,14956.124118690926
FIN,L,4,15731.817031627847
FIN,L,5,10283.068966834697
FIN,L,6,6965.15204289034
FIN,L,7,6175.8173782321155
FIN,L,8,5518.405404900924
FIN,L,9,9489.420289654217
FIN,L,10,14866.768364135845
FJI,G,0,3004.731210735266
FJI,G,1,1750.320498364402
FJI,G,2,1259.6186779711836
FJI,G,3,612.8933762637078
FJI,G,4,432.4506840638665
FJI,G,5,363.63258745883684
FJI,G,6,378.38646349635553
FJI,G,7,375.69495026214884
FJI,G,8,333.40894665402345
FJI,G,9,393.7168854958273
FJI,G,10,236.5343604440382
FJI,L,0,44097.542105068555
FJI,L,1,15497.148938604758
FJI,L,2,15517.59239281568
FJI,L,3,19836.69584354512
FJI,L,4,14357.079162419264
FJI,L,5,11716.66421864535
FJI,L,6,9037.255506040048
FJI,L,7,11230.735127998149
FJI,L,8,7881.653654006102
FJI,L,9,6096.998546297439
FJI,L,10,6647.71694769735
FRA,G,0,2786.146794621768
FRA,G,1,3363.8874986118435
FRA,G,2,1218.7325314082946
FRA,G,3,700.5403666473484
FRA,G,4,753.2053821103366
FRA,G,5,723.7598842848746
FRA,G,6,494.71765345551887
FRA,G,7,444.3010740716505
FRA,G,8,346.83311820665784
FRA,G,9,292.2444251525141
FRA,G,10,232.77238322171374
FRA,L,0,719998.6604447014
FRA,L,1,164688.60757318005
FRA,L,2,46616.67891674825
FRA,L,3,36779.04746875488
FRA,L,4,46594.97906589237
FRA,L,5,34072.55992569522
FRA,L,6,19805.385168695833
FRA,L,7,16548.506182996334
FRA,L,8,16029.885539966988
FRA,L,9,28692.997836889142
FRA,L,10,38553.34963341371
GAB,G,0,2976.841775581654
GAB,G,1,1815.8364074181977
GAB,G,2,1322.2926936142107
GAB,G,3,627.7733004803532
GAB,G,4,495.3846521261707
GAB,G,5,406.095745292199
GAB,G,6,387.94861830211266
GAB,G,7,394.8739238604302
GAB,G,8,330.0167536394883
GAB,G,9,308.9127509248078
GAB,G,10,190.36222423714517
GAB,L,0,38402.133746486346
GAB,L,1,13909.153459775996
GAB,L,2,13858.069324995286
GAB,L,3,15769.394813507264
GAB,L,4,10028.81930127474
GAB,L,5,8326.8653162029
GAB,L,6,6806.122117812318
GAB,L,7,9277.859767520647
GAB,L,8,6847.459871676812
GAB,L,9,5029.734422292818
GAB,L,10,5633.637181434093
GBR,G,0,2736.962461379822
GBR,G,1,2864.373968627864
GBR,G,2,1093.2964153446658
GBR,G,3,653.8270104001871
GBR,G,4,763.6229004667857
GBR,G,5,670.6706554868977
GBR,G,6,439.64910562761804
GBR,G,7,424.9976822991845
GBR,G,8,335.36363400905526
GBR,G,9,252.15583615282424
GBR,G,10,202.1397437085636
GBR,L,0,404461.7616806977
GBR,L,1,97940.67932658095
GBR,L,2,30853.025345919217
GBR,L,3,23379.760996250887
GBR,L,4,29932.70906503949
GBR,L,5,23678.859536325133
GBR,L,6,15172.80786795452
GBR,L,7,13096.474522647019
GBR,L,8,12358.684998933597
GBR,L,9,20326.49329548731
GBR,L,10,25834.830613697537
GEO,G,0,2690.678737174518
GEO,G,1,2859.4481365503116
GEO,G,2,1065.8392762566843
GEO,G,3,655.5427123346531
GEO,G,4,752.1549637590723
GEO,G,5,683.8533103228086
GEO,G,6,450.80178645242563
GEO,G,7,422.297640290097
GEO,G,8,328.082020704251
GEO,G,9,254.04703161684964
GEO,G,10,211.61705297177122
GEO,L,0,464334.222234263
GEO,L,1,89230.4913214057
GEO,L,2,29182.44297277607
GEO,L,3,23872.05614510545
GEO,L,4,31792.647336803853
GEO,L,5,23584.118702973934
GEO,L,6,14513.074865671628
GEO,L,7,12147.47073668451
GEO,L,8,11396.881757838966
GEO,L,9,21033.530671090197
GEO,L,10,29323.540141658304
GHA,G,0,2889.6216003466957
GHA,G,1,1688.6888724526239
GHA,G,2,1163.92713941225
GHA,G,3,591.4857677657815
GHA,G,4,373.9949720637207
GHA,G,5,318.79483788788593
GHA,G,6,338.5597041897148
GHA,G,7,319.80941473594623
GHA,G,8,317.04903924299845
GHA,G,9,533.931272640022
GHA,G,10,320.07761931682813
GHA,L,0,57613.10253544882
GHA,L,1,20752.274669701164
GHA,L,2,20032.182937775626
GHA,L,3,24562.534784898584
GHA,L,4,23909.02744865124
GHA,L,5,18361.543256182063
GHA,L,6,14554.645727091238
GHA,L,7,14020.752360342805
GHA,L,8,10017.50308194066
GHA,L,9,8083.583926674469
GHA,L,10,7885.717728874132
GIN,G,0,2703.8064979268465
GIN,G,1,1642.6938302629196
GIN,G,2,1096.9730665206714
GIN,G,3,578.067306419861
GIN,G,4,342.8062420019653
GIN,G,5,293.6119271823507
GIN,G,6,303.00381803523044
GIN,G,7,273.2146061239301
GIN,G,8,290.50686878554427
GIN,G,9,621.2354913242173
GIN,G,10,392.67809501689146
GIN,L,0,68766.9264482859
GIN,L,1,27186.401565845303
GIN,L,2,24692.736732914746
GIN,L,3,24286.79686512497
GIN,L,4,26905.01191383487
GIN,L,5,19115.1593230778
GIN,L,6,18463.159787201774
GIN,L,7,14090.643257257156
GIN,L,8,11247.68192021564
GIN,L,9,8998.749706394541
GIN,L,10,7852.041421759656
GMB,G,0,2915.3464565534005
GMB,G,1,1682.035378196928
GMB,G,2,1171.6351473710276
GMB,G,3,592.2523012748901
GMB,G,4,379.17180266884213
GMB,G,5,322.31967666228707
GMB,G,6,343.575457301577
GMB,G,7,327.8198279455015
GMB,G,8,320.1599335141218
GMB,G,9,512.146209366162
GMB,G,10,305.8303070924705
GMB,L,0,54561.65365649115
GMB,L,1,19420.47411653766
GMB,L,2,18877.513656437695
GMB,L,3,23712.77525719982
GMB,L,4,22092.40265230364
GMB,L,5,17198.35557783159
GMB,L,6,13381.88455682397
GMB,L,7,13523.151893279055
GMB,L,8,9542.642187990456
GMB,L,9,7690.5807380659035
GMB,L,10,7672.907359504082
GNB,G,0,2904.2000539285323
GNB,G,1,1589.7860323832429
GNB,G,2,1133.7294192112115
GNB,G,3,578.4194954225923
GNB,G,4,366.8377774686616
GNB,G,5,308.9094943390324
GNB,G,6,332.59859352024563
GNB,G,7,320.74254694138153
GNB,G,8,314.94498479180817
GNB,G,9,504.90362170828695
GNB,G,10,301.2980882583452
GNB,L,0,49951.211293081615
GNB,L,1,17545.969562698232
GNB,L,2,16909.26262091629
GNB,L,3,21280.20323318066
GNB,L,4,19896.43962504359
GNB,L,5,15520.000382752149
GNB,L,6,12100.93161005499
GNB,L,7,12340.778211616202
GNB,L,8,8661.001337716754
GNB,L,9,7054.004395764844
GNB,L,10,7102.197766874387
GNQ,G,0,2917.8956276985905
GNQ,G,1,2052.0330515443557
GNQ,G,2,1289.869136027183
GNQ,G,3,638.5440914620018
GNQ,G,4,419.76863167293055
GNQ,G,5,370.60033831283494
GNQ,G,6,378.9063731910919
GNQ,G,7,344.93361974038993
GNQ,G,8,332.94230474329316
GNQ,G,9,541.6830452774175
GNQ,G,10,330.10324704235563
GNQ,L,0,79799.12792960876
GNQ,L,1,30490.797293810043
GNQ,L,2,30515.999849020885
GNQ,L,3,36947.402555199995
GNQ,L,4,34954.46175159682
GNQ,L,5,26328.975730934497
GNQ,L,6,20592.722388658647
GNQ,L,7,18999.59492595534
GNQ,L,8,14081.047368830965
GNQ,L,9,11002.265359167446
GNQ,L,10,10399.642570115067
GRC,G,0,2834.518016428471
GRC,G,1,3822.234386024264
GRC,G,2,1422.1601170785705
GRC,G,3,752.5125153998971
GRC,G,4,661.7109781013598
GRC,G,5,682.9611915359742
GRC,G,6,531.9131476822956
GRC,G,7,432.45776200827976
GRC,G,8,353.57176949794564
GRC,G,9,389.44376310879676
GRC,G,10,297.42592476504586
GRC,L,0,749822.7950706251
GRC,L,1,384024.6387180177
GRC,L,2,125765.90202797756
GRC,L,3,101824.49345875591
GRC,L,4,99063.89079235848
GRC,L,5,57221.79324455244
GRC,L,6,32295.343441344517
GRC,L,7,24823.582014049374
GRC,L,8,25732.075990131758
GRC,L,9,38841.995274502086
GRC,L,10,42626.28511104708
GRD,G,0,2905.40990403771
GRD,G,1,1683.6230691755557
GRD,G,2,1168.1299325669372
GRD,G,3,591.7757098340721
GRD,G,4,376.9305868924299
GRD,G,5,320.73502230638843
GRD,G,6,341.4749159772132
GRD,G,7,324.5715962689667
GRD,G,8,318.9300584719992
GRD,G,9,520.8199060284865
GRD,G,10,311.40920978791706
GRD,L,0,55702.952525165434
GRD,L,1,19910.98025724765
GRD,L,2,19301.05899886372
GRD,L,3,24033.517399688957
GRD,L,4,22793.4273700535
GRD,L,5,17653.402849049675
GRD,L,6,13826.162924581344
GRD,L,7,13714.819162103628
GRD,L,8,9720.54916298929
GRD,L,9,7840.161106913096
GRD,L,10,7754.518878515626
GTM,G,0,3022.8338316220634
GTM,G,1,2627.7561964583238
GTM,G,2,1465.119827858621
GTM,G,3,695.2653157562315
GTM,G,4,522.9388051225358
GTM,G,5,476.8139022477285
GTM,G,6,452.7736682888381
GTM,G,7,412.38113685622625
GTM,G,8,363.78771553892295
GTM,G,9,454.0664333329354
GTM,G,10,282.5137618703852
GTM,L,0,103580.9125550171
GTM,L,1,41094.38238594372
GTM,L,2,42667.988492483455
GTM,L,3,52611.37160039973
GTM,L,4,39414.7737157367
GTM,L,5,31925.87472749511
GTM,L,6,22384.898540588587
GTM,L,7,24437.80549651733
GTM,L,8,18410.46150655947
GTM,L,9,13830.79749055106
GTM,L,10,13878.366508615016
GUY,G,0,2974.5218391686635
GUY,G,1,1754.1513508012638
GUY,G,2,1226.3979254714025
GUY,G,3,607.0201275265925
GUY,G,4,405.9407628461864
GUY,G,5,345.36652631041034
GUY,G,6,365.43527115909495
GUY,G,7,353.7058994312162
GUY,G,8,330.5539722798749
GUY,G,9,462.3339074141471
GUY,G,10,275.6278526245135
GUY,L,0,51601.070705064536
GUY,L,1,18223.88253575544
GUY,L,2,18083.74479030491
GUY,L,3,23429.07957828449
GUY,L,4,19375.788374574433
GUY,L,5,15484.942304317598
GUY,L,6,11772.735020962391
GUY,L,7,13163.95668046902
GUY,L,8,9180.351431083012
GUY,L,9,7264.064298181444
GUY,L,10,7561.523856671332
HKG,G,0,2828.955217240973
HKG,G,1,3816.596577265473
HKG,G,2,1424.281508028415
HKG,G,3,753.3736435878378
HKG,G,4,655.8052986537558
HKG,G,5,678.2285909883215
HKG,G,6,531.0139243517858
HKG,G,7,429.4723556522324
HKG,G,8,352.31834209118864
HKG,G,9,393.939242247284
HKG,G,10,301.38277765920697
HKG,L,0,734568.5081182867
HKG,L,1,385864.79276608065
HKG,L,2,129890.61539763537
HKG,L,3,105184.15493614117
HKG,L,4,99889.7303309167
HKG,L,5,56703.72116204767
HKG,L,6,32461.68746613228
HKG,L,7,24786.69898023945
HKG,L,8,25791.74423520041
HKG,L,9,38578.48213882012
HKG,L,10,41876.503419693996
HND,G,0,2994.592425265151
HND,G,1,2242.0883975416978
HND,G,2,1372.765054303621
HND,G,3,661.76657452748
HND,G,4,463.5399974641336
HND,G,5,412.4633320390373
HND,G,6,413.13126181895325
HND,G,7,380.9018447709481
HND,G,8,349.65010847482387
HND,G,9,486.654712007386
HND,G,10,295.86902059570707
HND,L,0,80900.40642465279
HND,L,1,30653.28497874075
HND,L,2,31491.883667082213
HND,L,3,40117.673385320835
HND,L,4,32864.38810466447
HND,L,5,26038.090623104792
HND,L,6,19132.72548189584
HND,L,7,20174.369932817965
HND,L,8,14640.441876758643
HND,L,9,11179.272702109438
HND,L,10,11120.860465405556
HRV,G,0,2740.331421447254
HRV,G,1,2423.02413264448
HRV,G,2,1064.1477353817277
HRV,G,3,613.3537414343157
HRV,G,4,754.8201955234293
HRV,G,5,574.6195449726671
HRV,G,6,368.3691002301143
HRV,G,7,389.878695869035
HRV,G,8,327.48637221084476
HRV,G,9,221.003229817036
HRV,G,10,165.202799452408
HRV,L,0,150687.40696754743
HRV,L,1,58286.215896943846
HRV,L,2,23858.077689023667
HRV,L,3,15664.567331971291
HRV,L,4,16167.068652234066
HRV,L,5,14058.133173890605
HRV,L,6,11282.258771503977
HRV,L,7,11360.755505772979
HRV,L,8,10685.380018715467
HRV,L,9,11486.014473493267
HRV,L,10,12301.234680081987
HTI,G,0,2862.800408138659
HTI,G,1,1752.4896006482877
HTI,G,2,1177.1912521145205
HTI,G,3,598.9634735443414
HTI,G,4,375.8980264116847
HTI,G,5,323.2390138017111
HTI,G,6,339.41472103917937
HTI,G,7,314.91435816121157
HTI,G,8,315.7404574840975
HTI,G,9,559.3800772119057
HTI,G,10,338.3305937647352
HTI,L,0,64461.35782927733
HTI,L,1,23839.8124897134
HTI,L,2,22943.71061795842
HTI,L,3,27084.210485935728
HTI,L,4,27445.44128983301
HTI,L,5,20638.11655857321
HTI,L,6,16849.545907294167
HTI,L,7,15230.810789755447
HTI,L,8,11150.166179246597
HTI,L,9,8942.043500600064
HTI,L,10,8449.978120947808
HUN,G,0,2766.0423006738047
HUN,G,1,3231.9278779009073
HUN,G,2,1179.0635632778956
HUN,G,3,688.8432953183886
HUN,G,4,757.2268249622847
HUN,G,5,715.6350616573827
HUN,G,6,482.747984889435
HUN,G,7,439.8378641706398
HUN,G,8,342.84777983046865
HUN,G,9,280.7972337684464
HUN,G,10,225.71702128158682
HUN,L,0,643370.9239567429
HUN,L,1,139626.73601136723
HUN,L,2,40870.46087956928
HUN,L,3,32331.38832666424
HUN,L,4,41582.415894804624
HUN,L,5,30786.573212315616
HUN,L,6,18241.25184011122
HUN,L,7,15293.925224814899
HUN,L,8,14685.794725496977
HUN,L,9,26416.23812724767
HUN,L,10,35763.14958542234
IDN,G,0,2699.866554008298
IDN,G,1,1632.798552048835
IDN,G,2,1092.4773774452226
IDN,G,3,576.4390150253301
IDN,G,4,341.27699751158565
IDN,G,5,292.01061361310127
IDN,G,6,301.4482290015986
IDN,G,7,271.954793911951
IDN,G,8,289.6635610899369
IDN,G,9,621.821565083478
IDN,G,10,393.27812298614947
IDN,L,0,68277.64378907744
IDN,L,1,26980.40596220535
IDN,L,2,24456.1251700742
IDN,L,3,23998.835081892837
IDN,L,4,26625.173016690238
IDN,L,5,18921.342139140597
IDN,L,6,18320.488203024703
IDN,L,7,13969.561091905312
IDN,L,8,11154.907379430493
IDN,L,9,8929.707337393716
IDN,L,10,7788.916905097537
IND,G,0,2426.9249489390695
IND,G,1,1400.823981619165
IND,G,2,956.6514524588172
IND,G,3,533.73799499501
IND,G,4,294.4128104705296
IND,G,5,247.3328228647136
IND,G,6,246.63676965884972
IND,G,7,216.8199964012731
IND,G,8,247.2031715104972
IND,G,9,635.7276707652867
IND,G,10,449.4741636651417
IND,L,0,61472.9866288593
IND,L,1,27016.31785964785
IND,L,2,22085.390398016643
IND,L,3,16618.615124716438
IND,L,4,17430.93855800458
IND,L,5,12157.321523674416
IND,L,6,14393.131845325866
IND,L,7,10237.331961537559
IND,L,8,9205.111009113682
IND,L,9,7181.749625517745
IND,L,10,5915.471293755777
IRL,G,0,2730.559430252417
IRL,G,1,3203.982459562682
IRL,G,2,1155.2409105337413
IRL,G,3,688.2230473009281
IRL,G,4,749.5114975176483
IRL,G,5,720.8279154051554
IRL,G,6,486.6289592726556
IRL,G,7,435.00892713742815
IRL,G,8,336.764963534275
IRL,G,9,280.2268302179846
IRL,G,10,231.1180692548106
IRL,L,0,677943.1256829614
IRL,L,1,125642.25043944918
IRL,L,2,38452.9970310284
IRL,L,3,31940.281957408206
IRL,L,4,41531.500992616675
IRL,L,5,29361.087557331703
IRL,L,6,17273.81439954336
IRL,L,7,14267.081506422597
IRL,L,8,13656.34097606844
IRL,L,9,26104.577299306984
IRL,L,10,37426.57922772916
IRN,G,0,2916.7655701606313
IRN,G,1,3729.0057939605467
IRN,G,2,1434.1764395209448
IRN,G,3,740.6478725687441
IRN,G,4,699.2105032167001
IRN,G,5,689.752796178677
IRN,G,6,524.5007019268415
IRN,G,7,456.34278216998996
IRN,G,8,368.1938094924867
IRN,G,9,360.05888509737156
IRN,G,10,261.66269753757064
IRN,L,0,485638.89937090204
IRN,L,1,233028.02562369165
IRN,L,2,95615.58713594062
IRN,L,3,74096.94352343239
IRN,L,4,74596.93593660025
IRN,L,5,55641.91265511137
IRN,L,6,30670.456289330097
IRN,L,7,26687.67016854007
IRN,L,8,26248.56793621801
IRN,L,9,33535.81549243519
IRN,L,10,36974.57115482778
IRQ,G,0,3023.7723407960875
IRQ,G,1,2269.068147155796
IRQ,G,2,1433.266299154409
IRQ,G,3,669.1425325927542
IRQ,G,4,567.4414328221635
IRQ,G,5,479.45729684210386
IRQ,G,6,426.69547702396346
IRQ,G,7,425.0572267369159
IRQ,G,8,353.3160120989145
IRQ,G,9,323.6471005452736
IRQ,G,10,201.57051080816288
IRQ,L,0,55947.62094044121
IRQ,L,1,21290.61637991741
IRQ,L,2,20949.867342100115
IRQ,L,3,22110.78788553427
IRQ,L,4,14099.511193966026
IRQ,L,5,11967.58243455308
IRQ,L,6,9650.655849239849
IRQ,L,7,13178.134344515433
IRQ,L,8,10006.324272490237
IRQ,L,9,7131.7194103454
IRQ,L,10,7834.899296383167
ISL,G,0,2345.8290756359265
ISL,G,1,2028.5515239629492
ISL,G,2,810.1917107930811
ISL,G,3,589.593418033411
ISL,G,4,640.743430252589
ISL,G,5,601.0555225452747
ISL,G,6,411.37595675277925
ISL,G,7,358.81857349276567
ISL,G,8,265.1192998230823
ISL,G,9,211.6285680224485
ISL,G,10,213.95948968024348
ISL,L,0,126488.3862166047
ISL,L,1,25203.960560437754
ISL,L,2,13067.580186361905
ISL,L,3,13585.973075190488
ISL,L,4,15548.56646766567
ISL,L,5,10379.245742340032
ISL,L,6,6897.288398716434
ISL,L,7,6037.319148076463
ISL,L,8,5343.126533357248
ISL,L,9,9434.854387788515
ISL,L,10,14785.535237482401
ISR,G,0,3018.3405116524214
ISR,G,1,3014.9906759869787
ISR,G,2,1511.9812156239923
ISR,G,3,719.591503751953
ISR,G,4,575.0718350030646
ISR,G,5,537.8748025607815
ISR,G,6,482.8020922411022
ISR,G,7,432.428719012148
ISR,G,8,371.3704737498624
ISR,G,9,432.22469583069176
ISR,G,10,277.8252929652617
ISR,L,0,143230.32036806399
ISR,L,1,60678.751850911816
ISR,L,2,60852.55277219864
ISR,L,3,68946.6488421499
ISR,L,4,50602.076302618734
ISR,L,5,41131.94409714059
ISR,L,6,27130.2373927425
ISR,L,7,28759.99042776969
ISR,L,8,23181.748016423542
ISR,L,9,17943.03062345435
ISR,L,10,17950.62863444605
ITA,G,0,2846.2102869591135
ITA,G,1,3639.899647014401
ITA,G,2,1325.7541083778658
ITA,G,3,725.4657658427315
ITA,G,4,734.6721031522222
ITA,G,5,723.9524465906459
ITA,G,6,516.8129529516652
ITA,G,7,452.8724085190527
ITA,G,8,357.63505152618944
ITA,G,9,323.81530890916713
ITA,G,10,248.67258935396333
ITA,L,0,752421.9354458909
ITA,L,1,244765.73988879734
ITA,L,2,67819.69324943743
ITA,L,3,52269.50733737185
ITA,L,4,61677.80681052274
ITA,L,5,44568.944607095305
ITA,L,6,24853.844928243143
ITA,L,7,20805.67286667388
ITA,L,8,20566.514330093814
ITA,L,9,33682.27509055061
ITA,L,10,42034.89597174849
JAM,G,0,3014.6499272366877
JAM,G,1,1835.7016906560043
JAM,G,2,1288.416216357564
JAM,G,3,623.1268828500959
JAM,G,4,442.5942446527186
JAM,G,5,375.2862928693732
JAM,G,6,387.058858304117
JAM,G,7,380.9506554995304
JAM,G,8,338.34799370997274
JAM,G,9,403.2970332718185
JAM,G,10,242.15427452452175
JAM,L,0,47960.326142668826
JAM,L,1,17004.356605128014
JAM,L,2,17104.80243831672
JAM,L,3,21856.834005941982
JAM,L,4,15864.728400696766
JAM,L,5,12971.828545872124
JAM,L,6,9943.352216528394
JAM,L,7,12283.125612762211
JAM,L,8,8631.074186417647
JAM,L,9,6632.68984132581
JAM,L,10,7177.904032326188
JOR,G,0,3033.67369041502
JOR,G,1,3033.326012121541
JOR,G,2,1517.6608197857443
JOR,G,3,719.5473655815789
JOR,G,4,597.421211063587
JOR,G,5,553.8480955829808
JOR,G,6,486.08556016639784
JOR,G,7,443.2402699374871
JOR,G,8,374.54023154087497
JOR,G,9,405.4044642256181
JOR,G,10,260.6867598268301
JOR,L,0,134209.0219738005
JOR,L,1,56251.50241906578
JOR,L,2,54742.15307491505
JOR,L,3,58930.700384643984
JOR,L,4,41900.00696659831
JOR,L,5,35226.954098838716
JOR,L,6,23815.0292129909
JOR,L,7,27035.83581878254
JOR,L,8,21722.73196981053
JOR,L,9,16597.086620065893
JOR,L,10,17061.852185270796
JPN,G,0,2655.1879720801307
JPN,G,1,3488.698429741264
JPN,G,2,1376.0982160140713
JPN,G,3,752.4635599776042
JPN,G,4,569.1541654634525
JPN,G,5,600.2891617402718
JPN,G,6,490.8870687123084
JPN,G,7,366.834262278832
JPN,G,8,317.22971586431385
JPN,G,9,437.9799796003975
JPN,G,10,363.96492065165023
JPN,L,0,380282.3182362552
JPN,L,1,204863.81977500452
JPN,L,2,116561.65988985793
JPN,L,3,84153.52405206967
JPN,L,4,54026.21924018738
JPN,L,5,29517.292345810278
JPN,L,6,23745.519440304008
JPN,L,7,18105.835898192254
JPN,L,8,19610.352195114945
JPN,L,9,24477.811541039147
JPN,L,10,24292.34513599157
KAZ,G,0,2536.6727270437455
KAZ,G,1,2210.9171038946747
KAZ,G,2,877.3668887651108
KAZ,G,3,589.2029721086815
KAZ,G,4,704.7820271349945
KAZ,G,5,594.1073846818207
KAZ,G,6,389.27769746127603
KAZ,G,7,382.170868261429
KAZ,G,8,297.60111744714544
KAZ,G,9,214.10748336769328
KAZ,G,10,189.77097412244592
KAZ,L,0,232935.34121299058
KAZ,L,1,44217.427007997256
KAZ,L,2,17363.27489010951
KAZ,L,3,15082.343061158343
KAZ,L,4,20587.475164191004
KAZ,L,5,15207.325336847412
KAZ,L,6,9835.839012788461
KAZ,L,7,8250.363696348208
KAZ,L,8,7451.969507827723
KAZ,L,9,13617.853860873554
KAZ,L,10,19207.634198147323
KEN,G,0,2834.9423732968094
KEN,G,1,2724.0343512062677
KEN,G,2,1405.9579004570462
KEN,G,3,700.9783644513566
KEN,G,4,478.7376941814953
KEN,G,5,453.37349417493317
KEN,G,6,427.3213739053113
KEN,G,7,355.998588834105
KEN,G,8,335.05867622451785
KEN,G,9,547.3849754354469
KEN,G,10,368.0685558130341
KEN,L,0,166587.7377467528
KEN,L,1,81167.74200669123
KEN,L,2,83428.86207774865
KEN,L,3,78464.6303387789
KEN,L,4,69802.85181563828
KEN,L,5,43421.42441083418
KEN,L,6,36351.8540850828
KEN,L,7,26154.00120128561
KEN,L,8,24013.453509588766
KEN,L,9,19518.314061077213
KEN,L,10,16628.52453761296
KGZ,G,0,2398.300870175083
KGZ,G,1,2590.9728567320713
KGZ,G,2,970.5488740640589
KGZ,G,3,667.1518032325815
KGZ,G,4,649.8184549589724
KGZ,G,5,687.8454516370931
KGZ,G,6,477.84355344676544
KGZ,G,7,368.89862539490167
KGZ,G,8,276.1227736929319
KGZ,G,9,257.9894943883664
KGZ,G,10,261.40907219504913
KGZ,L,0,163995.1285893129
KGZ,L,1,35266.68727405036
KGZ,L,2,19217.46422536217
KGZ,L,3,20425.13706072449
KGZ,L,4,19185.860908791525
KGZ,L,5,12113.41707768085
KGZ,L,6,8391.442587817115
KGZ,L,7,7431.35086481968
KGZ,L,8,6853.655051049637
KGZ,L,9,11546.773560649604
KGZ,L,10,17701.059214213397
KHM,G,0,2822.7839458917347
KHM,G,1,1552.633408378442
KHM,G,2,1091.3889249737153
KHM,G,3,567.7210861700622
KHM,G,4,346.97292317132957
KHM,G,5,292.4167245768942
KHM,G,6,312.4360997926417
KHM,G,7,295.282046146187
KHM,G,8,303.04532613105516
KHM,G,9,558.8668802959967
KHM,G,10,337.4892961270035
KHM,L,0,54558.15840282813
KHM,L,1,19659.987272098104
KHM,L,2,18434.759014000963
KHM,L,3,21577.850497958265
KHM,L,4,22554.722265296514
KHM,L,5,17039.818187790832
KHM,L,6,14106.34812796411
KHM,L,7,12777.022851806265
KHM,L,8,9261.068745364772
KHM,L,9,7593.220841730395
KHM,L,10,7236.755927901652
KNA,G,0,2979.1474085530376
KNA,G,1,1766.8061021921865
KNA,G,2,1233.415550342535
KNA,G,3,609.1036168446487
KNA,G,4,409.2176276993813
KNA,G,5,348.35724102872086
KNA,G,6,367.89371986360277
KNA,G,7,356.2616187213514
KNA,G,8,331.63445686325747
KNA,G,9,458.6244833018181
KNA,G,10,273.49218039468946
KNA,L,0,51664.77590991813
KNA,L,1,18258.388181315706
KNA,L,2,18151.964161276366
KNA,L,3,23534.922638858574
KNA,L,4,19267.458075526385
KNA,L,5,15428.55012950304
KNA,L,6,11719.258710344377
KNA,L,7,13201.602589517279
KNA,L,8,9207.242972791746
KNA,L,9,7267.1622364716995
KNA,L,10,7584.6230034448
KOR,G,0,2147.143830163889
KOR,G,1,2350.3167393454114
KOR,G,2,1112.0806923196242
KOR,G,3,702.0517453561134
KOR,G,4,437.4023849123313
KOR,G,5,455.54119456126807
KOR,G,6,364.1895249975744
KOR,G,7,247.68610033410462
KOR,G,8,228.43441891907446
KOR,G,9,373.9868988412962
KOR,G,10,411.1083070537397
KOR,L,0,80558.01150298535
KOR,L,1,34072.012038222405
KOR,L,2,27418.246611076185
KOR,L,3,19681.37913848269
KOR,L,4,11092.244951427392
KOR,L,5,7210.118770407107
KOR,L,6,7210.914716354306
KOR,L,7,6775.791868203934
KOR,L,8,7059.03363543002
KOR,L,9,6820.7338344771715
KOR,L,10,7051.336205085328
KWT,G,0,1466.2846480808166
KWT,G,1,573.2760761944453
KWT,G,2,591.7084696800811
KWT,G,3,352.5180203256102
KWT,G,4,303.7202280731261
KWT,G,5,173.77309625473265
KWT,G,6,117.86204708045184
KWT,G,7,119.07013507729121
KWT,G,8,116.27081753644626
KWT,G,9,78.97637368462858
KWT,G,10,56.68946450959537
KWT,L,0,7876.917641757713
KWT,L,1,3161.5812898719555
KWT,L,2,2799.3804353593696
KWT,L,3,2137.0077024374687
KWT,L,4,1308.3878249424615
KWT,L,5,1054.0849451130755
KWT,L,6,1057.9967235227687
KWT,L,7,1406.622655963094
KWT,L,8,1248.837385798035
KWT,L,9,866.3397441056127
KWT,L,10,929.3356927589085
LAO,G,0,2448.848043524446
LAO,G,1,1568.1538948118093
LAO,G,2,1025.6621018942328
LAO,G,3,564.9639328541343
LAO,G,4,316.03193205010405
LAO,G,5,271.5881647459389
LAO,G,6,266.58207683604394
LAO,G,7,228.37022849007872
LAO,G,8,254.62851975445835
LAO,G,9,635.515472189372
LAO,G,10,457.82933967404404
LAO,L,0,72014.67585256335
LAO,L,1,33505.37524719505
LAO,L,2,27832.693398943728
LAO,L,3,19763.96047893884
LAO,L,4,19540.63798716968
LAO,L,5,13344.681279777917
LAO,L,6,16066.538598828898
LAO,L,7,11344.019976388458
LAO,L,8,10603.58510623751
LAO,L,9,8151.869548642815
LAO,L,10,6648.779525460163
LBN,G,0,2844.53275525586
LBN,G,1,2225.1741728218394
LBN,G,2,1295.1853349821788
LBN,G,3,639.673559020122
LBN,G,4,679.1013474670634
LBN,G,5,515.3508443740551
LBN,G,6,368.9559703596247
LBN,G,7,387.9451840124177
LBN,G,8,327.65931986031893
LBN,G,9,234.15484810230703
LBN,G,10,155.3467810845833
LBN,L,0,55297.25480860419
LBN,L,1,23087.591212900716
LBN,L,2,18630.002388388642
LBN,L,3,14046.591648475534
LBN,L,4,9639.30605777367
LBN,L,5,8315.170952431448
LBN,L,6,7446.06152230821
LBN,L,7,9955.77755588037
LBN,L,8,8598.13331461898
LBN,L,9,6061.807641189401
LBN,L,10,6481.828170006022
LBR,G,0,2858.9703656270217
LBR,G,1,1807.02702744385
LBR,G,2,1194.4909246707612
LBR,G,3,606.1919576165552
LBR,G,4,381.2952172501979
LBR,G,5,329.88839311043574
LBR,G,6,344.032590538997
LBR,G,7,316.4304195330361
LBR,G,8,317.03870232699614
LBR,G,9,566.0225270338715
LBR,G,10,343.95707675727203
LBR,L,0,68652.21966948705
LBR,L,1,25755.040764100486
LBR,L,2,24868.53853235238
LBR,L,3,28968.69058575065
LBR,L,4,29511.680295672348
LBR,L,5,21994.922940121745
LBR,L,6,18118.975343133465
LBR,L,7,16026.263752887993
LBR,L,8,11869.981313386423
LBR,L,9,9467.873330822906
LBR,L,10,8843.29032988047
LCA,G,0,2971.179257761069
LCA,G,1,1671.3558559924427
LCA,G,2,1262.380884946611
LCA,G,3,609.0378767149825
LCA,G,4,456.00962162285424
LCA,G,5,373.54993173622256
LCA,G,6,374.60962791913056
LCA,G,7,382.05138110470506
LCA,G,8,323.64350885994185
LCA,G,9,322.24134413830825
LCA,G,10,197.21601592978513
LCA,L,0,35541.85683613485
LCA,L,1,12572.066572268603
LCA,L,2,12543.451578732935
LCA,L,3,15046.302053626221
LCA,L,4,9860.702235783845
LCA,L,5,8109.638372540788
LCA,L,6,6531.234544713131
LCA,L,7,8709.31509469022
LCA,L,8,6296.095003207722
LCA,L,9,4751.196302845636
LCA,L,10,5337.0349381959195
LKA,G,0,2735.8816795331195
LKA,G,1,1628.831620619006
LKA,G,2,1098.7820541018439
LKA,G,3,576.5833628979428
LKA,G,4,344.5128838185266
LKA,G,5,294.14700420375783
LKA,G,6,306.1104279559845
LKA,G,7,278.95789573466845
LKA,G,8,294.36333693725624
LKA,G,9,609.959626659885
LKA,G,10,380.09113989490135
LKA,L,0,65784.35034646861
LKA,L,1,25362.30723007338
LKA,L,2,23255.400100537143
LKA,L,3,24010.261942928046
LKA,L,4,26543.533460315375
LKA,L,5,19131.012865020275
LKA,L,6,17714.06191591137
LKA,L,7,14013.92230790304
LKA,L,8,10894.201619058162
LKA,L,9,8772.08252100525
LKA,L,10,7801.958451207317
LSO,G,0,1623.6181784062871
LSO,G,1,1252.8212714130593
LSO,G,2,811.3889908076857
LSO,G,3,557.4632779609153
LSO,G,4,277.6626367310821
LSO,G,5,252.63191834974546
LSO,G,6,202.12434755038765
LSO,G,7,143.45083688688308
LSO,G,8,151.05302291441822
LSO,G,9,288.10146302387096
LSO,G,10,356.57065593703527
LSO,L,0,29260.65265789957
LSO,L,1,13404.531213331566
LSO,L,2,11310.326317977291
LSO,L,3,7031.645785389315
LSO,L,4,4169.890195943082
LSO,L,5,2925.2655056740646
LSO,L,6,3259.6059403874738
LSO,L,7,3299.823843698058
LSO,L,8,3428.3187964982394
LSO,L,9,2711.7592998550203
LSO,L,10,2644.0806188156994
LTU,G,0,2591.57974752014
LTU,G,1,2213.1307073237886
LTU,G,2,900.263764769521
LTU,G,3,584.3818589407543
LTU,G,4,720.3328850424048
LTU,G,5,574.6698266541002
LTU,G,6,370.82946967086417
LTU,G,7,380.43449422879286
LTU,G,8,305.7739343178469
LTU,G,9,210.76296991605435
LTU,G,10,177.3228743084038
LTU,L,0,231904.19280770075
LTU,L,1,51696.14950703781
LTU,L,2,18613.866983414067
LTU,L,3,14635.671448497209
LTU,L,4,19569.191048278106
LTU,L,5,15464.166407562641
LTU,L,6,10524.584340513758
LTU,L,7,8985.223231520806
LTU,L,8,8217.67753592651
LTU,L,9,13577.22662540918
LTU,L,10,17153.562116765905
LUX,G,0,2692.727127493586
LUX,G,1,2338.2705533378817
LUX,G,2,999.3800572800386
LUX,G,3,599.7038237973063
LUX,G,4,747.2099698495052
LUX,G,5,569.5285316827748
LUX,G,6,363.1769385268658
LUX,G,7,384.18324258512985
LUX,G,8,320.62861340164324
LUX,G,9,215.22999370809646
LUX,G,10,166.4343352074418
LUX,L,0,178071.52042014943
LUX,L,1,60042.671029042605
LUX,L,2,22106.027572305215
LUX,L,3,15047.7185295125
LUX,L,4,17097.7094204526
LUX,L,5,14613.522612700055
LUX,L,6,11223.929012335806
LUX,L,7,10587.78126817006
LUX,L,8,9920.82389247903
LUX,L,9,12270.394250006253
LUX,L,10,13519.793660629653
LVA,G,0,2573.261196799199
LVA,G,1,2192.3915320895812
LVA,G,2,887.4534180135006
LVA,G,3,582.8481941624623
LVA,G,4,714.5524078925501
LVA,G,5,575.9131580511377
LVA,G,6,373.03663875711453
LVA,G,7,379.6291521789314
LVA,G,8,302.8613527290439
LVA,G,9,210.3170339608754
LVA,G,10,179.55975477197308
LVA,L,0,231712.69288897974
LVA,L,1,48987.26953560549
LVA,L,2,18019.871080683704
LVA,L,3,14553.355356930198
LVA,L,4,19710.5678161727
LVA,L,5,15318.176682083753
LVA,L,6,10269.733574933598
LVA,L,7,8701.299562043785
LVA,L,8,7922.161906000389
LVA,L,9,13518.371123445992
LVA,L,10,17562.777580788963
MAC,G,0,2929.0335170857293
MAC,G,1,3529.946514088663
MAC,G,2,1391.31813996436
MAC,G,3,722.3914648152671
MAC,G,4,732.9241431926769
MAC,G,5,690.572486182524
MAC,G,6,502.951813847915
MAC,G,7,461.5078619443294
MAC,G,8,369.5113435391237
MAC,G,9,324.015564033455
MAC,G,10,233.08888029493843
MAC,L,0,342442.6197703297
MAC,L,1,151584.54453535366
MAC,L,2,66053.20732744328
MAC,L,3,48218.07676533689
MAC,L,4,47433.31090320972
MAC,L,5,39566.21742692843
MAC,L,6,24385.76437414095
MAC,L,7,23414.5163390215
MAC,L,8,22374.36389007447
MAC,L,9,25850.21901101375
MAC,L,10,28794.664689697274
MAR,G,0,2457.8681346497974
MAR,G,1,2553.12577646361
MAR,G,2,1262.9137875731064
MAR,G,3,697.5029654938172
MAR,G,4,434.5609120052144
MAR,G,5,425.97165226101976
MAR,G,6,374.5692457332723
MAR,G,7,280.6442349591808
MAR,G,8,273.9199355799914
MAR,G,9,518.2029384680386
MAR,G,10,444.82209820064884
MAR,L,0,144678.06537348335
MAR,L,1,84574.7745293653
MAR,L,2,70779.79839359938
MAR,L,3,38956.993345292045
MAR,L,4,25013.800770170175
MAR,L,5,15437.84025889612
MAR,L,6,16833.316068972075
MAR,L,7,13107.297527447952
MAR,L,8,14354.318306805906
MAR,L,9,12523.188273583886
MAR,L,10,10887.288670686952
MDA,G,0,2762.188232870174
MDA,G,1,3056.9351116517714
MDA,G,2,1143.2525206109358
MDA,G,3,672.2030010647557
MDA,G,4,764.1775940596394
MDA,G,5,694.1504556143442
MDA,G,6,461.0083816769269
MDA,G,7,434.63202845541736
MDA,G,8,341.0213398897404
MDA,G,9,266.258401577213
MDA,G,10,212.36487236832167
MDA,L,0,494672.72042234463
MDA,L,1,118390.23503089313
MDA,L,2,35866.77830301323
MDA,L,3,27422.225028585097
MDA,L,4,34995.51771068872
MDA,L,5,27180.164099217243
MDA,L,6,16820.47668179046
MDA,L,7,14405.733400255973
MDA,L,8,13712.913189392504
MDA,L,9,23142.26808467366
MDA,L,10,29965.446265513663
MDG,G,0,2814.780852328613
MDG,G,1,2551.9465815519775
MDG,G,2,1370.7317520152956
MDG,G,3,686.8098631972703
MDG,G,4,456.5848242440384
MDG,G,5,426.6980101599408
MDG,G,6,408.33881984548884
MDG,G,7,342.3870141865568
MDG,G,8,328.66982479378885
MDG,G,9,565.5692706690655
MDG,G,10,377.13045054190206
MDG,L,0,146023.5324117478
MDG,L,1,69133.68162923549
MDG,L,2,70210.44046764083
MDG,L,3,65532.70515499721
MDG,L,4,60611.43769209673
MDG,L,5,38419.15660245612
MDG,L,6,33911.502506729725
MDG,L,7,24293.532601784846
MDG,L,8,21927.70490157274
MDG,L,9,17476.512282268264
MDG,L,10,14803.065816796812
MDV,G,0,2938.2850510809058
MDV,G,1,1581.0462583933313
MDV,G,2,1147.4834763727533
MDV,G,3,580.5094118418612
MDV,G,4,376.33612712511825
MDV,G,5,315.499994998483
MDV,G,6,340.7803411050065
MDV,G,7,333.66557224295354
MDV,G,8,318.6788172051053
MDV,G,9,466.95617872304086
MDV,G,10,278.30368410953605
MDV,L,0,45725.02665815182
MDV,L,1,15866.575632824399
MDV,L,2,15452.991003477968
MDV,L,3,19927.16885482999
MDV,L,4,17258.25555254072
MDV,L,5,13678.376269029866
MDV,L,6,10506.811462369591
MDV,L,7,11483.557157273992
MDV,L,8,7976.842089032721
MDV,L,9,6461.291752227304
MDV,L,10,6724.397723154043
MEX,G,0,3004.9467323502936
MEX,G,1,3316.767163508999
MEX,G,2,1519.9187831516424
MEX,G,3,732.9252862615925
MEX,G,4,622.6334979735999
MEX,G,5,592.316700380833
MEX,G,6,502.79583965984546
MEX,G,7,447.31168846551157
MEX,G,8,375.0190685287429
MEX,G,9,405.7611121821592
MEX,G,10,269.34522364794213
MEX,L,0,192493.59010081168
MEX,L,1,86620.39820562056
MEX,L,2,77180.11201698572
MEX,L,3,76727.3499397699
MEX,L,4,58063.51246786322
MEX,L,5,47400.90504490646
MEX,L,6,29582.861523988064
MEX,L,7,30380.9974349065
MEX,L,8,26226.354831712404
MEX,L,9,21906.235278906424
MEX,L,10,22193.161092860017
MKD,G,0,2778.852625667183
MKD,G,1,3156.95069460831
MKD,G,2,1172.724813038132
MKD,G,3,681.368217343493
MKD,G,4,763.5750827169319
MKD,G,5,703.1939679256956
MKD,G,6,470.7718464616774
MKD,G,7,439.2433874592818
MKD,G,8,344.4175861585762
MKD,G,9,273.9585689342465
MKD,G,10,217.0730844378839
MKD,L,0,535769.6704304189
MKD,L,1,132002.24028703498
MKD,L,2,39189.958042372135
MKD,L,3,29894.54504972869
MKD,L,4,37807.58649631231
MKD,L,5,29227.861700488036
MKD,L,6,17833.738268062676
MKD,L,7,15265.776424255335
MKD,L,8,14608.94716383421
MKD,L,9,24599.74394749234
MKD,L,10,31812.72561063637
MLI,G,0,1782.0784976146058
MLI,G,1,785.0379298634045
MLI,G,2,601.0368651198125
MLI,G,3,381.11591849897985
MLI,G,4,188.6338654152133
MLI,G,5,145.62484735231726
MLI,G,6,136.66247668196146
MLI,G,7,122.19337668995685
MLI,G,8,156.9426021416754
MLI,G,9,425.39724558996886
MLI,G,10,383.7730738960782
MLI,L,0,29571.1478811742
MLI,L,1,13894.234426222249
MLI,L,2,9724.227620871738
MLI,L,3,5951.957960600512
MLI,L,4,5615.578262659492
MLI,L,5,4106.820368922983
MLI,L,6,5300.565293676373
MLI,L,7,4183.8762123015695
MLI,L,8,4067.700164262004
MLI,L,9,3069.5472195786365
MLI,L,10,2541.514457854125
MLT,G,0,2682.150505543959
MLT,G,1,2681.248386477392
MLT,G,2,1350.2948786179852
MLT,G,3,699.9904167887439
MLT,G,4,456.88980922122374
MLT,G,5,439.1306054586194
MLT,G,6,404.1151289365894
MLT,G,7,321.2365337353528
MLT,G,8,309.8860053483664
MLT,G,9,559.3241520150625
MLT,G,10,410.7601719308885
MLT,L,0,178420.57439132212
MLT,L,1,102010.58442107566
MLT,L,2,96458.63480714697
MLT,L,3,63999.63258175613
MLT,L,4,49847.42098086155
MLT,L,5,29445.571183276636
MLT,L,6,29835.234957609613
MLT,L,7,20502.914365749803
MLT,L,8,21186.608689369194
MLT,L,9,17867.24683742438
MLT,L,10,14731.976149782098
MMR,G,0,2254.6960618077774
MMR,G,1,1293.331365615849
MMR,G,2,891.7679484372984
MMR,G,3,513.2323146998268
MMR,G,4,273.57218043821797
MMR,G,5,227.98002110460476
MMR,G,6,220.97239903445137
MMR,G,7,190.7339331611849
MMR,G,8,223.15446449386047
MMR,G,9,601.2719718771227
MMR,G,10,466.20309500906967
MMR,L,0,55621.04774651693
MMR,L,1,26247.257616998006
MMR,L,2,20390.69867046858
MMR,L,3,13387.6324335991
MMR,L,4,12905.33876418416
MMR,L,5,9029.17640961165
MMR,L,6,11372.369611759827
MMR,L,7,8314.08882254857
MMR,L,8,7955.723570982339
MMR,L,9,6055.74962953189
MMR,L,10,4941.037445935854
MNE,G,0,2793.839811267052
MNE,G,1,2603.819130245598
MNE,G,2,1137.0403502582549
MNE,G,3,635.4129311872507
MNE,G,4,763.038441717946
MNE,G,5,599.7320268123069
MNE,G,6,390.1884591192802
MNE,G,7,406.36275150599704
MNE,G,8,337.70218874064324
MNE,G,9,234.5765819994541
MNE,G,10,172.2072523063528
MNE,L,0,155472.45791797026
MNE,L,1,62976.39457682106
MNE,L,2,27328.242507739724
MNE,L,3,17937.912975562474
MNE,L,4,17705.313992055755
MNE,L,5,15481.577396962446
MNE,L,6,12312.86269477224
MNE,L,7,12768.159135529939
MNE,L,8,12002.458999530105
MNE,L,9,12309.520732168965
MNE,L,10,13194.675604591699
MNG,G,0,1672.611166831102
MNG,G,1,1232.5218856955805
MNG,G,2,628.2099069138868
MNG,G,3,549.9790425494225
MNG,G,4,414.6400021413611
MNG,G,5,439.39278248620496
MNG,G,6,330.6200462882549
MNG,G,7,216.42242792606234
MNG,G,8,161.08044640374806
MNG,G,9,166.8836644341741
MNG,G,10,229.7058470120945
MNG,L,0,25278.004319813073
MNG,L,1,7233.247241408561
MNG,L,2,5594.911510141843
MNG,L,3,6197.094159510078
MNG,L,4,4141.826831376571
MNG,L,5,2815.0490898825287
MNG,L,6,2333.5959537587646
MNG,L,7,2430.6711185729155
MNG,L,8,2153.7308241780606
MNG,L,9,2525.985486228051
MNG,L,10,3345.971742574404
MOZ,G,0,1955.9448870885126
MOZ,G,1,1102.840472520523
MOZ,G,2,781.8517944127398
MOZ,G,3,475.17769202402707
MOZ,G,4,240.36974225235616
MOZ,G,5,197.11069263613552
MOZ,G,6,181.79535705588168
MOZ,G,7,152.84087477841604
MOZ,G,8,184.05669029812356
MOZ,G,9,492.538411109255
MOZ,G,10,448.2717063131706
MOZ,L,0,42263.357917450405
MOZ,L,1,21532.51557414016
MOZ,L,2,15920.272542453122
MOZ,L,3,9058.360503623617
MOZ,L,4,7634.029868535579
MOZ,L,5,5420.562319030534
MOZ,L,6,7001.5283760106495
MOZ,L,7,5625.987497991673
MOZ,L,8,5739.671649144784
MOZ,L,9,4224.002238795975
MOZ,L,10,3503.401547420893
MRT,G,0,2890.5869406325537
MRT,G,1,1449.7501087091935
MRT,G,2,1074.792680374521
MRT,G,3,556.3500703245205
MRT,G,4,349.53584840160755
MRT,G,5,289.8160580175022
MRT,G,6,317.1724757993591
MRT,G,7,312.11764444034804
MRT,G,8,306.8466550636025
MRT,G,9,481.70066546812484
MRT,G,10,287.98234733690657
MRT,L,0,42710.8287714862
MRT,L,1,14677.92760029064
MRT,L,2,14003.521280509876
MRT,L,3,17775.706722087423
MRT,L,4,16407.98826048988
MRT,L,5,12865.469141949092
MRT,L,6,10011.011601986505
MRT,L,7,10494.022645097293
MRT,L,8,7301.934326830583
MRT,L,9,6043.232379409206
MRT,L,10,6217.19033875955
MSR,G,0,2954.4435892966767
MSR,G,1,1651.1150518920638
MSR,G,2,1260.4618260048903
MSR,G,3,607.5540703609357
MSR,G,4,461.4572671071147
MSR,G,5,375.2288984947838
MSR,G,6,371.68635701670286
MSR,G,7,380.89579394816
MSR,G,8,320.0706862883555
MSR,G,9,307.7139901742066
MSR,G,10,189.28115076353114
MSR,L,0,33937.82551152465
MSR,L,1,12046.806793086273
MSR,L,2,11995.09556645986
MSR,L,3,14118.339143217323
MSR,L,4,9105.618259799114
MSR,L,5,7493.757742898966
MSR,L,6,6101.278442378798
MSR,L,7,8221.035789484189
MSR,L,8,5995.283122829595
MSR,L,9,4497.191464702224
MSR,L,10,5069.302096940778
MUS,G,0,3039.634346789823
MUS,G,1,2128.069797029611
MUS,G,2,1380.5239145739158
MUS,G,3,655.1944963674875
MUS,G,4,484.8362881102117
MUS,G,5,420.61527440549696
MUS,G,6,416.9704160631964
MUS,G,7,402.0417904164552
MUS,G,8,352.3584377427617
MUS,G,9,409.7531945988156
MUS,G,10,247.90449222844111
MUS,L,0,60578.21365495528
MUS,L,1,22198.47161615633
MUS,L,2,22628.466537395925
MUS,L,3,28341.307045686804
MUS,L,4,20056.551119235304
MUS,L,5,16583.44192855525
MUS,L,6,12515.652496215085
MUS,L,7,15511.10080366011
MUS,L,8,11067.163916018128
MUS,L,9,8283.459924413159
MUS,L,10,8846.985296654582
MWI,G,0,1745.0762087752898
MWI,G,1,1043.4156060328514
MWI,G,2,742.8042926269328
MWI,G,3,470.65308206158915
MWI,G,4,230.52844706942966
MWI,G,5,190.34367435384712
MWI,G,6,166.82675026106844
MWI,G,7,134.5065542539065
MWI,G,8,160.1341375900723
MWI,G,9,393.30428691080505
MWI,G,10,406.6491868127721
MWI,L,0,34121.710266983515
MWI,L,1,17842.4126865268
MWI,L,2,13458.20122682724
MWI,L,3,7226.878436878993
MWI,L,4,5332.51330640582
MWI,L,5,3802.7682175814216
MWI,L,6,4786.323491167091
MWI,L,7,4239.289518810086
MWI,L,8,4468.606599448755
MWI,L,9,3243.903619969688
MWI,L,10,2796.613933041688
MYS,G,0,2928.6531917058073
MYS,G,1,1698.497668859839
MYS,G,2,1183.1875697843468
MYS,G,3,595.4958336951958
MYS,G,4,384.3994295790338
MYS,G,5,326.9569260288742
MYS,G,6,348.2203427560304
MYS,G,7,333.08835932749633
MYS,G,8,322.5304006638978
MYS,G,9,502.8253099319404
MYS,G,10,299.9863961505092
MYS,L,0,54133.8225734902
MYS,L,1,19229.620844633744
MYS,L,2,18782.11806599225
MYS,L,3,23802.92490486276
MYS,L,4,21677.978722713066
MYS,L,5,16968.384808273342
MYS,L,6,13109.465423377118
MYS,L,7,13517.85403974238
MYS,L,8,9505.96997146012
MYS,L,9,7636.129319014842
MYS,L,10,7683.481037150428
NAM,G,0,3043.4562564133316
NAM,G,1,2607.9048805779753
NAM,G,2,1474.0711054130927
NAM,G,3,694.4127845360987
NAM,G,4,538.0455928192711
NAM,G,5,485.74681179826723
NAM,G,6,455.7921788563008
NAM,G,7,422.95871166110095
NAM,G,8,366.59290983306016
NAM,G,9,425.1582726100708
NAM,G,10,263.7792665286976
NAM,L,0,93369.22391476118
NAM,L,1,36509.2276106958
NAM,L,2,37510.42115117832
NAM,L,3,45194.910020336276
NAM,L,4,32070.3279488797
NAM,L,5,26669.299650982746
NAM,L,6,19062.741741124493
NAM,L,7,22438.208228278196
NAM,L,8,16749.250208978356
NAM,L,9,12403.758074157651
NAM,L,10,12821.020337978218
NER,G,0,2823.2372047979147
NER,G,1,1425.6178158130447
NER,G,2,1040.0069209536118
NER,G,3,547.1278437702897
NER,G,4,332.8230691609011
NER,G,5,276.2807569224953
NER,G,6,300.19101589782275
NER,G,7,290.1952373716887
NER,G,8,297.68280904474057
NER,G,9,532.4301294383126
NER,G,10,320.4671791500957
NER,L,0,46583.2177906532
NER,L,1,16297.018273343823
NER,L,2,15184.415369603837
NER,L,3,18262.277597540087
NER,L,4,18721.08685576714
NER,L,5,14348.011237457735
NER,L,6,11624.3929145612
NER,L,7,11034.831355400547
NER,L,8,7842.2427007008455
NER,L,9,6539.752405130054
NER,L,10,6416.810289405805
NGA,G,0,2902.8281381452016
NGA,G,1,1666.171428999106
NGA,G,2,1160.903629881769
NGA,G,3,589.1740103714608
NGA,G,4,374.4778247327071
NGA,G,5,318.1001418015431
NGA,G,6,339.27886898734005
NGA,G,7,323.0492349054847
NGA,G,8,317.91052703379984
NGA,G,9,520.2046360668402
NGA,G,10,310.9763513470934
NGA,L,0,54857.74020514411
NGA,L,1,19563.122294254306
NGA,L,2,18928.59738010845
NGA,L,3,23566.274870885743
NGA,L,4,22393.074627885475
NGA,L,5,17346.95157604106
NGA,L,6,13597.120813054662
NGA,L,7,13497.151789659689
NGA,L,8,9557.424920097808
NGA,L,9,7723.988083847202
NGA,L,10,7648.546723326226
NIC,G,0,3004.849442024374
NIC,G,1,1898.623438778603
NIC,G,2,1290.4154761668458
NIC,G,3,627.3588297621301
NIC,G,4,434.4171378849829
NIC,G,5,373.1121364316879
NIC,G,6,386.68233081889736
NIC,G,7,372.8404958352783
NIC,G,8,339.9663179867293
NIC,G,9,445.4066048561152
NIC,G,10,266.473882716869
NIC,L,0,55390.672072878006
NIC,L,1,19821.978089818662
NIC,L,2,19957.60416284406
NIC,L,3,25826.805302877136
NIC,L,4,20120.361048662475
NIC,L,5,16274.43591747346
NIC,L,6,12281.36290575895
NIC,L,7,14257.95088072193
NIC,L,8,9993.386709686629
NIC,L,9,7741.345502892235
NIC,L,10,8130.224129408654
NLD,G,0,2757.5919038339907
NLD,G,1,2924.380716975408
NLD,G,2,1117.9233750421706
NLD,G,3,659.4950867304547
NLD,G,4,766.656599741311
NLD,G,5,674.5627172943765
NLD,G,6,443.5490701913586
NLD,G,7,428.75679227971386
NLD,G,8,339.0676283631397
NLD,G,9,256.0740827396151
NLD,G,10,202.81220867970106
NLD,L,0,402463.45414957654
NLD,L,1,104671.57551236029
NLD,L,2,32736.143328367747
NLD,L,3,24375.574886689494
NLD,L,4,30601.297375780065
NLD,L,5,24493.809523785567
NLD,L,6,15767.381230749934
NLD,L,7,13753.058651934616
NLD,L,8,13027.671888928471
NLD,L,9,20728.49209663156
NLD,L,10,25856.918945924466
NOR,G,0,2493.2487471651566
NOR,G,1,1984.058673190189
NOR,G,2,816.4704834927298
NOR,G,3,559.1559726859849
NOR,G,4,682.1693225784334
NOR,G,5,545.2775642688846
NOR,G,6,357.2576634745078
NOR,G,7,363.86129239532204
NOR,G,8,288.14806445003774
NOR,G,9,199.0566758561527
NOR,G,10,176.83706331408064
NOR,L,0,186135.35875948012
NOR,L,1,37241.425525358085
NOR,L,2,14892.84989452886
NOR,L,3,12722.658604683871
NOR,L,4,17482.639916024007
NOR,L,5,13210.674858489192
NOR,L,6,8796.498697658497
NOR,L,7,7402.184070886197
NOR,L,8,6629.543246033144
NOR,L,9,11667.061270649547
NOR,L,10,15777.347153367993
NPL,G,0,2287.9943267719623
NPL,G,1,2000.947775208475
NPL,G,2,1126.7600807008585
NPL,G,3,640.91651149014
NPL,G,4,364.79486816798857
NPL,G,5,339.3359855975139
NPL,G,6,303.0065532526561
NPL,G,7,231.48579317861655
NPL,G,8,241.92945388469835
NPL,G,9,529.6176111143964
NPL,G,10,474.9317758044115
NPL,L,0,90669.96228056637
NPL,L,1,51007.95624024214
NPL,L,2,42149.66765221313
NPL,L,3,22564.804743002212
NPL,L,4,15500.138754905467
NPL,L,5,10159.988206769063
NPL,L,6,12077.57164504792
NPL,L,7,9727.622431185211
NPL,L,8,10527.228239122853
NPL,L,9,8321.530827587889
NPL,L,10,7105.363684250608
NZL,G,0,2857.117489538609
NZL,G,1,2822.0957347791345
NZL,G,2,1229.6443845402189
NZL,G,3,661.3846825943316
NZL,G,4,763.2744161893444
NZL,G,5,624.7548401727836
NZL,G,6,417.88985114881655
NZL,G,7,425.81719990521947
NZL,G,8,349.7075418093077
NZL,G,9,253.74874089390468
NZL,G,10,182.13175294695853
NZL,L,0,159239.29600563078
NZL,L,1,67451.24185212827
NZL,L,2,32393.924805182283
NZL,L,3,21556.05327046301
NZL,L,4,20033.135187482145
NZL,L,5,17615.327985176304
NZL,L,6,13771.587632150173
NZL,L,7,14826.581105018175
NZL,L,8,13854.614659712484
NZL,L,9,13377.574814048188
NZL,L,10,14369.101462455636
OMN,G,0,2708.282568240353
OMN,G,1,1406.3040210708002
OMN,G,2,1176.7492722462769
OMN,G,3,576.2901874769535
OMN,G,4,483.63688082679715
OMN,G,5,362.49230885096824
OMN,G,6,318.27606803382855
OMN,G,7,333.62499228079116
OMN,G,8,275.033212718177
OMN,G,9,214.53387972534668
OMN,G,10,137.79230607907354
OMN,L,0,23409.730050991326
OMN,L,1,8605.112774990972
OMN,L,2,8335.241207310708
OMN,L,3,8395.584042922646
OMN,L,4,5086.301745681944
OMN,L,5,4176.739500756138
OMN,L,6,3682.443614998945
OMN,L,7,5129.921710527453
OMN,L,8,4015.7882554850153
OMN,L,9,2900.4537512532047
OMN,L,10,3277.5647973814275
PAK,G,0,2402.499529446856
PAK,G,1,1619.4129162000813
PAK,G,2,1037.550928485098
PAK,G,3,574.7917623682523
PAK,G,4,320.13725338765624
PAK,G,5,277.93152150256776
PAK,G,6,268.0112461076537
PAK,G,7,224.94388506192533
PAK,G,8,249.86372925882677
PAK,G,9,622.8707511853784
PAK,G,10,468.56457160795344
PAK,L,0,75307.89146368725
PAK,L,1,37048.978145672896
PAK,L,2,30471.95226500983
PAK,L,3,19914.413956138753
PAK,L,4,18410.681028631778
PAK,L,5,12460.321864647292
PAK,L,6,15374.912157839062
PAK,L,7,10995.281354762094
PAK,L,8,10714.962482773943
PAK,L,9,8152.315079747186
PAK,L,10,6619.655405680472
PAN,G,0,2985.8361720744765
PAN,G,1,1846.3219244618497
PAN,G,2,1261.5740639441474
PAN,G,3,619.2109349080808
PAN,G,4,419.2931002372171
PAN,G,5,359.6341154408661
PAN,G,6,376.38030510012754
PAN,G,7,361.48465031487103
PAN,G,8,335.6102699148078
PAN,G,9,464.423680648966
PAN,G,10,277.3049188122158
PAN,L,0,55632.185870302965
PAN,L,1,19861.336246882835
PAN,L,2,19862.620602586274
PAN,L,3,25716.264025891436
PAN,L,4,21017.356292153578
PAN,L,5,16832.70333218633
PAN,L,6,12729.060459250617
PAN,L,7,14246.835906020551
PAN,L,8,9974.649120903206
PAN,L,9,7813.963847672962
PAN,L,10,8097.295696491068
PER,G,0,2798.3155164570935
PER,G,1,3703.1148146256733
PER,G,2,1438.9847242745275
PER,G,3,755.0878190585842
PER,G,4,611.8677786269474
PER,G,5,633.946237699239
PER,G,6,516.7660754915004
PER,G,7,407.59253368272294
PER,G,8,344.3249489710437
PER,G,9,428.5647636815283
PER,G,10,328.2749783006329
PER,L,0,554338.1645729792
PER,L,1,343308.7666968942
PER,L,2,159393.44467107687
PER,L,3,124185.81227959048
PER,L,4,98451.57148171328
PER,L,5,52131.46409051892
PER,L,6,33727.913813319734
PER,L,7,24810.284544369442
PER,L,8,26359.508194606075
PER,L,9,34873.21873327132
PER,L,10,34503.11476519525
PHL,G,0,2830.4775026834973
PHL,G,1,1677.7727751106252
PHL,G,2,1140.8794857579214
PHL,G,3,587.0115049653299
PHL,G,4,362.2560478498601
PHL,G,5,309.5614910992649
PHL,G,6,326.1793775111669
PHL,G,7,302.9317723064283
PHL,G,8,308.7518216172758
PHL,G,9,571.0241547847932
PHL,G,10,346.5388719659177
PHL,L,0,62233.29019241389
PHL,L,1,23011.071963448107
PHL,L,2,21812.40670638346
PHL,L,3,25120.3369470678
PHL,L,4,26260.73068804516
PHL,L,5,19601.1603283155
PHL,L,6,16407.274879981873
PHL,L,7,14429.222109816461
PHL,L,8,10638.574217427431
PHL,L,9,8593.219501654956
PHL,L,10,8037.496566911233
POL,G,0,2597.5911435266303
POL,G,1,3006.1961331362463
POL,G,2,1076.180653487133
POL,G,3,682.8731535517828
POL,G,4,713.0530563577187
POL,G,5,721.5440978456461
POL,G,6,491.4421014467057
POL,G,7,411.47651500153376
POL,G,8,312.6507080171615
POL,G,9,274.4742423230264
POL,G,10,247.25547541493611
POL,L,0,416020.96199620113
POL,L,1,72282.28751937265
POL,L,2,29213.88832865015
POL,L,3,27976.567544439098
POL,L,4,32906.89524317973
POL,L,5,21087.30230809973
POL,L,6,13075.747225135985
POL,L,7,10879.024968422875
POL,L,8,10247.150284246902
POL,L,9,20038.296000650655
POL,L,10,31783.10805295276
PRT,G,0,2754.661722563768
PRT,G,1,3716.6733549858463
PRT,G,2,1410.050281156732
PRT,G,3,756.1309146140323
PRT,G,4,615.2218766579923
PRT,G,5,646.1095816755153
PRT,G,6,518.1930298357516
PRT,G,7,401.7553927127578
PRT,G,8,337.2604572394336
PRT,G,9,418.0966015299706
PRT,G,10,331.4199611189923
PRT,L,0,592451.3840966574
PRT,L,1,326319.43993524
PRT,L,2,136895.60836938058
PRT,L,3,107547.58146196701
PRT,L,4,82799.47669288178
PRT,L,5,43772.50912707155
PRT,L,6,29457.589988579075
PRT,L,7,21975.80155064677
PRT,L,8,23457.665575046838
PRT,L,9,33096.095641763415
PRT,L,10,34202.95588952636
PRY,G,0,2997.4175415924306
PRY,G,1,2488.595870846331
PRY,G,2,1427.2727910252247
PRY,G,3,683.7141816029343
PRY,G,4,492.72007043552
PRY,G,5,447.3378675886418
PRY,G,6,435.3666270143624
PRY,G,7,393.97730678608576
PRY,G,8,356.4548183376248
PRY,G,9,483.4168126720972
PRY,G,10,298.95557164687887
PRY,L,0,99742.15332684117
PRY,L,1,39317.16658073092
PRY,L,2,40924.94083440072
PRY,L,3,51293.01024549793
PRY,L,4,41171.428488459664
PRY,L,5,32395.43252636352
PRY,L,6,23137.771579707725
PRY,L,7,23750.053225477775
PRY,L,8,17796.391540088447
PRY,L,9,13507.755074889528
PRY,L,10,13236.974854229258
PSE,G,0,2698.318964332535
PSE,G,1,2568.7752522592195
PSE,G,2,1338.0319354651713
PSE,G,3,689.7201129820616
PSE,G,4,445.51945022749237
PSE,G,5,422.4328330301762
PSE,G,6,394.78092739954064
PSE,G,7,318.5407946551269
PSE,G,8,310.60211349176836
PSE,G,9,572.8524695882087
PSE,G,10,410.0862105977047
PSE,L,0,161476.74160242098
PSE,L,1,87543.1951075976
PSE,L,2,84186.96381812538
PSE,L,3,59830.0053724051
PSE,L,4,49696.96758514408
PSE,L,5,29921.859200061976
PSE,L,6,30442.302769683865
PSE,L,7,20776.50772277665
PSE,L,8,20830.378032956192
PSE,L,9,17059.31197965149
PSE,L,10,14003.365307501801
QAT,G,0,1443.0305803731453
QAT,G,1,558.2380587875845
QAT,G,2,583.6338220077671
QAT,G,3,349.00389146261335
QAT,G,4,296.7372024890814
QAT,G,5,170.49015494162916
QAT,G,6,116.33938183856877
QAT,G,7,117.01530936916569
QAT,G,8,113.66947877816544
QAT,G,9,77.59040164188309
QAT,G,10,55.81288283877435
QAT,L,0,7581.516641857601
QAT,L,1,3027.461367666412
QAT,L,2,2696.0903114641505
QAT,L,3,2080.2315366600606
QAT,L,4,1267.4210324050064
QAT,L,5,1019.4805940971293
QAT,L,6,1020.4870078563828
QAT,L,7,1358.125593474015
QAT,L,8,1202.2902225382331
QAT,L,9,836.6645376649323
QAT,L,10,900.3191191233885
ROU,G,0,2279.9350913325848
ROU,G,1,2765.395332472263
ROU,G,2,1120.1325791985955
ROU,G,3,725.0757693429894
ROU,G,4,533.9346666050817
ROU,G,5,592.8876101053509
ROU,G,6,449.47617621640467
ROU,G,7,303.8265204687046
ROU,G,8,253.5089049592917
ROU,G,9,333.6307163782476
ROU,G,10,357.1892526449457
ROU,L,0,115245.54393369232
ROU,L,1,38378.178652521376
ROU,L,2,27155.587332905907
ROU,L,3,24734.763360338806
ROU,L,4,14980.636133782842
ROU,L,5,9393.255340116308
ROU,L,6,8141.281923436364
ROU,L,7,7541.62443784658
ROU,L,8,7534.210354363019
ROU,L,9,9085.439501556315
ROU,L,10,10775.838863409781
RUS,G,0,2431.571970860485
RUS,G,1,1629.1688141988147
RUS,G,2,729.6268328260121
RUS,G,3,502.7235135499199
RUS,G,4,635.6770870182596
RUS,G,5,446.3095189021629
RUS,G,6,290.28344602161616
RUS,G,7,320.59868525002173
RUS,G,8,272.58065782301907
RUS,G,9,172.84823284190358
RUS,G,10,148.22494910511156
RUS,L,0,125909.59831622055
RUS,L,1,30805.81004844723
RUS,L,2,12101.90355899071
RUS,L,3,9365.36028196743
RUS,L,4,12458.757131946388
RUS,L,5,10070.457515579461
RUS,L,6,7452.921471302733
RUS,L,7,6401.177195500738
RUS,L,8,5746.123092041791
RUS,L,9,8684.858371246244
RUS,L,10,10209.22609443585
RWA,G,0,2115.350134675992
RWA,G,1,1654.3030873269738
RWA,G,2,1008.1663095267311
RWA,G,3,594.5679663754635
RWA,G,4,319.5124642195017
RWA,G,5,287.2575280508217
RWA,G,6,254.7838929691337
RWA,G,7,196.35213537070746
RWA,G,8,213.94440309432295
RWA,G,9,497.75824944971214
RWA,G,10,475.9927981308327
RWA,L,0,64656.8170241481
RWA,L,1,35277.758326144205
RWA,L,2,28348.814869986483
RWA,L,3,15113.320420616279
RWA,L,4,10519.11165555952
RWA,L,5,7133.784087082879
RWA,L,6,8701.474077809755
RWA,L,7,7328.25485918223
RWA,L,8,7877.660735721654
RWA,L,9,6003.509594551469
RWA,L,10,5163.041531807114
SAU,G,0,1686.483168928287
SAU,G,1,685.0536472054208
SAU,G,2,694.684749618178
SAU,G,3,397.664450779874
SAU,G,4,348.3805470464201
SAU,G,5,207.0659884992176
SAU,G,6,144.75732834783395
SAU,G,7,147.52796471341418
SAU,G,8,138.692240265385
SAU,G,9,94.01033496517647
SAU,G,10,66.354793442614
SAU,L,0,9421.58818642446
SAU,L,1,3721.471613506433
SAU,L,2,3352.0100716113893
SAU,L,3,2663.7381012532055
SAU,L,4,1616.4696156873513
SAU,L,5,1305.2117557950855
SAU,L,6,1287.2692473616828
SAU,L,7,1731.5328774366917
SAU,L,8,1511.1688257052654
SAU,L,9,1053.9115807739895
SAU,L,10,1143.2596990816405
SDN,G,0,2691.333939594969
SDN,G,1,1386.1777182737362
SDN,G,2,990.9729828415062
SDN,G,3,534.1972259650112
SDN,G,4,311.37147529799336
SDN,G,5,258.50045262076964
SDN,G,6,274.7755813688919
SDN,G,7,258.14823690339705
SDN,G,8,279.69836137474584
SDN,G,9,596.3790365646148
SDN,G,10,370.1653161731665
SDN,L,0,51898.006460979894
SDN,L,1,19084.93258091346
SDN,L,2,16998.127879182626
SDN,L,3,17913.191017880366
SDN,L,4,20343.757642692526
SDN,L,5,14991.8844574022
SDN,L,6,13680.21158732389
SDN,L,7,11192.41738998721
SDN,L,8,8454.889154441917
SDN,L,9,7012.7141187656025
SDN,L,10,6385.021106723671
SEN,G,0,2959.255312391925
SEN,G,1,1643.0484117725873
SEN,G,2,1181.3356796600647
SEN,G,3,591.3042345038577
SEN,G,4,389.97873759021485
SEN,G,5,328.37084078446463
SEN,G,6,351.99742974275375
SEN,G,7,344.31842784796027
SEN,G,8,323.94892772500725
SEN,G,9,456.56592865002943
SEN,G,10,272.093102050731
SEN,L,0,46843.17489570766
SEN,L,1,16327.846732486301
SEN,L,2,16049.433756157594
SEN,L,3,20802.551758389585
SEN,L,4,17386.512190377653
SEN,L,5,13866.815511345065
SEN,L,6,10600.859124014147
SEN,L,7,11867.39405155074
SEN,L,8,8244.292240077057
SEN,L,9,6605.744992593952
SEN,L,10,6924.816339018057
SGP,G,0,2979.320384674891
SGP,G,1,1625.6286960501482
SGP,G,2,1229.3742216160908
SGP,G,3,600.0358037546814
SGP,G,4,431.6015422093394
SGP,G,5,355.74192469007323
SGP,G,6,368.44510427343084
SGP,G,7,373.9241108080716
SGP,G,8,323.52507487736545
SGP,G,9,348.0018716592552
SGP,G,10,211.25702736513276
SGP,L,0,36402.86067062562
SGP,L,1,12706.405869201097
SGP,L,2,12663.224797653314
SGP,L,3,15794.063883948456
SGP,L,4,10824.2651554642
SGP,L,5,8848.655634105637
SGP,L,6,6994.137957020467
SGP,L,7,9054.886921715712
SGP,L,8,6431.735459532505
SGP,L,9,4955.600772548152
SGP,L,10,5531.513268538503
SLE,G,0,2572.6616324534752
SLE,G,1,1439.5669883335052
SLE,G,2,993.1568544608189
SLE,G,3,541.5614010563838
SLE,G,4,307.8714625111984
SLE,G,5,258.45800343982876
SLE,G,6,265.52490519193327
SLE,G,7,239.8699329135007
SLE,G,8,266.7484354411867
SLE,G,9,635.4284373739813
SLE,G,10,416.3401488972579
SLE,L,0,60526.97656913692
SLE,L,1,24366.789220428785
SLE,L,2,20916.6071797567
SLE,L,3,18613.19319835949
SLE,L,4,20935.994861711442
SLE,L,5,14835.516104441296
SLE,L,6,15686.996742339157
SLE,L,7,11506.415898070014
SLE,L,8,9519.009720821674
SLE,L,9,7641.541323023829
SLE,L,10,6515.128868055991
SLV,G,0,3005.256928314897
SLV,G,1,1785.6449041257492
SLV,G,2,1263.6800559833737
SLV,G,3,615.7241640137877
SLV,G,4,429.62349852397233
SLV,G,5,363.6769743106057
SLV,G,6,379.3845927272612
SLV,G,7,373.1558783953036
SLV,G,8,335.2920927430039
SLV,G,9,413.78554559578055
SLV,G,10,247.84539611977408
SLV,L,0,47343.20369535664
SLV,L,1,16691.36818864313
SLV,L,2,16724.7336185462
SLV,L,3,21554.190948268977
SLV,L,4,16082.949671398299
SLV,L,5,13082.928857311019
SLV,L,6,10002.962495180871
SLV,L,7,12127.841995872965
SLV,L,8,8483.313668427845
SLV,L,9,6584.944110208647
SLV,L,10,7090.787317227652
SOM,G,0,2266.5931426049906
SOM,G,1,1198.8829011343944
SOM,G,2,849.5720895113294
SOM,G,3,491.3692951899873
SOM,G,4,261.49576495414163
SOM,G,5,214.4253133956887
SOM,G,6,211.4104205463646
SOM,G,7,187.02901269558447
SOM,G,8,221.74133500734047
SOM,G,9,604.1329520206552
SOM,G,10,453.78635952923554
SOM,L,0,50740.71470031511
SOM,L,1,22646.664452839363
SOM,L,2,17552.269959359575
SOM,L,3,12335.343114735888
SOM,L,4,12673.265419403273
SOM,L,5,8973.466159094272
SOM,L,6,11064.44191965315
SOM,L,7,8019.435421721255
SOM,L,8,7381.242585790004
SOM,L,9,5727.271855335843
SOM,L,10,4702.2858003106785
SRB,G,0,2778.249134834872
SRB,G,1,3009.1865739627005
SRB,G,2,1147.3869109425982
SRB,G,3,667.58521252019
SRB,G,4,768.3232937914286
SRB,G,5,682.0228833538347
SRB,G,6,451.11340193926605
SRB,G,7,433.6740101202747
SRB,G,8,343.0102146034958
SRB,G,9,262.1628789378467
SRB,G,10,205.5651897465866
SRB,L,0,414015.2750995155
SRB,L,1,113850.95822586284
SRB,L,2,35337.59391187526
SRB,L,3,26042.185743929596
SRB,L,4,32148.243337610093
SRB,L,5,25868.010877712302
SRB,L,6,16579.73558067973
SRB,L,7,14564.712603027489
SRB,L,8,13854.281337850289
SRB,L,9,21572.732106811225
SRB,L,10,26641.27040055052
SSD,G,0,2593.647597048816
SSD,G,1,1316.254967376067
SSD,G,2,942.5441900440344
SSD,G,3,518.2722229721903
SSD,G,4,294.3090604015665
SSD,G,5,242.8327823691873
SSD,G,6,254.88740905552086
SSD,G,7,237.04285562104369
SSD,G,8,264.8680406644792
SSD,G,9,615.9263125123565
SSD,G,10,394.1672353721627
SSD,L,0,51651.08555127557
SSD,L,1,19586.85837351866
SSD,L,2,16841.670874809362
SSD,L,3,16240.426509912033
SSD,L,4,18820.47253248048
SSD,L,5,13663.315304866625
SSD,L,6,13523.834677549417
SSD,L,7,10410.363997492223
SSD,L,8,8189.927170115582
SSD,L,9,6756.769277263667
SSD,L,10,5950.272116784311
STP,G,0,3000.372512986252
STP,G,1,1825.27358549334
STP,G,2,1267.0767261550307
STP,G,3,618.7681417110152
STP,G,4,426.2127297307884
STP,G,5,363.44244898279527
STP,G,6,379.6268769268875
STP,G,7,369.0555196165688
STP,G,8,336.5306185972353
STP,G,9,437.6992321892681
STP,G,10,261.5938447451742
STP,L,0,51481.7793986533
STP,L,1,18254.339127017003
STP,L,2,18295.781336187243
STP,L,3,23703.07346051489
STP,L,4,18398.936135918066
STP,L,5,14882.819400196304
STP,L,6,11289.296213245967
STP,L,7,13228.246902525563
STP,L,8,9242.474340895482
STP,L,9,7200.09843051
STP,L,10,7622.189364852585
SUR,G,0,2829.471279358395
SUR,G,1,1485.5287036663908
SUR,G,2,1209.5493109576803
SUR,G,3,588.2337496701609
SUR,G,4,468.46443785672153
SUR,G,5,365.1204425039636
SUR,G,6,343.1930134750566
SUR,G,7,357.8457119347263
SUR,G,8,294.55901758785643
SUR,G,9,249.85612717111334
SUR,G,10,157.49249407464148
SUR,L,0,26576.992446458888
SUR,L,1,9555.41983040815
SUR,L,2,9393.364533602633
SUR,L,3,10232.554661210233
SUR,L,4,6314.171587910714
SUR,L,5,5183.175277604573
SUR,L,6,4413.50830201357
SUR,L,7,6092.639257610348
SUR,L,8,4610.537416580137
SUR,L,9,3399.4656763936473
SUR,L,10,3862.4770696990295
SVK,G,0,2666.8491205923406
SVK,G,1,2610.1962137393234
SVK,G,2,1007.4368736294755
SVK,G,3,629.3290408700557
SVK,G,4,748.4370738334537
SVK,G,5,644.1957944457407
SVK,G,6,419.09213664630266
SVK,G,7,409.29584459227914
SVK,G,8,322.0569820477822
SVK,G,9,236.35053798388105
SVK,G,10,196.2128085439394
SVK,L,0,348207.99635236565
SVK,L,1,73352.98265824221
SVK,L,2,24686.3095470763
SVK,L,3,19589.529318392033
SVK,L,4,26086.72711443664
SVK,L,5,20151.168773558962
SVK,L,6,12974.685518250615
SVK,L,7,11003.975784669485
SVK,L,8,10223.521592541812
SVK,L,9,17789.281237920328
SVK,L,10,23505.570485551463
SVN,G,0,2687.7964519945904
SVN,G,1,2281.2180466770214
SVN,G,2,994.7578387774182
SVN,G,3,594.0599993034955
SVN,G,4,743.2308014560564
SVN,G,5,555.9234266660513
SVN,G,6,353.6881814780633
SVN,G,7,377.70051617243564
SVN,G,8,318.44681062233684
SVN,G,9,211.28815868963167
SVN,G,10,161.97144626782267
SVN,L,0,157843.94648845049
SVN,L,1,55928.661185570105
SVN,L,2,21348.826328962725
SVN,L,3,14291.45731231789
SVN,L,4,15755.762536614375
SVN,L,5,13557.771661480525
SVN,L,6,10715.39060949441
SVN,L,7,10317.75519101377
SVN,L,8,9675.394067551415
SVN,L,9,11338.83741175391
SVN,L,10,12283.614736476775
SWE,G,0,2554.649798697754
SWE,G,1,2341.2423341581666
SWE,G,2,910.5224189749123
SWE,G,3,605.6521276095597
SWE,G,4,713.26942884694
SWE,G,5,620.708379907602
SWE,G,6,407.7045285944129
SWE,G,7,390.87969164455734
SWE,G,8,301.76023801682794
SWE,G,9,222.99871310845387
SWE,G,10,197.90778435233574
SWE,L,0,262738.68792920484
SWE,L,1,48271.36555589492
SWE,L,2,18874.065895685202
SWE,L,3,16630.536338011127
SWE,L,4,22521.41769206955
SWE,L,5,16338.12685492247
SWE,L,6,10399.879459031428
SWE,L,7,8705.836274857555
SWE,L,8,7902.601707080959
SWE,L,9,14762.294345983577
SWE,L,10,21412.872692139186
SWZ,G,0,2721.526493603637
SWZ,G,1,2552.08080420465
SWZ,G,2,1342.1297237199663
SWZ,G,3,687.7716263688272
SWZ,G,4,445.7389591747279
SWZ,G,5,420.8089686561612
SWZ,G,6,395.8718223299277
SWZ,G,7,322.21076561955135
SWZ,G,8,313.94730270245753
SWZ,G,9,574.9555789478933
SWZ,G,10,404.60461631372783
SWZ,L,0,157574.91238182032
SWZ,L,1,82879.8243496626
SWZ,L,2,80753.78486775882
SWZ,L,3,60715.72600708255
SWZ,L,4,52100.29476561956
SWZ,L,5,31588.843378474277
SWZ,L,6,31492.208347424097
SWZ,L,7,21493.360884886246
SWZ,L,8,21106.28549856031
SWZ,L,9,17145.743447420635
SWZ,L,10,14106.887137705571
SXM,G,0,2115.7030588073076
SXM,G,1,932.1203500260557
SXM,G,2,896.4644782703781
SXM,G,3,477.62560947058347
SXM,G,4,420.6719513729571
SXM,G,5,272.9901768725318
SXM,G,6,206.61880840289538
SXM,G,7,214.2366007957867
SXM,G,8,188.03960933836507
SXM,G,9,130.0520055120576
SXM,G,10,88.67528128417817
SXM,L,0,13229.65243863961
SXM,L,1,5067.178685496344
SXM,L,2,4707.513238347258
SXM,L,3,4075.8620915407064
SXM,L,4,2445.754480735942
SXM,L,5,1984.8913998137848
SXM,L,6,1884.7965090615523
SXM,L,7,2585.1748762639654
SXM,L,8,2172.821439760426
SXM,L,9,1534.4335137628075
SXM,L,10,1698.6337933590175
SYC,G,0,2960.0494298587373
SYC,G,1,1719.0770465372798
SYC,G,2,1206.2531398005838
SYC,G,3,601.0493796348292
SYC,G,4,396.6957072478883
SYC,G,5,336.9461091926199
SYC,G,6,358.2592201665931
SYC,G,7,346.17887406504303
SYC,G,8,327.33415220152284
SYC,G,9,473.5101561798909
SYC,G,10,282.1501055448967
SYC,L,0,51515.181398863584
SYC,L,1,18169.84028358985
SYC,L,2,17925.811531877116
SYC,L,3,23135.05021679671
SYC,L,4,19720.02260792421
SYC,L,5,15666.976527396311
SYC,L,6,11954.172184696106
SYC,L,7,13067.998215944594
SYC,L,8,9118.144755682111
SYC,L,9,7265.408514496271
SYC,L,10,7500.51921607333
SYR,G,0,2972.133795710607
SYR,G,1,3504.569700962512
SYR,G,2,1510.0847058580982
SYR,G,3,741.1066587651424
SYR,G,4,634.600357743889
SYR,G,5,616.8706023586838
SYR,G,6,513.1250162383641
SYR,G,7,446.0289639252755
SYR,G,8,372.42766701813497
SYR,G,9,407.7746494094917
SYR,G,10,278.603988494824
SYR,L,0,265520.6788493328
SYR,L,1,128578.94651216673
SYR,L,2,101053.96765382813
SYR,L,3,93999.30827689845
SYR,L,4,76424.49155838702
SYR,L,5,58584.07526691585
SYR,L,6,34088.478508062166
SYR,L,7,31601.544979716997
SYR,L,8,29043.599716245255
SYR,L,9,27227.308641450945
SYR,L,10,27315.937738410386
TCA,G,0,2922.0852194854365
TCA,G,1,1753.6774243120867
TCA,G,2,1199.1346910985656
TCA,G,3,602.3521763976827
TCA,G,4,388.40058288863486
TCA,G,5,332.5453232084924
TCA,G,6,351.7226553168409
TCA,G,7,332.88882409162153
TCA,G,8,323.791788952986
TCA,G,9,516.906092340132
TCA,G,10,309.1546948889706
TCA,L,0,58393.11701017604
TCA,L,1,21007.96596348154
TCA,L,2,20555.211872065407
TCA,L,3,25767.062371836328
TCA,L,4,23946.83547085527
TCA,L,5,18601.056405689065
TCA,L,6,14447.697624808296
TCA,L,7,14478.958499193428
TCA,L,8,10270.10271265505
TCA,L,9,8214.048478525845
TCA,L,10,8135.962817629981
TCD,G,0,2621.0149070605466
TCD,G,1,1339.189643101777
TCD,G,2,957.354891348542
TCD,G,3,523.3820867438143
TCD,G,4,299.31092256884995
TCD,G,5,247.51817591504593
TCD,G,6,260.62307638576493
TCD,G,7,242.84919095739568
TCD,G,8,269.1241846027016
TCD,G,9,612.4370881442377
TCD,G,10,388.46130644380514
TCD,L,0,52053.578197960465
TCD,L,1,19590.592906351827
TCD,L,2,17013.034169866816
TCD,L,3,16788.130337540588
TCD,L,4,19396.946411824847
TCD,L,5,14122.660341329212
TCD,L,6,13691.642670452457
TCD,L,7,10680.646745171876
TCD,L,8,8316.331220218255
TCD,L,9,6869.668331294296
TCD,L,10,6096.161949541847
TGO,G,0,2577.3521393309265
TGO,G,1,1392.9241897145898
TGO,G,2,974.0464562868962
TGO,G,3,532.8715307339238
TGO,G,4,302.525129121604
TGO,G,5,252.34498832523272
TGO,G,6,261.116222000222
TGO,G,7,238.24324282929385
TGO,G,8,265.72816346060364
TGO,G,9,630.2868826124779
TGO,G,10,409.59466210342174
TGO,L,0,57242.925729417264
TGO,L,1,22565.697087845667
TGO,L,2,19357.50638819873
TGO,L,3,17692.25560354686
TGO,L,4,20159.202282406804
TGO,L,5,14406.579719100688
TGO,L,6,14924.919738611436
TGO,L,7,11106.599178534669
TGO,L,8,9031.174336751219
TGO,L,9,7316.329699166094
TGO,L,10,6300.272798032665
THA,G,0,2696.42845730331
THA,G,1,1512.087981204133
THA,G,2,1044.9519060066086
THA,G,3,556.5905144461561
THA,G,4,326.8398800611259
THA,G,5,275.6216218548667
THA,G,6,288.51737990629186
THA,G,7,265.27613552764666
THA,G,8,285.14343782499463
THA,G,9,613.0082421725294
THA,G,10,383.5230704105405
THA,L,0,59970.47707100209
THA,L,1,22865.66904147666
THA,L,2,20536.494950630324
THA,L,3,20875.31507510114
THA,L,4,23514.13318629969
THA,L,5,17023.560231640065
THA,L,6,16039.296381810815
THA,L,7,12633.679144786469
THA,L,8,9808.517265747307
THA,L,9,7977.805827363768
THA,L,10,7094.697304596142
TJK,G,0,2597.796723627188
TJK,G,1,3498.471709869353
TJK,G,2,1245.8515377809526
TJK,G,3,741.1593542624876
TJK,G,4,646.0452127560928
TJK,G,5,705.2833245734669
TJK,G,6,521.7672106183732
TJK,G,7,390.472782868901
TJK,G,8,311.70262624293684
TJK,G,9,347.3492806701171
TJK,G,10,312.6508888921171
TJK,L,0,427611.204949334
TJK,L,1,112959.65542087198
TJK,L,2,52200.96911989715
TJK,L,3,49426.50200697348
TJK,L,4,40187.76405227632
TJK,L,5,23125.227921106052
TJK,L,6,16136.857702272366
TJK,L,7,13292.199205555533
TJK,L,8,13412.552738771617
TJK,L,9,22159.131770416076
TJK,L,10,29227.56564103427
TKM,G,0,2929.463759711976
TKM,G,1,2839.469710399101
TKM,G,2,1347.4931404207027
TKM,G,3,679.5164953346626
TKM,G,4,731.9653744161768
TKM,G,5,607.8237336716767
TKM,G,6,431.11419710790125
TKM,G,7,435.57224509242815
TKM,G,8,357.86961141445056
TKM,G,9,271.7701401861787
TKM,G,10,185.5088000553298
TKM,L,0,112802.76670581281
TKM,L,1,48927.067205944004
TKM,L,2,32605.75233379959
TKM,L,3,23286.887248246716
TKM,L,4,18231.01177078581
TKM,L,5,16089.255061611284
TKM,L,6,13028.665231775462
TKM,L,7,15807.344111812674
TKM,L,8,14147.462868301956
TKM,L,9,11302.37677319534
TKM,L,10,12065.020120049172
TTO,G,0,3006.5778927987017
TTO,G,1,1760.0578575828142
TTO,G,2,1272.9804914219008
TTO,G,3,615.9493686294923
TTO,G,4,443.0595054336211
TTO,G,5,371.20645037742395
TTO,G,6,382.00564837107123
TTO,G,7,381.47832285117477
TTO,G,8,333.634942205047
TTO,G,9,375.2059918711405
TTO,G,10,226.32504312412914
TTO,L,0,42603.280750736754
TTO,L,1,15018.310378945
TTO,L,2,15058.817541056287
TTO,L,3,18970.940042988477
TTO,L,4,13279.908535505392
TTO,L,5,10884.376544691326
TTO,L,6,8472.186465075085
TTO,L,7,10784.399591175257
TTO,L,8,7620.226587267292
TTO,L,9,5840.342106521028
TTO,L,10,6425.486546752984
TUN,G,0,2618.9546349421976
TUN,G,1,2720.2774727218994
TUN,G,2,1335.2916732561687
TUN,G,3,705.2979147706319
TUN,G,4,457.66757684414614
TUN,G,5,445.6586342971875
TUN,G,6,402.2549280111638
TUN,G,7,312.3120188145384
TUN,G,8,300.6073217309132
TUN,G,9,544.9834522552085
TUN,G,10,421.1392627300129
TUN,L,0,183090.31023310026
TUN,L,1,110349.23840575534
TUN,L,2,98913.25457072369
TUN,L,3,58718.3597777544
TUN,L,4,41725.50140430428
TUN,L,5,24643.49095328911
TUN,L,6,25629.697282472986
TUN,L,7,18188.76499336914
TUN,L,8,19485.543136436077
TUN,L,9,16943.093456576
TUN,L,10,14159.58829590074
TUR,G,0,2561.4046305081315
TUR,G,1,3439.2546311354095
TUR,G,2,1294.5928449405114
TUR,G,3,750.6174228041132
TUR,G,4,588.4543650736986
TUR,G,5,640.054266661815
TUR,G,6,498.7032818494759
TUR,G,7,361.54343716089863
TUR,G,8,302.6812717035016
TUR,G,9,390.1501935086603
TUR,G,10,352.0621027266891
TUR,L,0,317433.2404711754
TUR,L,1,118542.75174986199
TUR,L,2,66094.00341110078
TUR,L,3,55880.66570276205
TUR,L,4,36564.64410908628
TUR,L,5,20913.703852468112
TUR,L,6,16584.611461188248
TUR,L,7,13620.632616294437
TUR,L,8,14265.574602843366
TUR,L,9,19555.08275754
TUR,L,10,22126.115955377976
TWN,G,0,2124.4421271800875
TWN,G,1,2127.227491281637
TWN,G,2,1100.3760158417247
TWN,G,3,674.5015020002279
TWN,G,4,392.7964906394368
TWN,G,5,388.82566097055525
TWN,G,6,322.0266318029437
TWN,G,7,226.78404313307485
TWN,G,8,222.21098967948686
TWN,G,9,413.11714655865455
TWN,G,10,440.3556209790409
TWN,L,0,74883.49869811919
TWN,L,1,35960.01151554325
TWN,L,2,29711.774824279477
TWN,L,3,18319.522924958295
TWN,L,4,10666.557007938101
TWN,L,5,7029.555827962032
TWN,L,6,7572.525914995891
TWN,L,7,6951.168450063883
TWN,L,8,7420.9374597316555
TWN,L,9,6481.8832272266545
TWN,L,10,6227.858724615649
TZA,G,0,2379.998080489853
TZA,G,1,1723.6032322895844
TZA,G,2,1068.9677244210918
TZA,G,3,593.1556988568092
TZA,G,4,331.9118066716934
TZA,G,5,292.99798220536707
TZA,G,6,277.44629491753466
TZA,G,7,227.4675496800196
TZA,G,8,249.21354646248122
TZA,G,9,606.3237662673322
TZA,G,10,474.52594040683294
TZA,L,0,81371.62238413526
TZA,L,1,42282.81062731161
TZA,L,2,34834.14345151317
TZA,L,3,21178.44965132636
TZA,L,4,18171.554644239026
TZA,L,5,12150.805088996058
TZA,L,6,15073.17959295377
TZA,L,7,10986.473400542971
TZA,L,8,11111.091298743408
TZA,L,9,8433.298149977065
TZA,L,10,6861.33500716124
UGA,G,0,2333.0323108987723
UGA,G,1,1591.990790754168
UGA,G,2,1018.3613729562344
UGA,G,3,571.6787857788196
UGA,G,4,314.21701556490046
UGA,G,5,273.0730352006715
UGA,G,6,259.55016627788166
UGA,G,7,215.08225663532173
UGA,G,8,240.26066598662044
UGA,G,9,605.1230140099917
UGA,G,10,476.6233923808374
UGA,L,0,72620.48014619877
UGA,L,1,37018.18051506999
UGA,L,2,29887.81094853537
UGA,L,3,18309.19890670812
UGA,L,4,16065.889658489774
UGA,L,5,10893.34062297837
UGA,L,6,13665.044359814096
UGA,L,7,10022.028640352355
UGA,L,8,10044.01399426232
UGA,L,9,7583.928752050691
UGA,L,10,6171.875671078626
UKR,G,0,2653.3171380235663
UKR,G,1,2242.128425910465
UKR,G,2,951.8920585451414
UKR,G,3,587.0947251683032
UKR,G,4,736.0490068536501
UKR,G,5,558.3247786670181
UKR,G,6,355.74712969252266
UKR,G,7,377.1610656133338
UKR,G,8,314.0169375686331
UKR,G,9,209.51833131467487
UKR,G,10,165.71992139118652
UKR,L,0,186058.52468320596
UKR,L,1,56688.31423836777
UKR,L,2,20314.002267946296
UKR,L,3,14243.505692839279
UKR,L,4,17048.38099422838
UKR,L,5,14367.66711404127
UKR,L,6,10791.04676178284
UKR,L,7,9847.566020006476
UKR,L,8,9169.258228063087
UKR,L,9,12246.222587778606
UKR,L,10,13783.852303571946
URY,G,0,3003.7835486860504
URY,G,1,3361.080059741097
URY,G,2,1490.5706568142032
URY,G,3,727.6101675639671
URY,G,4,677.1880611495842
URY,G,5,631.2320217003348
URY,G,6,500.67723159154275
URY,G,7,461.10128326813947
URY,G,8,376.9636828688977
URY,G,9,356.12802345217256
URY,G,10,240.06665267721476
URY,L,0,189172.3477222289
URY,L,1,84522.79498687414
URY,L,2,63691.07763242413
URY,L,3,53983.87786595669
URY,L,4,42066.99562908427
URY,L,5,36245.59573706019
URY,L,6,23971.61513150064
URY,L,7,26408.08350568105
URY,L,8,23292.632855001615
URY,L,9,19914.706191531022
URY,L,10,21057.429483621087
USA,G,0,2841.934472076109
USA,G,1,2678.974136888449
USA,G,2,1212.243968871326
USA,G,3,650.3652957337094
USA,G,4,757.7729467074844
USA,G,5,602.0162035782597
USA,G,6,400.36963920025835
USA,G,7,414.5805842191369
USA,G,8,344.3592580047324
USA,G,9,244.0423996715234
USA,G,10,173.78667971903695
USA,L,0,130669.00647843633
USA,L,1,56017.82298536439
USA,L,2,28855.66503305199
USA,L,3,19050.20173468772
USA,L,4,17027.68457626798
USA,L,5,14994.64815620299
USA,L,6,12231.434173332462
USA,L,7,13604.630732663709
USA,L,8,12646.484919308752
USA,L,9,11467.895124970628
USA,L,10,12181.762652101119
UZB,G,0,2634.1331494532856
UZB,G,1,3546.0721614422146
UZB,G,2,1348.9422075431903
UZB,G,3,754.0821625947974
UZB,G,4,588.85818919333
UZB,G,5,630.6312440067995
UZB,G,6,502.00979195758066
UZB,G,7,372.10549113941164
UZB,G,8,315.05787350761483
UZB,G,9,412.857302436777
UZB,G,10,352.9546730652872
UZB,L,0,403306.373955044
UZB,L,1,180563.26094326878
UZB,L,2,94036.65622739961
UZB,L,3,74302.13944310173
UZB,L,4,49265.96953390286
UZB,L,5,27195.788391280137
UZB,L,6,21103.57834615278
UZB,L,7,16551.268011599816
UZB,L,8,17669.2896870216
UZB,L,9,23947.798849391373
UZB,L,10,25523.684690687354
VCT,G,0,2968.7446704656886
VCT,G,1,1725.665492475932
VCT,G,2,1213.7589697138874
VCT,G,3,602.8513533362817
VCT,G,4,400.90463397087467
VCT,G,5,340.3172449063328
VCT,G,6,361.3787006872149
VCT,G,7,350.3134393084292
VCT,G,8,328.67079122412997
VCT,G,9,463.9587783307759
VCT,G,10,276.5026858633619
VCT,L,0,50680.67205863494
VCT,L,1,17848.879410456986
VCT,L,2,17658.335570009844
VCT,L,3,22865.030875714638
VCT,L,4,19077.47524495222
VCT,L,5,15221.03333659977
VCT,L,6,11592.467577823001
VCT,L,7,12900.144536707694
VCT,L,8,8989.511503981636
VCT,L,9,7140.66978252041
VCT,L,10,7428.845969296383
VEN,G,0,1730.163709349131
VEN,G,1,867.3992729621289
VEN,G,2,649.1140491640072
VEN,G,3,412.21577385768666
VEN,G,4,201.47910089376953
VEN,G,5,159.21170362345612
VEN,G,6,144.34397934166077
VEN,G,7,123.36233000462829
VEN,G,8,154.38587652653717
VEN,G,9,403.74059744586776
VEN,G,10,389.65079788506523
VEN,L,0,30735.500607726863
VEN,L,1,15489.922618317893
VEN,L,2,11066.650981879258
VEN,L,3,6225.899536644978
VEN,L,4,5222.438501000902
VEN,L,5,3782.7755558070694
VEN,L,6,4891.64733964232
VEN,L,7,4084.1238301460075
VEN,L,8,4164.407389698548
VEN,L,9,3039.5562012546375
VEN,L,10,2547.171773049293
VGB,G,0,2960.4131346545873
VGB,G,1,1675.3145194213716
VGB,G,2,1269.4958668115871
VGB,G,3,610.5908256793773
VGB,G,4,465.0621346568542
VGB,G,5,379.00568755478065
VGB,G,6,374.40841411407354
VGB,G,7,383.05876397661757
VGB,G,8,321.98823997917935
VGB,G,9,310.0269742854738
VGB,G,10,190.57225683652004
VGB,L,0,34714.461538577976
VGB,L,1,12347.207544882587
VGB,L,2,12302.557046006743
VGB,L,3,14463.872263037374
VGB,L,4,9328.443602874668
VGB,L,5,7685.211185279129
VGB,L,6,6250.459534305468
VGB,L,7,8424.441090296152
VGB,L,8,6144.201348369106
VGB,L,9,4599.7598364090545
VGB,L,10,5178.505400755408
VNM,G,0,2505.3063596810593
VNM,G,1,1563.968694717866
VNM,G,2,1032.3664652894092
VNM,G,3,563.7464599092577
VNM,G,4,318.5455316168668
VNM,G,5,272.74060394107715
VNM,G,6,271.5427184839366
VNM,G,7,236.0290808253515
VNM,G,8,261.8590048260748
VNM,G,9,641.6085531412671
VNM,G,10,445.22437061426285
VNM,L,0,70963.0401437439
VNM,L,1,31555.918610624223
VNM,L,2,26676.38043735617
VNM,L,3,20465.45311983047
VNM,L,4,21226.622701601886
VNM,L,5,14586.533954974655
VNM,L,6,16923.914962163068
VNM,L,7,11927.661123168235
VNM,L,8,10735.468144928067
VNM,L,9,8347.32597277553
VNM,L,10,6870.021799045508
YEM,G,0,2725.5202489902717
YEM,G,1,1938.1765227859432
YEM,G,2,1200.3691005382286
YEM,G,3,620.6064862120686
YEM,G,4,378.49519212635255
YEM,G,5,334.9465607986166
YEM,G,6,335.99578321108856
YEM,G,7,292.3119366488877
YEM,G,8,301.8662779094773
YEM,G,9,618.5346017036317
YEM,G,10,401.0549341955618
YEM,L,0,90744.87404946446
YEM,L,1,38744.5838722379
YEM,L,2,36318.66242651185
YEM,L,3,33632.81949148233
YEM,L,4,35266.526932869856
YEM,L,5,23989.08437635372
YEM,L,6,23773.05009419972
YEM,L,7,17262.246539927328
YEM,L,8,14609.885755912119
YEM,L,9,11436.3718153733
YEM,L,10,9701.355775622773
ZAF,G,0,2994.8302888862127
ZAF,G,1,3425.3964311178784
ZAF,G,2,1513.233898298508
ZAF,G,3,736.3321764890047
ZAF,G,4,641.4446498519544
ZAF,G,5,614.0165523517707
ZAF,G,6,508.9509938034161
ZAF,G,7,451.7903432809489
ZAF,G,8,375.3920746948831
ZAF,G,9,394.9520305535856
ZAF,G,10,266.09422296100456
ZAF,L,0,221117.974183739
ZAF,L,1,102086.0252377229
ZAF,L,2,83340.4834036267
ZAF,L,3,77746.2141354987
ZAF,L,4,60902.21404610918
ZAF,L,5,49597.18287991924
ZAF,L,6,30238.66444119967
ZAF,L,7,30394.39658819867
ZAF,L,8,27022.729237961634
ZAF,L,9,23771.812472392405
ZAF,L,10,24290.033673903537
ZMB,G,0,2728.847716242673
ZMB,G,1,2339.279872447343
ZMB,G,2,1303.4049343438141
ZMB,G,3,667.1051699437271
ZMB,G,4,423.0378523326435
ZMB,G,5,390.5567863202526
ZMB,G,6,376.0848031804314
ZMB,G,7,313.0145450258274
ZMB,G,8,311.2020294094253
ZMB,G,9,594.2952390659344
ZMB,G,10,405.1331831353625
ZMB,L,0,130299.88034854614
ZMB,L,1,63237.89830092614
ZMB,L,2,61332.56774953041
ZMB,L,3,50266.639062922106
ZMB,L,4,46924.19834461608
ZMB,L,5,29653.786629870447
ZMB,L,6,29790.889023935455
ZMB,L,7,20557.56899907882
ZMB,L,8,19154.38758378548
ZMB,L,9,15114.900795702397
ZMB,L,10,12490.890574437886
ZWE,G,0,2405.0117182755794
ZWE,G,1,1948.8117432881459
ZWE,G,2,1137.8014891292783
ZWE,G,3,627.175335960114
ZWE,G,4,359.7905353716018
ZWE,G,5,327.1286524075024
ZWE,G,6,303.79094342620675
ZWE,G,7,242.08496178188602
ZWE,G,8,256.95006763156687
ZWE,G,9,586.6772801456938
ZWE,G,10,471.9899610563653
ZWE,L,0,96312.67949029163
ZWE,L,1,52937.599918971
ZWE,L,2,44497.33898965534
ZWE,L,3,25545.227747238343
ZWE,L,4,20113.03809887754
ZWE,L,5,13137.909942845961
ZWE,L,6,15964.391724248235
ZWE,L,7,11815.850126211006
ZWE,L,8,12355.5725038459
ZWE,L,9,9535.547291575895
ZWE,L,10,7822.296513428102
