File Description: RCMIP SSP245 emissions 1750-2500, with 2016-2024 replaced by observations (EDGAR-2025 + CEDS v_2025_03_18 + GFED5.1) and 2025-2500 rebased on the observed 2024 level. Generated by 03Claim/scripts/build_observed_emissions.py - do not edit by hand.,,,,,,,,,,,,,,,,,,,,,,,,,,,,,,,,,,,,,,,,,,,,,,,,,,,,
"Code Source: Extracted using default Python model version of FAIR2.0, available at https://github.com/njleach/
FAIR/tree/47c6eec031d2edcf09424394dbb86581a1b246ba",,,,,,,,,,,,,,,,,,,,,,,,,,,,,,,,,,,,,,,,,,,,,,,,,,,,
"Paper Reference: Leach et al. 2021. ""FaIRv2.0.0: a generalized impulse response model for climate
uncertainty and future scenario exploration,"" Geoscientific Model Development. https://doi.org/10.5194/gmd-14-3007-2021",,,,,,,,,,,,,,,,,,,,,,,,,,,,,,,,,,,,,,,,,,,,,,,,,,,,
,,,,,,,,,,,,,,,,,,,,,,,,,,,,,,,,,,,,,,,,,,,,,,,,,,,,
year,c2f6,c3f8,c4f10,c5f12,c6f14,c7f16,c8f18,c_c4f8,carbon_dioxide,carbon_tetrachloride,cf4,cfc113,cfc114,cfc115,cfc11,cfc12,ch2cl2,ch3ccl3,chcl3,halon1211,halon1301,halon2402,halon1202,hcfc141b,hcfc142b,hcfc22,hfc125,hfc134a,hfc143a,hfc152a,hfc227ea,hfc236fa,hfc23,hfc245fa,hfc32,hfc365mfc,hfc4310mee,methane,methyl_bromide,methyl_chloride,nf3,nitrous_oxide,sf6,so2f2,so2,nox,co,nmvoc,bc,nh3,oc,nox_avi
1750,0,0,0,0,0,0,0,0,0.08370013,2.49E-05,1.01E-05,0,0,0,0,0,0,0,0,7.72E-06,0,0,0,0,0,0,0,0,0,0,0,0,0,0,0,0,0,19.01978312,0,0,0,0.054741468,0,0,0,0,0,0,0,0,0,0
1751,0,0,0,0,0,0,0,0,0.085192382,2.49E-05,1.01E-05,0,0,0,0,0,0,0,0,7.72E-06,0,0,0,0,0,0,0,0,0,0,0,0,0,0,0,0,0,18.91510887,1.95E-05,0.0010236,0,0.055775659,0,0,-0.031669297,-0.142908704,-4.600991529,-0.933699943,-0.02484483,-0.067547906,-0.258951403,0
1752,0,0,0,0,0,0,0,0,0.086713094,2.49E-05,1.01E-05,0,0,0,0,0,0,0,0,7.72E-06,0,0,0,0,0,0,0,0,0,0,0,0,0,0,0,0,0,18.88971181,3.73E-05,0.00196,0,0.056829387,0,0,-0.042932391,-0.140941523,-6.718324876,-1.389829197,-0.033458823,-0.108208055,-0.413192406,0
1753,0,0,0,0,0,0,0,0,0.088260754,2.49E-05,1.01E-05,0,0,0,0,0,0,0,0,7.72E-06,0,0,0,0,0,0,0,0,0,0,0,0,0,0,0,0,0,19.12137723,1.60E-05,0.0008411,0,0.057903023,0,0,-0.02935507,-0.195391609,-4.851902568,-0.995476824,-0.025820192,-0.046251562,-0.265122996,0
1754,0,0,0,0,0,0,0,0,0.089837892,2.49E-05,1.01E-05,0,0,0,0,0,0,0,0,7.72E-06,0,0,0,0,0,0,0,0,0,0,0,0,0,0,0,0,0,19.50906107,-1.42E-05,-0.0007451,0,0.058996942,0,0,0.022016818,-0.098375159,1.288266423,0.24811895,0.001579027,0.087499133,0.111104903,0
1755,0,0,0,0,0,0,0,0,0.091444025,2.49E-05,1.01E-05,0,0,0,0,0,0,0,0,7.72E-06,0,0,0,0,0,0,0,0,0,0,0,0,0,0,0,0,0,19.50045493,4.09E-06,0.0002149,0,0.060111528,0,0,0.002306709,0.030779307,-0.382690822,-0.196892499,0.00140241,0.016298951,-0.08948562,0
1756,0,0,0,0,0,0,0,0,0.093256021,2.49E-05,1.01E-05,0,0,0,0,0,0,0,0,7.72E-06,0,0,0,0,0,0,0,0,0,0,0,0,0,0,0,0,0,19.4625366,-2.17E-06,-0.0001143,0,0.061247171,0,0,-0.02086411,-0.319049335,-5.204207102,-1.074996912,-0.028855348,-0.004978535,-0.251891521,0
1757,0,0,0,0,0,0,0,0,0.094921754,2.49E-05,1.01E-05,0,0,0,0,0,0,0,0,7.72E-06,0,0,0,0,0,0,0,0,0,0,0,0,0,0,0,0,0,20.02354066,3.64E-06,0.0001912,0,0.062404268,0,0,0.067416259,0.39793986,7.414533486,1.241866772,0.050152921,0.119984038,0.257150973,0
1758,0,0,0,0,0,0,0,0,0.09661811,2.49E-05,1.01E-05,0,0,0,0,0,0,0,0,7.72E-06,0,0,0,0,0,0,0,0,0,0,0,0,0,0,0,0,0,19.93400533,8.89E-06,0.0004669,0,0.063583226,0,0,0.039695391,0.244133384,3.312390272,0.41278622,0.022840654,0.067769677,0.066943482,0
1759,0,0,0,0,0,0,0,0,0.098345655,2.49E-05,1.01E-05,0,0,0,0,0,0,0,0,7.72E-06,0,0,0,0,0,0,0,0,0,0,0,0,0,0,0,0,0,20.14146621,-4.01E-06,-0.0002111,0,0.064784457,0,0,0.0334796,0.017334149,2.980403948,0.423436828,0.019496676,0.118268234,0.126345344,0
1760,0,0,0,0,0,0,0,0,0.100103953,2.49E-05,1.01E-05,0,0,0,0,0,0,0,0,7.72E-06,0,0,0,0,0,0,0,0,0,0,0,0,0,0,0,0,0,20.41679714,-4.75E-05,-0.0024976,0,0.066008382,0,0,0.057696761,-0.022515902,5.890926531,1.029898565,0.03003335,0.200358194,0.371395783,0
1761,0,0,0,0,0,0,0,0,0.102157594,2.49E-05,1.01E-05,0,0,0,0,0,0,0,0,7.72E-06,0,0,0,0,0,0,0,0,0,0,0,0,0,0,0,0,0,20.45599017,3.70E-06,0.0001946,0,0.06725543,0,0,0.069133328,0.231573921,6.180609143,0.962400977,0.039986234,0.153279717,0.244247736,0
1762,0,0,0,0,0,0,0,0,0.103982192,2.49E-05,1.01E-05,0,0,0,0,0,0,0,0,7.72E-06,0,0,0,0,0,0,0,0,0,0,8.32E-11,0,0,0,1.51E-09,0,0,20.45168738,-6.46E-06,-0.0003397,0,0.068526037,0,0,0.026455698,-0.235422661,0.72233845,0.00526311,0.003977353,0.144857246,0.078267159,0
1763,0,0,0,0,0,0,0,0,0.105840337,2.49E-05,1.01E-05,0,0,0,0,0,0,0,0,7.72E-06,0,0,0,0,0,0,0,0,0,0,6.68E-10,0,0,0,1.24E-08,0,0,20.54517934,5.59E-06,0.0002937,0,0.069820649,0,2.69E-10,0.040943731,-0.102257214,1.531976145,0.105240049,0.009259003,0.140292493,0.079094341,0
1764,0,0,0,0,0,0,0,0,0.107732647,2.49E-05,1.01E-05,0,0,0,0,0,0,0,0,7.72E-06,0,0,0,0,0,0,0,0,0,0,1.27E-09,0,0,0,2.50E-08,0,0,20.26091721,2.27E-05,0.0011915,0,0.071139719,0,2.16E-09,-0.018180504,-0.158574692,-6.482748121,-1.583469057,-0.026221529,-0.028944351,-0.488969162,0
1765,0,0,0,0,0,0,0,0,0.109659749,2.49E-05,1.01E-05,0,0,0,0,0,0,0,0,7.72E-06,0,0,0,0,0,0,0,0,0,0,1.39E-09,0,0,0,3.03E-08,0,0,20.919155,-1.48E-05,-0.0007781,0,0.07248371,0,4.09E-09,0.057505631,0.002868113,4.405366989,0.607631635,0.025829266,0.184692234,0.232255959,0
1766,0,0,0,0,0,0,0,0,0.111970923,2.49E-05,1.01E-05,0,0,0,0,0,0,0,0,7.72E-06,0,0,0,0,0,0,0,0,0,0,1.42E-09,0,0,0,3.44E-08,0,0,20.8535919,-1.01E-05,-0.0005338,0,0.073853091,0,4.47E-09,0.044359887,0.024867108,0.853286223,-0.163041598,0.012689222,0.108606439,-0.088837332,0
1767,0,0,0,0,0,0,0,0,0.113969543,2.49E-05,1.01E-05,0,0,0,0,0,0,0,0,7.72E-06,0,0,0,0,0,0,0,0,0,0,1.46E-09,0,0,0,3.84E-08,0,0,20.99917946,-2.07E-06,-0.000109,0,0.075248343,0,4.59E-09,0.042694443,0.010492018,1.088740219,-0.130799324,0.014689946,0.117692336,-0.047103651,0
1768,0,0,0,0,0,0,0,0,0.116004911,2.49E-05,1.01E-05,0,0,0,0,0,0,0,0,7.72E-06,0,0,0,0,0,0,0,0,0,0,1.49E-09,0,0,0,4.25E-08,0,0,21.65945211,-4.10E-05,-0.0021556,0,0.076669954,0,4.71E-09,0.145329061,0.531191292,14.12632605,2.343999329,0.085361285,0.295927729,0.616062055,0
1769,0,0,0,0,0,0,0,0,0.118077703,2.49E-05,1.01E-05,0,0,0,0,0,0,0,0,7.72E-06,0,0,0,0,0,0,0,0,0,0,1.53E-09,0,0,0,4.65E-08,0,0,21.49633535,-1.10E-05,-0.0005799,0,0.078118423,0,4.83E-09,0.102709147,0.12263885,6.498059674,0.928577381,0.039862986,0.230173612,0.287426645,0
1770,0,0,0,0,0,0,0,0,0.120188609,2.49E-05,1.01E-05,0,0,0,0,0,0,0,0,7.72E-06,0,0,0,0,0,0,0,0,0,0,1.57E-09,0,0,0,5.06E-08,0,0,21.63439757,-4.23E-05,-0.0022233,0,0.079594257,0,4.94E-09,0.110956259,0.163706274,6.833188779,0.944200985,0.041593983,0.228288192,0.295046939,0
1771,0,0,0,0,0,0,0,0,0.122705111,2.49E-05,1.01E-05,0,0,0,0,0,0,0,0,7.72E-06,0,0,0,0,0,0,0,0,0,0,1.60E-09,0,0,0,5.47E-08,0,0,21.4289211,-1.55E-05,-0.0008131,0,0.081097973,0,5.06E-09,0.016375867,-0.111969228,-0.665370484,-0.597585895,0.003138945,0.141528314,-0.125690755,0
1772,0,0,0,0,0,0,0,0,0.124894365,2.49E-05,1.01E-05,0,0,0,0,0,0,0,0,7.72E-06,0,0,0,0,0,0,0,0,0,0,1.64E-09,0,0,0,5.87E-08,0,0,21.39461572,1.14E-06,5.97E-05,0,0.082630097,0,5.18E-09,-0.008169622,-0.211204477,-3.913884945,-1.296873278,-0.010693214,0.11554047,-0.333484861,0
1773,0,0,0,0,0,0,0,0,0.127123874,2.49E-05,1.01E-05,0,0,0,0,0,0,0,0,7.72E-06,0,0,0,0,0,0,0,0,0,0,1.67E-09,0,0,0,6.28E-08,0,0,21.59523139,-1.82E-05,-0.0009575,0,0.084191167,0,5.30E-09,-0.002477906,-0.267822347,-2.750549688,-1.105257374,-0.005015152,0.176813644,-0.243004356,0
1774,0,0,0,0,0,0,0,0,0.129394379,2.49E-05,1.01E-05,0,0,0,0,0,0,0,0,7.72E-06,0,0,0,0,0,0,0,0,0,0,1.71E-09,0,0,0,6.68E-08,0,0,22.25970773,-6.12E-05,-0.0032187,0,0.085781728,0,5.41E-09,0.088863537,0.048690627,9.576226258,1.291531646,0.057129985,0.420011378,0.42792503,0
1775,0,0,0,0,0,0,0,0,0.131706635,2.49E-05,1.01E-05,0,0,0,0,0,0,0,0,7.72E-06,0,0,0,0,0,0,0,0,0,0,1.75E-09,0,0,0,7.09E-08,0,0,22.20096329,-3.53E-05,-0.0018544,0,0.087402339,0,5.53E-09,0.057264608,0.134079216,6.519814078,0.51900424,0.051225841,0.341954728,0.141467557,0
1776,0,0,0,0,0,0,0,0,0.134448338,2.49E-05,1.01E-05,0,0,0,0,0,0,0,0,7.72E-06,0,0,0,0,0,0,0,0,0,0,1.78E-09,0,0,0,7.49E-08,0,0,22.14194213,-4.83E-05,-0.0025388,0,0.089053567,0,5.65E-09,0.026623644,-0.327795253,0.371193735,-0.640681427,0.014372376,0.333779886,-0.077591131,0
1777,0,0,0,0,0,0,0,0,0.136846413,2.49E-05,1.01E-05,0,0,0,0,0,0,0,0,7.72E-06,0,0,0,0,0,0,0,0,0,0,1.82E-09,0,0,0,7.90E-08,0,0,22.56871006,-3.50E-05,-0.0018401,0,0.090735991,0,5.77E-09,0.0813052,0.199371545,9.018002236,0.871663847,0.072474028,0.428283672,0.225789383,0
1778,0,0,0,0,0,0,0,0,0.139288584,2.49E-05,1.01E-05,0,0,0,0,0,0,0,0,7.72E-06,0,0,0,0,0,0,0,0,0,0,1.85E-09,0,0,0,8.30E-08,0,0,22.85608093,-4.31E-05,-0.0022649,0,0.092450199,0,5.88E-09,0.120517509,0.472305003,14.22805469,1.761660722,0.100230647,0.506915975,0.451788101,0
1779,0,0,0,0,0,0,0,0,0.141775665,2.49E-05,1.01E-05,0,0,0,0,0,0,0,0,7.72E-06,0,0,0,0,0,0,0,0,0,0,1.89E-09,0,0,0,8.71E-08,0,0,22.82063569,-5.08E-05,-0.0026715,0,0.094196793,0,6.00E-09,0.063664014,-0.038221946,7.398812741,0.478988657,0.061845022,0.491083366,0.179789716,0
1780,0,0,0,0,0,0,0,0,0.144309487,2.49E-05,1.01E-05,0,0,0,0,0,0,0,0,7.72E-06,0,0,0,0,0,0,0,0,0,0,1.92E-09,0,0,0,9.10E-08,0,0,23.24616665,-9.96E-05,-0.0052339,0,0.095976383,0,6.12E-09,0.10557565,-0.020147732,13.08668338,1.596769436,0.091496832,0.641739029,0.570712654,0
1781,0,0,0,0,0,0,0,0,0.1473796,2.49E-05,1.01E-05,0,0,0,0,0,0,0,0,7.72E-06,0,0,0,0,0,0,0,0,0,0,1.96E-09,0,0,0,9.52E-08,0,0,23.24965548,-4.54E-05,-0.0023853,0,0.097789594,0,6.24E-09,0.111044206,0.142688074,11.56269509,1.171480248,0.091670444,0.578093261,0.359284118,0
1782,0,0,0,0,0,0,0,0,0.15000643,2.49E-05,1.01E-05,0,0,0,0,0,0,0,0,7.72E-06,0,0,0,0,0,0,0,0,0,0,2.00E-09,0,0,0,9.92E-08,0,0,23.34175812,-5.65E-05,-0.002969,0,0.099637061,0,6.35E-09,0.07812481,-0.274077267,7.519195845,0.463895229,0.062751946,0.591935696,0.26515268,0
1783,0,0,0,0,0,0,0,0,0.152682574,2.49E-05,1.01E-05,0,0,0,0,0,0,0,0,7.72E-06,0,0,0,0,0,0,0,0,0,0,2.03E-09,0,0,0,1.03E-07,0,0,23.37991679,-4.41E-05,-0.0023201,0,0.101519431,0,6.47E-09,0.07341284,-0.290828609,5.759565476,0.0798865,0.052954834,0.568542182,0.159592325,0
1784,0,0,0,0,0,0,0,0,0.155406904,2.49E-05,1.01E-05,0,0,0,0,0,0,0,0,7.72E-06,0,0,0,0,0,0,0,0,0,0,2.07E-09,0,0,0,1.07E-07,0,0,23.2940423,-3.24E-05,-0.0017044,0,0.103437362,0,6.59E-09,0.038268006,-0.137694733,2.042137487,-0.809566331,0.042771457,0.453466309,-0.219526891,0
1785,0,0,0,0,0,0,0,0,0.158183425,2.49E-05,1.01E-05,0,0,0,0,0,0,0,0,7.72E-06,0,0,0,0,0,0,0,0,0,0,2.10E-09,0,0,0,1.11E-07,0,0,23.80210554,-5.96E-05,-0.0031313,0,0.105391528,0,6.71E-09,0.08914217,-0.182730013,8.277766574,0.472653138,0.068068936,0.610462232,0.285043333,0
1786,0,0,0,0,0,0,0,0,0.16163562,2.49E-05,1.01E-05,0,0,0,0,0,0,0,0,7.72E-06,0,0,0,0,0,0,0,0,0,0,2.14E-09,0,0,0,1.15E-07,0,0,23.831995,-6.09E-05,-0.0032007,0,0.107382613,0,6.82E-09,0.08382597,-0.167400841,5.678518518,-0.107143817,0.060912729,0.563394163,0.019488975,0
1787,0,0,0,0,0,0,0,0,0.164514037,2.49E-05,1.01E-05,0,0,0,0,0,0,0,0,7.72E-06,0,0,0,0,0,0,0,0,0,0,2.18E-09,0,0,0,1.19E-07,0,0,24.17652818,-5.36E-05,-0.0028166,0,0.109411313,0,6.94E-09,0.118622717,0.025704998,10.26600947,0.731530852,0.087408538,0.627481878,0.262663308,0
1788,0,0,0,0,0,0,0,0,0.167444363,2.49E-05,1.01E-05,0,0,0,0,0,0,0,0,7.72E-06,0,0,0,0,0,0,0,0,0,0,2.21E-09,0,0,0,1.23E-07,0,0,24.85592892,-9.55E-05,-0.0050222,0,0.111478341,0,7.06E-09,0.207981923,0.529595652,22.82973357,3.102504243,0.157452728,0.803244649,0.89568619,0
1789,0,0,0,0,0,0,0,0,0.170429585,2.49E-05,1.01E-05,0,0,0,0,0,0,0,0,7.72E-06,0,0,0,0,0,0,0,0,0,0,2.25E-09,0,0,0,1.28E-07,0,0,24.71707284,-6.35E-05,-0.0033399,0,0.113584419,0,7.18E-09,0.157768919,0.111049437,14.9142858,1.610466155,0.109893876,0.735826152,0.552740468,0
1790,0,0,0,0,0,0,0,0,0.173469687,2.49E-05,1.01E-05,0,0,0,0,0,0,0,0,7.72E-06,0,0,0,0,0,0,0,0,0,0,2.28E-09,0,0,0,1.32E-07,0,0,24.94220857,-9.63E-05,-0.0050644,0,0.115730286,0,7.29E-09,0.165487728,0.196815469,16.35285762,1.824165584,0.11866624,0.75256428,0.609075762,0
1791,0,0,0,0,0,0,0,0,0.177180339,2.49E-05,1.01E-05,0,0,0,0,0,0,0,0,7.72E-06,0,0,0,0,0,0,0,0,0,0,2.32E-09,0,0,0,1.36E-07,0,0,24.77843217,-6.64E-05,-0.0034934,0,0.117916693,0,7.41E-09,0.125486778,-0.095793389,8.131027389,0.19691298,0.074812801,0.629253452,0.168781729,0
1792,0,0,0,0,0,0,0,0,0.180509603,2.49E-05,1.01E-05,0,0,0,0,0,0,0,0,7.72E-06,0,0,0,0,0,0,0,0,0,0,2.36E-09,0,0,0,1.40E-07,0,0,24.81889294,-4.31E-05,-0.0022642,0,0.120144406,0,7.53E-09,0.11583747,-0.082486982,5.724178834,-0.316140483,0.063880038,0.571464953,-0.000998954,0
1793,0,0,0,0,0,0,0,0,0.183724618,2.49E-05,1.01E-05,0,0,0,0,0,0,0,0,7.72E-06,0,0,0,0,0,0,0,0,0,0,2.39E-09,0,0,0,1.44E-07,0,0,25.03153141,-6.17E-05,-0.0032424,0,0.122414206,0,7.65E-09,0.109326164,-0.259965228,4.844950559,-0.436886728,0.055503079,0.590430648,0.030311391,0
1794,0,0,0,0,0,0,0,0,0.186979747,2.49E-05,1.01E-05,0,0,0,0,0,0,0,0,7.72E-06,0,0,0,0,0,0,0,0,0,0,2.43E-09,0,0,0,1.48E-07,0,0,25.76753778,-0.00010356,-0.0054439,0,0.124726887,0,7.76E-09,0.202611938,0.081136829,17.19455525,2.016398308,0.11607236,0.8038459,0.717591827,0
1795,0,0,0,0,0,0,0,0,0.190311156,2.49E-05,1.01E-05,0,0,0,0,0,0,0,0,7.72E-06,0,0,0,0,0,0,0,0,0,0,2.46E-09,0,0,0,1.52E-07,0,0,25.77334281,-7.68E-05,-0.0040373,0,0.12708326,0,7.88E-09,0.170115129,0.13737593,13.66476391,1.220905918,0.104921517,0.69847913,0.435463799,0
1796,0,0,0,0,0,0,0,0,0.194000483,2.49E-05,1.01E-05,0,0,0,0,0,0,0,0,7.72E-06,0,0,0,0,0,0,0,0,0,0,2.50E-09,0,0,0,1.56E-07,0,0,25.74058407,-8.79E-05,-0.0046235,0,0.129484151,0,8.00E-09,0.128773717,-0.419349522,5.950944158,-0.157583796,0.05538386,0.654173005,0.180701654,0
1797,0,0,0,0,0,0,0,0,0.197767934,2.49E-05,1.01E-05,0,0,0,0,0,0,0,0,7.72E-06,0,0,0,0,0,0,0,0,0,0,2.54E-09,0,0,0,1.60E-07,0,0,26.23006226,-7.15E-05,-0.0037589,0,0.131930399,0,8.12E-09,0.200191027,0.209201245,15.02087842,1.449550723,0.115704281,0.70861249,0.490984901,0
1798,0,0,0,0,0,0,0,0,0.201560694,2.49E-05,1.01E-05,0,0,0,0,0,0,0,0,7.72E-06,0,0,0,0,0,0,0,0,0,0,2.57E-09,0,0,0,1.64E-07,0,0,26.54644012,-7.96E-05,-0.0041859,0,0.134422863,0,8.23E-09,0.244751731,0.454645022,19.12274402,2.175812802,0.136285528,0.743327624,0.679004594,0
1799,0,0,0,0,0,0,0,0,0.205512405,2.49E-05,1.01E-05,0,0,0,0,0,0,0,0,7.72E-06,0,0,0,0,0,0,0,0,0,0,2.61E-09,0,0,0,1.68E-07,0,0,26.70648817,-9.70E-05,-0.0051018,0,0.136962415,0,8.35E-09,0.221265281,0.018463805,14.95868813,1.474403973,0.109521409,0.746772758,0.589674641,0
1800,0,0,0,0,0,0,0,0,0.209647701,2.49E-05,1.01E-05,0,0,0,0,0,0,0,0,7.72E-06,0,0,0,0,0,0,0,0,0,0,2.64E-09,0,0,0,1.72E-07,0,0,27.05634308,-0.00012935,-0.0068,0,0.139549945,0,8.47E-09,0.258545361,-0.031500852,17.31927807,1.981382917,0.1182033,0.81295523,0.794473551,0
1801,0,0,0,0,0,0,0,0,0.213299424,2.49E-05,1.01E-05,0,0,0,0,0,0,0,0,7.72E-06,0,0,0,0,0,0,0,0,0,0,2.68E-09,0,0,0,1.76E-07,0,0,27.12488718,-7.67E-05,-0.0040342,0,0.14218636,0,8.59E-09,0.248382784,0.146366268,16.38970961,1.643821564,0.121630934,0.773496887,0.616065071,0
1802,0,0,0,0,0,0,0,0,0.219402759,2.49E-05,1.01E-05,0,0,0,0,0,0,0,0,7.72E-06,0,0,0,0,0,0,0,0,0,0,2.72E-09,0,0,0,1.80E-07,0,0,27.33978432,-9.30E-05,-0.0048917,0,0.144872582,0,8.70E-09,0.287281679,-0.204879436,14.43534873,1.304330366,0.104921906,0.835363994,0.628155465,0
1803,0,0,0,0,0,0,0,0,0.221901481,2.49E-05,1.01E-05,0,0,0,0,0,0,0,0,7.72E-06,0,0,0,0,0,0,0,0,0,0,2.75E-09,0,0,0,1.84E-07,0,0,27.32049985,-7.69E-05,-0.004044,0,0.147609553,0,8.82E-09,0.235823561,-0.340231788,10.1234212,0.382515593,0.082245073,0.793173665,0.383362732,0
1804,0,0,0,0,0,0,0,0,0.226623697,2.49E-05,1.01E-05,0,0,0,0,0,0,0,0,7.72E-06,0,0,0,0,0,0,0,0,0,0,2.79E-09,0,0,0,1.88E-07,0,0,27.46474997,-7.56E-05,-0.0039758,0,0.150398231,0,8.94E-09,0.251733582,-0.019079128,11.0013372,0.342876525,0.099527332,0.759396639,0.228579964,0
1805,0,0,0,0,0,0,0,0,0.23040324,2.49E-05,1.01E-05,0,0,0,0,0,0,0,0,7.72E-06,0,0,0,0,0,0,0,0,0,0,2.82E-09,0,0,0,1.92E-07,0,0,27.9507982,-9.81E-05,-0.0051569,0,0.153239594,0,9.06E-09,0.289736794,-0.110899264,15.77634555,1.298085233,0.117271643,0.907472117,0.646486649,0
1806,0,0,0,0,0,0,0,0,0.234904653,2.49E-05,1.01E-05,0,0,0,0,0,0,0,0,7.72E-06,0,0,0,0,0,0,0,0,0,0,2.86E-09,0,0,0,1.96E-07,0,0,28.13437245,-0.00010534,-0.0055375,0,0.156134637,0,9.17E-09,0.296277192,-0.000885947,15.81587056,1.201623458,0.125051829,0.915851362,0.503775021,0
1807,0,0,0,0,0,0,0,0,0.239729416,2.49E-05,1.01E-05,0,0,0,0,0,0,0,0,7.72E-06,0,0,0,0,0,0,0,0,0,0,2.90E-09,0,0,0,2.00E-07,0,0,28.45865603,-9.35E-05,-0.0049151,0,0.159084374,0,9.29E-09,0.335073261,0.096761416,18.70757404,1.684642912,0.142101226,0.978537237,0.669895938,0
1808,0,0,0,0,0,0,0,0,0.243262806,2.49E-05,1.01E-05,0,0,0,0,0,0,0,0,7.72E-06,0,0,0,0,0,0,0,0,0,0,2.93E-09,0,0,0,2.04E-07,0,0,29.18524117,-0.00013574,-0.0071355,0,0.162089838,0,9.41E-09,0.406660767,0.634172869,31.50791323,4.060133507,0.214165729,1.167613366,1.283878753,0
1809,0,0,0,0,0,0,0,0,0.247566883,2.49E-05,1.01E-05,0,0,0,0,0,0,0,0,7.72E-06,0,0,0,0,0,0,0,0,0,0,2.97E-09,0,0,0,2.08E-07,0,0,29.12865813,-0.00010873,-0.0057157,0,0.165152082,0,9.53E-09,0.361843613,0.206226717,24.32132676,2.688195905,0.169671885,1.135076887,0.992497847,0
1810,0,0,0,0,0,0,0,0,0.25255984,2.49E-05,1.01E-05,0,0,0,0,0,0,0,0,7.72E-06,0,0,0,0,0,0,0,0,0,0,3.00E-09,0,0,0,2.12E-07,0,0,29.42453242,-0.00014785,-0.007772,0,0.168272178,0,9.64E-09,0.383935098,0.276920901,26.19065313,2.95169043,0.18175296,1.179389061,1.077719934,0
1811,0,0,0,0,0,0,0,0,0.257616525,2.49E-05,1.01E-05,0,0,0,0,0,0,0,0,7.72E-06,0,0,0,0,0,0,0,0,0,0,3.04E-09,0,0,0,2.17E-07,0,0,29.40578756,-0.0001187,-0.0062399,0,0.171451221,0,9.76E-09,0.362952196,0.136190457,20.74212753,1.807779771,0.154759481,1.09925825,0.741197424,0
1812,0,0,0,0,0,0,0,0,0.262534146,2.49E-05,1.01E-05,0,0,0,0,0,0,0,0,7.72E-06,0,0,0,0,0,0,0,0,0,0,3.07E-09,0,0,0,2.21E-07,0,0,29.4202985,-9.74E-05,-0.0051224,0,0.174690322,0,9.88E-09,0.345374396,-0.004248125,16.05332869,0.835643743,0.130236179,1.037479545,0.481382481,0
1813,0,0,0,0,0,0,0,0,0.267207665,2.49E-05,1.01E-05,0,0,0,0,0,0,0,0,7.72E-06,0,0,0,0,0,0,0,0,0,0,3.11E-09,0,0,0,2.25E-07,0,0,29.77847603,-0.00011768,-0.006186,0,0.177990618,0,1.00E-08,0.356240286,-0.109026303,17.38652864,1.114303974,0.134226104,1.105305861,0.617246889,0
1814,0,0,0,0,0,0,0,0,0.272167485,2.49E-05,1.01E-05,0,0,0,0,0,0,0,0,7.72E-06,0,0,0,0,0,0,0,0,0,0,3.14E-09,0,0,0,2.29E-07,0,0,30.54785186,-0.00014889,-0.0078267,0,0.181353263,0,1.01E-08,0.453676933,0.228578085,29.4581829,3.470102005,0.193808936,1.3276757,1.272255339,0
1815,0,0,0,0,0,0,0,0,0.277349523,2.49E-05,1.01E-05,0,0,0,0,0,0,0,0,7.72E-06,0,0,0,0,0,0,0,0,0,0,3.18E-09,0,0,0,2.33E-07,0,0,30.64433954,-0.00013818,-0.0072641,0,0.184779437,0,1.02E-08,0.441125962,0.330809777,27.05330602,2.849749475,0.189553938,1.251204466,1.039828735,0
1816,0,0,0,0,0,0,0,0,0.283517018,2.49E-05,1.01E-05,0,0,0,0,0,0,0,0,7.72E-06,0,0,0,0,0,0,0,0,0,0,3.22E-09,0,0,0,2.37E-07,0,0,30.79985622,-0.00015269,-0.0080265,0,0.188270339,0,1.03E-08,0.454471195,-0.037028854,23.10246399,2.124606295,0.163251245,1.260557385,0.947365704,0
1817,0,0,0,0,0,0,0,0,0.289073972,2.49E-05,1.01E-05,0,0,0,0,0,0,0,0,7.72E-06,0,0,0,0,0,0,0,0,0,0,3.25E-09,0,0,0,2.41E-07,0,0,31.19839541,-0.00013437,-0.0070634,0,0.191827191,0,1.05E-08,0.499377531,0.341334564,27.91558535,2.919704785,0.198409814,1.293135292,1.069560499,0
1818,0,0,0,0,0,0,0,0,0.294219976,2.49E-05,1.01E-05,0,0,0,0,0,0,0,0,7.72E-06,0,0,0,0,0,0,0,0,0,0,3.29E-09,0,0,0,2.45E-07,0,0,31.68760832,-0.00014761,-0.0077594,0,0.195451241,0,1.06E-08,0.561929799,0.762066131,35.38685082,4.245854265,0.237719349,1.379127017,1.401980736,0
1819,0,0,0,0,0,0,0,0,0.299440531,2.49E-05,1.01E-05,0,0,0,0,0,0,0,0,7.72E-06,0,0,0,0,0,0,0,0,0,0,3.32E-09,0,0,0,2.49E-07,0,0,31.84544135,-0.00016538,-0.0086938,0,0.199143758,0,1.07E-08,0.516134153,0.28325221,29.80522506,3.235763049,0.206358727,1.375188767,1.217530065,0
1820,0,0,0,0,0,0,0,0,0.304905348,2.49E-05,1.01E-05,0,0,0,0,0,0,0,0,7.72E-06,0,0,0,0,0,0,0,0,0,0,3.36E-09,0,0,0,2.53E-07,0,0,32.33339467,-0.00019864,-0.010442,0,0.202906034,0,1.08E-08,0.555533118,0.266970728,33.8923895,4.054817074,0.22327801,1.488387883,1.515896263,0
1821,0,0,0,0,0,0,0,0,0.310476342,2.49E-05,1.01E-05,0,0,0,0,0,0,0,0,7.72E-06,0,0,0,0,0,0,0,0,0,0,3.40E-09,0,0,0,2.57E-07,0,0,32.52138863,-0.00014874,-0.0078188,0,0.206739388,0,1.09E-08,0.567260296,0.50073173,34.37017532,3.965622863,0.235713022,1.468609079,1.412432176,0
1822,0,0,0,0,0,0,0,0,0.316491369,2.49E-05,1.01E-05,0,0,0,0,0,0,0,0,7.72E-06,0,0,0,0,0,0,0,0,0,0,3.43E-09,0,0,0,2.61E-07,0,0,32.73451052,-0.00016669,-0.0087627,0,0.210645163,0,1.11E-08,0.554234805,-0.020195164,30.14344166,3.205420306,0.204744362,1.520161978,1.348629933,0
1823,0,0,0,0,0,0,0,0,0.322939737,2.49E-05,1.01E-05,0,0,0,0,0,0,0,0,7.72E-06,0,0,0,0,0,0,0,0,0,0,3.47E-09,0,0,0,2.65E-07,0,0,32.75571509,-0.00014677,-0.0077156,0,0.214624727,0,1.12E-08,0.554489404,-0.102577025,25.86582254,2.238938148,0.184701009,1.467570972,1.085044136,0
1824,0,0,0,0,0,0,0,0,0.329048562,2.49E-05,1.01E-05,0,0,0,0,0,0,0,0,7.72E-06,0,0,0,0,0,0,0,0,0,0,3.50E-09,0,0,0,2.69E-07,0,0,33.0519787,-0.00015348,-0.0080684,0,0.218679474,0,1.13E-08,0.581063546,0.260451114,28.51335264,2.541607574,0.213177055,1.468143852,1.023057109,0
1825,0,0,0,0,0,0,0,0,0.335519842,2.49E-05,1.01E-05,0,0,0,0,0,0,0,0,7.72E-06,0,0,0,0,0,0,0,0,0,0,3.54E-09,0,0,0,2.73E-07,0,0,33.52533882,-0.00017121,-0.009,0,0.222810824,0,1.14E-08,0.631566327,0.137249288,31.78939098,3.16396333,0.224932356,1.588546397,1.361009378,0
1826,0,0,0,0,0,0,0,0,0.341535292,2.49E-05,1.01E-05,0,0,0,0,0,0,0,0,7.72E-06,0,0,0,0,0,0,0,0,0,0,3.57E-09,0,0,0,2.77E-07,0,0,33.7481029,-0.00017932,-0.0094263,0,0.227020225,0,1.15E-08,0.619144659,0.112734616,30.29490674,2.794115286,0.223198078,1.595930323,1.173110934,0
1827,0,0,0,0,0,0,0,0,0.348755641,2.49E-05,1.01E-05,0,0,0,0,0,0,0,0,7.72E-06,0,0,0,0,0,0,0,0,0,0,3.61E-09,0,0,0,2.81E-07,0,0,34.15505001,-0.00017258,-0.009072,0,0.231309151,0,1.16E-08,0.687257202,0.280868927,33.94998043,3.368163883,0.248567027,1.658160233,1.352251083,0
1828,0,0,0,0,0,0,0,0,0.35501382,2.49E-05,1.01E-05,0,0,0,0,0,0,0,0,7.72E-06,0,0,0,0,0,0,0,0,0,0,3.64E-09,0,0,0,2.85E-07,0,0,34.99912851,-0.00021551,-0.011329,0,0.235679104,0,1.18E-08,0.790952447,0.785252356,47.44807369,5.883533262,0.323003397,1.873805855,2.032896349,0
1829,0,0,0,0,0,0,0,0,0.361038603,2.49E-05,1.01E-05,0,0,0,0,0,0,0,0,7.72E-06,0,0,0,0,0,0,0,0,0,0,3.68E-09,0,0,0,2.89E-07,0,0,35.01640513,-0.00018748,-0.0098554,0,0.240131616,0,1.19E-08,0.749452349,0.404228337,40.64726943,4.551072012,0.281605577,1.839539303,1.746413507,0
1830,0,0,0,0,0,0,0,0,0.37360191,2.49E-05,1.01E-05,0,0,0,0,0,0,0,0,7.72E-06,0,0,0,0,0,0,0,0,0,0,3.72E-09,0,0,0,2.93E-07,0,0,35.40215534,-0.00022103,-0.0116193,0,0.244668245,0,1.20E-08,0.966443732,0.529303112,43.57917409,4.918935566,0.305389075,1.891116355,1.866583426,0
1831,0,0,0,0,0,0,0,0,0.378744286,2.49E-05,1.01E-05,0,0,0,0,0,0,0,0,7.72E-06,0,0,0,0,0,0,0,0,0,0,3.75E-09,0,0,0,2.97E-07,0,0,35.37418705,-0.00019599,-0.0103029,0,0.249290582,0,1.21E-08,0.876843268,0.230338618,35.67389195,3.314995517,0.26357637,1.8038173,1.43006052,0
1832,0,0,0,0,0,0,0,0,0.385302899,2.49E-05,1.01E-05,0,0,0,0,0,0,0,0,7.72E-06,0,0,0,0,0,0,0,0,0,0,3.79E-09,0,0,0,3.01E-07,0,0,35.56272349,-0.00017849,-0.0093829,0,0.254000246,0,1.22E-08,0.875999489,0.226284142,33.83603923,2.849070337,0.256092544,1.784739917,1.291318607,0
1833,0,0,0,0,0,0,0,0,0.392496291,2.49E-05,1.01E-05,0,0,0,0,0,0,0,0,7.72E-06,0,0,0,0,0,0,0,0,0,0,3.82E-09,0,0,0,3.05E-07,0,0,35.98083111,-0.00019598,-0.0103023,0,0.258798885,0,1.23E-08,0.902486874,0.092143998,34.92643402,3.047757477,0.259188626,1.863232865,1.416828773,0
1834,0,0,0,0,0,0,0,0,0.399747258,2.49E-05,1.01E-05,0,0,0,0,0,0,0,0,7.72E-06,0,0,0,0,0,0,0,0,0,0,3.86E-09,0,0,0,3.09E-07,0,0,36.76106097,-0.00023373,-0.0122865,0,0.263688182,0,1.25E-08,0.997128049,0.367147088,45.61554356,5.083166417,0.314674711,2.073730381,2.006617194,0
1835,0,0,0,0,0,0,0,0,0.407217955,2.49E-05,1.01E-05,0,0,0,0,0,0,0,0,7.72E-06,0,0,0,0,0,0,0,0,0,0,3.90E-09,0,0,0,3.13E-07,0,0,36.88278973,-0.00021793,-0.0114562,0,0.268669848,0,1.26E-08,0.991043098,0.398339825,42.0277804,4.213616941,0.307685619,1.997858194,1.722818643,0
1836,0,0,0,0,0,0,0,0,0.418189162,2.49E-05,1.01E-05,0,0,0,0,0,0,0,0,7.72E-06,0,0,0,0,0,0,0,0,0,0,3.93E-09,0,0,0,3.17E-07,0,0,37.24729235,-0.00023872,-0.0125488,0,0.27374563,0,1.27E-08,1.120563627,0.131921488,41.45130561,4.058337107,0.306417201,2.065324995,1.787336139,0
1837,0,0,0,0,0,0,0,0,0.4253848,2.49E-05,1.01E-05,0,0,0,0,0,0,0,0,7.72E-06,0,0,0,0,0,0,0,0,0,0,3.97E-09,0,0,0,3.21E-07,0,0,37.69980678,-0.00021827,-0.0114742,0,0.278917305,0,1.28E-08,1.150526439,0.535172389,46.22914499,4.800600921,0.342439418,2.099369733,1.906167091,0
1838,0,0,0,0,0,0,0,0,0.433700233,2.49E-05,1.01E-05,0,0,0,0,0,0,0,0,7.72E-06,0,0,0,0,0,0,0,0,0,0,4.00E-09,0,0,0,3.25E-07,0,0,38.24210962,-0.00023225,-0.0122087,0,0.284186684,0,1.29E-08,1.237300949,0.870053035,52.76882824,5.925420343,0.37954099,2.194845803,2.193870324,0
1839,0,0,0,0,0,0,0,0,0.44214332,2.49E-05,1.01E-05,0,0,0,0,0,0,0,0,7.72E-06,0,0,0,0,0,0,0,0,0,0,4.04E-09,0,0,0,3.29E-07,0,0,38.51117556,-0.00024985,-0.0131341,0,0.289555613,0,1.30E-08,1.240371528,0.453369004,48.38427809,5.089485956,0.354867383,2.211918238,2.057508182,0
1840,0,0,0,0,0,0,0,0,0.451932498,2.49E-05,1.01E-05,0,0,0,0,0,0,0,0,7.72E-06,0,0,0,0,0,0,0,0,0,0,4.07E-09,0,0,0,3.33E-07,0,0,38.88776194,-0.00028018,-0.0147286,0,0.295025974,0,1.32E-08,1.302396772,0.154332595,47.35355741,4.901155536,0.346106767,2.283636207,2.127464332,0
1841,0,0,0,0,0,0,0,0,0.460687548,2.49E-05,1.01E-05,0,0,0,0,0,0,0,0,7.72E-06,0,0,0,0,0,0,0,0,0,0,4.11E-09,0,0,0,3.37E-07,0,0,39.38162317,-0.00023984,-0.0126079,0,0.300599683,0,1.33E-08,1.386510309,0.696866399,53.84538304,5.92361896,0.392719097,2.32176311,2.297875424,0
1842,0,0,0,0,0,0,0,0,0.470563893,2.49E-05,1.01E-05,0,0,0,0,0,0,0,0,7.72E-06,0,0,0,0,0,0,0,0,0,0,4.14E-09,0,0,0,3.41E-07,0,0,39.61872888,-0.00024739,-0.0130046,0,0.306278691,0,1.34E-08,1.416859563,0.193415458,48.46776336,4.89984737,0.351399714,2.333691761,2.143293571,0
1843,0,0,0,0,0,0,0,0,0.479357136,2.49E-05,1.01E-05,0,0,0,0,0,0,0,0,7.72E-06,0,0,0,0,0,0,0,0,0,0,4.18E-09,0,0,0,3.45E-07,0,0,39.65326382,-0.00023047,-0.0121152,0,0.312064989,0,1.35E-08,1.413260958,-0.102530552,41.20942209,3.402234689,0.313365516,2.25816252,1.770550175,0
1844,0,0,0,0,0,0,0,0,0.489882112,2.49E-05,1.01E-05,0,0,0,0,0,0,0,0,7.72E-06,0,0,0,0,0,0,0,0,0,0,4.22E-09,0,0,0,3.49E-07,0,0,40.04426499,-0.00023656,-0.0124355,0,0.317960603,0,1.36E-08,1.536638978,0.289133536,44.18008294,3.740628076,0.346055141,2.251223434,1.732453751,0
1845,0,0,0,0,0,0,0,0,0.502103943,2.49E-05,1.01E-05,0,0,0,0,0,0,0,0,7.72E-06,0,0,0,0,0,0,0,0,0,0,4.25E-09,0,0,0,3.53E-07,0,0,40.66967667,-0.00025516,-0.013413,0,0.323967598,0,1.38E-08,1.714232812,0.264717879,49.32269722,4.663741008,0.37360112,2.38021582,2.151695154,0
1846,0,0,0,0,0,0,0,0,0.51094114,2.49E-05,1.01E-05,0,0,0,0,0,0,0,0,7.72E-06,0,0,0,0,0,0,0,0,0,0,4.29E-09,0,0,0,3.57E-07,0,0,40.97519975,-0.0002635,-0.0138516,0,0.330088079,0,1.39E-08,1.6980767,0.237341612,47.3809034,4.222225302,0.373427987,2.374808267,1.951210419,0
1847,0,0,0,0,0,0,0,0,0.522793082,2.49E-05,1.01E-05,0,0,0,0,0,0,0,0,7.72E-06,0,0,0,0,0,0,0,0,0,0,4.32E-09,0,0,0,3.61E-07,0,0,41.61647168,-0.00026015,-0.0136756,0,0.33632419,0,1.40E-08,1.861701773,0.536318334,54.4577987,5.421794528,0.423344473,2.474271927,2.312846043,0
1848,1.49E-08,0,0,0,0,0,0,0,0.531191961,2.49E-05,1.01E-05,0,0,0,0,0,0,0,0,7.72E-06,0,0,0,0,0,0,0,0,0,0,4.36E-09,0,0,0,3.65E-07,0,0,42.44947063,-0.00029944,-0.0157409,0,0.342678115,0,1.41E-08,1.961917694,0.912370294,65.03093417,7.376417529,0.479601044,2.645548475,2.853025583,0
1849,1.20E-07,0,0,0,0,0,0,0,0.541830445,2.49E-05,1.01E-05,0,0,0,0,0,0,0,0,7.72E-06,0,0,0,0,0,0,0,0,0,0,4.39E-09,0,0,0,3.69E-07,0,0,42.63396461,-0.00027095,-0.0142433,0,0.34915208,0,1.42E-08,2.002811865,0.688902653,60.41257535,6.405245317,0.454623334,2.615668743,2.627118123,0
1850,2.25E-07,0,0,0,0,0,0,0,0.55343193,2.49E-05,1.01E-05,0,0,0,0,0,0,0,0,7.72E-06,0,0,0,0,0,0,0,0,0,0,4.44E-09,0,0,0,3.74E-07,0,0,43.14236365,-0.00015478,-0.0081366,0,0.355748354,0,1.43E-08,2.104415341,0.721364905,62.93551554,6.761222526,0.473353723,2.676472466,2.77915664,0
1851,2.41E-07,0,0,0,0,0,0,0,0.545763872,2.49E-05,1.01E-05,0,0,0,0,0,0,0,0,7.72E-06,0,0,0,0,0,0,0,0,0,0,4.48E-09,0,0,0,3.78E-07,0,0,43.15191371,-0.00012316,-0.0064743,0,0.36372733,0,1.45E-08,2.066551283,0.437227979,53.71745648,4.928220368,0.428921834,2.550781237,2.278632347,0
1852,2.42E-07,0,0,0,0,0,0,0,0.603825061,2.49E-05,1.01E-05,0,0,0,0,0,0,0,0,7.72E-06,0,0,0,0,0,0,0,0,0,0,4.51E-09,0,0,0,3.83E-07,0,0,43.34412933,-0.00010574,-0.0055588,0,0.372356545,0,1.46E-08,2.108124942,0.266607381,48.97116121,3.936073641,0.409863405,2.496830156,2.031593403,0
1853,2.43E-07,0,0,0,0,0,0,0,0.604080035,2.49E-05,1.01E-05,0,0,0,0,0,0,0,0,7.72E-06,0,0,0,0,0,0,0,0,0,0,4.55E-09,0,0,0,3.87E-07,0,0,43.88435963,-0.00011843,-0.0062258,0,0.380040633,0,1.47E-08,2.205545381,0.299041294,51.81144537,4.423727954,0.430040987,2.565497035,2.210821732,0
1854,2.44E-07,0,0,0,0,0,0,0,0.612125325,2.49E-05,1.01E-05,0,0,0,0,0,0,0,0,7.72E-06,0,0,0,0,0,0,0,0,0,0,4.58E-09,0,0,0,3.90E-07,0,0,44.80907906,-0.00016513,-0.0086808,0,0.388047506,0,1.48E-08,2.622370266,0.686778116,64.87177273,6.772868995,0.512277788,2.781235963,2.892763179,0
1855,2.45E-07,0,0,0,0,0,0,0,0.609810706,2.49E-05,1.01E-05,0,0,0,0,0,0,0,0,7.72E-06,0,0,0,0,0,0,0,0,0,0,4.62E-09,0,0,0,3.95E-07,0,0,44.9570539,-0.00013709,-0.0072064,0,0.395083121,0,1.49E-08,2.615828224,0.638439341,59.5830951,5.629737754,0.495493558,2.680528358,2.543980448,1.94E-08
1856,2.47E-07,0,0,0,0,0,0,0,0.620403979,2.49E-05,1.01E-05,0,0,0,0,0,0,0,0,7.72E-06,0,0,0,0,0,0,0,0,0,0,4.65E-09,0,0,0,3.98E-07,0,0,45.32147323,-0.00015887,-0.0083515,0,0.401140705,0,1.50E-08,2.7485038,0.210934714,56.32755795,5.02070848,0.475659252,2.721277316,2.506449905,3.32E-08
1857,2.49E-07,0,0,0,0,0,0,0,0.626432833,2.49E-05,1.01E-05,0,0,0,0,0,0,0,0,7.72E-06,0,0,0,0,0,0,0,0,0,0,4.69E-09,0,0,0,4.03E-07,0,0,46.01300694,-0.00013797,-0.0072527,0,0.407452131,0,1.52E-08,2.845698045,0.925786153,66.14583307,6.705972545,0.538681822,2.790297357,2.843897499,6.84E-08
1858,2.51E-07,0,0,0,0,0,0,0,0.632238205,2.49E-05,1.01E-05,0,0,0,0,0,0,0,0,7.72E-06,0,0,0,0,0,0,0,0,0,0,4.73E-09,0,0,0,4.07E-07,0,0,46.54057729,-0.00014786,-0.0077727,0,0.41244249,0,1.53E-08,2.921294373,1.194239076,70.48666483,7.448777539,0.562351886,2.846182625,3.031608151,1.10E-07
1859,2.53E-07,0,0,0,0,0,0,0,0.644700232,2.49E-05,1.01E-05,0,0,0,0,0,0,0,0,7.72E-06,0,0,0,0,0,0,0,0,0,0,4.76E-09,0,0,0,4.10E-07,0,0,46.94962615,-0.0001733,-0.0091099,0,0.416921628,0,1.54E-08,3.082039771,0.796274565,67.77238972,6.935121115,0.550432494,2.887943697,3.001837837,1.12E-07
1860,2.55E-07,0,0,0,0,0,0,0,0.657163863,2.49E-05,1.08E-05,0,0,0,0,0,0,0,0,7.72E-06,0,0,0,0,0,0,0,0,0,0,4.79E-09,0,0,0,4.14E-07,0,0,47.37614023,-0.00019661,-0.0103353,0,0.420676116,0,1.55E-08,3.34767792,0.603356982,67.53663781,6.827708704,0.550633975,2.940772503,3.072799856,7.01E-07
1861,2.57E-07,0,0,0,0,0,0,0,0.672972107,2.49E-05,1.08E-05,0,0,0,0,0,0,0,0,7.72E-06,0,0,0,0,0,0,0,0,0,0,4.83E-09,0,0,0,4.19E-07,0,0,48.2346867,-0.00014505,-0.0076251,0,0.423282924,0,1.56E-08,3.49325293,0.932591724,68.71677844,6.863929287,0.572497907,2.929445554,2.989451682,2.94E-06
1862,2.60E-07,0,0,0,0,0,0,0,0.614310229,2.49E-05,1.01E-05,0,0,0,0,0,0,0,0,7.72E-06,0,0,0,0,0,0,0,0,0,0,4.87E-09,0,0,0,4.23E-07,0,0,49.13056212,-0.00015471,-0.0081329,0,0.425890985,0,1.58E-08,3.503455415,0.542504032,65.63544778,6.337133937,0.550794228,2.991191881,2.968225058,5.44E-06
1863,2.62E-07,0,0,0,0,0,0,0,0.620106096,2.49E-05,1.01E-05,0,0,0,0,0,0,0,0,7.72E-06,0,0,0,0,0,0,0,0,0,0,4.91E-09,0,0,0,4.27E-07,0,0,49.71022253,-0.00013683,-0.0071929,0,0.428354825,0,1.59E-08,3.679298815,0.30952933,59.59506063,4.987809176,0.531498759,2.940975762,2.643742859,6.08E-06
1864,2.65E-07,0,0,0,0,0,0,0,0.627683452,2.49E-05,1.01E-05,0,0,0,0,0,0,0,0,7.72E-06,0,0,0,0,0,0,0,0,0,0,4.94E-09,0,0,0,4.31E-07,0,0,50.66032473,-0.00014306,-0.0075202,0,0.430935869,0,1.60E-08,3.936440362,0.69034054,62.80370551,5.377240417,0.569984878,2.959443986,2.646149154,6.01E-06
1865,2.68E-07,0,0,0,0,0,0,0,0.634657822,2.49E-05,1.08E-05,0,0,0,0,0,0,0,0,7.72E-06,0,0,0,0,0,0,0,0,0,0,4.98E-09,0,0,0,4.35E-07,0,0,51.9800751,-0.00015756,-0.0082826,0,0.433360004,0,1.61E-08,4.203747181,0.920926498,71.9616462,7.081647287,0.622430311,3.145844686,3.218900233,7.94E-06
1866,2.71E-07,0,0,0,0,0,0,0,0.638592711,2.49E-05,1.08E-05,0,0,0,0,0,0,0,0,7.72E-06,0,0,0,0,0,0,0,0,0,0,5.01E-09,0,0,0,4.39E-07,0,0,52.74699293,-0.00016375,-0.0086081,0,0.43566559,0,1.62E-08,4.3259124,0.842128664,68.57382615,6.353455336,0.612527581,3.136859032,2.947012047,1.32E-05
1867,2.74E-07,0,0,0,0,0,0,0,0.644921061,2.49E-05,1.01E-05,0,0,0,0,0,0,0,0,7.72E-06,0,0,0,0,0,0,0,0,0,0,5.05E-09,0,0,0,4.43E-07,0,0,53.94102178,-0.00015679,-0.0082423,0,0.438131014,0,1.63E-08,4.679715359,1.162406568,75.76961652,7.638438263,0.663251915,3.26144301,3.32068802,1.46E-05
1868,2.77E-07,0,0,0,0,0,0,0,0.646486102,2.49E-05,1.01E-05,0,0,0,0,0,0,0,0,7.72E-06,0,0,0,0,0,0,0,0,0,0,5.08E-09,0,0,0,4.47E-07,0,0,55.28767356,-0.00019587,-0.0102966,0,0.441354035,0,1.65E-08,4.885141276,1.596376616,86.40286948,9.62546759,0.727369807,3.444510832,3.853579423,1.91E-05
1869,2.81E-07,0,0,0,0,0,0,0,0.652518654,2.49E-05,1.08E-05,0,0,0,0,0,0,0,0,7.72E-06,0,0,0,0,0,0,0,0,0,0,5.12E-09,0,0,0,4.51E-07,0,0,55.83359728,-0.00015759,-0.008284,0,0.443827596,0,1.66E-08,5.131065644,1.208879954,77.87625795,7.907669367,0.687233562,3.383371178,3.441156888,2.38E-05
1870,2.84E-07,0,0,0,0,0,0,0,0.654800577,2.49E-05,1.08E-05,0,0,0,0,0,0,0,0,7.72E-06,0,0,0,0,0,0,0,0,0,0,5.15E-09,0,0,0,4.55E-07,0,0,56.99659231,-0.00019456,-0.0102275,0,0.446558794,0,1.67E-08,5.322899552,1.465532128,84.70140367,9.100050712,0.733430027,3.51333388,3.8104526,3.21E-05
1871,2.88E-07,0,0,0,0,0,0,0,0.683494797,2.49E-05,1.01E-05,0,0,0,0,0,0,0,0,7.72E-06,0,0,0,0,0,0,0,0,0,0,5.19E-09,0,0,0,4.59E-07,0,0,57.57401422,-0.00015902,-0.0083593,0,0.454253369,0,1.68E-08,5.579505119,1.287953013,76.63329254,7.406797355,0.700059592,3.441807606,3.314105619,3.63E-05
1872,2.92E-07,0,0,0,0,0,0,0,0.783931039,2.49E-05,1.08E-05,0,0,0,0,0,0,0,0,7.72E-06,0,0,0,0,0,0,0,0,0,0,5.23E-09,0,0,0,4.63E-07,0,0,58.18710545,-0.00013698,-0.0072008,0,0.470777053,0,1.69E-08,6.047224721,0.990061319,69.21691458,5.823710887,0.673521938,3.402694146,2.917673502,4.47E-05
1873,2.96E-07,0,0,0,0,0,0,0,0.804622739,2.49E-05,1.08E-05,0,0,0,0,0,0,0,0,7.72E-06,0,0,0,0,0,0,0,0,0,0,5.26E-09,0,0,0,4.67E-07,0,0,59.62016165,-0.0001555,-0.0081744,0,0.493804496,0,1.70E-08,6.492914841,1.421251741,80.75293026,7.972544227,0.743863092,3.636845024,3.489630758,7.76E-05
1874,3.00E-07,0,0,0,0,0,0,0,0.802802562,2.49E-05,1.08E-05,0,0,0,0,0,0,0,0,7.72E-06,0,0,0,0,0,0,0,0,0,0,5.30E-09,0,0,0,4.71E-07,0,0,60.88850035,-0.0002028,-0.0106606,0,0.521640998,0,1.72E-08,6.31065303,1.617043743,87.27682123,9.327253848,0.770288155,3.823920921,3.857142577,9.46E-05
1875,3.05E-07,0,0,0,0,0,0,0,0.822894831,2.49E-05,1.08E-05,0,0,0,0,0,0,0,0,7.72E-06,0,0,0,0,0,0,0,0,0,0,5.33E-09,0,0,0,4.75E-07,0,0,61.4471703,-0.00015672,-0.0082384,0,0.552063271,0,1.73E-08,6.650790002,1.426372099,78.36613668,7.460262376,0.73571835,3.735855138,3.306207943,9.52E-05
1876,3.09E-07,0,0,0,0,0,0,0,0.833284219,2.49E-05,1.08E-05,0,0,0,0,0,0,0,0,7.72E-06,0,0,0,0,0,0,0,0,0,0,5.37E-09,0,0,0,4.79E-07,0,0,62.60294811,-0.00018598,-0.0097769,0,0.582777234,0,1.74E-08,6.826141144,1.301898906,80.95318895,8.050838668,0.745354511,3.904202937,3.554472513,0.00011788
1877,3.14E-07,0,0,0,0,0,0,0,0.843816255,2.49E-05,1.08E-05,0,0,0,0,0,0,0,0,7.72E-06,0,0,0,0,0,0,0,0,0,0,5.41E-09,0,0,0,4.83E-07,0,0,63.64524259,-0.00015949,-0.0083841,0,0.612115448,0,1.75E-08,7.070324301,1.761265378,85.53298722,8.756554504,0.783808417,3.96933151,3.641390949,0.000178413
1878,3.19E-07,0,0,0,0,0,0,0,0.851653034,2.49E-05,1.08E-05,0,0,0,0,0,0,0,0,7.72E-06,0,0,0,0,0,0,0,0,0,0,5.44E-09,0,0,0,4.87E-07,0,0,64.71120383,-0.00016301,-0.008569,0,0.637602533,0,1.76E-08,7.157611607,2.055645529,89.43259099,9.447969517,0.807265739,4.071255253,3.780503159,0.000219011
1879,3.23E-07,0,0,0,0,0,0,0,0.871064845,2.49E-05,1.08E-05,0,0,0,0,0,0,0,0,7.72E-06,0,0,0,0,0,0,0,0,0,0,5.47E-09,0,0,0,4.91E-07,0,0,65.90279841,-0.00020745,-0.0109053,0,0.658807032,0,1.77E-08,7.653474785,1.871800005,92.3244003,10.06389379,0.831487885,4.253815599,4.039647242,0.000303214
1880,3.29E-07,0,0,0,0,0,0,0,0.903444558,2.49E-05,1.08E-05,0,0,0,0,0,0,0,0,7.72E-06,0,0,0,0,0,0,0,0,0,0,5.51E-09,0,0,0,4.95E-07,0,0,66.6649843,-0.00020599,-0.0108287,0,0.672655514,0,1.79E-08,8.496273902,1.673390049,88.83836876,9.166054967,0.823401307,4.282880256,3.879153133,0.000394975
1881,3.34E-07,0,0,0,0,0,0,0,0.947060166,2.49E-05,1.16E-05,0,0,0,0,0,0,0,0,7.72E-06,0,0,0,0,0,0,0,0,0,0,5.55E-09,0,0,0,4.99E-07,0,0,67.70670095,-0.00015859,-0.008337,0,0.680513013,0,1.80E-08,8.853458296,2.149883742,92.44636605,9.687142666,0.86510647,4.347058373,3.879498096,0.000481957
1882,3.39E-07,0,0,0,0,0,0,0,0.910568798,2.49E-05,1.16E-05,0,0,0,0,0,0,0,0,7.72E-06,0,0,0,0,0,0,0,0,0,0,5.59E-09,0,0,0,5.04E-07,0,0,68.57787524,-0.00016014,-0.0084183,0,0.689130425,0,1.81E-08,9.298799766,1.749229003,87.55127134,8.728341263,0.846575096,4.415530871,3.710494138,0.000563796
1883,3.45E-07,0,0,0,0,0,0,0,0.931572395,2.49E-05,1.08E-05,0,0,0,0,0,0,0,0,7.72E-06,0,0,0,0,0,0,0,0,0,0,5.62E-09,0,0,0,5.08E-07,0,0,69.1859791,-0.00012871,-0.0067659,0,0.695746093,0,1.82E-08,9.814335592,1.535292971,79.69384465,7.040718533,0.820313333,4.373382687,3.261693218,0.00052808
1884,3.50E-07,0,0,0,0,0,0,0,0.936752816,2.49E-05,1.08E-05,0,0,0,0,0,0,0,0,7.72E-06,0,0,0,0,0,0,0,0,0,0,5.66E-09,0,0,0,5.12E-07,0,0,70.48060515,-0.00015238,-0.0080104,0,0.701562933,0,1.83E-08,10.02719709,2.070862646,87.9909904,8.572197038,0.880387984,4.536088477,3.562221829,0.000645138
1885,3.56E-07,0,0,0,0,0,0,0,0.944519673,2.49E-05,1.16E-05,0,0,0,0,0,0,0,0,7.72E-06,0,0,0,0,0,0,0,0,0,0,5.69E-09,0,0,0,5.16E-07,0,0,71.60546241,-0.00014975,-0.0078722,0,0.707762228,0,1.85E-08,10.13021779,2.021865446,89.61417976,8.92795196,0.889887898,4.675463476,3.759200914,0.000730851
1886,3.62E-07,0,0,0,0,0,0,0,0.949469814,2.49E-05,1.16E-05,0,0,0,0,0,0,0,0,7.72E-06,0,0,0,0,0,0,0,0,0,0,5.73E-09,0,0,0,5.20E-07,0,0,72.58254388,-0.00015203,-0.0079918,0,0.712503274,0,1.86E-08,10.24621479,2.159464653,89.20596808,8.84743662,0.902377621,4.748107383,3.620151435,0.000883387
1887,3.68E-07,0,0,0,0,0,0,0,0.962057075,2.49E-05,1.16E-05,0,0,0,0,0,0,0,0,7.72E-06,0,0,0,0,0,0,0,0,0,0,5.77E-09,0,0,0,5.24E-07,0,0,73.77743063,-0.0001387,-0.0072911,0,0.718086141,0,1.87E-08,10.75090678,2.436209287,94.58037936,9.772213198,0.946819319,4.897965139,3.880785491,0.001033007
1888,3.74E-07,0,0,0,0,0,0,0,0.98973907,2.49E-05,1.16E-05,0,0,0,0,0,0,0,0,7.72E-06,0,0,0,0,0,0,0,0,0,0,5.80E-09,0,0,0,5.28E-07,0,0,75.11035553,-0.00017314,-0.0091016,0,0.724092623,0,1.88E-08,11.90210653,2.839889898,103.9749492,11.40541122,1.025713296,5.113933201,4.338078279,0.001139422
1889,3.81E-07,5.18E-10,0,0,0,0,0,0,0.989620414,2.49E-05,1.16E-05,0,0,0,0,0,0,0,0,7.72E-06,0,0,0,0,0,0,0,0,0,0,5.84E-09,0,0,0,5.32E-07,0,0,75.92960019,-0.00012896,-0.0067792,0,0.730631312,0,1.89E-08,11.89477283,2.791499517,100.1635109,10.63536149,1.006897582,5.147637822,4.105108908,0.001344781
1890,3.87E-07,4.82E-09,0,0,0,0,0,0,1.012205406,2.49E-05,1.16E-05,0,0,0,0,0,0,0,0,7.72E-06,0,0,0,0,0,0,0,0,0,0,5.87E-09,0,0,0,5.36E-07,0,0,77.07862319,-0.00015603,-0.0082024,0,0.75552423,0,1.90E-08,12.99273806,3.05673659,105.3716736,11.45477094,1.061424194,5.294190617,4.330396716,0.001721606
1891,3.94E-07,1.04E-08,0,0,0,0,0,0,1.024011972,2.49E-05,1.16E-05,0,0,0,0,0,0,0,0,7.72E-06,0,0,0,0,0,0,0,0,0,0,5.91E-09,0,0,0,5.40E-07,0,0,77.68229292,-0.00011429,-0.0060083,0,0.766856623,0,1.92E-08,13.58674911,2.844518349,95.85537302,9.509895681,1.027409941,5.231950107,3.75200488,0.00215412
1892,4.01E-07,1.48E-08,0,0,0,0,0,0,1.041009904,2.49E-05,1.16E-05,0,0,0,0,0,0,0,0,7.72E-06,0,0,0,0,0,0,0,0,0,0,5.95E-09,0,0,0,5.45E-07,0,0,78.54558089,-9.69E-05,-0.0050945,0,0.778131035,0,1.93E-08,13.86679818,2.688094676,91.28130027,8.642093366,1.012757609,5.271456428,3.50185361,0.002235145
1893,4.08E-07,2.00E-08,0,0,0,0,0,0,1.036719582,2.49E-05,1.23E-05,0,0,0,0,0,0,0,0,7.72E-06,0,0,0,0,0,0,0,0,0,0,5.99E-09,0,0,0,5.49E-07,0,0,79.81501329,-0.00010779,-0.0056666,0,0.789586307,0,1.94E-08,13.77594308,2.752332455,94.82329701,9.465231795,1.027660139,5.451763771,3.730788054,0.002507588
1894,4.15E-07,2.54E-08,0,0,0,0,0,0,1.065817718,2.49E-05,1.23E-05,0,0,0,0,0,0,0,0,7.72E-06,0,0,0,0,0,0,0,0,0,0,6.02E-09,0,0,0,5.52E-07,0,0,81.38345626,-0.00015672,-0.0082386,0,0.801858891,0,1.95E-08,14.35652481,3.322891534,108.1686737,11.88621758,1.107339862,5.734695502,4.388460331,0.002488284
1895,4.22E-07,3.08E-08,0,0,0,0,0,0,1.091747344,2.49E-05,1.16E-05,0,0,0,0,0,0,0,0,7.72E-06,0,0,0,0,0,0,0,0,0,0,6.06E-09,0,0,0,5.57E-07,0,0,82.23116014,-0.00012022,-0.0063198,0,0.812739909,0,1.96E-08,15.22572587,3.422160221,105.0245263,11.12996036,1.11839309,5.744754134,4.074832335,0.003133225
1896,4.30E-07,3.64E-08,0,0,0,0,0,0,1.106193778,2.49E-05,1.23E-05,0,0,0,0,0,0,0,0,7.72E-06,0,0,0,0,0,0,0,0,0,0,6.09E-09,0,0,0,5.61E-07,0,0,83.00005426,-0.00012022,-0.0063197,0,0.823953096,0,1.97E-08,15.71083192,2.813934218,95.567069,9.400850834,1.072997991,5.792903602,3.72961957,0.003442672
1897,4.37E-07,4.22E-08,0,0,0,0,0,0,1.126920334,2.49E-05,1.23E-05,0,0,0,0,0,0,0,0,7.72E-06,0,0,0,0,0,0,0,0,0,0,6.13E-09,0,0,0,5.65E-07,0,0,84.39253635,-9.08E-05,-0.0047731,0,0.834485451,0,1.99E-08,16.57108073,3.775543638,107.8848467,11.52490628,1.170931356,5.962527008,4.134514732,0.003820813
1898,4.45E-07,4.81E-08,0,0,0,0,0,0,1.150721845,2.49E-05,1.23E-05,0,0,0,0,0,0,0,0,7.72E-06,0,0,0,0,0,0,0,0,0,0,6.17E-09,0,0,0,5.69E-07,0,0,85.36127162,-7.26E-05,-0.0038168,0,0.844151883,0,2.00E-08,17.54895913,4.009633122,108.0764086,11.43483329,1.199099503,6.031378136,4.054012966,0.004126981
1899,4.86E-07,5.41E-08,0,0,0,0,0,0,1.190880949,2.49E-05,1.23E-05,0,0,0,0,0,0,0,0,7.72E-06,0,0,0,0,0,0,0,0,0,0,6.20E-09,0,0,0,5.73E-07,0,0,86.70543387,-0.0001112,-0.0058456,0,0.853628211,0,2.01E-08,19.20241488,3.999614681,113.5762406,12.43889633,1.25806059,6.27937835,4.421041782,0.004492982
1900,2.39E-06,1.08E-07,0,0,0,0,0,0,1.217713461,2.49E-05,2.86E-05,0,0,0,0,0,0,0,0,7.72E-06,0,0,0,0,0,0,0,0,0,0,6.24E-09,0,0,0,5.77E-07,0,0,87.61328845,-0.00010292,-0.0054105,0,0.863012793,0,2.02E-08,20.22205227,3.980528047,111.0171081,11.88474009,1.264050281,6.348979463,4.303119778,0.005263158
1901,4.82E-06,2.37E-07,0,0,0,0,0,0,1.300308442,2.49E-05,4.78E-05,0,0,0,0,0,0,0,0,7.72E-06,0,0,0,0,0,0,0,0,0,0,6.28E-09,0,0,0,5.82E-07,0,0,88.39116711,-4.64E-05,-0.0024403,0,0.871247601,0,2.03E-08,21.07377893,4.351605031,109.0894717,11.61080539,1.28518218,6.37371981,4.03995402,0.006047199
1902,5.78E-06,3.16E-07,0,0,0,0,0,0,1.318524983,2.49E-05,5.07E-05,0,0,0,0,0,0,0,0,7.72E-06,0,0,0,0,0,0,0,0,0,0,6.32E-09,0,0,0,5.86E-07,0,0,89.26282464,-3.87E-05,-0.0020369,0,0.881055306,0,2.05E-08,21.72335268,4.277846351,106.498818,11.21967224,1.283770714,6.484797935,3.910393352,0.006590782
1903,6.96E-06,3.95E-07,0,0,0,0,0,0,1.394863381,2.49E-05,5.59E-05,0,0,0,0,0,0,0,0,7.72E-06,0,0,0,0,0,0,0,0,0,0,6.36E-09,0,0,0,5.90E-07,0,0,89.89074057,7.82E-06,0.0004112,0,0.890498877,0,2.06E-08,23.60763187,4.312056551,101.4351716,10.23193771,1.291615577,6.509830427,3.582929731,0.006894341
1904,9.44E-06,3.95E-07,0,0,0,0,0,0,1.43006049,2.49E-05,6.85E-05,0,0,0,0,0,0,0,0,7.72E-06,0,0,0,0,0,0,0,0,0,0,6.39E-09,0,0,0,5.94E-07,0,0,91.35674943,-8.34E-06,-0.0004386,0,0.900834935,0,2.07E-08,24.06747256,5.002221018,114.0944063,12.86255003,1.366287545,6.803781609,4.20845158,0.007844091
1905,1.34E-05,5.53E-07,0,0,0,0,0,0,1.494141547,2.49E-05,8.77E-05,0,0,0,0,0,0,0,0,7.72E-06,0,0,0,0,0,0,0,0,0,0,6.43E-09,0,0,0,5.99E-07,0,0,92.40132432,1.34E-06,7.03E-05,0,0.911631052,0,2.08E-08,25.71798004,5.562802932,118.9127701,13.68790899,1.427563983,6.927415375,4.30529901,0.007743297
1906,1.82E-05,7.90E-07,0,0,0,0,0,0,1.556924815,2.49E-05,0.000111382,0,0,0,0,0,0,0,0,7.72E-06,0,0,0,0,0,0,0,0,0,0,6.47E-09,0,0,0,6.03E-07,0,0,93.24998316,1.87E-05,0.0009837,0,0.922696599,0,2.09E-08,27.0468504,5.68414922,117.9082891,13.43991229,1.451553725,7.031955278,4.159263214,0.008086159
1907,1.70E-05,6.32E-07,0,0,0,0,0,0,1.648539222,2.58E-05,0.000103989,0,0,0,0,0,0,0,0,7.72E-06,0,0,0,0,0,0,0,0,0,0,6.51E-09,0,0,0,6.07E-07,0,0,94.56080194,5.85E-05,0.0030771,0,0.933387366,0,2.10E-08,30.03925624,6.728345579,131.7900976,15.98261892,1.576686613,7.289084895,4.696822601,0.009900852
1908,2.14E-05,7.90E-07,0,0,0,0,0,0,1.634249181,2.92E-05,0.000127655,0,0,0,0,0,0,0,0,7.72E-06,0,0,0,0,0,0,0,0,0,0,6.54E-09,0,0,0,6.11E-07,0,0,95.71237193,3.64E-05,0.0019137,0,0.9438066,0,2.12E-08,28.6928086,6.890932398,134.0552752,16.83441177,1.578105885,7.479732769,4.894521399,0.010794729
1909,3.67E-05,1.34E-06,0,0,0,0,0,0,1.667427564,0.000765086,0.000211215,0,0,0,0,0,0,0,0,7.72E-06,0,0,0,0,0,0,0,0,0,0,6.58E-09,0,0,0,6.16E-07,0,0,96.4666946,7.76E-05,0.0040791,0,0.953973298,0,2.13E-08,30.25096249,7.109237067,132.16211,16.41905088,1.592277907,7.538044189,4.662003166,0.011604172
1910,4.23E-05,1.66E-06,0,0,0,0,0,0,1.709893571,0.001036689,0.000243015,0,0,0,0,0,0,0,0,7.72E-06,0,0,0,0,0,0,0,0,0,0,6.62E-09,0,0,0,6.20E-07,0,0,97.77187103,5.67E-05,0.0029799,0,0.964692166,0,2.14E-08,31.75274971,7.712042121,142.9440034,18.4594172,1.669837352,7.802914377,5.154660249,0.012904684
1911,4.72E-05,1.90E-06,0,0,0,0,0,0,1.667029139,0.00055672,0.000270379,0,0,0,0,0,0,0,0,7.72E-06,0,0,0,0,0,0,0,0,0,0,6.66E-09,0,0,0,6.24E-07,0,0,98.42938116,0.00011441,0.0060143,0,0.975994609,0,2.15E-08,31.99460234,7.647047562,133.8462896,16.71187946,1.628146777,7.751684451,4.559939279,0.013751412
1912,5.60E-05,2.13E-06,0,0,0,0,0,0,1.669414883,0.001337239,0.000318449,0,0,0,0,0,0,0,-1.00E-08,7.72E-06,0,0,0,0,0,0,0,0,0,0,6.70E-09,0,0,0,6.29E-07,0,0,99.26614632,0.00014699,0.0077269,0,0.99223998,0,2.16E-08,33.48230428,7.693065072,129.4615627,15.80978197,1.611329712,7.785974707,4.233224282,0.014466353
1913,5.93E-05,2.29E-06,0,0,0,0,0,0,1.708458735,0.002787477,0.000336941,0,0,0,0,0,0,0,0,7.72E-06,0,0,0,0,0,0,0,0,0,0,6.74E-09,0,0,0,6.33E-07,0,0,100.6125584,0.00016664,0.0087597,0,1.011256291,0,2.18E-08,35.64604126,8.463020346,139.7402447,17.55813537,1.690168281,7.994117555,4.559660544,0.016795115
1914,6.48E-05,2.53E-06,0,0,0,0,0,0,1.619346418,0.004565591,0.000367265,0,0,0,0,0,0,0,-1.00E-08,7.72E-06,0,0,0,0,0,0,0,0,0,0,6.77E-09,0,0,0,6.36E-07,0,0,102.2840587,0.00011094,0.0058318,0,1.031941948,0,2.19E-08,32.69400836,8.611801974,145.9705239,19.7562472,1.666648037,8.313807364,5.14481294,0.01836654
1915,8.40E-05,3.24E-06,0,0,0,0,0,0,1.599061067,0.006209837,0.000471535,0,0,0,0,0,0,0,0,7.72E-06,0,0,0,0,0,0,0,0,0,0,6.81E-09,0,0,0,6.41E-07,0,0,103.0579197,0.00018387,0.0096656,0,1.05442793,0,2.20E-08,32.65143874,8.557919688,135.7203261,18.3285744,1.624567028,8.304440938,4.613756431,0.019846345
1916,0.000104651,4.03E-06,0,0,0,0,0,0,1.663654637,0.005996892,0.00058468,0,0,0,0,0,0,0,-1.00E-08,7.72E-06,0,0,0,0,0,0,0,0,0,0,6.85E-09,0,0,0,6.46E-07,0,0,104.0889435,0.0002109,0.0110861,0,1.077595517,0,2.21E-08,35.63152609,8.948484156,134.4269072,18.25802532,1.646436313,8.415157087,4.46063046,0.021986607
1917,0.000110343,4.27E-06,0,0,0,0,0,0,1.697952199,0.005158527,0.000618707,0,0,0,0,0,0,0,0,7.72E-06,0,0,0,0,0,0,0,0,0,0,6.89E-09,0,0,0,6.51E-07,0,0,105.4397415,0.00028502,0.0149826,0,1.100055667,0,2.22E-08,37.31193386,10.268979,144.432686,20.43299185,1.7286261,8.572674913,4.729892893,0.02418215
1918,0.000104614,4.03E-06,0,0,0,0,0,0,1.692021391,0.004272167,0.000589141,0,0,0,0,0,0,0,-1.00E-08,7.72E-06,0,0,0,0,0,0,0,0,0,0,6.93E-09,0,0,0,6.55E-07,0,0,106.7459316,0.00028538,0.0150013,0,1.121022951,0,2.24E-08,36.98493606,10.64499975,147.7147143,21.59112192,1.732826624,8.776700936,4.92128343,0.024490257
1919,0.000101552,3.95E-06,0,0,0,0,0,0,1.590693972,0.003196035,0.000572145,0,0,0,0,0,0,0,0.00012037,7.72E-06,0,0,0,0,0,0,0,0,0,0,6.96E-09,0,0,0,6.59E-07,0,0,108.095107,0.00024874,0.0130753,0,1.140026266,0,2.25E-08,31.49658204,10.01676431,142.4520583,21.65541764,1.624870379,8.987962622,4.920970066,0.027081692
1920,7.19E-05,2.85E-06,0,0,0,0,0,0,1.715149264,0.00400595,0.000411693,0,0,0,0,0,0,0,0.00056844,7.72E-06,0,0,0,0,0,0,0,0,0,0,7.01E-09,0,0,0,6.64E-07,0,0,109.1336385,0.00031384,0.0164978,0,1.157423391,0,2.26E-08,35.10677403,11.30396336,150.3472411,22.94809489,1.715239365,9.108966048,4.954726952,0.033117365
1921,5.60E-05,2.14E-06,0,0,0,0,0,0,1.653757066,0.006357576,0.000324446,0,0,0,0,0,0,0,0.0013866,7.72E-06,0,0,0,0,0,0,0,0,0,0,7.05E-09,0,0,0,6.68E-07,0,0,109.809348,0.00034206,0.0179812,0,1.173204443,0,2.27E-08,29.60936435,10.73946015,138.0862654,21.16542897,1.563451947,9.082471206,4.398440628,0.03574791
1922,0.000100937,3.88E-06,0,0,0,0,0,0,1.695852656,0.007519669,0.000569212,0,0,0,0,0,0,0,0.00249655,7.72E-06,0,0,0,0,0,0,0,0,0,0,7.09E-09,0,0,0,6.73E-07,0,0,110.4858104,0.00038594,0.0202878,0,1.188563338,0,2.28E-08,31.40893703,11.08463169,136.2999831,20.50886808,1.560562967,9.14531903,4.026610249,0.042466675
1923,0.000137534,5.38E-06,0,0,0,0,0,0,1.819527138,0.008199561,0.000774791,0,0,0,0,0,0,0,0.00383106,7.72E-06,0,0,0,0,0,0,0,0,0,0,7.13E-09,0,0,0,6.78E-07,0,0,112.2535641,0.00045766,0.0240577,0,1.204901974,0,2.29E-08,36.94585115,13.58681049,165.7070364,26.25400802,1.783475455,9.541615209,4.970157062,0.051294293
1924,0.000145955,5.69E-06,0,0,0,0,0,0,1.836492361,0.010064032,0.000827307,0,0,0,0,0,0,0,0.00532295,7.72E-06,0,0,0,0,0,0,0,0,0,0,7.17E-09,0,0,0,6.82E-07,0,0,112.633506,0.00047126,0.0247726,0,1.221996932,0,2.31E-08,36.54292385,12.85257805,150.5700556,23.18940492,1.67703826,9.48795768,4.331155613,0.052220829
1925,0.000152811,5.93E-06,0,0,0,0,0,0,1.853002124,0.009887985,0.000869473,0,0,0,0,0,0,0,0.00690472,7.72E-06,0,0,0,0,0,0,0,0,0,0,7.21E-09,0,0,0,6.87E-07,0,0,113.6704269,0.00051492,0.0270679,0,1.23756616,0,2.32E-08,36.97623938,13.48639284,154.16841,24.03991801,1.692836227,9.91399147,4.30578669,0.056591202
1926,0.000168772,6.57E-06,0,0,0,0,0,0,1.844944371,0.010020584,0.00096266,0,0,0,0,0,0,0,0.00850919,7.72E-06,0,0,0,0,0,0,0,0,0,0,7.25E-09,0,0,0,6.92E-07,0,0,114.5456303,0.00056436,0.0296667,0,1.252384472,0,2.33E-08,37.11606802,13.72913023,150.5144616,24.14694461,1.626612883,10.21963498,4.125351964,0.058962144
1927,0.000193663,7.59E-06,0,0,0,0,0,0,1.985143255,0.013691728,0.001107612,0,0,0,0,0,0,0,0.01006945,7.72E-06,0,0,0,0,0,0,0,0,0,0,7.29E-09,0,4.95E-06,0,6.96E-07,0,0,115.74748,0.0005629,0.0295903,0,1.266535078,0,2.34E-08,39.77366012,15.18290711,166.5637296,26.50570903,1.752586627,10.50463165,4.427841718,0.068902648
1928,0.00021328,8.46E-06,0,0,0,0,0,0,1.992775559,0.016914307,0.001225208,2.08E-05,0,0,0,0,0,0,0.01151795,7.72E-06,0,0,0,0,0,0,0,0,0,0,7.32E-09,0,3.01E-05,0,6.99E-07,0,0,116.7958666,0.00050619,0.0266088,0,1.279552513,0,2.35E-08,39.62442329,15.41036335,167.3127302,27.09403714,1.730364176,10.69931276,4.468262614,0.071959707
1929,0.000208025,8.23E-06,0,0,0,0,0,0,2.10073725,0.01938339,0.001203787,0.000335025,0,0,0,0,0,0,0.01287963,7.72E-06,0,0,0,0,0,0,0,0,0,0,7.35E-09,0,3.33E-06,0,7.02E-07,0,0,118.0199977,0.00051599,0.02224,0,1.290593003,0,2.37E-08,42.29460175,16.47935442,178.5262167,29.35487624,1.792445238,10.93958269,4.827305798,0.081609435
1930,0.000170358,6.73E-06,0,0,0,0,0,0,2.09394241,0.020571834,0.000997503,0.001170103,0,0,0,0,0,0,0.01425692,7.72E-06,0,0,0,0,0,0,0,0,0,0,7.36E-09,0,-2.61E-05,0,7.03E-07,0,0,119.6701788,0.00083056,0.0120933,0,1.300134042,0,2.38E-08,39.07985763,16.30622111,186.507544,31.5739124,1.80985205,11.18228606,5.504720442,0.079936062
1931,0.000113262,4.60E-06,0,0,0,0,0,0,2.000135237,0.021232329,0.000676602,0.001660033,0,0,0,0,0,0,0.01569773,7.72E-06,0,0,0,0,0,0,0,0,0,0,7.38E-09,0,-3.83E-06,0,7.06E-07,0,0,119.9075078,0.00160097,0.0069489,0,1.307080617,0,2.39E-08,34.19908423,14.21902432,156.3707757,26.46349244,1.601422331,11.0306041,4.33531531,0.079589853
1932,8.58E-05,3.49E-06,0,0,0,0,0,0,1.813747998,0.023837144,0.000519111,0.001616737,0,0,0,0,0,0,0.01719312,7.72E-06,0,0,0,0,0,5.76E-06,0,0,0,0,7.40E-09,0,7.43E-07,0,7.08E-07,0,0,121.4219873,0.0023304,0.001011,0,1.313867542,0,2.40E-08,29.81184699,14.009364,161.6549727,27.8854275,1.603349763,11.17232295,4.714147401,0.076115166
1933,0.000101627,4.12E-06,0,0,0,0,0,0,1.853709193,0.028120028,0.000610814,0.001633658,0,0,0,0,1.00E-08,0,0.01875922,7.72E-06,0,0,0,0,0,0.000144828,0,0,0,0,7.43E-09,0,8.08E-07,0,7.11E-07,0,0,122.3437659,0.00300985,-0.0044864,0,1.319537947,0,2.41E-08,31.49708913,13.87748409,159.5886533,27.7174382,1.57622094,11.21289302,4.571945163,0.084974171
1934,0.000152024,6.26E-06,0,0,0,0,0,0,1.919118463,0.034519287,0.000912523,0.001650588,0,0,0,0,-1.00E-08,0,0.02040327,7.72E-06,0,0,0,0,0,0.000606394,0,0,0,0,7.47E-09,0,8.78E-07,0,7.15E-07,0,0,123.9532999,0.00382429,-0.0033675,0,1.325821997,0,2.42E-08,34.86158423,15.52417998,179.5058072,31.47521346,1.719851651,11.3964235,5.25494969,0.090131811
1935,0.000220285,9.10E-06,0,0,0,0,0,0,1.967641483,0.040132859,0.00133033,0.001667517,0,0,0,0,3.00E-08,0,0.02211283,7.72E-06,0,0,0,0,0,0.000974273,0,0,0,0,7.50E-09,0,9.54E-07,0,7.19E-07,0,0,124.8946044,0.00461241,-0.0035963,0,1.332210187,0,2.43E-08,37.6532901,16.10144051,180.9135819,31.88031452,1.72899248,11.38962955,5.095528895,0.099195078
1936,0.000288204,1.20E-05,0,0,0,0,0,0,2.075706355,0.04233712,0.00175702,0.001684446,0,0,0,0,-8.00E-08,0,0.02390518,7.72E-06,0,0,0,0,0,0.00104553,0,0,0,0,7.55E-09,0,1.04E-06,0,7.24E-07,0,0,126.4647048,0.00547985,0.0001614,0,1.338446713,0,2.45E-08,40.68781299,18.01509539,201.5124961,35.81301921,1.874237268,11.72517955,5.716518394,0.110712652
1937,0.000343722,1.46E-05,0,0,0,0,0,0,2.133841395,0.044188471,0.002118645,0.001701376,6.39E-06,0,0,0,1.80E-07,0,0.02579322,7.72E-06,0,0,0,0,0,0.001113188,0,0,0,0,7.58E-09,0,1.13E-06,0,7.28E-07,0,0,127.1823371,0.00627477,0.0002497,0,1.346280652,0,2.46E-08,43.95100269,18.71663602,202.0835831,35.82384811,1.879444319,11.8081929,5.402936562,0.126192855
1938,0.00039884,1.72E-05,0,0,0,0,0,0,2.067020995,0.04906474,0.002489154,0.001718305,0.000132881,0,0,0,-3.90E-07,0,0.027784,7.73E-06,0,0,0,0,0,0.001185033,0,0,0,0,7.61E-09,0,1.23E-06,0,7.31E-07,0,0,127.905393,0.00697257,-0.0044715,0,1.354880413,0,2.47E-08,40.57879122,17.26479457,186.8994897,33.21523439,1.781775676,11.79293791,4.836149857,0.124073505
1939,0.000433901,1.89E-05,0,0,0,0,0,0,2.136713137,0.056683054,0.002745053,0.001735234,0.000687793,0,0,0,0.00020143,0,0.02986676,0.000118139,0,0,0,0,0,0.00125714,0,0,0,0,7.64E-09,0,1.33E-06,0,7.35E-07,0,0,129.5013568,0.00774157,-0.0056252,0,1.366580781,0,2.48E-08,43.5088061,18.90501764,206.0105583,37.32352801,1.913049846,12.0602396,5.573185179,0.131714072
1940,0.000501726,2.23E-05,0,0,0,0,0,0,2.224104687,0.067980741,0.003219095,0.001752163,0.001492892,0,0,0,0.00099542,0,0.03204827,0.00021815,0,0,0,0,0,0.001330459,0,0,0,0,7.69E-09,0,1.45E-06,0,7.41E-07,0,0,130.1349943,0.00866242,0.0006467,0,1.379338498,0,2.49E-08,47.79972263,19.98362136,201.9380469,36.47430264,1.928482871,12.00611639,5.1186076,0.141874333
1941,0.000649573,2.96E-05,0,0,0,0,0,0,2.231554165,0.081740279,0.004224074,0.001769092,0.002233993,0,0,0,0.00253599,0,0.03435237,0.000195116,0,0,0,0,0,0.001402875,0,0,0,0,7.73E-09,0,1.57E-06,0,7.45E-07,0,0,132.2180939,0.0094558,0.0071808,0,1.42680384,0,2.50E-08,49.70649911,20.74676821,204.4227063,37.07224723,1.952523511,12.10634069,5.014363221,0.14891287
1942,0.000843531,3.95E-05,0,0,0,0,0,0,2.254485103,0.095021136,0.005585489,0.001786021,0.002976471,0,0,0.000198412,0.00477816,0,0.03678337,0.00016898,0,0,0,0,0,0.001474556,0,0,0,0,7.76E-09,0,1.71E-06,0,7.48E-07,0,0,134.7060241,0.01018218,0.0279952,0,1.529540535,0,2.52E-08,50.8808532,21.2452744,211.6568273,38.63537073,2.016422528,12.28249314,5.566525623,0.143810544
1943,0.000804767,3.87E-05,0,0,0,0,0,0,2.293159701,0.089521615,0.005457674,0.00180295,0.003719996,0,5.65E-05,0.004305325,0.00769302,0,0.03933803,0.000146845,0,0,0,0,0,0.001546703,0,0,0,0,7.79E-09,0,1.86E-06,0,7.52E-07,0,0,136.6296869,0.01095988,0.0557502,0,1.677488306,0,2.53E-08,51.69619282,22.2259789,212.4911915,39.46452022,2.016315026,12.29879985,5.31703086,0.153902555
1944,0.000417641,2.09E-05,0,0,0,0,0,0,2.284328464,0.072694302,0.002960657,0.001819879,0.004463806,0,0.000972663,0.016545617,0.01125253,0,0.04203155,0.000114393,0,0,0,0,0,0.001619168,0,0,0,0,7.83E-09,0,2.02E-06,0,7.56E-07,0,0,138.9310562,0.01176492,0.0790001,0,1.853407121,0,2.54E-08,50.63345661,23.30360461,220.9001991,41.98647893,2.013499141,12.52698127,5.470454136,0.180320759
1945,0.000201118,1.08E-05,0,0,0,0,0,0,2.078006981,0.068369262,0.001507694,0.001836808,0.005207723,0,0.003459341,0.024846154,0.0154284,0,0.04487858,8.08E-05,0,0,0,0,0,0.00169101,0,0,0,0,7.86E-09,0,2.20E-06,0,7.60E-07,0,0,141.022964,0.01252407,0.1007559,0,2.046464658,0,2.55E-08,44.3168536,22.77448766,213.8607815,42.36503667,1.872635562,12.60330864,5.182747045,0.177679832
1946,0.000279705,1.51E-05,0,0,0,0,0,0,2.275262021,0.074717234,0.002072665,0.001853738,0.00598561,0,0.004940468,0.024839378,0.0201924,0,0.04787456,6.43E-05,0,0,0,0,0,0.001763191,0,0,0,0,7.89E-09,0,2.39E-06,0,7.64E-07,0,0,142.7064022,0.01331123,0.1238668,0,2.241827732,0,2.56E-08,43.76245525,22.77080893,206.7626042,42.63635726,1.87392568,12.76179833,4.858265353,0.189988011
1947,0.000348384,1.95E-05,0,0,0,0,0,0,2.46147897,0.084081746,0.002636907,0.001870667,0.006444354,0,0.004839037,0.024982371,0.02551617,0,0.05103446,4.67E-05,0,0,0,0,0,0.001837268,0,0,0,0,7.94E-09,0,2.60E-06,0,7.69E-07,0,0,144.7944965,0.01420957,0.1523104,0,2.428213152,3.37E-06,2.57E-08,49.43618168,25.00346409,214.8764166,44.13554138,1.906518844,12.98840504,4.743331327,0.210335784
1948,0.000333169,1.96E-05,0,0,0,0,0,0,2.561401223,0.090670686,0.002624389,0.001887596,0.006664907,0,0.004856366,0.024987103,0.03137147,0,0.05437267,2.02E-05,0,0,0,0,0,0.001966277,0,0,0,0,7.98E-09,0,3.33E-06,0,7.73E-07,0,0,147.2720295,0.01499591,0.175292,0,2.589174287,2.36E-05,2.59E-08,51.79996726,27.32265628,238.0087213,48.07459116,2.025750118,13.42137047,5.202688917,0.235838188
1949,0.000314242,1.95E-05,0,0,0,0,0,0,2.545142237,0.091962416,0.002592644,0.001895503,0.007164071,0,0.005561141,0.027295461,0.03773008,0,0.05788219,-1.58E-06,0,0,0,0,0,0.001642628,0,0,0,0,7.99E-09,0,2.46E-05,0,7.75E-07,0,0,150.2157149,0.01561828,0.1910169,0,2.713520771,6.37E-05,2.60E-08,49.87603794,26.23285577,239.9136799,49.13259955,1.997975796,13.98150581,5.63351123,0.230702059
1950,0.000328769,2.15E-05,0,0,0,0,0,0,2.738832816,0.078580053,0.00284411,0.001989733,0.007470605,0,0.008146057,0.032673745,0.04456347,0,0.06160027,2.43E-07,0,0,0,0,0,0.001066147,0,0,0,0,8.05E-09,0,0.000105314,0,7.81E-07,0,0,152.2010084,0.01653501,0.2235447,0,2.786317364,0.000160534,2.61E-08,55.76623976,30.39825341,271.4166121,53.83802097,2.233490036,14.67371448,6.658142414,0.276428025
1951,0.000332223,2.32E-05,0,0,0,0,0,0,3.078579683,0.07047669,0.003043078,0.002168529,0.007554224,0,0.012050138,0.036815853,0.05198556,1.43E-05,0.06557009,1.17E-06,0,0,0,0,0,0.001052779,0,0,0,0,8.09E-09,0,0.000234322,0,7.85E-07,0,0,155.2719352,0.01743034,0.2534427,0,2.830278214,0.00023984,2.62E-08,58.22318308,30.46411586,244.6720918,49.06912819,2.114565312,14.78327697,4.950520037,0.305293333
1952,0.000328545,2.46E-05,0,0,0,0,0,0,3.140767283,0.076508762,0.003222826,0.002412043,0.007673401,0,0.016078842,0.040441283,0.06026278,0.000217253,0.06979776,-2.03E-06,0,0,0,0,0,0.001441474,0,0,0,0,8.10E-09,0,0.000362835,0,7.87E-07,0,0,160.5733576,0.01817662,0.2829603,0,2.872947037,0.000245653,2.63E-08,59.00984465,31.56254619,258.4289812,52.59638468,2.180479211,15.46609596,5.510266204,0.325825523
1953,0.000319996,2.57E-05,0,0,0,0,0,0,3.191889866,0.081681224,0.003386309,0.002847893,0.007703446,0,0.020201055,0.045581432,0.06933187,0.001357551,0.07429828,-2.28E-07,0,0,0,0,0,0.002100408,0,0,0,0,8.12E-09,0,0.000480479,0,7.90E-07,0,0,165.6818323,0.01897305,0.3249635,0,2.917942855,0.000245729,2.64E-08,60.2470417,33.41506225,275.447696,56.75471157,2.302364135,16.15858644,6.153271561,0.348152669
1954,0.000294574,2.54E-05,0,0,0,0,0,0,3.295263022,0.08686347,0.003404863,0.003276316,0.007760213,0,0.025212381,0.051892411,0.07892527,0.003619883,0.0790625,-4.07E-06,0,0,0,0,0,0.002888885,0,0,0,0,8.14E-09,0,0.000595761,0,7.91E-07,0,0,170.3710079,0.01966619,0.3534782,0,2.964766354,0.000245806,2.65E-08,60.66478532,34.40702752,280.3823048,58.76786663,2.377337018,16.59057921,6.207070802,0.368924367
1955,0.000263119,2.42E-05,0,0,0,0,0,0,3.523671108,0.091980019,0.003334682,0.003678802,0.00763707,0,0.030727319,0.059871881,0.08892638,0.006484868,0.0840763,1.05E-06,0,0,0,0,0,0.003556478,0,0,0,0,8.18E-09,0,0.000709104,0,7.96E-07,0,0,174.7404471,0.02065554,0.3905918,0,3.015456077,0.000245883,2.67E-08,66.56310778,37.71543589,292.7993666,62.52075529,2.487974356,16.86100153,6.164272425,0.410798556
1956,0.00022076,2.13E-05,0,0,0,0,0,0,3.734211268,0.097008491,0.003079638,0.004275991,0.007543032,0,0.033546756,0.066950489,0.09930311,0.009156166,0.08932915,6.64E-06,0,0,0,0,0,0.004532266,0,0,0,0,8.21E-09,0,0.000820444,0,8.00E-07,0,0,180.6711175,0.02149395,0.423528,0,3.067135646,0.000245959,2.68E-08,71.68185894,41.15716111,325.2788703,69.80119382,2.746630733,17.467791,7.27681461,0.447935158
1957,0.000185876,1.86E-05,0,0,0,0,0,0,3.859051703,0.10211597,0.002857125,0.004961202,0.007376531,0,0.032871446,0.072204141,0.11019991,0.011488509,0.09479281,4.34E-06,0,0,0,0,0,0.005987511,0,0,0,0,8.25E-09,0,0.000929774,0,8.03E-07,0,0,186.0555677,0.02233065,0.4574575,0,3.122198444,0.000246036,2.69E-08,75.18635815,43.76694323,347.4222543,75.56969434,2.986751817,18.18169262,8.378681299,0.466233893
1958,0.000179285,1.80E-05,0,0,0,0,0,1.89E-07,3.992365845,0.107206,0.002995459,0.00563305,0.006908731,0,0.034746284,0.080925329,0.12169955,0.014781202,0.10044317,2.61E-06,1.53E-08,1.55E-07,0,0,0,0.007120204,0,0,0,0,8.29E-09,0,0.001037131,0,8.08E-07,0,0,188.3855399,0.02333489,0.4956516,0,3.183609665,0.000246113,9.97E-08,76.12137356,43.24409268,312.7581271,69.18675739,2.962717287,18.34102417,6.798982255,0.494887654
1959,0.00018081,1.76E-05,0,0,0,0,0,2.92E-05,4.073946247,0.11229185,0.003247672,0.006388023,0.006876046,0,0.043506257,0.093983467,0.13368054,0.018063698,0.10624665,8.68E-07,1.22E-07,1.25E-06,0,0,0,0.008025381,0,0,0,0,8.33E-09,0,0.001142469,0,8.12E-07,0,0,192.6867573,0.02438814,0.5329811,0,3.249731957,0.000307559,3.05E-06,80.07017748,44.7949414,316.9093634,71.18867122,3.088991594,18.85687823,6.689282305,0.527030033
1960,0.000172595,1.60E-05,0,0,0,0,0,0.000113732,4.18647765,0.1172597,0.00332094,0.007320172,0.007239263,0,0.056281481,0.1075417,0.14617424,0.021750437,0.11217854,-8.68E-07,2.31E-07,2.38E-06,0,0,0,0.009588573,0,0,0,0,8.37E-09,0,0.001245811,0,8.17E-07,0,0,197.2611005,0.02544548,0.5712975,0,3.323324478,0.000430402,7.61E-06,83.36755577,46.84031151,320.0383042,73.31498869,3.190442329,19.20025669,6.620994992,0.534066923
1961,0.000168611,1.48E-05,0,0,0,0,0,0.000220684,4.279693641,0.12158986,0.003430435,0.008428785,0.007451474,1.86E-06,0.070618557,0.12380387,0.15916264,0.027278298,0.11821927,-2.61E-06,2.49E-07,3.55E-06,0,0,0,0.011884386,0,0,0,0,8.37E-09,0,0.001346892,0,8.17E-07,0,0,205.1383413,0.02617379,0.5882763,0,3.544731444,0.000553285,1.03E-05,94.15075908,48.81437288,352.4779865,83.54343726,3.182417019,19.96204841,7.925904996,0.586885178
1962,0.000171121,1.39E-05,0,0,0,0,0,0.00031886,4.38546271,0.12571015,0.003624982,0.009612768,0.007580528,4.52E-05,0.086214551,0.14489716,0.17248379,0.032049021,0.12437028,-4.34E-06,2.53E-07,4.92E-06,0,0,0,0.014500089,0,0,0,0,8.41E-09,0,0.001446095,0,8.21E-07,0,0,207.2122992,0.02731337,0.6199037,0,3.678114757,0.000614839,1.26E-05,96.1530655,50.76518659,330.3218646,80.08406579,3.170600353,20.46365421,7.102426491,0.644869386
1963,0.00018314,1.38E-05,0,3.03E-07,2.96E-07,7.47E-07,7.67E-07,0.000408444,4.559595808,0.12888013,0.003988137,0.010949721,0.007911085,0.000247207,0.10183231,0.16767883,0.1860741,0.03752532,0.13065754,-7.87E-06,3.52E-07,5.97E-06,0,0,0,0.017280228,0,0,0,0,8.39E-09,0,0.001542926,0,8.19E-07,0,0,216.1922656,0.02790353,0.6284905,0,3.803085057,0.000553663,1.59E-05,99.23842265,54.66698875,392.7922428,96.10912777,3.340104987,21.81695752,9.161542787,0.689335753
1964,0.000201307,1.43E-05,0,3.62E-06,2.81E-06,6.49E-06,7.02E-06,0.000489432,4.707915551,0.12976929,0.004432626,0.012657214,0.008477895,0.000468489,0.11630072,0.1898766,0.19992881,0.049914046,0.13707736,-7.60E-07,1.03E-06,3.36E-05,0,0,0,0.020771971,0,0,0,0,8.44E-09,0,0.001637978,0,8.24E-07,0,0,216.556163,0.02898934,0.6573421,0,3.945037241,0.000492459,2.00E-05,103.0586424,57.06400136,340.5841012,86.43294934,3.16213871,21.67972624,6.929955838,0.737212923
1965,0.000225042,1.53E-05,0,9.73E-06,6.34E-06,1.32E-05,1.50E-05,0.000561826,4.887384149,0.12969213,0.004908919,0.014528257,0.009035832,0.000580107,0.13083984,0.2133919,0.21396363,0.070507935,0.14362,1.59E-05,2.14E-06,0.000113246,0,0,0,0.0250603,0,0,0,0,8.46E-09,0,0.001730846,0,8.27E-07,0,0,222.6664157,0.03011031,0.6773147,0,4.114447423,0.000492608,2.52E-05,105.5191321,59.79802614,360.7849375,93.38356497,3.172239497,23.04446359,7.202304784,0.790569424
1966,0.000267217,1.75E-05,5.78E-08,1.61E-05,8.72E-06,1.59E-05,1.95E-05,0.000625623,5.049278099,0.12970542,0.005624807,0.016547774,0.009500895,0.000771914,0.14799606,0.24015802,0.228061,0.094258765,0.15029308,6.98E-05,3.10E-06,0.000202757,0,0,0,0.030477075,0,0,0,0,8.51E-09,0,0.001821797,0,8.32E-07,0,0,226.3106958,0.03137981,0.7007025,0,4.310413894,0.0006155,3.17E-05,107.9264065,62.31000395,362.4141077,96.47315469,3.187404041,24.62537746,6.986628995,0.870801105
1967,0.00032053,2.02E-05,4.62E-07,2.30E-05,1.08E-05,1.82E-05,2.32E-05,0.000680822,5.217483497,0.12968847,0.006354757,0.018918172,0.009920812,0.0010373,0.16942177,0.26958286,0.2421713,0.11632544,0.15712005,0.000244041,3.75E-06,0.00026151,0,0,0,0.036036945,1.25E-08,0,6.90E-08,0,8.54E-09,0,0.001910595,0,8.37E-07,0,0,232.3331465,0.0325799,0.7196735,1.97E-07,4.480963173,0.000738449,3.96E-05,106.9151448,66.73907185,397.6824621,104.75349,3.292688094,26.24008596,8.13762539,1.007769917
1968,0.00040423,2.44E-05,9.23E-07,3.05E-05,1.31E-05,2.06E-05,2.63E-05,0.000727399,5.377107434,0.12973308,0.007332441,0.021713594,0.010295172,0.001367382,0.19513757,0.29971437,0.25623381,0.13308156,0.16410365,0.00044306,5.54E-06,0.000290374,0,0,9.24E-06,0.040359034,8.80E-08,0,4.86E-07,0,8.63E-09,3.66E-10,0.001997694,0,8.46E-07,0,0,235.3354027,0.03415606,0.7538218,1.42E-06,4.617460415,0.000677315,4.94E-05,111.1195492,70.72843142,391.9550595,105.0738825,3.272602337,27.45388275,7.378128768,1.138447493
1969,0.000520641,3.01E-05,5.61E-06,3.79E-05,1.55E-05,2.27E-05,2.90E-05,0.000765383,5.600609454,0.12976058,0.008483172,0.024938178,0.010638634,0.00171209,0.22072612,0.32755328,0.27021306,0.14661896,0.17125354,0.000556136,3.65E-05,0.000308625,0,0,0.000183221,0.044144508,9.37E-08,0,5.04E-07,0,9.82E-06,6.58E-07,0.002081737,0,8.45E-07,1.13E-06,0,239.1848516,0.03497094,0.7505355,1.57E-06,4.731755277,0.000677516,6.06E-05,114.3134304,72.87738388,398.5023728,109.6597451,3.306320857,28.03412242,6.652821365,1.203979586
1970,0.000658169,3.62E-05,2.18E-05,4.44E-05,1.76E-05,2.47E-05,3.19E-05,0.000794767,5.85056764,0.12969302,0.00953188,0.028576904,0.01100827,0.001890966,0.24538621,0.35460102,0.28407162,0.17356366,0.17862483,0.000643732,0.000118134,0.000347897,0,0,0.000607958,0.049037394,2.47E-08,0,1.09E-07,0,3.63E-05,2.40E-06,0.002164499,0,8.52E-07,4.23E-06,0,244.4183955,0.03643984,0.7725683,-2.75E-09,4.713333611,0.000800471,7.30E-05,120.4278296,78.65499551,432.5101935,119.6641284,3.451938042,30.54188844,7.332556176,1.260215286
1971,0.000829921,4.41E-05,4.34E-05,5.01E-05,2.00E-05,2.65E-05,3.47E-05,0.000815521,5.910873383,0.12960227,0.010711494,0.032729139,0.011452529,0.002140212,0.27644309,0.38753989,0.29777007,0.21772405,0.18622427,0.000787862,0.000223213,0.000406863,0,0,0.000856458,0.055790888,1.33E-08,0,4.26E-08,0,6.46E-05,4.20E-06,0.002245117,0,8.59E-07,7.74E-06,0,249.2895331,0.03803187,0.7917577,-7.49E-07,4.662674557,0.000862103,8.60E-05,120.8012787,81.26025202,447.6755838,123.5137317,3.605978237,31.20573506,7.747447865,1.338158538
1972,0.001055903,5.55E-05,6.17E-05,5.54E-05,2.24E-05,2.82E-05,3.68E-05,0.000827659,6.028407773,0.12965777,0.01224311,0.037465523,0.01197792,0.002551763,0.31422879,0.42768026,0.31127302,0.26760333,0.19404407,0.001095187,0.000318824,0.000472147,0,0,0.000876677,0.061456633,1.35E-08,0,4.30E-08,0,8.26E-05,5.30E-06,0.00232333,0,8.64E-07,1.04E-05,0,257.2102054,0.03943399,0.8034475,-8.19E-07,4.929846069,0.000862373,9.95E-05,124.2924494,86.57783459,519.946212,136.6436985,3.873382619,32.63677288,10.07976639,1.403298188
1973,0.001330787,7.35E-05,7.73E-05,6.02E-05,2.45E-05,2.98E-05,3.80E-05,0.000831178,6.288796778,0.12979157,0.014085332,0.042979262,0.012585161,0.00292937,0.3380693,0.45471123,0.32454287,0.30185553,0.20213167,0.001593067,0.000397263,0.000543906,0,0,0.000822407,0.065420113,1.38E-08,0,5.50E-08,2.10E-08,9.02E-05,5.68E-06,0.002400649,0,8.77E-07,1.20E-05,0,260.294725,0.04145385,0.8425746,-5.11E-07,5.049908264,0.000924011,0.000113931,129.9887781,89.87513554,477.5019544,126.5041057,3.79806082,33.02945262,8.00797996,1.467016636
1974,0.001419169,8.46E-05,9.03E-05,6.45E-05,2.68E-05,3.18E-05,3.87E-05,0.000826092,6.233503612,0.12976026,0.014311146,0.049247959,0.013447442,0.003518402,0.3406055,0.45322872,0.33754023,0.32735544,0.21051337,0.002180655,0.000672411,0.000658096,0,0,0.000761191,0.071666995,1.40E-08,0,5.24E-05,1.77E-07,8.71E-05,5.35E-06,0.002474116,0,8.78E-07,1.24E-05,0,261.8082771,0.04271891,0.8380759,1.59E-06,5.033504233,0.001039472,0.000129361,128.099555,89.34076578,476.0940434,123.5786989,3.873873183,33.76442655,8.151956475,1.40566512
1975,0.001400408,9.21E-05,0.000100758,6.84E-05,2.89E-05,3.42E-05,3.89E-05,0.000812381,6.226638498,0.12965616,0.014321042,0.057565811,0.014538442,0.004217687,0.33771465,0.44016522,0.35022776,0.38499818,0.21919081,0.002801836,0.001268271,0.000828744,0,0,0.000803047,0.079153904,1.42E-08,0,0.000192137,4.00E-07,7.29E-05,4.29E-06,0.002545125,0,8.78E-07,1.15E-05,0,263.0585486,0.04382889,0.8286849,2.93E-05,5.205866547,0.001164646,0.000145868,125.7255429,88.3191544,468.3921271,117.4912411,3.900660619,34.54903581,7.681985644,1.457291851
1976,0.001555477,0.000109972,0.000108671,7.18E-05,3.09E-05,3.60E-05,3.86E-05,0.000790027,6.509441845,0.12963321,0.016011714,0.05724638,0.015386466,0.004743647,0.32927602,0.42610768,0.362568,0.47543135,0.22817511,0.003410706,0.001843557,0.000987128,0,0,0.000823946,0.092664426,1.44E-08,0,0.000337596,5.64E-07,4.74E-05,2.52E-06,0.002614347,0,8.80E-07,9.16E-06,0,269.9482097,0.04514385,0.8284703,5.86E-05,5.351389026,0.001423542,0.000163482,131.6575684,93.31255579,507.5361328,126.2256011,4.139725776,35.59366688,8.95804977,1.451952911
1977,0.001692355,0.000128472,0.000114027,7.47E-05,3.27E-05,3.73E-05,3.77E-05,0.000824697,6.710934166,0.12963647,0.016762577,0.055875241,0.01571703,0.005178255,0.30611158,0.4042283,0.3745235,0.5330325,0.23747898,0.003882609,0.002142088,0.001085298,0,0,0.000932699,0.10906413,2.14E-09,0,0.000424563,7.19E-07,2.22E-05,7.91E-07,0.003532393,0,8.87E-07,-6.51E-06,0,274.0301524,0.04695491,0.8419069,5.75E-05,5.498464392,0.002158347,0.000970036,132.9031893,95.85040725,519.9039509,129.203706,4.255408013,36.34716678,8.939576123,1.548177593
1978,0.001769177,0.000152504,0.000116824,7.72E-05,3.41E-05,3.94E-05,3.67E-05,0.000890052,6.875375323,0.13048849,0.016898235,0.072245349,0.015529417,0.005521417,0.27845958,0.3839896,0.38605486,0.52979652,0.24711497,0.004270121,0.002159924,0.001120916,0,0,0.001277913,0.11278031,-6.25E-08,0,0.000452496,8.75E-07,-5.99E-05,1.36E-07,0.004661461,0,8.95E-07,-2.14E-05,0,276.3333545,0.04882958,0.8563152,4.57E-05,5.624098658,0.00282869,0.001617406,133.3941255,99.82442083,548.8777896,132.9129693,4.481274062,37.31320198,9.572076045,1.601151935
1979,0.00192034,0.00018744,0.000138874,9.97E-05,4.63E-05,5.55E-05,3.73E-05,0.000921728,6.977235426,0.12837989,0.017898313,0.094634628,0.014991238,0.006102064,0.27113342,0.39480033,0.39712665,0.51850501,0.25710923,0.00465137,0.002057942,0.001132809,0,0,0.001759566,0.11322088,-2.04E-09,0,0.000420171,1.03E-06,-0.000177668,1.36E-07,0.005093788,0,9.00E-07,-9.98E-06,0,281.6000656,0.05050131,0.8629061,3.09E-05,5.806026493,0.002829618,0.001312443,135.5843523,102.27075,551.9390639,135.9950766,4.579460894,38.20709099,9.764811716,1.670116457
1980,0.001963323,0.000207926,0.000160182,0.00013331,7.46E-05,7.87E-05,3.17E-05,0.0009657,6.889342642,0.12508456,0.017664267,0.12023426,0.014760861,0.00723626,0.27609356,0.39843779,0.40770132,0.51302719,0.2674569,0.005112991,0.002154566,0.00115621,0,0,0.002033045,0.11829604,7.94E-08,0,0.000356055,1.18E-06,-0.000124853,1.36E-07,0.005173271,0,9.02E-07,3.13E-06,8.17E-08,283.3464702,0.05195423,0.8561535,1.87E-05,5.871891775,0.002830482,0.000997901,134.9133628,101.4509677,541.9841364,134.3694158,4.520616369,39.05083696,9.784877511,1.677319799
1981,0.001739127,0.000193895,0.000170215,0.000145444,9.73E-05,8.75E-05,1.27E-05,0.001041235,6.786494118,0.12652811,0.016187192,0.12845086,0.013920115,0.008637245,0.27100597,0.40307178,0.41773945,0.51686109,0.27811999,0.006009021,0.002486389,0.001174281,0,0,0.00196562,0.12237567,1.71E-08,0,0.000326013,1.33E-06,0.000117794,1.36E-07,0.004427436,0,9.03E-07,3.83E-05,6.97E-07,279.7894207,0.05342733,0.8477194,1.09E-05,5.804352444,0.002954112,0.000934675,130.7298526,99.31933061,527.2542507,129.1467876,4.480011474,39.44667553,9.425627824,1.627600564
1982,0.001620552,0.000183259,0.00019025,0.000157581,0.000108602,0.000100308,1.88E-05,0.001141687,6.72978683,0.12938621,0.01597381,0.12857689,0.013885459,0.009274832,0.27772577,0.39179861,0.4272037,0.53293449,0.28907972,0.006469345,0.003013129,0.001352411,0,0,0.001657336,0.12526367,-8.23E-08,0,0.000330839,1.47E-06,0.000222169,1.34E-07,0.003557587,0,8.94E-07,6.67E-05,1.58E-06,287.6693154,0.05409292,0.8076279,5.92E-06,6.041964538,0.002955043,0.001129656,128.4204046,99.45292952,618.9019395,146.8626386,4.817487822,40.73920058,12.82453757,1.631319373
1983,0.001845685,0.000199873,0.000210289,0.000169721,0.000136272,0.000131991,3.19E-05,0.001251028,6.910327763,0.13075989,0.016384525,0.15074703,0.015564841,0.009057039,0.35329433,0.38570972,0.43605662,0.54719948,0.30029699,0.006003406,0.003819814,0.001378774,0,0,0.001337878,0.1294055,-2.71E-08,0,0.000335595,1.65E-05,9.75E-05,1.32E-07,0.003804037,0,8.87E-07,2.41E-05,2.02E-06,281.6176584,0.05500336,0.7716035,2.32E-06,6.064731752,0.003201437,0.001329314,126.463686,96.59219071,513.4941356,123.8139961,4.527631458,40.71771201,9.01184528,1.640972796
1984,0.001954181,0.000199981,0.000220331,0.000181864,0.000172745,0.00017327,6.48E-05,0.001367681,7.074334665,0.1349934,0.014927399,0.16786607,0.017177696,0.010537606,0.35261795,0.43830954,0.44426268,0.5466524,0.31172869,0.006341234,0.004798726,0.001132951,0,0,0.001239171,0.13714097,8.66E-08,0,0.000483563,0.000152491,2.74E-05,1.33E-07,0.004880539,0,8.93E-07,-4.01E-05,4.31E-06,285.0030452,0.05706303,0.7784507,8.99E-08,5.995286258,0.003570683,0.001360177,127.9762922,100.0072798,541.1746519,129.3116995,4.7172482,41.76580344,9.878608211,1.733349688
1985,0.001930951,0.000182473,0.000220375,0.000181908,0.000235303,0.000212008,0.000106874,0.001512492,7.172661564,0.13844665,0.013863624,0.19120489,0.018042992,0.012093107,0.32180334,0.48746531,0.45178233,0.55924581,0.32341386,0.007686271,0.005535965,0.001186492,0,0,0.001429027,0.14848134,2.16E-07,0,0.000563207,0.000399263,8.58E-05,1.33E-07,0.005255393,0,9.02E-07,-6.22E-06,1.30E-05,285.6752697,0.05934911,0.7970415,-3.40E-07,5.995464501,0.003694566,0.001130351,128.3041567,101.769925,558.4094612,130.4350594,4.824991233,42.48794604,10.38477183,1.774238349
1986,0.002044789,0.000183921,0.000230419,0.000194054,0.000298259,0.000244972,0.000147449,0.001583558,7.308357639,0.13466824,0.014595216,0.22648099,0.017343175,0.011156209,0.36319165,0.56119711,0.45857645,0.60554478,0.33573155,0.008619927,0.005662639,0.001453026,0,0,0.002148062,0.16326271,2.16E-07,6.84E-07,0.000572739,0.000674323,4.43E-05,1.34E-07,0.005689695,0,9.08E-07,3.18E-05,2.81E-05,290.8084488,0.06144732,0.804199,3.24E-06,6.122081171,0.003941196,0.000893309,128.3145093,103.0345511,565.9944505,135.6433972,4.915932907,43.28398865,10.4644487,1.869967488
1987,0.002186818,0.000210094,0.000230465,0.000218304,0.000355551,0.000261358,0.000184354,0.001413176,7.451534595,0.14005915,0.015122737,0.23471551,0.015986362,0.011176584,0.37717492,0.54359326,0.46460688,0.63685035,0.34559507,0.009169243,0.005241269,0.001736487,0,1.16E-06,0.003263125,0.17725124,5.82E-08,4.88E-06,0.000796169,0.001000528,-9.97E-05,1.34E-07,0.006538606,0,9.14E-07,8.32E-06,4.48E-05,295.0485147,0.06362008,0.8121202,2.81E-05,6.349074632,0.00431067,0.000649177,130.7942857,106.9485421,603.5337904,143.5633438,5.102368399,44.40332357,11.80419902,1.946306673
1988,0.002238409,0.000222841,0.000220511,0.000218357,0.000398275,0.000261445,0.000202821,0.00112614,7.642089164,0.13489421,0.015295333,0.22534631,0.014052169,0.012063592,0.32440759,0.43301446,0.47014816,0.64554402,0.34769976,0.010094657,0.004703097,0.001770198,0,0.000349248,0.005266119,0.1853279,2.11E-05,6.85E-05,0.000881923,0.001400486,-7.37E-05,1.35E-07,0.006627814,0,9.28E-07,3.47E-05,6.06E-05,298.6854951,0.06645748,0.8440248,7.04E-05,6.187185411,0.004680261,0.000485217,131.925301,111.4143484,601.8878287,143.5104014,5.298864305,44.79908733,11.73739798,2.026962412
1989,0.002207554,0.00021766,0.000230555,0.00021841,0.000441012,0.000294141,0.000221294,0.000925477,7.736803703,0.10550252,0.015212081,0.21283728,0.010119863,0.011292045,0.24646809,0.3577641,0.47568414,0.71352261,0.33768835,0.010904862,0.00438641,0.001670249,0,0.000721362,0.010730464,0.18956819,0.00031477,0.000673047,0.000826296,0.001864912,5.44E-05,1.36E-07,0.006657218,0,6.07E-06,7.70E-05,7.61E-05,302.1641744,0.0691359,0.8636423,8.97E-05,6.263391278,0.005049966,0.000490256,131.9761195,112.532619,582.3194167,140.294679,5.222462912,45.13634687,10.88373862,2.101762239
1990,0.002107697,0.000222746,0.000230601,0.000230565,0.00051217,0.000326847,0.000258178,0.000754234,7.625553958,0.086426532,0.014407865,0.1768456,0.007090509,0.010591201,0.20825652,0.33397703,0.48124423,0.65840311,0.31646559,0.010051338,0.004274153,0.001737326,0,0.001520326,0.017768055,0.19230881,0.000960535,0.00172087,0.000697294,0.002382589,0.00018589,1.36E-07,0.006683843,0,2.70E-05,1.83E-05,9.18E-05,305.2725547,0.07128,0.8615031,9.08E-05,6.276011553,0.005174311,0.000668908,131.5390794,112.9233668,592.0352726,142.9994048,5.410500776,45.59401059,11.91770021,2.117046042
1991,0.001982897,0.000240077,0.000230647,0.000242723,0.000569148,0.000294347,0.000295075,0.000565069,7.8204742,0.085142226,0.012924815,0.12064491,0.006954223,0.010775591,0.15981289,0.28627307,0.4865262,0.47447964,0.30286609,0.009658053,0.004158575,0.001673546,0,0.006939422,0.02206288,0.18552075,0.001727734,0.002725131,0.000706136,0.002937818,0.000248194,1.55E-05,0.007057257,0,5.81E-05,-7.30E-05,0.000107154,318.7311921,0.0722173,0.8141874,9.76E-05,6.343792542,0.00529866,0.000851684,130.2975027,117.6376357,781.4565245,184.4068079,5.913765514,47.33361883,18.94727018,2.043061872
1992,0.001950044,0.000280556,0.000230693,0.00023068,0.00061194,0.000294445,0.000313579,0.00044081,7.822451349,0.085437279,0.011907588,0.074361852,0.005308998,0.010120439,0.10691739,0.22743518,0.49125831,0.36104368,0.30111154,0.010784362,0.003812739,0.001463111,0,0.02226499,0.024233416,0.194061,0.002476748,0.004025012,0.001001864,0.004491123,0.000181942,1.55E-05,0.007910262,0,8.88E-05,-3.08E-05,0.000122736,299.4017955,0.07425637,0.7803906,0.000107862,6.35732093,0.005423064,0.000952703,125.8077283,114.4341401,564.8480598,138.2166468,5.267118238,45.4499009,11.20130874,2.067096925
1993,0.00199848,0.000350109,0.000230739,0.000230736,0.00066895,0.000310847,0.000332088,0.000405681,7.733677514,0.084458339,0.011381334,0.050567396,0.003463778,0.008677165,0.0843251,0.2319618,0.49517262,0.25633383,0.29836763,0.011612337,0.003318044,0.001251451,0,0.03433223,0.022551362,0.20833854,0.003095,0.011967198,0.001516636,0.006496799,0.000157163,3.09E-05,0.008353484,0,0.000118809,4.28E-05,0.000138254,299.4425141,0.07467656,0.8027235,0.000121815,6.309605181,0.005424762,0.001230068,123.7541817,117.8059212,593.3542765,143.7539569,5.433352091,45.85506217,12.66732811,2.090475761
1994,0.002143056,0.000450005,0.000240786,0.000254996,0.000768587,0.000294646,0.000332199,0.000421824,7.73733666,0.08605046,0.011006658,0.037565451,0.004609578,0.008163643,0.085893495,0.23858315,0.49799162,0.15908791,0.28331201,0.011303115,0.002960463,0.001196206,0,0.045287421,0.024423112,0.23788968,0.003551552,0.024558229,0.002325316,0.007162855,0.000203905,6.17E-05,0.008737968,0,0.000148084,8.30E-06,0.000153585,310.2518368,0.07295185,0.7275388,0.000139087,6.440656344,0.005549183,0.00142747,121.0083668,119.5390029,711.7553856,171.0285281,5.797961979,47.28273297,17.69568249,2.184312738
1995,0.002388071,0.000566504,0.000240834,0.000242956,0.000839851,0.000294744,0.000332309,0.0004671,7.856919526,0.080480245,0.010682998,0.023473127,0.005707624,0.007674758,0.086264975,0.21072453,0.49948234,0.095783763,0.25063967,0.011011358,0.00289233,0.00108426,0,0.051095458,0.02759918,0.2303453,0.003877122,0.036211193,0.003439531,0.007887955,0.000296148,6.20E-05,0.009315257,0,0.0001778,8.46E-06,0.000169821,305.4095889,0.07504378,0.7406499,0.000159288,6.502894168,0.005673663,0.001196217,118.64207,120.1270653,606.5089474,146.4524222,5.715418746,46.48902779,14.26773939,2.238232367
1996,0.002663841,0.000679939,0.000240882,0.000218812,0.00088273,0.000278537,0.000350825,0.00051777,7.974927491,0.075256035,0.010505743,0.013005309,0.004652223,0.005524219,0.085278741,0.17078176,0.48893856,0.059514335,0.22136994,0.010510994,0.002865423,0.000847557,0,0.053568363,0.02600128,0.22486947,0.004057915,0.048538296,0.004501452,0.010100268,0.000390443,7.76E-05,0.009770705,0,0.000205479,0.000113536,0.000238411,307.2912075,0.07835627,1.0219634,0.000183079,6.541031203,0.005552701,0.001131186,116.674158,120.126357,581.4945219,140.8505946,5.588568795,46.4935872,13.26652338,2.326471427
1997,0.002872844,0.000778145,0.00025093,0.000218865,0.000925624,0.000262325,0.000369347,0.000555865,8.750595706,0.075489912,0.010417958,0.010398164,0.003769106,0.003455939,0.086341446,0.16063531,0.48049222,0.029550907,0.21107745,0.009824277,0.002856685,0.000768263,0,0.055763481,0.029370536,0.2405221,0.004626633,0.058758537,0.005571702,0.011574972,0.000427562,9.32E-05,0.009795226,4.96E-08,0.000258206,0.000111343,0.000315013,331.2889198,0.07506127,1.0131802,0.000210278,6.73923112,0.005783426,0.001235937,117.1099997,124.865875,856.4649466,204.6533241,6.172017987,49.1903418,22.89371417,2.406527094
1998,0.002989907,0.000857722,0.00024098,0.000206816,0.000925922,0.000278717,0.000351064,0.000585821,8.124934374,0.072916263,0.010335348,0.012992477,0.003961535,0.002931836,0.086348141,0.15667666,0.47494584,0.023412636,0.19017072,0.010323837,0.002701239,0.000769439,0,0.055956781,0.028471196,0.23446613,0.006904947,0.070049792,0.00689174,0.015498744,0.000540297,0.000108976,0.01002529,3.58E-07,0.000605123,6.92E-05,0.000386655,315.3326212,0.07102047,0.8997906,0.000232257,6.445350012,0.005603111,0.001084676,114.5861186,126.3161069,736.9032404,172.296192,6.314456121,49.66165423,22.36461016,2.4609519
1999,0.002960751,0.000919538,0.000241028,0.000206867,0.000912016,0.000278809,0.000332775,0.000613651,7.958127752,0.07296355,0.010216505,0.014054175,0.003974985,0.003153884,0.082703538,0.14042544,0.45797706,0.018420173,0.16874154,0.010262658,0.002150986,0.000770631,0,0.058338707,0.025741051,0.25231636,0.008684845,0.091978363,0.00794865,0.018334419,0.000742421,0.000124802,0.01007373,3.11E-06,0.001069901,0.000139549,0.000494352,309.4083709,0.06328888,0.8366815,0.000257786,6.28000935,0.005167646,0.001189015,108.4340705,121.7588181,592.1733192,145.0900519,5.60039137,47.84168221,15.00150318,2.535031767
2000,0.002815394,0.000958217,0.000251076,0.000194815,0.00082709,0.000246293,0.00031448,0.000649289,8.087765547,0.072651408,0.009923146,0.009404388,0.003986714,0.002347652,0.076330076,0.12276605,0.48564825,0.019471227,0.15659675,0.009480135,0.001969441,0.000771519,0,0.056341686,0.025730152,0.26360627,0.010640667,0.099657424,0.008598756,0.021400526,0.0008632,0.000140709,0.009297839,3.40E-05,0.001411492,0.000269996,0.000574233,310.1868098,0.06017103,0.7985247,0.000325837,6.111119055,0.005273533,0.0014697,108.7085558,122.7981248,538.0373715,135.302332,5.359576476,47.58190642,12.53431025,2.629044724
2001,0.003048068,0.001043081,0.000221125,0.000146456,0.000713731,0.000246374,0.000277774,0.000709344,7.912295445,0.070656969,0.010593275,0.005959047,0.003277136,0.001160055,0.068271466,0.11164066,0.53041719,0.019806901,0.14672439,0.008833794,0.002324826,0.000746086,0,0.056368781,0.024490463,0.26160586,0.011075295,0.096243251,0.009852125,0.027184793,0.000942756,0.000156671,0.008984,0.000806199,0.001654031,0.000610731,0.000638673,312.8963787,0.06051127,0.8184809,0.000442506,6.186884653,0.00532821,0.001583142,109.4836764,123.1711003,533.1430368,136.1659566,5.493988013,47.7822063,12.43033029,2.55863915
2002,0.003453437,0.001132349,0.000191168,0.00013439,0.000642944,0.000246456,0.00022265,0.000804732,8.161798308,0.070456674,0.011982167,0.00315136,0.002420559,0.000950115,0.063484809,0.10190454,0.53135299,0.012302716,0.14874982,0.008368591,0.002279758,0.000676601,0,0.050843174,0.025156097,0.27032175,0.012214474,0.10273275,0.011617585,0.029655611,0.001210781,0.000157338,0.0097209,0.002917065,0.002803782,0.001313749,0.000733271,322.2788312,0.05605282,0.8208483,0.000563429,6.358400543,0.005497648,0.001818734,108.7615149,124.8843584,622.1970584,158.4385879,5.948703431,50.14896945,18.36057514,2.591315532
2003,0.00316329,0.00111668,0.000171205,0.000122321,0.000572135,0.000230233,0.000204318,0.000936388,8.318797919,0.069839024,0.012579882,0.005769302,0.001733634,0.00074506,0.062277955,0.097844828,0.54549639,0.010122917,0.1580398,0.008083115,0.002026277,0.000601956,0,0.044441172,0.025070909,0.28730923,0.015640539,0.11740605,0.013114832,0.034656619,0.001560512,0.00015807,0.011005369,0.005226518,0.00478569,0.002235639,0.00085366,328.1242242,0.05384055,0.8380089,0.00057453,6.427137106,0.005541719,0.002000749,112.6638297,127.4574339,596.2197198,154.3815652,6.143926843,50.76268479,18.9145132,2.580430256
2004,0.002202953,0.000925504,0.000151238,9.81E-05,0.000487099,0.000230309,0.000167575,0.001059951,8.843487911,0.066998563,0.012194883,0.009216749,0.001472997,0.000756677,0.060966802,0.087654103,0.5692844,0.009746999,0.14540379,0.007526765,0.002119266,0.000552946,0,0.049135801,0.028554887,0.30757676,0.015758879,0.12565071,0.013097501,0.042288118,0.002051046,0.000219984,0.012712613,0.006651213,0.005487304,0.003118653,0.000974109,338.9417722,0.05112882,0.8656998,0.000567865,6.589272378,0.005648009,0.001943219,118.0536776,133.6149893,597.0195913,156.6654572,6.444694752,51.18589468,16.88266226,2.750819839
2005,0.00194805,0.000680539,0.000131267,8.61E-05,0.000416239,0.000230385,0.000130819,0.001111007,9.111555517,0.063195607,0.011060838,0.004629703,0.001813966,0.000580706,0.060331179,0.071956593,0.59462905,0.00754052,0.13424871,0.006943328,0.001894783,0.000469717,0,0.053955471,0.033447493,0.32952471,0.016143675,0.12649199,0.012434284,0.045001634,0.002365528,0.000212764,0.014626529,0.007079197,0.006360692,0.003418058,0.001084593,346.3955546,0.04903518,0.934237,0.000664876,6.692363078,0.006279914,0.001740409,122.5406273,137.1147828,602.0650857,158.7662386,6.74235763,51.95572038,17.27632256,2.860521969
2006,0.002045423,0.000624962,0.000111292,8.61E-05,0.000359559,0.000246765,0.000130862,0.001110342,9.442908147,0.060048081,0.01021735,0.000645064,0.001751031,0.000587106,0.063037203,0.065575271,0.66034123,0.009319049,0.14071285,0.006311845,0.001590236,0.000435796,0,0.051911598,0.036489809,0.34630497,0.019891066,0.13341048,0.014118518,0.051038048,0.002353159,0.000182183,0.012639849,0.006875404,0.008386248,0.002559234,0.001185252,356.4696896,0.04732698,0.9965297,0.000725769,6.874357467,0.006940918,0.001453144,123.4562358,140.4543808,637.6236501,169.8736133,6.827877394,53.45205244,18.90747845,2.894559219
2007,0.001766616,0.000546769,0.000101314,8.61E-05,0.000288658,0.000230543,9.41E-05,0.001131696,9.639327281,0.057257154,0.009327242,0.00450892,0.001554549,0.000782801,0.064737513,0.061623755,0.695097,0.00969813,0.1319833,0.005770744,0.001702155,0.000591629,0,0.049953532,0.037109679,0.35726506,0.026595246,0.12725708,0.016399738,0.055735756,0.002415405,0.00023422,0.009326289,0.0066981,0.008402974,0.0027884,0.001264938,355.0225755,0.04220122,0.9749374,0.000846475,6.594942662,0.006975407,0.001468993,122.6475255,145.3540631,597.3422357,159.6840444,7.186723337,54.038136,17.82962985,2.962073123
2008,0.001746034,0.000569312,9.13E-05,6.19E-05,0.000274546,0.000230619,7.57E-05,0.001186842,9.393649752,0.056837697,0.009035343,0.008339534,0.001916448,0.000456968,0.063060877,0.057108479,0.74880839,0.006337645,0.13820008,0.005573751,0.001617133,0.000638405,0,0.054881457,0.033091627,0.36272449,0.030815622,0.13828669,0.017544095,0.055545108,0.00261966,0.000212223,0.008812341,0.007076053,0.010669375,0.0027884,0.001316486,360.4917105,0.03938508,0.9159406,0.00114656,6.637070012,0.006883534,0.001811918,119.9206025,145.039454,563.9831255,154.6736688,6.994080158,54.38875165,16.17134336,2.926145032
2009,0.001799551,0.000643299,9.14E-05,4.98E-05,0.00026043,0.000230695,7.57E-05,0.00124503,9.33207666,0.055355253,0.009685487,0.0057877,0.001675517,0.000383549,0.060065148,0.054788238,0.8083883,0.003769432,0.14885568,0.00525709,0.001727285,0.000477231,0,0.061506343,0.032081369,0.3665558,0.033926872,0.16010848,0.021142804,0.058747812,0.002966673,0.000172706,0.0099336,0.007852249,0.016223306,0.0029974,0.001433501,364.2003634,0.03915481,0.8695209,0.001387468,6.711563051,0.007159861,0.002130075,114.819343,139.9418628,569.2018722,158.7362881,7.011743246,54.45026921,16.32480822,2.77229123
2010,0.001774218,0.000504032,0.00010137,4.99E-05,0.000232106,0.000198162,7.58E-05,0.001272141,9.85244337,0.056090865,0.01048947,0.004407032,0.001464415,0.000658964,0.05886009,0.052271203,0.8022013,0.002461478,0.14504056,0.004897555,0.001851166,0.000396552,0,0.065209531,0.029851794,0.36174691,0.035069515,0.165044,0.020460881,0.059879906,0.003182702,0.000279934,0.011247607,0.008777871,0.015914528,0.0033098,0.001337554,370.8962528,0.03758677,0.904227,0.001509367,6.707156273,0.007275903,0.002223103,113.8773996,142.6851416,604.7012715,164.5802859,7.56735862,55.51678203,19.16286436,2.897315778
2011,0.001846756,0.0004523,0.00010139,4.99E-05,0.00023218,0.000198227,7.58E-05,0.001272702,10.16115317,0.057565927,0.011056837,0.004623794,0.002046829,0.000856017,0.062415615,0.052120722,0.9102105,0.003003616,0.15348274,0.004336177,0.002096153,0.000391059,0,0.067690592,0.028645628,0.36694427,0.043330418,0.19047655,0.022158614,0.059950898,0.003410604,0.000333569,0.012498165,0.009465458,0.020415233,0.0035841,0.001129135,372.6576832,0.03533383,0.9771884,0.00163148,6.647727122,0.007465693,0.002682317,115.0457105,146.5409812,558.2400087,158.6069278,7.38110581,55.47105918,17.07059112,2.974620065
2012,0.001794986,0.000464845,0.00010141,4.99E-05,0.000232253,0.000198293,7.58E-05,0.001272928,10.34871489,0.059464919,0.009660946,0.005452927,0.002052052,0.000716861,0.070235225,0.05335878,1.0383358,0.003009667,0.1817202,0.003837981,0.001732872,0.000415949,0,0.063311547,0.025468261,0.35629002,0.04581505,0.20500564,0.021423,0.056430796,0.003277116,0.000258313,0.012591587,0.009054248,0.0240671,0.0039269,0.00098552,380.8097666,0.03162702,0.9565868,0.001694094,6.741571282,0.007706284,0.002786474,113.229528,145.504776,601.0748596,169.08511,7.607514416,56.92076408,20.37923381,3.015788815
2013,0.001632465,0.000447628,0.00010143,4.99E-05,0.000232326,0.000198358,7.58E-05,0.001273153,10.56924636,0.062512861,0.008302744,0.006516793,0.001940862,0.000613303,0.075740842,0.054819887,1.0776128,0.001838442,0.21496357,0.003574549,0.000962581,0.000444422,0,0.059817791,0.019467118,0.34289828,0.0388888,0.20201825,0.0238069,0.05223651,0.002998601,0.000241043,0.011604213,0.0097859,0.021452891,0.0042254,0.000872252,381.5943928,0.028305,0.9554872,0.0016971,6.846666194,0.007686158,0.002453866,112.208129,143.3023445,552.7113979,159.359353,7.46278298,56.72328656,17.79789768,3.054439039
2014,0.0016517,0.0004515,9.94E-05,4.28E-05,0.0002997,0.0002187,9.15E-05,0.0012672,10.80598447,0.0535475,0.0098735,0.0028024,0.0016696,0.001114899,0.0549365,0.0289612,1.0819373,0.0012625,0.20702911,0.003481,0.0012299,0.0003854,0,0.05982,0.02247,0.3588813,0.0571243,0.2000249,0.0252487,0.0556047,0.0035393,0.000256,0.012991,0.0101025,0.0304858,0.0044701,0.0011516,387.8735392,0.02859137,1.0827533,0.0014093,6.914907695,0.0078784,0.002512,111.5686138,142.9050135,615.5202594,173.5036918,7.646608903,58.10916357,20.69815324,3.069556009
2015,0.00157,0.0004478,9.94E-05,4.35E-05,0.00035,0.0002338,0.0001014,0.0012672,10.67558999,0.0475476,0.0108699,0.0008742,0.0016696,0.0016714,0.0435734,0.0146096,1.0213227,0,0.15872141,0.0032933,0.0013378,0.0003481,0,0.05982,0.02247,0.3588813,0.0787906,0.2019534,0.032381,0.0558814,0.0036633,0.0002604,0.0144857,0.0117285,0.0385792,0.0046492,0.0011516,388.0727957,0.02873527,1.129062,0.0013581,6.936363636,0.00802,0.0025317,98.33111855,142.7852381,585.8225259,167.2229931,7.629652821,58.35201304,19.29835608,3.131967771
2016,0.001677899105251151,0.00041292528396056813,9.92E-05,4.34E-05,0.000349431,0.00023342,0.00010124,0.001518077661772725,10.704491345741676,0.04501716,0.011339765251716514,0.00078156,0.001515231,0.001614221,0.04188082,0.01288774,1.08728534,0,0.158411156,0.00307158,0.00129166,0.00033428,0,0.060842879,0.021990156,0.351625206,0.08503684359817293,0.21326186328486343,0.03449136947301018,0.05702975288457497,0.004007895374357316,0.00025511963491880904,0.01430138695674198,0.012362836008866429,0.043224843824654226,0.004949468,0.001182914,389.72917323320945,0.02868769,1.12719858,0.0012485442029478795,7.002378778023065,0.008215136130585353,0.002527512,94.02806608886812,141.54863088948542,553.1214572171824,163.75966272347503,7.533797678706864,59.22882231790597,18.41667531027365,3.267372023051692
2017,0.001482610947981957,0.00039479952099525436,9.91E-05,4.34E-05,0.000348862,0.00023304,0.00010108,0.0015525447792001808,10.889584880467066,0.04248672,0.01207677081922253,0.00068892,0.001360863,0.001557043,0.04018824,0.01116588,1.15324798,0,0.158100902,0.00284986,0.00124552,0.00032046,0,0.061865757,0.021510311,0.344369112,0.09120021245658223,0.223907041102435,0.03631636216215844,0.05819299279690135,0.004399164292485474,0.00025147296340910925,0.01560817803141915,0.01299762283474754,0.04848793694233276,0.005249736,0.001214227,394.9930994370535,0.02864011,1.12533516,0.001208598014056792,7.040743442533245,0.008477638949739947,0.002523325,89.79057976874579,139.71904448412153,535.4740180036463,161.81581298632628,7.394625051545805,59.627736253356495,17.920208612189864,3.464417724097719
2018,0.0014591759480257775,0.0002881353078460709,9.89E-05,4.33E-05,0.000348293,0.00023266,0.00010092,0.0017424293456174622,11.150185803853589,0.03995628,0.0121615086413356,0.00059628,0.001206494,0.001499864,0.03849566,0.00944402,1.21921062,0,0.157790648,0.00262814,0.00119938,0.00030664,0,0.062888636,0.021030467,0.337113018,0.09758702062313952,0.23547255295294375,0.03833776880569103,0.05929703471343236,0.0047754232858129774,0.0002460902494167617,0.016076503497347547,0.013641267801572864,0.05397262181437312,0.005550003,0.001245541,400.7182930872206,0.02859253,1.12347174,0.0012480768495771565,7.067123183745029,0.008947286341552115,0.002519137,86.82582464790303,135.5962533141898,519.030966991704,158.82866494876671,7.105656483575091,60.23952296495763,17.445255851392,3.6181993165042448
2019,0.00145875194198595,0.00028962639894782196,9.87E-05,4.32E-05,0.000347724,0.00023228,0.00010076,0.0019669913272135865,11.180344546029602,0.03742584,0.01274799722773513,0.00050364,0.001052126,0.001442686,0.03680308,0.00772216,1.28517326,0,0.157480394,0.00240642,0.00115324,0.00029282,0,0.063911514,0.020550622,0.329856924,0.10407195666324603,0.24820396422682037,0.04012793455506397,0.06185885666819362,0.005129971504844658,0.00024152514591195898,0.015217321997979075,0.014296528824711333,0.05961305257936198,0.005850271,0.001276854,404.032044021684,0.02854495,1.12160832,0.00123516978270845,7.167960272702633,0.009297396110891585,0.00251495,86.12639357931889,135.7006524485452,535.9308253128679,165.5728351460944,7.296630335598846,60.81797422829943,19.221973027513215,3.6671782659961
2020,0.0014164029189989292,0.000246684337921921,9.86E-05,4.32E-05,0.000347155,0.0002319,0.0001006,0.002149418856229676,10.651271385496267,0.0348954,0.013083782077723528,0.000411,0.000897757,0.001385507,0.0351105,0.0060003,1.3511359,0,0.15717014,0.0021847,0.0011071,0.000279,0,0.064934393,0.020070778,0.32260083,0.11028856376836471,0.26058894194193094,0.041951297194322355,0.06206660109252494,0.005480818603673098,0.00023679424352459803,0.015247312339647835,0.015035210808133071,0.06506740849626819,0.006150539,0.001308168,398.9763944199551,0.02849737,1.1197449,0.0013482385740442313,7.1800332767454025,0.009583776338294164,0.002510762,73.38668091717767,126.40241403715116,510.8512944882188,159.56249980334658,7.124704437111495,61.59097013082574,18.50479086781879,2.035410930954544
2021,0.0014447416677421006,0.00026656967458912103,9.85E-05,4.31E-05,0.00034698,0.00023179,0.00010055,0.0024293339128497638,11.24256027879174,0.03328538,0.013523593568071417,0.00037899,0.000833926,0.001342149,0.03387909,0.00550149,1.32374068,0,0.157081841,0.00206237,0.00107222,0.00026903,0,0.063840192,0.019226545,0.30467177,0.11867617206484601,0.27032228304145184,0.04393081765702976,0.06426596278623889,0.005836416331406301,0.00023253927333608367,0.015558957101618448,0.015772619442307487,0.07255568752301421,0.006025831,0.001254603,404.3290021615674,0.02848382,1.11920686,0.0014630691026767618,7.270942568689277,0.00995852053241599,0.002509556,75.12187532026891,128.43917364452741,506.8879973077508,159.39497283867726,7.09379329166712,62.26084416312921,18.260015940899088,2.3190868903165764
2022,0.001457020366129094,0.000260237138110667,9.85E-05,4.31E-05,0.000346805,0.00023168,0.0001005,0.002658316457389118,11.339078771246792,0.03167536,0.014065402718097503,0.00034698,0.000770095,0.00129879,0.03264768,0.00500268,1.29634546,0,0.156993542,0.00194004,0.00103734,0.00025906,0,0.062745991,0.018382313,0.28674271,0.1257288822746012,0.2820220615459692,0.04580595177114498,0.06615181745950459,0.006255255031828628,0.00022815157711300382,0.01591327715875112,0.016543724086487483,0.07875145899221171,0.005901122,0.001201038,410.8596924742063,0.02847027,1.11866882,0.0015347378044770715,7.3230290438569945,0.010337278404413413,0.002508349,74.94348179218566,126.93595671497043,486.78045784672577,154.91130263118455,6.851350844369568,62.93182846680875,17.269065345858174,2.881374530347178
2023,0.0014569267888672147,0.0002508539777538054,9.84E-05,4.31E-05,0.00034663,0.00023157,0.00010045,0.0028887725229094566,11.505149140109525,0.03006534,0.014507849545622412,0.00031497,0.000706264,0.001255431,0.03141627,0.00450387,1.26895024,0,0.156905243,0.00181771,0.00100246,0.00024909,0,0.06165179,0.01753808,0.26881365,0.1329666464743387,0.2934026612572932,0.0477271939765731,0.06772328595555749,0.0066344560882814945,0.00022369372084668452,0.01614727323985639,0.017293153940498136,0.08513639038932747,0.005776413,0.001147474,416.6960284314539,0.02845672,1.11813078,0.0016345938117332936,7.4228221867786095,0.010687012930967806,0.002507143,77.1041539960299,132.69579349978403,524.0226284909988,165.39858396559143,7.34697842613114,63.464271912930684,19.42267992247873,3.3970161145993076
2024,0.0014630193494297714,0.00024299612933615072,9.84E-05,4.31E-05,0.000346455,0.00023146,0.0001004,0.003118491827939314,11.658102014530165,0.02845532,0.014999977534397989,0.00028296,0.000642433,0.001212073,0.03018486,0.00400506,1.24155502,0,0.156816944,0.00169538,0.00096758,0.00023912,0,0.060557589,0.016693848,0.25088459,0.1401118836790843,0.30494285036521424,0.04962538213634469,0.06945194754021725,0.00703347596671914,0.00021927094460198559,0.0164414313089753,0.018053421189593636,0.091426741822484,0.005651705,0.001093909,419.46679709658736,0.02844317,1.11759274,0.0017203561662615641,7.487475935568673,0.011051259130243695,0.002505936,76.57606858472832,132.36227699275605,520.6712312894795,162.08648115585711,7.2910640124044575,63.464271912930684,18.850636566199228,3.3970161145993076
2025,0.0014623226914810843,0.00024288100686365019,9.83E-05,4.30E-05,0.00034628,0.00023135,0.00010035,0.003117007539818565,11.73703010432594,0.0268453,0.014992756007297547,0.00025095,0.000578602,0.001168714,0.02895345,0.00350625,1.2141598,0,0.156728645,0.00157305,0.0009327,0.00022915,0,0.059463389,0.015849615,0.23295553,0.14370907490338067,0.2982142125867449,0.05081654699010293,0.06605116036876192,0.007002367553058962,0.00022423265304785547,0.014540587721385835,0.018462227037711772,0.08085667433742434,0.005526996,0.001040345,420.67997319331306,0.02842962,1.1170547,0.0015894878611392215,7.54428010146247,0.010210662428266607,0.00250473,76.46220617222899,131.7633817949528,517.4103758812238,161.64815724854438,7.200089117427193,64.01518962359799,18.668230061982484,3.5014079852288416
2026,0.0014616260335323969,0.00024276588439114963,9.83E-05,4.30E-05,0.000346105,0.00023124,0.0001003,0.003115523251697815,11.815958194121716,0.02523528,0.014985534480197106,0.00021894,0.000514771,0.001125355,0.02772204,0.00300744,1.18676458,0,0.156640346,0.00145072,0.00089782,0.00021918,0,0.058369188,0.015005382,0.21502647,0.14730626612767703,0.2914855748082756,0.05200771184386117,0.06265037319730658,0.006971260400840479,0.0002291943614937254,0.012639744133796371,0.01887103212618377,0.0702866068523647,0.005402287,0.00098678,421.89314918320446,0.02841607,1.11651666,0.001458617927369828,7.6010842683638735,0.009370065726289517,0.002503523,76.34834374980817,131.1644866967239,514.1495204729681,161.20983334123167,7.109114222449928,64.5661073342653,18.485823557765748,3.605799855858376
2027,0.0014609293755837094,0.0002426507619186491,9.82E-05,4.30E-05,0.00034593,0.00023113,0.00010025,0.0031140389635770658,11.894886283917494,0.02362526,0.014978312953096665,0.00018693,0.00045094,0.001081997,0.02649063,0.00250863,1.15936936,0,0.156552047,0.00132839,0.00086294,0.00020921,0,0.057274987,0.01416115,0.19709741,0.15090345735197339,0.28475693702980626,0.05319887669761939,0.05924958602585125,0.0069401532486219955,0.00023415606993959528,0.010738900546206907,0.019279837974301908,0.05971653936730503,0.005277579,0.000933216,423.1063251730958,0.02840252,1.11597862,0.0013277496222474853,7.657888434257671,0.008529469024312428,0.002502317,76.23448133730885,130.56559149892067,510.8886650647124,160.77150943391894,7.018139327472664,65.11702503474379,18.303417053549005,3.7101917256892394
2028,0.0014602327176350223,0.00024253563944614853,9.82E-05,4.30E-05,0.000345755,0.00023102,0.0001002,0.003112557161701075,11.973814373713271,0.02201524,0.014971091425996223,0.00015492,0.000387109,0.001038638,0.02525922,0.00200982,1.13197414,0,0.156463748,0.00120606,0.00082806,0.00019924,0,0.056180786,0.013316917,0.17916835,0.15450064857626974,0.278028299251337,0.05439004155137763,0.055848798854395934,0.006909044834961816,0.00023911777838546517,0.008838056958617443,0.01968864382242004,0.049146471882245385,0.00515287,0.000879651,424.3195012698215,0.02838897,1.11544058,0.0011968813171251429,7.714692600151468,0.007688872322335338,0.002501111,76.12061892480952,129.96669640069177,507.62780965645675,160.3331855266062,6.927164431356904,65.6679427454111,18.121010560230115,3.814583596318773
2029,0.001459536059686335,0.000242420516973648,9.81E-05,4.29E-05,0.00034558,0.00023091,0.00010015,0.003111072873580325,12.052742463509047,0.02040522,0.014963869898895784,0.00012291,0.000323278,0.000995279,0.02402781,0.00151101,1.10457892,0,0.156375449,0.00108373,0.00079318,0.00018927,0,0.055086585,0.012472685,0.16123929,0.1580978398005661,0.27129966147286766,0.05558120640513587,0.052448011682940596,0.006877937682743333,0.00024407948683133506,0.0069372133710279785,0.02009744891089204,0.03857640439718573,0.005028162,0.000826087,425.5326772597129,0.02837542,1.11490254,0.0010660113833557494,7.771496766045265,0.00684827562035825,0.002499904,76.0067565123102,129.36780120288853,504.3669541482529,159.89486161929347,6.836189536379639,66.2188604560784,17.93860405601337,3.918975466948307
2030,0.0014588394017376475,0.00024230539450114747,9.81E-05,4.29E-05,0.000345405,0.0002308,0.0001001,0.0031095885854595757,12.131670553304824,0.0187952,0.014956648371795342,9.09E-05,0.000259447,0.000951921,0.0227964,0.0010122,1.0771837,0,0.15628715,0.0009614,0.0007583,0.0001793,0,0.053992384,0.011628452,0.14331023,0.16169503102486246,0.26457102369439833,0.0567723712588941,0.049047224511485264,0.00684683053052485,0.00024904119527720497,0.005036369783438514,0.020506254759010176,0.028006336912126076,0.004903453,0.000772522,426.7458533564386,0.02836187,1.1143645,0.0009351430782334069,7.828300931939062,0.00600767891838116,0.002498698,75.89289409981089,128.76890600508528,501.10609873999715,159.45653771198073,6.7452146414023755,66.76977816674571,17.75619755179663,4.02336733677917
2031,0.0014509031497005746,0.0002409842270786412,9.75E-05,4.27E-05,0.000343534,0.00022954,9.96E-05,0.0030927020110606976,12.153347630465937,0.01792802,0.01487534485075854,8.38E-05,0.000241008,0.000922171,0.02199688,0.00092805,1.05272138,0,0.155281247,0.00090757,0.0007344,0.0001729,0,0.0517698,0.010825621,0.131008084,0.1608778818095271,0.25856274223408104,0.05668481031932308,0.04727197989077273,0.00671123437831798,0.0002489289958399868,0.0047760279323258055,0.020496723478916342,0.026558594337967402,0.004792101,0.000744561,424.9671147286832,0.02820758,1.10830682,0.0009249526336363674,7.854911936591235,0.005942216300854123,0.002485118,74.65942349190118,127.37634141233121,495.79390459272196,158.86505377848627,6.660002878022075,67.06864302615766,17.535380599218616,4.089706270253516
2032,0.0014429668976635016,0.00023966305965613494,9.70E-05,4.25E-05,0.000341663,0.00022828,9.90E-05,0.0030758154366618204,12.175024697393164,0.01706084,0.01479403993560454,7.67E-05,0.000222569,0.000892421,0.02119736,0.0008439,1.02825906,0,0.154275344,0.00085374,0.0007105,0.0001665,0,0.049547216,0.01002279,0.118705938,0.16006073259419176,0.2525544607737638,0.056597249379752045,0.04549673527006019,0.00657563822611111,0.00024881679640276867,0.004515686081213097,0.020487192958468643,0.025110851763808725,0.004680749,0.0007166,423.1883761009278,0.02805329,1.10224914,0.0009147621890393282,7.881522940235803,0.005876753683327085,0.002471538,73.42595287406998,125.98377681957714,490.48171044544677,158.2735698449918,6.574791113503279,67.36750788556962,17.314563635742754,4.156045203727862
2033,0.0014350306456264285,0.00023834189223362868,9.65E-05,4.22E-05,0.000339792,0.00022702,9.84E-05,0.0030589288622629423,12.196701764320393,0.01619366,0.014712736414567738,6.97E-05,0.000204129,0.000862672,0.02039784,0.00075975,1.00379674,0,0.153269441,0.00079991,0.0006866,0.0001601,0,0.047324632,0.009219959,0.106403792,0.15924358337885638,0.24654617931344655,0.05650968844018102,0.04372148934095756,0.006440042073904241,0.0002487045969655505,0.004255344230100388,0.020477661678374805,0.023663109189650047,0.004569397,0.000688639,421.40963747317244,0.027899,1.09619146,0.0009045717444422889,7.908133944887977,0.005811291065800048,0.002457958,72.19248225623876,124.59121212724874,485.16951619822345,157.68208591149735,6.489579350122979,67.66637274498157,17.09374668316474,4.222384136403537
2034,0.0014270943935893554,0.00023702072481112242,9.60E-05,4.20E-05,0.000337921,0.00022576,9.79E-05,0.003042042287864064,12.218378831247621,0.01532648,0.014631431499413738,6.26E-05,0.00018569,0.000832922,0.01959832,0.0006756,0.97933442,0,0.152263538,0.00074608,0.0006627,0.0001537,0,0.045102048,0.008417128,0.094101646,0.15842643416352103,0.24053789785312926,0.056422127500609986,0.041946244720245024,0.006304445921697372,0.0002485923975283323,0.00399500237898768,0.02046813039828097,0.02221536661549137,0.004458044,0.000660678,419.63089884541705,0.02774471,1.09013378,0.0008943812998452494,7.934744948532543,0.00574582844827301,0.002444379,70.95901164832905,123.19864753449465,479.8573220509482,157.0906019780029,6.404367585604183,67.96523759420472,16.872929719688877,4.288723069877883
2035,0.0014191581415522825,0.0002356995573886162,9.54E-05,4.18E-05,0.00033605,0.0002245,9.74E-05,0.003025153227220428,12.240055908408735,0.0144593,0.014550127978376936,5.55E-05,0.000167251,0.000803172,0.0187988,0.00059145,0.9548721,0,0.151257635,0.00069225,0.0006388,0.0001473,0,0.042879464,0.007614297,0.0817995,0.15760928494818569,0.23452961639281197,0.056334566561038954,0.04017100009953249,0.006168849769490501,0.00024848019809111413,0.003734660527874971,0.020458599118187135,0.020767624041332693,0.004346692,0.000632717,417.85216021766166,0.02759042,1.0840761,0.0008841908552482102,7.961355953184717,0.0056803658307459735,0.002430799,69.72554103049784,121.8060829417406,474.54512790367295,156.49911804450844,6.319155822223882,68.26410245361669,16.65211276711086,4.355062003352229
2036,0.0014112218895152094,0.00023437838996610993,9.49E-05,4.15E-05,0.000334179,0.00022324,9.68E-05,0.0030082666528215497,12.261732975335962,0.01359212,0.014468824457340136,4.84E-05,0.000148812,0.000773423,0.01799928,0.0005073,0.93040978,0,0.150251732,0.00063842,0.0006149,0.0001409,0,0.04065688,0.006811466,0.069497354,0.15679213573285036,0.22852133493249469,0.05624700562146793,0.03839575547881995,0.006033253617283632,0.00024836799865389595,0.0034743186767622622,0.020449068597739435,0.01931988146717402,0.00423534,0.000604756,416.07342169674064,0.02743613,1.07801842,0.0008740004106511709,7.987966956829284,0.005614903213218936,0.002417219,68.49207041266664,120.41351824941218,469.23293365644963,155.90763411101398,6.233944058843583,68.56296731302864,16.431295803635,4.421400936826574
2037,0.0014032856374781362,0.00023305722254360366,9.44E-05,4.13E-05,0.000332309,0.00022198,9.62E-05,0.0029913800784226716,12.28341004226319,0.01272494,0.014387519542186134,4.13E-05,0.000130373,0.000743673,0.01719976,0.00042315,0.90594746,0,0.149245829,0.00058459,0.000591,0.0001345,0,0.038434296,0.006008635,0.057195208,0.155974986517515,0.22251305347217742,0.056159444681896896,0.03662051085810741,0.0058976574650767616,0.0002482557992166778,0.0032139768256495543,0.020439537317645598,0.01787213889301534,0.004123988,0.000576795,414.29468306898525,0.02728184,1.07196074,0.0008638099660541314,8.014577961481457,0.005549440595691899,0.002403639,67.25859980475693,119.02095365665811,463.92073950917444,155.3161501775195,6.148732294324786,68.8618321724406,16.210478851056983,4.48773986950225
2038,0.0013953493854410633,0.0002317360551210974,9.38E-05,4.11E-05,0.000330438,0.00022072,9.57E-05,0.0029744935040237936,12.305087119424302,0.01185776,0.014306216021149334,3.43E-05,0.000111934,0.000713923,0.01640024,0.000339,0.88148514,0,0.148239926,0.00053076,0.0005671,0.0001281,0,0.036211712,0.005205804,0.044893062,0.15515783730217966,0.21650477201186016,0.05607188374232587,0.03484526492900478,0.005762061312869893,0.00024814359977945964,0.0029536349745368454,0.02043000603755176,0.016424396318856664,0.004012636,0.000548834,412.51594444122986,0.02712755,1.06590306,0.0008536195214570923,8.041188965126025,0.005483977978164861,0.00239006,66.02512918692572,117.62838906390404,458.60854526195106,154.72466624402503,6.063520530944486,69.16069703185256,15.989661887581121,4.554078802976596
2039,0.0013874131334039902,0.00023041488769859114,9.33E-05,4.08E-05,0.000328567,0.00021946,9.52E-05,0.0029576069296249163,12.32676418635153,0.01099058,0.014224911105995332,2.72E-05,9.35E-05,0.000684173,0.01560072,0.00025485,0.85702282,0,0.147234023,0.00047693,0.0005432,0.0001217,0,0.033989128,0.004402972,0.032590916,0.1543406880868443,0.21049649055154288,0.05598432280275484,0.033070020308292244,0.005626465160663023,0.00024803140034224147,0.0026932931234241366,0.020420475517104065,0.014976653744697989,0.003901283,0.000520872,410.7372058134745,0.02697326,1.05984538,0.000843429076860053,8.0677999697782,0.005418515360637824,0.00237648,64.791658579016,116.23582447114997,453.2963511146758,154.13318231053057,5.978308766425689,69.45956189126451,15.768844935003104,4.620417736450942
2040,0.001379476881366917,0.0002290937202760849,9.28E-05,4.06E-05,0.000326696,0.0002182,9.46E-05,0.0029407203552260382,12.348441253278757,0.0101234,0.014143607584958532,2.01E-05,7.51E-05,0.000654424,0.0148012,0.0001707,0.8325605,0,0.14622812,0.0004231,0.0005193,0.0001153,0,0.031766544,0.003600141,0.02028877,0.15352353887150896,0.20448820909122561,0.05589676186318381,0.031294775687579705,0.005490870269897849,0.0002479192009050233,0.0024329512723114282,0.020410944237010228,0.013528911170539311,0.003789931,0.000492911,408.95846718571903,0.02681897,1.0537877,0.0008332386322630135,8.094410973422766,0.005353052743110786,0.0023629,63.5581879611848,114.84325977882155,447.9841569674006,153.5416983770361,5.89309700304539,69.75842675067648,15.548027971527244,4.686756669925288
2041,0.0013701849706188852,0.0002275532719535776,9.21E-05,4.03E-05,0.000324497,0.00021673,9.40E-05,0.0029208652045856613,12.326377079423372,0.00965632,0.014048307127225122,1.85E-05,6.97E-05,0.000633957,0.01428209,0.00015651,0.81795054,0,0.145050378,0.00039941,0.00050294,0.00011118,0,0.030406132,0.003341203,0.018448224,0.15171860386747538,0.2008998051559927,0.05533755160076338,0.03043873398904563,0.005387379070290842,0.00024611569884010914,0.002286224497121407,0.020262543565715784,0.012713076830255274,0.003723421,0.000479428,406.2203230690213,0.02663832,1.04668718,0.0008186964427461581,8.092049533989423,0.005259562558350252,0.002346977,62.24833008514849,113.71782866838734,441.4400813562135,152.3328854602863,5.785918792202711,69.82341781060187,15.237672478136401,4.734981800321151
2042,0.001360893059870853,0.0002260128236310703,9.15E-05,4.00E-05,0.000322298,0.00021526,9.33E-05,0.0029010100539452843,12.304312905567986,0.00918924,0.013953005275374514,1.70E-05,6.44E-05,0.000613491,0.01376298,0.00014232,0.80334058,0,0.143872636,0.00037572,0.00048658,0.00010706,0,0.02904572,0.003082264,0.016607679,0.1499136688634418,0.19731140122075982,0.054778341338342966,0.02958269359890165,0.00528388913212553,0.000244312196775195,0.002139497721931385,0.020114143654067478,0.011897242489971236,0.003656912,0.000465945,403.48217884548916,0.02645767,1.03958666,0.0008041542532293028,8.08968809455608,0.005166072373589716,0.002331054,60.93847219919068,112.59239765752751,434.8960057450264,151.1240725435365,5.678740581360032,69.88840887052726,14.927316995643405,4.783206930717015
2043,0.0013516011491228209,0.00022447237530856298,9.09E-05,3.98E-05,0.000320098,0.00021379,9.27E-05,0.002881157389549666,12.282248741946484,0.00872216,0.013857704817641106,1.54E-05,5.91E-05,0.000593025,0.01324387,0.00012813,0.78873062,0,0.142694894,0.00035203,0.00047022,0.00010294,0,0.027685309,0.002823325,0.014767133,0.1481087338594082,0.19372299728552692,0.05421913107592254,0.028726651900367575,0.005180399193960219,0.00024250869471028076,0.0019927709467413633,0.019965742982773035,0.0110814081496872,0.003590402,0.000452462,400.74403472879135,0.02627702,1.03248614,0.0007896104350653966,8.087326655122734,0.005072582188829181,0.002315132,59.62861432315436,111.4669665470933,428.3519301338393,149.91525962678668,5.5715623716558484,69.95339993045265,14.616961502252565,4.831432061112879
2044,0.0013423092383747887,0.0002229319269860557,9.03E-05,3.95E-05,0.000317899,0.00021232,9.21E-05,0.0028613022389092895,12.260184568091098,0.00825508,0.013762402965790498,1.38E-05,5.37E-05,0.000572559,0.01272476,0.00011394,0.77412066,0,0.141517152,0.00032834,0.00045386,9.88E-05,0,0.026324897,0.002564386,0.012926587,0.14630379885537462,0.19013459335029403,0.05365992081350212,0.0278706115102236,0.005076909255794909,0.00024070519264536658,0.0018460441715513417,0.019817343071124732,0.010265573809403163,0.003523892,0.000438978,398.00589061209365,0.02609637,1.02538562,0.0007750682455485412,8.084965215689392,0.0049790920040686465,0.002299209,58.318756447118034,110.34153543665911,421.8078545226522,148.70644671003686,5.464384160813169,70.01839099037804,14.306606008861722,4.879657191508742
2045,0.0013330173276267566,0.0002213914786635484,8.97E-05,3.92E-05,0.0003157,0.00021085,9.15E-05,0.0028414470882689126,12.238120394235711,0.007788,0.013667102508057088,1.23E-05,4.84E-05,0.000552093,0.01220565,9.98E-05,0.7595107,0,0.14033941,0.00030465,0.0004375,9.47E-05,0,0.024964485,0.002305448,0.011086041,0.14449886385134103,0.18654618941506113,0.053100710551081697,0.02701456981168952,0.004973419317629597,0.00023890169058045244,0.0016993173963613204,0.01966894239983029,0.009449739469119126,0.003457382,0.000425495,395.2677463885615,0.02591572,1.0182851,0.0007605260560316859,8.082603776256049,0.004885601819308112,0.002283286,57.00889856116023,109.21610432622492,415.2637790114132,147.49763379328706,5.35720594997049,70.0833820503034,13.996250515470882,4.927882321105936
2046,0.0013237254168787247,0.00021985103034104111,8.90E-05,3.89E-05,0.000313501,0.00020938,9.08E-05,0.002821591937628535,12.216056220380326,0.00732092,0.013571802050323678,1.07E-05,4.31E-05,0.000531627,0.01168654,8.56E-05,0.74490074,0,0.139161668,0.00028096,0.00042114,9.06E-05,0,0.023604073,0.002046509,0.009245496,0.14269392884730744,0.18295778547982824,0.052541500288661266,0.026158528113155447,0.004869929379464286,0.00023709818851553823,0.0015525906211712988,0.019520541728535845,0.008633905128835087,0.003390872,0.000412012,392.5296022718637,0.02573507,1.01118458,0.0007459838665148305,8.080242336822705,0.004792111634547577,0.002267363,55.69904068512391,108.09067321579072,408.7197034002261,146.2888207733852,5.250027739127811,70.14837311022879,13.685895032977886,4.976107451501799
2047,0.0013144335061306923,0.00021831058201853383,8.84E-05,3.87E-05,0.000311302,0.00020791,9.02E-05,0.0028017392732329173,12.193992056758823,0.00685384,0.01347650019847307,9.11E-06,3.77E-05,0.000511161,0.01116743,7.14E-05,0.73029078,0,0.137983926,0.00025727,0.00040478,8.65E-05,0,0.022243661,0.00178757,0.00740495,0.14088899384327386,0.17936938154459534,0.05198229002624084,0.025302487723011465,0.004766439441298974,0.00023529468645062403,0.0014058638459812773,0.01937214181688754,0.00781807078855105,0.003324362,0.000398529,389.79145804833155,0.02555442,1.00408406,0.0007314400483509243,8.077880897389361,0.004698621449787042,0.00225144,54.3891827991661,106.96524210535652,402.17562778903897,145.0800078566354,5.142849529423628,70.21336417015418,13.375539539587043,5.024332581897664
2048,0.0013051415953826602,0.00021677013369602653,8.78E-05,3.84E-05,0.000309103,0.00020644,8.96E-05,0.0027818841225925404,12.171927882903438,0.00638676,0.01338119974073966,7.54E-06,3.24E-05,0.000490695,0.01064832,5.72E-05,0.71568082,0,0.136806184,0.00023358,0.00038842,8.23E-05,0,0.02088325,0.001528631,0.005564404,0.13908405883924024,0.17578097760936243,0.05142307976382042,0.024446446024477392,0.004662949503133664,0.00023349118438570983,0.0012591370707912557,0.0192237411455931,0.007002236448267013,0.003257852,0.000385046,387.0533139316338,0.02537377,0.99698354,0.0007168978588340688,8.07551945795602,0.004605131265026507,0.002235517,53.07932492312978,105.83981099492233,395.6315521778519,143.87119493988558,5.035671318580948,70.27835523007957,13.065184046196203,5.072557712293527
2049,0.0012958496846346282,0.00021522968537351922,8.72E-05,3.81E-05,0.000306904,0.00020497,8.89E-05,0.002762028971952163,12.149863709048052,0.00591968,0.01328589788888905,5.97E-06,2.71E-05,0.000470229,0.01012921,4.30E-05,0.70107086,0,0.135628442,0.00020989,0.00037206,7.82E-05,0,0.019522838,0.001269693,0.003723859,0.13727912383520666,0.17219257367412957,0.05086386950139999,0.02359040563433341,0.004559459564968352,0.00023168768232079568,0.0011124102956012341,0.01907534123394479,0.006186402107982976,0.003191343,0.000371562,384.3151697081016,0.02519312,0.98988302,0.0007023556693172135,8.073158017515068,0.004511641080265973,0.002219595,51.769467047093464,104.71437998406248,389.0874765666648,142.6623820231358,4.92849310773827,70.34334629000496,12.754828552805362,5.12078284268939
2050,0.0012865577738865959,0.00021368923705101194,8.65E-05,3.78E-05,0.000304705,0.0002035,8.83E-05,0.002742176307556545,12.127799535192665,0.0054526,0.013190597431155644,4.40E-06,2.17E-05,0.000449762,0.0096101,2.88E-05,0.6864609,0,0.1344507,0.0001862,0.0003557,7.41E-05,0,0.018162426,0.001010754,0.001883313,0.13547418883117307,0.16860416973889666,0.05030465923897957,0.02273436393579933,0.004455969626803041,0.0002298841802558815,0.0009656835204112126,0.018926940562650346,0.005370567767698939,0.003124833,0.000358079,381.5770255914039,0.02501247,0.9827825,0.0006878118511533073,8.070796578081724,0.004418150895505437,0.002203672,50.45960916113566,103.58894887362827,382.54340095547764,141.453569106386,4.821314896895591,70.40833734993035,12.44447305941452,5.169007973085255
2051,0.001261054444386678,0.00020945163365849185,8.48E-05,3.71E-05,0.000298665,0.00019947,8.66E-05,0.0026878394283622754,12.036672470451364,0.00520103,0.012929161420713263,4.06E-06,2.02E-05,0.000435696,0.00927305,2.64E-05,0.68795172,0,0.131218189,0.00017577,0.00034449,7.15E-05,0,0.017384609,0.000938056,0.001712466,0.1364616187741298,0.16897033492672306,0.050702406794149925,0.02256362426142602,0.004427949222414186,0.00023258527781854098,0.000920433839741297,0.019149401414879547,0.005118810756798132,0.003131626,0.00035539,378.6021690029036,0.02451665,0.96330384,0.0006796327856640422,8.047176535106871,0.004365656785699589,0.002160001,49.735619897906346,102.59102381204498,374.797969840141,139.64366044713617,4.730671304382388,70.32003713058573,12.141787633192719,5.206721473844007
2052,0.00123555111488676,0.0002052140302659718,8.31E-05,3.63E-05,0.000292626,0.00019544,8.48E-05,0.0026335050354127647,11.945545405710064,0.00494946,0.012667724016153684,3.72E-06,1.86E-05,0.00042163,0.008936,2.40E-05,0.68944254,0,0.127985678,0.00016534,0.00033328,6.88E-05,0,0.016606793,0.000865358,0.001541619,0.1374490487170865,0.16933650011454945,0.05110015434932028,0.02239288327866261,0.004399927556583635,0.00023528637538120049,0.0008755411585243988,0.019371863026754886,0.0048670537458973245,0.003138419,0.000352701,375.6273125212377,0.02402083,0.94382518,0.0006714537201747772,8.023556491124408,0.004313162675893739,0.002116331,49.01163063467704,101.593098850036,367.05253862485625,137.83375189103836,4.640027711869187,70.23173690105229,11.839102196073071,5.244434974602759
2053,0.001210047785386842,0.00020097642687345174,8.14E-05,3.56E-05,0.000286586,0.00019141,8.31E-05,0.0025791706424632536,11.854418340968763,0.00469789,0.012406288005711303,3.38E-06,1.71E-05,0.000407564,0.00859895,2.16E-05,0.69093336,0,0.124753167,0.00015491,0.00032207,6.62E-05,0,0.015828976,0.000792661,0.001370772,0.1384364786600432,0.16970266530237582,0.05149790190449065,0.022222143604289292,0.00437190715219478,0.00023798747294385996,0.0008300237282647205,0.019594323878984084,0.004615296734996517,0.003145213,0.000350011,372.6524560395718,0.02352501,0.92434652,0.000663274654685512,7.999936447141948,0.0042606685660878905,0.00207266,48.287641371447734,100.59517388802705,359.3071074095715,136.02384323178853,4.549384118217487,70.14343668170766,11.536416758953422,5.282148474562841
2054,0.0011845444558869242,0.00019673882348093168,7.97E-05,3.48E-05,0.000280547,0.00018738,8.13E-05,0.0025248362495137425,11.763291276227463,0.00444632,0.012144851995268924,3.04E-06,1.55E-05,0.000393498,0.0082619,1.92E-05,0.69242418,0,0.121520656,0.00014448,0.00031086,6.35E-05,0,0.01505116,0.000719963,0.001199926,0.1394239086029999,0.17006883049020224,0.051895649459661006,0.022051402621525877,0.004343885486364229,0.00024068857050651944,0.0007845062980050423,0.01981678549085942,0.004363539724095709,0.003152006,0.000347322,369.6775994510715,0.02302919,0.90486786,0.000655095589196247,7.976316403159488,0.004208174456282042,0.002028989,47.56365210821843,99.59724882644373,351.56167619428675,134.21393457253868,4.458740525704285,70.05513645217421,11.23373133273162,5.319861975321594
2055,0.0011590411263870063,0.00019250122008841159,7.80E-05,3.41E-05,0.000274508,0.00018335,7.96E-05,0.002470501856564232,11.672164211486164,0.00419475,0.011883415984826543,2.70E-06,1.40E-05,0.000379432,0.00792485,1.69E-05,0.693915,0,0.118288145,0.00013405,0.00029965,6.09E-05,0,0.014273343,0.000647265,0.001029079,0.1404113385459566,0.17043499567802864,0.052293397014831364,0.021880662947152563,0.004315865081975374,0.00024338966806917894,0.0007398813663779068,0.020039246343088617,0.004111782713194902,0.003158799,0.000344633,366.7027429694056,0.02253337,0.8853892,0.000646916523706982,7.952696360184632,0.0041556803464761925,0.001985319,46.83966284498913,98.59932383456245,343.81624497900197,132.4040260164409,4.368096933191082,69.96683623282958,10.931045895611973,5.357575476080346
2056,0.0011335377968870882,0.00018826361669589152,7.63E-05,3.34E-05,0.000268468,0.00017932,7.78E-05,0.0024161674636147203,11.581037146744862,0.00394318,0.011621978580266965,2.36E-06,1.25E-05,0.000365366,0.0075878,1.45E-05,0.69540582,0,0.115055634,0.00012362,0.00028844,5.82E-05,0,0.013495526,0.000574567,0.000858232,0.14139876848891333,0.17080116086585503,0.05269114457000172,0.021709923272779253,0.004287844677586519,0.00024609076563183844,0.0006943639361182285,0.020261707195317818,0.003860025702294095,0.003165593,0.000341943,363.7278863809054,0.02203755,0.86591054,0.0006387358295706662,7.929076316202171,0.004103186236670343,0.001941648,46.115673581759815,97.60139883272376,336.0708137637172,130.59411735719107,4.277453339539384,69.87853601348495,10.628360462851463,5.3952889768390975
2057,0.0011080344673871703,0.00018402601330337146,7.45E-05,3.26E-05,0.000262429,0.00017529,7.61E-05,0.0023618330706652096,11.489910082003561,0.00369161,0.011360542569824583,2.02E-06,1.09E-05,0.0003513,0.00725075,1.21E-05,0.69689664,0,0.111823123,0.00011319,0.00027723,5.55E-05,0,0.01271771,0.00050187,0.000687385,0.14238619843187003,0.17116732605368143,0.05308889212517208,0.021539182290015838,0.004259823011755968,0.0002487918631944979,0.0006488465058585504,0.020484168807193153,0.0036082686913932877,0.003172386,0.000339254,360.75302989923944,0.02154173,0.84643188,0.000630556764081401,7.905456272219711,0.004050692126864495,0.001897977,45.39168431853051,96.60347383088505,328.32538254843246,128.78420880109326,4.186809747026182,69.79023578395152,10.325675030090954,5.433002476799181
2058,0.0010825311378872523,0.00017978840991085142,7.28E-05,3.19E-05,0.000256389,0.00017126,7.43E-05,0.0023074961914709403,11.398783017262263,0.00344004,0.011099106559382205,1.68E-06,9.37E-06,0.000337234,0.0069137,9.68E-06,0.69838746,0,0.108590612,0.00010276,0.00026602,5.29E-05,0,0.011939893,0.000429172,0.000516538,0.14337362837482673,0.1715334912415078,0.05348663968034244,0.02136844261564252,0.004231802607367113,0.0002514929607571574,0.0006033290755988722,0.02070662965942235,0.0033565116804924805,0.003179179,0.000336565,357.77817341757356,0.02104591,0.82695322,0.000622377698592136,7.881836228237249,0.003998198017058646,0.001854307,44.6676950553012,95.60554882904636,320.5799513331477,126.97430014184343,4.096166154512979,69.7019355646069,10.02298959624066,5.470715977557932
2059,0.0010570278083873344,0.00017555080651833133,7.11E-05,3.11E-05,0.00025035,0.00016723,7.26E-05,0.0022531617985214287,11.30765595252096,0.00318847,0.010837669154822623,1.34E-06,7.82E-06,0.000323168,0.00657665,7.29E-06,0.69987828,0,0.105358101,9.23E-05,0.00025481,5.03E-05,0,0.011162077,0.000356474,0.000345691,0.14436105831778345,0.17189965642933422,0.0538843872355128,0.02119770163287911,0.004203780941536562,0.00025419405831981687,0.0005587041439717367,0.020929091271297686,0.0031047546695916733,0.003185973,0.000333876,354.8033168290733,0.02055009,0.80747456,0.000614198633102871,7.858216185262394,0.003945703907252796,0.001810636,43.9437057920719,94.60762382720763,312.83452011786295,125.1643914825936,4.00552256086128,69.61363533507345,9.720304162390367,5.5084294783166845
2060,0.0010315244788874165,0.00017131320312581126,6.94E-05,3.04E-05,0.000244311,0.0001632,7.08E-05,0.002198827405571918,11.216528887779662,0.0029369,0.010576233144380243,1.00E-06,6.27E-06,0.000309102,0.0062396,4.90E-06,0.7013691,0,0.10212559,8.19E-05,0.0002436,4.76E-05,0,0.01038426,0.000283776,0.000174844,0.14534848826074015,0.1722658216171606,0.05428213479068316,0.021026961958505792,0.004175760537147707,0.0002568951558824764,0.0005131867137120584,0.021151552123526887,0.002852997658690866,0.003192766,0.000331186,351.8284603474074,0.02005427,0.7879959,0.0006060195676136058,7.834596141279934,0.0038932097974469474,0.001766966,43.219716528842596,93.6096988154115,305.08908890257817,123.35448292649579,3.914878968348078,69.52533511572882,9.417618729629856,5.546142978276767
2061,0.0010137502868992861,0.0001683638750207973,6.82E-05,2.98E-05,0.000240098,0.00016039,6.96E-05,0.002160954439167603,11.078094462274782,0.00280139,0.01039399553800137,9.20E-07,5.83E-06,0.000299431,0.00602076,4.49E-06,0.70278259,0,0.099872739,7.73E-05,0.00023592,4.59E-05,0,0.009939558,0.000263362,0.000158985,0.1458834937928373,0.17261299475735356,0.05457608240100609,0.02088193999992056,0.004141822709763844,0.00025882332398874413,0.00048819675200086255,0.02131018826688512,0.0027121180878240925,0.003199193,0.000328902,350.4735445366416,0.01970872,0.77441808,0.0005943877703765826,7.79145274309966,0.003818516862265895,0.001736516,42.81420026289288,92.56210229481998,297.4765372347159,121.57563994423322,3.8163932928135123,69.29098376661885,9.094951561960697,5.660239608481818
2062,0.0009959760949111557,0.00016541454691578332,6.70E-05,2.93E-05,0.000235886,0.00015758,6.84E-05,0.002123083959008046,10.939660036769906,0.00266588,0.010211759325739696,8.40E-07,5.38E-06,0.000289761,0.00580192,4.08E-06,0.70419608,0,0.097619888,7.27E-05,0.00022824,4.42E-05,0,0.009494857,0.000242947,0.000143126,0.14641849932493445,0.17296016789754648,0.054870030011329035,0.020736918041335334,0.004107886143821677,0.0002607514920950118,0.0004623142916571239,0.021468824410243347,0.00257123851695732,0.00320562,0.000326618,349.11862872587585,0.01936317,0.76084026,0.0005827576017866101,7.748309345926993,0.0037438239270848428,0.001706066,42.40868398702168,91.51450576427101,289.8639855668537,119.79679685881861,3.717907618417443,69.05663240732008,8.772284395381321,5.7743362386868675
2063,0.0009782019029230254,0.00016246521881076937,6.58E-05,2.88E-05,0.000231674,0.00015477,6.71E-05,0.0020852109926037315,10.801225611265028,0.00253037,0.010029521719360824,7.60E-07,4.93E-06,0.00028009,0.00558308,3.67E-06,0.70560957,0,0.095367037,6.82E-05,0.00022056,4.25E-05,0,0.009050155,0.000222533,0.000127267,0.1469535048570316,0.17330734103773943,0.055163977621651976,0.020591894774360006,0.0040739495778795085,0.0002626796602012795,0.000437324329945928,0.02162746055360158,0.0024303589460905467,0.003212047,0.000324334,347.7637130219444,0.01901762,0.74726244,0.0005711258045495868,7.7051659477467185,0.003669130991903789,0.001675616,42.00316771115048,90.46690923372203,282.25143389899154,118.01795387655604,3.619421942882877,68.82228104802131,8.449617227712162,5.888432868093248
2064,0.0009604277109348951,0.00015951589070575537,6.46E-05,2.83E-05,0.000227462,0.00015196,6.59E-05,0.0020473405124441747,10.662791185760149,0.00239486,0.00984728411298195,6.80E-07,4.48E-06,0.00027042,0.00536424,3.26E-06,0.70702306,0,0.093114186,6.36E-05,0.00021288,4.08E-05,0,0.008605453,0.000202118,0.000111408,0.14748851038912872,0.17365451417793237,0.0554579252319749,0.020446872815774772,0.004040013011937341,0.0002646078283075472,0.00041144186960218943,0.02178609669695981,0.002289479375223774,0.003218474,0.00032205,346.40879721117864,0.01867207,0.73368462,0.0005594956359596143,7.662022550574052,0.003594438056722737,0.001645166,41.597651445200775,89.41931270317308,274.63888233107735,116.23911089429345,3.520936267348312,68.58792969891134,8.126950061132789,6.002529498298298
2065,0.0009426535189467648,0.00015656656260074143,6.34E-05,2.77E-05,0.000223249,0.00014915,6.47E-05,0.0020094675460398596,10.524356760255273,0.00225935,0.009665046506603076,6.00E-07,4.03E-06,0.00026075,0.0051454,2.85E-06,0.70843655,0,0.090861335,5.90E-05,0.0002052,3.91E-05,0,0.008160752,0.000181704,9.55E-05,0.14802351592122587,0.1740016873181253,0.055751872842297844,0.020301850857189545,0.004006076445995174,0.0002665359964138149,0.00038645190789099356,0.02194473359996418,0.002148599804357001,0.003224901,0.000319766,345.0538814004128,0.01832652,0.7201068,0.0005478638387225909,7.618879152393777,0.0035197451215416846,0.001614717,41.19213516932957,88.37171618258155,267.02633066321516,114.46026791203087,3.422450592952243,68.35357833961257,7.804282893463628,6.1166261285033485
2066,0.0009248793269586342,0.00015361723449572749,6.22E-05,2.72E-05,0.000219037,0.00014634,6.35E-05,0.001971597065880303,10.385922334750395,0.00212384,0.009482808900224201,5.20E-07,3.58E-06,0.000251079,0.00492656,2.44E-06,0.70985004,0,0.088608484,5.44E-05,0.00019752,3.74E-05,0,0.00771605,0.000161289,7.97E-05,0.14855852145332302,0.17434886045831827,0.056045820452620784,0.020156828898604314,0.00397213861861131,0.00026846416452008256,0.0003614619461797977,0.022103369743322412,0.0020077202334902278,0.003231328,0.000317482,343.6989656964815,0.01798097,0.70652898,0.0005362320414855677,7.5757357552211095,0.0034450521863606315,0.001584267,40.78661890337986,87.32411965203258,259.4137789953529,112.68142482661628,3.323964917417677,68.11922699050261,7.481615726884253,6.230722757909729
2067,0.000907105134970504,0.0001506679063907135,6.10E-05,2.67E-05,0.000214825,0.00014353,6.23E-05,0.0019337240994759877,10.24748790924552,0.00198833,0.00930057268796253,4.40E-07,3.14E-06,0.000241409,0.00470772,2.03E-06,0.71126353,0,0.086355633,4.98E-05,0.00018984,3.57E-05,0,0.007271348,0.000140874,6.38E-05,0.14909352698542017,0.17469603359851119,0.05633976806294372,0.020011806940019083,0.0039382020526691425,0.0002703923326263503,0.00033557948583605907,0.022262005886680643,0.001866840662623455,0.003237755,0.000315198,342.34404988571566,0.01763542,0.69295116,0.0005246018728955952,7.532592357040835,0.0033703592511795787,0.001553817,40.38110262750866,86.2765231214836,251.8012273274907,110.9025818443537,3.2254792430216077,67.88487563120381,7.158948559215093,6.344819388114779
2068,0.0008893309429823736,0.00014771857828569954,5.98E-05,2.62E-05,0.000210613,0.00014072,6.10E-05,0.001895853619316431,10.109053480670475,0.00185282,0.009118335081583655,3.60E-07,2.69E-06,0.000231738,0.00448888,1.62E-06,0.71267702,0,0.084102782,4.53E-05,0.00018216,3.40E-05,0,0.006826647,0.00012046,4.80E-05,0.1496285325175173,0.17504320673870416,0.05663371567326666,0.019866783673043755,0.0039042654867269748,0.00027232050073261796,0.00031058952412486314,0.022420642030038872,0.0017255883944792565,0.003244182,0.000312914,340.98913407494985,0.01728987,0.67937334,0.0005129700756585718,7.4894489598681675,0.0032956663159985264,0.001523367,39.97558635163745,85.22892659093465,244.18867565962844,109.12373886209113,3.1269935674870424,67.65052428209387,6.836281392635719,6.458916018319829
2069,0.0008715567509942432,0.00014476925018068554,5.87E-05,2.56E-05,0.0002064,0.00013791,5.98E-05,0.0018579806529121158,9.9706190551656,0.00171731,0.008936097475204782,2.80E-07,2.24E-06,0.000222068,0.00427004,1.21E-06,0.71409051,0,0.081849931,4.07E-05,0.00017448,3.23E-05,0,0.006381945,0.000100045,3.21E-05,0.15016353804961444,0.17539037987889708,0.0569276632835896,0.019721761714458524,0.0038703289207848075,0.0002742486688388857,0.0002847070637811246,0.022579278173397103,0.0015858269154447593,0.003250609,0.00031063,339.6342182641841,0.01694432,0.66579552,0.0005013399070685993,7.446305561687894,0.0032209733808174737,0.001492917,39.57007008568775,84.18133006038568,236.57612399176622,107.34489587982854,3.0285078919524766,67.41617292279508,6.513614226056343,6.57301264772621
2070,0.0008537825590061129,0.0001418199220756716,5.75E-05,2.51E-05,0.000202188,0.0001351,5.86E-05,0.0018201101727525592,9.83218462966072,0.0015818,0.008753859868825908,2.00E-07,1.79E-06,0.000212398,0.0040512,8.00E-07,0.715504,0,0.07959708,3.61E-05,0.0001668,3.06E-05,0,0.005937243,7.96E-05,1.63E-05,0.15069854358171159,0.17573755301909,0.05722161089391253,0.019576739755873294,0.0038363910934009443,0.00027617683694515337,0.0002597171020699287,0.022737914316755335,0.0014442019500231359,0.003257036,0.000308346,338.2793025602527,0.01659877,0.6522177,0.0004897081098315761,7.403162164515226,0.0031462804456364206,0.001462468,39.164553809816546,83.13373353979415,228.9635724238521,105.56605279441395,2.9300222175564077,67.18182157368511,6.1909470583871835,6.68710927793126
2071,0.0008213032357227179,0.00013642561193564606,5.53E-05,2.42E-05,0.000194497,0.00012996,5.64E-05,0.0017508657699870779,9.597870933671167,0.00150882,0.008420794116603477,1.80E-07,1.66E-06,0.000205751,0.00390912,7.30E-07,0.71806154,0,0.075480367,3.41E-05,0.00016155,2.95E-05,0,0.005682984,7.39E-05,1.48E-05,0.15092003122323103,0.17636571903146345,0.057367190194541895,0.019483970972676175,0.0038082193160085933,0.0002774858303793653,0.00024632962258178804,0.022845854715446135,0.0013715259809251974,0.003268686,0.000306885,336.8122791486706,0.01596732,0.62740222,0.00047591509795810223,7.327302402515,0.003057591443379222,0.001406822,38.826358581817196,82.5233902392891,221.26843501059105,103.93640333344808,2.829688893226691,66.88051726812358,5.863809221765193,6.813219315527797
2072,0.000788823912439323,0.00013103130179562052,5.31E-05,2.32E-05,0.000186805,0.00012482,5.41E-05,0.0016816213672215966,9.363557237681615,0.00143584,0.008087729758498247,1.60E-07,1.52E-06,0.000199105,0.00376704,6.60E-07,0.72061908,0,0.071363654,3.21E-05,0.0001563,2.84E-05,0,0.005428725,6.82E-05,1.33E-05,0.15114151886475047,0.17699388504383687,0.057512769495171256,0.01939120349786916,0.0037800475386162414,0.00027879482381357716,0.0002329421430936474,0.022953794354490797,0.0012969865254401323,0.003280336,0.000305423,335.3452556302542,0.01533587,0.60258674,0.00046212371473167916,7.2514426405147745,0.0029689024411220233,0.001351177,38.48816336373933,81.91304694874147,213.57329759732997,102.30675391374304,2.729355568896974,66.57921296256202,5.536671384053417,6.939329352325664
2073,0.0007563445891559281,0.00012563699165559495,5.09E-05,2.22E-05,0.000179114,0.00011968,5.19E-05,0.0016123794507008733,9.129243541692063,0.00136286,0.0077546640062758155,1.40E-07,1.39E-06,0.000192459,0.00362496,5.90E-07,0.72317662,0,0.067246941,3.00E-05,0.00015105,2.73E-05,0,0.005174466,6.25E-05,1.18E-05,0.1513630065062699,0.17762205105621032,0.05765834879580062,0.019298434714672037,0.0037518744997821945,0.0002801038172477891,0.00022044716223804944,0.023061734753181597,0.0012243105563421938,0.003291987,0.000303962,333.8782322186721,0.01470442,0.57777126,0.0004483307028582053,7.175582878514548,0.0028802134388648246,0.001295532,38.14996813573998,81.30270364823642,205.87816018406892,100.67710446309238,2.6290222445672566,66.27790865700048,5.209533547431426,7.065439389922202
2074,0.000723865265872533,0.0001202426815155694,4.87E-05,2.13E-05,0.000171422,0.00011454,4.97E-05,0.001543135047935392,8.89492984570251,0.00128988,0.007421598254053386,1.20E-07,1.25E-06,0.000185813,0.00348288,5.20E-07,0.72573416,0,0.063130228,2.80E-05,0.0001458,2.62E-05,0,0.004920207,5.67E-05,1.03E-05,0.15158449414778938,0.17825021706858374,0.05780392809642998,0.019205665931474922,0.003723702722389843,0.000281412810682001,0.0002070596827499088,0.0231696751518724,0.0011497711008571288,0.003303637,0.000302501,332.41120880709013,0.01407297,0.55295578,0.0004345393196317822,7.099723116514322,0.002791524436607626,0.001239887,37.81177290774063,80.69236034773134,198.18302277080784,99.04745500212653,2.52868892023754,65.97660436162774,4.88239570971965,7.191549427518739
2075,0.000691385942589138,0.00011484837137554387,4.65E-05,2.03E-05,0.000163731,0.0001094,4.75E-05,0.0014738931314146686,8.660616149712958,0.0012169,0.007088532501830954,1.00E-07,1.12E-06,0.000179166,0.0033408,4.50E-07,0.7282917,0,0.059013515,2.60E-05,0.00014055,2.51E-05,0,0.004665947,5.10E-05,8.87E-06,0.15180598178930882,0.1788783830809572,0.05794950739705934,0.0191128984566679,0.003695530944997492,0.0002827218041162129,0.0001936722032617681,0.0232776155505632,0.0010770951317591905,0.003315287,0.000301039,330.94418539550804,0.01344152,0.5281403,0.00042074630775830837,7.023863355521702,0.002702835434350427,0.001184242,37.47357767974128,80.08201705718372,190.4878853575468,97.41780555147587,2.4283555959078233,65.67530005606618,4.555257873097659,7.3176594643166055
2076,0.0006589066193057432,0.00010945406123551832,4.44E-05,1.94E-05,0.000156039,0.00010426,4.52E-05,0.0014046487286491873,8.426302453723405,0.00114392,0.006755466749608523,8.00E-08,9.86E-07,0.00017252,0.00319872,3.80E-07,0.73084924,0,0.054896802,2.40E-05,0.0001353,2.41E-05,0,0.004411688,4.53E-05,7.39E-06,0.1520274694308283,0.1795065490933306,0.0580950866976887,0.019020129673470783,0.0036673579061634446,0.0002840307975504248,0.00018028472377362747,0.023385555189607863,0.001004419162661252,0.003326937,0.000299578,329.47716198392607,0.01281007,0.50332482,0.00040695492453188536,6.948003593521476,0.0026141464320932283,0.001128597,37.135382461663426,79.47167375667867,182.79274784433755,95.78815609051,2.3280222715781065,65.37399575050463,4.228120035385883,7.443769501913144
2077,0.0006264272960223482,0.00010405975109549278,4.22E-05,1.84E-05,0.000148348,9.91E-05,4.30E-05,0.0013354068121284642,8.191988757733853,0.00107094,0.006422402391503292,6.00E-08,8.51E-07,0.000165874,0.00305664,3.10E-07,0.73340678,0,0.050780089,2.20E-05,0.00013005,2.30E-05,0,0.004157429,3.96E-05,5.91E-06,0.1522489570723477,0.18013471510570406,0.058240665998318064,0.018927360890273665,0.0036391861287710936,0.00028533979098463674,0.00016689724428548683,0.023493495588298663,0.0009298797071761869,0.003338587,0.000298117,328.010138572344,0.01217862,0.47850934,0.00039316191265841146,6.8721438315212495,0.0025254574298360297,0.001072951,36.797187233664076,78.8613304561736,175.0976104310765,94.15850663985934,2.2276889472483896,65.07269144494308,3.9009821987638924,7.56987953950968
2078,0.0005939479727389531,9.866544095546723e-05,4.00E-05,1.75E-05,0.000140656,9.40E-05,4.08E-05,0.001266162409362983,7.9576750617442995,0.00099796,0.006089336639280862,4.00E-08,7.17E-07,0.000159228,0.00291456,2.40E-07,0.73596432,0,0.046663376,1.99E-05,0.0001248,2.19E-05,0,0.00390317,3.38E-05,4.43E-06,0.15247044471386717,0.18076288111807748,0.058386245298947426,0.01883459210707655,0.0036110130899370462,0.0002866487844188486,0.00015440226342988887,0.023601435986989463,0.0008572037380782483,0.003350238,0.000296656,326.5431150539276,0.01154717,0.45369386,0.0003793705294319884,6.796284069521024,0.002436768427578831,0.001017306,36.458992005664726,78.25098716562599,167.40247301781542,92.52885718920868,2.1273556229186728,64.77138714957034,3.5738443610521164,7.695989577106217
2079,0.0005614686494555582,9.327113081544169e-05,3.78E-05,1.65E-05,0.000132965,8.88E-05,3.85E-05,0.0011969204928422598,7.723361365754748,0.00092498,0.00575627088705843,2.00E-08,5.83E-07,0.000152582,0.00277248,1.70E-07,0.73852186,0,0.042546663,1.79E-05,0.00011955,2.08E-05,0,0.003648911,2.81E-05,2.96E-06,0.1526919323553866,0.18139104713045093,0.05853182459957679,0.01874182463226953,0.0035828413125446952,0.00028795777785306054,0.00014101478394174823,0.023709375626034125,0.0007826642825931833,0.003361888,0.000295194,325.0760916423455,0.01091572,0.42887838,0.00036557751755851456,6.720424307520798,0.0023480794253216324,0.000961661,36.12079677766537,77.64064386512094,159.70733560455437,90.89920772824283,2.027022298588956,64.47008284400879,3.2467065244301256,7.822099613904085
2080,0.0005289893261721633,8.787682067541614e-05,3.56E-05,1.56E-05,0.000125274,8.37E-05,3.63E-05,0.0011276760900767783,7.489047669765195,0.000852,0.0054232051348359995,0,4.48E-07,0.000145935,0.0026304,1.00E-07,0.7410794,0,0.03842995,1.59E-05,0.0001143,1.97E-05,0,0.003394652,2.24E-05,1.48E-06,0.15291341999690608,0.18201921314282435,0.05867740390020615,0.01864905584907241,0.003554668273710648,0.00028926677128727243,0.00012762730445360756,0.023817316024724925,0.0007099883134952448,0.003373538,0.000293733,323.6090682307635,0.01028427,0.4040629,0.0003517861343320915,6.644564545520571,0.0022593904230644338,0.000906016,35.78260155958751,77.0303005745733,152.0121981912933,89.26955827759217,1.926688974259239,64.16877853844724,2.9195686867183497,7.948209651500622
2081,0.0005230018335320939,8.687909258041142e-05,3.52E-05,1.54E-05,0.000123851,8.28E-05,3.59E-05,0.0011148868470397012,7.195662857557523,0.00081269,0.005361865372115477,0,4.26E-07,0.000141364,0.00253814,9.00E-08,0.74626123,0,0.037671049,1.50E-05,0.0001107,1.90E-05,0,0.003249271,2.08E-05,1.35E-06,0.1533244524311105,0.18329194117991662,0.058829955723496044,0.018636573807526913,0.0035402802697283276,0.0002909996292620863,0.0001213798140258086,0.02395986514181814,0.0006745820721398389,0.003397121,0.000293536,323.1720132300176,0.01016787,0.39949264,0.00034078462350373915,6.5908395632891335,0.002188754575681403,0.000895766,35.252305717145184,76.3278543272876,144.7987860058075,87.62266331408676,1.8394684967154176,63.91169500196995,2.6545496584525807,8.03053959077336
2082,0.0005170143408920246,8.58813644854067e-05,3.48E-05,1.52E-05,0.000122429,8.18E-05,3.55E-05,0.001102097604002624,6.902278045349851,0.00077338,0.005300524215277752,0,4.03E-07,0.000136792,0.00244588,8.00E-08,0.75144306,0,0.036912148,1.41E-05,0.0001071,1.83E-05,0,0.00310389,1.92E-05,1.21E-06,0.15373548486531496,0.1845646692170089,0.05898250754678595,0.018624093074371514,0.0035258910043043114,0.00029273248723690016,0.00011513232359800963,0.024102413499265216,0.0006391758307844331,0.003420704,0.00029334,322.7349581224374,0.01005147,0.39492238,0.0003297831126753868,6.537114581057695,0.002118118728298372,0.000885517,34.722009874702856,75.62540808000189,137.58537372037352,85.97576836089658,1.7522480203100925,63.65461145530386,2.389530629097027,8.112869525254078
2083,0.0005110268482519553,8.488363639040197e-05,3.44E-05,1.50E-05,0.000121007,8.09E-05,3.51E-05,0.0010893108472103052,6.6088932331421795,0.00073407,0.0052391830584400285,0,3.81E-07,0.000132221,0.00235362,7.00E-08,0.75662489,0,0.036153247,1.32E-05,0.0001035,1.76E-05,0,0.002958509,1.76E-05,1.08E-06,0.1541465172995194,0.18583739725410123,0.05913505937007585,0.018611611032826013,0.003511503000321991,0.000294465345211714,0.00010799233453766793,0.02424496261635843,0.0006019061030419005,0.003444287,0.000293143,322.2979031216915,0.00993507,0.39035212,0.0003187832304940853,6.483389598826257,0.0020474828809153417,0.000875267,34.19171403226052,74.92296183271618,130.3719614349396,84.32887339739118,1.6650275439047675,63.397527918826576,2.124511600831258,8.195199467721498
2084,0.000505039355611886,8.388590829539724e-05,3.40E-05,1.49E-05,0.000119584,7.99E-05,3.47E-05,0.001076521604173228,6.315508420934506,0.00069476,0.005177843295719505,0,3.58E-07,0.00012765,0.00226136,6.00E-08,0.76180672,0,0.035394346,1.23E-05,9.99E-05,1.69E-05,0,0.002813129,1.60E-05,9.52E-07,0.15455754973372385,0.1871101252911935,0.059287611193365744,0.018599130299670613,0.003497113734897975,0.00029619820318652784,0.00010174484410986896,0.024387511733451644,0.0005664998616864945,0.00346787,0.000292947,321.8608480141112,0.00981867,0.38578186,0.00030778171966573296,6.429664616594819,0.001976847033532311,0.000865017,33.66141818981819,74.22051558543046,123.15854914950567,82.68197843388579,1.577807066360946,63.140444382349294,1.8594925714757042,8.277529402202216
2085,0.0004990518629718166,8.288818020039251e-05,3.36E-05,1.47E-05,0.000118162,7.90E-05,3.43E-05,0.0010637323611361509,6.022123608726835,0.00065545,0.005116502138881781,0,3.36E-07,0.000123078,0.0021691,5.00E-08,0.76698855,0,0.034635445,1.14E-05,9.63E-05,1.62E-05,0,0.002667748,1.43E-05,8.21E-07,0.15496858216792828,0.18838285332828578,0.05944016301665564,0.018586648258125116,0.0034827257309156547,0.00029793106116134176,9.549735368207e-05,0.024530060090898722,0.0005310936203310887,0.003491453,0.000292751,321.42379301336535,0.00970227,0.3812116,0.00029678183748443144,6.375939634363381,0.0019062111861492803,0.000854768,33.13112235729736,73.51806933814476,115.94513696401987,81.03508348069559,1.490586589955621,62.8833608356832,1.5944735421201506,8.359859336682934
2086,0.0004930643703317472,8.18904521053878e-05,3.32E-05,1.45E-05,0.00011674,7.80E-05,3.38E-05,0.0010509431180990736,5.7287387965191625,0.00061614,0.005055162376161259,0,3.14E-07,0.000118507,0.00207684,4.00E-08,0.77217038,0,0.033876544,1.06E-05,9.27E-05,1.54E-05,0,0.002522367,1.27E-05,6.90E-07,0.15537961460213273,0.18965558136537808,0.05959271483994555,0.018574166216579615,0.0034683364654916385,0.00029966391913615557,8.907136352776247e-05,0.024672609207991934,0.0004956873789756827,0.003515036,0.000292554,320.9867379057851,0.00958587,0.37664134,0.0002857803266560791,6.322214652131942,0.0018355753387662497,0.000844518,32.60082651485502,72.81562309085905,108.73172467858592,79.3881885171902,1.4033661135502957,62.62627729920592,1.3294545138543812,8.442189279150352
2087,0.00048707687769167793,8.089272401038307e-05,3.28E-05,1.43E-05,0.000115317,7.71E-05,3.34E-05,0.0010381538750619966,5.435353984311491,0.00057683,0.004993821219323534,0,2.91E-07,0.000113935,0.00198458,3.00E-08,0.77735221,0,0.033117643,9.67E-06,8.91E-05,1.47E-05,0,0.002376986,1.11E-05,5.58E-07,0.15579064703633716,0.19092830940247038,0.059745266663235444,0.018561685483424215,0.0034539472000676224,0.00030139677711096943,8.264537337345496e-05,0.02481515832508515,0.0004602811376202769,0.003538619,0.000292358,320.5496829050392,0.00946947,0.37207108,0.0002747804444747776,6.268489669900505,0.001764939491383219,0.000834269,32.070530672412694,72.11317684357334,101.51831239315199,77.7412935536848,1.3161456360064745,62.36919376272863,1.0644354844988277,8.52451921363107
2088,0.00048108938505160863,7.989499591537834e-05,3.24E-05,1.42E-05,0.000113895,7.61E-05,3.30E-05,0.0010253646320249193,5.141969172103819,0.00053752,0.00493248006248581,0,2.69E-07,0.000109364,0.00189232,2.00E-08,0.78253404,0,0.032358742,8.78E-06,8.55E-05,1.40E-05,0,0.002231606,9.52E-06,4.27E-07,0.15620167947054162,0.19220103743956268,0.05989781848652534,0.018549203441878718,0.003439559196085302,0.0003031296350857833,7.621938321914745e-05,0.024957707442178362,0.0004230114098777443,0.003562203,0.000292161,320.11262779745897,0.00935307,0.36750082,0.00026377893364642525,6.214764687669066,0.0016943036440001883,0.000824019,31.540234829970363,71.41073059628762,94.3049001476973,76.09439860049461,1.2289251596011492,62.11211021606253,0.7994164562330585,8.606849148111786
2089,0.0004751018924115392,7.889726782037361e-05,3.19E-05,1.40E-05,0.000112473,7.52E-05,3.26E-05,0.0010125778752326006,4.848584359896147,0.00049821,0.004871140299765287,0,2.46E-07,0.000104792,0.00180006,1.00E-08,0.78771587,0,0.031599841,7.89E-06,8.19E-05,1.33E-05,0,0.002086225,7.91E-06,2.96E-07,0.15661271190474604,0.19347376547665496,0.06005037030981524,0.018536722708723318,0.003425169930661286,0.00030486249306059716,6.979339306483994e-05,0.02510025579962544,0.0003876051685223384,0.003585786,0.000291965,319.6755727967131,0.00923667,0.36293056,0.0002527774228180729,6.161039705437627,0.0016236677966171577,0.000813769,31.00993898752803,70.70828434900193,87.09148788225299,74.44750363698921,1.1417046831958242,61.855026679585244,0.5343974268775048,8.689179090579207
2090,0.00046911439977146996,7.78995397253689e-05,3.15E-05,1.38E-05,0.00011105,7.42E-05,3.22E-05,0.0009997886321955233,4.555199547688475,0.0004589,0.004809799142927563,0,2.24E-07,0.000100221,0.0017078,0,0.7928977,0,0.03084094,7.00E-06,7.83E-05,1.26E-05,0,0.001940844,6.30E-06,1.64E-07,0.1570237443389505,0.19474649351374723,0.060202922133105144,0.018524240667177817,0.0034107819266789656,0.000306595351035411,6.336740291053243e-05,0.025242804916718653,0.00035219892716693244,0.003609369,0.000291768,319.23851768913283,0.00912027,0.3583603,0.00024177754063677137,6.10731472320619,0.0015530319492341271,0.00080352,30.479643155007196,70.00583811167365,79.87807561680867,72.80060867348382,1.0544842056520027,61.59794314310797,0.2693783986117357,8.771509025059924
2091,0.0004663183536801168,7.743904983536672e-05,3.14E-05,1.37E-05,0.000110394,7.38E-05,3.20E-05,0.000993853965957284,4.369872535655857,0.00043762,0.00478109426976191,0,2.02E-07,9.71E-05,0.00164769,1.20E-06,0.79134893,0,0.030486546,7.10E-06,7.58E-05,1.22E-05,0,0.001866795,7.76E-06,1.05E-06,0.15615502453536922,0.19436609360611187,0.059869670412544755,0.018381571193990785,0.0033736526518047226,0.0003055814005657358,5.7030662619479185e-05,0.025159344114825802,0.0003167926858115266,0.003602324,0.000289521,318.8471420708444,0.00906591,0.35622163,0.00023945183264818706,6.056504085269819,0.0015380791889654344,0.000798724,30.247631143918326,69.47329671075256,75.52777503297149,71.77949551701225,1.0120157905760132,61.392682869944544,0.14348784790543803,8.875078752659244
2092,0.0004635223075887636,7.697855994536452e-05,3.12E-05,1.36E-05,0.000109737,7.33E-05,3.18E-05,0.0009879168134742861,4.184545524646629,0.00041634,0.004752390790713458,0,1.79E-07,9.39E-05,0.00158758,2.40E-06,0.78980016,0,0.030132152,7.20E-06,7.34E-05,1.17E-05,0,0.001792746,9.22E-06,1.94E-06,0.15528630473178792,0.19398569369847649,0.05953641869198436,0.018238901720803752,0.0033365233769304795,0.00030456745009606047,5.069392232842594e-05,0.025075883312932954,0.0002813864444561207,0.003595279,0.000287274,318.4557663457217,0.00901155,0.35408296,0.0002371244960125519,6.005693448341053,0.0015231264286967418,0.000793928,30.01561913282946,68.94075531978893,71.17747443913947,70.75838237085588,0.9695473755000237,61.18742259678112,0.017597298288924913,8.978648480258563
2093,0.00046072626149741054,7.651807005536235e-05,3.10E-05,1.36E-05,0.000109081,7.29E-05,3.16E-05,0.0009819821472360469,3.999218512614012,0.00039506,0.004723685917547804,0,1.57E-07,9.07E-05,0.00152747,3.60E-06,0.78825139,0,0.029777758,7.30E-06,7.09E-05,1.12E-05,0,0.001718697,1.07E-05,2.82E-06,0.15441758492820665,0.1936052937908411,0.059203166971423984,0.01809623224761672,0.0032993941020562365,0.00030355349962638527,4.43571820373727e-05,0.024992422511040103,0.00024598020310071477,0.003588235,0.000285027,318.06439072743336,0.00895719,0.35194429,0.00023479878802396754,5.954882811412289,0.001508173668428049,0.000789132,29.78360712174059,68.40821392882529,66.82717384530746,69.73726921438433,0.9270789592855375,60.98216232361769,-0.10829325241737274,9.082218207857883
2094,0.0004579302154060574,7.605758016536016e-05,3.08E-05,1.35E-05,0.000108425,7.24E-05,3.14E-05,0.0009760474809978075,3.813891500581395,0.00037378,0.004694981044382152,0,1.34E-07,8.76E-05,0.00146736,4.80E-06,0.78670262,0,0.029423364,7.40E-06,6.84E-05,1.08E-05,0,0.001644647,1.21E-05,3.71E-06,0.15354886512462534,0.19322489388320577,0.05886991525086359,0.01795356277442969,0.0032622648271819934,0.00030253954915671,3.8020441746319454e-05,0.02490896170914725,0.00021057396174530886,0.00358119,0.000282779,317.6730151091449,0.00890283,0.34980562,0.00023247308003538324,5.904072174483524,0.0014932209081593563,0.000784336,29.55159511065172,67.87567252790421,62.476873251475446,68.71615605791277,0.8846105442095481,60.77690204026546,-0.23418380203388586,9.185787943443906
2095,0.0004551341693147043,7.559709027535799e-05,3.06E-05,1.34E-05,0.000107768,7.20E-05,3.13E-05,0.0009701128147595682,3.6285644895721663,0.0003525,0.004666276171216498,0,1.12E-07,8.44E-05,0.00140725,6.00E-06,0.78515385,0,0.02906897,7.50E-06,6.60E-05,1.04E-05,0,0.001570598,1.36E-05,4.60E-06,0.15268014532104407,0.19284449397557035,0.0585366635303032,0.017810894609632755,0.003225135552307751,0.0003015255986870347,3.1683701455266215e-05,0.024825500907254397,0.00017609946358346622,0.003574146,0.000280532,317.2816393840222,0.00884847,0.34766695,0.00023014574339974808,5.853261536547151,0.0014782681478906637,0.000779541,29.319583099562855,67.34313113694057,58.12657265764344,67.6950429014412,0.8421421291335586,60.57164176710204,-0.36007435165039897,9.289357671043224
2096,0.0004523381232233511,7.51366003853558e-05,3.04E-05,1.33E-05,0.000107112,7.16E-05,3.11E-05,0.0009641781485213289,3.4432374775395496,0.00033122,0.004637571298050845,0,8.96E-08,8.12E-05,0.00134714,7.20E-06,0.78360508,0,0.028714576,7.60E-06,6.35E-05,9.90E-06,0,0.001496549,1.51E-05,5.48E-06,0.1518114255174628,0.19246409406793497,0.05820341180974282,0.017668225136445722,0.0031880062774335078,0.0003005116482173595,2.534696116421297e-05,0.024742040105361546,0.000140879570866773,0.003567101,0.000278285,316.89026376573383,0.00879411,0.34552828,0.00022782003541116372,5.802450899618387,0.001463315387621971,0.000774745,29.087571098395475,66.81058974597693,53.776272063811426,66.67392974496964,0.7996737129190725,60.36638149393862,-0.4859649023566966,9.392927398642545
2097,0.000449542077131998,7.467611049535363e-05,3.02E-05,1.32E-05,0.000106455,7.11E-05,3.09E-05,0.0009582434822830894,3.257910465506933,0.00030994,0.004608867819002393,0,6.72E-08,7.81E-05,0.00128703,8.40E-06,0.78205631,0,0.028360182,7.70E-06,6.10E-05,9.45E-06,0,0.0014225,1.65E-05,6.37E-06,0.15094270571388152,0.19208369416029958,0.05787016008918243,0.017525555663258693,0.0031508770025592647,0.0002994976977476842,1.9010220873159727e-05,0.024658579303468698,0.00010565967815007974,0.003560057,0.000276038,316.49888804061106,0.00873975,0.34338961,0.0002254943274225794,5.751640262689622,0.0014483626273532782,0.000769949,28.85555908730661,66.27804834505585,49.425971469979416,65.65281659881327,0.757205297843083,60.16112122077519,-0.6118554519732098,9.496497126241863
2098,0.00044674603104064486,7.421562060535144e-05,3.01E-05,1.31E-05,0.000105799,7.07E-05,3.07E-05,0.0009523063298000918,3.072583454497704,0.00028866,0.004580162945836739,0,4.48E-08,7.49E-05,0.00122692,9.60E-06,0.78050754,0,0.028005788,7.80E-06,5.85E-05,9.00E-06,0,0.001348451,1.80E-05,7.26E-06,0.15007398591030022,0.19170329425266425,0.05753690836862203,0.01738288619007166,0.0031137477276850217,0.00029848374727800894,1.2673480582106485e-05,0.024575118501575847,7.04397854333865e-05,0.003553012,0.000273791,316.10751242232266,0.00868539,0.34125094,0.00022316699078694425,5.700829625760858,0.0014334098670845854,0.000765153,28.62354707621774,65.7455069540922,45.07567087614741,64.63170344234172,0.7147368827670934,59.95586094761177,-0.7377460015897229,9.600066853841184
2099,0.00044394998494929174,7.375513071534927e-05,2.99E-05,1.31E-05,0.000105142,7.02E-05,3.05E-05,0.0009463716635618525,2.887256442465087,0.00026738,0.004551458072671087,0,2.24E-08,7.17E-05,0.00116681,1.08E-05,0.77895877,0,0.027651394,7.90E-06,5.61E-05,8.55E-06,0,0.001274402,1.95E-05,8.14E-06,0.14920526610671894,0.19132289434502886,0.05720365664806166,0.017240216716884627,0.0030766184528107786,0.00029746979680833374,6.336740291053242e-06,0.024491657699682996,3.521989271669325e-05,0.003545968,0.000271543,315.7161368040343,0.00863103,0.33911227,0.00022084128279835995,5.650018988832092,0.0014184571068158929,0.000760357,28.39153506512887,65.21296556312856,40.725370282315396,63.610590285870146,0.6722684676911038,59.75060067444835,-0.8636365522960205,9.703636581440504
2100,0.0004411539388579386,7.329464082534709e-05,2.97E-05,1.30E-05,0.000104486,6.98E-05,3.03E-05,0.000940436997323613,2.70192943043247,0.0002461,0.004522753199505434,0,0,6.86E-05,0.0011067,1.20E-05,0.77741,0,0.027297,8.00E-06,5.36E-05,8.10E-06,0,0.001200353,2.09E-05,9.03E-06,0.14833654630313767,0.19094249443739347,0.05687040492750126,0.017097547243697594,0.0030394891779365356,0.00029645584633865844,0.0,0.024408196897790144,0.0,0.003538923,0.000269296,315.3247610789115,0.00857667,0.3369736,0.0002185155748097756,5.599208350895721,0.0014035043465471999,0.000755562,28.159523054040005,64.68042416220749,36.37506968848339,62.58947712939858,0.6298000514766178,59.545340401284925,-0.9895271019125336,9.807206309039824
2101,0.0004382129125988857,7.280619262059479e-05,2.95E-05,1.29E-05,0.000103789,6.93E-05,3.01E-05,0.0009341666880429932,2.701775576254483,0.000244459,0.004492601232685291,0,0,6.81E-05,0.001099322,1.19E-05,0.770582881,0,0.025108855,7.95E-06,5.32E-05,8.05E-06,0,0.00119235,2.08E-05,8.97E-06,0.14734763604189616,0.18966954406043682,0.05649126912706867,0.016983564223433525,0.0030192253785351684,0.0002944794740297341,0.0,0.0242454753775016,0.0,0.00351533,0.000267501,314.09224625304796,0.007818907,0.306222143,0.00021705793569928332,5.5924982324185954,0.0013941482414549053,0.000750525,27.969086412807464,64.269814727713,35.280748213264424,62.03639869661632,0.6188680219456009,59.44539713087158,-1.0174058701502358,9.741824937107129
2102,0.0004352718863398328,7.231719621359246e-05,2.93E-05,1.28E-05,0.000103093,6.89E-05,2.99E-05,0.0009278988650071317,2.7016217220764953,0.000242819,0.004462450659982348,0,0,6.77E-05,0.001091944,1.18E-05,0.763755761,0,0.022920709,7.89E-06,5.29E-05,7.99E-06,0,0.001184348,2.07E-05,8.91E-06,0.14635872578065467,0.18839659492560226,0.056112132629383825,0.016869579894779354,0.0029989615791338018,0.0002925031017208097,0.0,0.02408275461685919,0.0,0.003491737,0.000265705,312.85973132034997,0.007061145,0.275470687,0.00021560192523584185,5.585788112933864,0.0013847903647085506,0.000745488,27.778649771574923,63.85920529321849,34.186426738045455,61.483320263834045,0.6079359912760874,59.34545386045822,-1.0452846383879382,9.676443557187733
2103,0.00043233086008077985,7.182874800884015e-05,2.91E-05,1.27E-05,0.000102396,6.84E-05,2.97E-05,0.0009216285557265118,2.7014678668751197,0.000241178,0.004432298693162205,0,0,6.72E-05,0.001084566,1.18E-05,0.756928642,0,0.020732564,7.84E-06,5.25E-05,7.94E-06,0,0.001176345,2.05E-05,8.85E-06,0.1453698155194132,0.18712364454864558,0.055732996828951234,0.016755596874515288,0.00297869904117413,0.00029052672941188527,0.0,0.023920033096570644,0.0,0.003468145,0.00026391,311.62721649448645,0.006303382,0.24471923,0.00021414428612534958,5.579077993449132,0.001375434259616256,0.00074045,27.58821312042089,63.44859585872399,33.0921052728213,60.930241820736576,0.5970039617450704,59.24551057985606,-1.0731634055358559,9.611062185255038
2104,0.0004293898338217269,7.134029980408784e-05,2.89E-05,1.26E-05,0.000101699,6.79E-05,2.95E-05,0.0009153582464458919,2.7013140126971327,0.000239537,0.004402146726342062,0,0,6.67E-05,0.001077188,1.17E-05,0.750101523,0,0.018544419,7.79E-06,5.22E-05,7.88E-06,0,0.001168343,2.04E-05,8.79E-06,0.1443809052581717,0.18585069417168892,0.05535386102851866,0.016641612545861117,0.002958435241772763,0.0002885503571029609,0.0,0.023757311576282098,0.0,0.003444552,0.000262115,310.39470156178845,0.005545619,0.213967773,0.00021268827566190814,5.5723678739644,0.0013660781545239615,0.000735413,27.397776479188348,63.03798642422949,31.997783797602334,60.377163387954305,0.586071931075557,59.14556730944271,-1.1010421737735583,9.545680813322342
2105,0.000426448807562674,7.085130339708552e-05,2.87E-05,1.25E-05,0.000101003,6.75E-05,2.93E-05,0.000909087937165272,2.701160158519145,0.000237897,0.004371994759521919,0,0,6.63E-05,0.00106981,1.16E-05,0.743274403,0,0.016356274,7.73E-06,5.18E-05,7.83E-06,0,0.001160341,2.02E-05,8.73E-06,0.14339199499693023,0.1845777450368544,0.0549747245308338,0.016527629525597047,0.0029381727038130918,0.0002865739847940365,0.0,0.023594590055993556,0.0,0.003420959,0.00026032,309.1621867359249,0.004787857,0.183216317,0.00021123063655141582,5.565657755487274,0.0013567202777776065,0.000730376,27.207339837955807,62.627376989735,30.903462322383366,59.82408495517204,0.5751399004060436,59.04562403902936,-1.1289209420112605,9.480299433402946
2106,0.0004235077813036211,7.036285519233321e-05,2.85E-05,1.25E-05,0.000100306,6.70E-05,2.91E-05,0.0009028201141294106,2.701006303317769,0.000236256,0.004341842792701776,0,0,6.58E-05,0.001062432,1.15E-05,0.736447284,0,0.014168128,7.68E-06,5.15E-05,7.78E-06,0,0.001152338,2.01E-05,8.67E-06,0.14240308473568875,0.1833047946598977,0.05459558873040121,0.016413645196942876,0.0029179089044117246,0.0002845976124851121,0.0,0.023431869295351147,0.0,0.003397366,0.000258524,307.929671803227,0.004030094,0.15246486,0.0002097746260879744,5.558947636002543,0.001347364172685312,0.000725339,27.016903186801773,62.216767555240494,29.80914085715921,59.271006512074564,0.5642078708750266,58.94568076861601,-1.1567997091591784,9.414918061470251
2107,0.0004205667550445681,6.987440698758089e-05,2.83E-05,1.24E-05,9.96E-05,6.65E-05,2.89E-05,0.0008965498048487907,2.7008524491397825,0.000234615,0.004311692219998834,0,0,6.54E-05,0.001055054,1.14E-05,0.729620165,0,0.011979983,7.63E-06,5.11E-05,7.72E-06,0,0.001144336,2.00E-05,8.61E-06,0.14141417447444726,0.18203184428294106,0.05421645292996863,0.01629966217667881,0.002897646366452053,0.00028262124017618774,0.0,0.023269147775062605,0.0,0.003373773,0.000256729,306.69715697736336,0.003272331,0.121713403,0.00020831698697748214,5.5522375165178115,0.0013380080675930175,0.000720302,26.826466545569232,61.80615812074599,28.71481938194025,58.7179280792923,0.5532758402055131,58.845737488013846,-1.1846784773968806,9.349536681550855
2108,0.0004176257287855152,6.938541058057857e-05,2.81E-05,1.23E-05,9.89E-05,6.61E-05,2.87E-05,0.0008902794955681708,2.700698594961795,0.000232975,0.004281540253178691,0,0,6.49E-05,0.001047676,1.14E-05,0.722793045,0,0.009791838,7.57E-06,5.07E-05,7.67E-06,0,0.001136334,1.98E-05,8.55E-06,0.1404252635015143,0.18075889514810653,0.053837316432283774,0.01618567784802464,0.0028773825670506863,0.0002806448678672634,0.0,0.02310642625477406,0.0,0.00335018,0.000254934,305.4646420446655,0.002514569,0.090961947,0.00020686097651404067,5.545527397033079,0.0013286501908466625,0.000715265,26.636029904336695,61.3955486862515,27.62049790672128,58.164849646510035,0.5423438106744962,58.7457942176005,-1.212557245634583,9.28415530961816
2109,0.00041468470252646226,6.889696237582626e-05,2.79E-05,1.22E-05,9.82E-05,6.56E-05,2.85E-05,0.0008840116725323093,2.7005447407838075,0.000231334,0.004251388286358548,0,0,6.45E-05,0.001040298,1.13E-05,0.715965926,0,0.007603693,7.52E-06,5.04E-05,7.61E-06,0,0.001128331,1.97E-05,8.49E-06,0.1394363532402728,0.17948594477114987,0.05345818063185119,0.01607169482776057,0.002857118767649319,0.0002786684955583389,0.0,0.022943704734485513,0.0,0.003326588,0.000253138,304.2321272188019,0.001756806,0.06021049,0.0002054049660505992,5.538817278555953,0.001319294085754368,0.000710228,26.445593263104154,60.984939251757,26.526176441497125,57.611771203412566,0.5314117800049828,58.64585094718715,-1.2404360127825007,9.218773929698765
2110,0.0004117436762674093,6.840851417107396e-05,2.77E-05,1.21E-05,9.75E-05,6.51E-05,2.83E-05,0.0008777413632516894,2.700390885582432,0.000229693,0.004221236319538404,0,0,6.40E-05,0.00103292,1.12E-05,0.709138807,0,0.005415547,7.47E-06,5.00E-05,7.56E-06,0,0.001120329,1.95E-05,8.43E-06,0.13844744297903133,0.1782129943941932,0.0530790448314186,0.015957710499106402,0.0028368562296896475,0.00027669212324941457,0.0,0.022780983973843105,0.0,0.003302995,0.000251343,302.99961228610397,0.000999043,0.029459033,0.00020394732694010694,5.532107159071222,0.0013099379806620734,0.000705191,26.25515661195012,60.574329817262495,25.43185496627816,57.058692770630294,0.5204797493354694,58.54590766658498,-1.2683147810202031,9.15339255776607
2111,0.00040880265000835643,6.791951776407163e-05,2.75E-05,1.20E-05,9.68E-05,6.47E-05,2.81E-05,0.0008714710539710695,2.700237031404445,0.000228053,0.004191084352718261,0,0,6.35E-05,0.001025542,1.11E-05,0.702311687,0,0.003227402,7.41E-06,4.97E-05,7.51E-06,0,0.001112327,1.94E-05,8.37E-06,0.13745853271778985,0.17694004525935866,0.052699908333733746,0.015843727478842332,0.002816592430288281,0.0002747157509404902,0.0,0.02261826245355456,0.0,0.003279402,0.000249548,301.7670974602404,0.000241281,-0.001292423,0.00020249131647666552,5.52539703958649,0.0013005801039157187,0.000700154,26.06471997071758,60.163720372810566,24.33753349105919,56.50561433784803,0.5095477198044523,58.445964396171625,-1.2961935492579053,9.088011185833375
2112,0.0004058616237493035,6.743106955931932e-05,2.73E-05,1.19E-05,9.61E-05,6.42E-05,2.79E-05,0.0008652007446904496,2.7000831772264573,0.000226412,0.004160933780015319,0,0,6.31E-05,0.001018164,1.10E-05,0.695484568,0,0.001039257,7.36E-06,4.93E-05,7.45E-06,0,0.001104324,1.93E-05,8.31E-06,0.13646962245654834,0.175667094882402,0.05232077253330116,0.01572974315018816,0.002796329892328609,0.00027273937863156575,0.0,0.022455540933266013,0.0,0.003255809,0.000247752,300.5345826343768,-0.000516482,-0.03204388,0.0002010336773661732,5.518686920101758,0.001291223998823424,0.000695117,25.874283329485035,59.75311093831607,23.243212025835035,55.952535894750554,0.498615689134939,58.34602112575828,-1.3240723164058232,9.022629805913978
2113,0.0004029205974902506,6.694262135456701e-05,2.71E-05,1.19E-05,9.54E-05,6.38E-05,2.77E-05,0.0008589329216545882,2.6999293220250817,0.000224771,0.004130781813195176,0,0,6.26E-05,0.001010786,1.10E-05,0.688657449,0,-0.001148888,7.31E-06,4.90E-05,7.40E-06,0,0.001096322,1.91E-05,8.25E-06,0.13548071219530686,0.17439414450544533,0.05194163673286857,0.015615760129924093,0.002776066092927242,0.0002707630063226414,0.0,0.022292820172623608,0.0,0.003232216,0.000245957,299.3020677016789,-0.001274245,-0.062795337,0.00019957766690273176,5.511976801624632,0.0012818678937311294,0.00069008,25.683846678331005,59.34250150382157,22.14889055061607,55.39945746196829,0.48768365960392196,58.24607785534493,-1.3519510846435254,8.957248433981283
2114,0.00039997957123119767,6.64536249475647e-05,2.69E-05,1.18E-05,9.47E-05,6.33E-05,2.75E-05,0.0008526626123739683,2.699775467847094,0.000223131,0.004100629846375033,0,0,6.22E-05,0.001003408,1.09E-05,0.681830329,0,-0.003337034,7.25E-06,4.86E-05,7.34E-06,0,0.00108832,1.90E-05,8.19E-06,0.13449180193406537,0.17312119537061077,0.05156250023518373,0.015501775801269926,0.0027558035549675713,0.00026878663401371704,0.0,0.022130098652335062,0.0,0.003208624,0.000244162,298.0695528758153,-0.002032007,-0.093546793,0.00019812002779223946,5.505266682139901,0.0012725100169847746,0.000685043,25.493410037098464,58.93189206932707,21.054569075397104,54.84637902918602,0.4767516289344086,58.14613457474277,-1.3798298528812276,8.891867054061887
2115,0.0003970385449721447,6.596517674281238e-05,2.67E-05,1.17E-05,9.40E-05,6.28E-05,2.73E-05,0.0008463923030933484,2.6996216136691076,0.00022149,0.00407047787955489,0,0,6.17E-05,0.00099603,1.08E-05,0.67500321,0,-0.005525179,7.20E-06,4.82E-05,7.29E-06,0,0.001080317,1.88E-05,8.13E-06,0.1335028916728239,0.17184824499365411,0.05118336443475114,0.015387792781005855,0.0027355397555662037,0.0002668102617047926,0.0,0.021967377132046516,0.0,0.003185031,0.000242366,296.8370379431174,-0.00278977,-0.12429825,0.00019666401732879802,5.498556562655169,0.00126315391189248,0.000680006,25.302973395865923,58.52128263483257,19.96024761017295,54.293300586088556,0.46581959826489516,58.04619130432941,-1.4077086200291455,8.826485682129192
2116,0.00039409751871309184,6.547672853806007e-05,2.65E-05,1.16E-05,9.33E-05,6.24E-05,2.71E-05,0.000840124480057487,2.69946775949112,0.000219849,0.004040325912734747,0,0,6.13E-05,0.000988652,1.07E-05,0.668176091,0,-0.007713324,7.15E-06,4.79E-05,7.24E-06,0,0.001072315,1.87E-05,8.07E-06,0.1325139814115824,0.17057529461669743,0.050804228634318556,0.015273808452351687,0.0027152759561648366,0.0002648338893958682,0.0,0.021804655611757973,0.0,0.003161438,0.000240571,295.6045231172538,-0.003547533,-0.155049707,0.00019520637821830576,5.491846443170437,0.0012537978068001855,0.000674968,25.112536754633382,58.11067320033808,18.86592613495398,53.740222153306284,0.4548875687338782,57.94624803391606,-1.4355873882668477,8.761104302209796
2117,0.0003911564924540389,6.498773213105776e-05,2.63E-05,1.15E-05,9.26E-05,6.19E-05,2.69E-05,0.000833854170776867,2.699313904289744,0.000218209,0.004010175340031805,0,0,6.08E-05,0.000981274,1.06E-05,0.661348971,0,-0.00990147,7.09E-06,4.75E-05,7.18E-06,0,0.001064313,1.86E-05,8.01E-06,0.13152507115034093,0.16930234548186293,0.0504250921366337,0.015159825432087616,0.002695013418205166,0.00026285751708694387,0.0,0.021641934851115565,0.0,0.003137845,0.000238776,294.3720081845559,-0.004305295,-0.185801163,0.0001937503677548643,5.485136323685705,0.0012444399300538306,0.000669931,24.922100103479348,57.70006376584358,17.771604659735015,53.18714372052402,0.44395553806436483,57.846304763502715,-1.4634661565045501,8.695722930277102
2118,0.00038821546619498596,6.449928392630543e-05,2.61E-05,1.14E-05,9.19E-05,6.14E-05,2.67E-05,0.0008275838614962472,2.699160050111757,0.000216568,0.003980023373211661,0,0,6.03E-05,0.000973896,1.06E-05,0.654521852,0,-0.012089615,7.04E-06,4.72E-05,7.13E-06,0,0.00105631,1.84E-05,7.95E-06,0.13053616088909945,0.16802939510490625,0.05004595633620111,0.015045841103433448,0.0026747496188037983,0.0002608811447780194,0.0,0.02147921333082702,0.0,0.003114252,0.000236981,293.13949335869233,-0.005063058,-0.21655262,0.00019229272864437202,5.47842620520858,0.001235083824961536,0.000664894,24.73166346224681,57.28945433134908,16.67728319451086,52.63406527742655,0.4330235085333478,57.746361482900554,-1.4913449236524678,8.630341550357704
2119,0.00038527443993593307,6.401083572155312e-05,2.59E-05,1.13E-05,9.13E-05,6.10E-05,2.65E-05,0.0008213160384603856,2.6990061959337694,0.000214927,0.003949871406391519,0,0,5.99E-05,0.000966518,1.05E-05,0.647694733,0,-0.01427776,6.99E-06,4.68E-05,7.07E-06,0,0.001048308,1.83E-05,7.89E-06,0.12954725062785793,0.16675644472794957,0.04966682053576853,0.014931858083169377,0.002654487080844127,0.00025890477246909505,0.0,0.021316491810538473,0.0,0.003090659,0.000235185,291.9069784259944,-0.005820821,-0.247304077,0.00019083671818093058,5.471716085723848,0.0012257277198692415,0.000659857,24.54122682101427,56.878844896854574,15.582961719291895,52.08098684464428,0.4220914778638344,57.6464182124872,-1.5192236918901703,8.56496017842501
2120,0.00038233341367688013,6.35218393145508e-05,2.57E-05,1.12E-05,9.06E-05,6.05E-05,2.63E-05,0.0008150457291797659,2.698852340732394,0.000213287,0.003919719439571376,0,0,5.94E-05,0.00095914,1.04E-05,0.640867613,0,-0.016465905,6.93E-06,4.65E-05,7.02E-06,0,0.001040306,1.81E-05,7.83E-06,0.12855834036661645,0.16548349559311507,0.04928768403808367,0.01481787375451521,0.0026342232814427595,0.0002569284001601707,0.0,0.021153770290249927,0.0,0.003067067,0.00023339,290.6744636001308,-0.006578583,-0.278055533,0.0001893790790704383,5.465005966239116,0.0012163698431228865,0.00065482,24.350790169860236,56.468235462360084,14.488640244072927,51.527908411862015,0.41115944719432096,57.54647494207385,-1.5471024601278724,8.499578806492314
2121,0.0003793923874178272,6.30333911097985e-05,2.55E-05,1.12E-05,8.99E-05,6.00E-05,2.61E-05,0.0008087754198991459,2.698698486554407,0.000211646,0.0038895674727512327,0,0,5.90E-05,0.000951762,1.03E-05,0.634040494,0,-0.018654051,6.88E-06,4.61E-05,6.97E-06,0,0.001032303,1.80E-05,7.77E-06,0.12756943010537497,0.16421054521615838,0.04890854823765109,0.014703890734251138,0.0026139607434830887,0.00025495202785124623,0.0,0.02099104952960752,0.0,0.003043474,0.000231595,289.4419486674328,-0.007336346,-0.30880699,0.00018792306860699684,5.458295846754384,0.001207013738030592,0.000649783,24.16035352862769,56.05762601790815,13.394318778848774,50.97482996876454,0.400227417663304,57.4465316716605,-1.5749812283655746,8.434197426572918
2122,0.0003764513611587743,6.254494290504619e-05,2.53E-05,1.11E-05,8.92E-05,5.96E-05,2.59E-05,0.0008025051106185261,2.6985446323764193,0.000210005,0.0038594169000482907,0,0,5.85E-05,0.000944384,1.02E-05,0.627213375,0,-0.020842196,6.83E-06,4.57E-05,6.91E-06,0,0.001024301,1.79E-05,7.71E-06,0.1265805198441335,0.1629375948392017,0.0485294124372185,0.01458990640559697,0.002593696944081721,0.0002529756555423219,0.0,0.020828328009318976,0.0,0.003019881,0.000229799,288.2094338415693,-0.008094109,-0.339558447,0.0001864670581435554,5.451585728277259,0.0011976576329382975,0.000644746,23.96991688739515,55.64701658341365,12.299997303629805,50.421751535982274,0.38929538699379057,57.34658839105834,-1.6028599955134926,8.368816054640224
2123,0.00037351033489972136,6.205594649804387e-05,2.51E-05,1.10E-05,8.85E-05,5.91E-05,2.57E-05,0.0007962372875826645,2.6983907771750437,0.000208365,0.0038292649332281477,0,0,5.81E-05,0.000937006,1.02E-05,0.620386255,0,-0.023030341,6.77E-06,4.54E-05,6.86E-06,0,0.001016298,1.77E-05,7.64E-06,0.12559160887120052,0.1616646457043672,0.048150275939533645,0.014475923385332901,0.002573433144680354,0.0002509992832333975,0.0,0.02066560648903043,0.0,0.002996288,0.000228004,286.97691890887137,-0.008851871,-0.370309903,0.0001850094190330631,5.444875608792527,0.0011882997561919427,0.000639709,23.77948024616261,55.23640714891915,11.20567582841084,49.8686731032,0.3783633574627736,57.246645120644985,-1.6307387637511948,8.303434674720826
2124,0.0003705693086406684,6.156749829329156e-05,2.49E-05,1.09E-05,8.78E-05,5.86E-05,2.55E-05,0.0007899669783020445,2.6982369229970566,0.000206724,0.0037991129664080043,0,0,5.76E-05,0.000929628,1.01E-05,0.613559136,0,-0.025218486,6.72E-06,4.50E-05,6.80E-06,0,0.001008296,1.76E-05,7.58E-06,0.12460269860995904,0.16039169532741052,0.04777114013910107,0.014361939056678734,0.0025531706067206832,0.0002490229109244731,0.0,0.020502885728388022,0.0,0.002972695,0.000226209,285.7444040830078,-0.009609634,-0.40106136,0.00018355340856962167,5.438165489307795,0.0011789436510996482,0.000634672,23.58904359500858,54.82579771442465,10.111354363186686,49.31559466010254,0.3674313267932602,57.146701850231636,-1.658617531988897,8.238053302788131
2125,0.0003676282823816155,6.107905008853924e-05,2.47E-05,1.08E-05,8.71E-05,5.82E-05,2.53E-05,0.0007836966690214248,2.698083068819069,0.000205083,0.0037689609995878613,0,0,5.71E-05,0.00092225,1.00E-05,0.606732017,0,-0.027406632,6.67E-06,4.47E-05,6.75E-06,0,0.001000294,1.74E-05,7.52E-06,0.12361378834871756,0.15911874495045386,0.04739200433866848,0.014247956036414662,0.0025329068073193157,0.0002470465386155487,0.0,0.02034016420809948,0.0,0.002949103,0.000224413,284.51188915030986,-0.010367397,-0.431812817,0.00018209576945912937,5.4314553698230625,0.0011695875460073534,0.000629635,23.39860695377604,54.415188279930156,9.017032887967718,48.76251622732027,0.3564992961237468,57.046758569629475,-1.6864962991368149,8.172671922868735
2126,0.00036468725612256254,6.059005368153693e-05,2.45E-05,1.07E-05,8.64E-05,5.77E-05,2.50E-05,0.0007774288459855632,2.6979292146410816,0.000203443,0.003738809032767718,0,0,5.67E-05,0.000914872,9.92E-06,0.599904897,0,-0.029594777,6.61E-06,4.43E-05,6.70E-06,0,0.000992291,1.73E-05,7.46E-06,0.12262487808747606,0.1578457958156193,0.04701286784098363,0.014133973016150592,0.0025126442693596445,0.00024507016630662435,0.0,0.020177442687810934,0.0,0.00292551,0.000222618,283.2793743244463,-0.011125159,-0.462564273,0.00018063975899568793,5.4247452513459375,0.0011602296692609987,0.000624598,23.208170312543498,54.00457884543565,7.922711416746677,48.209437794538005,0.3455672665927298,56.94681529921613,-1.714375067374517,8.10729055093604
2127,0.00036174622986350966,6.0101605476784615e-05,2.44E-05,1.06E-05,8.57E-05,5.72E-05,2.48E-05,0.0007711585367049435,2.6977753594397065,0.000201802,0.003708658460064776,0,0,5.62E-05,0.000907494,9.84E-06,0.593077778,0,-0.031782922,6.56E-06,4.40E-05,6.64E-06,0,0.000984289,1.72E-05,7.40E-06,0.12163596782623458,0.15657284543866262,0.04663373204055104,0.014019988687496423,0.002492380469958278,0.00024309379399769994,0.0,0.020014721167522384,0.0,0.002901917,0.000220823,282.0468594985827,-0.011882922,-0.49331573,0.00017918211988519566,5.418035131861206,0.0011508735641687041,0.000619561,23.017733661389464,53.593969410941156,6.828389944526154,47.65635935144053,0.33463523592321637,56.84687202880277,-1.7422538356122195,8.041909179003346
2128,0.0003588052036044567,5.96131572720323e-05,2.42E-05,1.06E-05,8.50E-05,5.68E-05,2.46E-05,0.0007648882274243235,2.697621505261719,0.000200161,0.003678506493244633,0,0,5.58E-05,0.000900116,9.76E-06,0.586250659,0,-0.033971067,6.51E-06,4.36E-05,6.59E-06,0,0.000976287,1.70E-05,7.34E-06,0.12064705756499311,0.155299895061706,0.04625459624011845,0.013906005667232353,0.002472117931998606,0.00024111742168877553,0.0,0.01985200040687998,0.0,0.002878324,0.000219027,280.81434456588477,-0.012640685,-0.524067187,0.0001777261094217542,5.411325012376474,0.0011415174590764096,0.000614524,22.827297020156927,53.18335997644666,5.734068472305631,47.103280918658264,0.32370320639219935,56.74692875838942,-1.7701326027601372,7.97652779988262
2129,0.0003558641773454038,5.912416086502998e-05,2.40E-05,1.05E-05,8.43E-05,5.63E-05,2.44E-05,0.0007586179181437037,2.6974676510837314,0.000198521,0.00364835452642449,0,0,5.53E-05,0.000892738,9.68E-06,0.579423539,0,-0.036159213,6.45E-06,4.32E-05,6.53E-06,0,0.000968284,1.69E-05,7.28E-06,0.11965814730375161,0.15402694592687144,0.0458754597424336,0.013792021338578184,0.002451854132597239,0.00023914104937985115,0.0,0.019689278886591433,0.0,0.002854731,0.000217232,279.58182974002125,-0.013398447,-0.554818643,0.00017626847031126193,5.4046148928917415,0.0011321595823300546,0.000609486,22.636860378924386,52.77275054195216,4.639747001084589,46.55020248587599,0.312771175722686,56.64698547778726,-1.7980113709978396,7.911146424755244
2130,0.0003529231510863509,5.863571266027768e-05,2.38E-05,1.04E-05,8.36E-05,5.58E-05,2.42E-05,0.0007523500951078421,2.697313795882356,0.00019688,0.003618202559604347,0,0,5.49E-05,0.00088536,9.60E-06,0.57259642,0,-0.038347358,6.40E-06,4.29E-05,6.48E-06,0,0.000960282,1.67E-05,7.22E-06,0.11866923704251013,0.15275399554991478,0.04549632394200101,0.013678038318314116,0.002431590333195872,0.00023716467707092677,0.0,0.019526557366302887,0.0,0.002831138,0.000215437,278.34931480732325,-0.01415621,-0.5855701,0.00017481245984782049,5.3979047744146165,0.00112280347723776,0.000604449,22.446423727770348,52.36214110745766,3.545425528864066,45.99712404277852,0.30183914505317255,56.54704220737391,-1.8258901392355418,7.845765048829199
2131,0.00034998212482729795,5.814726445552536e-05,2.36E-05,1.03E-05,8.29E-05,5.54E-05,2.40E-05,0.0007460797858272222,2.6971599417043683,0.000195239,0.003588050592784204,0,0,5.44E-05,0.000877982,9.52E-06,0.565769301,0,-0.040535503,6.35E-06,4.25E-05,6.43E-06,0,0.00095228,1.66E-05,7.16E-06,0.11768032678126863,0.1514810451729581,0.045117188141568426,0.013564053989659946,0.0024113277952362007,0.00023518830476200236,0.0,0.01936383584601434,0.0,0.002807546,0.000213642,277.1167999814597,-0.014913973,-0.616321557,0.0001733548207373282,5.391194654929885,0.0011134473721454655,0.000599412,22.255987086537807,51.95153167296316,2.4511040566435427,45.44404560999625,0.2909071155221556,56.44709893696056,-1.8537689063834597,7.780383673701823
2132,0.000347041098568245,5.7658268048523044e-05,2.34E-05,1.02E-05,8.22E-05,5.49E-05,2.38E-05,0.0007398094765466024,2.6970060875263813,0.000193599,0.0035579000200812614,0,0,5.39E-05,0.000870604,9.44E-06,0.558942181,0,-0.042723649,6.29E-06,4.22E-05,6.37E-06,0,0.000944277,1.65E-05,7.10E-06,0.11669141652002715,0.15020809603812357,0.04473805164388357,0.013450070969395878,0.0023910639958348336,0.00023321193245307798,0.0,0.019201115085371936,0.0,0.002783953,0.000211846,275.88428504876174,-0.015671735,-0.647073013,0.00017189881027388675,5.384484535445153,0.0011040894953991106,0.000594375,22.065550445305266,51.54092222851123,1.3567825844230197,44.890967177213994,0.27997508485264216,56.34715566654721,-1.881647674621162,7.715002298574448
2133,0.0003441000723091921,5.7169819843770727e-05,2.32E-05,1.01E-05,8.15E-05,5.44E-05,2.36E-05,0.0007335416535107408,2.6968522323250057,0.000191958,0.003527748053261119,0,0,5.35E-05,0.000863226,9.36E-06,0.552115062,0,-0.044911794,6.24E-06,4.18E-05,6.32E-06,0,0.000936275,1.63E-05,7.04E-06,0.11570250625878566,0.14893514566116692,0.04435891584345098,0.013336086640741707,0.0023708014578751623,0.0002312355601441536,0.0,0.01903839356508339,0.0,0.00276036,0.000210051,274.65177022289816,-0.016429498,-0.67782447,0.00017044117116339446,5.37777441596042,0.001094733390306816,0.000589338,21.875113804072726,51.13031279401673,0.2624611132019781,44.33788873411652,0.2690430553216252,56.24721238594505,-1.909526442858864,7.649620922648402
2134,0.0003411590460501392,5.6681371639018416e-05,2.30E-05,1.00E-05,8.08E-05,5.40E-05,2.34E-05,0.000727271344230121,2.696698378147018,0.000190317,0.0034975960864409754,0,0,5.30E-05,0.000855848,9.28E-06,0.545287943,0,-0.047099939,6.19E-06,4.15E-05,6.26E-06,0,0.000928273,1.62E-05,6.98E-06,0.11471359599754419,0.14766219528421023,0.043979780043018404,0.013222103620477639,0.0023505376584737952,0.0002292591878352292,0.0,0.018875672044794845,0.0,0.002736767,0.000208256,273.4192552902003,-0.017187261,-0.708575927,0.00016898516069995301,5.371064297483296,0.0010853772852145215,0.000584301,21.684677152918695,50.719703359522235,-0.8318603590185449,43.784810301334254,0.2581110246521118,56.1472691155317,-1.937405210006782,7.584239547521027
2135,0.0003382180197910863,5.6192375232016106e-05,2.28E-05,9.95E-06,8.01E-05,5.35E-05,2.32E-05,0.0007210010349495011,2.696544523969031,0.000188677,0.0034674441196208324,0,0,5.26E-05,0.00084847,9.20E-06,0.538460823,0,-0.049288084,6.13E-06,4.11E-05,6.21E-06,0,0.00092027,1.60E-05,6.92E-06,0.1137246857363027,0.1463892461493757,0.043600643545333544,0.01310811929182347,0.0023302751205141236,0.0002272828155263048,0.0,0.018712951284152436,0.0,0.002713174,0.00020646,272.18674046433665,-0.017945023,-0.739327383,0.00016752752158946072,5.364354177998564,0.0010760194084681667,0.000579264,21.494240511686154,50.30909392502773,-1.9261818312390682,43.23173186855198,0.24717899398259838,56.04732584511835,-1.9652839782444842,7.518858172393651
2136,0.00033527699353203336,5.570392702726379e-05,2.26E-05,9.86E-06,7.94E-05,5.30E-05,2.30E-05,0.0007147332119136396,2.696390669791044,0.000187036,0.0034372921528006894,0,0,5.21E-05,0.000841092,9.12E-06,0.531633704,0,-0.05147623,6.08E-06,4.07E-05,6.16E-06,0,0.000912268,1.59E-05,6.86E-06,0.11273577547506121,0.14511629577241902,0.04322150774490096,0.0129941362715594,0.0023100113211127564,0.00022530644321738043,0.0,0.01855022976386389,0.0,0.002689581,0.000204665,270.95422553163877,-0.018702786,-0.77007884,0.00016607151112601928,5.357644058513832,0.0010666633033758722,0.000574227,21.303803870453613,49.898484490533235,-3.0205033024601096,42.67865342545451,0.23624696445158136,55.94738256451618,-1.9931627464821866,7.453476796467606
2137,0.0003323359672729804,5.521547882251147e-05,2.24E-05,9.77E-06,7.87E-05,5.26E-05,2.28E-05,0.0007084629026330197,2.696236814589668,0.000185395,0.0034071415800977474,0,0,5.17E-05,0.000833714,9.04E-06,0.524806585,0,-0.053664375,6.03E-06,4.04E-05,6.10E-06,0,0.000904266,1.58E-05,6.80E-06,0.11174686521381973,0.14384334539546237,0.042842371944468376,0.01288015194290523,0.0022897475217113893,0.00022333007090845602,0.0,0.018387508243575344,0.0,0.002665989,0.00020287,269.7217107057752,-0.019460549,-0.800830297,0.00016461550066257784,5.350933939029099,0.0010573071982835774,0.00056919,21.11336721929958,49.48787505603874,-4.114824774680632,42.12557499267224,0.22531493378206796,55.847439294102834,-2.021041513630104,7.38809542134023
2138,0.00032939494101392753,5.4710584550259085e-05,2.22E-05,9.69E-06,7.80E-05,5.21E-05,2.26E-05,0.0007021925933523998,2.696082960411681,0.000183755,0.003376989613277604,0,0,5.12E-05,0.000826336,8.96E-06,0.517979465,0,-0.05585252,5.97E-06,4.00E-05,6.05E-06,0,0.000896263,1.56E-05,6.74E-06,0.11075795424088675,0.14257039626062784,0.04246323544678352,0.012766168922641161,0.002269484983751718,0.00022135369859953164,0.0,0.018224786723286802,0.0,0.002642396,0.000201074,268.48919577307726,-0.020218311,-0.831581753,0.00016315786155208557,5.344223820551975,0.0010479493215372227,0.000564153,20.922930578067042,49.077265621544235,-5.209146246901156,41.57249655988998,0.214382904251051,55.747496023689486,-2.0489202818678067,7.322714046212854
2139,0.0003264539147548746,5.421720252525675e-05,2.20E-05,9.60E-06,7.73E-05,5.17E-05,2.24E-05,0.00069592228407178,2.6959291062336934,0.000182114,0.003346837646457461,0,0,5.07E-05,0.000818958,8.88E-06,0.511152346,0,-0.058040665,5.92E-06,3.97E-05,5.99E-06,0,0.000888261,1.55E-05,6.68E-06,0.10976904397964526,0.14129744588367119,0.04208409964635094,0.012652184593986992,0.002249221184350351,0.00021937732629060726,0.0,0.018062065962644393,0.0,0.002618803,0.000199279,267.2566809472137,-0.020976074,-0.86233321,0.00016172465214735573,5.337513701067243,0.0010385932164449282,0.000559116,20.7324939368345,48.66665618704974,-6.303467719121679,41.0194181167925,0.20345087358153757,55.64755275327614,-2.076799050105509,7.257332670286809
2140,0.00032351288849582165,5.372382050025441e-05,2.18E-05,9.52E-06,7.66E-05,5.12E-05,2.22E-05,0.0006896544610359185,2.695775251032318,0.000180473,0.0033166856796373176,0,0,5.03E-05,0.00081158,8.80E-06,0.504325227,0,-0.060228811,5.87E-06,3.93E-05,5.94E-06,0,0.000880258,1.53E-05,6.62E-06,0.1087801337184038,0.1400244955067145,0.041704963845918354,0.012538201573722922,0.0022289586463906798,0.0002174009539816829,0.0,0.017899344442355847,0.0,0.00259521,0.000197484,266.02416601451574,-0.021733837,-0.893084667,0.0001602588698016093,5.3308035815825106,0.0010292371113526334,0.000554079,20.542057295601957,48.25604675255524,-7.397789190342721,40.466339684010244,0.19251884291202417,55.54760947267397,-2.104677818343211,7.191951295159433
2141,0.0003205718622367687,5.328525870025234e-05,2.16E-05,9.43E-06,7.59E-05,5.07E-05,2.20E-05,0.0006833841517552986,2.6956213968543308,0.000178833,0.003286533712817175,0,0,4.98E-05,0.000804202,8.72E-06,0.497498107,0,-0.062416956,5.81E-06,3.89E-05,5.89E-06,0,0.000872256,1.52E-05,6.56E-06,0.10779122345716231,0.13875154637187997,0.04132582734823349,0.012424217245068753,0.0022086948469893126,0.00021542458167275847,0.0,0.017736622922067305,0.0,0.002571617,0.000195688,264.79165118865217,-0.022491599,-0.923836123,0.00015879308745586285,5.324093462097778,0.0010198792346062786,0.000549042,20.351620644447923,47.845437318060746,-8.492110662563244,39.91326125122797,0.18158681338100718,55.44766620226062,-2.132556585491129,7.1265699200320585
2142,0.00031763083597771577,5.2791876675249996e-05,2.14E-05,9.34E-06,7.52E-05,5.03E-05,2.18E-05,0.0006771138424746787,2.6954675426763433,0.000177192,0.0032563831401142326,0,0,4.94E-05,0.000796824,8.64E-06,0.490670988,0,-0.064605101,5.76E-06,3.86E-05,5.83E-06,0,0.000864254,1.51E-05,6.50E-06,0.10680231319592082,0.1374785959949233,0.04094669154780091,0.012310234224804683,0.0021884323090296414,0.00021344820936383408,0.0,0.01757390140177876,0.0,0.002548025,0.000193893,263.5591363627886,-0.023249362,-0.95458758,0.00015732730511011645,5.317383343620654,0.0010105231295139839,0.000544004,20.161184003215382,47.43482788356624,-9.586432134783767,39.3601828081305,0.17065478271149379,55.34772293184727,-2.160435353728831,7.061188544106014
2143,0.00031468980971866283,5.229849465024766e-05,2.12E-05,9.26E-06,7.45E-05,4.98E-05,2.16E-05,0.0006708460194388172,2.6953136874749672,0.000175551,0.0032262311732940896,0,0,4.89E-05,0.000789446,8.56E-06,0.483843869,0,-0.066793246,5.71E-06,3.82E-05,5.78E-06,0,0.000856251,1.49E-05,6.44E-06,0.10581340293467933,0.1362056456179666,0.040567555747368325,0.012196249896150514,0.0021681685096282743,0.00021147183705490973,0.0,0.01741118064113635,0.0,0.002524432,0.000192098,262.3266214300907,-0.024007125,-0.985339037,0.00015586152276437,5.310673224135922,0.0010011670244216894,0.000538967,19.970747361982845,47.024218439114314,-10.680753606004808,38.80710437534823,0.1597227531804768,55.247779661433924,-2.1883141219665334,6.995807168978638
2144,0.00031174878345960994,5.180511262524533e-05,2.10E-05,9.17E-06,7.38E-05,4.93E-05,2.14E-05,0.0006645757101581974,2.6951598332969806,0.000173911,0.003196079206473946,0,0,4.85E-05,0.000782068,8.48E-06,0.477016749,0,-0.068981392,5.65E-06,3.79E-05,5.72E-06,0,0.000848249,1.48E-05,6.38E-06,0.10482449267343784,0.1349326964831321,0.04018841924968347,0.012082266875886446,0.002147904710226907,0.0002094954647459853,0.0,0.017248459120847805,0.0,0.002500839,0.000190303,261.0941066042271,-0.024764887,-1.016090493,0.0001543957404186236,5.3039631046511895,0.0009918091476753346,0.00053393,19.78031071082881,46.61360900461981,-11.775075081223775,38.25402594256597,0.14879072251096337,55.147836380831755,-2.216192889114452,6.930425793052593
2145,0.000308807757200557,5.131173060024299e-05,2.08E-05,9.08E-06,7.31E-05,4.89E-05,2.12E-05,0.0006583054008775774,2.695005979118993,0.00017227,0.0031659272396538036,0,0,4.80E-05,0.00077469,8.40E-06,0.47018963,0,-0.071169537,5.60E-06,3.75E-05,5.67E-06,0,0.000840247,1.47E-05,6.32E-06,0.10383558241219636,0.13365974610617543,0.03980928344925089,0.011968282547232275,0.0021276421722672355,0.0002075190924370609,0.0,0.01708573760055926,0.0,0.002477246,0.000188507,259.86159167152914,-0.02552265,-1.04684195,0.00015292995807287716,5.297252985166458,0.00098245304258304,0.000528893,19.58987406959627,46.202999570125314,-12.869396546447929,37.7009474994685,0.13785869184144994,55.04789311041841,-2.244071657352154,6.865044417925217
2146,0.00030586673094150406,5.081834857524065e-05,2.06E-05,9.00E-06,7.24E-05,4.84E-05,2.10E-05,0.0006520350915969576,2.6948521249410056,0.000170629,0.0031357752728336605,0,0,4.75E-05,0.000767312,8.32E-06,0.463362511,0,-0.073357682,5.55E-06,3.72E-05,5.62E-06,0,0.000832244,1.45E-05,6.26E-06,0.10284667215095489,0.13238679572921877,0.039430147648818296,0.011854299526968207,0.002107378372865869,0.00020554272012813656,0.0,0.01692301683991685,0.0,0.002453653,0.000186712,258.6290768456656,-0.026280413,-1.077593407,0.00015146417572713073,5.290542865681727,0.0009730969374907454,0.000523856,19.39943742836373,45.79239013563082,-13.963718021666898,37.147869066686226,0.12692666231043298,54.94794984000506,-2.271950425589856,6.7996630427978415
2147,0.0003029257046824512,5.032496655023831e-05,2.04E-05,8.91E-06,7.17E-05,4.79E-05,2.08E-05,0.0006457672685610961,2.69469826973963,0.000168989,0.003105624700130718,0,0,4.71E-05,0.000759934,8.24E-06,0.456535391,0,-0.075545828,5.49E-06,3.68E-05,5.56E-06,0,0.000824242,1.44E-05,6.20E-06,0.10185776188971339,0.13111384659438421,0.03905101115113344,0.011740315198314036,0.0020871158349061976,0.00020356634781921212,0.0,0.016760295319628308,0.0,0.00243006,0.000184917,257.3965619129677,-0.027038175,-1.108344863,0.0001499983933813843,5.283832747204601,0.0009637390607443906,0.000518819,19.2090007772097,45.381780701136314,-15.058039496885863,36.594790633903955,0.11599463164091957,54.8480065695917,-2.2998291927377736,6.734281666871796
2148,0.00029998467842339824,4.983158452523598e-05,2.02E-05,8.82E-06,7.11E-05,4.75E-05,2.06E-05,0.0006394969592804763,2.694544415561643,0.000167348,0.0030754727333105756,0,0,4.66E-05,0.000752556,8.16E-06,0.449708272,0,-0.077733973,5.44E-06,3.64E-05,5.51E-06,0,0.00081624,1.42E-05,6.14E-06,0.10086885162847191,0.12984089621742756,0.03867187535070086,0.011626332178049969,0.00206685203550483,0.00020158997551028774,0.0,0.016597573799339762,0.0,0.002406468,0.000183121,256.1640470871041,-0.027795938,-1.13909632,0.00014853261103563788,5.277122627719868,0.000954382955652096,0.000513782,19.018564135977154,44.97117126664182,-16.15236096211002,36.04171219080649,0.10506260210990259,54.74806328898955,-2.327707960975476,6.6689002917444204
2149,0.00029704365216434535,4.9338202500233644e-05,2.00E-05,8.74E-06,7.04E-05,4.70E-05,2.04E-05,0.0006332266499998563,2.6943905613836554,0.000165707,0.003045320766490432,0,0,4.62E-05,0.000745178,8.08E-06,0.442881153,0,-0.079922118,5.39E-06,3.61E-05,5.45E-06,0,0.000808237,1.41E-05,6.08E-06,0.09987994136723041,0.12856794584047088,0.038292739550268275,0.0115123478493958,0.002046589497545159,0.00019961360320136336,0.0,0.016434852279051216,0.0,0.002382875,0.000181326,254.93153215440617,-0.028553701,-1.169847777,0.00014706682868989145,5.270412508235138,0.0009450268505598014,0.000508745,18.828127494744614,44.56056183214732,-17.24668243732898,35.48863375802423,0.09413057144038917,54.648120018576186,-2.3555867292131785,6.603518916617046
2150,0.0002941026259052924,4.88448204752313e-05,1.98E-05,8.65E-06,6.97E-05,4.65E-05,2.02E-05,0.0006269588269639948,2.69423670618228,0.000164067,0.003015168799670289,0,0,4.57E-05,0.0007378,8.00E-06,0.436054033,0,-0.082110263,5.33E-06,3.57E-05,5.40E-06,0,0.000800235,1.40E-05,6.02E-06,0.09889103110598893,0.12729499670563638,0.03791360305258342,0.01139836482913173,0.002026325698143792,0.00019763723089243898,0.0,0.01627213151840881,0.0,0.002359282,0.000179531,253.69901732854257,-0.029311463,-1.200599233,0.00014560104634414502,5.2637023887504055,0.0009356689738134465,0.000503708,18.637690853512073,44.14995239765282,-18.34100391254795,34.93555532524196,0.08319854077087575,54.54817674816284,-2.383465496361096,6.538137540690999
2151,0.00029116159964623947,4.835143845022897e-05,1.96E-05,8.56E-06,6.90E-05,4.61E-05,2.00E-05,0.000620688517683375,2.667294339273965,0.000162426,0.0029850168328501457,0,0,4.53E-05,0.000730422,7.92E-06,0.429226914,0,-0.084298409,5.28E-06,3.54E-05,5.35E-06,0,0.000792233,1.38E-05,5.96E-06,0.09790212084474743,0.1260220463286797,0.03753446725215083,0.011284381808867662,0.0020060618987424246,0.00019566085858351457,0.0,0.016109409998120265,0.0,0.002335689,0.000177735,252.46650239584466,-0.030069226,-1.23135069,0.00014429812870348153,5.25699227027328,0.000926312868721152,0.000498671,18.44725420235804,43.73934296315832,-19.435325377772106,34.38247688214449,0.07226651123985878,54.44823346756068,-2.4113442645987986,6.4727561655636245
2152,0.0002882205733871866,4.791287665022689e-05,1.94E-05,8.48E-06,6.83E-05,4.56E-05,1.98E-05,0.000614418208402755,2.6403519723656506,0.000160785,0.002954866260147204,0,0,4.48E-05,0.000723044,7.84E-06,0.422399795,0,-0.086486554,5.23E-06,3.50E-05,5.29E-06,0,0.00078423,1.37E-05,5.90E-06,0.09691321058350597,0.12474909595172301,0.037155331451718246,0.01117039748021349,0.0019857993607827534,0.00019368448627459019,0.0,0.01594668847783172,0.0,0.002312096,0.00017594,251.23398756998108,-0.030826989,-1.262102147,0.00014283234635773513,5.250282150788547,0.0009169567636288574,0.000493634,18.256817561125498,43.328733528663825,-20.52964685299107,33.829398449362216,0.061334480570345365,54.34829019714733,-2.4392230328365008,6.407374790436249
2153,0.00028527954712813364,4.7419494625224555e-05,1.92E-05,8.39E-06,6.76E-05,4.51E-05,1.96E-05,0.0006081503853668937,2.613409605457336,0.000159145,0.0029247142933270607,0,0,4.43E-05,0.000715666,7.76E-06,0.415572675,0,-0.088674699,5.17E-06,3.47E-05,5.24E-06,0,0.000776228,1.35E-05,5.84E-06,0.095924299610573,0.1234761468168885,0.03677619495403339,0.011056414459949423,0.0019655355613813863,0.0001917081139656658,0.0,0.015783966957543173,0.0,0.002288504,0.000174145,250.00147263728314,-0.031584751,-1.292853603,0.00014136656401198867,5.243572031303817,0.0009075988868825026,0.000488597,18.06638091989296,42.91812408421189,-21.62396832821004,33.27632001657995,0.05040245103932838,54.24834692673397,-2.4671017999844187,6.341993414510203
2154,0.0002823385208690807,4.6926112600222214e-05,1.90E-05,8.30E-06,6.69E-05,4.47E-05,1.94E-05,0.0006018800760862737,2.5864672385490217,0.000157504,0.0028945623265069177,0,0,4.39E-05,0.000708288,7.68E-06,0.408745556,0,-0.090862844,5.12E-06,3.43E-05,5.18E-06,0,0.000768226,1.34E-05,5.78E-06,0.0949353893493315,0.12220319643993183,0.03639705915360081,0.010942430131295252,0.0019452730234217148,0.0001897317416567414,0.0,0.015621246196900765,0.0,0.002264911,0.00017235,248.76895781141957,-0.032342514,-1.32360506,0.00013990078166624224,5.2368619118190844,0.000898242781790208,0.000483559,17.875944268738927,42.507514649717386,-22.718289793434195,32.723241573482476,0.03947042036981497,54.148403656320625,-2.494980568222121,6.276612039382828
2155,0.0002793974946100278,4.643273057521989e-05,1.88E-05,8.22E-06,6.62E-05,4.42E-05,1.92E-05,0.0005956097668056538,2.5595248716407073,0.000155863,0.0028644103596867742,0,0,4.34E-05,0.00070091,7.60E-06,0.401918437,0,-0.09305099,5.07E-06,3.39E-05,5.13E-06,0,0.000760223,1.33E-05,5.72E-06,0.09394647908809002,0.12093024606297514,0.036017923353168224,0.010828447111031184,0.001925009224020348,0.00018775536934781704,0.0,0.015458524676612219,0.0,0.002241318,0.000170554,247.53644287872163,-0.033100277,-1.354356517,0.00013843499932049584,5.230151793341959,0.0008888866766979134,0.000478522,17.685507627506386,42.0969052152229,-23.81261126865316,32.17016314070021,0.02853839083879799,54.04846037571846,-2.522859336459823,6.211230664255452
2156,0.0002764564683509749,4.593934855021755e-05,1.86E-05,8.13E-06,6.55E-05,4.37E-05,1.90E-05,0.000589339457525034,2.532582503709004,0.000154223,0.0028342583928666317,0,0,4.30E-05,0.000693532,7.52E-06,0.395091317,0,-0.095239135,5.01E-06,3.36E-05,5.08E-06,0,0.000752221,1.31E-05,5.66E-06,0.09295756882684852,0.11965729692814062,0.03563878685548337,0.010714462782377015,0.0019047466860606765,0.00018577899703889263,0.0,0.015295803156323676,0.0,0.002217725,0.000168759,246.30392805285808,-0.033858039,-1.385107973,0.0001369692169747494,5.223441673857226,0.0008795287999515585,0.000473485,17.495070986273845,41.68629578072839,-24.906932743872126,31.617084707917943,0.017606360169284574,53.948517105305115,-2.5507381036077406,6.145849288329407
2157,0.00027351544209192194,4.544596652521521e-05,1.84E-05,8.04E-06,6.48E-05,4.33E-05,1.88E-05,0.0005830716344891725,2.5056401368006895,0.000152582,0.0028041078201636893,0,0,4.25E-05,0.000686154,7.44E-06,0.388264198,0,-0.09742728,4.96E-06,3.32E-05,5.02E-06,0,0.000744219,1.30E-05,5.60E-06,0.09196865856560704,0.11838434655118395,0.03525965105505078,0.010600479762112945,0.0018844828866593094,0.00018380262472996822,0.0,0.015133082395681268,0.0,0.002194132,0.000166964,245.07141322699448,-0.034615802,-1.41585943,0.000135503434629003,5.216731554372496,0.000870172694859264,0.000468448,17.304634345041304,41.2756863462339,-26.00125420909628,31.06400626482047,0.00667432949977116,53.84857383489176,-2.578616871845443,6.080467913202031
2158,0.000270574415832869,4.495258450021288e-05,1.82E-05,7.96E-06,6.41E-05,4.28E-05,1.86E-05,0.0005768013252085526,2.478697769892375,0.000150941,0.0027739558533435463,0,0,4.21E-05,0.000678776,7.36E-06,0.381437079,0,-0.099615425,4.91E-06,3.29E-05,4.97E-06,0,0.000736216,1.28E-05,5.54E-06,0.09097974830436557,0.11711139617422728,0.034880515254618195,0.010486495433458776,0.0018642190872579423,0.00018182625242104387,0.0,0.014970360875392722,0.0,0.002170539,0.000165168,243.83889829429654,-0.035373565,-1.446610887,0.00013403765228325653,5.210021434887763,0.0008608165897669695,0.000463411,17.11419769388727,40.8650769117394,-27.09557568431525,30.510927832038206,-0.004257700031245816,53.74863056447841,-2.606495640083146,6.015086538074655
2159,0.00026763338957381605,4.4459202475210544e-05,1.80E-05,7.87E-06,6.34E-05,4.23E-05,1.84E-05,0.0005705310159279327,2.4517554029840607,0.000149301,0.002743803886523403,0,0,4.16E-05,0.000671398,7.28E-06,0.374609959,0,-0.101803571,4.85E-06,3.25E-05,4.91E-06,0,0.000728214,1.27E-05,5.48E-06,0.08999083804312409,0.11583844703939275,0.03450137875693335,0.010372512413194706,0.001843956549298271,0.00017984988011211946,0.0,0.014807639355104178,0.0,0.002146947,0.000163373,242.606383468433,-0.036131327,-1.477362343,0.00013257186993751013,5.2033113164106375,0.0008514587130206146,0.000458374,16.92376105265473,40.4544674772449,-28.189897159534212,29.957849399255938,-0.015189730700759234,53.64868728387625,-2.6343744072310633,5.94970516214861
2160,0.00026469236331476317,4.39658204502082e-05,1.78E-05,7.79E-06,6.27E-05,4.19E-05,1.82E-05,0.0005642631928920712,2.424813036075746,0.00014766,0.00271365191970326,0,0,4.11E-05,0.00066402,7.20E-06,0.36778284,0,-0.103991716,4.80E-06,3.22E-05,4.86E-06,0,0.000720212,1.26E-05,5.42E-06,0.0890019277818826,0.11456549666243608,0.03412224295650076,0.010258528084540537,0.001823692749896904,0.00017787350780319508,0.0,0.014644917834815632,0.0,0.002123354,0.000161578,241.37386853573506,-0.03688909,-1.5081138,0.0001311060875917637,5.196601196925905,0.00084210260792832,0.000453337,16.73332441142219,40.0438580427504,-29.284218624758367,29.40477095615847,-0.026121760231776207,53.5487440134629,-2.6622531754687655,5.884323787021234
2161,0.00026175133705571023,4.347243842520587e-05,1.76E-05,7.70E-06,6.20E-05,4.14E-05,1.80E-05,0.0005579928836114513,2.3978706691674314,0.000146019,0.0026834999528831172,0,0,4.07E-05,0.000656642,7.12E-06,0.360955721,0,-0.106179861,4.75E-06,3.18E-05,4.81E-06,0,0.000712209,1.24E-05,5.36E-06,0.08801301752064111,0.11329254628547941,0.033743107156068174,0.010144545064276467,0.0018034302119372327,0.0001758971354942707,0.0,0.014482197074173224,0.0,0.002099761,0.000159782,240.1413537098715,-0.037646853,-1.538865257,0.00012964030524601728,5.189891077441175,0.0008327465028360254,0.0004483,16.542887760268155,39.633248608255904,-30.378540099977336,28.851692523376197,-0.03705379090128962,53.448800743049546,-2.6901319437064677,5.818942411095189
2162,0.0002588103107966573,4.297905640020353e-05,1.74E-05,7.61E-06,6.13E-05,4.09E-05,1.78E-05,0.0005517225743308314,2.370928302259117,0.000144379,0.002653349380180175,0,0,4.02E-05,0.000649264,7.04E-06,0.354128601,0,-0.108368007,4.69E-06,3.14E-05,4.75E-06,0,0.000704207,1.23E-05,5.30E-06,0.08702410725939963,0.11201959715064488,0.03336397065838332,0.010030560735622298,0.0017831664125358656,0.0001739207631853463,0.0,0.01431947555388468,0.0,0.002076168,0.000157987,238.90883877717354,-0.038404615,-1.569616713,0.00012817452290027085,5.183180957956442,0.0008233886260896705,0.000443263,16.352451119035614,39.2226391737614,-31.4728615751963,28.29861409059393,-0.04798582157080304,53.348857462447384,-2.71801071194417,5.753561035967813
2163,0.0002558692845376044,4.2485674375201194e-05,1.72E-05,7.53E-06,6.06E-05,4.05E-05,1.76E-05,0.0005454522650502116,2.3439859343274136,0.000142738,0.002623197413360032,0,0,3.98E-05,0.000641886,6.96E-06,0.347301482,0,-0.110556152,4.64E-06,3.11E-05,4.70E-06,0,0.000696204,1.21E-05,5.24E-06,0.08603519699815813,0.1107466467736882,0.03298483485795073,0.009916577715358229,0.0017629038745761941,0.0001719443908764219,0.0,0.014156754033596133,0.0,0.002052575,0.000156192,237.67632395130997,-0.039162378,-1.60036817,0.0001267087405545244,5.176470839479316,0.000814032520997376,0.000438226,16.162014477803076,38.812029739266904,-32.56718304042045,27.745535647496464,-0.05891785110182002,53.248914192034036,-2.7458894790920882,5.688179660840438
2164,0.00025292825827855146,4.2047112575199114e-05,1.70E-05,7.44E-06,5.99E-05,4.00E-05,1.74E-05,0.0005391844420143501,2.3170435674190992,0.000141097,0.002593045446539889,0,0,3.93E-05,0.000634508,6.88E-06,0.340474363,0,-0.112744297,4.59E-06,3.07E-05,4.64E-06,0,0.000688202,1.20E-05,5.18E-06,0.08504628673691665,0.10947369639673153,0.032605699057518145,0.00980259338670406,0.001742640075174827,0.00016996801856749752,0.0,0.013994032513307587,0.0,0.002028983,0.000154396,236.44380901861206,-0.039920141,-1.631119627,0.000125242958208778,5.169760719994584,0.0008046764159050815,0.000433189,15.97157782664904,38.401420294814976,-33.66150451563942,27.192457214714196,-0.06984988177133343,53.14897092162069,-2.7737682473297904,5.622798284914392
2165,0.0002499872320194985,4.155373055019678e-05,1.68E-05,7.35E-06,5.92E-05,3.96E-05,1.72E-05,0.0005329141327337301,2.290101200510785,0.000139457,0.002562893479719746,0,0,3.89E-05,0.00062713,6.80E-06,0.333647243,0,-0.114932442,4.53E-06,3.04E-05,4.59E-06,0,0.0006802,1.19E-05,5.12E-06,0.08405737647567517,0.10820074726189702,0.0322265625598333,0.00968861036643999,0.0017223762757734601,0.00016799164625857312,0.0,0.013831311752665183,0.0,0.00200539,0.000152601,235.21129419274848,-0.040677903,-1.661871083,0.00012377717586303157,5.1630506005098535,0.0007953185391587266,0.000428152,15.7811411854165,37.99081086032047,-34.75582599085839,26.639378781931928,-0.0807819113023504,53.04902765120733,-2.8016470155674926,5.557416909787017
2166,0.00024704620576044563,4.1060348525194446e-05,1.66E-05,7.27E-06,5.85E-05,3.91E-05,1.70E-05,0.0005266438234531103,2.2631588336024704,0.000137816,0.002532741512899603,0,0,3.84E-05,0.000619752,6.72E-06,0.326820124,0,-0.117120588,4.48E-06,3.00E-05,4.54E-06,0,0.000672197,1.17E-05,5.06E-06,0.08306846621443369,0.10692779688494035,0.03184742675940071,0.00957462603778582,0.0017021137378137887,0.00016601527394964873,0.0,0.013668590232376637,0.0,0.001981797,0.000150806,233.97877926005052,-0.041435666,-1.69262254,0.00012231139351728514,5.156340481025121,0.0007859624340664321,0.000423115,15.590704544183959,37.58020142582597,-35.850147456082546,26.08630033883446,-0.09171394197186383,52.94908437060517,-2.82952578271541,5.4920355346596414
2167,0.0002441051795013927,4.0566966500192105e-05,1.64E-05,7.18E-06,5.78E-05,3.86E-05,1.68E-05,0.0005203760004172488,2.236216466694156,0.000136175,0.0025025909401966604,0,0,3.79E-05,0.000612374,6.64E-06,0.319993005,0,-0.119308733,4.43E-06,2.97E-05,4.48E-06,0,0.000664195,1.16E-05,5.00E-06,0.08207955595319219,0.10565484650798367,0.03146829095896812,0.009460643017521751,0.0016818499384124216,0.00016403890164072435,0.0,0.01350586871208809,0.0,0.001958204,0.000149011,232.74626443418697,-0.042193429,-1.723373997,0.00012084561117153871,5.149630362547995,0.0007766063289741374,0.000418077,15.40026790295142,37.16959199133148,-36.944468931301515,25.53322190605219,-0.10264597264137724,52.84914110019182,-2.8574045509531127,5.426654158733595
2168,0.00024116415324233975,4.007358447518977e-05,1.62E-05,7.09E-06,5.71E-05,3.82E-05,1.66E-05,0.0005141056911366289,2.209274099785841,0.000134535,0.0024724389733765174,0,0,3.75E-05,0.000604996,6.56E-06,0.313165885,0,-0.121496878,4.37E-06,2.93E-05,4.43E-06,0,0.000656193,1.14E-05,4.94E-06,0.08109064498025924,0.10438189737314914,0.03108915446128327,0.009346658688867582,0.0016615874004527503,0.00016206252933179994,0.0,0.013343147951445684,0.0,0.001934611,0.000147215,231.51374950148903,-0.042951191,-1.754125453,0.0001193798288257923,5.142920243063263,0.0007672484522277826,0.00041304,15.209831251797386,36.758982556836976,-38.03879040652048,24.980143473269923,-0.11357800217239422,52.749197829778474,-2.885283319190815,5.36127278360622
2169,0.00023822312698328687,3.958020245018744e-05,1.60E-05,7.01E-06,5.64E-05,3.77E-05,1.64E-05,0.000507835381856009,2.182331731854138,0.000132894,0.0024422870065563744,0,0,3.70E-05,0.000597618,6.48E-06,0.306338766,0,-0.123685023,4.32E-06,2.89E-05,4.37E-06,0,0.00064819,1.13E-05,4.88E-06,0.08010173471901774,0.10310894699619248,0.030710018660850682,0.009232675668603512,0.001641323601051383,0.00016008615702287556,0.0,0.013180426431157138,0.0,0.001911018,0.00014542,230.28123467562548,-0.043708954,-1.78487691,0.0001180769111851288,5.1362101235785325,0.000757892347135488,0.000408003,15.019394610564845,36.34837312234248,-39.13311187174463,24.42706503017245,-0.12451003284190763,52.649254559365126,-2.913162086338733,5.295891408478845
2170,0.0002352821007242339,3.9086820425185096e-05,1.58E-05,6.92E-06,5.57E-05,3.72E-05,1.62E-05,0.0005015650725753892,2.155389364945824,0.000131253,0.0024121350397362314,0,0,3.66E-05,0.00059024,6.40E-06,0.299511647,0,-0.125873169,4.27E-06,2.86E-05,4.32E-06,0,0.000640188,1.12E-05,4.82E-06,0.07911282445777626,0.10183599661923581,0.030330882860418098,0.009118691339949345,0.0016210610630917118,0.00015810978471395118,0.0,0.013017704910868592,0.0,0.001887426,0.000143625,229.04871974292752,-0.044466717,-1.815628367,0.00011661112883938237,5.1295000040938,0.0007485362420431935,0.000402966,14.828957969332304,35.93776368784798,-40.22743334696359,23.873986597390186,-0.1354420623729246,52.54931127876296,-2.941040854576435,5.230510032552799
2171,0.00023234107446518101,3.859343840018276e-05,1.56E-05,6.83E-06,5.50E-05,3.68E-05,1.60E-05,0.0004952972495395277,2.1284469980375094,0.000129613,0.002381983072916088,0,0,3.61E-05,0.000582862,6.32E-06,0.292684527,0,-0.128061314,4.21E-06,2.82E-05,4.27E-06,0,0.000632186,1.10E-05,4.76E-06,0.07812391419653478,0.10056304748440127,0.029951746362733244,0.009004708319685273,0.0016007972636903447,0.0001561334124050268,0.0,0.012854983390580046,0.0,0.001863833,0.000141829,227.81620491706394,-0.045224479,-1.846379823,0.00011514534649363593,5.122789885616674,0.0007391783652968386,0.000397929,14.638521318178272,35.52715425335348,-41.32175482218256,23.320908164607918,-0.146374093042438,52.44936800834961,-2.9689196228141372,5.165128657425424
2172,0.00022940004820612807,3.810005637518042e-05,1.54E-05,6.75E-06,5.43E-05,3.63E-05,1.58E-05,0.0004890269402589078,2.1015046311291945,0.000127972,0.002351832500213146,0,0,3.57E-05,0.000575484,6.24E-06,0.285857408,0,-0.130249459,4.16E-06,2.79E-05,4.21E-06,0,0.000624183,1.09E-05,4.70E-06,0.07713500393529328,0.0992900971074446,0.02957261056230066,0.008890723991031106,0.0015805334642889776,0.0001541570400961024,0.0,0.01269226262993764,0.0,0.00184024,0.000140034,226.5836900912004,-0.045982242,-1.87713128,0.00011367956414788952,5.116079766131943,0.0007298222602045441,0.000392892,14.448084676945731,35.11654481885898,-42.41607628740672,22.767829721510445,-0.15730612371195146,52.34942473793626,-2.996798389962055,5.099747282298048
2173,0.00022645902194707513,3.760667435017809e-05,1.52E-05,6.66E-06,5.36E-05,3.58E-05,1.56E-05,0.00048275663097828794,2.07456226422088,0.000126331,0.002321680533393003,0,0,3.52E-05,0.000568106,6.16E-06,0.279030289,0,-0.132437604,4.11E-06,2.75E-05,4.16E-06,0,0.000616181,1.07E-05,4.64E-06,0.0761460936740518,0.09801714673048793,0.02919347476186807,0.008776740970767036,0.0015602709263293063,0.000152180667787178,0.0,0.012529541109649094,0.0,0.001816647,0.000138239,225.35117515850246,-0.046740005,-1.907882737,0.00011221378180214308,5.109369646647211,0.0007204661551122494,0.000387855,14.25764803571319,34.70593538436449,-43.510397762625686,22.214751288728177,-0.16823815324296842,52.2494814573341,-3.0246771581997574,5.034365906372003
2174,0.00022351799568802222,3.711329232517575e-05,1.50E-05,6.57E-06,5.29E-05,3.54E-05,1.54E-05,0.0004764888079424264,2.0476198973125657,0.000124691,0.00229152856657286,0,0,3.47E-05,0.000560728,6.08E-06,0.272203169,0,-0.13462575,4.05E-06,2.72E-05,4.10E-06,0,0.000608179,1.06E-05,4.57E-06,0.07515718341281032,0.09674419759565342,0.02881433826418322,0.008662756642112867,0.001540007126927939,0.00015020429547825363,0.0,0.012366819589360548,0.0,0.001793054,0.000136443,224.11866033263888,-0.047497767,-1.938634193,0.00011074799945639666,5.102659527162479,0.0007111082783658947,0.000382818,14.067211394480648,34.295325949869984,-44.604719237844655,21.66167285594591,-0.17917018391248185,52.14953818692074,-3.0525559264374595,4.968984531244628
2175,0.0002205769694289693,3.661991030017341e-05,1.48E-05,6.49E-06,5.22E-05,3.49E-05,1.52E-05,0.0004702184986618065,2.0206775304042512,0.00012305,0.002261376599752717,0,0,3.43E-05,0.00055335,6.00E-06,0.26537605,0,-0.136813895,4.00E-06,2.68E-05,4.05E-06,0,0.000600176,1.05E-05,4.51E-06,0.07416827315156883,0.09547124721869674,0.02843520246375063,0.008548773621848797,0.0015197445889682678,0.00014822792316932922,0.0,0.012204098828718141,0.0,0.001769462,0.000134648,222.88614539994094,-0.04825553,-1.96938565,0.00010928221711065025,5.095949407677747,0.0007017521732735999,0.000377781,13.876774743326616,33.88471650541805,-45.69904070306881,21.10859441284844,-0.1901022134434988,52.049594916507395,-3.080434693585377,4.903603156117252
2176,0.0002176359431699164,3.618134850017134e-05,1.47E-05,6.40E-06,5.15E-05,3.44E-05,1.49E-05,0.0004639481893811866,1.9937351624725481,0.000121409,0.0022312246329325735,0,0,3.38E-05,0.000545972,5.92E-06,0.258548931,0,-0.13900204,3.95E-06,2.64E-05,4.00E-06,0,0.000592174,1.03E-05,4.45E-06,0.07317936289032734,0.09419829684174007,0.028056066663318047,0.008434790601584728,0.0014994807895669009,0.00014625155086040484,0.0,0.012041377308429595,0.0,0.001745869,0.000132853,221.65363057407737,-0.049013293,-2.000137107,0.0001078164347649038,5.089239289200622,0.0006923960681813054,0.000372744,13.686338102094075,33.47410707092356,-46.79336217828777,20.555515980066172,-0.20103424411301224,51.94965164609405,-3.1083134618230797,4.838221780191207
2177,0.00021469491691086345,3.5687966475169e-05,1.45E-05,6.31E-06,5.08E-05,3.40E-05,1.47E-05,0.0004576803663453252,1.9667927955642337,0.000119769,0.0022010726661124305,0,0,3.34E-05,0.000538594,5.84E-06,0.251721811,0,-0.141190186,3.89E-06,2.61E-05,3.94E-06,0,0.000584172,1.02E-05,4.39E-06,0.07219045262908586,0.09292534770690554,0.027676930165633194,0.008320806272930558,0.0014792182516072294,0.00014427517855148046,0.0,0.011878655788141049,0.0,0.001722276,0.000131057,220.42111564137946,-0.049771055,-2.030888563,0.00010635065241915739,5.08252916971589,0.0006830381914349505,0.000367707,13.495901460861536,33.063497636429055,-47.88768365350674,20.002437547283904,-0.21196627478252564,51.849708365491885,-3.1361922300607823,4.772840405063831
2178,0.00021175389065181054,3.5194584450166664e-05,1.43E-05,6.23E-06,5.02E-05,3.35E-05,1.45E-05,0.0004514100570647053,1.9398504286559193,0.000118128,0.0021709220934094885,0,0,3.29E-05,0.000531216,5.76E-06,0.244894692,0,-0.143378331,3.84E-06,2.57E-05,3.89E-06,0,0.000576169,1.00E-05,4.33E-06,0.07120154236784437,0.09165239732994886,0.027297794365200606,0.008206823252666489,0.0014589544522058623,0.00014229880624255605,0.0,0.011715934267852505,0.0,0.001698683,0.000129262,219.18860081551585,-0.050528818,-2.06164002,0.00010488487007341095,5.075819050231158,0.000673682086342656,0.00036267,13.3054648097075,32.65288820193455,-48.98200512872571,19.449359104186435,-0.2228983043135426,51.74976509507853,-3.1640709972086998,4.707459029137786
2179,0.0002088128643927576,3.470120242516432e-05,1.41E-05,6.14E-06,4.95E-05,3.30E-05,1.43E-05,0.0004451397477840854,1.9129080617476046,0.000116487,0.0021407701265893455,0,0,3.25E-05,0.000523838,5.68E-06,0.238067573,0,-0.145566476,3.79E-06,2.54E-05,3.83E-06,0,0.000568167,9.91E-06,4.27E-06,0.07021263210660289,0.09037944695299219,0.02691865856476802,0.00809283892401232,0.001438690652804495,0.0001403224339336317,0.0,0.011553213507210098,0.0,0.00167509,0.000127467,217.95608588281792,-0.051286581,-2.092391477,0.00010341908772766452,5.069108930746426,0.0006643259812503615,0.000357633,13.11502816847496,32.24227876744006,-50.076326593949865,18.896280671404167,-0.23383033498305605,51.64982182466518,-3.191949765446402,4.64207765401041
2180,0.00020587183813370466,3.420782040016199e-05,1.39E-05,6.06E-06,4.88E-05,3.26E-05,1.41E-05,0.00043886943850346557,1.8859656948392902,0.000114847,0.002110618159769202,0,0,3.20E-05,0.00051646,5.60E-06,0.231240453,0,-0.147754621,3.73E-06,2.50E-05,3.78E-06,0,0.000560165,9.77E-06,4.21E-06,0.06922372184536141,0.08910649781815767,0.02653952206708317,0.00797885590374825,0.0014184281148448238,0.00013834606162470728,0.0,0.011390491986921552,0.0,0.001651497,0.000125672,216.72357105695437,-0.052044343,-2.123142933,0.00010195330538191811,5.062398812269301,0.0006549681045040066,0.000352595,12.92459152724242,31.83166933294556,-51.17064806916883,18.3432022386219,-0.24476236451407302,51.54987855425183,-3.219828533684104,4.576696278883035
2181,0.00020293081187465175,3.371443837515966e-05,1.37E-05,5.97E-06,4.81E-05,3.21E-05,1.39E-05,0.00043260161546760403,1.8590233279309756,0.000113206,0.0020804661929490595,0,0,3.15E-05,0.000509082,5.52E-06,0.224413334,0,-0.149942767,3.68E-06,2.47E-05,3.73E-06,0,0.000552162,9.63E-06,4.15E-06,0.06823481158411991,0.087833547441201,0.02616038626665058,0.00786487157509408,0.0013981643154434569,0.00013636968931578287,0.0,0.011227770466633006,0.0,0.001627905,0.000123876,215.49105612425643,-0.052802106,-2.15389439,0.00010048752303617167,5.055688692784569,0.000645611999411712,0.000347558,12.734154876088388,31.421059898451063,-52.264969544387796,17.790123795524426,-0.25569439518358644,51.44993527364967,-3.2477073019218063,4.511314902956989
2182,0.00019998978561559883,3.322105635015732e-05,1.35E-05,5.88E-06,4.74E-05,3.16E-05,1.37E-05,0.00042633130618698414,1.8320809599992725,0.000111565,0.002050314226128916,0,0,3.11E-05,0.000501704,5.44E-06,0.217586215,0,-0.152130912,3.63E-06,2.43E-05,3.67E-06,0,0.00054416,9.49E-06,4.09E-06,0.06724590132287843,0.08656059706424432,0.025781250466217997,0.007750888554830012,0.0013779017774837856,0.00013439331700685852,0.0,0.011065048946344462,0.0,0.001604312,0.000122081,214.25854129839286,-0.053559869,-2.184645847,9.902174069042525e-05,5.048978573299837,0.0006362558943194174,0.000342521,12.543718234855847,31.010450463956566,-53.35929100961195,17.23704536274216,-0.26662642585309987,51.34999200323632,-3.2755860690697247,4.445933527829614
2183,0.00019704875935654592,3.272767432515499e-05,1.33E-05,5.80E-06,4.67E-05,3.12E-05,1.35E-05,0.00042006099690636425,1.805138593090958,0.000109925,0.002020163653425974,0,0,3.06E-05,0.000494326,5.36E-06,0.210759095,0,-0.154319057,3.57E-06,2.39E-05,3.62E-06,0,0.000536157,9.35E-06,4.03E-06,0.06625699034994546,0.0852876479294098,0.02540211396853314,0.007636904226175844,0.0013576379780824183,0.0001324169446979341,0.0,0.010902328185702055,0.0,0.001580719,0.000120286,213.02602636569492,-0.054317631,-2.215397303,9.755595834467883e-05,5.042268453815105,0.0006268980175730626,0.000337484,12.353281593623304,30.599841029462066,-54.45361248483091,16.683966929959894,-0.27755845538411683,51.25004873282297,-3.303464837307427,4.380552152702238
2184,0.00019410773309749298,3.2234292300152646e-05,1.31E-05,5.71E-06,4.60E-05,3.07E-05,1.33E-05,0.00041379317387050277,1.7781962261826436,0.000108284,0.0019900116866058306,0,0,3.02E-05,0.000486948,5.28E-06,0.203931976,0,-0.156507202,3.52E-06,2.36E-05,3.56E-06,0,0.000528155,9.21E-06,3.97E-06,0.06526808008870398,0.08401469755245312,0.025022978168100556,0.007522921205911774,0.001337375440122747,0.0001304405723890097,0.0,0.01073960666541351,0.0,0.001557126,0.00011849,211.79351153983134,-0.055075394,-2.24614876,9.60901759989324e-05,5.03555833533798,0.000617541912480768,0.000332447,12.162844952390763,30.189231594967566,-55.54793396004988,16.130888486862425,-0.28849048605363026,51.15010546240961,-3.331343605545129,4.315170776776193
2185,0.00019116670683844007,3.174091027515031e-05,1.29E-05,5.62E-06,4.53E-05,3.02E-05,1.31E-05,0.00040752286458988293,1.751253859274329,0.000106643,0.001959859719785688,0,0,2.97E-05,0.00047957,5.20E-06,0.197104857,0,-0.158695348,3.47E-06,2.32E-05,3.51E-06,0,0.000520153,9.07E-06,3.91E-06,0.06427916982746248,0.08274174717549646,0.024643842367667968,0.007408936877257605,0.0013171116407213797,0.00012846420008008535,0.0,0.010576885145124964,0.0,0.001533533,0.000116695,210.56099660713343,-0.055833157,-2.276900217,9.462439365318597e-05,5.028848215853248,0.0006081858073884735,0.00032741,11.972408301236731,29.778622160473066,-56.64225542527404,15.577810054080155,-0.2994225155846472,51.05016218180745,-3.3592223726930466,4.249789401648817
2186,0.00018822568057938715,3.124752825014798e-05,1.27E-05,5.54E-06,4.46E-05,2.98E-05,1.29E-05,0.00040125255530926304,1.7243114923660146,0.000105003,0.0019297077529655446,0,0,2.93E-05,0.000472192,5.12E-06,0.190277737,0,-0.160883493,3.41E-06,2.29E-05,3.46E-06,0,0.00051215,8.93E-06,3.85E-06,0.06329025956622102,0.08146879804066193,0.024264705869983118,0.007294953856993535,0.0012968478413200128,0.00012648782777116094,0.0,0.010414164384482557,0.0,0.00150994,0.0001149,209.32848178126983,-0.056590919,-2.307651673,9.315861130743954e-05,5.022138096368516,0.0005988279306421186,0.000322373,11.78197166000419,29.368012716021134,-57.736576900493006,15.024731621297887,-0.3103545462541606,50.9502189113941,-3.387101140930749,4.184408026521441
2187,0.0001852846543203342,3.08089664501459e-05,1.25E-05,5.45E-06,4.39E-05,2.93E-05,1.27E-05,0.00039498224602864314,1.6973691254577,0.000103362,0.0018995557861454019,0,0,2.88E-05,0.000464814,5.04E-06,0.183450618,0,-0.163071638,3.36E-06,2.25E-05,3.40E-06,0,0.000504148,8.79E-06,3.79E-06,0.06230134930497952,0.08019584766370526,0.023885570069550534,0.007180969528339367,0.0012765853033603416,0.00012451145546223656,0.0,0.010251442864194011,0.0,0.001486348,0.000113104,208.09596695540628,-0.057348682,-2.33840313,9.185569366677606e-05,5.015427976883784,0.0005894718255498241,0.000317336,11.591535018771651,28.957403281526638,-58.830898375711975,14.471653178200418,-0.321286576923674,50.85027564098075,-3.4149799091684514,4.119026650595396
2188,0.00018234362806128127,3.031558442514356e-05,1.23E-05,5.36E-06,4.32E-05,2.89E-05,1.25E-05,0.0003887144229927816,1.6704267585493855,0.000101721,0.0018694052134424597,0,0,2.83E-05,0.000457436,4.96E-06,0.176623499,0,-0.165259783,3.31E-06,2.22E-05,3.35E-06,0,0.000496146,8.65E-06,3.73E-06,0.06131243904373803,0.07892289728674859,0.023506434269117946,0.007066986508075296,0.0012563215039589743,0.00012253508315331218,0.0,0.010088721343905467,0.0,0.001462755,0.000111309,206.86345202270834,-0.058106445,-2.369154587,9.038991132102963e-05,5.0087178584066585,0.0005801157204575294,0.000312299,11.401098367617616,28.546793847032138,-59.92521984093613,13.91857474541815,-0.33221860645469103,50.750332360378586,-3.4428586763163693,4.05364527546802
2189,0.00017940260180222836,2.9822202400141227e-05,1.21E-05,5.28E-06,4.25E-05,2.84E-05,1.23E-05,0.00038244411371216177,1.6434843906176824,0.000100081,0.0018392532466223164,0,0,2.79E-05,0.000450058,4.88E-06,0.169796379,0,-0.167447929,3.25E-06,2.18E-05,3.29E-06,0,0.000488143,8.51E-06,3.67E-06,0.060323528782496555,0.07764994815191406,0.02312729777143309,0.006953002179421128,0.001236058965999303,0.00012055871084438777,0.0,0.009925999823616919,0.0,0.001439162,0.000109514,205.63093719684477,-0.058864207,-2.399906043,8.89241289752832e-05,5.002007738921927,0.0005707578437111746,0.000307262,11.210661726385077,28.136184412537638,-61.0195413161551,13.365496312635882,-0.34315063712420446,50.65038908996524,-3.4707374445540715,3.988263900340645
2190,0.00017646157554317545,2.932882037513889e-05,1.19E-05,5.19E-06,4.18E-05,2.79E-05,1.21E-05,0.0003761738044315419,1.616542023709368,9.84E-05,0.0018091012798021734,0,0,2.74E-05,0.00044268,4.80E-06,0.16296926,0,-0.169636074,3.20E-06,2.14E-05,3.24E-06,0,0.000480141,8.37E-06,3.61E-06,0.059334618521255066,0.07637699777495739,0.022748161971000505,0.006839019159157058,0.001215795166597936,0.00011858233853546339,0.0,0.009763279062974512,0.0,0.001415569,0.000107718,204.39842226414683,-0.05962197,-2.4306575,8.745834662953678e-05,4.995297619437195,0.00056140173861888,0.000302225,11.020225085152536,27.72557497804314,-62.11386279137406,12.812417869538411,-0.3540826666552214,50.55044581955189,-3.4986162127917737,3.9228825244145993
2191,0.0001735205492841225,2.883543835013655e-05,1.17E-05,5.10E-06,4.11E-05,2.75E-05,1.19E-05,0.0003699059813956804,1.5895996568010533,9.68E-05,0.0017789493129820304,0,0,2.70E-05,0.000435302,4.72E-06,0.156142141,0,-0.171824219,3.15E-06,2.11E-05,3.19E-06,0,0.000472139,8.23E-06,3.55E-06,0.058345708260013576,0.07510404739800071,0.022369026170567918,0.006725034830502889,0.0011955326286382647,0.00011660596622653899,0.0,0.009600557542685968,0.0,0.001391976,0.000105923,203.16590743828326,-0.060379733,-2.461408957,8.599256428379035e-05,4.988587499952463,0.0005520456335265855,0.000297188,10.829788443919995,27.314965543548645,-63.208184256598216,12.259339436756143,-0.36501469732473485,50.450502549138534,-3.5264949799396916,3.857501149287224
2192,0.0001705795230250696,2.8342056325134217e-05,1.15E-05,5.02E-06,4.04E-05,2.70E-05,1.17E-05,0.0003636356721150605,1.5626572898927389,9.52E-05,0.0017487973461618874,0,0,2.65E-05,0.000427924,4.64E-06,0.149315021,0,-0.174012365,3.09E-06,2.07E-05,3.13E-06,0,0.000464136,8.09E-06,3.49E-06,0.057356797998772094,0.0738310982631662,0.021989889672883067,0.006611051810238819,0.0011752688292368976,0.0001146295939176146,0.0,0.009437836022397422,0.0,0.001368384,0.000104128,201.93339250558532,-0.061137495,-2.492160413,8.452678193804392e-05,4.981877381475337,0.0005426877567802306,0.000292151,10.63935179276596,26.90435610905414,-64.30250573181718,11.706261003973877,-0.3759467279942483,50.35055926853637,-3.554373748177394,3.7921197741598482
2193,0.00016763849676601668,2.784867430013188e-05,1.13E-05,4.93E-06,3.97E-05,2.65E-05,1.15E-05,0.00035736536283444067,1.5357149229844242,9.35E-05,0.001718646773458945,0,0,2.61E-05,0.000420546,4.56E-06,0.142487902,0,-0.17620051,3.04E-06,2.04E-05,3.08E-06,0,0.000456134,7.95E-06,3.43E-06,0.056367887737530604,0.07255814788620951,0.02161075387245048,0.006497067481584651,0.0011550050298355303,0.00011265322160869021,0.0,0.009275114502108876,0.0,0.001344791,0.000102333,200.70087767972177,-0.061895258,-2.52291187,8.306099959229749e-05,4.975167261990606,0.0005333316516879361,0.000287113,10.44891515153342,26.493746674559645,-65.39682720703614,11.153182560876406,-0.38687875752526524,50.250615998123024,-3.582252516415096,3.726738398233803
2194,0.00016469747050696377,2.7355292275129542e-05,1.11E-05,4.84E-06,3.90E-05,2.61E-05,1.13E-05,0.00035109753979857913,1.5087725560761098,9.19E-05,0.001688494806638802,0,0,2.56E-05,0.000413168,4.48E-06,0.135660783,0,-0.178388655,2.99E-06,2.00E-05,3.02E-06,0,0.000448132,7.81E-06,3.37E-06,0.055378977476289115,0.07128519750925284,0.021231618072017896,0.0063830844613205805,0.001134742491875859,0.00011067684929976582,0.0,0.00911239374146647,0.0,0.001321198,0.000100537,199.4683627470238,-0.062653021,-2.553663327,8.159521724655106e-05,4.968457142505874,0.0005239755465956413,0.000282076,10.258478510300879,26.08313724006515,-66.49114867226031,10.600104128094138,-0.3978107881947786,50.150672727709676,-3.610131283563014,3.661357023106427
2195,0.00016175644424791082,2.6861910250127205e-05,1.09E-05,4.76E-06,3.83E-05,2.56E-05,1.11E-05,0.00034482723051795924,1.4818301881444067,9.02E-05,0.0016583428398186588,0,0,2.51E-05,0.00040579,4.40E-06,0.128833663,0,-0.1805768,2.93E-06,1.97E-05,2.97E-06,0,0.000440129,7.67E-06,3.31E-06,0.05439006721504764,0.07001224837441831,0.020852481574333042,0.006269100132666412,0.001114478692474492,0.00010870047699084145,0.0,0.008949672221177924,0.0,0.001297605,9.87E-05,198.23584792116026,-0.063410783,-2.584414783,8.012943490080465e-05,4.961747023021142,0.0005146176698492866,0.000277039,10.068041859146847,25.67252780557065,-67.58547014747927,10.047025692217309,-0.4087428177257956,50.05072945729632,-3.6380100518007166,3.5959756471803823
2196,0.00015881541798885788,2.6368528225124867e-05,1.07E-05,4.67E-06,3.76E-05,2.51E-05,1.09E-05,0.00033855692123733935,1.4548878212360923,8.86E-05,0.001628190872998516,0,0,2.47E-05,0.000398412,4.32E-06,0.122006544,0,-0.182764946,2.88E-06,1.93E-05,2.92E-06,0,0.000432127,7.53E-06,3.25E-06,0.05340115695380615,0.06873929799746165,0.020473345773900455,0.006155117112402342,0.0010942161545148207,0.00010672410468191704,0.0,0.00878695070088938,0.0,0.001274012,9.69E-05,197.00333298846232,-0.064168546,-2.61516624,7.866365255505822e-05,4.955036904544016,0.0005052615647569919,0.000272002,9.877605218906455,25.261918361118713,-68.67979162269825,9.49394725530896,-0.41967484839530905,49.95078617669416,-3.6658888200384188,3.530594272053007
2197,0.00015587439172980497,2.5875146200122533e-05,1.05E-05,4.58E-06,3.69E-05,2.47E-05,1.07E-05,0.00033228661195671945,1.4279454543277776,8.70E-05,0.0015980389061783728,0,0,2.42E-05,0.000391034,4.24E-06,0.115179425,0,-0.184953091,2.83E-06,1.89E-05,2.86E-06,0,0.000424125,7.40E-06,3.19E-06,0.05241224669256466,0.06746634762050498,0.02009420997346787,0.006041132783748173,0.0010739523551134536,0.00010474773237299265,0.0,0.008624229940246971,0.0,0.001250419,9.52E-05,195.77081816259874,-0.064926309,-2.645917697,7.71978702093118e-05,4.948326785059285,0.0004959054596646974,0.000266965,9.687168574697468,24.851308926624217,-69.77411308792239,8.940868819432131,-0.4306068790648224,49.85084290628081,-3.6937675871863362,3.4652128969256313
2198,0.00015293336547075203,2.5381764175120196e-05,1.03E-05,4.50E-06,3.62E-05,2.42E-05,1.05E-05,0.000326018788920858,1.4010030874194632,8.53E-05,0.0015678883334754306,0,0,2.38E-05,0.000383656,4.16E-06,0.108352305,0,-0.187141236,2.77E-06,1.86E-05,2.81E-06,0,0.000416122,7.26E-06,3.13E-06,0.0514233357196317,0.06619339848567045,0.019715073475783017,0.005927149763484104,0.0010536898171537822,0.00010277136006406828,0.0,0.008461508419958425,0.0,0.001226827,9.34E-05,194.5383032299008,-0.065684071,-2.676669153,7.573208786356537e-05,4.941616665574553,0.00048654758291834254,0.000261928,9.496731930488478,24.440699492129717,-70.86843456314136,8.387790383555304,-0.44153890859583944,49.75089963586746,-3.7216463554240384,3.399831520999586
2199,0.00014999233921169912,2.494320237511812e-05,1.01E-05,4.41E-06,3.55E-05,2.37E-05,1.03E-05,0.00031974847964023813,1.3740607205111486,8.37E-05,0.0015377363666552878,0,0,2.33E-05,0.000376278,4.08E-06,0.101525186,0,-0.189329381,2.72E-06,1.82E-05,2.75E-06,0,0.00040812,7.12E-06,3.07E-06,0.05043442545839021,0.06492044810871378,0.01933593767535043,0.0058131654348299346,0.001033426017752415,0.00010079498775514387,0.0,0.008298786899669881,0.0,0.001203234,9.16E-05,193.30578840403723,-0.066441834,-2.70742061,7.426630551781894e-05,4.934906546089821,0.000477191477826048,0.000256891,9.306295286279491,24.03009005763522,-71.96275603836033,7.834711946646955,-0.45247093926535287,49.6509563552653,-3.7495251236617406,3.3344501458722102
2200,0.0001470513129526462,2.4449820350115782e-05,9.90E-06,4.33E-06,3.48E-05,2.33E-05,1.01E-05,0.00031347817035961824,1.3471183536028342,8.20E-05,0.0015075843998351446,0,0,2.29E-05,0.0003689,4.00E-06,0.094698067,0,-0.191517527,2.67E-06,1.79E-05,2.70E-06,0,0.000400117,6.98E-06,3.01E-06,0.04944551519714872,0.06364749773175711,0.018956801874917845,0.005699182414565865,0.0010131634797927438,9.881861544621949e-05,0.0,0.008136065379381337,0.0,0.001179641,8.98E-05,192.0732734713393,-0.067199597,-2.738172067,7.280052317207251e-05,4.928196426605089,0.0004678353727337534,0.000251854,9.115858642070501,23.61948062314072,-73.05707750358447,7.281633510770127,-0.46340296879636983,49.551013084851945,-3.777403890809659,3.269068770744835
2201,0.0001441102866935933,2.3956438325113445e-05,9.70E-06,4.24E-06,3.41E-05,2.28E-05,9.90E-06,0.0003072103473237567,1.3201759866945195,8.04E-05,0.0014774324330150013,0,0,2.24E-05,0.000361522,3.92E-06,0.087870947,0,-0.193705672,2.61E-06,1.75E-05,2.65E-06,0,0.000392115,6.84E-06,2.95E-06,0.04845660493590724,0.06237454859692258,0.01857766537723299,0.005585199394301795,0.0009928996803913767,9.684224313729509e-05,0.0,0.007973344618738928,0.0,0.001156048,8.80E-05,190.84075864547574,-0.067957359,-2.768923523,7.133474082632608e-05,4.921486308127964,0.00045847749598739855,0.000246817,8.925421997861513,23.20887118864622,-74.15139897880344,6.728555074893298,-0.4743349994658832,49.4510698144386,-3.805282659047361,3.203687394818789
2202,0.00014116926043454035,2.3463056300111107e-05,9.50E-06,4.15E-06,3.34E-05,2.23E-05,9.70E-06,0.00030094003804313687,1.2932336187628166,7.88E-05,0.0014472804661948583,0,0,2.19E-05,0.000354144,3.84E-06,0.081043828,0,-0.195893817,2.56E-06,1.72E-05,2.59E-06,0,0.000384113,6.70E-06,2.89E-06,0.04746769467466575,0.061101598219965914,0.018198529576800404,0.005471215065647626,0.0009726358809900096,9.48658708283707e-05,0.0,0.0078106230984503824,0.0,0.001132455,8.62E-05,189.60824381961214,-0.068715122,-2.79967498,6.986895848057966e-05,4.9147761886432315,0.000449121390895104,0.00024178,8.734985353652524,22.798261754151724,-75.2457204540224,6.175476637984949,-0.4852670301353966,49.35112654402525,-3.8331614272850634,3.138306019691414
2203,0.00013822823417548744,2.2969674275108776e-05,9.31E-06,4.07E-06,3.27E-05,2.19E-05,9.49E-06,0.000294669728762517,1.266291251854502,7.71E-05,0.0014171298934919163,0,0,2.15E-05,0.000346766,3.76E-06,0.074216709,0,-0.198081962,2.51E-06,1.68E-05,2.54E-06,0,0.00037611,6.56E-06,2.83E-06,0.04647878441342426,0.05982864784300924,0.01781939377636782,0.005357232045383556,0.0009523733430303382,9.288949851944632e-05,0.0,0.007647901578161838,0.0,0.001108863,8.44E-05,188.37572888691423,-0.069472885,-2.830426437,6.840317613483323e-05,4.9080660691585,0.0004397652858028094,0.000236743,8.544548709443536,22.387652319657228,-76.34004191924657,5.622398202108121,-0.49619905966641364,49.25118326342309,-3.8610401955227656,3.072924644564038
2204,0.0001352872079164345,2.247629225010644e-05,9.11E-06,3.98E-06,3.20E-05,2.14E-05,9.29E-06,0.0002883994194818971,1.2393488849461876,7.55E-05,0.0013869779266717731,0,0,2.10E-05,0.000339388,3.68E-06,0.067389589,0,-0.200270108,2.45E-06,1.64E-05,2.48E-06,0,0.000368108,6.42E-06,2.77E-06,0.04548987415218279,0.05855569870817472,0.017440257278682966,0.005243247716729388,0.0009321095436289711,9.091312621052193e-05,0.0,0.007485180057873292,0.0,0.00108527,8.26E-05,187.14321406105066,-0.070230647,-2.861177893,6.693739378908681e-05,4.901355949673768,0.00043040740905645456,0.000231706,8.354112065234549,21.977042885162724,-77.43436339446554,5.069319766231293,-0.5071310903359271,49.15123999300973,-3.8889189626706835,3.007543268637993
2205,0.00013234618165738158,2.19829102251041e-05,8.91E-06,3.89E-06,3.13E-05,2.09E-05,9.09E-06,0.0002821315964460356,1.212406518037873,7.38E-05,0.00135682595985163,0,0,2.06E-05,0.00033201,3.60E-06,0.06056247,0,-0.202458253,2.40E-06,1.61E-05,2.43E-06,0,0.000360106,6.28E-06,2.71E-06,0.0445009638909413,0.05728274833121804,0.01706112147825038,0.005129264696465317,0.0009118470056692998,8.893675390159754e-05,0.0,0.007322459297230885,0.0,0.001061677,8.08E-05,185.91069912835272,-0.07098841,-2.89192935,6.563447614842332e-05,4.894645831196643,0.00042105130396416,0.000226669,8.16367542201771,21.566433450668228,-78.52868486968451,4.516241329322944,-0.5180631198669441,49.05129672259638,-3.9167977309083857,2.942161893510617
2206,0.00012940515539832864,2.1489528200101764e-05,8.71E-06,3.81E-06,3.06E-05,2.05E-05,8.89E-06,0.0002758612871654157,1.1854641511295585,7.22E-05,0.001326673993031487,0,0,2.01E-05,0.000324632,3.52E-06,0.053735351,0,-0.204646398,2.35E-06,1.57E-05,2.38E-06,0,0.000352103,6.14E-06,2.65E-06,0.043512053629699815,0.05600979795426137,0.01668198567781779,0.005015280367811149,0.0008915832062679328,8.696038159267314e-05,0.0,0.00715973777694234,0.0,0.001038084,7.90E-05,184.67818430248914,-0.071746173,-2.922680807,6.416869380267689e-05,4.88793571171191,0.00041169519887186544,0.000221631,7.973238777808719,21.15582401617373,-79.62300633490865,3.9631628934461154,-0.5289951505364575,48.951353452183035,-3.944676499146088,2.876780518383242
2207,0.00012646412913927573,2.099614617509943e-05,8.51E-06,3.72E-06,3.00E-05,2.00E-05,8.69E-06,0.0002695909778847958,1.1585217842212439,7.05E-05,0.001296522026211344,0,0,1.97E-05,0.000317254,3.44E-06,0.046908231,0,-0.206834544,2.29E-06,1.54E-05,2.32E-06,0,0.000344101,6.00E-06,2.59E-06,0.042523143368458326,0.054736848819426843,0.01630284918013294,0.004901297347547079,0.0008713206683082615,8.498400928374876e-05,0.0,0.006997016256653794,0.0,0.001014491,7.72E-05,183.4456693697912,-0.072503935,-2.953432263,6.270291145693046e-05,4.881225592227179,0.00040233732212551057,0.000216594,7.782802133599732,20.7452145717218,-80.71732781012761,3.410084457569287,-0.5399271812059708,48.85141017158087,-3.972555266294006,2.811399142457196
2208,0.00012352310288022282,2.0502764150097092e-05,8.32E-06,3.63E-06,2.93E-05,1.95E-05,8.48E-06,0.00026332315484893433,1.131579416289541,6.89E-05,0.0012663714535084017,0,0,1.92E-05,0.000309876,3.36E-06,0.040081112,0,-0.209022689,2.24E-06,1.50E-05,2.27E-06,0,0.000336099,5.86E-06,2.53E-06,0.04153423310721684,0.053463898442470174,0.015923713379700354,0.00478731301889291,0.0008510568689068943,8.300763697482437e-05,0.0,0.006834295496011387,0.0,0.000990898,7.54E-05,182.21315454392766,-0.073261698,-2.98418372,6.123712911118403e-05,4.874515472742447,0.00039298121703321604,0.000211557,7.592365489390743,20.334605137227296,-81.81164928534659,2.8570060216924587,-0.5508592107369878,48.75146690116752,-4.0004340345317075,2.7460177673298207
2209,0.00012058207662116988,2.0009382125094755e-05,8.12E-06,3.55E-06,2.86E-05,1.91E-05,8.28E-06,0.00025705284556831444,1.1046370493812263,6.73E-05,0.0012362194866882587,0,0,1.87E-05,0.000302498,3.28E-06,0.033253993,0,-0.211210834,2.19E-06,1.47E-05,2.21E-06,0,0.000328096,5.72E-06,2.47E-06,0.040545322845975354,0.0521909480655135,0.015544577579267766,0.0046733299986288415,0.0008307930695055271,8.103126466589997e-05,0.0,0.006671573975722842,0.0,0.000967306,7.36E-05,180.98063961122972,-0.074019461,-3.014935177,5.977134676543761e-05,4.867805354265322,0.00038362511194092144,0.00020652,7.401928845181755,19.9239957027328,-82.90597075057075,2.30392758478411,-0.5617912414065013,48.65152363075417,-4.02831280276941,2.680636392202445
2210,0.00011764105036211695,1.957082032509268e-05,7.92E-06,3.46E-06,2.79E-05,1.86E-05,8.08E-06,0.0002507825362876946,1.077694682472912,6.56E-05,0.0012060675198681157,0,0,1.83E-05,0.00029512,3.20E-06,0.026426873,0,-0.213398979,2.13E-06,1.43E-05,2.16E-06,0,0.000320094,5.58E-06,2.41E-06,0.03955641258473387,0.05091799893067898,0.015165441081582916,0.004559345669974672,0.0008105305315458559,7.905489235697559e-05,0.0,0.006508852455434296,0.0,0.000943713,7.18E-05,179.74812478536612,-0.074777223,-3.045686633,5.8305564419691186e-05,4.86109523478059,0.0003742672351945666,0.000201483,7.211492200972766,19.513386268238303,-84.0002922257897,1.7508491489072813,-0.5727232709375182,48.55158036034082,-4.0561915699173285,2.6152550162763997
2211,0.00011470002410306404,1.907743830009034e-05,7.72E-06,3.37E-06,2.72E-05,1.81E-05,7.88E-06,0.0002443978597481895,1.0507523155645973,6.40E-05,0.0011759155530479727,0,0,1.78E-05,0.000287742,3.12E-06,0.019599754,0,-0.215587125,2.08E-06,1.39E-05,2.11E-06,0,0.000312092,5.44E-06,2.35E-06,0.03856750232349238,0.0496450485537223,0.01478630528115033,0.004445362649710603,0.0007902667321444888,7.70785200480512e-05,0.0,0.006346130935145751,0.0,0.00092012,7.00E-05,178.5156098526682,-0.075534986,-3.07643809,5.683978207394476e-05,4.854385115295858,0.00036491113010227204,0.000196446,7.021055556763778,19.102776833743803,-85.09461370100867,1.197770713030453,-0.5836553016070316,48.45163707973866,-4.084070338155031,2.549873641149024
2212,0.00011175899784401111,1.8584056275088004e-05,7.52E-06,3.29E-06,2.65E-05,1.77E-05,7.68E-06,0.00023818224785225383,1.0238099486562828,6.23E-05,0.0011457635862278295,0,0,1.74E-05,0.000280364,3.04E-06,0.012772635,0,-0.21777527,2.03E-06,1.36E-05,2.05E-06,0,0.000304089,5.30E-06,2.29E-06,0.0375785920622509,0.048372098176765625,0.014407169480717743,0.0043313783210564335,0.0007700041941848174,7.510214773912681e-05,0.0,0.006183410174503343,0.0,0.000896527,6.82E-05,177.28309502680463,-0.076292749,-3.107189547,5.537399972819833e-05,4.847674995811126,0.0003555550250099774,0.000191409,6.830618912554789,18.692167399249303,-86.18893516623282,0.6446922761221041,-0.594587332276545,48.351693809325305,-4.111949106392733,2.4844922652229786
2213,0.0001088179715849582,1.809067425008567e-05,7.33E-06,3.20E-06,2.58E-05,1.72E-05,7.47E-06,0.00023196663595631821,0.9968675817479683,6.07E-05,0.0011156130135248873,0,0,1.69E-05,0.000272986,2.96E-06,0.005945515,0,-0.219963415,1.97E-06,1.32E-05,2.00E-06,0,0.000296087,5.16E-06,2.23E-06,0.03658968108931793,0.047099149041931104,0.01402803298303289,0.004217395300792364,0.0007497403947834504,7.312577543020242e-05,0.0,0.0060206886542147975,0.0,0.000872934,6.64E-05,176.05058009410672,-0.077050511,-3.137941003,5.39082173824519e-05,4.840964877334001,0.0003461971482636226,0.000186372,6.640182268345801,18.281557964754803,-87.2832566414518,0.09161384024527566,-0.605519361807562,48.251750538911956,-4.13982787354065,2.4191108900956033
2214,0.00010587694532590527,1.7597292225083332e-05,7.13E-06,3.11E-06,2.51E-05,1.68E-05,7.27E-06,0.00022575102406038257,0.9699252148396538,5.91E-05,0.0010854610467047443,0,0,1.65E-05,0.000265608,2.88E-06,-0.000881604,0,-0.22215156,1.92E-06,1.29E-05,1.94E-06,0,0.000288085,5.02E-06,2.17E-06,0.035600770828076445,0.04582619866497443,0.013648897182600303,0.004103410972138195,0.000729477856823779,7.114940312127802e-05,0.0,0.005857967133926252,0.0,0.000849342,6.46E-05,174.81806526824312,-0.077808274,-3.16869246,5.2442435036705475e-05,4.834254757849269,0.000336841043171328,0.000181335,6.4497456241368125,17.870948530260307,-88.37757811667076,-0.4614645956315528,-0.6164513924770755,48.151807258309795,-4.167706641778353,2.353729514968228
2215,0.00010293591906685233,1.7103910200080995e-05,6.93E-06,3.03E-06,2.44E-05,1.63E-05,7.07E-06,0.00021953541216444692,0.9429828469079508,5.74E-05,0.001055309079884601,0,0,1.60E-05,0.00025823,2.80E-06,-0.007708723,0,-0.224339706,1.87E-06,1.25E-05,1.89E-06,0,0.000280082,4.88E-06,2.11E-06,0.03461186056683496,0.04455324828801776,0.013269761382167717,0.003989427951874125,0.0007092140574224119,6.917303081235364e-05,0.0,0.005695245613637707,0.0,0.000825749,6.28E-05,173.58555033554518,-0.078566037,-3.199443917,5.0976652690959054e-05,4.827544638364537,0.0003274849380790334,0.000176298,6.259308979927824,17.46033909576581,-89.47189958189492,-1.0145430325399016,-0.6273834220080925,48.051863987896446,-4.195585410016055,2.2883481390421823
2216,9.999489280779942e-05,1.661052817507866e-05,6.73E-06,2.94E-06,2.37E-05,1.58E-05,6.87E-06,0.00021307117579267383,0.9160404799996362,5.58E-05,0.001025157113064458,0,0,1.55E-05,0.000250852,2.72E-06,-0.014535843,0,-0.226527851,1.81E-06,1.21E-05,1.84E-06,0,0.00027208,4.74E-06,2.05E-06,0.03362295030559347,0.04328029915318323,0.012890624884482865,0.0038754436232199562,0.0006889502580210448,6.719665850342926e-05,0.0,0.0055325248529953,0.0,0.000802156,6.10E-05,172.35303550968163,-0.079323799,-3.230195373,4.9510870345212627e-05,4.8208345188798045,0.00031812706133267854,0.000171261,6.068872335718836,17.049729661271307,-90.56622105711388,-1.5676214684167298,-0.6383154526776059,47.9519207174831,-4.223464177163973,2.222966763914807
2217,9.705386654874649e-05,1.6117146150076323e-05,6.53E-06,2.85E-06,2.30E-05,1.54E-05,6.67E-06,0.0002068555638967382,0.8890981130913218,5.41E-05,0.000995005146244315,0,0,1.51E-05,0.000243474,2.64E-06,-0.021362962,0,-0.228715996,1.76E-06,1.18E-05,1.78E-06,0,0.000264078,4.60E-06,1.99E-06,0.03263404004435199,0.04200734877622656,0.012511489084050278,0.003761460602955887,0.0006686877200613735,6.522028619450485e-05,0.0,0.005369803332706755,0.0,0.000778563,5.92E-05,171.12052068381806,-0.080081562,-3.26094683,4.80450879994662e-05,4.8141244004026795,0.000308770956240384,0.000166224,5.878435691509847,16.63912022677681,-91.66054253233285,-2.1206999042935584,-0.6492474833471193,47.85197744706974,-4.251342945401675,2.1575853887874312
2218,9.4142966038826e-05,1.562376412507399e-05,6.34E-06,2.77E-06,2.23E-05,1.49E-05,6.46E-06,0.00020063995200080256,0.8621557461830073,5.25E-05,0.0009648545735413728,0,0,1.46E-05,0.000236096,2.56E-06,-0.028190081,0,-0.230904141,1.71E-06,1.14E-05,1.73E-06,0,0.000256075,4.46E-06,1.93E-06,0.03164512978311051,0.040734398399269886,0.012132353283617692,0.003647476274301718,0.0006484239206600064,6.324391388558047e-05,0.0,0.005207081812418209,0.0,0.00075497,5.74E-05,169.88800575112012,-0.080839325,-3.291698287,4.657930565371977e-05,4.807414280917948,0.00029941485114808947,0.000161186,5.687999047300858,16.22851078232488,-92.75486399755701,-2.673778341201907,-0.6601795128781363,47.75203416646758,-4.2792217136393775,2.0922040128613855
2219,9.113039112558356e-05,1.5130382100071651e-05,6.14E-06,2.68E-06,2.16E-05,1.44E-05,6.26E-06,0.00019442434010486694,0.8352133792746927,5.09E-05,0.0009347026067212298,0,0,1.42E-05,0.000228718,2.48E-06,-0.035017201,0,-0.233092287,1.65E-06,1.11E-05,1.67E-06,0,0.000248073,4.33E-06,1.87E-06,0.030656219521869015,0.039461449264435365,0.01175321678593284,0.003533493254037648,0.0006281613827003351,6.126754157665609e-05,0.0,0.005044361051775801,0.0,0.000731377,5.57E-05,168.65549092525654,-0.081597087,-3.322449743,4.5113523307973343e-05,4.800704161433216,0.0002900569744017346,0.000156149,5.49756240309187,15.817901347830379,-93.84918547277597,-3.2268567770787357,-0.6711115435476497,47.65209089605423,-4.3071004807872955,2.02682263773401
2220,8.821195917837995e-05,1.4637000075069314e-05,5.94E-06,2.60E-06,2.09E-05,1.40E-05,6.06E-06,0.00018820872820893126,0.8082710123663782,4.92E-05,0.0009045506399010867,0,0,1.37E-05,0.00022134,2.40E-06,-0.04184432,0,-0.235280432,1.60E-06,1.07E-05,1.62E-06,0,0.00024007,4.19E-06,1.81E-06,0.029667309260627533,0.038188498887478696,0.011374080985500253,0.003419508925383479,0.000607897583298968,5.929116926773169e-05,0.0,0.004881639531487256,0.0,0.000707785,5.39E-05,167.4229759925586,-0.08235485,-3.3532012,4.364774096222692e-05,4.793994041948483,0.00028070086930944,0.000151112,5.307125759875031,15.407291913335882,-94.94350694799495,-3.7799352129555643,-0.6820435730786666,47.552147625640885,-4.334979249024998,1.9614412626066347
2221,8.529352723117636e-05,1.4143618050066978e-05,5.74E-06,2.51E-06,2.02E-05,1.35E-05,5.86E-06,0.0001817444918371582,0.7813286444346751,4.76E-05,0.0008743986730809437,0,0,1.33E-05,0.000213962,2.32E-06,-0.048671439,0,-0.237468577,1.55E-06,1.04E-05,1.57E-06,0,0.000232068,4.05E-06,1.75E-06,0.028678398999386047,0.03691554851052202,0.010994945185067667,0.0033055259051194097,0.0005876350453392966,5.73147969588073e-05,0.0,0.004718918011198711,0.0,0.000684192,5.21E-05,166.19046116669506,-0.083112613,-3.383952657,4.2181958616480495e-05,4.7872839234713584,0.0002713447642171454,0.000146075,5.116689115666043,14.996682478841382,-96.03782841321909,-4.333013649863912,-0.69297560374818,47.45220435522752,-4.3628580172627,1.8960598866805891
2222,8.237509528397274e-05,1.3705056250064902e-05,5.54E-06,2.42E-06,1.95E-05,1.30E-05,5.66E-06,0.00017552887994122255,0.7543862775263606,4.59E-05,0.0008442467062608005,0,0,1.28E-05,0.000206584,2.24E-06,-0.055498559,0,-0.239656723,1.49E-06,1.00E-05,1.51E-06,0,0.000224066,3.91E-06,1.69E-06,0.027689488738144558,0.0356425993756875,0.010615808687382815,0.0031915415764652406,0.0005673712459379295,5.533842464988291e-05,0.0,0.004556196490910166,0.0,0.000660599,5.03E-05,164.9579462339971,-0.083870375,-3.414704113,4.071617627073407e-05,4.780573803986627,0.0002619868874707906,0.000141038,4.926252471457055,14.586073044346884,-97.13214988843806,-4.886092085740741,-0.7039076344176934,47.35226107462536,-4.390736784410618,1.8306785115532136
2223,7.936252037073031e-05,1.3211674225062564e-05,5.35E-06,2.34E-06,1.88E-05,1.26E-05,5.45E-06,0.00016931326804528693,0.7274439106180461,4.43E-05,0.0008140961335578584,0,0,1.23E-05,0.000199206,2.16E-06,-0.062325678,0,-0.241844868,1.44E-06,9.65E-06,1.46E-06,0,0.000216063,3.77E-06,1.63E-06,0.026700578476903075,0.03436964899873082,0.010236672886950227,0.003077558556201171,0.0005471074465365624,5.336205234095852e-05,0.0,0.004393475730267759,0.0,0.000637006,4.85E-05,163.72543140813355,-0.084628138,-3.44545557,3.9413258630070577e-05,4.773863684501895,0.00025263078237849597,0.000136001,4.735815827248065,14.175463609852384,-98.22647136365703,-5.439170521617569,-0.7148396639487105,47.25231780421201,-4.41861555264832,1.7652971364258383
2224,7.64440884235267e-05,1.2718292200060229e-05,5.15E-06,2.25E-06,1.81E-05,1.21E-05,5.25E-06,0.00016309765614935126,0.7005015437097316,4.27E-05,0.0007839441667377153,0,0,1.19E-05,0.000191828,2.08E-06,-0.069152797,0,-0.244033013,1.39E-06,9.29E-06,1.40E-06,0,0.000208061,3.63E-06,1.57E-06,0.025711668215661593,0.033096698621774154,0.009857537086517642,0.002963574227547002,0.0005268449085768911,5.138568003203414e-05,0.0,0.004230754209979213,0.0,0.000613413,4.67E-05,162.4929164754356,-0.085385901,-3.476207027,3.794747628432415e-05,4.767153565017163,0.00024327467728620144,0.000130964,4.545379183039077,13.764854175357888,-99.32079282888118,-5.992248958525919,-0.7257716946182238,47.152374533798664,-4.446494320886022,1.699915760499793
2225,7.35256564763231e-05,1.2224910175057891e-05,4.95E-06,2.16E-06,1.74E-05,1.16E-05,5.05E-06,0.00015663341977757822,0.6735591768014171,4.10E-05,0.0007537921999175723,0,0,1.14E-05,0.00018445,2.00E-06,-0.075979917,0,-0.246221158,1.33E-06,8.93E-06,1.35E-06,0,0.000200059,3.49E-06,1.50E-06,0.024722757954420103,0.031823749486939626,0.00947840058883279,0.0028495912072829324,0.000506581109175524,4.9409307723109744e-05,0.0,0.004068032689690668,0.0,0.000589821,4.49E-05,161.26040164957203,-0.086143663,-3.506958483,3.648169393857772e-05,4.760443446540037,0.00023391680053984657,0.000125927,4.354942538830088,13.354244740863388,-100.41511435407422,-6.545327394402747,-0.7367037241492408,47.052431253196495,-4.474373089123724,1.6345343853724175
2226,7.060722452911948e-05,1.1731528150055554e-05,4.75E-06,2.08E-06,1.67E-05,1.12E-05,4.85E-06,0.00015041780788164257,0.6466168098931026,3.94E-05,0.0007236402330974292,0,0,1.10E-05,0.000177072,1.92E-06,-0.082807036,0,-0.248409304,1.28E-06,8.58E-06,1.30E-06,0,0.000192056,3.35E-06,1.44E-06,0.023733847693178618,0.030550799109982957,0.009099264788400202,0.002735608187018863,0.00048631857121585274,4.743293541418535e-05,0.0,0.003905311169402123,0.0,0.000566228,4.31E-05,160.02788671687412,-0.086901426,-3.53770994,3.50159115928313e-05,4.753733327055306,0.000224560695447552,0.00012089,4.1645058946211,12.94363530636889,-101.50943579930873,-7.098405830279575,-0.7476357548187542,46.95248798278315,-4.502251856271642,1.5691530094463717
2227,6.768879258191589e-05,1.123814612505322e-05,4.55E-06,1.99E-06,1.60E-05,1.07E-05,4.65E-06,0.00014420219598570692,0.619674442984788,3.77E-05,0.0006934882662772862,0,0,1.05E-05,0.000169694,1.84E-06,-0.089634155,0,-0.250597449,1.23E-06,8.22E-06,1.24E-06,0,0.000184054,3.21E-06,1.38E-06,0.022744937431937135,0.029277848733026284,0.008720128987967616,0.002621623858364694,0.00046605477181448557,4.545656310526097e-05,0.0,0.003742590408759715,0.0,0.000542635,4.13E-05,158.79537189101052,-0.087659189,-3.568461397,3.355012924708487e-05,4.747023207570574,0.00021520459035525744,0.000115853,3.974069250412112,12.533025871874392,-102.60375724454327,-7.651484267187924,-0.7585677843497712,46.8525447123698,-4.5301306245093445,1.5037716343189964
2228,6.467621766867347e-05,1.0744764100050882e-05,4.36E-06,1.90E-06,1.53E-05,1.02E-05,4.44E-06,0.00013798658408977128,0.5927320750530849,3.61E-05,0.000663337693574344,0,0,1.01E-05,0.000162316,1.76E-06,-0.096461275,0,-0.252785594,1.17E-06,7.86E-06,1.19E-06,0,0.000176052,3.07E-06,1.32E-06,0.021756026459004166,0.02800489959819176,0.008340992490282763,0.0025076408381006243,0.0004457922338548143,4.348019079633657e-05,0.0,0.00357986888847117,0.0,0.000519042,3.95E-05,157.56285695831258,-0.088416951,-3.599212853,3.2084346901338445e-05,4.740313088085842,0.00020584671360890258,0.000110816,3.7836326062031236,12.122416427422458,-103.69807868977779,-8.204562703064752,-0.7694998150192847,46.75260144195645,-4.558009392747047,1.438390259191621
2229,6.175778572146985e-05,1.0251382075048546e-05,4.16E-06,1.82E-06,1.46E-05,9.77E-06,4.24E-06,0.00013177097219383563,0.5657897081447705,3.45E-05,0.0006331857267542008,0,0,9.60E-06,0.000154938,1.68E-06,-0.103288394,0,-0.254973739,1.12E-06,7.50E-06,1.13E-06,0,0.000168049,2.93E-06,1.26E-06,0.02076711619776268,0.026731949221235087,0.007961856689850177,0.002393656509446455,0.00042552843445344717,4.151379177072047e-05,0.0,0.0034171473681826247,0.0,0.000495449,3.77E-05,156.33034213244903,-0.089174714,-3.62996431,3.061856455559202e-05,4.733602968601111,0.00019649060851660802,0.000105779,3.5931959619941347,11.711806992927961,-104.79240023496045,-8.757641138941581,-0.7804318456887981,46.65265816135429,-4.585888159894965,1.3730088832655751
2230,5.883935377426625e-05,9.758000050046209e-06,3.96E-06,1.73E-06,1.39E-05,9.31E-06,4.04E-06,0.00012530673582206256,0.538847341236456,3.28E-05,0.0006030337599340578,0,0,9.14E-06,0.00014756,1.60E-06,-0.110115513,0,-0.257161885,1.07E-06,7.15E-06,1.08E-06,0,0.000160047,2.79E-06,1.20E-06,0.019778205936521194,0.02545899884427841,0.00758272088941759,0.0022796734891823854,0.00040526463505208,3.951913510906422e-05,0.0,0.003254426607540217,0.0,0.000471856,3.59E-05,155.0978271997511,-0.089932477,-3.660715767,2.9152782209845593e-05,4.726892850123985,0.00018713450342431343,0.000100742,3.4027593177851463,11.301197558433461,-105.88672168019498,-9.310719575849928,-0.7913638752198151,46.55271489094093,-4.613766928132668,1.3076275081381998
2231,5.592092182706264e-05,9.264618025043873e-06,3.76E-06,1.64E-06,1.32E-05,8.84E-06,3.84E-06,0.00011909112392612692,0.5119049743281414,3.12E-05,0.0005728817931139147,0,0,8.69E-06,0.000140182,1.52E-06,-0.116942633,0,-0.25935003,1.01E-06,6.79E-06,1.03E-06,0,0.000152045,2.65E-06,1.14E-06,0.018789295675279708,0.02418604970944389,0.007203584391732738,0.0021656891605282167,0.0003850020970924087,3.7566033794525825e-05,0.0,0.0030917050872516713,0.0,0.000448264,3.41E-05,153.86531237388752,-0.090690239,-3.691467223,2.7686999864099165e-05,4.7201827306392525,0.0001777766266779586,9.57E-05,3.2123226735761583,10.890588123938963,-106.98104312542951,-9.863798011726757,-0.8022959058893285,46.452771620527585,-4.641645696370369,1.2422461330108243
2232,5.29083469138202e-05,8.771236000041537e-06,3.56E-06,1.56E-06,1.25E-05,8.38E-06,3.64E-06,0.00011287551203019128,0.4849626074198269,2.95E-05,0.0005427298262937716,0,0,8.23E-06,0.000132804,1.44E-06,-0.123769752,0,-0.261538175,9.60E-07,6.43E-06,9.72E-07,0,0.000144042,2.51E-06,1.08E-06,0.017800385414038222,0.022913099332487214,0.0068244485913001515,0.002051706140264147,0.00036473829769104166,3.5571377132869586e-05,0.0,0.002928983566963126,0.0,0.000424671,3.23E-05,152.63279754802394,-0.091448002,-3.72221868,2.6221217518352738e-05,4.713472611154521,0.00016848430113183376,9.07E-05,3.0218860293671694,10.479978689444465,-108.07536457066404,-10.416876451729667,-0.8132279354203454,46.35282835011424,-4.669524463518287,1.1768647570847788
2233,4.9989914966616604e-05,8.33267420003946e-06,3.37E-06,1.47E-06,1.18E-05,7.91E-06,3.43E-06,0.00010665990013425564,0.45802024051151236,2.79E-05,0.0005125792535908295,0,0,7.77E-06,0.000125426,1.36E-06,-0.130596871,0,-0.26372632,9.07E-07,6.07E-06,9.18E-07,0,0.00013604,2.37E-06,1.02E-06,0.016811475152796736,0.02164014895553054,0.006445312790867566,0.0019377218116099781,0.00034447575973137033,3.361827581833119e-05,0.0,0.002766262046674581,0.0,0.000401078,3.05E-05,151.400282615326,-0.092205765,-3.752970137,2.4755435172606313e-05,4.70676249166979,0.00015909453461239405,8.56E-05,2.831449385158181,10.069369254949967,-109.16968611584669,-10.969954884511935,-0.8241599660898589,46.252885069512075,-4.697403231755989,1.1114833819574035
2234,4.7071483019413e-05,7.839292175037123e-06,3.17E-06,1.38E-06,1.11E-05,7.45E-06,3.23E-06,0.00010019566376248256,0.4310778725798094,2.63E-05,0.0004824272867706864,0,0,7.31E-06,0.000118048,1.28E-06,-0.137423991,0,-0.265914466,8.53E-07,5.72E-06,8.64E-07,0,0.000128038,2.23E-06,9.63E-07,0.015822564891555254,0.020367199820696017,0.006066176293182713,0.0018237387913459084,0.0003242119603300032,3.162361915667495e-05,0.0,0.0026035412860321737,0.0,0.000377485,2.87E-05,150.16776778946243,-0.092963527,-3.783721593,2.3289652826859886e-05,4.700052373192664,0.0001497047680929543,8.06E-05,2.6410127409491926,9.658759819459723,-110.26400756108123,-11.523033317294203,-0.8350919967593723,46.15294179909872,-4.725281999993691,1.046102006830028
2235,4.415305107220939e-05,7.345910150034787e-06,2.97E-06,1.30E-06,1.04E-05,6.98E-06,3.03E-06,9.398005186654692e-05,0.4041355056714948,2.46E-05,0.00045227531995054336,0,0,6.86E-06,0.00011067,1.20E-06,-0.14425111,0,-0.268102611,8.00E-07,5.36E-06,8.10E-07,0,0.000120035,2.09E-06,9.03E-07,0.014833654630313766,0.019094249443739348,0.005687040492750126,0.0017097544626917395,0.0003039494223703319,2.962896249501871e-05,0.0,0.002440819765743628,0.0,0.000353892,2.69E-05,148.9352528567645,-0.09372129,-3.81447305,2.182387048111346e-05,4.6933422537079315,0.00014031500157351458,7.56E-05,2.4505760977323536,9.248150383969483,-111.35832900631574,-12.076111760391674,-0.8460240262903892,46.05299852868537,-4.75316076714161,0.9807206309039823
2236,4.114047615896696e-05,6.852528125032451e-06,2.77E-06,1.21E-06,9.75E-06,6.51E-06,2.83E-06,8.776443997061128e-05,0.3771931387631803,2.30E-05,0.00042212335313040024,0,0,6.40E-06,0.000103292,1.12E-06,-0.151078229,0,-0.270290756,7.47E-07,5.00E-06,7.56E-07,0,0.000112033,1.95E-06,8.43E-07,0.013844744369072279,0.017821299066782675,0.00530790469231754,0.00159577144242767,0.00028368562296896476,2.7675861180480312e-05,0.0,0.002278098245455083,0.0,0.000330299,2.51E-05,147.70273803090095,-0.094479053,-3.845224507,2.0358088135367034e-05,4.6866321342232,0.00013092523505407483,7.05E-05,2.2601394535233648,8.83754094847924,-112.45265045155027,-12.62919019317394,-0.8569560569599026,45.95305525827202,-4.781039535379311,0.9153392557766068
2237,3.822204421176335e-05,6.359146100030114e-06,2.57E-06,1.12E-06,9.06E-06,6.05E-06,2.63E-06,8.154882807467563e-05,0.3502507718548658,2.13E-05,0.0003919713863102572,0,0,5.94E-06,9.59E-05,1.04E-06,-0.157905349,0,-0.272478902,6.93E-07,4.65E-06,7.02E-07,0,0.000104031,1.81E-06,7.83E-07,0.012855834107830796,0.01654834993194815,0.004928768194632688,0.001481787113773501,0.00026342182356759765,2.568120451882407e-05,0.0,0.0021153767251665375,0.0,0.000306707,2.33E-05,146.470223098203,-0.095236815,-3.875975963,1.889230578962061e-05,4.679922014738469,0.00012171263394066227,6.55E-05,2.0697028093143763,8.426931512988997,-113.54697199673294,-13.182268625956208,-0.8678880864909196,45.85311197766986,-4.8089183036170144,0.8499578806492314
2238,3.530361226455974e-05,5.865764075027777e-06,2.38E-06,1.04E-06,8.36E-06,5.58E-06,2.42E-06,7.533321617874e-05,0.3233084049465513,1.97E-05,0.00036182081360731504,0,0,5.49E-06,8.85E-05,9.60E-07,-0.164732468,0,-0.274667047,6.40E-07,4.29E-06,6.48E-07,0,9.60E-05,1.67E-06,7.22E-07,0.011866923846589309,0.015275399554991478,0.004549632394200101,0.0013678040935094316,0.00024315928560792637,2.372810320428567e-05,0.0,0.00195265596452413,0.0,0.000283114,2.15E-05,145.2377082723394,-0.095994578,-3.90672742,1.7426523443874178e-05,4.673211896261343,0.00011232286742122251,6.04E-05,1.879266165105388,8.016322077498756,-114.64129344196746,-13.73534706905368,-0.8788201171604331,45.753168707256506,-4.8367970707649315,0.7845765047231859
2239,3.238518031735614e-05,5.372382050025441e-06,2.18E-06,9.52E-07,7.66E-06,5.12E-06,2.22E-06,6.886897980696693e-05,0.29636603803823675,1.80E-05,0.000331668846787172,0,0,5.03E-06,8.12E-05,8.80E-07,-0.171559587,0,-0.276855192,5.87E-07,3.93E-06,5.94E-07,0,8.80E-05,1.53E-06,6.62E-07,0.010878013585347825,0.014002449178034804,0.004170496593767515,0.0012538197648552624,0.00022289548620655923,2.173344654262943e-05,0.0,0.001789934444235585,0.0,0.000259521,1.97E-05,144.0051933396415,-0.096752341,-3.937478877,1.602588698016093e-05,4.66650177677661,0.00010293310090178279,5.54E-05,1.6888295208963997,7.605712643004257,-115.73561488720199,-14.288425501835947,-0.8897521478299464,45.65322543684316,-4.864675839002634,0.7191951295958104
2240,2.9372605404113708e-05,4.88448204752313e-06,1.98E-06,8.65E-07,6.97E-06,4.65E-06,2.02E-06,6.265336791103128e-05,0.2694236711299222,1.64E-05,0.0003015168799670289,0,0,4.57E-06,7.38E-05,8.00E-07,-0.178386707,0,-0.279043337,5.33E-07,3.57E-06,5.40E-07,0,8.00E-05,1.40E-06,6.02E-07,0.009889103324106337,0.012729500043200281,0.0037913600960826624,0.0011398367445911927,0.00020263294824688792,1.9780345228091032e-05,0.0,0.0016272129239470396,0.0,0.000235928,1.80E-05,142.77267851377792,-0.097510103,-3.968230333,1.4560104634414503e-05,4.659791657291879,9.354333438234306e-05,5.04E-05,1.498392876687411,7.195103207514015,-116.82993643238464,-14.841503934618215,-0.9006841773609634,45.553282156240996,-4.892554607240337,0.6538137544684349
2241,2.64541734569101e-05,4.39658204502082e-06,1.78E-06,7.79E-07,6.27E-06,4.19E-06,1.82E-06,5.643775601509564e-05,0.2424813031982192,1.48E-05,0.0002713649131468858,0,0,4.11E-06,6.64E-05,7.20E-07,-0.185213826,0,-0.281231483,4.80E-07,3.22E-06,4.86E-07,0,7.20E-05,1.26E-06,5.42E-07,0.008900193062864853,0.011456549666243607,0.0034122242956500758,0.001025852415937024,0.00018236914884552083,1.7785688566434793e-05,0.0,0.0014644921633046322,0.0,0.000212335,1.62E-05,141.54016358107998,-0.098267866,-3.99898179,1.3110608759176369e-05,4.6530815378071475,8.415356786290331e-05,4.53E-05,1.3079562324784226,6.784493772023774,-117.92425787761918,-15.394582377715686,-0.9116162080304768,45.45333888582765,-4.920433374388254,0.5884323785423894
2242,2.35357415097065e-05,3.90868204251851e-06,1.58E-06,6.92E-07,5.57E-06,3.72E-06,1.62E-06,5.0222144119159994e-05,0.2155389362899047,1.31E-05,0.00024121294632674278,0,0,3.66E-06,5.90E-05,6.40E-07,-0.192040945,0,-0.283419628,4.27E-07,2.86E-06,4.32E-07,0,6.40E-05,1.12E-06,4.82E-07,0.007911282801623367,0.010183599289286934,0.003033088495217489,0.0009118693956729542,0.00016210661088584952,1.5791031904778558e-05,0.0,0.0013017706430160868,0.0,0.000188743,1.44E-05,140.3076487552164,-0.099025629,-4.029733247,1.1661112883938238e-05,4.646371419330022,7.494096674949073e-05,4.03E-05,1.1175195882694342,6.373884336533531,-119.01857932285371,-15.947660810497952,-0.9225482375614938,45.35339561541429,-4.948312142625957,0.523051003415014
2243,2.0617309562502892e-05,3.4207820400161995e-06,1.39E-06,6.06E-07,4.88E-06,3.26E-06,1.41E-06,4.400653222322435e-05,0.18859656938159014,1.15E-05,0.00021106237362380058,0,0,3.20E-06,5.16E-05,5.60E-07,-0.198868065,0,-0.285607773,3.73E-07,2.50E-06,3.78E-07,0,5.60E-05,9.77E-07,4.21E-07,0.0069223718286903985,0.008910650154452412,0.002653951997532637,0.0007978850670187854,0.00014184281148448238,1.3837930590240156e-05,0.0,0.0011390491227275415,0.0,0.00016515,1.26E-05,139.07513382251847,-0.099783391,-4.060484703,1.0195330538191812e-05,4.639661299845289,6.5551200230051e-05,3.53E-05,0.9270829440604458,5.96327490104329,-120.11290076808822,-16.500739243280222,-0.9334802682310073,45.253452345000944,-4.976190910863658,0.4576696274889684
2244,1.7604734649260462e-05,2.9328820375138884e-06,1.19E-06,5.19E-07,4.18E-06,2.79E-06,1.21E-06,3.754229585145128e-05,0.16165420247327564,9.84E-06,0.00018091040680365752,0,0,2.74E-06,4.43E-05,4.80E-07,-0.205695184,0,-0.287795918,3.20E-07,2.14E-06,3.24E-07,0,4.80E-05,8.37E-07,3.61E-07,0.0059334615674489135,0.007637699777495739,0.0022748161971000505,0.0006839020467547158,0.00012160297947533552,1.1843273928583917e-05,0.0,0.0009763276024389961,0.0,0.000141557,1.08E-05,137.84261899665492,-0.100541154,-4.09123616,8.745834662953679e-06,4.632951180360558,5.6161433710611255e-05,3.02E-05,0.7366462998514572,5.552665465553048,-121.20722231327089,-17.05381768637769,-0.9444122989005207,45.15350906439878,-5.004069679101361,0.3922882523615929
2245,1.4686302702056854e-05,2.444982035011578e-06,9.90E-07,4.33E-07,3.48E-06,2.33E-06,1.01E-06,3.132668395551564e-05,0.1347118355649611,8.20E-06,0.00015075843998351446,0,0,2.29E-06,3.69E-05,4.00E-07,-0.212522303,0,-0.289984064,2.67E-07,1.79E-06,2.70E-07,0,4.00E-05,6.98E-07,3.01E-07,0.004944551306207428,0.006364749400539066,0.0018956803966674641,0.0005699177181005468,0.00010129376817291953,9.890172614045516e-06,0.0,0.0008136068417965887,0.0,0.000117964,8.98E-06,136.61010406395698,-0.101298917,-4.121987617,7.280052317207252e-06,4.626241060875826,4.677166719117153e-05,2.52E-05,0.5462096556424688,5.142056030062805,-122.30154375850542,-17.60689611915996,-0.9553443284315377,45.053565793985435,-5.031948446249279,0.32690687723421746
2246,1.176787075485325e-05,1.957082032509268e-06,7.92E-07,3.46E-07,2.79E-06,1.86E-06,8.08E-07,2.5111072059579997e-05,0.10776946865664659,6.56E-06,0.00012059113787416196,0,0,1.83E-06,2.95E-05,3.20E-07,-0.219349423,0,-0.292172209,2.13E-07,1.43E-06,2.16E-07,0,3.20E-05,5.58E-07,2.41E-07,0.003955641044965942,0.005091800265704542,0.0015165438989826118,0.0004559346978364771,8.111070104008376e-05,7.895515952389279e-06,0.0,0.0006508853215080434,0.0,9.44E-05,7.18E-06,135.3775892380934,-0.102056679,-4.152739073,5.830556441969119e-06,4.6195309423987005,3.738190067173179e-05,2.01E-05,0.3557730114334804,4.731446594572564,-123.39586520373994,-18.159974551942227,-0.9662763591010511,44.95362252357208,-5.0598272144869805,0.2615255013081719
2247,8.821195917837996e-06,1.4637000075069314e-06,5.94E-07,2.60E-07,2.09E-06,1.40E-06,6.06E-07,1.882087282089313e-05,0.08082710072494358,4.92E-06,9.04782063356429e-05,0,0,1.37E-06,2.21E-05,2.40E-07,-0.226176542,0,-0.294360354,1.60E-07,1.07E-06,1.62E-07,0,2.40E-05,4.19E-07,1.81E-07,0.0029667307837244567,0.0038188498887478696,0.0011374080985500253,0.0003419503691823083,6.080148973766776e-05,5.942414637850877e-06,0.0,0.00048816380121949804,0.0,7.08E-05,5.39E-06,134.14507441222983,-0.102814442,-4.18349053,4.364774096222692e-06,4.612820822913968,2.799213415229205e-05,1.51E-05,0.1653363672244919,4.320837159082322,-124.49018664897447,-18.713052995039696,-0.977208388632068,44.85367925315873,-5.0877059827246836,0.19614412618079646
2248,5.883935377426625e-06,9.75800005004621e-07,3.96E-07,1.73E-07,1.39E-06,9.31E-07,4.04E-07,1.2530673582206256e-05,0.053884733816629046,3.28E-06,6.0365274797123853e-05,0,0,9.14E-07,1.48E-05,1.60E-07,-0.233003661,0,-0.296548499,1.07E-07,7.15E-07,1.08E-07,0,1.60E-05,2.79E-07,1.20E-07,0.001977820522482971,0.002545899511791197,0.0007582722981174389,0.00022796734891823855,4.049227843525177e-05,3.951913510906423e-06,0.0,0.00032544228093095266,0.0,4.72E-05,3.59E-06,132.9125594795319,-0.103572205,-4.214241987,2.9152782209845594e-06,4.606110703429238,1.8779533038879475e-05,1.01E-05,-0.02510027698449655,3.9102277235920795,-125.58450819415714,-19.266131427821964,-0.9881404193015815,44.75373597255657,-5.115584749872601,0.130762751053421
2249,2.937260540411371e-06,4.884482047523131e-07,1.98E-07,8.65E-08,6.97E-07,4.65E-07,2.02E-07,6.265336791103128e-06,0.026942366908314523,1.64E-06,3.0112931538519054e-05,0,0,4.57E-07,7.38E-06,8.00E-08,-0.239830781,0,-0.298736645,5.33E-08,3.57E-07,5.40E-08,0,8.00E-06,1.40E-07,6.02E-08,0.0009889102612414854,0.0012729503769566722,0.0003791358004325864,0.00011396077763238488,2.0309211302415992e-05,1.9780345228091033e-06,0.0,0.00016272152028854535,0.0,2.36E-05,1.80E-06,131.68004465366832,-0.104329967,-4.244993443,1.4560104634414503e-06,4.599400583944505,9.354333438234304e-06,5.04E-06,-0.21553692119348503,3.4996182881018374,-126.67882963939167,-19.819209860604232,-0.9990724499710949,44.65379270214322,-5.143463518110304,0.06538137512737545
2250,0.0,0.0,0,0,0,0,0,0.0,0.0,0,0.0,0,0,0,0,0,-0.2466579,0,-0.30092479,0,0,0,0,0,0,0,0.0,0.0,0.0,0.0,0.0,0.0,0.0,0.0,0.0,0,0,130.44752972097038,-0.10508773,-4.2757449,0.0,4.5926904654673795,0.0,0,-0.4059735644103242,3.0890088526115957,-127.77315108462618,-20.3722883037017,-1.0100044795021117,44.55384943172987,-5.171342286348006,0.0
2251,0.0,0.0,0,0,0,0,0,0.0,0.0,0,0.0,0,0,0,0,0,-0.2466579,0,-0.30092479,0,0,0,0,0,0,0,0.0,0.0,0.0,0.0,0.0,0.0,0.0,0.0,0.0,0,0,130.44752972097038,-0.10508773,-4.2757449,0.0,4.5926904654673795,0.0,0,-0.4059735644103242,3.0890088526115957,-127.77315108462618,-20.3722883037017,-1.0100044795021117,44.55384943172987,-5.171342286348006,0.0
2252,0.0,0.0,0,0,0,0,0,0.0,0.0,0,0.0,0,0,0,0,0,-0.2466579,0,-0.30092479,0,0,0,0,0,0,0,0.0,0.0,0.0,0.0,0.0,0.0,0.0,0.0,0.0,0,0,130.44752972097038,-0.10508773,-4.2757449,0.0,4.5926904654673795,0.0,0,-0.4059735644103242,3.0890088526115957,-127.77315108462618,-20.3722883037017,-1.0100044795021117,44.55384943172987,-5.171342286348006,0.0
2253,0.0,0.0,0,0,0,0,0,0.0,0.0,0,0.0,0,0,0,0,0,-0.2466579,0,-0.30092479,0,0,0,0,0,0,0,0.0,0.0,0.0,0.0,0.0,0.0,0.0,0.0,0.0,0,0,130.44752972097038,-0.10508773,-4.2757449,0.0,4.5926904654673795,0.0,0,-0.4059735644103242,3.0890088526115957,-127.77315108462618,-20.3722883037017,-1.0100044795021117,44.55384943172987,-5.171342286348006,0.0
2254,0.0,0.0,0,0,0,0,0,0.0,0.0,0,0.0,0,0,0,0,0,-0.2466579,0,-0.30092479,0,0,0,0,0,0,0,0.0,0.0,0.0,0.0,0.0,0.0,0.0,0.0,0.0,0,0,130.44752972097038,-0.10508773,-4.2757449,0.0,4.5926904654673795,0.0,0,-0.4059735644103242,3.0890088526115957,-127.77315108462618,-20.3722883037017,-1.0100044795021117,44.55384943172987,-5.171342286348006,0.0
2255,0.0,0.0,0,0,0,0,0,0.0,0.0,0,0.0,0,0,0,0,0,-0.2466579,0,-0.30092479,0,0,0,0,0,0,0,0.0,0.0,0.0,0.0,0.0,0.0,0.0,0.0,0.0,0,0,130.44752972097038,-0.10508773,-4.2757449,0.0,4.5926904654673795,0.0,0,-0.4059735644103242,3.0890088526115957,-127.77315108462618,-20.3722883037017,-1.0100044795021117,44.55384943172987,-5.171342286348006,0.0
2256,0.0,0.0,0,0,0,0,0,0.0,0.0,0,0.0,0,0,0,0,0,-0.2466579,0,-0.30092479,0,0,0,0,0,0,0,0.0,0.0,0.0,0.0,0.0,0.0,0.0,0.0,0.0,0,0,130.44752972097038,-0.10508773,-4.2757449,0.0,4.5926904654673795,0.0,0,-0.4059735644103242,3.0890088526115957,-127.77315108462618,-20.3722883037017,-1.0100044795021117,44.55384943172987,-5.171342286348006,0.0
2257,0.0,0.0,0,0,0,0,0,0.0,0.0,0,0.0,0,0,0,0,0,-0.2466579,0,-0.30092479,0,0,0,0,0,0,0,0.0,0.0,0.0,0.0,0.0,0.0,0.0,0.0,0.0,0,0,130.44752972097038,-0.10508773,-4.2757449,0.0,4.5926904654673795,0.0,0,-0.4059735644103242,3.0890088526115957,-127.77315108462618,-20.3722883037017,-1.0100044795021117,44.55384943172987,-5.171342286348006,0.0
2258,0.0,0.0,0,0,0,0,0,0.0,0.0,0,0.0,0,0,0,0,0,-0.2466579,0,-0.30092479,0,0,0,0,0,0,0,0.0,0.0,0.0,0.0,0.0,0.0,0.0,0.0,0.0,0,0,130.44752972097038,-0.10508773,-4.2757449,0.0,4.5926904654673795,0.0,0,-0.4059735644103242,3.0890088526115957,-127.77315108462618,-20.3722883037017,-1.0100044795021117,44.55384943172987,-5.171342286348006,0.0
2259,0.0,0.0,0,0,0,0,0,0.0,0.0,0,0.0,0,0,0,0,0,-0.2466579,0,-0.30092479,0,0,0,0,0,0,0,0.0,0.0,0.0,0.0,0.0,0.0,0.0,0.0,0.0,0,0,130.44752972097038,-0.10508773,-4.2757449,0.0,4.5926904654673795,0.0,0,-0.4059735644103242,3.0890088526115957,-127.77315108462618,-20.3722883037017,-1.0100044795021117,44.55384943172987,-5.171342286348006,0.0
2260,0.0,0.0,0,0,0,0,0,0.0,0.0,0,0.0,0,0,0,0,0,-0.2466579,0,-0.30092479,0,0,0,0,0,0,0,0.0,0.0,0.0,0.0,0.0,0.0,0.0,0.0,0.0,0,0,130.44752972097038,-0.10508773,-4.2757449,0.0,4.5926904654673795,0.0,0,-0.4059735644103242,3.0890088526115957,-127.77315108462618,-20.3722883037017,-1.0100044795021117,44.55384943172987,-5.171342286348006,0.0
2261,0.0,0.0,0,0,0,0,0,0.0,0.0,0,0.0,0,0,0,0,0,-0.2466579,0,-0.30092479,0,0,0,0,0,0,0,0.0,0.0,0.0,0.0,0.0,0.0,0.0,0.0,0.0,0,0,130.44752972097038,-0.10508773,-4.2757449,0.0,4.5926904654673795,0.0,0,-0.4059735644103242,3.0890088526115957,-127.77315108462618,-20.3722883037017,-1.0100044795021117,44.55384943172987,-5.171342286348006,0.0
2262,0.0,0.0,0,0,0,0,0,0.0,0.0,0,0.0,0,0,0,0,0,-0.2466579,0,-0.30092479,0,0,0,0,0,0,0,0.0,0.0,0.0,0.0,0.0,0.0,0.0,0.0,0.0,0,0,130.44752972097038,-0.10508773,-4.2757449,0.0,4.5926904654673795,0.0,0,-0.4059735644103242,3.0890088526115957,-127.77315108462618,-20.3722883037017,-1.0100044795021117,44.55384943172987,-5.171342286348006,0.0
2263,0.0,0.0,0,0,0,0,0,0.0,0.0,0,0.0,0,0,0,0,0,-0.2466579,0,-0.30092479,0,0,0,0,0,0,0,0.0,0.0,0.0,0.0,0.0,0.0,0.0,0.0,0.0,0,0,130.44752972097038,-0.10508773,-4.2757449,0.0,4.5926904654673795,0.0,0,-0.4059735644103242,3.0890088526115957,-127.77315108462618,-20.3722883037017,-1.0100044795021117,44.55384943172987,-5.171342286348006,0.0
2264,0.0,0.0,0,0,0,0,0,0.0,0.0,0,0.0,0,0,0,0,0,-0.2466579,0,-0.30092479,0,0,0,0,0,0,0,0.0,0.0,0.0,0.0,0.0,0.0,0.0,0.0,0.0,0,0,130.44752972097038,-0.10508773,-4.2757449,0.0,4.5926904654673795,0.0,0,-0.4059735644103242,3.0890088526115957,-127.77315108462618,-20.3722883037017,-1.0100044795021117,44.55384943172987,-5.171342286348006,0.0
2265,0.0,0.0,0,0,0,0,0,0.0,0.0,0,0.0,0,0,0,0,0,-0.2466579,0,-0.30092479,0,0,0,0,0,0,0,0.0,0.0,0.0,0.0,0.0,0.0,0.0,0.0,0.0,0,0,130.44752972097038,-0.10508773,-4.2757449,0.0,4.5926904654673795,0.0,0,-0.4059735644103242,3.0890088526115957,-127.77315108462618,-20.3722883037017,-1.0100044795021117,44.55384943172987,-5.171342286348006,0.0
2266,0.0,0.0,0,0,0,0,0,0.0,0.0,0,0.0,0,0,0,0,0,-0.2466579,0,-0.30092479,0,0,0,0,0,0,0,0.0,0.0,0.0,0.0,0.0,0.0,0.0,0.0,0.0,0,0,130.44752972097038,-0.10508773,-4.2757449,0.0,4.5926904654673795,0.0,0,-0.4059735644103242,3.0890088526115957,-127.77315108462618,-20.3722883037017,-1.0100044795021117,44.55384943172987,-5.171342286348006,0.0
2267,0.0,0.0,0,0,0,0,0,0.0,0.0,0,0.0,0,0,0,0,0,-0.2466579,0,-0.30092479,0,0,0,0,0,0,0,0.0,0.0,0.0,0.0,0.0,0.0,0.0,0.0,0.0,0,0,130.44752972097038,-0.10508773,-4.2757449,0.0,4.5926904654673795,0.0,0,-0.4059735644103242,3.0890088526115957,-127.77315108462618,-20.3722883037017,-1.0100044795021117,44.55384943172987,-5.171342286348006,0.0
2268,0.0,0.0,0,0,0,0,0,0.0,0.0,0,0.0,0,0,0,0,0,-0.2466579,0,-0.30092479,0,0,0,0,0,0,0,0.0,0.0,0.0,0.0,0.0,0.0,0.0,0.0,0.0,0,0,130.44752972097038,-0.10508773,-4.2757449,0.0,4.5926904654673795,0.0,0,-0.4059735644103242,3.0890088526115957,-127.77315108462618,-20.3722883037017,-1.0100044795021117,44.55384943172987,-5.171342286348006,0.0
2269,0.0,0.0,0,0,0,0,0,0.0,0.0,0,0.0,0,0,0,0,0,-0.2466579,0,-0.30092479,0,0,0,0,0,0,0,0.0,0.0,0.0,0.0,0.0,0.0,0.0,0.0,0.0,0,0,130.44752972097038,-0.10508773,-4.2757449,0.0,4.5926904654673795,0.0,0,-0.4059735644103242,3.0890088526115957,-127.77315108462618,-20.3722883037017,-1.0100044795021117,44.55384943172987,-5.171342286348006,0.0
2270,0.0,0.0,0,0,0,0,0,0.0,0.0,0,0.0,0,0,0,0,0,-0.2466579,0,-0.30092479,0,0,0,0,0,0,0,0.0,0.0,0.0,0.0,0.0,0.0,0.0,0.0,0.0,0,0,130.44752972097038,-0.10508773,-4.2757449,0.0,4.5926904654673795,0.0,0,-0.4059735644103242,3.0890088526115957,-127.77315108462618,-20.3722883037017,-1.0100044795021117,44.55384943172987,-5.171342286348006,0.0
2271,0.0,0.0,0,0,0,0,0,0.0,0.0,0,0.0,0,0,0,0,0,-0.2466579,0,-0.30092479,0,0,0,0,0,0,0,0.0,0.0,0.0,0.0,0.0,0.0,0.0,0.0,0.0,0,0,130.44752972097038,-0.10508773,-4.2757449,0.0,4.5926904654673795,0.0,0,-0.4059735644103242,3.0890088526115957,-127.77315108462618,-20.3722883037017,-1.0100044795021117,44.55384943172987,-5.171342286348006,0.0
2272,0.0,0.0,0,0,0,0,0,0.0,0.0,0,0.0,0,0,0,0,0,-0.2466579,0,-0.30092479,0,0,0,0,0,0,0,0.0,0.0,0.0,0.0,0.0,0.0,0.0,0.0,0.0,0,0,130.44752972097038,-0.10508773,-4.2757449,0.0,4.5926904654673795,0.0,0,-0.4059735644103242,3.0890088526115957,-127.77315108462618,-20.3722883037017,-1.0100044795021117,44.55384943172987,-5.171342286348006,0.0
2273,0.0,0.0,0,0,0,0,0,0.0,0.0,0,0.0,0,0,0,0,0,-0.2466579,0,-0.30092479,0,0,0,0,0,0,0,0.0,0.0,0.0,0.0,0.0,0.0,0.0,0.0,0.0,0,0,130.44752972097038,-0.10508773,-4.2757449,0.0,4.5926904654673795,0.0,0,-0.4059735644103242,3.0890088526115957,-127.77315108462618,-20.3722883037017,-1.0100044795021117,44.55384943172987,-5.171342286348006,0.0
2274,0.0,0.0,0,0,0,0,0,0.0,0.0,0,0.0,0,0,0,0,0,-0.2466579,0,-0.30092479,0,0,0,0,0,0,0,0.0,0.0,0.0,0.0,0.0,0.0,0.0,0.0,0.0,0,0,130.44752972097038,-0.10508773,-4.2757449,0.0,4.5926904654673795,0.0,0,-0.4059735644103242,3.0890088526115957,-127.77315108462618,-20.3722883037017,-1.0100044795021117,44.55384943172987,-5.171342286348006,0.0
2275,0.0,0.0,0,0,0,0,0,0.0,0.0,0,0.0,0,0,0,0,0,-0.2466579,0,-0.30092479,0,0,0,0,0,0,0,0.0,0.0,0.0,0.0,0.0,0.0,0.0,0.0,0.0,0,0,130.44752972097038,-0.10508773,-4.2757449,0.0,4.5926904654673795,0.0,0,-0.4059735644103242,3.0890088526115957,-127.77315108462618,-20.3722883037017,-1.0100044795021117,44.55384943172987,-5.171342286348006,0.0
2276,0.0,0.0,0,0,0,0,0,0.0,0.0,0,0.0,0,0,0,0,0,-0.2466579,0,-0.30092479,0,0,0,0,0,0,0,0.0,0.0,0.0,0.0,0.0,0.0,0.0,0.0,0.0,0,0,130.44752972097038,-0.10508773,-4.2757449,0.0,4.5926904654673795,0.0,0,-0.4059735644103242,3.0890088526115957,-127.77315108462618,-20.3722883037017,-1.0100044795021117,44.55384943172987,-5.171342286348006,0.0
2277,0.0,0.0,0,0,0,0,0,0.0,0.0,0,0.0,0,0,0,0,0,-0.2466579,0,-0.30092479,0,0,0,0,0,0,0,0.0,0.0,0.0,0.0,0.0,0.0,0.0,0.0,0.0,0,0,130.44752972097038,-0.10508773,-4.2757449,0.0,4.5926904654673795,0.0,0,-0.4059735644103242,3.0890088526115957,-127.77315108462618,-20.3722883037017,-1.0100044795021117,44.55384943172987,-5.171342286348006,0.0
2278,0.0,0.0,0,0,0,0,0,0.0,0.0,0,0.0,0,0,0,0,0,-0.2466579,0,-0.30092479,0,0,0,0,0,0,0,0.0,0.0,0.0,0.0,0.0,0.0,0.0,0.0,0.0,0,0,130.44752972097038,-0.10508773,-4.2757449,0.0,4.5926904654673795,0.0,0,-0.4059735644103242,3.0890088526115957,-127.77315108462618,-20.3722883037017,-1.0100044795021117,44.55384943172987,-5.171342286348006,0.0
2279,0.0,0.0,0,0,0,0,0,0.0,0.0,0,0.0,0,0,0,0,0,-0.2466579,0,-0.30092479,0,0,0,0,0,0,0,0.0,0.0,0.0,0.0,0.0,0.0,0.0,0.0,0.0,0,0,130.44752972097038,-0.10508773,-4.2757449,0.0,4.5926904654673795,0.0,0,-0.4059735644103242,3.0890088526115957,-127.77315108462618,-20.3722883037017,-1.0100044795021117,44.55384943172987,-5.171342286348006,0.0
2280,0.0,0.0,0,0,0,0,0,0.0,0.0,0,0.0,0,0,0,0,0,-0.2466579,0,-0.30092479,0,0,0,0,0,0,0,0.0,0.0,0.0,0.0,0.0,0.0,0.0,0.0,0.0,0,0,130.44752972097038,-0.10508773,-4.2757449,0.0,4.5926904654673795,0.0,0,-0.4059735644103242,3.0890088526115957,-127.77315108462618,-20.3722883037017,-1.0100044795021117,44.55384943172987,-5.171342286348006,0.0
2281,0.0,0.0,0,0,0,0,0,0.0,0.0,0,0.0,0,0,0,0,0,-0.2466579,0,-0.30092479,0,0,0,0,0,0,0,0.0,0.0,0.0,0.0,0.0,0.0,0.0,0.0,0.0,0,0,130.44752972097038,-0.10508773,-4.2757449,0.0,4.5926904654673795,0.0,0,-0.4059735644103242,3.0890088526115957,-127.77315108462618,-20.3722883037017,-1.0100044795021117,44.55384943172987,-5.171342286348006,0.0
2282,0.0,0.0,0,0,0,0,0,0.0,0.0,0,0.0,0,0,0,0,0,-0.2466579,0,-0.30092479,0,0,0,0,0,0,0,0.0,0.0,0.0,0.0,0.0,0.0,0.0,0.0,0.0,0,0,130.44752972097038,-0.10508773,-4.2757449,0.0,4.5926904654673795,0.0,0,-0.4059735644103242,3.0890088526115957,-127.77315108462618,-20.3722883037017,-1.0100044795021117,44.55384943172987,-5.171342286348006,0.0
2283,0.0,0.0,0,0,0,0,0,0.0,0.0,0,0.0,0,0,0,0,0,-0.2466579,0,-0.30092479,0,0,0,0,0,0,0,0.0,0.0,0.0,0.0,0.0,0.0,0.0,0.0,0.0,0,0,130.44752972097038,-0.10508773,-4.2757449,0.0,4.5926904654673795,0.0,0,-0.4059735644103242,3.0890088526115957,-127.77315108462618,-20.3722883037017,-1.0100044795021117,44.55384943172987,-5.171342286348006,0.0
2284,0.0,0.0,0,0,0,0,0,0.0,0.0,0,0.0,0,0,0,0,0,-0.2466579,0,-0.30092479,0,0,0,0,0,0,0,0.0,0.0,0.0,0.0,0.0,0.0,0.0,0.0,0.0,0,0,130.44752972097038,-0.10508773,-4.2757449,0.0,4.5926904654673795,0.0,0,-0.4059735644103242,3.0890088526115957,-127.77315108462618,-20.3722883037017,-1.0100044795021117,44.55384943172987,-5.171342286348006,0.0
2285,0.0,0.0,0,0,0,0,0,0.0,0.0,0,0.0,0,0,0,0,0,-0.2466579,0,-0.30092479,0,0,0,0,0,0,0,0.0,0.0,0.0,0.0,0.0,0.0,0.0,0.0,0.0,0,0,130.44752972097038,-0.10508773,-4.2757449,0.0,4.5926904654673795,0.0,0,-0.4059735644103242,3.0890088526115957,-127.77315108462618,-20.3722883037017,-1.0100044795021117,44.55384943172987,-5.171342286348006,0.0
2286,0.0,0.0,0,0,0,0,0,0.0,0.0,0,0.0,0,0,0,0,0,-0.2466579,0,-0.30092479,0,0,0,0,0,0,0,0.0,0.0,0.0,0.0,0.0,0.0,0.0,0.0,0.0,0,0,130.44752972097038,-0.10508773,-4.2757449,0.0,4.5926904654673795,0.0,0,-0.4059735644103242,3.0890088526115957,-127.77315108462618,-20.3722883037017,-1.0100044795021117,44.55384943172987,-5.171342286348006,0.0
2287,0.0,0.0,0,0,0,0,0,0.0,0.0,0,0.0,0,0,0,0,0,-0.2466579,0,-0.30092479,0,0,0,0,0,0,0,0.0,0.0,0.0,0.0,0.0,0.0,0.0,0.0,0.0,0,0,130.44752972097038,-0.10508773,-4.2757449,0.0,4.5926904654673795,0.0,0,-0.4059735644103242,3.0890088526115957,-127.77315108462618,-20.3722883037017,-1.0100044795021117,44.55384943172987,-5.171342286348006,0.0
2288,0.0,0.0,0,0,0,0,0,0.0,0.0,0,0.0,0,0,0,0,0,-0.2466579,0,-0.30092479,0,0,0,0,0,0,0,0.0,0.0,0.0,0.0,0.0,0.0,0.0,0.0,0.0,0,0,130.44752972097038,-0.10508773,-4.2757449,0.0,4.5926904654673795,0.0,0,-0.4059735644103242,3.0890088526115957,-127.77315108462618,-20.3722883037017,-1.0100044795021117,44.55384943172987,-5.171342286348006,0.0
2289,0.0,0.0,0,0,0,0,0,0.0,0.0,0,0.0,0,0,0,0,0,-0.2466579,0,-0.30092479,0,0,0,0,0,0,0,0.0,0.0,0.0,0.0,0.0,0.0,0.0,0.0,0.0,0,0,130.44752972097038,-0.10508773,-4.2757449,0.0,4.5926904654673795,0.0,0,-0.4059735644103242,3.0890088526115957,-127.77315108462618,-20.3722883037017,-1.0100044795021117,44.55384943172987,-5.171342286348006,0.0
2290,0.0,0.0,0,0,0,0,0,0.0,0.0,0,0.0,0,0,0,0,0,-0.2466579,0,-0.30092479,0,0,0,0,0,0,0,0.0,0.0,0.0,0.0,0.0,0.0,0.0,0.0,0.0,0,0,130.44752972097038,-0.10508773,-4.2757449,0.0,4.5926904654673795,0.0,0,-0.4059735644103242,3.0890088526115957,-127.77315108462618,-20.3722883037017,-1.0100044795021117,44.55384943172987,-5.171342286348006,0.0
2291,0.0,0.0,0,0,0,0,0,0.0,0.0,0,0.0,0,0,0,0,0,-0.2466579,0,-0.30092479,0,0,0,0,0,0,0,0.0,0.0,0.0,0.0,0.0,0.0,0.0,0.0,0.0,0,0,130.44752972097038,-0.10508773,-4.2757449,0.0,4.5926904654673795,0.0,0,-0.4059735644103242,3.0890088526115957,-127.77315108462618,-20.3722883037017,-1.0100044795021117,44.55384943172987,-5.171342286348006,0.0
2292,0.0,0.0,0,0,0,0,0,0.0,0.0,0,0.0,0,0,0,0,0,-0.2466579,0,-0.30092479,0,0,0,0,0,0,0,0.0,0.0,0.0,0.0,0.0,0.0,0.0,0.0,0.0,0,0,130.44752972097038,-0.10508773,-4.2757449,0.0,4.5926904654673795,0.0,0,-0.4059735644103242,3.0890088526115957,-127.77315108462618,-20.3722883037017,-1.0100044795021117,44.55384943172987,-5.171342286348006,0.0
2293,0.0,0.0,0,0,0,0,0,0.0,0.0,0,0.0,0,0,0,0,0,-0.2466579,0,-0.30092479,0,0,0,0,0,0,0,0.0,0.0,0.0,0.0,0.0,0.0,0.0,0.0,0.0,0,0,130.44752972097038,-0.10508773,-4.2757449,0.0,4.5926904654673795,0.0,0,-0.4059735644103242,3.0890088526115957,-127.77315108462618,-20.3722883037017,-1.0100044795021117,44.55384943172987,-5.171342286348006,0.0
2294,0.0,0.0,0,0,0,0,0,0.0,0.0,0,0.0,0,0,0,0,0,-0.2466579,0,-0.30092479,0,0,0,0,0,0,0,0.0,0.0,0.0,0.0,0.0,0.0,0.0,0.0,0.0,0,0,130.44752972097038,-0.10508773,-4.2757449,0.0,4.5926904654673795,0.0,0,-0.4059735644103242,3.0890088526115957,-127.77315108462618,-20.3722883037017,-1.0100044795021117,44.55384943172987,-5.171342286348006,0.0
2295,0.0,0.0,0,0,0,0,0,0.0,0.0,0,0.0,0,0,0,0,0,-0.2466579,0,-0.30092479,0,0,0,0,0,0,0,0.0,0.0,0.0,0.0,0.0,0.0,0.0,0.0,0.0,0,0,130.44752972097038,-0.10508773,-4.2757449,0.0,4.5926904654673795,0.0,0,-0.4059735644103242,3.0890088526115957,-127.77315108462618,-20.3722883037017,-1.0100044795021117,44.55384943172987,-5.171342286348006,0.0
2296,0.0,0.0,0,0,0,0,0,0.0,0.0,0,0.0,0,0,0,0,0,-0.2466579,0,-0.30092479,0,0,0,0,0,0,0,0.0,0.0,0.0,0.0,0.0,0.0,0.0,0.0,0.0,0,0,130.44752972097038,-0.10508773,-4.2757449,0.0,4.5926904654673795,0.0,0,-0.4059735644103242,3.0890088526115957,-127.77315108462618,-20.3722883037017,-1.0100044795021117,44.55384943172987,-5.171342286348006,0.0
2297,0.0,0.0,0,0,0,0,0,0.0,0.0,0,0.0,0,0,0,0,0,-0.2466579,0,-0.30092479,0,0,0,0,0,0,0,0.0,0.0,0.0,0.0,0.0,0.0,0.0,0.0,0.0,0,0,130.44752972097038,-0.10508773,-4.2757449,0.0,4.5926904654673795,0.0,0,-0.4059735644103242,3.0890088526115957,-127.77315108462618,-20.3722883037017,-1.0100044795021117,44.55384943172987,-5.171342286348006,0.0
2298,0.0,0.0,0,0,0,0,0,0.0,0.0,0,0.0,0,0,0,0,0,-0.2466579,0,-0.30092479,0,0,0,0,0,0,0,0.0,0.0,0.0,0.0,0.0,0.0,0.0,0.0,0.0,0,0,130.44752972097038,-0.10508773,-4.2757449,0.0,4.5926904654673795,0.0,0,-0.4059735644103242,3.0890088526115957,-127.77315108462618,-20.3722883037017,-1.0100044795021117,44.55384943172987,-5.171342286348006,0.0
2299,0.0,0.0,0,0,0,0,0,0.0,0.0,0,0.0,0,0,0,0,0,-0.2466579,0,-0.30092479,0,0,0,0,0,0,0,0.0,0.0,0.0,0.0,0.0,0.0,0.0,0.0,0.0,0,0,130.44752972097038,-0.10508773,-4.2757449,0.0,4.5926904654673795,0.0,0,-0.4059735644103242,3.0890088526115957,-127.77315108462618,-20.3722883037017,-1.0100044795021117,44.55384943172987,-5.171342286348006,0.0
2300,0.0,0.0,0,0,0,0,0,0.0,0.0,0,0.0,0,0,0,0,0,-0.2466579,0,-0.30092479,0,0,0,0,0,0,0,0.0,0.0,0.0,0.0,0.0,0.0,0.0,0.0,0.0,0,0,130.44752972097038,-0.10508773,-4.2757449,0.0,4.5926904654673795,0.0,0,-0.4059735644103242,3.0890088526115957,-127.77315108462618,-20.3722883037017,-1.0100044795021117,44.55384943172987,-5.171342286348006,0.0
2301,0.0,0.0,0,0,0,0,0,0.0,0.0,0,0.0,0,0,0,0,0,-0.2466579,0,-0.30092479,0,0,0,0,0,0,0,0.0,0.0,0.0,0.0,0.0,0.0,0.0,0.0,0.0,0,0,130.44752972097038,-0.10508773,-4.2757449,0.0,4.5926904654673795,0.0,0,-0.4059735644103242,3.0890088526115957,-127.77315108462618,-20.3722883037017,-1.0100044795021117,44.55384943172987,-5.171342286348006,0.0
2302,0.0,0.0,0,0,0,0,0,0.0,0.0,0,0.0,0,0,0,0,0,-0.2466579,0,-0.30092479,0,0,0,0,0,0,0,0.0,0.0,0.0,0.0,0.0,0.0,0.0,0.0,0.0,0,0,130.44752972097038,-0.10508773,-4.2757449,0.0,4.5926904654673795,0.0,0,-0.4059735644103242,3.0890088526115957,-127.77315108462618,-20.3722883037017,-1.0100044795021117,44.55384943172987,-5.171342286348006,0.0
2303,0.0,0.0,0,0,0,0,0,0.0,0.0,0,0.0,0,0,0,0,0,-0.2466579,0,-0.30092479,0,0,0,0,0,0,0,0.0,0.0,0.0,0.0,0.0,0.0,0.0,0.0,0.0,0,0,130.44752972097038,-0.10508773,-4.2757449,0.0,4.5926904654673795,0.0,0,-0.4059735644103242,3.0890088526115957,-127.77315108462618,-20.3722883037017,-1.0100044795021117,44.55384943172987,-5.171342286348006,0.0
2304,0.0,0.0,0,0,0,0,0,0.0,0.0,0,0.0,0,0,0,0,0,-0.2466579,0,-0.30092479,0,0,0,0,0,0,0,0.0,0.0,0.0,0.0,0.0,0.0,0.0,0.0,0.0,0,0,130.44752972097038,-0.10508773,-4.2757449,0.0,4.5926904654673795,0.0,0,-0.4059735644103242,3.0890088526115957,-127.77315108462618,-20.3722883037017,-1.0100044795021117,44.55384943172987,-5.171342286348006,0.0
2305,0.0,0.0,0,0,0,0,0,0.0,0.0,0,0.0,0,0,0,0,0,-0.2466579,0,-0.30092479,0,0,0,0,0,0,0,0.0,0.0,0.0,0.0,0.0,0.0,0.0,0.0,0.0,0,0,130.44752972097038,-0.10508773,-4.2757449,0.0,4.5926904654673795,0.0,0,-0.4059735644103242,3.0890088526115957,-127.77315108462618,-20.3722883037017,-1.0100044795021117,44.55384943172987,-5.171342286348006,0.0
2306,0.0,0.0,0,0,0,0,0,0.0,0.0,0,0.0,0,0,0,0,0,-0.2466579,0,-0.30092479,0,0,0,0,0,0,0,0.0,0.0,0.0,0.0,0.0,0.0,0.0,0.0,0.0,0,0,130.44752972097038,-0.10508773,-4.2757449,0.0,4.5926904654673795,0.0,0,-0.4059735644103242,3.0890088526115957,-127.77315108462618,-20.3722883037017,-1.0100044795021117,44.55384943172987,-5.171342286348006,0.0
2307,0.0,0.0,0,0,0,0,0,0.0,0.0,0,0.0,0,0,0,0,0,-0.2466579,0,-0.30092479,0,0,0,0,0,0,0,0.0,0.0,0.0,0.0,0.0,0.0,0.0,0.0,0.0,0,0,130.44752972097038,-0.10508773,-4.2757449,0.0,4.5926904654673795,0.0,0,-0.4059735644103242,3.0890088526115957,-127.77315108462618,-20.3722883037017,-1.0100044795021117,44.55384943172987,-5.171342286348006,0.0
2308,0.0,0.0,0,0,0,0,0,0.0,0.0,0,0.0,0,0,0,0,0,-0.2466579,0,-0.30092479,0,0,0,0,0,0,0,0.0,0.0,0.0,0.0,0.0,0.0,0.0,0.0,0.0,0,0,130.44752972097038,-0.10508773,-4.2757449,0.0,4.5926904654673795,0.0,0,-0.4059735644103242,3.0890088526115957,-127.77315108462618,-20.3722883037017,-1.0100044795021117,44.55384943172987,-5.171342286348006,0.0
2309,0.0,0.0,0,0,0,0,0,0.0,0.0,0,0.0,0,0,0,0,0,-0.2466579,0,-0.30092479,0,0,0,0,0,0,0,0.0,0.0,0.0,0.0,0.0,0.0,0.0,0.0,0.0,0,0,130.44752972097038,-0.10508773,-4.2757449,0.0,4.5926904654673795,0.0,0,-0.4059735644103242,3.0890088526115957,-127.77315108462618,-20.3722883037017,-1.0100044795021117,44.55384943172987,-5.171342286348006,0.0
2310,0.0,0.0,0,0,0,0,0,0.0,0.0,0,0.0,0,0,0,0,0,-0.2466579,0,-0.30092479,0,0,0,0,0,0,0,0.0,0.0,0.0,0.0,0.0,0.0,0.0,0.0,0.0,0,0,130.44752972097038,-0.10508773,-4.2757449,0.0,4.5926904654673795,0.0,0,-0.4059735644103242,3.0890088526115957,-127.77315108462618,-20.3722883037017,-1.0100044795021117,44.55384943172987,-5.171342286348006,0.0
2311,0.0,0.0,0,0,0,0,0,0.0,0.0,0,0.0,0,0,0,0,0,-0.2466579,0,-0.30092479,0,0,0,0,0,0,0,0.0,0.0,0.0,0.0,0.0,0.0,0.0,0.0,0.0,0,0,130.44752972097038,-0.10508773,-4.2757449,0.0,4.5926904654673795,0.0,0,-0.4059735644103242,3.0890088526115957,-127.77315108462618,-20.3722883037017,-1.0100044795021117,44.55384943172987,-5.171342286348006,0.0
2312,0.0,0.0,0,0,0,0,0,0.0,0.0,0,0.0,0,0,0,0,0,-0.2466579,0,-0.30092479,0,0,0,0,0,0,0,0.0,0.0,0.0,0.0,0.0,0.0,0.0,0.0,0.0,0,0,130.44752972097038,-0.10508773,-4.2757449,0.0,4.5926904654673795,0.0,0,-0.4059735644103242,3.0890088526115957,-127.77315108462618,-20.3722883037017,-1.0100044795021117,44.55384943172987,-5.171342286348006,0.0
2313,0.0,0.0,0,0,0,0,0,0.0,0.0,0,0.0,0,0,0,0,0,-0.2466579,0,-0.30092479,0,0,0,0,0,0,0,0.0,0.0,0.0,0.0,0.0,0.0,0.0,0.0,0.0,0,0,130.44752972097038,-0.10508773,-4.2757449,0.0,4.5926904654673795,0.0,0,-0.4059735644103242,3.0890088526115957,-127.77315108462618,-20.3722883037017,-1.0100044795021117,44.55384943172987,-5.171342286348006,0.0
2314,0.0,0.0,0,0,0,0,0,0.0,0.0,0,0.0,0,0,0,0,0,-0.2466579,0,-0.30092479,0,0,0,0,0,0,0,0.0,0.0,0.0,0.0,0.0,0.0,0.0,0.0,0.0,0,0,130.44752972097038,-0.10508773,-4.2757449,0.0,4.5926904654673795,0.0,0,-0.4059735644103242,3.0890088526115957,-127.77315108462618,-20.3722883037017,-1.0100044795021117,44.55384943172987,-5.171342286348006,0.0
2315,0.0,0.0,0,0,0,0,0,0.0,0.0,0,0.0,0,0,0,0,0,-0.2466579,0,-0.30092479,0,0,0,0,0,0,0,0.0,0.0,0.0,0.0,0.0,0.0,0.0,0.0,0.0,0,0,130.44752972097038,-0.10508773,-4.2757449,0.0,4.5926904654673795,0.0,0,-0.4059735644103242,3.0890088526115957,-127.77315108462618,-20.3722883037017,-1.0100044795021117,44.55384943172987,-5.171342286348006,0.0
2316,0.0,0.0,0,0,0,0,0,0.0,0.0,0,0.0,0,0,0,0,0,-0.2466579,0,-0.30092479,0,0,0,0,0,0,0,0.0,0.0,0.0,0.0,0.0,0.0,0.0,0.0,0.0,0,0,130.44752972097038,-0.10508773,-4.2757449,0.0,4.5926904654673795,0.0,0,-0.4059735644103242,3.0890088526115957,-127.77315108462618,-20.3722883037017,-1.0100044795021117,44.55384943172987,-5.171342286348006,0.0
2317,0.0,0.0,0,0,0,0,0,0.0,0.0,0,0.0,0,0,0,0,0,-0.2466579,0,-0.30092479,0,0,0,0,0,0,0,0.0,0.0,0.0,0.0,0.0,0.0,0.0,0.0,0.0,0,0,130.44752972097038,-0.10508773,-4.2757449,0.0,4.5926904654673795,0.0,0,-0.4059735644103242,3.0890088526115957,-127.77315108462618,-20.3722883037017,-1.0100044795021117,44.55384943172987,-5.171342286348006,0.0
2318,0.0,0.0,0,0,0,0,0,0.0,0.0,0,0.0,0,0,0,0,0,-0.2466579,0,-0.30092479,0,0,0,0,0,0,0,0.0,0.0,0.0,0.0,0.0,0.0,0.0,0.0,0.0,0,0,130.44752972097038,-0.10508773,-4.2757449,0.0,4.5926904654673795,0.0,0,-0.4059735644103242,3.0890088526115957,-127.77315108462618,-20.3722883037017,-1.0100044795021117,44.55384943172987,-5.171342286348006,0.0
2319,0.0,0.0,0,0,0,0,0,0.0,0.0,0,0.0,0,0,0,0,0,-0.2466579,0,-0.30092479,0,0,0,0,0,0,0,0.0,0.0,0.0,0.0,0.0,0.0,0.0,0.0,0.0,0,0,130.44752972097038,-0.10508773,-4.2757449,0.0,4.5926904654673795,0.0,0,-0.4059735644103242,3.0890088526115957,-127.77315108462618,-20.3722883037017,-1.0100044795021117,44.55384943172987,-5.171342286348006,0.0
2320,0.0,0.0,0,0,0,0,0,0.0,0.0,0,0.0,0,0,0,0,0,-0.2466579,0,-0.30092479,0,0,0,0,0,0,0,0.0,0.0,0.0,0.0,0.0,0.0,0.0,0.0,0.0,0,0,130.44752972097038,-0.10508773,-4.2757449,0.0,4.5926904654673795,0.0,0,-0.4059735644103242,3.0890088526115957,-127.77315108462618,-20.3722883037017,-1.0100044795021117,44.55384943172987,-5.171342286348006,0.0
2321,0.0,0.0,0,0,0,0,0,0.0,0.0,0,0.0,0,0,0,0,0,-0.2466579,0,-0.30092479,0,0,0,0,0,0,0,0.0,0.0,0.0,0.0,0.0,0.0,0.0,0.0,0.0,0,0,130.44752972097038,-0.10508773,-4.2757449,0.0,4.5926904654673795,0.0,0,-0.4059735644103242,3.0890088526115957,-127.77315108462618,-20.3722883037017,-1.0100044795021117,44.55384943172987,-5.171342286348006,0.0
2322,0.0,0.0,0,0,0,0,0,0.0,0.0,0,0.0,0,0,0,0,0,-0.2466579,0,-0.30092479,0,0,0,0,0,0,0,0.0,0.0,0.0,0.0,0.0,0.0,0.0,0.0,0.0,0,0,130.44752972097038,-0.10508773,-4.2757449,0.0,4.5926904654673795,0.0,0,-0.4059735644103242,3.0890088526115957,-127.77315108462618,-20.3722883037017,-1.0100044795021117,44.55384943172987,-5.171342286348006,0.0
2323,0.0,0.0,0,0,0,0,0,0.0,0.0,0,0.0,0,0,0,0,0,-0.2466579,0,-0.30092479,0,0,0,0,0,0,0,0.0,0.0,0.0,0.0,0.0,0.0,0.0,0.0,0.0,0,0,130.44752972097038,-0.10508773,-4.2757449,0.0,4.5926904654673795,0.0,0,-0.4059735644103242,3.0890088526115957,-127.77315108462618,-20.3722883037017,-1.0100044795021117,44.55384943172987,-5.171342286348006,0.0
2324,0.0,0.0,0,0,0,0,0,0.0,0.0,0,0.0,0,0,0,0,0,-0.2466579,0,-0.30092479,0,0,0,0,0,0,0,0.0,0.0,0.0,0.0,0.0,0.0,0.0,0.0,0.0,0,0,130.44752972097038,-0.10508773,-4.2757449,0.0,4.5926904654673795,0.0,0,-0.4059735644103242,3.0890088526115957,-127.77315108462618,-20.3722883037017,-1.0100044795021117,44.55384943172987,-5.171342286348006,0.0
2325,0.0,0.0,0,0,0,0,0,0.0,0.0,0,0.0,0,0,0,0,0,-0.2466579,0,-0.30092479,0,0,0,0,0,0,0,0.0,0.0,0.0,0.0,0.0,0.0,0.0,0.0,0.0,0,0,130.44752972097038,-0.10508773,-4.2757449,0.0,4.5926904654673795,0.0,0,-0.4059735644103242,3.0890088526115957,-127.77315108462618,-20.3722883037017,-1.0100044795021117,44.55384943172987,-5.171342286348006,0.0
2326,0.0,0.0,0,0,0,0,0,0.0,0.0,0,0.0,0,0,0,0,0,-0.2466579,0,-0.30092479,0,0,0,0,0,0,0,0.0,0.0,0.0,0.0,0.0,0.0,0.0,0.0,0.0,0,0,130.44752972097038,-0.10508773,-4.2757449,0.0,4.5926904654673795,0.0,0,-0.4059735644103242,3.0890088526115957,-127.77315108462618,-20.3722883037017,-1.0100044795021117,44.55384943172987,-5.171342286348006,0.0
2327,0.0,0.0,0,0,0,0,0,0.0,0.0,0,0.0,0,0,0,0,0,-0.2466579,0,-0.30092479,0,0,0,0,0,0,0,0.0,0.0,0.0,0.0,0.0,0.0,0.0,0.0,0.0,0,0,130.44752972097038,-0.10508773,-4.2757449,0.0,4.5926904654673795,0.0,0,-0.4059735644103242,3.0890088526115957,-127.77315108462618,-20.3722883037017,-1.0100044795021117,44.55384943172987,-5.171342286348006,0.0
2328,0.0,0.0,0,0,0,0,0,0.0,0.0,0,0.0,0,0,0,0,0,-0.2466579,0,-0.30092479,0,0,0,0,0,0,0,0.0,0.0,0.0,0.0,0.0,0.0,0.0,0.0,0.0,0,0,130.44752972097038,-0.10508773,-4.2757449,0.0,4.5926904654673795,0.0,0,-0.4059735644103242,3.0890088526115957,-127.77315108462618,-20.3722883037017,-1.0100044795021117,44.55384943172987,-5.171342286348006,0.0
2329,0.0,0.0,0,0,0,0,0,0.0,0.0,0,0.0,0,0,0,0,0,-0.2466579,0,-0.30092479,0,0,0,0,0,0,0,0.0,0.0,0.0,0.0,0.0,0.0,0.0,0.0,0.0,0,0,130.44752972097038,-0.10508773,-4.2757449,0.0,4.5926904654673795,0.0,0,-0.4059735644103242,3.0890088526115957,-127.77315108462618,-20.3722883037017,-1.0100044795021117,44.55384943172987,-5.171342286348006,0.0
2330,0.0,0.0,0,0,0,0,0,0.0,0.0,0,0.0,0,0,0,0,0,-0.2466579,0,-0.30092479,0,0,0,0,0,0,0,0.0,0.0,0.0,0.0,0.0,0.0,0.0,0.0,0.0,0,0,130.44752972097038,-0.10508773,-4.2757449,0.0,4.5926904654673795,0.0,0,-0.4059735644103242,3.0890088526115957,-127.77315108462618,-20.3722883037017,-1.0100044795021117,44.55384943172987,-5.171342286348006,0.0
2331,0.0,0.0,0,0,0,0,0,0.0,0.0,0,0.0,0,0,0,0,0,-0.2466579,0,-0.30092479,0,0,0,0,0,0,0,0.0,0.0,0.0,0.0,0.0,0.0,0.0,0.0,0.0,0,0,130.44752972097038,-0.10508773,-4.2757449,0.0,4.5926904654673795,0.0,0,-0.4059735644103242,3.0890088526115957,-127.77315108462618,-20.3722883037017,-1.0100044795021117,44.55384943172987,-5.171342286348006,0.0
2332,0.0,0.0,0,0,0,0,0,0.0,0.0,0,0.0,0,0,0,0,0,-0.2466579,0,-0.30092479,0,0,0,0,0,0,0,0.0,0.0,0.0,0.0,0.0,0.0,0.0,0.0,0.0,0,0,130.44752972097038,-0.10508773,-4.2757449,0.0,4.5926904654673795,0.0,0,-0.4059735644103242,3.0890088526115957,-127.77315108462618,-20.3722883037017,-1.0100044795021117,44.55384943172987,-5.171342286348006,0.0
2333,0.0,0.0,0,0,0,0,0,0.0,0.0,0,0.0,0,0,0,0,0,-0.2466579,0,-0.30092479,0,0,0,0,0,0,0,0.0,0.0,0.0,0.0,0.0,0.0,0.0,0.0,0.0,0,0,130.44752972097038,-0.10508773,-4.2757449,0.0,4.5926904654673795,0.0,0,-0.4059735644103242,3.0890088526115957,-127.77315108462618,-20.3722883037017,-1.0100044795021117,44.55384943172987,-5.171342286348006,0.0
2334,0.0,0.0,0,0,0,0,0,0.0,0.0,0,0.0,0,0,0,0,0,-0.2466579,0,-0.30092479,0,0,0,0,0,0,0,0.0,0.0,0.0,0.0,0.0,0.0,0.0,0.0,0.0,0,0,130.44752972097038,-0.10508773,-4.2757449,0.0,4.5926904654673795,0.0,0,-0.4059735644103242,3.0890088526115957,-127.77315108462618,-20.3722883037017,-1.0100044795021117,44.55384943172987,-5.171342286348006,0.0
2335,0.0,0.0,0,0,0,0,0,0.0,0.0,0,0.0,0,0,0,0,0,-0.2466579,0,-0.30092479,0,0,0,0,0,0,0,0.0,0.0,0.0,0.0,0.0,0.0,0.0,0.0,0.0,0,0,130.44752972097038,-0.10508773,-4.2757449,0.0,4.5926904654673795,0.0,0,-0.4059735644103242,3.0890088526115957,-127.77315108462618,-20.3722883037017,-1.0100044795021117,44.55384943172987,-5.171342286348006,0.0
2336,0.0,0.0,0,0,0,0,0,0.0,0.0,0,0.0,0,0,0,0,0,-0.2466579,0,-0.30092479,0,0,0,0,0,0,0,0.0,0.0,0.0,0.0,0.0,0.0,0.0,0.0,0.0,0,0,130.44752972097038,-0.10508773,-4.2757449,0.0,4.5926904654673795,0.0,0,-0.4059735644103242,3.0890088526115957,-127.77315108462618,-20.3722883037017,-1.0100044795021117,44.55384943172987,-5.171342286348006,0.0
2337,0.0,0.0,0,0,0,0,0,0.0,0.0,0,0.0,0,0,0,0,0,-0.2466579,0,-0.30092479,0,0,0,0,0,0,0,0.0,0.0,0.0,0.0,0.0,0.0,0.0,0.0,0.0,0,0,130.44752972097038,-0.10508773,-4.2757449,0.0,4.5926904654673795,0.0,0,-0.4059735644103242,3.0890088526115957,-127.77315108462618,-20.3722883037017,-1.0100044795021117,44.55384943172987,-5.171342286348006,0.0
2338,0.0,0.0,0,0,0,0,0,0.0,0.0,0,0.0,0,0,0,0,0,-0.2466579,0,-0.30092479,0,0,0,0,0,0,0,0.0,0.0,0.0,0.0,0.0,0.0,0.0,0.0,0.0,0,0,130.44752972097038,-0.10508773,-4.2757449,0.0,4.5926904654673795,0.0,0,-0.4059735644103242,3.0890088526115957,-127.77315108462618,-20.3722883037017,-1.0100044795021117,44.55384943172987,-5.171342286348006,0.0
2339,0.0,0.0,0,0,0,0,0,0.0,0.0,0,0.0,0,0,0,0,0,-0.2466579,0,-0.30092479,0,0,0,0,0,0,0,0.0,0.0,0.0,0.0,0.0,0.0,0.0,0.0,0.0,0,0,130.44752972097038,-0.10508773,-4.2757449,0.0,4.5926904654673795,0.0,0,-0.4059735644103242,3.0890088526115957,-127.77315108462618,-20.3722883037017,-1.0100044795021117,44.55384943172987,-5.171342286348006,0.0
2340,0.0,0.0,0,0,0,0,0,0.0,0.0,0,0.0,0,0,0,0,0,-0.2466579,0,-0.30092479,0,0,0,0,0,0,0,0.0,0.0,0.0,0.0,0.0,0.0,0.0,0.0,0.0,0,0,130.44752972097038,-0.10508773,-4.2757449,0.0,4.5926904654673795,0.0,0,-0.4059735644103242,3.0890088526115957,-127.77315108462618,-20.3722883037017,-1.0100044795021117,44.55384943172987,-5.171342286348006,0.0
2341,0.0,0.0,0,0,0,0,0,0.0,0.0,0,0.0,0,0,0,0,0,-0.2466579,0,-0.30092479,0,0,0,0,0,0,0,0.0,0.0,0.0,0.0,0.0,0.0,0.0,0.0,0.0,0,0,130.44752972097038,-0.10508773,-4.2757449,0.0,4.5926904654673795,0.0,0,-0.4059735644103242,3.0890088526115957,-127.77315108462618,-20.3722883037017,-1.0100044795021117,44.55384943172987,-5.171342286348006,0.0
2342,0.0,0.0,0,0,0,0,0,0.0,0.0,0,0.0,0,0,0,0,0,-0.2466579,0,-0.30092479,0,0,0,0,0,0,0,0.0,0.0,0.0,0.0,0.0,0.0,0.0,0.0,0.0,0,0,130.44752972097038,-0.10508773,-4.2757449,0.0,4.5926904654673795,0.0,0,-0.4059735644103242,3.0890088526115957,-127.77315108462618,-20.3722883037017,-1.0100044795021117,44.55384943172987,-5.171342286348006,0.0
2343,0.0,0.0,0,0,0,0,0,0.0,0.0,0,0.0,0,0,0,0,0,-0.2466579,0,-0.30092479,0,0,0,0,0,0,0,0.0,0.0,0.0,0.0,0.0,0.0,0.0,0.0,0.0,0,0,130.44752972097038,-0.10508773,-4.2757449,0.0,4.5926904654673795,0.0,0,-0.4059735644103242,3.0890088526115957,-127.77315108462618,-20.3722883037017,-1.0100044795021117,44.55384943172987,-5.171342286348006,0.0
2344,0.0,0.0,0,0,0,0,0,0.0,0.0,0,0.0,0,0,0,0,0,-0.2466579,0,-0.30092479,0,0,0,0,0,0,0,0.0,0.0,0.0,0.0,0.0,0.0,0.0,0.0,0.0,0,0,130.44752972097038,-0.10508773,-4.2757449,0.0,4.5926904654673795,0.0,0,-0.4059735644103242,3.0890088526115957,-127.77315108462618,-20.3722883037017,-1.0100044795021117,44.55384943172987,-5.171342286348006,0.0
2345,0.0,0.0,0,0,0,0,0,0.0,0.0,0,0.0,0,0,0,0,0,-0.2466579,0,-0.30092479,0,0,0,0,0,0,0,0.0,0.0,0.0,0.0,0.0,0.0,0.0,0.0,0.0,0,0,130.44752972097038,-0.10508773,-4.2757449,0.0,4.5926904654673795,0.0,0,-0.4059735644103242,3.0890088526115957,-127.77315108462618,-20.3722883037017,-1.0100044795021117,44.55384943172987,-5.171342286348006,0.0
2346,0.0,0.0,0,0,0,0,0,0.0,0.0,0,0.0,0,0,0,0,0,-0.2466579,0,-0.30092479,0,0,0,0,0,0,0,0.0,0.0,0.0,0.0,0.0,0.0,0.0,0.0,0.0,0,0,130.44752972097038,-0.10508773,-4.2757449,0.0,4.5926904654673795,0.0,0,-0.4059735644103242,3.0890088526115957,-127.77315108462618,-20.3722883037017,-1.0100044795021117,44.55384943172987,-5.171342286348006,0.0
2347,0.0,0.0,0,0,0,0,0,0.0,0.0,0,0.0,0,0,0,0,0,-0.2466579,0,-0.30092479,0,0,0,0,0,0,0,0.0,0.0,0.0,0.0,0.0,0.0,0.0,0.0,0.0,0,0,130.44752972097038,-0.10508773,-4.2757449,0.0,4.5926904654673795,0.0,0,-0.4059735644103242,3.0890088526115957,-127.77315108462618,-20.3722883037017,-1.0100044795021117,44.55384943172987,-5.171342286348006,0.0
2348,0.0,0.0,0,0,0,0,0,0.0,0.0,0,0.0,0,0,0,0,0,-0.2466579,0,-0.30092479,0,0,0,0,0,0,0,0.0,0.0,0.0,0.0,0.0,0.0,0.0,0.0,0.0,0,0,130.44752972097038,-0.10508773,-4.2757449,0.0,4.5926904654673795,0.0,0,-0.4059735644103242,3.0890088526115957,-127.77315108462618,-20.3722883037017,-1.0100044795021117,44.55384943172987,-5.171342286348006,0.0
2349,0.0,0.0,0,0,0,0,0,0.0,0.0,0,0.0,0,0,0,0,0,-0.2466579,0,-0.30092479,0,0,0,0,0,0,0,0.0,0.0,0.0,0.0,0.0,0.0,0.0,0.0,0.0,0,0,130.44752972097038,-0.10508773,-4.2757449,0.0,4.5926904654673795,0.0,0,-0.4059735644103242,3.0890088526115957,-127.77315108462618,-20.3722883037017,-1.0100044795021117,44.55384943172987,-5.171342286348006,0.0
2350,0.0,0.0,0,0,0,0,0,0.0,0.0,0,0.0,0,0,0,0,0,-0.2466579,0,-0.30092479,0,0,0,0,0,0,0,0.0,0.0,0.0,0.0,0.0,0.0,0.0,0.0,0.0,0,0,130.44752972097038,-0.10508773,-4.2757449,0.0,4.5926904654673795,0.0,0,-0.4059735644103242,3.0890088526115957,-127.77315108462618,-20.3722883037017,-1.0100044795021117,44.55384943172987,-5.171342286348006,0.0
2351,0.0,0.0,0,0,0,0,0,0.0,0.0,0,0.0,0,0,0,0,0,-0.2466579,0,-0.30092479,0,0,0,0,0,0,0,0.0,0.0,0.0,0.0,0.0,0.0,0.0,0.0,0.0,0,0,130.44752972097038,-0.10508773,-4.2757449,0.0,4.5926904654673795,0.0,0,-0.4059735644103242,3.0890088526115957,-127.77315108462618,-20.3722883037017,-1.0100044795021117,44.55384943172987,-5.171342286348006,0.0
2352,0.0,0.0,0,0,0,0,0,0.0,0.0,0,0.0,0,0,0,0,0,-0.2466579,0,-0.30092479,0,0,0,0,0,0,0,0.0,0.0,0.0,0.0,0.0,0.0,0.0,0.0,0.0,0,0,130.44752972097038,-0.10508773,-4.2757449,0.0,4.5926904654673795,0.0,0,-0.4059735644103242,3.0890088526115957,-127.77315108462618,-20.3722883037017,-1.0100044795021117,44.55384943172987,-5.171342286348006,0.0
2353,0.0,0.0,0,0,0,0,0,0.0,0.0,0,0.0,0,0,0,0,0,-0.2466579,0,-0.30092479,0,0,0,0,0,0,0,0.0,0.0,0.0,0.0,0.0,0.0,0.0,0.0,0.0,0,0,130.44752972097038,-0.10508773,-4.2757449,0.0,4.5926904654673795,0.0,0,-0.4059735644103242,3.0890088526115957,-127.77315108462618,-20.3722883037017,-1.0100044795021117,44.55384943172987,-5.171342286348006,0.0
2354,0.0,0.0,0,0,0,0,0,0.0,0.0,0,0.0,0,0,0,0,0,-0.2466579,0,-0.30092479,0,0,0,0,0,0,0,0.0,0.0,0.0,0.0,0.0,0.0,0.0,0.0,0.0,0,0,130.44752972097038,-0.10508773,-4.2757449,0.0,4.5926904654673795,0.0,0,-0.4059735644103242,3.0890088526115957,-127.77315108462618,-20.3722883037017,-1.0100044795021117,44.55384943172987,-5.171342286348006,0.0
2355,0.0,0.0,0,0,0,0,0,0.0,0.0,0,0.0,0,0,0,0,0,-0.2466579,0,-0.30092479,0,0,0,0,0,0,0,0.0,0.0,0.0,0.0,0.0,0.0,0.0,0.0,0.0,0,0,130.44752972097038,-0.10508773,-4.2757449,0.0,4.5926904654673795,0.0,0,-0.4059735644103242,3.0890088526115957,-127.77315108462618,-20.3722883037017,-1.0100044795021117,44.55384943172987,-5.171342286348006,0.0
2356,0.0,0.0,0,0,0,0,0,0.0,0.0,0,0.0,0,0,0,0,0,-0.2466579,0,-0.30092479,0,0,0,0,0,0,0,0.0,0.0,0.0,0.0,0.0,0.0,0.0,0.0,0.0,0,0,130.44752972097038,-0.10508773,-4.2757449,0.0,4.5926904654673795,0.0,0,-0.4059735644103242,3.0890088526115957,-127.77315108462618,-20.3722883037017,-1.0100044795021117,44.55384943172987,-5.171342286348006,0.0
2357,0.0,0.0,0,0,0,0,0,0.0,0.0,0,0.0,0,0,0,0,0,-0.2466579,0,-0.30092479,0,0,0,0,0,0,0,0.0,0.0,0.0,0.0,0.0,0.0,0.0,0.0,0.0,0,0,130.44752972097038,-0.10508773,-4.2757449,0.0,4.5926904654673795,0.0,0,-0.4059735644103242,3.0890088526115957,-127.77315108462618,-20.3722883037017,-1.0100044795021117,44.55384943172987,-5.171342286348006,0.0
2358,0.0,0.0,0,0,0,0,0,0.0,0.0,0,0.0,0,0,0,0,0,-0.2466579,0,-0.30092479,0,0,0,0,0,0,0,0.0,0.0,0.0,0.0,0.0,0.0,0.0,0.0,0.0,0,0,130.44752972097038,-0.10508773,-4.2757449,0.0,4.5926904654673795,0.0,0,-0.4059735644103242,3.0890088526115957,-127.77315108462618,-20.3722883037017,-1.0100044795021117,44.55384943172987,-5.171342286348006,0.0
2359,0.0,0.0,0,0,0,0,0,0.0,0.0,0,0.0,0,0,0,0,0,-0.2466579,0,-0.30092479,0,0,0,0,0,0,0,0.0,0.0,0.0,0.0,0.0,0.0,0.0,0.0,0.0,0,0,130.44752972097038,-0.10508773,-4.2757449,0.0,4.5926904654673795,0.0,0,-0.4059735644103242,3.0890088526115957,-127.77315108462618,-20.3722883037017,-1.0100044795021117,44.55384943172987,-5.171342286348006,0.0
2360,0.0,0.0,0,0,0,0,0,0.0,0.0,0,0.0,0,0,0,0,0,-0.2466579,0,-0.30092479,0,0,0,0,0,0,0,0.0,0.0,0.0,0.0,0.0,0.0,0.0,0.0,0.0,0,0,130.44752972097038,-0.10508773,-4.2757449,0.0,4.5926904654673795,0.0,0,-0.4059735644103242,3.0890088526115957,-127.77315108462618,-20.3722883037017,-1.0100044795021117,44.55384943172987,-5.171342286348006,0.0
2361,0.0,0.0,0,0,0,0,0,0.0,0.0,0,0.0,0,0,0,0,0,-0.2466579,0,-0.30092479,0,0,0,0,0,0,0,0.0,0.0,0.0,0.0,0.0,0.0,0.0,0.0,0.0,0,0,130.44752972097038,-0.10508773,-4.2757449,0.0,4.5926904654673795,0.0,0,-0.4059735644103242,3.0890088526115957,-127.77315108462618,-20.3722883037017,-1.0100044795021117,44.55384943172987,-5.171342286348006,0.0
2362,0.0,0.0,0,0,0,0,0,0.0,0.0,0,0.0,0,0,0,0,0,-0.2466579,0,-0.30092479,0,0,0,0,0,0,0,0.0,0.0,0.0,0.0,0.0,0.0,0.0,0.0,0.0,0,0,130.44752972097038,-0.10508773,-4.2757449,0.0,4.5926904654673795,0.0,0,-0.4059735644103242,3.0890088526115957,-127.77315108462618,-20.3722883037017,-1.0100044795021117,44.55384943172987,-5.171342286348006,0.0
2363,0.0,0.0,0,0,0,0,0,0.0,0.0,0,0.0,0,0,0,0,0,-0.2466579,0,-0.30092479,0,0,0,0,0,0,0,0.0,0.0,0.0,0.0,0.0,0.0,0.0,0.0,0.0,0,0,130.44752972097038,-0.10508773,-4.2757449,0.0,4.5926904654673795,0.0,0,-0.4059735644103242,3.0890088526115957,-127.77315108462618,-20.3722883037017,-1.0100044795021117,44.55384943172987,-5.171342286348006,0.0
2364,0.0,0.0,0,0,0,0,0,0.0,0.0,0,0.0,0,0,0,0,0,-0.2466579,0,-0.30092479,0,0,0,0,0,0,0,0.0,0.0,0.0,0.0,0.0,0.0,0.0,0.0,0.0,0,0,130.44752972097038,-0.10508773,-4.2757449,0.0,4.5926904654673795,0.0,0,-0.4059735644103242,3.0890088526115957,-127.77315108462618,-20.3722883037017,-1.0100044795021117,44.55384943172987,-5.171342286348006,0.0
2365,0.0,0.0,0,0,0,0,0,0.0,0.0,0,0.0,0,0,0,0,0,-0.2466579,0,-0.30092479,0,0,0,0,0,0,0,0.0,0.0,0.0,0.0,0.0,0.0,0.0,0.0,0.0,0,0,130.44752972097038,-0.10508773,-4.2757449,0.0,4.5926904654673795,0.0,0,-0.4059735644103242,3.0890088526115957,-127.77315108462618,-20.3722883037017,-1.0100044795021117,44.55384943172987,-5.171342286348006,0.0
2366,0.0,0.0,0,0,0,0,0,0.0,0.0,0,0.0,0,0,0,0,0,-0.2466579,0,-0.30092479,0,0,0,0,0,0,0,0.0,0.0,0.0,0.0,0.0,0.0,0.0,0.0,0.0,0,0,130.44752972097038,-0.10508773,-4.2757449,0.0,4.5926904654673795,0.0,0,-0.4059735644103242,3.0890088526115957,-127.77315108462618,-20.3722883037017,-1.0100044795021117,44.55384943172987,-5.171342286348006,0.0
2367,0.0,0.0,0,0,0,0,0,0.0,0.0,0,0.0,0,0,0,0,0,-0.2466579,0,-0.30092479,0,0,0,0,0,0,0,0.0,0.0,0.0,0.0,0.0,0.0,0.0,0.0,0.0,0,0,130.44752972097038,-0.10508773,-4.2757449,0.0,4.5926904654673795,0.0,0,-0.4059735644103242,3.0890088526115957,-127.77315108462618,-20.3722883037017,-1.0100044795021117,44.55384943172987,-5.171342286348006,0.0
2368,0.0,0.0,0,0,0,0,0,0.0,0.0,0,0.0,0,0,0,0,0,-0.2466579,0,-0.30092479,0,0,0,0,0,0,0,0.0,0.0,0.0,0.0,0.0,0.0,0.0,0.0,0.0,0,0,130.44752972097038,-0.10508773,-4.2757449,0.0,4.5926904654673795,0.0,0,-0.4059735644103242,3.0890088526115957,-127.77315108462618,-20.3722883037017,-1.0100044795021117,44.55384943172987,-5.171342286348006,0.0
2369,0.0,0.0,0,0,0,0,0,0.0,0.0,0,0.0,0,0,0,0,0,-0.2466579,0,-0.30092479,0,0,0,0,0,0,0,0.0,0.0,0.0,0.0,0.0,0.0,0.0,0.0,0.0,0,0,130.44752972097038,-0.10508773,-4.2757449,0.0,4.5926904654673795,0.0,0,-0.4059735644103242,3.0890088526115957,-127.77315108462618,-20.3722883037017,-1.0100044795021117,44.55384943172987,-5.171342286348006,0.0
2370,0.0,0.0,0,0,0,0,0,0.0,0.0,0,0.0,0,0,0,0,0,-0.2466579,0,-0.30092479,0,0,0,0,0,0,0,0.0,0.0,0.0,0.0,0.0,0.0,0.0,0.0,0.0,0,0,130.44752972097038,-0.10508773,-4.2757449,0.0,4.5926904654673795,0.0,0,-0.4059735644103242,3.0890088526115957,-127.77315108462618,-20.3722883037017,-1.0100044795021117,44.55384943172987,-5.171342286348006,0.0
2371,0.0,0.0,0,0,0,0,0,0.0,0.0,0,0.0,0,0,0,0,0,-0.2466579,0,-0.30092479,0,0,0,0,0,0,0,0.0,0.0,0.0,0.0,0.0,0.0,0.0,0.0,0.0,0,0,130.44752972097038,-0.10508773,-4.2757449,0.0,4.5926904654673795,0.0,0,-0.4059735644103242,3.0890088526115957,-127.77315108462618,-20.3722883037017,-1.0100044795021117,44.55384943172987,-5.171342286348006,0.0
2372,0.0,0.0,0,0,0,0,0,0.0,0.0,0,0.0,0,0,0,0,0,-0.2466579,0,-0.30092479,0,0,0,0,0,0,0,0.0,0.0,0.0,0.0,0.0,0.0,0.0,0.0,0.0,0,0,130.44752972097038,-0.10508773,-4.2757449,0.0,4.5926904654673795,0.0,0,-0.4059735644103242,3.0890088526115957,-127.77315108462618,-20.3722883037017,-1.0100044795021117,44.55384943172987,-5.171342286348006,0.0
2373,0.0,0.0,0,0,0,0,0,0.0,0.0,0,0.0,0,0,0,0,0,-0.2466579,0,-0.30092479,0,0,0,0,0,0,0,0.0,0.0,0.0,0.0,0.0,0.0,0.0,0.0,0.0,0,0,130.44752972097038,-0.10508773,-4.2757449,0.0,4.5926904654673795,0.0,0,-0.4059735644103242,3.0890088526115957,-127.77315108462618,-20.3722883037017,-1.0100044795021117,44.55384943172987,-5.171342286348006,0.0
2374,0.0,0.0,0,0,0,0,0,0.0,0.0,0,0.0,0,0,0,0,0,-0.2466579,0,-0.30092479,0,0,0,0,0,0,0,0.0,0.0,0.0,0.0,0.0,0.0,0.0,0.0,0.0,0,0,130.44752972097038,-0.10508773,-4.2757449,0.0,4.5926904654673795,0.0,0,-0.4059735644103242,3.0890088526115957,-127.77315108462618,-20.3722883037017,-1.0100044795021117,44.55384943172987,-5.171342286348006,0.0
2375,0.0,0.0,0,0,0,0,0,0.0,0.0,0,0.0,0,0,0,0,0,-0.2466579,0,-0.30092479,0,0,0,0,0,0,0,0.0,0.0,0.0,0.0,0.0,0.0,0.0,0.0,0.0,0,0,130.44752972097038,-0.10508773,-4.2757449,0.0,4.5926904654673795,0.0,0,-0.4059735644103242,3.0890088526115957,-127.77315108462618,-20.3722883037017,-1.0100044795021117,44.55384943172987,-5.171342286348006,0.0
2376,0.0,0.0,0,0,0,0,0,0.0,0.0,0,0.0,0,0,0,0,0,-0.2466579,0,-0.30092479,0,0,0,0,0,0,0,0.0,0.0,0.0,0.0,0.0,0.0,0.0,0.0,0.0,0,0,130.44752972097038,-0.10508773,-4.2757449,0.0,4.5926904654673795,0.0,0,-0.4059735644103242,3.0890088526115957,-127.77315108462618,-20.3722883037017,-1.0100044795021117,44.55384943172987,-5.171342286348006,0.0
2377,0.0,0.0,0,0,0,0,0,0.0,0.0,0,0.0,0,0,0,0,0,-0.2466579,0,-0.30092479,0,0,0,0,0,0,0,0.0,0.0,0.0,0.0,0.0,0.0,0.0,0.0,0.0,0,0,130.44752972097038,-0.10508773,-4.2757449,0.0,4.5926904654673795,0.0,0,-0.4059735644103242,3.0890088526115957,-127.77315108462618,-20.3722883037017,-1.0100044795021117,44.55384943172987,-5.171342286348006,0.0
2378,0.0,0.0,0,0,0,0,0,0.0,0.0,0,0.0,0,0,0,0,0,-0.2466579,0,-0.30092479,0,0,0,0,0,0,0,0.0,0.0,0.0,0.0,0.0,0.0,0.0,0.0,0.0,0,0,130.44752972097038,-0.10508773,-4.2757449,0.0,4.5926904654673795,0.0,0,-0.4059735644103242,3.0890088526115957,-127.77315108462618,-20.3722883037017,-1.0100044795021117,44.55384943172987,-5.171342286348006,0.0
2379,0.0,0.0,0,0,0,0,0,0.0,0.0,0,0.0,0,0,0,0,0,-0.2466579,0,-0.30092479,0,0,0,0,0,0,0,0.0,0.0,0.0,0.0,0.0,0.0,0.0,0.0,0.0,0,0,130.44752972097038,-0.10508773,-4.2757449,0.0,4.5926904654673795,0.0,0,-0.4059735644103242,3.0890088526115957,-127.77315108462618,-20.3722883037017,-1.0100044795021117,44.55384943172987,-5.171342286348006,0.0
2380,0.0,0.0,0,0,0,0,0,0.0,0.0,0,0.0,0,0,0,0,0,-0.2466579,0,-0.30092479,0,0,0,0,0,0,0,0.0,0.0,0.0,0.0,0.0,0.0,0.0,0.0,0.0,0,0,130.44752972097038,-0.10508773,-4.2757449,0.0,4.5926904654673795,0.0,0,-0.4059735644103242,3.0890088526115957,-127.77315108462618,-20.3722883037017,-1.0100044795021117,44.55384943172987,-5.171342286348006,0.0
2381,0.0,0.0,0,0,0,0,0,0.0,0.0,0,0.0,0,0,0,0,0,-0.2466579,0,-0.30092479,0,0,0,0,0,0,0,0.0,0.0,0.0,0.0,0.0,0.0,0.0,0.0,0.0,0,0,130.44752972097038,-0.10508773,-4.2757449,0.0,4.5926904654673795,0.0,0,-0.4059735644103242,3.0890088526115957,-127.77315108462618,-20.3722883037017,-1.0100044795021117,44.55384943172987,-5.171342286348006,0.0
2382,0.0,0.0,0,0,0,0,0,0.0,0.0,0,0.0,0,0,0,0,0,-0.2466579,0,-0.30092479,0,0,0,0,0,0,0,0.0,0.0,0.0,0.0,0.0,0.0,0.0,0.0,0.0,0,0,130.44752972097038,-0.10508773,-4.2757449,0.0,4.5926904654673795,0.0,0,-0.4059735644103242,3.0890088526115957,-127.77315108462618,-20.3722883037017,-1.0100044795021117,44.55384943172987,-5.171342286348006,0.0
2383,0.0,0.0,0,0,0,0,0,0.0,0.0,0,0.0,0,0,0,0,0,-0.2466579,0,-0.30092479,0,0,0,0,0,0,0,0.0,0.0,0.0,0.0,0.0,0.0,0.0,0.0,0.0,0,0,130.44752972097038,-0.10508773,-4.2757449,0.0,4.5926904654673795,0.0,0,-0.4059735644103242,3.0890088526115957,-127.77315108462618,-20.3722883037017,-1.0100044795021117,44.55384943172987,-5.171342286348006,0.0
2384,0.0,0.0,0,0,0,0,0,0.0,0.0,0,0.0,0,0,0,0,0,-0.2466579,0,-0.30092479,0,0,0,0,0,0,0,0.0,0.0,0.0,0.0,0.0,0.0,0.0,0.0,0.0,0,0,130.44752972097038,-0.10508773,-4.2757449,0.0,4.5926904654673795,0.0,0,-0.4059735644103242,3.0890088526115957,-127.77315108462618,-20.3722883037017,-1.0100044795021117,44.55384943172987,-5.171342286348006,0.0
2385,0.0,0.0,0,0,0,0,0,0.0,0.0,0,0.0,0,0,0,0,0,-0.2466579,0,-0.30092479,0,0,0,0,0,0,0,0.0,0.0,0.0,0.0,0.0,0.0,0.0,0.0,0.0,0,0,130.44752972097038,-0.10508773,-4.2757449,0.0,4.5926904654673795,0.0,0,-0.4059735644103242,3.0890088526115957,-127.77315108462618,-20.3722883037017,-1.0100044795021117,44.55384943172987,-5.171342286348006,0.0
2386,0.0,0.0,0,0,0,0,0,0.0,0.0,0,0.0,0,0,0,0,0,-0.2466579,0,-0.30092479,0,0,0,0,0,0,0,0.0,0.0,0.0,0.0,0.0,0.0,0.0,0.0,0.0,0,0,130.44752972097038,-0.10508773,-4.2757449,0.0,4.5926904654673795,0.0,0,-0.4059735644103242,3.0890088526115957,-127.77315108462618,-20.3722883037017,-1.0100044795021117,44.55384943172987,-5.171342286348006,0.0
2387,0.0,0.0,0,0,0,0,0,0.0,0.0,0,0.0,0,0,0,0,0,-0.2466579,0,-0.30092479,0,0,0,0,0,0,0,0.0,0.0,0.0,0.0,0.0,0.0,0.0,0.0,0.0,0,0,130.44752972097038,-0.10508773,-4.2757449,0.0,4.5926904654673795,0.0,0,-0.4059735644103242,3.0890088526115957,-127.77315108462618,-20.3722883037017,-1.0100044795021117,44.55384943172987,-5.171342286348006,0.0
2388,0.0,0.0,0,0,0,0,0,0.0,0.0,0,0.0,0,0,0,0,0,-0.2466579,0,-0.30092479,0,0,0,0,0,0,0,0.0,0.0,0.0,0.0,0.0,0.0,0.0,0.0,0.0,0,0,130.44752972097038,-0.10508773,-4.2757449,0.0,4.5926904654673795,0.0,0,-0.4059735644103242,3.0890088526115957,-127.77315108462618,-20.3722883037017,-1.0100044795021117,44.55384943172987,-5.171342286348006,0.0
2389,0.0,0.0,0,0,0,0,0,0.0,0.0,0,0.0,0,0,0,0,0,-0.2466579,0,-0.30092479,0,0,0,0,0,0,0,0.0,0.0,0.0,0.0,0.0,0.0,0.0,0.0,0.0,0,0,130.44752972097038,-0.10508773,-4.2757449,0.0,4.5926904654673795,0.0,0,-0.4059735644103242,3.0890088526115957,-127.77315108462618,-20.3722883037017,-1.0100044795021117,44.55384943172987,-5.171342286348006,0.0
2390,0.0,0.0,0,0,0,0,0,0.0,0.0,0,0.0,0,0,0,0,0,-0.2466579,0,-0.30092479,0,0,0,0,0,0,0,0.0,0.0,0.0,0.0,0.0,0.0,0.0,0.0,0.0,0,0,130.44752972097038,-0.10508773,-4.2757449,0.0,4.5926904654673795,0.0,0,-0.4059735644103242,3.0890088526115957,-127.77315108462618,-20.3722883037017,-1.0100044795021117,44.55384943172987,-5.171342286348006,0.0
2391,0.0,0.0,0,0,0,0,0,0.0,0.0,0,0.0,0,0,0,0,0,-0.2466579,0,-0.30092479,0,0,0,0,0,0,0,0.0,0.0,0.0,0.0,0.0,0.0,0.0,0.0,0.0,0,0,130.44752972097038,-0.10508773,-4.2757449,0.0,4.5926904654673795,0.0,0,-0.4059735644103242,3.0890088526115957,-127.77315108462618,-20.3722883037017,-1.0100044795021117,44.55384943172987,-5.171342286348006,0.0
2392,0.0,0.0,0,0,0,0,0,0.0,0.0,0,0.0,0,0,0,0,0,-0.2466579,0,-0.30092479,0,0,0,0,0,0,0,0.0,0.0,0.0,0.0,0.0,0.0,0.0,0.0,0.0,0,0,130.44752972097038,-0.10508773,-4.2757449,0.0,4.5926904654673795,0.0,0,-0.4059735644103242,3.0890088526115957,-127.77315108462618,-20.3722883037017,-1.0100044795021117,44.55384943172987,-5.171342286348006,0.0
2393,0.0,0.0,0,0,0,0,0,0.0,0.0,0,0.0,0,0,0,0,0,-0.2466579,0,-0.30092479,0,0,0,0,0,0,0,0.0,0.0,0.0,0.0,0.0,0.0,0.0,0.0,0.0,0,0,130.44752972097038,-0.10508773,-4.2757449,0.0,4.5926904654673795,0.0,0,-0.4059735644103242,3.0890088526115957,-127.77315108462618,-20.3722883037017,-1.0100044795021117,44.55384943172987,-5.171342286348006,0.0
2394,0.0,0.0,0,0,0,0,0,0.0,0.0,0,0.0,0,0,0,0,0,-0.2466579,0,-0.30092479,0,0,0,0,0,0,0,0.0,0.0,0.0,0.0,0.0,0.0,0.0,0.0,0.0,0,0,130.44752972097038,-0.10508773,-4.2757449,0.0,4.5926904654673795,0.0,0,-0.4059735644103242,3.0890088526115957,-127.77315108462618,-20.3722883037017,-1.0100044795021117,44.55384943172987,-5.171342286348006,0.0
2395,0.0,0.0,0,0,0,0,0,0.0,0.0,0,0.0,0,0,0,0,0,-0.2466579,0,-0.30092479,0,0,0,0,0,0,0,0.0,0.0,0.0,0.0,0.0,0.0,0.0,0.0,0.0,0,0,130.44752972097038,-0.10508773,-4.2757449,0.0,4.5926904654673795,0.0,0,-0.4059735644103242,3.0890088526115957,-127.77315108462618,-20.3722883037017,-1.0100044795021117,44.55384943172987,-5.171342286348006,0.0
2396,0.0,0.0,0,0,0,0,0,0.0,0.0,0,0.0,0,0,0,0,0,-0.2466579,0,-0.30092479,0,0,0,0,0,0,0,0.0,0.0,0.0,0.0,0.0,0.0,0.0,0.0,0.0,0,0,130.44752972097038,-0.10508773,-4.2757449,0.0,4.5926904654673795,0.0,0,-0.4059735644103242,3.0890088526115957,-127.77315108462618,-20.3722883037017,-1.0100044795021117,44.55384943172987,-5.171342286348006,0.0
2397,0.0,0.0,0,0,0,0,0,0.0,0.0,0,0.0,0,0,0,0,0,-0.2466579,0,-0.30092479,0,0,0,0,0,0,0,0.0,0.0,0.0,0.0,0.0,0.0,0.0,0.0,0.0,0,0,130.44752972097038,-0.10508773,-4.2757449,0.0,4.5926904654673795,0.0,0,-0.4059735644103242,3.0890088526115957,-127.77315108462618,-20.3722883037017,-1.0100044795021117,44.55384943172987,-5.171342286348006,0.0
2398,0.0,0.0,0,0,0,0,0,0.0,0.0,0,0.0,0,0,0,0,0,-0.2466579,0,-0.30092479,0,0,0,0,0,0,0,0.0,0.0,0.0,0.0,0.0,0.0,0.0,0.0,0.0,0,0,130.44752972097038,-0.10508773,-4.2757449,0.0,4.5926904654673795,0.0,0,-0.4059735644103242,3.0890088526115957,-127.77315108462618,-20.3722883037017,-1.0100044795021117,44.55384943172987,-5.171342286348006,0.0
2399,0.0,0.0,0,0,0,0,0,0.0,0.0,0,0.0,0,0,0,0,0,-0.2466579,0,-0.30092479,0,0,0,0,0,0,0,0.0,0.0,0.0,0.0,0.0,0.0,0.0,0.0,0.0,0,0,130.44752972097038,-0.10508773,-4.2757449,0.0,4.5926904654673795,0.0,0,-0.4059735644103242,3.0890088526115957,-127.77315108462618,-20.3722883037017,-1.0100044795021117,44.55384943172987,-5.171342286348006,0.0
2400,0.0,0.0,0,0,0,0,0,0.0,0.0,0,0.0,0,0,0,0,0,-0.2466579,0,-0.30092479,0,0,0,0,0,0,0,0.0,0.0,0.0,0.0,0.0,0.0,0.0,0.0,0.0,0,0,130.44752972097038,-0.10508773,-4.2757449,0.0,4.5926904654673795,0.0,0,-0.4059735644103242,3.0890088526115957,-127.77315108462618,-20.3722883037017,-1.0100044795021117,44.55384943172987,-5.171342286348006,0.0
2401,0.0,0.0,0,0,0,0,0,0.0,0.0,0,0.0,0,0,0,0,0,-0.2466579,0,-0.30092479,0,0,0,0,0,0,0,0.0,0.0,0.0,0.0,0.0,0.0,0.0,0.0,0.0,0,0,130.44752972097038,-0.10508773,-4.2757449,0.0,4.5926904654673795,0.0,0,-0.4059735644103242,3.0890088526115957,-127.77315108462618,-20.3722883037017,-1.0100044795021117,44.55384943172987,-5.171342286348006,0.0
2402,0.0,0.0,0,0,0,0,0,0.0,0.0,0,0.0,0,0,0,0,0,-0.2466579,0,-0.30092479,0,0,0,0,0,0,0,0.0,0.0,0.0,0.0,0.0,0.0,0.0,0.0,0.0,0,0,130.44752972097038,-0.10508773,-4.2757449,0.0,4.5926904654673795,0.0,0,-0.4059735644103242,3.0890088526115957,-127.77315108462618,-20.3722883037017,-1.0100044795021117,44.55384943172987,-5.171342286348006,0.0
2403,0.0,0.0,0,0,0,0,0,0.0,0.0,0,0.0,0,0,0,0,0,-0.2466579,0,-0.30092479,0,0,0,0,0,0,0,0.0,0.0,0.0,0.0,0.0,0.0,0.0,0.0,0.0,0,0,130.44752972097038,-0.10508773,-4.2757449,0.0,4.5926904654673795,0.0,0,-0.4059735644103242,3.0890088526115957,-127.77315108462618,-20.3722883037017,-1.0100044795021117,44.55384943172987,-5.171342286348006,0.0
2404,0.0,0.0,0,0,0,0,0,0.0,0.0,0,0.0,0,0,0,0,0,-0.2466579,0,-0.30092479,0,0,0,0,0,0,0,0.0,0.0,0.0,0.0,0.0,0.0,0.0,0.0,0.0,0,0,130.44752972097038,-0.10508773,-4.2757449,0.0,4.5926904654673795,0.0,0,-0.4059735644103242,3.0890088526115957,-127.77315108462618,-20.3722883037017,-1.0100044795021117,44.55384943172987,-5.171342286348006,0.0
2405,0.0,0.0,0,0,0,0,0,0.0,0.0,0,0.0,0,0,0,0,0,-0.2466579,0,-0.30092479,0,0,0,0,0,0,0,0.0,0.0,0.0,0.0,0.0,0.0,0.0,0.0,0.0,0,0,130.44752972097038,-0.10508773,-4.2757449,0.0,4.5926904654673795,0.0,0,-0.4059735644103242,3.0890088526115957,-127.77315108462618,-20.3722883037017,-1.0100044795021117,44.55384943172987,-5.171342286348006,0.0
2406,0.0,0.0,0,0,0,0,0,0.0,0.0,0,0.0,0,0,0,0,0,-0.2466579,0,-0.30092479,0,0,0,0,0,0,0,0.0,0.0,0.0,0.0,0.0,0.0,0.0,0.0,0.0,0,0,130.44752972097038,-0.10508773,-4.2757449,0.0,4.5926904654673795,0.0,0,-0.4059735644103242,3.0890088526115957,-127.77315108462618,-20.3722883037017,-1.0100044795021117,44.55384943172987,-5.171342286348006,0.0
2407,0.0,0.0,0,0,0,0,0,0.0,0.0,0,0.0,0,0,0,0,0,-0.2466579,0,-0.30092479,0,0,0,0,0,0,0,0.0,0.0,0.0,0.0,0.0,0.0,0.0,0.0,0.0,0,0,130.44752972097038,-0.10508773,-4.2757449,0.0,4.5926904654673795,0.0,0,-0.4059735644103242,3.0890088526115957,-127.77315108462618,-20.3722883037017,-1.0100044795021117,44.55384943172987,-5.171342286348006,0.0
2408,0.0,0.0,0,0,0,0,0,0.0,0.0,0,0.0,0,0,0,0,0,-0.2466579,0,-0.30092479,0,0,0,0,0,0,0,0.0,0.0,0.0,0.0,0.0,0.0,0.0,0.0,0.0,0,0,130.44752972097038,-0.10508773,-4.2757449,0.0,4.5926904654673795,0.0,0,-0.4059735644103242,3.0890088526115957,-127.77315108462618,-20.3722883037017,-1.0100044795021117,44.55384943172987,-5.171342286348006,0.0
2409,0.0,0.0,0,0,0,0,0,0.0,0.0,0,0.0,0,0,0,0,0,-0.2466579,0,-0.30092479,0,0,0,0,0,0,0,0.0,0.0,0.0,0.0,0.0,0.0,0.0,0.0,0.0,0,0,130.44752972097038,-0.10508773,-4.2757449,0.0,4.5926904654673795,0.0,0,-0.4059735644103242,3.0890088526115957,-127.77315108462618,-20.3722883037017,-1.0100044795021117,44.55384943172987,-5.171342286348006,0.0
2410,0.0,0.0,0,0,0,0,0,0.0,0.0,0,0.0,0,0,0,0,0,-0.2466579,0,-0.30092479,0,0,0,0,0,0,0,0.0,0.0,0.0,0.0,0.0,0.0,0.0,0.0,0.0,0,0,130.44752972097038,-0.10508773,-4.2757449,0.0,4.5926904654673795,0.0,0,-0.4059735644103242,3.0890088526115957,-127.77315108462618,-20.3722883037017,-1.0100044795021117,44.55384943172987,-5.171342286348006,0.0
2411,0.0,0.0,0,0,0,0,0,0.0,0.0,0,0.0,0,0,0,0,0,-0.2466579,0,-0.30092479,0,0,0,0,0,0,0,0.0,0.0,0.0,0.0,0.0,0.0,0.0,0.0,0.0,0,0,130.44752972097038,-0.10508773,-4.2757449,0.0,4.5926904654673795,0.0,0,-0.4059735644103242,3.0890088526115957,-127.77315108462618,-20.3722883037017,-1.0100044795021117,44.55384943172987,-5.171342286348006,0.0
2412,0.0,0.0,0,0,0,0,0,0.0,0.0,0,0.0,0,0,0,0,0,-0.2466579,0,-0.30092479,0,0,0,0,0,0,0,0.0,0.0,0.0,0.0,0.0,0.0,0.0,0.0,0.0,0,0,130.44752972097038,-0.10508773,-4.2757449,0.0,4.5926904654673795,0.0,0,-0.4059735644103242,3.0890088526115957,-127.77315108462618,-20.3722883037017,-1.0100044795021117,44.55384943172987,-5.171342286348006,0.0
2413,0.0,0.0,0,0,0,0,0,0.0,0.0,0,0.0,0,0,0,0,0,-0.2466579,0,-0.30092479,0,0,0,0,0,0,0,0.0,0.0,0.0,0.0,0.0,0.0,0.0,0.0,0.0,0,0,130.44752972097038,-0.10508773,-4.2757449,0.0,4.5926904654673795,0.0,0,-0.4059735644103242,3.0890088526115957,-127.77315108462618,-20.3722883037017,-1.0100044795021117,44.55384943172987,-5.171342286348006,0.0
2414,0.0,0.0,0,0,0,0,0,0.0,0.0,0,0.0,0,0,0,0,0,-0.2466579,0,-0.30092479,0,0,0,0,0,0,0,0.0,0.0,0.0,0.0,0.0,0.0,0.0,0.0,0.0,0,0,130.44752972097038,-0.10508773,-4.2757449,0.0,4.5926904654673795,0.0,0,-0.4059735644103242,3.0890088526115957,-127.77315108462618,-20.3722883037017,-1.0100044795021117,44.55384943172987,-5.171342286348006,0.0
2415,0.0,0.0,0,0,0,0,0,0.0,0.0,0,0.0,0,0,0,0,0,-0.2466579,0,-0.30092479,0,0,0,0,0,0,0,0.0,0.0,0.0,0.0,0.0,0.0,0.0,0.0,0.0,0,0,130.44752972097038,-0.10508773,-4.2757449,0.0,4.5926904654673795,0.0,0,-0.4059735644103242,3.0890088526115957,-127.77315108462618,-20.3722883037017,-1.0100044795021117,44.55384943172987,-5.171342286348006,0.0
2416,0.0,0.0,0,0,0,0,0,0.0,0.0,0,0.0,0,0,0,0,0,-0.2466579,0,-0.30092479,0,0,0,0,0,0,0,0.0,0.0,0.0,0.0,0.0,0.0,0.0,0.0,0.0,0,0,130.44752972097038,-0.10508773,-4.2757449,0.0,4.5926904654673795,0.0,0,-0.4059735644103242,3.0890088526115957,-127.77315108462618,-20.3722883037017,-1.0100044795021117,44.55384943172987,-5.171342286348006,0.0
2417,0.0,0.0,0,0,0,0,0,0.0,0.0,0,0.0,0,0,0,0,0,-0.2466579,0,-0.30092479,0,0,0,0,0,0,0,0.0,0.0,0.0,0.0,0.0,0.0,0.0,0.0,0.0,0,0,130.44752972097038,-0.10508773,-4.2757449,0.0,4.5926904654673795,0.0,0,-0.4059735644103242,3.0890088526115957,-127.77315108462618,-20.3722883037017,-1.0100044795021117,44.55384943172987,-5.171342286348006,0.0
2418,0.0,0.0,0,0,0,0,0,0.0,0.0,0,0.0,0,0,0,0,0,-0.2466579,0,-0.30092479,0,0,0,0,0,0,0,0.0,0.0,0.0,0.0,0.0,0.0,0.0,0.0,0.0,0,0,130.44752972097038,-0.10508773,-4.2757449,0.0,4.5926904654673795,0.0,0,-0.4059735644103242,3.0890088526115957,-127.77315108462618,-20.3722883037017,-1.0100044795021117,44.55384943172987,-5.171342286348006,0.0
2419,0.0,0.0,0,0,0,0,0,0.0,0.0,0,0.0,0,0,0,0,0,-0.2466579,0,-0.30092479,0,0,0,0,0,0,0,0.0,0.0,0.0,0.0,0.0,0.0,0.0,0.0,0.0,0,0,130.44752972097038,-0.10508773,-4.2757449,0.0,4.5926904654673795,0.0,0,-0.4059735644103242,3.0890088526115957,-127.77315108462618,-20.3722883037017,-1.0100044795021117,44.55384943172987,-5.171342286348006,0.0
2420,0.0,0.0,0,0,0,0,0,0.0,0.0,0,0.0,0,0,0,0,0,-0.2466579,0,-0.30092479,0,0,0,0,0,0,0,0.0,0.0,0.0,0.0,0.0,0.0,0.0,0.0,0.0,0,0,130.44752972097038,-0.10508773,-4.2757449,0.0,4.5926904654673795,0.0,0,-0.4059735644103242,3.0890088526115957,-127.77315108462618,-20.3722883037017,-1.0100044795021117,44.55384943172987,-5.171342286348006,0.0
2421,0.0,0.0,0,0,0,0,0,0.0,0.0,0,0.0,0,0,0,0,0,-0.2466579,0,-0.30092479,0,0,0,0,0,0,0,0.0,0.0,0.0,0.0,0.0,0.0,0.0,0.0,0.0,0,0,130.44752972097038,-0.10508773,-4.2757449,0.0,4.5926904654673795,0.0,0,-0.4059735644103242,3.0890088526115957,-127.77315108462618,-20.3722883037017,-1.0100044795021117,44.55384943172987,-5.171342286348006,0.0
2422,0.0,0.0,0,0,0,0,0,0.0,0.0,0,0.0,0,0,0,0,0,-0.2466579,0,-0.30092479,0,0,0,0,0,0,0,0.0,0.0,0.0,0.0,0.0,0.0,0.0,0.0,0.0,0,0,130.44752972097038,-0.10508773,-4.2757449,0.0,4.5926904654673795,0.0,0,-0.4059735644103242,3.0890088526115957,-127.77315108462618,-20.3722883037017,-1.0100044795021117,44.55384943172987,-5.171342286348006,0.0
2423,0.0,0.0,0,0,0,0,0,0.0,0.0,0,0.0,0,0,0,0,0,-0.2466579,0,-0.30092479,0,0,0,0,0,0,0,0.0,0.0,0.0,0.0,0.0,0.0,0.0,0.0,0.0,0,0,130.44752972097038,-0.10508773,-4.2757449,0.0,4.5926904654673795,0.0,0,-0.4059735644103242,3.0890088526115957,-127.77315108462618,-20.3722883037017,-1.0100044795021117,44.55384943172987,-5.171342286348006,0.0
2424,0.0,0.0,0,0,0,0,0,0.0,0.0,0,0.0,0,0,0,0,0,-0.2466579,0,-0.30092479,0,0,0,0,0,0,0,0.0,0.0,0.0,0.0,0.0,0.0,0.0,0.0,0.0,0,0,130.44752972097038,-0.10508773,-4.2757449,0.0,4.5926904654673795,0.0,0,-0.4059735644103242,3.0890088526115957,-127.77315108462618,-20.3722883037017,-1.0100044795021117,44.55384943172987,-5.171342286348006,0.0
2425,0.0,0.0,0,0,0,0,0,0.0,0.0,0,0.0,0,0,0,0,0,-0.2466579,0,-0.30092479,0,0,0,0,0,0,0,0.0,0.0,0.0,0.0,0.0,0.0,0.0,0.0,0.0,0,0,130.44752972097038,-0.10508773,-4.2757449,0.0,4.5926904654673795,0.0,0,-0.4059735644103242,3.0890088526115957,-127.77315108462618,-20.3722883037017,-1.0100044795021117,44.55384943172987,-5.171342286348006,0.0
2426,0.0,0.0,0,0,0,0,0,0.0,0.0,0,0.0,0,0,0,0,0,-0.2466579,0,-0.30092479,0,0,0,0,0,0,0,0.0,0.0,0.0,0.0,0.0,0.0,0.0,0.0,0.0,0,0,130.44752972097038,-0.10508773,-4.2757449,0.0,4.5926904654673795,0.0,0,-0.4059735644103242,3.0890088526115957,-127.77315108462618,-20.3722883037017,-1.0100044795021117,44.55384943172987,-5.171342286348006,0.0
2427,0.0,0.0,0,0,0,0,0,0.0,0.0,0,0.0,0,0,0,0,0,-0.2466579,0,-0.30092479,0,0,0,0,0,0,0,0.0,0.0,0.0,0.0,0.0,0.0,0.0,0.0,0.0,0,0,130.44752972097038,-0.10508773,-4.2757449,0.0,4.5926904654673795,0.0,0,-0.4059735644103242,3.0890088526115957,-127.77315108462618,-20.3722883037017,-1.0100044795021117,44.55384943172987,-5.171342286348006,0.0
2428,0.0,0.0,0,0,0,0,0,0.0,0.0,0,0.0,0,0,0,0,0,-0.2466579,0,-0.30092479,0,0,0,0,0,0,0,0.0,0.0,0.0,0.0,0.0,0.0,0.0,0.0,0.0,0,0,130.44752972097038,-0.10508773,-4.2757449,0.0,4.5926904654673795,0.0,0,-0.4059735644103242,3.0890088526115957,-127.77315108462618,-20.3722883037017,-1.0100044795021117,44.55384943172987,-5.171342286348006,0.0
2429,0.0,0.0,0,0,0,0,0,0.0,0.0,0,0.0,0,0,0,0,0,-0.2466579,0,-0.30092479,0,0,0,0,0,0,0,0.0,0.0,0.0,0.0,0.0,0.0,0.0,0.0,0.0,0,0,130.44752972097038,-0.10508773,-4.2757449,0.0,4.5926904654673795,0.0,0,-0.4059735644103242,3.0890088526115957,-127.77315108462618,-20.3722883037017,-1.0100044795021117,44.55384943172987,-5.171342286348006,0.0
2430,0.0,0.0,0,0,0,0,0,0.0,0.0,0,0.0,0,0,0,0,0,-0.2466579,0,-0.30092479,0,0,0,0,0,0,0,0.0,0.0,0.0,0.0,0.0,0.0,0.0,0.0,0.0,0,0,130.44752972097038,-0.10508773,-4.2757449,0.0,4.5926904654673795,0.0,0,-0.4059735644103242,3.0890088526115957,-127.77315108462618,-20.3722883037017,-1.0100044795021117,44.55384943172987,-5.171342286348006,0.0
2431,0.0,0.0,0,0,0,0,0,0.0,0.0,0,0.0,0,0,0,0,0,-0.2466579,0,-0.30092479,0,0,0,0,0,0,0,0.0,0.0,0.0,0.0,0.0,0.0,0.0,0.0,0.0,0,0,130.44752972097038,-0.10508773,-4.2757449,0.0,4.5926904654673795,0.0,0,-0.4059735644103242,3.0890088526115957,-127.77315108462618,-20.3722883037017,-1.0100044795021117,44.55384943172987,-5.171342286348006,0.0
2432,0.0,0.0,0,0,0,0,0,0.0,0.0,0,0.0,0,0,0,0,0,-0.2466579,0,-0.30092479,0,0,0,0,0,0,0,0.0,0.0,0.0,0.0,0.0,0.0,0.0,0.0,0.0,0,0,130.44752972097038,-0.10508773,-4.2757449,0.0,4.5926904654673795,0.0,0,-0.4059735644103242,3.0890088526115957,-127.77315108462618,-20.3722883037017,-1.0100044795021117,44.55384943172987,-5.171342286348006,0.0
2433,0.0,0.0,0,0,0,0,0,0.0,0.0,0,0.0,0,0,0,0,0,-0.2466579,0,-0.30092479,0,0,0,0,0,0,0,0.0,0.0,0.0,0.0,0.0,0.0,0.0,0.0,0.0,0,0,130.44752972097038,-0.10508773,-4.2757449,0.0,4.5926904654673795,0.0,0,-0.4059735644103242,3.0890088526115957,-127.77315108462618,-20.3722883037017,-1.0100044795021117,44.55384943172987,-5.171342286348006,0.0
2434,0.0,0.0,0,0,0,0,0,0.0,0.0,0,0.0,0,0,0,0,0,-0.2466579,0,-0.30092479,0,0,0,0,0,0,0,0.0,0.0,0.0,0.0,0.0,0.0,0.0,0.0,0.0,0,0,130.44752972097038,-0.10508773,-4.2757449,0.0,4.5926904654673795,0.0,0,-0.4059735644103242,3.0890088526115957,-127.77315108462618,-20.3722883037017,-1.0100044795021117,44.55384943172987,-5.171342286348006,0.0
2435,0.0,0.0,0,0,0,0,0,0.0,0.0,0,0.0,0,0,0,0,0,-0.2466579,0,-0.30092479,0,0,0,0,0,0,0,0.0,0.0,0.0,0.0,0.0,0.0,0.0,0.0,0.0,0,0,130.44752972097038,-0.10508773,-4.2757449,0.0,4.5926904654673795,0.0,0,-0.4059735644103242,3.0890088526115957,-127.77315108462618,-20.3722883037017,-1.0100044795021117,44.55384943172987,-5.171342286348006,0.0
2436,0.0,0.0,0,0,0,0,0,0.0,0.0,0,0.0,0,0,0,0,0,-0.2466579,0,-0.30092479,0,0,0,0,0,0,0,0.0,0.0,0.0,0.0,0.0,0.0,0.0,0.0,0.0,0,0,130.44752972097038,-0.10508773,-4.2757449,0.0,4.5926904654673795,0.0,0,-0.4059735644103242,3.0890088526115957,-127.77315108462618,-20.3722883037017,-1.0100044795021117,44.55384943172987,-5.171342286348006,0.0
2437,0.0,0.0,0,0,0,0,0,0.0,0.0,0,0.0,0,0,0,0,0,-0.2466579,0,-0.30092479,0,0,0,0,0,0,0,0.0,0.0,0.0,0.0,0.0,0.0,0.0,0.0,0.0,0,0,130.44752972097038,-0.10508773,-4.2757449,0.0,4.5926904654673795,0.0,0,-0.4059735644103242,3.0890088526115957,-127.77315108462618,-20.3722883037017,-1.0100044795021117,44.55384943172987,-5.171342286348006,0.0
2438,0.0,0.0,0,0,0,0,0,0.0,0.0,0,0.0,0,0,0,0,0,-0.2466579,0,-0.30092479,0,0,0,0,0,0,0,0.0,0.0,0.0,0.0,0.0,0.0,0.0,0.0,0.0,0,0,130.44752972097038,-0.10508773,-4.2757449,0.0,4.5926904654673795,0.0,0,-0.4059735644103242,3.0890088526115957,-127.77315108462618,-20.3722883037017,-1.0100044795021117,44.55384943172987,-5.171342286348006,0.0
2439,0.0,0.0,0,0,0,0,0,0.0,0.0,0,0.0,0,0,0,0,0,-0.2466579,0,-0.30092479,0,0,0,0,0,0,0,0.0,0.0,0.0,0.0,0.0,0.0,0.0,0.0,0.0,0,0,130.44752972097038,-0.10508773,-4.2757449,0.0,4.5926904654673795,0.0,0,-0.4059735644103242,3.0890088526115957,-127.77315108462618,-20.3722883037017,-1.0100044795021117,44.55384943172987,-5.171342286348006,0.0
2440,0.0,0.0,0,0,0,0,0,0.0,0.0,0,0.0,0,0,0,0,0,-0.2466579,0,-0.30092479,0,0,0,0,0,0,0,0.0,0.0,0.0,0.0,0.0,0.0,0.0,0.0,0.0,0,0,130.44752972097038,-0.10508773,-4.2757449,0.0,4.5926904654673795,0.0,0,-0.4059735644103242,3.0890088526115957,-127.77315108462618,-20.3722883037017,-1.0100044795021117,44.55384943172987,-5.171342286348006,0.0
2441,0.0,0.0,0,0,0,0,0,0.0,0.0,0,0.0,0,0,0,0,0,-0.2466579,0,-0.30092479,0,0,0,0,0,0,0,0.0,0.0,0.0,0.0,0.0,0.0,0.0,0.0,0.0,0,0,130.44752972097038,-0.10508773,-4.2757449,0.0,4.5926904654673795,0.0,0,-0.4059735644103242,3.0890088526115957,-127.77315108462618,-20.3722883037017,-1.0100044795021117,44.55384943172987,-5.171342286348006,0.0
2442,0.0,0.0,0,0,0,0,0,0.0,0.0,0,0.0,0,0,0,0,0,-0.2466579,0,-0.30092479,0,0,0,0,0,0,0,0.0,0.0,0.0,0.0,0.0,0.0,0.0,0.0,0.0,0,0,130.44752972097038,-0.10508773,-4.2757449,0.0,4.5926904654673795,0.0,0,-0.4059735644103242,3.0890088526115957,-127.77315108462618,-20.3722883037017,-1.0100044795021117,44.55384943172987,-5.171342286348006,0.0
2443,0.0,0.0,0,0,0,0,0,0.0,0.0,0,0.0,0,0,0,0,0,-0.2466579,0,-0.30092479,0,0,0,0,0,0,0,0.0,0.0,0.0,0.0,0.0,0.0,0.0,0.0,0.0,0,0,130.44752972097038,-0.10508773,-4.2757449,0.0,4.5926904654673795,0.0,0,-0.4059735644103242,3.0890088526115957,-127.77315108462618,-20.3722883037017,-1.0100044795021117,44.55384943172987,-5.171342286348006,0.0
2444,0.0,0.0,0,0,0,0,0,0.0,0.0,0,0.0,0,0,0,0,0,-0.2466579,0,-0.30092479,0,0,0,0,0,0,0,0.0,0.0,0.0,0.0,0.0,0.0,0.0,0.0,0.0,0,0,130.44752972097038,-0.10508773,-4.2757449,0.0,4.5926904654673795,0.0,0,-0.4059735644103242,3.0890088526115957,-127.77315108462618,-20.3722883037017,-1.0100044795021117,44.55384943172987,-5.171342286348006,0.0
2445,0.0,0.0,0,0,0,0,0,0.0,0.0,0,0.0,0,0,0,0,0,-0.2466579,0,-0.30092479,0,0,0,0,0,0,0,0.0,0.0,0.0,0.0,0.0,0.0,0.0,0.0,0.0,0,0,130.44752972097038,-0.10508773,-4.2757449,0.0,4.5926904654673795,0.0,0,-0.4059735644103242,3.0890088526115957,-127.77315108462618,-20.3722883037017,-1.0100044795021117,44.55384943172987,-5.171342286348006,0.0
2446,0.0,0.0,0,0,0,0,0,0.0,0.0,0,0.0,0,0,0,0,0,-0.2466579,0,-0.30092479,0,0,0,0,0,0,0,0.0,0.0,0.0,0.0,0.0,0.0,0.0,0.0,0.0,0,0,130.44752972097038,-0.10508773,-4.2757449,0.0,4.5926904654673795,0.0,0,-0.4059735644103242,3.0890088526115957,-127.77315108462618,-20.3722883037017,-1.0100044795021117,44.55384943172987,-5.171342286348006,0.0
2447,0.0,0.0,0,0,0,0,0,0.0,0.0,0,0.0,0,0,0,0,0,-0.2466579,0,-0.30092479,0,0,0,0,0,0,0,0.0,0.0,0.0,0.0,0.0,0.0,0.0,0.0,0.0,0,0,130.44752972097038,-0.10508773,-4.2757449,0.0,4.5926904654673795,0.0,0,-0.4059735644103242,3.0890088526115957,-127.77315108462618,-20.3722883037017,-1.0100044795021117,44.55384943172987,-5.171342286348006,0.0
2448,0.0,0.0,0,0,0,0,0,0.0,0.0,0,0.0,0,0,0,0,0,-0.2466579,0,-0.30092479,0,0,0,0,0,0,0,0.0,0.0,0.0,0.0,0.0,0.0,0.0,0.0,0.0,0,0,130.44752972097038,-0.10508773,-4.2757449,0.0,4.5926904654673795,0.0,0,-0.4059735644103242,3.0890088526115957,-127.77315108462618,-20.3722883037017,-1.0100044795021117,44.55384943172987,-5.171342286348006,0.0
2449,0.0,0.0,0,0,0,0,0,0.0,0.0,0,0.0,0,0,0,0,0,-0.2466579,0,-0.30092479,0,0,0,0,0,0,0,0.0,0.0,0.0,0.0,0.0,0.0,0.0,0.0,0.0,0,0,130.44752972097038,-0.10508773,-4.2757449,0.0,4.5926904654673795,0.0,0,-0.4059735644103242,3.0890088526115957,-127.77315108462618,-20.3722883037017,-1.0100044795021117,44.55384943172987,-5.171342286348006,0.0
2450,0.0,0.0,0,0,0,0,0,0.0,0.0,0,0.0,0,0,0,0,0,-0.2466579,0,-0.30092479,0,0,0,0,0,0,0,0.0,0.0,0.0,0.0,0.0,0.0,0.0,0.0,0.0,0,0,130.44752972097038,-0.10508773,-4.2757449,0.0,4.5926904654673795,0.0,0,-0.4059735644103242,3.0890088526115957,-127.77315108462618,-20.3722883037017,-1.0100044795021117,44.55384943172987,-5.171342286348006,0.0
2451,0.0,0.0,0,0,0,0,0,0.0,0.0,0,0.0,0,0,0,0,0,-0.2466579,0,-0.30092479,0,0,0,0,0,0,0,0.0,0.0,0.0,0.0,0.0,0.0,0.0,0.0,0.0,0,0,130.44752972097038,-0.10508773,-4.2757449,0.0,4.5926904654673795,0.0,0,-0.4059735644103242,3.0890088526115957,-127.77315108462618,-20.3722883037017,-1.0100044795021117,44.55384943172987,-5.171342286348006,0.0
2452,0.0,0.0,0,0,0,0,0,0.0,0.0,0,0.0,0,0,0,0,0,-0.2466579,0,-0.30092479,0,0,0,0,0,0,0,0.0,0.0,0.0,0.0,0.0,0.0,0.0,0.0,0.0,0,0,130.44752972097038,-0.10508773,-4.2757449,0.0,4.5926904654673795,0.0,0,-0.4059735644103242,3.0890088526115957,-127.77315108462618,-20.3722883037017,-1.0100044795021117,44.55384943172987,-5.171342286348006,0.0
2453,0.0,0.0,0,0,0,0,0,0.0,0.0,0,0.0,0,0,0,0,0,-0.2466579,0,-0.30092479,0,0,0,0,0,0,0,0.0,0.0,0.0,0.0,0.0,0.0,0.0,0.0,0.0,0,0,130.44752972097038,-0.10508773,-4.2757449,0.0,4.5926904654673795,0.0,0,-0.4059735644103242,3.0890088526115957,-127.77315108462618,-20.3722883037017,-1.0100044795021117,44.55384943172987,-5.171342286348006,0.0
2454,0.0,0.0,0,0,0,0,0,0.0,0.0,0,0.0,0,0,0,0,0,-0.2466579,0,-0.30092479,0,0,0,0,0,0,0,0.0,0.0,0.0,0.0,0.0,0.0,0.0,0.0,0.0,0,0,130.44752972097038,-0.10508773,-4.2757449,0.0,4.5926904654673795,0.0,0,-0.4059735644103242,3.0890088526115957,-127.77315108462618,-20.3722883037017,-1.0100044795021117,44.55384943172987,-5.171342286348006,0.0
2455,0.0,0.0,0,0,0,0,0,0.0,0.0,0,0.0,0,0,0,0,0,-0.2466579,0,-0.30092479,0,0,0,0,0,0,0,0.0,0.0,0.0,0.0,0.0,0.0,0.0,0.0,0.0,0,0,130.44752972097038,-0.10508773,-4.2757449,0.0,4.5926904654673795,0.0,0,-0.4059735644103242,3.0890088526115957,-127.77315108462618,-20.3722883037017,-1.0100044795021117,44.55384943172987,-5.171342286348006,0.0
2456,0.0,0.0,0,0,0,0,0,0.0,0.0,0,0.0,0,0,0,0,0,-0.2466579,0,-0.30092479,0,0,0,0,0,0,0,0.0,0.0,0.0,0.0,0.0,0.0,0.0,0.0,0.0,0,0,130.44752972097038,-0.10508773,-4.2757449,0.0,4.5926904654673795,0.0,0,-0.4059735644103242,3.0890088526115957,-127.77315108462618,-20.3722883037017,-1.0100044795021117,44.55384943172987,-5.171342286348006,0.0
2457,0.0,0.0,0,0,0,0,0,0.0,0.0,0,0.0,0,0,0,0,0,-0.2466579,0,-0.30092479,0,0,0,0,0,0,0,0.0,0.0,0.0,0.0,0.0,0.0,0.0,0.0,0.0,0,0,130.44752972097038,-0.10508773,-4.2757449,0.0,4.5926904654673795,0.0,0,-0.4059735644103242,3.0890088526115957,-127.77315108462618,-20.3722883037017,-1.0100044795021117,44.55384943172987,-5.171342286348006,0.0
2458,0.0,0.0,0,0,0,0,0,0.0,0.0,0,0.0,0,0,0,0,0,-0.2466579,0,-0.30092479,0,0,0,0,0,0,0,0.0,0.0,0.0,0.0,0.0,0.0,0.0,0.0,0.0,0,0,130.44752972097038,-0.10508773,-4.2757449,0.0,4.5926904654673795,0.0,0,-0.4059735644103242,3.0890088526115957,-127.77315108462618,-20.3722883037017,-1.0100044795021117,44.55384943172987,-5.171342286348006,0.0
2459,0.0,0.0,0,0,0,0,0,0.0,0.0,0,0.0,0,0,0,0,0,-0.2466579,0,-0.30092479,0,0,0,0,0,0,0,0.0,0.0,0.0,0.0,0.0,0.0,0.0,0.0,0.0,0,0,130.44752972097038,-0.10508773,-4.2757449,0.0,4.5926904654673795,0.0,0,-0.4059735644103242,3.0890088526115957,-127.77315108462618,-20.3722883037017,-1.0100044795021117,44.55384943172987,-5.171342286348006,0.0
2460,0.0,0.0,0,0,0,0,0,0.0,0.0,0,0.0,0,0,0,0,0,-0.2466579,0,-0.30092479,0,0,0,0,0,0,0,0.0,0.0,0.0,0.0,0.0,0.0,0.0,0.0,0.0,0,0,130.44752972097038,-0.10508773,-4.2757449,0.0,4.5926904654673795,0.0,0,-0.4059735644103242,3.0890088526115957,-127.77315108462618,-20.3722883037017,-1.0100044795021117,44.55384943172987,-5.171342286348006,0.0
2461,0.0,0.0,0,0,0,0,0,0.0,0.0,0,0.0,0,0,0,0,0,-0.2466579,0,-0.30092479,0,0,0,0,0,0,0,0.0,0.0,0.0,0.0,0.0,0.0,0.0,0.0,0.0,0,0,130.44752972097038,-0.10508773,-4.2757449,0.0,4.5926904654673795,0.0,0,-0.4059735644103242,3.0890088526115957,-127.77315108462618,-20.3722883037017,-1.0100044795021117,44.55384943172987,-5.171342286348006,0.0
2462,0.0,0.0,0,0,0,0,0,0.0,0.0,0,0.0,0,0,0,0,0,-0.2466579,0,-0.30092479,0,0,0,0,0,0,0,0.0,0.0,0.0,0.0,0.0,0.0,0.0,0.0,0.0,0,0,130.44752972097038,-0.10508773,-4.2757449,0.0,4.5926904654673795,0.0,0,-0.4059735644103242,3.0890088526115957,-127.77315108462618,-20.3722883037017,-1.0100044795021117,44.55384943172987,-5.171342286348006,0.0
2463,0.0,0.0,0,0,0,0,0,0.0,0.0,0,0.0,0,0,0,0,0,-0.2466579,0,-0.30092479,0,0,0,0,0,0,0,0.0,0.0,0.0,0.0,0.0,0.0,0.0,0.0,0.0,0,0,130.44752972097038,-0.10508773,-4.2757449,0.0,4.5926904654673795,0.0,0,-0.4059735644103242,3.0890088526115957,-127.77315108462618,-20.3722883037017,-1.0100044795021117,44.55384943172987,-5.171342286348006,0.0
2464,0.0,0.0,0,0,0,0,0,0.0,0.0,0,0.0,0,0,0,0,0,-0.2466579,0,-0.30092479,0,0,0,0,0,0,0,0.0,0.0,0.0,0.0,0.0,0.0,0.0,0.0,0.0,0,0,130.44752972097038,-0.10508773,-4.2757449,0.0,4.5926904654673795,0.0,0,-0.4059735644103242,3.0890088526115957,-127.77315108462618,-20.3722883037017,-1.0100044795021117,44.55384943172987,-5.171342286348006,0.0
2465,0.0,0.0,0,0,0,0,0,0.0,0.0,0,0.0,0,0,0,0,0,-0.2466579,0,-0.30092479,0,0,0,0,0,0,0,0.0,0.0,0.0,0.0,0.0,0.0,0.0,0.0,0.0,0,0,130.44752972097038,-0.10508773,-4.2757449,0.0,4.5926904654673795,0.0,0,-0.4059735644103242,3.0890088526115957,-127.77315108462618,-20.3722883037017,-1.0100044795021117,44.55384943172987,-5.171342286348006,0.0
2466,0.0,0.0,0,0,0,0,0,0.0,0.0,0,0.0,0,0,0,0,0,-0.2466579,0,-0.30092479,0,0,0,0,0,0,0,0.0,0.0,0.0,0.0,0.0,0.0,0.0,0.0,0.0,0,0,130.44752972097038,-0.10508773,-4.2757449,0.0,4.5926904654673795,0.0,0,-0.4059735644103242,3.0890088526115957,-127.77315108462618,-20.3722883037017,-1.0100044795021117,44.55384943172987,-5.171342286348006,0.0
2467,0.0,0.0,0,0,0,0,0,0.0,0.0,0,0.0,0,0,0,0,0,-0.2466579,0,-0.30092479,0,0,0,0,0,0,0,0.0,0.0,0.0,0.0,0.0,0.0,0.0,0.0,0.0,0,0,130.44752972097038,-0.10508773,-4.2757449,0.0,4.5926904654673795,0.0,0,-0.4059735644103242,3.0890088526115957,-127.77315108462618,-20.3722883037017,-1.0100044795021117,44.55384943172987,-5.171342286348006,0.0
2468,0.0,0.0,0,0,0,0,0,0.0,0.0,0,0.0,0,0,0,0,0,-0.2466579,0,-0.30092479,0,0,0,0,0,0,0,0.0,0.0,0.0,0.0,0.0,0.0,0.0,0.0,0.0,0,0,130.44752972097038,-0.10508773,-4.2757449,0.0,4.5926904654673795,0.0,0,-0.4059735644103242,3.0890088526115957,-127.77315108462618,-20.3722883037017,-1.0100044795021117,44.55384943172987,-5.171342286348006,0.0
2469,0.0,0.0,0,0,0,0,0,0.0,0.0,0,0.0,0,0,0,0,0,-0.2466579,0,-0.30092479,0,0,0,0,0,0,0,0.0,0.0,0.0,0.0,0.0,0.0,0.0,0.0,0.0,0,0,130.44752972097038,-0.10508773,-4.2757449,0.0,4.5926904654673795,0.0,0,-0.4059735644103242,3.0890088526115957,-127.77315108462618,-20.3722883037017,-1.0100044795021117,44.55384943172987,-5.171342286348006,0.0
2470,0.0,0.0,0,0,0,0,0,0.0,0.0,0,0.0,0,0,0,0,0,-0.2466579,0,-0.30092479,0,0,0,0,0,0,0,0.0,0.0,0.0,0.0,0.0,0.0,0.0,0.0,0.0,0,0,130.44752972097038,-0.10508773,-4.2757449,0.0,4.5926904654673795,0.0,0,-0.4059735644103242,3.0890088526115957,-127.77315108462618,-20.3722883037017,-1.0100044795021117,44.55384943172987,-5.171342286348006,0.0
2471,0.0,0.0,0,0,0,0,0,0.0,0.0,0,0.0,0,0,0,0,0,-0.2466579,0,-0.30092479,0,0,0,0,0,0,0,0.0,0.0,0.0,0.0,0.0,0.0,0.0,0.0,0.0,0,0,130.44752972097038,-0.10508773,-4.2757449,0.0,4.5926904654673795,0.0,0,-0.4059735644103242,3.0890088526115957,-127.77315108462618,-20.3722883037017,-1.0100044795021117,44.55384943172987,-5.171342286348006,0.0
2472,0.0,0.0,0,0,0,0,0,0.0,0.0,0,0.0,0,0,0,0,0,-0.2466579,0,-0.30092479,0,0,0,0,0,0,0,0.0,0.0,0.0,0.0,0.0,0.0,0.0,0.0,0.0,0,0,130.44752972097038,-0.10508773,-4.2757449,0.0,4.5926904654673795,0.0,0,-0.4059735644103242,3.0890088526115957,-127.77315108462618,-20.3722883037017,-1.0100044795021117,44.55384943172987,-5.171342286348006,0.0
2473,0.0,0.0,0,0,0,0,0,0.0,0.0,0,0.0,0,0,0,0,0,-0.2466579,0,-0.30092479,0,0,0,0,0,0,0,0.0,0.0,0.0,0.0,0.0,0.0,0.0,0.0,0.0,0,0,130.44752972097038,-0.10508773,-4.2757449,0.0,4.5926904654673795,0.0,0,-0.4059735644103242,3.0890088526115957,-127.77315108462618,-20.3722883037017,-1.0100044795021117,44.55384943172987,-5.171342286348006,0.0
2474,0.0,0.0,0,0,0,0,0,0.0,0.0,0,0.0,0,0,0,0,0,-0.2466579,0,-0.30092479,0,0,0,0,0,0,0,0.0,0.0,0.0,0.0,0.0,0.0,0.0,0.0,0.0,0,0,130.44752972097038,-0.10508773,-4.2757449,0.0,4.5926904654673795,0.0,0,-0.4059735644103242,3.0890088526115957,-127.77315108462618,-20.3722883037017,-1.0100044795021117,44.55384943172987,-5.171342286348006,0.0
2475,0.0,0.0,0,0,0,0,0,0.0,0.0,0,0.0,0,0,0,0,0,-0.2466579,0,-0.30092479,0,0,0,0,0,0,0,0.0,0.0,0.0,0.0,0.0,0.0,0.0,0.0,0.0,0,0,130.44752972097038,-0.10508773,-4.2757449,0.0,4.5926904654673795,0.0,0,-0.4059735644103242,3.0890088526115957,-127.77315108462618,-20.3722883037017,-1.0100044795021117,44.55384943172987,-5.171342286348006,0.0
2476,0.0,0.0,0,0,0,0,0,0.0,0.0,0,0.0,0,0,0,0,0,-0.2466579,0,-0.30092479,0,0,0,0,0,0,0,0.0,0.0,0.0,0.0,0.0,0.0,0.0,0.0,0.0,0,0,130.44752972097038,-0.10508773,-4.2757449,0.0,4.5926904654673795,0.0,0,-0.4059735644103242,3.0890088526115957,-127.77315108462618,-20.3722883037017,-1.0100044795021117,44.55384943172987,-5.171342286348006,0.0
2477,0.0,0.0,0,0,0,0,0,0.0,0.0,0,0.0,0,0,0,0,0,-0.2466579,0,-0.30092479,0,0,0,0,0,0,0,0.0,0.0,0.0,0.0,0.0,0.0,0.0,0.0,0.0,0,0,130.44752972097038,-0.10508773,-4.2757449,0.0,4.5926904654673795,0.0,0,-0.4059735644103242,3.0890088526115957,-127.77315108462618,-20.3722883037017,-1.0100044795021117,44.55384943172987,-5.171342286348006,0.0
2478,0.0,0.0,0,0,0,0,0,0.0,0.0,0,0.0,0,0,0,0,0,-0.2466579,0,-0.30092479,0,0,0,0,0,0,0,0.0,0.0,0.0,0.0,0.0,0.0,0.0,0.0,0.0,0,0,130.44752972097038,-0.10508773,-4.2757449,0.0,4.5926904654673795,0.0,0,-0.4059735644103242,3.0890088526115957,-127.77315108462618,-20.3722883037017,-1.0100044795021117,44.55384943172987,-5.171342286348006,0.0
2479,0.0,0.0,0,0,0,0,0,0.0,0.0,0,0.0,0,0,0,0,0,-0.2466579,0,-0.30092479,0,0,0,0,0,0,0,0.0,0.0,0.0,0.0,0.0,0.0,0.0,0.0,0.0,0,0,130.44752972097038,-0.10508773,-4.2757449,0.0,4.5926904654673795,0.0,0,-0.4059735644103242,3.0890088526115957,-127.77315108462618,-20.3722883037017,-1.0100044795021117,44.55384943172987,-5.171342286348006,0.0
2480,0.0,0.0,0,0,0,0,0,0.0,0.0,0,0.0,0,0,0,0,0,-0.2466579,0,-0.30092479,0,0,0,0,0,0,0,0.0,0.0,0.0,0.0,0.0,0.0,0.0,0.0,0.0,0,0,130.44752972097038,-0.10508773,-4.2757449,0.0,4.5926904654673795,0.0,0,-0.4059735644103242,3.0890088526115957,-127.77315108462618,-20.3722883037017,-1.0100044795021117,44.55384943172987,-5.171342286348006,0.0
2481,0.0,0.0,0,0,0,0,0,0.0,0.0,0,0.0,0,0,0,0,0,-0.2466579,0,-0.30092479,0,0,0,0,0,0,0,0.0,0.0,0.0,0.0,0.0,0.0,0.0,0.0,0.0,0,0,130.44752972097038,-0.10508773,-4.2757449,0.0,4.5926904654673795,0.0,0,-0.4059735644103242,3.0890088526115957,-127.77315108462618,-20.3722883037017,-1.0100044795021117,44.55384943172987,-5.171342286348006,0.0
2482,0.0,0.0,0,0,0,0,0,0.0,0.0,0,0.0,0,0,0,0,0,-0.2466579,0,-0.30092479,0,0,0,0,0,0,0,0.0,0.0,0.0,0.0,0.0,0.0,0.0,0.0,0.0,0,0,130.44752972097038,-0.10508773,-4.2757449,0.0,4.5926904654673795,0.0,0,-0.4059735644103242,3.0890088526115957,-127.77315108462618,-20.3722883037017,-1.0100044795021117,44.55384943172987,-5.171342286348006,0.0
2483,0.0,0.0,0,0,0,0,0,0.0,0.0,0,0.0,0,0,0,0,0,-0.2466579,0,-0.30092479,0,0,0,0,0,0,0,0.0,0.0,0.0,0.0,0.0,0.0,0.0,0.0,0.0,0,0,130.44752972097038,-0.10508773,-4.2757449,0.0,4.5926904654673795,0.0,0,-0.4059735644103242,3.0890088526115957,-127.77315108462618,-20.3722883037017,-1.0100044795021117,44.55384943172987,-5.171342286348006,0.0
2484,0.0,0.0,0,0,0,0,0,0.0,0.0,0,0.0,0,0,0,0,0,-0.2466579,0,-0.30092479,0,0,0,0,0,0,0,0.0,0.0,0.0,0.0,0.0,0.0,0.0,0.0,0.0,0,0,130.44752972097038,-0.10508773,-4.2757449,0.0,4.5926904654673795,0.0,0,-0.4059735644103242,3.0890088526115957,-127.77315108462618,-20.3722883037017,-1.0100044795021117,44.55384943172987,-5.171342286348006,0.0
2485,0.0,0.0,0,0,0,0,0,0.0,0.0,0,0.0,0,0,0,0,0,-0.2466579,0,-0.30092479,0,0,0,0,0,0,0,0.0,0.0,0.0,0.0,0.0,0.0,0.0,0.0,0.0,0,0,130.44752972097038,-0.10508773,-4.2757449,0.0,4.5926904654673795,0.0,0,-0.4059735644103242,3.0890088526115957,-127.77315108462618,-20.3722883037017,-1.0100044795021117,44.55384943172987,-5.171342286348006,0.0
2486,0.0,0.0,0,0,0,0,0,0.0,0.0,0,0.0,0,0,0,0,0,-0.2466579,0,-0.30092479,0,0,0,0,0,0,0,0.0,0.0,0.0,0.0,0.0,0.0,0.0,0.0,0.0,0,0,130.44752972097038,-0.10508773,-4.2757449,0.0,4.5926904654673795,0.0,0,-0.4059735644103242,3.0890088526115957,-127.77315108462618,-20.3722883037017,-1.0100044795021117,44.55384943172987,-5.171342286348006,0.0
2487,0.0,0.0,0,0,0,0,0,0.0,0.0,0,0.0,0,0,0,0,0,-0.2466579,0,-0.30092479,0,0,0,0,0,0,0,0.0,0.0,0.0,0.0,0.0,0.0,0.0,0.0,0.0,0,0,130.44752972097038,-0.10508773,-4.2757449,0.0,4.5926904654673795,0.0,0,-0.4059735644103242,3.0890088526115957,-127.77315108462618,-20.3722883037017,-1.0100044795021117,44.55384943172987,-5.171342286348006,0.0
2488,0.0,0.0,0,0,0,0,0,0.0,0.0,0,0.0,0,0,0,0,0,-0.2466579,0,-0.30092479,0,0,0,0,0,0,0,0.0,0.0,0.0,0.0,0.0,0.0,0.0,0.0,0.0,0,0,130.44752972097038,-0.10508773,-4.2757449,0.0,4.5926904654673795,0.0,0,-0.4059735644103242,3.0890088526115957,-127.77315108462618,-20.3722883037017,-1.0100044795021117,44.55384943172987,-5.171342286348006,0.0
2489,0.0,0.0,0,0,0,0,0,0.0,0.0,0,0.0,0,0,0,0,0,-0.2466579,0,-0.30092479,0,0,0,0,0,0,0,0.0,0.0,0.0,0.0,0.0,0.0,0.0,0.0,0.0,0,0,130.44752972097038,-0.10508773,-4.2757449,0.0,4.5926904654673795,0.0,0,-0.4059735644103242,3.0890088526115957,-127.77315108462618,-20.3722883037017,-1.0100044795021117,44.55384943172987,-5.171342286348006,0.0
2490,0.0,0.0,0,0,0,0,0,0.0,0.0,0,0.0,0,0,0,0,0,-0.2466579,0,-0.30092479,0,0,0,0,0,0,0,0.0,0.0,0.0,0.0,0.0,0.0,0.0,0.0,0.0,0,0,130.44752972097038,-0.10508773,-4.2757449,0.0,4.5926904654673795,0.0,0,-0.4059735644103242,3.0890088526115957,-127.77315108462618,-20.3722883037017,-1.0100044795021117,44.55384943172987,-5.171342286348006,0.0
2491,0.0,0.0,0,0,0,0,0,0.0,0.0,0,0.0,0,0,0,0,0,-0.2466579,0,-0.30092479,0,0,0,0,0,0,0,0.0,0.0,0.0,0.0,0.0,0.0,0.0,0.0,0.0,0,0,130.44752972097038,-0.10508773,-4.2757449,0.0,4.5926904654673795,0.0,0,-0.4059735644103242,3.0890088526115957,-127.77315108462618,-20.3722883037017,-1.0100044795021117,44.55384943172987,-5.171342286348006,0.0
2492,0.0,0.0,0,0,0,0,0,0.0,0.0,0,0.0,0,0,0,0,0,-0.2466579,0,-0.30092479,0,0,0,0,0,0,0,0.0,0.0,0.0,0.0,0.0,0.0,0.0,0.0,0.0,0,0,130.44752972097038,-0.10508773,-4.2757449,0.0,4.5926904654673795,0.0,0,-0.4059735644103242,3.0890088526115957,-127.77315108462618,-20.3722883037017,-1.0100044795021117,44.55384943172987,-5.171342286348006,0.0
2493,0.0,0.0,0,0,0,0,0,0.0,0.0,0,0.0,0,0,0,0,0,-0.2466579,0,-0.30092479,0,0,0,0,0,0,0,0.0,0.0,0.0,0.0,0.0,0.0,0.0,0.0,0.0,0,0,130.44752972097038,-0.10508773,-4.2757449,0.0,4.5926904654673795,0.0,0,-0.4059735644103242,3.0890088526115957,-127.77315108462618,-20.3722883037017,-1.0100044795021117,44.55384943172987,-5.171342286348006,0.0
2494,0.0,0.0,0,0,0,0,0,0.0,0.0,0,0.0,0,0,0,0,0,-0.2466579,0,-0.30092479,0,0,0,0,0,0,0,0.0,0.0,0.0,0.0,0.0,0.0,0.0,0.0,0.0,0,0,130.44752972097038,-0.10508773,-4.2757449,0.0,4.5926904654673795,0.0,0,-0.4059735644103242,3.0890088526115957,-127.77315108462618,-20.3722883037017,-1.0100044795021117,44.55384943172987,-5.171342286348006,0.0
2495,0.0,0.0,0,0,0,0,0,0.0,0.0,0,0.0,0,0,0,0,0,-0.2466579,0,-0.30092479,0,0,0,0,0,0,0,0.0,0.0,0.0,0.0,0.0,0.0,0.0,0.0,0.0,0,0,130.44752972097038,-0.10508773,-4.2757449,0.0,4.5926904654673795,0.0,0,-0.4059735644103242,3.0890088526115957,-127.77315108462618,-20.3722883037017,-1.0100044795021117,44.55384943172987,-5.171342286348006,0.0
2496,0.0,0.0,0,0,0,0,0,0.0,0.0,0,0.0,0,0,0,0,0,-0.2466579,0,-0.30092479,0,0,0,0,0,0,0,0.0,0.0,0.0,0.0,0.0,0.0,0.0,0.0,0.0,0,0,130.44752972097038,-0.10508773,-4.2757449,0.0,4.5926904654673795,0.0,0,-0.4059735644103242,3.0890088526115957,-127.77315108462618,-20.3722883037017,-1.0100044795021117,44.55384943172987,-5.171342286348006,0.0
2497,0.0,0.0,0,0,0,0,0,0.0,0.0,0,0.0,0,0,0,0,0,-0.2466579,0,-0.30092479,0,0,0,0,0,0,0,0.0,0.0,0.0,0.0,0.0,0.0,0.0,0.0,0.0,0,0,130.44752972097038,-0.10508773,-4.2757449,0.0,4.5926904654673795,0.0,0,-0.4059735644103242,3.0890088526115957,-127.77315108462618,-20.3722883037017,-1.0100044795021117,44.55384943172987,-5.171342286348006,0.0
2498,0.0,0.0,0,0,0,0,0,0.0,0.0,0,0.0,0,0,0,0,0,-0.2466579,0,-0.30092479,0,0,0,0,0,0,0,0.0,0.0,0.0,0.0,0.0,0.0,0.0,0.0,0.0,0,0,130.44752972097038,-0.10508773,-4.2757449,0.0,4.5926904654673795,0.0,0,-0.4059735644103242,3.0890088526115957,-127.77315108462618,-20.3722883037017,-1.0100044795021117,44.55384943172987,-5.171342286348006,0.0
2499,0.0,0.0,0,0,0,0,0,0.0,0.0,0,0.0,0,0,0,0,0,-0.2466579,0,-0.30092479,0,0,0,0,0,0,0,0.0,0.0,0.0,0.0,0.0,0.0,0.0,0.0,0.0,0,0,130.44752972097038,-0.10508773,-4.2757449,0.0,4.5926904654673795,0.0,0,-0.4059735644103242,3.0890088526115957,-127.77315108462618,-20.3722883037017,-1.0100044795021117,44.55384943172987,-5.171342286348006,0.0
2500,0.0,0.0,0,0,0,0,0,0.0,0.0,0,0.0,0,0,0,0,0,-0.2466579,0,-0.30092479,0,0,0,0,0,0,0,0.0,0.0,0.0,0.0,0.0,0.0,0.0,0.0,0.0,0,0,130.44752972097038,-0.10508773,-4.2757449,0.0,4.5926904654673795,0.0,0,-0.4059735644103242,3.0890088526115957,-127.77315108462618,-20.3722883037017,-1.0100044795021117,44.55384943172987,-5.171342286348006,0.0
