File Description: RCMIP SSP370 emissions 1750-2500, with 2016-2024 replaced by observations (EDGAR-2025 + CEDS v_2025_03_18 + GFED5.1) and 2025-2500 rebased on the observed 2024 level. Generated by 03Claim/scripts/build_observed_emissions.py - do not edit by hand.,,,,,,,,,,,,,,,,,,,,,,,,,,,,,,,,,,,,,,,,,,,,,,,,,,,,
"Code Source: Extracted using default Python model version of FAIR2.0, available at https://github.com/njleach/
FAIR/tree/47c6eec031d2edcf09424394dbb86581a1b246ba",,,,,,,,,,,,,,,,,,,,,,,,,,,,,,,,,,,,,,,,,,,,,,,,,,,,
"Paper Reference: Leach et al. 2021. ""FaIRv2.0.0: a generalized impulse response model for climate
uncertainty and future scenario exploration,"" Geoscientific Model Development. https://doi.org/10.5194/gmd-14-3007-2021",,,,,,,,,,,,,,,,,,,,,,,,,,,,,,,,,,,,,,,,,,,,,,,,,,,,
,,,,,,,,,,,,,,,,,,,,,,,,,,,,,,,,,,,,,,,,,,,,,,,,,,,,
year,c2f6,c3f8,c4f10,c5f12,c6f14,c7f16,c8f18,c_c4f8,carbon_dioxide,carbon_tetrachloride,cf4,cfc113,cfc114,cfc115,cfc11,cfc12,ch2cl2,ch3ccl3,chcl3,halon1211,halon1301,halon2402,halon1202,hcfc141b,hcfc142b,hcfc22,hfc125,hfc134a,hfc143a,hfc152a,hfc227ea,hfc236fa,hfc23,hfc245fa,hfc32,hfc365mfc,hfc4310mee,methane,methyl_bromide,methyl_chloride,nf3,nitrous_oxide,sf6,so2f2,so2,nox,co,nmvoc,bc,nh3,oc,nox_avi
1750,0,0,0,0,0,0,0,0,0.08370013,2.49E-05,1.01E-05,0,0,0,0,0,0,0,0,7.72E-06,0,0,0,0,0,0,0,0,0,0,0,0,0,0,0,0,0,19.01978312,0,0,0,0.054741468,0,0,0,0,0,0,0,0,0,0
1751,0,0,0,0,0,0,0,0,0.085192382,2.49E-05,1.01E-05,0,0,0,0,0,0,0,0,7.72E-06,0,0,0,0,0,0,0,0,0,0,0,0,0,0,0,0,0,18.91510887,1.95E-05,0.0010236,0,0.055775659,0,0,-0.031669297,-0.142908704,-4.600991529,-0.933699943,-0.02484483,-0.067547906,-0.258951403,0
1752,0,0,0,0,0,0,0,0,0.086713094,2.49E-05,1.01E-05,0,0,0,0,0,0,0,0,7.72E-06,0,0,0,0,0,0,0,0,0,0,0,0,0,0,0,0,0,18.88971181,3.73E-05,0.00196,0,0.056829387,0,0,-0.042932391,-0.140941523,-6.718324876,-1.389829197,-0.033458823,-0.108208055,-0.413192406,0
1753,0,0,0,0,0,0,0,0,0.088260754,2.49E-05,1.01E-05,0,0,0,0,0,0,0,0,7.72E-06,0,0,0,0,0,0,0,0,0,0,0,0,0,0,0,0,0,19.12137723,1.60E-05,0.0008411,0,0.057903023,0,0,-0.02935507,-0.195391609,-4.851902568,-0.995476824,-0.025820192,-0.046251562,-0.265122996,0
1754,0,0,0,0,0,0,0,0,0.089837892,2.49E-05,1.01E-05,0,0,0,0,0,0,0,0,7.72E-06,0,0,0,0,0,0,0,0,0,0,0,0,0,0,0,0,0,19.50906107,-1.42E-05,-0.0007451,0,0.058996942,0,0,0.022016818,-0.098375159,1.288266423,0.24811895,0.001579027,0.087499133,0.111104903,0
1755,0,0,0,0,0,0,0,0,0.091444025,2.49E-05,1.01E-05,0,0,0,0,0,0,0,0,7.72E-06,0,0,0,0,0,0,0,0,0,0,0,0,0,0,0,0,0,19.50045493,4.09E-06,0.0002149,0,0.060111528,0,0,0.002306709,0.030779307,-0.382690822,-0.196892499,0.00140241,0.016298951,-0.08948562,0
1756,0,0,0,0,0,0,0,0,0.093256021,2.49E-05,1.01E-05,0,0,0,0,0,0,0,0,7.72E-06,0,0,0,0,0,0,0,0,0,0,0,0,0,0,0,0,0,19.4625366,-2.17E-06,-0.0001143,0,0.061247171,0,0,-0.02086411,-0.319049335,-5.204207102,-1.074996912,-0.028855348,-0.004978535,-0.251891521,0
1757,0,0,0,0,0,0,0,0,0.094921754,2.49E-05,1.01E-05,0,0,0,0,0,0,0,0,7.72E-06,0,0,0,0,0,0,0,0,0,0,0,0,0,0,0,0,0,20.02354066,3.64E-06,0.0001912,0,0.062404268,0,0,0.067416259,0.39793986,7.414533486,1.241866772,0.050152921,0.119984038,0.257150973,0
1758,0,0,0,0,0,0,0,0,0.09661811,2.49E-05,1.01E-05,0,0,0,0,0,0,0,0,7.72E-06,0,0,0,0,0,0,0,0,0,0,0,0,0,0,0,0,0,19.93400533,8.89E-06,0.0004669,0,0.063583226,0,0,0.039695391,0.244133384,3.312390272,0.41278622,0.022840654,0.067769677,0.066943482,0
1759,0,0,0,0,0,0,0,0,0.098345655,2.49E-05,1.01E-05,0,0,0,0,0,0,0,0,7.72E-06,0,0,0,0,0,0,0,0,0,0,0,0,0,0,0,0,0,20.14146621,-4.01E-06,-0.0002111,0,0.064784457,0,0,0.0334796,0.017334149,2.980403948,0.423436828,0.019496676,0.118268234,0.126345344,0
1760,0,0,0,0,0,0,0,0,0.100103953,2.49E-05,1.01E-05,0,0,0,0,0,0,0,0,7.72E-06,0,0,0,0,0,0,0,0,0,0,0,0,0,0,0,0,0,20.41679714,-4.75E-05,-0.0024976,0,0.066008382,0,0,0.057696761,-0.022515902,5.890926531,1.029898565,0.03003335,0.200358194,0.371395783,0
1761,0,0,0,0,0,0,0,0,0.102157594,2.49E-05,1.01E-05,0,0,0,0,0,0,0,0,7.72E-06,0,0,0,0,0,0,0,0,0,0,0,0,0,0,0,0,0,20.45599017,3.70E-06,0.0001946,0,0.06725543,0,0,0.069133328,0.231573921,6.180609143,0.962400977,0.039986234,0.153279717,0.244247736,0
1762,0,0,0,0,0,0,0,0,0.103982192,2.49E-05,1.01E-05,0,0,0,0,0,0,0,0,7.72E-06,0,0,0,0,0,0,0,0,0,0,8.32E-11,0,0,0,1.51E-09,0,0,20.45168738,-6.46E-06,-0.0003397,0,0.068526037,0,0,0.026455698,-0.235422661,0.72233845,0.00526311,0.003977353,0.144857246,0.078267159,0
1763,0,0,0,0,0,0,0,0,0.105840337,2.49E-05,1.01E-05,0,0,0,0,0,0,0,0,7.72E-06,0,0,0,0,0,0,0,0,0,0,6.68E-10,0,0,0,1.24E-08,0,0,20.54517934,5.59E-06,0.0002937,0,0.069820649,0,2.69E-10,0.040943731,-0.102257214,1.531976145,0.105240049,0.009259003,0.140292493,0.079094341,0
1764,0,0,0,0,0,0,0,0,0.107732647,2.49E-05,1.01E-05,0,0,0,0,0,0,0,0,7.72E-06,0,0,0,0,0,0,0,0,0,0,1.27E-09,0,0,0,2.50E-08,0,0,20.26091721,2.27E-05,0.0011915,0,0.071139719,0,2.16E-09,-0.018180504,-0.158574692,-6.482748121,-1.583469057,-0.026221529,-0.028944351,-0.488969162,0
1765,0,0,0,0,0,0,0,0,0.109659749,2.49E-05,1.01E-05,0,0,0,0,0,0,0,0,7.72E-06,0,0,0,0,0,0,0,0,0,0,1.39E-09,0,0,0,3.03E-08,0,0,20.919155,-1.48E-05,-0.0007781,0,0.07248371,0,4.09E-09,0.057505631,0.002868113,4.405366989,0.607631635,0.025829266,0.184692234,0.232255959,0
1766,0,0,0,0,0,0,0,0,0.111970923,2.49E-05,1.01E-05,0,0,0,0,0,0,0,0,7.72E-06,0,0,0,0,0,0,0,0,0,0,1.42E-09,0,0,0,3.44E-08,0,0,20.8535919,-1.01E-05,-0.0005338,0,0.073853091,0,4.47E-09,0.044359887,0.024867108,0.853286223,-0.163041598,0.012689222,0.108606439,-0.088837332,0
1767,0,0,0,0,0,0,0,0,0.113969543,2.49E-05,1.01E-05,0,0,0,0,0,0,0,0,7.72E-06,0,0,0,0,0,0,0,0,0,0,1.46E-09,0,0,0,3.84E-08,0,0,20.99917946,-2.07E-06,-0.000109,0,0.075248343,0,4.59E-09,0.042694443,0.010492018,1.088740219,-0.130799324,0.014689946,0.117692336,-0.047103651,0
1768,0,0,0,0,0,0,0,0,0.116004911,2.49E-05,1.01E-05,0,0,0,0,0,0,0,0,7.72E-06,0,0,0,0,0,0,0,0,0,0,1.49E-09,0,0,0,4.25E-08,0,0,21.65945211,-4.10E-05,-0.0021556,0,0.076669954,0,4.71E-09,0.145329061,0.531191292,14.12632605,2.343999329,0.085361285,0.295927729,0.616062055,0
1769,0,0,0,0,0,0,0,0,0.118077703,2.49E-05,1.01E-05,0,0,0,0,0,0,0,0,7.72E-06,0,0,0,0,0,0,0,0,0,0,1.53E-09,0,0,0,4.65E-08,0,0,21.49633535,-1.10E-05,-0.0005799,0,0.078118423,0,4.83E-09,0.102709147,0.12263885,6.498059674,0.928577381,0.039862986,0.230173612,0.287426645,0
1770,0,0,0,0,0,0,0,0,0.120188609,2.49E-05,1.01E-05,0,0,0,0,0,0,0,0,7.72E-06,0,0,0,0,0,0,0,0,0,0,1.57E-09,0,0,0,5.06E-08,0,0,21.63439757,-4.23E-05,-0.0022233,0,0.079594257,0,4.94E-09,0.110956259,0.163706274,6.833188779,0.944200985,0.041593983,0.228288192,0.295046939,0
1771,0,0,0,0,0,0,0,0,0.122705111,2.49E-05,1.01E-05,0,0,0,0,0,0,0,0,7.72E-06,0,0,0,0,0,0,0,0,0,0,1.60E-09,0,0,0,5.47E-08,0,0,21.4289211,-1.55E-05,-0.0008131,0,0.081097973,0,5.06E-09,0.016375867,-0.111969228,-0.665370484,-0.597585895,0.003138945,0.141528314,-0.125690755,0
1772,0,0,0,0,0,0,0,0,0.124894365,2.49E-05,1.01E-05,0,0,0,0,0,0,0,0,7.72E-06,0,0,0,0,0,0,0,0,0,0,1.64E-09,0,0,0,5.87E-08,0,0,21.39461572,1.14E-06,5.97E-05,0,0.082630097,0,5.18E-09,-0.008169622,-0.211204477,-3.913884945,-1.296873278,-0.010693214,0.11554047,-0.333484861,0
1773,0,0,0,0,0,0,0,0,0.127123874,2.49E-05,1.01E-05,0,0,0,0,0,0,0,0,7.72E-06,0,0,0,0,0,0,0,0,0,0,1.67E-09,0,0,0,6.28E-08,0,0,21.59523139,-1.82E-05,-0.0009575,0,0.084191167,0,5.30E-09,-0.002477906,-0.267822347,-2.750549688,-1.105257374,-0.005015152,0.176813644,-0.243004356,0
1774,0,0,0,0,0,0,0,0,0.129394379,2.49E-05,1.01E-05,0,0,0,0,0,0,0,0,7.72E-06,0,0,0,0,0,0,0,0,0,0,1.71E-09,0,0,0,6.68E-08,0,0,22.25970773,-6.12E-05,-0.0032187,0,0.085781728,0,5.41E-09,0.088863537,0.048690627,9.576226258,1.291531646,0.057129985,0.420011378,0.42792503,0
1775,0,0,0,0,0,0,0,0,0.131706635,2.49E-05,1.01E-05,0,0,0,0,0,0,0,0,7.72E-06,0,0,0,0,0,0,0,0,0,0,1.75E-09,0,0,0,7.09E-08,0,0,22.20096329,-3.53E-05,-0.0018544,0,0.087402339,0,5.53E-09,0.057264608,0.134079216,6.519814078,0.51900424,0.051225841,0.341954728,0.141467557,0
1776,0,0,0,0,0,0,0,0,0.134448338,2.49E-05,1.01E-05,0,0,0,0,0,0,0,0,7.72E-06,0,0,0,0,0,0,0,0,0,0,1.78E-09,0,0,0,7.49E-08,0,0,22.14194213,-4.83E-05,-0.0025388,0,0.089053567,0,5.65E-09,0.026623644,-0.327795253,0.371193735,-0.640681427,0.014372376,0.333779886,-0.077591131,0
1777,0,0,0,0,0,0,0,0,0.136846413,2.49E-05,1.01E-05,0,0,0,0,0,0,0,0,7.72E-06,0,0,0,0,0,0,0,0,0,0,1.82E-09,0,0,0,7.90E-08,0,0,22.56871006,-3.50E-05,-0.0018401,0,0.090735991,0,5.77E-09,0.0813052,0.199371545,9.018002236,0.871663847,0.072474028,0.428283672,0.225789383,0
1778,0,0,0,0,0,0,0,0,0.139288584,2.49E-05,1.01E-05,0,0,0,0,0,0,0,0,7.72E-06,0,0,0,0,0,0,0,0,0,0,1.85E-09,0,0,0,8.30E-08,0,0,22.85608093,-4.31E-05,-0.0022649,0,0.092450199,0,5.88E-09,0.120517509,0.472305003,14.22805469,1.761660722,0.100230647,0.506915975,0.451788101,0
1779,0,0,0,0,0,0,0,0,0.141775665,2.49E-05,1.01E-05,0,0,0,0,0,0,0,0,7.72E-06,0,0,0,0,0,0,0,0,0,0,1.89E-09,0,0,0,8.71E-08,0,0,22.82063569,-5.08E-05,-0.0026715,0,0.094196793,0,6.00E-09,0.063664014,-0.038221946,7.398812741,0.478988657,0.061845022,0.491083366,0.179789716,0
1780,0,0,0,0,0,0,0,0,0.144309487,2.49E-05,1.01E-05,0,0,0,0,0,0,0,0,7.72E-06,0,0,0,0,0,0,0,0,0,0,1.92E-09,0,0,0,9.10E-08,0,0,23.24616665,-9.96E-05,-0.0052339,0,0.095976383,0,6.12E-09,0.10557565,-0.020147732,13.08668338,1.596769436,0.091496832,0.641739029,0.570712654,0
1781,0,0,0,0,0,0,0,0,0.1473796,2.49E-05,1.01E-05,0,0,0,0,0,0,0,0,7.72E-06,0,0,0,0,0,0,0,0,0,0,1.96E-09,0,0,0,9.52E-08,0,0,23.24965548,-4.54E-05,-0.0023853,0,0.097789594,0,6.24E-09,0.111044206,0.142688074,11.56269509,1.171480248,0.091670444,0.578093261,0.359284118,0
1782,0,0,0,0,0,0,0,0,0.15000643,2.49E-05,1.01E-05,0,0,0,0,0,0,0,0,7.72E-06,0,0,0,0,0,0,0,0,0,0,2.00E-09,0,0,0,9.92E-08,0,0,23.34175812,-5.65E-05,-0.002969,0,0.099637061,0,6.35E-09,0.07812481,-0.274077267,7.519195845,0.463895229,0.062751946,0.591935696,0.26515268,0
1783,0,0,0,0,0,0,0,0,0.152682574,2.49E-05,1.01E-05,0,0,0,0,0,0,0,0,7.72E-06,0,0,0,0,0,0,0,0,0,0,2.03E-09,0,0,0,1.03E-07,0,0,23.37991679,-4.41E-05,-0.0023201,0,0.101519431,0,6.47E-09,0.07341284,-0.290828609,5.759565476,0.0798865,0.052954834,0.568542182,0.159592325,0
1784,0,0,0,0,0,0,0,0,0.155406904,2.49E-05,1.01E-05,0,0,0,0,0,0,0,0,7.72E-06,0,0,0,0,0,0,0,0,0,0,2.07E-09,0,0,0,1.07E-07,0,0,23.2940423,-3.24E-05,-0.0017044,0,0.103437362,0,6.59E-09,0.038268006,-0.137694733,2.042137487,-0.809566331,0.042771457,0.453466309,-0.219526891,0
1785,0,0,0,0,0,0,0,0,0.158183425,2.49E-05,1.01E-05,0,0,0,0,0,0,0,0,7.72E-06,0,0,0,0,0,0,0,0,0,0,2.10E-09,0,0,0,1.11E-07,0,0,23.80210554,-5.96E-05,-0.0031313,0,0.105391528,0,6.71E-09,0.08914217,-0.182730013,8.277766574,0.472653138,0.068068936,0.610462232,0.285043333,0
1786,0,0,0,0,0,0,0,0,0.16163562,2.49E-05,1.01E-05,0,0,0,0,0,0,0,0,7.72E-06,0,0,0,0,0,0,0,0,0,0,2.14E-09,0,0,0,1.15E-07,0,0,23.831995,-6.09E-05,-0.0032007,0,0.107382613,0,6.82E-09,0.08382597,-0.167400841,5.678518518,-0.107143817,0.060912729,0.563394163,0.019488975,0
1787,0,0,0,0,0,0,0,0,0.164514037,2.49E-05,1.01E-05,0,0,0,0,0,0,0,0,7.72E-06,0,0,0,0,0,0,0,0,0,0,2.18E-09,0,0,0,1.19E-07,0,0,24.17652818,-5.36E-05,-0.0028166,0,0.109411313,0,6.94E-09,0.118622717,0.025704998,10.26600947,0.731530852,0.087408538,0.627481878,0.262663308,0
1788,0,0,0,0,0,0,0,0,0.167444363,2.49E-05,1.01E-05,0,0,0,0,0,0,0,0,7.72E-06,0,0,0,0,0,0,0,0,0,0,2.21E-09,0,0,0,1.23E-07,0,0,24.85592892,-9.55E-05,-0.0050222,0,0.111478341,0,7.06E-09,0.207981923,0.529595652,22.82973357,3.102504243,0.157452728,0.803244649,0.89568619,0
1789,0,0,0,0,0,0,0,0,0.170429585,2.49E-05,1.01E-05,0,0,0,0,0,0,0,0,7.72E-06,0,0,0,0,0,0,0,0,0,0,2.25E-09,0,0,0,1.28E-07,0,0,24.71707284,-6.35E-05,-0.0033399,0,0.113584419,0,7.18E-09,0.157768919,0.111049437,14.9142858,1.610466155,0.109893876,0.735826152,0.552740468,0
1790,0,0,0,0,0,0,0,0,0.173469687,2.49E-05,1.01E-05,0,0,0,0,0,0,0,0,7.72E-06,0,0,0,0,0,0,0,0,0,0,2.28E-09,0,0,0,1.32E-07,0,0,24.94220857,-9.63E-05,-0.0050644,0,0.115730286,0,7.29E-09,0.165487728,0.196815469,16.35285762,1.824165584,0.11866624,0.75256428,0.609075762,0
1791,0,0,0,0,0,0,0,0,0.177180339,2.49E-05,1.01E-05,0,0,0,0,0,0,0,0,7.72E-06,0,0,0,0,0,0,0,0,0,0,2.32E-09,0,0,0,1.36E-07,0,0,24.77843217,-6.64E-05,-0.0034934,0,0.117916693,0,7.41E-09,0.125486778,-0.095793389,8.131027389,0.19691298,0.074812801,0.629253452,0.168781729,0
1792,0,0,0,0,0,0,0,0,0.180509603,2.49E-05,1.01E-05,0,0,0,0,0,0,0,0,7.72E-06,0,0,0,0,0,0,0,0,0,0,2.36E-09,0,0,0,1.40E-07,0,0,24.81889294,-4.31E-05,-0.0022642,0,0.120144406,0,7.53E-09,0.11583747,-0.082486982,5.724178834,-0.316140483,0.063880038,0.571464953,-0.000998954,0
1793,0,0,0,0,0,0,0,0,0.183724618,2.49E-05,1.01E-05,0,0,0,0,0,0,0,0,7.72E-06,0,0,0,0,0,0,0,0,0,0,2.39E-09,0,0,0,1.44E-07,0,0,25.03153141,-6.17E-05,-0.0032424,0,0.122414206,0,7.65E-09,0.109326164,-0.259965228,4.844950559,-0.436886728,0.055503079,0.590430648,0.030311391,0
1794,0,0,0,0,0,0,0,0,0.186979747,2.49E-05,1.01E-05,0,0,0,0,0,0,0,0,7.72E-06,0,0,0,0,0,0,0,0,0,0,2.43E-09,0,0,0,1.48E-07,0,0,25.76753778,-0.00010356,-0.0054439,0,0.124726887,0,7.76E-09,0.202611938,0.081136829,17.19455525,2.016398308,0.11607236,0.8038459,0.717591827,0
1795,0,0,0,0,0,0,0,0,0.190311156,2.49E-05,1.01E-05,0,0,0,0,0,0,0,0,7.72E-06,0,0,0,0,0,0,0,0,0,0,2.46E-09,0,0,0,1.52E-07,0,0,25.77334281,-7.68E-05,-0.0040373,0,0.12708326,0,7.88E-09,0.170115129,0.13737593,13.66476391,1.220905918,0.104921517,0.69847913,0.435463799,0
1796,0,0,0,0,0,0,0,0,0.194000483,2.49E-05,1.01E-05,0,0,0,0,0,0,0,0,7.72E-06,0,0,0,0,0,0,0,0,0,0,2.50E-09,0,0,0,1.56E-07,0,0,25.74058407,-8.79E-05,-0.0046235,0,0.129484151,0,8.00E-09,0.128773717,-0.419349522,5.950944158,-0.157583796,0.05538386,0.654173005,0.180701654,0
1797,0,0,0,0,0,0,0,0,0.197767934,2.49E-05,1.01E-05,0,0,0,0,0,0,0,0,7.72E-06,0,0,0,0,0,0,0,0,0,0,2.54E-09,0,0,0,1.60E-07,0,0,26.23006226,-7.15E-05,-0.0037589,0,0.131930399,0,8.12E-09,0.200191027,0.209201245,15.02087842,1.449550723,0.115704281,0.70861249,0.490984901,0
1798,0,0,0,0,0,0,0,0,0.201560694,2.49E-05,1.01E-05,0,0,0,0,0,0,0,0,7.72E-06,0,0,0,0,0,0,0,0,0,0,2.57E-09,0,0,0,1.64E-07,0,0,26.54644012,-7.96E-05,-0.0041859,0,0.134422863,0,8.23E-09,0.244751731,0.454645022,19.12274402,2.175812802,0.136285528,0.743327624,0.679004594,0
1799,0,0,0,0,0,0,0,0,0.205512405,2.49E-05,1.01E-05,0,0,0,0,0,0,0,0,7.72E-06,0,0,0,0,0,0,0,0,0,0,2.61E-09,0,0,0,1.68E-07,0,0,26.70648817,-9.70E-05,-0.0051018,0,0.136962415,0,8.35E-09,0.221265281,0.018463805,14.95868813,1.474403973,0.109521409,0.746772758,0.589674641,0
1800,0,0,0,0,0,0,0,0,0.209647701,2.49E-05,1.01E-05,0,0,0,0,0,0,0,0,7.72E-06,0,0,0,0,0,0,0,0,0,0,2.64E-09,0,0,0,1.72E-07,0,0,27.05634308,-0.00012935,-0.0068,0,0.139549945,0,8.47E-09,0.258545361,-0.031500852,17.31927807,1.981382917,0.1182033,0.81295523,0.794473551,0
1801,0,0,0,0,0,0,0,0,0.213299424,2.49E-05,1.01E-05,0,0,0,0,0,0,0,0,7.72E-06,0,0,0,0,0,0,0,0,0,0,2.68E-09,0,0,0,1.76E-07,0,0,27.12488718,-7.67E-05,-0.0040342,0,0.14218636,0,8.59E-09,0.248382784,0.146366268,16.38970961,1.643821564,0.121630934,0.773496887,0.616065071,0
1802,0,0,0,0,0,0,0,0,0.219402759,2.49E-05,1.01E-05,0,0,0,0,0,0,0,0,7.72E-06,0,0,0,0,0,0,0,0,0,0,2.72E-09,0,0,0,1.80E-07,0,0,27.33978432,-9.30E-05,-0.0048917,0,0.144872582,0,8.70E-09,0.287281679,-0.204879436,14.43534873,1.304330366,0.104921906,0.835363994,0.628155465,0
1803,0,0,0,0,0,0,0,0,0.221901481,2.49E-05,1.01E-05,0,0,0,0,0,0,0,0,7.72E-06,0,0,0,0,0,0,0,0,0,0,2.75E-09,0,0,0,1.84E-07,0,0,27.32049985,-7.69E-05,-0.004044,0,0.147609553,0,8.82E-09,0.235823561,-0.340231788,10.1234212,0.382515593,0.082245073,0.793173665,0.383362732,0
1804,0,0,0,0,0,0,0,0,0.226623697,2.49E-05,1.01E-05,0,0,0,0,0,0,0,0,7.72E-06,0,0,0,0,0,0,0,0,0,0,2.79E-09,0,0,0,1.88E-07,0,0,27.46474997,-7.56E-05,-0.0039758,0,0.150398231,0,8.94E-09,0.251733582,-0.019079128,11.0013372,0.342876525,0.099527332,0.759396639,0.228579964,0
1805,0,0,0,0,0,0,0,0,0.23040324,2.49E-05,1.01E-05,0,0,0,0,0,0,0,0,7.72E-06,0,0,0,0,0,0,0,0,0,0,2.82E-09,0,0,0,1.92E-07,0,0,27.9507982,-9.81E-05,-0.0051569,0,0.153239594,0,9.06E-09,0.289736794,-0.110899264,15.77634555,1.298085233,0.117271643,0.907472117,0.646486649,0
1806,0,0,0,0,0,0,0,0,0.234904653,2.49E-05,1.01E-05,0,0,0,0,0,0,0,0,7.72E-06,0,0,0,0,0,0,0,0,0,0,2.86E-09,0,0,0,1.96E-07,0,0,28.13437245,-0.00010534,-0.0055375,0,0.156134637,0,9.17E-09,0.296277192,-0.000885947,15.81587056,1.201623458,0.125051829,0.915851362,0.503775021,0
1807,0,0,0,0,0,0,0,0,0.239729416,2.49E-05,1.01E-05,0,0,0,0,0,0,0,0,7.72E-06,0,0,0,0,0,0,0,0,0,0,2.90E-09,0,0,0,2.00E-07,0,0,28.45865603,-9.35E-05,-0.0049151,0,0.159084374,0,9.29E-09,0.335073261,0.096761416,18.70757404,1.684642912,0.142101226,0.978537237,0.669895938,0
1808,0,0,0,0,0,0,0,0,0.243262806,2.49E-05,1.01E-05,0,0,0,0,0,0,0,0,7.72E-06,0,0,0,0,0,0,0,0,0,0,2.93E-09,0,0,0,2.04E-07,0,0,29.18524117,-0.00013574,-0.0071355,0,0.162089838,0,9.41E-09,0.406660767,0.634172869,31.50791323,4.060133507,0.214165729,1.167613366,1.283878753,0
1809,0,0,0,0,0,0,0,0,0.247566883,2.49E-05,1.01E-05,0,0,0,0,0,0,0,0,7.72E-06,0,0,0,0,0,0,0,0,0,0,2.97E-09,0,0,0,2.08E-07,0,0,29.12865813,-0.00010873,-0.0057157,0,0.165152082,0,9.53E-09,0.361843613,0.206226717,24.32132676,2.688195905,0.169671885,1.135076887,0.992497847,0
1810,0,0,0,0,0,0,0,0,0.25255984,2.49E-05,1.01E-05,0,0,0,0,0,0,0,0,7.72E-06,0,0,0,0,0,0,0,0,0,0,3.00E-09,0,0,0,2.12E-07,0,0,29.42453242,-0.00014785,-0.007772,0,0.168272178,0,9.64E-09,0.383935098,0.276920901,26.19065313,2.95169043,0.18175296,1.179389061,1.077719934,0
1811,0,0,0,0,0,0,0,0,0.257616525,2.49E-05,1.01E-05,0,0,0,0,0,0,0,0,7.72E-06,0,0,0,0,0,0,0,0,0,0,3.04E-09,0,0,0,2.17E-07,0,0,29.40578756,-0.0001187,-0.0062399,0,0.171451221,0,9.76E-09,0.362952196,0.136190457,20.74212753,1.807779771,0.154759481,1.09925825,0.741197424,0
1812,0,0,0,0,0,0,0,0,0.262534146,2.49E-05,1.01E-05,0,0,0,0,0,0,0,0,7.72E-06,0,0,0,0,0,0,0,0,0,0,3.07E-09,0,0,0,2.21E-07,0,0,29.4202985,-9.74E-05,-0.0051224,0,0.174690322,0,9.88E-09,0.345374396,-0.004248125,16.05332869,0.835643743,0.130236179,1.037479545,0.481382481,0
1813,0,0,0,0,0,0,0,0,0.267207665,2.49E-05,1.01E-05,0,0,0,0,0,0,0,0,7.72E-06,0,0,0,0,0,0,0,0,0,0,3.11E-09,0,0,0,2.25E-07,0,0,29.77847603,-0.00011768,-0.006186,0,0.177990618,0,1.00E-08,0.356240286,-0.109026303,17.38652864,1.114303974,0.134226104,1.105305861,0.617246889,0
1814,0,0,0,0,0,0,0,0,0.272167485,2.49E-05,1.01E-05,0,0,0,0,0,0,0,0,7.72E-06,0,0,0,0,0,0,0,0,0,0,3.14E-09,0,0,0,2.29E-07,0,0,30.54785186,-0.00014889,-0.0078267,0,0.181353263,0,1.01E-08,0.453676933,0.228578085,29.4581829,3.470102005,0.193808936,1.3276757,1.272255339,0
1815,0,0,0,0,0,0,0,0,0.277349523,2.49E-05,1.01E-05,0,0,0,0,0,0,0,0,7.72E-06,0,0,0,0,0,0,0,0,0,0,3.18E-09,0,0,0,2.33E-07,0,0,30.64433954,-0.00013818,-0.0072641,0,0.184779437,0,1.02E-08,0.441125962,0.330809777,27.05330602,2.849749475,0.189553938,1.251204466,1.039828735,0
1816,0,0,0,0,0,0,0,0,0.283517018,2.49E-05,1.01E-05,0,0,0,0,0,0,0,0,7.72E-06,0,0,0,0,0,0,0,0,0,0,3.22E-09,0,0,0,2.37E-07,0,0,30.79985622,-0.00015269,-0.0080265,0,0.188270339,0,1.03E-08,0.454471195,-0.037028854,23.10246399,2.124606295,0.163251245,1.260557385,0.947365704,0
1817,0,0,0,0,0,0,0,0,0.289073972,2.49E-05,1.01E-05,0,0,0,0,0,0,0,0,7.72E-06,0,0,0,0,0,0,0,0,0,0,3.25E-09,0,0,0,2.41E-07,0,0,31.19839541,-0.00013437,-0.0070634,0,0.191827191,0,1.05E-08,0.499377531,0.341334564,27.91558535,2.919704785,0.198409814,1.293135292,1.069560499,0
1818,0,0,0,0,0,0,0,0,0.294219976,2.49E-05,1.01E-05,0,0,0,0,0,0,0,0,7.72E-06,0,0,0,0,0,0,0,0,0,0,3.29E-09,0,0,0,2.45E-07,0,0,31.68760832,-0.00014761,-0.0077594,0,0.195451241,0,1.06E-08,0.561929799,0.762066131,35.38685082,4.245854265,0.237719349,1.379127017,1.401980736,0
1819,0,0,0,0,0,0,0,0,0.299440531,2.49E-05,1.01E-05,0,0,0,0,0,0,0,0,7.72E-06,0,0,0,0,0,0,0,0,0,0,3.32E-09,0,0,0,2.49E-07,0,0,31.84544135,-0.00016538,-0.0086938,0,0.199143758,0,1.07E-08,0.516134153,0.28325221,29.80522506,3.235763049,0.206358727,1.375188767,1.217530065,0
1820,0,0,0,0,0,0,0,0,0.304905348,2.49E-05,1.01E-05,0,0,0,0,0,0,0,0,7.72E-06,0,0,0,0,0,0,0,0,0,0,3.36E-09,0,0,0,2.53E-07,0,0,32.33339467,-0.00019864,-0.010442,0,0.202906034,0,1.08E-08,0.555533118,0.266970728,33.8923895,4.054817074,0.22327801,1.488387883,1.515896263,0
1821,0,0,0,0,0,0,0,0,0.310476342,2.49E-05,1.01E-05,0,0,0,0,0,0,0,0,7.72E-06,0,0,0,0,0,0,0,0,0,0,3.40E-09,0,0,0,2.57E-07,0,0,32.52138863,-0.00014874,-0.0078188,0,0.206739388,0,1.09E-08,0.567260296,0.50073173,34.37017532,3.965622863,0.235713022,1.468609079,1.412432176,0
1822,0,0,0,0,0,0,0,0,0.316491369,2.49E-05,1.01E-05,0,0,0,0,0,0,0,0,7.72E-06,0,0,0,0,0,0,0,0,0,0,3.43E-09,0,0,0,2.61E-07,0,0,32.73451052,-0.00016669,-0.0087627,0,0.210645163,0,1.11E-08,0.554234805,-0.020195164,30.14344166,3.205420306,0.204744362,1.520161978,1.348629933,0
1823,0,0,0,0,0,0,0,0,0.322939737,2.49E-05,1.01E-05,0,0,0,0,0,0,0,0,7.72E-06,0,0,0,0,0,0,0,0,0,0,3.47E-09,0,0,0,2.65E-07,0,0,32.75571509,-0.00014677,-0.0077156,0,0.214624727,0,1.12E-08,0.554489404,-0.102577025,25.86582254,2.238938148,0.184701009,1.467570972,1.085044136,0
1824,0,0,0,0,0,0,0,0,0.329048562,2.49E-05,1.01E-05,0,0,0,0,0,0,0,0,7.72E-06,0,0,0,0,0,0,0,0,0,0,3.50E-09,0,0,0,2.69E-07,0,0,33.0519787,-0.00015348,-0.0080684,0,0.218679474,0,1.13E-08,0.581063546,0.260451114,28.51335264,2.541607574,0.213177055,1.468143852,1.023057109,0
1825,0,0,0,0,0,0,0,0,0.335519842,2.49E-05,1.01E-05,0,0,0,0,0,0,0,0,7.72E-06,0,0,0,0,0,0,0,0,0,0,3.54E-09,0,0,0,2.73E-07,0,0,33.52533882,-0.00017121,-0.009,0,0.222810824,0,1.14E-08,0.631566327,0.137249288,31.78939098,3.16396333,0.224932356,1.588546397,1.361009378,0
1826,0,0,0,0,0,0,0,0,0.341535292,2.49E-05,1.01E-05,0,0,0,0,0,0,0,0,7.72E-06,0,0,0,0,0,0,0,0,0,0,3.57E-09,0,0,0,2.77E-07,0,0,33.7481029,-0.00017932,-0.0094263,0,0.227020225,0,1.15E-08,0.619144659,0.112734616,30.29490674,2.794115286,0.223198078,1.595930323,1.173110934,0
1827,0,0,0,0,0,0,0,0,0.348755641,2.49E-05,1.01E-05,0,0,0,0,0,0,0,0,7.72E-06,0,0,0,0,0,0,0,0,0,0,3.61E-09,0,0,0,2.81E-07,0,0,34.15505001,-0.00017258,-0.009072,0,0.231309151,0,1.16E-08,0.687257202,0.280868927,33.94998043,3.368163883,0.248567027,1.658160233,1.352251083,0
1828,0,0,0,0,0,0,0,0,0.35501382,2.49E-05,1.01E-05,0,0,0,0,0,0,0,0,7.72E-06,0,0,0,0,0,0,0,0,0,0,3.64E-09,0,0,0,2.85E-07,0,0,34.99912851,-0.00021551,-0.011329,0,0.235679104,0,1.18E-08,0.790952447,0.785252356,47.44807369,5.883533262,0.323003397,1.873805855,2.032896349,0
1829,0,0,0,0,0,0,0,0,0.361038603,2.49E-05,1.01E-05,0,0,0,0,0,0,0,0,7.72E-06,0,0,0,0,0,0,0,0,0,0,3.68E-09,0,0,0,2.89E-07,0,0,35.01640513,-0.00018748,-0.0098554,0,0.240131616,0,1.19E-08,0.749452349,0.404228337,40.64726943,4.551072012,0.281605577,1.839539303,1.746413507,0
1830,0,0,0,0,0,0,0,0,0.37360191,2.49E-05,1.01E-05,0,0,0,0,0,0,0,0,7.72E-06,0,0,0,0,0,0,0,0,0,0,3.72E-09,0,0,0,2.93E-07,0,0,35.40215534,-0.00022103,-0.0116193,0,0.244668245,0,1.20E-08,0.966443732,0.529303112,43.57917409,4.918935566,0.305389075,1.891116355,1.866583426,0
1831,0,0,0,0,0,0,0,0,0.378744286,2.49E-05,1.01E-05,0,0,0,0,0,0,0,0,7.72E-06,0,0,0,0,0,0,0,0,0,0,3.75E-09,0,0,0,2.97E-07,0,0,35.37418705,-0.00019599,-0.0103029,0,0.249290582,0,1.21E-08,0.876843268,0.230338618,35.67389195,3.314995517,0.26357637,1.8038173,1.43006052,0
1832,0,0,0,0,0,0,0,0,0.385302899,2.49E-05,1.01E-05,0,0,0,0,0,0,0,0,7.72E-06,0,0,0,0,0,0,0,0,0,0,3.79E-09,0,0,0,3.01E-07,0,0,35.56272349,-0.00017849,-0.0093829,0,0.254000246,0,1.22E-08,0.875999489,0.226284142,33.83603923,2.849070337,0.256092544,1.784739917,1.291318607,0
1833,0,0,0,0,0,0,0,0,0.392496291,2.49E-05,1.01E-05,0,0,0,0,0,0,0,0,7.72E-06,0,0,0,0,0,0,0,0,0,0,3.82E-09,0,0,0,3.05E-07,0,0,35.98083111,-0.00019598,-0.0103023,0,0.258798885,0,1.23E-08,0.902486874,0.092143998,34.92643402,3.047757477,0.259188626,1.863232865,1.416828773,0
1834,0,0,0,0,0,0,0,0,0.399747258,2.49E-05,1.01E-05,0,0,0,0,0,0,0,0,7.72E-06,0,0,0,0,0,0,0,0,0,0,3.86E-09,0,0,0,3.09E-07,0,0,36.76106097,-0.00023373,-0.0122865,0,0.263688182,0,1.25E-08,0.997128049,0.367147088,45.61554356,5.083166417,0.314674711,2.073730381,2.006617194,0
1835,0,0,0,0,0,0,0,0,0.407217955,2.49E-05,1.01E-05,0,0,0,0,0,0,0,0,7.72E-06,0,0,0,0,0,0,0,0,0,0,3.90E-09,0,0,0,3.13E-07,0,0,36.88278973,-0.00021793,-0.0114562,0,0.268669848,0,1.26E-08,0.991043098,0.398339825,42.0277804,4.213616941,0.307685619,1.997858194,1.722818643,0
1836,0,0,0,0,0,0,0,0,0.418189162,2.49E-05,1.01E-05,0,0,0,0,0,0,0,0,7.72E-06,0,0,0,0,0,0,0,0,0,0,3.93E-09,0,0,0,3.17E-07,0,0,37.24729235,-0.00023872,-0.0125488,0,0.27374563,0,1.27E-08,1.120563627,0.131921488,41.45130561,4.058337107,0.306417201,2.065324995,1.787336139,0
1837,0,0,0,0,0,0,0,0,0.4253848,2.49E-05,1.01E-05,0,0,0,0,0,0,0,0,7.72E-06,0,0,0,0,0,0,0,0,0,0,3.97E-09,0,0,0,3.21E-07,0,0,37.69980678,-0.00021827,-0.0114742,0,0.278917305,0,1.28E-08,1.150526439,0.535172389,46.22914499,4.800600921,0.342439418,2.099369733,1.906167091,0
1838,0,0,0,0,0,0,0,0,0.433700233,2.49E-05,1.01E-05,0,0,0,0,0,0,0,0,7.72E-06,0,0,0,0,0,0,0,0,0,0,4.00E-09,0,0,0,3.25E-07,0,0,38.24210962,-0.00023225,-0.0122087,0,0.284186684,0,1.29E-08,1.237300949,0.870053035,52.76882824,5.925420343,0.37954099,2.194845803,2.193870324,0
1839,0,0,0,0,0,0,0,0,0.44214332,2.49E-05,1.01E-05,0,0,0,0,0,0,0,0,7.72E-06,0,0,0,0,0,0,0,0,0,0,4.04E-09,0,0,0,3.29E-07,0,0,38.51117556,-0.00024985,-0.0131341,0,0.289555613,0,1.30E-08,1.240371528,0.453369004,48.38427809,5.089485956,0.354867383,2.211918238,2.057508182,0
1840,0,0,0,0,0,0,0,0,0.451932498,2.49E-05,1.01E-05,0,0,0,0,0,0,0,0,7.72E-06,0,0,0,0,0,0,0,0,0,0,4.07E-09,0,0,0,3.33E-07,0,0,38.88776194,-0.00028018,-0.0147286,0,0.295025974,0,1.32E-08,1.302396772,0.154332595,47.35355741,4.901155536,0.346106767,2.283636207,2.127464332,0
1841,0,0,0,0,0,0,0,0,0.460687548,2.49E-05,1.01E-05,0,0,0,0,0,0,0,0,7.72E-06,0,0,0,0,0,0,0,0,0,0,4.11E-09,0,0,0,3.37E-07,0,0,39.38162317,-0.00023984,-0.0126079,0,0.300599683,0,1.33E-08,1.386510309,0.696866399,53.84538304,5.92361896,0.392719097,2.32176311,2.297875424,0
1842,0,0,0,0,0,0,0,0,0.470563893,2.49E-05,1.01E-05,0,0,0,0,0,0,0,0,7.72E-06,0,0,0,0,0,0,0,0,0,0,4.14E-09,0,0,0,3.41E-07,0,0,39.61872888,-0.00024739,-0.0130046,0,0.306278691,0,1.34E-08,1.416859563,0.193415458,48.46776336,4.89984737,0.351399714,2.333691761,2.143293571,0
1843,0,0,0,0,0,0,0,0,0.479357136,2.49E-05,1.01E-05,0,0,0,0,0,0,0,0,7.72E-06,0,0,0,0,0,0,0,0,0,0,4.18E-09,0,0,0,3.45E-07,0,0,39.65326382,-0.00023047,-0.0121152,0,0.312064989,0,1.35E-08,1.413260958,-0.102530552,41.20942209,3.402234689,0.313365516,2.25816252,1.770550175,0
1844,0,0,0,0,0,0,0,0,0.489882112,2.49E-05,1.01E-05,0,0,0,0,0,0,0,0,7.72E-06,0,0,0,0,0,0,0,0,0,0,4.22E-09,0,0,0,3.49E-07,0,0,40.04426499,-0.00023656,-0.0124355,0,0.317960603,0,1.36E-08,1.536638978,0.289133536,44.18008294,3.740628076,0.346055141,2.251223434,1.732453751,0
1845,0,0,0,0,0,0,0,0,0.502103943,2.49E-05,1.01E-05,0,0,0,0,0,0,0,0,7.72E-06,0,0,0,0,0,0,0,0,0,0,4.25E-09,0,0,0,3.53E-07,0,0,40.66967667,-0.00025516,-0.013413,0,0.323967598,0,1.38E-08,1.714232812,0.264717879,49.32269722,4.663741008,0.37360112,2.38021582,2.151695154,0
1846,0,0,0,0,0,0,0,0,0.51094114,2.49E-05,1.01E-05,0,0,0,0,0,0,0,0,7.72E-06,0,0,0,0,0,0,0,0,0,0,4.29E-09,0,0,0,3.57E-07,0,0,40.97519975,-0.0002635,-0.0138516,0,0.330088079,0,1.39E-08,1.6980767,0.237341612,47.3809034,4.222225302,0.373427987,2.374808267,1.951210419,0
1847,0,0,0,0,0,0,0,0,0.522793082,2.49E-05,1.01E-05,0,0,0,0,0,0,0,0,7.72E-06,0,0,0,0,0,0,0,0,0,0,4.32E-09,0,0,0,3.61E-07,0,0,41.61647168,-0.00026015,-0.0136756,0,0.33632419,0,1.40E-08,1.861701773,0.536318334,54.4577987,5.421794528,0.423344473,2.474271927,2.312846043,0
1848,1.49E-08,0,0,0,0,0,0,0,0.531191961,2.49E-05,1.01E-05,0,0,0,0,0,0,0,0,7.72E-06,0,0,0,0,0,0,0,0,0,0,4.36E-09,0,0,0,3.65E-07,0,0,42.44947063,-0.00029944,-0.0157409,0,0.342678115,0,1.41E-08,1.961917694,0.912370294,65.03093417,7.376417529,0.479601044,2.645548475,2.853025583,0
1849,1.20E-07,0,0,0,0,0,0,0,0.541830445,2.49E-05,1.01E-05,0,0,0,0,0,0,0,0,7.72E-06,0,0,0,0,0,0,0,0,0,0,4.39E-09,0,0,0,3.69E-07,0,0,42.63396461,-0.00027095,-0.0142433,0,0.34915208,0,1.42E-08,2.002811865,0.688902653,60.41257535,6.405245317,0.454623334,2.615668743,2.627118123,0
1850,2.25E-07,0,0,0,0,0,0,0,0.55343193,2.49E-05,1.01E-05,0,0,0,0,0,0,0,0,7.72E-06,0,0,0,0,0,0,0,0,0,0,4.44E-09,0,0,0,3.74E-07,0,0,43.14236365,-0.00015478,-0.0081366,0,0.355748354,0,1.43E-08,2.104415341,0.721364905,62.93551554,6.761222526,0.473353723,2.676472466,2.77915664,0
1851,2.41E-07,0,0,0,0,0,0,0,0.545763872,2.49E-05,1.01E-05,0,0,0,0,0,0,0,0,7.72E-06,0,0,0,0,0,0,0,0,0,0,4.48E-09,0,0,0,3.78E-07,0,0,43.15191371,-0.00012316,-0.0064743,0,0.36372733,0,1.45E-08,2.066551283,0.437227979,53.71745648,4.928220368,0.428921834,2.550781237,2.278632347,0
1852,2.42E-07,0,0,0,0,0,0,0,0.603825061,2.49E-05,1.01E-05,0,0,0,0,0,0,0,0,7.72E-06,0,0,0,0,0,0,0,0,0,0,4.51E-09,0,0,0,3.83E-07,0,0,43.34412933,-0.00010574,-0.0055588,0,0.372356545,0,1.46E-08,2.108124942,0.266607381,48.97116121,3.936073641,0.409863405,2.496830156,2.031593403,0
1853,2.43E-07,0,0,0,0,0,0,0,0.604080035,2.49E-05,1.01E-05,0,0,0,0,0,0,0,0,7.72E-06,0,0,0,0,0,0,0,0,0,0,4.55E-09,0,0,0,3.87E-07,0,0,43.88435963,-0.00011843,-0.0062258,0,0.380040633,0,1.47E-08,2.205545381,0.299041294,51.81144537,4.423727954,0.430040987,2.565497035,2.210821732,0
1854,2.44E-07,0,0,0,0,0,0,0,0.612125325,2.49E-05,1.01E-05,0,0,0,0,0,0,0,0,7.72E-06,0,0,0,0,0,0,0,0,0,0,4.58E-09,0,0,0,3.90E-07,0,0,44.80907906,-0.00016513,-0.0086808,0,0.388047506,0,1.48E-08,2.622370266,0.686778116,64.87177273,6.772868995,0.512277788,2.781235963,2.892763179,0
1855,2.45E-07,0,0,0,0,0,0,0,0.609810706,2.49E-05,1.01E-05,0,0,0,0,0,0,0,0,7.72E-06,0,0,0,0,0,0,0,0,0,0,4.62E-09,0,0,0,3.95E-07,0,0,44.9570539,-0.00013709,-0.0072064,0,0.395083121,0,1.49E-08,2.615828224,0.638439341,59.5830951,5.629737754,0.495493558,2.680528358,2.543980448,1.94E-08
1856,2.47E-07,0,0,0,0,0,0,0,0.620403979,2.49E-05,1.01E-05,0,0,0,0,0,0,0,0,7.72E-06,0,0,0,0,0,0,0,0,0,0,4.65E-09,0,0,0,3.98E-07,0,0,45.32147323,-0.00015887,-0.0083515,0,0.401140705,0,1.50E-08,2.7485038,0.210934714,56.32755795,5.02070848,0.475659252,2.721277316,2.506449905,3.32E-08
1857,2.49E-07,0,0,0,0,0,0,0,0.626432833,2.49E-05,1.01E-05,0,0,0,0,0,0,0,0,7.72E-06,0,0,0,0,0,0,0,0,0,0,4.69E-09,0,0,0,4.03E-07,0,0,46.01300694,-0.00013797,-0.0072527,0,0.407452131,0,1.52E-08,2.845698045,0.925786153,66.14583307,6.705972545,0.538681822,2.790297357,2.843897499,6.84E-08
1858,2.51E-07,0,0,0,0,0,0,0,0.632238205,2.49E-05,1.01E-05,0,0,0,0,0,0,0,0,7.72E-06,0,0,0,0,0,0,0,0,0,0,4.73E-09,0,0,0,4.07E-07,0,0,46.54057729,-0.00014786,-0.0077727,0,0.41244249,0,1.53E-08,2.921294373,1.194239076,70.48666483,7.448777539,0.562351886,2.846182625,3.031608151,1.10E-07
1859,2.53E-07,0,0,0,0,0,0,0,0.644700232,2.49E-05,1.01E-05,0,0,0,0,0,0,0,0,7.72E-06,0,0,0,0,0,0,0,0,0,0,4.76E-09,0,0,0,4.10E-07,0,0,46.94962615,-0.0001733,-0.0091099,0,0.416921628,0,1.54E-08,3.082039771,0.796274565,67.77238972,6.935121115,0.550432494,2.887943697,3.001837837,1.12E-07
1860,2.55E-07,0,0,0,0,0,0,0,0.657163863,2.49E-05,1.08E-05,0,0,0,0,0,0,0,0,7.72E-06,0,0,0,0,0,0,0,0,0,0,4.79E-09,0,0,0,4.14E-07,0,0,47.37614023,-0.00019661,-0.0103353,0,0.420676116,0,1.55E-08,3.34767792,0.603356982,67.53663781,6.827708704,0.550633975,2.940772503,3.072799856,7.01E-07
1861,2.57E-07,0,0,0,0,0,0,0,0.672972107,2.49E-05,1.08E-05,0,0,0,0,0,0,0,0,7.72E-06,0,0,0,0,0,0,0,0,0,0,4.83E-09,0,0,0,4.19E-07,0,0,48.2346867,-0.00014505,-0.0076251,0,0.423282924,0,1.56E-08,3.49325293,0.932591724,68.71677844,6.863929287,0.572497907,2.929445554,2.989451682,2.94E-06
1862,2.60E-07,0,0,0,0,0,0,0,0.614310229,2.49E-05,1.01E-05,0,0,0,0,0,0,0,0,7.72E-06,0,0,0,0,0,0,0,0,0,0,4.87E-09,0,0,0,4.23E-07,0,0,49.13056212,-0.00015471,-0.0081329,0,0.425890985,0,1.58E-08,3.503455415,0.542504032,65.63544778,6.337133937,0.550794228,2.991191881,2.968225058,5.44E-06
1863,2.62E-07,0,0,0,0,0,0,0,0.620106096,2.49E-05,1.01E-05,0,0,0,0,0,0,0,0,7.72E-06,0,0,0,0,0,0,0,0,0,0,4.91E-09,0,0,0,4.27E-07,0,0,49.71022253,-0.00013683,-0.0071929,0,0.428354825,0,1.59E-08,3.679298815,0.30952933,59.59506063,4.987809176,0.531498759,2.940975762,2.643742859,6.08E-06
1864,2.65E-07,0,0,0,0,0,0,0,0.627683452,2.49E-05,1.01E-05,0,0,0,0,0,0,0,0,7.72E-06,0,0,0,0,0,0,0,0,0,0,4.94E-09,0,0,0,4.31E-07,0,0,50.66032473,-0.00014306,-0.0075202,0,0.430935869,0,1.60E-08,3.936440362,0.69034054,62.80370551,5.377240417,0.569984878,2.959443986,2.646149154,6.01E-06
1865,2.68E-07,0,0,0,0,0,0,0,0.634657822,2.49E-05,1.08E-05,0,0,0,0,0,0,0,0,7.72E-06,0,0,0,0,0,0,0,0,0,0,4.98E-09,0,0,0,4.35E-07,0,0,51.9800751,-0.00015756,-0.0082826,0,0.433360004,0,1.61E-08,4.203747181,0.920926498,71.9616462,7.081647287,0.622430311,3.145844686,3.218900233,7.94E-06
1866,2.71E-07,0,0,0,0,0,0,0,0.638592711,2.49E-05,1.08E-05,0,0,0,0,0,0,0,0,7.72E-06,0,0,0,0,0,0,0,0,0,0,5.01E-09,0,0,0,4.39E-07,0,0,52.74699293,-0.00016375,-0.0086081,0,0.43566559,0,1.62E-08,4.3259124,0.842128664,68.57382615,6.353455336,0.612527581,3.136859032,2.947012047,1.32E-05
1867,2.74E-07,0,0,0,0,0,0,0,0.644921061,2.49E-05,1.01E-05,0,0,0,0,0,0,0,0,7.72E-06,0,0,0,0,0,0,0,0,0,0,5.05E-09,0,0,0,4.43E-07,0,0,53.94102178,-0.00015679,-0.0082423,0,0.438131014,0,1.63E-08,4.679715359,1.162406568,75.76961652,7.638438263,0.663251915,3.26144301,3.32068802,1.46E-05
1868,2.77E-07,0,0,0,0,0,0,0,0.646486102,2.49E-05,1.01E-05,0,0,0,0,0,0,0,0,7.72E-06,0,0,0,0,0,0,0,0,0,0,5.08E-09,0,0,0,4.47E-07,0,0,55.28767356,-0.00019587,-0.0102966,0,0.441354035,0,1.65E-08,4.885141276,1.596376616,86.40286948,9.62546759,0.727369807,3.444510832,3.853579423,1.91E-05
1869,2.81E-07,0,0,0,0,0,0,0,0.652518654,2.49E-05,1.08E-05,0,0,0,0,0,0,0,0,7.72E-06,0,0,0,0,0,0,0,0,0,0,5.12E-09,0,0,0,4.51E-07,0,0,55.83359728,-0.00015759,-0.008284,0,0.443827596,0,1.66E-08,5.131065644,1.208879954,77.87625795,7.907669367,0.687233562,3.383371178,3.441156888,2.38E-05
1870,2.84E-07,0,0,0,0,0,0,0,0.654800577,2.49E-05,1.08E-05,0,0,0,0,0,0,0,0,7.72E-06,0,0,0,0,0,0,0,0,0,0,5.15E-09,0,0,0,4.55E-07,0,0,56.99659231,-0.00019456,-0.0102275,0,0.446558794,0,1.67E-08,5.322899552,1.465532128,84.70140367,9.100050712,0.733430027,3.51333388,3.8104526,3.21E-05
1871,2.88E-07,0,0,0,0,0,0,0,0.683494797,2.49E-05,1.01E-05,0,0,0,0,0,0,0,0,7.72E-06,0,0,0,0,0,0,0,0,0,0,5.19E-09,0,0,0,4.59E-07,0,0,57.57401422,-0.00015902,-0.0083593,0,0.454253369,0,1.68E-08,5.579505119,1.287953013,76.63329254,7.406797355,0.700059592,3.441807606,3.314105619,3.63E-05
1872,2.92E-07,0,0,0,0,0,0,0,0.783931039,2.49E-05,1.08E-05,0,0,0,0,0,0,0,0,7.72E-06,0,0,0,0,0,0,0,0,0,0,5.23E-09,0,0,0,4.63E-07,0,0,58.18710545,-0.00013698,-0.0072008,0,0.470777053,0,1.69E-08,6.047224721,0.990061319,69.21691458,5.823710887,0.673521938,3.402694146,2.917673502,4.47E-05
1873,2.96E-07,0,0,0,0,0,0,0,0.804622739,2.49E-05,1.08E-05,0,0,0,0,0,0,0,0,7.72E-06,0,0,0,0,0,0,0,0,0,0,5.26E-09,0,0,0,4.67E-07,0,0,59.62016165,-0.0001555,-0.0081744,0,0.493804496,0,1.70E-08,6.492914841,1.421251741,80.75293026,7.972544227,0.743863092,3.636845024,3.489630758,7.76E-05
1874,3.00E-07,0,0,0,0,0,0,0,0.802802562,2.49E-05,1.08E-05,0,0,0,0,0,0,0,0,7.72E-06,0,0,0,0,0,0,0,0,0,0,5.30E-09,0,0,0,4.71E-07,0,0,60.88850035,-0.0002028,-0.0106606,0,0.521640998,0,1.72E-08,6.31065303,1.617043743,87.27682123,9.327253848,0.770288155,3.823920921,3.857142577,9.46E-05
1875,3.05E-07,0,0,0,0,0,0,0,0.822894831,2.49E-05,1.08E-05,0,0,0,0,0,0,0,0,7.72E-06,0,0,0,0,0,0,0,0,0,0,5.33E-09,0,0,0,4.75E-07,0,0,61.4471703,-0.00015672,-0.0082384,0,0.552063271,0,1.73E-08,6.650790002,1.426372099,78.36613668,7.460262376,0.73571835,3.735855138,3.306207943,9.52E-05
1876,3.09E-07,0,0,0,0,0,0,0,0.833284219,2.49E-05,1.08E-05,0,0,0,0,0,0,0,0,7.72E-06,0,0,0,0,0,0,0,0,0,0,5.37E-09,0,0,0,4.79E-07,0,0,62.60294811,-0.00018598,-0.0097769,0,0.582777234,0,1.74E-08,6.826141144,1.301898906,80.95318895,8.050838668,0.745354511,3.904202937,3.554472513,0.00011788
1877,3.14E-07,0,0,0,0,0,0,0,0.843816255,2.49E-05,1.08E-05,0,0,0,0,0,0,0,0,7.72E-06,0,0,0,0,0,0,0,0,0,0,5.41E-09,0,0,0,4.83E-07,0,0,63.64524259,-0.00015949,-0.0083841,0,0.612115448,0,1.75E-08,7.070324301,1.761265378,85.53298722,8.756554504,0.783808417,3.96933151,3.641390949,0.000178413
1878,3.19E-07,0,0,0,0,0,0,0,0.851653034,2.49E-05,1.08E-05,0,0,0,0,0,0,0,0,7.72E-06,0,0,0,0,0,0,0,0,0,0,5.44E-09,0,0,0,4.87E-07,0,0,64.71120383,-0.00016301,-0.008569,0,0.637602533,0,1.76E-08,7.157611607,2.055645529,89.43259099,9.447969517,0.807265739,4.071255253,3.780503159,0.000219011
1879,3.23E-07,0,0,0,0,0,0,0,0.871064845,2.49E-05,1.08E-05,0,0,0,0,0,0,0,0,7.72E-06,0,0,0,0,0,0,0,0,0,0,5.47E-09,0,0,0,4.91E-07,0,0,65.90279841,-0.00020745,-0.0109053,0,0.658807032,0,1.77E-08,7.653474785,1.871800005,92.3244003,10.06389379,0.831487885,4.253815599,4.039647242,0.000303214
1880,3.29E-07,0,0,0,0,0,0,0,0.903444558,2.49E-05,1.08E-05,0,0,0,0,0,0,0,0,7.72E-06,0,0,0,0,0,0,0,0,0,0,5.51E-09,0,0,0,4.95E-07,0,0,66.6649843,-0.00020599,-0.0108287,0,0.672655514,0,1.79E-08,8.496273902,1.673390049,88.83836876,9.166054967,0.823401307,4.282880256,3.879153133,0.000394975
1881,3.34E-07,0,0,0,0,0,0,0,0.947060166,2.49E-05,1.16E-05,0,0,0,0,0,0,0,0,7.72E-06,0,0,0,0,0,0,0,0,0,0,5.55E-09,0,0,0,4.99E-07,0,0,67.70670095,-0.00015859,-0.008337,0,0.680513013,0,1.80E-08,8.853458296,2.149883742,92.44636605,9.687142666,0.86510647,4.347058373,3.879498096,0.000481957
1882,3.39E-07,0,0,0,0,0,0,0,0.910568798,2.49E-05,1.16E-05,0,0,0,0,0,0,0,0,7.72E-06,0,0,0,0,0,0,0,0,0,0,5.59E-09,0,0,0,5.04E-07,0,0,68.57787524,-0.00016014,-0.0084183,0,0.689130425,0,1.81E-08,9.298799766,1.749229003,87.55127134,8.728341263,0.846575096,4.415530871,3.710494138,0.000563796
1883,3.45E-07,0,0,0,0,0,0,0,0.931572395,2.49E-05,1.08E-05,0,0,0,0,0,0,0,0,7.72E-06,0,0,0,0,0,0,0,0,0,0,5.62E-09,0,0,0,5.08E-07,0,0,69.1859791,-0.00012871,-0.0067659,0,0.695746093,0,1.82E-08,9.814335592,1.535292971,79.69384465,7.040718533,0.820313333,4.373382687,3.261693218,0.00052808
1884,3.50E-07,0,0,0,0,0,0,0,0.936752816,2.49E-05,1.08E-05,0,0,0,0,0,0,0,0,7.72E-06,0,0,0,0,0,0,0,0,0,0,5.66E-09,0,0,0,5.12E-07,0,0,70.48060515,-0.00015238,-0.0080104,0,0.701562933,0,1.83E-08,10.02719709,2.070862646,87.9909904,8.572197038,0.880387984,4.536088477,3.562221829,0.000645138
1885,3.56E-07,0,0,0,0,0,0,0,0.944519673,2.49E-05,1.16E-05,0,0,0,0,0,0,0,0,7.72E-06,0,0,0,0,0,0,0,0,0,0,5.69E-09,0,0,0,5.16E-07,0,0,71.60546241,-0.00014975,-0.0078722,0,0.707762228,0,1.85E-08,10.13021779,2.021865446,89.61417976,8.92795196,0.889887898,4.675463476,3.759200914,0.000730851
1886,3.62E-07,0,0,0,0,0,0,0,0.949469814,2.49E-05,1.16E-05,0,0,0,0,0,0,0,0,7.72E-06,0,0,0,0,0,0,0,0,0,0,5.73E-09,0,0,0,5.20E-07,0,0,72.58254388,-0.00015203,-0.0079918,0,0.712503274,0,1.86E-08,10.24621479,2.159464653,89.20596808,8.84743662,0.902377621,4.748107383,3.620151435,0.000883387
1887,3.68E-07,0,0,0,0,0,0,0,0.962057075,2.49E-05,1.16E-05,0,0,0,0,0,0,0,0,7.72E-06,0,0,0,0,0,0,0,0,0,0,5.77E-09,0,0,0,5.24E-07,0,0,73.77743063,-0.0001387,-0.0072911,0,0.718086141,0,1.87E-08,10.75090678,2.436209287,94.58037936,9.772213198,0.946819319,4.897965139,3.880785491,0.001033007
1888,3.74E-07,0,0,0,0,0,0,0,0.98973907,2.49E-05,1.16E-05,0,0,0,0,0,0,0,0,7.72E-06,0,0,0,0,0,0,0,0,0,0,5.80E-09,0,0,0,5.28E-07,0,0,75.11035553,-0.00017314,-0.0091016,0,0.724092623,0,1.88E-08,11.90210653,2.839889898,103.9749492,11.40541122,1.025713296,5.113933201,4.338078279,0.001139422
1889,3.81E-07,5.18E-10,0,0,0,0,0,0,0.989620414,2.49E-05,1.16E-05,0,0,0,0,0,0,0,0,7.72E-06,0,0,0,0,0,0,0,0,0,0,5.84E-09,0,0,0,5.32E-07,0,0,75.92960019,-0.00012896,-0.0067792,0,0.730631312,0,1.89E-08,11.89477283,2.791499517,100.1635109,10.63536149,1.006897582,5.147637822,4.105108908,0.001344781
1890,3.87E-07,4.82E-09,0,0,0,0,0,0,1.012205406,2.49E-05,1.16E-05,0,0,0,0,0,0,0,0,7.72E-06,0,0,0,0,0,0,0,0,0,0,5.87E-09,0,0,0,5.36E-07,0,0,77.07862319,-0.00015603,-0.0082024,0,0.75552423,0,1.90E-08,12.99273806,3.05673659,105.3716736,11.45477094,1.061424194,5.294190617,4.330396716,0.001721606
1891,3.94E-07,1.04E-08,0,0,0,0,0,0,1.024011972,2.49E-05,1.16E-05,0,0,0,0,0,0,0,0,7.72E-06,0,0,0,0,0,0,0,0,0,0,5.91E-09,0,0,0,5.40E-07,0,0,77.68229292,-0.00011429,-0.0060083,0,0.766856623,0,1.92E-08,13.58674911,2.844518349,95.85537302,9.509895681,1.027409941,5.231950107,3.75200488,0.00215412
1892,4.01E-07,1.48E-08,0,0,0,0,0,0,1.041009904,2.49E-05,1.16E-05,0,0,0,0,0,0,0,0,7.72E-06,0,0,0,0,0,0,0,0,0,0,5.95E-09,0,0,0,5.45E-07,0,0,78.54558089,-9.69E-05,-0.0050945,0,0.778131035,0,1.93E-08,13.86679818,2.688094676,91.28130027,8.642093366,1.012757609,5.271456428,3.50185361,0.002235145
1893,4.08E-07,2.00E-08,0,0,0,0,0,0,1.036719582,2.49E-05,1.23E-05,0,0,0,0,0,0,0,0,7.72E-06,0,0,0,0,0,0,0,0,0,0,5.99E-09,0,0,0,5.49E-07,0,0,79.81501329,-0.00010779,-0.0056666,0,0.789586307,0,1.94E-08,13.77594308,2.752332455,94.82329701,9.465231795,1.027660139,5.451763771,3.730788054,0.002507588
1894,4.15E-07,2.54E-08,0,0,0,0,0,0,1.065817718,2.49E-05,1.23E-05,0,0,0,0,0,0,0,0,7.72E-06,0,0,0,0,0,0,0,0,0,0,6.02E-09,0,0,0,5.52E-07,0,0,81.38345626,-0.00015672,-0.0082386,0,0.801858891,0,1.95E-08,14.35652481,3.322891534,108.1686737,11.88621758,1.107339862,5.734695502,4.388460331,0.002488284
1895,4.22E-07,3.08E-08,0,0,0,0,0,0,1.091747344,2.49E-05,1.16E-05,0,0,0,0,0,0,0,0,7.72E-06,0,0,0,0,0,0,0,0,0,0,6.06E-09,0,0,0,5.57E-07,0,0,82.23116014,-0.00012022,-0.0063198,0,0.812739909,0,1.96E-08,15.22572587,3.422160221,105.0245263,11.12996036,1.11839309,5.744754134,4.074832335,0.003133225
1896,4.30E-07,3.64E-08,0,0,0,0,0,0,1.106193778,2.49E-05,1.23E-05,0,0,0,0,0,0,0,0,7.72E-06,0,0,0,0,0,0,0,0,0,0,6.09E-09,0,0,0,5.61E-07,0,0,83.00005426,-0.00012022,-0.0063197,0,0.823953096,0,1.97E-08,15.71083192,2.813934218,95.567069,9.400850834,1.072997991,5.792903602,3.72961957,0.003442672
1897,4.37E-07,4.22E-08,0,0,0,0,0,0,1.126920334,2.49E-05,1.23E-05,0,0,0,0,0,0,0,0,7.72E-06,0,0,0,0,0,0,0,0,0,0,6.13E-09,0,0,0,5.65E-07,0,0,84.39253635,-9.08E-05,-0.0047731,0,0.834485451,0,1.99E-08,16.57108073,3.775543638,107.8848467,11.52490628,1.170931356,5.962527008,4.134514732,0.003820813
1898,4.45E-07,4.81E-08,0,0,0,0,0,0,1.150721845,2.49E-05,1.23E-05,0,0,0,0,0,0,0,0,7.72E-06,0,0,0,0,0,0,0,0,0,0,6.17E-09,0,0,0,5.69E-07,0,0,85.36127162,-7.26E-05,-0.0038168,0,0.844151883,0,2.00E-08,17.54895913,4.009633122,108.0764086,11.43483329,1.199099503,6.031378136,4.054012966,0.004126981
1899,4.86E-07,5.41E-08,0,0,0,0,0,0,1.190880949,2.49E-05,1.23E-05,0,0,0,0,0,0,0,0,7.72E-06,0,0,0,0,0,0,0,0,0,0,6.20E-09,0,0,0,5.73E-07,0,0,86.70543387,-0.0001112,-0.0058456,0,0.853628211,0,2.01E-08,19.20241488,3.999614681,113.5762406,12.43889633,1.25806059,6.27937835,4.421041782,0.004492982
1900,2.39E-06,1.08E-07,0,0,0,0,0,0,1.217713461,2.49E-05,2.86E-05,0,0,0,0,0,0,0,0,7.72E-06,0,0,0,0,0,0,0,0,0,0,6.24E-09,0,0,0,5.77E-07,0,0,87.61328845,-0.00010292,-0.0054105,0,0.863012793,0,2.02E-08,20.22205227,3.980528047,111.0171081,11.88474009,1.264050281,6.348979463,4.303119778,0.005263158
1901,4.82E-06,2.37E-07,0,0,0,0,0,0,1.300308442,2.49E-05,4.78E-05,0,0,0,0,0,0,0,0,7.72E-06,0,0,0,0,0,0,0,0,0,0,6.28E-09,0,0,0,5.82E-07,0,0,88.39116711,-4.64E-05,-0.0024403,0,0.871247601,0,2.03E-08,21.07377893,4.351605031,109.0894717,11.61080539,1.28518218,6.37371981,4.03995402,0.006047199
1902,5.78E-06,3.16E-07,0,0,0,0,0,0,1.318524983,2.49E-05,5.07E-05,0,0,0,0,0,0,0,0,7.72E-06,0,0,0,0,0,0,0,0,0,0,6.32E-09,0,0,0,5.86E-07,0,0,89.26282464,-3.87E-05,-0.0020369,0,0.881055306,0,2.05E-08,21.72335268,4.277846351,106.498818,11.21967224,1.283770714,6.484797935,3.910393352,0.006590782
1903,6.96E-06,3.95E-07,0,0,0,0,0,0,1.394863381,2.49E-05,5.59E-05,0,0,0,0,0,0,0,0,7.72E-06,0,0,0,0,0,0,0,0,0,0,6.36E-09,0,0,0,5.90E-07,0,0,89.89074057,7.82E-06,0.0004112,0,0.890498877,0,2.06E-08,23.60763187,4.312056551,101.4351716,10.23193771,1.291615577,6.509830427,3.582929731,0.006894341
1904,9.44E-06,3.95E-07,0,0,0,0,0,0,1.43006049,2.49E-05,6.85E-05,0,0,0,0,0,0,0,0,7.72E-06,0,0,0,0,0,0,0,0,0,0,6.39E-09,0,0,0,5.94E-07,0,0,91.35674943,-8.34E-06,-0.0004386,0,0.900834935,0,2.07E-08,24.06747256,5.002221018,114.0944063,12.86255003,1.366287545,6.803781609,4.20845158,0.007844091
1905,1.34E-05,5.53E-07,0,0,0,0,0,0,1.494141547,2.49E-05,8.77E-05,0,0,0,0,0,0,0,0,7.72E-06,0,0,0,0,0,0,0,0,0,0,6.43E-09,0,0,0,5.99E-07,0,0,92.40132432,1.34E-06,7.03E-05,0,0.911631052,0,2.08E-08,25.71798004,5.562802932,118.9127701,13.68790899,1.427563983,6.927415375,4.30529901,0.007743297
1906,1.82E-05,7.90E-07,0,0,0,0,0,0,1.556924815,2.49E-05,0.000111382,0,0,0,0,0,0,0,0,7.72E-06,0,0,0,0,0,0,0,0,0,0,6.47E-09,0,0,0,6.03E-07,0,0,93.24998316,1.87E-05,0.0009837,0,0.922696599,0,2.09E-08,27.0468504,5.68414922,117.9082891,13.43991229,1.451553725,7.031955278,4.159263214,0.008086159
1907,1.70E-05,6.32E-07,0,0,0,0,0,0,1.648539222,2.58E-05,0.000103989,0,0,0,0,0,0,0,0,7.72E-06,0,0,0,0,0,0,0,0,0,0,6.51E-09,0,0,0,6.07E-07,0,0,94.56080194,5.85E-05,0.0030771,0,0.933387366,0,2.10E-08,30.03925624,6.728345579,131.7900976,15.98261892,1.576686613,7.289084895,4.696822601,0.009900852
1908,2.14E-05,7.90E-07,0,0,0,0,0,0,1.634249181,2.92E-05,0.000127655,0,0,0,0,0,0,0,0,7.72E-06,0,0,0,0,0,0,0,0,0,0,6.54E-09,0,0,0,6.11E-07,0,0,95.71237193,3.64E-05,0.0019137,0,0.9438066,0,2.12E-08,28.6928086,6.890932398,134.0552752,16.83441177,1.578105885,7.479732769,4.894521399,0.010794729
1909,3.67E-05,1.34E-06,0,0,0,0,0,0,1.667427564,0.000765086,0.000211215,0,0,0,0,0,0,0,0,7.72E-06,0,0,0,0,0,0,0,0,0,0,6.58E-09,0,0,0,6.16E-07,0,0,96.4666946,7.76E-05,0.0040791,0,0.953973298,0,2.13E-08,30.25096249,7.109237067,132.16211,16.41905088,1.592277907,7.538044189,4.662003166,0.011604172
1910,4.23E-05,1.66E-06,0,0,0,0,0,0,1.709893571,0.001036689,0.000243015,0,0,0,0,0,0,0,0,7.72E-06,0,0,0,0,0,0,0,0,0,0,6.62E-09,0,0,0,6.20E-07,0,0,97.77187103,5.67E-05,0.0029799,0,0.964692166,0,2.14E-08,31.75274971,7.712042121,142.9440034,18.4594172,1.669837352,7.802914377,5.154660249,0.012904684
1911,4.72E-05,1.90E-06,0,0,0,0,0,0,1.667029139,0.00055672,0.000270379,0,0,0,0,0,0,0,0,7.72E-06,0,0,0,0,0,0,0,0,0,0,6.66E-09,0,0,0,6.24E-07,0,0,98.42938116,0.00011441,0.0060143,0,0.975994609,0,2.15E-08,31.99460234,7.647047562,133.8462896,16.71187946,1.628146777,7.751684451,4.559939279,0.013751412
1912,5.60E-05,2.13E-06,0,0,0,0,0,0,1.669414883,0.001337239,0.000318449,0,0,0,0,0,0,0,-1.00E-08,7.72E-06,0,0,0,0,0,0,0,0,0,0,6.70E-09,0,0,0,6.29E-07,0,0,99.26614632,0.00014699,0.0077269,0,0.99223998,0,2.16E-08,33.48230428,7.693065072,129.4615627,15.80978197,1.611329712,7.785974707,4.233224282,0.014466353
1913,5.93E-05,2.29E-06,0,0,0,0,0,0,1.708458735,0.002787477,0.000336941,0,0,0,0,0,0,0,0,7.72E-06,0,0,0,0,0,0,0,0,0,0,6.74E-09,0,0,0,6.33E-07,0,0,100.6125584,0.00016664,0.0087597,0,1.011256291,0,2.18E-08,35.64604126,8.463020346,139.7402447,17.55813537,1.690168281,7.994117555,4.559660544,0.016795115
1914,6.48E-05,2.53E-06,0,0,0,0,0,0,1.619346418,0.004565591,0.000367265,0,0,0,0,0,0,0,-1.00E-08,7.72E-06,0,0,0,0,0,0,0,0,0,0,6.77E-09,0,0,0,6.36E-07,0,0,102.2840587,0.00011094,0.0058318,0,1.031941948,0,2.19E-08,32.69400836,8.611801974,145.9705239,19.7562472,1.666648037,8.313807364,5.14481294,0.01836654
1915,8.40E-05,3.24E-06,0,0,0,0,0,0,1.599061067,0.006209837,0.000471535,0,0,0,0,0,0,0,0,7.72E-06,0,0,0,0,0,0,0,0,0,0,6.81E-09,0,0,0,6.41E-07,0,0,103.0579197,0.00018387,0.0096656,0,1.05442793,0,2.20E-08,32.65143874,8.557919688,135.7203261,18.3285744,1.624567028,8.304440938,4.613756431,0.019846345
1916,0.000104651,4.03E-06,0,0,0,0,0,0,1.663654637,0.005996892,0.00058468,0,0,0,0,0,0,0,-1.00E-08,7.72E-06,0,0,0,0,0,0,0,0,0,0,6.85E-09,0,0,0,6.46E-07,0,0,104.0889435,0.0002109,0.0110861,0,1.077595517,0,2.21E-08,35.63152609,8.948484156,134.4269072,18.25802532,1.646436313,8.415157087,4.46063046,0.021986607
1917,0.000110343,4.27E-06,0,0,0,0,0,0,1.697952199,0.005158527,0.000618707,0,0,0,0,0,0,0,0,7.72E-06,0,0,0,0,0,0,0,0,0,0,6.89E-09,0,0,0,6.51E-07,0,0,105.4397415,0.00028502,0.0149826,0,1.100055667,0,2.22E-08,37.31193386,10.268979,144.432686,20.43299185,1.7286261,8.572674913,4.729892893,0.02418215
1918,0.000104614,4.03E-06,0,0,0,0,0,0,1.692021391,0.004272167,0.000589141,0,0,0,0,0,0,0,-1.00E-08,7.72E-06,0,0,0,0,0,0,0,0,0,0,6.93E-09,0,0,0,6.55E-07,0,0,106.7459316,0.00028538,0.0150013,0,1.121022951,0,2.24E-08,36.98493606,10.64499975,147.7147143,21.59112192,1.732826624,8.776700936,4.92128343,0.024490257
1919,0.000101552,3.95E-06,0,0,0,0,0,0,1.590693972,0.003196035,0.000572145,0,0,0,0,0,0,0,0.00012037,7.72E-06,0,0,0,0,0,0,0,0,0,0,6.96E-09,0,0,0,6.59E-07,0,0,108.095107,0.00024874,0.0130753,0,1.140026266,0,2.25E-08,31.49658204,10.01676431,142.4520583,21.65541764,1.624870379,8.987962622,4.920970066,0.027081692
1920,7.19E-05,2.85E-06,0,0,0,0,0,0,1.715149264,0.00400595,0.000411693,0,0,0,0,0,0,0,0.00056844,7.72E-06,0,0,0,0,0,0,0,0,0,0,7.01E-09,0,0,0,6.64E-07,0,0,109.1336385,0.00031384,0.0164978,0,1.157423391,0,2.26E-08,35.10677403,11.30396336,150.3472411,22.94809489,1.715239365,9.108966048,4.954726952,0.033117365
1921,5.60E-05,2.14E-06,0,0,0,0,0,0,1.653757066,0.006357576,0.000324446,0,0,0,0,0,0,0,0.0013866,7.72E-06,0,0,0,0,0,0,0,0,0,0,7.05E-09,0,0,0,6.68E-07,0,0,109.809348,0.00034206,0.0179812,0,1.173204443,0,2.27E-08,29.60936435,10.73946015,138.0862654,21.16542897,1.563451947,9.082471206,4.398440628,0.03574791
1922,0.000100937,3.88E-06,0,0,0,0,0,0,1.695852656,0.007519669,0.000569212,0,0,0,0,0,0,0,0.00249655,7.72E-06,0,0,0,0,0,0,0,0,0,0,7.09E-09,0,0,0,6.73E-07,0,0,110.4858104,0.00038594,0.0202878,0,1.188563338,0,2.28E-08,31.40893703,11.08463169,136.2999831,20.50886808,1.560562967,9.14531903,4.026610249,0.042466675
1923,0.000137534,5.38E-06,0,0,0,0,0,0,1.819527138,0.008199561,0.000774791,0,0,0,0,0,0,0,0.00383106,7.72E-06,0,0,0,0,0,0,0,0,0,0,7.13E-09,0,0,0,6.78E-07,0,0,112.2535641,0.00045766,0.0240577,0,1.204901974,0,2.29E-08,36.94585115,13.58681049,165.7070364,26.25400802,1.783475455,9.541615209,4.970157062,0.051294293
1924,0.000145955,5.69E-06,0,0,0,0,0,0,1.836492361,0.010064032,0.000827307,0,0,0,0,0,0,0,0.00532295,7.72E-06,0,0,0,0,0,0,0,0,0,0,7.17E-09,0,0,0,6.82E-07,0,0,112.633506,0.00047126,0.0247726,0,1.221996932,0,2.31E-08,36.54292385,12.85257805,150.5700556,23.18940492,1.67703826,9.48795768,4.331155613,0.052220829
1925,0.000152811,5.93E-06,0,0,0,0,0,0,1.853002124,0.009887985,0.000869473,0,0,0,0,0,0,0,0.00690472,7.72E-06,0,0,0,0,0,0,0,0,0,0,7.21E-09,0,0,0,6.87E-07,0,0,113.6704269,0.00051492,0.0270679,0,1.23756616,0,2.32E-08,36.97623938,13.48639284,154.16841,24.03991801,1.692836227,9.91399147,4.30578669,0.056591202
1926,0.000168772,6.57E-06,0,0,0,0,0,0,1.844944371,0.010020584,0.00096266,0,0,0,0,0,0,0,0.00850919,7.72E-06,0,0,0,0,0,0,0,0,0,0,7.25E-09,0,0,0,6.92E-07,0,0,114.5456303,0.00056436,0.0296667,0,1.252384472,0,2.33E-08,37.11606802,13.72913023,150.5144616,24.14694461,1.626612883,10.21963498,4.125351964,0.058962144
1927,0.000193663,7.59E-06,0,0,0,0,0,0,1.985143255,0.013691728,0.001107612,0,0,0,0,0,0,0,0.01006945,7.72E-06,0,0,0,0,0,0,0,0,0,0,7.29E-09,0,4.95E-06,0,6.96E-07,0,0,115.74748,0.0005629,0.0295903,0,1.266535078,0,2.34E-08,39.77366012,15.18290711,166.5637296,26.50570903,1.752586627,10.50463165,4.427841718,0.068902648
1928,0.00021328,8.46E-06,0,0,0,0,0,0,1.992775559,0.016914307,0.001225208,2.08E-05,0,0,0,0,0,0,0.01151795,7.72E-06,0,0,0,0,0,0,0,0,0,0,7.32E-09,0,3.01E-05,0,6.99E-07,0,0,116.7958666,0.00050619,0.0266088,0,1.279552513,0,2.35E-08,39.62442329,15.41036335,167.3127302,27.09403714,1.730364176,10.69931276,4.468262614,0.071959707
1929,0.000208025,8.23E-06,0,0,0,0,0,0,2.10073725,0.01938339,0.001203787,0.000335025,0,0,0,0,0,0,0.01287963,7.72E-06,0,0,0,0,0,0,0,0,0,0,7.35E-09,0,3.33E-06,0,7.02E-07,0,0,118.0199977,0.00051599,0.02224,0,1.290593003,0,2.37E-08,42.29460175,16.47935442,178.5262167,29.35487624,1.792445238,10.93958269,4.827305798,0.081609435
1930,0.000170358,6.73E-06,0,0,0,0,0,0,2.09394241,0.020571834,0.000997503,0.001170103,0,0,0,0,0,0,0.01425692,7.72E-06,0,0,0,0,0,0,0,0,0,0,7.36E-09,0,-2.61E-05,0,7.03E-07,0,0,119.6701788,0.00083056,0.0120933,0,1.300134042,0,2.38E-08,39.07985763,16.30622111,186.507544,31.5739124,1.80985205,11.18228606,5.504720442,0.079936062
1931,0.000113262,4.60E-06,0,0,0,0,0,0,2.000135237,0.021232329,0.000676602,0.001660033,0,0,0,0,0,0,0.01569773,7.72E-06,0,0,0,0,0,0,0,0,0,0,7.38E-09,0,-3.83E-06,0,7.06E-07,0,0,119.9075078,0.00160097,0.0069489,0,1.307080617,0,2.39E-08,34.19908423,14.21902432,156.3707757,26.46349244,1.601422331,11.0306041,4.33531531,0.079589853
1932,8.58E-05,3.49E-06,0,0,0,0,0,0,1.813747998,0.023837144,0.000519111,0.001616737,0,0,0,0,0,0,0.01719312,7.72E-06,0,0,0,0,0,5.76E-06,0,0,0,0,7.40E-09,0,7.43E-07,0,7.08E-07,0,0,121.4219873,0.0023304,0.001011,0,1.313867542,0,2.40E-08,29.81184699,14.009364,161.6549727,27.8854275,1.603349763,11.17232295,4.714147401,0.076115166
1933,0.000101627,4.12E-06,0,0,0,0,0,0,1.853709193,0.028120028,0.000610814,0.001633658,0,0,0,0,1.00E-08,0,0.01875922,7.72E-06,0,0,0,0,0,0.000144828,0,0,0,0,7.43E-09,0,8.08E-07,0,7.11E-07,0,0,122.3437659,0.00300985,-0.0044864,0,1.319537947,0,2.41E-08,31.49708913,13.87748409,159.5886533,27.7174382,1.57622094,11.21289302,4.571945163,0.084974171
1934,0.000152024,6.26E-06,0,0,0,0,0,0,1.919118463,0.034519287,0.000912523,0.001650588,0,0,0,0,-1.00E-08,0,0.02040327,7.72E-06,0,0,0,0,0,0.000606394,0,0,0,0,7.47E-09,0,8.78E-07,0,7.15E-07,0,0,123.9532999,0.00382429,-0.0033675,0,1.325821997,0,2.42E-08,34.86158423,15.52417998,179.5058072,31.47521346,1.719851651,11.3964235,5.25494969,0.090131811
1935,0.000220285,9.10E-06,0,0,0,0,0,0,1.967641483,0.040132859,0.00133033,0.001667517,0,0,0,0,3.00E-08,0,0.02211283,7.72E-06,0,0,0,0,0,0.000974273,0,0,0,0,7.50E-09,0,9.54E-07,0,7.19E-07,0,0,124.8946044,0.00461241,-0.0035963,0,1.332210187,0,2.43E-08,37.6532901,16.10144051,180.9135819,31.88031452,1.72899248,11.38962955,5.095528895,0.099195078
1936,0.000288204,1.20E-05,0,0,0,0,0,0,2.075706355,0.04233712,0.00175702,0.001684446,0,0,0,0,-8.00E-08,0,0.02390518,7.72E-06,0,0,0,0,0,0.00104553,0,0,0,0,7.55E-09,0,1.04E-06,0,7.24E-07,0,0,126.4647048,0.00547985,0.0001614,0,1.338446713,0,2.45E-08,40.68781299,18.01509539,201.5124961,35.81301921,1.874237268,11.72517955,5.716518394,0.110712652
1937,0.000343722,1.46E-05,0,0,0,0,0,0,2.133841395,0.044188471,0.002118645,0.001701376,6.39E-06,0,0,0,1.80E-07,0,0.02579322,7.72E-06,0,0,0,0,0,0.001113188,0,0,0,0,7.58E-09,0,1.13E-06,0,7.28E-07,0,0,127.1823371,0.00627477,0.0002497,0,1.346280652,0,2.46E-08,43.95100269,18.71663602,202.0835831,35.82384811,1.879444319,11.8081929,5.402936562,0.126192855
1938,0.00039884,1.72E-05,0,0,0,0,0,0,2.067020995,0.04906474,0.002489154,0.001718305,0.000132881,0,0,0,-3.90E-07,0,0.027784,7.73E-06,0,0,0,0,0,0.001185033,0,0,0,0,7.61E-09,0,1.23E-06,0,7.31E-07,0,0,127.905393,0.00697257,-0.0044715,0,1.354880413,0,2.47E-08,40.57879122,17.26479457,186.8994897,33.21523439,1.781775676,11.79293791,4.836149857,0.124073505
1939,0.000433901,1.89E-05,0,0,0,0,0,0,2.136713137,0.056683054,0.002745053,0.001735234,0.000687793,0,0,0,0.00020143,0,0.02986676,0.000118139,0,0,0,0,0,0.00125714,0,0,0,0,7.64E-09,0,1.33E-06,0,7.35E-07,0,0,129.5013568,0.00774157,-0.0056252,0,1.366580781,0,2.48E-08,43.5088061,18.90501764,206.0105583,37.32352801,1.913049846,12.0602396,5.573185179,0.131714072
1940,0.000501726,2.23E-05,0,0,0,0,0,0,2.224104687,0.067980741,0.003219095,0.001752163,0.001492892,0,0,0,0.00099542,0,0.03204827,0.00021815,0,0,0,0,0,0.001330459,0,0,0,0,7.69E-09,0,1.45E-06,0,7.41E-07,0,0,130.1349943,0.00866242,0.0006467,0,1.379338498,0,2.49E-08,47.79972263,19.98362136,201.9380469,36.47430264,1.928482871,12.00611639,5.1186076,0.141874333
1941,0.000649573,2.96E-05,0,0,0,0,0,0,2.231554165,0.081740279,0.004224074,0.001769092,0.002233993,0,0,0,0.00253599,0,0.03435237,0.000195116,0,0,0,0,0,0.001402875,0,0,0,0,7.73E-09,0,1.57E-06,0,7.45E-07,0,0,132.2180939,0.0094558,0.0071808,0,1.42680384,0,2.50E-08,49.70649911,20.74676821,204.4227063,37.07224723,1.952523511,12.10634069,5.014363221,0.14891287
1942,0.000843531,3.95E-05,0,0,0,0,0,0,2.254485103,0.095021136,0.005585489,0.001786021,0.002976471,0,0,0.000198412,0.00477816,0,0.03678337,0.00016898,0,0,0,0,0,0.001474556,0,0,0,0,7.76E-09,0,1.71E-06,0,7.48E-07,0,0,134.7060241,0.01018218,0.0279952,0,1.529540535,0,2.52E-08,50.8808532,21.2452744,211.6568273,38.63537073,2.016422528,12.28249314,5.566525623,0.143810544
1943,0.000804767,3.87E-05,0,0,0,0,0,0,2.293159701,0.089521615,0.005457674,0.00180295,0.003719996,0,5.65E-05,0.004305325,0.00769302,0,0.03933803,0.000146845,0,0,0,0,0,0.001546703,0,0,0,0,7.79E-09,0,1.86E-06,0,7.52E-07,0,0,136.6296869,0.01095988,0.0557502,0,1.677488306,0,2.53E-08,51.69619282,22.2259789,212.4911915,39.46452022,2.016315026,12.29879985,5.31703086,0.153902555
1944,0.000417641,2.09E-05,0,0,0,0,0,0,2.284328464,0.072694302,0.002960657,0.001819879,0.004463806,0,0.000972663,0.016545617,0.01125253,0,0.04203155,0.000114393,0,0,0,0,0,0.001619168,0,0,0,0,7.83E-09,0,2.02E-06,0,7.56E-07,0,0,138.9310562,0.01176492,0.0790001,0,1.853407121,0,2.54E-08,50.63345661,23.30360461,220.9001991,41.98647893,2.013499141,12.52698127,5.470454136,0.180320759
1945,0.000201118,1.08E-05,0,0,0,0,0,0,2.078006981,0.068369262,0.001507694,0.001836808,0.005207723,0,0.003459341,0.024846154,0.0154284,0,0.04487858,8.08E-05,0,0,0,0,0,0.00169101,0,0,0,0,7.86E-09,0,2.20E-06,0,7.60E-07,0,0,141.022964,0.01252407,0.1007559,0,2.046464658,0,2.55E-08,44.3168536,22.77448766,213.8607815,42.36503667,1.872635562,12.60330864,5.182747045,0.177679832
1946,0.000279705,1.51E-05,0,0,0,0,0,0,2.275262021,0.074717234,0.002072665,0.001853738,0.00598561,0,0.004940468,0.024839378,0.0201924,0,0.04787456,6.43E-05,0,0,0,0,0,0.001763191,0,0,0,0,7.89E-09,0,2.39E-06,0,7.64E-07,0,0,142.7064022,0.01331123,0.1238668,0,2.241827732,0,2.56E-08,43.76245525,22.77080893,206.7626042,42.63635726,1.87392568,12.76179833,4.858265353,0.189988011
1947,0.000348384,1.95E-05,0,0,0,0,0,0,2.46147897,0.084081746,0.002636907,0.001870667,0.006444354,0,0.004839037,0.024982371,0.02551617,0,0.05103446,4.67E-05,0,0,0,0,0,0.001837268,0,0,0,0,7.94E-09,0,2.60E-06,0,7.69E-07,0,0,144.7944965,0.01420957,0.1523104,0,2.428213152,3.37E-06,2.57E-08,49.43618168,25.00346409,214.8764166,44.13554138,1.906518844,12.98840504,4.743331327,0.210335784
1948,0.000333169,1.96E-05,0,0,0,0,0,0,2.561401223,0.090670686,0.002624389,0.001887596,0.006664907,0,0.004856366,0.024987103,0.03137147,0,0.05437267,2.02E-05,0,0,0,0,0,0.001966277,0,0,0,0,7.98E-09,0,3.33E-06,0,7.73E-07,0,0,147.2720295,0.01499591,0.175292,0,2.589174287,2.36E-05,2.59E-08,51.79996726,27.32265628,238.0087213,48.07459116,2.025750118,13.42137047,5.202688917,0.235838188
1949,0.000314242,1.95E-05,0,0,0,0,0,0,2.545142237,0.091962416,0.002592644,0.001895503,0.007164071,0,0.005561141,0.027295461,0.03773008,0,0.05788219,-1.58E-06,0,0,0,0,0,0.001642628,0,0,0,0,7.99E-09,0,2.46E-05,0,7.75E-07,0,0,150.2157149,0.01561828,0.1910169,0,2.713520771,6.37E-05,2.60E-08,49.87603794,26.23285577,239.9136799,49.13259955,1.997975796,13.98150581,5.63351123,0.230702059
1950,0.000328769,2.15E-05,0,0,0,0,0,0,2.738832816,0.078580053,0.00284411,0.001989733,0.007470605,0,0.008146057,0.032673745,0.04456347,0,0.06160027,2.43E-07,0,0,0,0,0,0.001066147,0,0,0,0,8.05E-09,0,0.000105314,0,7.81E-07,0,0,152.2010084,0.01653501,0.2235447,0,2.786317364,0.000160534,2.61E-08,55.76623976,30.39825341,271.4166121,53.83802097,2.233490036,14.67371448,6.658142414,0.276428025
1951,0.000332223,2.32E-05,0,0,0,0,0,0,3.078579683,0.07047669,0.003043078,0.002168529,0.007554224,0,0.012050138,0.036815853,0.05198556,1.43E-05,0.06557009,1.17E-06,0,0,0,0,0,0.001052779,0,0,0,0,8.09E-09,0,0.000234322,0,7.85E-07,0,0,155.2719352,0.01743034,0.2534427,0,2.830278214,0.00023984,2.62E-08,58.22318308,30.46411586,244.6720918,49.06912819,2.114565312,14.78327697,4.950520037,0.305293333
1952,0.000328545,2.46E-05,0,0,0,0,0,0,3.140767283,0.076508762,0.003222826,0.002412043,0.007673401,0,0.016078842,0.040441283,0.06026278,0.000217253,0.06979776,-2.03E-06,0,0,0,0,0,0.001441474,0,0,0,0,8.10E-09,0,0.000362835,0,7.87E-07,0,0,160.5733576,0.01817662,0.2829603,0,2.872947037,0.000245653,2.63E-08,59.00984465,31.56254619,258.4289812,52.59638468,2.180479211,15.46609596,5.510266204,0.325825523
1953,0.000319996,2.57E-05,0,0,0,0,0,0,3.191889866,0.081681224,0.003386309,0.002847893,0.007703446,0,0.020201055,0.045581432,0.06933187,0.001357551,0.07429828,-2.28E-07,0,0,0,0,0,0.002100408,0,0,0,0,8.12E-09,0,0.000480479,0,7.90E-07,0,0,165.6818323,0.01897305,0.3249635,0,2.917942855,0.000245729,2.64E-08,60.2470417,33.41506225,275.447696,56.75471157,2.302364135,16.15858644,6.153271561,0.348152669
1954,0.000294574,2.54E-05,0,0,0,0,0,0,3.295263022,0.08686347,0.003404863,0.003276316,0.007760213,0,0.025212381,0.051892411,0.07892527,0.003619883,0.0790625,-4.07E-06,0,0,0,0,0,0.002888885,0,0,0,0,8.14E-09,0,0.000595761,0,7.91E-07,0,0,170.3710079,0.01966619,0.3534782,0,2.964766354,0.000245806,2.65E-08,60.66478532,34.40702752,280.3823048,58.76786663,2.377337018,16.59057921,6.207070802,0.368924367
1955,0.000263119,2.42E-05,0,0,0,0,0,0,3.523671108,0.091980019,0.003334682,0.003678802,0.00763707,0,0.030727319,0.059871881,0.08892638,0.006484868,0.0840763,1.05E-06,0,0,0,0,0,0.003556478,0,0,0,0,8.18E-09,0,0.000709104,0,7.96E-07,0,0,174.7404471,0.02065554,0.3905918,0,3.015456077,0.000245883,2.67E-08,66.56310778,37.71543589,292.7993666,62.52075529,2.487974356,16.86100153,6.164272425,0.410798556
1956,0.00022076,2.13E-05,0,0,0,0,0,0,3.734211268,0.097008491,0.003079638,0.004275991,0.007543032,0,0.033546756,0.066950489,0.09930311,0.009156166,0.08932915,6.64E-06,0,0,0,0,0,0.004532266,0,0,0,0,8.21E-09,0,0.000820444,0,8.00E-07,0,0,180.6711175,0.02149395,0.423528,0,3.067135646,0.000245959,2.68E-08,71.68185894,41.15716111,325.2788703,69.80119382,2.746630733,17.467791,7.27681461,0.447935158
1957,0.000185876,1.86E-05,0,0,0,0,0,0,3.859051703,0.10211597,0.002857125,0.004961202,0.007376531,0,0.032871446,0.072204141,0.11019991,0.011488509,0.09479281,4.34E-06,0,0,0,0,0,0.005987511,0,0,0,0,8.25E-09,0,0.000929774,0,8.03E-07,0,0,186.0555677,0.02233065,0.4574575,0,3.122198444,0.000246036,2.69E-08,75.18635815,43.76694323,347.4222543,75.56969434,2.986751817,18.18169262,8.378681299,0.466233893
1958,0.000179285,1.80E-05,0,0,0,0,0,1.89E-07,3.992365845,0.107206,0.002995459,0.00563305,0.006908731,0,0.034746284,0.080925329,0.12169955,0.014781202,0.10044317,2.61E-06,1.53E-08,1.55E-07,0,0,0,0.007120204,0,0,0,0,8.29E-09,0,0.001037131,0,8.08E-07,0,0,188.3855399,0.02333489,0.4956516,0,3.183609665,0.000246113,9.97E-08,76.12137356,43.24409268,312.7581271,69.18675739,2.962717287,18.34102417,6.798982255,0.494887654
1959,0.00018081,1.76E-05,0,0,0,0,0,2.92E-05,4.073946247,0.11229185,0.003247672,0.006388023,0.006876046,0,0.043506257,0.093983467,0.13368054,0.018063698,0.10624665,8.68E-07,1.22E-07,1.25E-06,0,0,0,0.008025381,0,0,0,0,8.33E-09,0,0.001142469,0,8.12E-07,0,0,192.6867573,0.02438814,0.5329811,0,3.249731957,0.000307559,3.05E-06,80.07017748,44.7949414,316.9093634,71.18867122,3.088991594,18.85687823,6.689282305,0.527030033
1960,0.000172595,1.60E-05,0,0,0,0,0,0.000113732,4.18647765,0.1172597,0.00332094,0.007320172,0.007239263,0,0.056281481,0.1075417,0.14617424,0.021750437,0.11217854,-8.68E-07,2.31E-07,2.38E-06,0,0,0,0.009588573,0,0,0,0,8.37E-09,0,0.001245811,0,8.17E-07,0,0,197.2611005,0.02544548,0.5712975,0,3.323324478,0.000430402,7.61E-06,83.36755577,46.84031151,320.0383042,73.31498869,3.190442329,19.20025669,6.620994992,0.534066923
1961,0.000168611,1.48E-05,0,0,0,0,0,0.000220684,4.279693641,0.12158986,0.003430435,0.008428785,0.007451474,1.86E-06,0.070618557,0.12380387,0.15916264,0.027278298,0.11821927,-2.61E-06,2.49E-07,3.55E-06,0,0,0,0.011884386,0,0,0,0,8.37E-09,0,0.001346892,0,8.17E-07,0,0,205.1383413,0.02617379,0.5882763,0,3.544731444,0.000553285,1.03E-05,94.15075908,48.81437288,352.4779865,83.54343726,3.182417019,19.96204841,7.925904996,0.586885178
1962,0.000171121,1.39E-05,0,0,0,0,0,0.00031886,4.38546271,0.12571015,0.003624982,0.009612768,0.007580528,4.52E-05,0.086214551,0.14489716,0.17248379,0.032049021,0.12437028,-4.34E-06,2.53E-07,4.92E-06,0,0,0,0.014500089,0,0,0,0,8.41E-09,0,0.001446095,0,8.21E-07,0,0,207.2122992,0.02731337,0.6199037,0,3.678114757,0.000614839,1.26E-05,96.1530655,50.76518659,330.3218646,80.08406579,3.170600353,20.46365421,7.102426491,0.644869386
1963,0.00018314,1.38E-05,0,3.03E-07,2.96E-07,7.47E-07,7.67E-07,0.000408444,4.559595808,0.12888013,0.003988137,0.010949721,0.007911085,0.000247207,0.10183231,0.16767883,0.1860741,0.03752532,0.13065754,-7.87E-06,3.52E-07,5.97E-06,0,0,0,0.017280228,0,0,0,0,8.39E-09,0,0.001542926,0,8.19E-07,0,0,216.1922656,0.02790353,0.6284905,0,3.803085057,0.000553663,1.59E-05,99.23842265,54.66698875,392.7922428,96.10912777,3.340104987,21.81695752,9.161542787,0.689335753
1964,0.000201307,1.43E-05,0,3.62E-06,2.81E-06,6.49E-06,7.02E-06,0.000489432,4.707915551,0.12976929,0.004432626,0.012657214,0.008477895,0.000468489,0.11630072,0.1898766,0.19992881,0.049914046,0.13707736,-7.60E-07,1.03E-06,3.36E-05,0,0,0,0.020771971,0,0,0,0,8.44E-09,0,0.001637978,0,8.24E-07,0,0,216.556163,0.02898934,0.6573421,0,3.945037241,0.000492459,2.00E-05,103.0586424,57.06400136,340.5841012,86.43294934,3.16213871,21.67972624,6.929955838,0.737212923
1965,0.000225042,1.53E-05,0,9.73E-06,6.34E-06,1.32E-05,1.50E-05,0.000561826,4.887384149,0.12969213,0.004908919,0.014528257,0.009035832,0.000580107,0.13083984,0.2133919,0.21396363,0.070507935,0.14362,1.59E-05,2.14E-06,0.000113246,0,0,0,0.0250603,0,0,0,0,8.46E-09,0,0.001730846,0,8.27E-07,0,0,222.6664157,0.03011031,0.6773147,0,4.114447423,0.000492608,2.52E-05,105.5191321,59.79802614,360.7849375,93.38356497,3.172239497,23.04446359,7.202304784,0.790569424
1966,0.000267217,1.75E-05,5.78E-08,1.61E-05,8.72E-06,1.59E-05,1.95E-05,0.000625623,5.049278099,0.12970542,0.005624807,0.016547774,0.009500895,0.000771914,0.14799606,0.24015802,0.228061,0.094258765,0.15029308,6.98E-05,3.10E-06,0.000202757,0,0,0,0.030477075,0,0,0,0,8.51E-09,0,0.001821797,0,8.32E-07,0,0,226.3106958,0.03137981,0.7007025,0,4.310413894,0.0006155,3.17E-05,107.9264065,62.31000395,362.4141077,96.47315469,3.187404041,24.62537746,6.986628995,0.870801105
1967,0.00032053,2.02E-05,4.62E-07,2.30E-05,1.08E-05,1.82E-05,2.32E-05,0.000680822,5.217483497,0.12968847,0.006354757,0.018918172,0.009920812,0.0010373,0.16942177,0.26958286,0.2421713,0.11632544,0.15712005,0.000244041,3.75E-06,0.00026151,0,0,0,0.036036945,1.25E-08,0,6.90E-08,0,8.54E-09,0,0.001910595,0,8.37E-07,0,0,232.3331465,0.0325799,0.7196735,1.97E-07,4.480963173,0.000738449,3.96E-05,106.9151448,66.73907185,397.6824621,104.75349,3.292688094,26.24008596,8.13762539,1.007769917
1968,0.00040423,2.44E-05,9.23E-07,3.05E-05,1.31E-05,2.06E-05,2.63E-05,0.000727399,5.377107434,0.12973308,0.007332441,0.021713594,0.010295172,0.001367382,0.19513757,0.29971437,0.25623381,0.13308156,0.16410365,0.00044306,5.54E-06,0.000290374,0,0,9.24E-06,0.040359034,8.80E-08,0,4.86E-07,0,8.63E-09,3.66E-10,0.001997694,0,8.46E-07,0,0,235.3354027,0.03415606,0.7538218,1.42E-06,4.617460415,0.000677315,4.94E-05,111.1195492,70.72843142,391.9550595,105.0738825,3.272602337,27.45388275,7.378128768,1.138447493
1969,0.000520641,3.01E-05,5.61E-06,3.79E-05,1.55E-05,2.27E-05,2.90E-05,0.000765383,5.600609454,0.12976058,0.008483172,0.024938178,0.010638634,0.00171209,0.22072612,0.32755328,0.27021306,0.14661896,0.17125354,0.000556136,3.65E-05,0.000308625,0,0,0.000183221,0.044144508,9.37E-08,0,5.04E-07,0,9.82E-06,6.58E-07,0.002081737,0,8.45E-07,1.13E-06,0,239.1848516,0.03497094,0.7505355,1.57E-06,4.731755277,0.000677516,6.06E-05,114.3134304,72.87738388,398.5023728,109.6597451,3.306320857,28.03412242,6.652821365,1.203979586
1970,0.000658169,3.62E-05,2.18E-05,4.44E-05,1.76E-05,2.47E-05,3.19E-05,0.000794767,5.85056764,0.12969302,0.00953188,0.028576904,0.01100827,0.001890966,0.24538621,0.35460102,0.28407162,0.17356366,0.17862483,0.000643732,0.000118134,0.000347897,0,0,0.000607958,0.049037394,2.47E-08,0,1.09E-07,0,3.63E-05,2.40E-06,0.002164499,0,8.52E-07,4.23E-06,0,244.4183955,0.03643984,0.7725683,-2.75E-09,4.713333611,0.000800471,7.30E-05,120.4278296,78.65499551,432.5101935,119.6641284,3.451938042,30.54188844,7.332556176,1.260215286
1971,0.000829921,4.41E-05,4.34E-05,5.01E-05,2.00E-05,2.65E-05,3.47E-05,0.000815521,5.910873383,0.12960227,0.010711494,0.032729139,0.011452529,0.002140212,0.27644309,0.38753989,0.29777007,0.21772405,0.18622427,0.000787862,0.000223213,0.000406863,0,0,0.000856458,0.055790888,1.33E-08,0,4.26E-08,0,6.46E-05,4.20E-06,0.002245117,0,8.59E-07,7.74E-06,0,249.2895331,0.03803187,0.7917577,-7.49E-07,4.662674557,0.000862103,8.60E-05,120.8012787,81.26025202,447.6755838,123.5137317,3.605978237,31.20573506,7.747447865,1.338158538
1972,0.001055903,5.55E-05,6.17E-05,5.54E-05,2.24E-05,2.82E-05,3.68E-05,0.000827659,6.028407773,0.12965777,0.01224311,0.037465523,0.01197792,0.002551763,0.31422879,0.42768026,0.31127302,0.26760333,0.19404407,0.001095187,0.000318824,0.000472147,0,0,0.000876677,0.061456633,1.35E-08,0,4.30E-08,0,8.26E-05,5.30E-06,0.00232333,0,8.64E-07,1.04E-05,0,257.2102054,0.03943399,0.8034475,-8.19E-07,4.929846069,0.000862373,9.95E-05,124.2924494,86.57783459,519.946212,136.6436985,3.873382619,32.63677288,10.07976639,1.403298188
1973,0.001330787,7.35E-05,7.73E-05,6.02E-05,2.45E-05,2.98E-05,3.80E-05,0.000831178,6.288796778,0.12979157,0.014085332,0.042979262,0.012585161,0.00292937,0.3380693,0.45471123,0.32454287,0.30185553,0.20213167,0.001593067,0.000397263,0.000543906,0,0,0.000822407,0.065420113,1.38E-08,0,5.50E-08,2.10E-08,9.02E-05,5.68E-06,0.002400649,0,8.77E-07,1.20E-05,0,260.294725,0.04145385,0.8425746,-5.11E-07,5.049908264,0.000924011,0.000113931,129.9887781,89.87513554,477.5019544,126.5041057,3.79806082,33.02945262,8.00797996,1.467016636
1974,0.001419169,8.46E-05,9.03E-05,6.45E-05,2.68E-05,3.18E-05,3.87E-05,0.000826092,6.233503612,0.12976026,0.014311146,0.049247959,0.013447442,0.003518402,0.3406055,0.45322872,0.33754023,0.32735544,0.21051337,0.002180655,0.000672411,0.000658096,0,0,0.000761191,0.071666995,1.40E-08,0,5.24E-05,1.77E-07,8.71E-05,5.35E-06,0.002474116,0,8.78E-07,1.24E-05,0,261.8082771,0.04271891,0.8380759,1.59E-06,5.033504233,0.001039472,0.000129361,128.099555,89.34076578,476.0940434,123.5786989,3.873873183,33.76442655,8.151956475,1.40566512
1975,0.001400408,9.21E-05,0.000100758,6.84E-05,2.89E-05,3.42E-05,3.89E-05,0.000812381,6.226638498,0.12965616,0.014321042,0.057565811,0.014538442,0.004217687,0.33771465,0.44016522,0.35022776,0.38499818,0.21919081,0.002801836,0.001268271,0.000828744,0,0,0.000803047,0.079153904,1.42E-08,0,0.000192137,4.00E-07,7.29E-05,4.29E-06,0.002545125,0,8.78E-07,1.15E-05,0,263.0585486,0.04382889,0.8286849,2.93E-05,5.205866547,0.001164646,0.000145868,125.7255429,88.3191544,468.3921271,117.4912411,3.900660619,34.54903581,7.681985644,1.457291851
1976,0.001555477,0.000109972,0.000108671,7.18E-05,3.09E-05,3.60E-05,3.86E-05,0.000790027,6.509441845,0.12963321,0.016011714,0.05724638,0.015386466,0.004743647,0.32927602,0.42610768,0.362568,0.47543135,0.22817511,0.003410706,0.001843557,0.000987128,0,0,0.000823946,0.092664426,1.44E-08,0,0.000337596,5.64E-07,4.74E-05,2.52E-06,0.002614347,0,8.80E-07,9.16E-06,0,269.9482097,0.04514385,0.8284703,5.86E-05,5.351389026,0.001423542,0.000163482,131.6575684,93.31255579,507.5361328,126.2256011,4.139725776,35.59366688,8.95804977,1.451952911
1977,0.001692355,0.000128472,0.000114027,7.47E-05,3.27E-05,3.73E-05,3.77E-05,0.000824697,6.710934166,0.12963647,0.016762577,0.055875241,0.01571703,0.005178255,0.30611158,0.4042283,0.3745235,0.5330325,0.23747898,0.003882609,0.002142088,0.001085298,0,0,0.000932699,0.10906413,2.14E-09,0,0.000424563,7.19E-07,2.22E-05,7.91E-07,0.003532393,0,8.87E-07,-6.51E-06,0,274.0301524,0.04695491,0.8419069,5.75E-05,5.498464392,0.002158347,0.000970036,132.9031893,95.85040725,519.9039509,129.203706,4.255408013,36.34716678,8.939576123,1.548177593
1978,0.001769177,0.000152504,0.000116824,7.72E-05,3.41E-05,3.94E-05,3.67E-05,0.000890052,6.875375323,0.13048849,0.016898235,0.072245349,0.015529417,0.005521417,0.27845958,0.3839896,0.38605486,0.52979652,0.24711497,0.004270121,0.002159924,0.001120916,0,0,0.001277913,0.11278031,-6.25E-08,0,0.000452496,8.75E-07,-5.99E-05,1.36E-07,0.004661461,0,8.95E-07,-2.14E-05,0,276.3333545,0.04882958,0.8563152,4.57E-05,5.624098658,0.00282869,0.001617406,133.3941255,99.82442083,548.8777896,132.9129693,4.481274062,37.31320198,9.572076045,1.601151935
1979,0.00192034,0.00018744,0.000138874,9.97E-05,4.63E-05,5.55E-05,3.73E-05,0.000921728,6.977235426,0.12837989,0.017898313,0.094634628,0.014991238,0.006102064,0.27113342,0.39480033,0.39712665,0.51850501,0.25710923,0.00465137,0.002057942,0.001132809,0,0,0.001759566,0.11322088,-2.04E-09,0,0.000420171,1.03E-06,-0.000177668,1.36E-07,0.005093788,0,9.00E-07,-9.98E-06,0,281.6000656,0.05050131,0.8629061,3.09E-05,5.806026493,0.002829618,0.001312443,135.5843523,102.27075,551.9390639,135.9950766,4.579460894,38.20709099,9.764811716,1.670116457
1980,0.001963323,0.000207926,0.000160182,0.00013331,7.46E-05,7.87E-05,3.17E-05,0.0009657,6.889342642,0.12508456,0.017664267,0.12023426,0.014760861,0.00723626,0.27609356,0.39843779,0.40770132,0.51302719,0.2674569,0.005112991,0.002154566,0.00115621,0,0,0.002033045,0.11829604,7.94E-08,0,0.000356055,1.18E-06,-0.000124853,1.36E-07,0.005173271,0,9.02E-07,3.13E-06,8.17E-08,283.3464702,0.05195423,0.8561535,1.87E-05,5.871891775,0.002830482,0.000997901,134.9133628,101.4509677,541.9841364,134.3694158,4.520616369,39.05083696,9.784877511,1.677319799
1981,0.001739127,0.000193895,0.000170215,0.000145444,9.73E-05,8.75E-05,1.27E-05,0.001041235,6.786494118,0.12652811,0.016187192,0.12845086,0.013920115,0.008637245,0.27100597,0.40307178,0.41773945,0.51686109,0.27811999,0.006009021,0.002486389,0.001174281,0,0,0.00196562,0.12237567,1.71E-08,0,0.000326013,1.33E-06,0.000117794,1.36E-07,0.004427436,0,9.03E-07,3.83E-05,6.97E-07,279.7894207,0.05342733,0.8477194,1.09E-05,5.804352444,0.002954112,0.000934675,130.7298526,99.31933061,527.2542507,129.1467876,4.480011474,39.44667553,9.425627824,1.627600564
1982,0.001620552,0.000183259,0.00019025,0.000157581,0.000108602,0.000100308,1.88E-05,0.001141687,6.72978683,0.12938621,0.01597381,0.12857689,0.013885459,0.009274832,0.27772577,0.39179861,0.4272037,0.53293449,0.28907972,0.006469345,0.003013129,0.001352411,0,0,0.001657336,0.12526367,-8.23E-08,0,0.000330839,1.47E-06,0.000222169,1.34E-07,0.003557587,0,8.94E-07,6.67E-05,1.58E-06,287.6693154,0.05409292,0.8076279,5.92E-06,6.041964538,0.002955043,0.001129656,128.4204046,99.45292952,618.9019395,146.8626386,4.817487822,40.73920058,12.82453757,1.631319373
1983,0.001845685,0.000199873,0.000210289,0.000169721,0.000136272,0.000131991,3.19E-05,0.001251028,6.910327763,0.13075989,0.016384525,0.15074703,0.015564841,0.009057039,0.35329433,0.38570972,0.43605662,0.54719948,0.30029699,0.006003406,0.003819814,0.001378774,0,0,0.001337878,0.1294055,-2.71E-08,0,0.000335595,1.65E-05,9.75E-05,1.32E-07,0.003804037,0,8.87E-07,2.41E-05,2.02E-06,281.6176584,0.05500336,0.7716035,2.32E-06,6.064731752,0.003201437,0.001329314,126.463686,96.59219071,513.4941356,123.8139961,4.527631458,40.71771201,9.01184528,1.640972796
1984,0.001954181,0.000199981,0.000220331,0.000181864,0.000172745,0.00017327,6.48E-05,0.001367681,7.074334665,0.1349934,0.014927399,0.16786607,0.017177696,0.010537606,0.35261795,0.43830954,0.44426268,0.5466524,0.31172869,0.006341234,0.004798726,0.001132951,0,0,0.001239171,0.13714097,8.66E-08,0,0.000483563,0.000152491,2.74E-05,1.33E-07,0.004880539,0,8.93E-07,-4.01E-05,4.31E-06,285.0030452,0.05706303,0.7784507,8.99E-08,5.995286258,0.003570683,0.001360177,127.9762922,100.0072798,541.1746519,129.3116995,4.7172482,41.76580344,9.878608211,1.733349688
1985,0.001930951,0.000182473,0.000220375,0.000181908,0.000235303,0.000212008,0.000106874,0.001512492,7.172661564,0.13844665,0.013863624,0.19120489,0.018042992,0.012093107,0.32180334,0.48746531,0.45178233,0.55924581,0.32341386,0.007686271,0.005535965,0.001186492,0,0,0.001429027,0.14848134,2.16E-07,0,0.000563207,0.000399263,8.58E-05,1.33E-07,0.005255393,0,9.02E-07,-6.22E-06,1.30E-05,285.6752697,0.05934911,0.7970415,-3.40E-07,5.995464501,0.003694566,0.001130351,128.3041567,101.769925,558.4094612,130.4350594,4.824991233,42.48794604,10.38477183,1.774238349
1986,0.002044789,0.000183921,0.000230419,0.000194054,0.000298259,0.000244972,0.000147449,0.001583558,7.308357639,0.13466824,0.014595216,0.22648099,0.017343175,0.011156209,0.36319165,0.56119711,0.45857645,0.60554478,0.33573155,0.008619927,0.005662639,0.001453026,0,0,0.002148062,0.16326271,2.16E-07,6.84E-07,0.000572739,0.000674323,4.43E-05,1.34E-07,0.005689695,0,9.08E-07,3.18E-05,2.81E-05,290.8084488,0.06144732,0.804199,3.24E-06,6.122081171,0.003941196,0.000893309,128.3145093,103.0345511,565.9944505,135.6433972,4.915932907,43.28398865,10.4644487,1.869967488
1987,0.002186818,0.000210094,0.000230465,0.000218304,0.000355551,0.000261358,0.000184354,0.001413176,7.451534595,0.14005915,0.015122737,0.23471551,0.015986362,0.011176584,0.37717492,0.54359326,0.46460688,0.63685035,0.34559507,0.009169243,0.005241269,0.001736487,0,1.16E-06,0.003263125,0.17725124,5.82E-08,4.88E-06,0.000796169,0.001000528,-9.97E-05,1.34E-07,0.006538606,0,9.14E-07,8.32E-06,4.48E-05,295.0485147,0.06362008,0.8121202,2.81E-05,6.349074632,0.00431067,0.000649177,130.7942857,106.9485421,603.5337904,143.5633438,5.102368399,44.40332357,11.80419902,1.946306673
1988,0.002238409,0.000222841,0.000220511,0.000218357,0.000398275,0.000261445,0.000202821,0.00112614,7.642089164,0.13489421,0.015295333,0.22534631,0.014052169,0.012063592,0.32440759,0.43301446,0.47014816,0.64554402,0.34769976,0.010094657,0.004703097,0.001770198,0,0.000349248,0.005266119,0.1853279,2.11E-05,6.85E-05,0.000881923,0.001400486,-7.37E-05,1.35E-07,0.006627814,0,9.28E-07,3.47E-05,6.06E-05,298.6854951,0.06645748,0.8440248,7.04E-05,6.187185411,0.004680261,0.000485217,131.925301,111.4143484,601.8878287,143.5104014,5.298864305,44.79908733,11.73739798,2.026962412
1989,0.002207554,0.00021766,0.000230555,0.00021841,0.000441012,0.000294141,0.000221294,0.000925477,7.736803703,0.10550252,0.015212081,0.21283728,0.010119863,0.011292045,0.24646809,0.3577641,0.47568414,0.71352261,0.33768835,0.010904862,0.00438641,0.001670249,0,0.000721362,0.010730464,0.18956819,0.00031477,0.000673047,0.000826296,0.001864912,5.44E-05,1.36E-07,0.006657218,0,6.07E-06,7.70E-05,7.61E-05,302.1641744,0.0691359,0.8636423,8.97E-05,6.263391278,0.005049966,0.000490256,131.9761195,112.532619,582.3194167,140.294679,5.222462912,45.13634687,10.88373862,2.101762239
1990,0.002107697,0.000222746,0.000230601,0.000230565,0.00051217,0.000326847,0.000258178,0.000754234,7.625553958,0.086426532,0.014407865,0.1768456,0.007090509,0.010591201,0.20825652,0.33397703,0.48124423,0.65840311,0.31646559,0.010051338,0.004274153,0.001737326,0,0.001520326,0.017768055,0.19230881,0.000960535,0.00172087,0.000697294,0.002382589,0.00018589,1.36E-07,0.006683843,0,2.70E-05,1.83E-05,9.18E-05,305.2725547,0.07128,0.8615031,9.08E-05,6.276011553,0.005174311,0.000668908,131.5390794,112.9233668,592.0352726,142.9994048,5.410500776,45.59401059,11.91770021,2.117046042
1991,0.001982897,0.000240077,0.000230647,0.000242723,0.000569148,0.000294347,0.000295075,0.000565069,7.8204742,0.085142226,0.012924815,0.12064491,0.006954223,0.010775591,0.15981289,0.28627307,0.4865262,0.47447964,0.30286609,0.009658053,0.004158575,0.001673546,0,0.006939422,0.02206288,0.18552075,0.001727734,0.002725131,0.000706136,0.002937818,0.000248194,1.55E-05,0.007057257,0,5.81E-05,-7.30E-05,0.000107154,318.7311921,0.0722173,0.8141874,9.76E-05,6.343792542,0.00529866,0.000851684,130.2975027,117.6376357,781.4565245,184.4068079,5.913765514,47.33361883,18.94727018,2.043061872
1992,0.001950044,0.000280556,0.000230693,0.00023068,0.00061194,0.000294445,0.000313579,0.00044081,7.822451349,0.085437279,0.011907588,0.074361852,0.005308998,0.010120439,0.10691739,0.22743518,0.49125831,0.36104368,0.30111154,0.010784362,0.003812739,0.001463111,0,0.02226499,0.024233416,0.194061,0.002476748,0.004025012,0.001001864,0.004491123,0.000181942,1.55E-05,0.007910262,0,8.88E-05,-3.08E-05,0.000122736,299.4017955,0.07425637,0.7803906,0.000107862,6.35732093,0.005423064,0.000952703,125.8077283,114.4341401,564.8480598,138.2166468,5.267118238,45.4499009,11.20130874,2.067096925
1993,0.00199848,0.000350109,0.000230739,0.000230736,0.00066895,0.000310847,0.000332088,0.000405681,7.733677514,0.084458339,0.011381334,0.050567396,0.003463778,0.008677165,0.0843251,0.2319618,0.49517262,0.25633383,0.29836763,0.011612337,0.003318044,0.001251451,0,0.03433223,0.022551362,0.20833854,0.003095,0.011967198,0.001516636,0.006496799,0.000157163,3.09E-05,0.008353484,0,0.000118809,4.28E-05,0.000138254,299.4425141,0.07467656,0.8027235,0.000121815,6.309605181,0.005424762,0.001230068,123.7541817,117.8059212,593.3542765,143.7539569,5.433352091,45.85506217,12.66732811,2.090475761
1994,0.002143056,0.000450005,0.000240786,0.000254996,0.000768587,0.000294646,0.000332199,0.000421824,7.73733666,0.08605046,0.011006658,0.037565451,0.004609578,0.008163643,0.085893495,0.23858315,0.49799162,0.15908791,0.28331201,0.011303115,0.002960463,0.001196206,0,0.045287421,0.024423112,0.23788968,0.003551552,0.024558229,0.002325316,0.007162855,0.000203905,6.17E-05,0.008737968,0,0.000148084,8.30E-06,0.000153585,310.2518368,0.07295185,0.7275388,0.000139087,6.440656344,0.005549183,0.00142747,121.0083668,119.5390029,711.7553856,171.0285281,5.797961979,47.28273297,17.69568249,2.184312738
1995,0.002388071,0.000566504,0.000240834,0.000242956,0.000839851,0.000294744,0.000332309,0.0004671,7.856919526,0.080480245,0.010682998,0.023473127,0.005707624,0.007674758,0.086264975,0.21072453,0.49948234,0.095783763,0.25063967,0.011011358,0.00289233,0.00108426,0,0.051095458,0.02759918,0.2303453,0.003877122,0.036211193,0.003439531,0.007887955,0.000296148,6.20E-05,0.009315257,0,0.0001778,8.46E-06,0.000169821,305.4095889,0.07504378,0.7406499,0.000159288,6.502894168,0.005673663,0.001196217,118.64207,120.1270653,606.5089474,146.4524222,5.715418746,46.48902779,14.26773939,2.238232367
1996,0.002663841,0.000679939,0.000240882,0.000218812,0.00088273,0.000278537,0.000350825,0.00051777,7.974927491,0.075256035,0.010505743,0.013005309,0.004652223,0.005524219,0.085278741,0.17078176,0.48893856,0.059514335,0.22136994,0.010510994,0.002865423,0.000847557,0,0.053568363,0.02600128,0.22486947,0.004057915,0.048538296,0.004501452,0.010100268,0.000390443,7.76E-05,0.009770705,0,0.000205479,0.000113536,0.000238411,307.2912075,0.07835627,1.0219634,0.000183079,6.541031203,0.005552701,0.001131186,116.674158,120.126357,581.4945219,140.8505946,5.588568795,46.4935872,13.26652338,2.326471427
1997,0.002872844,0.000778145,0.00025093,0.000218865,0.000925624,0.000262325,0.000369347,0.000555865,8.750595706,0.075489912,0.010417958,0.010398164,0.003769106,0.003455939,0.086341446,0.16063531,0.48049222,0.029550907,0.21107745,0.009824277,0.002856685,0.000768263,0,0.055763481,0.029370536,0.2405221,0.004626633,0.058758537,0.005571702,0.011574972,0.000427562,9.32E-05,0.009795226,4.96E-08,0.000258206,0.000111343,0.000315013,331.2889198,0.07506127,1.0131802,0.000210278,6.73923112,0.005783426,0.001235937,117.1099997,124.865875,856.4649466,204.6533241,6.172017987,49.1903418,22.89371417,2.406527094
1998,0.002989907,0.000857722,0.00024098,0.000206816,0.000925922,0.000278717,0.000351064,0.000585821,8.124934374,0.072916263,0.010335348,0.012992477,0.003961535,0.002931836,0.086348141,0.15667666,0.47494584,0.023412636,0.19017072,0.010323837,0.002701239,0.000769439,0,0.055956781,0.028471196,0.23446613,0.006904947,0.070049792,0.00689174,0.015498744,0.000540297,0.000108976,0.01002529,3.58E-07,0.000605123,6.92E-05,0.000386655,315.3326212,0.07102047,0.8997906,0.000232257,6.445350012,0.005603111,0.001084676,114.5861186,126.3161069,736.9032404,172.296192,6.314456121,49.66165423,22.36461016,2.4609519
1999,0.002960751,0.000919538,0.000241028,0.000206867,0.000912016,0.000278809,0.000332775,0.000613651,7.958127752,0.07296355,0.010216505,0.014054175,0.003974985,0.003153884,0.082703538,0.14042544,0.45797706,0.018420173,0.16874154,0.010262658,0.002150986,0.000770631,0,0.058338707,0.025741051,0.25231636,0.008684845,0.091978363,0.00794865,0.018334419,0.000742421,0.000124802,0.01007373,3.11E-06,0.001069901,0.000139549,0.000494352,309.4083709,0.06328888,0.8366815,0.000257786,6.28000935,0.005167646,0.001189015,108.4340705,121.7588181,592.1733192,145.0900519,5.60039137,47.84168221,15.00150318,2.535031767
2000,0.002815394,0.000958217,0.000251076,0.000194815,0.00082709,0.000246293,0.00031448,0.000649289,8.087765547,0.072651408,0.009923146,0.009404388,0.003986714,0.002347652,0.076330076,0.12276605,0.48564825,0.019471227,0.15659675,0.009480135,0.001969441,0.000771519,0,0.056341686,0.025730152,0.26360627,0.010640667,0.099657424,0.008598756,0.021400526,0.0008632,0.000140709,0.009297839,3.40E-05,0.001411492,0.000269996,0.000574233,310.1868098,0.06017103,0.7985247,0.000325837,6.111119055,0.005273533,0.0014697,108.7085558,122.7981248,538.0373715,135.302332,5.359576476,47.58190642,12.53431025,2.629044724
2001,0.003048068,0.001043081,0.000221125,0.000146456,0.000713731,0.000246374,0.000277774,0.000709344,7.912295445,0.070656969,0.010593275,0.005959047,0.003277136,0.001160055,0.068271466,0.11164066,0.53041719,0.019806901,0.14672439,0.008833794,0.002324826,0.000746086,0,0.056368781,0.024490463,0.26160586,0.011075295,0.096243251,0.009852125,0.027184793,0.000942756,0.000156671,0.008984,0.000806199,0.001654031,0.000610731,0.000638673,312.8963787,0.06051127,0.8184809,0.000442506,6.186884653,0.00532821,0.001583142,109.4836764,123.1711003,533.1430368,136.1659566,5.493988013,47.7822063,12.43033029,2.55863915
2002,0.003453437,0.001132349,0.000191168,0.00013439,0.000642944,0.000246456,0.00022265,0.000804732,8.161798308,0.070456674,0.011982167,0.00315136,0.002420559,0.000950115,0.063484809,0.10190454,0.53135299,0.012302716,0.14874982,0.008368591,0.002279758,0.000676601,0,0.050843174,0.025156097,0.27032175,0.012214474,0.10273275,0.011617585,0.029655611,0.001210781,0.000157338,0.0097209,0.002917065,0.002803782,0.001313749,0.000733271,322.2788312,0.05605282,0.8208483,0.000563429,6.358400543,0.005497648,0.001818734,108.7615149,124.8843584,622.1970584,158.4385879,5.948703431,50.14896945,18.36057514,2.591315532
2003,0.00316329,0.00111668,0.000171205,0.000122321,0.000572135,0.000230233,0.000204318,0.000936388,8.318797919,0.069839024,0.012579882,0.005769302,0.001733634,0.00074506,0.062277955,0.097844828,0.54549639,0.010122917,0.1580398,0.008083115,0.002026277,0.000601956,0,0.044441172,0.025070909,0.28730923,0.015640539,0.11740605,0.013114832,0.034656619,0.001560512,0.00015807,0.011005369,0.005226518,0.00478569,0.002235639,0.00085366,328.1242242,0.05384055,0.8380089,0.00057453,6.427137106,0.005541719,0.002000749,112.6638297,127.4574339,596.2197198,154.3815652,6.143926843,50.76268479,18.9145132,2.580430256
2004,0.002202953,0.000925504,0.000151238,9.81E-05,0.000487099,0.000230309,0.000167575,0.001059951,8.843487911,0.066998563,0.012194883,0.009216749,0.001472997,0.000756677,0.060966802,0.087654103,0.5692844,0.009746999,0.14540379,0.007526765,0.002119266,0.000552946,0,0.049135801,0.028554887,0.30757676,0.015758879,0.12565071,0.013097501,0.042288118,0.002051046,0.000219984,0.012712613,0.006651213,0.005487304,0.003118653,0.000974109,338.9417722,0.05112882,0.8656998,0.000567865,6.589272378,0.005648009,0.001943219,118.0536776,133.6149893,597.0195913,156.6654572,6.444694752,51.18589468,16.88266226,2.750819839
2005,0.00194805,0.000680539,0.000131267,8.61E-05,0.000416239,0.000230385,0.000130819,0.001111007,9.111555517,0.063195607,0.011060838,0.004629703,0.001813966,0.000580706,0.060331179,0.071956593,0.59462905,0.00754052,0.13424871,0.006943328,0.001894783,0.000469717,0,0.053955471,0.033447493,0.32952471,0.016143675,0.12649199,0.012434284,0.045001634,0.002365528,0.000212764,0.014626529,0.007079197,0.006360692,0.003418058,0.001084593,346.3955546,0.04903518,0.934237,0.000664876,6.692363078,0.006279914,0.001740409,122.5406273,137.1147828,602.0650857,158.7662386,6.74235763,51.95572038,17.27632256,2.860521969
2006,0.002045423,0.000624962,0.000111292,8.61E-05,0.000359559,0.000246765,0.000130862,0.001110342,9.442908147,0.060048081,0.01021735,0.000645064,0.001751031,0.000587106,0.063037203,0.065575271,0.66034123,0.009319049,0.14071285,0.006311845,0.001590236,0.000435796,0,0.051911598,0.036489809,0.34630497,0.019891066,0.13341048,0.014118518,0.051038048,0.002353159,0.000182183,0.012639849,0.006875404,0.008386248,0.002559234,0.001185252,356.4696896,0.04732698,0.9965297,0.000725769,6.874357467,0.006940918,0.001453144,123.4562358,140.4543808,637.6236501,169.8736133,6.827877394,53.45205244,18.90747845,2.894559219
2007,0.001766616,0.000546769,0.000101314,8.61E-05,0.000288658,0.000230543,9.41E-05,0.001131696,9.639327281,0.057257154,0.009327242,0.00450892,0.001554549,0.000782801,0.064737513,0.061623755,0.695097,0.00969813,0.1319833,0.005770744,0.001702155,0.000591629,0,0.049953532,0.037109679,0.35726506,0.026595246,0.12725708,0.016399738,0.055735756,0.002415405,0.00023422,0.009326289,0.0066981,0.008402974,0.0027884,0.001264938,355.0225755,0.04220122,0.9749374,0.000846475,6.594942662,0.006975407,0.001468993,122.6475255,145.3540631,597.3422357,159.6840444,7.186723337,54.038136,17.82962985,2.962073123
2008,0.001746034,0.000569312,9.13E-05,6.19E-05,0.000274546,0.000230619,7.57E-05,0.001186842,9.393649752,0.056837697,0.009035343,0.008339534,0.001916448,0.000456968,0.063060877,0.057108479,0.74880839,0.006337645,0.13820008,0.005573751,0.001617133,0.000638405,0,0.054881457,0.033091627,0.36272449,0.030815622,0.13828669,0.017544095,0.055545108,0.00261966,0.000212223,0.008812341,0.007076053,0.010669375,0.0027884,0.001316486,360.4917105,0.03938508,0.9159406,0.00114656,6.637070012,0.006883534,0.001811918,119.9206025,145.039454,563.9831255,154.6736688,6.994080158,54.38875165,16.17134336,2.926145032
2009,0.001799551,0.000643299,9.14E-05,4.98E-05,0.00026043,0.000230695,7.57E-05,0.00124503,9.33207666,0.055355253,0.009685487,0.0057877,0.001675517,0.000383549,0.060065148,0.054788238,0.8083883,0.003769432,0.14885568,0.00525709,0.001727285,0.000477231,0,0.061506343,0.032081369,0.3665558,0.033926872,0.16010848,0.021142804,0.058747812,0.002966673,0.000172706,0.0099336,0.007852249,0.016223306,0.0029974,0.001433501,364.2003634,0.03915481,0.8695209,0.001387468,6.711563051,0.007159861,0.002130075,114.819343,139.9418628,569.2018722,158.7362881,7.011743246,54.45026921,16.32480822,2.77229123
2010,0.001774218,0.000504032,0.00010137,4.99E-05,0.000232106,0.000198162,7.58E-05,0.001272141,9.85244337,0.056090865,0.01048947,0.004407032,0.001464415,0.000658964,0.05886009,0.052271203,0.8022013,0.002461478,0.14504056,0.004897555,0.001851166,0.000396552,0,0.065209531,0.029851794,0.36174691,0.035069515,0.165044,0.020460881,0.059879906,0.003182702,0.000279934,0.011247607,0.008777871,0.015914528,0.0033098,0.001337554,370.8962528,0.03758677,0.904227,0.001509367,6.707156273,0.007275903,0.002223103,113.8773996,142.6851416,604.7012715,164.5802859,7.56735862,55.51678203,19.16286436,2.897315778
2011,0.001846756,0.0004523,0.00010139,4.99E-05,0.00023218,0.000198227,7.58E-05,0.001272702,10.16115317,0.057565927,0.011056837,0.004623794,0.002046829,0.000856017,0.062415615,0.052120722,0.9102105,0.003003616,0.15348274,0.004336177,0.002096153,0.000391059,0,0.067690592,0.028645628,0.36694427,0.043330418,0.19047655,0.022158614,0.059950898,0.003410604,0.000333569,0.012498165,0.009465458,0.020415233,0.0035841,0.001129135,372.6576832,0.03533383,0.9771884,0.00163148,6.647727122,0.007465693,0.002682317,115.0457105,146.5409812,558.2400087,158.6069278,7.38110581,55.47105918,17.07059112,2.974620065
2012,0.001794986,0.000464845,0.00010141,4.99E-05,0.000232253,0.000198293,7.58E-05,0.001272928,10.34871489,0.059464919,0.009660946,0.005452927,0.002052052,0.000716861,0.070235225,0.05335878,1.0383358,0.003009667,0.1817202,0.003837981,0.001732872,0.000415949,0,0.063311547,0.025468261,0.35629002,0.04581505,0.20500564,0.021423,0.056430796,0.003277116,0.000258313,0.012591587,0.009054248,0.0240671,0.0039269,0.00098552,380.8097666,0.03162702,0.9565868,0.001694094,6.741571282,0.007706284,0.002786474,113.229528,145.504776,601.0748596,169.08511,7.607514416,56.92076408,20.37923381,3.015788815
2013,0.001632465,0.000447628,0.00010143,4.99E-05,0.000232326,0.000198358,7.58E-05,0.001273153,10.56924636,0.062512861,0.008302744,0.006516793,0.001940862,0.000613303,0.075740842,0.054819887,1.0776128,0.001838442,0.21496357,0.003574549,0.000962581,0.000444422,0,0.059817791,0.019467118,0.34289828,0.0388888,0.20201825,0.0238069,0.05223651,0.002998601,0.000241043,0.011604213,0.0097859,0.021452891,0.0042254,0.000872252,381.5943928,0.028305,0.9554872,0.0016971,6.846666194,0.007686158,0.002453866,112.208129,143.3023445,552.7113979,159.359353,7.46278298,56.72328656,17.79789768,3.054439039
2014,0.0016517,0.0004515,9.94E-05,4.28E-05,0.0002997,0.0002187,9.15E-05,0.0012672,10.80598447,0.0535475,0.0098735,0.0028024,0.0016696,0.001114899,0.0549365,0.0289612,1.0819373,0.0012625,0.20702911,0.003481,0.0012299,0.0003854,0,0.05982,0.02247,0.3588813,0.0571243,0.2000249,0.0252487,0.0556047,0.0035393,0.000256,0.012991,0.0101025,0.0304858,0.0044701,0.0011516,387.8735392,0.02859137,1.0827533,0.0014093,6.914907695,0.0078784,0.002512,111.5686138,142.9050135,615.5202594,173.5036918,7.646608903,58.10916357,20.69815324,3.069556009
2015,0.00157,0.0004478,9.94E-05,4.35E-05,0.00035,0.0002338,0.0001014,0.0012672,10.67558999,0.0475476,0.0108699,0.0008742,0.0016696,0.0016714,0.0435734,0.0146096,1.0213227,0,0.15872141,0.0032933,0.0013378,0.0003481,0,0.05982,0.02247,0.3588813,0.0787906,0.2019534,0.032381,0.0558814,0.0036633,0.0002604,0.0144857,0.0117285,0.0385792,0.0046492,0.0011516,388.0727957,0.02873527,1.129062,0.0013581,6.936363636,0.00802,0.0025317,98.33111855,142.7852381,585.8225259,167.2229931,7.629652821,58.35201304,19.29835608,3.131967771
2016,0.001677899105251151,0.00041292528396056813,0.000105074,4.60E-05,0.000369978,0.00024716,0.0001072,0.001518077661772725,10.704491345741676,0.04501716,0.011339765251716514,0.00078156,0.001515231,0.001614221,0.04188082,0.01288774,1.0532987,0,0.169420086,0.00307158,0.00129166,0.00033428,0,0.060842879,0.021990156,0.351625206,0.08503684359817293,0.21326186328486343,0.03449136947301018,0.05702975288457497,0.004007895374357316,0.00025511963491880904,0.01430138695674198,0.012362836008866429,0.043224843824654226,0.00479476,0.001150004,389.72917323320945,0.03037629,1.16814604,0.0012485442029478795,7.002378778023065,0.008215136130585353,0.00261934,94.02806608886812,141.54863088948542,553.1214572171824,163.75966272347503,7.533797678706864,59.22882231790597,18.41667531027365,3.267372023051692
2017,0.001482610947981957,0.00039479952099525436,0.000110748,4.85E-05,0.000389956,0.00026052,0.000113,0.0015525447792001808,10.889584880467066,0.04248672,0.01207677081922253,0.00068892,0.001360863,0.001557043,0.04018824,0.01116588,1.0852747,0,0.180118762,0.00284986,0.00124552,0.00032046,0,0.061865757,0.021510311,0.344369112,0.09120021245658223,0.223907041102435,0.03631636216215844,0.05819299279690135,0.004399164292485474,0.00025147296340910925,0.01560817803141915,0.01299762283474754,0.04848793694233276,0.004940319,0.001148407,394.9930994370535,0.03201731,1.20723008,0.001208598014056792,7.040743442533245,0.008477638949739947,0.002706981,89.79057976874579,139.71904448412153,535.4740180036463,161.81581298632628,7.394625051545805,59.627736253356495,17.920208612189864,3.464417724097719
2018,0.0014591759480257775,0.0002881353078460709,0.000116423,5.09E-05,0.000409934,0.00027388,0.0001188,0.0017424293456174622,11.150185803853589,0.03995628,0.0121615086413356,0.00059628,0.001206494,0.001499864,0.03849566,0.00944402,1.1172507,0,0.190817438,0.00262814,0.00119938,0.00030664,0,0.062888636,0.021030467,0.337113018,0.09758702062313952,0.23547255295294375,0.03833776880569103,0.05929703471343236,0.0047754232858129774,0.0002460902494167617,0.016076503497347547,0.013641267801572864,0.05397262181437312,0.005085879,0.001146811,400.7182930872206,0.03365833,1.24631412,0.0012480768495771565,7.067123183745029,0.008947286341552115,0.002794621,86.82582464790303,135.5962533141898,519.030966991704,158.82866494876671,7.105656483575091,60.23952296495763,17.445255851392,3.6181993165042448
2019,0.00145875194198595,0.00028962639894782196,0.000122097,5.34E-05,0.000429912,0.00028724,0.0001246,0.0019669913272135865,11.180344546029602,0.03742584,0.01274799722773513,0.00050364,0.001052126,0.001442686,0.03680308,0.00772216,1.1492267,0,0.201516114,0.00240642,0.00115324,0.00029282,0,0.063911514,0.020550622,0.329856924,0.10407195666324603,0.24820396422682037,0.04012793455506397,0.06185885666819362,0.005129971504844658,0.00024152514591195898,0.015217321997979075,0.014296528824711333,0.05961305257936198,0.005231439,0.001145214,404.032044021684,0.03529935,1.28539816,0.00123516978270845,7.167960272702633,0.009297396110891585,0.002882262,86.12639357931889,135.7006524485452,535.9308253128679,165.5728351460944,7.296630335598846,60.81797422829943,19.221973027513215,3.6671782659961
2020,0.0014164029189989292,0.000246684337921921,0.000127771,5.59E-05,0.000449891,0.0003006,0.0001304,0.002149418856229676,10.651271385496267,0.0348954,0.013083782077723528,0.000411,0.000897757,0.001385507,0.0351105,0.0060003,1.1812027,0,0.21221479,0.0021847,0.0011071,0.000279,0,0.064934393,0.020070778,0.32260083,0.11028856376836471,0.26058894194193094,0.041951297194322355,0.06206660109252494,0.005480818603673098,0.00023679424352459803,0.015247312339647835,0.015035210808133071,0.06506740849626819,0.005376998,0.001143618,398.9763944199551,0.03694037,1.3244822,0.0013482385740442313,7.1800332767454025,0.009583776338294164,0.002969902,73.38668091717767,126.40241403715116,510.8512944882188,159.56249980334658,7.124704437111495,61.59097013082574,18.50479086781879,2.035410930954544
2021,0.0014447416677421006,0.00026656967458912103,0.000123587,5.41E-05,0.000435164,0.00029075,0.00012613,0.0024293339128497638,11.24256027879174,0.03328538,0.013523593568071417,0.00037899,0.000833926,0.001342149,0.03387909,0.00550149,1.1637652,0,0.204328608,0.00206237,0.00107222,0.00026903,0,0.063840192,0.019226545,0.30467177,0.11867617206484601,0.27032228304145184,0.04393081765702976,0.06426596278623889,0.005836416331406301,0.00023253927333608367,0.015558957101618448,0.015772619442307487,0.07255568752301421,0.005297624,0.001101462,404.3290021615674,0.03573074,1.29930526,0.0014630691026767618,7.270942568689277,0.00995852053241599,0.002913449,75.12187532026891,128.43917364452741,506.8879973077508,159.39497283867726,7.09379329166712,62.26084416312921,18.260015940899088,2.3190868903165764
2022,0.001457020366129094,0.000260237138110667,0.000119402,5.22E-05,0.000420438,0.0002809,0.00012186,0.002658316457389118,11.339078771246792,0.03167536,0.014065402718097503,0.00034698,0.000770095,0.00129879,0.03264768,0.00500268,1.1463277,0,0.196442426,0.00194004,0.00103734,0.00025906,0,0.062745991,0.018382313,0.28674271,0.1257288822746012,0.2820220615459692,0.04580595177114498,0.06615181745950459,0.006255255031828628,0.00022815157711300382,0.01591327715875112,0.016543724086487483,0.07875145899221171,0.00521825,0.001059305,410.8596924742063,0.03452111,1.27412832,0.0015347378044770715,7.3230290438569945,0.010337278404413413,0.002856996,74.94348179218566,126.93595671497043,486.78045784672577,154.91130263118455,6.851350844369568,62.93182846680875,17.269065345858174,2.881374530347178
2023,0.0014569267888672147,0.0002508539777538054,0.000115218,5.04E-05,0.000405711,0.00027105,0.00011759,0.0028887725229094566,11.505149140109525,0.03006534,0.014507849545622412,0.00031497,0.000706264,0.001255431,0.03141627,0.00450387,1.1288902,0,0.188556244,0.00181771,0.00100246,0.00024909,0,0.06165179,0.01753808,0.26881365,0.1329666464743387,0.2934026612572932,0.0477271939765731,0.06772328595555749,0.0066344560882814945,0.00022369372084668452,0.01614727323985639,0.017293153940498136,0.08513639038932747,0.005138875,0.001017148,416.6960284314539,0.03331148,1.24895138,0.0016345938117332936,7.4228221867786095,0.010687012930967806,0.002800544,77.1041539960299,132.69579349978403,524.0226284909988,165.39858396559143,7.34697842613114,63.464271912930684,19.42267992247873,3.3970161145993076
2024,0.0014630193494297714,0.00024299612933615072,0.000111034,4.86E-05,0.000390985,0.0002612,0.00011332,0.003118491827939314,11.658102014530165,0.02845532,0.014999977534397989,0.00028296,0.000642433,0.001212073,0.03018486,0.00400506,1.1114527,0,0.180670062,0.00169538,0.00096758,0.00023912,0,0.060557589,0.016693848,0.25088459,0.1401118836790843,0.30494285036521424,0.04962538213634469,0.06945194754021725,0.00703347596671914,0.00021927094460198559,0.0164414313089753,0.018053421189593636,0.091426741822484,0.005059501,0.000974992,419.46679709658736,0.03210185,1.22377444,0.0017203561662615641,7.487475935568673,0.011051259130243695,0.002744091,76.57606858472832,132.36227699275605,520.6712312894795,162.08648115585711,7.2910640124044575,63.464271912930684,18.850636566199228,3.3970161145993076
2025,0.00140789149511103,0.00023384066853665756,0.00010685,4.67E-05,0.000376258,0.00025135,0.00010905,0.003054289113666343,11.853262109635587,0.0268453,0.014691379905916228,0.00025095,0.000578602,0.001168714,0.02895345,0.00350625,1.0940152,0,0.17278388,0.00157305,0.0009327,0.00022915,0,0.059463389,0.015849615,0.23295553,0.1446813830541028,0.3001586254046214,0.05116056794204486,0.06644899086527294,0.007049284590303721,0.0002257553327447195,0.014591051515704953,0.01858725678867159,0.08113723310137376,0.004980127,0.000932835,424.5122305912228,0.03089222,1.1985975,0.0017255802423455787,7.579204739985256,0.011084806964862113,0.002687638,76.62526598368362,132.6722799536953,522.1000652694985,162.9512357755243,7.331374596552447,64.02073239298954,18.9977270786477,3.476230767211009
2026,0.0013527636407922883,0.00022468520773716438,0.000102666,4.49E-05,0.000361532,0.0002415,0.00010478,0.002990086399393372,12.048422195837903,0.02523528,0.01438278227743447,0.00021894,0.000514771,0.001125355,0.02772204,0.00300744,1.0765777,0,0.164897698,0.00145072,0.00089782,0.00021918,0,0.058369188,0.015005382,0.21502647,0.1492508824291213,0.2953744004440285,0.05269575374774504,0.06344603272235531,0.007065093213888304,0.00023223972088745343,0.012740671722434605,0.01912109238774954,0.07084772438026352,0.004900753,0.000890679,429.55766418127723,0.02968259,1.17342056,0.0017308043184295935,7.670933543451562,0.011118354799480527,0.002631185,76.67446337469615,132.98228282911262,523.5288992495174,163.81599039519153,7.3716851815774,64.57719286314129,19.144817582140828,3.5554454198227106
2027,0.0012976357864735468,0.0002155297469376712,9.85E-05,4.31E-05,0.000346805,0.00023165,0.00010051,0.002925883685120401,12.243582282040215,0.02362526,0.014074184648952711,0.00018693,0.00045094,0.001081997,0.02649063,0.00250863,1.0591402,0,0.157011516,0.00132839,0.00086294,0.00020921,0,0.057274987,0.01416115,0.19709741,0.1538203818041398,0.29059017548343574,0.0542309395534452,0.060443074579437706,0.007080900432386798,0.0002387241090301873,0.01089029192916426,0.019654927144366372,0.06055821565915327,0.004821378,0.000848522,434.60309767591264,0.02847296,1.14824362,0.0017360295880425283,7.762662347868145,0.011151902634098945,0.002574733,76.72366077365143,133.29228579005184,524.9577333126377,164.68074501485873,7.411995765725389,65.13365334320015,19.2919080945893,3.634660071604181
2028,0.001242507932154805,0.00020637428613817798,9.43E-05,4.13E-05,0.000332079,0.0002218,9.62E-05,0.002861680970847431,12.438742368242528,0.02201524,0.013765588293626506,0.00015492,0.000387109,0.001038638,0.02525922,0.00200982,1.0417027,0,0.149125334,0.00120606,0.00082806,0.00019924,0,0.056180786,0.013316917,0.17916835,0.1583898811791583,0.28580595052284286,0.055766125359145366,0.05744011643652008,0.00709670905597138,0.00024520849717292123,0.009039912135893913,0.020188762743444326,0.05026870693804303,0.004742004,0.000806366,439.64853126596705,0.02726333,1.12306668,0.0017412536641265427,7.8543911522847285,0.01118545046871736,0.00251828,76.77285816466396,133.60228875099108,526.3865672926565,165.54549963452592,7.452306350750342,65.6901138133519,19.438998607037774,3.7138747242158825
2029,0.0011873800778360634,0.0001972188253386848,9.01E-05,3.94E-05,0.000317352,0.00021195,9.20E-05,0.0027974805270668834,12.633902463347951,0.02040522,0.013456990665144743,0.00012291,0.000323278,0.000995279,0.02402781,0.00151101,1.0242652,0,0.141239152,0.00108373,0.00079318,0.00018927,0,0.055086585,0.012472685,0.16123929,0.16295938055417677,0.2810217255622501,0.05730131116484554,0.05443715976157579,0.0071125176795559615,0.0002516928853156551,0.007189532342623565,0.020722597500061155,0.03997919821693278,0.00466263,0.000764209,444.6939647606025,0.0260537,1.09788974,0.0017464777402105573,7.946119955751035,0.011218998303335777,0.002461827,76.82205556361926,133.91229171193032,527.8154012726756,166.41025425419312,7.492616934898331,66.24657429341076,19.586089119486246,3.793089376827583
2030,0.0011322522235173219,0.00018806336453919162,8.59E-05,3.76E-05,0.000302626,0.0002021,8.77E-05,0.002733277812793913,12.829062549550265,0.0187952,0.013148393036662985,9.09E-05,0.000259447,0.000951921,0.0227964,0.0010122,1.0068277,0,0.13335297,0.0009614,0.0007583,0.0001793,0,0.053992384,0.011628452,0.14331023,0.16752887992919527,0.2762375006016572,0.058836496970545715,0.05143420161865817,0.007128324898054456,0.000258177273458389,0.005339152549353218,0.021256433099139105,0.029689689495822534,0.004583255,0.000722052,449.7393983506569,0.02484407,1.0727128,0.001751701816294572,8.037848760167616,0.011252546137954192,0.002405374,76.87125295463179,134.22229467286954,529.2442352526946,167.27500887386037,7.532927519923284,66.80303477346962,19.73317963193472,3.8723040294392845
2031,0.0010969683948339694,0.00018220095542248696,8.33E-05,3.64E-05,0.000293195,0.0001958,8.50E-05,0.0026922386622304176,12.966235031304894,0.01792802,0.01295088968868888,8.38E-05,0.000241008,0.000922171,0.02199688,0.00092805,1.00338227,0,0.128305524,0.00090757,0.0007344,0.0001729,0,0.0517698,0.010825621,0.131008084,0.17065157158761035,0.27529219700210433,0.06019134235600593,0.05039153393672589,0.007129825529997246,0.0002644680977759667,0.005127469424956221,0.021774535736775815,0.028512543825864996,0.004567565,0.000707415,453.95834346213684,0.02406987,1.05659951,0.001752515803018195,8.112520158949971,0.01125777824993222,0.002369241,76.89900169411516,134.32635535941867,530.6852217156885,167.65098435054946,7.560888075391657,67.17795827472878,19.805850201538263,3.928904170863657
2032,0.0010616845661506169,0.00017633854630578233,8.06E-05,3.52E-05,0.000283764,0.0001895,8.22E-05,0.0026512017821593466,13.103407513059521,0.01706084,0.012753387613870333,7.67E-05,0.000222569,0.000892421,0.02119736,0.0008439,0.99993684,0,0.123258078,0.00085374,0.0007105,0.0001665,0,0.049547216,0.01002279,0.118705938,0.1737742632460254,0.2743468934025515,0.06154618774146615,0.04934886478682028,0.007131324756853948,0.0002707589220935444,0.004915786300559225,0.022292638374412525,0.02733539815590746,0.004551874,0.000692777,458.1772886690358,0.02329567,1.04048622,0.001753329789741818,8.187191557732325,0.011263010361910247,0.002333108,76.92675043359854,134.43041613148972,532.1262081786824,168.0269598272386,7.5888486308600305,67.55288178589507,19.878520771141808,3.9855043122880285
2033,0.0010264007374672644,0.00017047613718907767,7.79E-05,3.41E-05,0.000274333,0.0001832,7.95E-05,0.0026101626315958516,13.240580003717259,0.01619366,0.01255588426589623,6.97E-05,0.000204129,0.000862672,0.02039784,0.00075975,0.99649141,0,0.118210632,0.00079991,0.0006866,0.0001601,0,0.047324632,0.009219959,0.106403792,0.17689695490444046,0.27340158980299856,0.06290103312692638,0.048306197104887996,0.007132825388796738,0.000277049746411122,0.004704103176162229,0.022810741012049236,0.02615825248594992,0.004536184,0.00067814,462.3962337805158,0.02252147,1.02437293,0.0017541437764654409,8.26186295651468,0.011268242473888272,0.002296975,76.95449917308193,134.53447690356074,533.5671946416763,168.4029352143076,7.616809186328403,67.92780528715421,19.951191349700697,4.042104454542631
2034,0.0009911169087839118,0.00016461372807237298,7.52E-05,3.29E-05,0.000264902,0.0001769,7.67E-05,0.00256912575152478,13.377752485471888,0.01532648,0.01235838219107768,6.26E-05,0.00018569,0.000832922,0.01959832,0.0006756,0.99304598,0,0.113163186,0.00074608,0.0006627,0.0001537,0,0.045102048,0.008417128,0.094101646,0.18001964656285555,0.2724562862034457,0.0642558785123866,0.04726352942295572,0.007134324615653441,0.0002833405707286997,0.004492420051765233,0.023328843649685942,0.024981106815992384,0.004520493,0.000663502,466.61517898741477,0.02174727,1.00825964,0.0017549565696601437,8.336534354346755,0.0112734745858663,0.002260842,76.98224791256531,134.63853759010988,535.0081811046703,168.77891069099672,7.644769741796778,68.30272878841339,20.023861919304238,4.0987045959670025
2035,0.0009558330801005593,0.00015875131895566835,7.26E-05,3.17E-05,0.00025547,0.0001706,7.40E-05,0.0025280888714537095,13.514924967226515,0.0144593,0.012160878843103578,5.55E-05,0.000167251,0.000803172,0.0187988,0.00059145,0.98960055,0,0.10811574,0.00069225,0.0006388,0.0001473,0,0.042879464,0.007614297,0.0817995,0.1831423382212706,0.27151098260389284,0.06561072389784682,0.046220861741023425,0.00713582524759623,0.00028963139504627737,0.004280736927368237,0.023846946287322653,0.023803961146034846,0.004504802,0.000648865,470.8341240988947,0.02097307,0.99214635,0.0017557705563837668,8.411205753129108,0.011278706697844327,0.002224709,77.00999665999146,134.74259836218093,536.4491675676643,169.15488616768587,7.672730298142115,68.67765229957966,20.096532488907783,4.155304738221606
2036,0.0009205492514172067,0.0001528889098389637,6.99E-05,3.06E-05,0.000246039,0.0001643,7.13E-05,0.0024870497208902146,13.652097457884253,0.01359212,0.011963376768285029,4.84E-05,0.000148812,0.000773423,0.01799928,0.0005073,0.98615512,0,0.103068294,0.00063842,0.0006149,0.0001409,0,0.04065688,0.006811466,0.069497354,0.18626502987968566,0.27056567900434,0.06696556928330705,0.04517819259111783,0.007137324474452931,0.00029592221936385505,0.00406905380297124,0.024365048924959363,0.02262681547607731,0.004489112,0.000634227,475.0530693057937,0.02019887,0.97603306,0.0017565845431073896,8.485877151911462,0.011283938809822355,0.002188576,77.03774539947484,134.84665904873003,537.8901540306581,169.53086164437502,7.700690853610489,69.05257580083882,20.169203067466672,4.211904879645978
2037,0.0008852654227338543,0.000147026500722259,6.72E-05,2.94E-05,0.000236608,0.000158,6.85E-05,0.0024460128408191435,13.789269939638881,0.01272494,0.011765873420310926,4.13E-05,0.000130373,0.000743673,0.01719976,0.00042315,0.98270969,0,0.098020848,0.00058459,0.000591,0.0001345,0,0.038434296,0.006008635,0.057195208,0.18938772153810074,0.2696203754047871,0.06832041466876726,0.04413552490918554,0.007138825106395722,0.0003022130436814327,0.0038573706785742443,0.024883151562596073,0.02144966980611977,0.004473421,0.00061959,479.2720144172736,0.01942467,0.95991977,0.001757398529831013,8.560548550693815,0.011289170921800382,0.002152443,77.06549413895821,134.95071982080108,539.3311404936521,169.90683712106417,7.7286514090788625,69.4274993120051,20.241873637070217,4.26850502190058
2038,0.0008499815940505017,0.00014116409160555438,6.45E-05,2.82E-05,0.000227177,0.0001517,6.58E-05,0.002404973690255648,13.926442421393508,0.01185776,0.011568370072336824,3.43E-05,0.000111934,0.000713923,0.01640024,0.000339,0.97926426,0,0.092973402,0.00053076,0.0005671,0.0001281,0,0.036211712,0.005205804,0.044893062,0.19251041319651582,0.26867507180523426,0.06967526005422749,0.043092857227253256,0.007140324333252424,0.0003085038679990104,0.0036456875541772487,0.02540125420023278,0.020272524136162234,0.00445773,0.000604952,483.4909596241726,0.01865047,0.94380648,0.0017582125165546358,8.635219948525892,0.011294403033778407,0.002116311,77.0932428784416,135.05478059287213,540.772126956646,170.2828125977533,7.756611964547235,69.80242281326427,20.31454420667376,4.3251051633249515
2039,0.0008146977653671493,0.00013530168248884972,6.19E-05,2.70E-05,0.000217746,0.0001454,6.30E-05,0.002363936810184577,14.063614903148139,0.01099058,0.011370867997518273,2.72E-05,9.35E-05,0.000684173,0.01560072,0.00025485,0.97581883,0,0.087925956,0.00047693,0.0005432,0.0001217,0,0.033989128,0.004402972,0.032590916,0.19563310485493088,0.26772976820568134,0.07103010543968771,0.04205018807734766,0.007141824965195214,0.0003147946923165881,0.0034340044297802522,0.02591935683786949,0.0190953784662047,0.00444204,0.000590315,487.7099047356526,0.01787627,0.92769319,0.0017590265032782588,8.709891347308245,0.011299635145756435,0.002080178,77.12099161792497,135.15884127942124,542.21311341964,170.65878807444244,7.784572520015609,70.17734632443054,20.38721478523265,4.381705304749324
2040,0.0007794139366837968,0.00012943927337214506,5.92E-05,2.59E-05,0.000208315,0.0001391,6.03E-05,0.002322897659621082,14.200787393805875,0.0101234,0.011173364649544172,2.01E-05,7.51E-05,0.000654424,0.0148012,0.0001707,0.9723734,0,0.08287851,0.0004231,0.0005193,0.0001153,0,0.031766544,0.003600141,0.02028877,0.19875579651334596,0.2667844646061285,0.07238495082514793,0.04100752039541537,0.007143324192051915,0.0003210855166341657,0.003222321305383256,0.0264374594755062,0.01791823279624716,0.004426349,0.000575677,491.92884994255155,0.01710207,0.9115799,0.0017598404900018819,8.7845627460906,0.011304867257734462,0.002044045,77.14874035740837,135.2629020514923,543.6540998826339,171.0347635511316,7.812533075483982,70.5522698256897,20.459885354836192,4.438305447003926
2041,0.0007568339545925827,0.0001256896629014773,5.75E-05,2.51E-05,0.000202276,0.00013507,5.86E-05,0.002296637144245293,14.307748248039855,0.00965632,0.011046967039274517,1.85E-05,6.97E-05,0.000633957,0.01428209,0.00015651,0.97683209,0,0.079648379,0.00039941,0.00050294,0.00011118,0,0.030406132,0.003341203,0.018448224,0.2011272619528905,0.2680077717419235,0.07340951355816716,0.04068561439916292,0.0071643063426152925,0.0003267449541887338,0.0030623694466805997,0.026903329523619103,0.017028768084596715,0.004446645,0.000571158,496.07276304193834,0.01660661,0.90126773,0.001755936456903684,8.851584181840648,0.01127977129631132,0.002020923,77.16517669694024,135.17388655344118,543.0975177080643,171.4961866717874,7.807212012797109,70.80714376982067,20.467497211449864,4.477502047994452
2042,0.0007342539725013686,0.00012194005243080953,5.58E-05,2.44E-05,0.000196236,0.00013104,5.68E-05,0.0022703743583770805,14.414709111176945,0.00918924,0.010920569429004864,1.70E-05,6.44E-05,0.000613491,0.01376298,0.00014232,0.98129078,0,0.076418248,0.00037572,0.00048658,0.00010706,0,0.02904572,0.003082264,0.016607679,0.203498727392435,0.2692310788777185,0.0744340762911864,0.040363708402910474,0.007185288493178671,0.0003324043917433018,0.0029024175879779437,0.02736919872927089,0.016139303372946275,0.004466942,0.000566639,500.2166761413251,0.01611115,0.89095556,0.001752031230276566,8.918605618540976,0.01125467533488818,0.001997802,77.18161304441487,135.08487105539007,542.5409354503935,171.95760970282305,7.801890949233272,71.06201771395162,20.47510906806353,4.516698648154747
2043,0.0007116739904101546,0.00011819044196014176,5.40E-05,2.36E-05,0.000190197,0.00012701,5.51E-05,0.002244113843001292,14.521669965410922,0.00872216,0.010794171818735213,1.54E-05,5.91E-05,0.000593025,0.01324387,0.00012813,0.98574947,0,0.073188117,0.00035203,0.00047022,0.00010294,0,0.027685309,0.002823325,0.014767133,0.20587019283197952,0.2704543860135135,0.07545863902420562,0.040041802406658014,0.007206270643742051,0.00033806382929786984,0.002742465729275288,0.027835068777383794,0.015249838661295832,0.004487238,0.00056212,504.3605893361309,0.01561569,0.88064339,0.0017481271971783684,8.9856270552413,0.011229579373465037,0.00197468,77.19804938394672,134.99585564286087,541.984353275824,172.4190328234789,7.796569886546398,71.3168916580826,20.482720924677203,4.555895249145272
2044,0.0006890940083189406,0.00011444083148947399,5.23E-05,2.29E-05,0.000184158,0.00012298,5.33E-05,0.002217851057133079,14.628630819644899,0.00825508,0.010667774208465559,1.38E-05,5.37E-05,0.000572559,0.01272476,0.00011394,0.99020816,0,0.069957986,0.00032834,0.00045386,9.88E-05,0,0.026324897,0.002564386,0.012926587,0.20824165827152408,0.27167769314930856,0.07648320175722484,0.03971989641040557,0.007227252794305429,0.0003437232668524379,0.0025825138705726316,0.028300938825496696,0.01436037394964539,0.004507534,0.000557601,508.5045024355176,0.01512023,0.87033122,0.0017442231640801705,9.052648491941628,0.011204483412041895,0.001951559,77.2144857234786,134.90684014480976,541.4277711012545,172.8804559441347,7.791248822982561,71.57176559230643,20.49033278129087,4.595091850135798
2045,0.0006665140262277267,0.00011069122101880623,5.06E-05,2.21E-05,0.000178118,0.00011895,5.16E-05,0.00219159054175729,14.735591682781987,0.007788,0.010541376598195908,1.23E-05,4.84E-05,0.000552093,0.01220565,9.98E-05,0.99466685,0,0.066727855,0.00030465,0.0004375,9.47E-05,0,0.024964485,0.002305448,0.011086041,0.2106131237110686,0.2729010002851036,0.07750776449024407,0.03939799188212643,0.0072482349448688066,0.00034938270440700595,0.002422562011869975,0.0287668088736096,0.013470909237994946,0.004527831,0.000553082,512.6484155349044,0.01462477,0.86001905,0.0017403179374530524,9.119669927691678,0.011179387450618753,0.001928437,77.23092206301047,134.81782464675865,540.8711888435837,173.34187906479053,7.785927760295686,71.82663953643738,20.497944637904542,4.634288451126324
2046,0.0006439340441365126,0.00010694161054813846,4.89E-05,2.14E-05,0.000172079,0.00011492,4.99E-05,0.002165327755889077,14.842552537015969,0.00732092,0.010414978987926253,1.07E-05,4.31E-05,0.000531627,0.01168654,8.56E-05,0.99912554,0,0.063497724,0.00028096,0.00042114,9.06E-05,0,0.023604073,0.002046509,0.009245496,0.21298458915061316,0.2741243074208986,0.07853232722326331,0.039076085885873975,0.007269217095432185,0.00035504214196157397,0.0022626101531673195,0.029232678079261387,0.012581444526344503,0.004548127,0.000548563,516.7923286342912,0.01412931,0.84970688,0.0017364139043548545,9.186691364392004,0.011154291489195611,0.001905316,77.2473584104851,134.7288092342295,540.3146066690141,173.8033021854463,7.780606696731849,72.08151348056835,20.50555649451821,4.673485052116849
2047,0.0006213540620452985,0.0001031920000774707,4.72E-05,2.06E-05,0.000166039,0.00011089,4.81E-05,0.0021390672405132882,14.949513391249946,0.00685384,0.010288581377656602,9.11E-06,3.77E-05,0.000511161,0.01116743,7.14E-05,1.00358423,0,0.060267593,0.00025727,0.00040478,8.65E-05,0,0.022243661,0.00178757,0.00740495,0.2153560545901577,0.27534761455669365,0.07955688995628253,0.03875417988962152,0.007290199245995563,0.00036070157951614205,0.002102658294464663,0.02969854812737429,0.01169197981469406,0.004568423,0.000544044,520.936241829097,0.01363385,0.83939471,0.0017325098712566568,9.253712801092332,0.01112919552777247,0.001882194,77.26379475001697,134.63979373617838,539.7580244113434,174.26472530610215,7.775285634044976,72.33638742469931,20.513168351131878,4.712681652277143
2048,0.0005987740799540845,9.944238960680293e-05,4.55E-05,1.99E-05,0.00016,0.00010686,4.64E-05,0.0021128044546450757,15.056474254387034,0.00638676,0.010162183767386947,7.54E-06,3.24E-05,0.000490695,0.01064832,5.72E-05,1.00804292,0,0.057037462,0.00023358,0.00038842,8.23E-05,0,0.02088325,0.001528631,0.005564404,0.21772752002970225,0.27657092169248865,0.08058145268930177,0.03843227389336907,0.007311179991472852,0.00036636101707071,0.001942706435762007,0.030164418175487193,0.010802515103043617,0.004588719,0.000539525,525.0801549284837,0.01313839,0.82908254,0.0017286046446295389,9.32073423684238,0.01110409956634933,0.001859073,77.28023108954883,134.55077823812726,539.2014422367738,174.72614842675796,7.769964570481139,72.59126136883027,20.520780216700896,4.7518782532676695
2049,0.0005761940978628705,9.569277913613516e-05,4.38E-05,1.91E-05,0.000153961,0.00010283,4.46E-05,0.0020865439392692866,15.163435108621012,0.00591968,0.010035784883961741,5.97E-06,2.71E-05,0.000470229,0.01012921,4.30E-05,1.01250161,0,0.053807331,0.00020989,0.00037206,7.82E-05,0,0.019522838,0.001269693,0.003723859,0.22009898546924678,0.2777942288282837,0.08160601542232099,0.038110367897116616,0.00733216214203623,0.0003720204546252781,0.001782754577059351,0.03063028738113898,0.009913050391393174,0.004609016,0.000535006,529.2240680278703,0.01264293,0.81877037,0.001724700611531341,9.387755673542706,0.011079003604926186,0.001835951,77.29666743702346,134.46176274007615,538.6448600622043,175.1875715474138,7.764643507794263,72.84613531296122,20.528392073314564,4.791074854258195
2050,0.0005536141157716566,9.194316866546739e-05,4.20E-05,1.84E-05,0.000147921,9.88E-05,4.29E-05,0.0020602811534010737,15.270395971758104,0.0054526,0.009909387273692088,4.40E-06,2.17E-05,0.000449762,0.0096101,2.88E-05,1.0169603,0,0.0505772,0.0001862,0.0003557,7.41E-05,0,0.018162426,0.001010754,0.001883313,0.22247045090879133,0.2790175359640787,0.08263057815534022,0.03778846190086417,0.007353144292599608,0.0003776798921798462,0.0016228027183566947,0.031096157429251883,0.009023585679742731,0.004629312,0.000530488,533.367981127257,0.01214747,0.8084582,0.0017207965784331433,9.454777110243034,0.011053907643503044,0.00181283,77.31310377655532,134.37274732754696,538.0882778045335,175.64899457844945,7.759322444230426,73.1010092570922,20.536003929928235,4.83027145524872
2051,0.0005391669310719954,8.954380652491056e-05,4.09E-05,1.79E-05,0.000144059,9.62E-05,4.18E-05,0.002043440911092391,15.359349608777558,0.00520103,0.009828492242931067,4.06E-06,2.02E-05,0.000435696,0.00927305,2.64E-05,1.01823154,0,0.048510496,0.00017577,0.00034449,7.15E-05,0,0.017384609,0.000938056,0.001712466,0.2238766470907035,0.27936631690291475,0.08320348195102253,0.03747268322522661,0.007300664327184609,0.00038174012384562336,0.0015460663203208634,0.03143031373580819,0.008596820172893338,0.0046351,0.000526055,537.5038490642748,0.01183047,0.80185833,0.0017209063830938079,9.515433387782563,0.011054569771817882,0.001798033,77.00373677830059,133.82830190993818,535.9096529017168,175.30522447203975,7.727392678644805,73.28523644588418,20.461057206725688,4.859218277276271
2052,0.0005247197463723343,8.714444438435373e-05,3.98E-05,1.74E-05,0.000140197,9.36E-05,4.07E-05,0.002026600668783708,15.448303245797012,0.00494946,0.009747597212170044,3.72E-06,1.86E-05,0.00042163,0.008936,2.40E-05,1.01950278,0,0.046443792,0.00016534,0.00033328,6.88E-05,0,0.016606793,0.000865358,0.001541619,0.22528284327261575,0.27971509784175075,0.08377638574670485,0.03715690308161573,0.007248184361769611,0.00038580035551140065,0.0014693299222850323,0.031764469199903354,0.008170054666043945,0.004640889,0.000521622,541.6397170012924,0.01151347,0.79525846,0.0017210161877544727,9.576089666272372,0.011055231900132719,0.001783237,76.69436978004586,133.28385640680747,533.7310279157987,174.9614542760099,7.695462913936146,73.4694636445833,20.38611049247849,4.88816510013405
2053,0.0005102725616726732,8.474508224379689e-05,3.87E-05,1.69E-05,0.000136335,9.11E-05,3.95E-05,0.0020097581559826013,15.537256882816466,0.00469789,0.00966670090825347,3.38E-06,1.71E-05,0.000407564,0.00859895,2.16E-05,1.02077402,0,0.044377088,0.00015491,0.00032207,6.62E-05,0,0.015828976,0.000792661,0.001370772,0.22668903945452795,0.2800638787805868,0.08434928954238716,0.03684112440597818,0.007195704396354612,0.0003898605871771778,0.001392593524249201,0.03209862550645965,0.007743289159194553,0.004646677,0.000517188,545.7755849383102,0.01119647,0.78865859,0.0017211259924151373,9.636745944762179,0.011055894028447555,0.001768441,76.38500278973389,132.7394109891987,531.552403012982,174.61768407998008,7.663533148350526,73.65369083337528,20.31116377823129,4.9171119221616
2054,0.000495825376973012,8.234572010324006e-05,3.76E-05,1.65E-05,0.000132473,8.85E-05,3.84E-05,0.0019929179136739185,15.62621051983592,0.00444632,0.009585805877492448,3.04E-06,1.55E-05,0.000393498,0.0082619,1.92E-05,1.02204526,0,0.042310384,0.00014448,0.00031086,6.35E-05,0,0.01505116,0.000719963,0.001199926,0.22809523563644019,0.28041265971942286,0.08492219333806948,0.036525345730340615,0.007143223025853526,0.0003939208188429551,0.0013158571262133698,0.032432780970554825,0.00731652365234516,0.004652466,0.000512755,549.9114529707468,0.01087947,0.78205872,0.0017212357970758018,9.697402223251986,0.011056556156762393,0.001753645,76.07563579147916,132.1949655715899,529.373778027064,174.2739139735704,7.631603382764903,73.8379180320744,20.236217055028742,4.946058745019381
2055,0.00048137819227335086,7.994635796268321e-05,3.65E-05,1.60E-05,0.000128611,8.59E-05,3.73E-05,0.0019760776713652357,15.715164165758482,0.00419475,0.009504909573575871,2.70E-06,1.40E-05,0.000379432,0.00792485,1.69E-05,1.0233165,0,0.04024368,0.00013405,0.00029965,6.09E-05,0,0.014273343,0.000647265,0.001029079,0.2295014318183524,0.2807614406582589,0.08549509713375178,0.03620956705470306,0.007090743060438527,0.00039798105050873234,0.0012391207281775385,0.03276693727711112,0.006889758145495767,0.004658254,0.000508322,554.0473209077645,0.01056247,0.77545885,0.0017213467952653869,9.758058501741795,0.01105721828507723,0.001738849,75.76626879322441,131.65052015398115,527.1951531242472,173.93014377754054,7.599673617179282,74.02214522086638,20.161270340781545,4.975005567046931
2056,0.00046693100757368974,7.754699582212638e-05,3.54E-05,1.55E-05,0.000124748,8.33E-05,3.62E-05,0.0019592351585641286,15.804117802777936,0.00394318,0.009424014542814848,2.36E-06,1.25E-05,0.000365366,0.0075878,1.45E-05,1.02458774,0,0.038176976,0.00012362,0.00028844,5.82E-05,0,0.013495526,0.000574567,0.000858232,0.23090762800026463,0.2811102215970949,0.0860680009294341,0.03589378691109219,0.007038263095023528,0.00040204128217450957,0.0011623843301417074,0.033101093583667425,0.006462992638646375,0.004664043,0.000503889,558.1831888447822,0.01024547,0.76885898,0.0017214565999260514,9.8187147802316,0.011057880413392068,0.001724053,75.45690179496968,131.10607473637236,525.0165281383291,173.5863735815107,7.56774385159366,74.2063724195655,20.086323626534345,5.003952389904711
2057,0.0004524838228740287,7.514763368156956e-05,3.43E-05,1.50E-05,0.000120886,8.07E-05,3.51E-05,0.0019423949162554457,15.89307143979739,0.00369161,0.009343118238898274,2.02E-06,1.09E-05,0.0003513,0.00725075,1.21E-05,1.02585898,0,0.036110272,0.00011319,0.00027723,5.55E-05,0,0.01271771,0.00050187,0.000687385,0.23231382418217683,0.281459002535931,0.08664090472511642,0.03557800823545463,0.00698578172452244,0.0004061015138402868,0.0010856479321058761,0.0334352490477626,0.006036227131796982,0.004669831,0.000499456,562.3190567817999,0.00992847,0.76225911,0.0017215664045867165,9.879371058721409,0.011058542541706904,0.001709256,75.14753479671495,130.56162931876358,522.8379032355125,173.24260338548086,7.535814086008038,74.39059960835748,20.0113769033318,5.0328992127624925
2058,0.0004380366381743675,7.27482715410127e-05,3.32E-05,1.45E-05,0.000117024,7.82E-05,3.39E-05,0.001925554673946763,15.982025076816845,0.00344004,0.009262223208137252,1.68E-06,9.37E-06,0.000337234,0.0069137,9.68E-06,1.02713022,0,0.034043568,0.00010276,0.00026602,5.29E-05,0,0.011939893,0.000429172,0.000516538,0.23372002036408907,0.28180778347476704,0.08721380852079873,0.035262229559817074,0.006933301759107441,0.00041016174550606403,0.001009316475484482,0.033769405354318896,0.00560946162494759,0.00467562,0.000495023,566.4549247188176,0.00961147,0.75565924,0.001721676209247381,9.940027337211216,0.01105920467002174,0.00169446,74.83816780640296,130.01718381563288,520.6592782495944,172.8988332790712,7.503884320422418,74.5748268070566,19.936430189084604,5.061846034790041
2059,0.00042358945347470634,7.034890940045587e-05,3.21E-05,1.40E-05,0.000113162,7.56E-05,3.28E-05,0.0019087121611456562,16.070978722739408,0.00318847,0.009181328177376229,1.34E-06,7.82E-06,0.000323168,0.00657665,7.29E-06,1.02840146,0,0.031976864,9.23E-05,0.00025481,5.03E-05,0,0.011162077,0.000356474,0.000345691,0.23512621654600127,0.28215656441360304,0.08778671231648104,0.0349464494162062,0.006880821793692442,0.00041422197717184126,0.0009323776067414322,0.03410356081841407,0.005182696118098197,0.004681408,0.00049059,570.5907926558351,0.00929447,0.74905937,0.0017217860139080456,10.000683615701025,0.011059866798336579,0.001679664,74.52880080814823,129.4727383980241,518.4806532636765,172.55506308304135,7.471954555713759,74.75905399584857,19.861483474837403,5.0907928576478225
2060,0.0004091422687750453,6.794954725989904e-05,3.10E-05,1.36E-05,0.0001093,7.30E-05,3.17E-05,0.0018918719188369734,16.159932359758862,0.0029369,0.009100431873459654,1.00E-06,6.27E-06,0.000309102,0.0062396,4.90E-06,1.0296727,0,0.02991016,8.19E-05,0.0002436,4.76E-05,0,0.01038426,0.000283776,0.000174844,0.2365324127279135,0.2825053453524391,0.08835961611216336,0.03463067074056864,0.006828341828277444,0.00041828220883761855,0.0008554387379983824,0.03443771712497037,0.0047559306112488035,0.004687197,0.000486157,574.7266605928529,0.00897747,0.7424595,0.0017218958185687104,10.061339884688055,0.011060528926651417,0.001664868,74.2194338098935,128.92829298041534,516.3020283608596,172.2112928870115,7.440024790128138,74.9432811945477,19.786536751634856,5.119739679675372
2061,0.00039989173307531994,6.641473261128374e-05,3.03E-05,1.32E-05,0.000106827,7.14E-05,3.10E-05,0.0018810961617927492,16.244256673225884,0.00280139,0.009048666641779703,9.20E-07,5.83E-06,0.000299431,0.00602076,4.49E-06,1.03446451,0,0.028586847,7.73E-05,0.00023592,4.59E-05,0,0.009939558,0.000263362,0.000158985,0.23803730758511502,0.283820048440182,0.08907899866389171,0.03447583772319074,0.0067890738873550086,0.0004225820909535892,0.0008139322430185793,0.034791731925079165,0.004527434567215028,0.004709011,0.000483984,579.002472122618,0.00877449,0.73823617,0.0017233149244549094,10.12098640766517,0.011069642928161528,0.001655396,73.89952073734845,128.4104946559648,514.3718071672911,171.7828631668807,7.406898191954453,75.02699874464015,19.698648433064864,5.150227721233701
2062,0.00039064119737559466,6.487991796266843e-05,2.96E-05,1.29E-05,0.000104354,6.97E-05,3.03E-05,0.0018703204047485252,16.32858098669291,0.00266588,0.008996900136944198,8.40E-07,5.38E-06,0.000289761,0.00580192,4.08E-06,1.03925632,0,0.027263534,7.27E-05,0.00022824,4.42E-05,0,0.009494857,0.000242947,0.000143126,0.23954220244231653,0.28513475152792483,0.08979838121562009,0.034321004705812834,0.006749805946432573,0.0004268819730695599,0.0007734381015748688,0.035145746725187964,0.004298938523181252,0.004730825,0.00048181,583.2782836523828,0.00857151,0.73401284,0.0017247340303411084,10.180632921139509,0.01107875692967164,0.001645924,73.57960767274618,127.89269624599234,512.4415859737225,171.35443344674994,7.37377159378077,75.11071630463975,19.610760114494866,5.1807157627920315
2063,0.0003813906616758694,6.334510331405312e-05,2.89E-05,1.26E-05,0.000101882,6.81E-05,2.95E-05,0.0018595446477043015,16.41290529125682,0.00253037,0.008945133632108694,7.60E-07,4.93E-06,0.00028009,0.00558308,3.67E-06,1.04404813,0,0.025940221,6.82E-05,0.00022056,4.25E-05,0,0.009050155,0.000222533,0.000127267,0.24104709729951798,0.2864494546156677,0.09051776376734846,0.03416617168843493,0.006710539410596226,0.0004311818551855305,0.0007319316065950656,0.03549976152529676,0.0040704424791474765,0.004752639,0.000479637,587.5540951821479,0.00836853,0.72978951,0.0017261519426983874,10.240279434613848,0.011087870931181751,0.001636452,73.25969460020114,127.37489792154183,510.51136478015377,170.92600363699898,7.340644995607085,75.19443386463932,19.52287179592487,5.211203804350361
2064,0.0003721401259761441,6.181028866543782e-05,2.82E-05,1.23E-05,9.94E-05,6.64E-05,2.88E-05,0.0018487688906600776,16.49722960472384,0.00239486,0.008893368400428743,6.80E-07,4.48E-06,0.00027042,0.00536424,3.26E-06,1.04883994,0,0.024616908,6.36E-05,0.00021288,4.08E-05,0,0.008605453,0.000202118,0.000111408,0.2425519921567195,0.2877641577034106,0.09123714631907681,0.034011338671057025,0.006671271469673791,0.0004354817373015012,0.0006914374651513553,0.03585377632540556,0.0038419464351137004,0.004774453,0.000477463,591.8299068073319,0.00816555,0.72556618,0.0017275710485845865,10.299925948088188,0.011096984932691862,0.00162698,72.93978152765611,126.85709951156937,508.58114358658514,170.49757391686822,7.307518398310366,75.2781514147318,19.434983477354876,5.24169184507846
2065,0.0003628895902764188,6.0275474016822526e-05,2.75E-05,1.20E-05,9.69E-05,6.48E-05,2.81E-05,0.0018379931336158536,16.581553918190863,0.00225935,0.008841601895593238,6.00E-07,4.03E-06,0.00026075,0.0051454,2.85E-06,1.05363175,0,0.023293595,5.90E-05,0.0002052,3.91E-05,0,0.008160752,0.000181704,9.55E-05,0.244056887013921,0.28907886079115347,0.09195652887080519,0.03385650565367913,0.006632003528751355,0.0004397816194174719,0.0006499309701715521,0.03620779112551436,0.0036134503910799248,0.004796267,0.00047529,596.105718337097,0.00796257,0.72134285,0.0017289901544707855,10.3595724710653,0.011106098934201974,0.001617508,72.61986846305383,126.33930118711883,506.6509224761177,170.06914419673745,7.274391800136683,75.36186897473138,19.34709515878488,5.272179886636789
2066,0.0003536390545766936,5.874065936820722e-05,2.68E-05,1.17E-05,9.45E-05,6.31E-05,2.74E-05,0.0018272173765716297,16.665878231657885,0.00212384,0.008789835390757733,5.20E-07,3.58E-06,0.000251079,0.00492656,2.44E-06,1.05842356,0,0.021970282,5.44E-05,0.00019752,3.74E-05,0,0.00771605,0.000161289,7.97E-05,0.2455617818711225,0.29039356387889637,0.09267591142253356,0.0337016711683279,0.006592735587828919,0.0004440815015334425,0.0006084244751917489,0.03656180592562316,0.0033849543470461487,0.004818081,0.000473116,600.381529866862,0.00775959,0.71711952,0.0017304092603569845,10.41921898453964,0.011115212935712085,0.001608036,72.29995539050879,125.82150277714639,504.7207012825492,169.64071447660663,7.241265201962998,75.44558653473096,19.259206840214887,5.3026679281951195
2067,0.0003443885188769683,5.7205844719591915e-05,2.61E-05,1.14E-05,9.20E-05,6.15E-05,2.67E-05,0.001816441619527406,16.750202545124907,0.00198833,0.008738070159077783,4.40E-07,3.14E-06,0.000241409,0.00470772,2.03E-06,1.06321537,0,0.020646969,4.98E-05,0.00018984,3.57E-05,0,0.007271348,0.000140874,6.38E-05,0.247066676728324,0.2917082669666392,0.09339529397426193,0.03354683815095,0.006553469051992573,0.0004483813836494132,0.0005679303337480386,0.036915820725731956,0.003156458303012373,0.004839895,0.000470943,604.657341396627,0.00755661,0.71289619,0.0017318271727142633,10.47886549801398,0.011124326937222196,0.001598564,71.98004231796375,125.30370445269585,502.79048008898053,169.21228475647587,7.208138604666279,75.52930408482342,19.171318521644892,5.333155969753449
2068,0.000335137983177243,5.567103007097661e-05,2.54E-05,1.11E-05,8.95E-05,5.98E-05,2.59E-05,0.0018056658624831818,16.83452685859193,0.00185282,0.008686303654242278,3.60E-07,2.69E-06,0.000231738,0.00448888,1.62E-06,1.06800718,0,0.019323656,4.53E-05,0.00018216,3.40E-05,0,0.006826647,0.00012046,4.80E-05,0.24857157158552548,0.29302297005438205,0.09411467652599029,0.03339200513357209,0.0065142011110701364,0.0004526812657653838,0.0005264238387682354,0.03726983552584076,0.002927962258978597,0.004861709,0.000468769,608.9331530218111,0.00735363,0.70867286,0.0017332462786004623,10.538512011488317,0.011133440938732309,0.001589092,71.6601292454187,124.78590604272338,500.8602588954119,168.78385494672494,7.1750120064925955,75.61302164482301,19.083430203074897,5.363644011311779
2069,0.0003258874474775177,5.41362154223613e-05,2.47E-05,1.08E-05,8.70E-05,5.82E-05,2.52E-05,0.0017948901054389579,16.91885116315584,0.00171731,0.008634538422562328,2.80E-07,2.24E-06,0.000222068,0.00427004,1.21E-06,1.07279899,0,0.018000343,4.07E-05,0.00017448,3.23E-05,0,0.006381945,0.000100045,3.21E-05,0.25007646644272696,0.29433767314212494,0.09483405907771866,0.03323717211619419,0.006474933170147701,0.00045698114788135454,0.00048592969732452496,0.03762385032594956,0.0026994662149448212,0.004883523,0.000466596,613.2089645515761,0.00715065,0.70444953,0.0017346653844866615,10.598158534465433,0.01114255494024242,0.00157962,71.34021618081643,124.26810771827287,498.9300377018433,168.35542522659415,7.1418854083189105,75.69673920482259,18.995541884504902,5.394132052039877
2070,0.0003166369117777924,5.2601400773746004e-05,2.40E-05,1.05E-05,8.46E-05,5.65E-05,2.45E-05,0.001784114348394734,17.00317547662286,0.0015818,0.008582771917726823,2.00E-07,1.79E-06,0.000212398,0.0040512,8.00E-07,1.0775908,0,0.01667703,3.61E-05,0.0001668,3.06E-05,0,0.005937243,7.96E-05,1.63E-05,0.2515813612999285,0.29565237622986784,0.09555344162944703,0.033082339098816284,0.006435665229225265,0.0004612810299973252,0.0004444232023447218,0.03797786512605835,0.002470970170911045,0.004905337,0.000464422,617.484776081341,0.00694767,0.7002262,0.0017360844903728605,10.657805047939771,0.011151668941752532,0.001570149,71.02030310827138,123.75030930830042,496.9998165082746,167.92699550646336,7.108758810145227,75.78045675491506,18.907653565934904,5.4246200935982065
2071,0.0003107229083412683,5.161542807226212e-05,2.35E-05,1.03E-05,8.30E-05,5.55E-05,2.40E-05,0.0017772756252136968,17.084820639429616,0.00150882,0.008549631678649887,1.80E-07,1.66E-06,0.000205751,0.00390912,7.30E-07,1.08733157,0,0.015831014,3.41E-05,0.00016155,2.95E-05,0,0.005682984,7.39E-05,1.48E-05,0.25329806267807187,0.2983248926562571,0.09631354321891722,0.03309196753578636,0.006419891732792902,0.00046601873505114924,0.0004231637780867738,0.03836805352179575,0.002351754843589075,0.004949677,0.000464557,621.8981983033297,0.00681791,0.69752247,0.0017389322503766208,10.71566521050937,0.011169987825129691,0.001564086,70.66669039595308,123.21980276753783,495.2995897619447,167.39139358331457,7.069926572675902,75.80551690265281,18.817703825068545,5.453763932799845
2072,0.0003048089049047442,5.062945537077824e-05,2.31E-05,1.01E-05,8.14E-05,5.44E-05,2.36E-05,0.0017704369020326595,17.166465793333256,0.00143584,0.008516491439572952,1.60E-07,1.52E-06,0.000199105,0.00376704,6.60E-07,1.09707234,0,0.014984998,3.21E-05,0.0001563,2.84E-05,0,0.005428725,6.82E-05,1.33E-05,0.2550147640562153,0.3009974090826465,0.09707364480838744,0.033101594504783116,0.00640411683127445,0.00047075644010497337,0.00040190435382882585,0.03875824107507203,0.002232539516267105,0.004994017,0.000464692,626.3116204298991,0.00668815,0.69481874,0.0017417812039093013,10.77352536357619,0.011188306708506854,0.001558024,70.31307769157753,122.68929614125331,493.5993630156146,166.85579174978596,7.0310943352065784,75.83057704048348,18.72775409315753,5.482907771171252
2073,0.00029889490146822013,4.9643482669294356e-05,2.27E-05,9.91E-06,7.98E-05,5.33E-05,2.31E-05,0.0017635959083591986,17.248110956140007,0.00136286,0.00848335247365157,1.40E-07,1.39E-06,0.000192459,0.00362496,5.90E-07,1.10681311,0,0.014138982,3.00E-05,0.00015105,2.73E-05,0,0.005174466,6.25E-05,1.18E-05,0.2567314654343587,0.3036699255090358,0.09783374639785763,0.0331112229417532,0.0063883419297559975,0.0004754941451587974,0.00037963257603478506,0.039148429470809425,0.0021137469383328018,0.005038357,0.000464827,630.7250426518877,0.00655839,0.69211501,0.0017446301574419818,10.831385526145786,0.011206625591884015,0.001551962,69.95946497925921,122.15878960049075,491.89913626928467,166.32018982663718,6.992262096860291,75.85563717831411,18.637804352291166,5.512051610372891
2074,0.000292980898031696,4.865750996781048e-05,2.22E-05,9.71E-06,7.83E-05,5.23E-05,2.27E-05,0.0017567571851781613,17.329756118946758,0.00128988,0.008450212234574634,1.20E-07,1.25E-06,0.000185813,0.00348288,5.20E-07,1.11655388,0,0.013292966,2.80E-05,0.0001458,2.62E-05,0,0.004920207,5.67E-05,1.03E-05,0.2584481668125021,0.3063424419354251,0.09859384798732783,0.033120849910749955,0.006372568433323633,0.00048023185021262146,0.00035837315177683713,0.039538617024085704,0.001993263362847832,0.005082697,0.000464962,635.1384647784572,0.00642863,0.68941128,0.001747477917445742,10.889245679212609,0.011224944475261176,0.0015459,69.60585227488366,121.62828297420623,490.1989095229546,165.78458799310854,6.953429859390966,75.88069732605187,18.547854620380154,5.541195448744299
2075,0.0002870668945951719,4.7695822308235064e-05,2.18E-05,9.52E-06,7.67E-05,5.13E-05,2.22E-05,0.0017499161915047001,17.4114012728504,0.0012169,0.0084170719954977,1.00E-07,1.12E-06,0.000179166,0.0033408,4.50E-07,1.12629465,0,0.01244695,2.60E-05,0.00014055,2.51E-05,0,0.004665947,5.10E-05,8.87E-06,0.2601648681906455,0.3090149583618145,0.09935394957679804,0.03313047834772003,0.006356793531805182,0.0004849695552664455,0.0003371137275188892,0.039928805419823105,0.0018748935343011952,0.005127037,0.000465098,639.5518870004458,0.00629887,0.68670755,0.0017503268709784226,10.947105841782205,0.01124326335863834,0.001539838,69.25223956256535,121.09777643344364,488.49868277662466,165.24898606995976,6.914597621921642,75.90575746388251,18.45790487951379,5.570339287945937
2076,0.0002811528911586478,4.667585054807933e-05,2.13E-05,9.33E-06,7.51E-05,5.02E-05,2.17E-05,0.001743077468323663,17.493046435657153,0.00114392,0.008383931756420765,8.00E-08,9.86E-07,0.00017252,0.00319872,3.80E-07,1.13603542,0,0.011600934,2.40E-05,0.0001353,2.41E-05,0,0.004411688,4.53E-05,7.39E-06,0.26188156956878894,0.3116874747882038,0.10011405116626823,0.03314010531671679,0.006341018630286729,0.0004897072603202696,0.0003158543032609412,0.04031899297309937,0.0017565237057545584,0.005171377,0.000465233,643.9653091270152,0.00616911,0.68400382,0.0017531758245111035,11.004965994849025,0.0112615822420155,0.001533776,68.8986268581898,120.56726980715914,486.79845603029463,164.71338423643112,6.875765383575354,75.93081760171316,18.36795514760277,5.599483126317345
2077,0.0002752388877221237,4.5704448871740526e-05,2.09E-05,9.14E-06,7.35E-05,4.92E-05,2.13E-05,0.0017362387451426257,17.574691589560793,0.00107094,0.008350792790499384,6.00E-08,8.51E-07,0.000165874,0.00305664,3.10E-07,1.14577619,0,0.010754918,2.20E-05,0.00013005,2.30E-05,0,0.004157429,3.96E-05,5.91E-06,0.26359827094693233,0.3143599912145931,0.10087415275573845,0.03314973375368687,0.006325245133854367,0.0004944449653740936,0.00029459487900299324,0.04070918136883677,0.0016360401302695886,0.005215717,0.000465368,648.3787313490039,0.00603935,0.68130009,0.0017560235845148636,11.062826157418623,0.01127990112539266,0.001527714,68.54501414587149,120.03676318087462,485.09822928396466,164.17778231328234,6.83693314610603,75.95587774945093,18.27800540673641,5.628626965518984
2078,0.0002693248842855996,4.473304719540173e-05,2.05E-05,8.95E-06,7.20E-05,4.81E-05,2.08E-05,0.0017293977514691646,17.656336752367544,0.00099796,0.008317652551422448,4.00E-08,7.17E-07,0.000159228,0.00291456,2.40E-07,1.15551696,0,0.009908902,1.99E-05,0.0001248,2.19E-05,0,0.00390317,3.38E-05,4.43E-06,0.2653149723250758,0.31703250764098245,0.10163425434520865,0.03315936072268363,0.006309470232335915,0.0004991826704279178,0.0002723231012089525,0.04109936892211305,0.0015176703017229516,0.005260057,0.000465503,652.7921534755733,0.00590959,0.67859636,0.001758872538047544,11.12068631998822,0.011298220008769821,0.001521652,68.19140144149594,119.50625664011203,483.3980025376346,163.64218047975373,6.798100908636705,75.98093788728157,18.188055674825396,5.65777080389039
2079,0.0002634108808490755,4.371307543524599e-05,2.00E-05,8.76E-06,7.04E-05,4.71E-05,2.04E-05,0.0017225590282881273,17.737981915174295,0.00092498,0.008284512312345513,2.00E-08,5.83E-07,0.000152582,0.00277248,1.70E-07,1.16525773,0,0.009062886,1.79E-05,0.00011955,2.08E-05,0,0.003648911,2.81E-05,2.96E-06,0.2670316737032192,0.3197050240673718,0.10239435593467885,0.0331689891596537,0.006293695330817462,0.0005039203754817417,0.0002510636769510046,0.041489557317850444,0.0013971867262379818,0.005304396,0.000465638,657.2055756975619,0.00577983,0.67589263,0.0017617214915802248,11.178546473055041,0.011316538892146984,0.00151559,67.83778872917762,118.97575001382751,481.69777579130465,163.10657855660494,6.7592686702904174,76.0059980251122,18.098105933959033,5.686914643092029
2080,0.00025749687741255143,4.274167375890718e-05,1.96E-05,8.57E-06,6.88E-05,4.60E-05,1.99E-05,0.0017157180346146664,17.81962706907794,0.000852,0.008251372073268579,0,4.48E-07,0.000145935,0.0026304,1.00E-07,1.1749985,0,0.00821687,1.59E-05,0.0001143,1.97E-05,0,0.003394652,2.24E-05,1.48E-06,0.26874837508136257,0.3223775404937611,0.10315445752414905,0.03317861612865046,0.006277921834385098,0.0005086580805355658,0.00022980425269305657,0.04187974487112672,0.001278816897691345,0.005348736,0.000465773,661.6189978241315,0.00565007,0.6731889,0.0017645692515839849,11.236406635624638,0.011334857775524145,0.001509528,67.48417602480207,118.44524347306492,479.9975490449746,162.5709767230763,6.720436432821092,76.03105817284998,18.008156202048017,5.7160584814634365
2081,0.00024697011812215166,4.099315074149735e-05,1.88E-05,8.22E-06,6.60E-05,4.41E-05,1.91E-05,0.0017034596460175813,17.926290176594215,0.00081269,0.008192464438929325,0,4.26E-07,0.000141364,0.00253814,9.00E-08,1.1863959,0,0.006710994,1.50E-05,0.0001107,1.90E-05,0,0.003249271,2.08E-05,1.35E-06,0.2701691705573752,0.3255045807692331,0.10369046911400184,0.033238965979584555,0.006267741985672068,0.0005130685705516258,0.00021866836379603622,0.04224272093018334,0.001215404489541361,0.005400623,0.00046662,665.6209436834108,0.00541908,0.66838286,0.001771311496454581,11.299639506398083,0.011378194722875644,0.00149875,67.18338959279153,118.1745335616329,479.43954401016117,162.0202526491807,6.693124811135891,76.2571715199771,17.935938835673788,5.73197401271148
2082,0.00023644335883175196,3.9244627724087505e-05,1.80E-05,7.87E-06,6.32E-05,4.22E-05,1.83E-05,0.0016911989869280723,18.032953293013595,0.00077338,0.00813355553143452,0,4.03E-07,0.000136792,0.00244588,8.00E-08,1.1977933,0,0.005205118,1.41E-05,0.0001071,1.83E-05,0,0.00310389,1.92E-05,1.21E-06,0.27158996603338786,0.3286316210447051,0.10422648070385467,0.03329931436254534,0.0062575635420451265,0.0005174790605676857,0.00020753247489901586,0.042605697831701074,0.0011541058283297098,0.00545251,0.000467468,669.622889447271,0.00518809,0.66357682,0.001778053741325177,11.362872377171525,0.011421531670227143,0.001487972,66.88260316872373,117.9038236502009,478.8815388922464,161.46952866490523,6.66581318945069,76.48328486710422,17.86372146034421,5.7478895439595235
2083,0.0002259165995413522,3.749610470667767e-05,1.72E-05,7.52E-06,6.04E-05,4.04E-05,1.75E-05,0.0016789405983309875,18.13961640052987,0.00073407,0.008074647897095267,0,3.81E-07,0.000132221,0.00235362,7.00E-08,1.2091907,0,0.003699242,1.32E-05,0.0001035,1.76E-05,0,0.002958509,1.76E-05,1.08E-06,0.27301076150940046,0.3317586613201771,0.10476249229370746,0.03335966421347944,0.006247383693332098,0.0005218895505837457,0.0001963965860019955,0.042968673890757696,0.0010906934201797256,0.005504397,0.000468315,673.6248353065502,0.0049571,0.65877078,0.0017847959861957727,11.42610524794497,0.011464868617578642,0.001477194,66.58181674465594,117.63311373876887,478.32353377433157,160.9188046806298,6.638501567765488,76.70939821423134,17.79150409396998,5.763805075207567
2084,0.00021538984025095244,3.574758168926783e-05,1.64E-05,7.17E-06,5.76E-05,3.85E-05,1.67E-05,0.0016666799392414788,18.246279508046147,0.00069476,0.008015738989600462,0,3.58E-07,0.00012765,0.00226136,6.00E-08,1.2205881,0,0.002193366,1.23E-05,9.99E-05,1.69E-05,0,0.002813129,1.60E-05,9.52E-07,0.2744315569854131,0.3348857015956491,0.10529850388356025,0.03342001259644022,0.006237205249705157,0.0005263000405998056,0.00018526069710497514,0.04333165079227543,0.0010293947589680745,0.005556284,0.000469162,677.6267811658295,0.00472611,0.65396474,0.0017915370375374484,11.48933812822119,0.011508205564930141,0.001466416,66.28103032058816,117.36240382733685,477.7655286564168,160.36808060673417,6.6111899460802865,76.93551156135848,17.71928672759575,5.7797206064556095
2085,0.00020486308096055272,3.404762875567493e-05,1.56E-05,6.82E-06,5.48E-05,3.66E-05,1.59E-05,0.0016544192801519698,18.352942615562423,0.00065545,0.00795683135526121,0,3.36E-07,0.000123078,0.0021691,5.00E-08,1.2319855,0,0.00068749,1.14E-05,9.63E-05,1.62E-05,0,0.002667748,1.43E-05,8.21E-07,0.27585235246142575,0.3380127418711211,0.10583451547341306,0.03348036244737432,0.006227025400992126,0.0005307105306158656,0.00017412480820795477,0.04369462685133205,0.0009659823508180904,0.005608171,0.000470009,681.6287269296896,0.00449512,0.6491587,0.0017982792824080445,11.552570998994634,0.011551542512281639,0.001455638,65.98024389652038,117.09169391590483,477.20752353850196,159.8173566224587,6.583878324395085,77.16162490848559,17.647069352266172,5.795636137703653
2086,0.000194336321670153,3.229910573826509e-05,1.48E-05,6.47E-06,5.19E-05,3.47E-05,1.50E-05,0.001642160891554885,18.4596057230787,0.00061614,0.007897922447766404,0,3.14E-07,0.000118507,0.00207684,4.00E-08,1.2433829,0,-0.000818386,1.06E-05,9.27E-05,1.54E-05,0,0.002522367,1.27E-05,6.90E-07,0.2772731479374384,0.34113978214659313,0.10637052706326586,0.03354071229830842,0.006216845552279097,0.0005351210206319256,0.00016197656577484164,0.04405760291038867,0.0009025699426681064,0.005660058,0.000470857,685.6306727889689,0.00426413,0.64435266,0.0018050215272786404,11.615803869768078,0.01159487945963314,0.00144486,65.67945746450982,116.8209840044728,476.6495184205873,159.26663263818327,6.556566702709884,77.38773825561272,17.574851985891943,5.811551668951697
2087,0.00018380956237975325,3.055058272085525e-05,1.40E-05,6.12E-06,4.91E-05,3.28E-05,1.42E-05,0.001629900232465376,18.56626883059497,0.00057683,0.007839013540271599,0,2.91E-07,0.000113935,0.00198458,3.00E-08,1.2547803,0,-0.002324262,9.67E-06,8.91E-05,1.47E-05,0,0.002376986,1.11E-05,5.58E-07,0.27869394341345105,0.34426682242206513,0.10690653865311865,0.0336010606812692,0.006206667108652156,0.0005395315106479855,0.00015084067687782128,0.0444205798119064,0.000841271281456455,0.005711945,0.000471704,689.6326185528292,0.00403314,0.63954662,0.0018117637721492361,11.679036740541521,0.011638216406984637,0.001434082,65.37867104044204,116.55027409304078,476.09151330267247,158.71590856428762,6.529255081024682,77.61385160273984,17.50263461951771,5.827467200199741
2088,0.00017328280308935353,2.880205970344541e-05,1.31E-05,5.77E-06,4.63E-05,3.10E-05,1.34E-05,0.001617641843868291,18.67293194701436,0.00053752,0.007780105905932346,0,2.69E-07,0.000109364,0.00189232,2.00E-08,1.2661777,0,-0.003830138,8.78E-06,8.55E-05,1.40E-05,0,0.002231606,9.52E-06,4.27E-07,0.2801147388894637,0.3473938626975371,0.10744255024297145,0.0336614105322033,0.0061964872599391254,0.0005439420006640454,0.00013970478798080093,0.04478355587096302,0.0007778588733064711,0.005763832,0.000472551,693.6345644121084,0.00380215,0.63474058,0.0018185048234909118,11.742269611314967,0.011681553354336136,0.001423304,65.07788461637426,116.27956418160876,475.53350826785896,158.1651845800122,6.501943459339481,77.83996494986695,17.430417244188135,5.843382731447784
2089,0.00016275604379895376,2.7053536686035572e-05,1.23E-05,5.42E-06,4.35E-05,2.91E-05,1.26E-05,0.001605381184778782,18.779595054530635,0.00049821,0.0077211969984375415,0,2.46E-07,0.000104792,0.00180006,1.00E-08,1.2775751,0,-0.005336014,7.89E-06,8.19E-05,1.33E-05,0,0.002086225,7.91E-06,2.96E-07,0.2815355343654763,0.35052090297300914,0.10797856183282427,0.03372175891516408,0.006186308816312184,0.0005483524906801054,0.00012856889908378056,0.045146532772480756,0.0007165602120948198,0.005815718,0.000473399,697.6365101759685,0.00357116,0.62993454,0.0018252470683615078,11.805502482088409,0.011724890301687637,0.001412525,64.77709819230647,116.00885427017673,474.97550314994413,157.61446059573674,6.47463183765428,78.0660783069012,17.358199877813902,5.859298262695828
2090,0.00015222928450855404,2.5305013668625733e-05,1.15E-05,5.07E-06,4.07E-05,2.72E-05,1.18E-05,0.0015931205256892733,18.88625816204691,0.0004589,0.007662289364098289,0,2.24E-07,0.000100221,0.0017078,0,1.2889725,0,-0.00684189,7.00E-06,7.83E-05,1.26E-05,0,0.001940844,6.30E-06,1.64E-07,0.28295632984148894,0.3536479432484811,0.10851457342267706,0.03378210876609818,0.006176128967599154,0.0005527629806961653,0.00011743301018676021,0.04550950883153738,0.0006531478039448357,0.005867605,0.000474246,701.6384560352478,0.00334017,0.6251285,0.001831989313232104,11.868735362364632,0.011768227249039134,0.001401747,64.47631176823869,115.73814444426662,474.41749803202947,157.06373652184112,6.447320215969078,78.29219165402833,17.285982511439673,5.87521379394387
2091,0.00015222928450855404,2.5305013668625733e-05,1.15E-05,5.07E-06,4.07E-05,2.72E-05,1.18E-05,0.0015931205256892733,19.005859251642335,0.00043762,0.007662289364098289,0,2.02E-07,9.71E-05,0.00164769,1.20E-06,1.30204784,0,-0.00684189,7.10E-06,7.58E-05,1.22E-05,0,0.001866795,7.76E-06,1.05E-06,0.2846889353463515,0.357235348832846,0.10917866405150252,0.03390807262027232,0.006176820269954822,0.0005575283377250116,0.00010528476775364708,0.04590198703660261,0.000587621648856519,0.005927123,0.000476014,705.6850828221422,0.00334017,0.6251285,0.001841228420603901,11.930860009856794,0.011827546156303662,0.001401747,64.04193392611066,115.42876126073469,474.0856740925754,156.40434116817121,6.417117131234286,78.52545770643377,17.196274358960633,5.890805535041327
2092,0.00015222928450855404,2.5305013668625733e-05,1.15E-05,5.07E-06,4.07E-05,2.72E-05,1.18E-05,0.0015931205256892733,19.125460332334644,0.00041634,0.007662289364098289,0,1.79E-07,9.39E-05,0.00158758,2.40E-06,1.31512318,0,-0.00684189,7.20E-06,7.34E-05,1.17E-05,0,0.001792746,9.22E-06,1.94E-06,0.286421540851214,0.3608227544172109,0.10984275468032798,0.03403403794241977,0.00617751157231049,0.000562293694753858,9.394640814940815e-05,0.04629446524166784,0.0005220954937682021,0.005986641,0.000477783,709.7317095136176,0.00334017,0.6251285,0.001850466334446778,11.992984647846178,0.011886865063568192,0.001401747,63.607556083982644,115.11937816272466,473.75385007002,155.74494572488115,6.386914046499493,78.7587237588392,17.10656621543694,5.906397276138785
2093,0.00015222928450855404,2.5305013668625733e-05,1.15E-05,5.07E-06,4.07E-05,2.72E-05,1.18E-05,0.0015931205256892733,19.245061421930064,0.00039506,0.007662289364098289,0,1.57E-07,9.07E-05,0.00152747,3.60E-06,1.32819852,0,-0.00684189,7.30E-06,7.09E-05,1.12E-05,0,0.001718697,1.07E-05,2.82E-06,0.2881541463560766,0.36441016000157583,0.11050684530915345,0.03416000179659391,0.006178202874666157,0.0005670590517827045,8.220310713073214e-05,0.04668694344673307,0.0004565693386798852,0.006046158,0.000479551,713.778336300512,0.00334017,0.6251285,0.0018597054418185753,12.05510929533834,0.01194618397083272,0.001401747,63.173178241854615,114.80999506471464,473.42202613056605,155.08555028159105,6.356710962641664,78.99198981124462,17.016858071913244,5.921989017236242
2094,0.00015222928450855404,2.5305013668625733e-05,1.15E-05,5.07E-06,4.07E-05,2.72E-05,1.18E-05,0.0015931205256892733,19.364662511525488,0.00037378,0.007662289364098289,0,1.34E-07,8.76E-05,0.00146736,4.80E-06,1.34127386,0,-0.00684189,7.40E-06,6.84E-05,1.08E-05,0,0.001644647,1.21E-05,3.71E-06,0.28988675186093915,0.3679975655859407,0.1111709359379789,0.03428596711874137,0.006178892771935736,0.0005718244088115509,7.045980611205612e-05,0.0470794216517983,0.0003910431835915683,0.006105676,0.000481319,717.8249630874064,0.00334017,0.6251285,0.0018689433556614524,12.117233942830504,0.012005502878097252,0.001401747,62.738800399726586,114.50061196670461,473.090202191112,154.42615492792117,6.326507877906872,79.22525586365006,16.9271499194342,5.9375807583336995
2095,0.00015222928450855404,2.5305013668625733e-05,1.15E-05,5.07E-06,4.07E-05,2.72E-05,1.18E-05,0.0015931205256892733,19.48426360112091,0.0003525,0.007662289364098289,0,1.12E-07,8.44E-05,0.00140725,6.00E-06,1.3543492,0,-0.00684189,7.50E-06,6.60E-05,1.04E-05,0,0.001570598,1.36E-05,4.60E-06,0.2916193573658017,0.37158497117030564,0.11183502656680436,0.03441193097291551,0.006179584074291404,0.0005765897658403972,5.8716505093380103e-05,0.04747190069932465,0.0003276307754415843,0.006165193,0.000483087,721.8715897788818,0.00334017,0.6251285,0.00187818246303325,12.179358590322666,0.01206482178536178,0.001401747,62.30442256554133,114.1912288686946,472.7583781685567,153.76675948463108,6.296304793172078,79.45852191605549,16.83744177591051,5.953172499431156
2096,0.00015222928450855404,2.5305013668625733e-05,1.15E-05,5.07E-06,4.07E-05,2.72E-05,1.18E-05,0.0015931205256892733,19.60386468181322,0.00033122,0.007662289364098289,0,8.96E-08,8.12E-05,0.00134714,7.20E-06,1.36742454,0,-0.00684189,7.60E-06,6.35E-05,9.90E-06,0,0.001496549,1.51E-05,5.48E-06,0.29335196287066423,0.3751723767546705,0.11249911719562981,0.03453789482708965,0.00618027537664707,0.0005813551228692436,4.6973204074704075e-05,0.04786437890438988,0.00026210462035326744,0.006224711,0.000484856,725.9182165657762,0.00334017,0.6251285,0.0018874203768761268,12.241483237814828,0.012124140692626309,0.001401747,61.870044723413294,113.88184577068458,472.42655422910263,153.10736404134101,6.2661017084372865,79.69178796846091,16.747733632386815,5.968764240528614
2097,0.00015222928450855404,2.5305013668625733e-05,1.15E-05,5.07E-06,4.07E-05,2.72E-05,1.18E-05,0.0015931205256892733,19.72346577140864,0.00030994,0.007662289364098289,0,6.72E-08,7.81E-05,0.00128703,8.40E-06,1.38049988,0,-0.00684189,7.70E-06,6.10E-05,9.45E-06,0,0.0014225,1.65E-05,6.37E-06,0.2950845683755268,0.37875978233903546,0.11316320782445528,0.034663860149237107,0.006180966679002738,0.0005861204798980899,3.522990305602806e-05,0.04825685710945511,0.00019594434118345072,0.006284229,0.000486624,729.9648433526706,0.00334017,0.6251285,0.001896659484247924,12.30360788530699,0.012183459599890839,0.001401747,61.43566688128527,113.57246258715263,472.0947302896486,152.4479686876711,6.235898623702495,79.92505402086636,16.65802548886312,5.984355981626071
2098,0.00015222928450855404,2.5305013668625733e-05,1.15E-05,5.07E-06,4.07E-05,2.72E-05,1.18E-05,0.0015931205256892733,19.843066861004065,0.00028866,0.007662289364098289,0,4.48E-08,7.49E-05,0.00122692,9.60E-06,1.39357522,0,-0.00684189,7.80E-06,5.85E-05,9.00E-06,0,0.001348451,1.80E-05,7.26E-06,0.29681717388038936,0.38234718792340033,0.11382729845328074,0.03478982400341124,0.006181656576272317,0.0005908858369269364,2.3486602037352037e-05,0.04864933531452035,0.00013062956078896716,0.006343746,0.000488392,734.0114701395651,0.00334017,0.6251285,0.0019058973980908011,12.365732532799152,0.012242778507155367,0.001401747,61.00128903915725,113.26307948914261,471.7629062670933,151.78857324438104,6.205695538967701,80.15832007327178,16.568317336384077,5.999947722723529
2099,0.00015222928450855404,2.5305013668625733e-05,1.15E-05,5.07E-06,4.07E-05,2.72E-05,1.18E-05,0.0015931205256892733,19.962667941696377,0.00026738,0.007662289364098289,0,2.24E-08,7.17E-05,0.00116681,1.08E-05,1.40665056,0,-0.00684189,7.90E-06,5.61E-05,8.55E-06,0,0.001274402,1.95E-05,8.14E-06,0.2985497793852519,0.38593459350776527,0.1144913890821062,0.034915789325558694,0.006182347878627984,0.0005956511939557827,1.1743301018676019e-05,0.04904181351958558,6.531478039448358e-05,0.006403264,0.000490161,738.0580968310404,0.00334017,0.6251285,0.0019151365054625987,12.427857180291314,0.012302097414419897,0.001401747,60.56691120497199,112.95369639113258,471.4310823276392,151.12917780109095,6.175492455109873,80.39158613558433,16.478609192860382,6.015539463820986
2100,0.00015222928450855404,2.5305013668625733e-05,1.15E-05,5.07E-06,4.07E-05,2.72E-05,1.18E-05,0.0015931205256892733,20.0822690312918,0.0002461,0.007662289364098289,0,0,6.86E-05,0.0011067,1.20E-05,1.4197259,0,-0.00684189,8.00E-06,5.36E-05,8.10E-06,0,0.001200353,2.09E-05,9.03E-06,0.30028238489011444,0.38952199909213014,0.11515547971093168,0.035041753179732835,0.006183039180983652,0.0006004165509846291,0.0,0.04943429172465081,0.0,0.006462782,0.000491929,742.1047236179348,0.00334017,0.6251285,0.0019243756128343957,12.489981827783478,0.012361416321684426,0.001401747,60.132533362843965,112.64431329312256,471.0992583881852,150.46978244742104,6.145289370375081,80.62485218798976,16.38890104933669,6.031131204918443
2101,0.00015121414456747506,2.515930341717491e-05,1.15E-05,5.04E-06,4.04E-05,2.70E-05,1.17E-05,0.0015825014326223043,19.939790019803016,0.000244459,0.007611206543795413,0,0,6.81E-05,0.001099322,1.19E-05,1.408616675,0,-0.008802443,7.95E-06,5.32E-05,8.05E-06,0,0.00119235,2.08E-05,8.97E-06,0.2982805026397384,0.3869251857648493,0.11438777625515967,0.034808141374430085,0.006141818170397847,0.0005964139276001483,0.0,0.04910473020105036,0.0,0.006419696,0.000488649,739.709478572395,0.002617317,0.592456011,0.0019115463704704313,12.47501376717751,0.012279007312303468,0.001392402,59.73156142919209,111.93799530683748,467.86906156676343,149.4236227812741,6.101792171425694,80.47747257293196,16.273397101350973,5.990923663829063
2102,0.00015019983875946193,2.4965023081907153e-05,1.14E-05,5.01E-06,4.02E-05,2.68E-05,1.16E-05,0.001571880069062911,19.79731099941112,0.000242819,0.00756012499664809,0,0,6.77E-05,0.001091944,1.18E-05,1.397507449,0,-0.010762995,7.89E-06,5.29E-05,7.99E-06,0,0.001184348,2.07E-05,8.91E-06,0.2962786196004672,0.3843283724375684,0.11362007357248502,0.034574529569127335,0.00610059856489813,0.0005924108433494172,0.0,0.048775167834988795,0.0,0.006376611,0.00048537,737.3142335268553,0.001894465,0.559783521,0.0018987171281064667,12.460045716074317,0.012196597004631696,0.001383057,59.33058950348299,111.23167732055244,464.6388647453417,148.37746311512717,6.058294973353271,80.33009296778128,16.15789315336526,5.950716121909453
2103,0.00014918469881838298,2.4819312830456334e-05,1.13E-05,4.97E-06,3.99E-05,2.67E-05,1.16E-05,0.001561258705503518,19.654831979019225,0.000241178,0.007509043449500768,0,0,6.72E-05,0.001084566,1.18E-05,1.386398224,0,-0.012723548,7.84E-06,5.25E-05,7.94E-06,0,0.001176345,2.05E-05,8.85E-06,0.2942767373500912,0.38173155911028755,0.11285237011671304,0.034340917763824585,0.006059378959398414,0.0005884082199649366,0.0,0.048445606311388355,0.0,0.006333526,0.00048209,734.9189885767346,0.001171612,0.527111032,0.0018858878857425023,12.44507765546835,0.012114187995250736,0.001373712,58.929617569831116,110.52535933426735,461.4086678408187,147.33130344898024,6.014797775280847,80.18271336263061,16.04238920537955,5.910508580820075
2104,0.000148169558877304,2.4625032495188573e-05,1.12E-05,4.94E-06,3.96E-05,2.65E-05,1.15E-05,0.001550637341944125,19.51235296753044,0.000239537,0.007457960629197892,0,0,6.67E-05,0.001077188,1.17E-05,1.375288999,0,-0.014684101,7.79E-06,5.22E-05,7.88E-06,0,0.001168343,2.04E-05,8.79E-06,0.29227485431081995,0.37913474578300665,0.11208466666094104,0.03410730595852183,0.006018157948812609,0.0005844055965804558,0.0,0.048116043945326786,0.0,0.006290441,0.000478811,732.5237435311949,0.000448759,0.494438543,0.0018730586433785377,12.430109594862381,0.01203177898586978,0.001364367,58.528645644122015,109.81904134798228,458.17847101939697,146.2851437828333,5.971300576331461,80.03533375747992,15.926885257393836,5.870301039730695
2105,0.00014715525306929083,2.447932224373775e-05,1.11E-05,4.90E-06,3.93E-05,2.63E-05,1.14E-05,0.0015400182488771558,19.369873947138547,0.000237897,0.007406879082050569,0,0,6.63E-05,0.00106981,1.16E-05,1.364179773,0,-0.016644653,7.73E-06,5.18E-05,7.83E-06,0,0.001160341,2.02E-05,8.73E-06,0.29027297206044395,0.3765379324557258,0.11131696397826639,0.033873694153219086,0.005976938343312892,0.0005804025123297247,0.0,0.04778648242172634,0.0,0.006247356,0.000475531,730.1284984856551,-0.000274093,0.461766053,0.0018602294010145732,12.415141543759189,0.011949368678198007,0.001355022,58.12767371047014,109.1127233616972,454.9482741979752,145.23898411668637,5.927803378259037,79.88795414242215,15.811381309408125,5.8300934978110845
2106,0.00014614011312821188,2.4285041908469993e-05,1.11E-05,4.87E-06,3.91E-05,2.61E-05,1.13E-05,0.0015293968853177628,19.227394926746655,0.000236256,0.007355797534903247,0,0,6.58E-05,0.001062432,1.15E-05,1.353070548,0,-0.018605206,7.68E-06,5.15E-05,7.78E-06,0,0.001152338,2.01E-05,8.67E-06,0.28827108981006794,0.37394111912844497,0.1105492605224944,0.033640082347916336,0.005935717332727087,0.0005763998889452439,0.0,0.04745692005566478,0.0,0.00620427,0.000472252,727.7332535355343,-0.000996946,0.429093564,0.0018474001586506086,12.400173483153221,0.01186695966881705,0.001345678,57.72670178476103,108.40640537541213,451.71807737655337,144.19282445053943,5.884306179309651,79.74057453727146,15.69587736142241,5.7898859567217045
2107,0.00014512497318713293,2.4139331657019174e-05,1.10E-05,4.84E-06,3.88E-05,2.59E-05,1.12E-05,0.0015187755217583698,19.08491590635476,0.000234615,0.007304715987755925,0,0,6.54E-05,0.001055054,1.14E-05,1.341961323,0,-0.020565759,7.63E-06,5.11E-05,7.72E-06,0,0.001144336,2.00E-05,8.61E-06,0.2862692067707967,0.37134430580116407,0.10978155706672241,0.0334064720105869,0.0058944977272273715,0.0005723972655607633,0.0,0.04712735853206433,0.0,0.006161185,0.000468972,725.3380084899946,-0.001719799,0.396421075,0.0018345709162866442,12.385205432050029,0.01178455065943609,0.001336333,57.325729851109166,107.70008738912706,448.48788055513165,143.1466647843925,5.840808981237228,79.59319493212078,15.580373413436698,5.749678415632326
2108,0.00014411066737911974,2.3945051321751413e-05,1.09E-05,4.80E-06,3.85E-05,2.57E-05,1.12E-05,0.0015081541581989768,18.942436894865978,0.000232975,0.007253633167453048,0,0,6.49E-05,0.001047676,1.14E-05,1.330852097,0,-0.022526311,7.57E-06,5.07E-05,7.67E-06,0,0.001136334,1.98E-05,8.55E-06,0.28426732452042075,0.3687474924738832,0.10901385438404776,0.03317286020528415,0.0058532767166415665,0.0005683941813100322,0.0,0.04679779616600276,0.0,0.0061181,0.000465693,722.942763444455,-0.002442651,0.363748585,0.0018217416739226796,12.370237371444063,0.011702140351764319,0.001326988,56.92475792540006,106.99376940284199,445.2576837337099,142.10050511824556,5.797311782287841,79.4458153269701,15.464869465450986,5.709470873712716
2109,0.0001430955274380408,2.3799341070300594e-05,1.08E-05,4.77E-06,3.83E-05,2.56E-05,1.11E-05,0.0014975350651320076,18.79995787447408,0.000231334,0.007202551620305725,0,0,6.45E-05,0.001040298,1.13E-05,1.319742872,0,-0.024486864,7.52E-06,5.04E-05,7.61E-06,0,0.001128331,1.97E-05,8.49E-06,0.2822654414811495,0.3661506791466023,0.10824615092827578,0.03293924839998139,0.00581205711114185,0.0005643915579255514,0.0,0.04646823464240232,0.0,0.006075015,0.000462413,720.5475184943342,-0.003165504,0.331076096,0.0018089124315587152,12.35526932034087,0.01161973134238336,0.001317643,56.52378599174819,106.28745141655692,442.02748691228817,141.0543454520986,5.7538145842154185,79.2984357119123,15.349365517465273,5.669263332623336
2110,0.00014208038749696184,2.3605060735032833e-05,1.08E-05,4.74E-06,3.80E-05,2.54E-05,1.10E-05,0.0014869137015726145,18.657478854082186,0.000229693,0.007151470073158403,0,0,6.40E-05,0.00103292,1.12E-05,1.308633647,0,-0.026447417,7.47E-06,5.00E-05,7.56E-06,0,0.001120329,1.95E-05,8.43E-06,0.2802635592307735,0.3635538658193215,0.10747844747250376,0.03270563659467864,0.005770836100556045,0.0005603889345410706,0.0,0.046138672276340754,0.0,0.006031929,0.000459134,718.1522734487945,-0.003888357,0.298403607,0.0017960831891947505,12.3403012597349,0.0115373223330024,0.001308298,56.12281406603908,105.58113343027185,438.79729009086634,140.00818578595167,5.710317386142996,79.15105610676163,15.233861569479561,5.629055791533958
2111,0.00014106608168894868,2.3459350483582014e-05,1.07E-05,4.70E-06,3.77E-05,2.52E-05,1.09E-05,0.0014762923380132215,18.5149998425934,0.000228053,0.007100387252855527,0,0,6.35E-05,0.001025542,1.11E-05,1.297524421,0,-0.028407969,7.41E-06,4.97E-05,7.51E-06,0,0.001112327,1.94E-05,8.37E-06,0.27826167698039744,0.3609570524920406,0.10671074478982912,0.03247202478937589,0.005729616495056329,0.0005563858502903395,0.0,0.04580911075274031,0.0,0.005988844,0.000455854,715.7570284032547,-0.004611209,0.265731117,0.0017832539468307861,12.325333199128934,0.01145491202533063,0.001298953,55.72184214032998,104.87481544398678,435.5670932694447,138.96202611980473,5.666820187193609,79.00367650161095,15.11835762149385,5.5888482496143475
2112,0.0001400509417478697,2.3265070148314253e-05,1.06E-05,4.67E-06,3.74E-05,2.50E-05,1.09E-05,0.0014656709744538283,18.372520822201512,0.000226412,0.007049305705708204,0,0,6.31E-05,0.001018164,1.10E-05,1.286415196,0,-0.030368522,7.36E-06,4.93E-05,7.45E-06,0,0.001104324,1.93E-05,8.31E-06,0.27625979394112626,0.35836023916475973,0.10594304133405714,0.03223841298407314,0.005688395484470524,0.0005523832269058588,0.0,0.045479548386678746,0.0,0.005945759,0.000452575,713.3617833577149,-0.005334062,0.233058628,0.0017704247044668215,12.310365148025742,0.011372503015949671,0.001289608,55.32087020667811,104.1684974577017,432.3368963649216,137.9158664536578,5.623322989121186,78.85629688655315,15.002853682463481,5.548640708524967
2113,0.00013903580180679075,2.3119359896863434e-05,1.05E-05,4.63E-06,3.72E-05,2.48E-05,1.08E-05,0.0014550518813868595,18.230041801809616,0.000224771,0.006998224158560882,0,0,6.26E-05,0.001010786,1.10E-05,1.275305971,0,-0.032329075,7.31E-06,4.90E-05,7.40E-06,0,0.001096322,1.91E-05,8.25E-06,0.27425791169075026,0.3557634258374789,0.10517533787828513,0.032004801178770394,0.0056471758789708075,0.0005483806035213781,0.0,0.0451499868630783,0.0,0.005902674,0.000449295,710.9665384075943,-0.006056915,0.200386139,0.001757595462102857,12.295397087419774,0.011290094006568713,0.001280263,54.91989828096901,103.46217947141662,429.1066995434999,136.86970678751086,5.5798257901718,78.70891728140248,14.88734973447777,5.508433167435588
2114,0.0001380214959987776,2.2925079561595673e-05,1.05E-05,4.60E-06,3.69E-05,2.47E-05,1.07E-05,0.0014444305178274663,18.08756279032083,0.000223131,0.006947141338258006,0,0,6.22E-05,0.001003408,1.09E-05,1.264196745,0,-0.034289627,7.25E-06,4.86E-05,7.34E-06,0,0.00108832,1.90E-05,8.19E-06,0.272256028651479,0.353166612510198,0.10440763519561048,0.031771189373467644,0.005605954868385003,0.000544377519270647,0.0,0.04482042449701673,0.0,0.005859589,0.000446016,708.5712933620545,-0.006779767,0.167713649,0.0017447662197388925,12.280429036316583,0.011207683698896942,0.001270918,54.518926347317134,102.75586148513156,425.8765027220781,135.82354712136393,5.536328592099377,78.5615376762518,14.771845786492054,5.468225625515978
2115,0.00013700635605769863,2.2779369310144853e-05,1.04E-05,4.57E-06,3.66E-05,2.45E-05,1.06E-05,0.001433809154268073,17.945083769928935,0.00022149,0.006896059791110683,0,0,6.17E-05,0.00099603,1.08E-05,1.25308752,0,-0.03625018,7.20E-06,4.82E-05,7.29E-06,0,0.001080317,1.88E-05,8.13E-06,0.270254146401103,0.35056979918291714,0.1036399317398385,0.031537577568164894,0.005564735262885287,0.0005403748958861662,0.0,0.04449086297341629,0.0,0.005816503,0.000442736,706.1760483165147,-0.00750262,0.13504116,0.0017319381709038483,12.265460975710614,0.011125274689515982,0.001261573,54.11795442160802,102.04954349884648,422.64630590065633,134.777387455217,5.492831394026954,78.41415807110113,14.656341838506343,5.428018084426599
2116,0.00013599121611661968,2.2585088974877092e-05,1.03E-05,4.53E-06,3.64E-05,2.43E-05,1.05E-05,0.0014231877907086802,17.802604749537043,0.000219849,0.006844978243963361,0,0,6.13E-05,0.000988652,1.07E-05,1.241978295,0,-0.038210733,7.15E-06,4.79E-05,7.24E-06,0,0.001072315,1.87E-05,8.07E-06,0.26825226415072695,0.34797298585563624,0.1028722282840665,0.031303965762862145,0.005523514252299482,0.0005363722725016855,0.0,0.04416130060735472,0.0,0.005773418,0.000439457,703.7808033663939,-0.008225473,0.102368671,0.0017191089285398839,12.250492924607421,0.011042865680135025,0.001252228,53.71698248795616,101.3432255125614,419.4161090792346,133.73122778907006,5.449334195077567,78.26677845604333,14.54083789052063,5.38781054333722
2117,0.00013497691030860652,2.2439378723426273e-05,1.02E-05,4.50E-06,3.61E-05,2.41E-05,1.05E-05,0.001412566427149287,17.660125738048258,0.000218209,0.006793896696816039,0,0,6.08E-05,0.000981274,1.06E-05,1.230869069,0,-0.040171285,7.09E-06,4.75E-05,7.18E-06,0,0.001064313,1.86E-05,8.01E-06,0.26625038111145577,0.3453761725283554,0.10210452560139185,0.031070353957559388,0.005482294646799765,0.0005323691882509544,0.0,0.043831739083754276,0.0,0.005730333,0.000436177,701.3855583208542,-0.008948325,0.069696181,0.0017062796861759193,12.235524864001455,0.010960455372463254,0.001242883,53.316010562247044,100.63690752627633,416.18591225781284,132.68506812292313,5.405836997005143,78.11939885089265,14.425333942534918,5.347603001417609
2118,0.00013396177036752757,2.2245098388158516e-05,1.01E-05,4.46E-06,3.58E-05,2.39E-05,1.04E-05,0.001401947334082318,17.517646717656365,0.000216568,0.006742813876513162,0,0,6.03E-05,0.000973896,1.06E-05,1.219759844,0,-0.042131838,7.04E-06,4.72E-05,7.13E-06,0,0.00105631,1.84E-05,7.95E-06,0.26424849886107976,0.34277935920107455,0.10133682214561987,0.030836742152256638,0.0054410750413000485,0.0005283665648664736,0.0,0.043502176717692714,0.0,0.005687248,0.000432897,698.9903132753145,-0.009671178,0.037023692,0.0016934504438119548,12.220556803395485,0.010878046363082296,0.001233538,52.915038628595184,99.93058953999126,412.9557154363911,131.6389084567762,5.362339798055757,77.97201924574198,14.309829994549204,5.30739546032823
2119,0.0001329466304264486,2.2099388136707693e-05,1.01E-05,4.43E-06,3.55E-05,2.38E-05,1.03E-05,0.001391325970522925,17.37516769726447,0.000214927,0.006691732329365839,0,0,5.99E-05,0.000966518,1.05E-05,1.208650619,0,-0.044092391,6.99E-06,4.68E-05,7.07E-06,0,0.001048308,1.83E-05,7.89E-06,0.2622466158218086,0.34018254587379365,0.10056911868984787,0.030603131814927204,0.005399854030714244,0.0005243639414819929,0.0,0.04317261519409227,0.0,0.005644163,0.000429618,696.5950682297747,-0.010394031,0.004351203,0.0016806212014479902,12.205588752292293,0.010795637353701336,0.001224193,52.51406670288607,99.22427155370619,409.72551861496936,130.59274879062923,5.318842599983333,77.8246396405913,14.194326046563493,5.26718791923885
2120,0.00013193232461843543,2.1953677885256874e-05,9.99E-06,4.40E-06,3.53E-05,2.36E-05,1.02E-05,0.0013807046069635317,17.23268868577569,0.000213287,0.006640650782218518,0,0,5.94E-05,0.00095914,1.04E-05,1.197541393,0,-0.046052943,6.93E-06,4.65E-05,7.02E-06,0,0.001040306,1.81E-05,7.83E-06,0.2602447335714325,0.3375857325465128,0.09980141600717324,0.030369520009624455,0.005358634425214528,0.0005203608572312618,0.0,0.0428430528280307,0.0,0.005601077,0.000426338,694.1998232796541,-0.011116883,-0.028321287,0.0016677919590840258,12.190620691686327,0.010713227046029564,0.001214848,52.11309476923421,98.51795356742112,406.49532171044626,129.5465891244823,5.275345401033947,77.6772600255335,14.07882209857778,5.22698037731924
2121,0.00013091718467735648,2.1759397549989113e-05,9.92E-06,4.36E-06,3.50E-05,2.34E-05,1.01E-05,0.0013700832434041387,17.090209665383792,0.000211646,0.006589567961915641,0,0,5.90E-05,0.000951762,1.03E-05,1.186432168,0,-0.048013496,6.88E-06,4.61E-05,6.97E-06,0,0.001032303,1.80E-05,7.77E-06,0.2582428513210565,0.3349889192192319,0.09903371255140124,0.030135908204321698,0.005317413414628723,0.0005163582338467811,0.0,0.04251349130443026,0.0,0.005557992,0.000423059,691.8045782341143,-0.011839736,-0.060993776,0.0016549627167200612,12.175652640583134,0.010630818036648606,0.001205503,51.712122843525094,97.81163558113604,403.26512488902455,128.50042945833536,5.231848202961524,77.52988042038282,13.963318150592066,5.186772836229861
2122,0.0001299020447362775,2.161368729853829e-05,9.84E-06,4.33E-06,3.47E-05,2.32E-05,1.01E-05,0.0013594641503371697,16.947730644991896,0.000210005,0.006538486414768318,0,0,5.85E-05,0.000944384,1.02E-05,1.175322943,0,-0.049974049,6.83E-06,4.57E-05,6.91E-06,0,0.001024301,1.79E-05,7.71E-06,0.2562409682817853,0.33239210589195106,0.09826600909562923,0.029902296399018948,0.005276193809129006,0.0005123556104623003,0.0,0.04218392893836869,0.0,0.005514907,0.000419779,689.4093331885746,-0.012562589,-0.093666265,0.0016421334743560968,12.160684579977167,0.010548409027267648,0.001196158,51.31115090987323,97.10531759485097,400.0349280676028,127.45426979218841,5.1883510048891015,77.38250081523215,13.847814202606353,5.146565295140482
2123,0.00012888773892826436,2.1419406963270533e-05,9.76E-06,4.30E-06,3.45E-05,2.30E-05,9.99E-06,0.0013488427867777767,16.80525163350311,0.000208365,0.0064874048676209954,0,0,5.81E-05,0.000937006,1.02E-05,1.164213717,0,-0.051934601,6.77E-06,4.54E-05,6.86E-06,0,0.001016298,1.77E-05,7.64E-06,0.25423908603140927,0.3297952925646702,0.09749830641295461,0.0296686845937162,0.005234972798543201,0.0005083525262115692,0.0,0.041854367414768244,0.0,0.005471822,0.0004165,687.0140882384538,-0.013285441,-0.126338755,0.0016293042319921321,12.145716519371197,0.010465998719595877,0.001186813,50.91017898416412,96.3989996085659,396.80473124618106,126.40811012604148,5.144853805939714,77.23512121008147,13.732310254620641,5.1063577532208715
2124,0.0001278725989871854,2.1273696711819714e-05,9.69E-06,4.26E-06,3.42E-05,2.28E-05,9.91E-06,0.0013382214232183834,16.66277261311122,0.000206724,0.00643632204731812,0,0,5.76E-05,0.000929628,1.01E-05,1.153104492,0,-0.053895154,6.72E-06,4.50E-05,6.80E-06,0,0.001008296,1.76E-05,7.58E-06,0.2522372029921381,0.3271984792373893,0.0967306029571826,0.02943507278841345,0.005193753193043485,0.0005043499028270884,0.0,0.04152480504870668,0.0,0.005428737,0.00041322,684.6188431929141,-0.014008294,-0.159011244,0.0016164749896281677,12.130748468268006,0.010383589710214917,0.001177468,50.50920705051225,95.69268162228083,393.5745344247593,125.36195045989454,5.101356607867292,77.08774159502367,13.616806315590274,5.066150212131492
2125,0.00012685745904610643,2.1079416376551953e-05,9.61E-06,4.23E-06,3.39E-05,2.27E-05,9.83E-06,0.0013276000596589906,16.520293592719327,0.000205083,0.0063852405001707975,0,0,5.71E-05,0.00092225,1.00E-05,1.141995267,0,-0.055855707,6.67E-06,4.47E-05,6.75E-06,0,0.001000294,1.74E-05,7.52E-06,0.250235320741762,0.3246016659101085,0.09596289950141061,0.029201460983110696,0.00515253218245768,0.0005003472794426078,0.0,0.041195243525106236,0.0,0.005385651,0.000409941,682.2235981473743,-0.014731147,-0.191683733,0.001603645747264203,12.115780407662038,0.010301180700833959,0.001168123,50.10823512480314,94.98636363599576,390.3443376033375,124.31579079374762,5.057859408917905,76.940361989873,13.501302367604563,5.025942671042113
2126,0.00012584315323809327,2.093370612510113e-05,9.53E-06,4.19E-06,3.36E-05,2.25E-05,9.75E-06,0.0013169809665920214,16.377814581230542,0.000203443,0.006334158953023475,0,0,5.67E-05,0.000914872,9.92E-06,1.130886041,0,-0.057816259,6.61E-06,4.43E-05,6.70E-06,0,0.000992291,1.73E-05,7.46E-06,0.248233438491386,0.32200485258282757,0.09519519681873596,0.028967849177807946,0.005111312576957964,0.0004963441951918767,0.0,0.040865681159044674,0.0,0.005342566,0.000406661,679.8283531018345,-0.015453999,-0.224356223,0.0015908165049002387,12.100812356558846,0.010218770393162187,0.001158778,49.70726319115127,94.28004564971069,387.1141407819158,123.26963112760069,5.014362210845482,76.79298238472232,13.38579841961885,4.985735129122503
2127,0.00012482801329701432,2.0739425789833373e-05,9.46E-06,4.16E-06,3.34E-05,2.23E-05,9.68E-06,0.0013063596030326282,16.235335560838646,0.000201802,0.006283077405876153,0,0,5.62E-05,0.000907494,9.84E-06,1.119776816,0,-0.059776812,6.56E-06,4.40E-05,6.64E-06,0,0.000984289,1.72E-05,7.40E-06,0.2462315554521148,0.3194080392555467,0.09442749336296397,0.028734237372505196,0.005070091566372159,0.0004923415718073959,0.0,0.04053611963544423,0.0,0.005299481,0.000403382,677.4331081517139,-0.016176852,-0.257028712,0.001577987262536274,12.08584429595288,0.010136361383781229,0.001149433,49.30629126544216,93.57372766342561,383.88394396049404,122.22347146145374,4.9708650118960955,76.64560277957165,13.270294471633136,4.945527588033123
2128,0.00012381287335593537,2.0593715538382554e-05,9.38E-06,4.13E-06,3.31E-05,2.21E-05,9.60E-06,0.0012957382394732354,16.092856540446753,0.000200161,0.006231994585573276,0,0,5.58E-05,0.000900116,9.76E-06,1.108667591,0,-0.061737365,6.51E-06,4.36E-05,6.59E-06,0,0.000976287,1.70E-05,7.34E-06,0.24422967320173877,0.3168112259282659,0.09365978990719197,0.028500625567202446,0.005028871960872442,0.0004883389484229151,0.0,0.04020655726938266,0.0,0.005256396,0.000400102,675.0378631061741,-0.016899705,-0.289701201,0.0015651580201723097,12.070876244849687,0.010053952374400271,0.001140088,48.905319331790295,92.86740967714054,380.653747055971,121.17731170568663,4.927367813823673,76.49822316451385,13.154790523647424,4.905320046943744
2129,0.00012279856754792218,2.0399435203114793e-05,9.30E-06,4.09E-06,3.28E-05,2.19E-05,9.52E-06,0.001285116875913842,15.950377528957969,0.000198521,0.006180913038425953,0,0,5.53E-05,0.000892738,9.68E-06,1.097558365,0,-0.063697917,6.45E-06,4.32E-05,6.53E-06,0,0.000968284,1.69E-05,7.28E-06,0.2422277901624676,0.314214412600985,0.09289208722451732,0.028267013761899693,0.004987650950286637,0.0004843358641721841,0.0,0.03987699574578221,0.0,0.00521331,0.000396823,672.6426180606343,-0.017622557,-0.322373691,0.001552328777808345,12.055908184243718,0.0099715420667285,0.001130743,48.50434740608119,92.16109169085547,377.4235502345492,120.13115203953969,4.88387061575125,76.35084355936317,13.039286575661711,4.8651125050241335
2130,0.00012178342760684323,2.0253724951663974e-05,9.23E-06,4.06E-06,3.26E-05,2.18E-05,9.44E-06,0.001274497782846873,15.807898508566074,0.00019688,0.006129831491278632,0,0,5.49E-05,0.00088536,9.60E-06,1.08644914,0,-0.06565847,6.40E-06,4.29E-05,6.48E-06,0,0.000960282,1.67E-05,7.22E-06,0.24022590791209156,0.31161759927370414,0.09212438376874534,0.028033401956596943,0.0049464313447869215,0.0004803332407877033,0.0,0.039547433379720644,0.0,0.005170225,0.000393543,670.2473731105136,-0.01834541,-0.35504618,0.0015394995354443806,12.040940123637752,0.009889133057347541,0.001121398,48.10337547242932,91.4547737045704,374.19335341312745,119.08499237339275,4.840373416801863,76.2034639542125,12.923782627675998,4.824904963934754
2131,0.00012076828766576428,2.0059444616396213e-05,9.15E-06,4.03E-06,3.23E-05,2.16E-05,9.36E-06,0.00126387641928748,15.665419488174178,0.000195239,0.006078748670975755,0,0,5.44E-05,0.000877982,9.52E-06,1.075339915,0,-0.067619023,6.35E-06,4.25E-05,6.43E-06,0,0.00095228,1.66E-05,7.16E-06,0.23822402566171552,0.30902078594642324,0.09135668031297334,0.027799790151294194,0.0049052103342011166,0.0004763306174032226,0.0,0.0392178718561202,0.0,0.00512714,0.000390264,667.8521280649738,-0.019068263,-0.387718669,0.0015266714866093362,12.02597207253456,0.009806724047966581,0.001112053,47.70240354672021,90.74845571828533,370.96315659170574,118.03883270724582,4.796876218729439,76.05608434906182,12.808278679690284,4.784697422845375
2132,0.0001197539818577511,1.9913734364945394e-05,9.07E-06,3.99E-06,3.20E-05,2.14E-05,9.28E-06,0.0012532550557280869,15.522940476685397,0.000193599,0.006027667123828432,0,0,5.39E-05,0.000870604,9.44E-06,1.064230689,0,-0.069579575,6.29E-06,4.22E-05,6.37E-06,0,0.000944277,1.65E-05,7.10E-06,0.23622214262244431,0.3064239726191424,0.09058897763029869,0.02756617981396476,0.0048639907287014,0.0004723275331524915,0.0,0.038888309490058635,0.0,0.005084055,0.000386984,665.4568830194341,-0.019791115,-0.420391159,0.0015138422442453716,12.01100401192859,0.00972431374029481,0.001102708,47.301431613068345,90.04213773200026,367.73295977028397,116.99267304109887,4.753379019780053,75.90870473400402,12.692774731704572,4.744489880925764
2133,0.00011873884191667215,1.9719454029677633e-05,8.99E-06,3.96E-06,3.17E-05,2.12E-05,9.20E-06,0.0012426336921686938,15.380461456293503,0.000191958,0.0059765855766811095,0,0,5.35E-05,0.000863226,9.36E-06,1.053121464,0,-0.071540128,6.24E-06,4.18E-05,6.32E-06,0,0.000936275,1.63E-05,7.04E-06,0.23422026037206828,0.30382715929186155,0.08982127417452669,0.027332568008662003,0.004822771123201684,0.00046832490976801076,0.0,0.03855874796645819,0.0,0.00504097,0.000383705,663.0616380693134,-0.020513968,-0.453063648,0.0015010130018814072,11.996035960825399,0.009641904730913852,0.001093363,46.90045968735924,89.33581974571518,364.5027629488622,115.94651337495193,4.709881821707629,75.76132512885334,12.577270783718859,4.704282339836386
2134,0.00011772370197559318,1.9573743778226814e-05,8.92E-06,3.92E-06,3.15E-05,2.10E-05,9.13E-06,0.0012320145991017246,15.237982435901607,0.000190317,0.0059255027563782335,0,0,5.30E-05,0.000855848,9.28E-06,1.042012239,0,-0.073500681,6.19E-06,4.15E-05,6.26E-06,0,0.000928273,1.62E-05,6.98E-06,0.2322183773327971,0.30123034596458065,0.08905357071875471,0.027098956203359253,0.004781550112615879,0.00046432228638353,0.0,0.03822918560039662,0.0,0.004997884,0.000380425,660.6663930237737,-0.021236821,-0.485736137,0.0014881837595174426,11.981067900219431,0.009559495721532894,0.001084018,46.49948775370736,88.62950184495203,361.2725661274405,114.90035370880499,4.6663846236352065,75.61394552370267,12.461766835733146,4.664074798747007
2135,0.00011670939616758003,1.9379463442959053e-05,8.84E-06,3.89E-06,3.12E-05,2.09E-05,9.05E-06,0.0012213932355423318,15.095503424412822,0.000188677,0.005874421209230912,0,0,5.26E-05,0.00084847,9.20E-06,1.030903013,0,-0.075461233,6.13E-06,4.11E-05,6.21E-06,0,0.00092027,1.60E-05,6.92E-06,0.23021649508242106,0.2986335326372998,0.08828586803608007,0.026865344398056504,0.0047403305071161625,0.0004603192021327989,0.0,0.03789962407679618,0.0,0.004954799,0.000377146,658.2711479782339,-0.021959673,-0.518408627,0.0014753545171534781,11.966099849116238,0.009477085413861122,0.001074673,46.09851582799826,87.92318385866697,358.0423693060187,113.85419404265807,4.62288742468582,75.46656590864487,12.346262887747432,4.6238672568273955
2136,0.00011569425622650108,1.9233753191508234e-05,8.76E-06,3.86E-06,3.09E-05,2.07E-05,8.97E-06,0.0012107718719829386,14.953024404020931,0.000187036,0.005823339662083589,0,0,5.21E-05,0.000841092,9.12E-06,1.019793788,0,-0.077421786,6.08E-06,4.07E-05,6.16E-06,0,0.000912268,1.59E-05,6.86E-06,0.22821461283204506,0.2960367193100189,0.08751816458030806,0.026631732592753754,0.0046991094965303576,0.00045631657874831816,0.0,0.03757006171073461,0.0,0.004911714,0.000373866,655.8759029326942,-0.022682526,-0.551081116,0.0014625252747895135,11.95113178851027,0.009394676404480164,0.001065328,45.69754389434639,87.21686587238189,354.81217248459694,112.80803437651112,4.5793902266133975,75.3191863034942,12.23075893976172,4.583659715738016
2137,0.00011467911628542212,1.9039472856240473e-05,8.69E-06,3.82E-06,3.07E-05,2.05E-05,8.89E-06,0.0012001505084235455,14.810545383629035,0.000185395,0.005772258114936267,0,0,5.17E-05,0.000833714,9.04E-06,1.008684563,0,-0.079382339,6.03E-06,4.04E-05,6.10E-06,0,0.000904266,1.58E-05,6.80E-06,0.22621272979277382,0.29343990598273806,0.08675046112453608,0.026398120787451,0.004657889891030641,0.0004523139553638374,0.0,0.037240500187134165,0.0,0.004868629,0.000370586,653.4806579825735,-0.023405379,-0.583753605,0.0014496960324255491,11.936163727904303,0.009312267395099204,0.001055983,45.29657196863729,86.51054788609683,351.5819755800739,111.76187471036418,4.53589302766401,75.17180669834352,12.115255000731354,4.543452174648638
2138,0.00011366481047740896,1.8893762604789654e-05,8.61E-06,3.79E-06,3.04E-05,2.03E-05,8.81E-06,0.0011895314153565766,14.66806637214025,0.000183755,0.00572117529463339,0,0,5.12E-05,0.000826336,8.96E-06,0.997575337,0,-0.081342891,5.97E-06,4.00E-05,6.05E-06,0,0.000896263,1.56E-05,6.74E-06,0.22421084754239784,0.2908430926554572,0.08598275844186143,0.02616450898214825,0.004616668880444836,0.0004483108711131063,0.0,0.036910937821072604,0.0,0.004825544,0.000367307,651.0854129370338,-0.024128231,-0.616426095,0.0014368667900615845,11.92119567680111,0.009229857087427433,0.001046638,44.895600034985414,85.80422989981174,348.35177875865213,110.71571504421725,4.492395829591588,75.02442709319286,11.999751052745642,4.503244632729027
2139,0.00011264967053632999,1.8748052353338835e-05,8.53E-06,3.75E-06,3.01E-05,2.01E-05,8.73E-06,0.0011789100517971833,14.525587351748356,0.000182114,0.005670093747486068,0,0,5.07E-05,0.000818958,8.88E-06,0.986466112,0,-0.083303444,5.92E-06,3.97E-05,5.99E-06,0,0.000888261,1.55E-05,6.68E-06,0.2222089645031266,0.2882462793281763,0.08521505498608943,0.0259308971768455,0.00457544927494512,0.0004443082477286255,0.0,0.03658137629747216,0.0,0.004782458,0.000364027,648.690167891494,-0.024851084,-0.649098584,0.00142403754769762,11.906227616195142,0.009147448078046475,0.001037293,44.49462810927631,85.0979118793179,345.1215819372304,109.6695553780703,4.448898630642201,74.87704747813505,11.884247104759929,4.463037091639648
2140,0.00011163453059525103,1.8553772018071074e-05,8.46E-06,3.72E-06,2.98E-05,1.99E-05,8.65E-06,0.00116828868823779,14.383108331356464,0.000180473,0.005619012200338746,0,0,5.03E-05,0.00081158,8.80E-06,0.975356887,0,-0.085263997,5.87E-06,3.93E-05,5.94E-06,0,0.000880258,1.53E-05,6.62E-06,0.22020708225275062,0.28564946600089547,0.08444735153031743,0.02569728537154275,0.004534228264359315,0.00044030562434414485,0.0,0.03625181393141059,0.0,0.004739373,0.000360748,646.2949229413733,-0.025573937,-0.681771073,0.0014112083053336554,11.891259565091952,0.009065039068665516,0.001027948,44.09365617562444,84.39159389303283,341.89138511580865,108.62339571192338,4.405401432569778,74.72966787298436,11.768743156774216,4.422829550550269
2141,0.00011062022478723786,1.8408061766620255e-05,8.38E-06,3.69E-06,2.96E-05,1.98E-05,8.57E-06,0.0011576673246783973,14.24062931986768,0.000178833,0.005567929380035868,0,0,4.98E-05,0.000804202,8.72E-06,0.964247661,0,-0.087224549,5.81E-06,3.89E-05,5.89E-06,0,0.000872256,1.52E-05,6.56E-06,0.2182052000023746,0.28305265267361457,0.0836796488476428,0.02546367356624,0.0044930086588595985,0.0004363025400934137,0.0,0.03592225240781015,0.0,0.004696288,0.000357468,643.8996778958335,-0.026296789,-0.714443563,0.001398379062969691,11.876291504485984,0.008982628760993745,0.001018603,43.69268424991533,83.68527590674776,338.66118829438693,107.57723604577643,4.361904234497355,74.5822882678337,11.653239208788502,4.382622008630658
2142,0.0001096050848461589,1.8213781431352494e-05,8.30E-06,3.65E-06,2.93E-05,1.96E-05,8.50E-06,0.001147048231611428,14.098150299475785,0.000177192,0.005516847832888546,0,0,4.94E-05,0.000796824,8.64E-06,0.953138436,0,-0.089185102,5.76E-06,3.86E-05,5.83E-06,0,0.000864254,1.51E-05,6.50E-06,0.21620331696310335,0.2804558393463337,0.0829119453918708,0.02523006176093725,0.004451787648273794,0.00043229991670893297,0.0,0.03559269004174858,0.0,0.004653203,0.000354189,641.5044328502937,-0.027019642,-0.747116052,0.0013855498206057264,11.861323453382791,0.008900219751612787,0.001009258,43.291712316263464,82.97895792046269,335.43099147296516,106.5310763796295,4.318407035547969,74.43490866268301,11.53773526080279,4.342414467541279
2143,0.00010858994490507995,1.8068071179901675e-05,8.23E-06,3.62E-06,2.90E-05,1.94E-05,8.42E-06,0.001136426868052035,13.95567127908389,0.000175551,0.005465766285741224,0,0,4.89E-05,0.000789446,8.56E-06,0.942029211,0,-0.091145655,5.71E-06,3.82E-05,5.78E-06,0,0.000856251,1.49E-05,6.44E-06,0.21420143471272735,0.2778590260190529,0.0821442419360988,0.0249964499556345,0.004410568042774078,0.00042829729332445225,0.0,0.03526312851814813,0.0,0.004610118,0.000350909,639.1091878047539,-0.027742495,-0.779788541,0.0013727205782417618,11.846355392776823,0.008817810742231827,0.000999913,42.890740390554356,82.27263993417762,332.2007946515434,105.48491671348256,4.274909837475546,74.28752904762521,11.422231312817077,4.302206926451899
2144,0.00010757563909706678,1.7873790844633914e-05,8.15E-06,3.59E-06,2.88E-05,1.92E-05,8.34E-06,0.001125805504492642,13.813192258691997,0.000173911,0.005414684738593902,0,0,4.85E-05,0.000782068,8.48E-06,0.930919985,0,-0.093106207,5.65E-06,3.79E-05,5.72E-06,0,0.000848249,1.48E-05,6.38E-06,0.2121995516734561,0.275262212691772,0.08137653925342417,0.024762839618305065,0.004369347032188273,0.0004242942090737211,0.0,0.03493356615208657,0.0,0.004567032,0.00034763,636.7139428546333,-0.028465347,-0.812461031,0.0013598913358777974,11.831387332170856,0.008735400434560055,0.000990568,42.48976845690249,81.56632195644474,328.9705978301217,104.43875704733561,4.231412638526159,74.14014944247455,11.306727364831364,4.261999384532289
2145,0.00010656049915598782,1.7728080593183095e-05,8.07E-06,3.55E-06,2.85E-05,1.90E-05,8.26E-06,0.001115184140933249,13.670713247203214,0.00017227,0.005363601918291026,0,0,4.80E-05,0.00077469,8.40E-06,0.91981076,0,-0.09506676,5.60E-06,3.75E-05,5.67E-06,0,0.000840247,1.47E-05,6.32E-06,0.21019766942308013,0.27266539936449113,0.08060883579765217,0.024529227813002315,0.004328127426688556,0.00042029158568924037,0.0,0.034604004628486125,0.0,0.004523947,0.00034435,634.3186978090935,-0.0291882,-0.84513352,0.0013470620935138327,11.816419281067663,0.008652991425179097,0.000981223,42.088796531193374,80.86000397015967,325.7404009255986,103.3925973811887,4.187915440453735,73.99276983732386,11.19122341684565,4.22179184344291
2146,0.00010554535921490886,1.7533800257915337e-05,8.00E-06,3.52E-06,2.82E-05,1.89E-05,8.18E-06,0.0011045650478662798,13.528234226811318,0.000170629,0.005312520371143703,0,0,4.75E-05,0.000767312,8.32E-06,0.908701535,0,-0.097027313,5.55E-06,3.72E-05,5.62E-06,0,0.000832244,1.45E-05,6.26E-06,0.2081957871727041,0.27006858603721023,0.07984113234188017,0.02429561600769956,0.004286906416102751,0.00041628896230475965,0.0,0.034274442262424556,0.0,0.004480862,0.000341071,631.9234527635538,-0.029911053,-0.877806009,0.0013342328511498683,11.801451220461695,0.00857058241579814,0.000971878,41.687824597541514,80.1536859838746,322.51020410417686,102.34643771504174,4.144418241504349,73.8453902321732,11.075719468859939,4.181584302353531
2147,0.00010453105340689572,1.7388090006464515e-05,7.92E-06,3.48E-06,2.79E-05,1.87E-05,8.10E-06,0.0010939436843068868,13.385755206419423,0.000168989,0.005261438823996381,0,0,4.71E-05,0.000759934,8.24E-06,0.897592309,0,-0.098987865,5.49E-06,3.68E-05,5.56E-06,0,0.000824242,1.44E-05,6.20E-06,0.2061939041334329,0.26747177270992933,0.07907342965920552,0.02406200420239681,0.0042456868106030355,0.00041228587805402855,0.0,0.03394488073882412,0.0,0.004437777,0.000337791,629.528207813433,-0.030633905,-0.910478499,0.0013214048023148242,11.786483169358505,0.008488172108126368,0.000962533,41.2868526718324,79.44736799758952,319.2800072827551,101.30027804889481,4.100921043431925,73.6980106171154,10.960215520874227,4.1413767604339204
2148,0.00010351591346581676,1.7193809671196754e-05,7.84E-06,3.45E-06,2.77E-05,1.85E-05,8.02E-06,0.0010833223207474937,13.24327619493064,0.000167348,0.005210356003693503,0,0,4.66E-05,0.000752556,8.16E-06,0.886483084,0,-0.100948418,5.44E-06,3.64E-05,5.51E-06,0,0.00081624,1.42E-05,6.14E-06,0.20419202188305685,0.2648749593826485,0.07830572620343354,0.02382839239709406,0.004204467205103319,0.0004082832546695478,0.0,0.03361531837276255,0.0,0.004394691,0.000334512,627.1329627678933,-0.031356758,-0.943150988,0.0013085755599508597,11.771515108752535,0.00840576309874541,0.000953188,40.88588073818053,78.74105001130444,316.0498104613333,100.25411838274786,4.057423845359502,73.55063101196471,10.844711572888514,4.101169219344541
2149,0.00010250077352473779,1.7048099419745934e-05,7.76E-06,3.42E-06,2.74E-05,1.83E-05,7.95E-06,0.0010727009571881007,13.100797174538746,0.000165707,0.005159274456546182,0,0,4.62E-05,0.000745178,8.08E-06,0.875373859,0,-0.102908971,5.39E-06,3.61E-05,5.45E-06,0,0.000808237,1.41E-05,6.08E-06,0.20219013884378567,0.2622781460553676,0.07753802274766153,0.02359478059179131,0.004163246194517514,0.0004042806312850671,0.0,0.0332857568491621,0.0,0.004351606,0.000331232,624.7377177223535,-0.032079611,-0.975823477,0.0012957463175868951,11.756547057649342,0.008323354089364451,0.000943843,40.484908812471424,78.03473202501938,312.8196136399116,99.20795871660093,4.013926646410116,73.40325140681405,10.7292076249028,4.060961678255162
2150,0.00010148646771672463,1.6853819084478177e-05,7.69E-06,3.38E-06,2.71E-05,1.81E-05,7.87E-06,0.0010620818641211315,12.958318154146852,0.000164067,0.00510819290939886,0,0,4.57E-05,0.0007378,8.00E-06,0.864264633,0,-0.104869523,5.33E-06,3.57E-05,5.40E-06,0,0.000800235,1.40E-05,6.02E-06,0.20018825659340964,0.25968133272808674,0.0767703200649869,0.023361168786488556,0.004122026589017797,0.00040027754703433595,0.0,0.03295619448310054,0.0,0.004308521,0.000327953,622.3424727722329,-0.032802463,-1.008495967,0.0012829170752229307,11.741578997043376,0.00824094378169268,0.000934498,40.08393687881956,77.3284140472865,309.58941681848984,98.16179905045401,3.970429448337693,73.25587180166336,10.613703685872434,4.020754136335552
2151,0.00010047132777564566,1.6708108833027358e-05,7.61E-06,3.35E-06,2.69E-05,1.80E-05,7.79E-06,0.0010514605005617385,12.828734977413061,0.000162426,0.005057110089095982,0,0,4.53E-05,0.000730422,7.92E-06,0.853155408,0,-0.106830076,5.28E-06,3.54E-05,5.35E-06,0,0.000792233,1.38E-05,5.96E-06,0.1981863743430336,0.2570845194008059,0.0760026166092149,0.023127556981185807,0.004080805578431992,0.0003962749236498552,0.0,0.03262663295950009,0.0,0.004265436,0.000324673,619.9472277266931,-0.033525316,-1.041168456,0.001270087832858966,11.726610936437407,0.008158534772311722,0.000925153,39.68296495311045,76.62209606100141,306.35921999706807,97.11563938430706,3.9269322493883063,73.10849218660556,10.49819973788672,3.9805465952461723
2152,9.945618783456671e-05,1.6513828497759593e-05,7.53E-06,3.31E-06,2.66E-05,1.78E-05,7.71E-06,0.0010408391370023454,12.699151791776163,0.000160785,0.0050060285419486605,0,0,4.48E-05,0.000723044,7.84E-06,0.842046183,0,-0.108790629,5.23E-06,3.50E-05,5.29E-06,0,0.00078423,1.37E-05,5.90E-06,0.19618449130376242,0.254487706073525,0.0752349131534429,0.022893945175883057,0.0040395859729322765,0.0003922723002653745,0.0,0.032297070593438525,0.0,0.004222351,0.000321394,617.5519826811534,-0.034248169,-1.073840945,0.0012572585904950017,11.711642885334214,0.008076125762930762,0.000915808,39.281993019458575,75.91577807471636,303.12902317564635,96.06947971816012,3.8834350513158835,72.9611125814549,10.382695789901009,3.9403390541567935
2153,9.844188202655355e-05,1.6368118246308774e-05,7.46E-06,3.28E-06,2.63E-05,1.76E-05,7.63E-06,0.0010302177734429522,12.569568615042375,0.000159145,0.0049549469948013385,0,0,4.43E-05,0.000715666,7.76E-06,0.830936957,0,-0.110751181,5.17E-06,3.47E-05,5.24E-06,0,0.000776228,1.35E-05,5.84E-06,0.19418260905338638,0.25189089274624415,0.07446721047076826,0.022660333370580307,0.003998364962346471,0.00038826921601464335,0.0,0.031967509069838085,0.0,0.004179265,0.000318114,615.1567376356136,-0.034971021,-1.106513435,0.001244429348131037,11.696674824728248,0.00799371545525899,0.000906463,38.881021093749474,75.20946008843127,299.89882627112326,95.02332005201318,3.8399378532434607,72.81373297630421,10.267191841915295,3.9001315122371825
2154,9.74267420854746e-05,1.6173837911041017e-05,7.38E-06,3.25E-06,2.60E-05,1.74E-05,7.55E-06,0.0010195986803759832,12.439985429405475,0.000157504,0.004903865447654016,0,0,4.39E-05,0.000708288,7.68E-06,0.819827732,0,-0.112711734,5.12E-06,3.43E-05,5.18E-06,0,0.000768226,1.34E-05,5.78E-06,0.19218072601411518,0.24929407941896328,0.07369950701499627,0.022426721565277558,0.003957145356846755,0.00038426659263016263,0.0,0.031637946703776516,0.0,0.00413618,0.000314835,612.761492685493,-0.035693874,-1.139185924,0.0012316001057670726,11.681706773625056,0.007911306445878032,0.000897118,38.4800491600976,74.50314210214621,296.66862944970154,93.97716038586624,3.796440654294074,72.66635336124641,10.151687893929584,3.8599239711478037
2155,9.641160214439562e-05,1.6028127659590198e-05,7.30E-06,3.21E-06,2.58E-05,1.72E-05,7.47E-06,0.0010089773168165902,12.310402252671686,0.000155863,0.00485278262735114,0,0,4.34E-05,0.00070091,7.60E-06,0.808718507,0,-0.114672287,5.07E-06,3.39E-05,5.13E-06,0,0.000760223,1.33E-05,5.72E-06,0.19017884376373914,0.2466972660916824,0.07293180355922428,0.022193109759974804,0.00391592434626095,0.0003802639692456819,0.0,0.03130838518017607,0.0,0.004093095,0.000311555,610.3662476399531,-0.036416727,-1.171858413,0.001218770863403108,11.666738713019088,0.007828897436497074,0.000887773,38.0790772343885,73.79682411586113,293.43843262827977,92.93100071971931,3.7529434562216513,72.51897375609575,10.03618394594387,3.8197164300584245
2156,9.539729633638247e-05,1.5833847324322433e-05,7.23E-06,3.18E-06,2.55E-05,1.70E-05,7.39E-06,0.000998355953257197,12.180819067034786,0.000154223,0.004801701080203817,0,0,4.30E-05,0.000693532,7.52E-06,0.797609281,0,-0.116632839,5.01E-06,3.36E-05,5.08E-06,0,0.000752221,1.31E-05,5.66E-06,0.1881769615133631,0.24410045276440154,0.07216410087654963,0.021959497954672055,0.0038747047407612333,0.0003762608849949508,0.0,0.030978822814114508,0.0,0.00405001,0.000308275,607.9710025944133,-0.037139579,-1.204530903,0.0012059416210391436,11.65177065241312,0.007746487128825302,0.000878428,37.678105300736625,73.09050612957607,290.208235806858,91.88484105357237,3.7094462572722646,72.37159415094506,9.920679997958159,3.779508888138814
2157,9.43821563953035e-05,1.5688137072871614e-05,7.15E-06,3.15E-06,2.52E-05,1.69E-05,7.32E-06,0.000987734589697804,12.051235890301,0.000152582,0.004750619533056495,0,0,4.25E-05,0.000686154,7.44E-06,0.786500056,0,-0.118593392,4.96E-06,3.32E-05,5.02E-06,0,0.000744219,1.30E-05,5.60E-06,0.18617507847409193,0.24150363943712067,0.07139639742077764,0.021725887617342617,0.0038334837301754283,0.00037225826161047003,0.0,0.03064926129051406,0.0,0.004006925,0.000304996,605.5757576442927,-0.037862432,-1.237203392,0.001193112378675179,11.636802601309927,0.0076640781194443446,0.000869083,37.277133375027525,72.38418815184319,286.9780389854363,90.83868138742544,3.6659490591998414,72.2242145457944,9.805176049972445,3.7393013470494347
2158,9.336701645422454e-05,1.5542426821420795e-05,7.07E-06,3.11E-06,2.50E-05,1.67E-05,7.24E-06,0.000977115496630835,11.9216527046641,0.000150941,0.004699536712753618,0,0,4.21E-05,0.000678776,7.36E-06,0.775390831,0,-0.120553945,4.91E-06,3.29E-05,4.97E-06,0,0.000736216,1.28E-05,5.54E-06,0.1841731962237159,0.23890682610983982,0.07062869396500564,0.021492275812039868,0.003792264124675712,0.0003682556382259893,0.0,0.030319698924452496,0.0,0.003963839,0.000301716,603.1805125987529,-0.038585285,-1.269875881,0.0011802831363112143,11.62183454070396,0.007581669110063386,0.000859738,36.87616144137565,71.6778701655581,283.7478421640145,89.79252172127849,3.6224518602504547,72.0768349307366,9.689672101986732,3.699093805960055
2159,9.235271064621139e-05,1.5348146486153038e-05,7.00E-06,3.08E-06,2.47E-05,1.65E-05,7.16E-06,0.0009664941330714418,11.792069527930309,0.000149301,0.004648455165606296,0,0,4.16E-05,0.000671398,7.28E-06,0.764281605,0,-0.122514497,4.85E-06,3.25E-05,4.91E-06,0,0.000728214,1.27E-05,5.48E-06,0.18217131318444468,0.23631001278255895,0.06986099128233099,0.021258664006737114,0.003751043114089907,0.0003642525539752582,0.0,0.029990137400852053,0.0,0.003920754,0.000298437,600.7852675532131,-0.039308137,-1.302548371,0.00116745389394725,11.606866489600769,0.007499258802391614,0.000850393,36.47518951566654,70.97155217927305,280.5176453425928,88.74636209097963,3.578954662178031,71.9294553255859,9.574168154001018,3.658886264040445
2160,9.133757070513243e-05,1.5202436234702217e-05,6.92E-06,3.04E-06,2.44E-05,1.63E-05,7.08E-06,0.0009558727695120488,11.66248634229341,0.00014766,0.004597373618458973,0,0,4.11E-05,0.00066402,7.20E-06,0.75317238,0,-0.12447505,4.80E-06,3.22E-05,4.86E-06,0,0.000720212,1.26E-05,5.42E-06,0.18016943093406865,0.23371319945527808,0.069093287826559,0.021025052201434365,0.003709823508590191,0.00036024993059077744,0.0,0.029660575034790485,0.0,0.003877669,0.000295157,598.3900225076734,-0.04003099,-1.33522086,0.0011546246515832853,11.591898428994801,0.007416849793010655,0.000841048,36.074217582014676,70.26523419298796,277.28744852117103,87.7002024248327,3.5354574641056082,71.78207572043524,9.458664206015307,3.618678722951066
2161,9.032243076405348e-05,1.5008155899434454e-05,6.84E-06,3.01E-06,2.41E-05,1.61E-05,7.00E-06,0.0009452514059526557,11.532903156656511,0.000146019,0.0045462907981560965,0,0,4.07E-05,0.000656642,7.12E-06,0.742063155,0,-0.126435603,4.75E-06,3.18E-05,4.81E-06,0,0.000712209,1.24E-05,5.36E-06,0.17816754868369264,0.2311163861279972,0.06832558437078701,0.020791440396131615,0.003668602498004386,0.0003562473072062967,0.0,0.02933101351119004,0.0,0.003834584,0.000291878,595.9947775575527,-0.040753843,-1.367893349,0.001141795409219321,11.576930377891609,0.007334440783629698,0.000831703,35.67324565630557,69.55891620670289,274.0572516997492,86.65404275868575,3.491960265156222,71.63469611528456,9.343160258029593,3.5784711818616866
2162,8.93081249560403e-05,1.4862445647983635e-05,6.77E-06,2.98E-06,2.39E-05,1.60E-05,6.92E-06,0.0009346300423932626,11.403319979922722,0.000144379,0.0044952092510087745,0,0,4.02E-05,0.000649264,7.04E-06,0.730953929,0,-0.128396155,4.69E-06,3.14E-05,4.75E-06,0,0.000704207,1.23E-05,5.30E-06,0.17616566564442143,0.22851957280071633,0.06755788168811236,0.020557828590828865,0.0036273828925046697,0.0003522442229555656,0.0,0.029001451145128476,0.0,0.003791499,0.000288598,593.599532512013,-0.041476695,-1.400565839,0.0011289661668553563,11.56196231728564,0.007252030475957925,0.000822358,35.2722737226537,68.85259822041782,270.8270547952262,85.6078830835768,3.448463067083799,71.48731650022675,9.22765631004388,3.5382636399420764
2163,8.829298501496135e-05,1.4668165312715874e-05,6.69E-06,2.94E-06,2.36E-05,1.58E-05,6.84E-06,0.0009240109493262936,11.273736794285822,0.000142738,0.004444127703861453,0,0,3.98E-05,0.000641886,6.96E-06,0.719844704,0,-0.130356708,4.64E-06,3.11E-05,4.70E-06,0,0.000696204,1.21E-05,5.24E-06,0.17416378339404542,0.22592275947343549,0.06679017823234036,0.020324216785526112,0.003586163287004953,0.0003482415995710849,0.0,0.02867188962152803,0.0,0.003748413,0.000285319,591.2042874664733,-0.042199548,-1.433238328,0.001116138118020312,11.546994256679673,0.007169621466576967,0.000813013,34.87130179694459,68.14628024268494,267.59685797380445,84.56172341742986,3.404965868134412,71.3399368950761,9.112152371013515,3.498056098852697
2164,8.727784507388238e-05,1.4522455061265055e-05,6.61E-06,2.91E-06,2.33E-05,1.56E-05,6.77E-06,0.0009133895857669004,11.144153617552034,0.000141097,0.00439304615671413,0,0,3.93E-05,0.000634508,6.88E-06,0.708735479,0,-0.132317261,4.59E-06,3.07E-05,4.64E-06,0,0.000688202,1.20E-05,5.18E-06,0.17216190035477422,0.2233259461461546,0.06602247477656838,0.020090604980223362,0.0035449422764191486,0.0003442389761866041,0.0,0.028342327255466464,0.0,0.003705328,0.000282039,588.8090425163525,-0.042922401,-1.465910817,0.0011033088756563475,11.53202620557648,0.007087212457196008,0.000803669,34.470329871235485,67.43996225639988,264.36666115238273,83.51556375128293,3.361468670061989,71.1925572899254,8.996648423027802,3.4578485577633176
2165,8.626353926586922e-05,1.4328174725997296e-05,6.53E-06,2.88E-06,2.31E-05,1.54E-05,6.69E-06,0.0009027682222075074,11.014570431915134,0.000139457,0.004341963336411254,0,0,3.89E-05,0.00062713,6.80E-06,0.697626253,0,-0.134277813,4.53E-06,3.04E-05,4.59E-06,0,0.0006802,1.19E-05,5.12E-06,0.17016001810439818,0.22072913281887374,0.06525477209389373,0.019856993174920613,0.003503722670919432,0.00034023589193587307,0.0,0.02801276573186602,0.0,0.003662243,0.00027876,586.4137974708127,-0.043645253,-1.498583307,0.0010904796332923828,11.51705814497051,0.007004802149524237,0.000794324,34.06935793758362,66.7336442701148,261.13646433096096,82.46940408513599,3.3179714711126027,71.04517768477474,8.881144472355485,3.4176410158437074
2166,8.524839932479027e-05,1.4182464474546477e-05,6.46E-06,2.84E-06,2.28E-05,1.52E-05,6.61E-06,0.0008921468586481143,10.884987255181345,0.000137816,0.004290881789263931,0,0,3.84E-05,0.000619752,6.72E-06,0.686517028,0,-0.136238366,4.48E-06,3.00E-05,4.54E-06,0,0.000672197,1.17E-05,5.06E-06,0.16815813585402214,0.21813231949159287,0.06448706863812173,0.019623381369617863,0.003462501660333627,0.0003362332685513923,0.0,0.027683203365804453,0.0,0.003619158,0.00027548,584.018552425273,-0.044368106,-1.531255796,0.0010776503909284184,11.50209009386732,0.006922393140143278,0.000784979,33.66838601187451,66.02732628382972,257.9062675095392,81.42324441898904,3.2744742730401795,70.89779806971694,8.765640525265306,3.3774334747543278
2167,8.42332593837113e-05,1.3988184139278716e-05,6.38E-06,2.81E-06,2.25E-05,1.51E-05,6.53E-06,0.0008815277655811453,10.755404069544447,0.000136175,0.004239800242116609,0,0,3.79E-05,0.000612374,6.64E-06,0.675407803,0,-0.138198919,4.43E-06,2.97E-05,4.48E-06,0,0.000664195,1.16E-05,5.00E-06,0.16615625281475097,0.215535506164312,0.06371936518234973,0.01938976956431511,0.0034212820548339107,0.0003322306451669116,0.0,0.02735364184220401,0.0,0.003576072,0.000272201,581.6233073797333,-0.045090959,-1.563928285,0.0010648211485644538,11.487122033261352,0.006839984130762321,0.000775634,33.267414078222636,65.32100829754465,254.67607068811745,80.37708475284211,3.2309770749677567,70.75041846456627,8.650136578175129,3.337225933664949
2168,8.324647996686955e-05,1.3842473887827897e-05,6.30E-06,2.77E-06,2.22E-05,1.49E-05,6.45E-06,0.0008709064020217522,10.625820892810658,0.000134535,0.004188717421813732,0,0,3.75E-05,0.000604996,6.56E-06,0.664298577,0,-0.140159471,4.37E-06,2.93E-05,4.43E-06,0,0.000656193,1.14E-05,4.94E-06,0.16415437056437493,0.21293869283703115,0.0629516624996751,0.01915615775901236,0.003380061044248106,0.0003282275609161805,0.0,0.027024079476142444,0.0,0.003532987,0.000268921,579.2280624296126,-0.045813811,-1.596600775,0.0010519919062004896,11.47215398215816,0.006757573823090549,0.000766289,32.86644215251353,64.61469031125958,251.44587386669565,79.33092508669517,3.18747987601837,70.60303885941559,8.534632630189416,3.2970183917453384
2169,8.216210698132917e-05,1.3648193552560136e-05,6.23E-06,2.74E-06,2.20E-05,1.47E-05,6.37E-06,0.0008602850384623592,10.496237707173758,0.000132894,0.004137635874666409,0,0,3.70E-05,0.000597618,6.48E-06,0.653189352,0,-0.142120024,4.32E-06,2.89E-05,4.37E-06,0,0.00064819,1.13E-05,4.88E-06,0.16215248752510372,0.21034187950975028,0.06218395904390309,0.018922547421682926,0.0033388414387483896,0.0003242249375316997,0.0,0.026694517952541998,0.0,0.003489902,0.000265642,576.8328173840728,-0.046536664,-1.629273264,0.001039162663836525,11.457185921552194,0.00667516481370959,0.000756944,32.46547021886166,63.90837232497451,248.2156770452739,78.28476542054824,3.1439826779459468,70.45565925426492,8.419128683099236,3.256810850655959
2170,8.116114730236881e-05,1.3502483301109317e-05,6.15E-06,2.71E-06,2.17E-05,1.45E-05,6.29E-06,0.0008496636749029659,10.36665453043997,0.000131253,0.004086554327519087,0,0,3.66E-05,0.00059024,6.40E-06,0.642080127,0,-0.144080577,4.27E-06,2.86E-05,4.32E-06,0,0.000640188,1.12E-05,4.82E-06,0.16015060527472771,0.2077450661824694,0.0614162555881311,0.018688935616380173,0.0032976204281625846,0.000320222314147219,0.0,0.026364955586480433,0.0,0.003446817,0.000262362,574.4375723385331,-0.047259517,-1.661945753,0.0010263334214725603,11.442217860946224,0.006592755804328631,0.000747599,32.06449829315255,63.20205434724163,244.9854801407509,77.2386057544013,3.10048547899656,70.30827963920711,8.30362473600906,3.21660330956658
2171,8.016018762340846e-05,1.3308202965841556e-05,6.07E-06,2.67E-06,2.14E-05,1.43E-05,6.21E-06,0.000839044581835997,10.23707134480307,0.000129613,0.0040354715072162105,0,0,3.61E-05,0.000582862,6.32E-06,0.630970901,0,-0.146041129,4.21E-06,2.82E-05,4.27E-06,0,0.000632186,1.10E-05,4.76E-06,0.15814872302435168,0.20514825285518853,0.06064855290545647,0.018455323811077423,0.0032564008226628684,0.0003162192298964879,0.0,0.026035394062879986,0.0,0.003403732,0.000259083,572.0423273884123,-0.047982369,-1.694618243,0.001013504179108596,11.427249809843032,0.00651034549665686,0.000738254,31.663526359500686,62.49573636095655,241.75528331932915,76.19244608825436,3.0569882809241373,70.16090003405644,8.188120788918882,3.1763957676469694
2172,7.91592279444481e-05,1.3162492714390737e-05,6.00E-06,2.64E-06,2.12E-05,1.41E-05,6.14E-06,0.0008284232182766039,10.107488159166172,0.000127972,0.003984389960068889,0,0,3.57E-05,0.000575484,6.24E-06,0.619861676,0,-0.148001682,4.16E-06,2.79E-05,4.21E-06,0,0.000624183,1.09E-05,4.70E-06,0.15614683998508047,0.20255143952790766,0.05988084944968446,0.01822171200577467,0.0032151798120770634,0.00031221660651200716,0.0,0.02570583169681842,0.0,0.003360646,0.000255803,569.6470823428725,-0.048705222,-1.727290732,0.0010006749367446313,11.412281749237065,0.006427936487275901,0.000728909,31.26255443379158,61.789418374671484,238.5250864979074,75.14628642210742,3.013491082851714,70.01352042890576,8.072616841828703,3.13618822655759
2173,7.815826826548775e-05,1.2968212379122976e-05,5.92E-06,2.60E-06,2.09E-05,1.40E-05,6.06E-06,0.0008178018547172108,9.977904982432381,0.000126331,0.003933308412921567,0,0,3.52E-05,0.000568106,6.16E-06,0.608752451,0,-0.149962235,4.11E-06,2.75E-05,4.16E-06,0,0.000616181,1.07E-05,4.64E-06,0.15414495773470444,0.19995462620062682,0.05911314599391247,0.01798810020047192,0.0031739602065773472,0.0003082139831275264,0.0,0.025376270173217974,0.0,0.003317561,0.000252524,567.2518372973328,-0.049428075,-1.759963221,0.000987845694380667,11.397313698133873,0.006345527477894943,0.000719564,30.86158250013971,61.083100388386406,235.29488967648564,74.10012675596049,2.9699938839023274,69.86614081384796,7.957112893842989,3.095980685468211
2174,7.715730858652739e-05,1.2822502127672156e-05,5.84E-06,2.57E-06,2.06E-05,1.38E-05,5.98E-06,0.0008071804911578178,9.848321796795483,0.000124691,0.0038822268657742443,0,0,3.47E-05,0.000560728,6.08E-06,0.597643225,0,-0.151922787,4.05E-06,2.72E-05,4.10E-06,0,0.000608179,1.06E-05,4.57E-06,0.15214307469543326,0.19735781287334594,0.05834544331123783,0.01775448839516917,0.0031327391959915423,0.00030421089887679533,0.0,0.02504670780715641,0.0,0.003274476,0.000249244,564.8565923472121,-0.050150927,-1.792635711,0.0009750164520167024,11.382345637527905,0.006263117170223172,0.000710219,30.460610574430603,60.37678240210134,232.0646928550639,73.05396708981355,2.9264966858299046,69.71876120869729,7.841608946752813,3.055773143548601
2175,7.6072935600987e-05,1.2628221792404395e-05,5.77E-06,2.54E-06,2.04E-05,1.36E-05,5.90E-06,0.0007965613980908486,9.718738620061693,0.00012305,0.0038311440454713674,0,0,3.43E-05,0.00055335,6.00E-06,0.586534,0,-0.15388334,4.00E-06,2.68E-05,4.05E-06,0,0.000600176,1.05E-05,4.51E-06,0.15014119244505722,0.19476099954606507,0.05757773985546584,0.017520876589866417,0.003091519590491826,0.00030020827549231456,0.0,0.024717146283555966,0.0,0.003231391,0.000245964,562.4613473016723,-0.05087378,-1.8253082,0.0009621872096527379,11.367377586424714,0.006180708160842213,0.000700874,30.059638640778736,59.67046441581626,228.83449603364215,72.00780742366662,2.882999486880518,69.57138160354661,7.726104999662634,3.0155656024592217
2176,7.507197592202665e-05,1.2482511540953576e-05,5.69E-06,2.50E-06,2.01E-05,1.34E-05,5.82E-06,0.0007859400345314555,9.589155434424795,0.000121409,0.003780062498324045,0,0,3.38E-05,0.000545972,5.92E-06,0.575424775,0,-0.155843893,3.95E-06,2.64E-05,4.00E-06,0,0.000592174,1.03E-05,4.45E-06,0.1481393101946812,0.1921641862187842,0.056810036399693835,0.017287264784563668,0.003050298579906021,0.0002962056521078338,0.0,0.024387583917494397,0.0,0.003188306,0.000242685,560.0661022561326,-0.051596633,-1.857980689,0.0009493579672887733,11.352409525818745,0.006098299151461254,0.000691529,29.65866671506963,58.9641464295312,225.60429921222035,70.96164775751967,2.8395022888080947,69.42400199839594,7.610601052572456,2.9753580613698425
2177,7.40710162430663e-05,1.2336801289502757e-05,5.61E-06,2.47E-06,1.98E-05,1.32E-05,5.74E-06,0.0007753186709720625,9.459572257691006,0.000119769,0.0037289809511767227,0,0,3.34E-05,0.000538594,5.84E-06,0.564315549,0,-0.157804445,3.89E-06,2.61E-05,3.94E-06,0,0.000584172,1.02E-05,4.39E-06,0.14613742715540998,0.18956737289150333,0.056042333717019194,0.017053652979260914,0.0030090789744063044,0.00029220256785710274,0.0,0.024058022393893954,0.0,0.00314522,0.000239405,557.6708572105929,-0.052319485,-1.890653179,0.0009365287249248088,11.337441465212777,0.006015888843789482,0.000682184,29.257694781417754,58.25782845179832,222.37410239079858,69.91548809137274,2.796005089858708,69.27662238333814,7.495097104586742,2.935150519450232
2178,7.307005656410594e-05,1.2142520954234996e-05,5.54E-06,2.44E-06,1.95E-05,1.31E-05,5.66E-06,0.0007646973074126695,9.329989072054106,0.000118128,0.0036778981308738462,0,0,3.29E-05,0.000531216,5.76E-06,0.553206324,0,-0.159764998,3.84E-06,2.57E-05,3.89E-06,0,0.000576169,1.00E-05,4.33E-06,0.14413554490503397,0.18697055956422248,0.0552746302612472,0.016820041173958168,0.002967859368906588,0.00028819994447262196,0.0,0.02372846002783239,0.0,0.003102135,0.000236126,555.2756122604721,-0.053042338,-1.923325668,0.0009236994825608443,11.322473414109584,0.005933479834408525,0.000672839,28.85672285570865,57.55151046551324,219.1439054862756,68.86932842522579,2.7525078917862853,69.12924277818746,7.379593157496564,2.8949429783608522
2179,7.206909688514558e-05,1.1996810702784177e-05,5.46E-06,2.40E-06,1.93E-05,1.29E-05,5.59E-06,0.0007540782143457003,9.200405895320317,0.000116487,0.003626816583726524,0,0,3.25E-05,0.000523838,5.68E-06,0.542097099,0,-0.161725551,3.79E-06,2.54E-05,3.83E-06,0,0.000568167,9.91E-06,4.27E-06,0.14213366186576276,0.1843737462369416,0.0545069268054752,0.016586429368655415,0.0029266383583207833,0.00028419732108814124,0.0,0.023398898504231942,0.0,0.00305905,0.000232846,552.8803672149323,-0.053765191,-1.955998157,0.0009108714337258,11.307505353503617,0.005851070825027566,0.000663494,28.45575092205678,56.845192479228174,215.91370866485383,67.82316875907887,2.709010693713862,68.98186317303679,7.264089210406387,2.8547354372714735
2180,7.106813720618522e-05,1.1802530367516416e-05,5.38E-06,2.37E-06,1.90E-05,1.27E-05,5.51E-06,0.0007434568507863073,9.070822709683418,0.000114847,0.0035757350365792015,0,0,3.20E-05,0.00051646,5.60E-06,0.530987873,0,-0.163686103,3.73E-06,2.50E-05,3.78E-06,0,0.000560165,9.77E-06,4.21E-06,0.14013177961538675,0.18177693290966074,0.053739224122800563,0.016352817563352665,0.002885418752821067,0.00028019423683741014,0.0,0.023069336138170377,0.0,0.003015965,0.000229567,550.4851221693926,-0.054488043,-1.988670647,0.0008980421913618355,11.292537302400424,0.005768660517355795,0.000654149,28.054778996347675,56.138874492943096,212.68351184343206,66.77700909293193,2.6655134947644754,68.83448356788611,7.148585263316209,2.814527895351863
2181,6.998376422064485e-05,1.1656820116065597e-05,5.30E-06,2.33E-06,1.87E-05,1.25E-05,5.43E-06,0.0007328354872269141,8.94123953294963,0.000113206,0.0035246534894318796,0,0,3.15E-05,0.000509082,5.52E-06,0.519878648,0,-0.165646656,3.68E-06,2.47E-05,3.73E-06,0,0.000552162,9.63E-06,4.15E-06,0.13812989736501072,0.17918011958237987,0.05297152066702857,0.016119205758049912,0.002844197742235262,0.0002761916134529294,0.0,0.022739774614569934,0.0,0.00297288,0.000226287,548.0898772192719,-0.055210896,-2.021343136,0.000885212948997871,11.277569241794456,0.005686251507974836,0.000644804,27.653807062695805,55.43255650665803,209.45331502201032,65.73084942678499,2.6220162966920526,68.68710395282831,7.03308131622603,2.7743203542624837
2182,6.898280454168449e-05,1.1462539780797836e-05,5.23E-06,2.30E-06,1.85E-05,1.23E-05,5.35E-06,0.0007222141236675211,8.81165634731273,0.000111565,0.003473570669129003,0,0,3.11E-05,0.000501704,5.44E-06,0.508769423,0,-0.167607209,3.63E-06,2.43E-05,3.67E-06,0,0.00054416,9.49E-06,4.09E-06,0.1361280143257395,0.176583306255099,0.05220381721125657,0.015885595420720478,0.002802978136735546,0.00027218899006844864,0.0,0.022410212248508365,0.0,0.002929794,0.000223008,545.6946321737322,-0.055933749,-2.054015625,0.0008723837066339065,11.262601190691266,0.005603842498593878,0.000635459,27.2528351369867,54.72623852037295,206.22311820058854,64.68468976063805,2.578519097742666,68.53972434767763,6.917577368240318,2.7341128131731045
2183,6.798184486272413e-05,1.1316829529347017e-05,5.15E-06,2.27E-06,1.82E-05,1.21E-05,5.27E-06,0.0007115950306005521,8.682073166127386,0.000109925,0.0034224891219816803,0,0,3.06E-05,0.000494326,5.36E-06,0.497660197,0,-0.169567761,3.57E-06,2.39E-05,3.62E-06,0,0.000536157,9.35E-06,4.03E-06,0.13412613207536347,0.17398649292781812,0.051436114528581926,0.01565198361541773,0.002761757126149741,0.0002681859058177176,0.0,0.022080650724907922,0.0,0.002886709,0.000219728,543.2993871281925,-0.056656601,-2.086688115,0.0008595544642699419,11.247633130085298,0.005521432190922105,0.000626114,26.851863203334826,54.01992054264007,202.9929213791668,63.63853009449111,2.5350218996702427,68.39234474252696,6.80207342115014,2.6939052712534943
2184,6.698088518376378e-05,1.1122549194079258e-05,5.07E-06,2.23E-06,1.79E-05,1.20E-05,5.19E-06,0.000700973667041159,8.552489984051732,0.000108284,0.003371407574834358,0,0,3.02E-05,0.000486948,5.28E-06,0.486550972,0,-0.171528314,3.52E-06,2.36E-05,3.56E-06,0,0.000528155,9.21E-06,3.97E-06,0.13212424903609227,0.17138967960053728,0.050668411072809935,0.015418371810114975,0.0027205375206500243,0.0002641832824332368,0.0,0.021751088358846357,0.0,0.002843624,0.000216449,540.9041420826527,-0.057379454,-2.119360604,0.0008467252219059774,11.232665069479328,0.005439023181541148,0.000616769,26.450891277625725,53.313602556355,199.76272455774506,62.59237042834417,2.49152470159782,68.24496513737628,6.686569474059961,2.653697730164115
2185,6.597992550480342e-05,1.0976838942628437e-05,5.00E-06,2.20E-06,1.76E-05,1.18E-05,5.11E-06,0.0006903523034817658,8.422906802866386,0.000106643,0.0033203247545314815,0,0,2.97E-05,0.00047957,5.20E-06,0.475441747,0,-0.173488867,3.47E-06,2.32E-05,3.51E-06,0,0.000520153,9.07E-06,3.91E-06,0.13012236678571626,0.1687928662732564,0.04990070761703793,0.015184760004812227,0.0026793165100642193,0.00026018065904875605,0.0,0.02142152683524591,0.0,0.002800539,0.000213169,538.508897132532,-0.058102307,-2.152033093,0.0008338959795420129,11.217697018376137,0.005356614172160189,0.000607424,26.04991934397385,52.60728457006993,196.53252773632332,61.546210753235215,2.4480275026484333,68.09758552231848,6.571065526969783,2.6134901890747355
2186,6.497896582584306e-05,1.0782558607360678e-05,4.92E-06,2.16E-06,1.74E-05,1.16E-05,5.03E-06,0.0006797309399223728,8.293323620790732,0.000105003,0.003269243207384159,0,0,2.93E-05,0.000472192,5.12E-06,0.464332521,0,-0.175449419,3.41E-06,2.29E-05,3.46E-06,0,0.00051215,8.93E-06,3.85E-06,0.12812048453534022,0.16619605294597553,0.049133004934363296,0.014951148199509474,0.002638096904564503,0.000256177574798025,0.0,0.021091964469184345,0.0,0.002757453,0.00020989,536.1136520869923,-0.058825159,-2.184705583,0.0008210667371780484,11.20272895777017,0.005274203864488417,0.000598079,25.648947418264743,51.90096658378486,193.30233083180025,60.50005108708827,2.40453030457601,67.9502059171678,6.45556157898407,2.5732826471551253
2187,6.389459284030268e-05,1.0636848355909857e-05,4.84E-06,2.13E-06,1.71E-05,1.14E-05,4.96E-06,0.0006691118468554037,8.163740439605387,0.000103362,0.0032181616602368368,0,0,2.88E-05,0.000464814,5.04E-06,0.453223296,0,-0.177409972,3.36E-06,2.25E-05,3.40E-06,0,0.000504148,8.79E-06,3.79E-06,0.12611860149606904,0.16359923961869466,0.0483653014785913,0.014717536394206724,0.002596875893978698,0.0002521749514135442,0.0,0.020762402945583902,0.0,0.002714368,0.00020661,533.7184070414525,-0.059548012,-2.217378072,0.0008082374948140839,11.187760906666977,0.005191794855107458,0.000588734,25.247975484612876,51.194648597499786,190.0721340103785,59.453891420941346,2.3610331056266234,67.80282631201713,6.340057631893893,2.533075106065746
2188,6.289363316134234e-05,1.0442568020642098e-05,4.77E-06,2.10E-06,1.68E-05,1.12E-05,4.88E-06,0.0006584904832960107,8.034157258420043,0.000101721,0.0031670788399339603,0,0,2.83E-05,0.000457436,4.96E-06,0.442114071,0,-0.179370525,3.31E-06,2.22E-05,3.35E-06,0,0.000496146,8.65E-06,3.73E-06,0.124116719245693,0.16100242629141379,0.0475975980228193,0.014483924588903973,0.002555656288478982,0.0002481723280290635,0.0,0.020432840579522337,0.0,0.002671283,0.000203331,531.3231620913318,-0.060270865,-2.250050561,0.0007954082524501193,11.17279284606101,0.005109385845726501,0.000579389,24.84700355890377,50.488330611214714,186.84193718895673,58.407731754794405,2.3175359075542006,67.65544670686646,6.2245536848037135,2.492867564976367
2189,6.189267348238197e-05,1.0296857769191277e-05,4.69E-06,2.06E-06,1.66E-05,1.11E-05,4.80E-06,0.0006478691197366177,7.904574076344388,0.000100081,0.003115997292786638,0,0,2.79E-05,0.000450058,4.88E-06,0.431004845,0,-0.181331077,3.25E-06,2.18E-05,3.29E-06,0,0.000488143,8.51E-06,3.67E-06,0.12211483620642181,0.15840561296413294,0.046829895340144666,0.014250312783601223,0.002514435277893177,0.00024416924377833235,0.0,0.02010327905592189,0.0,0.002628198,0.000200051,528.927917045792,-0.060993717,-2.282723051,0.0007825790100861548,11.157824785455041,0.005026975538054729,0.000570044,24.4460316252519,49.78201262492964,183.611740367535,57.36157208864747,2.274038708604814,67.50806709180866,6.109049737713536,2.4526600230567563
2190,6.0891713803421614e-05,1.0102577433923518e-05,4.61E-06,2.03E-06,1.63E-05,1.09E-05,4.72E-06,0.0006372477561772245,7.774990895159044,9.84E-05,0.003064915745639316,0,0,2.74E-05,0.00044268,4.80E-06,0.41989562,0,-0.18329163,3.20E-06,2.14E-05,3.24E-06,0,0.000480141,8.37E-06,3.61E-06,0.12011295395604578,0.15580879963685207,0.04606219188437267,0.014016700978298472,0.0024732156723934608,0.00024016662039385165,0.0,0.019773716689860322,0.0,0.002585113,0.000196772,526.5326720002522,-0.06171657,-2.31539554,0.0007697497677221903,11.142856734351849,0.004944566528673771,0.000560699,24.04505969954279,49.07569464719676,180.38154354611325,56.31541242250053,2.2305415105323907,67.36068748665798,5.993545790623357,2.412452481967377
2191,5.989075412446126e-05,9.956867182472697e-06,4.54E-06,2.00E-06,1.60E-05,1.07E-05,4.64E-06,0.0006266286631102555,7.645407713083389,9.68E-05,0.0030138341984919936,0,0,2.70E-05,0.000435302,4.72E-06,0.408786395,0,-0.185252183,3.15E-06,2.11E-05,3.19E-06,0,0.000472139,8.23E-06,3.55E-06,0.11811107170566976,0.1532119863095712,0.04529448842860067,0.013783089172995722,0.002431994661807656,0.0002361639970093709,0.0,0.01944415516625988,0.0,0.002542027,0.000193492,524.1374270501315,-0.062439423,-2.348068029,0.0007569205253582258,11.12788867374588,0.004862157519292812,0.000551354,23.644087765890923,48.36937666091169,177.15134672469148,55.269252756353595,2.187044312459968,67.2133078815073,5.878041842637645,2.372244940877998
2192,5.88897944455009e-05,9.762586847204938e-06,4.46E-06,1.96E-06,1.57E-05,1.05E-05,4.56E-06,0.0006160072995508623,7.515824531898045,9.52E-05,0.0029627513781891168,0,0,2.65E-05,0.000427924,4.64E-06,0.397677169,0,-0.187212735,3.09E-06,2.07E-05,3.13E-06,0,0.000464136,8.09E-06,3.49E-06,0.11610918866639855,0.15061517298229032,0.04452678574592603,0.01354947736769297,0.0023907750563079396,0.00023216091275863978,0.0,0.01911459280019831,0.0,0.002498942,0.000190213,521.7421820045918,-0.063162275,-2.380740519,0.0007440912829942612,11.11292062264269,0.00477974721162104,0.000542009,23.243115840181815,47.66305867462662,173.92114990326974,54.22309309020665,2.1435471135105812,67.06592827635663,5.762537895547466,2.332037398958388
2193,5.7805421459960525e-05,9.616876595754117e-06,4.38E-06,1.93E-06,1.55E-05,1.03E-05,4.48E-06,0.0006053859359914693,7.38624134982239,9.35E-05,0.0029116698310417944,0,0,2.61E-05,0.000420546,4.56E-06,0.386567944,0,-0.189173288,3.04E-06,2.04E-05,3.08E-06,0,0.000456134,7.95E-06,3.43E-06,0.11410730641602253,0.14801835965500945,0.04375908229015403,0.01331586556239022,0.002349555450808223,0.00022815828937415908,0.0,0.018785031276597867,0.0,0.002455857,0.000186933,519.3469369590521,-0.063885128,-2.413413008,0.0007312620406302966,11.09795256203672,0.004697338202240082,0.000532664,22.842143906529948,46.95674068834155,170.690953081848,53.17693342405972,2.100049915438158,66.91854866129883,5.647033948457288,2.291829857869008
2194,5.6804461781000164e-05,9.471166344303296e-06,4.31E-06,1.89E-06,1.52E-05,1.02E-05,4.41E-06,0.0005947645724320763,7.256658168637046,9.19E-05,0.002860588283894472,0,0,2.56E-05,0.000413168,4.48E-06,0.375458719,0,-0.191133841,2.99E-06,2.00E-05,3.02E-06,0,0.000448132,7.81E-06,3.37E-06,0.11210542337675132,0.1454215463277286,0.04299137883438204,0.013082255225060783,0.002308334440222418,0.00022415566598967833,0.0,0.018455468910536302,0.0,0.002412772,0.000183653,516.9516919135123,-0.064607981,-2.446085497,0.0007184327982663321,11.08298451093353,0.004614929192859124,0.000523319,22.44117198082084,46.250422702056476,167.46075626042625,52.13077375791278,2.0565527164887714,66.77116905614815,5.53153000136711,2.251622316779629
2195,5.580350210203981e-05,9.276886009035537e-06,4.23E-06,1.86E-06,1.49E-05,9.97E-06,4.33E-06,0.0005841454793651071,7.127074986561391,9.02E-05,0.0028095054635915956,0,0,2.51E-05,0.00040579,4.40E-06,0.364349493,0,-0.193094393,2.93E-06,1.97E-05,2.97E-06,0,0.000440129,7.67E-06,3.31E-06,0.11010354112637531,0.14282473300044773,0.0422236761517074,0.012848643419758034,0.0022671148347227017,0.00022015258173894723,0.0,0.018125907386935855,0.0,0.002369687,0.000180374,514.5564469633915,-0.065330833,-2.478757987,0.0007056047494312879,11.068016450327562,0.0045325188851873515,0.000513974,22.04020004716897,45.544104715771404,164.23055935590318,51.08461409176584,2.0130555184163486,66.62378945099748,5.4160260533813975,2.2114147748600184
2196,5.480254242307945e-05,9.131175757584718e-06,4.15E-06,1.83E-06,1.47E-05,9.79E-06,4.25E-06,0.000573524115805714,6.997491805376046,8.86E-05,0.002758423916444273,0,0,2.47E-05,0.000398412,4.32E-06,0.353240268,0,-0.195054946,2.88E-06,1.93E-05,2.92E-06,0,0.000432127,7.53E-06,3.25E-06,0.10810165887599928,0.14022791967316686,0.0414559726959354,0.01261503161445528,0.002225893824136897,0.00021614995835446648,0.0,0.01779634502087429,0.0,0.002326601,0.000177094,512.1612019178518,-0.066053686,-2.511430476,0.0006927755070673234,11.053048389721594,0.004450109875806393,0.000504629,21.639228121459865,44.83778673803852,161.00036253448144,50.03845442561891,1.969558319466962,66.47640983593969,5.300522106291219,2.1712072337706396
2197,5.3801582744119095e-05,8.936895422316957e-06,4.07E-06,1.79E-06,1.44E-05,9.61E-06,4.17E-06,0.000562902752246321,6.867908624190703,8.70E-05,0.002707342369296951,0,0,2.42E-05,0.000391034,4.24E-06,0.342131043,0,-0.197015499,2.83E-06,1.89E-05,2.86E-06,0,0.000424125,7.40E-06,3.19E-06,0.10609977583672806,0.137631106345886,0.0406882692401634,0.012381419809152533,0.0021846742186371806,0.00021214733496998574,0.0,0.017466783497273847,0.0,0.002283516,0.000173815,509.7659568723121,-0.066776539,-2.544102965,0.0006799462647033589,11.038080338618402,0.004367700866425435,0.000495284,21.238256187807995,44.131468751753445,157.77016571305967,48.99229475947197,1.9260611213945387,66.329030230789,5.185018159201041,2.1309996926812604
2198,5.280062306515874e-05,8.791185170866138e-06,4.00E-06,1.76E-06,1.41E-05,9.43E-06,4.09E-06,0.000552281388686928,6.738325442115047,8.53E-05,0.0026562595489940744,0,0,2.38E-05,0.000383656,4.16E-06,0.331021817,0,-0.198976051,2.77E-06,1.86E-05,2.81E-06,0,0.000416122,7.26E-06,3.13E-06,0.10409789358635205,0.13503429301860512,0.03992056655748876,0.01214780800384978,0.0021434532080513756,0.00020814425071925463,0.0,0.017137221131212278,0.0,0.002240431,0.000170535,507.3707119221914,-0.067499391,-2.576775455,0.0006671170223393944,11.023112278012434,0.004285290558753663,0.000485939,20.83728426209889,43.42515076546837,154.53996889163793,47.94613509332503,1.8825639233221156,66.18165062563834,5.069514212110863,2.09079215076165
2199,5.171625007961836e-05,8.596904835598377e-06,3.92E-06,1.73E-06,1.38E-05,9.25E-06,4.01E-06,0.0005416622956199589,6.608742260929703,8.37E-05,0.0026051780018467516,0,0,2.33E-05,0.000376278,4.08E-06,0.319912592,0,-0.200936604,2.72E-06,1.82E-05,2.75E-06,0,0.00040812,7.12E-06,3.07E-06,0.10209601054708083,0.13243747969132424,0.03915286310171677,0.01191419619854703,0.0021022336025516594,0.0002041416273347739,0.0,0.016807659607611835,0.0,0.002197346,0.000167256,504.97546687665164,-0.068222244,-2.609447944,0.0006542877799754299,11.008144226909241,0.004202881549372705,0.000476594,20.43631232844702,42.7188327791833,151.30977207021618,46.89997542717809,1.839066724372729,66.03427102048765,4.954010265020685,2.0505846096722706
2200,5.071529040065801e-05,8.451194584147558e-06,3.84E-06,1.69E-06,1.36E-05,9.07E-06,3.93E-06,0.0005310409320605658,6.479159078854048,8.20E-05,0.00255409645469943,0,0,2.29E-05,0.0003689,4.00E-06,0.308803367,0,-0.202897157,2.67E-06,1.79E-05,2.70E-06,0,0.000400117,6.98E-06,3.01E-06,0.10009412829670482,0.12984066636404337,0.03838515964594477,0.011680584393244278,0.002061012591965854,0.00020013900395029317,0.0,0.01647809724155027,0.0,0.002154261,0.000163976,502.5802218311119,-0.068945097,-2.642120433,0.0006414585376114654,10.993176166303273,0.004120472539991747,0.000467249,20.03534040273791,42.01251479289823,148.0795752487944,45.85381576103116,1.7955695263003062,65.88689140542985,4.838506317034971,2.010377068582891
2201,4.9714330721697646e-05,8.256914248879797e-06,3.77E-06,1.66E-06,1.33E-05,8.89E-06,3.85E-06,0.0005204195685011727,6.349575897668704,8.04E-05,0.0025030149075521077,0,0,2.24E-05,0.000361522,3.92E-06,0.297694141,0,-0.204857709,2.61E-06,1.75E-05,2.65E-06,0,0.000392115,6.84E-06,2.95E-06,0.0980922460463288,0.1272438530367625,0.037617456963270124,0.011446972587941528,0.0020197929864661382,0.00019613591969956206,0.0,0.016148535717949823,0.0,0.002111175,0.000160697,500.1849767855721,-0.069667949,-2.674792923,0.0006286292952475008,10.978208115200083,0.004038062232319974,0.000457904,19.63436846908604,41.30619680661316,144.84937842737267,44.80765609488422,1.7520723273509196,65.73951180027919,4.723002369944794,1.970169526663281
2202,4.87133710427373e-05,8.111203997428978e-06,3.69E-06,1.62E-06,1.30E-05,8.70E-06,3.78E-06,0.0005097982049417796,6.219992715593048,7.88E-05,0.002451932087249231,0,0,2.19E-05,0.000354144,3.84E-06,0.286584916,0,-0.206818262,2.56E-06,1.72E-05,2.59E-06,0,0.000384113,6.70E-06,2.89E-06,0.09609036300705759,0.12464703970948164,0.03684975350749813,0.011213360782638779,0.001978571975880333,0.00019213329631508132,0.0,0.015818973351888258,0.0,0.00206809,0.000157417,497.78973183545145,-0.070390802,-2.707465412,0.0006158000528835363,10.963240054594115,0.003955653222939016,0.000448559,19.233396543376934,40.59987882032809,141.61918160595093,43.76149642873728,1.7085751292784963,65.5921321951285,4.607498422854616,1.9299619855739019
2203,4.771241136377694e-05,7.916923662161217e-06,3.61E-06,1.59E-06,1.28E-05,8.52E-06,3.70E-06,0.0004991791118748105,6.090409534407705,7.71E-05,0.0024008505401019085,0,0,2.15E-05,0.000346766,3.76E-06,0.275475691,0,-0.208778815,2.51E-06,1.68E-05,2.54E-06,0,0.00037611,6.56E-06,2.83E-06,0.09408848075668155,0.12205022638220077,0.036082050051726135,0.010979748977336027,0.0019373523703806166,0.0001881306729306006,0.0,0.015489410985826693,0.0,0.002025005,0.000154138,495.3944867899116,-0.071113655,-2.740137901,0.0006029708105195718,10.948271993988145,0.003873244213558058,0.000439214,18.832424609725066,39.89356084259521,138.38898470142786,42.71533676259034,1.6650779312060735,65.44475258997784,4.491994475764438,1.8897544444845225
2204,4.6711451684816584e-05,7.771213410710398e-06,3.54E-06,1.56E-06,1.25E-05,8.34E-06,3.62E-06,0.0004885577483154175,5.96082635233205,7.55E-05,0.002349768992954586,0,0,2.10E-05,0.000339388,3.68E-06,0.264366465,0,-0.210739367,2.45E-06,1.64E-05,2.48E-06,0,0.000368108,6.42E-06,2.77E-06,0.09208659771741036,0.11945341305491991,0.0353143473690515,0.010746137172033278,0.0018961313597948117,0.0001841275886798695,0.0,0.015159849462226248,0.0,0.00198192,0.000150858,492.99924174437183,-0.071836507,-2.772810391,0.0005901415681556072,10.933303942884955,0.0037908339058862857,0.000429869,18.43145268401596,39.187242856310135,135.15878788000612,41.669177096443406,1.6215807322566869,65.29737297492004,4.3764905286742595,1.8495469025649123
2205,4.56270786992762e-05,7.5769330754426375e-06,3.46E-06,1.52E-06,1.22E-05,8.16E-06,3.54E-06,0.0004779363847560244,5.831243171146705,7.38E-05,0.0022986861726517096,0,0,2.06E-05,0.00033201,3.60E-06,0.25325724,0,-0.21269992,2.40E-06,1.61E-05,2.43E-06,0,0.000360106,6.28E-06,2.71E-06,0.09008471546703432,0.11685659972763904,0.0345466439132795,0.010512525366730526,0.0018549117542950955,0.00018012496529538872,0.0,0.014830287938625803,0.0,0.001938834,0.000147579,490.60399679425115,-0.07255936,-2.80548288,0.0005773123257916427,10.918335882278987,0.0037084248965053275,0.000420524,18.030480750364088,38.48092487002506,131.92859105858437,40.623017430296464,1.5780835341842636,65.14999336976935,4.260986580688547,1.809339361475533
2206,4.462611902031584e-05,7.4312228239918175e-06,3.38E-06,1.49E-06,1.19E-05,7.98E-06,3.46E-06,0.0004673150211966313,5.701659989961361,7.22E-05,0.0022476046255043873,0,0,2.01E-05,0.000324632,3.52E-06,0.242148015,0,-0.214660473,2.35E-06,1.57E-05,2.38E-06,0,0.000352103,6.14E-06,2.65E-06,0.0880828332166583,0.11425978640035817,0.033778940457507504,0.010278913561427775,0.001813692148795379,0.000176122341910908,0.0,0.014500725572564238,0.0,0.001895749,0.000144299,488.2087517487114,-0.073282213,-2.838155369,0.0005644830834276781,10.903367831175794,0.0036260158871243694,0.000411179,17.629508824654984,37.77460688373999,128.6983942371626,39.57685776414953,1.534586335234877,65.00261376461869,4.145482633598369,1.7691318203861537
2207,4.362515934135548e-05,7.236942488724057e-06,3.31E-06,1.45E-06,1.17E-05,7.80E-06,3.38E-06,0.00045669365763723827,5.572076807885706,7.05E-05,0.002196523078357065,0,0,1.97E-05,0.000317254,3.44E-06,0.231038789,0,-0.216621025,2.29E-06,1.54E-05,2.32E-06,0,0.000344101,6.00E-06,2.59E-06,0.08608095017738711,0.1116629730730773,0.03301123777483286,0.010045303224098339,0.0017724711382095743,0.0001721192576601769,0.0,0.014171163206502671,0.0,0.001852664,0.00014102,485.81350670317164,-0.074005065,-2.870827859,0.0005516538410637136,10.888399770569825,0.003543605579452598,0.000401834,17.228536891003113,37.06828889745492,125.46819741574086,38.530698098002595,1.4910891371624542,64.855234159468,4.02997868650819,1.7289242784665433
2208,4.2624199662395135e-05,7.091232237273238e-06,3.23E-06,1.42E-06,1.14E-05,7.62E-06,3.30E-06,0.0004460745645702692,5.442493626700362,6.89E-05,0.0021454402580541885,0,0,1.92E-05,0.000309876,3.36E-06,0.219929564,0,-0.218581578,2.24E-06,1.50E-05,2.27E-06,0,0.000336099,5.86E-06,2.53E-06,0.08407906792701107,0.10906615974579643,0.032243534319060865,0.009811691418795588,0.0017312515327098578,0.00016811663427569615,0.0,0.013841601682902226,0.0,0.001809579,0.00013774,483.41826165763194,-0.074727918,-2.903500348,0.0005388245986997491,10.873431719466636,0.003461196570071639,0.000392489,16.827564965294005,36.36197091116985,122.23800059431912,37.48453842289364,1.4475919382130675,64.7078545444102,3.9144747394180124,1.6887167373771639
2209,4.1623239983434774e-05,6.896951902005477e-06,3.15E-06,1.39E-06,1.11E-05,7.43E-06,3.23E-06,0.0004354532010108761,5.312910444624706,6.73E-05,0.002094358710906866,0,0,1.87E-05,0.000302498,3.28E-06,0.208820339,0,-0.220542131,2.19E-06,1.47E-05,2.21E-06,0,0.000328096,5.72E-06,2.47E-06,0.08207718488773988,0.10646934641851558,0.031475830863288874,0.009578079613492836,0.001690030522124053,0.00016411401089121543,0.0,0.013512039316840661,0.0,0.001766494,0.000134461,481.0230167075112,-0.075450771,-2.936172837,0.0005259953563357846,10.858463658860666,0.003378787560690681,0.000383144,16.426593031642135,35.65565293343697,119.00780377289736,36.4383787567467,1.4040947401406443,64.56047493925954,3.798970791432299,1.6485091962877847
2210,4.062228030447442e-05,6.751241650554658e-06,3.08E-06,1.35E-06,1.09E-05,7.25E-06,3.15E-06,0.00042483183745148297,5.183327263439363,6.56E-05,0.0020432771637595437,0,0,1.83E-05,0.00029512,3.20E-06,0.197711113,0,-0.222502683,2.13E-06,1.43E-05,2.16E-06,0,0.000320094,5.58E-06,2.41E-06,0.08007530263736386,0.1038725330912347,0.03070812818061423,0.009344467808190086,0.0016488109166243367,0.0001601109266404843,0.0,0.013182477793240216,0.0,0.001723408,0.000131181,478.62777166197145,-0.076173623,-2.968845327,0.0005131661139718201,10.843495598254698,0.0032963772530189093,0.000373799,16.02562110593303,34.9493349471519,115.7776069514756,35.39221909059976,1.3605975420682215,64.41309533410885,3.6834668443421212,1.6083016543681745
2211,3.953790731893403e-05,6.556961315286898e-06,3.00E-06,1.32E-06,1.06E-05,7.07E-06,3.07E-06,0.00041421047389208994,5.053744081363708,6.40E-05,0.0019921956166122213,0,0,1.78E-05,0.000287742,3.12E-06,0.186601888,0,-0.224463236,2.08E-06,1.39E-05,2.11E-06,0,0.000312092,5.44E-06,2.35E-06,0.07807342038698782,0.10127571976395383,0.02994042472484223,0.009110856002887335,0.0016075899060385317,0.00015610830325600358,0.0,0.01285291542717865,0.0,0.001680323,0.000127902,476.2325266164317,-0.076896476,-3.001517816,0.0005003380651367758,10.828527547151507,0.0032139682436379503,0.000364454,15.62464917228116,34.243016960866825,112.54741004695255,34.346059424452825,1.3171003431188348,64.26571572895818,3.567962897251943,1.568094113278795
2212,3.853694763997368e-05,6.411251063836078e-06,2.92E-06,1.29E-06,1.03E-05,6.89E-06,2.99E-06,0.00040359138082512086,4.9241609001783635,6.23E-05,0.001941112796309345,0,0,1.74E-05,0.000280364,3.04E-06,0.175492663,0,-0.226423789,2.03E-06,1.36E-05,2.05E-06,0,0.000304089,5.30E-06,2.29E-06,0.07607153734771663,0.09867890643667297,0.029172721269070237,0.008877244197584585,0.0015663703005388155,0.00015210567987152286,0.0,0.012523353903578205,0.0,0.001637238,0.000124622,473.837281666311,-0.077619329,-3.034190305,0.00048750882277281125,10.813559486545538,0.003131559234256992,0.000355109,15.223677246572054,33.53669897458175,109.31721322553081,33.299899758305884,1.2736031450464116,64.11833611390038,3.452458950161765,1.527886572189416
2213,3.7535987961013325e-05,6.265540812385258e-06,2.84E-06,1.25E-06,1.00E-05,6.71E-06,2.91E-06,0.0003929700172657278,4.794577718102708,6.07E-05,0.0018900312491620225,0,0,1.69E-05,0.000272986,2.96E-06,0.164383437,0,-0.228384341,1.97E-06,1.32E-05,2.00E-06,0,0.000296087,5.16E-06,2.23E-06,0.0740696550973406,0.0960820931093921,0.028405018586395596,0.008643632392281834,0.0015251492899530106,0.00014810259562079173,0.0,0.01219379153751664,0.0,0.001594153,0.000121342,471.4420366207712,-0.078342181,-3.066862795,0.00047467958040884673,10.798591435442345,0.0030491489265852207,0.000345764,14.822705312920183,32.83038098829668,106.08701640410905,32.25374009215895,1.230105946097025,63.9709565087497,3.3369550030715867,1.4876790302698055
2214,3.653502828205297e-05,6.071260477117498e-06,2.77E-06,1.22E-06,9.77E-06,6.53E-06,2.83E-06,0.00038234865370633474,4.664994536917364,5.91E-05,0.0018389497020147002,0,0,1.65E-05,0.000265608,2.88E-06,0.153274212,0,-0.230344894,1.92E-06,1.29E-05,1.94E-06,0,0.000288085,5.02E-06,2.17E-06,0.0720677720580694,0.09348527978211124,0.0276373151306236,0.008410020586979084,0.001483929684453294,0.00014409997223631098,0.0,0.011864230013916195,0.0,0.001551068,0.000118063,469.04679157523145,-0.079065034,-3.099535284,0.00046185033804488227,10.78362337483638,0.0029667399172042625,0.000336419,14.421733387211077,32.1240630020116,102.8568195826873,31.20758042601201,1.1866087480246021,63.82357690359903,3.2214510550858737,1.4474714891804261
2215,3.553406860309261e-05,5.925550225666678e-06,2.69E-06,1.18E-06,9.50E-06,6.35E-06,2.75E-06,0.00037172729014694166,4.535411355732021,5.74E-05,0.0017878668817118237,0,0,1.60E-05,0.00025823,2.80E-06,0.142164987,0,-0.232305447,1.87E-06,1.25E-05,1.89E-06,0,0.000280082,4.88E-06,2.11E-06,0.07006588980769338,0.09088846645483037,0.026869611674851603,0.008176408781676333,0.0014427086738674892,0.00014009734885183023,0.0,0.01153466849031575,0.0,0.001507982,0.000114783,466.65154662511077,-0.079787887,-3.132207773,0.00044902109568091775,10.768655323733187,0.0028843309078233036,0.000327074,14.020761453559208,31.417745015726535,99.62662276126555,30.161420759865074,1.1431115490752155,63.67619728854123,3.105947107995696,1.4072639480910472
2216,3.4533108924132256e-05,5.731269890398918e-06,2.61E-06,1.15E-06,9.23E-06,6.17E-06,2.67E-06,0.0003611081970799726,4.405828173656365,5.58E-05,0.0017367853345645016,0,0,1.55E-05,0.000250852,2.72E-06,0.131055761,0,-0.234265999,1.81E-06,1.21E-05,1.84E-06,0,0.00027208,4.74E-06,2.05E-06,0.06806400755731735,0.0882916531275495,0.026101908992176962,0.007942796976373581,0.001401489068367773,0.00013609426460109913,0.0,0.011205106124254183,0.0,0.001464897,0.000111504,464.256301579571,-0.080510739,-3.164880263,0.00043619185331695323,10.753687263127219,0.002801920600151532,0.000317729,13.619789527850102,30.71142703799365,96.39642593984378,29.11526109371814,1.0996143510027923,63.52881768339055,2.9904431609055173,1.3670564061714368
2217,3.3448735938591875e-05,5.585559638948098e-06,2.54E-06,1.12E-06,8.95E-06,5.98E-06,2.60E-06,0.0003504868335205795,4.276244992471021,5.41E-05,0.001685703787417179,0,0,1.51E-05,0.000243474,2.64E-06,0.119946536,0,-0.236226552,1.76E-06,1.18E-05,1.78E-06,0,0.000264078,4.60E-06,1.99E-06,0.06606212451804613,0.08569483980026864,0.025334205536404968,0.0077091851710708315,0.0013602680577819678,0.0001320916412166184,0.0,0.01087554460065374,0.0,0.001421812,0.000108224,461.86105653403126,-0.081233592,-3.197552752,0.0004233626109529887,10.738719202521251,0.002719511590770574,0.000308384,13.218817602140993,30.005109051708576,93.16622911842204,28.069101427571198,1.0561171529303695,63.381438078239874,2.874939213815339,1.3268488650820576
2218,3.2447776259631515e-05,5.391279303680339e-06,2.46E-06,1.08E-06,8.68E-06,5.80E-06,2.52E-06,0.0003398654699611864,4.146661810395366,5.25E-05,0.0016346222402698566,0,0,1.46E-05,0.000236096,2.56E-06,0.108837311,0,-0.238187105,1.71E-06,1.14E-05,1.73E-06,0,0.000256075,4.46E-06,1.93E-06,0.06406024226767011,0.08309802647298777,0.02456650208063297,0.007475573365768081,0.0013190484522822515,0.00012808901783213766,0.0,0.010545982234592173,0.0,0.001378727,0.000104945,459.4658114884915,-0.081956445,-3.230225241,0.0004105333685890242,10.723751151418059,0.0026371025813896154,0.000299039,12.817845668489124,29.298791065423504,89.93603229700028,27.022941761424264,1.0126199539809828,63.2340584730892,2.7594352658296266,1.2866413239926782
2219,3.144681658067117e-05,5.245569052229518e-06,2.38E-06,1.05E-06,8.41E-06,5.62E-06,2.44E-06,0.0003292441064017933,4.017078629210022,5.09E-05,0.0015835394199669802,0,0,1.42E-05,0.000228718,2.48E-06,0.097728085,0,-0.240147657,1.65E-06,1.11E-05,1.67E-06,0,0.000248073,4.33E-06,1.87E-06,0.06205835922839891,0.08050121314570689,0.02379879939795833,0.0072419630284386435,0.0012778274416964466,0.00012408593358140656,0.0,0.010216420710991728,0.0,0.001335642,0.000101665,457.0705665383708,-0.082679297,-3.262897731,0.0003977041262250597,10.70878309081209,0.0025546922737178434,0.000289694,12.416873742780018,28.592473079138433,86.70583547557854,25.976782095277326,0.9691227559085597,63.0866788580314,2.6439313187394484,1.2464337820730678
2220,3.0445856901710807e-05,5.051288716961759e-06,2.31E-06,1.01E-06,8.14E-06,5.44E-06,2.36E-06,0.00031862501333482425,3.8874954471343663,4.92E-05,0.001532457872819658,0,0,1.37E-05,0.00022134,2.40E-06,0.08661886,0,-0.24210821,1.60E-06,1.07E-05,1.62E-06,0,0.00024007,4.19E-06,1.81E-06,0.06005647697802289,0.07790439981842603,0.023031095942186334,0.007008351223135893,0.0012366078361967304,0.00012008331019692583,0.0,0.009886858344930161,0.0,0.001292556,9.84E-05,454.675321492831,-0.08340215,-3.29557022,0.00038487488386109515,10.693815039708898,0.0024722832643368853,0.000280349,12.015901809128147,27.88615509285336,83.47563857105548,24.930622429130384,0.925625556959173,62.93929925288072,2.5284273716492702,1.2062262409836886
2221,2.944489722275045e-05,4.905578465510938e-06,2.23E-06,9.81E-07,7.87E-06,5.26E-06,2.28E-06,0.00030800364977543116,3.7579122659490225,4.76E-05,0.0014813763256723356,0,0,1.33E-05,0.000213962,2.32E-06,0.075509635,0,-0.244068763,1.55E-06,1.04E-05,1.57E-06,0,0.000232068,4.05E-06,1.75E-06,0.05805459472764686,0.07530758649114516,0.022263392486414336,0.006774739417833142,0.001195388230697014,0.00011608068681244508,0.0,0.009557296821329718,0.0,0.001249471,9.51E-05,452.2800764472913,-0.084125003,-3.328242709,0.0003720456414971306,10.678846979102932,0.0023898742549559268,0.000271004,11.614929883419041,27.179837106568293,80.24544177456411,23.88446276298345,0.8821283588867501,62.79191964773005,2.412923424559092,1.1660186998943094
2222,2.84439375437901e-05,4.72586915538826e-06,2.15E-06,9.47E-07,7.60E-06,5.08E-06,2.20E-06,0.0002973822862160381,3.6283290838733673,4.59E-05,0.001430293505369459,0,0,1.28E-05,0.000206584,2.24E-06,0.064400409,0,-0.246029315,1.49E-06,1.00E-05,1.51E-06,0,0.000224066,3.91E-06,1.69E-06,0.05605271168837566,0.0727107731638643,0.021495689803739698,0.006541127612530392,0.001154167220111209,0.00011207760256171398,0.0,0.009227734455268151,0.0,0.001206386,9.18E-05,449.8848314971706,-0.084847855,-3.360915199,0.00035921639913316606,10.663878918496962,0.002307463947284155,0.00026166,11.213957949767172,26.47351912883541,77.01524494483225,22.838303096836512,0.8386311608143271,62.64454004257937,2.2974194774689143,1.125811157974699
2223,2.735956455824971e-05,4.55587386202897e-06,2.08E-06,9.13E-07,7.33E-06,4.90E-06,2.12E-06,0.00028676092265664504,3.498745902688023,4.43E-05,0.0013792119582221366,0,0,1.23E-05,0.000199206,2.16E-06,0.053291184,0,-0.247989868,1.44E-06,9.65E-06,1.46E-06,0,0.000216063,3.77E-06,1.63E-06,0.05405082943799964,0.07011395983658343,0.0207279863479677,0.00630751580722764,0.0011129476146114928,0.00010807497917723324,0.0,0.008898172931667706,0.0,0.001163301,8.85E-05,447.4895864516308,-0.085570708,-3.393587688,0.00034638715676920155,10.64891086739377,0.0022250549379031967,0.000252315,10.812986024058064,25.767201142550338,73.78504810679023,21.792143430689574,0.7951339618649405,62.49716042752157,2.1819155294832013,1.0856036168853198
2224,2.635860487928936e-05,4.38587856866968e-06,2.00E-06,8.79E-07,7.05E-06,4.71E-06,2.05E-06,0.00027614182958967596,3.369162721502679,4.27E-05,0.0013281304110748144,0,0,1.19E-05,0.000191828,2.08E-06,0.042181959,0,-0.249950421,1.39E-06,9.29E-06,1.40E-06,0,0.000208061,3.63E-06,1.57E-06,0.05204894639872844,0.06751714650930256,0.019960282892195702,0.00607390400192489,0.0010717266040256878,0.0001040723557927525,0.0,0.008568610565606139,0.0,0.001120215,8.53E-05,445.09434140609113,-0.086293561,-3.426260177,0.000333557914405237,10.633942806787804,0.002142645928522238,0.00024297,10.412014090406196,25.060883156265266,70.55485127705835,20.745983764542636,0.7516367637925174,62.349780822370896,2.0664115823930227,1.0453960757959404
2225,2.5357645200329003e-05,4.21588327531039e-06,1.92E-06,8.46E-07,6.78E-06,4.53E-06,1.97E-06,0.0002655204660302829,3.239579539427024,4.10E-05,0.0012770475907719376,0,0,1.14E-05,0.00018445,2.00E-06,0.031072733,0,-0.251910973,1.33E-06,8.93E-06,1.35E-06,0,0.000200059,3.49E-06,1.50E-06,0.05004706414835241,0.06492033318202169,0.019192580209521064,0.005840292196622139,0.0010305069985259716,0.00010006927154202139,0.0,0.008239049042005696,0.0,0.00107713,8.20E-05,442.6990963605513,-0.087016413,-3.458932667,0.0003207286720412725,10.618974755684611,0.0020602356208504666,0.000233625,10.011042164697088,24.354565169980194,67.32465444732647,19.6998240983957,0.7081395648431308,62.20240121722022,1.9509076353028447,1.0051885338763302
2226,2.435668552136865e-05,4.050744990332795e-06,1.85E-06,8.12E-07,6.51E-06,4.35E-06,1.89E-06,0.0002548991024708898,3.1099963582416796,3.94E-05,0.0012259660436246154,0,0,1.10E-05,0.000177072,1.92E-06,0.019963508,0,-0.253871526,1.28E-06,8.58E-06,1.30E-06,0,0.000192056,3.35E-06,1.44E-06,0.04804518189797638,0.06232351985474082,0.018424876753749066,0.005606680391319389,0.0009892859879401664,9.606664815754066e-05,0.0,0.007909486675944129,0.0,0.001034045,7.87E-05,440.30385141043064,-0.087739266,-3.491605156,0.000307899429677308,10.604006695078642,0.001977826611469508,0.00022428,9.610070231045219,23.648247183695123,64.09445761759459,18.65366443224876,0.6646423667707078,62.055021612069545,1.8354036882126665,0.9649809927869509
2227,2.3355725842408292e-05,3.880749696973505e-06,1.77E-06,7.78E-07,6.24E-06,4.17E-06,1.81E-06,0.00024427773891149676,2.980413176166025,3.77E-05,0.001174884496477293,0,0,1.05E-05,0.000169694,1.84E-06,0.008854283,0,-0.255832079,1.23E-06,8.22E-06,1.24E-06,0,0.000184054,3.21E-06,1.38E-06,0.04604329885870518,0.059726706527459955,0.017657173297977072,0.005373068586016639,0.0009480663824404503,9.206402477305992e-05,0.0,0.007579925152343685,0.0,0.00099096,7.54E-05,437.90860636489083,-0.088462119,-3.524277645,0.00029507138084226375,10.589038643975451,0.0018954176020885497,0.000214935,9.209098305336111,22.94192919741005,60.8642607878627,17.607504766101826,0.6211451678213211,61.907641997011744,1.7198997402269538,0.9247734516975716
2228,2.2354766163447938e-05,3.710754403614215e-06,1.69E-06,7.44E-07,5.97E-06,3.99E-06,1.73E-06,0.00023365864584452766,2.8508299949806806,3.61E-05,0.0011238029493299709,0,0,1.01E-05,0.000162316,1.76E-06,-0.002254943,0,-0.257792631,1.17E-06,7.86E-06,1.19E-06,0,0.000176052,3.07E-06,1.32E-06,0.04404141660832915,0.05712989320017908,0.016889470615302427,0.005139456780713887,0.0009068453718546453,8.806094052232881e-05,0.0,0.007250362786282119,0.0,0.000947875,7.21E-05,435.51336131935113,-0.089184971,-3.556950135,0.0002822421384782992,10.574070583369483,0.001813007294416778,0.00020559,8.808126371684242,22.23561121112498,57.63406394982069,16.561345099954888,0.5776479697488981,61.76026239186107,1.6043957931367756,0.8845659097779612
2229,2.127039317790755e-05,3.540759110254925e-06,1.61E-06,7.10E-07,5.70E-06,3.81E-06,1.65E-06,0.00022296235603514315,2.7212468129050253,3.45E-05,0.0010727201290270942,0,0,9.60E-06,0.000154938,1.68E-06,-0.013364168,0,-0.259753184,1.12E-06,7.50E-06,1.13E-06,0,0.000168049,2.93E-06,1.26E-06,0.04203953356905795,0.05453307987289822,0.016121767159530433,0.004905844975411136,0.0008656257663549289,8.405831713784807e-05,0.0,0.006920801262681674,0.0,0.000904789,6.89E-05,433.1181163692304,-0.089907824,-3.589622624,0.00026941289611433466,10.559102522763515,0.0017305982850358195,0.000196245,8.407154445975136,21.5292932333921,54.403867120088805,15.515185433807948,0.5341507716764751,61.612882786710394,1.4888918460465976,0.8443583686885819
2230,2.0269433498947197e-05,3.375620825277329e-06,1.54E-06,6.76E-07,5.43E-06,3.63E-06,1.57E-06,0.00021251809088482075,2.5916636317196815,3.28E-05,0.0010216385818797719,0,0,9.14E-06,0.00014756,1.60E-06,-0.024473393,0,-0.261713737,1.07E-06,7.15E-06,1.08E-06,0,0.000160047,2.79E-06,1.20E-06,0.04003765131868193,0.05193626654561735,0.015354063703758436,0.004672233170108385,0.000824404755769124,8.005569375336734e-05,0.0,0.006591238896620108,0.0,0.000861704,6.56E-05,430.72287132369064,-0.090630677,-3.622295113,0.00025658365375037014,10.544134471660325,0.0016481892756548613,0.0001869,8.006182512323265,20.822975247107028,51.173670290356924,14.469025758698992,0.4906535727270884,61.46550318155972,1.3733878989564192,0.8041508275992028
2231,1.926847381998684e-05,3.205625531918039e-06,1.46E-06,6.43E-07,5.16E-06,3.45E-06,1.49E-06,0.00020184677649210008,2.462080449644026,3.12E-05,0.0009705570347324496,0,0,8.69E-06,0.000140182,1.52E-06,-0.035582619,0,-0.263674289,1.01E-06,6.79E-06,1.03E-06,0,0.000152045,2.65E-06,1.14E-06,0.0380357690683059,0.049339453218336486,0.014586361021083797,0.004438621364805635,0.0007831851502694077,7.605260950263624e-05,0.0,0.006261677373019663,0.0,0.000818619,6.23E-05,428.32762627815094,-0.091353529,-3.654967603,0.00024375441138640562,10.529166411054355,0.0015657789679830894,0.000177555,7.605210583437055,20.116657260821956,47.94347346062504,13.422866092552056,0.4471563746546654,61.31812356650192,1.2578839518662412,0.7639432856795925
2232,1.8267514141026485e-05,3.035630238558749e-06,1.38E-06,6.09E-07,4.88E-06,3.26E-06,1.42E-06,0.00019117546209937935,2.332497268458682,2.95E-05,0.000919474214429573,0,0,8.23E-06,0.000132804,1.44E-06,-0.046691844,0,-0.265634842,9.60E-07,6.43E-06,9.72E-07,0,0.000144042,2.51E-06,1.08E-06,0.0360338860290347,0.04674263989105562,0.0138186575653118,0.004205011027476199,0.0007419641396836026,7.204998611815549e-05,0.0,0.005932115006958097,0.0,0.000775534,5.90E-05,425.9323813280302,-0.092076382,-3.687640092,0.00023092516902244113,10.514198359951163,0.0014833699586021313,0.00016821,7.204238654550842,19.41033927453688,44.713276630893155,12.37670642640512,0.40365917570527876,61.17074396135124,1.1423800038805285,0.7237357445902131
2233,1.7266554462066128e-05,2.865634945199459e-06,1.31E-06,5.75E-07,4.61E-06,3.08E-06,1.34E-06,0.00018050414770665865,2.202914087273338,2.79E-05,0.0008683926672822508,0,0,7.77E-06,0.000125426,1.36E-06,-0.057801069,0,-0.267595395,9.07E-07,6.07E-06,9.18E-07,0,0.00013604,2.37E-06,1.02E-06,0.03403200377865868,0.04414582656377475,0.013050954109539803,0.003971399222173448,0.0007007445341838865,6.804736273367476e-05,0.0,0.005602553483357652,0.0,0.000732449,5.58E-05,423.53713628249045,-0.092799235,-3.720312581,0.00021809592665847661,10.499230299345196,0.0014009609492211727,0.000158865,6.803266724870354,18.70402128825181,41.48307979285115,11.33054676025818,0.36016197763285573,61.02336435620057,1.02687605679035,0.6835282035008339
2234,1.6265594783105774e-05,2.7004966602218633e-06,1.23E-06,5.41E-07,4.34E-06,2.90E-06,1.26E-06,0.00016983283331393795,2.073330905197683,2.63E-05,0.0008173111201349283,0,0,7.31E-06,0.000118048,1.28E-06,-0.068910295,0,-0.269555947,8.53E-07,5.72E-06,8.64E-07,0,0.000128038,2.23E-06,9.63E-07,0.03203012073938747,0.04154901323649388,0.012283251426865162,0.003737787416870697,0.0006595235235980814,6.404427848294365e-05,0.0,0.005272991117296086,0.0,0.000689363,5.25E-05,421.1418912369507,-0.093522087,-3.752985071,0.0002052666842945121,10.484262248242004,0.0013185506415494008,0.00014952,6.402294795189866,17.997703301966737,38.25288296311927,10.284387094111244,0.3166647786834691,60.87598475104989,0.911372109700172,0.6433206615812236
2235,1.5181221797565388e-05,2.5305013668625733e-06,1.15E-06,5.07E-07,4.07E-06,2.72E-06,1.18E-06,0.00015938856816361555,1.9437477240123389,2.46E-05,0.0007662282998320517,0,0,6.86E-06,0.00011067,1.20E-06,-0.08001952,0,-0.2715165,8.00E-07,5.36E-06,8.10E-07,0,0.000120035,2.09E-06,9.03E-07,0.030028238489011445,0.03895219990921302,0.011515547971093167,0.0035041756115679465,0.0006183039180983652,6.004165509846291e-05,0.0,0.004943429593695641,0.0,0.000646278,4.92E-05,418.74664619141095,-0.09424494,-3.78565756,0.00019243744193054758,10.469294187636036,0.0012361416321684427,0.000140175,6.001322865509377,17.291385324233858,35.02268613338739,9.238227427964306,0.27316758061104607,60.72860513599209,0.7958681626099939,0.6031131204918443
2236,1.4180262118605034e-05,2.3605060735032833e-06,1.08E-06,4.74E-07,3.80E-06,2.54E-06,1.10E-06,0.00014871725377089487,1.8141645419366836,2.30E-05,0.0007151467526847295,0,0,6.40E-06,0.000103292,1.12E-06,-0.091128745,0,-0.273477053,7.47E-07,5.00E-06,7.56E-07,0,0.000112033,1.95E-06,8.43E-07,0.028026356238635416,0.03635538658193215,0.01074784451532117,0.003270563806265196,0.000577084312598649,5.603903171398218e-05,0.0,0.0046138672276340754,0.0,0.000603193,4.59E-05,416.3514012412902,-0.094967793,-3.818330049,0.00017960819956658303,10.454326127030066,0.0011537326227874843,0.00013083,5.60035093582889,16.585067337948786,31.7924893036555,8.192067763609773,0.22967038253862304,60.581225530841415,0.6803642155198157,0.5629055794024651
2237,1.317930243964468e-05,2.195367788525687e-06,9.99E-07,4.40E-07,3.53E-06,2.36E-06,1.02E-06,0.00013804593937817418,1.6845813607513396,2.13E-05,0.0006640652055374072,0,0,5.94E-06,9.59E-05,1.04E-06,-0.102237971,0,-0.275437605,6.93E-07,4.65E-06,7.02E-07,0,0.000104031,1.81E-06,7.83E-07,0.02602447319936422,0.03375857325465128,0.00998014183264653,0.003036952000962445,0.0005358633020128439,5.203594746325106e-05,0.0,0.00428430570403363,0.0,0.000560108,4.26E-05,413.9561561957505,-0.095690645,-3.851002539,0.0001667789572026185,10.439358075926876,0.0010713223151157124,0.000121485,5.199379006148402,15.878749351663714,28.56229247392362,7.145908097462835,0.18617318358923643,60.43384592569074,0.564860267534103,0.5226980374828546
2238,1.2178342760684325e-05,2.0253724951663975e-06,9.23E-07,4.06E-07,3.26E-06,2.18E-06,9.44E-07,0.00012737462498545348,1.5549981786756844,1.97E-05,0.0006129836583900849,0,0,5.49E-06,8.85E-05,9.60E-07,-0.113347196,0,-0.277398158,6.40E-07,4.29E-06,6.48E-07,0,9.60E-05,1.67E-06,7.22E-07,0.02402259094898819,0.03116175992737041,0.009212438376874533,0.0028033401956596947,0.0004946436965131277,4.803332407877033e-05,0.0,0.0039547433379720645,0.0,0.000517023,3.94E-05,411.56091115021076,-0.096413498,-3.883675028,0.000153949714838654,10.424390015320908,0.000988913305734754,0.00011214,4.798407076467913,15.17243136537864,25.33209563588161,6.099748430419695,0.14267598551681338,60.28646631063294,0.44935632044392476,0.48249049639347547
2239,1.1177383081723969e-05,1.8553772018071075e-06,8.46E-07,3.72E-07,2.98E-06,1.99E-06,8.65E-07,0.00011693035983513107,1.4254149974903403,1.80E-05,0.0005619008380872083,0,0,5.03E-06,8.12E-05,8.80E-07,-0.124456421,0,-0.279358711,5.87E-07,3.93E-06,5.94E-07,0,8.80E-05,1.53E-06,6.62E-07,0.02202070790971699,0.02856494660008954,0.008444734921102537,0.0025697283903569437,0.00045342268592732263,4.4012726910525084e-05,0.0,0.00362518181437162,0.0,0.000473937,3.61E-05,409.16566620009,-0.097136351,-3.916347517,0.00014112047247468948,10.409421964217715,0.0009065042963537957,0.000102795,4.3974351467874255,14.466113379093569,22.101898806149727,5.0535887642727575,0.09917878656742675,60.13908670548226,0.3338523733537466,0.4422829553040962
2240,1.0176423402763613e-05,1.6853819084478174e-06,7.69E-07,3.38E-07,2.71E-06,1.81E-06,7.87E-07,0.00010625904544241037,1.2958318154146853,1.64E-05,0.0005108192909398859,0,0,4.57E-06,7.38E-05,8.00E-07,-0.135565647,0,-0.281319263,5.33E-07,3.57E-06,5.40E-07,0,8.00E-05,1.40E-06,6.02E-07,0.020018825659340964,0.025968133272808676,0.007677032238427897,0.0023361165850541927,0.0004122030804276064,4.004927715732597e-05,0.0,0.003295619448310054,0.0,0.000430852,3.28E-05,406.77042115455026,-0.097859203,-3.949020007,0.00012829123011072496,10.394453903611748,0.000824093988682024,9.34E-05,3.9964632171069367,13.759795392808497,18.871701976417842,4.007429097229618,0.05568158849500373,59.99170710033159,0.21834842626356848,0.4020754133844858
2241,9.092050417223228e-06,1.5202436234702217e-06,6.92E-07,3.04E-07,2.44E-06,1.63E-06,7.08E-07,9.558773104968967e-05,1.166248634229341,1.48E-05,0.0004597377437925636,0,0,4.11E-06,6.64E-05,7.20E-07,-0.146674872,0,-0.283279816,4.80E-07,3.22E-06,4.86E-07,0,7.20E-05,1.26E-06,5.42E-07,0.01801694340896494,0.02337131994552781,0.0069093287826559,0.002102504779751442,0.0003709820698418013,3.603974077908965e-05,0.0,0.0029660579247096095,0.0,0.000387767,2.95E-05,404.3751761090105,-0.098582056,-3.981692496,0.0001154142465899497,10.379485852508557,0.0007416849793010656,8.41E-05,3.595491287426449,13.053477406523424,15.641505146685962,2.961269431082681,0.012184390422580703,59.84432749518091,0.10284447827785566,0.36186787229510653
2242,8.116114730236882e-06,1.3502483301109317e-06,6.15E-07,2.71E-07,2.17E-06,1.45E-06,6.29E-07,8.491641665696898e-05,1.036665453043997,1.31E-05,0.000408654923489687,0,0,3.66E-06,5.90E-05,6.40E-07,-0.157784097,0,-0.285240369,4.27E-07,2.86E-06,4.32E-07,0,6.40E-05,1.12E-06,4.82E-07,0.016015060369693735,0.02077450661824694,0.006141625326883903,0.0018688929744486913,0.00032976246434208506,3.203020440085333e-05,0.0,0.002636495558648043,0.0,0.000344682,2.62E-05,401.97993106347076,-0.099304909,-4.014364985,0.00010264348714307832,10.364517791902587,0.0006592759699201072,7.48E-05,3.1945193577459605,12.347159428790546,12.411308316954079,1.9151097649357434,-0.03131280852680594,59.69694788012312,-0.012659468812322487,0.32166033120572735
2243,7.106813720618523e-06,1.1802530367516416e-06,5.38E-07,2.37E-07,1.90E-06,1.27E-06,5.51E-07,7.424510226424828e-05,0.9070822709683418,1.15E-05,0.00035757337634236474,0,0,3.20E-06,5.16E-05,5.60E-07,-0.168893323,0,-0.287200921,3.73E-07,2.50E-06,3.78E-07,0,5.60E-05,9.77E-07,4.21E-07,0.014013178119317708,0.018177693290966076,0.005373922644209263,0.0016352811691459407,0.00028854145375628007,2.8020668022617016e-05,0.0,0.0023069340350475986,0.0,0.000301596,2.30E-05,399.58468611335,-0.100027761,-4.047037475,8.975337480418012e-05,10.349549731296621,0.0005768656622483354,6.54E-05,2.793547428859749,11.640841442505472,9.181111478912067,0.868950097892604,-0.07481000659922897,59.549568274972444,-0.12816341590250066,0.28145278928611694
2244,6.089171380342162e-06,1.0102577433923516e-06,4.61E-07,2.03E-07,1.63E-06,1.09E-06,4.72E-07,6.380083711392589e-05,0.7774990897829978,9.84E-06,0.0003064918291950424,0,0,2.74E-06,4.43E-05,4.80E-07,-0.180002548,0,-0.289161474,3.20E-07,2.14E-06,3.24E-07,0,4.80E-05,8.37E-07,3.61E-07,0.012011295080046508,0.015580879963685205,0.004606219188437267,0.0014016708318165044,0.00024732184825656384,2.40111316443807e-05,0.0,0.0019773716689860323,0.0,0.000258511,1.97E-05,397.1894410678103,-0.100750614,-4.079709964,7.698261535730873e-05,10.334581680193429,0.000494456652867377,5.61E-05,2.392575499179261,10.934523456220399,5.950914650842211,-0.1772095682543336,-0.1183072055486156,59.40218866982177,-0.2436673629926788,0.24124524819673773
2245,5.071529040065801e-06,8.451194584147557e-07,3.84E-07,1.69E-07,1.36E-06,9.07E-07,3.93E-07,5.312952272120519e-05,0.6479159077073426,8.20E-06,0.0002554090088921659,0,0,2.29E-06,3.69E-05,4.00E-07,-0.191111773,0,-0.291122027,2.67E-07,1.79E-06,2.70E-07,0,4.00E-05,6.98E-07,3.01E-07,0.010009412829670482,0.012984066636404338,0.0038385157326652703,0.0011680590265137538,0.00020610083767075882,2.0001595266144384e-05,0.0,0.0016478101453855875,0.0,0.000215426,1.64E-05,394.79419602227057,-0.101473467,-4.112382453,6.409250301841053e-05,10.319613619587459,0.00041204764348641863,4.67E-05,1.9916035694987726,10.228205469935327,2.7207178194483035,-1.223369235297473,-0.16180440362103862,59.25480906467109,-0.35917131008285696,0.2010377071073585
2246,4.062228030447442e-06,6.751241650554658e-07,3.08E-07,1.35E-07,1.09E-06,7.25E-07,3.15E-07,4.245820832848449e-05,0.5183327265219985,6.56E-06,0.0002043274617448435,0,0,1.83E-06,2.95E-05,3.20E-07,-0.202220999,0,-0.293082579,2.13E-07,1.43E-06,2.16E-07,0,3.20E-05,5.58E-07,2.41E-07,0.008007530579294455,0.01038725330912347,0.0030708130499906296,0.000934447221211003,0.00016488123217104253,1.5992058887908068e-05,0.0,0.0013182477793240216,0.0,0.000172341,1.31E-05,392.3989510721498,-0.102196319,-4.145054943,5.132174357153916e-05,10.304645568484268,0.0003296373358146469,3.74E-05,1.5906316398182843,9.521887483650255,-0.5094790119456046,-2.2695289014444104,-0.20530160257042526,59.10742944961329,-0.47467525806856975,0.1608301651877481
2247,3.044585690171081e-06,5.051288716961758e-07,2.31E-07,1.01E-07,8.14E-07,5.44E-07,2.36E-07,3.178689393576379e-05,0.38874954444634335,4.92E-06,0.0001532459145975212,0,0,1.37E-06,2.21E-05,2.40E-07,-0.213330224,0,-0.295043132,1.60E-07,1.07E-06,1.62E-07,0,2.40E-05,4.19E-07,1.81E-07,0.006005647540023254,0.007790439981842603,0.0023031095942186333,0.0007008354159082522,0.00012364757581043872,1.202860913470895e-05,0.0,0.0009886862557235768,0.0,0.000129256,9.84E-06,390.00370602661013,-0.102919172,-4.177727432,3.843163123264095e-05,10.2896775078783,0.0002472283264336885,2.80E-05,1.1896597101377961,8.815569497365184,-3.739675843339512,-3.31568856848755,-0.2487988006428483,58.96004984446262,-0.590179205158748,0.12062262409836887
2248,2.0269433498947197e-06,3.375620825277329e-07,1.54E-07,6.76E-08,5.43E-07,3.63E-07,1.57E-07,2.1251809088482075e-05,0.25916636326099923,3.28E-06,0.00010210707545025797,0,0,9.14E-07,1.48E-05,1.60E-07,-0.224439449,0,-0.297003685,1.07E-07,7.15E-07,1.08E-07,0,1.60E-05,2.79E-07,1.20E-07,0.0040037652896472275,0.005193626654561735,0.001535406138446637,0.0004672236106055015,8.247855340991766e-05,8.019072756472632e-06,0.0,0.0006591238896620108,0.0,8.62E-05,6.56E-06,387.6084609810703,-0.103642025,-4.210399921,2.566087178576958e-05,10.274709456775108,0.00016481931705273015,1.87E-05,0.788687780457308,8.109251515356208,-6.96987267473342,-4.361848234634487,-0.29229599871527134,58.81267023931194,-0.7056831522489261,0.08041508300898963
2249,1.0176423402763613e-06,1.6853819084478177e-07,7.69E-08,3.38E-08,2.71E-07,1.81E-07,7.87E-08,1.0625904544241037e-05,0.12958318118534412,1.64E-06,5.1053537725128985e-05,0,0,4.57E-07,7.38E-06,8.00E-08,-0.235548675,0,-0.298964237,5.33E-08,3.57E-07,5.40E-08,0,8.00E-06,1.40E-07,6.02E-08,0.0020018822503760263,0.0025968133272808677,0.0007677034557719964,0.00023361180530275075,4.116902240052108e-05,4.0049277157325965e-06,0.0,0.00032956236606156603,0.0,4.31E-05,3.28E-06,385.21321593553057,-0.104364877,-4.243072411,1.2770759446871372e-05,10.25974139616914,8.244146665129353e-05,9.34E-06,0.3877158507768198,7.402933530781573,-10.200069507789355,-5.408007900781425,-0.3357931976646579,58.665290634161266,-0.8211870993391042,0.04020754108937923
2250,0.0,0.0,0,0,0,0,0,0.0,0.0,0,0.0,0,0,0,0,0,-0.2466579,0,-0.30092479,0,0,0,0,0,0,0,0.0,0.0,0.0,0.0,0.0,0.0,0.0,0.0,0.0,0,0,382.8179709854099,-0.10508773,-4.2757449,0.0,10.244773335563172,0.0,0,-0.013256078903668365,6.696615545351721,-13.430266337521235,-6.454167567824564,-0.37929039573708095,58.517911019103465,-0.936691047324817,0.0
2251,0.0,0.0,0,0,0,0,0,0.0,0.0,0,0.0,0,0,0,0,0,-0.2466579,0,-0.30092479,0,0,0,0,0,0,0,0.0,0.0,0.0,0.0,0.0,0.0,0.0,0.0,0.0,0,0,382.8179709854099,-0.10508773,-4.2757449,0.0,10.244773335563172,0.0,0,-0.013256078903668365,6.696615545351721,-13.430266337521235,-6.454167567824564,-0.37929039573708095,58.517911019103465,-0.936691047324817,0.0
2252,0.0,0.0,0,0,0,0,0,0.0,0.0,0,0.0,0,0,0,0,0,-0.2466579,0,-0.30092479,0,0,0,0,0,0,0,0.0,0.0,0.0,0.0,0.0,0.0,0.0,0.0,0.0,0,0,382.8179709854099,-0.10508773,-4.2757449,0.0,10.244773335563172,0.0,0,-0.013256078903668365,6.696615545351721,-13.430266337521235,-6.454167567824564,-0.37929039573708095,58.517911019103465,-0.936691047324817,0.0
2253,0.0,0.0,0,0,0,0,0,0.0,0.0,0,0.0,0,0,0,0,0,-0.2466579,0,-0.30092479,0,0,0,0,0,0,0,0.0,0.0,0.0,0.0,0.0,0.0,0.0,0.0,0.0,0,0,382.8179709854099,-0.10508773,-4.2757449,0.0,10.244773335563172,0.0,0,-0.013256078903668365,6.696615545351721,-13.430266337521235,-6.454167567824564,-0.37929039573708095,58.517911019103465,-0.936691047324817,0.0
2254,0.0,0.0,0,0,0,0,0,0.0,0.0,0,0.0,0,0,0,0,0,-0.2466579,0,-0.30092479,0,0,0,0,0,0,0,0.0,0.0,0.0,0.0,0.0,0.0,0.0,0.0,0.0,0,0,382.8179709854099,-0.10508773,-4.2757449,0.0,10.244773335563172,0.0,0,-0.013256078903668365,6.696615545351721,-13.430266337521235,-6.454167567824564,-0.37929039573708095,58.517911019103465,-0.936691047324817,0.0
2255,0.0,0.0,0,0,0,0,0,0.0,0.0,0,0.0,0,0,0,0,0,-0.2466579,0,-0.30092479,0,0,0,0,0,0,0,0.0,0.0,0.0,0.0,0.0,0.0,0.0,0.0,0.0,0,0,382.8179709854099,-0.10508773,-4.2757449,0.0,10.244773335563172,0.0,0,-0.013256078903668365,6.696615545351721,-13.430266337521235,-6.454167567824564,-0.37929039573708095,58.517911019103465,-0.936691047324817,0.0
2256,0.0,0.0,0,0,0,0,0,0.0,0.0,0,0.0,0,0,0,0,0,-0.2466579,0,-0.30092479,0,0,0,0,0,0,0,0.0,0.0,0.0,0.0,0.0,0.0,0.0,0.0,0.0,0,0,382.8179709854099,-0.10508773,-4.2757449,0.0,10.244773335563172,0.0,0,-0.013256078903668365,6.696615545351721,-13.430266337521235,-6.454167567824564,-0.37929039573708095,58.517911019103465,-0.936691047324817,0.0
2257,0.0,0.0,0,0,0,0,0,0.0,0.0,0,0.0,0,0,0,0,0,-0.2466579,0,-0.30092479,0,0,0,0,0,0,0,0.0,0.0,0.0,0.0,0.0,0.0,0.0,0.0,0.0,0,0,382.8179709854099,-0.10508773,-4.2757449,0.0,10.244773335563172,0.0,0,-0.013256078903668365,6.696615545351721,-13.430266337521235,-6.454167567824564,-0.37929039573708095,58.517911019103465,-0.936691047324817,0.0
2258,0.0,0.0,0,0,0,0,0,0.0,0.0,0,0.0,0,0,0,0,0,-0.2466579,0,-0.30092479,0,0,0,0,0,0,0,0.0,0.0,0.0,0.0,0.0,0.0,0.0,0.0,0.0,0,0,382.8179709854099,-0.10508773,-4.2757449,0.0,10.244773335563172,0.0,0,-0.013256078903668365,6.696615545351721,-13.430266337521235,-6.454167567824564,-0.37929039573708095,58.517911019103465,-0.936691047324817,0.0
2259,0.0,0.0,0,0,0,0,0,0.0,0.0,0,0.0,0,0,0,0,0,-0.2466579,0,-0.30092479,0,0,0,0,0,0,0,0.0,0.0,0.0,0.0,0.0,0.0,0.0,0.0,0.0,0,0,382.8179709854099,-0.10508773,-4.2757449,0.0,10.244773335563172,0.0,0,-0.013256078903668365,6.696615545351721,-13.430266337521235,-6.454167567824564,-0.37929039573708095,58.517911019103465,-0.936691047324817,0.0
2260,0.0,0.0,0,0,0,0,0,0.0,0.0,0,0.0,0,0,0,0,0,-0.2466579,0,-0.30092479,0,0,0,0,0,0,0,0.0,0.0,0.0,0.0,0.0,0.0,0.0,0.0,0.0,0,0,382.8179709854099,-0.10508773,-4.2757449,0.0,10.244773335563172,0.0,0,-0.013256078903668365,6.696615545351721,-13.430266337521235,-6.454167567824564,-0.37929039573708095,58.517911019103465,-0.936691047324817,0.0
2261,0.0,0.0,0,0,0,0,0,0.0,0.0,0,0.0,0,0,0,0,0,-0.2466579,0,-0.30092479,0,0,0,0,0,0,0,0.0,0.0,0.0,0.0,0.0,0.0,0.0,0.0,0.0,0,0,382.8179709854099,-0.10508773,-4.2757449,0.0,10.244773335563172,0.0,0,-0.013256078903668365,6.696615545351721,-13.430266337521235,-6.454167567824564,-0.37929039573708095,58.517911019103465,-0.936691047324817,0.0
2262,0.0,0.0,0,0,0,0,0,0.0,0.0,0,0.0,0,0,0,0,0,-0.2466579,0,-0.30092479,0,0,0,0,0,0,0,0.0,0.0,0.0,0.0,0.0,0.0,0.0,0.0,0.0,0,0,382.8179709854099,-0.10508773,-4.2757449,0.0,10.244773335563172,0.0,0,-0.013256078903668365,6.696615545351721,-13.430266337521235,-6.454167567824564,-0.37929039573708095,58.517911019103465,-0.936691047324817,0.0
2263,0.0,0.0,0,0,0,0,0,0.0,0.0,0,0.0,0,0,0,0,0,-0.2466579,0,-0.30092479,0,0,0,0,0,0,0,0.0,0.0,0.0,0.0,0.0,0.0,0.0,0.0,0.0,0,0,382.8179709854099,-0.10508773,-4.2757449,0.0,10.244773335563172,0.0,0,-0.013256078903668365,6.696615545351721,-13.430266337521235,-6.454167567824564,-0.37929039573708095,58.517911019103465,-0.936691047324817,0.0
2264,0.0,0.0,0,0,0,0,0,0.0,0.0,0,0.0,0,0,0,0,0,-0.2466579,0,-0.30092479,0,0,0,0,0,0,0,0.0,0.0,0.0,0.0,0.0,0.0,0.0,0.0,0.0,0,0,382.8179709854099,-0.10508773,-4.2757449,0.0,10.244773335563172,0.0,0,-0.013256078903668365,6.696615545351721,-13.430266337521235,-6.454167567824564,-0.37929039573708095,58.517911019103465,-0.936691047324817,0.0
2265,0.0,0.0,0,0,0,0,0,0.0,0.0,0,0.0,0,0,0,0,0,-0.2466579,0,-0.30092479,0,0,0,0,0,0,0,0.0,0.0,0.0,0.0,0.0,0.0,0.0,0.0,0.0,0,0,382.8179709854099,-0.10508773,-4.2757449,0.0,10.244773335563172,0.0,0,-0.013256078903668365,6.696615545351721,-13.430266337521235,-6.454167567824564,-0.37929039573708095,58.517911019103465,-0.936691047324817,0.0
2266,0.0,0.0,0,0,0,0,0,0.0,0.0,0,0.0,0,0,0,0,0,-0.2466579,0,-0.30092479,0,0,0,0,0,0,0,0.0,0.0,0.0,0.0,0.0,0.0,0.0,0.0,0.0,0,0,382.8179709854099,-0.10508773,-4.2757449,0.0,10.244773335563172,0.0,0,-0.013256078903668365,6.696615545351721,-13.430266337521235,-6.454167567824564,-0.37929039573708095,58.517911019103465,-0.936691047324817,0.0
2267,0.0,0.0,0,0,0,0,0,0.0,0.0,0,0.0,0,0,0,0,0,-0.2466579,0,-0.30092479,0,0,0,0,0,0,0,0.0,0.0,0.0,0.0,0.0,0.0,0.0,0.0,0.0,0,0,382.8179709854099,-0.10508773,-4.2757449,0.0,10.244773335563172,0.0,0,-0.013256078903668365,6.696615545351721,-13.430266337521235,-6.454167567824564,-0.37929039573708095,58.517911019103465,-0.936691047324817,0.0
2268,0.0,0.0,0,0,0,0,0,0.0,0.0,0,0.0,0,0,0,0,0,-0.2466579,0,-0.30092479,0,0,0,0,0,0,0,0.0,0.0,0.0,0.0,0.0,0.0,0.0,0.0,0.0,0,0,382.8179709854099,-0.10508773,-4.2757449,0.0,10.244773335563172,0.0,0,-0.013256078903668365,6.696615545351721,-13.430266337521235,-6.454167567824564,-0.37929039573708095,58.517911019103465,-0.936691047324817,0.0
2269,0.0,0.0,0,0,0,0,0,0.0,0.0,0,0.0,0,0,0,0,0,-0.2466579,0,-0.30092479,0,0,0,0,0,0,0,0.0,0.0,0.0,0.0,0.0,0.0,0.0,0.0,0.0,0,0,382.8179709854099,-0.10508773,-4.2757449,0.0,10.244773335563172,0.0,0,-0.013256078903668365,6.696615545351721,-13.430266337521235,-6.454167567824564,-0.37929039573708095,58.517911019103465,-0.936691047324817,0.0
2270,0.0,0.0,0,0,0,0,0,0.0,0.0,0,0.0,0,0,0,0,0,-0.2466579,0,-0.30092479,0,0,0,0,0,0,0,0.0,0.0,0.0,0.0,0.0,0.0,0.0,0.0,0.0,0,0,382.8179709854099,-0.10508773,-4.2757449,0.0,10.244773335563172,0.0,0,-0.013256078903668365,6.696615545351721,-13.430266337521235,-6.454167567824564,-0.37929039573708095,58.517911019103465,-0.936691047324817,0.0
2271,0.0,0.0,0,0,0,0,0,0.0,0.0,0,0.0,0,0,0,0,0,-0.2466579,0,-0.30092479,0,0,0,0,0,0,0,0.0,0.0,0.0,0.0,0.0,0.0,0.0,0.0,0.0,0,0,382.8179709854099,-0.10508773,-4.2757449,0.0,10.244773335563172,0.0,0,-0.013256078903668365,6.696615545351721,-13.430266337521235,-6.454167567824564,-0.37929039573708095,58.517911019103465,-0.936691047324817,0.0
2272,0.0,0.0,0,0,0,0,0,0.0,0.0,0,0.0,0,0,0,0,0,-0.2466579,0,-0.30092479,0,0,0,0,0,0,0,0.0,0.0,0.0,0.0,0.0,0.0,0.0,0.0,0.0,0,0,382.8179709854099,-0.10508773,-4.2757449,0.0,10.244773335563172,0.0,0,-0.013256078903668365,6.696615545351721,-13.430266337521235,-6.454167567824564,-0.37929039573708095,58.517911019103465,-0.936691047324817,0.0
2273,0.0,0.0,0,0,0,0,0,0.0,0.0,0,0.0,0,0,0,0,0,-0.2466579,0,-0.30092479,0,0,0,0,0,0,0,0.0,0.0,0.0,0.0,0.0,0.0,0.0,0.0,0.0,0,0,382.8179709854099,-0.10508773,-4.2757449,0.0,10.244773335563172,0.0,0,-0.013256078903668365,6.696615545351721,-13.430266337521235,-6.454167567824564,-0.37929039573708095,58.517911019103465,-0.936691047324817,0.0
2274,0.0,0.0,0,0,0,0,0,0.0,0.0,0,0.0,0,0,0,0,0,-0.2466579,0,-0.30092479,0,0,0,0,0,0,0,0.0,0.0,0.0,0.0,0.0,0.0,0.0,0.0,0.0,0,0,382.8179709854099,-0.10508773,-4.2757449,0.0,10.244773335563172,0.0,0,-0.013256078903668365,6.696615545351721,-13.430266337521235,-6.454167567824564,-0.37929039573708095,58.517911019103465,-0.936691047324817,0.0
2275,0.0,0.0,0,0,0,0,0,0.0,0.0,0,0.0,0,0,0,0,0,-0.2466579,0,-0.30092479,0,0,0,0,0,0,0,0.0,0.0,0.0,0.0,0.0,0.0,0.0,0.0,0.0,0,0,382.8179709854099,-0.10508773,-4.2757449,0.0,10.244773335563172,0.0,0,-0.013256078903668365,6.696615545351721,-13.430266337521235,-6.454167567824564,-0.37929039573708095,58.517911019103465,-0.936691047324817,0.0
2276,0.0,0.0,0,0,0,0,0,0.0,0.0,0,0.0,0,0,0,0,0,-0.2466579,0,-0.30092479,0,0,0,0,0,0,0,0.0,0.0,0.0,0.0,0.0,0.0,0.0,0.0,0.0,0,0,382.8179709854099,-0.10508773,-4.2757449,0.0,10.244773335563172,0.0,0,-0.013256078903668365,6.696615545351721,-13.430266337521235,-6.454167567824564,-0.37929039573708095,58.517911019103465,-0.936691047324817,0.0
2277,0.0,0.0,0,0,0,0,0,0.0,0.0,0,0.0,0,0,0,0,0,-0.2466579,0,-0.30092479,0,0,0,0,0,0,0,0.0,0.0,0.0,0.0,0.0,0.0,0.0,0.0,0.0,0,0,382.8179709854099,-0.10508773,-4.2757449,0.0,10.244773335563172,0.0,0,-0.013256078903668365,6.696615545351721,-13.430266337521235,-6.454167567824564,-0.37929039573708095,58.517911019103465,-0.936691047324817,0.0
2278,0.0,0.0,0,0,0,0,0,0.0,0.0,0,0.0,0,0,0,0,0,-0.2466579,0,-0.30092479,0,0,0,0,0,0,0,0.0,0.0,0.0,0.0,0.0,0.0,0.0,0.0,0.0,0,0,382.8179709854099,-0.10508773,-4.2757449,0.0,10.244773335563172,0.0,0,-0.013256078903668365,6.696615545351721,-13.430266337521235,-6.454167567824564,-0.37929039573708095,58.517911019103465,-0.936691047324817,0.0
2279,0.0,0.0,0,0,0,0,0,0.0,0.0,0,0.0,0,0,0,0,0,-0.2466579,0,-0.30092479,0,0,0,0,0,0,0,0.0,0.0,0.0,0.0,0.0,0.0,0.0,0.0,0.0,0,0,382.8179709854099,-0.10508773,-4.2757449,0.0,10.244773335563172,0.0,0,-0.013256078903668365,6.696615545351721,-13.430266337521235,-6.454167567824564,-0.37929039573708095,58.517911019103465,-0.936691047324817,0.0
2280,0.0,0.0,0,0,0,0,0,0.0,0.0,0,0.0,0,0,0,0,0,-0.2466579,0,-0.30092479,0,0,0,0,0,0,0,0.0,0.0,0.0,0.0,0.0,0.0,0.0,0.0,0.0,0,0,382.8179709854099,-0.10508773,-4.2757449,0.0,10.244773335563172,0.0,0,-0.013256078903668365,6.696615545351721,-13.430266337521235,-6.454167567824564,-0.37929039573708095,58.517911019103465,-0.936691047324817,0.0
2281,0.0,0.0,0,0,0,0,0,0.0,0.0,0,0.0,0,0,0,0,0,-0.2466579,0,-0.30092479,0,0,0,0,0,0,0,0.0,0.0,0.0,0.0,0.0,0.0,0.0,0.0,0.0,0,0,382.8179709854099,-0.10508773,-4.2757449,0.0,10.244773335563172,0.0,0,-0.013256078903668365,6.696615545351721,-13.430266337521235,-6.454167567824564,-0.37929039573708095,58.517911019103465,-0.936691047324817,0.0
2282,0.0,0.0,0,0,0,0,0,0.0,0.0,0,0.0,0,0,0,0,0,-0.2466579,0,-0.30092479,0,0,0,0,0,0,0,0.0,0.0,0.0,0.0,0.0,0.0,0.0,0.0,0.0,0,0,382.8179709854099,-0.10508773,-4.2757449,0.0,10.244773335563172,0.0,0,-0.013256078903668365,6.696615545351721,-13.430266337521235,-6.454167567824564,-0.37929039573708095,58.517911019103465,-0.936691047324817,0.0
2283,0.0,0.0,0,0,0,0,0,0.0,0.0,0,0.0,0,0,0,0,0,-0.2466579,0,-0.30092479,0,0,0,0,0,0,0,0.0,0.0,0.0,0.0,0.0,0.0,0.0,0.0,0.0,0,0,382.8179709854099,-0.10508773,-4.2757449,0.0,10.244773335563172,0.0,0,-0.013256078903668365,6.696615545351721,-13.430266337521235,-6.454167567824564,-0.37929039573708095,58.517911019103465,-0.936691047324817,0.0
2284,0.0,0.0,0,0,0,0,0,0.0,0.0,0,0.0,0,0,0,0,0,-0.2466579,0,-0.30092479,0,0,0,0,0,0,0,0.0,0.0,0.0,0.0,0.0,0.0,0.0,0.0,0.0,0,0,382.8179709854099,-0.10508773,-4.2757449,0.0,10.244773335563172,0.0,0,-0.013256078903668365,6.696615545351721,-13.430266337521235,-6.454167567824564,-0.37929039573708095,58.517911019103465,-0.936691047324817,0.0
2285,0.0,0.0,0,0,0,0,0,0.0,0.0,0,0.0,0,0,0,0,0,-0.2466579,0,-0.30092479,0,0,0,0,0,0,0,0.0,0.0,0.0,0.0,0.0,0.0,0.0,0.0,0.0,0,0,382.8179709854099,-0.10508773,-4.2757449,0.0,10.244773335563172,0.0,0,-0.013256078903668365,6.696615545351721,-13.430266337521235,-6.454167567824564,-0.37929039573708095,58.517911019103465,-0.936691047324817,0.0
2286,0.0,0.0,0,0,0,0,0,0.0,0.0,0,0.0,0,0,0,0,0,-0.2466579,0,-0.30092479,0,0,0,0,0,0,0,0.0,0.0,0.0,0.0,0.0,0.0,0.0,0.0,0.0,0,0,382.8179709854099,-0.10508773,-4.2757449,0.0,10.244773335563172,0.0,0,-0.013256078903668365,6.696615545351721,-13.430266337521235,-6.454167567824564,-0.37929039573708095,58.517911019103465,-0.936691047324817,0.0
2287,0.0,0.0,0,0,0,0,0,0.0,0.0,0,0.0,0,0,0,0,0,-0.2466579,0,-0.30092479,0,0,0,0,0,0,0,0.0,0.0,0.0,0.0,0.0,0.0,0.0,0.0,0.0,0,0,382.8179709854099,-0.10508773,-4.2757449,0.0,10.244773335563172,0.0,0,-0.013256078903668365,6.696615545351721,-13.430266337521235,-6.454167567824564,-0.37929039573708095,58.517911019103465,-0.936691047324817,0.0
2288,0.0,0.0,0,0,0,0,0,0.0,0.0,0,0.0,0,0,0,0,0,-0.2466579,0,-0.30092479,0,0,0,0,0,0,0,0.0,0.0,0.0,0.0,0.0,0.0,0.0,0.0,0.0,0,0,382.8179709854099,-0.10508773,-4.2757449,0.0,10.244773335563172,0.0,0,-0.013256078903668365,6.696615545351721,-13.430266337521235,-6.454167567824564,-0.37929039573708095,58.517911019103465,-0.936691047324817,0.0
2289,0.0,0.0,0,0,0,0,0,0.0,0.0,0,0.0,0,0,0,0,0,-0.2466579,0,-0.30092479,0,0,0,0,0,0,0,0.0,0.0,0.0,0.0,0.0,0.0,0.0,0.0,0.0,0,0,382.8179709854099,-0.10508773,-4.2757449,0.0,10.244773335563172,0.0,0,-0.013256078903668365,6.696615545351721,-13.430266337521235,-6.454167567824564,-0.37929039573708095,58.517911019103465,-0.936691047324817,0.0
2290,0.0,0.0,0,0,0,0,0,0.0,0.0,0,0.0,0,0,0,0,0,-0.2466579,0,-0.30092479,0,0,0,0,0,0,0,0.0,0.0,0.0,0.0,0.0,0.0,0.0,0.0,0.0,0,0,382.8179709854099,-0.10508773,-4.2757449,0.0,10.244773335563172,0.0,0,-0.013256078903668365,6.696615545351721,-13.430266337521235,-6.454167567824564,-0.37929039573708095,58.517911019103465,-0.936691047324817,0.0
2291,0.0,0.0,0,0,0,0,0,0.0,0.0,0,0.0,0,0,0,0,0,-0.2466579,0,-0.30092479,0,0,0,0,0,0,0,0.0,0.0,0.0,0.0,0.0,0.0,0.0,0.0,0.0,0,0,382.8179709854099,-0.10508773,-4.2757449,0.0,10.244773335563172,0.0,0,-0.013256078903668365,6.696615545351721,-13.430266337521235,-6.454167567824564,-0.37929039573708095,58.517911019103465,-0.936691047324817,0.0
2292,0.0,0.0,0,0,0,0,0,0.0,0.0,0,0.0,0,0,0,0,0,-0.2466579,0,-0.30092479,0,0,0,0,0,0,0,0.0,0.0,0.0,0.0,0.0,0.0,0.0,0.0,0.0,0,0,382.8179709854099,-0.10508773,-4.2757449,0.0,10.244773335563172,0.0,0,-0.013256078903668365,6.696615545351721,-13.430266337521235,-6.454167567824564,-0.37929039573708095,58.517911019103465,-0.936691047324817,0.0
2293,0.0,0.0,0,0,0,0,0,0.0,0.0,0,0.0,0,0,0,0,0,-0.2466579,0,-0.30092479,0,0,0,0,0,0,0,0.0,0.0,0.0,0.0,0.0,0.0,0.0,0.0,0.0,0,0,382.8179709854099,-0.10508773,-4.2757449,0.0,10.244773335563172,0.0,0,-0.013256078903668365,6.696615545351721,-13.430266337521235,-6.454167567824564,-0.37929039573708095,58.517911019103465,-0.936691047324817,0.0
2294,0.0,0.0,0,0,0,0,0,0.0,0.0,0,0.0,0,0,0,0,0,-0.2466579,0,-0.30092479,0,0,0,0,0,0,0,0.0,0.0,0.0,0.0,0.0,0.0,0.0,0.0,0.0,0,0,382.8179709854099,-0.10508773,-4.2757449,0.0,10.244773335563172,0.0,0,-0.013256078903668365,6.696615545351721,-13.430266337521235,-6.454167567824564,-0.37929039573708095,58.517911019103465,-0.936691047324817,0.0
2295,0.0,0.0,0,0,0,0,0,0.0,0.0,0,0.0,0,0,0,0,0,-0.2466579,0,-0.30092479,0,0,0,0,0,0,0,0.0,0.0,0.0,0.0,0.0,0.0,0.0,0.0,0.0,0,0,382.8179709854099,-0.10508773,-4.2757449,0.0,10.244773335563172,0.0,0,-0.013256078903668365,6.696615545351721,-13.430266337521235,-6.454167567824564,-0.37929039573708095,58.517911019103465,-0.936691047324817,0.0
2296,0.0,0.0,0,0,0,0,0,0.0,0.0,0,0.0,0,0,0,0,0,-0.2466579,0,-0.30092479,0,0,0,0,0,0,0,0.0,0.0,0.0,0.0,0.0,0.0,0.0,0.0,0.0,0,0,382.8179709854099,-0.10508773,-4.2757449,0.0,10.244773335563172,0.0,0,-0.013256078903668365,6.696615545351721,-13.430266337521235,-6.454167567824564,-0.37929039573708095,58.517911019103465,-0.936691047324817,0.0
2297,0.0,0.0,0,0,0,0,0,0.0,0.0,0,0.0,0,0,0,0,0,-0.2466579,0,-0.30092479,0,0,0,0,0,0,0,0.0,0.0,0.0,0.0,0.0,0.0,0.0,0.0,0.0,0,0,382.8179709854099,-0.10508773,-4.2757449,0.0,10.244773335563172,0.0,0,-0.013256078903668365,6.696615545351721,-13.430266337521235,-6.454167567824564,-0.37929039573708095,58.517911019103465,-0.936691047324817,0.0
2298,0.0,0.0,0,0,0,0,0,0.0,0.0,0,0.0,0,0,0,0,0,-0.2466579,0,-0.30092479,0,0,0,0,0,0,0,0.0,0.0,0.0,0.0,0.0,0.0,0.0,0.0,0.0,0,0,382.8179709854099,-0.10508773,-4.2757449,0.0,10.244773335563172,0.0,0,-0.013256078903668365,6.696615545351721,-13.430266337521235,-6.454167567824564,-0.37929039573708095,58.517911019103465,-0.936691047324817,0.0
2299,0.0,0.0,0,0,0,0,0,0.0,0.0,0,0.0,0,0,0,0,0,-0.2466579,0,-0.30092479,0,0,0,0,0,0,0,0.0,0.0,0.0,0.0,0.0,0.0,0.0,0.0,0.0,0,0,382.8179709854099,-0.10508773,-4.2757449,0.0,10.244773335563172,0.0,0,-0.013256078903668365,6.696615545351721,-13.430266337521235,-6.454167567824564,-0.37929039573708095,58.517911019103465,-0.936691047324817,0.0
2300,0.0,0.0,0,0,0,0,0,0.0,0.0,0,0.0,0,0,0,0,0,-0.2466579,0,-0.30092479,0,0,0,0,0,0,0,0.0,0.0,0.0,0.0,0.0,0.0,0.0,0.0,0.0,0,0,382.8179709854099,-0.10508773,-4.2757449,0.0,10.244773335563172,0.0,0,-0.013256078903668365,6.696615545351721,-13.430266337521235,-6.454167567824564,-0.37929039573708095,58.517911019103465,-0.936691047324817,0.0
2301,0.0,0.0,0,0,0,0,0,0.0,0.0,0,0.0,0,0,0,0,0,-0.2466579,0,-0.30092479,0,0,0,0,0,0,0,0.0,0.0,0.0,0.0,0.0,0.0,0.0,0.0,0.0,0,0,382.8179709854099,-0.10508773,-4.2757449,0.0,10.244773335563172,0.0,0,-0.013256078903668365,6.696615545351721,-13.430266337521235,-6.454167567824564,-0.37929039573708095,58.517911019103465,-0.936691047324817,0.0
2302,0.0,0.0,0,0,0,0,0,0.0,0.0,0,0.0,0,0,0,0,0,-0.2466579,0,-0.30092479,0,0,0,0,0,0,0,0.0,0.0,0.0,0.0,0.0,0.0,0.0,0.0,0.0,0,0,382.8179709854099,-0.10508773,-4.2757449,0.0,10.244773335563172,0.0,0,-0.013256078903668365,6.696615545351721,-13.430266337521235,-6.454167567824564,-0.37929039573708095,58.517911019103465,-0.936691047324817,0.0
2303,0.0,0.0,0,0,0,0,0,0.0,0.0,0,0.0,0,0,0,0,0,-0.2466579,0,-0.30092479,0,0,0,0,0,0,0,0.0,0.0,0.0,0.0,0.0,0.0,0.0,0.0,0.0,0,0,382.8179709854099,-0.10508773,-4.2757449,0.0,10.244773335563172,0.0,0,-0.013256078903668365,6.696615545351721,-13.430266337521235,-6.454167567824564,-0.37929039573708095,58.517911019103465,-0.936691047324817,0.0
2304,0.0,0.0,0,0,0,0,0,0.0,0.0,0,0.0,0,0,0,0,0,-0.2466579,0,-0.30092479,0,0,0,0,0,0,0,0.0,0.0,0.0,0.0,0.0,0.0,0.0,0.0,0.0,0,0,382.8179709854099,-0.10508773,-4.2757449,0.0,10.244773335563172,0.0,0,-0.013256078903668365,6.696615545351721,-13.430266337521235,-6.454167567824564,-0.37929039573708095,58.517911019103465,-0.936691047324817,0.0
2305,0.0,0.0,0,0,0,0,0,0.0,0.0,0,0.0,0,0,0,0,0,-0.2466579,0,-0.30092479,0,0,0,0,0,0,0,0.0,0.0,0.0,0.0,0.0,0.0,0.0,0.0,0.0,0,0,382.8179709854099,-0.10508773,-4.2757449,0.0,10.244773335563172,0.0,0,-0.013256078903668365,6.696615545351721,-13.430266337521235,-6.454167567824564,-0.37929039573708095,58.517911019103465,-0.936691047324817,0.0
2306,0.0,0.0,0,0,0,0,0,0.0,0.0,0,0.0,0,0,0,0,0,-0.2466579,0,-0.30092479,0,0,0,0,0,0,0,0.0,0.0,0.0,0.0,0.0,0.0,0.0,0.0,0.0,0,0,382.8179709854099,-0.10508773,-4.2757449,0.0,10.244773335563172,0.0,0,-0.013256078903668365,6.696615545351721,-13.430266337521235,-6.454167567824564,-0.37929039573708095,58.517911019103465,-0.936691047324817,0.0
2307,0.0,0.0,0,0,0,0,0,0.0,0.0,0,0.0,0,0,0,0,0,-0.2466579,0,-0.30092479,0,0,0,0,0,0,0,0.0,0.0,0.0,0.0,0.0,0.0,0.0,0.0,0.0,0,0,382.8179709854099,-0.10508773,-4.2757449,0.0,10.244773335563172,0.0,0,-0.013256078903668365,6.696615545351721,-13.430266337521235,-6.454167567824564,-0.37929039573708095,58.517911019103465,-0.936691047324817,0.0
2308,0.0,0.0,0,0,0,0,0,0.0,0.0,0,0.0,0,0,0,0,0,-0.2466579,0,-0.30092479,0,0,0,0,0,0,0,0.0,0.0,0.0,0.0,0.0,0.0,0.0,0.0,0.0,0,0,382.8179709854099,-0.10508773,-4.2757449,0.0,10.244773335563172,0.0,0,-0.013256078903668365,6.696615545351721,-13.430266337521235,-6.454167567824564,-0.37929039573708095,58.517911019103465,-0.936691047324817,0.0
2309,0.0,0.0,0,0,0,0,0,0.0,0.0,0,0.0,0,0,0,0,0,-0.2466579,0,-0.30092479,0,0,0,0,0,0,0,0.0,0.0,0.0,0.0,0.0,0.0,0.0,0.0,0.0,0,0,382.8179709854099,-0.10508773,-4.2757449,0.0,10.244773335563172,0.0,0,-0.013256078903668365,6.696615545351721,-13.430266337521235,-6.454167567824564,-0.37929039573708095,58.517911019103465,-0.936691047324817,0.0
2310,0.0,0.0,0,0,0,0,0,0.0,0.0,0,0.0,0,0,0,0,0,-0.2466579,0,-0.30092479,0,0,0,0,0,0,0,0.0,0.0,0.0,0.0,0.0,0.0,0.0,0.0,0.0,0,0,382.8179709854099,-0.10508773,-4.2757449,0.0,10.244773335563172,0.0,0,-0.013256078903668365,6.696615545351721,-13.430266337521235,-6.454167567824564,-0.37929039573708095,58.517911019103465,-0.936691047324817,0.0
2311,0.0,0.0,0,0,0,0,0,0.0,0.0,0,0.0,0,0,0,0,0,-0.2466579,0,-0.30092479,0,0,0,0,0,0,0,0.0,0.0,0.0,0.0,0.0,0.0,0.0,0.0,0.0,0,0,382.8179709854099,-0.10508773,-4.2757449,0.0,10.244773335563172,0.0,0,-0.013256078903668365,6.696615545351721,-13.430266337521235,-6.454167567824564,-0.37929039573708095,58.517911019103465,-0.936691047324817,0.0
2312,0.0,0.0,0,0,0,0,0,0.0,0.0,0,0.0,0,0,0,0,0,-0.2466579,0,-0.30092479,0,0,0,0,0,0,0,0.0,0.0,0.0,0.0,0.0,0.0,0.0,0.0,0.0,0,0,382.8179709854099,-0.10508773,-4.2757449,0.0,10.244773335563172,0.0,0,-0.013256078903668365,6.696615545351721,-13.430266337521235,-6.454167567824564,-0.37929039573708095,58.517911019103465,-0.936691047324817,0.0
2313,0.0,0.0,0,0,0,0,0,0.0,0.0,0,0.0,0,0,0,0,0,-0.2466579,0,-0.30092479,0,0,0,0,0,0,0,0.0,0.0,0.0,0.0,0.0,0.0,0.0,0.0,0.0,0,0,382.8179709854099,-0.10508773,-4.2757449,0.0,10.244773335563172,0.0,0,-0.013256078903668365,6.696615545351721,-13.430266337521235,-6.454167567824564,-0.37929039573708095,58.517911019103465,-0.936691047324817,0.0
2314,0.0,0.0,0,0,0,0,0,0.0,0.0,0,0.0,0,0,0,0,0,-0.2466579,0,-0.30092479,0,0,0,0,0,0,0,0.0,0.0,0.0,0.0,0.0,0.0,0.0,0.0,0.0,0,0,382.8179709854099,-0.10508773,-4.2757449,0.0,10.244773335563172,0.0,0,-0.013256078903668365,6.696615545351721,-13.430266337521235,-6.454167567824564,-0.37929039573708095,58.517911019103465,-0.936691047324817,0.0
2315,0.0,0.0,0,0,0,0,0,0.0,0.0,0,0.0,0,0,0,0,0,-0.2466579,0,-0.30092479,0,0,0,0,0,0,0,0.0,0.0,0.0,0.0,0.0,0.0,0.0,0.0,0.0,0,0,382.8179709854099,-0.10508773,-4.2757449,0.0,10.244773335563172,0.0,0,-0.013256078903668365,6.696615545351721,-13.430266337521235,-6.454167567824564,-0.37929039573708095,58.517911019103465,-0.936691047324817,0.0
2316,0.0,0.0,0,0,0,0,0,0.0,0.0,0,0.0,0,0,0,0,0,-0.2466579,0,-0.30092479,0,0,0,0,0,0,0,0.0,0.0,0.0,0.0,0.0,0.0,0.0,0.0,0.0,0,0,382.8179709854099,-0.10508773,-4.2757449,0.0,10.244773335563172,0.0,0,-0.013256078903668365,6.696615545351721,-13.430266337521235,-6.454167567824564,-0.37929039573708095,58.517911019103465,-0.936691047324817,0.0
2317,0.0,0.0,0,0,0,0,0,0.0,0.0,0,0.0,0,0,0,0,0,-0.2466579,0,-0.30092479,0,0,0,0,0,0,0,0.0,0.0,0.0,0.0,0.0,0.0,0.0,0.0,0.0,0,0,382.8179709854099,-0.10508773,-4.2757449,0.0,10.244773335563172,0.0,0,-0.013256078903668365,6.696615545351721,-13.430266337521235,-6.454167567824564,-0.37929039573708095,58.517911019103465,-0.936691047324817,0.0
2318,0.0,0.0,0,0,0,0,0,0.0,0.0,0,0.0,0,0,0,0,0,-0.2466579,0,-0.30092479,0,0,0,0,0,0,0,0.0,0.0,0.0,0.0,0.0,0.0,0.0,0.0,0.0,0,0,382.8179709854099,-0.10508773,-4.2757449,0.0,10.244773335563172,0.0,0,-0.013256078903668365,6.696615545351721,-13.430266337521235,-6.454167567824564,-0.37929039573708095,58.517911019103465,-0.936691047324817,0.0
2319,0.0,0.0,0,0,0,0,0,0.0,0.0,0,0.0,0,0,0,0,0,-0.2466579,0,-0.30092479,0,0,0,0,0,0,0,0.0,0.0,0.0,0.0,0.0,0.0,0.0,0.0,0.0,0,0,382.8179709854099,-0.10508773,-4.2757449,0.0,10.244773335563172,0.0,0,-0.013256078903668365,6.696615545351721,-13.430266337521235,-6.454167567824564,-0.37929039573708095,58.517911019103465,-0.936691047324817,0.0
2320,0.0,0.0,0,0,0,0,0,0.0,0.0,0,0.0,0,0,0,0,0,-0.2466579,0,-0.30092479,0,0,0,0,0,0,0,0.0,0.0,0.0,0.0,0.0,0.0,0.0,0.0,0.0,0,0,382.8179709854099,-0.10508773,-4.2757449,0.0,10.244773335563172,0.0,0,-0.013256078903668365,6.696615545351721,-13.430266337521235,-6.454167567824564,-0.37929039573708095,58.517911019103465,-0.936691047324817,0.0
2321,0.0,0.0,0,0,0,0,0,0.0,0.0,0,0.0,0,0,0,0,0,-0.2466579,0,-0.30092479,0,0,0,0,0,0,0,0.0,0.0,0.0,0.0,0.0,0.0,0.0,0.0,0.0,0,0,382.8179709854099,-0.10508773,-4.2757449,0.0,10.244773335563172,0.0,0,-0.013256078903668365,6.696615545351721,-13.430266337521235,-6.454167567824564,-0.37929039573708095,58.517911019103465,-0.936691047324817,0.0
2322,0.0,0.0,0,0,0,0,0,0.0,0.0,0,0.0,0,0,0,0,0,-0.2466579,0,-0.30092479,0,0,0,0,0,0,0,0.0,0.0,0.0,0.0,0.0,0.0,0.0,0.0,0.0,0,0,382.8179709854099,-0.10508773,-4.2757449,0.0,10.244773335563172,0.0,0,-0.013256078903668365,6.696615545351721,-13.430266337521235,-6.454167567824564,-0.37929039573708095,58.517911019103465,-0.936691047324817,0.0
2323,0.0,0.0,0,0,0,0,0,0.0,0.0,0,0.0,0,0,0,0,0,-0.2466579,0,-0.30092479,0,0,0,0,0,0,0,0.0,0.0,0.0,0.0,0.0,0.0,0.0,0.0,0.0,0,0,382.8179709854099,-0.10508773,-4.2757449,0.0,10.244773335563172,0.0,0,-0.013256078903668365,6.696615545351721,-13.430266337521235,-6.454167567824564,-0.37929039573708095,58.517911019103465,-0.936691047324817,0.0
2324,0.0,0.0,0,0,0,0,0,0.0,0.0,0,0.0,0,0,0,0,0,-0.2466579,0,-0.30092479,0,0,0,0,0,0,0,0.0,0.0,0.0,0.0,0.0,0.0,0.0,0.0,0.0,0,0,382.8179709854099,-0.10508773,-4.2757449,0.0,10.244773335563172,0.0,0,-0.013256078903668365,6.696615545351721,-13.430266337521235,-6.454167567824564,-0.37929039573708095,58.517911019103465,-0.936691047324817,0.0
2325,0.0,0.0,0,0,0,0,0,0.0,0.0,0,0.0,0,0,0,0,0,-0.2466579,0,-0.30092479,0,0,0,0,0,0,0,0.0,0.0,0.0,0.0,0.0,0.0,0.0,0.0,0.0,0,0,382.8179709854099,-0.10508773,-4.2757449,0.0,10.244773335563172,0.0,0,-0.013256078903668365,6.696615545351721,-13.430266337521235,-6.454167567824564,-0.37929039573708095,58.517911019103465,-0.936691047324817,0.0
2326,0.0,0.0,0,0,0,0,0,0.0,0.0,0,0.0,0,0,0,0,0,-0.2466579,0,-0.30092479,0,0,0,0,0,0,0,0.0,0.0,0.0,0.0,0.0,0.0,0.0,0.0,0.0,0,0,382.8179709854099,-0.10508773,-4.2757449,0.0,10.244773335563172,0.0,0,-0.013256078903668365,6.696615545351721,-13.430266337521235,-6.454167567824564,-0.37929039573708095,58.517911019103465,-0.936691047324817,0.0
2327,0.0,0.0,0,0,0,0,0,0.0,0.0,0,0.0,0,0,0,0,0,-0.2466579,0,-0.30092479,0,0,0,0,0,0,0,0.0,0.0,0.0,0.0,0.0,0.0,0.0,0.0,0.0,0,0,382.8179709854099,-0.10508773,-4.2757449,0.0,10.244773335563172,0.0,0,-0.013256078903668365,6.696615545351721,-13.430266337521235,-6.454167567824564,-0.37929039573708095,58.517911019103465,-0.936691047324817,0.0
2328,0.0,0.0,0,0,0,0,0,0.0,0.0,0,0.0,0,0,0,0,0,-0.2466579,0,-0.30092479,0,0,0,0,0,0,0,0.0,0.0,0.0,0.0,0.0,0.0,0.0,0.0,0.0,0,0,382.8179709854099,-0.10508773,-4.2757449,0.0,10.244773335563172,0.0,0,-0.013256078903668365,6.696615545351721,-13.430266337521235,-6.454167567824564,-0.37929039573708095,58.517911019103465,-0.936691047324817,0.0
2329,0.0,0.0,0,0,0,0,0,0.0,0.0,0,0.0,0,0,0,0,0,-0.2466579,0,-0.30092479,0,0,0,0,0,0,0,0.0,0.0,0.0,0.0,0.0,0.0,0.0,0.0,0.0,0,0,382.8179709854099,-0.10508773,-4.2757449,0.0,10.244773335563172,0.0,0,-0.013256078903668365,6.696615545351721,-13.430266337521235,-6.454167567824564,-0.37929039573708095,58.517911019103465,-0.936691047324817,0.0
2330,0.0,0.0,0,0,0,0,0,0.0,0.0,0,0.0,0,0,0,0,0,-0.2466579,0,-0.30092479,0,0,0,0,0,0,0,0.0,0.0,0.0,0.0,0.0,0.0,0.0,0.0,0.0,0,0,382.8179709854099,-0.10508773,-4.2757449,0.0,10.244773335563172,0.0,0,-0.013256078903668365,6.696615545351721,-13.430266337521235,-6.454167567824564,-0.37929039573708095,58.517911019103465,-0.936691047324817,0.0
2331,0.0,0.0,0,0,0,0,0,0.0,0.0,0,0.0,0,0,0,0,0,-0.2466579,0,-0.30092479,0,0,0,0,0,0,0,0.0,0.0,0.0,0.0,0.0,0.0,0.0,0.0,0.0,0,0,382.8179709854099,-0.10508773,-4.2757449,0.0,10.244773335563172,0.0,0,-0.013256078903668365,6.696615545351721,-13.430266337521235,-6.454167567824564,-0.37929039573708095,58.517911019103465,-0.936691047324817,0.0
2332,0.0,0.0,0,0,0,0,0,0.0,0.0,0,0.0,0,0,0,0,0,-0.2466579,0,-0.30092479,0,0,0,0,0,0,0,0.0,0.0,0.0,0.0,0.0,0.0,0.0,0.0,0.0,0,0,382.8179709854099,-0.10508773,-4.2757449,0.0,10.244773335563172,0.0,0,-0.013256078903668365,6.696615545351721,-13.430266337521235,-6.454167567824564,-0.37929039573708095,58.517911019103465,-0.936691047324817,0.0
2333,0.0,0.0,0,0,0,0,0,0.0,0.0,0,0.0,0,0,0,0,0,-0.2466579,0,-0.30092479,0,0,0,0,0,0,0,0.0,0.0,0.0,0.0,0.0,0.0,0.0,0.0,0.0,0,0,382.8179709854099,-0.10508773,-4.2757449,0.0,10.244773335563172,0.0,0,-0.013256078903668365,6.696615545351721,-13.430266337521235,-6.454167567824564,-0.37929039573708095,58.517911019103465,-0.936691047324817,0.0
2334,0.0,0.0,0,0,0,0,0,0.0,0.0,0,0.0,0,0,0,0,0,-0.2466579,0,-0.30092479,0,0,0,0,0,0,0,0.0,0.0,0.0,0.0,0.0,0.0,0.0,0.0,0.0,0,0,382.8179709854099,-0.10508773,-4.2757449,0.0,10.244773335563172,0.0,0,-0.013256078903668365,6.696615545351721,-13.430266337521235,-6.454167567824564,-0.37929039573708095,58.517911019103465,-0.936691047324817,0.0
2335,0.0,0.0,0,0,0,0,0,0.0,0.0,0,0.0,0,0,0,0,0,-0.2466579,0,-0.30092479,0,0,0,0,0,0,0,0.0,0.0,0.0,0.0,0.0,0.0,0.0,0.0,0.0,0,0,382.8179709854099,-0.10508773,-4.2757449,0.0,10.244773335563172,0.0,0,-0.013256078903668365,6.696615545351721,-13.430266337521235,-6.454167567824564,-0.37929039573708095,58.517911019103465,-0.936691047324817,0.0
2336,0.0,0.0,0,0,0,0,0,0.0,0.0,0,0.0,0,0,0,0,0,-0.2466579,0,-0.30092479,0,0,0,0,0,0,0,0.0,0.0,0.0,0.0,0.0,0.0,0.0,0.0,0.0,0,0,382.8179709854099,-0.10508773,-4.2757449,0.0,10.244773335563172,0.0,0,-0.013256078903668365,6.696615545351721,-13.430266337521235,-6.454167567824564,-0.37929039573708095,58.517911019103465,-0.936691047324817,0.0
2337,0.0,0.0,0,0,0,0,0,0.0,0.0,0,0.0,0,0,0,0,0,-0.2466579,0,-0.30092479,0,0,0,0,0,0,0,0.0,0.0,0.0,0.0,0.0,0.0,0.0,0.0,0.0,0,0,382.8179709854099,-0.10508773,-4.2757449,0.0,10.244773335563172,0.0,0,-0.013256078903668365,6.696615545351721,-13.430266337521235,-6.454167567824564,-0.37929039573708095,58.517911019103465,-0.936691047324817,0.0
2338,0.0,0.0,0,0,0,0,0,0.0,0.0,0,0.0,0,0,0,0,0,-0.2466579,0,-0.30092479,0,0,0,0,0,0,0,0.0,0.0,0.0,0.0,0.0,0.0,0.0,0.0,0.0,0,0,382.8179709854099,-0.10508773,-4.2757449,0.0,10.244773335563172,0.0,0,-0.013256078903668365,6.696615545351721,-13.430266337521235,-6.454167567824564,-0.37929039573708095,58.517911019103465,-0.936691047324817,0.0
2339,0.0,0.0,0,0,0,0,0,0.0,0.0,0,0.0,0,0,0,0,0,-0.2466579,0,-0.30092479,0,0,0,0,0,0,0,0.0,0.0,0.0,0.0,0.0,0.0,0.0,0.0,0.0,0,0,382.8179709854099,-0.10508773,-4.2757449,0.0,10.244773335563172,0.0,0,-0.013256078903668365,6.696615545351721,-13.430266337521235,-6.454167567824564,-0.37929039573708095,58.517911019103465,-0.936691047324817,0.0
2340,0.0,0.0,0,0,0,0,0,0.0,0.0,0,0.0,0,0,0,0,0,-0.2466579,0,-0.30092479,0,0,0,0,0,0,0,0.0,0.0,0.0,0.0,0.0,0.0,0.0,0.0,0.0,0,0,382.8179709854099,-0.10508773,-4.2757449,0.0,10.244773335563172,0.0,0,-0.013256078903668365,6.696615545351721,-13.430266337521235,-6.454167567824564,-0.37929039573708095,58.517911019103465,-0.936691047324817,0.0
2341,0.0,0.0,0,0,0,0,0,0.0,0.0,0,0.0,0,0,0,0,0,-0.2466579,0,-0.30092479,0,0,0,0,0,0,0,0.0,0.0,0.0,0.0,0.0,0.0,0.0,0.0,0.0,0,0,382.8179709854099,-0.10508773,-4.2757449,0.0,10.244773335563172,0.0,0,-0.013256078903668365,6.696615545351721,-13.430266337521235,-6.454167567824564,-0.37929039573708095,58.517911019103465,-0.936691047324817,0.0
2342,0.0,0.0,0,0,0,0,0,0.0,0.0,0,0.0,0,0,0,0,0,-0.2466579,0,-0.30092479,0,0,0,0,0,0,0,0.0,0.0,0.0,0.0,0.0,0.0,0.0,0.0,0.0,0,0,382.8179709854099,-0.10508773,-4.2757449,0.0,10.244773335563172,0.0,0,-0.013256078903668365,6.696615545351721,-13.430266337521235,-6.454167567824564,-0.37929039573708095,58.517911019103465,-0.936691047324817,0.0
2343,0.0,0.0,0,0,0,0,0,0.0,0.0,0,0.0,0,0,0,0,0,-0.2466579,0,-0.30092479,0,0,0,0,0,0,0,0.0,0.0,0.0,0.0,0.0,0.0,0.0,0.0,0.0,0,0,382.8179709854099,-0.10508773,-4.2757449,0.0,10.244773335563172,0.0,0,-0.013256078903668365,6.696615545351721,-13.430266337521235,-6.454167567824564,-0.37929039573708095,58.517911019103465,-0.936691047324817,0.0
2344,0.0,0.0,0,0,0,0,0,0.0,0.0,0,0.0,0,0,0,0,0,-0.2466579,0,-0.30092479,0,0,0,0,0,0,0,0.0,0.0,0.0,0.0,0.0,0.0,0.0,0.0,0.0,0,0,382.8179709854099,-0.10508773,-4.2757449,0.0,10.244773335563172,0.0,0,-0.013256078903668365,6.696615545351721,-13.430266337521235,-6.454167567824564,-0.37929039573708095,58.517911019103465,-0.936691047324817,0.0
2345,0.0,0.0,0,0,0,0,0,0.0,0.0,0,0.0,0,0,0,0,0,-0.2466579,0,-0.30092479,0,0,0,0,0,0,0,0.0,0.0,0.0,0.0,0.0,0.0,0.0,0.0,0.0,0,0,382.8179709854099,-0.10508773,-4.2757449,0.0,10.244773335563172,0.0,0,-0.013256078903668365,6.696615545351721,-13.430266337521235,-6.454167567824564,-0.37929039573708095,58.517911019103465,-0.936691047324817,0.0
2346,0.0,0.0,0,0,0,0,0,0.0,0.0,0,0.0,0,0,0,0,0,-0.2466579,0,-0.30092479,0,0,0,0,0,0,0,0.0,0.0,0.0,0.0,0.0,0.0,0.0,0.0,0.0,0,0,382.8179709854099,-0.10508773,-4.2757449,0.0,10.244773335563172,0.0,0,-0.013256078903668365,6.696615545351721,-13.430266337521235,-6.454167567824564,-0.37929039573708095,58.517911019103465,-0.936691047324817,0.0
2347,0.0,0.0,0,0,0,0,0,0.0,0.0,0,0.0,0,0,0,0,0,-0.2466579,0,-0.30092479,0,0,0,0,0,0,0,0.0,0.0,0.0,0.0,0.0,0.0,0.0,0.0,0.0,0,0,382.8179709854099,-0.10508773,-4.2757449,0.0,10.244773335563172,0.0,0,-0.013256078903668365,6.696615545351721,-13.430266337521235,-6.454167567824564,-0.37929039573708095,58.517911019103465,-0.936691047324817,0.0
2348,0.0,0.0,0,0,0,0,0,0.0,0.0,0,0.0,0,0,0,0,0,-0.2466579,0,-0.30092479,0,0,0,0,0,0,0,0.0,0.0,0.0,0.0,0.0,0.0,0.0,0.0,0.0,0,0,382.8179709854099,-0.10508773,-4.2757449,0.0,10.244773335563172,0.0,0,-0.013256078903668365,6.696615545351721,-13.430266337521235,-6.454167567824564,-0.37929039573708095,58.517911019103465,-0.936691047324817,0.0
2349,0.0,0.0,0,0,0,0,0,0.0,0.0,0,0.0,0,0,0,0,0,-0.2466579,0,-0.30092479,0,0,0,0,0,0,0,0.0,0.0,0.0,0.0,0.0,0.0,0.0,0.0,0.0,0,0,382.8179709854099,-0.10508773,-4.2757449,0.0,10.244773335563172,0.0,0,-0.013256078903668365,6.696615545351721,-13.430266337521235,-6.454167567824564,-0.37929039573708095,58.517911019103465,-0.936691047324817,0.0
2350,0.0,0.0,0,0,0,0,0,0.0,0.0,0,0.0,0,0,0,0,0,-0.2466579,0,-0.30092479,0,0,0,0,0,0,0,0.0,0.0,0.0,0.0,0.0,0.0,0.0,0.0,0.0,0,0,382.8179709854099,-0.10508773,-4.2757449,0.0,10.244773335563172,0.0,0,-0.013256078903668365,6.696615545351721,-13.430266337521235,-6.454167567824564,-0.37929039573708095,58.517911019103465,-0.936691047324817,0.0
2351,0.0,0.0,0,0,0,0,0,0.0,0.0,0,0.0,0,0,0,0,0,-0.2466579,0,-0.30092479,0,0,0,0,0,0,0,0.0,0.0,0.0,0.0,0.0,0.0,0.0,0.0,0.0,0,0,382.8179709854099,-0.10508773,-4.2757449,0.0,10.244773335563172,0.0,0,-0.013256078903668365,6.696615545351721,-13.430266337521235,-6.454167567824564,-0.37929039573708095,58.517911019103465,-0.936691047324817,0.0
2352,0.0,0.0,0,0,0,0,0,0.0,0.0,0,0.0,0,0,0,0,0,-0.2466579,0,-0.30092479,0,0,0,0,0,0,0,0.0,0.0,0.0,0.0,0.0,0.0,0.0,0.0,0.0,0,0,382.8179709854099,-0.10508773,-4.2757449,0.0,10.244773335563172,0.0,0,-0.013256078903668365,6.696615545351721,-13.430266337521235,-6.454167567824564,-0.37929039573708095,58.517911019103465,-0.936691047324817,0.0
2353,0.0,0.0,0,0,0,0,0,0.0,0.0,0,0.0,0,0,0,0,0,-0.2466579,0,-0.30092479,0,0,0,0,0,0,0,0.0,0.0,0.0,0.0,0.0,0.0,0.0,0.0,0.0,0,0,382.8179709854099,-0.10508773,-4.2757449,0.0,10.244773335563172,0.0,0,-0.013256078903668365,6.696615545351721,-13.430266337521235,-6.454167567824564,-0.37929039573708095,58.517911019103465,-0.936691047324817,0.0
2354,0.0,0.0,0,0,0,0,0,0.0,0.0,0,0.0,0,0,0,0,0,-0.2466579,0,-0.30092479,0,0,0,0,0,0,0,0.0,0.0,0.0,0.0,0.0,0.0,0.0,0.0,0.0,0,0,382.8179709854099,-0.10508773,-4.2757449,0.0,10.244773335563172,0.0,0,-0.013256078903668365,6.696615545351721,-13.430266337521235,-6.454167567824564,-0.37929039573708095,58.517911019103465,-0.936691047324817,0.0
2355,0.0,0.0,0,0,0,0,0,0.0,0.0,0,0.0,0,0,0,0,0,-0.2466579,0,-0.30092479,0,0,0,0,0,0,0,0.0,0.0,0.0,0.0,0.0,0.0,0.0,0.0,0.0,0,0,382.8179709854099,-0.10508773,-4.2757449,0.0,10.244773335563172,0.0,0,-0.013256078903668365,6.696615545351721,-13.430266337521235,-6.454167567824564,-0.37929039573708095,58.517911019103465,-0.936691047324817,0.0
2356,0.0,0.0,0,0,0,0,0,0.0,0.0,0,0.0,0,0,0,0,0,-0.2466579,0,-0.30092479,0,0,0,0,0,0,0,0.0,0.0,0.0,0.0,0.0,0.0,0.0,0.0,0.0,0,0,382.8179709854099,-0.10508773,-4.2757449,0.0,10.244773335563172,0.0,0,-0.013256078903668365,6.696615545351721,-13.430266337521235,-6.454167567824564,-0.37929039573708095,58.517911019103465,-0.936691047324817,0.0
2357,0.0,0.0,0,0,0,0,0,0.0,0.0,0,0.0,0,0,0,0,0,-0.2466579,0,-0.30092479,0,0,0,0,0,0,0,0.0,0.0,0.0,0.0,0.0,0.0,0.0,0.0,0.0,0,0,382.8179709854099,-0.10508773,-4.2757449,0.0,10.244773335563172,0.0,0,-0.013256078903668365,6.696615545351721,-13.430266337521235,-6.454167567824564,-0.37929039573708095,58.517911019103465,-0.936691047324817,0.0
2358,0.0,0.0,0,0,0,0,0,0.0,0.0,0,0.0,0,0,0,0,0,-0.2466579,0,-0.30092479,0,0,0,0,0,0,0,0.0,0.0,0.0,0.0,0.0,0.0,0.0,0.0,0.0,0,0,382.8179709854099,-0.10508773,-4.2757449,0.0,10.244773335563172,0.0,0,-0.013256078903668365,6.696615545351721,-13.430266337521235,-6.454167567824564,-0.37929039573708095,58.517911019103465,-0.936691047324817,0.0
2359,0.0,0.0,0,0,0,0,0,0.0,0.0,0,0.0,0,0,0,0,0,-0.2466579,0,-0.30092479,0,0,0,0,0,0,0,0.0,0.0,0.0,0.0,0.0,0.0,0.0,0.0,0.0,0,0,382.8179709854099,-0.10508773,-4.2757449,0.0,10.244773335563172,0.0,0,-0.013256078903668365,6.696615545351721,-13.430266337521235,-6.454167567824564,-0.37929039573708095,58.517911019103465,-0.936691047324817,0.0
2360,0.0,0.0,0,0,0,0,0,0.0,0.0,0,0.0,0,0,0,0,0,-0.2466579,0,-0.30092479,0,0,0,0,0,0,0,0.0,0.0,0.0,0.0,0.0,0.0,0.0,0.0,0.0,0,0,382.8179709854099,-0.10508773,-4.2757449,0.0,10.244773335563172,0.0,0,-0.013256078903668365,6.696615545351721,-13.430266337521235,-6.454167567824564,-0.37929039573708095,58.517911019103465,-0.936691047324817,0.0
2361,0.0,0.0,0,0,0,0,0,0.0,0.0,0,0.0,0,0,0,0,0,-0.2466579,0,-0.30092479,0,0,0,0,0,0,0,0.0,0.0,0.0,0.0,0.0,0.0,0.0,0.0,0.0,0,0,382.8179709854099,-0.10508773,-4.2757449,0.0,10.244773335563172,0.0,0,-0.013256078903668365,6.696615545351721,-13.430266337521235,-6.454167567824564,-0.37929039573708095,58.517911019103465,-0.936691047324817,0.0
2362,0.0,0.0,0,0,0,0,0,0.0,0.0,0,0.0,0,0,0,0,0,-0.2466579,0,-0.30092479,0,0,0,0,0,0,0,0.0,0.0,0.0,0.0,0.0,0.0,0.0,0.0,0.0,0,0,382.8179709854099,-0.10508773,-4.2757449,0.0,10.244773335563172,0.0,0,-0.013256078903668365,6.696615545351721,-13.430266337521235,-6.454167567824564,-0.37929039573708095,58.517911019103465,-0.936691047324817,0.0
2363,0.0,0.0,0,0,0,0,0,0.0,0.0,0,0.0,0,0,0,0,0,-0.2466579,0,-0.30092479,0,0,0,0,0,0,0,0.0,0.0,0.0,0.0,0.0,0.0,0.0,0.0,0.0,0,0,382.8179709854099,-0.10508773,-4.2757449,0.0,10.244773335563172,0.0,0,-0.013256078903668365,6.696615545351721,-13.430266337521235,-6.454167567824564,-0.37929039573708095,58.517911019103465,-0.936691047324817,0.0
2364,0.0,0.0,0,0,0,0,0,0.0,0.0,0,0.0,0,0,0,0,0,-0.2466579,0,-0.30092479,0,0,0,0,0,0,0,0.0,0.0,0.0,0.0,0.0,0.0,0.0,0.0,0.0,0,0,382.8179709854099,-0.10508773,-4.2757449,0.0,10.244773335563172,0.0,0,-0.013256078903668365,6.696615545351721,-13.430266337521235,-6.454167567824564,-0.37929039573708095,58.517911019103465,-0.936691047324817,0.0
2365,0.0,0.0,0,0,0,0,0,0.0,0.0,0,0.0,0,0,0,0,0,-0.2466579,0,-0.30092479,0,0,0,0,0,0,0,0.0,0.0,0.0,0.0,0.0,0.0,0.0,0.0,0.0,0,0,382.8179709854099,-0.10508773,-4.2757449,0.0,10.244773335563172,0.0,0,-0.013256078903668365,6.696615545351721,-13.430266337521235,-6.454167567824564,-0.37929039573708095,58.517911019103465,-0.936691047324817,0.0
2366,0.0,0.0,0,0,0,0,0,0.0,0.0,0,0.0,0,0,0,0,0,-0.2466579,0,-0.30092479,0,0,0,0,0,0,0,0.0,0.0,0.0,0.0,0.0,0.0,0.0,0.0,0.0,0,0,382.8179709854099,-0.10508773,-4.2757449,0.0,10.244773335563172,0.0,0,-0.013256078903668365,6.696615545351721,-13.430266337521235,-6.454167567824564,-0.37929039573708095,58.517911019103465,-0.936691047324817,0.0
2367,0.0,0.0,0,0,0,0,0,0.0,0.0,0,0.0,0,0,0,0,0,-0.2466579,0,-0.30092479,0,0,0,0,0,0,0,0.0,0.0,0.0,0.0,0.0,0.0,0.0,0.0,0.0,0,0,382.8179709854099,-0.10508773,-4.2757449,0.0,10.244773335563172,0.0,0,-0.013256078903668365,6.696615545351721,-13.430266337521235,-6.454167567824564,-0.37929039573708095,58.517911019103465,-0.936691047324817,0.0
2368,0.0,0.0,0,0,0,0,0,0.0,0.0,0,0.0,0,0,0,0,0,-0.2466579,0,-0.30092479,0,0,0,0,0,0,0,0.0,0.0,0.0,0.0,0.0,0.0,0.0,0.0,0.0,0,0,382.8179709854099,-0.10508773,-4.2757449,0.0,10.244773335563172,0.0,0,-0.013256078903668365,6.696615545351721,-13.430266337521235,-6.454167567824564,-0.37929039573708095,58.517911019103465,-0.936691047324817,0.0
2369,0.0,0.0,0,0,0,0,0,0.0,0.0,0,0.0,0,0,0,0,0,-0.2466579,0,-0.30092479,0,0,0,0,0,0,0,0.0,0.0,0.0,0.0,0.0,0.0,0.0,0.0,0.0,0,0,382.8179709854099,-0.10508773,-4.2757449,0.0,10.244773335563172,0.0,0,-0.013256078903668365,6.696615545351721,-13.430266337521235,-6.454167567824564,-0.37929039573708095,58.517911019103465,-0.936691047324817,0.0
2370,0.0,0.0,0,0,0,0,0,0.0,0.0,0,0.0,0,0,0,0,0,-0.2466579,0,-0.30092479,0,0,0,0,0,0,0,0.0,0.0,0.0,0.0,0.0,0.0,0.0,0.0,0.0,0,0,382.8179709854099,-0.10508773,-4.2757449,0.0,10.244773335563172,0.0,0,-0.013256078903668365,6.696615545351721,-13.430266337521235,-6.454167567824564,-0.37929039573708095,58.517911019103465,-0.936691047324817,0.0
2371,0.0,0.0,0,0,0,0,0,0.0,0.0,0,0.0,0,0,0,0,0,-0.2466579,0,-0.30092479,0,0,0,0,0,0,0,0.0,0.0,0.0,0.0,0.0,0.0,0.0,0.0,0.0,0,0,382.8179709854099,-0.10508773,-4.2757449,0.0,10.244773335563172,0.0,0,-0.013256078903668365,6.696615545351721,-13.430266337521235,-6.454167567824564,-0.37929039573708095,58.517911019103465,-0.936691047324817,0.0
2372,0.0,0.0,0,0,0,0,0,0.0,0.0,0,0.0,0,0,0,0,0,-0.2466579,0,-0.30092479,0,0,0,0,0,0,0,0.0,0.0,0.0,0.0,0.0,0.0,0.0,0.0,0.0,0,0,382.8179709854099,-0.10508773,-4.2757449,0.0,10.244773335563172,0.0,0,-0.013256078903668365,6.696615545351721,-13.430266337521235,-6.454167567824564,-0.37929039573708095,58.517911019103465,-0.936691047324817,0.0
2373,0.0,0.0,0,0,0,0,0,0.0,0.0,0,0.0,0,0,0,0,0,-0.2466579,0,-0.30092479,0,0,0,0,0,0,0,0.0,0.0,0.0,0.0,0.0,0.0,0.0,0.0,0.0,0,0,382.8179709854099,-0.10508773,-4.2757449,0.0,10.244773335563172,0.0,0,-0.013256078903668365,6.696615545351721,-13.430266337521235,-6.454167567824564,-0.37929039573708095,58.517911019103465,-0.936691047324817,0.0
2374,0.0,0.0,0,0,0,0,0,0.0,0.0,0,0.0,0,0,0,0,0,-0.2466579,0,-0.30092479,0,0,0,0,0,0,0,0.0,0.0,0.0,0.0,0.0,0.0,0.0,0.0,0.0,0,0,382.8179709854099,-0.10508773,-4.2757449,0.0,10.244773335563172,0.0,0,-0.013256078903668365,6.696615545351721,-13.430266337521235,-6.454167567824564,-0.37929039573708095,58.517911019103465,-0.936691047324817,0.0
2375,0.0,0.0,0,0,0,0,0,0.0,0.0,0,0.0,0,0,0,0,0,-0.2466579,0,-0.30092479,0,0,0,0,0,0,0,0.0,0.0,0.0,0.0,0.0,0.0,0.0,0.0,0.0,0,0,382.8179709854099,-0.10508773,-4.2757449,0.0,10.244773335563172,0.0,0,-0.013256078903668365,6.696615545351721,-13.430266337521235,-6.454167567824564,-0.37929039573708095,58.517911019103465,-0.936691047324817,0.0
2376,0.0,0.0,0,0,0,0,0,0.0,0.0,0,0.0,0,0,0,0,0,-0.2466579,0,-0.30092479,0,0,0,0,0,0,0,0.0,0.0,0.0,0.0,0.0,0.0,0.0,0.0,0.0,0,0,382.8179709854099,-0.10508773,-4.2757449,0.0,10.244773335563172,0.0,0,-0.013256078903668365,6.696615545351721,-13.430266337521235,-6.454167567824564,-0.37929039573708095,58.517911019103465,-0.936691047324817,0.0
2377,0.0,0.0,0,0,0,0,0,0.0,0.0,0,0.0,0,0,0,0,0,-0.2466579,0,-0.30092479,0,0,0,0,0,0,0,0.0,0.0,0.0,0.0,0.0,0.0,0.0,0.0,0.0,0,0,382.8179709854099,-0.10508773,-4.2757449,0.0,10.244773335563172,0.0,0,-0.013256078903668365,6.696615545351721,-13.430266337521235,-6.454167567824564,-0.37929039573708095,58.517911019103465,-0.936691047324817,0.0
2378,0.0,0.0,0,0,0,0,0,0.0,0.0,0,0.0,0,0,0,0,0,-0.2466579,0,-0.30092479,0,0,0,0,0,0,0,0.0,0.0,0.0,0.0,0.0,0.0,0.0,0.0,0.0,0,0,382.8179709854099,-0.10508773,-4.2757449,0.0,10.244773335563172,0.0,0,-0.013256078903668365,6.696615545351721,-13.430266337521235,-6.454167567824564,-0.37929039573708095,58.517911019103465,-0.936691047324817,0.0
2379,0.0,0.0,0,0,0,0,0,0.0,0.0,0,0.0,0,0,0,0,0,-0.2466579,0,-0.30092479,0,0,0,0,0,0,0,0.0,0.0,0.0,0.0,0.0,0.0,0.0,0.0,0.0,0,0,382.8179709854099,-0.10508773,-4.2757449,0.0,10.244773335563172,0.0,0,-0.013256078903668365,6.696615545351721,-13.430266337521235,-6.454167567824564,-0.37929039573708095,58.517911019103465,-0.936691047324817,0.0
2380,0.0,0.0,0,0,0,0,0,0.0,0.0,0,0.0,0,0,0,0,0,-0.2466579,0,-0.30092479,0,0,0,0,0,0,0,0.0,0.0,0.0,0.0,0.0,0.0,0.0,0.0,0.0,0,0,382.8179709854099,-0.10508773,-4.2757449,0.0,10.244773335563172,0.0,0,-0.013256078903668365,6.696615545351721,-13.430266337521235,-6.454167567824564,-0.37929039573708095,58.517911019103465,-0.936691047324817,0.0
2381,0.0,0.0,0,0,0,0,0,0.0,0.0,0,0.0,0,0,0,0,0,-0.2466579,0,-0.30092479,0,0,0,0,0,0,0,0.0,0.0,0.0,0.0,0.0,0.0,0.0,0.0,0.0,0,0,382.8179709854099,-0.10508773,-4.2757449,0.0,10.244773335563172,0.0,0,-0.013256078903668365,6.696615545351721,-13.430266337521235,-6.454167567824564,-0.37929039573708095,58.517911019103465,-0.936691047324817,0.0
2382,0.0,0.0,0,0,0,0,0,0.0,0.0,0,0.0,0,0,0,0,0,-0.2466579,0,-0.30092479,0,0,0,0,0,0,0,0.0,0.0,0.0,0.0,0.0,0.0,0.0,0.0,0.0,0,0,382.8179709854099,-0.10508773,-4.2757449,0.0,10.244773335563172,0.0,0,-0.013256078903668365,6.696615545351721,-13.430266337521235,-6.454167567824564,-0.37929039573708095,58.517911019103465,-0.936691047324817,0.0
2383,0.0,0.0,0,0,0,0,0,0.0,0.0,0,0.0,0,0,0,0,0,-0.2466579,0,-0.30092479,0,0,0,0,0,0,0,0.0,0.0,0.0,0.0,0.0,0.0,0.0,0.0,0.0,0,0,382.8179709854099,-0.10508773,-4.2757449,0.0,10.244773335563172,0.0,0,-0.013256078903668365,6.696615545351721,-13.430266337521235,-6.454167567824564,-0.37929039573708095,58.517911019103465,-0.936691047324817,0.0
2384,0.0,0.0,0,0,0,0,0,0.0,0.0,0,0.0,0,0,0,0,0,-0.2466579,0,-0.30092479,0,0,0,0,0,0,0,0.0,0.0,0.0,0.0,0.0,0.0,0.0,0.0,0.0,0,0,382.8179709854099,-0.10508773,-4.2757449,0.0,10.244773335563172,0.0,0,-0.013256078903668365,6.696615545351721,-13.430266337521235,-6.454167567824564,-0.37929039573708095,58.517911019103465,-0.936691047324817,0.0
2385,0.0,0.0,0,0,0,0,0,0.0,0.0,0,0.0,0,0,0,0,0,-0.2466579,0,-0.30092479,0,0,0,0,0,0,0,0.0,0.0,0.0,0.0,0.0,0.0,0.0,0.0,0.0,0,0,382.8179709854099,-0.10508773,-4.2757449,0.0,10.244773335563172,0.0,0,-0.013256078903668365,6.696615545351721,-13.430266337521235,-6.454167567824564,-0.37929039573708095,58.517911019103465,-0.936691047324817,0.0
2386,0.0,0.0,0,0,0,0,0,0.0,0.0,0,0.0,0,0,0,0,0,-0.2466579,0,-0.30092479,0,0,0,0,0,0,0,0.0,0.0,0.0,0.0,0.0,0.0,0.0,0.0,0.0,0,0,382.8179709854099,-0.10508773,-4.2757449,0.0,10.244773335563172,0.0,0,-0.013256078903668365,6.696615545351721,-13.430266337521235,-6.454167567824564,-0.37929039573708095,58.517911019103465,-0.936691047324817,0.0
2387,0.0,0.0,0,0,0,0,0,0.0,0.0,0,0.0,0,0,0,0,0,-0.2466579,0,-0.30092479,0,0,0,0,0,0,0,0.0,0.0,0.0,0.0,0.0,0.0,0.0,0.0,0.0,0,0,382.8179709854099,-0.10508773,-4.2757449,0.0,10.244773335563172,0.0,0,-0.013256078903668365,6.696615545351721,-13.430266337521235,-6.454167567824564,-0.37929039573708095,58.517911019103465,-0.936691047324817,0.0
2388,0.0,0.0,0,0,0,0,0,0.0,0.0,0,0.0,0,0,0,0,0,-0.2466579,0,-0.30092479,0,0,0,0,0,0,0,0.0,0.0,0.0,0.0,0.0,0.0,0.0,0.0,0.0,0,0,382.8179709854099,-0.10508773,-4.2757449,0.0,10.244773335563172,0.0,0,-0.013256078903668365,6.696615545351721,-13.430266337521235,-6.454167567824564,-0.37929039573708095,58.517911019103465,-0.936691047324817,0.0
2389,0.0,0.0,0,0,0,0,0,0.0,0.0,0,0.0,0,0,0,0,0,-0.2466579,0,-0.30092479,0,0,0,0,0,0,0,0.0,0.0,0.0,0.0,0.0,0.0,0.0,0.0,0.0,0,0,382.8179709854099,-0.10508773,-4.2757449,0.0,10.244773335563172,0.0,0,-0.013256078903668365,6.696615545351721,-13.430266337521235,-6.454167567824564,-0.37929039573708095,58.517911019103465,-0.936691047324817,0.0
2390,0.0,0.0,0,0,0,0,0,0.0,0.0,0,0.0,0,0,0,0,0,-0.2466579,0,-0.30092479,0,0,0,0,0,0,0,0.0,0.0,0.0,0.0,0.0,0.0,0.0,0.0,0.0,0,0,382.8179709854099,-0.10508773,-4.2757449,0.0,10.244773335563172,0.0,0,-0.013256078903668365,6.696615545351721,-13.430266337521235,-6.454167567824564,-0.37929039573708095,58.517911019103465,-0.936691047324817,0.0
2391,0.0,0.0,0,0,0,0,0,0.0,0.0,0,0.0,0,0,0,0,0,-0.2466579,0,-0.30092479,0,0,0,0,0,0,0,0.0,0.0,0.0,0.0,0.0,0.0,0.0,0.0,0.0,0,0,382.8179709854099,-0.10508773,-4.2757449,0.0,10.244773335563172,0.0,0,-0.013256078903668365,6.696615545351721,-13.430266337521235,-6.454167567824564,-0.37929039573708095,58.517911019103465,-0.936691047324817,0.0
2392,0.0,0.0,0,0,0,0,0,0.0,0.0,0,0.0,0,0,0,0,0,-0.2466579,0,-0.30092479,0,0,0,0,0,0,0,0.0,0.0,0.0,0.0,0.0,0.0,0.0,0.0,0.0,0,0,382.8179709854099,-0.10508773,-4.2757449,0.0,10.244773335563172,0.0,0,-0.013256078903668365,6.696615545351721,-13.430266337521235,-6.454167567824564,-0.37929039573708095,58.517911019103465,-0.936691047324817,0.0
2393,0.0,0.0,0,0,0,0,0,0.0,0.0,0,0.0,0,0,0,0,0,-0.2466579,0,-0.30092479,0,0,0,0,0,0,0,0.0,0.0,0.0,0.0,0.0,0.0,0.0,0.0,0.0,0,0,382.8179709854099,-0.10508773,-4.2757449,0.0,10.244773335563172,0.0,0,-0.013256078903668365,6.696615545351721,-13.430266337521235,-6.454167567824564,-0.37929039573708095,58.517911019103465,-0.936691047324817,0.0
2394,0.0,0.0,0,0,0,0,0,0.0,0.0,0,0.0,0,0,0,0,0,-0.2466579,0,-0.30092479,0,0,0,0,0,0,0,0.0,0.0,0.0,0.0,0.0,0.0,0.0,0.0,0.0,0,0,382.8179709854099,-0.10508773,-4.2757449,0.0,10.244773335563172,0.0,0,-0.013256078903668365,6.696615545351721,-13.430266337521235,-6.454167567824564,-0.37929039573708095,58.517911019103465,-0.936691047324817,0.0
2395,0.0,0.0,0,0,0,0,0,0.0,0.0,0,0.0,0,0,0,0,0,-0.2466579,0,-0.30092479,0,0,0,0,0,0,0,0.0,0.0,0.0,0.0,0.0,0.0,0.0,0.0,0.0,0,0,382.8179709854099,-0.10508773,-4.2757449,0.0,10.244773335563172,0.0,0,-0.013256078903668365,6.696615545351721,-13.430266337521235,-6.454167567824564,-0.37929039573708095,58.517911019103465,-0.936691047324817,0.0
2396,0.0,0.0,0,0,0,0,0,0.0,0.0,0,0.0,0,0,0,0,0,-0.2466579,0,-0.30092479,0,0,0,0,0,0,0,0.0,0.0,0.0,0.0,0.0,0.0,0.0,0.0,0.0,0,0,382.8179709854099,-0.10508773,-4.2757449,0.0,10.244773335563172,0.0,0,-0.013256078903668365,6.696615545351721,-13.430266337521235,-6.454167567824564,-0.37929039573708095,58.517911019103465,-0.936691047324817,0.0
2397,0.0,0.0,0,0,0,0,0,0.0,0.0,0,0.0,0,0,0,0,0,-0.2466579,0,-0.30092479,0,0,0,0,0,0,0,0.0,0.0,0.0,0.0,0.0,0.0,0.0,0.0,0.0,0,0,382.8179709854099,-0.10508773,-4.2757449,0.0,10.244773335563172,0.0,0,-0.013256078903668365,6.696615545351721,-13.430266337521235,-6.454167567824564,-0.37929039573708095,58.517911019103465,-0.936691047324817,0.0
2398,0.0,0.0,0,0,0,0,0,0.0,0.0,0,0.0,0,0,0,0,0,-0.2466579,0,-0.30092479,0,0,0,0,0,0,0,0.0,0.0,0.0,0.0,0.0,0.0,0.0,0.0,0.0,0,0,382.8179709854099,-0.10508773,-4.2757449,0.0,10.244773335563172,0.0,0,-0.013256078903668365,6.696615545351721,-13.430266337521235,-6.454167567824564,-0.37929039573708095,58.517911019103465,-0.936691047324817,0.0
2399,0.0,0.0,0,0,0,0,0,0.0,0.0,0,0.0,0,0,0,0,0,-0.2466579,0,-0.30092479,0,0,0,0,0,0,0,0.0,0.0,0.0,0.0,0.0,0.0,0.0,0.0,0.0,0,0,382.8179709854099,-0.10508773,-4.2757449,0.0,10.244773335563172,0.0,0,-0.013256078903668365,6.696615545351721,-13.430266337521235,-6.454167567824564,-0.37929039573708095,58.517911019103465,-0.936691047324817,0.0
2400,0.0,0.0,0,0,0,0,0,0.0,0.0,0,0.0,0,0,0,0,0,-0.2466579,0,-0.30092479,0,0,0,0,0,0,0,0.0,0.0,0.0,0.0,0.0,0.0,0.0,0.0,0.0,0,0,382.8179709854099,-0.10508773,-4.2757449,0.0,10.244773335563172,0.0,0,-0.013256078903668365,6.696615545351721,-13.430266337521235,-6.454167567824564,-0.37929039573708095,58.517911019103465,-0.936691047324817,0.0
2401,0.0,0.0,0,0,0,0,0,0.0,0.0,0,0.0,0,0,0,0,0,-0.2466579,0,-0.30092479,0,0,0,0,0,0,0,0.0,0.0,0.0,0.0,0.0,0.0,0.0,0.0,0.0,0,0,382.8179709854099,-0.10508773,-4.2757449,0.0,10.244773335563172,0.0,0,-0.013256078903668365,6.696615545351721,-13.430266337521235,-6.454167567824564,-0.37929039573708095,58.517911019103465,-0.936691047324817,0.0
2402,0.0,0.0,0,0,0,0,0,0.0,0.0,0,0.0,0,0,0,0,0,-0.2466579,0,-0.30092479,0,0,0,0,0,0,0,0.0,0.0,0.0,0.0,0.0,0.0,0.0,0.0,0.0,0,0,382.8179709854099,-0.10508773,-4.2757449,0.0,10.244773335563172,0.0,0,-0.013256078903668365,6.696615545351721,-13.430266337521235,-6.454167567824564,-0.37929039573708095,58.517911019103465,-0.936691047324817,0.0
2403,0.0,0.0,0,0,0,0,0,0.0,0.0,0,0.0,0,0,0,0,0,-0.2466579,0,-0.30092479,0,0,0,0,0,0,0,0.0,0.0,0.0,0.0,0.0,0.0,0.0,0.0,0.0,0,0,382.8179709854099,-0.10508773,-4.2757449,0.0,10.244773335563172,0.0,0,-0.013256078903668365,6.696615545351721,-13.430266337521235,-6.454167567824564,-0.37929039573708095,58.517911019103465,-0.936691047324817,0.0
2404,0.0,0.0,0,0,0,0,0,0.0,0.0,0,0.0,0,0,0,0,0,-0.2466579,0,-0.30092479,0,0,0,0,0,0,0,0.0,0.0,0.0,0.0,0.0,0.0,0.0,0.0,0.0,0,0,382.8179709854099,-0.10508773,-4.2757449,0.0,10.244773335563172,0.0,0,-0.013256078903668365,6.696615545351721,-13.430266337521235,-6.454167567824564,-0.37929039573708095,58.517911019103465,-0.936691047324817,0.0
2405,0.0,0.0,0,0,0,0,0,0.0,0.0,0,0.0,0,0,0,0,0,-0.2466579,0,-0.30092479,0,0,0,0,0,0,0,0.0,0.0,0.0,0.0,0.0,0.0,0.0,0.0,0.0,0,0,382.8179709854099,-0.10508773,-4.2757449,0.0,10.244773335563172,0.0,0,-0.013256078903668365,6.696615545351721,-13.430266337521235,-6.454167567824564,-0.37929039573708095,58.517911019103465,-0.936691047324817,0.0
2406,0.0,0.0,0,0,0,0,0,0.0,0.0,0,0.0,0,0,0,0,0,-0.2466579,0,-0.30092479,0,0,0,0,0,0,0,0.0,0.0,0.0,0.0,0.0,0.0,0.0,0.0,0.0,0,0,382.8179709854099,-0.10508773,-4.2757449,0.0,10.244773335563172,0.0,0,-0.013256078903668365,6.696615545351721,-13.430266337521235,-6.454167567824564,-0.37929039573708095,58.517911019103465,-0.936691047324817,0.0
2407,0.0,0.0,0,0,0,0,0,0.0,0.0,0,0.0,0,0,0,0,0,-0.2466579,0,-0.30092479,0,0,0,0,0,0,0,0.0,0.0,0.0,0.0,0.0,0.0,0.0,0.0,0.0,0,0,382.8179709854099,-0.10508773,-4.2757449,0.0,10.244773335563172,0.0,0,-0.013256078903668365,6.696615545351721,-13.430266337521235,-6.454167567824564,-0.37929039573708095,58.517911019103465,-0.936691047324817,0.0
2408,0.0,0.0,0,0,0,0,0,0.0,0.0,0,0.0,0,0,0,0,0,-0.2466579,0,-0.30092479,0,0,0,0,0,0,0,0.0,0.0,0.0,0.0,0.0,0.0,0.0,0.0,0.0,0,0,382.8179709854099,-0.10508773,-4.2757449,0.0,10.244773335563172,0.0,0,-0.013256078903668365,6.696615545351721,-13.430266337521235,-6.454167567824564,-0.37929039573708095,58.517911019103465,-0.936691047324817,0.0
2409,0.0,0.0,0,0,0,0,0,0.0,0.0,0,0.0,0,0,0,0,0,-0.2466579,0,-0.30092479,0,0,0,0,0,0,0,0.0,0.0,0.0,0.0,0.0,0.0,0.0,0.0,0.0,0,0,382.8179709854099,-0.10508773,-4.2757449,0.0,10.244773335563172,0.0,0,-0.013256078903668365,6.696615545351721,-13.430266337521235,-6.454167567824564,-0.37929039573708095,58.517911019103465,-0.936691047324817,0.0
2410,0.0,0.0,0,0,0,0,0,0.0,0.0,0,0.0,0,0,0,0,0,-0.2466579,0,-0.30092479,0,0,0,0,0,0,0,0.0,0.0,0.0,0.0,0.0,0.0,0.0,0.0,0.0,0,0,382.8179709854099,-0.10508773,-4.2757449,0.0,10.244773335563172,0.0,0,-0.013256078903668365,6.696615545351721,-13.430266337521235,-6.454167567824564,-0.37929039573708095,58.517911019103465,-0.936691047324817,0.0
2411,0.0,0.0,0,0,0,0,0,0.0,0.0,0,0.0,0,0,0,0,0,-0.2466579,0,-0.30092479,0,0,0,0,0,0,0,0.0,0.0,0.0,0.0,0.0,0.0,0.0,0.0,0.0,0,0,382.8179709854099,-0.10508773,-4.2757449,0.0,10.244773335563172,0.0,0,-0.013256078903668365,6.696615545351721,-13.430266337521235,-6.454167567824564,-0.37929039573708095,58.517911019103465,-0.936691047324817,0.0
2412,0.0,0.0,0,0,0,0,0,0.0,0.0,0,0.0,0,0,0,0,0,-0.2466579,0,-0.30092479,0,0,0,0,0,0,0,0.0,0.0,0.0,0.0,0.0,0.0,0.0,0.0,0.0,0,0,382.8179709854099,-0.10508773,-4.2757449,0.0,10.244773335563172,0.0,0,-0.013256078903668365,6.696615545351721,-13.430266337521235,-6.454167567824564,-0.37929039573708095,58.517911019103465,-0.936691047324817,0.0
2413,0.0,0.0,0,0,0,0,0,0.0,0.0,0,0.0,0,0,0,0,0,-0.2466579,0,-0.30092479,0,0,0,0,0,0,0,0.0,0.0,0.0,0.0,0.0,0.0,0.0,0.0,0.0,0,0,382.8179709854099,-0.10508773,-4.2757449,0.0,10.244773335563172,0.0,0,-0.013256078903668365,6.696615545351721,-13.430266337521235,-6.454167567824564,-0.37929039573708095,58.517911019103465,-0.936691047324817,0.0
2414,0.0,0.0,0,0,0,0,0,0.0,0.0,0,0.0,0,0,0,0,0,-0.2466579,0,-0.30092479,0,0,0,0,0,0,0,0.0,0.0,0.0,0.0,0.0,0.0,0.0,0.0,0.0,0,0,382.8179709854099,-0.10508773,-4.2757449,0.0,10.244773335563172,0.0,0,-0.013256078903668365,6.696615545351721,-13.430266337521235,-6.454167567824564,-0.37929039573708095,58.517911019103465,-0.936691047324817,0.0
2415,0.0,0.0,0,0,0,0,0,0.0,0.0,0,0.0,0,0,0,0,0,-0.2466579,0,-0.30092479,0,0,0,0,0,0,0,0.0,0.0,0.0,0.0,0.0,0.0,0.0,0.0,0.0,0,0,382.8179709854099,-0.10508773,-4.2757449,0.0,10.244773335563172,0.0,0,-0.013256078903668365,6.696615545351721,-13.430266337521235,-6.454167567824564,-0.37929039573708095,58.517911019103465,-0.936691047324817,0.0
2416,0.0,0.0,0,0,0,0,0,0.0,0.0,0,0.0,0,0,0,0,0,-0.2466579,0,-0.30092479,0,0,0,0,0,0,0,0.0,0.0,0.0,0.0,0.0,0.0,0.0,0.0,0.0,0,0,382.8179709854099,-0.10508773,-4.2757449,0.0,10.244773335563172,0.0,0,-0.013256078903668365,6.696615545351721,-13.430266337521235,-6.454167567824564,-0.37929039573708095,58.517911019103465,-0.936691047324817,0.0
2417,0.0,0.0,0,0,0,0,0,0.0,0.0,0,0.0,0,0,0,0,0,-0.2466579,0,-0.30092479,0,0,0,0,0,0,0,0.0,0.0,0.0,0.0,0.0,0.0,0.0,0.0,0.0,0,0,382.8179709854099,-0.10508773,-4.2757449,0.0,10.244773335563172,0.0,0,-0.013256078903668365,6.696615545351721,-13.430266337521235,-6.454167567824564,-0.37929039573708095,58.517911019103465,-0.936691047324817,0.0
2418,0.0,0.0,0,0,0,0,0,0.0,0.0,0,0.0,0,0,0,0,0,-0.2466579,0,-0.30092479,0,0,0,0,0,0,0,0.0,0.0,0.0,0.0,0.0,0.0,0.0,0.0,0.0,0,0,382.8179709854099,-0.10508773,-4.2757449,0.0,10.244773335563172,0.0,0,-0.013256078903668365,6.696615545351721,-13.430266337521235,-6.454167567824564,-0.37929039573708095,58.517911019103465,-0.936691047324817,0.0
2419,0.0,0.0,0,0,0,0,0,0.0,0.0,0,0.0,0,0,0,0,0,-0.2466579,0,-0.30092479,0,0,0,0,0,0,0,0.0,0.0,0.0,0.0,0.0,0.0,0.0,0.0,0.0,0,0,382.8179709854099,-0.10508773,-4.2757449,0.0,10.244773335563172,0.0,0,-0.013256078903668365,6.696615545351721,-13.430266337521235,-6.454167567824564,-0.37929039573708095,58.517911019103465,-0.936691047324817,0.0
2420,0.0,0.0,0,0,0,0,0,0.0,0.0,0,0.0,0,0,0,0,0,-0.2466579,0,-0.30092479,0,0,0,0,0,0,0,0.0,0.0,0.0,0.0,0.0,0.0,0.0,0.0,0.0,0,0,382.8179709854099,-0.10508773,-4.2757449,0.0,10.244773335563172,0.0,0,-0.013256078903668365,6.696615545351721,-13.430266337521235,-6.454167567824564,-0.37929039573708095,58.517911019103465,-0.936691047324817,0.0
2421,0.0,0.0,0,0,0,0,0,0.0,0.0,0,0.0,0,0,0,0,0,-0.2466579,0,-0.30092479,0,0,0,0,0,0,0,0.0,0.0,0.0,0.0,0.0,0.0,0.0,0.0,0.0,0,0,382.8179709854099,-0.10508773,-4.2757449,0.0,10.244773335563172,0.0,0,-0.013256078903668365,6.696615545351721,-13.430266337521235,-6.454167567824564,-0.37929039573708095,58.517911019103465,-0.936691047324817,0.0
2422,0.0,0.0,0,0,0,0,0,0.0,0.0,0,0.0,0,0,0,0,0,-0.2466579,0,-0.30092479,0,0,0,0,0,0,0,0.0,0.0,0.0,0.0,0.0,0.0,0.0,0.0,0.0,0,0,382.8179709854099,-0.10508773,-4.2757449,0.0,10.244773335563172,0.0,0,-0.013256078903668365,6.696615545351721,-13.430266337521235,-6.454167567824564,-0.37929039573708095,58.517911019103465,-0.936691047324817,0.0
2423,0.0,0.0,0,0,0,0,0,0.0,0.0,0,0.0,0,0,0,0,0,-0.2466579,0,-0.30092479,0,0,0,0,0,0,0,0.0,0.0,0.0,0.0,0.0,0.0,0.0,0.0,0.0,0,0,382.8179709854099,-0.10508773,-4.2757449,0.0,10.244773335563172,0.0,0,-0.013256078903668365,6.696615545351721,-13.430266337521235,-6.454167567824564,-0.37929039573708095,58.517911019103465,-0.936691047324817,0.0
2424,0.0,0.0,0,0,0,0,0,0.0,0.0,0,0.0,0,0,0,0,0,-0.2466579,0,-0.30092479,0,0,0,0,0,0,0,0.0,0.0,0.0,0.0,0.0,0.0,0.0,0.0,0.0,0,0,382.8179709854099,-0.10508773,-4.2757449,0.0,10.244773335563172,0.0,0,-0.013256078903668365,6.696615545351721,-13.430266337521235,-6.454167567824564,-0.37929039573708095,58.517911019103465,-0.936691047324817,0.0
2425,0.0,0.0,0,0,0,0,0,0.0,0.0,0,0.0,0,0,0,0,0,-0.2466579,0,-0.30092479,0,0,0,0,0,0,0,0.0,0.0,0.0,0.0,0.0,0.0,0.0,0.0,0.0,0,0,382.8179709854099,-0.10508773,-4.2757449,0.0,10.244773335563172,0.0,0,-0.013256078903668365,6.696615545351721,-13.430266337521235,-6.454167567824564,-0.37929039573708095,58.517911019103465,-0.936691047324817,0.0
2426,0.0,0.0,0,0,0,0,0,0.0,0.0,0,0.0,0,0,0,0,0,-0.2466579,0,-0.30092479,0,0,0,0,0,0,0,0.0,0.0,0.0,0.0,0.0,0.0,0.0,0.0,0.0,0,0,382.8179709854099,-0.10508773,-4.2757449,0.0,10.244773335563172,0.0,0,-0.013256078903668365,6.696615545351721,-13.430266337521235,-6.454167567824564,-0.37929039573708095,58.517911019103465,-0.936691047324817,0.0
2427,0.0,0.0,0,0,0,0,0,0.0,0.0,0,0.0,0,0,0,0,0,-0.2466579,0,-0.30092479,0,0,0,0,0,0,0,0.0,0.0,0.0,0.0,0.0,0.0,0.0,0.0,0.0,0,0,382.8179709854099,-0.10508773,-4.2757449,0.0,10.244773335563172,0.0,0,-0.013256078903668365,6.696615545351721,-13.430266337521235,-6.454167567824564,-0.37929039573708095,58.517911019103465,-0.936691047324817,0.0
2428,0.0,0.0,0,0,0,0,0,0.0,0.0,0,0.0,0,0,0,0,0,-0.2466579,0,-0.30092479,0,0,0,0,0,0,0,0.0,0.0,0.0,0.0,0.0,0.0,0.0,0.0,0.0,0,0,382.8179709854099,-0.10508773,-4.2757449,0.0,10.244773335563172,0.0,0,-0.013256078903668365,6.696615545351721,-13.430266337521235,-6.454167567824564,-0.37929039573708095,58.517911019103465,-0.936691047324817,0.0
2429,0.0,0.0,0,0,0,0,0,0.0,0.0,0,0.0,0,0,0,0,0,-0.2466579,0,-0.30092479,0,0,0,0,0,0,0,0.0,0.0,0.0,0.0,0.0,0.0,0.0,0.0,0.0,0,0,382.8179709854099,-0.10508773,-4.2757449,0.0,10.244773335563172,0.0,0,-0.013256078903668365,6.696615545351721,-13.430266337521235,-6.454167567824564,-0.37929039573708095,58.517911019103465,-0.936691047324817,0.0
2430,0.0,0.0,0,0,0,0,0,0.0,0.0,0,0.0,0,0,0,0,0,-0.2466579,0,-0.30092479,0,0,0,0,0,0,0,0.0,0.0,0.0,0.0,0.0,0.0,0.0,0.0,0.0,0,0,382.8179709854099,-0.10508773,-4.2757449,0.0,10.244773335563172,0.0,0,-0.013256078903668365,6.696615545351721,-13.430266337521235,-6.454167567824564,-0.37929039573708095,58.517911019103465,-0.936691047324817,0.0
2431,0.0,0.0,0,0,0,0,0,0.0,0.0,0,0.0,0,0,0,0,0,-0.2466579,0,-0.30092479,0,0,0,0,0,0,0,0.0,0.0,0.0,0.0,0.0,0.0,0.0,0.0,0.0,0,0,382.8179709854099,-0.10508773,-4.2757449,0.0,10.244773335563172,0.0,0,-0.013256078903668365,6.696615545351721,-13.430266337521235,-6.454167567824564,-0.37929039573708095,58.517911019103465,-0.936691047324817,0.0
2432,0.0,0.0,0,0,0,0,0,0.0,0.0,0,0.0,0,0,0,0,0,-0.2466579,0,-0.30092479,0,0,0,0,0,0,0,0.0,0.0,0.0,0.0,0.0,0.0,0.0,0.0,0.0,0,0,382.8179709854099,-0.10508773,-4.2757449,0.0,10.244773335563172,0.0,0,-0.013256078903668365,6.696615545351721,-13.430266337521235,-6.454167567824564,-0.37929039573708095,58.517911019103465,-0.936691047324817,0.0
2433,0.0,0.0,0,0,0,0,0,0.0,0.0,0,0.0,0,0,0,0,0,-0.2466579,0,-0.30092479,0,0,0,0,0,0,0,0.0,0.0,0.0,0.0,0.0,0.0,0.0,0.0,0.0,0,0,382.8179709854099,-0.10508773,-4.2757449,0.0,10.244773335563172,0.0,0,-0.013256078903668365,6.696615545351721,-13.430266337521235,-6.454167567824564,-0.37929039573708095,58.517911019103465,-0.936691047324817,0.0
2434,0.0,0.0,0,0,0,0,0,0.0,0.0,0,0.0,0,0,0,0,0,-0.2466579,0,-0.30092479,0,0,0,0,0,0,0,0.0,0.0,0.0,0.0,0.0,0.0,0.0,0.0,0.0,0,0,382.8179709854099,-0.10508773,-4.2757449,0.0,10.244773335563172,0.0,0,-0.013256078903668365,6.696615545351721,-13.430266337521235,-6.454167567824564,-0.37929039573708095,58.517911019103465,-0.936691047324817,0.0
2435,0.0,0.0,0,0,0,0,0,0.0,0.0,0,0.0,0,0,0,0,0,-0.2466579,0,-0.30092479,0,0,0,0,0,0,0,0.0,0.0,0.0,0.0,0.0,0.0,0.0,0.0,0.0,0,0,382.8179709854099,-0.10508773,-4.2757449,0.0,10.244773335563172,0.0,0,-0.013256078903668365,6.696615545351721,-13.430266337521235,-6.454167567824564,-0.37929039573708095,58.517911019103465,-0.936691047324817,0.0
2436,0.0,0.0,0,0,0,0,0,0.0,0.0,0,0.0,0,0,0,0,0,-0.2466579,0,-0.30092479,0,0,0,0,0,0,0,0.0,0.0,0.0,0.0,0.0,0.0,0.0,0.0,0.0,0,0,382.8179709854099,-0.10508773,-4.2757449,0.0,10.244773335563172,0.0,0,-0.013256078903668365,6.696615545351721,-13.430266337521235,-6.454167567824564,-0.37929039573708095,58.517911019103465,-0.936691047324817,0.0
2437,0.0,0.0,0,0,0,0,0,0.0,0.0,0,0.0,0,0,0,0,0,-0.2466579,0,-0.30092479,0,0,0,0,0,0,0,0.0,0.0,0.0,0.0,0.0,0.0,0.0,0.0,0.0,0,0,382.8179709854099,-0.10508773,-4.2757449,0.0,10.244773335563172,0.0,0,-0.013256078903668365,6.696615545351721,-13.430266337521235,-6.454167567824564,-0.37929039573708095,58.517911019103465,-0.936691047324817,0.0
2438,0.0,0.0,0,0,0,0,0,0.0,0.0,0,0.0,0,0,0,0,0,-0.2466579,0,-0.30092479,0,0,0,0,0,0,0,0.0,0.0,0.0,0.0,0.0,0.0,0.0,0.0,0.0,0,0,382.8179709854099,-0.10508773,-4.2757449,0.0,10.244773335563172,0.0,0,-0.013256078903668365,6.696615545351721,-13.430266337521235,-6.454167567824564,-0.37929039573708095,58.517911019103465,-0.936691047324817,0.0
2439,0.0,0.0,0,0,0,0,0,0.0,0.0,0,0.0,0,0,0,0,0,-0.2466579,0,-0.30092479,0,0,0,0,0,0,0,0.0,0.0,0.0,0.0,0.0,0.0,0.0,0.0,0.0,0,0,382.8179709854099,-0.10508773,-4.2757449,0.0,10.244773335563172,0.0,0,-0.013256078903668365,6.696615545351721,-13.430266337521235,-6.454167567824564,-0.37929039573708095,58.517911019103465,-0.936691047324817,0.0
2440,0.0,0.0,0,0,0,0,0,0.0,0.0,0,0.0,0,0,0,0,0,-0.2466579,0,-0.30092479,0,0,0,0,0,0,0,0.0,0.0,0.0,0.0,0.0,0.0,0.0,0.0,0.0,0,0,382.8179709854099,-0.10508773,-4.2757449,0.0,10.244773335563172,0.0,0,-0.013256078903668365,6.696615545351721,-13.430266337521235,-6.454167567824564,-0.37929039573708095,58.517911019103465,-0.936691047324817,0.0
2441,0.0,0.0,0,0,0,0,0,0.0,0.0,0,0.0,0,0,0,0,0,-0.2466579,0,-0.30092479,0,0,0,0,0,0,0,0.0,0.0,0.0,0.0,0.0,0.0,0.0,0.0,0.0,0,0,382.8179709854099,-0.10508773,-4.2757449,0.0,10.244773335563172,0.0,0,-0.013256078903668365,6.696615545351721,-13.430266337521235,-6.454167567824564,-0.37929039573708095,58.517911019103465,-0.936691047324817,0.0
2442,0.0,0.0,0,0,0,0,0,0.0,0.0,0,0.0,0,0,0,0,0,-0.2466579,0,-0.30092479,0,0,0,0,0,0,0,0.0,0.0,0.0,0.0,0.0,0.0,0.0,0.0,0.0,0,0,382.8179709854099,-0.10508773,-4.2757449,0.0,10.244773335563172,0.0,0,-0.013256078903668365,6.696615545351721,-13.430266337521235,-6.454167567824564,-0.37929039573708095,58.517911019103465,-0.936691047324817,0.0
2443,0.0,0.0,0,0,0,0,0,0.0,0.0,0,0.0,0,0,0,0,0,-0.2466579,0,-0.30092479,0,0,0,0,0,0,0,0.0,0.0,0.0,0.0,0.0,0.0,0.0,0.0,0.0,0,0,382.8179709854099,-0.10508773,-4.2757449,0.0,10.244773335563172,0.0,0,-0.013256078903668365,6.696615545351721,-13.430266337521235,-6.454167567824564,-0.37929039573708095,58.517911019103465,-0.936691047324817,0.0
2444,0.0,0.0,0,0,0,0,0,0.0,0.0,0,0.0,0,0,0,0,0,-0.2466579,0,-0.30092479,0,0,0,0,0,0,0,0.0,0.0,0.0,0.0,0.0,0.0,0.0,0.0,0.0,0,0,382.8179709854099,-0.10508773,-4.2757449,0.0,10.244773335563172,0.0,0,-0.013256078903668365,6.696615545351721,-13.430266337521235,-6.454167567824564,-0.37929039573708095,58.517911019103465,-0.936691047324817,0.0
2445,0.0,0.0,0,0,0,0,0,0.0,0.0,0,0.0,0,0,0,0,0,-0.2466579,0,-0.30092479,0,0,0,0,0,0,0,0.0,0.0,0.0,0.0,0.0,0.0,0.0,0.0,0.0,0,0,382.8179709854099,-0.10508773,-4.2757449,0.0,10.244773335563172,0.0,0,-0.013256078903668365,6.696615545351721,-13.430266337521235,-6.454167567824564,-0.37929039573708095,58.517911019103465,-0.936691047324817,0.0
2446,0.0,0.0,0,0,0,0,0,0.0,0.0,0,0.0,0,0,0,0,0,-0.2466579,0,-0.30092479,0,0,0,0,0,0,0,0.0,0.0,0.0,0.0,0.0,0.0,0.0,0.0,0.0,0,0,382.8179709854099,-0.10508773,-4.2757449,0.0,10.244773335563172,0.0,0,-0.013256078903668365,6.696615545351721,-13.430266337521235,-6.454167567824564,-0.37929039573708095,58.517911019103465,-0.936691047324817,0.0
2447,0.0,0.0,0,0,0,0,0,0.0,0.0,0,0.0,0,0,0,0,0,-0.2466579,0,-0.30092479,0,0,0,0,0,0,0,0.0,0.0,0.0,0.0,0.0,0.0,0.0,0.0,0.0,0,0,382.8179709854099,-0.10508773,-4.2757449,0.0,10.244773335563172,0.0,0,-0.013256078903668365,6.696615545351721,-13.430266337521235,-6.454167567824564,-0.37929039573708095,58.517911019103465,-0.936691047324817,0.0
2448,0.0,0.0,0,0,0,0,0,0.0,0.0,0,0.0,0,0,0,0,0,-0.2466579,0,-0.30092479,0,0,0,0,0,0,0,0.0,0.0,0.0,0.0,0.0,0.0,0.0,0.0,0.0,0,0,382.8179709854099,-0.10508773,-4.2757449,0.0,10.244773335563172,0.0,0,-0.013256078903668365,6.696615545351721,-13.430266337521235,-6.454167567824564,-0.37929039573708095,58.517911019103465,-0.936691047324817,0.0
2449,0.0,0.0,0,0,0,0,0,0.0,0.0,0,0.0,0,0,0,0,0,-0.2466579,0,-0.30092479,0,0,0,0,0,0,0,0.0,0.0,0.0,0.0,0.0,0.0,0.0,0.0,0.0,0,0,382.8179709854099,-0.10508773,-4.2757449,0.0,10.244773335563172,0.0,0,-0.013256078903668365,6.696615545351721,-13.430266337521235,-6.454167567824564,-0.37929039573708095,58.517911019103465,-0.936691047324817,0.0
2450,0.0,0.0,0,0,0,0,0,0.0,0.0,0,0.0,0,0,0,0,0,-0.2466579,0,-0.30092479,0,0,0,0,0,0,0,0.0,0.0,0.0,0.0,0.0,0.0,0.0,0.0,0.0,0,0,382.8179709854099,-0.10508773,-4.2757449,0.0,10.244773335563172,0.0,0,-0.013256078903668365,6.696615545351721,-13.430266337521235,-6.454167567824564,-0.37929039573708095,58.517911019103465,-0.936691047324817,0.0
2451,0.0,0.0,0,0,0,0,0,0.0,0.0,0,0.0,0,0,0,0,0,-0.2466579,0,-0.30092479,0,0,0,0,0,0,0,0.0,0.0,0.0,0.0,0.0,0.0,0.0,0.0,0.0,0,0,382.8179709854099,-0.10508773,-4.2757449,0.0,10.244773335563172,0.0,0,-0.013256078903668365,6.696615545351721,-13.430266337521235,-6.454167567824564,-0.37929039573708095,58.517911019103465,-0.936691047324817,0.0
2452,0.0,0.0,0,0,0,0,0,0.0,0.0,0,0.0,0,0,0,0,0,-0.2466579,0,-0.30092479,0,0,0,0,0,0,0,0.0,0.0,0.0,0.0,0.0,0.0,0.0,0.0,0.0,0,0,382.8179709854099,-0.10508773,-4.2757449,0.0,10.244773335563172,0.0,0,-0.013256078903668365,6.696615545351721,-13.430266337521235,-6.454167567824564,-0.37929039573708095,58.517911019103465,-0.936691047324817,0.0
2453,0.0,0.0,0,0,0,0,0,0.0,0.0,0,0.0,0,0,0,0,0,-0.2466579,0,-0.30092479,0,0,0,0,0,0,0,0.0,0.0,0.0,0.0,0.0,0.0,0.0,0.0,0.0,0,0,382.8179709854099,-0.10508773,-4.2757449,0.0,10.244773335563172,0.0,0,-0.013256078903668365,6.696615545351721,-13.430266337521235,-6.454167567824564,-0.37929039573708095,58.517911019103465,-0.936691047324817,0.0
2454,0.0,0.0,0,0,0,0,0,0.0,0.0,0,0.0,0,0,0,0,0,-0.2466579,0,-0.30092479,0,0,0,0,0,0,0,0.0,0.0,0.0,0.0,0.0,0.0,0.0,0.0,0.0,0,0,382.8179709854099,-0.10508773,-4.2757449,0.0,10.244773335563172,0.0,0,-0.013256078903668365,6.696615545351721,-13.430266337521235,-6.454167567824564,-0.37929039573708095,58.517911019103465,-0.936691047324817,0.0
2455,0.0,0.0,0,0,0,0,0,0.0,0.0,0,0.0,0,0,0,0,0,-0.2466579,0,-0.30092479,0,0,0,0,0,0,0,0.0,0.0,0.0,0.0,0.0,0.0,0.0,0.0,0.0,0,0,382.8179709854099,-0.10508773,-4.2757449,0.0,10.244773335563172,0.0,0,-0.013256078903668365,6.696615545351721,-13.430266337521235,-6.454167567824564,-0.37929039573708095,58.517911019103465,-0.936691047324817,0.0
2456,0.0,0.0,0,0,0,0,0,0.0,0.0,0,0.0,0,0,0,0,0,-0.2466579,0,-0.30092479,0,0,0,0,0,0,0,0.0,0.0,0.0,0.0,0.0,0.0,0.0,0.0,0.0,0,0,382.8179709854099,-0.10508773,-4.2757449,0.0,10.244773335563172,0.0,0,-0.013256078903668365,6.696615545351721,-13.430266337521235,-6.454167567824564,-0.37929039573708095,58.517911019103465,-0.936691047324817,0.0
2457,0.0,0.0,0,0,0,0,0,0.0,0.0,0,0.0,0,0,0,0,0,-0.2466579,0,-0.30092479,0,0,0,0,0,0,0,0.0,0.0,0.0,0.0,0.0,0.0,0.0,0.0,0.0,0,0,382.8179709854099,-0.10508773,-4.2757449,0.0,10.244773335563172,0.0,0,-0.013256078903668365,6.696615545351721,-13.430266337521235,-6.454167567824564,-0.37929039573708095,58.517911019103465,-0.936691047324817,0.0
2458,0.0,0.0,0,0,0,0,0,0.0,0.0,0,0.0,0,0,0,0,0,-0.2466579,0,-0.30092479,0,0,0,0,0,0,0,0.0,0.0,0.0,0.0,0.0,0.0,0.0,0.0,0.0,0,0,382.8179709854099,-0.10508773,-4.2757449,0.0,10.244773335563172,0.0,0,-0.013256078903668365,6.696615545351721,-13.430266337521235,-6.454167567824564,-0.37929039573708095,58.517911019103465,-0.936691047324817,0.0
2459,0.0,0.0,0,0,0,0,0,0.0,0.0,0,0.0,0,0,0,0,0,-0.2466579,0,-0.30092479,0,0,0,0,0,0,0,0.0,0.0,0.0,0.0,0.0,0.0,0.0,0.0,0.0,0,0,382.8179709854099,-0.10508773,-4.2757449,0.0,10.244773335563172,0.0,0,-0.013256078903668365,6.696615545351721,-13.430266337521235,-6.454167567824564,-0.37929039573708095,58.517911019103465,-0.936691047324817,0.0
2460,0.0,0.0,0,0,0,0,0,0.0,0.0,0,0.0,0,0,0,0,0,-0.2466579,0,-0.30092479,0,0,0,0,0,0,0,0.0,0.0,0.0,0.0,0.0,0.0,0.0,0.0,0.0,0,0,382.8179709854099,-0.10508773,-4.2757449,0.0,10.244773335563172,0.0,0,-0.013256078903668365,6.696615545351721,-13.430266337521235,-6.454167567824564,-0.37929039573708095,58.517911019103465,-0.936691047324817,0.0
2461,0.0,0.0,0,0,0,0,0,0.0,0.0,0,0.0,0,0,0,0,0,-0.2466579,0,-0.30092479,0,0,0,0,0,0,0,0.0,0.0,0.0,0.0,0.0,0.0,0.0,0.0,0.0,0,0,382.8179709854099,-0.10508773,-4.2757449,0.0,10.244773335563172,0.0,0,-0.013256078903668365,6.696615545351721,-13.430266337521235,-6.454167567824564,-0.37929039573708095,58.517911019103465,-0.936691047324817,0.0
2462,0.0,0.0,0,0,0,0,0,0.0,0.0,0,0.0,0,0,0,0,0,-0.2466579,0,-0.30092479,0,0,0,0,0,0,0,0.0,0.0,0.0,0.0,0.0,0.0,0.0,0.0,0.0,0,0,382.8179709854099,-0.10508773,-4.2757449,0.0,10.244773335563172,0.0,0,-0.013256078903668365,6.696615545351721,-13.430266337521235,-6.454167567824564,-0.37929039573708095,58.517911019103465,-0.936691047324817,0.0
2463,0.0,0.0,0,0,0,0,0,0.0,0.0,0,0.0,0,0,0,0,0,-0.2466579,0,-0.30092479,0,0,0,0,0,0,0,0.0,0.0,0.0,0.0,0.0,0.0,0.0,0.0,0.0,0,0,382.8179709854099,-0.10508773,-4.2757449,0.0,10.244773335563172,0.0,0,-0.013256078903668365,6.696615545351721,-13.430266337521235,-6.454167567824564,-0.37929039573708095,58.517911019103465,-0.936691047324817,0.0
2464,0.0,0.0,0,0,0,0,0,0.0,0.0,0,0.0,0,0,0,0,0,-0.2466579,0,-0.30092479,0,0,0,0,0,0,0,0.0,0.0,0.0,0.0,0.0,0.0,0.0,0.0,0.0,0,0,382.8179709854099,-0.10508773,-4.2757449,0.0,10.244773335563172,0.0,0,-0.013256078903668365,6.696615545351721,-13.430266337521235,-6.454167567824564,-0.37929039573708095,58.517911019103465,-0.936691047324817,0.0
2465,0.0,0.0,0,0,0,0,0,0.0,0.0,0,0.0,0,0,0,0,0,-0.2466579,0,-0.30092479,0,0,0,0,0,0,0,0.0,0.0,0.0,0.0,0.0,0.0,0.0,0.0,0.0,0,0,382.8179709854099,-0.10508773,-4.2757449,0.0,10.244773335563172,0.0,0,-0.013256078903668365,6.696615545351721,-13.430266337521235,-6.454167567824564,-0.37929039573708095,58.517911019103465,-0.936691047324817,0.0
2466,0.0,0.0,0,0,0,0,0,0.0,0.0,0,0.0,0,0,0,0,0,-0.2466579,0,-0.30092479,0,0,0,0,0,0,0,0.0,0.0,0.0,0.0,0.0,0.0,0.0,0.0,0.0,0,0,382.8179709854099,-0.10508773,-4.2757449,0.0,10.244773335563172,0.0,0,-0.013256078903668365,6.696615545351721,-13.430266337521235,-6.454167567824564,-0.37929039573708095,58.517911019103465,-0.936691047324817,0.0
2467,0.0,0.0,0,0,0,0,0,0.0,0.0,0,0.0,0,0,0,0,0,-0.2466579,0,-0.30092479,0,0,0,0,0,0,0,0.0,0.0,0.0,0.0,0.0,0.0,0.0,0.0,0.0,0,0,382.8179709854099,-0.10508773,-4.2757449,0.0,10.244773335563172,0.0,0,-0.013256078903668365,6.696615545351721,-13.430266337521235,-6.454167567824564,-0.37929039573708095,58.517911019103465,-0.936691047324817,0.0
2468,0.0,0.0,0,0,0,0,0,0.0,0.0,0,0.0,0,0,0,0,0,-0.2466579,0,-0.30092479,0,0,0,0,0,0,0,0.0,0.0,0.0,0.0,0.0,0.0,0.0,0.0,0.0,0,0,382.8179709854099,-0.10508773,-4.2757449,0.0,10.244773335563172,0.0,0,-0.013256078903668365,6.696615545351721,-13.430266337521235,-6.454167567824564,-0.37929039573708095,58.517911019103465,-0.936691047324817,0.0
2469,0.0,0.0,0,0,0,0,0,0.0,0.0,0,0.0,0,0,0,0,0,-0.2466579,0,-0.30092479,0,0,0,0,0,0,0,0.0,0.0,0.0,0.0,0.0,0.0,0.0,0.0,0.0,0,0,382.8179709854099,-0.10508773,-4.2757449,0.0,10.244773335563172,0.0,0,-0.013256078903668365,6.696615545351721,-13.430266337521235,-6.454167567824564,-0.37929039573708095,58.517911019103465,-0.936691047324817,0.0
2470,0.0,0.0,0,0,0,0,0,0.0,0.0,0,0.0,0,0,0,0,0,-0.2466579,0,-0.30092479,0,0,0,0,0,0,0,0.0,0.0,0.0,0.0,0.0,0.0,0.0,0.0,0.0,0,0,382.8179709854099,-0.10508773,-4.2757449,0.0,10.244773335563172,0.0,0,-0.013256078903668365,6.696615545351721,-13.430266337521235,-6.454167567824564,-0.37929039573708095,58.517911019103465,-0.936691047324817,0.0
2471,0.0,0.0,0,0,0,0,0,0.0,0.0,0,0.0,0,0,0,0,0,-0.2466579,0,-0.30092479,0,0,0,0,0,0,0,0.0,0.0,0.0,0.0,0.0,0.0,0.0,0.0,0.0,0,0,382.8179709854099,-0.10508773,-4.2757449,0.0,10.244773335563172,0.0,0,-0.013256078903668365,6.696615545351721,-13.430266337521235,-6.454167567824564,-0.37929039573708095,58.517911019103465,-0.936691047324817,0.0
2472,0.0,0.0,0,0,0,0,0,0.0,0.0,0,0.0,0,0,0,0,0,-0.2466579,0,-0.30092479,0,0,0,0,0,0,0,0.0,0.0,0.0,0.0,0.0,0.0,0.0,0.0,0.0,0,0,382.8179709854099,-0.10508773,-4.2757449,0.0,10.244773335563172,0.0,0,-0.013256078903668365,6.696615545351721,-13.430266337521235,-6.454167567824564,-0.37929039573708095,58.517911019103465,-0.936691047324817,0.0
2473,0.0,0.0,0,0,0,0,0,0.0,0.0,0,0.0,0,0,0,0,0,-0.2466579,0,-0.30092479,0,0,0,0,0,0,0,0.0,0.0,0.0,0.0,0.0,0.0,0.0,0.0,0.0,0,0,382.8179709854099,-0.10508773,-4.2757449,0.0,10.244773335563172,0.0,0,-0.013256078903668365,6.696615545351721,-13.430266337521235,-6.454167567824564,-0.37929039573708095,58.517911019103465,-0.936691047324817,0.0
2474,0.0,0.0,0,0,0,0,0,0.0,0.0,0,0.0,0,0,0,0,0,-0.2466579,0,-0.30092479,0,0,0,0,0,0,0,0.0,0.0,0.0,0.0,0.0,0.0,0.0,0.0,0.0,0,0,382.8179709854099,-0.10508773,-4.2757449,0.0,10.244773335563172,0.0,0,-0.013256078903668365,6.696615545351721,-13.430266337521235,-6.454167567824564,-0.37929039573708095,58.517911019103465,-0.936691047324817,0.0
2475,0.0,0.0,0,0,0,0,0,0.0,0.0,0,0.0,0,0,0,0,0,-0.2466579,0,-0.30092479,0,0,0,0,0,0,0,0.0,0.0,0.0,0.0,0.0,0.0,0.0,0.0,0.0,0,0,382.8179709854099,-0.10508773,-4.2757449,0.0,10.244773335563172,0.0,0,-0.013256078903668365,6.696615545351721,-13.430266337521235,-6.454167567824564,-0.37929039573708095,58.517911019103465,-0.936691047324817,0.0
2476,0.0,0.0,0,0,0,0,0,0.0,0.0,0,0.0,0,0,0,0,0,-0.2466579,0,-0.30092479,0,0,0,0,0,0,0,0.0,0.0,0.0,0.0,0.0,0.0,0.0,0.0,0.0,0,0,382.8179709854099,-0.10508773,-4.2757449,0.0,10.244773335563172,0.0,0,-0.013256078903668365,6.696615545351721,-13.430266337521235,-6.454167567824564,-0.37929039573708095,58.517911019103465,-0.936691047324817,0.0
2477,0.0,0.0,0,0,0,0,0,0.0,0.0,0,0.0,0,0,0,0,0,-0.2466579,0,-0.30092479,0,0,0,0,0,0,0,0.0,0.0,0.0,0.0,0.0,0.0,0.0,0.0,0.0,0,0,382.8179709854099,-0.10508773,-4.2757449,0.0,10.244773335563172,0.0,0,-0.013256078903668365,6.696615545351721,-13.430266337521235,-6.454167567824564,-0.37929039573708095,58.517911019103465,-0.936691047324817,0.0
2478,0.0,0.0,0,0,0,0,0,0.0,0.0,0,0.0,0,0,0,0,0,-0.2466579,0,-0.30092479,0,0,0,0,0,0,0,0.0,0.0,0.0,0.0,0.0,0.0,0.0,0.0,0.0,0,0,382.8179709854099,-0.10508773,-4.2757449,0.0,10.244773335563172,0.0,0,-0.013256078903668365,6.696615545351721,-13.430266337521235,-6.454167567824564,-0.37929039573708095,58.517911019103465,-0.936691047324817,0.0
2479,0.0,0.0,0,0,0,0,0,0.0,0.0,0,0.0,0,0,0,0,0,-0.2466579,0,-0.30092479,0,0,0,0,0,0,0,0.0,0.0,0.0,0.0,0.0,0.0,0.0,0.0,0.0,0,0,382.8179709854099,-0.10508773,-4.2757449,0.0,10.244773335563172,0.0,0,-0.013256078903668365,6.696615545351721,-13.430266337521235,-6.454167567824564,-0.37929039573708095,58.517911019103465,-0.936691047324817,0.0
2480,0.0,0.0,0,0,0,0,0,0.0,0.0,0,0.0,0,0,0,0,0,-0.2466579,0,-0.30092479,0,0,0,0,0,0,0,0.0,0.0,0.0,0.0,0.0,0.0,0.0,0.0,0.0,0,0,382.8179709854099,-0.10508773,-4.2757449,0.0,10.244773335563172,0.0,0,-0.013256078903668365,6.696615545351721,-13.430266337521235,-6.454167567824564,-0.37929039573708095,58.517911019103465,-0.936691047324817,0.0
2481,0.0,0.0,0,0,0,0,0,0.0,0.0,0,0.0,0,0,0,0,0,-0.2466579,0,-0.30092479,0,0,0,0,0,0,0,0.0,0.0,0.0,0.0,0.0,0.0,0.0,0.0,0.0,0,0,382.8179709854099,-0.10508773,-4.2757449,0.0,10.244773335563172,0.0,0,-0.013256078903668365,6.696615545351721,-13.430266337521235,-6.454167567824564,-0.37929039573708095,58.517911019103465,-0.936691047324817,0.0
2482,0.0,0.0,0,0,0,0,0,0.0,0.0,0,0.0,0,0,0,0,0,-0.2466579,0,-0.30092479,0,0,0,0,0,0,0,0.0,0.0,0.0,0.0,0.0,0.0,0.0,0.0,0.0,0,0,382.8179709854099,-0.10508773,-4.2757449,0.0,10.244773335563172,0.0,0,-0.013256078903668365,6.696615545351721,-13.430266337521235,-6.454167567824564,-0.37929039573708095,58.517911019103465,-0.936691047324817,0.0
2483,0.0,0.0,0,0,0,0,0,0.0,0.0,0,0.0,0,0,0,0,0,-0.2466579,0,-0.30092479,0,0,0,0,0,0,0,0.0,0.0,0.0,0.0,0.0,0.0,0.0,0.0,0.0,0,0,382.8179709854099,-0.10508773,-4.2757449,0.0,10.244773335563172,0.0,0,-0.013256078903668365,6.696615545351721,-13.430266337521235,-6.454167567824564,-0.37929039573708095,58.517911019103465,-0.936691047324817,0.0
2484,0.0,0.0,0,0,0,0,0,0.0,0.0,0,0.0,0,0,0,0,0,-0.2466579,0,-0.30092479,0,0,0,0,0,0,0,0.0,0.0,0.0,0.0,0.0,0.0,0.0,0.0,0.0,0,0,382.8179709854099,-0.10508773,-4.2757449,0.0,10.244773335563172,0.0,0,-0.013256078903668365,6.696615545351721,-13.430266337521235,-6.454167567824564,-0.37929039573708095,58.517911019103465,-0.936691047324817,0.0
2485,0.0,0.0,0,0,0,0,0,0.0,0.0,0,0.0,0,0,0,0,0,-0.2466579,0,-0.30092479,0,0,0,0,0,0,0,0.0,0.0,0.0,0.0,0.0,0.0,0.0,0.0,0.0,0,0,382.8179709854099,-0.10508773,-4.2757449,0.0,10.244773335563172,0.0,0,-0.013256078903668365,6.696615545351721,-13.430266337521235,-6.454167567824564,-0.37929039573708095,58.517911019103465,-0.936691047324817,0.0
2486,0.0,0.0,0,0,0,0,0,0.0,0.0,0,0.0,0,0,0,0,0,-0.2466579,0,-0.30092479,0,0,0,0,0,0,0,0.0,0.0,0.0,0.0,0.0,0.0,0.0,0.0,0.0,0,0,382.8179709854099,-0.10508773,-4.2757449,0.0,10.244773335563172,0.0,0,-0.013256078903668365,6.696615545351721,-13.430266337521235,-6.454167567824564,-0.37929039573708095,58.517911019103465,-0.936691047324817,0.0
2487,0.0,0.0,0,0,0,0,0,0.0,0.0,0,0.0,0,0,0,0,0,-0.2466579,0,-0.30092479,0,0,0,0,0,0,0,0.0,0.0,0.0,0.0,0.0,0.0,0.0,0.0,0.0,0,0,382.8179709854099,-0.10508773,-4.2757449,0.0,10.244773335563172,0.0,0,-0.013256078903668365,6.696615545351721,-13.430266337521235,-6.454167567824564,-0.37929039573708095,58.517911019103465,-0.936691047324817,0.0
2488,0.0,0.0,0,0,0,0,0,0.0,0.0,0,0.0,0,0,0,0,0,-0.2466579,0,-0.30092479,0,0,0,0,0,0,0,0.0,0.0,0.0,0.0,0.0,0.0,0.0,0.0,0.0,0,0,382.8179709854099,-0.10508773,-4.2757449,0.0,10.244773335563172,0.0,0,-0.013256078903668365,6.696615545351721,-13.430266337521235,-6.454167567824564,-0.37929039573708095,58.517911019103465,-0.936691047324817,0.0
2489,0.0,0.0,0,0,0,0,0,0.0,0.0,0,0.0,0,0,0,0,0,-0.2466579,0,-0.30092479,0,0,0,0,0,0,0,0.0,0.0,0.0,0.0,0.0,0.0,0.0,0.0,0.0,0,0,382.8179709854099,-0.10508773,-4.2757449,0.0,10.244773335563172,0.0,0,-0.013256078903668365,6.696615545351721,-13.430266337521235,-6.454167567824564,-0.37929039573708095,58.517911019103465,-0.936691047324817,0.0
2490,0.0,0.0,0,0,0,0,0,0.0,0.0,0,0.0,0,0,0,0,0,-0.2466579,0,-0.30092479,0,0,0,0,0,0,0,0.0,0.0,0.0,0.0,0.0,0.0,0.0,0.0,0.0,0,0,382.8179709854099,-0.10508773,-4.2757449,0.0,10.244773335563172,0.0,0,-0.013256078903668365,6.696615545351721,-13.430266337521235,-6.454167567824564,-0.37929039573708095,58.517911019103465,-0.936691047324817,0.0
2491,0.0,0.0,0,0,0,0,0,0.0,0.0,0,0.0,0,0,0,0,0,-0.2466579,0,-0.30092479,0,0,0,0,0,0,0,0.0,0.0,0.0,0.0,0.0,0.0,0.0,0.0,0.0,0,0,382.8179709854099,-0.10508773,-4.2757449,0.0,10.244773335563172,0.0,0,-0.013256078903668365,6.696615545351721,-13.430266337521235,-6.454167567824564,-0.37929039573708095,58.517911019103465,-0.936691047324817,0.0
2492,0.0,0.0,0,0,0,0,0,0.0,0.0,0,0.0,0,0,0,0,0,-0.2466579,0,-0.30092479,0,0,0,0,0,0,0,0.0,0.0,0.0,0.0,0.0,0.0,0.0,0.0,0.0,0,0,382.8179709854099,-0.10508773,-4.2757449,0.0,10.244773335563172,0.0,0,-0.013256078903668365,6.696615545351721,-13.430266337521235,-6.454167567824564,-0.37929039573708095,58.517911019103465,-0.936691047324817,0.0
2493,0.0,0.0,0,0,0,0,0,0.0,0.0,0,0.0,0,0,0,0,0,-0.2466579,0,-0.30092479,0,0,0,0,0,0,0,0.0,0.0,0.0,0.0,0.0,0.0,0.0,0.0,0.0,0,0,382.8179709854099,-0.10508773,-4.2757449,0.0,10.244773335563172,0.0,0,-0.013256078903668365,6.696615545351721,-13.430266337521235,-6.454167567824564,-0.37929039573708095,58.517911019103465,-0.936691047324817,0.0
2494,0.0,0.0,0,0,0,0,0,0.0,0.0,0,0.0,0,0,0,0,0,-0.2466579,0,-0.30092479,0,0,0,0,0,0,0,0.0,0.0,0.0,0.0,0.0,0.0,0.0,0.0,0.0,0,0,382.8179709854099,-0.10508773,-4.2757449,0.0,10.244773335563172,0.0,0,-0.013256078903668365,6.696615545351721,-13.430266337521235,-6.454167567824564,-0.37929039573708095,58.517911019103465,-0.936691047324817,0.0
2495,0.0,0.0,0,0,0,0,0,0.0,0.0,0,0.0,0,0,0,0,0,-0.2466579,0,-0.30092479,0,0,0,0,0,0,0,0.0,0.0,0.0,0.0,0.0,0.0,0.0,0.0,0.0,0,0,382.8179709854099,-0.10508773,-4.2757449,0.0,10.244773335563172,0.0,0,-0.013256078903668365,6.696615545351721,-13.430266337521235,-6.454167567824564,-0.37929039573708095,58.517911019103465,-0.936691047324817,0.0
2496,0.0,0.0,0,0,0,0,0,0.0,0.0,0,0.0,0,0,0,0,0,-0.2466579,0,-0.30092479,0,0,0,0,0,0,0,0.0,0.0,0.0,0.0,0.0,0.0,0.0,0.0,0.0,0,0,382.8179709854099,-0.10508773,-4.2757449,0.0,10.244773335563172,0.0,0,-0.013256078903668365,6.696615545351721,-13.430266337521235,-6.454167567824564,-0.37929039573708095,58.517911019103465,-0.936691047324817,0.0
2497,0.0,0.0,0,0,0,0,0,0.0,0.0,0,0.0,0,0,0,0,0,-0.2466579,0,-0.30092479,0,0,0,0,0,0,0,0.0,0.0,0.0,0.0,0.0,0.0,0.0,0.0,0.0,0,0,382.8179709854099,-0.10508773,-4.2757449,0.0,10.244773335563172,0.0,0,-0.013256078903668365,6.696615545351721,-13.430266337521235,-6.454167567824564,-0.37929039573708095,58.517911019103465,-0.936691047324817,0.0
2498,0.0,0.0,0,0,0,0,0,0.0,0.0,0,0.0,0,0,0,0,0,-0.2466579,0,-0.30092479,0,0,0,0,0,0,0,0.0,0.0,0.0,0.0,0.0,0.0,0.0,0.0,0.0,0,0,382.8179709854099,-0.10508773,-4.2757449,0.0,10.244773335563172,0.0,0,-0.013256078903668365,6.696615545351721,-13.430266337521235,-6.454167567824564,-0.37929039573708095,58.517911019103465,-0.936691047324817,0.0
2499,0.0,0.0,0,0,0,0,0,0.0,0.0,0,0.0,0,0,0,0,0,-0.2466579,0,-0.30092479,0,0,0,0,0,0,0,0.0,0.0,0.0,0.0,0.0,0.0,0.0,0.0,0.0,0,0,382.8179709854099,-0.10508773,-4.2757449,0.0,10.244773335563172,0.0,0,-0.013256078903668365,6.696615545351721,-13.430266337521235,-6.454167567824564,-0.37929039573708095,58.517911019103465,-0.936691047324817,0.0
2500,0.0,0.0,0,0,0,0,0,0.0,0.0,0,0.0,0,0,0,0,0,-0.2466579,0,-0.30092479,0,0,0,0,0,0,0,0.0,0.0,0.0,0.0,0.0,0.0,0.0,0.0,0.0,0,0,382.8179709854099,-0.10508773,-4.2757449,0.0,10.244773335563172,0.0,0,-0.013256078903668365,6.696615545351721,-13.430266337521235,-6.454167567824564,-0.37929039573708095,58.517911019103465,-0.936691047324817,0.0
