File Description: RCMIP SSP585 emissions 1750-2500, with 2016-2024 replaced by observations (EDGAR-2025 + CEDS v_2025_03_18 + GFED5.1) and 2025-2500 rebased on the observed 2024 level. Generated by 03Claim/scripts/build_observed_emissions.py - do not edit by hand.,,,,,,,,,,,,,,,,,,,,,,,,,,,,,,,,,,,,,,,,,,,,,,,,,,,,
"Code Source: Extracted using default Python model version of FAIR2.0, available at https://github.com/njleach/
FAIR/tree/47c6eec031d2edcf09424394dbb86581a1b246ba",,,,,,,,,,,,,,,,,,,,,,,,,,,,,,,,,,,,,,,,,,,,,,,,,,,,
"Paper Reference: Leach et al. 2021. ""FaIRv2.0.0: a generalized impulse response model for climate
uncertainty and future scenario exploration,"" Geoscientific Model Development. https://doi.org/10.5194/gmd-14-3007-2021",,,,,,,,,,,,,,,,,,,,,,,,,,,,,,,,,,,,,,,,,,,,,,,,,,,,
,,,,,,,,,,,,,,,,,,,,,,,,,,,,,,,,,,,,,,,,,,,,,,,,,,,,
year,c2f6,c3f8,c4f10,c5f12,c6f14,c7f16,c8f18,c_c4f8,carbon_dioxide,carbon_tetrachloride,cf4,cfc113,cfc114,cfc115,cfc11,cfc12,ch2cl2,ch3ccl3,chcl3,halon1211,halon1301,halon2402,halon1202,hcfc141b,hcfc142b,hcfc22,hfc125,hfc134a,hfc143a,hfc152a,hfc227ea,hfc236fa,hfc23,hfc245fa,hfc32,hfc365mfc,hfc4310mee,methane,methyl_bromide,methyl_chloride,nf3,nitrous_oxide,sf6,so2f2,so2,nox,co,nmvoc,bc,nh3,oc,nox_avi
1750,0,0,0,0,0,0,0,0,0.08370013,2.49E-05,1.01E-05,0,0,0,0,0,0,0,0,7.72E-06,0,0,0,0,0,0,0,0,0,0,0,0,0,0,0,0,0,19.01978312,0,0,0,0.054741468,0,0,0,0,0,0,0,0,0,0
1751,0,0,0,0,0,0,0,0,0.085192382,2.49E-05,1.01E-05,0,0,0,0,0,0,0,0,7.72E-06,0,0,0,0,0,0,0,0,0,0,0,0,0,0,0,0,0,18.91510887,1.95E-05,0.0010236,0,0.055775659,0,0,-0.031669297,-0.142908704,-4.600991529,-0.933699943,-0.02484483,-0.067547906,-0.258951403,0
1752,0,0,0,0,0,0,0,0,0.086713094,2.49E-05,1.01E-05,0,0,0,0,0,0,0,0,7.72E-06,0,0,0,0,0,0,0,0,0,0,0,0,0,0,0,0,0,18.88971181,3.73E-05,0.00196,0,0.056829387,0,0,-0.042932391,-0.140941523,-6.718324876,-1.389829197,-0.033458823,-0.108208055,-0.413192406,0
1753,0,0,0,0,0,0,0,0,0.088260754,2.49E-05,1.01E-05,0,0,0,0,0,0,0,0,7.72E-06,0,0,0,0,0,0,0,0,0,0,0,0,0,0,0,0,0,19.12137723,1.60E-05,0.0008411,0,0.057903023,0,0,-0.02935507,-0.195391609,-4.851902568,-0.995476824,-0.025820192,-0.046251562,-0.265122996,0
1754,0,0,0,0,0,0,0,0,0.089837892,2.49E-05,1.01E-05,0,0,0,0,0,0,0,0,7.72E-06,0,0,0,0,0,0,0,0,0,0,0,0,0,0,0,0,0,19.50906107,-1.42E-05,-0.0007451,0,0.058996942,0,0,0.022016818,-0.098375159,1.288266423,0.24811895,0.001579027,0.087499133,0.111104903,0
1755,0,0,0,0,0,0,0,0,0.091444025,2.49E-05,1.01E-05,0,0,0,0,0,0,0,0,7.72E-06,0,0,0,0,0,0,0,0,0,0,0,0,0,0,0,0,0,19.50045493,4.09E-06,0.0002149,0,0.060111528,0,0,0.002306709,0.030779307,-0.382690822,-0.196892499,0.00140241,0.016298951,-0.08948562,0
1756,0,0,0,0,0,0,0,0,0.093256021,2.49E-05,1.01E-05,0,0,0,0,0,0,0,0,7.72E-06,0,0,0,0,0,0,0,0,0,0,0,0,0,0,0,0,0,19.4625366,-2.17E-06,-0.0001143,0,0.061247171,0,0,-0.02086411,-0.319049335,-5.204207102,-1.074996912,-0.028855348,-0.004978535,-0.251891521,0
1757,0,0,0,0,0,0,0,0,0.094921754,2.49E-05,1.01E-05,0,0,0,0,0,0,0,0,7.72E-06,0,0,0,0,0,0,0,0,0,0,0,0,0,0,0,0,0,20.02354066,3.64E-06,0.0001912,0,0.062404268,0,0,0.067416259,0.39793986,7.414533486,1.241866772,0.050152921,0.119984038,0.257150973,0
1758,0,0,0,0,0,0,0,0,0.09661811,2.49E-05,1.01E-05,0,0,0,0,0,0,0,0,7.72E-06,0,0,0,0,0,0,0,0,0,0,0,0,0,0,0,0,0,19.93400533,8.89E-06,0.0004669,0,0.063583226,0,0,0.039695391,0.244133384,3.312390272,0.41278622,0.022840654,0.067769677,0.066943482,0
1759,0,0,0,0,0,0,0,0,0.098345655,2.49E-05,1.01E-05,0,0,0,0,0,0,0,0,7.72E-06,0,0,0,0,0,0,0,0,0,0,0,0,0,0,0,0,0,20.14146621,-4.01E-06,-0.0002111,0,0.064784457,0,0,0.0334796,0.017334149,2.980403948,0.423436828,0.019496676,0.118268234,0.126345344,0
1760,0,0,0,0,0,0,0,0,0.100103953,2.49E-05,1.01E-05,0,0,0,0,0,0,0,0,7.72E-06,0,0,0,0,0,0,0,0,0,0,0,0,0,0,0,0,0,20.41679714,-4.75E-05,-0.0024976,0,0.066008382,0,0,0.057696761,-0.022515902,5.890926531,1.029898565,0.03003335,0.200358194,0.371395783,0
1761,0,0,0,0,0,0,0,0,0.102157594,2.49E-05,1.01E-05,0,0,0,0,0,0,0,0,7.72E-06,0,0,0,0,0,0,0,0,0,0,0,0,0,0,0,0,0,20.45599017,3.70E-06,0.0001946,0,0.06725543,0,0,0.069133328,0.231573921,6.180609143,0.962400977,0.039986234,0.153279717,0.244247736,0
1762,0,0,0,0,0,0,0,0,0.103982192,2.49E-05,1.01E-05,0,0,0,0,0,0,0,0,7.72E-06,0,0,0,0,0,0,0,0,0,0,8.32E-11,0,0,0,1.51E-09,0,0,20.45168738,-6.46E-06,-0.0003397,0,0.068526037,0,0,0.026455698,-0.235422661,0.72233845,0.00526311,0.003977353,0.144857246,0.078267159,0
1763,0,0,0,0,0,0,0,0,0.105840337,2.49E-05,1.01E-05,0,0,0,0,0,0,0,0,7.72E-06,0,0,0,0,0,0,0,0,0,0,6.68E-10,0,0,0,1.24E-08,0,0,20.54517934,5.59E-06,0.0002937,0,0.069820649,0,2.69E-10,0.040943731,-0.102257214,1.531976145,0.105240049,0.009259003,0.140292493,0.079094341,0
1764,0,0,0,0,0,0,0,0,0.107732647,2.49E-05,1.01E-05,0,0,0,0,0,0,0,0,7.72E-06,0,0,0,0,0,0,0,0,0,0,1.27E-09,0,0,0,2.50E-08,0,0,20.26091721,2.27E-05,0.0011915,0,0.071139719,0,2.16E-09,-0.018180504,-0.158574692,-6.482748121,-1.583469057,-0.026221529,-0.028944351,-0.488969162,0
1765,0,0,0,0,0,0,0,0,0.109659749,2.49E-05,1.01E-05,0,0,0,0,0,0,0,0,7.72E-06,0,0,0,0,0,0,0,0,0,0,1.39E-09,0,0,0,3.03E-08,0,0,20.919155,-1.48E-05,-0.0007781,0,0.07248371,0,4.09E-09,0.057505631,0.002868113,4.405366989,0.607631635,0.025829266,0.184692234,0.232255959,0
1766,0,0,0,0,0,0,0,0,0.111970923,2.49E-05,1.01E-05,0,0,0,0,0,0,0,0,7.72E-06,0,0,0,0,0,0,0,0,0,0,1.42E-09,0,0,0,3.44E-08,0,0,20.8535919,-1.01E-05,-0.0005338,0,0.073853091,0,4.47E-09,0.044359887,0.024867108,0.853286223,-0.163041598,0.012689222,0.108606439,-0.088837332,0
1767,0,0,0,0,0,0,0,0,0.113969543,2.49E-05,1.01E-05,0,0,0,0,0,0,0,0,7.72E-06,0,0,0,0,0,0,0,0,0,0,1.46E-09,0,0,0,3.84E-08,0,0,20.99917946,-2.07E-06,-0.000109,0,0.075248343,0,4.59E-09,0.042694443,0.010492018,1.088740219,-0.130799324,0.014689946,0.117692336,-0.047103651,0
1768,0,0,0,0,0,0,0,0,0.116004911,2.49E-05,1.01E-05,0,0,0,0,0,0,0,0,7.72E-06,0,0,0,0,0,0,0,0,0,0,1.49E-09,0,0,0,4.25E-08,0,0,21.65945211,-4.10E-05,-0.0021556,0,0.076669954,0,4.71E-09,0.145329061,0.531191292,14.12632605,2.343999329,0.085361285,0.295927729,0.616062055,0
1769,0,0,0,0,0,0,0,0,0.118077703,2.49E-05,1.01E-05,0,0,0,0,0,0,0,0,7.72E-06,0,0,0,0,0,0,0,0,0,0,1.53E-09,0,0,0,4.65E-08,0,0,21.49633535,-1.10E-05,-0.0005799,0,0.078118423,0,4.83E-09,0.102709147,0.12263885,6.498059674,0.928577381,0.039862986,0.230173612,0.287426645,0
1770,0,0,0,0,0,0,0,0,0.120188609,2.49E-05,1.01E-05,0,0,0,0,0,0,0,0,7.72E-06,0,0,0,0,0,0,0,0,0,0,1.57E-09,0,0,0,5.06E-08,0,0,21.63439757,-4.23E-05,-0.0022233,0,0.079594257,0,4.94E-09,0.110956259,0.163706274,6.833188779,0.944200985,0.041593983,0.228288192,0.295046939,0
1771,0,0,0,0,0,0,0,0,0.122705111,2.49E-05,1.01E-05,0,0,0,0,0,0,0,0,7.72E-06,0,0,0,0,0,0,0,0,0,0,1.60E-09,0,0,0,5.47E-08,0,0,21.4289211,-1.55E-05,-0.0008131,0,0.081097973,0,5.06E-09,0.016375867,-0.111969228,-0.665370484,-0.597585895,0.003138945,0.141528314,-0.125690755,0
1772,0,0,0,0,0,0,0,0,0.124894365,2.49E-05,1.01E-05,0,0,0,0,0,0,0,0,7.72E-06,0,0,0,0,0,0,0,0,0,0,1.64E-09,0,0,0,5.87E-08,0,0,21.39461572,1.14E-06,5.97E-05,0,0.082630097,0,5.18E-09,-0.008169622,-0.211204477,-3.913884945,-1.296873278,-0.010693214,0.11554047,-0.333484861,0
1773,0,0,0,0,0,0,0,0,0.127123874,2.49E-05,1.01E-05,0,0,0,0,0,0,0,0,7.72E-06,0,0,0,0,0,0,0,0,0,0,1.67E-09,0,0,0,6.28E-08,0,0,21.59523139,-1.82E-05,-0.0009575,0,0.084191167,0,5.30E-09,-0.002477906,-0.267822347,-2.750549688,-1.105257374,-0.005015152,0.176813644,-0.243004356,0
1774,0,0,0,0,0,0,0,0,0.129394379,2.49E-05,1.01E-05,0,0,0,0,0,0,0,0,7.72E-06,0,0,0,0,0,0,0,0,0,0,1.71E-09,0,0,0,6.68E-08,0,0,22.25970773,-6.12E-05,-0.0032187,0,0.085781728,0,5.41E-09,0.088863537,0.048690627,9.576226258,1.291531646,0.057129985,0.420011378,0.42792503,0
1775,0,0,0,0,0,0,0,0,0.131706635,2.49E-05,1.01E-05,0,0,0,0,0,0,0,0,7.72E-06,0,0,0,0,0,0,0,0,0,0,1.75E-09,0,0,0,7.09E-08,0,0,22.20096329,-3.53E-05,-0.0018544,0,0.087402339,0,5.53E-09,0.057264608,0.134079216,6.519814078,0.51900424,0.051225841,0.341954728,0.141467557,0
1776,0,0,0,0,0,0,0,0,0.134448338,2.49E-05,1.01E-05,0,0,0,0,0,0,0,0,7.72E-06,0,0,0,0,0,0,0,0,0,0,1.78E-09,0,0,0,7.49E-08,0,0,22.14194213,-4.83E-05,-0.0025388,0,0.089053567,0,5.65E-09,0.026623644,-0.327795253,0.371193735,-0.640681427,0.014372376,0.333779886,-0.077591131,0
1777,0,0,0,0,0,0,0,0,0.136846413,2.49E-05,1.01E-05,0,0,0,0,0,0,0,0,7.72E-06,0,0,0,0,0,0,0,0,0,0,1.82E-09,0,0,0,7.90E-08,0,0,22.56871006,-3.50E-05,-0.0018401,0,0.090735991,0,5.77E-09,0.0813052,0.199371545,9.018002236,0.871663847,0.072474028,0.428283672,0.225789383,0
1778,0,0,0,0,0,0,0,0,0.139288584,2.49E-05,1.01E-05,0,0,0,0,0,0,0,0,7.72E-06,0,0,0,0,0,0,0,0,0,0,1.85E-09,0,0,0,8.30E-08,0,0,22.85608093,-4.31E-05,-0.0022649,0,0.092450199,0,5.88E-09,0.120517509,0.472305003,14.22805469,1.761660722,0.100230647,0.506915975,0.451788101,0
1779,0,0,0,0,0,0,0,0,0.141775665,2.49E-05,1.01E-05,0,0,0,0,0,0,0,0,7.72E-06,0,0,0,0,0,0,0,0,0,0,1.89E-09,0,0,0,8.71E-08,0,0,22.82063569,-5.08E-05,-0.0026715,0,0.094196793,0,6.00E-09,0.063664014,-0.038221946,7.398812741,0.478988657,0.061845022,0.491083366,0.179789716,0
1780,0,0,0,0,0,0,0,0,0.144309487,2.49E-05,1.01E-05,0,0,0,0,0,0,0,0,7.72E-06,0,0,0,0,0,0,0,0,0,0,1.92E-09,0,0,0,9.10E-08,0,0,23.24616665,-9.96E-05,-0.0052339,0,0.095976383,0,6.12E-09,0.10557565,-0.020147732,13.08668338,1.596769436,0.091496832,0.641739029,0.570712654,0
1781,0,0,0,0,0,0,0,0,0.1473796,2.49E-05,1.01E-05,0,0,0,0,0,0,0,0,7.72E-06,0,0,0,0,0,0,0,0,0,0,1.96E-09,0,0,0,9.52E-08,0,0,23.24965548,-4.54E-05,-0.0023853,0,0.097789594,0,6.24E-09,0.111044206,0.142688074,11.56269509,1.171480248,0.091670444,0.578093261,0.359284118,0
1782,0,0,0,0,0,0,0,0,0.15000643,2.49E-05,1.01E-05,0,0,0,0,0,0,0,0,7.72E-06,0,0,0,0,0,0,0,0,0,0,2.00E-09,0,0,0,9.92E-08,0,0,23.34175812,-5.65E-05,-0.002969,0,0.099637061,0,6.35E-09,0.07812481,-0.274077267,7.519195845,0.463895229,0.062751946,0.591935696,0.26515268,0
1783,0,0,0,0,0,0,0,0,0.152682574,2.49E-05,1.01E-05,0,0,0,0,0,0,0,0,7.72E-06,0,0,0,0,0,0,0,0,0,0,2.03E-09,0,0,0,1.03E-07,0,0,23.37991679,-4.41E-05,-0.0023201,0,0.101519431,0,6.47E-09,0.07341284,-0.290828609,5.759565476,0.0798865,0.052954834,0.568542182,0.159592325,0
1784,0,0,0,0,0,0,0,0,0.155406904,2.49E-05,1.01E-05,0,0,0,0,0,0,0,0,7.72E-06,0,0,0,0,0,0,0,0,0,0,2.07E-09,0,0,0,1.07E-07,0,0,23.2940423,-3.24E-05,-0.0017044,0,0.103437362,0,6.59E-09,0.038268006,-0.137694733,2.042137487,-0.809566331,0.042771457,0.453466309,-0.219526891,0
1785,0,0,0,0,0,0,0,0,0.158183425,2.49E-05,1.01E-05,0,0,0,0,0,0,0,0,7.72E-06,0,0,0,0,0,0,0,0,0,0,2.10E-09,0,0,0,1.11E-07,0,0,23.80210554,-5.96E-05,-0.0031313,0,0.105391528,0,6.71E-09,0.08914217,-0.182730013,8.277766574,0.472653138,0.068068936,0.610462232,0.285043333,0
1786,0,0,0,0,0,0,0,0,0.16163562,2.49E-05,1.01E-05,0,0,0,0,0,0,0,0,7.72E-06,0,0,0,0,0,0,0,0,0,0,2.14E-09,0,0,0,1.15E-07,0,0,23.831995,-6.09E-05,-0.0032007,0,0.107382613,0,6.82E-09,0.08382597,-0.167400841,5.678518518,-0.107143817,0.060912729,0.563394163,0.019488975,0
1787,0,0,0,0,0,0,0,0,0.164514037,2.49E-05,1.01E-05,0,0,0,0,0,0,0,0,7.72E-06,0,0,0,0,0,0,0,0,0,0,2.18E-09,0,0,0,1.19E-07,0,0,24.17652818,-5.36E-05,-0.0028166,0,0.109411313,0,6.94E-09,0.118622717,0.025704998,10.26600947,0.731530852,0.087408538,0.627481878,0.262663308,0
1788,0,0,0,0,0,0,0,0,0.167444363,2.49E-05,1.01E-05,0,0,0,0,0,0,0,0,7.72E-06,0,0,0,0,0,0,0,0,0,0,2.21E-09,0,0,0,1.23E-07,0,0,24.85592892,-9.55E-05,-0.0050222,0,0.111478341,0,7.06E-09,0.207981923,0.529595652,22.82973357,3.102504243,0.157452728,0.803244649,0.89568619,0
1789,0,0,0,0,0,0,0,0,0.170429585,2.49E-05,1.01E-05,0,0,0,0,0,0,0,0,7.72E-06,0,0,0,0,0,0,0,0,0,0,2.25E-09,0,0,0,1.28E-07,0,0,24.71707284,-6.35E-05,-0.0033399,0,0.113584419,0,7.18E-09,0.157768919,0.111049437,14.9142858,1.610466155,0.109893876,0.735826152,0.552740468,0
1790,0,0,0,0,0,0,0,0,0.173469687,2.49E-05,1.01E-05,0,0,0,0,0,0,0,0,7.72E-06,0,0,0,0,0,0,0,0,0,0,2.28E-09,0,0,0,1.32E-07,0,0,24.94220857,-9.63E-05,-0.0050644,0,0.115730286,0,7.29E-09,0.165487728,0.196815469,16.35285762,1.824165584,0.11866624,0.75256428,0.609075762,0
1791,0,0,0,0,0,0,0,0,0.177180339,2.49E-05,1.01E-05,0,0,0,0,0,0,0,0,7.72E-06,0,0,0,0,0,0,0,0,0,0,2.32E-09,0,0,0,1.36E-07,0,0,24.77843217,-6.64E-05,-0.0034934,0,0.117916693,0,7.41E-09,0.125486778,-0.095793389,8.131027389,0.19691298,0.074812801,0.629253452,0.168781729,0
1792,0,0,0,0,0,0,0,0,0.180509603,2.49E-05,1.01E-05,0,0,0,0,0,0,0,0,7.72E-06,0,0,0,0,0,0,0,0,0,0,2.36E-09,0,0,0,1.40E-07,0,0,24.81889294,-4.31E-05,-0.0022642,0,0.120144406,0,7.53E-09,0.11583747,-0.082486982,5.724178834,-0.316140483,0.063880038,0.571464953,-0.000998954,0
1793,0,0,0,0,0,0,0,0,0.183724618,2.49E-05,1.01E-05,0,0,0,0,0,0,0,0,7.72E-06,0,0,0,0,0,0,0,0,0,0,2.39E-09,0,0,0,1.44E-07,0,0,25.03153141,-6.17E-05,-0.0032424,0,0.122414206,0,7.65E-09,0.109326164,-0.259965228,4.844950559,-0.436886728,0.055503079,0.590430648,0.030311391,0
1794,0,0,0,0,0,0,0,0,0.186979747,2.49E-05,1.01E-05,0,0,0,0,0,0,0,0,7.72E-06,0,0,0,0,0,0,0,0,0,0,2.43E-09,0,0,0,1.48E-07,0,0,25.76753778,-0.00010356,-0.0054439,0,0.124726887,0,7.76E-09,0.202611938,0.081136829,17.19455525,2.016398308,0.11607236,0.8038459,0.717591827,0
1795,0,0,0,0,0,0,0,0,0.190311156,2.49E-05,1.01E-05,0,0,0,0,0,0,0,0,7.72E-06,0,0,0,0,0,0,0,0,0,0,2.46E-09,0,0,0,1.52E-07,0,0,25.77334281,-7.68E-05,-0.0040373,0,0.12708326,0,7.88E-09,0.170115129,0.13737593,13.66476391,1.220905918,0.104921517,0.69847913,0.435463799,0
1796,0,0,0,0,0,0,0,0,0.194000483,2.49E-05,1.01E-05,0,0,0,0,0,0,0,0,7.72E-06,0,0,0,0,0,0,0,0,0,0,2.50E-09,0,0,0,1.56E-07,0,0,25.74058407,-8.79E-05,-0.0046235,0,0.129484151,0,8.00E-09,0.128773717,-0.419349522,5.950944158,-0.157583796,0.05538386,0.654173005,0.180701654,0
1797,0,0,0,0,0,0,0,0,0.197767934,2.49E-05,1.01E-05,0,0,0,0,0,0,0,0,7.72E-06,0,0,0,0,0,0,0,0,0,0,2.54E-09,0,0,0,1.60E-07,0,0,26.23006226,-7.15E-05,-0.0037589,0,0.131930399,0,8.12E-09,0.200191027,0.209201245,15.02087842,1.449550723,0.115704281,0.70861249,0.490984901,0
1798,0,0,0,0,0,0,0,0,0.201560694,2.49E-05,1.01E-05,0,0,0,0,0,0,0,0,7.72E-06,0,0,0,0,0,0,0,0,0,0,2.57E-09,0,0,0,1.64E-07,0,0,26.54644012,-7.96E-05,-0.0041859,0,0.134422863,0,8.23E-09,0.244751731,0.454645022,19.12274402,2.175812802,0.136285528,0.743327624,0.679004594,0
1799,0,0,0,0,0,0,0,0,0.205512405,2.49E-05,1.01E-05,0,0,0,0,0,0,0,0,7.72E-06,0,0,0,0,0,0,0,0,0,0,2.61E-09,0,0,0,1.68E-07,0,0,26.70648817,-9.70E-05,-0.0051018,0,0.136962415,0,8.35E-09,0.221265281,0.018463805,14.95868813,1.474403973,0.109521409,0.746772758,0.589674641,0
1800,0,0,0,0,0,0,0,0,0.209647701,2.49E-05,1.01E-05,0,0,0,0,0,0,0,0,7.72E-06,0,0,0,0,0,0,0,0,0,0,2.64E-09,0,0,0,1.72E-07,0,0,27.05634308,-0.00012935,-0.0068,0,0.139549945,0,8.47E-09,0.258545361,-0.031500852,17.31927807,1.981382917,0.1182033,0.81295523,0.794473551,0
1801,0,0,0,0,0,0,0,0,0.213299424,2.49E-05,1.01E-05,0,0,0,0,0,0,0,0,7.72E-06,0,0,0,0,0,0,0,0,0,0,2.68E-09,0,0,0,1.76E-07,0,0,27.12488718,-7.67E-05,-0.0040342,0,0.14218636,0,8.59E-09,0.248382784,0.146366268,16.38970961,1.643821564,0.121630934,0.773496887,0.616065071,0
1802,0,0,0,0,0,0,0,0,0.219402759,2.49E-05,1.01E-05,0,0,0,0,0,0,0,0,7.72E-06,0,0,0,0,0,0,0,0,0,0,2.72E-09,0,0,0,1.80E-07,0,0,27.33978432,-9.30E-05,-0.0048917,0,0.144872582,0,8.70E-09,0.287281679,-0.204879436,14.43534873,1.304330366,0.104921906,0.835363994,0.628155465,0
1803,0,0,0,0,0,0,0,0,0.221901481,2.49E-05,1.01E-05,0,0,0,0,0,0,0,0,7.72E-06,0,0,0,0,0,0,0,0,0,0,2.75E-09,0,0,0,1.84E-07,0,0,27.32049985,-7.69E-05,-0.004044,0,0.147609553,0,8.82E-09,0.235823561,-0.340231788,10.1234212,0.382515593,0.082245073,0.793173665,0.383362732,0
1804,0,0,0,0,0,0,0,0,0.226623697,2.49E-05,1.01E-05,0,0,0,0,0,0,0,0,7.72E-06,0,0,0,0,0,0,0,0,0,0,2.79E-09,0,0,0,1.88E-07,0,0,27.46474997,-7.56E-05,-0.0039758,0,0.150398231,0,8.94E-09,0.251733582,-0.019079128,11.0013372,0.342876525,0.099527332,0.759396639,0.228579964,0
1805,0,0,0,0,0,0,0,0,0.23040324,2.49E-05,1.01E-05,0,0,0,0,0,0,0,0,7.72E-06,0,0,0,0,0,0,0,0,0,0,2.82E-09,0,0,0,1.92E-07,0,0,27.9507982,-9.81E-05,-0.0051569,0,0.153239594,0,9.06E-09,0.289736794,-0.110899264,15.77634555,1.298085233,0.117271643,0.907472117,0.646486649,0
1806,0,0,0,0,0,0,0,0,0.234904653,2.49E-05,1.01E-05,0,0,0,0,0,0,0,0,7.72E-06,0,0,0,0,0,0,0,0,0,0,2.86E-09,0,0,0,1.96E-07,0,0,28.13437245,-0.00010534,-0.0055375,0,0.156134637,0,9.17E-09,0.296277192,-0.000885947,15.81587056,1.201623458,0.125051829,0.915851362,0.503775021,0
1807,0,0,0,0,0,0,0,0,0.239729416,2.49E-05,1.01E-05,0,0,0,0,0,0,0,0,7.72E-06,0,0,0,0,0,0,0,0,0,0,2.90E-09,0,0,0,2.00E-07,0,0,28.45865603,-9.35E-05,-0.0049151,0,0.159084374,0,9.29E-09,0.335073261,0.096761416,18.70757404,1.684642912,0.142101226,0.978537237,0.669895938,0
1808,0,0,0,0,0,0,0,0,0.243262806,2.49E-05,1.01E-05,0,0,0,0,0,0,0,0,7.72E-06,0,0,0,0,0,0,0,0,0,0,2.93E-09,0,0,0,2.04E-07,0,0,29.18524117,-0.00013574,-0.0071355,0,0.162089838,0,9.41E-09,0.406660767,0.634172869,31.50791323,4.060133507,0.214165729,1.167613366,1.283878753,0
1809,0,0,0,0,0,0,0,0,0.247566883,2.49E-05,1.01E-05,0,0,0,0,0,0,0,0,7.72E-06,0,0,0,0,0,0,0,0,0,0,2.97E-09,0,0,0,2.08E-07,0,0,29.12865813,-0.00010873,-0.0057157,0,0.165152082,0,9.53E-09,0.361843613,0.206226717,24.32132676,2.688195905,0.169671885,1.135076887,0.992497847,0
1810,0,0,0,0,0,0,0,0,0.25255984,2.49E-05,1.01E-05,0,0,0,0,0,0,0,0,7.72E-06,0,0,0,0,0,0,0,0,0,0,3.00E-09,0,0,0,2.12E-07,0,0,29.42453242,-0.00014785,-0.007772,0,0.168272178,0,9.64E-09,0.383935098,0.276920901,26.19065313,2.95169043,0.18175296,1.179389061,1.077719934,0
1811,0,0,0,0,0,0,0,0,0.257616525,2.49E-05,1.01E-05,0,0,0,0,0,0,0,0,7.72E-06,0,0,0,0,0,0,0,0,0,0,3.04E-09,0,0,0,2.17E-07,0,0,29.40578756,-0.0001187,-0.0062399,0,0.171451221,0,9.76E-09,0.362952196,0.136190457,20.74212753,1.807779771,0.154759481,1.09925825,0.741197424,0
1812,0,0,0,0,0,0,0,0,0.262534146,2.49E-05,1.01E-05,0,0,0,0,0,0,0,0,7.72E-06,0,0,0,0,0,0,0,0,0,0,3.07E-09,0,0,0,2.21E-07,0,0,29.4202985,-9.74E-05,-0.0051224,0,0.174690322,0,9.88E-09,0.345374396,-0.004248125,16.05332869,0.835643743,0.130236179,1.037479545,0.481382481,0
1813,0,0,0,0,0,0,0,0,0.267207665,2.49E-05,1.01E-05,0,0,0,0,0,0,0,0,7.72E-06,0,0,0,0,0,0,0,0,0,0,3.11E-09,0,0,0,2.25E-07,0,0,29.77847603,-0.00011768,-0.006186,0,0.177990618,0,1.00E-08,0.356240286,-0.109026303,17.38652864,1.114303974,0.134226104,1.105305861,0.617246889,0
1814,0,0,0,0,0,0,0,0,0.272167485,2.49E-05,1.01E-05,0,0,0,0,0,0,0,0,7.72E-06,0,0,0,0,0,0,0,0,0,0,3.14E-09,0,0,0,2.29E-07,0,0,30.54785186,-0.00014889,-0.0078267,0,0.181353263,0,1.01E-08,0.453676933,0.228578085,29.4581829,3.470102005,0.193808936,1.3276757,1.272255339,0
1815,0,0,0,0,0,0,0,0,0.277349523,2.49E-05,1.01E-05,0,0,0,0,0,0,0,0,7.72E-06,0,0,0,0,0,0,0,0,0,0,3.18E-09,0,0,0,2.33E-07,0,0,30.64433954,-0.00013818,-0.0072641,0,0.184779437,0,1.02E-08,0.441125962,0.330809777,27.05330602,2.849749475,0.189553938,1.251204466,1.039828735,0
1816,0,0,0,0,0,0,0,0,0.283517018,2.49E-05,1.01E-05,0,0,0,0,0,0,0,0,7.72E-06,0,0,0,0,0,0,0,0,0,0,3.22E-09,0,0,0,2.37E-07,0,0,30.79985622,-0.00015269,-0.0080265,0,0.188270339,0,1.03E-08,0.454471195,-0.037028854,23.10246399,2.124606295,0.163251245,1.260557385,0.947365704,0
1817,0,0,0,0,0,0,0,0,0.289073972,2.49E-05,1.01E-05,0,0,0,0,0,0,0,0,7.72E-06,0,0,0,0,0,0,0,0,0,0,3.25E-09,0,0,0,2.41E-07,0,0,31.19839541,-0.00013437,-0.0070634,0,0.191827191,0,1.05E-08,0.499377531,0.341334564,27.91558535,2.919704785,0.198409814,1.293135292,1.069560499,0
1818,0,0,0,0,0,0,0,0,0.294219976,2.49E-05,1.01E-05,0,0,0,0,0,0,0,0,7.72E-06,0,0,0,0,0,0,0,0,0,0,3.29E-09,0,0,0,2.45E-07,0,0,31.68760832,-0.00014761,-0.0077594,0,0.195451241,0,1.06E-08,0.561929799,0.762066131,35.38685082,4.245854265,0.237719349,1.379127017,1.401980736,0
1819,0,0,0,0,0,0,0,0,0.299440531,2.49E-05,1.01E-05,0,0,0,0,0,0,0,0,7.72E-06,0,0,0,0,0,0,0,0,0,0,3.32E-09,0,0,0,2.49E-07,0,0,31.84544135,-0.00016538,-0.0086938,0,0.199143758,0,1.07E-08,0.516134153,0.28325221,29.80522506,3.235763049,0.206358727,1.375188767,1.217530065,0
1820,0,0,0,0,0,0,0,0,0.304905348,2.49E-05,1.01E-05,0,0,0,0,0,0,0,0,7.72E-06,0,0,0,0,0,0,0,0,0,0,3.36E-09,0,0,0,2.53E-07,0,0,32.33339467,-0.00019864,-0.010442,0,0.202906034,0,1.08E-08,0.555533118,0.266970728,33.8923895,4.054817074,0.22327801,1.488387883,1.515896263,0
1821,0,0,0,0,0,0,0,0,0.310476342,2.49E-05,1.01E-05,0,0,0,0,0,0,0,0,7.72E-06,0,0,0,0,0,0,0,0,0,0,3.40E-09,0,0,0,2.57E-07,0,0,32.52138863,-0.00014874,-0.0078188,0,0.206739388,0,1.09E-08,0.567260296,0.50073173,34.37017532,3.965622863,0.235713022,1.468609079,1.412432176,0
1822,0,0,0,0,0,0,0,0,0.316491369,2.49E-05,1.01E-05,0,0,0,0,0,0,0,0,7.72E-06,0,0,0,0,0,0,0,0,0,0,3.43E-09,0,0,0,2.61E-07,0,0,32.73451052,-0.00016669,-0.0087627,0,0.210645163,0,1.11E-08,0.554234805,-0.020195164,30.14344166,3.205420306,0.204744362,1.520161978,1.348629933,0
1823,0,0,0,0,0,0,0,0,0.322939737,2.49E-05,1.01E-05,0,0,0,0,0,0,0,0,7.72E-06,0,0,0,0,0,0,0,0,0,0,3.47E-09,0,0,0,2.65E-07,0,0,32.75571509,-0.00014677,-0.0077156,0,0.214624727,0,1.12E-08,0.554489404,-0.102577025,25.86582254,2.238938148,0.184701009,1.467570972,1.085044136,0
1824,0,0,0,0,0,0,0,0,0.329048562,2.49E-05,1.01E-05,0,0,0,0,0,0,0,0,7.72E-06,0,0,0,0,0,0,0,0,0,0,3.50E-09,0,0,0,2.69E-07,0,0,33.0519787,-0.00015348,-0.0080684,0,0.218679474,0,1.13E-08,0.581063546,0.260451114,28.51335264,2.541607574,0.213177055,1.468143852,1.023057109,0
1825,0,0,0,0,0,0,0,0,0.335519842,2.49E-05,1.01E-05,0,0,0,0,0,0,0,0,7.72E-06,0,0,0,0,0,0,0,0,0,0,3.54E-09,0,0,0,2.73E-07,0,0,33.52533882,-0.00017121,-0.009,0,0.222810824,0,1.14E-08,0.631566327,0.137249288,31.78939098,3.16396333,0.224932356,1.588546397,1.361009378,0
1826,0,0,0,0,0,0,0,0,0.341535292,2.49E-05,1.01E-05,0,0,0,0,0,0,0,0,7.72E-06,0,0,0,0,0,0,0,0,0,0,3.57E-09,0,0,0,2.77E-07,0,0,33.7481029,-0.00017932,-0.0094263,0,0.227020225,0,1.15E-08,0.619144659,0.112734616,30.29490674,2.794115286,0.223198078,1.595930323,1.173110934,0
1827,0,0,0,0,0,0,0,0,0.348755641,2.49E-05,1.01E-05,0,0,0,0,0,0,0,0,7.72E-06,0,0,0,0,0,0,0,0,0,0,3.61E-09,0,0,0,2.81E-07,0,0,34.15505001,-0.00017258,-0.009072,0,0.231309151,0,1.16E-08,0.687257202,0.280868927,33.94998043,3.368163883,0.248567027,1.658160233,1.352251083,0
1828,0,0,0,0,0,0,0,0,0.35501382,2.49E-05,1.01E-05,0,0,0,0,0,0,0,0,7.72E-06,0,0,0,0,0,0,0,0,0,0,3.64E-09,0,0,0,2.85E-07,0,0,34.99912851,-0.00021551,-0.011329,0,0.235679104,0,1.18E-08,0.790952447,0.785252356,47.44807369,5.883533262,0.323003397,1.873805855,2.032896349,0
1829,0,0,0,0,0,0,0,0,0.361038603,2.49E-05,1.01E-05,0,0,0,0,0,0,0,0,7.72E-06,0,0,0,0,0,0,0,0,0,0,3.68E-09,0,0,0,2.89E-07,0,0,35.01640513,-0.00018748,-0.0098554,0,0.240131616,0,1.19E-08,0.749452349,0.404228337,40.64726943,4.551072012,0.281605577,1.839539303,1.746413507,0
1830,0,0,0,0,0,0,0,0,0.37360191,2.49E-05,1.01E-05,0,0,0,0,0,0,0,0,7.72E-06,0,0,0,0,0,0,0,0,0,0,3.72E-09,0,0,0,2.93E-07,0,0,35.40215534,-0.00022103,-0.0116193,0,0.244668245,0,1.20E-08,0.966443732,0.529303112,43.57917409,4.918935566,0.305389075,1.891116355,1.866583426,0
1831,0,0,0,0,0,0,0,0,0.378744286,2.49E-05,1.01E-05,0,0,0,0,0,0,0,0,7.72E-06,0,0,0,0,0,0,0,0,0,0,3.75E-09,0,0,0,2.97E-07,0,0,35.37418705,-0.00019599,-0.0103029,0,0.249290582,0,1.21E-08,0.876843268,0.230338618,35.67389195,3.314995517,0.26357637,1.8038173,1.43006052,0
1832,0,0,0,0,0,0,0,0,0.385302899,2.49E-05,1.01E-05,0,0,0,0,0,0,0,0,7.72E-06,0,0,0,0,0,0,0,0,0,0,3.79E-09,0,0,0,3.01E-07,0,0,35.56272349,-0.00017849,-0.0093829,0,0.254000246,0,1.22E-08,0.875999489,0.226284142,33.83603923,2.849070337,0.256092544,1.784739917,1.291318607,0
1833,0,0,0,0,0,0,0,0,0.392496291,2.49E-05,1.01E-05,0,0,0,0,0,0,0,0,7.72E-06,0,0,0,0,0,0,0,0,0,0,3.82E-09,0,0,0,3.05E-07,0,0,35.98083111,-0.00019598,-0.0103023,0,0.258798885,0,1.23E-08,0.902486874,0.092143998,34.92643402,3.047757477,0.259188626,1.863232865,1.416828773,0
1834,0,0,0,0,0,0,0,0,0.399747258,2.49E-05,1.01E-05,0,0,0,0,0,0,0,0,7.72E-06,0,0,0,0,0,0,0,0,0,0,3.86E-09,0,0,0,3.09E-07,0,0,36.76106097,-0.00023373,-0.0122865,0,0.263688182,0,1.25E-08,0.997128049,0.367147088,45.61554356,5.083166417,0.314674711,2.073730381,2.006617194,0
1835,0,0,0,0,0,0,0,0,0.407217955,2.49E-05,1.01E-05,0,0,0,0,0,0,0,0,7.72E-06,0,0,0,0,0,0,0,0,0,0,3.90E-09,0,0,0,3.13E-07,0,0,36.88278973,-0.00021793,-0.0114562,0,0.268669848,0,1.26E-08,0.991043098,0.398339825,42.0277804,4.213616941,0.307685619,1.997858194,1.722818643,0
1836,0,0,0,0,0,0,0,0,0.418189162,2.49E-05,1.01E-05,0,0,0,0,0,0,0,0,7.72E-06,0,0,0,0,0,0,0,0,0,0,3.93E-09,0,0,0,3.17E-07,0,0,37.24729235,-0.00023872,-0.0125488,0,0.27374563,0,1.27E-08,1.120563627,0.131921488,41.45130561,4.058337107,0.306417201,2.065324995,1.787336139,0
1837,0,0,0,0,0,0,0,0,0.4253848,2.49E-05,1.01E-05,0,0,0,0,0,0,0,0,7.72E-06,0,0,0,0,0,0,0,0,0,0,3.97E-09,0,0,0,3.21E-07,0,0,37.69980678,-0.00021827,-0.0114742,0,0.278917305,0,1.28E-08,1.150526439,0.535172389,46.22914499,4.800600921,0.342439418,2.099369733,1.906167091,0
1838,0,0,0,0,0,0,0,0,0.433700233,2.49E-05,1.01E-05,0,0,0,0,0,0,0,0,7.72E-06,0,0,0,0,0,0,0,0,0,0,4.00E-09,0,0,0,3.25E-07,0,0,38.24210962,-0.00023225,-0.0122087,0,0.284186684,0,1.29E-08,1.237300949,0.870053035,52.76882824,5.925420343,0.37954099,2.194845803,2.193870324,0
1839,0,0,0,0,0,0,0,0,0.44214332,2.49E-05,1.01E-05,0,0,0,0,0,0,0,0,7.72E-06,0,0,0,0,0,0,0,0,0,0,4.04E-09,0,0,0,3.29E-07,0,0,38.51117556,-0.00024985,-0.0131341,0,0.289555613,0,1.30E-08,1.240371528,0.453369004,48.38427809,5.089485956,0.354867383,2.211918238,2.057508182,0
1840,0,0,0,0,0,0,0,0,0.451932498,2.49E-05,1.01E-05,0,0,0,0,0,0,0,0,7.72E-06,0,0,0,0,0,0,0,0,0,0,4.07E-09,0,0,0,3.33E-07,0,0,38.88776194,-0.00028018,-0.0147286,0,0.295025974,0,1.32E-08,1.302396772,0.154332595,47.35355741,4.901155536,0.346106767,2.283636207,2.127464332,0
1841,0,0,0,0,0,0,0,0,0.460687548,2.49E-05,1.01E-05,0,0,0,0,0,0,0,0,7.72E-06,0,0,0,0,0,0,0,0,0,0,4.11E-09,0,0,0,3.37E-07,0,0,39.38162317,-0.00023984,-0.0126079,0,0.300599683,0,1.33E-08,1.386510309,0.696866399,53.84538304,5.92361896,0.392719097,2.32176311,2.297875424,0
1842,0,0,0,0,0,0,0,0,0.470563893,2.49E-05,1.01E-05,0,0,0,0,0,0,0,0,7.72E-06,0,0,0,0,0,0,0,0,0,0,4.14E-09,0,0,0,3.41E-07,0,0,39.61872888,-0.00024739,-0.0130046,0,0.306278691,0,1.34E-08,1.416859563,0.193415458,48.46776336,4.89984737,0.351399714,2.333691761,2.143293571,0
1843,0,0,0,0,0,0,0,0,0.479357136,2.49E-05,1.01E-05,0,0,0,0,0,0,0,0,7.72E-06,0,0,0,0,0,0,0,0,0,0,4.18E-09,0,0,0,3.45E-07,0,0,39.65326382,-0.00023047,-0.0121152,0,0.312064989,0,1.35E-08,1.413260958,-0.102530552,41.20942209,3.402234689,0.313365516,2.25816252,1.770550175,0
1844,0,0,0,0,0,0,0,0,0.489882112,2.49E-05,1.01E-05,0,0,0,0,0,0,0,0,7.72E-06,0,0,0,0,0,0,0,0,0,0,4.22E-09,0,0,0,3.49E-07,0,0,40.04426499,-0.00023656,-0.0124355,0,0.317960603,0,1.36E-08,1.536638978,0.289133536,44.18008294,3.740628076,0.346055141,2.251223434,1.732453751,0
1845,0,0,0,0,0,0,0,0,0.502103943,2.49E-05,1.01E-05,0,0,0,0,0,0,0,0,7.72E-06,0,0,0,0,0,0,0,0,0,0,4.25E-09,0,0,0,3.53E-07,0,0,40.66967667,-0.00025516,-0.013413,0,0.323967598,0,1.38E-08,1.714232812,0.264717879,49.32269722,4.663741008,0.37360112,2.38021582,2.151695154,0
1846,0,0,0,0,0,0,0,0,0.51094114,2.49E-05,1.01E-05,0,0,0,0,0,0,0,0,7.72E-06,0,0,0,0,0,0,0,0,0,0,4.29E-09,0,0,0,3.57E-07,0,0,40.97519975,-0.0002635,-0.0138516,0,0.330088079,0,1.39E-08,1.6980767,0.237341612,47.3809034,4.222225302,0.373427987,2.374808267,1.951210419,0
1847,0,0,0,0,0,0,0,0,0.522793082,2.49E-05,1.01E-05,0,0,0,0,0,0,0,0,7.72E-06,0,0,0,0,0,0,0,0,0,0,4.32E-09,0,0,0,3.61E-07,0,0,41.61647168,-0.00026015,-0.0136756,0,0.33632419,0,1.40E-08,1.861701773,0.536318334,54.4577987,5.421794528,0.423344473,2.474271927,2.312846043,0
1848,1.49E-08,0,0,0,0,0,0,0,0.531191961,2.49E-05,1.01E-05,0,0,0,0,0,0,0,0,7.72E-06,0,0,0,0,0,0,0,0,0,0,4.36E-09,0,0,0,3.65E-07,0,0,42.44947063,-0.00029944,-0.0157409,0,0.342678115,0,1.41E-08,1.961917694,0.912370294,65.03093417,7.376417529,0.479601044,2.645548475,2.853025583,0
1849,1.20E-07,0,0,0,0,0,0,0,0.541830445,2.49E-05,1.01E-05,0,0,0,0,0,0,0,0,7.72E-06,0,0,0,0,0,0,0,0,0,0,4.39E-09,0,0,0,3.69E-07,0,0,42.63396461,-0.00027095,-0.0142433,0,0.34915208,0,1.42E-08,2.002811865,0.688902653,60.41257535,6.405245317,0.454623334,2.615668743,2.627118123,0
1850,2.25E-07,0,0,0,0,0,0,0,0.55343193,2.49E-05,1.01E-05,0,0,0,0,0,0,0,0,7.72E-06,0,0,0,0,0,0,0,0,0,0,4.44E-09,0,0,0,3.74E-07,0,0,43.14236365,-0.00015478,-0.0081366,0,0.355748354,0,1.43E-08,2.104415341,0.721364905,62.93551554,6.761222526,0.473353723,2.676472466,2.77915664,0
1851,2.41E-07,0,0,0,0,0,0,0,0.545763872,2.49E-05,1.01E-05,0,0,0,0,0,0,0,0,7.72E-06,0,0,0,0,0,0,0,0,0,0,4.48E-09,0,0,0,3.78E-07,0,0,43.15191371,-0.00012316,-0.0064743,0,0.36372733,0,1.45E-08,2.066551283,0.437227979,53.71745648,4.928220368,0.428921834,2.550781237,2.278632347,0
1852,2.42E-07,0,0,0,0,0,0,0,0.603825061,2.49E-05,1.01E-05,0,0,0,0,0,0,0,0,7.72E-06,0,0,0,0,0,0,0,0,0,0,4.51E-09,0,0,0,3.83E-07,0,0,43.34412933,-0.00010574,-0.0055588,0,0.372356545,0,1.46E-08,2.108124942,0.266607381,48.97116121,3.936073641,0.409863405,2.496830156,2.031593403,0
1853,2.43E-07,0,0,0,0,0,0,0,0.604080035,2.49E-05,1.01E-05,0,0,0,0,0,0,0,0,7.72E-06,0,0,0,0,0,0,0,0,0,0,4.55E-09,0,0,0,3.87E-07,0,0,43.88435963,-0.00011843,-0.0062258,0,0.380040633,0,1.47E-08,2.205545381,0.299041294,51.81144537,4.423727954,0.430040987,2.565497035,2.210821732,0
1854,2.44E-07,0,0,0,0,0,0,0,0.612125325,2.49E-05,1.01E-05,0,0,0,0,0,0,0,0,7.72E-06,0,0,0,0,0,0,0,0,0,0,4.58E-09,0,0,0,3.90E-07,0,0,44.80907906,-0.00016513,-0.0086808,0,0.388047506,0,1.48E-08,2.622370266,0.686778116,64.87177273,6.772868995,0.512277788,2.781235963,2.892763179,0
1855,2.45E-07,0,0,0,0,0,0,0,0.609810706,2.49E-05,1.01E-05,0,0,0,0,0,0,0,0,7.72E-06,0,0,0,0,0,0,0,0,0,0,4.62E-09,0,0,0,3.95E-07,0,0,44.9570539,-0.00013709,-0.0072064,0,0.395083121,0,1.49E-08,2.615828224,0.638439341,59.5830951,5.629737754,0.495493558,2.680528358,2.543980448,1.94E-08
1856,2.47E-07,0,0,0,0,0,0,0,0.620403979,2.49E-05,1.01E-05,0,0,0,0,0,0,0,0,7.72E-06,0,0,0,0,0,0,0,0,0,0,4.65E-09,0,0,0,3.98E-07,0,0,45.32147323,-0.00015887,-0.0083515,0,0.401140705,0,1.50E-08,2.7485038,0.210934714,56.32755795,5.02070848,0.475659252,2.721277316,2.506449905,3.32E-08
1857,2.49E-07,0,0,0,0,0,0,0,0.626432833,2.49E-05,1.01E-05,0,0,0,0,0,0,0,0,7.72E-06,0,0,0,0,0,0,0,0,0,0,4.69E-09,0,0,0,4.03E-07,0,0,46.01300694,-0.00013797,-0.0072527,0,0.407452131,0,1.52E-08,2.845698045,0.925786153,66.14583307,6.705972545,0.538681822,2.790297357,2.843897499,6.84E-08
1858,2.51E-07,0,0,0,0,0,0,0,0.632238205,2.49E-05,1.01E-05,0,0,0,0,0,0,0,0,7.72E-06,0,0,0,0,0,0,0,0,0,0,4.73E-09,0,0,0,4.07E-07,0,0,46.54057729,-0.00014786,-0.0077727,0,0.41244249,0,1.53E-08,2.921294373,1.194239076,70.48666483,7.448777539,0.562351886,2.846182625,3.031608151,1.10E-07
1859,2.53E-07,0,0,0,0,0,0,0,0.644700232,2.49E-05,1.01E-05,0,0,0,0,0,0,0,0,7.72E-06,0,0,0,0,0,0,0,0,0,0,4.76E-09,0,0,0,4.10E-07,0,0,46.94962615,-0.0001733,-0.0091099,0,0.416921628,0,1.54E-08,3.082039771,0.796274565,67.77238972,6.935121115,0.550432494,2.887943697,3.001837837,1.12E-07
1860,2.55E-07,0,0,0,0,0,0,0,0.657163863,2.49E-05,1.08E-05,0,0,0,0,0,0,0,0,7.72E-06,0,0,0,0,0,0,0,0,0,0,4.79E-09,0,0,0,4.14E-07,0,0,47.37614023,-0.00019661,-0.0103353,0,0.420676116,0,1.55E-08,3.34767792,0.603356982,67.53663781,6.827708704,0.550633975,2.940772503,3.072799856,7.01E-07
1861,2.57E-07,0,0,0,0,0,0,0,0.672972107,2.49E-05,1.08E-05,0,0,0,0,0,0,0,0,7.72E-06,0,0,0,0,0,0,0,0,0,0,4.83E-09,0,0,0,4.19E-07,0,0,48.2346867,-0.00014505,-0.0076251,0,0.423282924,0,1.56E-08,3.49325293,0.932591724,68.71677844,6.863929287,0.572497907,2.929445554,2.989451682,2.94E-06
1862,2.60E-07,0,0,0,0,0,0,0,0.614310229,2.49E-05,1.01E-05,0,0,0,0,0,0,0,0,7.72E-06,0,0,0,0,0,0,0,0,0,0,4.87E-09,0,0,0,4.23E-07,0,0,49.13056212,-0.00015471,-0.0081329,0,0.425890985,0,1.58E-08,3.503455415,0.542504032,65.63544778,6.337133937,0.550794228,2.991191881,2.968225058,5.44E-06
1863,2.62E-07,0,0,0,0,0,0,0,0.620106096,2.49E-05,1.01E-05,0,0,0,0,0,0,0,0,7.72E-06,0,0,0,0,0,0,0,0,0,0,4.91E-09,0,0,0,4.27E-07,0,0,49.71022253,-0.00013683,-0.0071929,0,0.428354825,0,1.59E-08,3.679298815,0.30952933,59.59506063,4.987809176,0.531498759,2.940975762,2.643742859,6.08E-06
1864,2.65E-07,0,0,0,0,0,0,0,0.627683452,2.49E-05,1.01E-05,0,0,0,0,0,0,0,0,7.72E-06,0,0,0,0,0,0,0,0,0,0,4.94E-09,0,0,0,4.31E-07,0,0,50.66032473,-0.00014306,-0.0075202,0,0.430935869,0,1.60E-08,3.936440362,0.69034054,62.80370551,5.377240417,0.569984878,2.959443986,2.646149154,6.01E-06
1865,2.68E-07,0,0,0,0,0,0,0,0.634657822,2.49E-05,1.08E-05,0,0,0,0,0,0,0,0,7.72E-06,0,0,0,0,0,0,0,0,0,0,4.98E-09,0,0,0,4.35E-07,0,0,51.9800751,-0.00015756,-0.0082826,0,0.433360004,0,1.61E-08,4.203747181,0.920926498,71.9616462,7.081647287,0.622430311,3.145844686,3.218900233,7.94E-06
1866,2.71E-07,0,0,0,0,0,0,0,0.638592711,2.49E-05,1.08E-05,0,0,0,0,0,0,0,0,7.72E-06,0,0,0,0,0,0,0,0,0,0,5.01E-09,0,0,0,4.39E-07,0,0,52.74699293,-0.00016375,-0.0086081,0,0.43566559,0,1.62E-08,4.3259124,0.842128664,68.57382615,6.353455336,0.612527581,3.136859032,2.947012047,1.32E-05
1867,2.74E-07,0,0,0,0,0,0,0,0.644921061,2.49E-05,1.01E-05,0,0,0,0,0,0,0,0,7.72E-06,0,0,0,0,0,0,0,0,0,0,5.05E-09,0,0,0,4.43E-07,0,0,53.94102178,-0.00015679,-0.0082423,0,0.438131014,0,1.63E-08,4.679715359,1.162406568,75.76961652,7.638438263,0.663251915,3.26144301,3.32068802,1.46E-05
1868,2.77E-07,0,0,0,0,0,0,0,0.646486102,2.49E-05,1.01E-05,0,0,0,0,0,0,0,0,7.72E-06,0,0,0,0,0,0,0,0,0,0,5.08E-09,0,0,0,4.47E-07,0,0,55.28767356,-0.00019587,-0.0102966,0,0.441354035,0,1.65E-08,4.885141276,1.596376616,86.40286948,9.62546759,0.727369807,3.444510832,3.853579423,1.91E-05
1869,2.81E-07,0,0,0,0,0,0,0,0.652518654,2.49E-05,1.08E-05,0,0,0,0,0,0,0,0,7.72E-06,0,0,0,0,0,0,0,0,0,0,5.12E-09,0,0,0,4.51E-07,0,0,55.83359728,-0.00015759,-0.008284,0,0.443827596,0,1.66E-08,5.131065644,1.208879954,77.87625795,7.907669367,0.687233562,3.383371178,3.441156888,2.38E-05
1870,2.84E-07,0,0,0,0,0,0,0,0.654800577,2.49E-05,1.08E-05,0,0,0,0,0,0,0,0,7.72E-06,0,0,0,0,0,0,0,0,0,0,5.15E-09,0,0,0,4.55E-07,0,0,56.99659231,-0.00019456,-0.0102275,0,0.446558794,0,1.67E-08,5.322899552,1.465532128,84.70140367,9.100050712,0.733430027,3.51333388,3.8104526,3.21E-05
1871,2.88E-07,0,0,0,0,0,0,0,0.683494797,2.49E-05,1.01E-05,0,0,0,0,0,0,0,0,7.72E-06,0,0,0,0,0,0,0,0,0,0,5.19E-09,0,0,0,4.59E-07,0,0,57.57401422,-0.00015902,-0.0083593,0,0.454253369,0,1.68E-08,5.579505119,1.287953013,76.63329254,7.406797355,0.700059592,3.441807606,3.314105619,3.63E-05
1872,2.92E-07,0,0,0,0,0,0,0,0.783931039,2.49E-05,1.08E-05,0,0,0,0,0,0,0,0,7.72E-06,0,0,0,0,0,0,0,0,0,0,5.23E-09,0,0,0,4.63E-07,0,0,58.18710545,-0.00013698,-0.0072008,0,0.470777053,0,1.69E-08,6.047224721,0.990061319,69.21691458,5.823710887,0.673521938,3.402694146,2.917673502,4.47E-05
1873,2.96E-07,0,0,0,0,0,0,0,0.804622739,2.49E-05,1.08E-05,0,0,0,0,0,0,0,0,7.72E-06,0,0,0,0,0,0,0,0,0,0,5.26E-09,0,0,0,4.67E-07,0,0,59.62016165,-0.0001555,-0.0081744,0,0.493804496,0,1.70E-08,6.492914841,1.421251741,80.75293026,7.972544227,0.743863092,3.636845024,3.489630758,7.76E-05
1874,3.00E-07,0,0,0,0,0,0,0,0.802802562,2.49E-05,1.08E-05,0,0,0,0,0,0,0,0,7.72E-06,0,0,0,0,0,0,0,0,0,0,5.30E-09,0,0,0,4.71E-07,0,0,60.88850035,-0.0002028,-0.0106606,0,0.521640998,0,1.72E-08,6.31065303,1.617043743,87.27682123,9.327253848,0.770288155,3.823920921,3.857142577,9.46E-05
1875,3.05E-07,0,0,0,0,0,0,0,0.822894831,2.49E-05,1.08E-05,0,0,0,0,0,0,0,0,7.72E-06,0,0,0,0,0,0,0,0,0,0,5.33E-09,0,0,0,4.75E-07,0,0,61.4471703,-0.00015672,-0.0082384,0,0.552063271,0,1.73E-08,6.650790002,1.426372099,78.36613668,7.460262376,0.73571835,3.735855138,3.306207943,9.52E-05
1876,3.09E-07,0,0,0,0,0,0,0,0.833284219,2.49E-05,1.08E-05,0,0,0,0,0,0,0,0,7.72E-06,0,0,0,0,0,0,0,0,0,0,5.37E-09,0,0,0,4.79E-07,0,0,62.60294811,-0.00018598,-0.0097769,0,0.582777234,0,1.74E-08,6.826141144,1.301898906,80.95318895,8.050838668,0.745354511,3.904202937,3.554472513,0.00011788
1877,3.14E-07,0,0,0,0,0,0,0,0.843816255,2.49E-05,1.08E-05,0,0,0,0,0,0,0,0,7.72E-06,0,0,0,0,0,0,0,0,0,0,5.41E-09,0,0,0,4.83E-07,0,0,63.64524259,-0.00015949,-0.0083841,0,0.612115448,0,1.75E-08,7.070324301,1.761265378,85.53298722,8.756554504,0.783808417,3.96933151,3.641390949,0.000178413
1878,3.19E-07,0,0,0,0,0,0,0,0.851653034,2.49E-05,1.08E-05,0,0,0,0,0,0,0,0,7.72E-06,0,0,0,0,0,0,0,0,0,0,5.44E-09,0,0,0,4.87E-07,0,0,64.71120383,-0.00016301,-0.008569,0,0.637602533,0,1.76E-08,7.157611607,2.055645529,89.43259099,9.447969517,0.807265739,4.071255253,3.780503159,0.000219011
1879,3.23E-07,0,0,0,0,0,0,0,0.871064845,2.49E-05,1.08E-05,0,0,0,0,0,0,0,0,7.72E-06,0,0,0,0,0,0,0,0,0,0,5.47E-09,0,0,0,4.91E-07,0,0,65.90279841,-0.00020745,-0.0109053,0,0.658807032,0,1.77E-08,7.653474785,1.871800005,92.3244003,10.06389379,0.831487885,4.253815599,4.039647242,0.000303214
1880,3.29E-07,0,0,0,0,0,0,0,0.903444558,2.49E-05,1.08E-05,0,0,0,0,0,0,0,0,7.72E-06,0,0,0,0,0,0,0,0,0,0,5.51E-09,0,0,0,4.95E-07,0,0,66.6649843,-0.00020599,-0.0108287,0,0.672655514,0,1.79E-08,8.496273902,1.673390049,88.83836876,9.166054967,0.823401307,4.282880256,3.879153133,0.000394975
1881,3.34E-07,0,0,0,0,0,0,0,0.947060166,2.49E-05,1.16E-05,0,0,0,0,0,0,0,0,7.72E-06,0,0,0,0,0,0,0,0,0,0,5.55E-09,0,0,0,4.99E-07,0,0,67.70670095,-0.00015859,-0.008337,0,0.680513013,0,1.80E-08,8.853458296,2.149883742,92.44636605,9.687142666,0.86510647,4.347058373,3.879498096,0.000481957
1882,3.39E-07,0,0,0,0,0,0,0,0.910568798,2.49E-05,1.16E-05,0,0,0,0,0,0,0,0,7.72E-06,0,0,0,0,0,0,0,0,0,0,5.59E-09,0,0,0,5.04E-07,0,0,68.57787524,-0.00016014,-0.0084183,0,0.689130425,0,1.81E-08,9.298799766,1.749229003,87.55127134,8.728341263,0.846575096,4.415530871,3.710494138,0.000563796
1883,3.45E-07,0,0,0,0,0,0,0,0.931572395,2.49E-05,1.08E-05,0,0,0,0,0,0,0,0,7.72E-06,0,0,0,0,0,0,0,0,0,0,5.62E-09,0,0,0,5.08E-07,0,0,69.1859791,-0.00012871,-0.0067659,0,0.695746093,0,1.82E-08,9.814335592,1.535292971,79.69384465,7.040718533,0.820313333,4.373382687,3.261693218,0.00052808
1884,3.50E-07,0,0,0,0,0,0,0,0.936752816,2.49E-05,1.08E-05,0,0,0,0,0,0,0,0,7.72E-06,0,0,0,0,0,0,0,0,0,0,5.66E-09,0,0,0,5.12E-07,0,0,70.48060515,-0.00015238,-0.0080104,0,0.701562933,0,1.83E-08,10.02719709,2.070862646,87.9909904,8.572197038,0.880387984,4.536088477,3.562221829,0.000645138
1885,3.56E-07,0,0,0,0,0,0,0,0.944519673,2.49E-05,1.16E-05,0,0,0,0,0,0,0,0,7.72E-06,0,0,0,0,0,0,0,0,0,0,5.69E-09,0,0,0,5.16E-07,0,0,71.60546241,-0.00014975,-0.0078722,0,0.707762228,0,1.85E-08,10.13021779,2.021865446,89.61417976,8.92795196,0.889887898,4.675463476,3.759200914,0.000730851
1886,3.62E-07,0,0,0,0,0,0,0,0.949469814,2.49E-05,1.16E-05,0,0,0,0,0,0,0,0,7.72E-06,0,0,0,0,0,0,0,0,0,0,5.73E-09,0,0,0,5.20E-07,0,0,72.58254388,-0.00015203,-0.0079918,0,0.712503274,0,1.86E-08,10.24621479,2.159464653,89.20596808,8.84743662,0.902377621,4.748107383,3.620151435,0.000883387
1887,3.68E-07,0,0,0,0,0,0,0,0.962057075,2.49E-05,1.16E-05,0,0,0,0,0,0,0,0,7.72E-06,0,0,0,0,0,0,0,0,0,0,5.77E-09,0,0,0,5.24E-07,0,0,73.77743063,-0.0001387,-0.0072911,0,0.718086141,0,1.87E-08,10.75090678,2.436209287,94.58037936,9.772213198,0.946819319,4.897965139,3.880785491,0.001033007
1888,3.74E-07,0,0,0,0,0,0,0,0.98973907,2.49E-05,1.16E-05,0,0,0,0,0,0,0,0,7.72E-06,0,0,0,0,0,0,0,0,0,0,5.80E-09,0,0,0,5.28E-07,0,0,75.11035553,-0.00017314,-0.0091016,0,0.724092623,0,1.88E-08,11.90210653,2.839889898,103.9749492,11.40541122,1.025713296,5.113933201,4.338078279,0.001139422
1889,3.81E-07,5.18E-10,0,0,0,0,0,0,0.989620414,2.49E-05,1.16E-05,0,0,0,0,0,0,0,0,7.72E-06,0,0,0,0,0,0,0,0,0,0,5.84E-09,0,0,0,5.32E-07,0,0,75.92960019,-0.00012896,-0.0067792,0,0.730631312,0,1.89E-08,11.89477283,2.791499517,100.1635109,10.63536149,1.006897582,5.147637822,4.105108908,0.001344781
1890,3.87E-07,4.82E-09,0,0,0,0,0,0,1.012205406,2.49E-05,1.16E-05,0,0,0,0,0,0,0,0,7.72E-06,0,0,0,0,0,0,0,0,0,0,5.87E-09,0,0,0,5.36E-07,0,0,77.07862319,-0.00015603,-0.0082024,0,0.75552423,0,1.90E-08,12.99273806,3.05673659,105.3716736,11.45477094,1.061424194,5.294190617,4.330396716,0.001721606
1891,3.94E-07,1.04E-08,0,0,0,0,0,0,1.024011972,2.49E-05,1.16E-05,0,0,0,0,0,0,0,0,7.72E-06,0,0,0,0,0,0,0,0,0,0,5.91E-09,0,0,0,5.40E-07,0,0,77.68229292,-0.00011429,-0.0060083,0,0.766856623,0,1.92E-08,13.58674911,2.844518349,95.85537302,9.509895681,1.027409941,5.231950107,3.75200488,0.00215412
1892,4.01E-07,1.48E-08,0,0,0,0,0,0,1.041009904,2.49E-05,1.16E-05,0,0,0,0,0,0,0,0,7.72E-06,0,0,0,0,0,0,0,0,0,0,5.95E-09,0,0,0,5.45E-07,0,0,78.54558089,-9.69E-05,-0.0050945,0,0.778131035,0,1.93E-08,13.86679818,2.688094676,91.28130027,8.642093366,1.012757609,5.271456428,3.50185361,0.002235145
1893,4.08E-07,2.00E-08,0,0,0,0,0,0,1.036719582,2.49E-05,1.23E-05,0,0,0,0,0,0,0,0,7.72E-06,0,0,0,0,0,0,0,0,0,0,5.99E-09,0,0,0,5.49E-07,0,0,79.81501329,-0.00010779,-0.0056666,0,0.789586307,0,1.94E-08,13.77594308,2.752332455,94.82329701,9.465231795,1.027660139,5.451763771,3.730788054,0.002507588
1894,4.15E-07,2.54E-08,0,0,0,0,0,0,1.065817718,2.49E-05,1.23E-05,0,0,0,0,0,0,0,0,7.72E-06,0,0,0,0,0,0,0,0,0,0,6.02E-09,0,0,0,5.52E-07,0,0,81.38345626,-0.00015672,-0.0082386,0,0.801858891,0,1.95E-08,14.35652481,3.322891534,108.1686737,11.88621758,1.107339862,5.734695502,4.388460331,0.002488284
1895,4.22E-07,3.08E-08,0,0,0,0,0,0,1.091747344,2.49E-05,1.16E-05,0,0,0,0,0,0,0,0,7.72E-06,0,0,0,0,0,0,0,0,0,0,6.06E-09,0,0,0,5.57E-07,0,0,82.23116014,-0.00012022,-0.0063198,0,0.812739909,0,1.96E-08,15.22572587,3.422160221,105.0245263,11.12996036,1.11839309,5.744754134,4.074832335,0.003133225
1896,4.30E-07,3.64E-08,0,0,0,0,0,0,1.106193778,2.49E-05,1.23E-05,0,0,0,0,0,0,0,0,7.72E-06,0,0,0,0,0,0,0,0,0,0,6.09E-09,0,0,0,5.61E-07,0,0,83.00005426,-0.00012022,-0.0063197,0,0.823953096,0,1.97E-08,15.71083192,2.813934218,95.567069,9.400850834,1.072997991,5.792903602,3.72961957,0.003442672
1897,4.37E-07,4.22E-08,0,0,0,0,0,0,1.126920334,2.49E-05,1.23E-05,0,0,0,0,0,0,0,0,7.72E-06,0,0,0,0,0,0,0,0,0,0,6.13E-09,0,0,0,5.65E-07,0,0,84.39253635,-9.08E-05,-0.0047731,0,0.834485451,0,1.99E-08,16.57108073,3.775543638,107.8848467,11.52490628,1.170931356,5.962527008,4.134514732,0.003820813
1898,4.45E-07,4.81E-08,0,0,0,0,0,0,1.150721845,2.49E-05,1.23E-05,0,0,0,0,0,0,0,0,7.72E-06,0,0,0,0,0,0,0,0,0,0,6.17E-09,0,0,0,5.69E-07,0,0,85.36127162,-7.26E-05,-0.0038168,0,0.844151883,0,2.00E-08,17.54895913,4.009633122,108.0764086,11.43483329,1.199099503,6.031378136,4.054012966,0.004126981
1899,4.86E-07,5.41E-08,0,0,0,0,0,0,1.190880949,2.49E-05,1.23E-05,0,0,0,0,0,0,0,0,7.72E-06,0,0,0,0,0,0,0,0,0,0,6.20E-09,0,0,0,5.73E-07,0,0,86.70543387,-0.0001112,-0.0058456,0,0.853628211,0,2.01E-08,19.20241488,3.999614681,113.5762406,12.43889633,1.25806059,6.27937835,4.421041782,0.004492982
1900,2.39E-06,1.08E-07,0,0,0,0,0,0,1.217713461,2.49E-05,2.86E-05,0,0,0,0,0,0,0,0,7.72E-06,0,0,0,0,0,0,0,0,0,0,6.24E-09,0,0,0,5.77E-07,0,0,87.61328845,-0.00010292,-0.0054105,0,0.863012793,0,2.02E-08,20.22205227,3.980528047,111.0171081,11.88474009,1.264050281,6.348979463,4.303119778,0.005263158
1901,4.82E-06,2.37E-07,0,0,0,0,0,0,1.300308442,2.49E-05,4.78E-05,0,0,0,0,0,0,0,0,7.72E-06,0,0,0,0,0,0,0,0,0,0,6.28E-09,0,0,0,5.82E-07,0,0,88.39116711,-4.64E-05,-0.0024403,0,0.871247601,0,2.03E-08,21.07377893,4.351605031,109.0894717,11.61080539,1.28518218,6.37371981,4.03995402,0.006047199
1902,5.78E-06,3.16E-07,0,0,0,0,0,0,1.318524983,2.49E-05,5.07E-05,0,0,0,0,0,0,0,0,7.72E-06,0,0,0,0,0,0,0,0,0,0,6.32E-09,0,0,0,5.86E-07,0,0,89.26282464,-3.87E-05,-0.0020369,0,0.881055306,0,2.05E-08,21.72335268,4.277846351,106.498818,11.21967224,1.283770714,6.484797935,3.910393352,0.006590782
1903,6.96E-06,3.95E-07,0,0,0,0,0,0,1.394863381,2.49E-05,5.59E-05,0,0,0,0,0,0,0,0,7.72E-06,0,0,0,0,0,0,0,0,0,0,6.36E-09,0,0,0,5.90E-07,0,0,89.89074057,7.82E-06,0.0004112,0,0.890498877,0,2.06E-08,23.60763187,4.312056551,101.4351716,10.23193771,1.291615577,6.509830427,3.582929731,0.006894341
1904,9.44E-06,3.95E-07,0,0,0,0,0,0,1.43006049,2.49E-05,6.85E-05,0,0,0,0,0,0,0,0,7.72E-06,0,0,0,0,0,0,0,0,0,0,6.39E-09,0,0,0,5.94E-07,0,0,91.35674943,-8.34E-06,-0.0004386,0,0.900834935,0,2.07E-08,24.06747256,5.002221018,114.0944063,12.86255003,1.366287545,6.803781609,4.20845158,0.007844091
1905,1.34E-05,5.53E-07,0,0,0,0,0,0,1.494141547,2.49E-05,8.77E-05,0,0,0,0,0,0,0,0,7.72E-06,0,0,0,0,0,0,0,0,0,0,6.43E-09,0,0,0,5.99E-07,0,0,92.40132432,1.34E-06,7.03E-05,0,0.911631052,0,2.08E-08,25.71798004,5.562802932,118.9127701,13.68790899,1.427563983,6.927415375,4.30529901,0.007743297
1906,1.82E-05,7.90E-07,0,0,0,0,0,0,1.556924815,2.49E-05,0.000111382,0,0,0,0,0,0,0,0,7.72E-06,0,0,0,0,0,0,0,0,0,0,6.47E-09,0,0,0,6.03E-07,0,0,93.24998316,1.87E-05,0.0009837,0,0.922696599,0,2.09E-08,27.0468504,5.68414922,117.9082891,13.43991229,1.451553725,7.031955278,4.159263214,0.008086159
1907,1.70E-05,6.32E-07,0,0,0,0,0,0,1.648539222,2.58E-05,0.000103989,0,0,0,0,0,0,0,0,7.72E-06,0,0,0,0,0,0,0,0,0,0,6.51E-09,0,0,0,6.07E-07,0,0,94.56080194,5.85E-05,0.0030771,0,0.933387366,0,2.10E-08,30.03925624,6.728345579,131.7900976,15.98261892,1.576686613,7.289084895,4.696822601,0.009900852
1908,2.14E-05,7.90E-07,0,0,0,0,0,0,1.634249181,2.92E-05,0.000127655,0,0,0,0,0,0,0,0,7.72E-06,0,0,0,0,0,0,0,0,0,0,6.54E-09,0,0,0,6.11E-07,0,0,95.71237193,3.64E-05,0.0019137,0,0.9438066,0,2.12E-08,28.6928086,6.890932398,134.0552752,16.83441177,1.578105885,7.479732769,4.894521399,0.010794729
1909,3.67E-05,1.34E-06,0,0,0,0,0,0,1.667427564,0.000765086,0.000211215,0,0,0,0,0,0,0,0,7.72E-06,0,0,0,0,0,0,0,0,0,0,6.58E-09,0,0,0,6.16E-07,0,0,96.4666946,7.76E-05,0.0040791,0,0.953973298,0,2.13E-08,30.25096249,7.109237067,132.16211,16.41905088,1.592277907,7.538044189,4.662003166,0.011604172
1910,4.23E-05,1.66E-06,0,0,0,0,0,0,1.709893571,0.001036689,0.000243015,0,0,0,0,0,0,0,0,7.72E-06,0,0,0,0,0,0,0,0,0,0,6.62E-09,0,0,0,6.20E-07,0,0,97.77187103,5.67E-05,0.0029799,0,0.964692166,0,2.14E-08,31.75274971,7.712042121,142.9440034,18.4594172,1.669837352,7.802914377,5.154660249,0.012904684
1911,4.72E-05,1.90E-06,0,0,0,0,0,0,1.667029139,0.00055672,0.000270379,0,0,0,0,0,0,0,0,7.72E-06,0,0,0,0,0,0,0,0,0,0,6.66E-09,0,0,0,6.24E-07,0,0,98.42938116,0.00011441,0.0060143,0,0.975994609,0,2.15E-08,31.99460234,7.647047562,133.8462896,16.71187946,1.628146777,7.751684451,4.559939279,0.013751412
1912,5.60E-05,2.13E-06,0,0,0,0,0,0,1.669414883,0.001337239,0.000318449,0,0,0,0,0,0,0,-1.00E-08,7.72E-06,0,0,0,0,0,0,0,0,0,0,6.70E-09,0,0,0,6.29E-07,0,0,99.26614632,0.00014699,0.0077269,0,0.99223998,0,2.16E-08,33.48230428,7.693065072,129.4615627,15.80978197,1.611329712,7.785974707,4.233224282,0.014466353
1913,5.93E-05,2.29E-06,0,0,0,0,0,0,1.708458735,0.002787477,0.000336941,0,0,0,0,0,0,0,0,7.72E-06,0,0,0,0,0,0,0,0,0,0,6.74E-09,0,0,0,6.33E-07,0,0,100.6125584,0.00016664,0.0087597,0,1.011256291,0,2.18E-08,35.64604126,8.463020346,139.7402447,17.55813537,1.690168281,7.994117555,4.559660544,0.016795115
1914,6.48E-05,2.53E-06,0,0,0,0,0,0,1.619346418,0.004565591,0.000367265,0,0,0,0,0,0,0,-1.00E-08,7.72E-06,0,0,0,0,0,0,0,0,0,0,6.77E-09,0,0,0,6.36E-07,0,0,102.2840587,0.00011094,0.0058318,0,1.031941948,0,2.19E-08,32.69400836,8.611801974,145.9705239,19.7562472,1.666648037,8.313807364,5.14481294,0.01836654
1915,8.40E-05,3.24E-06,0,0,0,0,0,0,1.599061067,0.006209837,0.000471535,0,0,0,0,0,0,0,0,7.72E-06,0,0,0,0,0,0,0,0,0,0,6.81E-09,0,0,0,6.41E-07,0,0,103.0579197,0.00018387,0.0096656,0,1.05442793,0,2.20E-08,32.65143874,8.557919688,135.7203261,18.3285744,1.624567028,8.304440938,4.613756431,0.019846345
1916,0.000104651,4.03E-06,0,0,0,0,0,0,1.663654637,0.005996892,0.00058468,0,0,0,0,0,0,0,-1.00E-08,7.72E-06,0,0,0,0,0,0,0,0,0,0,6.85E-09,0,0,0,6.46E-07,0,0,104.0889435,0.0002109,0.0110861,0,1.077595517,0,2.21E-08,35.63152609,8.948484156,134.4269072,18.25802532,1.646436313,8.415157087,4.46063046,0.021986607
1917,0.000110343,4.27E-06,0,0,0,0,0,0,1.697952199,0.005158527,0.000618707,0,0,0,0,0,0,0,0,7.72E-06,0,0,0,0,0,0,0,0,0,0,6.89E-09,0,0,0,6.51E-07,0,0,105.4397415,0.00028502,0.0149826,0,1.100055667,0,2.22E-08,37.31193386,10.268979,144.432686,20.43299185,1.7286261,8.572674913,4.729892893,0.02418215
1918,0.000104614,4.03E-06,0,0,0,0,0,0,1.692021391,0.004272167,0.000589141,0,0,0,0,0,0,0,-1.00E-08,7.72E-06,0,0,0,0,0,0,0,0,0,0,6.93E-09,0,0,0,6.55E-07,0,0,106.7459316,0.00028538,0.0150013,0,1.121022951,0,2.24E-08,36.98493606,10.64499975,147.7147143,21.59112192,1.732826624,8.776700936,4.92128343,0.024490257
1919,0.000101552,3.95E-06,0,0,0,0,0,0,1.590693972,0.003196035,0.000572145,0,0,0,0,0,0,0,0.00012037,7.72E-06,0,0,0,0,0,0,0,0,0,0,6.96E-09,0,0,0,6.59E-07,0,0,108.095107,0.00024874,0.0130753,0,1.140026266,0,2.25E-08,31.49658204,10.01676431,142.4520583,21.65541764,1.624870379,8.987962622,4.920970066,0.027081692
1920,7.19E-05,2.85E-06,0,0,0,0,0,0,1.715149264,0.00400595,0.000411693,0,0,0,0,0,0,0,0.00056844,7.72E-06,0,0,0,0,0,0,0,0,0,0,7.01E-09,0,0,0,6.64E-07,0,0,109.1336385,0.00031384,0.0164978,0,1.157423391,0,2.26E-08,35.10677403,11.30396336,150.3472411,22.94809489,1.715239365,9.108966048,4.954726952,0.033117365
1921,5.60E-05,2.14E-06,0,0,0,0,0,0,1.653757066,0.006357576,0.000324446,0,0,0,0,0,0,0,0.0013866,7.72E-06,0,0,0,0,0,0,0,0,0,0,7.05E-09,0,0,0,6.68E-07,0,0,109.809348,0.00034206,0.0179812,0,1.173204443,0,2.27E-08,29.60936435,10.73946015,138.0862654,21.16542897,1.563451947,9.082471206,4.398440628,0.03574791
1922,0.000100937,3.88E-06,0,0,0,0,0,0,1.695852656,0.007519669,0.000569212,0,0,0,0,0,0,0,0.00249655,7.72E-06,0,0,0,0,0,0,0,0,0,0,7.09E-09,0,0,0,6.73E-07,0,0,110.4858104,0.00038594,0.0202878,0,1.188563338,0,2.28E-08,31.40893703,11.08463169,136.2999831,20.50886808,1.560562967,9.14531903,4.026610249,0.042466675
1923,0.000137534,5.38E-06,0,0,0,0,0,0,1.819527138,0.008199561,0.000774791,0,0,0,0,0,0,0,0.00383106,7.72E-06,0,0,0,0,0,0,0,0,0,0,7.13E-09,0,0,0,6.78E-07,0,0,112.2535641,0.00045766,0.0240577,0,1.204901974,0,2.29E-08,36.94585115,13.58681049,165.7070364,26.25400802,1.783475455,9.541615209,4.970157062,0.051294293
1924,0.000145955,5.69E-06,0,0,0,0,0,0,1.836492361,0.010064032,0.000827307,0,0,0,0,0,0,0,0.00532295,7.72E-06,0,0,0,0,0,0,0,0,0,0,7.17E-09,0,0,0,6.82E-07,0,0,112.633506,0.00047126,0.0247726,0,1.221996932,0,2.31E-08,36.54292385,12.85257805,150.5700556,23.18940492,1.67703826,9.48795768,4.331155613,0.052220829
1925,0.000152811,5.93E-06,0,0,0,0,0,0,1.853002124,0.009887985,0.000869473,0,0,0,0,0,0,0,0.00690472,7.72E-06,0,0,0,0,0,0,0,0,0,0,7.21E-09,0,0,0,6.87E-07,0,0,113.6704269,0.00051492,0.0270679,0,1.23756616,0,2.32E-08,36.97623938,13.48639284,154.16841,24.03991801,1.692836227,9.91399147,4.30578669,0.056591202
1926,0.000168772,6.57E-06,0,0,0,0,0,0,1.844944371,0.010020584,0.00096266,0,0,0,0,0,0,0,0.00850919,7.72E-06,0,0,0,0,0,0,0,0,0,0,7.25E-09,0,0,0,6.92E-07,0,0,114.5456303,0.00056436,0.0296667,0,1.252384472,0,2.33E-08,37.11606802,13.72913023,150.5144616,24.14694461,1.626612883,10.21963498,4.125351964,0.058962144
1927,0.000193663,7.59E-06,0,0,0,0,0,0,1.985143255,0.013691728,0.001107612,0,0,0,0,0,0,0,0.01006945,7.72E-06,0,0,0,0,0,0,0,0,0,0,7.29E-09,0,4.95E-06,0,6.96E-07,0,0,115.74748,0.0005629,0.0295903,0,1.266535078,0,2.34E-08,39.77366012,15.18290711,166.5637296,26.50570903,1.752586627,10.50463165,4.427841718,0.068902648
1928,0.00021328,8.46E-06,0,0,0,0,0,0,1.992775559,0.016914307,0.001225208,2.08E-05,0,0,0,0,0,0,0.01151795,7.72E-06,0,0,0,0,0,0,0,0,0,0,7.32E-09,0,3.01E-05,0,6.99E-07,0,0,116.7958666,0.00050619,0.0266088,0,1.279552513,0,2.35E-08,39.62442329,15.41036335,167.3127302,27.09403714,1.730364176,10.69931276,4.468262614,0.071959707
1929,0.000208025,8.23E-06,0,0,0,0,0,0,2.10073725,0.01938339,0.001203787,0.000335025,0,0,0,0,0,0,0.01287963,7.72E-06,0,0,0,0,0,0,0,0,0,0,7.35E-09,0,3.33E-06,0,7.02E-07,0,0,118.0199977,0.00051599,0.02224,0,1.290593003,0,2.37E-08,42.29460175,16.47935442,178.5262167,29.35487624,1.792445238,10.93958269,4.827305798,0.081609435
1930,0.000170358,6.73E-06,0,0,0,0,0,0,2.09394241,0.020571834,0.000997503,0.001170103,0,0,0,0,0,0,0.01425692,7.72E-06,0,0,0,0,0,0,0,0,0,0,7.36E-09,0,-2.61E-05,0,7.03E-07,0,0,119.6701788,0.00083056,0.0120933,0,1.300134042,0,2.38E-08,39.07985763,16.30622111,186.507544,31.5739124,1.80985205,11.18228606,5.504720442,0.079936062
1931,0.000113262,4.60E-06,0,0,0,0,0,0,2.000135237,0.021232329,0.000676602,0.001660033,0,0,0,0,0,0,0.01569773,7.72E-06,0,0,0,0,0,0,0,0,0,0,7.38E-09,0,-3.83E-06,0,7.06E-07,0,0,119.9075078,0.00160097,0.0069489,0,1.307080617,0,2.39E-08,34.19908423,14.21902432,156.3707757,26.46349244,1.601422331,11.0306041,4.33531531,0.079589853
1932,8.58E-05,3.49E-06,0,0,0,0,0,0,1.813747998,0.023837144,0.000519111,0.001616737,0,0,0,0,0,0,0.01719312,7.72E-06,0,0,0,0,0,5.76E-06,0,0,0,0,7.40E-09,0,7.43E-07,0,7.08E-07,0,0,121.4219873,0.0023304,0.001011,0,1.313867542,0,2.40E-08,29.81184699,14.009364,161.6549727,27.8854275,1.603349763,11.17232295,4.714147401,0.076115166
1933,0.000101627,4.12E-06,0,0,0,0,0,0,1.853709193,0.028120028,0.000610814,0.001633658,0,0,0,0,1.00E-08,0,0.01875922,7.72E-06,0,0,0,0,0,0.000144828,0,0,0,0,7.43E-09,0,8.08E-07,0,7.11E-07,0,0,122.3437659,0.00300985,-0.0044864,0,1.319537947,0,2.41E-08,31.49708913,13.87748409,159.5886533,27.7174382,1.57622094,11.21289302,4.571945163,0.084974171
1934,0.000152024,6.26E-06,0,0,0,0,0,0,1.919118463,0.034519287,0.000912523,0.001650588,0,0,0,0,-1.00E-08,0,0.02040327,7.72E-06,0,0,0,0,0,0.000606394,0,0,0,0,7.47E-09,0,8.78E-07,0,7.15E-07,0,0,123.9532999,0.00382429,-0.0033675,0,1.325821997,0,2.42E-08,34.86158423,15.52417998,179.5058072,31.47521346,1.719851651,11.3964235,5.25494969,0.090131811
1935,0.000220285,9.10E-06,0,0,0,0,0,0,1.967641483,0.040132859,0.00133033,0.001667517,0,0,0,0,3.00E-08,0,0.02211283,7.72E-06,0,0,0,0,0,0.000974273,0,0,0,0,7.50E-09,0,9.54E-07,0,7.19E-07,0,0,124.8946044,0.00461241,-0.0035963,0,1.332210187,0,2.43E-08,37.6532901,16.10144051,180.9135819,31.88031452,1.72899248,11.38962955,5.095528895,0.099195078
1936,0.000288204,1.20E-05,0,0,0,0,0,0,2.075706355,0.04233712,0.00175702,0.001684446,0,0,0,0,-8.00E-08,0,0.02390518,7.72E-06,0,0,0,0,0,0.00104553,0,0,0,0,7.55E-09,0,1.04E-06,0,7.24E-07,0,0,126.4647048,0.00547985,0.0001614,0,1.338446713,0,2.45E-08,40.68781299,18.01509539,201.5124961,35.81301921,1.874237268,11.72517955,5.716518394,0.110712652
1937,0.000343722,1.46E-05,0,0,0,0,0,0,2.133841395,0.044188471,0.002118645,0.001701376,6.39E-06,0,0,0,1.80E-07,0,0.02579322,7.72E-06,0,0,0,0,0,0.001113188,0,0,0,0,7.58E-09,0,1.13E-06,0,7.28E-07,0,0,127.1823371,0.00627477,0.0002497,0,1.346280652,0,2.46E-08,43.95100269,18.71663602,202.0835831,35.82384811,1.879444319,11.8081929,5.402936562,0.126192855
1938,0.00039884,1.72E-05,0,0,0,0,0,0,2.067020995,0.04906474,0.002489154,0.001718305,0.000132881,0,0,0,-3.90E-07,0,0.027784,7.73E-06,0,0,0,0,0,0.001185033,0,0,0,0,7.61E-09,0,1.23E-06,0,7.31E-07,0,0,127.905393,0.00697257,-0.0044715,0,1.354880413,0,2.47E-08,40.57879122,17.26479457,186.8994897,33.21523439,1.781775676,11.79293791,4.836149857,0.124073505
1939,0.000433901,1.89E-05,0,0,0,0,0,0,2.136713137,0.056683054,0.002745053,0.001735234,0.000687793,0,0,0,0.00020143,0,0.02986676,0.000118139,0,0,0,0,0,0.00125714,0,0,0,0,7.64E-09,0,1.33E-06,0,7.35E-07,0,0,129.5013568,0.00774157,-0.0056252,0,1.366580781,0,2.48E-08,43.5088061,18.90501764,206.0105583,37.32352801,1.913049846,12.0602396,5.573185179,0.131714072
1940,0.000501726,2.23E-05,0,0,0,0,0,0,2.224104687,0.067980741,0.003219095,0.001752163,0.001492892,0,0,0,0.00099542,0,0.03204827,0.00021815,0,0,0,0,0,0.001330459,0,0,0,0,7.69E-09,0,1.45E-06,0,7.41E-07,0,0,130.1349943,0.00866242,0.0006467,0,1.379338498,0,2.49E-08,47.79972263,19.98362136,201.9380469,36.47430264,1.928482871,12.00611639,5.1186076,0.141874333
1941,0.000649573,2.96E-05,0,0,0,0,0,0,2.231554165,0.081740279,0.004224074,0.001769092,0.002233993,0,0,0,0.00253599,0,0.03435237,0.000195116,0,0,0,0,0,0.001402875,0,0,0,0,7.73E-09,0,1.57E-06,0,7.45E-07,0,0,132.2180939,0.0094558,0.0071808,0,1.42680384,0,2.50E-08,49.70649911,20.74676821,204.4227063,37.07224723,1.952523511,12.10634069,5.014363221,0.14891287
1942,0.000843531,3.95E-05,0,0,0,0,0,0,2.254485103,0.095021136,0.005585489,0.001786021,0.002976471,0,0,0.000198412,0.00477816,0,0.03678337,0.00016898,0,0,0,0,0,0.001474556,0,0,0,0,7.76E-09,0,1.71E-06,0,7.48E-07,0,0,134.7060241,0.01018218,0.0279952,0,1.529540535,0,2.52E-08,50.8808532,21.2452744,211.6568273,38.63537073,2.016422528,12.28249314,5.566525623,0.143810544
1943,0.000804767,3.87E-05,0,0,0,0,0,0,2.293159701,0.089521615,0.005457674,0.00180295,0.003719996,0,5.65E-05,0.004305325,0.00769302,0,0.03933803,0.000146845,0,0,0,0,0,0.001546703,0,0,0,0,7.79E-09,0,1.86E-06,0,7.52E-07,0,0,136.6296869,0.01095988,0.0557502,0,1.677488306,0,2.53E-08,51.69619282,22.2259789,212.4911915,39.46452022,2.016315026,12.29879985,5.31703086,0.153902555
1944,0.000417641,2.09E-05,0,0,0,0,0,0,2.284328464,0.072694302,0.002960657,0.001819879,0.004463806,0,0.000972663,0.016545617,0.01125253,0,0.04203155,0.000114393,0,0,0,0,0,0.001619168,0,0,0,0,7.83E-09,0,2.02E-06,0,7.56E-07,0,0,138.9310562,0.01176492,0.0790001,0,1.853407121,0,2.54E-08,50.63345661,23.30360461,220.9001991,41.98647893,2.013499141,12.52698127,5.470454136,0.180320759
1945,0.000201118,1.08E-05,0,0,0,0,0,0,2.078006981,0.068369262,0.001507694,0.001836808,0.005207723,0,0.003459341,0.024846154,0.0154284,0,0.04487858,8.08E-05,0,0,0,0,0,0.00169101,0,0,0,0,7.86E-09,0,2.20E-06,0,7.60E-07,0,0,141.022964,0.01252407,0.1007559,0,2.046464658,0,2.55E-08,44.3168536,22.77448766,213.8607815,42.36503667,1.872635562,12.60330864,5.182747045,0.177679832
1946,0.000279705,1.51E-05,0,0,0,0,0,0,2.275262021,0.074717234,0.002072665,0.001853738,0.00598561,0,0.004940468,0.024839378,0.0201924,0,0.04787456,6.43E-05,0,0,0,0,0,0.001763191,0,0,0,0,7.89E-09,0,2.39E-06,0,7.64E-07,0,0,142.7064022,0.01331123,0.1238668,0,2.241827732,0,2.56E-08,43.76245525,22.77080893,206.7626042,42.63635726,1.87392568,12.76179833,4.858265353,0.189988011
1947,0.000348384,1.95E-05,0,0,0,0,0,0,2.46147897,0.084081746,0.002636907,0.001870667,0.006444354,0,0.004839037,0.024982371,0.02551617,0,0.05103446,4.67E-05,0,0,0,0,0,0.001837268,0,0,0,0,7.94E-09,0,2.60E-06,0,7.69E-07,0,0,144.7944965,0.01420957,0.1523104,0,2.428213152,3.37E-06,2.57E-08,49.43618168,25.00346409,214.8764166,44.13554138,1.906518844,12.98840504,4.743331327,0.210335784
1948,0.000333169,1.96E-05,0,0,0,0,0,0,2.561401223,0.090670686,0.002624389,0.001887596,0.006664907,0,0.004856366,0.024987103,0.03137147,0,0.05437267,2.02E-05,0,0,0,0,0,0.001966277,0,0,0,0,7.98E-09,0,3.33E-06,0,7.73E-07,0,0,147.2720295,0.01499591,0.175292,0,2.589174287,2.36E-05,2.59E-08,51.79996726,27.32265628,238.0087213,48.07459116,2.025750118,13.42137047,5.202688917,0.235838188
1949,0.000314242,1.95E-05,0,0,0,0,0,0,2.545142237,0.091962416,0.002592644,0.001895503,0.007164071,0,0.005561141,0.027295461,0.03773008,0,0.05788219,-1.58E-06,0,0,0,0,0,0.001642628,0,0,0,0,7.99E-09,0,2.46E-05,0,7.75E-07,0,0,150.2157149,0.01561828,0.1910169,0,2.713520771,6.37E-05,2.60E-08,49.87603794,26.23285577,239.9136799,49.13259955,1.997975796,13.98150581,5.63351123,0.230702059
1950,0.000328769,2.15E-05,0,0,0,0,0,0,2.738832816,0.078580053,0.00284411,0.001989733,0.007470605,0,0.008146057,0.032673745,0.04456347,0,0.06160027,2.43E-07,0,0,0,0,0,0.001066147,0,0,0,0,8.05E-09,0,0.000105314,0,7.81E-07,0,0,152.2010084,0.01653501,0.2235447,0,2.786317364,0.000160534,2.61E-08,55.76623976,30.39825341,271.4166121,53.83802097,2.233490036,14.67371448,6.658142414,0.276428025
1951,0.000332223,2.32E-05,0,0,0,0,0,0,3.078579683,0.07047669,0.003043078,0.002168529,0.007554224,0,0.012050138,0.036815853,0.05198556,1.43E-05,0.06557009,1.17E-06,0,0,0,0,0,0.001052779,0,0,0,0,8.09E-09,0,0.000234322,0,7.85E-07,0,0,155.2719352,0.01743034,0.2534427,0,2.830278214,0.00023984,2.62E-08,58.22318308,30.46411586,244.6720918,49.06912819,2.114565312,14.78327697,4.950520037,0.305293333
1952,0.000328545,2.46E-05,0,0,0,0,0,0,3.140767283,0.076508762,0.003222826,0.002412043,0.007673401,0,0.016078842,0.040441283,0.06026278,0.000217253,0.06979776,-2.03E-06,0,0,0,0,0,0.001441474,0,0,0,0,8.10E-09,0,0.000362835,0,7.87E-07,0,0,160.5733576,0.01817662,0.2829603,0,2.872947037,0.000245653,2.63E-08,59.00984465,31.56254619,258.4289812,52.59638468,2.180479211,15.46609596,5.510266204,0.325825523
1953,0.000319996,2.57E-05,0,0,0,0,0,0,3.191889866,0.081681224,0.003386309,0.002847893,0.007703446,0,0.020201055,0.045581432,0.06933187,0.001357551,0.07429828,-2.28E-07,0,0,0,0,0,0.002100408,0,0,0,0,8.12E-09,0,0.000480479,0,7.90E-07,0,0,165.6818323,0.01897305,0.3249635,0,2.917942855,0.000245729,2.64E-08,60.2470417,33.41506225,275.447696,56.75471157,2.302364135,16.15858644,6.153271561,0.348152669
1954,0.000294574,2.54E-05,0,0,0,0,0,0,3.295263022,0.08686347,0.003404863,0.003276316,0.007760213,0,0.025212381,0.051892411,0.07892527,0.003619883,0.0790625,-4.07E-06,0,0,0,0,0,0.002888885,0,0,0,0,8.14E-09,0,0.000595761,0,7.91E-07,0,0,170.3710079,0.01966619,0.3534782,0,2.964766354,0.000245806,2.65E-08,60.66478532,34.40702752,280.3823048,58.76786663,2.377337018,16.59057921,6.207070802,0.368924367
1955,0.000263119,2.42E-05,0,0,0,0,0,0,3.523671108,0.091980019,0.003334682,0.003678802,0.00763707,0,0.030727319,0.059871881,0.08892638,0.006484868,0.0840763,1.05E-06,0,0,0,0,0,0.003556478,0,0,0,0,8.18E-09,0,0.000709104,0,7.96E-07,0,0,174.7404471,0.02065554,0.3905918,0,3.015456077,0.000245883,2.67E-08,66.56310778,37.71543589,292.7993666,62.52075529,2.487974356,16.86100153,6.164272425,0.410798556
1956,0.00022076,2.13E-05,0,0,0,0,0,0,3.734211268,0.097008491,0.003079638,0.004275991,0.007543032,0,0.033546756,0.066950489,0.09930311,0.009156166,0.08932915,6.64E-06,0,0,0,0,0,0.004532266,0,0,0,0,8.21E-09,0,0.000820444,0,8.00E-07,0,0,180.6711175,0.02149395,0.423528,0,3.067135646,0.000245959,2.68E-08,71.68185894,41.15716111,325.2788703,69.80119382,2.746630733,17.467791,7.27681461,0.447935158
1957,0.000185876,1.86E-05,0,0,0,0,0,0,3.859051703,0.10211597,0.002857125,0.004961202,0.007376531,0,0.032871446,0.072204141,0.11019991,0.011488509,0.09479281,4.34E-06,0,0,0,0,0,0.005987511,0,0,0,0,8.25E-09,0,0.000929774,0,8.03E-07,0,0,186.0555677,0.02233065,0.4574575,0,3.122198444,0.000246036,2.69E-08,75.18635815,43.76694323,347.4222543,75.56969434,2.986751817,18.18169262,8.378681299,0.466233893
1958,0.000179285,1.80E-05,0,0,0,0,0,1.89E-07,3.992365845,0.107206,0.002995459,0.00563305,0.006908731,0,0.034746284,0.080925329,0.12169955,0.014781202,0.10044317,2.61E-06,1.53E-08,1.55E-07,0,0,0,0.007120204,0,0,0,0,8.29E-09,0,0.001037131,0,8.08E-07,0,0,188.3855399,0.02333489,0.4956516,0,3.183609665,0.000246113,9.97E-08,76.12137356,43.24409268,312.7581271,69.18675739,2.962717287,18.34102417,6.798982255,0.494887654
1959,0.00018081,1.76E-05,0,0,0,0,0,2.92E-05,4.073946247,0.11229185,0.003247672,0.006388023,0.006876046,0,0.043506257,0.093983467,0.13368054,0.018063698,0.10624665,8.68E-07,1.22E-07,1.25E-06,0,0,0,0.008025381,0,0,0,0,8.33E-09,0,0.001142469,0,8.12E-07,0,0,192.6867573,0.02438814,0.5329811,0,3.249731957,0.000307559,3.05E-06,80.07017748,44.7949414,316.9093634,71.18867122,3.088991594,18.85687823,6.689282305,0.527030033
1960,0.000172595,1.60E-05,0,0,0,0,0,0.000113732,4.18647765,0.1172597,0.00332094,0.007320172,0.007239263,0,0.056281481,0.1075417,0.14617424,0.021750437,0.11217854,-8.68E-07,2.31E-07,2.38E-06,0,0,0,0.009588573,0,0,0,0,8.37E-09,0,0.001245811,0,8.17E-07,0,0,197.2611005,0.02544548,0.5712975,0,3.323324478,0.000430402,7.61E-06,83.36755577,46.84031151,320.0383042,73.31498869,3.190442329,19.20025669,6.620994992,0.534066923
1961,0.000168611,1.48E-05,0,0,0,0,0,0.000220684,4.279693641,0.12158986,0.003430435,0.008428785,0.007451474,1.86E-06,0.070618557,0.12380387,0.15916264,0.027278298,0.11821927,-2.61E-06,2.49E-07,3.55E-06,0,0,0,0.011884386,0,0,0,0,8.37E-09,0,0.001346892,0,8.17E-07,0,0,205.1383413,0.02617379,0.5882763,0,3.544731444,0.000553285,1.03E-05,94.15075908,48.81437288,352.4779865,83.54343726,3.182417019,19.96204841,7.925904996,0.586885178
1962,0.000171121,1.39E-05,0,0,0,0,0,0.00031886,4.38546271,0.12571015,0.003624982,0.009612768,0.007580528,4.52E-05,0.086214551,0.14489716,0.17248379,0.032049021,0.12437028,-4.34E-06,2.53E-07,4.92E-06,0,0,0,0.014500089,0,0,0,0,8.41E-09,0,0.001446095,0,8.21E-07,0,0,207.2122992,0.02731337,0.6199037,0,3.678114757,0.000614839,1.26E-05,96.1530655,50.76518659,330.3218646,80.08406579,3.170600353,20.46365421,7.102426491,0.644869386
1963,0.00018314,1.38E-05,0,3.03E-07,2.96E-07,7.47E-07,7.67E-07,0.000408444,4.559595808,0.12888013,0.003988137,0.010949721,0.007911085,0.000247207,0.10183231,0.16767883,0.1860741,0.03752532,0.13065754,-7.87E-06,3.52E-07,5.97E-06,0,0,0,0.017280228,0,0,0,0,8.39E-09,0,0.001542926,0,8.19E-07,0,0,216.1922656,0.02790353,0.6284905,0,3.803085057,0.000553663,1.59E-05,99.23842265,54.66698875,392.7922428,96.10912777,3.340104987,21.81695752,9.161542787,0.689335753
1964,0.000201307,1.43E-05,0,3.62E-06,2.81E-06,6.49E-06,7.02E-06,0.000489432,4.707915551,0.12976929,0.004432626,0.012657214,0.008477895,0.000468489,0.11630072,0.1898766,0.19992881,0.049914046,0.13707736,-7.60E-07,1.03E-06,3.36E-05,0,0,0,0.020771971,0,0,0,0,8.44E-09,0,0.001637978,0,8.24E-07,0,0,216.556163,0.02898934,0.6573421,0,3.945037241,0.000492459,2.00E-05,103.0586424,57.06400136,340.5841012,86.43294934,3.16213871,21.67972624,6.929955838,0.737212923
1965,0.000225042,1.53E-05,0,9.73E-06,6.34E-06,1.32E-05,1.50E-05,0.000561826,4.887384149,0.12969213,0.004908919,0.014528257,0.009035832,0.000580107,0.13083984,0.2133919,0.21396363,0.070507935,0.14362,1.59E-05,2.14E-06,0.000113246,0,0,0,0.0250603,0,0,0,0,8.46E-09,0,0.001730846,0,8.27E-07,0,0,222.6664157,0.03011031,0.6773147,0,4.114447423,0.000492608,2.52E-05,105.5191321,59.79802614,360.7849375,93.38356497,3.172239497,23.04446359,7.202304784,0.790569424
1966,0.000267217,1.75E-05,5.78E-08,1.61E-05,8.72E-06,1.59E-05,1.95E-05,0.000625623,5.049278099,0.12970542,0.005624807,0.016547774,0.009500895,0.000771914,0.14799606,0.24015802,0.228061,0.094258765,0.15029308,6.98E-05,3.10E-06,0.000202757,0,0,0,0.030477075,0,0,0,0,8.51E-09,0,0.001821797,0,8.32E-07,0,0,226.3106958,0.03137981,0.7007025,0,4.310413894,0.0006155,3.17E-05,107.9264065,62.31000395,362.4141077,96.47315469,3.187404041,24.62537746,6.986628995,0.870801105
1967,0.00032053,2.02E-05,4.62E-07,2.30E-05,1.08E-05,1.82E-05,2.32E-05,0.000680822,5.217483497,0.12968847,0.006354757,0.018918172,0.009920812,0.0010373,0.16942177,0.26958286,0.2421713,0.11632544,0.15712005,0.000244041,3.75E-06,0.00026151,0,0,0,0.036036945,1.25E-08,0,6.90E-08,0,8.54E-09,0,0.001910595,0,8.37E-07,0,0,232.3331465,0.0325799,0.7196735,1.97E-07,4.480963173,0.000738449,3.96E-05,106.9151448,66.73907185,397.6824621,104.75349,3.292688094,26.24008596,8.13762539,1.007769917
1968,0.00040423,2.44E-05,9.23E-07,3.05E-05,1.31E-05,2.06E-05,2.63E-05,0.000727399,5.377107434,0.12973308,0.007332441,0.021713594,0.010295172,0.001367382,0.19513757,0.29971437,0.25623381,0.13308156,0.16410365,0.00044306,5.54E-06,0.000290374,0,0,9.24E-06,0.040359034,8.80E-08,0,4.86E-07,0,8.63E-09,3.66E-10,0.001997694,0,8.46E-07,0,0,235.3354027,0.03415606,0.7538218,1.42E-06,4.617460415,0.000677315,4.94E-05,111.1195492,70.72843142,391.9550595,105.0738825,3.272602337,27.45388275,7.378128768,1.138447493
1969,0.000520641,3.01E-05,5.61E-06,3.79E-05,1.55E-05,2.27E-05,2.90E-05,0.000765383,5.600609454,0.12976058,0.008483172,0.024938178,0.010638634,0.00171209,0.22072612,0.32755328,0.27021306,0.14661896,0.17125354,0.000556136,3.65E-05,0.000308625,0,0,0.000183221,0.044144508,9.37E-08,0,5.04E-07,0,9.82E-06,6.58E-07,0.002081737,0,8.45E-07,1.13E-06,0,239.1848516,0.03497094,0.7505355,1.57E-06,4.731755277,0.000677516,6.06E-05,114.3134304,72.87738388,398.5023728,109.6597451,3.306320857,28.03412242,6.652821365,1.203979586
1970,0.000658169,3.62E-05,2.18E-05,4.44E-05,1.76E-05,2.47E-05,3.19E-05,0.000794767,5.85056764,0.12969302,0.00953188,0.028576904,0.01100827,0.001890966,0.24538621,0.35460102,0.28407162,0.17356366,0.17862483,0.000643732,0.000118134,0.000347897,0,0,0.000607958,0.049037394,2.47E-08,0,1.09E-07,0,3.63E-05,2.40E-06,0.002164499,0,8.52E-07,4.23E-06,0,244.4183955,0.03643984,0.7725683,-2.75E-09,4.713333611,0.000800471,7.30E-05,120.4278296,78.65499551,432.5101935,119.6641284,3.451938042,30.54188844,7.332556176,1.260215286
1971,0.000829921,4.41E-05,4.34E-05,5.01E-05,2.00E-05,2.65E-05,3.47E-05,0.000815521,5.910873383,0.12960227,0.010711494,0.032729139,0.011452529,0.002140212,0.27644309,0.38753989,0.29777007,0.21772405,0.18622427,0.000787862,0.000223213,0.000406863,0,0,0.000856458,0.055790888,1.33E-08,0,4.26E-08,0,6.46E-05,4.20E-06,0.002245117,0,8.59E-07,7.74E-06,0,249.2895331,0.03803187,0.7917577,-7.49E-07,4.662674557,0.000862103,8.60E-05,120.8012787,81.26025202,447.6755838,123.5137317,3.605978237,31.20573506,7.747447865,1.338158538
1972,0.001055903,5.55E-05,6.17E-05,5.54E-05,2.24E-05,2.82E-05,3.68E-05,0.000827659,6.028407773,0.12965777,0.01224311,0.037465523,0.01197792,0.002551763,0.31422879,0.42768026,0.31127302,0.26760333,0.19404407,0.001095187,0.000318824,0.000472147,0,0,0.000876677,0.061456633,1.35E-08,0,4.30E-08,0,8.26E-05,5.30E-06,0.00232333,0,8.64E-07,1.04E-05,0,257.2102054,0.03943399,0.8034475,-8.19E-07,4.929846069,0.000862373,9.95E-05,124.2924494,86.57783459,519.946212,136.6436985,3.873382619,32.63677288,10.07976639,1.403298188
1973,0.001330787,7.35E-05,7.73E-05,6.02E-05,2.45E-05,2.98E-05,3.80E-05,0.000831178,6.288796778,0.12979157,0.014085332,0.042979262,0.012585161,0.00292937,0.3380693,0.45471123,0.32454287,0.30185553,0.20213167,0.001593067,0.000397263,0.000543906,0,0,0.000822407,0.065420113,1.38E-08,0,5.50E-08,2.10E-08,9.02E-05,5.68E-06,0.002400649,0,8.77E-07,1.20E-05,0,260.294725,0.04145385,0.8425746,-5.11E-07,5.049908264,0.000924011,0.000113931,129.9887781,89.87513554,477.5019544,126.5041057,3.79806082,33.02945262,8.00797996,1.467016636
1974,0.001419169,8.46E-05,9.03E-05,6.45E-05,2.68E-05,3.18E-05,3.87E-05,0.000826092,6.233503612,0.12976026,0.014311146,0.049247959,0.013447442,0.003518402,0.3406055,0.45322872,0.33754023,0.32735544,0.21051337,0.002180655,0.000672411,0.000658096,0,0,0.000761191,0.071666995,1.40E-08,0,5.24E-05,1.77E-07,8.71E-05,5.35E-06,0.002474116,0,8.78E-07,1.24E-05,0,261.8082771,0.04271891,0.8380759,1.59E-06,5.033504233,0.001039472,0.000129361,128.099555,89.34076578,476.0940434,123.5786989,3.873873183,33.76442655,8.151956475,1.40566512
1975,0.001400408,9.21E-05,0.000100758,6.84E-05,2.89E-05,3.42E-05,3.89E-05,0.000812381,6.226638498,0.12965616,0.014321042,0.057565811,0.014538442,0.004217687,0.33771465,0.44016522,0.35022776,0.38499818,0.21919081,0.002801836,0.001268271,0.000828744,0,0,0.000803047,0.079153904,1.42E-08,0,0.000192137,4.00E-07,7.29E-05,4.29E-06,0.002545125,0,8.78E-07,1.15E-05,0,263.0585486,0.04382889,0.8286849,2.93E-05,5.205866547,0.001164646,0.000145868,125.7255429,88.3191544,468.3921271,117.4912411,3.900660619,34.54903581,7.681985644,1.457291851
1976,0.001555477,0.000109972,0.000108671,7.18E-05,3.09E-05,3.60E-05,3.86E-05,0.000790027,6.509441845,0.12963321,0.016011714,0.05724638,0.015386466,0.004743647,0.32927602,0.42610768,0.362568,0.47543135,0.22817511,0.003410706,0.001843557,0.000987128,0,0,0.000823946,0.092664426,1.44E-08,0,0.000337596,5.64E-07,4.74E-05,2.52E-06,0.002614347,0,8.80E-07,9.16E-06,0,269.9482097,0.04514385,0.8284703,5.86E-05,5.351389026,0.001423542,0.000163482,131.6575684,93.31255579,507.5361328,126.2256011,4.139725776,35.59366688,8.95804977,1.451952911
1977,0.001692355,0.000128472,0.000114027,7.47E-05,3.27E-05,3.73E-05,3.77E-05,0.000824697,6.710934166,0.12963647,0.016762577,0.055875241,0.01571703,0.005178255,0.30611158,0.4042283,0.3745235,0.5330325,0.23747898,0.003882609,0.002142088,0.001085298,0,0,0.000932699,0.10906413,2.14E-09,0,0.000424563,7.19E-07,2.22E-05,7.91E-07,0.003532393,0,8.87E-07,-6.51E-06,0,274.0301524,0.04695491,0.8419069,5.75E-05,5.498464392,0.002158347,0.000970036,132.9031893,95.85040725,519.9039509,129.203706,4.255408013,36.34716678,8.939576123,1.548177593
1978,0.001769177,0.000152504,0.000116824,7.72E-05,3.41E-05,3.94E-05,3.67E-05,0.000890052,6.875375323,0.13048849,0.016898235,0.072245349,0.015529417,0.005521417,0.27845958,0.3839896,0.38605486,0.52979652,0.24711497,0.004270121,0.002159924,0.001120916,0,0,0.001277913,0.11278031,-6.25E-08,0,0.000452496,8.75E-07,-5.99E-05,1.36E-07,0.004661461,0,8.95E-07,-2.14E-05,0,276.3333545,0.04882958,0.8563152,4.57E-05,5.624098658,0.00282869,0.001617406,133.3941255,99.82442083,548.8777896,132.9129693,4.481274062,37.31320198,9.572076045,1.601151935
1979,0.00192034,0.00018744,0.000138874,9.97E-05,4.63E-05,5.55E-05,3.73E-05,0.000921728,6.977235426,0.12837989,0.017898313,0.094634628,0.014991238,0.006102064,0.27113342,0.39480033,0.39712665,0.51850501,0.25710923,0.00465137,0.002057942,0.001132809,0,0,0.001759566,0.11322088,-2.04E-09,0,0.000420171,1.03E-06,-0.000177668,1.36E-07,0.005093788,0,9.00E-07,-9.98E-06,0,281.6000656,0.05050131,0.8629061,3.09E-05,5.806026493,0.002829618,0.001312443,135.5843523,102.27075,551.9390639,135.9950766,4.579460894,38.20709099,9.764811716,1.670116457
1980,0.001963323,0.000207926,0.000160182,0.00013331,7.46E-05,7.87E-05,3.17E-05,0.0009657,6.889342642,0.12508456,0.017664267,0.12023426,0.014760861,0.00723626,0.27609356,0.39843779,0.40770132,0.51302719,0.2674569,0.005112991,0.002154566,0.00115621,0,0,0.002033045,0.11829604,7.94E-08,0,0.000356055,1.18E-06,-0.000124853,1.36E-07,0.005173271,0,9.02E-07,3.13E-06,8.17E-08,283.3464702,0.05195423,0.8561535,1.87E-05,5.871891775,0.002830482,0.000997901,134.9133628,101.4509677,541.9841364,134.3694158,4.520616369,39.05083696,9.784877511,1.677319799
1981,0.001739127,0.000193895,0.000170215,0.000145444,9.73E-05,8.75E-05,1.27E-05,0.001041235,6.786494118,0.12652811,0.016187192,0.12845086,0.013920115,0.008637245,0.27100597,0.40307178,0.41773945,0.51686109,0.27811999,0.006009021,0.002486389,0.001174281,0,0,0.00196562,0.12237567,1.71E-08,0,0.000326013,1.33E-06,0.000117794,1.36E-07,0.004427436,0,9.03E-07,3.83E-05,6.97E-07,279.7894207,0.05342733,0.8477194,1.09E-05,5.804352444,0.002954112,0.000934675,130.7298526,99.31933061,527.2542507,129.1467876,4.480011474,39.44667553,9.425627824,1.627600564
1982,0.001620552,0.000183259,0.00019025,0.000157581,0.000108602,0.000100308,1.88E-05,0.001141687,6.72978683,0.12938621,0.01597381,0.12857689,0.013885459,0.009274832,0.27772577,0.39179861,0.4272037,0.53293449,0.28907972,0.006469345,0.003013129,0.001352411,0,0,0.001657336,0.12526367,-8.23E-08,0,0.000330839,1.47E-06,0.000222169,1.34E-07,0.003557587,0,8.94E-07,6.67E-05,1.58E-06,287.6693154,0.05409292,0.8076279,5.92E-06,6.041964538,0.002955043,0.001129656,128.4204046,99.45292952,618.9019395,146.8626386,4.817487822,40.73920058,12.82453757,1.631319373
1983,0.001845685,0.000199873,0.000210289,0.000169721,0.000136272,0.000131991,3.19E-05,0.001251028,6.910327763,0.13075989,0.016384525,0.15074703,0.015564841,0.009057039,0.35329433,0.38570972,0.43605662,0.54719948,0.30029699,0.006003406,0.003819814,0.001378774,0,0,0.001337878,0.1294055,-2.71E-08,0,0.000335595,1.65E-05,9.75E-05,1.32E-07,0.003804037,0,8.87E-07,2.41E-05,2.02E-06,281.6176584,0.05500336,0.7716035,2.32E-06,6.064731752,0.003201437,0.001329314,126.463686,96.59219071,513.4941356,123.8139961,4.527631458,40.71771201,9.01184528,1.640972796
1984,0.001954181,0.000199981,0.000220331,0.000181864,0.000172745,0.00017327,6.48E-05,0.001367681,7.074334665,0.1349934,0.014927399,0.16786607,0.017177696,0.010537606,0.35261795,0.43830954,0.44426268,0.5466524,0.31172869,0.006341234,0.004798726,0.001132951,0,0,0.001239171,0.13714097,8.66E-08,0,0.000483563,0.000152491,2.74E-05,1.33E-07,0.004880539,0,8.93E-07,-4.01E-05,4.31E-06,285.0030452,0.05706303,0.7784507,8.99E-08,5.995286258,0.003570683,0.001360177,127.9762922,100.0072798,541.1746519,129.3116995,4.7172482,41.76580344,9.878608211,1.733349688
1985,0.001930951,0.000182473,0.000220375,0.000181908,0.000235303,0.000212008,0.000106874,0.001512492,7.172661564,0.13844665,0.013863624,0.19120489,0.018042992,0.012093107,0.32180334,0.48746531,0.45178233,0.55924581,0.32341386,0.007686271,0.005535965,0.001186492,0,0,0.001429027,0.14848134,2.16E-07,0,0.000563207,0.000399263,8.58E-05,1.33E-07,0.005255393,0,9.02E-07,-6.22E-06,1.30E-05,285.6752697,0.05934911,0.7970415,-3.40E-07,5.995464501,0.003694566,0.001130351,128.3041567,101.769925,558.4094612,130.4350594,4.824991233,42.48794604,10.38477183,1.774238349
1986,0.002044789,0.000183921,0.000230419,0.000194054,0.000298259,0.000244972,0.000147449,0.001583558,7.308357639,0.13466824,0.014595216,0.22648099,0.017343175,0.011156209,0.36319165,0.56119711,0.45857645,0.60554478,0.33573155,0.008619927,0.005662639,0.001453026,0,0,0.002148062,0.16326271,2.16E-07,6.84E-07,0.000572739,0.000674323,4.43E-05,1.34E-07,0.005689695,0,9.08E-07,3.18E-05,2.81E-05,290.8084488,0.06144732,0.804199,3.24E-06,6.122081171,0.003941196,0.000893309,128.3145093,103.0345511,565.9944505,135.6433972,4.915932907,43.28398865,10.4644487,1.869967488
1987,0.002186818,0.000210094,0.000230465,0.000218304,0.000355551,0.000261358,0.000184354,0.001413176,7.451534595,0.14005915,0.015122737,0.23471551,0.015986362,0.011176584,0.37717492,0.54359326,0.46460688,0.63685035,0.34559507,0.009169243,0.005241269,0.001736487,0,1.16E-06,0.003263125,0.17725124,5.82E-08,4.88E-06,0.000796169,0.001000528,-9.97E-05,1.34E-07,0.006538606,0,9.14E-07,8.32E-06,4.48E-05,295.0485147,0.06362008,0.8121202,2.81E-05,6.349074632,0.00431067,0.000649177,130.7942857,106.9485421,603.5337904,143.5633438,5.102368399,44.40332357,11.80419902,1.946306673
1988,0.002238409,0.000222841,0.000220511,0.000218357,0.000398275,0.000261445,0.000202821,0.00112614,7.642089164,0.13489421,0.015295333,0.22534631,0.014052169,0.012063592,0.32440759,0.43301446,0.47014816,0.64554402,0.34769976,0.010094657,0.004703097,0.001770198,0,0.000349248,0.005266119,0.1853279,2.11E-05,6.85E-05,0.000881923,0.001400486,-7.37E-05,1.35E-07,0.006627814,0,9.28E-07,3.47E-05,6.06E-05,298.6854951,0.06645748,0.8440248,7.04E-05,6.187185411,0.004680261,0.000485217,131.925301,111.4143484,601.8878287,143.5104014,5.298864305,44.79908733,11.73739798,2.026962412
1989,0.002207554,0.00021766,0.000230555,0.00021841,0.000441012,0.000294141,0.000221294,0.000925477,7.736803703,0.10550252,0.015212081,0.21283728,0.010119863,0.011292045,0.24646809,0.3577641,0.47568414,0.71352261,0.33768835,0.010904862,0.00438641,0.001670249,0,0.000721362,0.010730464,0.18956819,0.00031477,0.000673047,0.000826296,0.001864912,5.44E-05,1.36E-07,0.006657218,0,6.07E-06,7.70E-05,7.61E-05,302.1641744,0.0691359,0.8636423,8.97E-05,6.263391278,0.005049966,0.000490256,131.9761195,112.532619,582.3194167,140.294679,5.222462912,45.13634687,10.88373862,2.101762239
1990,0.002107697,0.000222746,0.000230601,0.000230565,0.00051217,0.000326847,0.000258178,0.000754234,7.625553958,0.086426532,0.014407865,0.1768456,0.007090509,0.010591201,0.20825652,0.33397703,0.48124423,0.65840311,0.31646559,0.010051338,0.004274153,0.001737326,0,0.001520326,0.017768055,0.19230881,0.000960535,0.00172087,0.000697294,0.002382589,0.00018589,1.36E-07,0.006683843,0,2.70E-05,1.83E-05,9.18E-05,305.2725547,0.07128,0.8615031,9.08E-05,6.276011553,0.005174311,0.000668908,131.5390794,112.9233668,592.0352726,142.9994048,5.410500776,45.59401059,11.91770021,2.117046042
1991,0.001982897,0.000240077,0.000230647,0.000242723,0.000569148,0.000294347,0.000295075,0.000565069,7.8204742,0.085142226,0.012924815,0.12064491,0.006954223,0.010775591,0.15981289,0.28627307,0.4865262,0.47447964,0.30286609,0.009658053,0.004158575,0.001673546,0,0.006939422,0.02206288,0.18552075,0.001727734,0.002725131,0.000706136,0.002937818,0.000248194,1.55E-05,0.007057257,0,5.81E-05,-7.30E-05,0.000107154,318.7311921,0.0722173,0.8141874,9.76E-05,6.343792542,0.00529866,0.000851684,130.2975027,117.6376357,781.4565245,184.4068079,5.913765514,47.33361883,18.94727018,2.043061872
1992,0.001950044,0.000280556,0.000230693,0.00023068,0.00061194,0.000294445,0.000313579,0.00044081,7.822451349,0.085437279,0.011907588,0.074361852,0.005308998,0.010120439,0.10691739,0.22743518,0.49125831,0.36104368,0.30111154,0.010784362,0.003812739,0.001463111,0,0.02226499,0.024233416,0.194061,0.002476748,0.004025012,0.001001864,0.004491123,0.000181942,1.55E-05,0.007910262,0,8.88E-05,-3.08E-05,0.000122736,299.4017955,0.07425637,0.7803906,0.000107862,6.35732093,0.005423064,0.000952703,125.8077283,114.4341401,564.8480598,138.2166468,5.267118238,45.4499009,11.20130874,2.067096925
1993,0.00199848,0.000350109,0.000230739,0.000230736,0.00066895,0.000310847,0.000332088,0.000405681,7.733677514,0.084458339,0.011381334,0.050567396,0.003463778,0.008677165,0.0843251,0.2319618,0.49517262,0.25633383,0.29836763,0.011612337,0.003318044,0.001251451,0,0.03433223,0.022551362,0.20833854,0.003095,0.011967198,0.001516636,0.006496799,0.000157163,3.09E-05,0.008353484,0,0.000118809,4.28E-05,0.000138254,299.4425141,0.07467656,0.8027235,0.000121815,6.309605181,0.005424762,0.001230068,123.7541817,117.8059212,593.3542765,143.7539569,5.433352091,45.85506217,12.66732811,2.090475761
1994,0.002143056,0.000450005,0.000240786,0.000254996,0.000768587,0.000294646,0.000332199,0.000421824,7.73733666,0.08605046,0.011006658,0.037565451,0.004609578,0.008163643,0.085893495,0.23858315,0.49799162,0.15908791,0.28331201,0.011303115,0.002960463,0.001196206,0,0.045287421,0.024423112,0.23788968,0.003551552,0.024558229,0.002325316,0.007162855,0.000203905,6.17E-05,0.008737968,0,0.000148084,8.30E-06,0.000153585,310.2518368,0.07295185,0.7275388,0.000139087,6.440656344,0.005549183,0.00142747,121.0083668,119.5390029,711.7553856,171.0285281,5.797961979,47.28273297,17.69568249,2.184312738
1995,0.002388071,0.000566504,0.000240834,0.000242956,0.000839851,0.000294744,0.000332309,0.0004671,7.856919526,0.080480245,0.010682998,0.023473127,0.005707624,0.007674758,0.086264975,0.21072453,0.49948234,0.095783763,0.25063967,0.011011358,0.00289233,0.00108426,0,0.051095458,0.02759918,0.2303453,0.003877122,0.036211193,0.003439531,0.007887955,0.000296148,6.20E-05,0.009315257,0,0.0001778,8.46E-06,0.000169821,305.4095889,0.07504378,0.7406499,0.000159288,6.502894168,0.005673663,0.001196217,118.64207,120.1270653,606.5089474,146.4524222,5.715418746,46.48902779,14.26773939,2.238232367
1996,0.002663841,0.000679939,0.000240882,0.000218812,0.00088273,0.000278537,0.000350825,0.00051777,7.974927491,0.075256035,0.010505743,0.013005309,0.004652223,0.005524219,0.085278741,0.17078176,0.48893856,0.059514335,0.22136994,0.010510994,0.002865423,0.000847557,0,0.053568363,0.02600128,0.22486947,0.004057915,0.048538296,0.004501452,0.010100268,0.000390443,7.76E-05,0.009770705,0,0.000205479,0.000113536,0.000238411,307.2912075,0.07835627,1.0219634,0.000183079,6.541031203,0.005552701,0.001131186,116.674158,120.126357,581.4945219,140.8505946,5.588568795,46.4935872,13.26652338,2.326471427
1997,0.002872844,0.000778145,0.00025093,0.000218865,0.000925624,0.000262325,0.000369347,0.000555865,8.750595706,0.075489912,0.010417958,0.010398164,0.003769106,0.003455939,0.086341446,0.16063531,0.48049222,0.029550907,0.21107745,0.009824277,0.002856685,0.000768263,0,0.055763481,0.029370536,0.2405221,0.004626633,0.058758537,0.005571702,0.011574972,0.000427562,9.32E-05,0.009795226,4.96E-08,0.000258206,0.000111343,0.000315013,331.2889198,0.07506127,1.0131802,0.000210278,6.73923112,0.005783426,0.001235937,117.1099997,124.865875,856.4649466,204.6533241,6.172017987,49.1903418,22.89371417,2.406527094
1998,0.002989907,0.000857722,0.00024098,0.000206816,0.000925922,0.000278717,0.000351064,0.000585821,8.124934374,0.072916263,0.010335348,0.012992477,0.003961535,0.002931836,0.086348141,0.15667666,0.47494584,0.023412636,0.19017072,0.010323837,0.002701239,0.000769439,0,0.055956781,0.028471196,0.23446613,0.006904947,0.070049792,0.00689174,0.015498744,0.000540297,0.000108976,0.01002529,3.58E-07,0.000605123,6.92E-05,0.000386655,315.3326212,0.07102047,0.8997906,0.000232257,6.445350012,0.005603111,0.001084676,114.5861186,126.3161069,736.9032404,172.296192,6.314456121,49.66165423,22.36461016,2.4609519
1999,0.002960751,0.000919538,0.000241028,0.000206867,0.000912016,0.000278809,0.000332775,0.000613651,7.958127752,0.07296355,0.010216505,0.014054175,0.003974985,0.003153884,0.082703538,0.14042544,0.45797706,0.018420173,0.16874154,0.010262658,0.002150986,0.000770631,0,0.058338707,0.025741051,0.25231636,0.008684845,0.091978363,0.00794865,0.018334419,0.000742421,0.000124802,0.01007373,3.11E-06,0.001069901,0.000139549,0.000494352,309.4083709,0.06328888,0.8366815,0.000257786,6.28000935,0.005167646,0.001189015,108.4340705,121.7588181,592.1733192,145.0900519,5.60039137,47.84168221,15.00150318,2.535031767
2000,0.002815394,0.000958217,0.000251076,0.000194815,0.00082709,0.000246293,0.00031448,0.000649289,8.087765547,0.072651408,0.009923146,0.009404388,0.003986714,0.002347652,0.076330076,0.12276605,0.48564825,0.019471227,0.15659675,0.009480135,0.001969441,0.000771519,0,0.056341686,0.025730152,0.26360627,0.010640667,0.099657424,0.008598756,0.021400526,0.0008632,0.000140709,0.009297839,3.40E-05,0.001411492,0.000269996,0.000574233,310.1868098,0.06017103,0.7985247,0.000325837,6.111119055,0.005273533,0.0014697,108.7085558,122.7981248,538.0373715,135.302332,5.359576476,47.58190642,12.53431025,2.629044724
2001,0.003048068,0.001043081,0.000221125,0.000146456,0.000713731,0.000246374,0.000277774,0.000709344,7.912295445,0.070656969,0.010593275,0.005959047,0.003277136,0.001160055,0.068271466,0.11164066,0.53041719,0.019806901,0.14672439,0.008833794,0.002324826,0.000746086,0,0.056368781,0.024490463,0.26160586,0.011075295,0.096243251,0.009852125,0.027184793,0.000942756,0.000156671,0.008984,0.000806199,0.001654031,0.000610731,0.000638673,312.8963787,0.06051127,0.8184809,0.000442506,6.186884653,0.00532821,0.001583142,109.4836764,123.1711003,533.1430368,136.1659566,5.493988013,47.7822063,12.43033029,2.55863915
2002,0.003453437,0.001132349,0.000191168,0.00013439,0.000642944,0.000246456,0.00022265,0.000804732,8.161798308,0.070456674,0.011982167,0.00315136,0.002420559,0.000950115,0.063484809,0.10190454,0.53135299,0.012302716,0.14874982,0.008368591,0.002279758,0.000676601,0,0.050843174,0.025156097,0.27032175,0.012214474,0.10273275,0.011617585,0.029655611,0.001210781,0.000157338,0.0097209,0.002917065,0.002803782,0.001313749,0.000733271,322.2788312,0.05605282,0.8208483,0.000563429,6.358400543,0.005497648,0.001818734,108.7615149,124.8843584,622.1970584,158.4385879,5.948703431,50.14896945,18.36057514,2.591315532
2003,0.00316329,0.00111668,0.000171205,0.000122321,0.000572135,0.000230233,0.000204318,0.000936388,8.318797919,0.069839024,0.012579882,0.005769302,0.001733634,0.00074506,0.062277955,0.097844828,0.54549639,0.010122917,0.1580398,0.008083115,0.002026277,0.000601956,0,0.044441172,0.025070909,0.28730923,0.015640539,0.11740605,0.013114832,0.034656619,0.001560512,0.00015807,0.011005369,0.005226518,0.00478569,0.002235639,0.00085366,328.1242242,0.05384055,0.8380089,0.00057453,6.427137106,0.005541719,0.002000749,112.6638297,127.4574339,596.2197198,154.3815652,6.143926843,50.76268479,18.9145132,2.580430256
2004,0.002202953,0.000925504,0.000151238,9.81E-05,0.000487099,0.000230309,0.000167575,0.001059951,8.843487911,0.066998563,0.012194883,0.009216749,0.001472997,0.000756677,0.060966802,0.087654103,0.5692844,0.009746999,0.14540379,0.007526765,0.002119266,0.000552946,0,0.049135801,0.028554887,0.30757676,0.015758879,0.12565071,0.013097501,0.042288118,0.002051046,0.000219984,0.012712613,0.006651213,0.005487304,0.003118653,0.000974109,338.9417722,0.05112882,0.8656998,0.000567865,6.589272378,0.005648009,0.001943219,118.0536776,133.6149893,597.0195913,156.6654572,6.444694752,51.18589468,16.88266226,2.750819839
2005,0.00194805,0.000680539,0.000131267,8.61E-05,0.000416239,0.000230385,0.000130819,0.001111007,9.111555517,0.063195607,0.011060838,0.004629703,0.001813966,0.000580706,0.060331179,0.071956593,0.59462905,0.00754052,0.13424871,0.006943328,0.001894783,0.000469717,0,0.053955471,0.033447493,0.32952471,0.016143675,0.12649199,0.012434284,0.045001634,0.002365528,0.000212764,0.014626529,0.007079197,0.006360692,0.003418058,0.001084593,346.3955546,0.04903518,0.934237,0.000664876,6.692363078,0.006279914,0.001740409,122.5406273,137.1147828,602.0650857,158.7662386,6.74235763,51.95572038,17.27632256,2.860521969
2006,0.002045423,0.000624962,0.000111292,8.61E-05,0.000359559,0.000246765,0.000130862,0.001110342,9.442908147,0.060048081,0.01021735,0.000645064,0.001751031,0.000587106,0.063037203,0.065575271,0.66034123,0.009319049,0.14071285,0.006311845,0.001590236,0.000435796,0,0.051911598,0.036489809,0.34630497,0.019891066,0.13341048,0.014118518,0.051038048,0.002353159,0.000182183,0.012639849,0.006875404,0.008386248,0.002559234,0.001185252,356.4696896,0.04732698,0.9965297,0.000725769,6.874357467,0.006940918,0.001453144,123.4562358,140.4543808,637.6236501,169.8736133,6.827877394,53.45205244,18.90747845,2.894559219
2007,0.001766616,0.000546769,0.000101314,8.61E-05,0.000288658,0.000230543,9.41E-05,0.001131696,9.639327281,0.057257154,0.009327242,0.00450892,0.001554549,0.000782801,0.064737513,0.061623755,0.695097,0.00969813,0.1319833,0.005770744,0.001702155,0.000591629,0,0.049953532,0.037109679,0.35726506,0.026595246,0.12725708,0.016399738,0.055735756,0.002415405,0.00023422,0.009326289,0.0066981,0.008402974,0.0027884,0.001264938,355.0225755,0.04220122,0.9749374,0.000846475,6.594942662,0.006975407,0.001468993,122.6475255,145.3540631,597.3422357,159.6840444,7.186723337,54.038136,17.82962985,2.962073123
2008,0.001746034,0.000569312,9.13E-05,6.19E-05,0.000274546,0.000230619,7.57E-05,0.001186842,9.393649752,0.056837697,0.009035343,0.008339534,0.001916448,0.000456968,0.063060877,0.057108479,0.74880839,0.006337645,0.13820008,0.005573751,0.001617133,0.000638405,0,0.054881457,0.033091627,0.36272449,0.030815622,0.13828669,0.017544095,0.055545108,0.00261966,0.000212223,0.008812341,0.007076053,0.010669375,0.0027884,0.001316486,360.4917105,0.03938508,0.9159406,0.00114656,6.637070012,0.006883534,0.001811918,119.9206025,145.039454,563.9831255,154.6736688,6.994080158,54.38875165,16.17134336,2.926145032
2009,0.001799551,0.000643299,9.14E-05,4.98E-05,0.00026043,0.000230695,7.57E-05,0.00124503,9.33207666,0.055355253,0.009685487,0.0057877,0.001675517,0.000383549,0.060065148,0.054788238,0.8083883,0.003769432,0.14885568,0.00525709,0.001727285,0.000477231,0,0.061506343,0.032081369,0.3665558,0.033926872,0.16010848,0.021142804,0.058747812,0.002966673,0.000172706,0.0099336,0.007852249,0.016223306,0.0029974,0.001433501,364.2003634,0.03915481,0.8695209,0.001387468,6.711563051,0.007159861,0.002130075,114.819343,139.9418628,569.2018722,158.7362881,7.011743246,54.45026921,16.32480822,2.77229123
2010,0.001774218,0.000504032,0.00010137,4.99E-05,0.000232106,0.000198162,7.58E-05,0.001272141,9.85244337,0.056090865,0.01048947,0.004407032,0.001464415,0.000658964,0.05886009,0.052271203,0.8022013,0.002461478,0.14504056,0.004897555,0.001851166,0.000396552,0,0.065209531,0.029851794,0.36174691,0.035069515,0.165044,0.020460881,0.059879906,0.003182702,0.000279934,0.011247607,0.008777871,0.015914528,0.0033098,0.001337554,370.8962528,0.03758677,0.904227,0.001509367,6.707156273,0.007275903,0.002223103,113.8773996,142.6851416,604.7012715,164.5802859,7.56735862,55.51678203,19.16286436,2.897315778
2011,0.001846756,0.0004523,0.00010139,4.99E-05,0.00023218,0.000198227,7.58E-05,0.001272702,10.16115317,0.057565927,0.011056837,0.004623794,0.002046829,0.000856017,0.062415615,0.052120722,0.9102105,0.003003616,0.15348274,0.004336177,0.002096153,0.000391059,0,0.067690592,0.028645628,0.36694427,0.043330418,0.19047655,0.022158614,0.059950898,0.003410604,0.000333569,0.012498165,0.009465458,0.020415233,0.0035841,0.001129135,372.6576832,0.03533383,0.9771884,0.00163148,6.647727122,0.007465693,0.002682317,115.0457105,146.5409812,558.2400087,158.6069278,7.38110581,55.47105918,17.07059112,2.974620065
2012,0.001794986,0.000464845,0.00010141,4.99E-05,0.000232253,0.000198293,7.58E-05,0.001272928,10.34871489,0.059464919,0.009660946,0.005452927,0.002052052,0.000716861,0.070235225,0.05335878,1.0383358,0.003009667,0.1817202,0.003837981,0.001732872,0.000415949,0,0.063311547,0.025468261,0.35629002,0.04581505,0.20500564,0.021423,0.056430796,0.003277116,0.000258313,0.012591587,0.009054248,0.0240671,0.0039269,0.00098552,380.8097666,0.03162702,0.9565868,0.001694094,6.741571282,0.007706284,0.002786474,113.229528,145.504776,601.0748596,169.08511,7.607514416,56.92076408,20.37923381,3.015788815
2013,0.001632465,0.000447628,0.00010143,4.99E-05,0.000232326,0.000198358,7.58E-05,0.001273153,10.56924636,0.062512861,0.008302744,0.006516793,0.001940862,0.000613303,0.075740842,0.054819887,1.0776128,0.001838442,0.21496357,0.003574549,0.000962581,0.000444422,0,0.059817791,0.019467118,0.34289828,0.0388888,0.20201825,0.0238069,0.05223651,0.002998601,0.000241043,0.011604213,0.0097859,0.021452891,0.0042254,0.000872252,381.5943928,0.028305,0.9554872,0.0016971,6.846666194,0.007686158,0.002453866,112.208129,143.3023445,552.7113979,159.359353,7.46278298,56.72328656,17.79789768,3.054439039
2014,0.0016517,0.0004515,9.94E-05,4.28E-05,0.0002997,0.0002187,9.15E-05,0.0012672,10.80598447,0.0535475,0.0098735,0.0028024,0.0016696,0.001114899,0.0549365,0.0289612,1.0819373,0.0012625,0.20702911,0.003481,0.0012299,0.0003854,0,0.05982,0.02247,0.3588813,0.0571243,0.2000249,0.0252487,0.0556047,0.0035393,0.000256,0.012991,0.0101025,0.0304858,0.0044701,0.0011516,387.8735392,0.02859137,1.0827533,0.0014093,6.914907695,0.0078784,0.002512,111.5686138,142.9050135,615.5202594,173.5036918,7.646608903,58.10916357,20.69815324,3.069556009
2015,0.00157,0.0004478,9.94E-05,4.35E-05,0.00035,0.0002338,0.0001014,0.0012672,10.67558999,0.0475476,0.0108699,0.0008742,0.0016696,0.0016714,0.0435734,0.0146096,1.0213227,0,0.15872141,0.0032933,0.0013378,0.0003481,0,0.05982,0.02247,0.3588813,0.0787906,0.2019534,0.032381,0.0558814,0.0036633,0.0002604,0.0144857,0.0117285,0.0385792,0.0046492,0.0011516,388.0727957,0.02873527,1.129062,0.0013581,6.936363636,0.00802,0.0025317,98.33111855,142.7852381,585.8225259,167.2229931,7.629652821,58.35201304,19.29835608,3.131967771
2016,0.001677899105251151,0.00041292528396056813,0.000105074,4.60E-05,0.000369956,0.00024714,0.00010718,0.001518077661772725,10.704491345741676,0.04501716,0.011339765251716514,0.00078156,0.001515231,0.001614221,0.04188082,0.01288774,1.08436772,0,0.16940338,0.00307158,0.00129166,0.00033428,0,0.060842879,0.021990156,0.351625206,0.08503684359817293,0.21326186328486343,0.03449136947301018,0.05702975288457497,0.004007895374357316,0.00025511963491880904,0.01430138695674198,0.012362836008866429,0.043224843824654226,0.004936195,0.001180089,389.72917323320945,0.03037373,1.168038,0.0012485442029478795,7.002378778023065,0.008215136130585353,0.002619101,94.02806608886812,141.54863088948542,553.1214572171824,163.75966272347503,7.533797678706864,59.22882231790597,18.41667531027365,3.267372023051692
2017,0.001482610947981957,0.00039479952099525436,0.000110748,4.85E-05,0.000389912,0.00026048,0.00011296,0.0015525447792001808,10.889584880467066,0.04248672,0.01207677081922253,0.00068892,0.001360863,0.001557043,0.04018824,0.01116588,1.14741274,0,0.18008535,0.00284986,0.00124552,0.00032046,0,0.061865757,0.021510311,0.344369112,0.09120021245658223,0.223907041102435,0.03631636216215844,0.05819299279690135,0.004399164292485474,0.00025147296340910925,0.01560817803141915,0.01299762283474754,0.04848793694233276,0.00522319,0.001208578,394.9930994370535,0.03201219,1.207014,0.001208598014056792,7.040743442533245,0.008477638949739947,0.002706502,89.79057976874579,139.71904448412153,535.4740180036463,161.81581298632628,7.394625051545805,59.627736253356495,17.920208612189864,3.464417724097719
2018,0.0014591759480257775,0.0002881353078460709,0.000116423,5.09E-05,0.000409869,0.00027382,0.00011874,0.0017424293456174622,11.150185803853589,0.03995628,0.0121615086413356,0.00059628,0.001206494,0.001499864,0.03849566,0.00944402,1.21045776,0,0.19076732,0.00262814,0.00119938,0.00030664,0,0.062888636,0.021030467,0.337113018,0.09758702062313952,0.23547255295294375,0.03833776880569103,0.05929703471343236,0.0047754232858129774,0.0002460902494167617,0.016076503497347547,0.013641267801572864,0.05397262181437312,0.005510185,0.001237067,400.7182930872206,0.03365065,1.24599,0.0012480768495771565,7.067123183745029,0.008947286341552115,0.002793903,86.82582464790303,135.5962533141898,519.030966991704,158.82866494876671,7.105656483575091,60.23952296495763,17.445255851392,3.6181993165042448
2019,0.00145875194198595,0.00028962639894782196,0.000122097,5.34E-05,0.000429825,0.00028716,0.00012452,0.0019669913272135865,11.180344546029602,0.03742584,0.01274799722773513,0.00050364,0.001052126,0.001442686,0.03680308,0.00772216,1.27350278,0,0.20144929,0.00240642,0.00115324,0.00029282,0,0.063911514,0.020550622,0.329856924,0.10407195666324603,0.24820396422682037,0.04012793455506397,0.06185885666819362,0.005129971504844658,0.00024152514591195898,0.015217321997979075,0.014296528824711333,0.05961305257936198,0.005797181,0.001265557,404.032044021684,0.03528911,1.284966,0.00123516978270845,7.167960272702633,0.009297396110891585,0.002881304,86.12639357931889,135.7006524485452,535.9308253128679,165.5728351460944,7.296630335598846,60.81797422829943,19.221973027513215,3.6671782659961
2020,0.0014164029189989292,0.000246684337921921,0.000127771,5.59E-05,0.000449781,0.0003005,0.0001303,0.002149418856229676,10.651271385496267,0.0348954,0.013083782077723528,0.000411,0.000897757,0.001385507,0.0351105,0.0060003,1.3365478,0,0.21213126,0.0021847,0.0011071,0.000279,0,0.064934393,0.020070778,0.32260083,0.11028856376836471,0.26058894194193094,0.041951297194322355,0.06206660109252494,0.005480818603673098,0.00023679424352459803,0.015247312339647835,0.015035210808133071,0.06506740849626819,0.006084176,0.001294046,398.9763944199551,0.03692757,1.323942,0.0013482385740442313,7.1800332767454025,0.009583776338294164,0.002968705,73.38668091717767,126.40241403715116,510.8512944882188,159.56249980334658,7.124704437111495,61.59097013082574,18.50479086781879,2.035410930954544
2021,0.0014447416677421006,0.00026656967458912103,0.000123597,5.41E-05,0.000435098,0.00029068,0.00012605,0.0024293339128497638,11.24256027879174,0.03328538,0.013523593568071417,0.00037899,0.000833926,0.001342149,0.03387909,0.00550149,1.36127882,0,0.204270136,0.00206237,0.00107222,0.00026903,0,0.063840192,0.019226545,0.30467177,0.11867617206484601,0.27032228304145184,0.04393081765702976,0.06426596278623889,0.005836416331406301,0.00023253927333608367,0.015558957101618448,0.015772619442307487,0.07255568752301421,0.006196753,0.001278229,404.3290021615674,0.03572179,1.299139,0.0014630691026767618,7.270942568689277,0.00995852053241599,0.00291309,75.12187532026891,128.43917364452741,506.8879973077508,159.39497283867726,7.09379329166712,62.26084416312921,18.260015940899088,2.3190868903165764
2022,0.001457020366129094,0.000260237138110667,0.000119423,5.22E-05,0.000420416,0.00028086,0.0001218,0.002658316457389118,11.339078771246792,0.03167536,0.014065402718097503,0.00034698,0.000770095,0.00129879,0.03264768,0.00500268,1.38600984,0,0.196409012,0.00194004,0.00103734,0.00025906,0,0.062745991,0.018382313,0.28674271,0.1257288822746012,0.2820220615459692,0.04580595177114498,0.06615181745950459,0.006255255031828628,0.00022815157711300382,0.01591327715875112,0.016543724086487483,0.07875145899221171,0.006309329,0.001262413,410.8596924742063,0.03451601,1.274336,0.0015347378044770715,7.3230290438569945,0.010337278404413413,0.002857475,74.94348179218566,126.93595671497043,486.78045784672577,154.91130263118455,6.851350844369568,62.93182846680875,17.269065345858174,2.881374530347178
2023,0.0014569267888672147,0.0002508539777538054,0.000115249,5.04E-05,0.000405733,0.00027104,0.00011755,0.0028887725229094566,11.505149140109525,0.03006534,0.014507849545622412,0.00031497,0.000706264,0.001255431,0.03141627,0.00450387,1.41074086,0,0.188547888,0.00181771,0.00100246,0.00024909,0,0.06165179,0.01753808,0.26881365,0.1329666464743387,0.2934026612572932,0.0477271939765731,0.06772328595555749,0.0066344560882814945,0.00022369372084668452,0.01614727323985639,0.017293153940498136,0.08513639038932747,0.006421906,0.001246597,416.6960284314539,0.03331023,1.249533,0.0016345938117332936,7.4228221867786095,0.010687012930967806,0.00280186,77.1041539960299,132.69579349978403,524.0226284909988,165.39858396559143,7.34697842613114,63.464271912930684,19.42267992247873,3.3970161145993076
2024,0.0014630193494297714,0.00024299612933615072,0.000111075,4.86E-05,0.00039105,0.00026122,0.0001133,0.003118491827939314,11.658102014530165,0.02845532,0.014999977534397989,0.00028296,0.000642433,0.001212073,0.03018486,0.00400506,1.43547188,0,0.180686764,0.00169538,0.00096758,0.00023912,0,0.060557589,0.016693848,0.25088459,0.1401118836790843,0.30494285036521424,0.04962538213634469,0.06945194754021725,0.00703347596671914,0.00021927094460198559,0.0164414313089753,0.018053421189593636,0.091426741822484,0.006534483,0.00123078,419.46679709658736,0.03210445,1.22473,0.0017203561662615641,7.487475935568673,0.011051259130243695,0.002746244,76.57606858472832,132.36227699275605,520.6712312894795,162.08648115585711,7.2910640124044575,63.464271912930684,18.850636566199228,3.3970161145993076
2025,0.001408071049044137,0.00023387054019631325,0.000106901,4.68E-05,0.000376368,0.0002514,0.00010905,0.0030553086477388093,11.937442751641452,0.0268453,0.014696200476275373,0.00025095,0.000578602,0.001168714,0.02895345,0.00350625,1.4602029,0,0.17282564,0.00157305,0.0009327,0.00022915,0,0.059463389,0.015849615,0.23295553,0.1494724180800516,0.3101965562809137,0.05285842382075674,0.06855944656024748,0.007287326638392616,0.00023325964232614652,0.014878674489216308,0.019205153952825384,0.0827366108466414,0.00664706,0.001214964,425.1562782291282,0.03089867,1.199927,0.0017376477214134979,7.544047901122263,0.011162362034525988,0.002690629,75.6849159811132,132.3355611813691,506.729021624991,161.06235786846375,7.187920238057913,64.18619988975762,17.89460029877259,3.4987342987356587
2026,0.0013531227486585028,0.0002247449510564758,0.000102727,4.50E-05,0.000361685,0.00024158,0.0001048,0.0029921254675383054,12.21678348875274,0.02523528,0.014392423418152755,0.00021894,0.000514771,0.001125355,0.02772204,0.00300744,1.48493392,0,0.164964516,0.00145072,0.00089782,0.00021918,0,0.058369188,0.015005382,0.21502647,0.15883295248101886,0.31545026219661315,0.05609146550516881,0.0676669455802777,0.00754117623791668,0.00024724834005030745,0.013315917669457321,0.02035688671605713,0.07404647987079883,0.006759637,0.001199147,430.8457592618591,0.02969289,1.175124,0.0017549392765654316,7.60061986764839,0.011273464938808283,0.002635014,74.79376336718542,132.3088454583319,492.7868120681208,160.0382345810704,7.0847764637113695,64.90812785693151,16.93856403134596,3.60045248365069
2027,0.0012981744482728685,0.00021561936191663835,9.86E-05,4.31E-05,0.000347002,0.00023176,0.00010055,0.002928944555952221,12.496124217020263,0.02362526,0.014088646360030137,0.00018693,0.00045094,0.001081997,0.02649063,0.00250863,1.50966494,0,0.157103392,0.00132839,0.00086294,0.00020921,0,0.057274987,0.01416115,0.19709741,0.16819348688198615,0.3207039681123126,0.05932450718958087,0.06677444460030793,0.007795026909590157,0.0002612370377744684,0.011753160849698331,0.021508618850348757,0.06535634889495624,0.006872214,0.001183331,436.5352403943999,0.02848711,1.150321,0.0017722308317173652,7.65719183320198,0.011384567843090576,0.002579399,73.90261076357032,132.28212973529466,478.8446025112507,159.01411139188676,6.981632689364825,65.63005583375843,15.982527763919322,3.702170667787041
2028,0.0012432261478872342,0.0002064937727768009,9.44E-05,4.13E-05,0.000332319,0.00022194,9.63E-05,0.0028657613757517167,12.77546495413155,0.02201524,0.01378487057406968,0.00015492,0.000387109,0.001038638,0.02525922,0.00200982,1.53439596,0,0.149242268,0.00120606,0.00082806,0.00019924,0,0.056180786,0.013316917,0.17916835,0.17755402128295344,0.3259576740280121,0.06255754887399294,0.06588194362033815,0.008048876509114221,0.0002752257354986294,0.010190404029939343,0.022660351613580508,0.056666217919113644,0.006984791,0.001167515,442.22472152694075,0.02728133,1.125518,0.0017895223868692987,7.713763798755571,0.01149567074737287,0.002523783,73.01145815995521,132.25541392390772,464.90239295438045,157.9899881044934,6.8784889150182815,66.35198381058538,15.026491481849076,3.803888851923392
2029,0.0011882778475016,0.00019736818363696345,9.02E-05,3.95E-05,0.000317637,0.00021212,9.21E-05,0.0028025804641656324,13.054805682399074,0.02040522,0.013481093515947066,0.00012291,0.000323278,0.000995279,0.02402781,0.00151101,1.55912698,0,0.141381144,0.00108373,0.00079318,0.00018927,0,0.055086585,0.012472685,0.16123929,0.18691455568392074,0.3312113799437116,0.065790590558405,0.06498944264036838,0.008302727180787698,0.0002892144332227903,0.008627647210180353,0.023812083747872134,0.04797608694327106,0.007097368,0.001151698,447.9142026594816,0.02607555,1.100715,0.0018068139420212323,7.770335765281697,0.011606773651655163,0.002468168,72.12030554602744,132.2286982008705,450.9601833975103,156.96586481710006,6.775345140671737,67.07391178741231,14.070455220279888,3.905607036838423
2030,0.0011333295471159658,0.00018824259449712598,8.60E-05,3.77E-05,0.000302954,0.0002023,8.78E-05,0.002739397283965128,13.334146419510363,0.0187952,0.013177316457824448,9.09E-05,0.000259447,0.000951921,0.0227964,0.0010122,1.583858,0,0.13352002,0.0009614,0.0007583,0.0001793,0,0.053992384,0.011628452,0.14331023,0.196275090084888,0.33646508585941104,0.06902363224281706,0.0640969416603986,0.008556576780311763,0.00030320313094695124,0.007064890390421364,0.024963816511103878,0.03928595596742848,0.007209945,0.001135882,453.60368369221254,0.02486977,1.075912,0.0018241054971731658,7.826907730835287,0.011717876555937458,0.002412553,71.22915294241233,132.20198238948353,437.01797384064014,155.9417415297067,6.672201366325193,67.79583975458621,13.114418949924527,4.007325220974774
2031,0.0010981569632170253,0.00018240008053479258,8.34E-05,3.65E-05,0.000293545,0.00019603,8.51E-05,0.0026991679444622186,13.659180053569706,0.01792802,0.012983707370690156,8.38E-05,0.000241008,0.000922171,0.02199688,0.00092805,1.58773517,0,0.128488084,0.00090757,0.0007344,0.0001729,0,0.0517698,0.010825621,0.131008084,0.20134892437114363,0.33728872768012536,0.07112919436261565,0.06310741736761033,0.008610484452681942,0.0003128844382257975,0.006810717824247955,0.02576098868267661,0.03787253627271401,0.007227593,0.001118346,462.36950711162683,0.02409794,1.06010409,0.0018369429034914727,7.872277936684602,0.011800333772688047,0.002377108,71.2254909485108,132.84300813423107,431.80796192385276,155.03422283787597,6.63281953107375,68.15643355391906,12.665494711706282,4.06209722325518
2032,0.0010629843793180849,0.00017655756657245918,8.07E-05,3.53E-05,0.000284136,0.00018976,8.23E-05,0.0026589363363448888,13.98421367878529,0.01706084,0.012790099555718028,7.67E-05,0.000222569,0.000892421,0.02119736,0.0008439,1.59161234,0,0.123456148,0.00085374,0.0007105,0.0001665,0,0.049547216,0.01002279,0.118705938,0.20642275865739926,0.3381123695008397,0.07323475648241423,0.062117893074822066,0.00866439319720153,0.0003225657455046438,0.006556545258074546,0.026558160854249346,0.03645911657799954,0.007245241,0.001100811,471.13533053104106,0.02332611,1.04429618,0.0018497814688388798,7.917648141561383,0.011882790989438636,0.002341663,71.22182895460928,133.4840337906289,426.5979498994471,154.12670414604523,6.593437696874895,68.51702735325192,12.216570472023676,4.116869225535585
2033,0.0010278117954191444,0.00017071505261012578,7.80E-05,3.42E-05,0.000274726,0.00018349,7.96E-05,0.002618706996841979,14.309247312844633,0.01619366,0.012596490468583736,6.97E-05,0.000204129,0.000862672,0.02039784,0.00075975,1.59548951,0,0.118424212,0.00079991,0.0006866,0.0001601,0,0.047324632,0.009219959,0.106403792,0.21149659294365486,0.3389360113215541,0.07534031860221282,0.06112836761914485,0.008718300869571708,0.00033224705278349,0.006302372691901136,0.02735533302582208,0.03504569688328507,0.007262889,0.001083275,479.90115395045535,0.02255428,1.02848827,0.0018626188751571864,7.9630183464381625,0.011965248206189227,0.002306218,71.21816696070773,134.1250594470267,421.3879379826597,153.2191854542145,6.5540558616234526,68.87762115258477,11.767646233805431,4.17164122703731
2034,0.000992639211520204,0.0001648725386477924,7.53E-05,3.30E-05,0.000265317,0.00017722,7.69E-05,0.0025784776573390695,14.63428094690398,0.01532648,0.012402881381449446,6.26E-05,0.00018569,0.000832922,0.01959832,0.0006756,1.59936668,0,0.113392276,0.00074608,0.0006627,0.0001537,0,0.045102048,0.008417128,0.094101646,0.2165704272299105,0.33975965314226847,0.0774458807220114,0.06013884332635658,0.008772208541941887,0.00034192836006233625,0.006048200125727727,0.02815250519739481,0.0336322771885706,0.007280537,0.00106574,488.6669773698696,0.02178245,1.01268036,0.0018754574405045936,8.008388552287476,0.012047705422939817,0.002270773,71.21450495649353,134.76608510342453,416.17792595825404,152.3116667623838,6.514674027424599,69.23821495191763,11.318721994122825,4.226413229317716
2035,0.0009574666276212636,0.000159030024685459,7.27E-05,3.18E-05,0.000255908,0.00017095,7.42E-05,0.00253824604922174,14.959314580963321,0.0144593,0.012209273566477316,5.55E-05,0.000167251,0.000803172,0.0187988,0.00059145,1.60324385,0,0.10836034,0.00069225,0.0006388,0.0001473,0,0.042879464,0.007614297,0.0817995,0.22164426151616612,0.3405832949629828,0.07955144284181001,0.05914931903356831,0.008826116214312067,0.0003516096673411825,0.005794027559554318,0.028949677368967544,0.032218857493856126,0.007298185,0.001048204,497.43280088909376,0.02101062,0.99687245,0.0018882948468229004,8.053758757164257,0.012130162639690408,0.002235328,71.210842962592,135.40711075982233,410.96791404146666,151.4041480705531,6.475292192173155,69.59880875125049,10.86979775590458,4.281185231598122
2036,0.0009222940437223231,0.0001531875107231256,7.00E-05,3.06E-05,0.000246499,0.00016468,7.14E-05,0.00249801670971883,15.284348206178905,0.01359212,0.012015664479343026,4.84E-05,0.000148812,0.000773423,0.01799928,0.0005073,1.60712102,0,0.103328404,0.00063842,0.0006149,0.0001409,0,0.04065688,0.006811466,0.069497354,0.22671809580242175,0.34140693678369716,0.08165700496160859,0.05815979474078004,0.008880023886682244,0.0003612909746200288,0.005539854993380908,0.029746848911600152,0.030805437799141657,0.007315833,0.001030669,506.19862430850804,0.02023879,0.98106454,0.001901132253141207,8.099128963013571,0.012212619856440997,0.002199883,71.20718096869048,136.04813641622016,405.757902017061,150.49662937872236,6.435910356921712,69.95940255058335,10.420873517686333,4.335957233878528
2037,0.0008871214598233827,0.0001473449967607922,6.73E-05,2.95E-05,0.00023709,0.00015841,6.87E-05,0.0024577851016015007,15.60938184023825,0.01272494,0.011822056664370896,4.13E-05,0.000130373,0.000743673,0.01719976,0.00042315,1.61099819,0,0.098296468,0.00058459,0.000591,0.0001345,0,0.038434296,0.006008635,0.057195208,0.23179193008867738,0.3422305786044115,0.08376256708140718,0.05717027044799177,0.008933931559052422,0.000370972281898875,0.005285682427207499,0.030544021083172886,0.029392018104427188,0.007333481,0.001013133,514.9644477279223,0.01946696,0.96525663,0.0019139708184886142,8.14449916789035,0.012295077073191588,0.002164438,71.20351897478893,136.6891621609677,400.5478901002736,149.58911068689164,6.396528522722858,70.31999634026316,9.971949278003727,4.390729235380252
2038,0.0008519488759244422,0.0001415024827984588,6.46E-05,2.83E-05,0.000227681,0.00015214,6.60E-05,0.002417555762098591,15.934415474297596,0.01185776,0.011628447577236606,3.43E-05,0.000111934,0.000713923,0.01640024,0.000339,1.61487536,0,0.093264532,0.00053076,0.0005671,0.0001281,0,0.036211712,0.005205804,0.044893062,0.236865764374933,0.3430542204251259,0.08586812920120576,0.056180744992314555,0.0089878392314226,0.0003806535891777213,0.0050315098610340895,0.031341193254745624,0.027978598409712716,0.007351129,0.000995597,523.7302711473366,0.01869513,0.94944872,0.001926808224806921,8.189869372767129,0.012377534289942179,0.002128993,71.1998569808874,137.3301878173655,395.33787807586793,148.68159199506093,6.357146687471415,70.68059013959602,9.52302503978548,4.4455012376606575
2039,0.0008167762920255017,0.0001356599688361254,6.20E-05,2.71E-05,0.000218271,0.00014587,6.32E-05,0.002377326422595681,16.25944910835694,0.01099058,0.011434838490102314,2.72E-05,9.35E-05,0.000684173,0.01560072,0.00025485,1.61875253,0,0.088232596,0.00047693,0.0005432,0.0001217,0,0.033989128,0.004402972,0.032590916,0.2419395986611886,0.3438778622458402,0.08797369132100435,0.05519122069952628,0.009041746903792778,0.00039033489645656755,0.004777337294860681,0.03213836542631836,0.026565178714998246,0.007368777,0.000978062,532.4960945667508,0.0179233,0.93364081,0.0019396456311252276,8.235239578616445,0.01245999150669277,0.002093548,71.19619498698589,137.9712134737633,390.1278661590806,147.7740733032302,6.317764853272561,71.04118393892888,9.074100800102874,4.500273239941063
2040,0.0007816037081265613,0.000129817454873792,5.93E-05,2.60E-05,0.000208862,0.0001396,6.05E-05,0.002337094814478352,16.58448273357252,0.0101234,0.011241230675130186,2.01E-05,7.51E-05,0.000654424,0.0148012,0.0001707,1.6226297,0,0.08320066,0.0004231,0.0005193,0.0001153,0,0.031766544,0.003600141,0.02028877,0.24701343294744424,0.34470150406655453,0.09007925344080293,0.05420169640673801,0.009095655648312368,0.0004000162037354138,0.004523164728687272,0.032935537597891085,0.02515175902028378,0.007386425,0.000960526,541.261917986165,0.01715147,0.9178329,0.0019524841964726348,8.280609783493226,0.01254244872344336,0.002058103,71.19253298277168,138.61223913016113,384.91785413467494,146.86655461139947,6.278383018021119,71.40177773826173,8.62517656188463,4.555045242221469
2041,0.0007591172755461622,0.0001260827140283769,5.76E-05,2.52E-05,0.000202856,0.00013558,5.88E-05,0.002311241684552499,16.934676941191643,0.00965632,0.011116878096045692,1.85E-05,6.97E-05,0.000633957,0.01428209,0.00015651,1.6515842,0,0.079983659,0.00039941,0.00050294,0.00011118,0,0.030406132,0.003341203,0.018448224,0.2534658505774942,0.35085242156255214,0.09265788975535491,0.05441026984099664,0.00924107234503551,0.00041302782567165995,0.004327490170206033,0.034007035211774415,0.024063692538314904,0.00751823,0.000964222,546.0532831569781,0.01665803,0.90767965,0.0019676500922540577,8.267700552183651,0.012639884407089927,0.00203533,70.05484435568863,137.8690779108974,381.23242399283095,146.34978970426897,6.156114963568856,71.42264170276584,8.477995489458646,4.634759997519914
2042,0.0007366308429657629,0.00012234797318296176,5.59E-05,2.45E-05,0.000196849,0.00013156,5.70E-05,0.0022853885546266447,17.284871148810765,0.00918924,0.0109925255169612,1.70E-05,6.44E-05,0.000613491,0.01376298,0.00014232,1.6805387,0,0.076766658,0.00037572,0.00048658,0.00010706,0,0.02904572,0.003082264,0.016607679,0.2599182682075442,0.35700333905854975,0.09523652606990686,0.05461884327525528,0.009386490113908064,0.00042603944760790605,0.0041318156117247954,0.03507853282565775,0.022975626056346028,0.007650036,0.000967919,550.844648427601,0.01616459,0.8975264,0.001982815988035481,8.254791321846616,0.012737320090736496,0.002012558,68.91715571829289,137.1259166032839,377.5469937433686,145.83302489534822,6.033846908064004,71.44350567692301,8.330814415568302,4.71447475359704
2043,0.0007141444103853637,0.00011861323233754665,5.42E-05,2.37E-05,0.000190842,0.00012754,5.53E-05,0.002259535424700791,17.635065356429884,0.00872216,0.010868171665714547,1.54E-05,5.91E-05,0.000593025,0.01324387,0.00012813,1.7094932,0,0.073549657,0.00035203,0.00047022,0.00010294,0,0.027685309,0.002823325,0.014767133,0.2663706858375942,0.3631542565545474,0.09781516238445881,0.0548274167095139,0.00953190681063121,0.0004390510695441521,0.003936141053243558,0.036150030439541084,0.021887559574377154,0.007781841,0.000971615,555.6360135984139,0.01567115,0.88737315,0.0019979830428460046,8.241882090537045,0.012834755774383064,0.001989785,67.77946709120984,136.3827553840202,373.86156360152467,145.31625998821772,5.911578853611743,71.46436964142713,8.183633343142318,4.794189509674166
2044,0.0006916579778049644,0.00011487849149213153,5.25E-05,2.30E-05,0.000184836,0.00012352,5.35E-05,0.002233682294774938,17.985259564049006,0.00825508,0.010743819086630055,1.38E-05,5.37E-05,0.000572559,0.01272476,0.00011394,1.7384477,0,0.070332656,0.00032834,0.00045386,9.88E-05,0,0.026324897,0.002564386,0.012926587,0.27282310346764416,0.369305174050545,0.10039379869901079,0.05503599014377253,0.009677324579503764,0.0004520626914803982,0.00374046649476232,0.037221528053424414,0.020799493092408278,0.007913647,0.000975311,560.4273788690369,0.01517771,0.8772199,0.002013148938627428,8.228972859227474,0.012932191458029634,0.001967013,66.64177845381411,135.63959416475646,370.1761333520623,144.79949517929694,5.78931079810689,71.48523361558428,8.036452270716337,4.873904265751292
2045,0.0006691715452245653,0.0001111437506467164,5.08E-05,2.22E-05,0.000178829,0.0001195,5.18E-05,0.0022078291648490846,18.335453771668128,0.007788,0.010619466507545564,1.23E-05,4.84E-05,0.000552093,0.01220565,9.98E-05,1.7674022,0,0.067115655,0.00030465,0.0004375,9.47E-05,0,0.024964485,0.002305448,0.011086041,0.27927552109769416,0.37545609154654264,0.10297243501356274,0.05524456357803116,0.009822741276226905,0.00046507431341664436,0.0035447919362810824,0.03829302566730775,0.019711426610439405,0.008045452,0.000979007,565.2187440398499,0.01468427,0.86706665,0.002028314834408851,8.2160636279179,0.013029627141676202,0.00194424,65.50408982673106,134.896432857143,366.4907032102183,144.28273027216645,5.667042742602038,71.5060975800884,7.889271198290352,4.953619021049737
2046,0.0006466851126441661,0.00010740900980130129,4.91E-05,2.15E-05,0.000172823,0.00011548,5.01E-05,0.002181976034923231,18.68564797928725,0.00732092,0.01049511392846107,1.07E-05,4.31E-05,0.000531627,0.01168654,8.56E-05,1.7963567,0,0.063898654,0.00028096,0.00042114,9.06E-05,0,0.023604073,0.002046509,0.009245496,0.2857279387277441,0.38160700904254025,0.1055510713281147,0.05545313701228979,0.00996815904509946,0.00047808593535289047,0.0033491173777998448,0.03936452328119108,0.01862336012847053,0.008177258,0.000982704,570.0101092106629,0.01419083,0.8569134,0.002043480730190274,8.203154396608328,0.013127062825322772,0.001921468,64.36640118933532,134.15327163787924,362.80527306837433,143.76596546324566,5.544774688149777,71.52696155424556,7.742090125864369,5.033333777126863
2047,0.0006241986800637669,0.00010367426895588618,4.74E-05,2.07E-05,0.000166816,0.00011146,4.83E-05,0.0021561229049973773,19.035842186906372,0.00685384,0.010370761349376579,9.11E-06,3.77E-05,0.000511161,0.01116743,7.14E-05,1.8253112,0,0.060681653,0.00025727,0.00040478,8.65E-05,0,0.022243661,0.00178757,0.00740495,0.2921803563577941,0.38775792653853786,0.10812970764266665,0.05566171044654842,0.010113575741822603,0.0004910975572891366,0.0031534428193186067,0.040436020895074413,0.017535293646501655,0.008309063,0.0009864,574.8014744812858,0.01369739,0.84676015,0.002058646625971697,8.190245165298757,0.01322449850896934,0.001898695,63.22871256225228,133.41011041861552,359.11984281891205,143.24920055611517,5.422506632644924,71.54782551874968,7.5949090519740245,5.1130485332039886
2048,0.0006017122474833677,9.993952811047106e-05,4.57E-05,2.00E-05,0.00016081,0.00010744,4.66E-05,0.002130269775071524,19.38603639452549,0.00638676,0.010246408770292087,7.54E-06,3.24E-05,0.000490695,0.01064832,5.72E-05,1.8542657,0,0.057464652,0.00023358,0.00038842,8.23E-05,0,0.02088325,0.001528631,0.005564404,0.29863277398784405,0.3939088440345355,0.11070834395721861,0.05587028388080705,0.010258993510695157,0.0005041091792253827,0.0029577682608373694,0.041507518508957744,0.016447227164532778,0.008440869,0.000990096,579.5928396520987,0.01320395,0.8366069,0.002073813680782221,8.177335934961722,0.01332193419261591,0.001875923,62.09102392485654,132.66694911100205,355.43441267706805,142.73243574719442,5.300238578192662,71.56868948325379,7.447727979548042,5.192763289281114
2049,0.0005792258149029685,9.620478726505595e-05,4.40E-05,1.92E-05,0.000154803,0.00010342,4.48E-05,0.0021044166451456704,19.736230602144612,0.00591968,0.010122056191207594,5.97E-06,2.71E-05,0.000470229,0.01012921,4.30E-05,1.8832202,0,0.054247651,0.00020989,0.00037206,7.82E-05,0,0.019522838,0.001269693,0.003723859,0.30508519161789405,0.40005976153053313,0.11328698027177057,0.05607885731506568,0.010404411279567712,0.0005171208011616287,0.0027620937023561313,0.042579016122841075,0.015359160682563905,0.008572674,0.000993792,584.3842049227218,0.01271051,0.82645365,0.002088979576563644,8.164426703652149,0.01341936987626248,0.00185315,60.9533352977735,131.9237878917383,351.74898242760577,142.21567093827363,5.17797052268781,71.58955345741096,7.300546907122059,5.27247804457956
2050,0.0005567393823225693,9.247004641964082e-05,4.23E-05,1.85E-05,0.000148797,9.94E-05,4.31E-05,0.002078563515219817,20.086424809763734,0.0054526,0.009997703612123102,4.40E-06,2.17E-05,0.000449762,0.0096101,2.88E-05,1.9121747,0,0.05103065,0.0001862,0.0003557,7.41E-05,0,0.018162426,0.001010754,0.001883313,0.311537609247944,0.40621067902653074,0.11586561658632252,0.0562874307493243,0.010549827976290857,0.0005301324230978749,0.0025664191438748937,0.04365051373672442,0.01427109420059503,0.00870448,0.000997488,589.1755700935347,0.01221707,0.8163004,0.002104145472345067,8.151517472342576,0.013516805559909048,0.001830378,59.815646660377766,131.18062667247457,348.0635522857618,141.69890603114314,5.055702467182957,71.61041742191507,7.153365834696076,5.3521928006566855
2051,0.0005423267133689602,9.00757327177037e-05,4.12E-05,1.80E-05,0.000144945,9.68E-05,4.20E-05,0.0020619300342952507,20.497334476729403,0.00520103,0.009917595560839198,4.06E-06,2.02E-05,0.000435696,0.00927305,2.64E-05,1.94873273,0,0.048968714,0.00017577,0.00034449,7.15E-05,0,0.017384609,0.000938056,0.001712466,0.31935228673649474,0.4139768437996056,0.1188555054566011,0.05672675390990165,0.01064744610798601,0.0005461922462597989,0.0024688373144495243,0.0449726968205219,0.01372848326873735,0.008870901,0.001005274,589.9353769613011,0.0119008,0.80975973,0.002110265145996264,8.16793123195882,0.013556155555853787,0.001815711,60.168724424788635,131.5118021209943,348.4552834453135,142.0142968203395,5.0208449619050235,71.83091964353237,7.070436768052681,5.460295049096888
2052,0.0005279140444153514,8.768141901576657e-05,4.01E-05,1.75E-05,0.000141094,9.43E-05,4.09E-05,0.002045296553370684,20.90824413485131,0.00494946,0.009837488781717453,3.72E-06,1.86E-05,0.00042163,0.008936,2.40E-05,1.98529076,0,0.046906778,0.00016534,0.00033328,6.88E-05,0,0.016606793,0.000865358,0.001541619,0.32716696422504543,0.42174300857268043,0.12184539432687969,0.05716607590759005,0.010745064239681164,0.000562252069421723,0.0023712554850241555,0.046294880533259516,0.013185872336879668,0.009037322,0.001013059,590.6951839288776,0.01158453,0.80321906,0.002116385978676562,8.184344992547599,0.013595505551798526,0.001801045,60.52180217888683,131.842977569514,348.8470147124835,142.3296876095359,4.985987456627089,72.05142186514968,6.987507701409287,5.56839729753709
2053,0.0005135013754617423,8.528710531382945e-05,3.90E-05,1.70E-05,0.000137243,9.17E-05,3.98E-05,0.002028663072446118,21.319153801816974,0.00469789,0.009757380730433547,3.38E-06,1.71E-05,0.000407564,0.00859895,2.16E-05,2.02184879,0,0.044844842,0.00015491,0.00032207,6.62E-05,0,0.015828976,0.000792661,0.001370772,0.3349816417135961,0.4295091733457553,0.12483528319715824,0.05760539906816739,0.01084268237137632,0.000578311892583647,0.0022736736555987857,0.047617063617057004,0.012643261405021988,0.009203743,0.001020845,591.454990796644,0.01126826,0.79667839,0.002122505652327759,8.200758752163843,0.013634855547743265,0.001786378,60.874879943297714,132.17415301803376,349.2387459796536,142.6450783987323,4.951129950296564,72.27192408676697,6.9045786362302515,5.676499545977292
2054,0.0004990887065081333,8.289279161189232e-05,3.79E-05,1.66E-05,0.000133392,8.91E-05,3.87E-05,0.0020120295915215516,21.730063468782642,0.00444632,0.009677273951311804,3.04E-06,1.55E-05,0.000393498,0.0082619,1.92E-05,2.05840682,0,0.042782906,0.00014448,0.00031086,6.35E-05,0,0.01505116,0.000719963,0.001199926,0.3427963192021469,0.4372753381188302,0.12782517206743682,0.05804472106585579,0.010940299430922062,0.0005943717157455712,0.002176091826173417,0.04893924732979462,0.012100650473164307,0.009370165,0.00102863,592.2147977642204,0.01095199,0.79013772,0.002128625325978956,8.217172512752622,0.013674205543688004,0.001771711,61.2279577077086,132.50532846655346,349.63047713920525,142.96046918792865,4.916272445018629,72.49242629873125,6.821649569586857,5.784601795196175
2055,0.00048467603755452434,8.049847790995518e-05,3.68E-05,1.61E-05,0.00012954,8.66E-05,3.76E-05,0.0019953961105969855,22.140973135748307,0.00419475,0.00959716717219006,2.70E-06,1.40E-05,0.000379432,0.00792485,1.69E-05,2.09496485,0,0.04072097,0.00013405,0.00029965,6.09E-05,0,0.014273343,0.000647265,0.001029079,0.3506109966906976,0.445041502891905,0.1308150609377154,0.058484044226433135,0.011037917562617216,0.0006104315389074952,0.0020785099967480475,0.050261430413592115,0.011558039541306627,0.009536586,0.001036415,592.9746046319868,0.01063572,0.78359705,0.0021347449996301534,8.233586273341402,0.01371355553963274,0.001757045,61.58103546180678,132.8365039150732,350.0222084063753,143.27585997712504,4.881414939740695,72.71292852034856,6.738720502943461,5.892704043636377
2056,0.0004702633686009154,7.810416420801806e-05,3.57E-05,1.56E-05,0.000125689,8.40E-05,3.64E-05,0.001978762629672419,22.551882802713976,0.00394318,0.009517059120906153,2.36E-06,1.25E-05,0.000365366,0.0075878,1.45E-05,2.13152288,0,0.038659034,0.00012362,0.00028844,5.82E-05,0,0.013495526,0.000574567,0.000858232,0.35842567417924837,0.4528076676649799,0.13380494980799398,0.05892336738701048,0.011135535694312372,0.0006264913620694193,0.001980928167322678,0.0515836134973896,0.011015428609448945,0.009703007,0.001044201,593.7344114997533,0.01031945,0.77705638,0.00214086467328135,8.250000032957646,0.01375290553557748,0.001742378,61.93411322621766,133.16767936359292,350.41393956592697,143.59125076632142,4.8465574334101715,72.93343074196585,6.655791436300066,6.00080629207658
2057,0.0004558506996473064,7.570985050608093e-05,3.46E-05,1.51E-05,0.000121838,8.14E-05,3.53E-05,0.0019621291487478525,22.962792469679645,0.00369161,0.009436952341784408,2.02E-06,1.09E-05,0.0003513,0.00725075,1.21E-05,2.16808091,0,0.036597098,0.00011319,0.00027723,5.55E-05,0,0.01271771,0.00050187,0.000687385,0.36624035166779906,0.4605738324380547,0.13679483867827255,0.05936268938469887,0.011233153826007525,0.0006425511852313434,0.001883346337897309,0.05290579721012722,0.010472817677591265,0.009869428,0.001051986,594.4942184673297,0.01000318,0.77051571,0.0021469843469325476,8.266413793546425,0.013792255531522218,0.001727712,62.287190990628545,133.4988549004624,350.805670833097,143.9066415555178,4.811699928132237,73.15393296358315,6.572862371121033,6.108908540516782
2058,0.0004414380306936974,7.33155368041438e-05,3.35E-05,1.47E-05,0.000117987,7.88E-05,3.42E-05,0.0019454956678232865,23.37370212780155,0.00344004,0.009356844290500503,1.68E-06,9.37E-06,0.000337234,0.0069137,9.68E-06,2.20463894,0,0.034535162,0.00010276,0.00026602,5.29E-05,0,0.011939893,0.000429172,0.000516538,0.3740550291563498,0.46833999721112957,0.13978472754855112,0.059802012545276215,0.011330770885553268,0.0006586110083932674,0.00178576450847194,0.054227980293924706,0.009930206745733583,0.01003585,0.001059772,595.254025335096,0.00968691,0.76397504,0.002153105179612845,8.28282755316267,0.013831605527466958,0.001713045,62.64026874472674,133.83003034898212,351.1974019926487,144.22203244292393,4.776842422854303,73.37443517554742,6.489933304477637,6.217010788956984
2059,0.0004270253617400884,7.092122310220668e-05,3.24E-05,1.42E-05,0.000114136,7.63E-05,3.31E-05,0.0019288599182843006,23.784611794767216,0.00318847,0.009276737511378759,1.34E-06,7.82E-06,0.000323168,0.00657665,7.29E-06,2.24119697,0,0.032473226,9.23E-05,0.00025481,5.03E-05,0,0.011162077,0.000356474,0.000345691,0.3818697066449005,0.47610616198420436,0.1427746164188297,0.06024133454296462,0.011428389017248424,0.0006746708315551915,0.0016881826790465706,0.055550164006662316,0.009387595813875904,0.010202271,0.001067557,596.0138322028625,0.00937064,0.75743437,0.0021592248532640423,8.29924131375145,0.013870955523411697,0.001698379,62.99334650913761,134.16120579750182,351.58913325981877,144.5374232321203,4.741984916523777,73.59493739716471,6.407004237834242,6.325113037397187
2060,0.00041261269278647947,6.852690940026954e-05,3.13E-05,1.37E-05,0.000110284,7.37E-05,3.20E-05,0.0019122264373597343,24.19552146173288,0.0029369,0.009196630732257014,1.00E-06,6.27E-06,0.000309102,0.0062396,4.90E-06,2.277755,0,0.03041129,8.19E-05,0.0002436,4.76E-05,0,0.01038426,0.000283776,0.000174844,0.3896843841334512,0.4838723267572792,0.14576450528910825,0.06068065770354196,0.011526007148943578,0.0006907306547171156,0.0015906008496212015,0.05687234709045981,0.008844984882018223,0.010368692,0.001075342,596.773639170439,0.00905437,0.7508937,0.0021653445269152393,8.315655073367694,0.013910305519356436,0.001683712,63.346424263235804,134.49238124602155,351.9808644193704,144.85281402131668,4.707127411245843,73.81543961878202,6.324075172655207,6.43321528661607
2061,0.00040338791740297743,6.699707407347401e-05,3.06E-05,1.34E-05,0.000107823,7.21E-05,3.13E-05,0.0019015889043461922,24.592595965157436,0.00280139,0.00914571880257015,9.20E-07,5.83E-06,0.000299431,0.00602076,4.49E-06,2.32305429,0,0.029091561,7.73E-05,0.00023592,4.59E-05,0,0.009939558,0.000263362,0.000158985,0.39819702501693804,0.493495429648751,0.14924581940114406,0.061253035127812966,0.011617837818119755,0.0007089166498400655,0.0015262274961782877,0.058369968618937125,0.008487096347998069,0.0105749,0.001085486,596.6956111727122,0.00885194,0.74673685,0.0021698299695345827,8.315509750324193,0.013939102504533554,0.00167439,63.09188881221731,133.8155048573627,351.00700557651345,144.42830025293662,4.656479819840806,73.99409835490447,6.26459745679249,6.507985135273789
2062,0.00039416314201947534,6.546723874667849e-05,2.99E-05,1.31E-05,0.000105361,7.04E-05,3.06E-05,0.0018909513713326498,24.98967045973823,0.00266588,0.009094806872883285,8.40E-07,5.38E-06,0.000289761,0.00580192,4.08E-06,2.36835358,0,0.027771832,7.27E-05,0.00022824,4.42E-05,0,0.009494857,0.000242947,0.000143126,0.4067096659004249,0.5031185325402227,0.15272713351317985,0.061825412552083986,0.011709669559445341,0.0007271026449630156,0.0014618541427353741,0.05986758951847433,0.008129207813977914,0.010781107,0.001095629,596.6175831749855,0.00864951,0.74258,0.002174315412153926,8.315364427280693,0.01396789948971067,0.001665067,62.83735336119882,133.1386283803541,350.03314662603816,144.00378648455654,4.6058322284357684,74.17275710067993,6.2051197409297725,6.5827549839315065
2063,0.0003849383666359733,6.393740341988296e-05,2.92E-05,1.28E-05,0.000102899,6.87E-05,2.98E-05,0.0018803138383191077,25.386744954319028,0.00253037,0.00904389621535858,7.60E-07,4.93E-06,0.00028009,0.00558308,3.67E-06,2.41365287,0,0.026452103,6.82E-05,0.00022056,4.25E-05,0,0.009050155,0.000222533,0.000127267,0.41522230678391175,0.5127416354316944,0.1562084476252156,0.06239779113924394,0.011801500228621517,0.0007452886400859657,0.0013974807892924604,0.06136521104695165,0.00777131927995776,0.010987315,0.001105772,596.5395551772589,0.00844708,0.73842315,0.00217880201380237,8.315219104237194,0.013996696474887787,0.001655745,62.58281789986764,132.46175199169525,349.0592876755628,143.5792728143862,4.555184635978141,74.35141583680236,6.145642025067055,6.657524832589226
2064,0.00037571359125247126,6.240756809308744e-05,2.85E-05,1.25E-05,0.000100438,6.71E-05,2.91E-05,0.0018696763053055656,25.783819457743583,0.00239486,0.008992984285671716,6.80E-07,4.48E-06,0.00027042,0.00536424,3.26E-06,2.45895216,0,0.025132374,6.36E-05,0.00021288,4.08E-05,0,0.008605453,0.000202118,0.000111408,0.42373494766739855,0.5223647383231661,0.1596897617372514,0.06297016856351495,0.011893330897797693,0.0007634746352089156,0.0013331074358495466,0.06286283194648884,0.0074134307459376055,0.011193523,0.001115915,596.461527279342,0.00824465,0.7342663,0.0021832874564217133,8.315073781193695,0.014025493460064905,0.001646423,62.32828244884916,131.78487551468666,348.0854287250875,143.15475904600612,4.504537044573103,74.53007457292479,6.086164309204336,6.732294681246944
2065,0.0003664888158689692,6.0877732766291906e-05,2.78E-05,1.22E-05,9.80E-05,6.55E-05,2.84E-05,0.0018590387722920232,26.18089395232438,0.00225935,0.008942072355984852,6.00E-07,4.03E-06,0.00026075,0.0051454,2.85E-06,2.50425145,0,0.023812645,5.90E-05,0.0002052,3.91E-05,0,0.008160752,0.000181704,9.55E-05,0.4322475885508854,0.5319878412146378,0.16317107584928717,0.06354254598778597,0.011985162639123281,0.0007816606303318657,0.0012687340824066328,0.06436045347496616,0.007055542211917451,0.011399731,0.001126058,596.3834992816155,0.00804222,0.73010945,0.0021877728990410566,8.314928458150195,0.014054290445242023,0.0016371,62.07374699783067,131.1079991260278,347.11156977461224,142.73024527762607,4.453889453168067,74.70873331870027,6.026686593341618,6.807064529904663
2066,0.0003572640404854671,5.934789743949637e-05,2.71E-05,1.19E-05,9.55E-05,6.38E-05,2.77E-05,0.001848401239278481,26.577968455748934,0.00212384,0.008891161698460147,5.20E-07,3.58E-06,0.000251079,0.00492656,2.44E-06,2.54955074,0,0.022492916,5.44E-05,0.00019752,3.74E-05,0,0.00771605,0.000161289,7.97E-05,0.4407602294343722,0.5416109441061094,0.16665238996132295,0.06411492341205698,0.012076993308299457,0.0007998466254548158,0.0012043607289637193,0.06585807500344348,0.006697653677897296,0.011605938,0.001136201,596.3054712838888,0.00783979,0.7259526,0.0021922595006895005,8.314783135106696,0.01408308743041914,0.001627778,61.819211536499495,130.43112264901922,346.13771082413683,142.30573150924602,4.403241861763029,74.88739205482271,5.9672088774789005,6.881834378562382
2067,0.00034803926510196514,5.781806211270084e-05,2.64E-05,1.16E-05,9.31E-05,6.21E-05,2.70E-05,0.0018377637062649387,26.97504295032973,0.00198833,0.00884024976877328,4.40E-07,3.14E-06,0.000241409,0.00470772,2.03E-06,2.59485003,0,0.021173187,4.98E-05,0.00018984,3.57E-05,0,0.007271348,0.000140874,6.38E-05,0.4492728703178591,0.5512340469975813,0.17013370407335876,0.06468730083632798,0.012168823977475632,0.0008180326205777656,0.0011399873755208055,0.06735569590298067,0.006339765143877142,0.011812146,0.001146344,596.227443286162,0.00763736,0.72179575,0.002196744943308844,8.314637812063195,0.014111884415596257,0.001618455,61.564676085481004,129.75424626036036,345.16385187366154,141.88121783907565,4.352594270357993,75.06605079094513,5.907731161616182,6.956604227220101
2068,0.00033881448971846305,5.6288226785905316e-05,2.57E-05,1.13E-05,9.06E-05,6.05E-05,2.62E-05,0.001827123904636977,27.372117444910526,0.00185282,0.008789337839086416,3.60E-07,2.69E-06,0.000231738,0.00448888,1.62E-06,2.64014932,0,0.019853458,4.53E-05,0.00018216,3.40E-05,0,0.006826647,0.00012046,4.80E-05,0.4577855112013459,0.5608571498890529,0.17361501818539452,0.06525967942348794,0.01226065464665181,0.0008362186157007156,0.0010756140220778917,0.068853317431458,0.0059818766098569875,0.012018354,0.001156487,596.1494153882453,0.00743493,0.7176389,0.002201230385928187,8.314492489019697,0.014140681400773375,0.001609133,61.310140624149824,129.07736978335177,344.18999292318625,141.4567040706956,4.301946678952954,75.2447095367206,5.848253445753465,7.03137407587782
2069,0.000329589714334961,5.475839145910979e-05,2.50E-05,1.10E-05,8.81E-05,5.89E-05,2.55E-05,0.001816486371623435,27.76919194833508,0.00171731,0.008738427181561714,2.80E-07,2.24E-06,0.000222068,0.00427004,1.21E-06,2.68544861,0,0.018533729,4.07E-05,0.00017448,3.23E-05,0,0.006381945,0.000100045,3.21E-05,0.4662981520848328,0.5704802527805246,0.17709633229743033,0.06583205684775895,0.012352486387977398,0.0008544046108236656,0.001011240668634978,0.07035093833099519,0.005623988075836832,0.012224561,0.00116663,596.0713873905186,0.0072325,0.71348205,0.0022057158285475305,8.314347165976198,0.014169478385950491,0.001599811,61.05560517313133,128.40049339469292,343.2161340803293,141.0321903023155,4.251299086495327,75.42336827284304,5.788775729890746,7.106143924535537
2070,0.00032036493895145897,5.322855613231426e-05,2.43E-05,1.06E-05,8.57E-05,5.72E-05,2.48E-05,0.0018058488386098928,28.166266442915877,0.0015818,0.008687515251874847,2.00E-07,1.79E-06,0.000212398,0.0040512,8.00E-07,2.7307479,0,0.017214,3.61E-05,0.0001668,3.06E-05,0,0.005937243,7.96E-05,1.63E-05,0.4748107929683196,0.5801033556719962,0.1805776464094661,0.06640443427202997,0.012444317057153572,0.0008725906059466157,0.0009468673151920643,0.07184855985947251,0.005266099541816678,0.012430769,0.001176774,595.9933593927918,0.00703007,0.7093252,0.0022102024301959744,8.314201842932698,0.014198275371127611,0.001590488,60.80106972211284,127.72361691768434,342.242275129854,140.60767663214517,4.200651495090289,75.60202700896548,5.729298014028029,7.1809137731932555
2071,0.00031445974819963306,5.22475188751311e-05,2.38E-05,1.04E-05,8.41E-05,5.62E-05,2.43E-05,0.001799079293181782,28.475931599670968,0.00150882,0.008654973343794139,1.80E-07,1.66E-06,0.000205751,0.00390912,7.30E-07,2.75922217,0,0.016369178,3.41E-05,0.00016155,2.95E-05,0,0.005682984,7.39E-05,1.48E-05,0.4786963300508309,0.5861522552887579,0.18226222409564222,0.06650906171561831,0.01242925871868024,0.000882781093565643,0.0009018229977697079,0.07268758296469795,0.0050155953468666555,0.012560387,0.001178628,593.1837728765561,0.00690048,0.70666821,0.0022070405988095223,8.31755487648638,0.014177951054093672,0.001584536,59.965323442221816,126.66984603621847,340.86566145882676,140.3055607524306,4.130708389161173,75.53299018915206,5.668110699138761,7.281581788051017
2072,0.0003085545574478072,5.126648161794793e-05,2.34E-05,1.02E-05,8.25E-05,5.51E-05,2.39E-05,0.0017923097477536717,28.78559675642606,0.00143584,0.008622432707875589,1.60E-07,1.52E-06,0.000199105,0.00376704,6.60E-07,2.78769644,0,0.015524356,3.21E-05,0.0001563,2.84E-05,0,0.005428725,6.82E-05,1.33E-05,0.4825818671333423,0.5922011549055196,0.18394680178181835,0.06661369032209558,0.012414199308057497,0.00089297158118467,0.0008567786803473517,0.07352660606992338,0.004765091151916631,0.012690005,0.001180482,590.3741864601301,0.00677089,0.70401122,0.0022038787674230707,8.320907910040063,0.014157626737059734,0.001578584,59.129577162330776,125.61607515475264,339.4890477877994,140.00344497092578,4.060765282179464,75.46395336933865,5.606923384249492,7.382249802130099
2073,0.00030264936669598125,5.028544436076477e-05,2.29E-05,1.00E-05,8.09E-05,5.40E-05,2.34E-05,0.0017855402023255612,29.095261913181155,0.00136286,0.008589890799794879,1.40E-07,1.39E-06,0.000192459,0.00362496,5.90E-07,2.81617071,0,0.014679534,3.00E-05,0.00015105,2.73E-05,0,0.005174466,6.25E-05,1.18E-05,0.4864674042158536,0.5982500545222813,0.18563137946799446,0.06671831776568392,0.012399140969584164,0.0009031620688036973,0.0008114789131097457,0.07436562917514881,0.004514586956966607,0.012819622,0.001182336,587.5645999438942,0.0066413,0.70135423,0.0022007180950657196,8.324260942621208,0.014137302420025796,0.001572631,58.29383089275243,124.56230427328677,338.11243411677214,139.70132909121125,3.9908221762503464,75.39491654952526,5.545736069360223,7.482917816987861
2074,0.00029674417594415534,4.930440710358161e-05,2.25E-05,9.85E-06,7.93E-05,5.30E-05,2.30E-05,0.0017787706568974508,29.404927069936246,0.00128988,0.008557348891714169,1.20E-07,1.25E-06,0.000185813,0.00348288,5.20E-07,2.84464498,0,0.013834712,2.80E-05,0.0001458,2.62E-05,0,0.004920207,5.67E-05,1.03E-05,0.49035294129836493,0.604298954139043,0.18731595715417063,0.06682294520927226,0.012384082631110833,0.0009133525564227245,0.0007663494457489729,0.07520465228037425,0.004264082762016584,0.01294924,0.001184191,584.7550134276584,0.00651171,0.69869724,0.0021975562636792675,8.327613976174892,0.01411697810299186,0.001566679,57.458084612861406,123.50853330347118,336.7358204457449,139.39921330970643,3.920879069268638,75.32587972971186,5.484548754470954,7.583585831845621
2075,0.0002908389851923295,4.832336984639844e-05,2.20E-05,9.65E-06,7.77E-05,5.20E-05,2.25E-05,0.00177200111146934,29.714592226691344,0.0012169,0.00852480698363346,1.00E-07,1.12E-06,0.000179166,0.0033408,4.50E-07,2.87311925,0,0.01298989,2.60E-05,0.00014055,2.51E-05,0,0.004665947,5.10E-05,8.87E-06,0.49423847838087626,0.6103478537558046,0.18900053484034673,0.06692757381574954,0.0123690242926375,0.0009235430440417518,0.0007220714777723656,0.07604367538559968,0.004013578567066561,0.013078858,0.001186045,581.9454270112325,0.00638212,0.69604025,0.0021943955913219164,8.330967009728573,0.014096653785957923,0.001560726,56.62233833297037,122.45476242200532,335.35920688233597,139.0970975282016,3.850935963339521,75.25684290989845,5.423361439581686,7.684253845924702
2076,0.0002849337944405035,4.73520458293854e-05,2.16E-05,9.45E-06,7.61E-05,5.09E-05,2.20E-05,0.0017652315660412299,30.024257383446436,0.00114392,0.00849226634771491,8.00E-08,9.86E-07,0.00017252,0.00319872,3.80E-07,2.90159352,0,0.012145068,2.40E-05,0.0001353,2.41E-05,0,0.004411688,4.53E-05,7.39E-06,0.4981240154633876,0.6163967533725663,0.19068511252652287,0.06703220125933788,0.012353964882014757,0.000933733531660779,0.0006769420104115926,0.07688269849082512,0.0037630743721165367,0.013208476,0.001187899,579.1358404949966,0.00625253,0.69338326,0.0021912337599354647,8.334320043282254,0.014076329468923983,0.001554774,55.78659205307933,121.40099154053948,333.9825932113087,138.79498164848707,3.780992856357812,75.18780609008503,5.362174124692418,7.784921860782464
2077,0.0002790286036886776,4.638072181237237e-05,2.11E-05,9.25E-06,7.46E-05,4.98E-05,2.16E-05,0.0017584620206131194,30.333922540201527,0.00107094,0.0084597244396342,6.00E-08,8.51E-07,0.000165874,0.00305664,3.10E-07,2.93006779,0,0.011300246,2.20E-05,0.00013005,2.30E-05,0,0.004157429,3.96E-05,5.91E-06,0.502009552545899,0.622445652989328,0.19236969021269898,0.06713682870292623,0.012338906543541424,0.0009439240192798062,0.0006318125430508198,0.07772172159605055,0.003512570177166513,0.013338094,0.001189753,576.3262539787607,0.00612294,0.69072627,0.0021880719285490126,8.337673076835937,0.014056005151890047,0.001548822,54.950845783500995,120.34722065907361,332.60597954028145,138.49286586698224,3.711049750428695,75.11876927027164,5.300986808338788,7.885589875640226
2078,0.00027312341293685177,4.536083159450868e-05,2.07E-05,9.05E-06,7.30E-05,4.88E-05,2.11E-05,0.0017516924751850088,30.64358769695662,0.00099796,0.00842718253155349,4.00E-08,7.17E-07,0.000159228,0.00291456,2.40E-07,2.95854206,0,0.010455424,1.99E-05,0.0001248,2.19E-05,0,0.00390317,3.38E-05,4.43E-06,0.5058950896284103,0.6284945526060897,0.19405426789887512,0.06724145614651456,0.012323848205068093,0.0009541145068988335,0.000586683075690047,0.07856074470127597,0.0032620659822164893,0.013467711,0.001191608,573.5166675623348,0.00599335,0.68806928,0.0021849112561916615,8.341026110389619,0.01403568083485611,0.001542869,54.11509950360996,119.29344977760775,331.2293658692542,138.19075008547742,3.641106644499577,75.04973245045824,5.23979949344952,7.986257887383264
2079,0.0002672182221850258,4.438950757749565e-05,2.02E-05,8.85E-06,7.14E-05,4.77E-05,2.07E-05,0.0017449229297568985,30.95325285371171,0.00092498,0.00839464062347278,2.00E-08,5.83E-07,0.000152582,0.00277248,1.70E-07,2.98701633,0,0.009610602,1.79E-05,0.00011955,2.08E-05,0,0.003648911,2.81E-05,2.96E-06,0.5097806267109216,0.6345434522228512,0.19573884558505122,0.06734608475299184,0.012308788794445349,0.0009643049945178608,0.0005415536083292742,0.07939976780650142,0.003011561787266466,0.013597329,0.001193462,570.7070810460989,0.00586376,0.68541229,0.0021817494248052094,8.344379143943302,0.014015356517822172,0.001536917,53.27935322371892,118.23967880779216,329.8527521982269,137.88863420576288,3.5711635375178687,74.98069563064483,5.178612178560251,8.086925906913109
2080,0.00026131303143319995,4.341818356048262e-05,1.98E-05,8.65E-06,6.98E-05,4.67E-05,2.02E-05,0.0017381533843287879,31.2629180104668,0.000852,0.008362099987554232,0,4.48E-07,0.000145935,0.0026304,1.00E-07,3.0154906,0,0.00876578,1.59E-05,0.0001143,1.97E-05,0,0.003394652,2.24E-05,1.48E-06,0.513666163793433,0.6405923518396129,0.19742342327122736,0.06745071219658018,0.012293730455972015,0.000974495482136888,0.0004964241409685014,0.08023879091172684,0.0027610575923164423,0.013726947,0.001195316,567.8974945298631,0.00573417,0.6827553,0.0021785875934187578,8.347732177496983,0.013995032200788236,0.001530965,52.443606954140584,117.18590792632631,328.4761385271996,137.58651842425806,3.501220431588751,74.91165881083141,5.1174248636709825,8.187593918656148
2081,0.0002508288156492378,4.166980032985916e-05,1.90E-05,8.30E-06,6.70E-05,4.48E-05,1.94E-05,0.0017261614885067398,31.28532470729867,0.00081269,0.008304178444359754,-1.12E-17,4.26E-07,0.000141364,0.00253814,9.00E-08,3.01708883,0,0.007265867,1.50E-05,0.0001107,1.90E-05,0,0.003249271,2.08E-05,1.35E-06,0.5118609865518928,0.6409318706936035,0.19671324985937289,0.06699961362261005,0.012172708374790613,0.0009740895140278248,0.00047002766005937004,0.08020537406512117,0.0026136708090562792,0.013734222,0.001187322,562.3432500426813,0.00550411,0.67802612,0.002173483229259691,8.331372664931429,0.013962251044281884,0.001520356,51.27224119577806,115.25784635342094,324.47877169913386,136.45286350704103,3.393925888584994,74.92282287446079,5.011368346796974,8.188863168191315
2082,0.00024034459986527573,3.99214170992357e-05,1.82E-05,7.95E-06,6.42E-05,4.29E-05,1.86E-05,0.0017141695926846915,31.307731412974295,0.00077338,0.008246256901165278,-2.24E-17,4.03E-07,0.000136792,0.00244588,8.00E-08,3.01868706,0,0.005765954,1.41E-05,0.0001071,1.83E-05,0,0.00310389,1.92E-05,1.21E-06,0.5100558093103528,0.641271389547594,0.19600307644751838,0.06654851504863993,0.012051685221459796,0.0009736835459187615,0.00044363117915023875,0.08017195721851549,0.002466284025796116,0.013741497,0.001179328,556.7890056553094,0.00527405,0.67329694,0.002168377706071524,8.315013152365873,0.013929469887775534,0.001509747,50.10087543741553,113.32978469216583,320.48140476344986,135.319208589824,3.286631345581236,74.93398693809016,4.905311828458605,8.190132417726481
2083,0.00022986038408131365,3.8173033868612235e-05,1.74E-05,7.60E-06,6.14E-05,4.11E-05,1.78E-05,0.001702179965477063,31.330138109806157,0.00073407,0.008188336630132962,-3.36E-17,3.81E-07,0.000132221,0.00235362,7.00E-08,3.02028529,0,0.004266041,1.32E-05,0.0001035,1.76E-05,0,0.002958509,1.76E-05,1.08E-06,0.5082506320688127,0.6416109084015845,0.1952929030356639,0.0660974164746698,0.011930663140278394,0.0009732775778096983,0.00041723469824110745,0.08013854037190979,0.0023188972425359534,0.013748772,0.001171334,551.2347611681278,0.00504399,0.66856776,0.0021632721828833564,8.298653638827783,0.013896688731269183,0.001499139,48.92950967905301,111.40172303091074,316.48403782776575,134.185553672607,3.179336802577478,74.94515100171952,4.799255311584596,8.191401667261648
2084,0.00021937616829735155,3.642465063798877e-05,1.66E-05,7.25E-06,5.86E-05,3.92E-05,1.70E-05,0.0016901880696550146,31.352544815481785,0.00069476,0.008130415086938486,-4.47E-17,3.58E-07,0.00012765,0.00226136,6.00E-08,3.02188352,0,0.002766128,1.23E-05,9.99E-05,1.69E-05,0,0.002813129,1.60E-05,9.52E-07,0.5064454548272727,0.6419504272555749,0.1945827296238094,0.06564631790069968,0.011809639986947578,0.0009728716097006351,0.00039083821733197616,0.08010512352530412,0.0021715104592757903,0.013756047,0.00116334,545.680516680946,0.00481393,0.66383858,0.002158166659695189,8.28229412626223,0.013863907574762833,0.00148853,47.758143920690486,109.47366145800537,312.48667099970004,133.05189875539,3.0720422595737205,74.95631506534887,4.693198794710588,8.192670916796812
2085,0.00020889195251338948,3.4724833608215965e-05,1.58E-05,6.90E-06,5.58E-05,3.73E-05,1.62E-05,0.0016781961738329665,31.37495151231365,0.00065545,0.00807249481590617,-5.59E-17,3.36E-07,0.000123078,0.0021691,5.00E-08,3.02348175,0,0.001266215,1.14E-05,9.63E-05,1.62E-05,0,0.002667748,1.43E-05,8.21E-07,0.5046402775857325,0.6422899461095655,0.1938725562119549,0.06519522048961848,0.011688617905766176,0.0009724656415915719,0.00036444173642284487,0.08007170667869844,0.0020241236760156277,0.013763322,0.001155345,540.1262721937642,0.00458387,0.6591094,0.0021530622955361228,8.265934613696674,0.01383112641825648,0.001477922,46.58677816232796,107.54559979675027,308.489304064016,131.918243838173,2.9647477165699625,74.96747912897824,4.5871422763722185,8.193940166331979
2086,0.00019840773672942738,3.2976450377592504e-05,1.50E-05,6.55E-06,5.30E-05,3.54E-05,1.53E-05,0.0016662042780109182,31.397358209145516,0.00061614,0.008014573272711692,-6.71E-17,3.14E-07,0.000118507,0.00207684,4.00E-08,3.02507998,0,-0.000233698,1.06E-05,9.27E-05,1.54E-05,0,0.002522367,1.27E-05,6.90E-07,0.5028351003441924,0.642629464963556,0.19316238280010042,0.06474412191564836,0.011567595824584772,0.0009720596734825086,0.0003371937561295481,0.08003828983209277,0.0018767368927554645,0.013770596,0.001147351,534.5720277065825,0.00435381,0.65438022,0.0021479567723479555,8.24957510113112,0.01379834526175013,0.001467313,45.41541240396544,105.61753813549517,304.4919371283319,130.78458892095597,2.8574531735662045,74.9786431926076,4.48108575949821,8.195209415867145
2087,0.00018792352094546528,3.122806714696904e-05,1.42E-05,6.20E-06,5.02E-05,3.35E-05,1.45E-05,0.00165421238218887,31.419764914821137,0.00057683,0.007956651729517216,-7.83E-17,2.91E-07,0.000113935,0.00198458,3.00E-08,3.02667821,0,-0.001733611,9.67E-06,8.91E-05,1.47E-05,0,0.002376986,1.11E-05,5.58E-07,0.5010299231026524,0.6429689838175465,0.19245220938824592,0.06429302334167825,0.011446572671253957,0.0009716537053734455,0.0003107972752204168,0.08000487298548707,0.0017298834754178353,0.013777871,0.001139357,529.0177832194008,0.00412375,0.64965104,0.002142851249159788,8.233215588565566,0.01376556410524378,0.001456705,44.24404664560292,103.6894765625898,300.4945703002662,129.65093400373897,2.7501586305624466,74.98980725623697,4.375029242624201,8.19647866540231
2088,0.0001774393051615032,2.947968391634558e-05,1.34E-05,5.86E-06,4.74E-05,3.17E-05,1.37E-05,0.0016422204863668218,31.442171611653002,0.00053752,0.0078987314584849,-8.95E-17,2.69E-07,0.000109364,0.00189232,2.00E-08,3.02827644,0,-0.003233524,8.78E-06,8.55E-05,1.40E-05,0,0.002231606,9.52E-06,4.27E-07,0.49922474586111226,0.643308502671537,0.19174203597639142,0.06384192476770811,0.011325550590072554,0.0009712477372643823,0.0002844007943112855,0.07997145613888139,0.0015823189035168276,0.013785146,0.001131363,523.4635388320289,0.00389369,0.64492186,0.002137745725971621,8.216856076000012,0.01373278294873743,0.001446096,43.07268088724039,101.76141490133469,296.4972033645821,128.51727908652197,2.64286408861128,75.00097131986634,4.268972724285832,8.197747914937477
2089,0.0001669550893775411,2.773130068572212e-05,1.26E-05,5.51E-06,4.46E-05,2.98E-05,1.29E-05,0.0016302285905447737,31.464578308484867,0.00049821,0.007840809915290422,-1.01E-16,2.46E-07,0.000104792,0.00180006,1.00E-08,3.02987467,0,-0.004733437,7.89E-06,8.19E-05,1.33E-05,0,0.002086225,7.91E-06,2.96E-07,0.49741956861957215,0.6436480215255275,0.19103186256453697,0.063390826193738,0.011204527436741739,0.0009708417691553191,0.0002580043134021542,0.07993803929227572,0.0014347543316158202,0.013792421,0.001123369,517.9092943448471,0.00366363,0.64019268,0.002132641361812554,8.200496563434458,0.013700001792231077,0.001435487,41.90131512887787,99.83335332842933,292.49983642889805,127.38362416930494,2.5355695456075225,75.0121353834957,4.162916207411824,8.199017164472641
2090,0.00015647087359357904,2.5982917455098658e-05,1.18E-05,5.16E-06,4.18E-05,2.79E-05,1.21E-05,0.0016182366947227252,31.48698501416049,0.0004589,0.007782889644258107,-1.12E-16,2.24E-07,0.000100221,0.0017078,0,3.0314729,0,-0.00623335,7.00E-06,7.83E-05,1.26E-05,0,0.001940844,6.30E-06,1.64E-07,0.49561439137803204,0.643987540379518,0.19032168915268247,0.06293972761976786,0.011083505355560335,0.000970435801046256,0.00023160783249302292,0.07990462244567002,0.0012871897597148128,0.013799696,0.001115375,512.3550498576654,0.00343357,0.6354635,0.002127535838624387,8.184137050868902,0.013667220635724727,0.001424879,40.72994937051535,97.90529166717423,288.5024696008323,126.24996925208795,2.4282750026037645,75.02329944712507,4.056859690537815,8.200286414007808
2091,0.00015647087359357904,2.5982917455098658e-05,1.18E-05,5.16E-06,4.18E-05,2.79E-05,1.21E-05,0.0016182366947227252,31.38356232959508,0.00043762,0.007782889644258107,-1.01E-16,2.02E-07,9.71E-05,0.00164769,1.20E-06,3.02352993,0,-0.00623335,7.10E-06,7.58E-05,1.22E-05,0,0.001866795,7.76E-06,1.05E-06,0.49255398729409433,0.642300184424531,0.18914587882242867,0.06241724859696545,0.010956155448556958,0.0009665894252332671,0.00020861734912055373,0.07958788253935668,0.0011591819383067097,0.013763542,0.001106116,509.2424445327959,0.00343357,0.6354635,0.0021212562189573065,8.153256705008154,0.01362687459694768,0.001424879,39.449082449735336,95.71243374552151,284.20192492736305,123.769146185636,2.313440563303043,74.72191225075312,3.966776969896905,8.181886189151383
2092,0.00015647087359357904,2.5982917455098658e-05,1.18E-05,5.16E-06,4.18E-05,2.79E-05,1.21E-05,0.0016182366947227252,31.28013965387343,0.00041634,0.007782889644258107,-8.95E-17,1.79E-07,9.39E-05,0.00158758,2.40E-06,3.01558696,0,-0.00623335,7.20E-06,7.34E-05,1.17E-05,0,0.001792746,9.22E-06,1.94E-06,0.48949358321015657,0.6406128284695439,0.18797006849217487,0.061894769574163025,0.010828806613702993,0.0009627430494202785,0.00018562686574808456,0.07927114263304333,0.001029396230490161,0.013727387,0.001096857,506.1298393077363,0.00343357,0.6354635,0.002114975440261125,8.12237636011994,0.013586528558170633,0.001424879,38.16821553926801,93.51957591221851,279.9013802538937,121.28832311918407,2.1986061240023207,74.42052505438119,3.876694249255994,8.163485964294958
2093,0.00015647087359357904,2.5982917455098658e-05,1.18E-05,5.16E-06,4.18E-05,2.79E-05,1.21E-05,0.0016182366947227252,31.176716969308018,0.00039506,0.007782889644258107,-7.83E-17,1.57E-07,9.07E-05,0.00152747,3.60E-06,3.00764399,0,-0.00623335,7.30E-06,7.09E-05,1.12E-05,0,0.001718697,1.07E-05,2.82E-06,0.4864331791262188,0.6389254725145568,0.18679425816192105,0.06137229055136061,0.010701456706699615,0.0009588966736072898,0.00016178488299144984,0.07895440272672999,0.0009013884090820581,0.013691233,0.001087598,503.01723398286674,0.00343357,0.6354635,0.0021086958205940444,8.091496014259192,0.013546182519393586,0.001424879,36.887348618488005,91.32671799056581,275.6008355804245,118.80750005273214,2.083771684701599,74.11913785800924,3.7866115286150834,8.145085739438535
2094,0.00015647087359357904,2.5982917455098658e-05,1.18E-05,5.16E-06,4.18E-05,2.79E-05,1.21E-05,0.0016182366947227252,31.07329429358637,0.00037378,0.007782889644258107,-6.71E-17,1.34E-07,8.76E-05,0.00146736,4.80E-06,2.99970102,0,-0.00623335,7.40E-06,6.84E-05,1.08E-05,0,0.001644647,1.21E-05,3.71E-06,0.4833727750422811,0.6372381165595697,0.18561844783166723,0.06084981152855819,0.01057410787184565,0.0009550502977943012,0.00013879439961898065,0.07863766282041663,0.0007716027012655092,0.013655078,0.001078339,499.90462865799725,0.00343357,0.6354635,0.002102415041897863,8.060615668398444,0.013505836480616536,0.001424879,35.60648169770799,89.13386006891308,271.3002909069551,116.3266769862802,1.968937245400877,73.81775066163729,3.696528807974173,8.12668551458211
2095,0.00015647087359357904,2.5982917455098658e-05,1.18E-05,5.16E-06,4.18E-05,2.79E-05,1.21E-05,0.0016182366947227252,30.96987160902096,0.0003525,0.007782889644258107,-5.59E-17,1.12E-07,8.44E-05,0.00140725,6.00E-06,2.99175805,0,-0.00623335,7.50E-06,6.60E-05,1.04E-05,0,0.001570598,1.36E-05,4.60E-06,0.4803123709583434,0.6355507606045828,0.1844426375014134,0.06032733250575576,0.010446757964842273,0.0009512039219813126,0.00011580391624651146,0.0783209229141033,0.0006435948798574064,0.013618924,0.00106908,496.79202343293764,0.00343357,0.6354635,0.0020961354222307827,8.02973532351023,0.01346549044183949,0.001424879,34.325614787240674,86.94100220910516,266.99974612586755,113.84585391982827,1.854102806100155,73.51636346526534,3.606446088797624,8.108285289725687
2096,0.00015647087359357904,2.5982917455098658e-05,1.18E-05,5.16E-06,4.18E-05,2.79E-05,1.21E-05,0.0016182366947227252,30.866448924455547,0.00033122,0.007782889644258107,-4.47E-17,8.96E-08,8.12E-05,0.00134714,7.20E-06,2.98381508,0,-0.00623335,7.60E-06,6.35E-05,9.90E-06,0,0.001496549,1.51E-05,5.48E-06,0.4772519668744056,0.6338634046495957,0.1832668271711596,0.059804852320064404,0.010319408057838897,0.0009473575461683239,9.281343287404228e-05,0.07800418300778994,0.0005155870584493034,0.01358277,0.001059821,493.6794181080681,0.00343357,0.6354635,0.002089855802563702,7.998854977649483,0.013425144403062443,0.001424879,33.04474786646067,84.74814431395738,262.69920145239826,111.36503075516661,1.7392683667994329,73.21497627854643,3.516363368156713,8.089885064869263
2097,0.00015647087359357904,2.5982917455098658e-05,1.18E-05,5.16E-06,4.18E-05,2.79E-05,1.21E-05,0.0016182366947227252,30.763026248733897,0.00030994,0.007782889644258107,-3.36E-17,6.72E-08,7.81E-05,0.00128703,8.40E-06,2.97587211,0,-0.00623335,7.70E-06,6.10E-05,9.45E-06,0,0.0014225,1.65E-05,6.37E-06,0.47419156279046787,0.6321760486946086,0.1820910168409058,0.05928237329726198,0.01019205922298493,0.0009435111703553353,6.948234974790687e-05,0.0776874431014766,0.0003858013506327546,0.013546615,0.001050562,490.56681278319854,0.00343357,0.6354635,0.0020835750238675206,7.967974631788735,0.013384798364285397,0.001424879,31.76388095599334,82.55528642764455,258.39865677892897,108.88420768871468,1.624433927498711,72.9135890821745,3.4262806475158025,8.071484840012838
2098,0.00015647087359357904,2.5982917455098658e-05,1.18E-05,5.16E-06,4.18E-05,2.79E-05,1.21E-05,0.0016182366947227252,30.659603564168492,0.00028866,0.007782889644258107,-2.24E-17,4.48E-08,7.49E-05,0.00122692,9.60E-06,2.96792914,0,-0.00623335,7.80E-06,5.85E-05,9.00E-06,0,0.001348451,1.80E-05,7.26E-06,0.4711311587065301,0.6304886927396216,0.180915206510652,0.058759894274459566,0.010064709315981555,0.0009396647945423465,4.632156649860458e-05,0.07737070319516326,0.0002577935292246517,0.013510461,0.001041303,487.45420755813893,0.00343357,0.6354635,0.00207729540420044,7.937094286900523,0.01334445232550835,0.001424879,30.483014035213333,80.36242853249674,254.09811210545965,106.40338462226275,1.509599488197989,72.61220188580255,3.336197926874892,8.053084615156413
2099,0.00015647087359357904,2.5982917455098658e-05,1.18E-05,5.16E-06,4.18E-05,2.79E-05,1.21E-05,0.0016182366947227252,30.556180888446846,0.00026738,0.007782889644258107,-1.12E-17,2.24E-08,7.17E-05,0.00116681,1.08E-05,2.95998617,0,-0.00623335,7.90E-06,5.61E-05,8.55E-06,0,0.001274402,1.95E-05,8.14E-06,0.46807075462259234,0.6288013367846345,0.1797393961803982,0.05823741525165714,0.009937360481127587,0.0009358184187293579,2.316078324930229e-05,0.0770539632888499,0.00012871897597148128,0.013474306,0.001032044,484.3416022332694,0.00343357,0.6354635,0.0020710146255042586,7.906213941039773,0.013304106286731303,0.001424879,29.202147114433323,78.16957064618391,249.79756743199036,103.92256155581083,1.3947650488972674,72.3108146894306,3.246115206233981,8.034684390299988
2100,0.00015647087359357904,2.5982917455098658e-05,1.18E-05,5.16E-06,4.18E-05,2.79E-05,1.21E-05,0.0016182366947227252,30.452758203881434,0.0002461,0.007782889644258107,0,0,6.86E-05,0.0011067,1.20E-05,2.9520432,0,-0.00623335,8.00E-06,5.36E-05,8.10E-06,0,0.001200353,2.09E-05,9.03E-06,0.46501035053865464,0.6271139808296474,0.1785635858501444,0.057714936228854714,0.009810010574124213,0.0009319720429163692,0.0,0.07673722338253657,0.0,0.013438152,0.001022785,481.22899690839984,0.00343357,0.6354635,0.002064735005837178,7.8753335951790255,0.013263760247954254,0.001424879,27.921280203966,75.97671275103612,245.49702275852107,101.4417384893589,1.2799306106491362,72.00942749305865,3.156032485593071,8.016284165443565
2101,0.00015542745641412503,2.578865265169605e-05,1.18E-05,5.12E-06,4.15E-05,2.77E-05,1.20E-05,0.001607449433157489,30.254660067060456,0.000244459,0.007731003238355846,0,0,6.81E-05,0.001099322,1.19E-05,2.930718526,0,-0.00819796,7.95E-06,5.32E-05,8.05E-06,0,0.00119235,2.08E-05,8.97E-06,0.4619102813783876,0.6229332213155581,0.17737316213665444,0.057330170002834205,0.0097446105322207,0.0009257590106438501,0.0,0.07622564159981425,0.0,0.013348564,0.001015966,479.1259446162818,0.002710095,0.602722111,0.002050970376238387,7.86589575692336,0.013175335599905797,0.00141538,27.732116690186718,75.52936040458013,243.78011141934175,100.77577661833286,1.268277167410743,71.91825561634731,3.1252851537097195,7.9628422736028766
2102,0.00015438487330116143,2.56429540491441e-05,1.17E-05,5.09E-06,4.12E-05,2.75E-05,1.19E-05,0.0015966599029778332,30.056561930239486,0.000242819,0.007679116832453585,0,0,6.77E-05,0.001091944,1.18E-05,2.909393852,0,-0.010162569,7.89E-06,5.29E-05,7.99E-06,0,0.001184348,2.07E-05,8.91E-06,0.45881021280565554,0.6187524607271438,0.17618273784663147,0.05694540377681369,0.009679210490317192,0.0009195456343305608,0.0,0.07571406044603209,0.0,0.013258977,0.001009148,477.0228922243538,0.001986619,0.569980721,0.002037205746639596,7.856457917695158,0.013086909691043628,0.001405881,27.54295317640744,75.08200805812413,242.06319997254414,100.10981474730683,1.2566237252249406,71.82708373963598,3.0945378203620075,7.909400373975382
2103,0.00015334145612170744,2.544868924574149e-05,1.16E-05,5.05E-06,4.10E-05,2.73E-05,1.19E-05,0.0015858726414125968,29.858463793418505,0.000241178,0.0076272316987134854,0,0,6.72E-05,0.001084566,1.18E-05,2.888069178,0,-0.012127179,7.84E-06,5.25E-05,7.94E-06,0,0.001176345,2.05E-05,8.85E-06,0.45571014364538853,0.6145717012130546,0.1749923141331415,0.05656063755079318,0.00961381044841368,0.0009133326020580418,0.0,0.07520247866330979,0.0,0.013169389,0.001002329,474.91983993223573,0.001263144,0.537239332,0.002023439958011704,7.847020078466957,0.01299848504299517,0.001396381,27.35378966262816,74.63465571166813,240.34628863336485,99.44385287628079,1.2449702830391385,71.73591186292464,3.063790487014295,7.855958482134693
2104,0.00015229803894225346,2.5302990643189533e-05,1.15E-05,5.02E-06,4.07E-05,2.72E-05,1.18E-05,0.0015750831112329407,29.660365656597527,0.000239537,0.007575345292811225,0,0,6.67E-05,0.001077188,1.17E-05,2.866744504,0,-0.014091788,7.79E-06,5.22E-05,7.88E-06,0,0.001168343,2.04E-05,8.79E-06,0.4526100744851215,0.6103909416989651,0.17380189041965155,0.05617587132477266,0.009548410406510168,0.0009071195697855229,0.0,0.07469089750952759,0.0,0.013079801,0.000995511,472.8167875403078,0.000539669,0.504497943,0.002009675328412913,7.837582239238756,0.012910060394946712,0.001386882,27.16462614884888,74.18730336521214,238.62937729418553,98.77789090704503,1.2333168398007452,71.6447399862133,3.0330431536665827,7.802516590294005
2105,0.00015125545582928986,2.510872583978693e-05,1.14E-05,4.98E-06,4.04E-05,2.70E-05,1.17E-05,0.0015642958496677043,29.462267510932794,0.000237897,0.007523460159071125,0,0,6.63E-05,0.00106981,1.16E-05,2.84541983,0,-0.016056398,7.73E-06,5.18E-05,7.83E-06,0,0.001160341,2.02E-05,8.73E-06,0.44951000532485447,0.6062101811105509,0.17261146612962858,0.05579110509875216,0.00948301036460666,0.0009009061934722335,0.0,0.07417931572680529,0.0,0.012990214,0.000988692,470.7137352481897,-0.000183807,0.471756553,0.001995910698814122,7.8281444000105544,0.01282163448608454,0.001377383,26.975462635069594,73.73995101875616,236.91246584738792,98.11192906548192,1.221663397614943,71.553568119155,3.0022958203188703,7.7490746930025525
2106,0.00015021203864983587,2.4963027237234974e-05,1.14E-05,4.95E-06,4.01E-05,2.68E-05,1.16E-05,0.0015535063194880485,29.264169374111816,0.000236256,0.007471573753168864,0,0,6.58E-05,0.001062432,1.15E-05,2.824095156,0,-0.018021008,7.68E-06,5.15E-05,7.78E-06,0,0.001152338,2.01E-05,8.67E-06,0.4464099367521224,0.6020294215964616,0.17142104241613862,0.05540633887273164,0.009417610322703147,0.0008946931611997145,0.0,0.07366773457302313,0.0,0.012900626,0.000981874,468.6106829560717,-0.000907282,0.439015164,0.001982146069215331,7.818706560782354,0.012733209838036084,0.001367884,26.786299121290313,73.29259867230016,235.1955545082086,97.44596717481394,1.2100099554291406,71.46239624244366,2.971548486971159,7.695632798825821
2107,0.0001491686214703819,2.4768762433832364e-05,1.13E-05,4.92E-06,3.98E-05,2.66E-05,1.15E-05,0.0015427190579228123,29.066071237290842,0.000234615,0.007419687347266603,0,0,6.54E-05,0.001055054,1.14E-05,2.802770482,0,-0.019985617,7.63E-06,5.11E-05,7.72E-06,0,0.001144336,2.00E-05,8.61E-06,0.4433098675918554,0.5978486620823722,0.17023061870264866,0.055021572646711134,0.009352210280799638,0.0008884801289271954,0.0,0.07315615279030081,0.0,0.012811038,0.000975055,466.50763056414365,-0.001630757,0.406273775,0.001968380280587439,7.809268721554153,0.012644785189987625,0.001358385,26.597135607511035,72.84524632584416,233.4786431690293,96.78000529396694,1.1983565121907473,71.37122436573233,2.9408011536234464,7.642190904649092
2108,0.00014812603835741829,2.4574497630429758e-05,1.12E-05,4.88E-06,3.96E-05,2.64E-05,1.15E-05,0.0015319317963575759,28.867973100469865,0.000232975,0.0073678022135265035,0,0,6.49E-05,0.001047676,1.14E-05,2.781445808,0,-0.021950227,7.57E-06,5.07E-05,7.67E-06,0,0.001136334,1.98E-05,8.55E-06,0.4402097984315884,0.593667901493958,0.1690401944126257,0.05463680642069062,0.009286810238896126,0.000882266752613906,0.0,0.07264457163651863,0.0,0.012721451,0.000968236,464.4045782720256,-0.002354233,0.373532385,0.0019546156509886482,7.799830883298486,0.012556359281125458,0.001348885,26.40797210404444,72.3978939705532,231.76173172223167,96.11404340329896,1.1867030700049452,71.28005248902099,2.910053821740095,7.5887490096936805
2109,0.00014708262117796428,2.4428799027877805e-05,1.11E-05,4.85E-06,3.93E-05,2.62E-05,1.14E-05,0.0015211422661779198,28.669874963648894,0.000231334,0.007315915807624243,0,0,6.45E-05,0.001040298,1.13E-05,2.760121134,0,-0.023914836,7.52E-06,5.04E-05,7.61E-06,0,0.001128331,1.97E-05,8.49E-06,0.43710972927132136,0.5894871419798686,0.16784977069913573,0.05425204019467011,0.009221410196992618,0.000876053720341387,0.0,0.07213298985379635,0.0,0.012631863,0.000961418,462.3015258800976,-0.003077708,0.340790996,0.0019408510213898573,7.790393044070285,0.012467934633076999,0.001339386,26.21880859026516,71.9505416240972,230.04482038305238,95.44808152245196,1.175049627819143,71.18888061230966,2.8793064883923827,7.535307115516951
2110,0.0001460392039985103,2.4234534224475196e-05,1.10E-05,4.81E-06,3.90E-05,2.60E-05,1.13E-05,0.0015103550046126834,28.471776826827917,0.000229693,0.007264029401721981,0,0,6.40E-05,0.00103292,1.12E-05,2.73879646,0,-0.025879446,7.47E-06,5.00E-05,7.56E-06,0,0.001120329,1.95E-05,8.43E-06,0.4340096606985893,0.5853063824657792,0.16665934698564577,0.05386727396864959,0.009156010155089106,0.000869840688068868,0.0,0.07162140870001416,0.0,0.012542275,0.000954599,460.19847358797955,-0.003801183,0.308049607,0.0019270863917910661,7.780955204842083,0.012379509985028542,0.001329887,26.02964507648588,71.50318927764121,228.3279090438731,94.78211963178397,1.16339618458075,71.0977087355983,2.8485591550446703,7.48186522134022
2111,0.0001449966208855467,2.4088835621923243e-05,1.10E-05,4.78E-06,3.87E-05,2.59E-05,1.12E-05,0.0014995654744330276,28.273678681163183,0.000228053,0.007212144267981882,0,0,6.35E-05,0.001025542,1.11E-05,2.717471786,0,-0.027844056,7.41E-06,4.97E-05,7.51E-06,0,0.001112327,1.94E-05,8.37E-06,0.4309095915383223,0.581125621877365,0.1654689226956228,0.05348250774262908,0.009090610113185597,0.0008636273117555787,0.0,0.07110982691729185,0.0,0.012452688,0.000947781,458.09542119605163,-0.004524659,0.275308217,0.0019133206031631746,7.7715173656138825,0.012291084076166373,0.001320388,25.840481562706596,71.05583693118523,226.61099759707545,94.11615775093696,1.1517427423949473,71.00653685888696,2.8178118216969583,7.42842332638481
2112,0.0001439532037060927,2.3894570818520637e-05,1.09E-05,4.74E-06,3.85E-05,2.57E-05,1.11E-05,0.0014887782128677914,28.075580544342206,0.000226412,0.007160257862079621,0,0,6.31E-05,0.001018164,1.10E-05,2.696147112,0,-0.029808665,7.36E-06,4.93E-05,7.45E-06,0,0.001104324,1.93E-05,8.31E-06,0.4278095223780553,0.5769448623632757,0.16427849898213284,0.053097741516608565,0.009025210071282085,0.0008574142794830598,0.0,0.07059824576350969,0.0,0.0123631,0.000940962,455.9923689039335,-0.005248134,0.242566828,0.0018995559735643837,7.762079526385681,0.012202659428117914,0.001310889,25.651318048927315,70.60848458472923,224.89408625789616,93.45019586026899,1.140089300209145,70.91536498217563,2.7870644883492464,7.374981432208079
2113,0.00014290978652663872,2.374887221596868e-05,1.08E-05,4.71E-06,3.82E-05,2.55E-05,1.11E-05,0.0014779886826881351,27.87748240752123,0.000224771,0.0071083727283395215,0,0,6.26E-05,0.001010786,1.10E-05,2.674822438,0,-0.031773275,7.31E-06,4.90E-05,7.40E-06,0,0.001096322,1.91E-05,8.25E-06,0.4247094532177882,0.5727641028491863,0.1630880752686429,0.052712975290588056,0.008959810029378576,0.0008512012472105406,0.0,0.07008666398078738,0.0,0.012273512,0.000934144,453.88931651200556,-0.005971609,0.209825439,0.0018857913439655925,7.75264168715748,0.012114234780069457,0.001301389,25.462154535148034,70.16113223827323,223.17717491871684,92.784233979422,1.128435856970752,70.82419310546429,2.756317155001534,7.32153953803135
2114,0.00014186720341367512,2.3554607412566075e-05,1.07E-05,4.68E-06,3.79E-05,2.53E-05,1.10E-05,0.001467201421122899,27.679384270700258,0.000223131,0.007056486322437261,0,0,6.22E-05,0.001003408,1.09E-05,2.653497764,0,-0.033737884,7.25E-06,4.86E-05,7.34E-06,0,0.00108832,1.90E-05,8.19E-06,0.4216093846450562,0.5685833422607721,0.1618976509786199,0.052328209064567546,0.008894409987475064,0.0008449878708972513,0.0,0.0695750828270052,0.0,0.012183924,0.000927325,451.78626421988747,-0.006695085,0.177084049,0.0018720267143668013,7.743203847929279,0.012025808871207288,0.00129189,25.272991021368753,69.71377989181724,221.46026347191923,92.11827208875403,1.1167824147849497,70.73302122875295,2.725569821653822,7.268097643075938
2115,0.0001408237862342211,2.3360342609163465e-05,1.07E-05,4.64E-06,3.76E-05,2.51E-05,1.09E-05,0.0014564141595576625,27.481286133879284,0.00022149,0.007004599916534999,0,0,6.17E-05,0.00099603,1.08E-05,2.63217309,0,-0.035702494,7.20E-06,4.82E-05,7.29E-06,0,0.001080317,1.88E-05,8.13E-06,0.41850931548478915,0.5644025827466826,0.16070722726512995,0.05194344283854704,0.008829009945571556,0.0008387748386247323,0.0,0.06906350104428291,0.0,0.012094337,0.000920506,449.68321192776943,-0.00741856,0.14434266,0.0018582620847680106,7.733766008701077,0.01193738422315883,0.001282391,25.083827507589476,69.26642753652627,219.74335213273991,91.45231019808604,1.1051289725991473,70.64184935204162,2.6948224897704707,7.214655748899209
2116,0.00013978036905476713,2.3214644006611512e-05,1.06E-05,4.61E-06,3.73E-05,2.49E-05,1.08E-05,0.0014456246293780067,27.283187997058306,0.000219849,0.0069527147827949,0,0,6.13E-05,0.000988652,1.07E-05,2.610848416,0,-0.037667104,7.15E-06,4.79E-05,7.24E-06,0,0.001072315,1.87E-05,8.07E-06,0.4154092463245221,0.5602218232325933,0.15951680355164002,0.05155867661252652,0.008763609903668044,0.0008325618063522133,0.0,0.0685519192615606,0.0,0.012004749,0.000913688,447.5801595358414,-0.008142035,0.111601271,0.0018444962961401189,7.724328170445411,0.011848959575110372,0.001272892,24.894663993810195,68.81907519007028,218.02644079356062,90.78634831723905,1.0934755293607543,70.55067748498331,2.6640751564227583,7.161213854722478
2117,0.00013873778594180352,2.3020379203208906e-05,1.05E-05,4.57E-06,3.71E-05,2.47E-05,1.07E-05,0.0014348373678127705,27.08508985139357,0.000218209,0.006900828376892639,0,0,6.08E-05,0.000981274,1.06E-05,2.589523742,0,-0.039631713,7.09E-06,4.75E-05,7.18E-06,0,0.001064313,1.86E-05,8.01E-06,0.4123091777517901,0.5560410626441791,0.158326379261617,0.05117391038650601,0.008698209861764535,0.0008263484300389239,0.0,0.06804033810777842,0.0,0.011915161,0.000906869,445.47710724372337,-0.008865511,0.078859881,0.0018307316665413277,7.714890331217211,0.0117605336662482,0.001263393,24.705500480030913,68.3717228436143,216.309529346763,90.12038642657106,1.0818220871749518,70.45950560827198,2.633327823075046,7.107771959767068
2118,0.00013769436876234954,2.287468060065695e-05,1.04E-05,4.54E-06,3.68E-05,2.46E-05,1.06E-05,0.0014240478376331142,26.886991714572595,0.000216568,0.006848941970990378,0,0,6.03E-05,0.000973896,1.06E-05,2.568199068,0,-0.041596323,7.04E-06,4.72E-05,7.13E-06,0,0.00105631,1.84E-05,7.95E-06,0.40920910859152304,0.5518603031300898,0.1571359555481271,0.050789144160485494,0.008632809819861023,0.0008201353977664048,0.0,0.06752875632505613,0.0,0.011825574,0.000900051,443.3740548517954,-0.009588986,0.046118492,0.0018169670369425365,7.705452491989009,0.011672109018199744,0.001253893,24.516336976564318,67.92437049715829,214.5926180075837,89.45442454572405,1.0701686449891497,70.36833373156064,2.602580489727334,7.054330065590337
2119,0.00013665095158289556,2.268041579725434e-05,1.03E-05,4.50E-06,3.65E-05,2.44E-05,1.06E-05,0.001413260576067878,26.68889357775162,0.000214927,0.006797056837250279,0,0,5.99E-05,0.000966518,1.05E-05,2.546874394,0,-0.043560932,6.99E-06,4.68E-05,7.07E-06,0,0.001048308,1.83E-05,7.89E-06,0.40610903943125604,0.5476795436160004,0.15594553183463714,0.050404377934464985,0.008567408705808102,0.0008139223654938858,0.0,0.06701717517127394,0.0,0.011735986,0.000893232,441.2710025596773,-0.010312461,0.013377103,0.0018032024073437458,7.696014652760808,0.011583684370151285,0.001244394,24.327173462785037,67.47701815070229,212.87570656078606,88.78846265505608,1.0585152017507564,70.2771618548493,2.5718331563796215,7.000888171413607
2120,0.00013560836846993195,2.2534717194702388e-05,1.03E-05,4.47E-06,3.62E-05,2.42E-05,1.05E-05,0.0014024710458882222,26.490795440930643,0.000213287,0.006745170431348017,0,0,5.94E-05,0.00095914,1.04E-05,2.52554972,0,-0.045525542,6.93E-06,4.65E-05,7.02E-06,0,0.001040306,1.81E-05,7.83E-06,0.403008970270989,0.5434987830275863,0.1547551075446141,0.05001961170844447,0.008502008663904591,0.0008077089891805965,0.0,0.06650559338855164,0.0,0.011646398,0.000886414,439.1679501677493,-0.011035937,-0.019364287,0.0017894366187158539,7.686576813532606,0.011495258461289118,0.001234895,24.138009949005756,67.0296658042463,211.15879522160677,88.12250077420907,1.046861759564954,70.18598997813797,2.5410858230319096,6.947446276458196
2121,0.00013456495129047794,2.234045239129978e-05,1.02E-05,4.43E-06,3.59E-05,2.40E-05,1.04E-05,0.0013916837843229858,26.292697304109666,0.000211646,0.006693285297607918,0,0,5.90E-05,0.000951762,1.03E-05,2.504225046,0,-0.047490152,6.88E-06,4.61E-05,6.97E-06,0,0.001032303,1.80E-05,7.77E-06,0.399908901698257,0.5393180235134968,0.15356468383112418,0.04963484548242396,0.00843660862200108,0.0008014959569080775,0.0,0.06599401223476947,0.0,0.011556811,0.000879595,437.06489787563123,-0.011759412,-0.052105676,0.001775671989117063,7.677138974304405,0.011406833813240659,0.001225396,23.948846435226475,66.58231345779032,209.44188388242748,87.4565388835411,1.0352083173791518,70.09481810142663,2.5103384896841976,6.894004382281465
2122,0.00013352153411102396,2.2194753788747825e-05,1.01E-05,4.40E-06,3.57E-05,2.38E-05,1.03E-05,0.0013808965227577496,26.094599167288692,0.000210005,0.006641398891705657,0,0,5.85E-05,0.000944384,1.02E-05,2.482900372,0,-0.049454761,6.83E-06,4.57E-05,6.91E-06,0,0.001024301,1.79E-05,7.71E-06,0.39680883253798993,0.5351372639994074,0.15237426011763425,0.04925007925640344,0.00837120858009757,0.0007952829246355586,0.0,0.06548243045204716,0.0,0.011467223,0.000872776,434.9618455835132,-0.012482887,-0.084847065,0.0017619073595182718,7.6677011350762045,0.011318409165192202,0.001215897,23.759682921447194,66.13496111133432,207.72497243562984,86.79057699287311,1.0235548741407587,70.00364622471528,2.4795911578008463,6.8405624881047356
2123,0.00013247895099806036,2.200048898534522e-05,1.00E-05,4.37E-06,3.54E-05,2.36E-05,1.02E-05,0.0013701069925780933,25.896501021623955,0.000208365,0.006589512485803396,0,0,5.81E-05,0.000937006,1.02E-05,2.461575698,0,-0.051419371,6.77E-06,4.54E-05,6.86E-06,0,0.001016298,1.77E-05,7.64E-06,0.3937087633777229,0.5309565034109932,0.15118383582761125,0.04886531303038294,0.00830580853819406,0.0007890695483222692,0.0,0.06497084929826498,0.0,0.011377635,0.000865958,432.8587931915852,-0.013206363,-0.117588455,0.0017481427299194808,7.658263296820538,0.011229983256330033,0.001206397,23.570519407667913,65.68760875604336,206.00806109645055,86.1246151120261,1.0119014319549564,69.91247434800394,2.448843824453134,6.787120593149324
2124,0.00013143553381860637,2.1806224181942613e-05,9.94E-06,4.33E-06,3.51E-05,2.34E-05,1.02E-05,0.0013593197310128571,25.69840288480298,0.000206724,0.006537627352063297,0,0,5.76E-05,0.000929628,1.01E-05,2.440251024,0,-0.05338398,6.72E-06,4.50E-05,6.80E-06,0,0.001008296,1.76E-05,7.58E-06,0.39060869421745587,0.5267757438969038,0.1499934121141213,0.04848054680436242,0.00824040849629055,0.0007828565160497501,0.0,0.06445926751554269,0.0,0.011288048,0.000859139,430.7557408994672,-0.013929838,-0.150329844,0.001734376941291589,7.648825457592337,0.011141558608281575,0.001196898,23.38135589388863,65.24025640958736,204.29114975727123,85.45865322135813,1.000247989769154,69.8213024712926,2.4180964911054215,6.733678698972595
2125,0.0001303921166391524,2.1660525579390657e-05,9.87E-06,4.30E-06,3.48E-05,2.33E-05,1.01E-05,0.0013485302008332013,25.500304747982003,0.000205083,0.006485740946161035,0,0,5.71E-05,0.00092225,1.00E-05,2.41892635,0,-0.05534859,6.67E-06,4.47E-05,6.75E-06,0,0.001000294,1.74E-05,7.52E-06,0.3875086256447239,0.5225949843828145,0.14880298840063133,0.048095780578341914,0.00817500845438704,0.0007766434837772311,0.0,0.06394768636176051,0.0,0.01119846,0.000852321,428.6526885075392,-0.014653313,-0.183071233,0.0017206123116927981,7.639387618364136,0.011053133960233117,0.001187399,23.19219238010935,64.79290406313136,202.57423831047362,84.79269134051113,0.988594546530761,69.73013059458127,2.387349157757709,6.680236804795864
2126,0.0001293495335261888,2.1466260775988047e-05,9.79E-06,4.26E-06,3.45E-05,2.31E-05,1.00E-05,0.001337742939267965,25.30220661116103,0.000203443,0.0064338545402587745,0,0,5.67E-05,0.000914872,9.92E-06,2.397601676,0,-0.0573132,6.61E-06,4.43E-05,6.70E-06,0,0.000992291,1.73E-05,7.46E-06,0.3844085564844568,0.5184142237944003,0.14761256411060836,0.0477110143523214,0.008109608412483529,0.0007704301074639417,0.0,0.0634361045790382,0.0,0.011108872,0.000845502,426.5496362154211,-0.015376789,-0.215812623,0.0017068476820940072,7.629949779135934,0.010964708051370946,0.0011779,23.00302886633007,64.34555171667537,200.8573269712943,84.12672944984315,0.9769411043449587,69.63895871786993,2.356601824409997,6.626794909840454
2127,0.00012830611634673478,2.1320562173436098e-05,9.71E-06,4.23E-06,3.43E-05,2.29E-05,9.92E-06,0.0013269534090883089,25.104108474340055,0.000201802,0.006381969406518675,0,0,5.62E-05,0.000907494,9.84E-06,2.376277002,0,-0.059277809,6.56E-06,4.40E-05,6.64E-06,0,0.000984289,1.72E-05,7.40E-06,0.3813084873241898,0.5142334642803109,0.1464221403971184,0.04732624812630089,0.008044208370580019,0.0007642170751914227,0.0,0.06292452342525603,0.0,0.011019285,0.000838684,424.44658382349314,-0.016100264,-0.248554012,0.001693083052495216,7.6205119399077335,0.010876283403322489,0.001168401,22.81386535255079,63.89819937021939,199.140415632115,83.46076756899615,0.9652876621591563,69.54778685081163,2.325854491062285,6.573353015663723
2128,0.00012726269916728082,2.112629737003349e-05,9.63E-06,4.19E-06,3.40E-05,2.27E-05,9.84E-06,0.0013161661475230724,24.90601033751908,0.000200161,0.006330083000616414,0,0,5.58E-05,0.000900116,9.76E-06,2.354952328,0,-0.061242419,6.51E-06,4.36E-05,6.59E-06,0,0.000976287,1.70E-05,7.34E-06,0.37820841816392275,0.5100527047662216,0.14523171668362844,0.04694148190028037,0.007978808328676508,0.0007580040429189037,0.0,0.06241294164253373,0.0,0.010929697,0.000831865,422.34353153137505,-0.016823739,-0.281295401,0.0016793172638673243,7.611074100679533,0.01078785875527403,0.001158902,22.624701849084197,63.45084702376338,197.42350418531737,82.79480567832817,0.9536342189207632,69.45661497410029,2.2951071577145727,6.519911121486993
2129,0.0001262201160543172,2.0980598767481532e-05,9.55E-06,4.16E-06,3.37E-05,2.25E-05,9.76E-06,0.0013053788859578362,24.707912191854344,0.000198521,0.006278197866876315,0,0,5.53E-05,0.000892738,9.68E-06,2.333627654,0,-0.063207028,6.45E-06,4.32E-05,6.53E-06,0,0.000968284,1.69E-05,7.28E-06,0.3751083495911907,0.5058719441778073,0.14404129239360547,0.04655671567425986,0.007913408286772998,0.0007517906666056145,0.0,0.06190136048875155,0.0,0.010840109,0.000825046,420.2404791394471,-0.017547215,-0.314036791,0.0016655526342685334,7.601636261451331,0.01069943284641186,0.001149402,22.435538335304912,63.003494677307394,195.70659284613808,82.1288437876602,0.941980776734961,69.36544309738895,2.2643598258312214,6.466469226531582
2130,0.0001251766988748632,2.0786333964078926e-05,9.47E-06,4.13E-06,3.34E-05,2.23E-05,9.68E-06,0.0012945893557781804,24.509814055033367,0.00019688,0.006226311460974053,0,0,5.49E-05,0.00088536,9.60E-06,2.31230298,0,-0.065171638,6.40E-06,4.29E-05,6.48E-06,0,0.000960282,1.67E-05,7.22E-06,0.3720082804309237,0.501691184663718,0.1428508686801155,0.046171949448239345,0.007848008244869488,0.0007455776343330953,0.0,0.06138977870602925,0.0,0.010750522,0.000818228,418.137426847329,-0.01827069,-0.34677818,0.0016517880046697424,7.592198422223129,0.010611008198363404,0.001139903,22.246374821525635,62.556142322016434,193.9896815069588,81.4628819068132,0.9303273345491586,69.27427122067762,2.2336124924835095,6.413027332354853
2131,0.00012413328169540925,2.059206916067632e-05,9.39E-06,4.09E-06,3.32E-05,2.21E-05,9.60E-06,0.001283802094212944,24.311715918212393,0.000195239,0.0061744250550717925,0,0,5.44E-05,0.000877982,9.52E-06,2.290978306,0,-0.067136248,6.35E-06,4.25E-05,6.43E-06,0,0.00095228,1.66E-05,7.16E-06,0.3689082112706567,0.49751042514962857,0.14166044496662555,0.04578718322221884,0.007782608202965976,0.0007393646020605763,0.0,0.06087819692330695,0.0,0.010660934,0.000811409,416.03437455521095,-0.018994165,-0.379519569,0.0016380233750709512,7.582760583967463,0.010522583550314947,0.001130404,22.057211307746353,62.108789975560434,192.27277006016115,80.79692001614522,0.9186738913107655,69.18309934396628,2.202865159135797,6.359585438178121
2132,0.00012309069858244562,2.0446370558124364e-05,9.31E-06,4.06E-06,3.29E-05,2.19E-05,9.52E-06,0.001273012564033288,24.11361778139142,0.000193599,0.006122539921331693,0,0,5.39E-05,0.000870604,9.44E-06,2.269653632,0,-0.069100857,6.29E-06,4.22E-05,6.37E-06,0,0.000944277,1.65E-05,7.10E-06,0.36580814269792467,0.4933296645612144,0.14047002067660258,0.045402416996198326,0.007717208161062466,0.000733151225747287,0.0,0.06036661576952477,0.0,0.010571346,0.000804591,413.931322163283,-0.019717641,-0.412260959,0.0016242587454721603,7.573322744739263,0.010434157641452778,0.001120905,21.868047793967072,61.66143762910444,190.55585872098186,80.13095813529821,0.9070204491249632,69.09192746725493,2.1721178257880847,6.30614354322271
2133,0.00012204728140299165,2.0252105754721758e-05,9.23E-06,4.02E-06,3.26E-05,2.18E-05,9.44E-06,0.0012622253024680515,23.915519644570445,0.000191958,0.006070653515429432,0,0,5.35E-05,0.000863226,9.36E-06,2.248328958,0,-0.071065467,6.24E-06,4.18E-05,6.32E-06,0,0.000936275,1.63E-05,7.04E-06,0.3627080735376576,0.489148905047125,0.13927959696311262,0.04501765077017782,0.007651808119158956,0.000726938193474768,0.0,0.05985503398680246,0.0,0.010481759,0.000797772,411.82826987116493,-0.020441116,-0.445002348,0.0016104929568442688,7.5638849055110615,0.010345732993404319,0.001111406,21.67888428018779,61.21408528264845,188.83894738180254,79.46499624463023,0.8953670069391608,69.0007555905436,2.1413704924403727,6.252701649045981
2134,0.00012100386422353764,2.01064071521698e-05,9.15E-06,3.99E-06,3.23E-05,2.16E-05,9.36E-06,0.0012514357722883957,23.717421507749467,0.000190317,0.006018767109527171,0,0,5.30E-05,0.000855848,9.28E-06,2.227004284,0,-0.073030076,6.19E-06,4.15E-05,6.26E-06,0,0.000928273,1.62E-05,6.98E-06,0.35960800437739054,0.4849681455330356,0.1380891732496227,0.0446328845441573,0.007586408077255445,0.000720725161202249,0.0,0.05934345283302029,0.0,0.010392171,0.000790954,409.72521747923696,-0.021164591,-0.477743737,0.0015967283272454776,7.55444706628286,0.010257308345355862,0.001101906,21.48972076640851,60.76673293619245,187.12203593500493,78.79903436378324,0.8837135637007677,68.90958371383226,2.1106231590926603,6.19925975486925
2135,0.00011996128111057403,1.9912142348767195e-05,9.08E-06,3.95E-06,3.20E-05,2.14E-05,9.28E-06,0.0012406485107231595,23.51932336208473,0.000188677,0.005966881975787071,0,0,5.26E-05,0.00084847,9.20E-06,2.20567961,0,-0.074994686,6.13E-06,4.11E-05,6.21E-06,0,0.00092027,1.60E-05,6.92E-06,0.35650793521712354,0.4807873849446215,0.1368987489595997,0.04424811831813679,0.007521008035351935,0.0007145117848889596,0.0,0.05883187105029799,0.0,0.010302583,0.000784135,407.62216518711887,-0.021888067,-0.510485127,0.0015829636976466865,7.545009227054658,0.01016888243649369,0.001092407,21.300557252629233,60.31938058973646,185.4051245958256,78.13307247311525,0.8720601215149654,68.81841183712092,2.0798758257449483,6.14581785991384
2136,0.00011891786393112006,1.9766443746215242e-05,9.00E-06,3.92E-06,3.18E-05,2.12E-05,9.20E-06,0.0012298589805435033,23.321225225263756,0.000187036,0.0059149955698848105,0,0,5.21E-05,0.000841092,9.12E-06,2.184354936,0,-0.076959296,6.08E-06,4.07E-05,6.16E-06,0,0.000912268,1.59E-05,6.86E-06,0.35340786664439156,0.47660662543053206,0.13570832524610973,0.043863352092116274,0.007455607993448425,0.0007082987526164405,0.0,0.0583202898965158,0.0,0.010212996,0.000777317,405.5191127951909,-0.022611542,-0.543226516,0.0015691990680478955,7.535571387826458,0.010080457788445232,0.001082908,21.111393738849948,59.87202824328047,183.688213149028,77.46711059226824,0.860406679329163,68.72723996040958,2.049128493861597,6.0923759657371095
2137,0.00011787444675166607,1.9572178942812633e-05,8.92E-06,3.88E-06,3.15E-05,2.10E-05,9.12E-06,0.001219071718978267,23.123127088442782,0.000185395,0.005863110436144711,0,0,5.17E-05,0.000833714,9.04E-06,2.163030262,0,-0.078923905,6.03E-06,4.04E-05,6.10E-06,0,0.000904266,1.58E-05,6.80E-06,0.35030779748412444,0.47242586591644264,0.1345179015326198,0.043478585866095765,0.007390207951544913,0.0007020857203439215,0.0,0.05780870811379351,0.0,0.010123408,0.000770498,403.4160605030728,-0.023335017,-0.575967905,0.001555433279420004,7.526133548598256,0.009992033140396775,0.001073409,20.922230225070667,59.424675887989494,181.97130180984868,76.80114870160027,0.8487532371433608,68.63606808369823,2.018381160513885,6.038934071560378
2138,0.00011683186363870246,1.9377914139410027e-05,8.84E-06,3.85E-06,3.12E-05,2.08E-05,9.03E-06,0.0012082844574130306,22.925028951621805,0.000183755,0.00581122403024245,0,0,5.12E-05,0.000826336,8.96E-06,2.141705588,0,-0.080888515,5.97E-06,4.00E-05,6.05E-06,0,0.000896263,1.56E-05,6.74E-06,0.34720772832385743,0.4682451053280285,0.1333274772425968,0.04309381847718631,0.007324807909641403,0.0006958723440306322,0.0,0.05729712696001133,0.0,0.01003382,0.000763679,401.3130081111448,-0.024058493,-0.608709295,0.0015416686498212128,7.51669571034259,0.009903607231534606,0.00106391,20.733066721604075,58.97732354153351,180.2543904706694,76.1351868109323,0.8370997939049676,68.54489621663994,1.9876338271661724,5.985492176604968
2139,0.00011578844645924849,1.9232215536858074e-05,8.76E-06,3.82E-06,3.09E-05,2.06E-05,8.95E-06,0.0011974949272333748,22.72693081480083,0.000182114,0.005759337624340189,0,0,5.07E-05,0.000818958,8.88E-06,2.120380914,0,-0.082853124,5.92E-06,3.97E-05,5.99E-06,0,0.000888261,1.55E-05,6.68E-06,0.34410765916359043,0.4640643458139391,0.13213705352910685,0.042709052251165794,0.007259407867737893,0.0006896593117581133,0.0,0.056785545177289024,0.0,0.009944232,0.000756861,399.2099558190268,-0.024781968,-0.641450684,0.0015279040202224217,7.507257871114389,0.009815182583486149,0.00105441,20.543903207824794,58.529971195077515,178.53747902387175,75.46922493008529,0.8254463517191654,68.4537243399286,1.9568864938184605,5.9320502824282375
2140,0.00011474502927979449,1.9037950733455464e-05,8.68E-06,3.78E-06,3.06E-05,2.05E-05,8.87E-06,0.0011867076656681386,22.528832677979857,0.000180473,0.005707452490600089,0,0,5.03E-05,0.00081158,8.80E-06,2.09905624,0,-0.084817734,5.87E-06,3.93E-05,5.94E-06,0,0.000880258,1.53E-05,6.62E-06,0.3410075905908584,0.4598835862998497,0.13094662981561692,0.042324286025145284,0.007194007825834382,0.0006834462794855943,0.0,0.05627396402350685,0.0,0.009854645,0.000750042,397.1069035269087,-0.025505443,-0.674192073,0.0015141393906236307,7.497820031886188,0.00972675793543769,0.001044911,20.354739694045513,58.08261884862153,176.82056768469246,74.8032630394173,0.813792909533363,68.36255246321727,1.9261391604707483,5.878608388251507
2141,0.00011370244616683087,1.8892252130903508e-05,8.60E-06,3.75E-06,3.04E-05,2.03E-05,8.79E-06,0.0011759181354884824,22.33073453231512,0.000178833,0.0056555660846978285,0,0,4.98E-05,0.000804202,8.72E-06,2.077731566,0,-0.086782344,5.81E-06,3.89E-05,5.89E-06,0,0.000872256,1.52E-05,6.56E-06,0.33790752143059133,0.45570282571143556,0.12975620552559392,0.041939519799124775,0.007128607783930872,0.0006772329031723048,0.0,0.05576238224078455,0.0,0.009765057,0.000743224,395.0038511349808,-0.026228919,-0.706933463,0.0015003736019957388,7.488382192657987,0.00963833202657552,0.001035412,20.16557618026623,57.63526650216552,175.10365634551317,74.1373011585703,0.8021394662949698,68.27138058650593,1.8953918271230359,5.825166493296097
2142,0.00011265902898737689,1.8697987327500905e-05,8.52E-06,3.71E-06,3.01E-05,2.01E-05,8.71E-06,0.0011651308739232462,22.132636395494142,0.000177192,0.005603679678795568,0,0,4.94E-05,0.000796824,8.64E-06,2.056406892,0,-0.088746953,5.76E-06,3.86E-05,5.83E-06,0,0.000864254,1.51E-05,6.50E-06,0.3348074522703243,0.45152206619734614,0.12856578181210396,0.041554753573104265,0.007063207742027362,0.0006710198708997858,0.0,0.055250801087002366,0.0,0.009675469,0.000736405,392.9007988428627,-0.026952394,-0.739674852,0.001486608972396948,7.478944353429785,0.009549907378527064,0.001025913,19.976412666486947,57.187914155709535,173.38674489871553,73.47133926790232,0.7904860241091676,68.18020870979458,1.864644493775324,5.771724599119366
2143,0.00011161561180792292,1.855228872494895e-05,8.44E-06,3.68E-06,2.98E-05,1.99E-05,8.63E-06,0.0011543413437435902,21.934538258673168,0.000175551,0.005551794545055468,0,0,4.89E-05,0.000789446,8.56E-06,2.035082218,0,-0.090711563,5.71E-06,3.82E-05,5.78E-06,0,0.000856251,1.49E-05,6.44E-06,0.3317073831100573,0.4473413066832568,0.12737535809861403,0.04116998734708375,0.006997807700123851,0.0006648068386272668,0.0,0.05473921930428007,0.0,0.009585882,0.000729587,390.7977464509347,-0.027675869,-0.772416241,0.001472844342798157,7.4695065142015835,0.009461482730478607,0.001016414,19.78724915270767,56.74056180925354,171.66983355953624,72.80537738705533,0.7788325819233652,68.08903683308326,1.8338971618919726,5.718282704942636
2144,0.0001105730286949593,1.835802392154634e-05,8.37E-06,3.64E-06,2.95E-05,1.97E-05,8.55E-06,0.001143554082178354,21.736440121852194,0.000173911,0.005499908139153207,0,0,4.85E-05,0.000782068,8.48E-06,2.013757544,0,-0.092676172,5.65E-06,3.79E-05,5.72E-06,0,0.000848249,1.48E-05,6.38E-06,0.3286073145373253,0.4431605460948426,0.12618493380859103,0.04078522112106324,0.00693240765822034,0.0006585934623139774,0.0,0.054227638150497894,0.0,0.009496294,0.000722768,388.6946941588167,-0.028399345,-0.805157631,0.001459079713199366,7.4600686749733836,0.009373056821616436,0.001006914,19.59808563892839,56.29320946279755,169.95292222035692,72.13941549638736,0.7671791386849721,67.99786495637191,1.8031498285442604,5.664840809987226
2145,0.00010952961151550532,1.8163759118143734e-05,8.29E-06,3.61E-06,2.93E-05,1.95E-05,8.47E-06,0.0011327668206131177,21.53834198503122,0.00017227,0.005448023005413107,0,0,4.80E-05,0.00077469,8.40E-06,1.99243287,0,-0.094640782,5.60E-06,3.75E-05,5.67E-06,0,0.000840247,1.47E-05,6.32E-06,0.3255072453770582,0.4389797865807532,0.12499451009510108,0.04040045489504272,0.00686700761631683,0.0006523804300414584,0.0,0.053716056367775586,0.0,0.009406706,0.000715949,386.59164176688864,-0.02912282,-0.83789902,0.0014453150836005748,7.450630835745182,0.009284632173567979,0.000997415,19.408922125149108,55.84585710750658,168.23601077355931,71.47345360571937,0.7555256964991698,67.90669307966057,1.772402495196548,5.611398915810495
2146,0.00010848619433605132,1.801806051559178e-05,8.21E-06,3.58E-06,2.90E-05,1.93E-05,8.39E-06,0.0011219772904334615,21.340243848210243,0.000170629,0.0053961365995108465,0,0,4.75E-05,0.000767312,8.32E-06,1.971108196,0,-0.096605392,5.55E-06,3.72E-05,5.62E-06,0,0.000832244,1.45E-05,6.26E-06,0.3224071762167912,0.4347990270666638,0.12380408638161113,0.04001568866902221,0.006801607574413319,0.0006461673977689394,0.0,0.05320447458505329,0.0,0.009317119,0.000709131,384.4885894747706,-0.029846295,-0.870640409,0.0014315492949726833,7.441192997489516,0.00919620752551952,0.000987916,19.219758611369826,55.39850476105059,166.51909943438,70.80749172487236,0.7438722543133675,67.81552120294924,1.741655161848836,5.557957021633765
2147,0.00010744361122308771,1.782379571218917e-05,8.13E-06,3.54E-06,2.87E-05,1.92E-05,8.31E-06,0.0011111900288682253,21.142145702545506,0.000168989,0.005344250193608586,0,0,4.71E-05,0.000759934,8.24E-06,1.949783522,0,-0.098570001,5.49E-06,3.68E-05,5.56E-06,0,0.000824242,1.44E-05,6.20E-06,0.3193071076440592,0.4306182664782497,0.12261366209158812,0.0396309224430017,0.006736207532509809,0.0006399540214556501,0.0,0.052692893431271114,0.0,0.009227531,0.000702312,382.3855371826525,-0.030569771,-0.903381799,0.0014177846653738921,7.431755158261314,0.00910778161665735,0.000978417,19.030595097590545,54.951152414594596,164.8021880952007,70.14152983420439,0.7322188110749743,67.7243493262379,1.7109078285011237,5.5045151266783545
2148,0.00010640019404363373,1.7678097109637215e-05,8.05E-06,3.51E-06,2.84E-05,1.90E-05,8.23E-06,0.0011004004986885692,20.94404756572453,0.000167348,0.005292365059868486,0,0,4.66E-05,0.000752556,8.16E-06,1.928458848,0,-0.100534611,5.44E-06,3.64E-05,5.51E-06,0,0.00081624,1.42E-05,6.14E-06,0.31620703848379217,0.4264375069641603,0.1214232383780982,0.03924615621698119,0.006670807490606299,0.0006337409891831311,0.0,0.052181311648548806,0.0,0.009137943,0.000695494,380.28248479072454,-0.031293246,-0.936123188,0.001404020035775101,7.422317319033113,0.009019356968608894,0.000968918,18.84143159412395,54.5038000681386,163.0852766484031,69.47556795335738,0.720565368889172,67.63317744952656,1.6801604951534115,5.451073232501624
2149,0.00010535677686417976,1.7483832306234612e-05,7.97E-06,3.47E-06,2.81E-05,1.88E-05,8.15E-06,0.001089613237123333,20.745949428903558,0.000165707,0.005240478653966225,0,0,4.62E-05,0.000745178,8.08E-06,1.907134174,0,-0.10249922,5.39E-06,3.61E-05,5.45E-06,0,0.000808237,1.41E-05,6.08E-06,0.3131069693235251,0.42225674745007086,0.12023281466460825,0.03886138999096067,0.006605407448702788,0.0006275279569106121,0.0,0.051669730494766634,0.0,0.009048356,0.000688675,378.17943249860645,-0.032016721,-0.968864577,0.0013902554061763102,7.4128794798049125,0.008930932320560437,0.000959418,18.65226808034467,54.05644772168261,161.36836530922378,68.80960606268941,0.7089119267033698,67.54200558246825,1.649413161805699,5.397631338324894
2150,0.00010431419375121614,1.7338133703682656e-05,7.89E-06,3.44E-06,2.79E-05,1.86E-05,8.07E-06,0.001078823706943677,20.54785129208258,0.000164067,0.005188592248063964,0,0,4.57E-05,0.0007378,8.00E-06,1.8858095,0,-0.10446383,5.33E-06,3.57E-05,5.40E-06,0,0.000800235,1.40E-05,6.02E-06,0.3100069001632581,0.41807598686165676,0.11904239037458525,0.03847662376494017,0.006540007406799278,0.0006213145805973227,0.0,0.051158148712044334,0.0,0.008958768,0.000681857,376.0763801066785,-0.032740197,-1.001605967,0.0013764896175484185,7.403441640576711,0.008842506411698266,0.000949919,18.463104566565388,53.609095375226616,159.65145397004449,68.1436441818424,0.6972584834649765,67.45083370575692,1.6186658284579871,5.344189443369483
2151,0.00010327077657176216,1.7143868900280047e-05,7.81E-06,3.40E-06,2.76E-05,1.84E-05,7.99E-06,0.0010680364453784406,20.34237277942707,0.000162426,0.0051367071143238645,0,0,4.53E-05,0.000730422,7.92E-06,1.864484826,0,-0.10642844,5.28E-06,3.54E-05,5.35E-06,0,0.000792233,1.38E-05,5.96E-06,0.30690683159052606,0.41389522734756734,0.11785196666109529,0.03809185753891965,0.0064746073648957675,0.0006151015483248037,0.0,0.05064656755826215,0.0,0.00886918,0.000675038,373.9733278145605,-0.033463672,-1.034347356,0.0013627249879496273,7.39400380134851,0.008754081763649809,0.00094042,18.27394105278611,53.16174302877062,157.93454252324685,67.47768229117442,0.6856050412791742,67.35966182904558,1.5879184965746358,5.290747549192752
2152,0.00010222735939230816,1.6998170297728094e-05,7.73E-06,3.37E-06,2.73E-05,1.82E-05,7.91E-06,0.0010572491838132044,20.136894266771556,0.000160785,0.005084820708421604,0,0,4.48E-05,0.000723044,7.84E-06,1.843160152,0,-0.108393049,5.23E-06,3.50E-05,5.29E-06,0,0.00078423,1.37E-05,5.90E-06,0.30380676243025906,0.4097144678334779,0.11666154294760536,0.03770709131289914,0.006409207322992257,0.0006088885160522847,0.0,0.050134985775539855,0.0,0.008779593,0.000668219,371.87027542263246,-0.034187147,-1.067088745,0.0013489603583508362,7.384565962120309,0.00866565711560135,0.000930921,18.08477753900683,52.714390673479656,156.21763118406756,66.81172041032742,0.673951599093372,67.26848995233424,1.5571711632269236,5.237305655016022
2153,0.00010118477627934456,1.6803905494325488e-05,7.66E-06,3.33E-06,2.70E-05,1.80E-05,7.82E-06,0.0010464596536335483,19.931415754116042,0.000159145,0.005032935574681504,0,0,4.43E-05,0.000715666,7.76E-06,1.821835478,0,-0.110357659,5.17E-06,3.47E-05,5.24E-06,0,0.000776228,1.35E-05,5.84E-06,0.300706693269992,0.40553370724506377,0.11547111865758236,0.037322325086878626,0.006343807281088747,0.0006026751397389953,0.0,0.049623404621757676,0.0,0.008690005,0.000661401,369.7672231305144,-0.034910623,-1.099830135,0.0013351957287520454,7.375128123864642,0.00857723120673918,0.000921422,17.895614025227548,52.26703832702366,154.50071973726992,66.14575851965944,0.6622981558549789,67.1773180756229,1.5264238298792112,5.1838637600606114
2154,0.00010014135909989057,1.6609640690922878e-05,7.58E-06,3.30E-06,2.67E-05,1.79E-05,7.74E-06,0.0010356723920683121,19.72593724146053,0.000157504,0.004981049168779243,0,0,4.39E-05,0.000708288,7.68E-06,1.800510804,0,-0.112322268,5.12E-06,3.43E-05,5.18E-06,0,0.000768226,1.34E-05,5.78E-06,0.29760662410972494,0.4013529477309744,0.11428069494409242,0.036937558860858116,0.006278407239185236,0.0005964621074664763,0.0,0.04911182283903537,0.0,0.008600417,0.000654582,367.6641707385864,-0.035634098,-1.132571524,0.0013214299401241537,7.365690284636441,0.008488806558690722,0.000911922,17.706450511448264,51.81968598056767,152.78380839809063,65.47979662899147,0.6506447136691765,67.08614619891156,1.4956764965314993,5.130421865883881
2155,9.909794192043659e-05,1.6463942088370925e-05,7.50E-06,3.27E-06,2.65E-05,1.77E-05,7.66E-06,0.0010248828618886561,19.520458728805018,0.000155863,0.004929162762876982,0,0,4.34E-05,0.00070091,7.60E-06,1.77918613,0,-0.114286878,5.07E-06,3.39E-05,5.13E-06,0,0.000760223,1.33E-05,5.72E-06,0.29450655553699295,0.397172188216885,0.11309027123060246,0.0365527926348376,0.006213007197281725,0.0005902490751939573,0.0,0.0486002416852532,0.0,0.00851083,0.000647764,365.56111844646836,-0.036357573,-1.165312913,0.0013076653105253625,7.3562524454082405,0.008400381910642265,0.000902423,17.517286997668982,51.372333634111676,151.06689705891134,64.81383474814446,0.6389912714833742,66.99497432220022,1.464929163183787,5.076979971707151
2156,9.805535880747297e-05,1.626967728496832e-05,7.42E-06,3.23E-06,2.62E-05,1.75E-05,7.58E-06,0.0010140956003234197,19.314980216149504,0.000154223,0.004877277629136882,0,0,4.30E-05,0.000693532,7.52E-06,1.757861456,0,-0.116251488,5.01E-06,3.36E-05,5.08E-06,0,0.000752221,1.31E-05,5.66E-06,0.2914064863767259,0.39299142762847084,0.11189984694057947,0.03616802640881709,0.006147607155378215,0.0005840356988806679,0.0,0.048088659902530896,0.0,0.008421242,0.000640945,363.45806615435026,-0.037081049,-1.198054303,0.0012939006809265714,7.346814606180039,0.008311956001780096,0.000892924,17.328123483889705,50.92498128765568,149.3499856121137,64.14787285747649,0.6273378282449811,66.90380244548889,1.4341818298360747,5.02353807675174
2157,9.701194162801899e-05,1.6123978682416363e-05,7.34E-06,3.20E-06,2.59E-05,1.73E-05,7.50E-06,0.0010033060701437639,19.10950170349399,0.000152582,0.004825391223234622,0,0,4.25E-05,0.000686154,7.44E-06,1.736536782,0,-0.118216097,4.96E-06,3.32E-05,5.02E-06,0,0.000744219,1.30E-05,5.60E-06,0.2883064172164589,0.3888106681143814,0.11070942322708953,0.03578326018279658,0.0060822060413252945,0.000577822666608149,0.0,0.04757707874874871,0.0,0.008331654,0.000634127,361.3550137624223,-0.037804524,-1.230795692,0.0012801360513277806,7.337376766951838,0.008223531353731639,0.000883425,17.138959970110424,50.47762894119969,147.6330742729344,63.481910976629486,0.6156843860591787,66.81263056877755,1.4034344964883625,4.97009618257501
2158,9.5968524448565e-05,1.5929713879013757e-05,7.26E-06,3.16E-06,2.56E-05,1.71E-05,7.42E-06,0.0009925188085785274,18.90402319083848,0.000150941,0.00477350481733236,0,0,4.21E-05,0.000678776,7.36E-06,1.715212108,0,-0.120180707,4.91E-06,3.29E-05,4.97E-06,0,0.000736216,1.28E-05,5.54E-06,0.2852063480561918,0.38462990860029206,0.10951899951359959,0.03539849395677607,0.006016805999421784,0.0005716096343356299,0.0,0.04706549696602641,0.0,0.008242067,0.000627308,359.25196147030425,-0.038527999,-1.263537081,0.001266370262699889,7.327938927723636,0.00813510670568318,0.000873926,16.949796466643832,50.0302765947437,145.9161629337551,62.815949085961506,0.6040309438733764,66.72145869206621,1.3726871646050114,4.91665428839828
2159,9.492594133560139e-05,1.57840152764618e-05,7.18E-06,3.13E-06,2.54E-05,1.69E-05,7.34E-06,0.0009817292783988714,18.698544678182966,0.000149301,0.004721619683592261,0,0,4.16E-05,0.000671398,7.28E-06,1.693887434,0,-0.122145316,4.85E-06,3.25E-05,4.91E-06,0,0.000728214,1.27E-05,5.48E-06,0.2821062794834598,0.38044914801187785,0.10832857522357658,0.035013727730755555,0.005951405957518274,0.0005653962580223405,0.0,0.04655391581224424,0.0,0.008152479,0.00062049,357.1489090783763,-0.039251475,-1.296278471,0.0012526056331010978,7.318501088495435,0.00804668079682101,0.000864427,16.760632952864547,49.5829242482877,144.19925148695748,62.1499872051145,0.5923775006349834,66.63028681535488,1.341939831257299,4.863212393442869
2160,9.388252415614742e-05,1.5589750473059195e-05,7.10E-06,3.09E-06,2.51E-05,1.67E-05,7.26E-06,0.0009709420168336352,18.493066165527452,0.00014766,0.00466973327769,0,0,4.11E-05,0.00066402,7.20E-06,1.67256276,0,-0.124109926,4.80E-06,3.22E-05,4.86E-06,0,0.000720212,1.26E-05,5.42E-06,0.2790062103231928,0.3762683884977885,0.10713815151008664,0.034628961504735045,0.005886005915614762,0.0005591832257498215,0.0,0.04604233402952193,0.0,0.008062891,0.000613671,355.04585678625824,-0.03997495,-1.32901986,0.0012388410035023066,7.309063249267234,0.007958256148772552,0.000854927,16.571469439085266,49.13557189299674,142.48234014777816,61.48402531444652,0.5807240584491811,66.53911494829656,1.3111924979095868,4.809770499266139
2161,9.283910697669344e-05,1.539548566965659e-05,7.02E-06,3.06E-06,2.48E-05,1.66E-05,7.18E-06,0.0009601547552683989,18.287587652871938,0.000146019,0.0046178481439499,0,0,4.07E-05,0.000656642,7.12E-06,1.651238086,0,-0.126074536,4.75E-06,3.18E-05,4.81E-06,0,0.000712209,1.24E-05,5.36E-06,0.2759061411629257,0.37208762898369907,0.1059477277965967,0.03424419527871453,0.005820605873711251,0.0005529701934773025,0.0,0.04553075224679963,0.0,0.007973304,0.000606852,352.9428043943302,-0.040698425,-1.361761249,0.0012250763739035159,7.299625411011568,0.007869831500724095,0.000845428,16.382305925305985,48.68821954654074,140.76542880859887,60.81806342377854,0.5690706162633786,66.44794307158523,1.2804451645618746,4.756328605089409
2162,9.179652386372982e-05,1.5249787067104632e-05,6.95E-06,3.03E-06,2.45E-05,1.64E-05,7.10E-06,0.000949365225088743,18.082109140216428,0.000144379,0.004565961738047639,0,0,4.02E-05,0.000649264,7.04E-06,1.629913412,0,-0.128039145,4.69E-06,3.14E-05,4.75E-06,0,0.000704207,1.23E-05,5.30E-06,0.27280607259019374,0.3679068683952849,0.1047573035065737,0.03385942905269402,0.005755205831807741,0.0005467568171640131,0.0,0.04501917109301746,0.0,0.007883716,0.000600034,350.8397521022122,-0.041421901,-1.394502639,0.0012113117443047247,7.290187571783367,0.007781405591861926,0.000835929,16.193142411526704,48.24086720008475,139.04851736180123,60.15210154293154,0.5574171730249856,66.35677119487389,1.2496978312141624,4.702886710133998
2163,9.075310668427584e-05,1.5055522263702026e-05,6.87E-06,2.99E-06,2.42E-05,1.62E-05,7.02E-06,0.0009385779635235066,17.876630627560914,0.000142738,0.004514075332145378,0,0,3.98E-05,0.000641886,6.96E-06,1.608588738,0,-0.130003755,4.64E-06,3.11E-05,4.70E-06,0,0.000696204,1.21E-05,5.24E-06,0.2697060034299267,0.3637261088811955,0.10356687979308374,0.03347466282667351,0.005689805789904231,0.0005405437848914941,0.0,0.04450758931029516,0.0,0.007794128,0.000593215,348.73669971028414,-0.042145376,-1.427244028,0.001197545955676833,7.280749732555166,0.007692980943813469,0.00082643,16.003978897747423,47.79351485362876,137.33160602262194,59.48613965226357,0.5457637308391833,66.26559931816254,1.2189504978664503,4.649444815957268
2164,8.970968950482185e-05,1.4909823661150071e-05,6.79E-06,2.96E-06,2.40E-05,1.60E-05,6.94E-06,0.0009277884333438506,17.671152106061637,0.000141097,0.004462190198405279,0,0,3.93E-05,0.000634508,6.88E-06,1.587264064,0,-0.131968364,4.59E-06,3.07E-05,4.64E-06,0,0.000688202,1.20E-05,5.18E-06,0.2666059342696596,0.35954534936710614,0.10237645607959381,0.03308989660065299,0.00562440574800072,0.0005343307526189751,0.0,0.04399600815651297,0.0,0.00770454,0.000586397,346.6336474181661,-0.042868851,-1.459985417,0.0011837813260780418,7.271311893326964,0.007604556295765011,0.000816931,15.814815383968144,47.346162507172764,135.61469468344265,58.82017777141656,0.534110288653381,66.17442744145121,1.188203164518738,4.596002921780537
2165,8.866710639185824e-05,1.4715558857747465e-05,6.71E-06,2.92E-06,2.37E-05,1.58E-05,6.86E-06,0.0009170011717786143,17.465673593406127,0.000139457,0.004410303792503017,0,0,3.89E-05,0.00062713,6.80E-06,1.56593939,0,-0.133932974,4.53E-06,3.04E-05,4.59E-06,0,0.0006802,1.19E-05,5.12E-06,0.2635058651093926,0.355364588778692,0.10118603178957081,0.032705130374632484,0.00555900570609721,0.0005281173763056858,0.0,0.04348442637379068,0.0,0.007614953,0.000579578,344.53059512604807,-0.043592327,-1.492726807,0.001170016696479251,7.2618740540987625,0.007516130386902841,0.000807431,15.625651870188863,46.89881016071677,133.897783236645,58.15421588074858,0.5224568454149878,66.08325556473987,1.1574558326353868,4.542561026825126
2166,8.762368921240425e-05,1.4569860255195509e-05,6.63E-06,2.89E-06,2.34E-05,1.56E-05,6.78E-06,0.0009062116415989584,17.260195080750613,0.000137816,0.004358417386600757,0,0,3.84E-05,0.000619752,6.72E-06,1.544614716,0,-0.135897584,4.48E-06,3.00E-05,4.54E-06,0,0.000672197,1.17E-05,5.06E-06,0.26040579653666057,0.35118382926460256,0.09999560807608086,0.03232036414861197,0.0054936056641936995,0.0005219043440331668,0.0,0.0429728452200085,0.0,0.007525365,0.00057276,342.42754273412004,-0.044315802,-1.525468196,0.00115625206688046,7.252436214870562,0.007427705738854383,0.000797932,15.436488356409582,46.45145781426078,132.1808718974657,57.48825399990157,0.5108034032291855,65.99208368802854,1.1267084992876746,4.489119132648396
2167,8.658027203295027e-05,1.4375595451792903e-05,6.55E-06,2.85E-06,2.31E-05,1.54E-05,6.70E-06,0.0008954243800337221,17.0547165680951,0.000136175,0.004306532252860657,0,0,3.79E-05,0.000612374,6.64E-06,1.523290042,0,-0.137862193,4.43E-06,2.97E-05,4.48E-06,0,0.000664195,1.16E-05,5.00E-06,0.25730572737639357,0.3470030697505132,0.0988051843625909,0.03193559792259146,0.005428205622290189,0.0005156913117606478,0.0,0.04246126343728619,0.0,0.007435777,0.000565941,340.324490442002,-0.045039277,-1.558209585,0.0011424862782525682,7.242998375642361,0.007339281090805925,0.000788433,15.2473248426303,46.00410545896981,130.4639605582864,56.8222921092336,0.49914996104338316,65.9009118113172,1.0959611659399624,4.435677238471666
2168,8.553768891998665e-05,1.4181330648390297e-05,6.47E-06,2.82E-06,2.28E-05,1.53E-05,6.61E-06,0.0008846371184684857,16.849238055439585,0.000134535,0.004254645846958396,0,0,3.75E-05,0.000604996,6.56E-06,1.501965368,0,-0.139826803,4.37E-06,2.93E-05,4.43E-06,0,0.000656193,1.14E-05,4.94E-06,0.2542056582161265,0.342822309162099,0.09761476007256793,0.03155083169657095,0.005362805580386679,0.0005094779354473584,0.0,0.04194968228350402,0.0,0.00734619,0.000559122,338.221438050074,-0.045762753,-1.590950975,0.0011287216486537772,7.233560537386695,0.007250855181943755,0.000778934,15.058161339163707,45.55675311251382,128.74704911148876,56.15633021856562,0.4874965178049901,65.80973993460586,1.0652138325922502,4.382235343516255
2169,8.449427174053267e-05,1.403563204583834e-05,6.39E-06,2.78E-06,2.26E-05,1.51E-05,6.53E-06,0.0008738475882888297,16.643759542784075,0.000132894,0.004202760713218297,0,0,3.70E-05,0.000597618,6.48E-06,1.480640694,0,-0.141791412,4.32E-06,2.89E-05,4.37E-06,0,0.00064819,1.13E-05,4.88E-06,0.25110558905585945,0.33864154964800963,0.09642433635907798,0.03116606547055043,0.0052974055384831685,0.0005032649031748394,0.0,0.04143810050078172,0.0,0.007256602,0.000552304,336.118385757956,-0.046486228,-1.623692364,0.001114957019054986,7.224122698158493,0.007162430533895297,0.000769435,14.868997825384426,45.109400766057824,127.03013777230949,55.490368337718614,0.47584307561918776,65.71856805789453,1.034466499244538,4.328793449339525
2170,8.345085456107869e-05,1.3841367242435735e-05,6.31E-06,2.75E-06,2.23E-05,1.49E-05,6.45E-06,0.0008630603267235934,16.43828103012856,0.000131253,0.004150874307316035,0,0,3.66E-05,0.00059024,6.40E-06,1.45931602,0,-0.143756022,4.27E-06,2.86E-05,4.32E-06,0,0.000640188,1.12E-05,4.82E-06,0.2480055204831275,0.3344607901339202,0.09523391264558803,0.03078129924452992,0.005232005496579658,0.0004970518709023203,0.0,0.040926519346999535,0.0,0.007167014,0.000545485,334.01533336602796,-0.047209703,-1.656433753,0.0011011923894561951,7.214684858930291,0.00707400588584684,0.000759935,14.679834311605145,44.66204841960183,125.31322632551185,54.82440644705064,0.46418963343338543,65.62739618118319,1.0037191658968256,4.2753515551627945
2171,8.240576924864396e-05,1.3695668639883778e-05,6.23E-06,2.72E-06,2.20E-05,1.47E-05,6.37E-06,0.0008522707965439375,16.232802517473047,0.000129613,0.004098987901413775,0,0,3.61E-05,0.000582862,6.32E-06,1.437991346,0,-0.145720632,4.21E-06,2.82E-05,4.27E-06,0,0.000632186,1.10E-05,4.76E-06,0.24490545132286046,0.33028002954550606,0.09404348835556503,0.030396533018509406,0.005166605454676148,0.000490838494589031,0.0,0.04041493756427724,0.0,0.007077427,0.000538667,331.9122810739099,-0.047933179,-1.689175143,0.0010874266008283034,7.2052470197020915,0.006985579976984671,0.000750436,14.490670797825864,44.21469607314584,123.59631498633256,54.158444566203634,0.4525361901949923,65.53622431412488,0.9729718325491135,4.221909660207384
2172,8.140488946019889e-05,1.3501403836481172e-05,6.16E-06,2.68E-06,2.17E-05,1.45E-05,6.29E-06,0.0008414835349787012,16.027324004817533,0.000127972,0.004047102767673675,0,0,3.57E-05,0.000575484,6.24E-06,1.416666672,0,-0.147685241,4.16E-06,2.79E-05,4.21E-06,0,0.000624183,1.09E-05,4.70E-06,0.2418053821625934,0.32609927003141664,0.09285306464207509,0.030011766792488893,0.005101205412772637,0.00048462546231651203,0.0,0.03990335641049506,0.0,0.006987839,0.000531848,329.80922868198195,-0.048656654,-1.721916532,0.0010736619712295125,7.19580918047389,0.006897155328936213,0.000740937,14.301507284046583,43.767343726689845,121.87940364715325,53.49248267553566,0.44088274800919003,65.44505243741354,0.9422245006657624,4.168467766030654
2173,8.032060302271674e-05,1.3355705233929218e-05,6.08E-06,2.65E-06,2.15E-05,1.43E-05,6.21E-06,0.0008306940047990452,15.821845492162021,0.000126331,0.003995216361771414,0,0,3.52E-05,0.000568106,6.16E-06,1.395341998,0,-0.149649851,4.11E-06,2.75E-05,4.16E-06,0,0.000616181,1.07E-05,4.64E-06,0.23870531300232636,0.3219185105173273,0.09166264092858514,0.02962700056646838,0.005035805370869127,0.00047841243004399293,0.0,0.039391774627772755,0.0,0.006898251,0.00052503,327.70617638986386,-0.049380129,-1.754657921,0.0010598973416307213,7.186371341245688,0.006808730680887755,0.000731438,14.112343770267303,43.31999138023385,120.16249220035563,52.826520794688655,0.42922930582338764,65.3538805607022,0.9114771673180501,4.115025871853923
2174,7.931972323427167e-05,1.316144043052661e-05,6.00E-06,2.61E-06,2.12E-05,1.41E-05,6.13E-06,0.0008199067432338088,15.616366979506507,0.000124691,0.0039433299558691536,0,0,3.47E-05,0.000560728,6.08E-06,1.374017324,0,-0.15161446,4.05E-06,2.72E-05,4.10E-06,0,0.000608179,1.06E-05,4.57E-06,0.23560524442959432,0.3177377499289131,0.09047221663856214,0.02924223434044787,0.004970405328965617,0.0004721990537307036,0.0,0.038880193473990576,0.0,0.006808664,0.000518211,325.6031240977458,-0.050103605,-1.787399311,0.0010461327120319303,7.176933502017488,0.006720304772025585,0.000721939,13.92318025648802,42.87263903377786,118.44558086117632,52.160558904020675,0.41757586363758536,65.26270868399087,0.8807298339703379,4.061583976898513
2175,7.823543679678952e-05,1.2967175627124002e-05,5.92E-06,2.58E-06,2.09E-05,1.40E-05,6.05E-06,0.0008091194816685725,15.410888466850995,0.00012305,0.0038914448221290536,0,0,3.43E-05,0.00055335,6.00E-06,1.35269265,0,-0.15357907,4.00E-06,2.68E-05,4.05E-06,0,0.000600176,1.05E-05,4.51E-06,0.23250517526932732,0.3135569904148237,0.0892817929250722,0.028857468114427357,0.004905005287062106,0.0004659860214581846,0.0,0.03836861169126828,0.0,0.006719076,0.000511392,323.5000717058178,-0.05082708,-1.8201407,0.0010323680824331392,7.167495662789286,0.006631880123977127,0.000712439,13.734016742708741,42.42528667848689,116.72866952199702,51.49459702317367,0.40592242039919224,65.17153680727952,0.8499825006226256,4.008142082721783
2176,7.715115035930736e-05,1.282147702457205e-05,5.84E-06,2.54E-06,2.06E-05,1.38E-05,5.97E-06,0.0007983299514889166,15.205409954195481,0.000121409,0.0038395584162267925,0,0,3.38E-05,0.000545972,5.92E-06,1.331367976,0,-0.15554368,3.95E-06,2.64E-05,4.00E-06,0,0.000592174,1.03E-05,4.45E-06,0.22940510610906029,0.3093762309007343,0.08809136921158225,0.028472701888406844,0.004839605245158596,0.00045977298918566556,0.0,0.037857029908545975,0.0,0.006629488,0.000504574,321.39701941369975,-0.051550555,-1.852882089,0.0010186022938052477,7.15805782453362,0.00654345547592867,0.00070294,13.54485322892946,41.9779343320309,115.0117580751994,50.828635132505696,0.39426897821338996,65.08036493056818,0.8192351672749135,3.9547001885450523
2177,7.615027057086229e-05,1.262721222116944e-05,5.76E-06,2.51E-06,2.03E-05,1.36E-05,5.89E-06,0.0007875426899236803,14.99993144153997,0.000119769,0.003787673282486693,0,0,3.34E-05,0.000538594,5.84E-06,1.310043302,0,-0.157508289,3.89E-06,2.61E-05,3.94E-06,0,0.000584172,1.02E-05,4.39E-06,0.22630503753632825,0.3051954703123202,0.08690094492155925,0.02808793566238633,0.004774205203255084,0.00045355961287237625,0.0,0.037345448754763796,0.0,0.006539901,0.000497755,319.2939670217718,-0.052274031,-1.885623479,0.0010048376642064565,7.148619985305419,0.0064550295670665,0.000693441,13.355689715150177,41.530581985574905,113.29484673602009,50.16267324183772,0.3826155360275876,64.98919305385685,0.7884878339272012,3.901258293589642
2178,7.506598413338014e-05,1.2481513618617487e-05,5.68E-06,2.48E-06,2.01E-05,1.34E-05,5.81E-06,0.0007767531597440243,14.794452928884455,0.000118128,0.003735786876584432,0,0,3.29E-05,0.000531216,5.76E-06,1.288718628,0,-0.159472899,3.84E-06,2.57E-05,3.89E-06,0,0.000576169,1.00E-05,4.33E-06,0.2232049683760612,0.3010147107982308,0.08571052120806931,0.02770316943636582,0.0047088051613515735,0.00044734658059985725,0.0,0.0368338669720415,0.0,0.006450313,0.000490937,317.19091472965374,-0.052997506,-1.918364868,0.0009910730346076656,7.139182146077218,0.006366604919018042,0.000683942,13.166526211683586,41.08322963911891,111.5779353968408,49.496711360990716,0.37096209278919445,64.89802117714551,0.757740500579489,3.8478163994129106
2179,7.406510434493507e-05,1.2287248815214879e-05,5.60E-06,2.44E-06,1.98E-05,1.32E-05,5.73E-06,0.0007659658981787879,14.588974416228943,0.000116487,0.003683900470682171,0,0,3.25E-05,0.000523838,5.68E-06,1.267393954,0,-0.161437508,3.79E-06,2.54E-05,3.83E-06,0,0.000568167,9.91E-06,4.27E-06,0.2201048992157942,0.29683395128414136,0.08452009749457937,0.02731840321034531,0.004643405119448063,0.0004411335483273382,0.0,0.03632228581825932,0.0,0.006360725,0.000484118,315.08786233772577,-0.053720981,-1.951106257,0.0009773084050088744,7.129744306849017,0.006278180270969584,0.000674443,12.977362697904303,40.63587729266292,109.86102395004318,48.830749470322736,0.3593086506033922,64.80684930043417,0.7269931686961378,3.794374505236181
2180,7.29808179074529e-05,1.2141550212662925e-05,5.52E-06,2.41E-06,1.95E-05,1.30E-05,5.65E-06,0.000755176367999132,14.38349590357343,0.000114847,0.0036320153369420716,0,0,3.20E-05,0.00051646,5.60E-06,1.24606928,0,-0.163402118,3.73E-06,2.50E-05,3.78E-06,0,0.000560165,9.77E-06,4.21E-06,0.21700483005552715,0.29265319069572726,0.08332967320455638,0.026933636984324796,0.004578005077544553,0.00043492017201404883,0.0,0.03581070403553702,0.0,0.006271138,0.0004773,312.9848100456077,-0.054444457,-1.983847647,0.0009635426163809829,7.120306467620815,0.006189754362107415,0.000664943,12.788199184125023,40.188524946206925,108.14411261086387,48.16478758947573,0.34765520841758984,64.71567742372284,0.6962458353484257,3.74093261028077
2181,7.197993811900783e-05,1.1947285409260318e-05,5.45E-06,2.37E-06,1.92E-05,1.28E-05,5.57E-06,0.0007443891064338957,14.178017390917917,0.000113206,0.0035801289310398105,0,0,3.15E-05,0.000509082,5.52E-06,1.224744606,0,-0.165366728,3.68E-06,2.47E-05,3.73E-06,0,0.000552162,9.63E-06,4.15E-06,0.21390476148279514,0.28847243118163785,0.08213924949106642,0.026548870758304283,0.0045126050356410425,0.0004287071397415299,0.0,0.035299122881754845,0.0,0.00618155,0.000470481,310.88175775348964,-0.055167932,-2.016589036,0.0009497779867821918,7.1108686283926135,0.006101329714058957,0.000655444,12.599035670345742,39.74117259975093,106.42720122863723,47.49882569880776,0.3360017651791967,64.6245055470115,0.6654985020007134,3.6874907161040396
2182,7.089565168152568e-05,1.1801586806708362e-05,5.37E-06,2.34E-06,1.89E-05,1.26E-05,5.49E-06,0.0007336018448686594,13.972538878262403,0.000111565,0.0035282425251375498,0,0,3.11E-05,0.000501704,5.44E-06,1.203419932,0,-0.167331337,3.63E-06,2.43E-05,3.67E-06,0,0.00054416,9.49E-06,4.09E-06,0.2108046923225281,0.28429167166754843,0.08094882577757648,0.026164104532283773,0.004447204993737532,0.00042249410746901083,0.0,0.03478754109903254,0.0,0.006091962,0.000463662,308.7787053615616,-0.055891407,-2.049330425,0.0009360133571834007,7.101430789164413,0.0060129050660105,0.000645945,12.409872156566461,39.293820244459965,104.7102898464106,46.83286381796075,0.3243483229933944,64.53333367995319,0.6347511686530012,3.6340488219273097
2183,6.989477189308061e-05,1.1607322003305756e-05,5.29E-06,2.30E-06,1.87E-05,1.25E-05,5.40E-06,0.0007228123146890033,13.767060365606891,0.000109925,0.00347635739139745,0,0,3.06E-05,0.000494326,5.36E-06,1.182095258,0,-0.169295947,3.57E-06,2.39E-05,3.62E-06,0,0.000536157,9.35E-06,4.03E-06,0.20770462316226104,0.2801109110791343,0.07975840148755348,0.02577933830626326,0.004381804951834022,0.00041628073115572146,0.0,0.03427595994525036,0.0,0.006002375,0.000456844,306.67565306944357,-0.056614883,-2.082071815,0.0009222487275846097,7.091992950908747,0.00592447915714833,0.000636446,12.22070864278718,38.84646789800397,102.99337847494581,46.16690192729277,0.3126948808075921,64.44216180324185,0.6040038353052889,3.5806069269718988
2184,6.881048545559845e-05,1.1413057199903148e-05,5.21E-06,2.27E-06,1.84E-05,1.23E-05,5.32E-06,0.000712025053123767,13.56158185295138,0.000108284,0.003424470985495189,0,0,3.02E-05,0.000486948,5.28E-06,1.160770584,0,-0.171260556,3.52E-06,2.36E-05,3.56E-06,0,0.000528155,9.21E-06,3.97E-06,0.20460455400199404,0.2759301515650449,0.07856797777406355,0.025394572080242747,0.004316404909930511,0.0004100676988832024,0.0,0.033764378162528065,0.0,0.005912787,0.000450025,304.5726006775156,-0.057338358,-2.114813204,0.0009084829389567181,7.082555111680546,0.005836054509099872,0.000626947,12.031545129007899,38.39911555154798,101.27646709271917,45.50094003662479,0.301041437569199,64.35098992653052,0.5732565019575767,3.5271650327951685
2185,6.780960566715338e-05,1.1267358597351194e-05,5.13E-06,2.23E-06,1.81E-05,1.21E-05,5.24E-06,0.0007012355229441111,13.356103340295865,0.000106643,0.0033725858517550896,0,0,2.97E-05,0.00047957,5.20E-06,1.13944591,0,-0.173225166,3.47E-06,2.32E-05,3.51E-06,0,0.000520153,9.07E-06,3.91E-06,0.201504485429262,0.2717493920509555,0.07737755406057359,0.025009805854222234,0.004251004868027001,0.0004038546666106834,0.0,0.03325279700874588,0.0,0.005823199,0.000443207,302.4695483853975,-0.058061833,-2.147554593,0.0008947183093579269,7.073117272452344,0.005747629861051414,0.000617448,11.842381615228618,37.951763205091986,99.55955572125437,44.8349781557778,0.28938799538339666,64.25981804981917,0.5425091686098645,3.473723138618438
2186,6.672531922967123e-05,1.1073093793948586e-05,5.05E-06,2.20E-06,1.78E-05,1.19E-05,5.16E-06,0.0006904482613788748,13.150624827640353,0.000105003,0.0033206994458528285,0,0,2.93E-05,0.000472192,5.12E-06,1.118121236,0,-0.175189776,3.41E-06,2.29E-05,3.46E-06,0,0.00051215,8.93E-06,3.85E-06,0.19840441626899497,0.26756863146254134,0.07618712977055059,0.02462503962820172,0.004185604826123491,0.0003976412902973941,0.0,0.03274121522602358,0.0,0.005733612,0.000436388,300.3664959934696,-0.058785309,-2.180295983,0.0008809536797591359,7.063679433224143,0.005659203952189245,0.000607948,11.653218101449337,37.50441085863599,97.84264433902774,44.16901626510982,0.2777345531975943,64.16864617310783,0.5117618367265133,3.4202812436630277
2187,6.572443944122616e-05,1.0927395191396633e-05,4.97E-06,2.17E-06,1.76E-05,1.17E-05,5.08E-06,0.0006796587311992188,12.94514631498484,0.000103362,0.0032688130399505673,0,0,2.88E-05,0.000464814,5.04E-06,1.096796562,0,-0.177154385,3.36E-06,2.25E-05,3.40E-06,0,0.000504148,8.79E-06,3.79E-06,0.19530434710872793,0.2633878719484519,0.07499670605706064,0.02424027340218121,0.00412020478421998,0.00039142825802487505,0.0,0.03222963407224141,0.0,0.005644024,0.00042957,298.2634437013515,-0.059508784,-2.213037372,0.0008671890501603449,7.054241593995942,0.005570779304140788,0.000598449,11.464054587670056,37.05705851218,96.12573295680112,43.50305438426281,0.26608110995920126,64.0774742963965,0.4810145033788011,3.3668393494862974
2188,6.4640153003744e-05,1.0733130387994024e-05,4.89E-06,2.13E-06,1.73E-05,1.15E-05,5.00E-06,0.0006688714696339824,12.739667802329327,0.000101721,0.003216927906210468,0,0,2.83E-05,0.000457436,4.96E-06,1.075471888,0,-0.179118995,3.31E-06,2.22E-05,3.35E-06,0,0.000496146,8.65E-06,3.73E-06,0.19220427794846093,0.25920711243436256,0.07380628234357071,0.0238555071761607,0.00405480474231647,0.00038521522575235605,0.0,0.0317180522895191,0.0,0.005554436,0.000422751,296.1603913094235,-0.060232259,-2.245778761,0.0008534232615324533,7.044803754767741,0.00548235465609233,0.00058895,11.274891084203462,36.609706165724006,94.40882158533631,42.83709249359483,0.2544276677733989,63.98630241968516,0.45026717003108885,3.313397455309567
2189,6.363927321529893e-05,1.058743178544207e-05,4.81E-06,2.10E-06,1.70E-05,1.13E-05,4.92E-06,0.0006580819394543264,12.534189289673813,0.000100081,0.003165041500308207,0,0,2.79E-05,0.000450058,4.88E-06,1.054147214,0,-0.181083604,3.25E-06,2.18E-05,3.29E-06,0,0.000488143,8.51E-06,3.67E-06,0.1891042093757289,0.25502635184594835,0.07261585805354771,0.023470740950140186,0.00398940470041296,0.0003790018494390667,0.0,0.031206471135736925,0.0,0.005464848,0.000415933,294.0573390173054,-0.060955735,-2.278520151,0.0008396586319336622,7.035365915539539,0.00539392874723016,0.000579451,11.085727570424181,36.16235381926801,92.69191020310969,42.17113061274783,0.2427742255875966,63.89513054297382,0.4195198366833767,3.2599555603541566
2190,6.255498677781676e-05,1.0393166982039463e-05,4.74E-06,2.06E-06,1.67E-05,1.12E-05,4.84E-06,0.0006472946778890902,12.328710777018301,9.84E-05,0.003113155094405946,0,0,2.74E-05,0.00044268,4.80E-06,1.03282254,0,-0.183048214,3.20E-06,2.14E-05,3.24E-06,0,0.000480141,8.37E-06,3.61E-06,0.18600414021546186,0.250845592331859,0.07142543434005776,0.023085974724119673,0.003924004658509448,0.0003727888171665476,0.0,0.030694889353014624,0.0,0.005375261,0.000409114,291.9542867251874,-0.06167921,-2.31126154,0.0008258940023348712,7.025928076311338,0.005305504099181702,0.000569952,10.896564056644902,35.715001463977046,90.97499883164488,41.50516872207985,0.23112078234920347,63.80395866626249,0.38877250333566443,3.2065136661774263
2191,6.155410698937171e-05,1.0198902178636855e-05,4.66E-06,2.03E-06,1.64E-05,1.10E-05,4.76E-06,0.0006365074163238539,12.123232264362787,9.68E-05,0.0030612699606658465,0,0,2.70E-05,0.000435302,4.72E-06,1.011497866,0,-0.185012824,3.15E-06,2.11E-05,3.19E-06,0,0.000472139,8.23E-06,3.55E-06,0.1829040710551948,0.2466648328177696,0.07023501062656781,0.022701208498099163,0.003858604616605938,0.0003665757848940287,0.0,0.030183307570292323,0.0,0.005285673,0.000402295,289.8512343332594,-0.062402685,-2.344002929,0.0008121293727360801,7.016490238055672,0.005217079451133244,0.000560452,10.70740054286562,35.26764911752105,89.25808744941826,40.839206841232844,0.21946734016340114,63.712786789551146,0.3580251699879522,3.1530717720006955
2192,6.046982055188955e-05,1.00532035760849e-05,4.58E-06,1.99E-06,1.62E-05,1.08E-05,4.68E-06,0.0006257178861441979,11.917753751707275,9.52E-05,0.0030093835547635854,0,0,2.65E-05,0.000427924,4.64E-06,0.990173192,0,-0.186977433,3.09E-06,2.07E-05,3.13E-06,0,0.000464136,8.09E-06,3.49E-06,0.1798040024824628,0.24248407222935542,0.06904458633654481,0.02231644227207865,0.0037932045747024277,0.0003603624085807393,0.0,0.029671726416510145,0.0,0.005196085,0.000395477,287.7481820411413,-0.063126161,-2.376744319,0.000798364743137289,7.007052398827471,0.005128653542271074,0.000550953,10.518237029086338,34.82029677106506,87.54117607795345,40.17324495056487,0.2078138979775988,63.6216149128398,0.32727783664024,3.099629877045285
2193,5.9468940763444475e-05,9.858938772682295e-06,4.50E-06,1.96E-06,1.59E-05,1.06E-05,4.60E-06,0.0006149306245789615,11.712275239051761,9.35E-05,0.002957498421023486,0,0,2.61E-05,0.000420546,4.56E-06,0.968848518,0,-0.188942043,3.04E-06,2.04E-05,3.08E-06,0,0.000456134,7.95E-06,3.43E-06,0.17670393332219578,0.23830331271526603,0.06785416262305487,0.021931676046058137,0.0037278045327989173,0.00035414937630822026,0.0,0.02916014463378784,0.0,0.005106498,0.000388658,285.64512964921335,-0.063849636,-2.409485708,0.0007845989545093974,6.99761455959927,0.005040228894222616,0.000541454,10.329073515307059,34.37294442460907,85.82426469572681,39.50728305989689,0.1961604547392057,63.5304430457815,0.2965305047568888,3.0461879828685547
2194,5.838465432596232e-05,9.71324017013034e-06,4.42E-06,1.93E-06,1.56E-05,1.04E-05,4.52E-06,0.0006041410943993055,11.50679672639625,9.19E-05,0.002905612015121225,0,0,2.56E-05,0.000413168,4.48E-06,0.947523844,0,-0.190906652,2.99E-06,2.00E-05,3.02E-06,0,0.000448132,7.81E-06,3.37E-06,0.17360386416192872,0.23412255320117664,0.06666373890956492,0.021546909820037624,0.0036624034187459965,0.00034793634403570126,0.0,0.028648563480005666,0.0,0.00501691,0.00038184,283.54207735709525,-0.064573111,-2.442227097,0.0007708343249106064,6.988176720371069,0.004951804246174159,0.000531955,10.139910003590314,33.92559207815307,84.10735332426202,38.84132117904989,0.1845070125534034,63.43927116907017,0.2657831714091766,2.9927460886918245
2195,5.7383774537517256e-05,9.518975366727732e-06,4.34E-06,1.89E-06,1.53E-05,1.02E-05,4.44E-06,0.0005933538328340693,11.301318213740737,9.02E-05,0.002853725609218964,0,0,2.51E-05,0.00040579,4.40E-06,0.92619917,0,-0.192871262,2.93E-06,1.97E-05,2.97E-06,0,0.000440129,7.67E-06,3.31E-06,0.17050379500166168,0.22994179261276249,0.06547331461954194,0.021162143594017115,0.003597003376842486,0.00034172296772241195,0.0,0.028136981697283365,0.0,0.004927322,0.000375021,281.43902496516733,-0.065296587,-2.474968487,0.0007570696953118154,6.978738881142867,0.00486337833731199,0.000522456,9.950746490842302,33.47823973169708,82.3904419420354,38.17535928838191,0.17285357036760107,63.348099292358825,0.23503583806146436,2.9393041937364135
2196,5.62994881000351e-05,9.373276764175778e-06,4.26E-06,1.86E-06,1.50E-05,1.00E-05,4.36E-06,0.0005825643026544133,11.095839701085223,8.86E-05,0.0028018404754788645,0,0,2.47E-05,0.000398412,4.32E-06,0.904874496,0,-0.194835872,2.88E-06,1.93E-05,2.92E-06,0,0.000432127,7.53E-06,3.25E-06,0.16740372642892964,0.22576103309867307,0.06428289090605198,0.0207773773679966,0.0035316033349389753,0.0003355099354498929,0.0,0.027625400543501183,0.0,0.004837735,0.000368203,279.33597267304924,-0.066020062,-2.507709876,0.0007433050657130243,6.969301041914666,0.004774953689263532,0.000512956,9.76158297809429,33.03088738524109,80.67353057057059,37.509397407534905,0.16120012712920795,63.25692741564748,0.20428850471375215,2.885862299559683
2197,5.529860831159003e-05,9.17901196077317e-06,4.18E-06,1.82E-06,1.48E-05,9.86E-06,4.28E-06,0.000571777041089177,10.890361188429711,8.70E-05,0.0027499540695766034,0,0,2.42E-05,0.000391034,4.24E-06,0.883549822,0,-0.196800481,2.83E-06,1.89E-05,2.86E-06,0,0.000424125,7.40E-06,3.19E-06,0.16430365726866264,0.22158027358458368,0.06309246719256204,0.02039261114197609,0.0034662032930354645,0.0003292969031773739,0.0,0.027113818760778886,0.0,0.004748147,0.000361384,277.23292028112127,-0.066743537,-2.540451265,0.0007295392770851326,6.959863202686464,0.004686529041215074,0.000503457,9.572419465346279,32.58353502995012,78.95661918834396,36.843435516866926,0.14954668494340564,63.16575553893615,0.17354117136603994,2.832420405382953
2198,5.4214321874107865e-05,8.984747157370564e-06,4.10E-06,1.79E-06,1.45E-05,9.67E-06,4.19E-06,0.0005609897795239406,10.684882675774197,8.53E-05,0.0026980676636743427,0,0,2.38E-05,0.000383656,4.16E-06,0.862225148,0,-0.198765091,2.77E-06,1.86E-05,2.81E-06,0,0.000416122,7.26E-06,3.13E-06,0.1612035881083956,0.21739951299616955,0.06190204290253904,0.020007844915955576,0.003400803251131954,0.00032308352686408453,0.0,0.026602237606996707,0.0,0.004658559,0.000354565,275.12986798900323,-0.067467013,-2.573192655,0.0007157746474863416,6.950425364430799,0.004598103132352905,0.000493958,9.383255952598265,32.13618268349413,77.23970781687916,36.177473636019926,0.1378932427576033,63.07458366222481,0.14279383801832773,2.7789785104275424
2199,5.321344208566281e-05,8.839048554818608e-06,4.02E-06,1.75E-06,1.42E-05,9.49E-06,4.11E-06,0.0005502002493442846,10.479404154274922,8.37E-05,0.002646182529934243,0,0,2.33E-05,0.000376278,4.08E-06,0.840900474,0,-0.2007297,2.72E-06,1.82E-05,2.75E-06,0,0.00040812,7.12E-06,3.07E-06,0.15810351894812857,0.21321875348208014,0.0607116191890491,0.019623078689935063,0.003335403209228444,0.00031687049459156553,0.0,0.026090655824274403,0.0,0.004568972,0.000347747,273.02681569688514,-0.068190488,-2.605934044,0.0007020100178875505,6.940987525202598,0.004509678484304447,0.000484459,9.194092439850253,31.68883033703813,75.52279643465253,35.511511745351946,0.12623979951921022,62.98341178551347,0.1120465046706155,2.725536616250812
2200,5.2129155648180646e-05,8.644783751416001e-06,3.95E-06,1.72E-06,1.39E-05,9.30E-06,4.03E-06,0.0005394129877790483,10.27392564161941,8.20E-05,0.002594296124031982,0,0,2.29E-05,0.0003689,4.00E-06,0.8195758,0,-0.20269431,2.67E-06,1.79E-05,2.70E-06,0,0.000400117,6.98E-06,3.01E-06,0.15500345037539653,0.20903799396799072,0.05952119547555915,0.019238312463914553,0.0032700031673249335,0.00031065746231904653,0.0,0.025579074670492228,0.0,0.004479384,0.000340928,270.92376330495716,-0.068913963,-2.638675433,0.0006882453882887595,6.931549685974396,0.004421253836255989,0.00047496,9.004928927102242,31.24147799058214,73.80588506318774,34.84554985468397,0.11458635733340788,62.89223990880214,0.08129917278726431,2.672094722074082
2201,5.1128275859735576e-05,8.499085148864047e-06,3.87E-06,1.68E-06,1.37E-05,9.11E-06,3.95E-06,0.0005286234575993924,10.068447128963896,8.04E-05,0.0025424109902918825,0,0,2.24E-05,0.000361522,3.92E-06,0.798251126,0,-0.20465892,2.61E-06,1.75E-05,2.65E-06,0,0.000392115,6.84E-06,2.95E-06,0.15190338121512953,0.20485723337957656,0.05833077118553616,0.01885354623789404,0.003204603125421423,0.0003044440860057571,0.0,0.025067492887769927,0.0,0.004389796,0.00033411,268.82071101283907,-0.069637439,-2.671416823,0.0006744795996608679,6.922111846746195,0.004332827927393819,0.00046546,8.815765414354228,30.794125644126144,72.0889736809611,34.179587973836966,0.10293291514760557,62.8010680320908,0.05055183943955208,2.618652827118671
2202,5.004398942225342e-05,8.304820345461439e-06,3.79E-06,1.65E-06,1.34E-05,8.93E-06,3.87E-06,0.0005178361960341561,9.862968616308384,7.88E-05,0.0024905245843896214,0,0,2.19E-05,0.000354144,3.84E-06,0.776926452,0,-0.206623529,2.56E-06,1.72E-05,2.59E-06,0,0.000384113,6.70E-06,2.89E-06,0.14880331205486247,0.2006764738654872,0.05714034747204621,0.018468780011873527,0.0031392030835179128,0.00029823105373323817,0.0,0.024555911733987745,0.0,0.004300209,0.000327291,266.7176586209111,-0.070360914,-2.704158212,0.0006607149700620769,6.912674007517994,0.004244403279345361,0.000455961,8.626601901606216,30.346773297670154,70.3720623094963,33.513626083168994,0.09127947190921244,62.709896155379454,0.01980450609183987,2.5652109329419406
2203,4.904310963380835e-05,8.159121742909485e-06,3.71E-06,1.62E-06,1.31E-05,8.74E-06,3.79E-06,0.0005070466658545002,9.65749010365287,7.71E-05,0.0024386381784873607,0,0,2.15E-05,0.000346766,3.76E-06,0.755601778,0,-0.208588139,2.51E-06,1.68E-05,2.54E-06,0,0.00037611,6.56E-06,2.83E-06,0.14570324289459544,0.1964957143513978,0.055949923758556265,0.018084013785853014,0.0030738030416144024,0.0002920180214607191,0.0,0.024044329951265448,0.0,0.004210621,0.000320473,264.614606328793,-0.071084389,-2.736899601,0.0006469503404632857,6.9032361682897925,0.004155978631296904,0.000446462,8.437438388858205,29.899420951214157,68.65515092726967,32.84766420232199,0.07962602972341014,62.618724278668125,-0.010942827255872348,2.5117690387652107
2204,4.795882319632619e-05,7.964856939506878e-06,3.63E-06,1.58E-06,1.28E-05,8.56E-06,3.71E-06,0.0004962594042892637,9.452011590997358,7.55E-05,0.0023867530447472607,0,0,2.10E-05,0.000339388,3.68E-06,0.734277104,0,-0.210552748,2.45E-06,1.64E-05,2.48E-06,0,0.000368108,6.42E-06,2.77E-06,0.14260317432186342,0.19231495376298363,0.054759499468533264,0.017699247559832505,0.003008402999710892,0.00028580464514742974,0.0,0.02353274879748327,0.0,0.004121033,0.000313654,262.5115539368651,-0.071807865,-2.769640991,0.0006331857108644947,6.893798329061592,0.004067552722434734,0.000436963,8.248274876110193,29.452068604758168,66.93823955580487,32.18170231165401,0.0679725875376078,62.52755241160981,-0.04169016060358457,2.4583271438097998
2205,4.6957943407881124e-05,7.77059213610427e-06,3.55E-06,1.55E-06,1.25E-05,8.37E-06,3.63E-06,0.0004854721427240274,9.246533078341844,7.38E-05,0.002334866638845,0,0,2.06E-05,0.00033201,3.60E-06,0.71295243,0,-0.212517358,2.40E-06,1.61E-05,2.43E-06,0,0.000360106,6.28E-06,2.71E-06,0.1395031051615964,0.18813419424889424,0.05356907575504332,0.01731448133381199,0.002943002957807381,0.00027959161287491075,0.0,0.023021167014760965,0.0,0.004031446,0.000306835,260.40850164474705,-0.07253134,-2.80238238,0.0006194210812657037,6.884360489833391,0.003979128074386276,0.000427464,8.05911136336218,29.004716249467197,65.22132817357824,31.515740430807003,0.05631914429921469,62.43638053489848,-0.07243749395129678,2.4048852496330695
2206,4.5873656970398967e-05,7.624893533552316e-06,3.47E-06,1.51E-06,1.23E-05,8.18E-06,3.55E-06,0.0004746826125443715,9.041054565686332,7.22E-05,0.002282980232942739,0,0,2.01E-05,0.000324632,3.52E-06,0.691627756,0,-0.214481968,2.35E-06,1.57E-05,2.38E-06,0,0.000352103,6.14E-06,2.65E-06,0.13640303600132936,0.18395343473480485,0.05237865204155337,0.01692971510779148,0.0028776029159038705,0.00027337858060239175,0.0,0.022509585232038668,0.0,0.003941858,0.000300017,258.305449252819,-0.073254815,-2.835123769,0.0006056552926378121,6.874922651577725,0.0038907034263378185,0.000417964,7.869947850614167,28.557363903011208,63.50441679135161,30.849778540139027,0.04466570211341237,62.34520865818714,-0.10318482729900899,2.351443355456339
2207,4.48727771819539e-05,7.430628730149709e-06,3.39E-06,1.48E-06,1.20E-05,8.00E-06,3.47E-06,0.0004638953509791351,8.83557605479957,7.05E-05,0.0022310950992026394,0,0,1.97E-05,0.000317254,3.44E-06,0.670303082,0,-0.216446577,2.29E-06,1.54E-05,2.32E-06,0,0.000344101,6.00E-06,2.59E-06,0.13330296742859735,0.17977267414639067,0.05118822775153038,0.016544948881770966,0.00281220287400036,0.0002671652042891024,0.0,0.021998004078256486,0.0,0.00385227,0.000293198,256.202396960701,-0.073978291,-2.867865159,0.0005918906630390209,6.865484812349523,0.0038022775174756493,0.000408465,7.6807843378661556,28.110011556555214,61.78750541988681,30.183816649471048,0.03301225992761005,62.254036781475804,-0.13393216064672123,2.2980014605009287
2208,4.378849074447174e-05,7.2849301275977546e-06,3.31E-06,1.44E-06,1.17E-05,7.81E-06,3.39E-06,0.0004531058207994792,8.630097542144059,6.89E-05,0.0021792086933003787,0,0,1.92E-05,0.000309876,3.36E-06,0.648978408,0,-0.218411187,2.24E-06,1.50E-05,2.27E-06,0,0.000336099,5.86E-06,2.53E-06,0.13020289826833029,0.17559191463230128,0.04999780403804043,0.016160182655750456,0.0027468028320968498,0.0002609521720165834,0.0,0.02148642229553419,0.0,0.003762683,0.00028638,254.0993446685829,-0.074701766,-2.900606548,0.00057812603344023,6.856046973121321,0.0037138528694271914,0.000398966,7.491620825118143,27.66265921009922,60.07059403766018,29.517854768624044,0.021358816689216936,62.16286490476446,-0.1646794925300724,2.244559566324198
2209,4.278761095602667e-05,7.0906653241951485e-06,3.24E-06,1.41E-06,1.14E-05,7.63E-06,3.31E-06,0.0004423185592342429,8.424619029488545,6.73E-05,0.0021273235595602787,0,0,1.87E-05,0.000302498,3.28E-06,0.627653734,0,-0.220375796,2.19E-06,1.47E-05,2.21E-06,0,0.000328096,5.72E-06,2.47E-06,0.12710282910806325,0.1714111551182119,0.04880738032455049,0.015775416429729943,0.0026814027901933394,0.0002547391397440644,0.0,0.02097484114175201,0.0,0.003673095,0.000279561,251.9962922766549,-0.075425241,-2.933347937,0.0005643614038414389,6.846609133893121,0.0036254282213787335,0.000389467,7.302457312370131,27.215306863643228,58.35368266619538,28.851892877956068,0.009705374503414617,62.07169302805312,-0.19542682587778462,2.191117672147468
2210,4.170332451854452e-05,6.944966721643193e-06,3.16E-06,1.38E-06,1.11E-05,7.44E-06,3.23E-06,0.0004315290290545869,8.219140516833033,6.56E-05,0.0020754371536580176,0,0,1.83E-05,0.00029512,3.20E-06,0.60632906,0,-0.222340406,2.13E-06,1.43E-05,2.16E-06,0,0.000320094,5.58E-06,2.41E-06,0.12400275994779622,0.16723039452979774,0.04761695603452749,0.01539065020370943,0.002616002748289829,0.000248525763430775,0.0,0.020463259359029706,0.0,0.003583507,0.000272743,249.89323998453685,-0.076148717,-2.966089327,0.0005505956152135473,6.83717129466492,0.0035370023125165643,0.000379968,7.113293799622119,26.767954517187235,56.636771283968756,28.185930997109065,-0.0019480676823877016,61.98052115134179,-0.22617415922549683,2.137675777192057
2211,4.0702444730099445e-05,6.750701918240586e-06,3.08E-06,1.34E-06,1.09E-05,7.25E-06,3.15E-06,0.0004207417674893506,8.013662003293142,6.40E-05,0.002023550747755757,0,0,1.78E-05,0.000287742,3.12E-06,0.585004386,0,-0.224305016,2.08E-06,1.39E-05,2.11E-06,0,0.000312092,5.44E-06,2.35E-06,0.12090269137506421,0.16304963501570832,0.04642653232103754,0.015005883977688917,0.0025506027063863187,0.00024231273115825602,0.0,0.01995167820524753,0.0,0.00349392,0.000265924,247.79018759260887,-0.076872192,-2.998830716,0.0005368309856147562,6.827733455436718,0.0034485776644681064,0.000370469,6.924130286874107,26.32060217073124,54.919859912503945,27.519969106441085,-0.013601510920780819,61.88934927463045,-0.25692149257320906,2.084233883015327
2212,3.9618158292617294e-05,6.605003315688631e-06,3.00E-06,1.31E-06,1.06E-05,7.07E-06,3.07E-06,0.00040995223730969457,7.808183490637631,6.23E-05,0.0019716656140156574,0,0,1.74E-05,0.000280364,3.04E-06,0.563679712,0,-0.226269625,2.03E-06,1.36E-05,2.05E-06,0,0.000304089,5.30E-06,2.29E-06,0.11780262221479716,0.15886887550161896,0.0452361086075476,0.014621117751668406,0.0024852026644828083,0.000236099698885737,0.0,0.019440096422525227,0.0,0.003404332,0.000259106,245.6871353004908,-0.077595667,-3.031572105,0.0005230663560159652,6.818295616208516,0.0033601530164196485,0.000360969,6.734966774126095,25.873249815440275,53.20294853027732,26.854007225594078,-0.025254953106583135,61.798177397919105,-0.2876688259209213,2.0307919888385966
2213,3.8617278504172225e-05,6.410738512286025e-06,2.92E-06,1.27E-06,1.03E-05,6.88E-06,2.98E-06,0.0003991649757444583,7.602704977982117,6.07E-05,0.0019197792081133962,0,0,1.69E-05,0.000272986,2.96E-06,0.542355038,0,-0.228234235,1.97E-06,1.32E-05,2.00E-06,0,0.000296087,5.16E-06,2.23E-06,0.11470255305453014,0.1546881149132048,0.044045684317524605,0.014236350362758953,0.002419802622579298,0.0002298863225724476,0.0,0.018928515268743052,0.0,0.003314744,0.000252287,243.5840829085628,-0.078319143,-3.064313495,0.0005093017264171741,6.808857777952851,0.0032717271075574784,0.00035147,6.545803261378082,25.42589746898428,51.48603715881252,26.188045334926105,-0.03690839529238546,61.70700552120777,-0.3184161592686335,1.9773500938831858
2214,3.753299206669007e-05,6.216473708883417e-06,2.84E-06,1.24E-06,1.00E-05,6.70E-06,2.90E-06,0.0003883777141792219,7.397226464442228,5.91E-05,0.0018678928022111355,0,0,1.65E-05,0.000265608,2.88E-06,0.521030364,0,-0.230198844,1.92E-06,1.29E-05,1.94E-06,0,0.000288085,5.02E-06,2.17E-06,0.1116024838942631,0.1505073553991154,0.042855260604034655,0.013851584136738442,0.0023544025806757868,0.00022367329029992862,0.0,0.01841693348602075,0.0,0.003225156,0.000245468,241.48103061644477,-0.079042618,-3.097054884,0.0004955359377892825,6.79941993872465,0.003183302459509021,0.000341971,6.356639747598801,24.97854512252829,49.76912577658589,25.522083454079098,-0.04856183747818778,61.61583364449643,-0.3491634926163457,1.9239081997064553
2215,3.6532112278245e-05,6.070775106331462e-06,2.76E-06,1.20E-06,9.75E-06,6.51E-06,2.82E-06,0.000377588183999566,7.191747951786715,5.74E-05,0.0018160076684710358,0,0,1.60E-05,0.00025823,2.80E-06,0.49970569,0,-0.232163454,1.87E-06,1.25E-05,1.89E-06,0,0.000280082,4.88E-06,2.11E-06,0.10850241532153108,0.14632659588502597,0.04166483689054471,0.013466817910717929,0.0022890025387722764,0.0002174602580274096,0.0,0.01790535233223857,0.0,0.003135569,0.00023865,239.3779783243267,-0.079766093,-3.129796273,0.00048177130819049144,6.789982099496449,0.003094877811460563,0.000332472,6.167476234850789,24.531192776072295,48.05221440512109,24.856121563411122,-0.060215280716580895,61.524661777438126,-0.379910824499697,1.8704663055297253
2216,3.544782584076284e-05,5.876510302928855e-06,2.68E-06,1.17E-06,9.47E-06,6.32E-06,2.74E-06,0.0003668009224343297,6.986269439131202,5.58E-05,0.0017641212625687749,0,0,1.55E-05,0.000250852,2.72E-06,0.478381016,0,-0.234128064,1.81E-06,1.21E-05,1.84E-06,0,0.00027208,4.74E-06,2.05E-06,0.10540234616126405,0.14214583529661184,0.04047441260052171,0.013082051684697416,0.002223602496868766,0.00021124688171412023,0.0,0.01739377054951627,0.0,0.003045981,0.000231831,237.27492593239873,-0.080489569,-3.162537663,0.00046800667859170033,6.780544260268247,0.003006451902598394,0.000322973,5.9783127221027765,24.083840429616302,46.33530302289446,24.190159672743142,-0.0718687229023832,61.43348990072679,-0.4106581578474091,1.8170244105743143
2217,3.444694605231777e-05,5.730811700376901e-06,2.60E-06,1.13E-06,9.19E-06,6.14E-06,2.66E-06,0.00035601139225467367,6.78079092647569,5.41E-05,0.001712236128828675,0,0,1.51E-05,0.000243474,2.64E-06,0.457056342,0,-0.236092673,1.76E-06,1.18E-05,1.78E-06,0,0.000264078,4.60E-06,1.99E-06,0.10230227700099702,0.13796507578252246,0.03928398888703177,0.012697285458676905,0.0021582024549652557,0.0002050338494416012,0.0,0.016882189395734094,0.0,0.002956393,0.000225013,235.17187364028064,-0.081213044,-3.195279052,0.00045424204899290933,6.771106421040046,0.002918027254549936,0.000313473,5.789149209354765,23.63648808316031,44.61839165142966,23.524197791896142,-0.08352216508818554,61.342318024015455,-0.44140549119512135,1.7635825163975842
2218,3.3362659614835615e-05,5.536546896974293e-06,2.53E-06,1.10E-06,8.92E-06,5.95E-06,2.58E-06,0.0003452241306894374,6.5753124129358,5.25E-05,0.0016603497229264142,0,0,1.46E-05,0.000236096,2.56E-06,0.435731668,0,-0.238057283,1.71E-06,1.14E-05,1.73E-06,0,0.000256075,4.46E-06,1.93E-06,0.09920220784072999,0.13378431626843304,0.03809356517354182,0.012312519232656392,0.0020928024130617453,0.0001988208171690822,0.0,0.01637060761301179,0.0,0.002866806,0.000218194,233.06882124835266,-0.081936519,-3.228020441,0.00044047626036501766,6.761668581811845,0.002829602606501478,0.000303974,5.599985696606753,23.189135736704316,42.90148026920303,22.858235901228163,-0.09517560832657865,61.25114614730412,-0.4721528245428335,1.7101406222208542
2219,3.2361779826390546e-05,5.3908482944223384e-06,2.45E-06,1.07E-06,8.64E-06,5.77E-06,2.50E-06,0.0003344346005097814,6.369833900280287,5.09E-05,0.0016084633170241535,0,0,1.42E-05,0.000228718,2.48E-06,0.414406994,0,-0.240021892,1.65E-06,1.11E-05,1.67E-06,0,0.000248073,4.33E-06,1.87E-06,0.09610213926799796,0.12960355568001888,0.03690314088351883,0.01192775300663588,0.002027402371158235,0.00019260744085579284,0.0,0.01585902645922961,0.0,0.002777218,0.000211376,230.9657689562346,-0.082659995,-3.260761831,0.00042671163076622666,6.752230742583643,0.002741176697639309,0.000294475,5.41082218385874,22.74178338141335,41.18456889773823,22.19227402038116,-0.10682905051238097,61.15997427059277,-0.5029001578905458,1.6566987272654432
2220,3.127749338890838e-05,5.1965834910197315e-06,2.37E-06,1.03E-06,8.36E-06,5.58E-06,2.42E-06,0.0003236473389445451,6.164355387624774,4.92E-05,0.0015565781832840538,0,0,1.37E-05,0.00022134,2.40E-06,0.39308232,0,-0.241986502,1.60E-06,1.07E-05,1.62E-06,0,0.00024007,4.19E-06,1.81E-06,0.09300207010773093,0.1254227961659295,0.03571271717002888,0.011542986780615367,0.001962002329254724,0.0001863944085832738,0.0,0.015347444676507312,0.0,0.00268763,0.000204557,228.86271656430662,-0.08338347,-3.29350322,0.0004129470011674356,6.7427929043279775,0.002652752049590851,0.000284976,5.221658671110728,22.294431034957356,39.467657515511604,21.52631212971318,-0.11848249269818328,61.068802393881434,-0.533647491238258,1.6032568330887131
2221,3.027661360046332e-05,5.0023186876171246e-06,2.29E-06,9.97E-07,8.08E-06,5.39E-06,2.34E-06,0.0003128600773793087,5.9588768740848845,4.76E-05,0.0015046917773817927,0,0,1.33E-05,0.000213962,2.32E-06,0.371757646,0,-0.243951112,1.55E-06,1.04E-05,1.57E-06,0,0.000232068,4.05E-06,1.75E-06,0.08990200094746388,0.1212420366518401,0.034522293456538934,0.011158220554594856,0.0018966022873512138,0.00018018137631075484,0.0,0.014835862893785011,0.0,0.002598043,0.000197738,226.75966427218856,-0.084106945,-3.326244609,0.0003991823715686445,6.733355065099777,0.002564327401542393,0.000275477,5.032495158362716,21.847078688501362,37.7507461440468,20.860350248866176,-0.1301359359365764,60.9776305171701,-0.5643948245859702,1.5498149389119829
2222,2.919232716298116e-05,4.851763464980104e-06,2.21E-06,9.63E-07,7.80E-06,5.21E-06,2.26E-06,0.00030207054719965276,5.7533983614293716,4.59E-05,0.001452805371479532,0,0,1.28E-05,0.000206584,2.24E-06,0.350432972,0,-0.245915721,1.49E-06,1.00E-05,1.51E-06,0,0.000224066,3.91E-06,1.69E-06,0.08680193237473187,0.11706127606342595,0.03333186916651594,0.010773454328574343,0.0018312022454477035,0.00017396799999746545,0.0,0.014324281740002833,0.0,0.002508455,0.00019092,224.65661188026058,-0.084830421,-3.358985999,0.0003854177419698535,6.723917225871575,0.002475901492680224,0.000265977,4.843331645614704,21.39972634204537,36.033834761820174,20.1943883581982,-0.14178937812237874,60.886458640458756,-0.5951421564693214,1.496373043956572
2223,2.8191447374536093e-05,4.676925141917758e-06,2.13E-06,9.28E-07,7.52E-06,5.02E-06,2.18E-06,0.0002912832856344165,5.547919848773859,4.43E-05,0.0014009202377394323,0,0,1.23E-05,0.000199206,2.16E-06,0.329108298,0,-0.247880331,1.44E-06,9.65E-06,1.46E-06,0,0.000216063,3.77E-06,1.63E-06,0.08370186321446482,0.11288051654933653,0.03214144545302599,0.010388688102553832,0.0017658022035441931,0.00016775496772494645,0.0,0.01381269995728053,0.0,0.002418867,0.000184101,222.55355958814252,-0.085553896,-3.391727388,0.0003716519533419618,6.714479386643374,0.002387476844631766,0.000256478,4.654168132866691,20.952373995589376,34.31692337959354,19.528426467530224,-0.15344282030818104,60.79528676374742,-0.6258894898170336,1.4429311497798416
2224,2.7107160937053933e-05,4.502086818855412e-06,2.05E-06,8.94E-07,7.24E-06,4.84E-06,2.10E-06,0.0002804937554547605,5.342441336118346,4.27E-05,0.0013490338318371713,0,0,1.19E-05,0.000191828,2.08E-06,0.307783624,0,-0.24984494,1.39E-06,9.29E-06,1.40E-06,0,0.000208061,3.63E-06,1.57E-06,0.0806017940541978,0.10869975703524715,0.030951021739536046,0.010003921876533319,0.0017004021616406828,0.00016154193545242745,0.0,0.013301118803498354,0.0,0.00232928,0.000177283,220.45050729602445,-0.086277371,-3.424468777,0.0003578873237431708,6.705041547415172,0.002299052196583308,0.000246979,4.4650046201186795,20.505021649133383,32.600012008128736,18.86246458668322,-0.16509626354657414,60.704114887036084,-0.6566368231647459,1.3894892556031115
2225,2.6106281148608867e-05,4.332105115878131e-06,1.97E-06,8.59E-07,6.97E-06,4.65E-06,2.02E-06,0.00026970649388952415,5.136962822578457,4.10E-05,0.0012971486980970714,0,0,1.14E-05,0.00018445,2.00E-06,0.28645895,0,-0.25180955,1.33E-06,8.93E-06,1.35E-06,0,0.000200059,3.49E-06,1.50E-06,0.07750172489393076,0.10451899644683299,0.029760597449513048,0.009619155650512808,0.001635002119737172,0.00015532855913913805,0.0,0.012789537020776053,0.0,0.002239692,0.000170464,218.34745490409648,-0.087000847,-3.457210167,0.00034412269414437976,6.6956037081869715,0.0022106262877211384,0.00023748,4.275841107370667,20.05766930267739,30.88310062590211,18.19650269601524,-0.17674970573237647,60.61294301032474,-0.6873841565124581,1.3360473606477006
2226,2.502199471112671e-05,4.157266792815785e-06,1.89E-06,8.25E-07,6.69E-06,4.46E-06,1.94E-06,0.00025891696370986824,4.931484309922944,3.94E-05,0.0012452622921948107,0,0,1.10E-05,0.000177072,1.92E-06,0.265134276,0,-0.25377416,1.28E-06,8.58E-06,1.30E-06,0,0.000192056,3.35E-06,1.44E-06,0.07440165632119874,0.1003382369327436,0.028570173736023104,0.009234389424492295,0.0015696020778336616,0.00014911552686661908,0.0,0.012277955866993873,0.0,0.002150104,0.000163646,216.2444026119784,-0.087724322,-3.489951556,0.00033035806454558865,6.686165868958771,0.0021222016396726805,0.000227981,4.086677594622655,19.610316956221396,29.16618925443731,17.530540815168237,-0.1884031479181788,60.52177114326644,-0.7181314898601703,1.2826054664709703
2227,2.402111492268164e-05,3.982428469753439e-06,1.82E-06,7.91E-07,6.41E-06,4.28E-06,1.86E-06,0.00024812970214463186,4.726005797267431,3.77E-05,0.00119337588629255,0,0,1.05E-05,0.000169694,1.84E-06,0.243809602,0,-0.255738769,1.23E-06,8.22E-06,1.24E-06,0,0.000184054,3.21E-06,1.38E-06,0.07130158716093171,0.09615747741865419,0.027379750022533157,0.008849623198471783,0.0015042020359301513,0.00014290249459410009,0.0,0.011766374084271572,0.0,0.002060517,0.000156827,214.1413502200504,-0.088447797,-3.522692945,0.00031659227591769704,6.676728029730569,0.002033776991624223,0.000218481,3.8975140818746428,19.162964600930426,27.44927787221068,16.864578924500258,-0.2000565911565719,60.430599266555106,-0.7488788232078826,1.2291635722942402
2228,2.2936828485199483e-05,3.812446766776158e-06,1.74E-06,7.56E-07,6.13E-06,4.09E-06,1.77E-06,0.00023734244057939554,4.520527283727542,3.61E-05,0.00114149075255245,0,0,1.01E-05,0.000162316,1.76E-06,0.222484928,0,-0.257703379,1.17E-06,7.86E-06,1.19E-06,0,0.000176052,3.07E-06,1.32E-06,0.06820151800066468,0.09197671683024004,0.02618932573251016,0.008464856972451269,0.001438801994026641,0.0001366891182808107,0.0,0.011254792930489395,0.0,0.001970929,0.000150008,212.03829792793238,-0.089171273,-3.555434335,0.00030282764631890603,6.667290191474903,0.0019453510827620534,0.000208982,3.70835056912663,18.715612254474433,25.732366500745883,16.198617043653257,-0.21171003334237423,60.33942738984376,-0.7796261565555948,1.1757216773388293
2229,2.1935948696754414e-05,3.6376084437138124e-06,1.66E-06,7.22E-07,5.85E-06,3.91E-06,1.69E-06,0.00022663458051884548,4.315048771072029,3.45E-05,0.0010896043466501893,0,0,9.60E-06,0.000154938,1.68E-06,0.201160254,0,-0.259667988,1.12E-06,7.50E-06,1.13E-06,0,0.000168049,2.93E-06,1.26E-06,0.06510144884039765,0.08779595731615064,0.024998902019020216,0.008080090746430757,0.0013734019521231301,0.0001304760860082917,0.0,0.010743211147767094,0.0,0.001881341,0.00014319,209.9352455360044,-0.089894748,-3.588175724,0.000289063016720115,6.657852352246702,0.0018569264347135957,0.000199483,3.5191870563786183,18.26825990801844,24.01545511851925,15.532655152985278,-0.22336347552817656,60.24825551313243,-0.8103734884389459,1.122279783162099
2230,2.085166225927226e-05,3.4627701206514663e-06,1.58E-06,6.88E-07,5.57E-06,3.72E-06,1.61E-06,0.00021574523130472677,4.109570258416516,3.28E-05,0.0010377179407479284,0,0,9.14E-06,0.00014756,1.60E-06,0.17983558,0,-0.261632598,1.07E-06,7.15E-06,1.08E-06,0,0.000160047,2.79E-06,1.20E-06,0.06200138026766562,0.08361519780206125,0.02380847830553027,0.007695324520410245,0.0013080019102196198,0.0001242630537357727,0.0,0.010231629993984914,0.0,0.001791754,0.000136371,207.8321932438863,-0.090618223,-3.620917113,0.0002752983871213239,6.6484145130185,0.001768501786665138,0.000189984,3.330023543630606,17.820907561562446,22.29854374705445,14.866693272138273,-0.2350169187665697,60.15708363642109,-0.8411208217866581,1.068837888985369
2231,1.9850782470827188e-05,3.292788417674185e-06,1.50E-06,6.53E-07,5.29E-06,3.53E-06,1.53E-06,0.0002050827435325689,3.9040917457610034,3.12E-05,0.0009858328070078287,0,0,8.69E-06,0.000140182,1.52E-06,0.158510906,0,-0.263597208,1.01E-06,6.79E-06,1.03E-06,0,0.000152045,2.65E-06,1.14E-06,0.05890131110739858,0.07943443721364708,0.022618054015507275,0.007310558294389733,0.0012426018683161094,0.0001180496774224833,0.0,0.009720048211262614,0.0,0.001702166,0.000129553,205.72914085195833,-0.091341699,-3.653658503,0.0002615325984934323,6.6389766737902995,0.0016800758778029682,0.000180485,3.1408600308825934,17.373555215106453,20.58163236482782,14.200731381470296,-0.246670360952372,60.06591175970975,-0.8718681551343703,1.015395994029958
2232,1.8766496033345034e-05,3.117950094611839e-06,1.42E-06,6.19E-07,5.02E-06,3.35E-06,1.45E-06,0.00019419339431845015,3.698613232221114,2.95E-05,0.0009339464011055678,0,0,8.23E-06,0.000132804,1.44E-06,0.137186232,0,-0.265561817,9.60E-07,6.43E-06,9.72E-07,0,0.000144042,2.51E-06,1.08E-06,0.05580124194713155,0.0752536776995577,0.021427630302017327,0.006925792068369221,0.0011772007542631881,0.00011183664514996431,0.0,0.009208467057480437,0.0,0.001612578,0.000122734,203.62608855984027,-0.092065174,-3.686399892,0.00024776796889464125,6.629538834562099,0.0015916512297545105,0.000170985,2.9516965181345816,16.92620286865046,18.86472099336302,13.534769490802319,-0.25832380313817427,59.974739882998406,-0.9026154884820826,0.9619540998532277
2233,1.7765616244899965e-05,2.9431117715494926e-06,1.34E-06,5.84E-07,4.74E-06,3.16E-06,1.37E-06,0.00018330404510433148,3.493134719565601,2.79E-05,0.0008820612673654679,0,0,7.77E-06,0.000125426,1.36E-06,0.115861558,0,-0.267526427,9.07E-07,6.07E-06,9.18E-07,0,0.00013604,2.37E-06,1.02E-06,0.05270117278686452,0.0710729181854683,0.02023720658852738,0.006541025842348708,0.0011118007123596778,0.00010562361287744532,0.0,0.008696885274758134,0.0,0.001522991,0.000115916,201.5230362677222,-0.092788649,-3.719141281,0.00023400333929585017,6.620100995333897,0.0015032265817060528,0.000161486,2.7625330053865693,16.478850522194467,17.14780961113639,12.868807609955315,-0.26997724637656745,59.88356800628707,-0.9333628218297949,0.9085122056764976
2234,1.6681329807417808e-05,2.7731300685722122e-06,1.26E-06,5.50E-07,4.46E-06,2.98E-06,1.29E-06,0.0001726415573321736,3.2876562069100883,2.63E-05,0.0008301748614632071,0,0,7.31E-06,0.000118048,1.28E-06,0.094536884,0,-0.269491036,8.53E-07,5.72E-06,8.64E-07,0,0.000128038,2.23E-06,9.63E-07,0.049601104214132496,0.06689215759705414,0.019046782298504386,0.006156259616328196,0.0010464006704561674,9.941023656415592e-05,0.0,0.008185304120975958,0.0,0.001433403,0.000109097,199.41998387579426,-0.093512125,-3.751882671,0.00022023870969705914,6.610663156105696,0.0014148006728438832,0.000151987,2.5733694926385566,16.031498166903503,15.430898239671588,12.202845719287337,-0.2816306885623697,59.792396129575735,-0.964110155177507,0.8550703107210866
2235,1.568045001897274e-05,2.5982917455098658e-06,1.18E-06,5.16E-07,4.18E-06,2.79E-06,1.21E-06,0.00016175220811805489,3.0821776933701988,2.46E-05,0.0007782884555609462,0,0,6.86E-06,0.00011067,1.20E-06,0.07321221,0,-0.271455646,8.00E-07,5.36E-06,8.10E-07,0,0.000120035,2.09E-06,9.03E-07,0.046501035053865464,0.06271139808296475,0.01785635858501444,0.005771493390307684,0.0009810006285526569,9.31972042916369e-05,0.0,0.007673722338253656,0.0,0.001343815,0.000102278,197.31693158367617,-0.0942356,-3.78462406,0.00020647292106916747,6.601225317850029,0.0013263760247954255,0.000142488,2.384205979890545,15.58414582044751,13.713986857444958,11.536883838440334,-0.2932841307481721,59.70122425286439,-0.9948574885252192,0.8016284165443566
2236,1.459616358149058e-05,2.4234534224475197e-06,1.10E-06,4.81E-07,3.90E-06,2.60E-06,1.13E-06,0.000151089720345897,2.8766991807146858,2.30E-05,0.0007264033218208465,0,0,6.40E-06,0.000103292,1.12E-06,0.051887536,0,-0.273420256,7.47E-07,5.00E-06,7.56E-07,0,0.000112033,1.95E-06,8.43E-07,0.04340096589359843,0.05853063856887535,0.016665934871524495,0.0053867271642871715,0.0009156005866491464,8.698417201911792e-05,0.0,0.007162140555531355,0.0,0.001254228,9.55E-05,195.2138791917482,-0.094959075,-3.817365449,0.00019270829147037644,6.591787478621829,0.0012379513767469678,0.000132989,2.1950424671425326,15.136793473991517,11.99707548598016,10.870921947772356,-0.3049375739865651,59.61005237615306,-1.0256048204085704,0.7481865223676263
2237,1.3595283793045512e-05,2.2534717194702385e-06,1.03E-06,4.47E-07,3.62E-06,2.42E-06,1.05E-06,0.00014020037113177827,2.671220668059173,2.13E-05,0.0006745169159185857,0,0,5.94E-06,9.59E-05,1.04E-06,0.030562862,0,-0.275384865,6.93E-07,4.65E-06,7.02E-07,0,0.000104031,1.81E-06,7.83E-07,0.040300897320866405,0.054349877980461196,0.015475510581501498,0.005001960938266659,0.0008502005447456359,8.077079570582853e-05,0.0,0.006650559401749177,0.0,0.00116464,8.86E-05,193.11082689963013,-0.095682551,-3.850106839,0.0001789436618715854,6.582349639393628,0.0011495254678847982,0.00012349,2.0058789543945204,14.689441127535524,10.280164104829712,10.20496006692535,-0.3165910161723675,59.51888050909476,-1.0563521537562828,0.6947446274122153
2238,1.2510997355563355e-05,2.0786333964078924e-06,9.47E-07,4.13E-07,3.34E-06,2.23E-06,9.68E-07,0.00012953788335962039,2.465742154519284,1.97E-05,0.0006226305100163247,0,0,5.49E-06,8.85E-05,9.60E-07,0.009238188,0,-0.277349475,6.40E-07,4.29E-06,6.48E-07,0,9.60E-05,1.67E-06,7.22E-07,0.03720082816059937,0.0501691184663718,0.014285086868011552,0.004617194712246147,0.0007848005028421256,7.455776343330954e-05,0.0,0.006138977619026875,0.0,0.001075052,8.18E-05,191.00777450770215,-0.096406026,-3.882848228,0.00016517903227279433,6.572911800165426,0.0010611008198363402,0.00011399,1.8167154416465081,14.24208878107953,8.563252726907812,9.538998176257373,-0.3282444583581698,59.427708632383414,-1.087099487103995,0.6413027332354851
2239,1.1510117567118286e-05,1.9037950733455464e-06,8.68E-07,3.78E-07,3.06E-06,2.05E-06,8.87E-07,0.00011864853414550168,2.260263641863771,1.80E-05,0.000570745376276225,0,0,5.03E-06,8.12E-05,8.80E-07,-0.012086486,0,-0.279314084,5.87E-07,3.93E-06,5.94E-07,0,8.80E-05,1.53E-06,6.62E-07,0.03410075900033234,0.0459883589522824,0.013094663154521605,0.004232428486225634,0.000719400460938615,6.834473116079053e-05,0.0,0.005627396465244698,0.0,0.000985464,7.50E-05,188.90472221558406,-0.097129501,-3.915589617,0.0001514144026740033,6.563473960937225,0.0009726761717878825,0.000104491,1.6275519288984959,13.794736434623536,6.846341350062099,8.873036289517785,-0.3398979015965629,59.33653675567208,-1.117846820451707,0.587860839058755
2240,1.042583112963613e-05,1.7338133703682656e-06,7.89E-07,3.44E-07,2.79E-06,1.86E-06,8.07E-07,0.00010798604637334378,2.054785129208258,1.64E-05,0.0005188589703739642,0,0,4.57E-06,7.38E-05,8.00E-07,-0.03341116,0,-0.281278694,5.33E-07,3.57E-06,5.40E-07,0,8.00E-05,1.40E-06,6.02E-07,0.031000689840065303,0.04180759836386824,0.011904238864498609,0.0038476622602051226,0.0006540004190351046,6.213135484750115e-05,0.0,0.005115814682522396,0.0,0.000895877,6.82E-05,186.80166982365608,-0.097852977,-3.948331007,0.00013764861404611165,6.554036121709024,0.0008842502629257129,9.50E-05,1.4383884161504836,13.347384088167543,5.129429973216383,8.207074403760295,-0.35155134378236524,59.24536487896074,-1.1485941537994193,0.534418944103344
2241,9.424951341191061e-06,1.5589750473059195e-06,7.10E-07,3.09E-07,2.51E-06,1.67E-06,7.26E-07,9.709669715922508e-05,1.8493066165527452,1.48E-05,0.00046697383663386443,0,0,4.11E-06,6.64E-05,7.20E-07,-0.054735834,0,-0.283243304,4.80E-07,3.22E-06,4.86E-07,0,7.20E-05,1.26E-06,5.42E-07,0.02790062126733328,0.03762683884977885,0.010713815151008664,0.0034628960341846105,0.0005886003771315941,5.5918322574982156e-05,0.0,0.004604233528740218,0.0,0.000806289,6.14E-05,184.69861753153805,-0.098576452,-3.981072396,0.00012388398444732062,6.544598282480822,0.0007958256148772552,8.55E-05,1.2492249034024714,12.90003174171155,3.4125185963706683,7.541112517020707,-0.3632047859681676,59.1541930022494,-1.1793414871471315,0.48097704992661383
2242,8.340664903708904e-06,1.3841367242435733e-06,6.31E-07,2.75E-07,2.23E-06,1.49E-06,6.45E-07,8.62073479451064e-05,1.6438281030128559,1.31E-05,0.00041508743073160356,0,0,3.66E-06,5.90E-05,6.40E-07,-0.076060508,0,-0.285207913,4.27E-07,2.86E-06,4.32E-07,0,6.40E-05,1.12E-06,4.82E-07,0.024800552107066248,0.03344607933568945,0.009523391437518718,0.003078129808164098,0.0005232003352280837,4.970529030246315e-05,0.0,0.004092651746017917,0.0,0.000716701,5.45E-05,182.59556523941998,-0.099299927,-4.013813785,0.00011010776455752351,6.535160443252621,0.0007074009668287974,7.60E-05,1.0600613906544591,12.452679386420582,1.6956072184487703,6.875150630281119,-0.3748582292065607,59.063021125538064,-1.2100888204948437,0.4275351557498837
2243,7.29808179074529e-06,1.2141550212662925e-06,5.52E-07,2.41E-07,1.95E-06,1.30E-06,5.65E-07,7.55448601729485e-05,1.4383495903573429,1.15E-05,0.0003632010248293427,0,0,3.20E-06,5.16E-05,5.60E-07,-0.097385182,0,-0.287172523,3.73E-07,2.50E-06,3.78E-07,0,5.60E-05,9.77E-07,4.21E-07,0.021700482946799216,0.029265318747275292,0.008332967147495722,0.0026933635821435858,0.0004578002933245732,4.349191398917377e-05,0.0,0.0035810705922357387,0.0,0.000627114,4.77E-05,180.492512847492,-0.100023403,-4.046555175,9.631531826031794e-05,6.525722604996955,0.000618975057966628,6.65E-05,0.8708978779064469,12.00532703996459,-0.02130415839694493,6.209188744523629,-0.38651167139236303,58.97184924882673,-1.2408361523781948,0.3740932607944728
2244,6.255498677781677e-06,1.0393166982039462e-06,4.74E-07,2.06E-07,1.67E-06,1.12E-06,4.84E-07,6.46555109588298e-05,1.23287107770183,9.84E-06,0.0003113158910892429,0,0,2.74E-06,4.43E-05,4.80E-07,-0.118709856,0,-0.289137132,3.20E-07,2.14E-06,3.24E-07,0,4.80E-05,8.37E-07,3.61E-07,0.01860041378653218,0.0250845592331859,0.007142543434005776,0.0023085973561230736,0.0003924002514210628,3.727888171665477e-05,0.0,0.0030694888095134376,0.0,0.000537526,4.09E-05,178.38946055537392,-0.100746878,-4.079296564,8.263877487317291e-05,6.516284765768755,0.0005305504099181701,5.70E-05,0.6817343651584348,11.557974693508596,-1.7382155352426598,5.54322685778404,-0.3981651135781653,58.880677372115386,-1.2715834857259072,0.3206513666177426
2245,5.212915564818065e-06,8.644783751416001e-07,3.95E-07,1.72E-07,1.39E-06,9.30E-07,4.03E-07,5.399302318667189e-05,1.027392564161941,8.20E-06,0.0002594294851869821,0,0,2.29E-06,3.69E-05,4.00E-07,-0.14003453,0,-0.291101742,2.67E-07,1.79E-06,2.70E-07,0,4.00E-05,6.98E-07,3.01E-07,0.015500345213800159,0.020903799719096502,0.00595211972051583,0.0019238311301025613,0.0003270002095175523,3.106688156644695e-05,0.0,0.00255790765573126,0.0,0.000447938,3.41E-05,176.28640816344594,-0.101470353,-4.112037953,6.884632857596734e-05,6.506846926540553,0.0004421257618697124,4.75E-05,0.49257085241042253,11.110622347052603,-3.4551269131645586,4.877264971044452,-0.40981855681655843,58.78950549540404,-1.3023308190736194,0.2672094724410124
2246,4.170332451854452e-06,6.944966721643193e-07,3.16E-07,1.38E-07,1.11E-06,7.44E-07,3.23E-07,4.31036739725532e-05,0.8219140515064279,6.56E-06,0.00020754307928472123,0,0,1.83E-06,2.95E-05,3.20E-07,-0.161359204,0,-0.293066352,2.13E-07,1.43E-06,2.16E-07,0,3.20E-05,5.58E-07,2.41E-07,0.012400276053533124,0.016723039130682345,0.004761695430492834,0.001539064904082049,0.00026160016761404186,2.483974362234186e-05,0.0,0.0020463258730089584,0.0,0.000358351,2.73E-05,174.18335587132788,-0.102193829,-4.144779343,5.505388227876176e-05,6.497409087312351,0.00035369985300754287,3.80E-05,0.30340733966241035,10.66327000059661,-5.172038290010273,4.211303085286961,-0.42147199900236076,58.69833361869271,-1.3330781524213315,0.2137675774856015
2247,3.1277493388908387e-06,5.196583491019731e-07,2.37E-07,1.03E-07,8.36E-07,5.58E-07,2.42E-07,3.24411862003953e-05,0.616435538850915,4.92E-06,0.00015565794554462146,0,0,1.37E-06,2.21E-05,2.40E-07,-0.182683878,0,-0.295030961,1.60E-07,1.07E-06,1.62E-07,0,2.40E-05,4.19E-07,1.81E-07,0.00930020689326609,0.01254227961659295,0.003571271717002888,0.0011542986780615368,0.0001962001257105314,1.864700975527602e-05,0.0,0.0015347447192267803,0.0,0.000268763,2.05E-05,172.0803034793999,-0.102917304,-4.177520732,4.126143598155618e-05,6.48797124808415,0.00026527520495908506,2.85E-05,0.11424382691439812,10.215917654140616,-6.888949666855988,3.5453411985473733,-0.4331254411881631,58.607161741981365,-1.363825485769044,0.1603256833088713
2248,2.085166225927226e-06,3.462770120651466e-07,1.58E-07,6.88E-08,5.57E-07,3.72E-07,1.61E-07,2.157452313047268e-05,0.4109570261954021,3.28E-06,0.00010380843234503226,0,0,9.14E-07,1.48E-05,1.60E-07,-0.204008552,0,-0.296995571,1.07E-07,7.15E-07,1.08E-07,0,1.60E-05,2.79E-07,1.20E-07,0.006200137732999054,0.008361520102503553,0.002380848003512942,0.0007695324520410245,0.00013080008380702093,1.241987181117093e-05,0.0,0.0010231629365044792,0.0,0.000179175,1.36E-05,169.97725118728184,-0.103640779,-4.210262121,2.7584892594411153e-05,6.47853340885595,0.0001768505569106273,1.90E-05,-0.07491968583361411,9.768565307684623,-8.605861043701704,2.8793793127898826,-0.4447788844265562,58.515989874923065,-1.3945728191167561,0.1068837891321411
2249,1.042583112963613e-06,1.7338133703682654e-07,7.89E-08,3.44E-08,2.79E-07,1.86E-07,8.07E-08,1.0798604637334379e-05,0.20547851265551295,1.64E-06,5.190421617251613e-05,0,0,4.57E-07,7.38E-06,8.00E-08,-0.225333226,0,-0.29896018,5.33E-08,3.57E-07,5.40E-08,0,8.00E-06,1.40E-07,6.02E-08,0.0031000691602670345,0.004180759514089396,0.0011904237134899459,0.00038476622602051224,6.540111405292115e-05,6.227137944105091e-06,0.0,0.000511581782722301,0.0,8.96E-05,6.82E-06,167.87419889516377,-0.104364255,-4.243003511,1.3792446297205577e-05,6.469095569627748,8.838304119596894e-05,9.50E-06,-0.2640831985816263,9.321212952393656,-10.3227724216236,2.213417426050294,-0.4564323266123585,58.42481799821173,-1.425320152464468,0.053441894176730204
2250,0.0,0.0,0,0,0,0,0,0.0,0.0,0,0.0,0,0,0,0,0,-0.2466579,0,-0.30092479,0,0,0,0,0,0,0,0.0,0.0,0.0,0.0,0.0,0.0,0.0,0.0,0.0,0,0,165.7711465032358,-0.10508773,-4.2757449,0.0,6.459657731372082,0.0,0,-0.4532467113296385,8.873860605937663,-12.039683800621685,1.5474555393107061,-0.4680857687981609,58.33364612150039,-1.4560674843478194,0.0
2251,0.0,0.0,0,0,0,0,0,0.0,0.0,0,0.0,0,0,0,0,0,-0.2466579,0,-0.30092479,0,0,0,0,0,0,0,0.0,0.0,0.0,0.0,0.0,0.0,0.0,0.0,0.0,0,0,165.7711465032358,-0.10508773,-4.2757449,0.0,6.459657731372082,0.0,0,-0.4532467113296385,8.873860605937663,-12.039683800621685,1.5474555393107061,-0.4680857687981609,58.33364612150039,-1.4560674843478194,0.0
2252,0.0,0.0,0,0,0,0,0,0.0,0.0,0,0.0,0,0,0,0,0,-0.2466579,0,-0.30092479,0,0,0,0,0,0,0,0.0,0.0,0.0,0.0,0.0,0.0,0.0,0.0,0.0,0,0,165.7711465032358,-0.10508773,-4.2757449,0.0,6.459657731372082,0.0,0,-0.4532467113296385,8.873860605937663,-12.039683800621685,1.5474555393107061,-0.4680857687981609,58.33364612150039,-1.4560674843478194,0.0
2253,0.0,0.0,0,0,0,0,0,0.0,0.0,0,0.0,0,0,0,0,0,-0.2466579,0,-0.30092479,0,0,0,0,0,0,0,0.0,0.0,0.0,0.0,0.0,0.0,0.0,0.0,0.0,0,0,165.7711465032358,-0.10508773,-4.2757449,0.0,6.459657731372082,0.0,0,-0.4532467113296385,8.873860605937663,-12.039683800621685,1.5474555393107061,-0.4680857687981609,58.33364612150039,-1.4560674843478194,0.0
2254,0.0,0.0,0,0,0,0,0,0.0,0.0,0,0.0,0,0,0,0,0,-0.2466579,0,-0.30092479,0,0,0,0,0,0,0,0.0,0.0,0.0,0.0,0.0,0.0,0.0,0.0,0.0,0,0,165.7711465032358,-0.10508773,-4.2757449,0.0,6.459657731372082,0.0,0,-0.4532467113296385,8.873860605937663,-12.039683800621685,1.5474555393107061,-0.4680857687981609,58.33364612150039,-1.4560674843478194,0.0
2255,0.0,0.0,0,0,0,0,0,0.0,0.0,0,0.0,0,0,0,0,0,-0.2466579,0,-0.30092479,0,0,0,0,0,0,0,0.0,0.0,0.0,0.0,0.0,0.0,0.0,0.0,0.0,0,0,165.7711465032358,-0.10508773,-4.2757449,0.0,6.459657731372082,0.0,0,-0.4532467113296385,8.873860605937663,-12.039683800621685,1.5474555393107061,-0.4680857687981609,58.33364612150039,-1.4560674843478194,0.0
2256,0.0,0.0,0,0,0,0,0,0.0,0.0,0,0.0,0,0,0,0,0,-0.2466579,0,-0.30092479,0,0,0,0,0,0,0,0.0,0.0,0.0,0.0,0.0,0.0,0.0,0.0,0.0,0,0,165.7711465032358,-0.10508773,-4.2757449,0.0,6.459657731372082,0.0,0,-0.4532467113296385,8.873860605937663,-12.039683800621685,1.5474555393107061,-0.4680857687981609,58.33364612150039,-1.4560674843478194,0.0
2257,0.0,0.0,0,0,0,0,0,0.0,0.0,0,0.0,0,0,0,0,0,-0.2466579,0,-0.30092479,0,0,0,0,0,0,0,0.0,0.0,0.0,0.0,0.0,0.0,0.0,0.0,0.0,0,0,165.7711465032358,-0.10508773,-4.2757449,0.0,6.459657731372082,0.0,0,-0.4532467113296385,8.873860605937663,-12.039683800621685,1.5474555393107061,-0.4680857687981609,58.33364612150039,-1.4560674843478194,0.0
2258,0.0,0.0,0,0,0,0,0,0.0,0.0,0,0.0,0,0,0,0,0,-0.2466579,0,-0.30092479,0,0,0,0,0,0,0,0.0,0.0,0.0,0.0,0.0,0.0,0.0,0.0,0.0,0,0,165.7711465032358,-0.10508773,-4.2757449,0.0,6.459657731372082,0.0,0,-0.4532467113296385,8.873860605937663,-12.039683800621685,1.5474555393107061,-0.4680857687981609,58.33364612150039,-1.4560674843478194,0.0
2259,0.0,0.0,0,0,0,0,0,0.0,0.0,0,0.0,0,0,0,0,0,-0.2466579,0,-0.30092479,0,0,0,0,0,0,0,0.0,0.0,0.0,0.0,0.0,0.0,0.0,0.0,0.0,0,0,165.7711465032358,-0.10508773,-4.2757449,0.0,6.459657731372082,0.0,0,-0.4532467113296385,8.873860605937663,-12.039683800621685,1.5474555393107061,-0.4680857687981609,58.33364612150039,-1.4560674843478194,0.0
2260,0.0,0.0,0,0,0,0,0,0.0,0.0,0,0.0,0,0,0,0,0,-0.2466579,0,-0.30092479,0,0,0,0,0,0,0,0.0,0.0,0.0,0.0,0.0,0.0,0.0,0.0,0.0,0,0,165.7711465032358,-0.10508773,-4.2757449,0.0,6.459657731372082,0.0,0,-0.4532467113296385,8.873860605937663,-12.039683800621685,1.5474555393107061,-0.4680857687981609,58.33364612150039,-1.4560674843478194,0.0
2261,0.0,0.0,0,0,0,0,0,0.0,0.0,0,0.0,0,0,0,0,0,-0.2466579,0,-0.30092479,0,0,0,0,0,0,0,0.0,0.0,0.0,0.0,0.0,0.0,0.0,0.0,0.0,0,0,165.7711465032358,-0.10508773,-4.2757449,0.0,6.459657731372082,0.0,0,-0.4532467113296385,8.873860605937663,-12.039683800621685,1.5474555393107061,-0.4680857687981609,58.33364612150039,-1.4560674843478194,0.0
2262,0.0,0.0,0,0,0,0,0,0.0,0.0,0,0.0,0,0,0,0,0,-0.2466579,0,-0.30092479,0,0,0,0,0,0,0,0.0,0.0,0.0,0.0,0.0,0.0,0.0,0.0,0.0,0,0,165.7711465032358,-0.10508773,-4.2757449,0.0,6.459657731372082,0.0,0,-0.4532467113296385,8.873860605937663,-12.039683800621685,1.5474555393107061,-0.4680857687981609,58.33364612150039,-1.4560674843478194,0.0
2263,0.0,0.0,0,0,0,0,0,0.0,0.0,0,0.0,0,0,0,0,0,-0.2466579,0,-0.30092479,0,0,0,0,0,0,0,0.0,0.0,0.0,0.0,0.0,0.0,0.0,0.0,0.0,0,0,165.7711465032358,-0.10508773,-4.2757449,0.0,6.459657731372082,0.0,0,-0.4532467113296385,8.873860605937663,-12.039683800621685,1.5474555393107061,-0.4680857687981609,58.33364612150039,-1.4560674843478194,0.0
2264,0.0,0.0,0,0,0,0,0,0.0,0.0,0,0.0,0,0,0,0,0,-0.2466579,0,-0.30092479,0,0,0,0,0,0,0,0.0,0.0,0.0,0.0,0.0,0.0,0.0,0.0,0.0,0,0,165.7711465032358,-0.10508773,-4.2757449,0.0,6.459657731372082,0.0,0,-0.4532467113296385,8.873860605937663,-12.039683800621685,1.5474555393107061,-0.4680857687981609,58.33364612150039,-1.4560674843478194,0.0
2265,0.0,0.0,0,0,0,0,0,0.0,0.0,0,0.0,0,0,0,0,0,-0.2466579,0,-0.30092479,0,0,0,0,0,0,0,0.0,0.0,0.0,0.0,0.0,0.0,0.0,0.0,0.0,0,0,165.7711465032358,-0.10508773,-4.2757449,0.0,6.459657731372082,0.0,0,-0.4532467113296385,8.873860605937663,-12.039683800621685,1.5474555393107061,-0.4680857687981609,58.33364612150039,-1.4560674843478194,0.0
2266,0.0,0.0,0,0,0,0,0,0.0,0.0,0,0.0,0,0,0,0,0,-0.2466579,0,-0.30092479,0,0,0,0,0,0,0,0.0,0.0,0.0,0.0,0.0,0.0,0.0,0.0,0.0,0,0,165.7711465032358,-0.10508773,-4.2757449,0.0,6.459657731372082,0.0,0,-0.4532467113296385,8.873860605937663,-12.039683800621685,1.5474555393107061,-0.4680857687981609,58.33364612150039,-1.4560674843478194,0.0
2267,0.0,0.0,0,0,0,0,0,0.0,0.0,0,0.0,0,0,0,0,0,-0.2466579,0,-0.30092479,0,0,0,0,0,0,0,0.0,0.0,0.0,0.0,0.0,0.0,0.0,0.0,0.0,0,0,165.7711465032358,-0.10508773,-4.2757449,0.0,6.459657731372082,0.0,0,-0.4532467113296385,8.873860605937663,-12.039683800621685,1.5474555393107061,-0.4680857687981609,58.33364612150039,-1.4560674843478194,0.0
2268,0.0,0.0,0,0,0,0,0,0.0,0.0,0,0.0,0,0,0,0,0,-0.2466579,0,-0.30092479,0,0,0,0,0,0,0,0.0,0.0,0.0,0.0,0.0,0.0,0.0,0.0,0.0,0,0,165.7711465032358,-0.10508773,-4.2757449,0.0,6.459657731372082,0.0,0,-0.4532467113296385,8.873860605937663,-12.039683800621685,1.5474555393107061,-0.4680857687981609,58.33364612150039,-1.4560674843478194,0.0
2269,0.0,0.0,0,0,0,0,0,0.0,0.0,0,0.0,0,0,0,0,0,-0.2466579,0,-0.30092479,0,0,0,0,0,0,0,0.0,0.0,0.0,0.0,0.0,0.0,0.0,0.0,0.0,0,0,165.7711465032358,-0.10508773,-4.2757449,0.0,6.459657731372082,0.0,0,-0.4532467113296385,8.873860605937663,-12.039683800621685,1.5474555393107061,-0.4680857687981609,58.33364612150039,-1.4560674843478194,0.0
2270,0.0,0.0,0,0,0,0,0,0.0,0.0,0,0.0,0,0,0,0,0,-0.2466579,0,-0.30092479,0,0,0,0,0,0,0,0.0,0.0,0.0,0.0,0.0,0.0,0.0,0.0,0.0,0,0,165.7711465032358,-0.10508773,-4.2757449,0.0,6.459657731372082,0.0,0,-0.4532467113296385,8.873860605937663,-12.039683800621685,1.5474555393107061,-0.4680857687981609,58.33364612150039,-1.4560674843478194,0.0
2271,0.0,0.0,0,0,0,0,0,0.0,0.0,0,0.0,0,0,0,0,0,-0.2466579,0,-0.30092479,0,0,0,0,0,0,0,0.0,0.0,0.0,0.0,0.0,0.0,0.0,0.0,0.0,0,0,165.7711465032358,-0.10508773,-4.2757449,0.0,6.459657731372082,0.0,0,-0.4532467113296385,8.873860605937663,-12.039683800621685,1.5474555393107061,-0.4680857687981609,58.33364612150039,-1.4560674843478194,0.0
2272,0.0,0.0,0,0,0,0,0,0.0,0.0,0,0.0,0,0,0,0,0,-0.2466579,0,-0.30092479,0,0,0,0,0,0,0,0.0,0.0,0.0,0.0,0.0,0.0,0.0,0.0,0.0,0,0,165.7711465032358,-0.10508773,-4.2757449,0.0,6.459657731372082,0.0,0,-0.4532467113296385,8.873860605937663,-12.039683800621685,1.5474555393107061,-0.4680857687981609,58.33364612150039,-1.4560674843478194,0.0
2273,0.0,0.0,0,0,0,0,0,0.0,0.0,0,0.0,0,0,0,0,0,-0.2466579,0,-0.30092479,0,0,0,0,0,0,0,0.0,0.0,0.0,0.0,0.0,0.0,0.0,0.0,0.0,0,0,165.7711465032358,-0.10508773,-4.2757449,0.0,6.459657731372082,0.0,0,-0.4532467113296385,8.873860605937663,-12.039683800621685,1.5474555393107061,-0.4680857687981609,58.33364612150039,-1.4560674843478194,0.0
2274,0.0,0.0,0,0,0,0,0,0.0,0.0,0,0.0,0,0,0,0,0,-0.2466579,0,-0.30092479,0,0,0,0,0,0,0,0.0,0.0,0.0,0.0,0.0,0.0,0.0,0.0,0.0,0,0,165.7711465032358,-0.10508773,-4.2757449,0.0,6.459657731372082,0.0,0,-0.4532467113296385,8.873860605937663,-12.039683800621685,1.5474555393107061,-0.4680857687981609,58.33364612150039,-1.4560674843478194,0.0
2275,0.0,0.0,0,0,0,0,0,0.0,0.0,0,0.0,0,0,0,0,0,-0.2466579,0,-0.30092479,0,0,0,0,0,0,0,0.0,0.0,0.0,0.0,0.0,0.0,0.0,0.0,0.0,0,0,165.7711465032358,-0.10508773,-4.2757449,0.0,6.459657731372082,0.0,0,-0.4532467113296385,8.873860605937663,-12.039683800621685,1.5474555393107061,-0.4680857687981609,58.33364612150039,-1.4560674843478194,0.0
2276,0.0,0.0,0,0,0,0,0,0.0,0.0,0,0.0,0,0,0,0,0,-0.2466579,0,-0.30092479,0,0,0,0,0,0,0,0.0,0.0,0.0,0.0,0.0,0.0,0.0,0.0,0.0,0,0,165.7711465032358,-0.10508773,-4.2757449,0.0,6.459657731372082,0.0,0,-0.4532467113296385,8.873860605937663,-12.039683800621685,1.5474555393107061,-0.4680857687981609,58.33364612150039,-1.4560674843478194,0.0
2277,0.0,0.0,0,0,0,0,0,0.0,0.0,0,0.0,0,0,0,0,0,-0.2466579,0,-0.30092479,0,0,0,0,0,0,0,0.0,0.0,0.0,0.0,0.0,0.0,0.0,0.0,0.0,0,0,165.7711465032358,-0.10508773,-4.2757449,0.0,6.459657731372082,0.0,0,-0.4532467113296385,8.873860605937663,-12.039683800621685,1.5474555393107061,-0.4680857687981609,58.33364612150039,-1.4560674843478194,0.0
2278,0.0,0.0,0,0,0,0,0,0.0,0.0,0,0.0,0,0,0,0,0,-0.2466579,0,-0.30092479,0,0,0,0,0,0,0,0.0,0.0,0.0,0.0,0.0,0.0,0.0,0.0,0.0,0,0,165.7711465032358,-0.10508773,-4.2757449,0.0,6.459657731372082,0.0,0,-0.4532467113296385,8.873860605937663,-12.039683800621685,1.5474555393107061,-0.4680857687981609,58.33364612150039,-1.4560674843478194,0.0
2279,0.0,0.0,0,0,0,0,0,0.0,0.0,0,0.0,0,0,0,0,0,-0.2466579,0,-0.30092479,0,0,0,0,0,0,0,0.0,0.0,0.0,0.0,0.0,0.0,0.0,0.0,0.0,0,0,165.7711465032358,-0.10508773,-4.2757449,0.0,6.459657731372082,0.0,0,-0.4532467113296385,8.873860605937663,-12.039683800621685,1.5474555393107061,-0.4680857687981609,58.33364612150039,-1.4560674843478194,0.0
2280,0.0,0.0,0,0,0,0,0,0.0,0.0,0,0.0,0,0,0,0,0,-0.2466579,0,-0.30092479,0,0,0,0,0,0,0,0.0,0.0,0.0,0.0,0.0,0.0,0.0,0.0,0.0,0,0,165.7711465032358,-0.10508773,-4.2757449,0.0,6.459657731372082,0.0,0,-0.4532467113296385,8.873860605937663,-12.039683800621685,1.5474555393107061,-0.4680857687981609,58.33364612150039,-1.4560674843478194,0.0
2281,0.0,0.0,0,0,0,0,0,0.0,0.0,0,0.0,0,0,0,0,0,-0.2466579,0,-0.30092479,0,0,0,0,0,0,0,0.0,0.0,0.0,0.0,0.0,0.0,0.0,0.0,0.0,0,0,165.7711465032358,-0.10508773,-4.2757449,0.0,6.459657731372082,0.0,0,-0.4532467113296385,8.873860605937663,-12.039683800621685,1.5474555393107061,-0.4680857687981609,58.33364612150039,-1.4560674843478194,0.0
2282,0.0,0.0,0,0,0,0,0,0.0,0.0,0,0.0,0,0,0,0,0,-0.2466579,0,-0.30092479,0,0,0,0,0,0,0,0.0,0.0,0.0,0.0,0.0,0.0,0.0,0.0,0.0,0,0,165.7711465032358,-0.10508773,-4.2757449,0.0,6.459657731372082,0.0,0,-0.4532467113296385,8.873860605937663,-12.039683800621685,1.5474555393107061,-0.4680857687981609,58.33364612150039,-1.4560674843478194,0.0
2283,0.0,0.0,0,0,0,0,0,0.0,0.0,0,0.0,0,0,0,0,0,-0.2466579,0,-0.30092479,0,0,0,0,0,0,0,0.0,0.0,0.0,0.0,0.0,0.0,0.0,0.0,0.0,0,0,165.7711465032358,-0.10508773,-4.2757449,0.0,6.459657731372082,0.0,0,-0.4532467113296385,8.873860605937663,-12.039683800621685,1.5474555393107061,-0.4680857687981609,58.33364612150039,-1.4560674843478194,0.0
2284,0.0,0.0,0,0,0,0,0,0.0,0.0,0,0.0,0,0,0,0,0,-0.2466579,0,-0.30092479,0,0,0,0,0,0,0,0.0,0.0,0.0,0.0,0.0,0.0,0.0,0.0,0.0,0,0,165.7711465032358,-0.10508773,-4.2757449,0.0,6.459657731372082,0.0,0,-0.4532467113296385,8.873860605937663,-12.039683800621685,1.5474555393107061,-0.4680857687981609,58.33364612150039,-1.4560674843478194,0.0
2285,0.0,0.0,0,0,0,0,0,0.0,0.0,0,0.0,0,0,0,0,0,-0.2466579,0,-0.30092479,0,0,0,0,0,0,0,0.0,0.0,0.0,0.0,0.0,0.0,0.0,0.0,0.0,0,0,165.7711465032358,-0.10508773,-4.2757449,0.0,6.459657731372082,0.0,0,-0.4532467113296385,8.873860605937663,-12.039683800621685,1.5474555393107061,-0.4680857687981609,58.33364612150039,-1.4560674843478194,0.0
2286,0.0,0.0,0,0,0,0,0,0.0,0.0,0,0.0,0,0,0,0,0,-0.2466579,0,-0.30092479,0,0,0,0,0,0,0,0.0,0.0,0.0,0.0,0.0,0.0,0.0,0.0,0.0,0,0,165.7711465032358,-0.10508773,-4.2757449,0.0,6.459657731372082,0.0,0,-0.4532467113296385,8.873860605937663,-12.039683800621685,1.5474555393107061,-0.4680857687981609,58.33364612150039,-1.4560674843478194,0.0
2287,0.0,0.0,0,0,0,0,0,0.0,0.0,0,0.0,0,0,0,0,0,-0.2466579,0,-0.30092479,0,0,0,0,0,0,0,0.0,0.0,0.0,0.0,0.0,0.0,0.0,0.0,0.0,0,0,165.7711465032358,-0.10508773,-4.2757449,0.0,6.459657731372082,0.0,0,-0.4532467113296385,8.873860605937663,-12.039683800621685,1.5474555393107061,-0.4680857687981609,58.33364612150039,-1.4560674843478194,0.0
2288,0.0,0.0,0,0,0,0,0,0.0,0.0,0,0.0,0,0,0,0,0,-0.2466579,0,-0.30092479,0,0,0,0,0,0,0,0.0,0.0,0.0,0.0,0.0,0.0,0.0,0.0,0.0,0,0,165.7711465032358,-0.10508773,-4.2757449,0.0,6.459657731372082,0.0,0,-0.4532467113296385,8.873860605937663,-12.039683800621685,1.5474555393107061,-0.4680857687981609,58.33364612150039,-1.4560674843478194,0.0
2289,0.0,0.0,0,0,0,0,0,0.0,0.0,0,0.0,0,0,0,0,0,-0.2466579,0,-0.30092479,0,0,0,0,0,0,0,0.0,0.0,0.0,0.0,0.0,0.0,0.0,0.0,0.0,0,0,165.7711465032358,-0.10508773,-4.2757449,0.0,6.459657731372082,0.0,0,-0.4532467113296385,8.873860605937663,-12.039683800621685,1.5474555393107061,-0.4680857687981609,58.33364612150039,-1.4560674843478194,0.0
2290,0.0,0.0,0,0,0,0,0,0.0,0.0,0,0.0,0,0,0,0,0,-0.2466579,0,-0.30092479,0,0,0,0,0,0,0,0.0,0.0,0.0,0.0,0.0,0.0,0.0,0.0,0.0,0,0,165.7711465032358,-0.10508773,-4.2757449,0.0,6.459657731372082,0.0,0,-0.4532467113296385,8.873860605937663,-12.039683800621685,1.5474555393107061,-0.4680857687981609,58.33364612150039,-1.4560674843478194,0.0
2291,0.0,0.0,0,0,0,0,0,0.0,0.0,0,0.0,0,0,0,0,0,-0.2466579,0,-0.30092479,0,0,0,0,0,0,0,0.0,0.0,0.0,0.0,0.0,0.0,0.0,0.0,0.0,0,0,165.7711465032358,-0.10508773,-4.2757449,0.0,6.459657731372082,0.0,0,-0.4532467113296385,8.873860605937663,-12.039683800621685,1.5474555393107061,-0.4680857687981609,58.33364612150039,-1.4560674843478194,0.0
2292,0.0,0.0,0,0,0,0,0,0.0,0.0,0,0.0,0,0,0,0,0,-0.2466579,0,-0.30092479,0,0,0,0,0,0,0,0.0,0.0,0.0,0.0,0.0,0.0,0.0,0.0,0.0,0,0,165.7711465032358,-0.10508773,-4.2757449,0.0,6.459657731372082,0.0,0,-0.4532467113296385,8.873860605937663,-12.039683800621685,1.5474555393107061,-0.4680857687981609,58.33364612150039,-1.4560674843478194,0.0
2293,0.0,0.0,0,0,0,0,0,0.0,0.0,0,0.0,0,0,0,0,0,-0.2466579,0,-0.30092479,0,0,0,0,0,0,0,0.0,0.0,0.0,0.0,0.0,0.0,0.0,0.0,0.0,0,0,165.7711465032358,-0.10508773,-4.2757449,0.0,6.459657731372082,0.0,0,-0.4532467113296385,8.873860605937663,-12.039683800621685,1.5474555393107061,-0.4680857687981609,58.33364612150039,-1.4560674843478194,0.0
2294,0.0,0.0,0,0,0,0,0,0.0,0.0,0,0.0,0,0,0,0,0,-0.2466579,0,-0.30092479,0,0,0,0,0,0,0,0.0,0.0,0.0,0.0,0.0,0.0,0.0,0.0,0.0,0,0,165.7711465032358,-0.10508773,-4.2757449,0.0,6.459657731372082,0.0,0,-0.4532467113296385,8.873860605937663,-12.039683800621685,1.5474555393107061,-0.4680857687981609,58.33364612150039,-1.4560674843478194,0.0
2295,0.0,0.0,0,0,0,0,0,0.0,0.0,0,0.0,0,0,0,0,0,-0.2466579,0,-0.30092479,0,0,0,0,0,0,0,0.0,0.0,0.0,0.0,0.0,0.0,0.0,0.0,0.0,0,0,165.7711465032358,-0.10508773,-4.2757449,0.0,6.459657731372082,0.0,0,-0.4532467113296385,8.873860605937663,-12.039683800621685,1.5474555393107061,-0.4680857687981609,58.33364612150039,-1.4560674843478194,0.0
2296,0.0,0.0,0,0,0,0,0,0.0,0.0,0,0.0,0,0,0,0,0,-0.2466579,0,-0.30092479,0,0,0,0,0,0,0,0.0,0.0,0.0,0.0,0.0,0.0,0.0,0.0,0.0,0,0,165.7711465032358,-0.10508773,-4.2757449,0.0,6.459657731372082,0.0,0,-0.4532467113296385,8.873860605937663,-12.039683800621685,1.5474555393107061,-0.4680857687981609,58.33364612150039,-1.4560674843478194,0.0
2297,0.0,0.0,0,0,0,0,0,0.0,0.0,0,0.0,0,0,0,0,0,-0.2466579,0,-0.30092479,0,0,0,0,0,0,0,0.0,0.0,0.0,0.0,0.0,0.0,0.0,0.0,0.0,0,0,165.7711465032358,-0.10508773,-4.2757449,0.0,6.459657731372082,0.0,0,-0.4532467113296385,8.873860605937663,-12.039683800621685,1.5474555393107061,-0.4680857687981609,58.33364612150039,-1.4560674843478194,0.0
2298,0.0,0.0,0,0,0,0,0,0.0,0.0,0,0.0,0,0,0,0,0,-0.2466579,0,-0.30092479,0,0,0,0,0,0,0,0.0,0.0,0.0,0.0,0.0,0.0,0.0,0.0,0.0,0,0,165.7711465032358,-0.10508773,-4.2757449,0.0,6.459657731372082,0.0,0,-0.4532467113296385,8.873860605937663,-12.039683800621685,1.5474555393107061,-0.4680857687981609,58.33364612150039,-1.4560674843478194,0.0
2299,0.0,0.0,0,0,0,0,0,0.0,0.0,0,0.0,0,0,0,0,0,-0.2466579,0,-0.30092479,0,0,0,0,0,0,0,0.0,0.0,0.0,0.0,0.0,0.0,0.0,0.0,0.0,0,0,165.7711465032358,-0.10508773,-4.2757449,0.0,6.459657731372082,0.0,0,-0.4532467113296385,8.873860605937663,-12.039683800621685,1.5474555393107061,-0.4680857687981609,58.33364612150039,-1.4560674843478194,0.0
2300,0.0,0.0,0,0,0,0,0,0.0,0.0,0,0.0,0,0,0,0,0,-0.2466579,0,-0.30092479,0,0,0,0,0,0,0,0.0,0.0,0.0,0.0,0.0,0.0,0.0,0.0,0.0,0,0,165.7711465032358,-0.10508773,-4.2757449,0.0,6.459657731372082,0.0,0,-0.4532467113296385,8.873860605937663,-12.039683800621685,1.5474555393107061,-0.4680857687981609,58.33364612150039,-1.4560674843478194,0.0
2301,0.0,0.0,0,0,0,0,0,0.0,0.0,0,0.0,0,0,0,0,0,-0.2466579,0,-0.30092479,0,0,0,0,0,0,0,0.0,0.0,0.0,0.0,0.0,0.0,0.0,0.0,0.0,0,0,165.7711465032358,-0.10508773,-4.2757449,0.0,6.459657731372082,0.0,0,-0.4532467113296385,8.873860605937663,-12.039683800621685,1.5474555393107061,-0.4680857687981609,58.33364612150039,-1.4560674843478194,0.0
2302,0.0,0.0,0,0,0,0,0,0.0,0.0,0,0.0,0,0,0,0,0,-0.2466579,0,-0.30092479,0,0,0,0,0,0,0,0.0,0.0,0.0,0.0,0.0,0.0,0.0,0.0,0.0,0,0,165.7711465032358,-0.10508773,-4.2757449,0.0,6.459657731372082,0.0,0,-0.4532467113296385,8.873860605937663,-12.039683800621685,1.5474555393107061,-0.4680857687981609,58.33364612150039,-1.4560674843478194,0.0
2303,0.0,0.0,0,0,0,0,0,0.0,0.0,0,0.0,0,0,0,0,0,-0.2466579,0,-0.30092479,0,0,0,0,0,0,0,0.0,0.0,0.0,0.0,0.0,0.0,0.0,0.0,0.0,0,0,165.7711465032358,-0.10508773,-4.2757449,0.0,6.459657731372082,0.0,0,-0.4532467113296385,8.873860605937663,-12.039683800621685,1.5474555393107061,-0.4680857687981609,58.33364612150039,-1.4560674843478194,0.0
2304,0.0,0.0,0,0,0,0,0,0.0,0.0,0,0.0,0,0,0,0,0,-0.2466579,0,-0.30092479,0,0,0,0,0,0,0,0.0,0.0,0.0,0.0,0.0,0.0,0.0,0.0,0.0,0,0,165.7711465032358,-0.10508773,-4.2757449,0.0,6.459657731372082,0.0,0,-0.4532467113296385,8.873860605937663,-12.039683800621685,1.5474555393107061,-0.4680857687981609,58.33364612150039,-1.4560674843478194,0.0
2305,0.0,0.0,0,0,0,0,0,0.0,0.0,0,0.0,0,0,0,0,0,-0.2466579,0,-0.30092479,0,0,0,0,0,0,0,0.0,0.0,0.0,0.0,0.0,0.0,0.0,0.0,0.0,0,0,165.7711465032358,-0.10508773,-4.2757449,0.0,6.459657731372082,0.0,0,-0.4532467113296385,8.873860605937663,-12.039683800621685,1.5474555393107061,-0.4680857687981609,58.33364612150039,-1.4560674843478194,0.0
2306,0.0,0.0,0,0,0,0,0,0.0,0.0,0,0.0,0,0,0,0,0,-0.2466579,0,-0.30092479,0,0,0,0,0,0,0,0.0,0.0,0.0,0.0,0.0,0.0,0.0,0.0,0.0,0,0,165.7711465032358,-0.10508773,-4.2757449,0.0,6.459657731372082,0.0,0,-0.4532467113296385,8.873860605937663,-12.039683800621685,1.5474555393107061,-0.4680857687981609,58.33364612150039,-1.4560674843478194,0.0
2307,0.0,0.0,0,0,0,0,0,0.0,0.0,0,0.0,0,0,0,0,0,-0.2466579,0,-0.30092479,0,0,0,0,0,0,0,0.0,0.0,0.0,0.0,0.0,0.0,0.0,0.0,0.0,0,0,165.7711465032358,-0.10508773,-4.2757449,0.0,6.459657731372082,0.0,0,-0.4532467113296385,8.873860605937663,-12.039683800621685,1.5474555393107061,-0.4680857687981609,58.33364612150039,-1.4560674843478194,0.0
2308,0.0,0.0,0,0,0,0,0,0.0,0.0,0,0.0,0,0,0,0,0,-0.2466579,0,-0.30092479,0,0,0,0,0,0,0,0.0,0.0,0.0,0.0,0.0,0.0,0.0,0.0,0.0,0,0,165.7711465032358,-0.10508773,-4.2757449,0.0,6.459657731372082,0.0,0,-0.4532467113296385,8.873860605937663,-12.039683800621685,1.5474555393107061,-0.4680857687981609,58.33364612150039,-1.4560674843478194,0.0
2309,0.0,0.0,0,0,0,0,0,0.0,0.0,0,0.0,0,0,0,0,0,-0.2466579,0,-0.30092479,0,0,0,0,0,0,0,0.0,0.0,0.0,0.0,0.0,0.0,0.0,0.0,0.0,0,0,165.7711465032358,-0.10508773,-4.2757449,0.0,6.459657731372082,0.0,0,-0.4532467113296385,8.873860605937663,-12.039683800621685,1.5474555393107061,-0.4680857687981609,58.33364612150039,-1.4560674843478194,0.0
2310,0.0,0.0,0,0,0,0,0,0.0,0.0,0,0.0,0,0,0,0,0,-0.2466579,0,-0.30092479,0,0,0,0,0,0,0,0.0,0.0,0.0,0.0,0.0,0.0,0.0,0.0,0.0,0,0,165.7711465032358,-0.10508773,-4.2757449,0.0,6.459657731372082,0.0,0,-0.4532467113296385,8.873860605937663,-12.039683800621685,1.5474555393107061,-0.4680857687981609,58.33364612150039,-1.4560674843478194,0.0
2311,0.0,0.0,0,0,0,0,0,0.0,0.0,0,0.0,0,0,0,0,0,-0.2466579,0,-0.30092479,0,0,0,0,0,0,0,0.0,0.0,0.0,0.0,0.0,0.0,0.0,0.0,0.0,0,0,165.7711465032358,-0.10508773,-4.2757449,0.0,6.459657731372082,0.0,0,-0.4532467113296385,8.873860605937663,-12.039683800621685,1.5474555393107061,-0.4680857687981609,58.33364612150039,-1.4560674843478194,0.0
2312,0.0,0.0,0,0,0,0,0,0.0,0.0,0,0.0,0,0,0,0,0,-0.2466579,0,-0.30092479,0,0,0,0,0,0,0,0.0,0.0,0.0,0.0,0.0,0.0,0.0,0.0,0.0,0,0,165.7711465032358,-0.10508773,-4.2757449,0.0,6.459657731372082,0.0,0,-0.4532467113296385,8.873860605937663,-12.039683800621685,1.5474555393107061,-0.4680857687981609,58.33364612150039,-1.4560674843478194,0.0
2313,0.0,0.0,0,0,0,0,0,0.0,0.0,0,0.0,0,0,0,0,0,-0.2466579,0,-0.30092479,0,0,0,0,0,0,0,0.0,0.0,0.0,0.0,0.0,0.0,0.0,0.0,0.0,0,0,165.7711465032358,-0.10508773,-4.2757449,0.0,6.459657731372082,0.0,0,-0.4532467113296385,8.873860605937663,-12.039683800621685,1.5474555393107061,-0.4680857687981609,58.33364612150039,-1.4560674843478194,0.0
2314,0.0,0.0,0,0,0,0,0,0.0,0.0,0,0.0,0,0,0,0,0,-0.2466579,0,-0.30092479,0,0,0,0,0,0,0,0.0,0.0,0.0,0.0,0.0,0.0,0.0,0.0,0.0,0,0,165.7711465032358,-0.10508773,-4.2757449,0.0,6.459657731372082,0.0,0,-0.4532467113296385,8.873860605937663,-12.039683800621685,1.5474555393107061,-0.4680857687981609,58.33364612150039,-1.4560674843478194,0.0
2315,0.0,0.0,0,0,0,0,0,0.0,0.0,0,0.0,0,0,0,0,0,-0.2466579,0,-0.30092479,0,0,0,0,0,0,0,0.0,0.0,0.0,0.0,0.0,0.0,0.0,0.0,0.0,0,0,165.7711465032358,-0.10508773,-4.2757449,0.0,6.459657731372082,0.0,0,-0.4532467113296385,8.873860605937663,-12.039683800621685,1.5474555393107061,-0.4680857687981609,58.33364612150039,-1.4560674843478194,0.0
2316,0.0,0.0,0,0,0,0,0,0.0,0.0,0,0.0,0,0,0,0,0,-0.2466579,0,-0.30092479,0,0,0,0,0,0,0,0.0,0.0,0.0,0.0,0.0,0.0,0.0,0.0,0.0,0,0,165.7711465032358,-0.10508773,-4.2757449,0.0,6.459657731372082,0.0,0,-0.4532467113296385,8.873860605937663,-12.039683800621685,1.5474555393107061,-0.4680857687981609,58.33364612150039,-1.4560674843478194,0.0
2317,0.0,0.0,0,0,0,0,0,0.0,0.0,0,0.0,0,0,0,0,0,-0.2466579,0,-0.30092479,0,0,0,0,0,0,0,0.0,0.0,0.0,0.0,0.0,0.0,0.0,0.0,0.0,0,0,165.7711465032358,-0.10508773,-4.2757449,0.0,6.459657731372082,0.0,0,-0.4532467113296385,8.873860605937663,-12.039683800621685,1.5474555393107061,-0.4680857687981609,58.33364612150039,-1.4560674843478194,0.0
2318,0.0,0.0,0,0,0,0,0,0.0,0.0,0,0.0,0,0,0,0,0,-0.2466579,0,-0.30092479,0,0,0,0,0,0,0,0.0,0.0,0.0,0.0,0.0,0.0,0.0,0.0,0.0,0,0,165.7711465032358,-0.10508773,-4.2757449,0.0,6.459657731372082,0.0,0,-0.4532467113296385,8.873860605937663,-12.039683800621685,1.5474555393107061,-0.4680857687981609,58.33364612150039,-1.4560674843478194,0.0
2319,0.0,0.0,0,0,0,0,0,0.0,0.0,0,0.0,0,0,0,0,0,-0.2466579,0,-0.30092479,0,0,0,0,0,0,0,0.0,0.0,0.0,0.0,0.0,0.0,0.0,0.0,0.0,0,0,165.7711465032358,-0.10508773,-4.2757449,0.0,6.459657731372082,0.0,0,-0.4532467113296385,8.873860605937663,-12.039683800621685,1.5474555393107061,-0.4680857687981609,58.33364612150039,-1.4560674843478194,0.0
2320,0.0,0.0,0,0,0,0,0,0.0,0.0,0,0.0,0,0,0,0,0,-0.2466579,0,-0.30092479,0,0,0,0,0,0,0,0.0,0.0,0.0,0.0,0.0,0.0,0.0,0.0,0.0,0,0,165.7711465032358,-0.10508773,-4.2757449,0.0,6.459657731372082,0.0,0,-0.4532467113296385,8.873860605937663,-12.039683800621685,1.5474555393107061,-0.4680857687981609,58.33364612150039,-1.4560674843478194,0.0
2321,0.0,0.0,0,0,0,0,0,0.0,0.0,0,0.0,0,0,0,0,0,-0.2466579,0,-0.30092479,0,0,0,0,0,0,0,0.0,0.0,0.0,0.0,0.0,0.0,0.0,0.0,0.0,0,0,165.7711465032358,-0.10508773,-4.2757449,0.0,6.459657731372082,0.0,0,-0.4532467113296385,8.873860605937663,-12.039683800621685,1.5474555393107061,-0.4680857687981609,58.33364612150039,-1.4560674843478194,0.0
2322,0.0,0.0,0,0,0,0,0,0.0,0.0,0,0.0,0,0,0,0,0,-0.2466579,0,-0.30092479,0,0,0,0,0,0,0,0.0,0.0,0.0,0.0,0.0,0.0,0.0,0.0,0.0,0,0,165.7711465032358,-0.10508773,-4.2757449,0.0,6.459657731372082,0.0,0,-0.4532467113296385,8.873860605937663,-12.039683800621685,1.5474555393107061,-0.4680857687981609,58.33364612150039,-1.4560674843478194,0.0
2323,0.0,0.0,0,0,0,0,0,0.0,0.0,0,0.0,0,0,0,0,0,-0.2466579,0,-0.30092479,0,0,0,0,0,0,0,0.0,0.0,0.0,0.0,0.0,0.0,0.0,0.0,0.0,0,0,165.7711465032358,-0.10508773,-4.2757449,0.0,6.459657731372082,0.0,0,-0.4532467113296385,8.873860605937663,-12.039683800621685,1.5474555393107061,-0.4680857687981609,58.33364612150039,-1.4560674843478194,0.0
2324,0.0,0.0,0,0,0,0,0,0.0,0.0,0,0.0,0,0,0,0,0,-0.2466579,0,-0.30092479,0,0,0,0,0,0,0,0.0,0.0,0.0,0.0,0.0,0.0,0.0,0.0,0.0,0,0,165.7711465032358,-0.10508773,-4.2757449,0.0,6.459657731372082,0.0,0,-0.4532467113296385,8.873860605937663,-12.039683800621685,1.5474555393107061,-0.4680857687981609,58.33364612150039,-1.4560674843478194,0.0
2325,0.0,0.0,0,0,0,0,0,0.0,0.0,0,0.0,0,0,0,0,0,-0.2466579,0,-0.30092479,0,0,0,0,0,0,0,0.0,0.0,0.0,0.0,0.0,0.0,0.0,0.0,0.0,0,0,165.7711465032358,-0.10508773,-4.2757449,0.0,6.459657731372082,0.0,0,-0.4532467113296385,8.873860605937663,-12.039683800621685,1.5474555393107061,-0.4680857687981609,58.33364612150039,-1.4560674843478194,0.0
2326,0.0,0.0,0,0,0,0,0,0.0,0.0,0,0.0,0,0,0,0,0,-0.2466579,0,-0.30092479,0,0,0,0,0,0,0,0.0,0.0,0.0,0.0,0.0,0.0,0.0,0.0,0.0,0,0,165.7711465032358,-0.10508773,-4.2757449,0.0,6.459657731372082,0.0,0,-0.4532467113296385,8.873860605937663,-12.039683800621685,1.5474555393107061,-0.4680857687981609,58.33364612150039,-1.4560674843478194,0.0
2327,0.0,0.0,0,0,0,0,0,0.0,0.0,0,0.0,0,0,0,0,0,-0.2466579,0,-0.30092479,0,0,0,0,0,0,0,0.0,0.0,0.0,0.0,0.0,0.0,0.0,0.0,0.0,0,0,165.7711465032358,-0.10508773,-4.2757449,0.0,6.459657731372082,0.0,0,-0.4532467113296385,8.873860605937663,-12.039683800621685,1.5474555393107061,-0.4680857687981609,58.33364612150039,-1.4560674843478194,0.0
2328,0.0,0.0,0,0,0,0,0,0.0,0.0,0,0.0,0,0,0,0,0,-0.2466579,0,-0.30092479,0,0,0,0,0,0,0,0.0,0.0,0.0,0.0,0.0,0.0,0.0,0.0,0.0,0,0,165.7711465032358,-0.10508773,-4.2757449,0.0,6.459657731372082,0.0,0,-0.4532467113296385,8.873860605937663,-12.039683800621685,1.5474555393107061,-0.4680857687981609,58.33364612150039,-1.4560674843478194,0.0
2329,0.0,0.0,0,0,0,0,0,0.0,0.0,0,0.0,0,0,0,0,0,-0.2466579,0,-0.30092479,0,0,0,0,0,0,0,0.0,0.0,0.0,0.0,0.0,0.0,0.0,0.0,0.0,0,0,165.7711465032358,-0.10508773,-4.2757449,0.0,6.459657731372082,0.0,0,-0.4532467113296385,8.873860605937663,-12.039683800621685,1.5474555393107061,-0.4680857687981609,58.33364612150039,-1.4560674843478194,0.0
2330,0.0,0.0,0,0,0,0,0,0.0,0.0,0,0.0,0,0,0,0,0,-0.2466579,0,-0.30092479,0,0,0,0,0,0,0,0.0,0.0,0.0,0.0,0.0,0.0,0.0,0.0,0.0,0,0,165.7711465032358,-0.10508773,-4.2757449,0.0,6.459657731372082,0.0,0,-0.4532467113296385,8.873860605937663,-12.039683800621685,1.5474555393107061,-0.4680857687981609,58.33364612150039,-1.4560674843478194,0.0
2331,0.0,0.0,0,0,0,0,0,0.0,0.0,0,0.0,0,0,0,0,0,-0.2466579,0,-0.30092479,0,0,0,0,0,0,0,0.0,0.0,0.0,0.0,0.0,0.0,0.0,0.0,0.0,0,0,165.7711465032358,-0.10508773,-4.2757449,0.0,6.459657731372082,0.0,0,-0.4532467113296385,8.873860605937663,-12.039683800621685,1.5474555393107061,-0.4680857687981609,58.33364612150039,-1.4560674843478194,0.0
2332,0.0,0.0,0,0,0,0,0,0.0,0.0,0,0.0,0,0,0,0,0,-0.2466579,0,-0.30092479,0,0,0,0,0,0,0,0.0,0.0,0.0,0.0,0.0,0.0,0.0,0.0,0.0,0,0,165.7711465032358,-0.10508773,-4.2757449,0.0,6.459657731372082,0.0,0,-0.4532467113296385,8.873860605937663,-12.039683800621685,1.5474555393107061,-0.4680857687981609,58.33364612150039,-1.4560674843478194,0.0
2333,0.0,0.0,0,0,0,0,0,0.0,0.0,0,0.0,0,0,0,0,0,-0.2466579,0,-0.30092479,0,0,0,0,0,0,0,0.0,0.0,0.0,0.0,0.0,0.0,0.0,0.0,0.0,0,0,165.7711465032358,-0.10508773,-4.2757449,0.0,6.459657731372082,0.0,0,-0.4532467113296385,8.873860605937663,-12.039683800621685,1.5474555393107061,-0.4680857687981609,58.33364612150039,-1.4560674843478194,0.0
2334,0.0,0.0,0,0,0,0,0,0.0,0.0,0,0.0,0,0,0,0,0,-0.2466579,0,-0.30092479,0,0,0,0,0,0,0,0.0,0.0,0.0,0.0,0.0,0.0,0.0,0.0,0.0,0,0,165.7711465032358,-0.10508773,-4.2757449,0.0,6.459657731372082,0.0,0,-0.4532467113296385,8.873860605937663,-12.039683800621685,1.5474555393107061,-0.4680857687981609,58.33364612150039,-1.4560674843478194,0.0
2335,0.0,0.0,0,0,0,0,0,0.0,0.0,0,0.0,0,0,0,0,0,-0.2466579,0,-0.30092479,0,0,0,0,0,0,0,0.0,0.0,0.0,0.0,0.0,0.0,0.0,0.0,0.0,0,0,165.7711465032358,-0.10508773,-4.2757449,0.0,6.459657731372082,0.0,0,-0.4532467113296385,8.873860605937663,-12.039683800621685,1.5474555393107061,-0.4680857687981609,58.33364612150039,-1.4560674843478194,0.0
2336,0.0,0.0,0,0,0,0,0,0.0,0.0,0,0.0,0,0,0,0,0,-0.2466579,0,-0.30092479,0,0,0,0,0,0,0,0.0,0.0,0.0,0.0,0.0,0.0,0.0,0.0,0.0,0,0,165.7711465032358,-0.10508773,-4.2757449,0.0,6.459657731372082,0.0,0,-0.4532467113296385,8.873860605937663,-12.039683800621685,1.5474555393107061,-0.4680857687981609,58.33364612150039,-1.4560674843478194,0.0
2337,0.0,0.0,0,0,0,0,0,0.0,0.0,0,0.0,0,0,0,0,0,-0.2466579,0,-0.30092479,0,0,0,0,0,0,0,0.0,0.0,0.0,0.0,0.0,0.0,0.0,0.0,0.0,0,0,165.7711465032358,-0.10508773,-4.2757449,0.0,6.459657731372082,0.0,0,-0.4532467113296385,8.873860605937663,-12.039683800621685,1.5474555393107061,-0.4680857687981609,58.33364612150039,-1.4560674843478194,0.0
2338,0.0,0.0,0,0,0,0,0,0.0,0.0,0,0.0,0,0,0,0,0,-0.2466579,0,-0.30092479,0,0,0,0,0,0,0,0.0,0.0,0.0,0.0,0.0,0.0,0.0,0.0,0.0,0,0,165.7711465032358,-0.10508773,-4.2757449,0.0,6.459657731372082,0.0,0,-0.4532467113296385,8.873860605937663,-12.039683800621685,1.5474555393107061,-0.4680857687981609,58.33364612150039,-1.4560674843478194,0.0
2339,0.0,0.0,0,0,0,0,0,0.0,0.0,0,0.0,0,0,0,0,0,-0.2466579,0,-0.30092479,0,0,0,0,0,0,0,0.0,0.0,0.0,0.0,0.0,0.0,0.0,0.0,0.0,0,0,165.7711465032358,-0.10508773,-4.2757449,0.0,6.459657731372082,0.0,0,-0.4532467113296385,8.873860605937663,-12.039683800621685,1.5474555393107061,-0.4680857687981609,58.33364612150039,-1.4560674843478194,0.0
2340,0.0,0.0,0,0,0,0,0,0.0,0.0,0,0.0,0,0,0,0,0,-0.2466579,0,-0.30092479,0,0,0,0,0,0,0,0.0,0.0,0.0,0.0,0.0,0.0,0.0,0.0,0.0,0,0,165.7711465032358,-0.10508773,-4.2757449,0.0,6.459657731372082,0.0,0,-0.4532467113296385,8.873860605937663,-12.039683800621685,1.5474555393107061,-0.4680857687981609,58.33364612150039,-1.4560674843478194,0.0
2341,0.0,0.0,0,0,0,0,0,0.0,0.0,0,0.0,0,0,0,0,0,-0.2466579,0,-0.30092479,0,0,0,0,0,0,0,0.0,0.0,0.0,0.0,0.0,0.0,0.0,0.0,0.0,0,0,165.7711465032358,-0.10508773,-4.2757449,0.0,6.459657731372082,0.0,0,-0.4532467113296385,8.873860605937663,-12.039683800621685,1.5474555393107061,-0.4680857687981609,58.33364612150039,-1.4560674843478194,0.0
2342,0.0,0.0,0,0,0,0,0,0.0,0.0,0,0.0,0,0,0,0,0,-0.2466579,0,-0.30092479,0,0,0,0,0,0,0,0.0,0.0,0.0,0.0,0.0,0.0,0.0,0.0,0.0,0,0,165.7711465032358,-0.10508773,-4.2757449,0.0,6.459657731372082,0.0,0,-0.4532467113296385,8.873860605937663,-12.039683800621685,1.5474555393107061,-0.4680857687981609,58.33364612150039,-1.4560674843478194,0.0
2343,0.0,0.0,0,0,0,0,0,0.0,0.0,0,0.0,0,0,0,0,0,-0.2466579,0,-0.30092479,0,0,0,0,0,0,0,0.0,0.0,0.0,0.0,0.0,0.0,0.0,0.0,0.0,0,0,165.7711465032358,-0.10508773,-4.2757449,0.0,6.459657731372082,0.0,0,-0.4532467113296385,8.873860605937663,-12.039683800621685,1.5474555393107061,-0.4680857687981609,58.33364612150039,-1.4560674843478194,0.0
2344,0.0,0.0,0,0,0,0,0,0.0,0.0,0,0.0,0,0,0,0,0,-0.2466579,0,-0.30092479,0,0,0,0,0,0,0,0.0,0.0,0.0,0.0,0.0,0.0,0.0,0.0,0.0,0,0,165.7711465032358,-0.10508773,-4.2757449,0.0,6.459657731372082,0.0,0,-0.4532467113296385,8.873860605937663,-12.039683800621685,1.5474555393107061,-0.4680857687981609,58.33364612150039,-1.4560674843478194,0.0
2345,0.0,0.0,0,0,0,0,0,0.0,0.0,0,0.0,0,0,0,0,0,-0.2466579,0,-0.30092479,0,0,0,0,0,0,0,0.0,0.0,0.0,0.0,0.0,0.0,0.0,0.0,0.0,0,0,165.7711465032358,-0.10508773,-4.2757449,0.0,6.459657731372082,0.0,0,-0.4532467113296385,8.873860605937663,-12.039683800621685,1.5474555393107061,-0.4680857687981609,58.33364612150039,-1.4560674843478194,0.0
2346,0.0,0.0,0,0,0,0,0,0.0,0.0,0,0.0,0,0,0,0,0,-0.2466579,0,-0.30092479,0,0,0,0,0,0,0,0.0,0.0,0.0,0.0,0.0,0.0,0.0,0.0,0.0,0,0,165.7711465032358,-0.10508773,-4.2757449,0.0,6.459657731372082,0.0,0,-0.4532467113296385,8.873860605937663,-12.039683800621685,1.5474555393107061,-0.4680857687981609,58.33364612150039,-1.4560674843478194,0.0
2347,0.0,0.0,0,0,0,0,0,0.0,0.0,0,0.0,0,0,0,0,0,-0.2466579,0,-0.30092479,0,0,0,0,0,0,0,0.0,0.0,0.0,0.0,0.0,0.0,0.0,0.0,0.0,0,0,165.7711465032358,-0.10508773,-4.2757449,0.0,6.459657731372082,0.0,0,-0.4532467113296385,8.873860605937663,-12.039683800621685,1.5474555393107061,-0.4680857687981609,58.33364612150039,-1.4560674843478194,0.0
2348,0.0,0.0,0,0,0,0,0,0.0,0.0,0,0.0,0,0,0,0,0,-0.2466579,0,-0.30092479,0,0,0,0,0,0,0,0.0,0.0,0.0,0.0,0.0,0.0,0.0,0.0,0.0,0,0,165.7711465032358,-0.10508773,-4.2757449,0.0,6.459657731372082,0.0,0,-0.4532467113296385,8.873860605937663,-12.039683800621685,1.5474555393107061,-0.4680857687981609,58.33364612150039,-1.4560674843478194,0.0
2349,0.0,0.0,0,0,0,0,0,0.0,0.0,0,0.0,0,0,0,0,0,-0.2466579,0,-0.30092479,0,0,0,0,0,0,0,0.0,0.0,0.0,0.0,0.0,0.0,0.0,0.0,0.0,0,0,165.7711465032358,-0.10508773,-4.2757449,0.0,6.459657731372082,0.0,0,-0.4532467113296385,8.873860605937663,-12.039683800621685,1.5474555393107061,-0.4680857687981609,58.33364612150039,-1.4560674843478194,0.0
2350,0.0,0.0,0,0,0,0,0,0.0,0.0,0,0.0,0,0,0,0,0,-0.2466579,0,-0.30092479,0,0,0,0,0,0,0,0.0,0.0,0.0,0.0,0.0,0.0,0.0,0.0,0.0,0,0,165.7711465032358,-0.10508773,-4.2757449,0.0,6.459657731372082,0.0,0,-0.4532467113296385,8.873860605937663,-12.039683800621685,1.5474555393107061,-0.4680857687981609,58.33364612150039,-1.4560674843478194,0.0
2351,0.0,0.0,0,0,0,0,0,0.0,0.0,0,0.0,0,0,0,0,0,-0.2466579,0,-0.30092479,0,0,0,0,0,0,0,0.0,0.0,0.0,0.0,0.0,0.0,0.0,0.0,0.0,0,0,165.7711465032358,-0.10508773,-4.2757449,0.0,6.459657731372082,0.0,0,-0.4532467113296385,8.873860605937663,-12.039683800621685,1.5474555393107061,-0.4680857687981609,58.33364612150039,-1.4560674843478194,0.0
2352,0.0,0.0,0,0,0,0,0,0.0,0.0,0,0.0,0,0,0,0,0,-0.2466579,0,-0.30092479,0,0,0,0,0,0,0,0.0,0.0,0.0,0.0,0.0,0.0,0.0,0.0,0.0,0,0,165.7711465032358,-0.10508773,-4.2757449,0.0,6.459657731372082,0.0,0,-0.4532467113296385,8.873860605937663,-12.039683800621685,1.5474555393107061,-0.4680857687981609,58.33364612150039,-1.4560674843478194,0.0
2353,0.0,0.0,0,0,0,0,0,0.0,0.0,0,0.0,0,0,0,0,0,-0.2466579,0,-0.30092479,0,0,0,0,0,0,0,0.0,0.0,0.0,0.0,0.0,0.0,0.0,0.0,0.0,0,0,165.7711465032358,-0.10508773,-4.2757449,0.0,6.459657731372082,0.0,0,-0.4532467113296385,8.873860605937663,-12.039683800621685,1.5474555393107061,-0.4680857687981609,58.33364612150039,-1.4560674843478194,0.0
2354,0.0,0.0,0,0,0,0,0,0.0,0.0,0,0.0,0,0,0,0,0,-0.2466579,0,-0.30092479,0,0,0,0,0,0,0,0.0,0.0,0.0,0.0,0.0,0.0,0.0,0.0,0.0,0,0,165.7711465032358,-0.10508773,-4.2757449,0.0,6.459657731372082,0.0,0,-0.4532467113296385,8.873860605937663,-12.039683800621685,1.5474555393107061,-0.4680857687981609,58.33364612150039,-1.4560674843478194,0.0
2355,0.0,0.0,0,0,0,0,0,0.0,0.0,0,0.0,0,0,0,0,0,-0.2466579,0,-0.30092479,0,0,0,0,0,0,0,0.0,0.0,0.0,0.0,0.0,0.0,0.0,0.0,0.0,0,0,165.7711465032358,-0.10508773,-4.2757449,0.0,6.459657731372082,0.0,0,-0.4532467113296385,8.873860605937663,-12.039683800621685,1.5474555393107061,-0.4680857687981609,58.33364612150039,-1.4560674843478194,0.0
2356,0.0,0.0,0,0,0,0,0,0.0,0.0,0,0.0,0,0,0,0,0,-0.2466579,0,-0.30092479,0,0,0,0,0,0,0,0.0,0.0,0.0,0.0,0.0,0.0,0.0,0.0,0.0,0,0,165.7711465032358,-0.10508773,-4.2757449,0.0,6.459657731372082,0.0,0,-0.4532467113296385,8.873860605937663,-12.039683800621685,1.5474555393107061,-0.4680857687981609,58.33364612150039,-1.4560674843478194,0.0
2357,0.0,0.0,0,0,0,0,0,0.0,0.0,0,0.0,0,0,0,0,0,-0.2466579,0,-0.30092479,0,0,0,0,0,0,0,0.0,0.0,0.0,0.0,0.0,0.0,0.0,0.0,0.0,0,0,165.7711465032358,-0.10508773,-4.2757449,0.0,6.459657731372082,0.0,0,-0.4532467113296385,8.873860605937663,-12.039683800621685,1.5474555393107061,-0.4680857687981609,58.33364612150039,-1.4560674843478194,0.0
2358,0.0,0.0,0,0,0,0,0,0.0,0.0,0,0.0,0,0,0,0,0,-0.2466579,0,-0.30092479,0,0,0,0,0,0,0,0.0,0.0,0.0,0.0,0.0,0.0,0.0,0.0,0.0,0,0,165.7711465032358,-0.10508773,-4.2757449,0.0,6.459657731372082,0.0,0,-0.4532467113296385,8.873860605937663,-12.039683800621685,1.5474555393107061,-0.4680857687981609,58.33364612150039,-1.4560674843478194,0.0
2359,0.0,0.0,0,0,0,0,0,0.0,0.0,0,0.0,0,0,0,0,0,-0.2466579,0,-0.30092479,0,0,0,0,0,0,0,0.0,0.0,0.0,0.0,0.0,0.0,0.0,0.0,0.0,0,0,165.7711465032358,-0.10508773,-4.2757449,0.0,6.459657731372082,0.0,0,-0.4532467113296385,8.873860605937663,-12.039683800621685,1.5474555393107061,-0.4680857687981609,58.33364612150039,-1.4560674843478194,0.0
2360,0.0,0.0,0,0,0,0,0,0.0,0.0,0,0.0,0,0,0,0,0,-0.2466579,0,-0.30092479,0,0,0,0,0,0,0,0.0,0.0,0.0,0.0,0.0,0.0,0.0,0.0,0.0,0,0,165.7711465032358,-0.10508773,-4.2757449,0.0,6.459657731372082,0.0,0,-0.4532467113296385,8.873860605937663,-12.039683800621685,1.5474555393107061,-0.4680857687981609,58.33364612150039,-1.4560674843478194,0.0
2361,0.0,0.0,0,0,0,0,0,0.0,0.0,0,0.0,0,0,0,0,0,-0.2466579,0,-0.30092479,0,0,0,0,0,0,0,0.0,0.0,0.0,0.0,0.0,0.0,0.0,0.0,0.0,0,0,165.7711465032358,-0.10508773,-4.2757449,0.0,6.459657731372082,0.0,0,-0.4532467113296385,8.873860605937663,-12.039683800621685,1.5474555393107061,-0.4680857687981609,58.33364612150039,-1.4560674843478194,0.0
2362,0.0,0.0,0,0,0,0,0,0.0,0.0,0,0.0,0,0,0,0,0,-0.2466579,0,-0.30092479,0,0,0,0,0,0,0,0.0,0.0,0.0,0.0,0.0,0.0,0.0,0.0,0.0,0,0,165.7711465032358,-0.10508773,-4.2757449,0.0,6.459657731372082,0.0,0,-0.4532467113296385,8.873860605937663,-12.039683800621685,1.5474555393107061,-0.4680857687981609,58.33364612150039,-1.4560674843478194,0.0
2363,0.0,0.0,0,0,0,0,0,0.0,0.0,0,0.0,0,0,0,0,0,-0.2466579,0,-0.30092479,0,0,0,0,0,0,0,0.0,0.0,0.0,0.0,0.0,0.0,0.0,0.0,0.0,0,0,165.7711465032358,-0.10508773,-4.2757449,0.0,6.459657731372082,0.0,0,-0.4532467113296385,8.873860605937663,-12.039683800621685,1.5474555393107061,-0.4680857687981609,58.33364612150039,-1.4560674843478194,0.0
2364,0.0,0.0,0,0,0,0,0,0.0,0.0,0,0.0,0,0,0,0,0,-0.2466579,0,-0.30092479,0,0,0,0,0,0,0,0.0,0.0,0.0,0.0,0.0,0.0,0.0,0.0,0.0,0,0,165.7711465032358,-0.10508773,-4.2757449,0.0,6.459657731372082,0.0,0,-0.4532467113296385,8.873860605937663,-12.039683800621685,1.5474555393107061,-0.4680857687981609,58.33364612150039,-1.4560674843478194,0.0
2365,0.0,0.0,0,0,0,0,0,0.0,0.0,0,0.0,0,0,0,0,0,-0.2466579,0,-0.30092479,0,0,0,0,0,0,0,0.0,0.0,0.0,0.0,0.0,0.0,0.0,0.0,0.0,0,0,165.7711465032358,-0.10508773,-4.2757449,0.0,6.459657731372082,0.0,0,-0.4532467113296385,8.873860605937663,-12.039683800621685,1.5474555393107061,-0.4680857687981609,58.33364612150039,-1.4560674843478194,0.0
2366,0.0,0.0,0,0,0,0,0,0.0,0.0,0,0.0,0,0,0,0,0,-0.2466579,0,-0.30092479,0,0,0,0,0,0,0,0.0,0.0,0.0,0.0,0.0,0.0,0.0,0.0,0.0,0,0,165.7711465032358,-0.10508773,-4.2757449,0.0,6.459657731372082,0.0,0,-0.4532467113296385,8.873860605937663,-12.039683800621685,1.5474555393107061,-0.4680857687981609,58.33364612150039,-1.4560674843478194,0.0
2367,0.0,0.0,0,0,0,0,0,0.0,0.0,0,0.0,0,0,0,0,0,-0.2466579,0,-0.30092479,0,0,0,0,0,0,0,0.0,0.0,0.0,0.0,0.0,0.0,0.0,0.0,0.0,0,0,165.7711465032358,-0.10508773,-4.2757449,0.0,6.459657731372082,0.0,0,-0.4532467113296385,8.873860605937663,-12.039683800621685,1.5474555393107061,-0.4680857687981609,58.33364612150039,-1.4560674843478194,0.0
2368,0.0,0.0,0,0,0,0,0,0.0,0.0,0,0.0,0,0,0,0,0,-0.2466579,0,-0.30092479,0,0,0,0,0,0,0,0.0,0.0,0.0,0.0,0.0,0.0,0.0,0.0,0.0,0,0,165.7711465032358,-0.10508773,-4.2757449,0.0,6.459657731372082,0.0,0,-0.4532467113296385,8.873860605937663,-12.039683800621685,1.5474555393107061,-0.4680857687981609,58.33364612150039,-1.4560674843478194,0.0
2369,0.0,0.0,0,0,0,0,0,0.0,0.0,0,0.0,0,0,0,0,0,-0.2466579,0,-0.30092479,0,0,0,0,0,0,0,0.0,0.0,0.0,0.0,0.0,0.0,0.0,0.0,0.0,0,0,165.7711465032358,-0.10508773,-4.2757449,0.0,6.459657731372082,0.0,0,-0.4532467113296385,8.873860605937663,-12.039683800621685,1.5474555393107061,-0.4680857687981609,58.33364612150039,-1.4560674843478194,0.0
2370,0.0,0.0,0,0,0,0,0,0.0,0.0,0,0.0,0,0,0,0,0,-0.2466579,0,-0.30092479,0,0,0,0,0,0,0,0.0,0.0,0.0,0.0,0.0,0.0,0.0,0.0,0.0,0,0,165.7711465032358,-0.10508773,-4.2757449,0.0,6.459657731372082,0.0,0,-0.4532467113296385,8.873860605937663,-12.039683800621685,1.5474555393107061,-0.4680857687981609,58.33364612150039,-1.4560674843478194,0.0
2371,0.0,0.0,0,0,0,0,0,0.0,0.0,0,0.0,0,0,0,0,0,-0.2466579,0,-0.30092479,0,0,0,0,0,0,0,0.0,0.0,0.0,0.0,0.0,0.0,0.0,0.0,0.0,0,0,165.7711465032358,-0.10508773,-4.2757449,0.0,6.459657731372082,0.0,0,-0.4532467113296385,8.873860605937663,-12.039683800621685,1.5474555393107061,-0.4680857687981609,58.33364612150039,-1.4560674843478194,0.0
2372,0.0,0.0,0,0,0,0,0,0.0,0.0,0,0.0,0,0,0,0,0,-0.2466579,0,-0.30092479,0,0,0,0,0,0,0,0.0,0.0,0.0,0.0,0.0,0.0,0.0,0.0,0.0,0,0,165.7711465032358,-0.10508773,-4.2757449,0.0,6.459657731372082,0.0,0,-0.4532467113296385,8.873860605937663,-12.039683800621685,1.5474555393107061,-0.4680857687981609,58.33364612150039,-1.4560674843478194,0.0
2373,0.0,0.0,0,0,0,0,0,0.0,0.0,0,0.0,0,0,0,0,0,-0.2466579,0,-0.30092479,0,0,0,0,0,0,0,0.0,0.0,0.0,0.0,0.0,0.0,0.0,0.0,0.0,0,0,165.7711465032358,-0.10508773,-4.2757449,0.0,6.459657731372082,0.0,0,-0.4532467113296385,8.873860605937663,-12.039683800621685,1.5474555393107061,-0.4680857687981609,58.33364612150039,-1.4560674843478194,0.0
2374,0.0,0.0,0,0,0,0,0,0.0,0.0,0,0.0,0,0,0,0,0,-0.2466579,0,-0.30092479,0,0,0,0,0,0,0,0.0,0.0,0.0,0.0,0.0,0.0,0.0,0.0,0.0,0,0,165.7711465032358,-0.10508773,-4.2757449,0.0,6.459657731372082,0.0,0,-0.4532467113296385,8.873860605937663,-12.039683800621685,1.5474555393107061,-0.4680857687981609,58.33364612150039,-1.4560674843478194,0.0
2375,0.0,0.0,0,0,0,0,0,0.0,0.0,0,0.0,0,0,0,0,0,-0.2466579,0,-0.30092479,0,0,0,0,0,0,0,0.0,0.0,0.0,0.0,0.0,0.0,0.0,0.0,0.0,0,0,165.7711465032358,-0.10508773,-4.2757449,0.0,6.459657731372082,0.0,0,-0.4532467113296385,8.873860605937663,-12.039683800621685,1.5474555393107061,-0.4680857687981609,58.33364612150039,-1.4560674843478194,0.0
2376,0.0,0.0,0,0,0,0,0,0.0,0.0,0,0.0,0,0,0,0,0,-0.2466579,0,-0.30092479,0,0,0,0,0,0,0,0.0,0.0,0.0,0.0,0.0,0.0,0.0,0.0,0.0,0,0,165.7711465032358,-0.10508773,-4.2757449,0.0,6.459657731372082,0.0,0,-0.4532467113296385,8.873860605937663,-12.039683800621685,1.5474555393107061,-0.4680857687981609,58.33364612150039,-1.4560674843478194,0.0
2377,0.0,0.0,0,0,0,0,0,0.0,0.0,0,0.0,0,0,0,0,0,-0.2466579,0,-0.30092479,0,0,0,0,0,0,0,0.0,0.0,0.0,0.0,0.0,0.0,0.0,0.0,0.0,0,0,165.7711465032358,-0.10508773,-4.2757449,0.0,6.459657731372082,0.0,0,-0.4532467113296385,8.873860605937663,-12.039683800621685,1.5474555393107061,-0.4680857687981609,58.33364612150039,-1.4560674843478194,0.0
2378,0.0,0.0,0,0,0,0,0,0.0,0.0,0,0.0,0,0,0,0,0,-0.2466579,0,-0.30092479,0,0,0,0,0,0,0,0.0,0.0,0.0,0.0,0.0,0.0,0.0,0.0,0.0,0,0,165.7711465032358,-0.10508773,-4.2757449,0.0,6.459657731372082,0.0,0,-0.4532467113296385,8.873860605937663,-12.039683800621685,1.5474555393107061,-0.4680857687981609,58.33364612150039,-1.4560674843478194,0.0
2379,0.0,0.0,0,0,0,0,0,0.0,0.0,0,0.0,0,0,0,0,0,-0.2466579,0,-0.30092479,0,0,0,0,0,0,0,0.0,0.0,0.0,0.0,0.0,0.0,0.0,0.0,0.0,0,0,165.7711465032358,-0.10508773,-4.2757449,0.0,6.459657731372082,0.0,0,-0.4532467113296385,8.873860605937663,-12.039683800621685,1.5474555393107061,-0.4680857687981609,58.33364612150039,-1.4560674843478194,0.0
2380,0.0,0.0,0,0,0,0,0,0.0,0.0,0,0.0,0,0,0,0,0,-0.2466579,0,-0.30092479,0,0,0,0,0,0,0,0.0,0.0,0.0,0.0,0.0,0.0,0.0,0.0,0.0,0,0,165.7711465032358,-0.10508773,-4.2757449,0.0,6.459657731372082,0.0,0,-0.4532467113296385,8.873860605937663,-12.039683800621685,1.5474555393107061,-0.4680857687981609,58.33364612150039,-1.4560674843478194,0.0
2381,0.0,0.0,0,0,0,0,0,0.0,0.0,0,0.0,0,0,0,0,0,-0.2466579,0,-0.30092479,0,0,0,0,0,0,0,0.0,0.0,0.0,0.0,0.0,0.0,0.0,0.0,0.0,0,0,165.7711465032358,-0.10508773,-4.2757449,0.0,6.459657731372082,0.0,0,-0.4532467113296385,8.873860605937663,-12.039683800621685,1.5474555393107061,-0.4680857687981609,58.33364612150039,-1.4560674843478194,0.0
2382,0.0,0.0,0,0,0,0,0,0.0,0.0,0,0.0,0,0,0,0,0,-0.2466579,0,-0.30092479,0,0,0,0,0,0,0,0.0,0.0,0.0,0.0,0.0,0.0,0.0,0.0,0.0,0,0,165.7711465032358,-0.10508773,-4.2757449,0.0,6.459657731372082,0.0,0,-0.4532467113296385,8.873860605937663,-12.039683800621685,1.5474555393107061,-0.4680857687981609,58.33364612150039,-1.4560674843478194,0.0
2383,0.0,0.0,0,0,0,0,0,0.0,0.0,0,0.0,0,0,0,0,0,-0.2466579,0,-0.30092479,0,0,0,0,0,0,0,0.0,0.0,0.0,0.0,0.0,0.0,0.0,0.0,0.0,0,0,165.7711465032358,-0.10508773,-4.2757449,0.0,6.459657731372082,0.0,0,-0.4532467113296385,8.873860605937663,-12.039683800621685,1.5474555393107061,-0.4680857687981609,58.33364612150039,-1.4560674843478194,0.0
2384,0.0,0.0,0,0,0,0,0,0.0,0.0,0,0.0,0,0,0,0,0,-0.2466579,0,-0.30092479,0,0,0,0,0,0,0,0.0,0.0,0.0,0.0,0.0,0.0,0.0,0.0,0.0,0,0,165.7711465032358,-0.10508773,-4.2757449,0.0,6.459657731372082,0.0,0,-0.4532467113296385,8.873860605937663,-12.039683800621685,1.5474555393107061,-0.4680857687981609,58.33364612150039,-1.4560674843478194,0.0
2385,0.0,0.0,0,0,0,0,0,0.0,0.0,0,0.0,0,0,0,0,0,-0.2466579,0,-0.30092479,0,0,0,0,0,0,0,0.0,0.0,0.0,0.0,0.0,0.0,0.0,0.0,0.0,0,0,165.7711465032358,-0.10508773,-4.2757449,0.0,6.459657731372082,0.0,0,-0.4532467113296385,8.873860605937663,-12.039683800621685,1.5474555393107061,-0.4680857687981609,58.33364612150039,-1.4560674843478194,0.0
2386,0.0,0.0,0,0,0,0,0,0.0,0.0,0,0.0,0,0,0,0,0,-0.2466579,0,-0.30092479,0,0,0,0,0,0,0,0.0,0.0,0.0,0.0,0.0,0.0,0.0,0.0,0.0,0,0,165.7711465032358,-0.10508773,-4.2757449,0.0,6.459657731372082,0.0,0,-0.4532467113296385,8.873860605937663,-12.039683800621685,1.5474555393107061,-0.4680857687981609,58.33364612150039,-1.4560674843478194,0.0
2387,0.0,0.0,0,0,0,0,0,0.0,0.0,0,0.0,0,0,0,0,0,-0.2466579,0,-0.30092479,0,0,0,0,0,0,0,0.0,0.0,0.0,0.0,0.0,0.0,0.0,0.0,0.0,0,0,165.7711465032358,-0.10508773,-4.2757449,0.0,6.459657731372082,0.0,0,-0.4532467113296385,8.873860605937663,-12.039683800621685,1.5474555393107061,-0.4680857687981609,58.33364612150039,-1.4560674843478194,0.0
2388,0.0,0.0,0,0,0,0,0,0.0,0.0,0,0.0,0,0,0,0,0,-0.2466579,0,-0.30092479,0,0,0,0,0,0,0,0.0,0.0,0.0,0.0,0.0,0.0,0.0,0.0,0.0,0,0,165.7711465032358,-0.10508773,-4.2757449,0.0,6.459657731372082,0.0,0,-0.4532467113296385,8.873860605937663,-12.039683800621685,1.5474555393107061,-0.4680857687981609,58.33364612150039,-1.4560674843478194,0.0
2389,0.0,0.0,0,0,0,0,0,0.0,0.0,0,0.0,0,0,0,0,0,-0.2466579,0,-0.30092479,0,0,0,0,0,0,0,0.0,0.0,0.0,0.0,0.0,0.0,0.0,0.0,0.0,0,0,165.7711465032358,-0.10508773,-4.2757449,0.0,6.459657731372082,0.0,0,-0.4532467113296385,8.873860605937663,-12.039683800621685,1.5474555393107061,-0.4680857687981609,58.33364612150039,-1.4560674843478194,0.0
2390,0.0,0.0,0,0,0,0,0,0.0,0.0,0,0.0,0,0,0,0,0,-0.2466579,0,-0.30092479,0,0,0,0,0,0,0,0.0,0.0,0.0,0.0,0.0,0.0,0.0,0.0,0.0,0,0,165.7711465032358,-0.10508773,-4.2757449,0.0,6.459657731372082,0.0,0,-0.4532467113296385,8.873860605937663,-12.039683800621685,1.5474555393107061,-0.4680857687981609,58.33364612150039,-1.4560674843478194,0.0
2391,0.0,0.0,0,0,0,0,0,0.0,0.0,0,0.0,0,0,0,0,0,-0.2466579,0,-0.30092479,0,0,0,0,0,0,0,0.0,0.0,0.0,0.0,0.0,0.0,0.0,0.0,0.0,0,0,165.7711465032358,-0.10508773,-4.2757449,0.0,6.459657731372082,0.0,0,-0.4532467113296385,8.873860605937663,-12.039683800621685,1.5474555393107061,-0.4680857687981609,58.33364612150039,-1.4560674843478194,0.0
2392,0.0,0.0,0,0,0,0,0,0.0,0.0,0,0.0,0,0,0,0,0,-0.2466579,0,-0.30092479,0,0,0,0,0,0,0,0.0,0.0,0.0,0.0,0.0,0.0,0.0,0.0,0.0,0,0,165.7711465032358,-0.10508773,-4.2757449,0.0,6.459657731372082,0.0,0,-0.4532467113296385,8.873860605937663,-12.039683800621685,1.5474555393107061,-0.4680857687981609,58.33364612150039,-1.4560674843478194,0.0
2393,0.0,0.0,0,0,0,0,0,0.0,0.0,0,0.0,0,0,0,0,0,-0.2466579,0,-0.30092479,0,0,0,0,0,0,0,0.0,0.0,0.0,0.0,0.0,0.0,0.0,0.0,0.0,0,0,165.7711465032358,-0.10508773,-4.2757449,0.0,6.459657731372082,0.0,0,-0.4532467113296385,8.873860605937663,-12.039683800621685,1.5474555393107061,-0.4680857687981609,58.33364612150039,-1.4560674843478194,0.0
2394,0.0,0.0,0,0,0,0,0,0.0,0.0,0,0.0,0,0,0,0,0,-0.2466579,0,-0.30092479,0,0,0,0,0,0,0,0.0,0.0,0.0,0.0,0.0,0.0,0.0,0.0,0.0,0,0,165.7711465032358,-0.10508773,-4.2757449,0.0,6.459657731372082,0.0,0,-0.4532467113296385,8.873860605937663,-12.039683800621685,1.5474555393107061,-0.4680857687981609,58.33364612150039,-1.4560674843478194,0.0
2395,0.0,0.0,0,0,0,0,0,0.0,0.0,0,0.0,0,0,0,0,0,-0.2466579,0,-0.30092479,0,0,0,0,0,0,0,0.0,0.0,0.0,0.0,0.0,0.0,0.0,0.0,0.0,0,0,165.7711465032358,-0.10508773,-4.2757449,0.0,6.459657731372082,0.0,0,-0.4532467113296385,8.873860605937663,-12.039683800621685,1.5474555393107061,-0.4680857687981609,58.33364612150039,-1.4560674843478194,0.0
2396,0.0,0.0,0,0,0,0,0,0.0,0.0,0,0.0,0,0,0,0,0,-0.2466579,0,-0.30092479,0,0,0,0,0,0,0,0.0,0.0,0.0,0.0,0.0,0.0,0.0,0.0,0.0,0,0,165.7711465032358,-0.10508773,-4.2757449,0.0,6.459657731372082,0.0,0,-0.4532467113296385,8.873860605937663,-12.039683800621685,1.5474555393107061,-0.4680857687981609,58.33364612150039,-1.4560674843478194,0.0
2397,0.0,0.0,0,0,0,0,0,0.0,0.0,0,0.0,0,0,0,0,0,-0.2466579,0,-0.30092479,0,0,0,0,0,0,0,0.0,0.0,0.0,0.0,0.0,0.0,0.0,0.0,0.0,0,0,165.7711465032358,-0.10508773,-4.2757449,0.0,6.459657731372082,0.0,0,-0.4532467113296385,8.873860605937663,-12.039683800621685,1.5474555393107061,-0.4680857687981609,58.33364612150039,-1.4560674843478194,0.0
2398,0.0,0.0,0,0,0,0,0,0.0,0.0,0,0.0,0,0,0,0,0,-0.2466579,0,-0.30092479,0,0,0,0,0,0,0,0.0,0.0,0.0,0.0,0.0,0.0,0.0,0.0,0.0,0,0,165.7711465032358,-0.10508773,-4.2757449,0.0,6.459657731372082,0.0,0,-0.4532467113296385,8.873860605937663,-12.039683800621685,1.5474555393107061,-0.4680857687981609,58.33364612150039,-1.4560674843478194,0.0
2399,0.0,0.0,0,0,0,0,0,0.0,0.0,0,0.0,0,0,0,0,0,-0.2466579,0,-0.30092479,0,0,0,0,0,0,0,0.0,0.0,0.0,0.0,0.0,0.0,0.0,0.0,0.0,0,0,165.7711465032358,-0.10508773,-4.2757449,0.0,6.459657731372082,0.0,0,-0.4532467113296385,8.873860605937663,-12.039683800621685,1.5474555393107061,-0.4680857687981609,58.33364612150039,-1.4560674843478194,0.0
2400,0.0,0.0,0,0,0,0,0,0.0,0.0,0,0.0,0,0,0,0,0,-0.2466579,0,-0.30092479,0,0,0,0,0,0,0,0.0,0.0,0.0,0.0,0.0,0.0,0.0,0.0,0.0,0,0,165.7711465032358,-0.10508773,-4.2757449,0.0,6.459657731372082,0.0,0,-0.4532467113296385,8.873860605937663,-12.039683800621685,1.5474555393107061,-0.4680857687981609,58.33364612150039,-1.4560674843478194,0.0
2401,0.0,0.0,0,0,0,0,0,0.0,0.0,0,0.0,0,0,0,0,0,-0.2466579,0,-0.30092479,0,0,0,0,0,0,0,0.0,0.0,0.0,0.0,0.0,0.0,0.0,0.0,0.0,0,0,165.7711465032358,-0.10508773,-4.2757449,0.0,6.459657731372082,0.0,0,-0.4532467113296385,8.873860605937663,-12.039683800621685,1.5474555393107061,-0.4680857687981609,58.33364612150039,-1.4560674843478194,0.0
2402,0.0,0.0,0,0,0,0,0,0.0,0.0,0,0.0,0,0,0,0,0,-0.2466579,0,-0.30092479,0,0,0,0,0,0,0,0.0,0.0,0.0,0.0,0.0,0.0,0.0,0.0,0.0,0,0,165.7711465032358,-0.10508773,-4.2757449,0.0,6.459657731372082,0.0,0,-0.4532467113296385,8.873860605937663,-12.039683800621685,1.5474555393107061,-0.4680857687981609,58.33364612150039,-1.4560674843478194,0.0
2403,0.0,0.0,0,0,0,0,0,0.0,0.0,0,0.0,0,0,0,0,0,-0.2466579,0,-0.30092479,0,0,0,0,0,0,0,0.0,0.0,0.0,0.0,0.0,0.0,0.0,0.0,0.0,0,0,165.7711465032358,-0.10508773,-4.2757449,0.0,6.459657731372082,0.0,0,-0.4532467113296385,8.873860605937663,-12.039683800621685,1.5474555393107061,-0.4680857687981609,58.33364612150039,-1.4560674843478194,0.0
2404,0.0,0.0,0,0,0,0,0,0.0,0.0,0,0.0,0,0,0,0,0,-0.2466579,0,-0.30092479,0,0,0,0,0,0,0,0.0,0.0,0.0,0.0,0.0,0.0,0.0,0.0,0.0,0,0,165.7711465032358,-0.10508773,-4.2757449,0.0,6.459657731372082,0.0,0,-0.4532467113296385,8.873860605937663,-12.039683800621685,1.5474555393107061,-0.4680857687981609,58.33364612150039,-1.4560674843478194,0.0
2405,0.0,0.0,0,0,0,0,0,0.0,0.0,0,0.0,0,0,0,0,0,-0.2466579,0,-0.30092479,0,0,0,0,0,0,0,0.0,0.0,0.0,0.0,0.0,0.0,0.0,0.0,0.0,0,0,165.7711465032358,-0.10508773,-4.2757449,0.0,6.459657731372082,0.0,0,-0.4532467113296385,8.873860605937663,-12.039683800621685,1.5474555393107061,-0.4680857687981609,58.33364612150039,-1.4560674843478194,0.0
2406,0.0,0.0,0,0,0,0,0,0.0,0.0,0,0.0,0,0,0,0,0,-0.2466579,0,-0.30092479,0,0,0,0,0,0,0,0.0,0.0,0.0,0.0,0.0,0.0,0.0,0.0,0.0,0,0,165.7711465032358,-0.10508773,-4.2757449,0.0,6.459657731372082,0.0,0,-0.4532467113296385,8.873860605937663,-12.039683800621685,1.5474555393107061,-0.4680857687981609,58.33364612150039,-1.4560674843478194,0.0
2407,0.0,0.0,0,0,0,0,0,0.0,0.0,0,0.0,0,0,0,0,0,-0.2466579,0,-0.30092479,0,0,0,0,0,0,0,0.0,0.0,0.0,0.0,0.0,0.0,0.0,0.0,0.0,0,0,165.7711465032358,-0.10508773,-4.2757449,0.0,6.459657731372082,0.0,0,-0.4532467113296385,8.873860605937663,-12.039683800621685,1.5474555393107061,-0.4680857687981609,58.33364612150039,-1.4560674843478194,0.0
2408,0.0,0.0,0,0,0,0,0,0.0,0.0,0,0.0,0,0,0,0,0,-0.2466579,0,-0.30092479,0,0,0,0,0,0,0,0.0,0.0,0.0,0.0,0.0,0.0,0.0,0.0,0.0,0,0,165.7711465032358,-0.10508773,-4.2757449,0.0,6.459657731372082,0.0,0,-0.4532467113296385,8.873860605937663,-12.039683800621685,1.5474555393107061,-0.4680857687981609,58.33364612150039,-1.4560674843478194,0.0
2409,0.0,0.0,0,0,0,0,0,0.0,0.0,0,0.0,0,0,0,0,0,-0.2466579,0,-0.30092479,0,0,0,0,0,0,0,0.0,0.0,0.0,0.0,0.0,0.0,0.0,0.0,0.0,0,0,165.7711465032358,-0.10508773,-4.2757449,0.0,6.459657731372082,0.0,0,-0.4532467113296385,8.873860605937663,-12.039683800621685,1.5474555393107061,-0.4680857687981609,58.33364612150039,-1.4560674843478194,0.0
2410,0.0,0.0,0,0,0,0,0,0.0,0.0,0,0.0,0,0,0,0,0,-0.2466579,0,-0.30092479,0,0,0,0,0,0,0,0.0,0.0,0.0,0.0,0.0,0.0,0.0,0.0,0.0,0,0,165.7711465032358,-0.10508773,-4.2757449,0.0,6.459657731372082,0.0,0,-0.4532467113296385,8.873860605937663,-12.039683800621685,1.5474555393107061,-0.4680857687981609,58.33364612150039,-1.4560674843478194,0.0
2411,0.0,0.0,0,0,0,0,0,0.0,0.0,0,0.0,0,0,0,0,0,-0.2466579,0,-0.30092479,0,0,0,0,0,0,0,0.0,0.0,0.0,0.0,0.0,0.0,0.0,0.0,0.0,0,0,165.7711465032358,-0.10508773,-4.2757449,0.0,6.459657731372082,0.0,0,-0.4532467113296385,8.873860605937663,-12.039683800621685,1.5474555393107061,-0.4680857687981609,58.33364612150039,-1.4560674843478194,0.0
2412,0.0,0.0,0,0,0,0,0,0.0,0.0,0,0.0,0,0,0,0,0,-0.2466579,0,-0.30092479,0,0,0,0,0,0,0,0.0,0.0,0.0,0.0,0.0,0.0,0.0,0.0,0.0,0,0,165.7711465032358,-0.10508773,-4.2757449,0.0,6.459657731372082,0.0,0,-0.4532467113296385,8.873860605937663,-12.039683800621685,1.5474555393107061,-0.4680857687981609,58.33364612150039,-1.4560674843478194,0.0
2413,0.0,0.0,0,0,0,0,0,0.0,0.0,0,0.0,0,0,0,0,0,-0.2466579,0,-0.30092479,0,0,0,0,0,0,0,0.0,0.0,0.0,0.0,0.0,0.0,0.0,0.0,0.0,0,0,165.7711465032358,-0.10508773,-4.2757449,0.0,6.459657731372082,0.0,0,-0.4532467113296385,8.873860605937663,-12.039683800621685,1.5474555393107061,-0.4680857687981609,58.33364612150039,-1.4560674843478194,0.0
2414,0.0,0.0,0,0,0,0,0,0.0,0.0,0,0.0,0,0,0,0,0,-0.2466579,0,-0.30092479,0,0,0,0,0,0,0,0.0,0.0,0.0,0.0,0.0,0.0,0.0,0.0,0.0,0,0,165.7711465032358,-0.10508773,-4.2757449,0.0,6.459657731372082,0.0,0,-0.4532467113296385,8.873860605937663,-12.039683800621685,1.5474555393107061,-0.4680857687981609,58.33364612150039,-1.4560674843478194,0.0
2415,0.0,0.0,0,0,0,0,0,0.0,0.0,0,0.0,0,0,0,0,0,-0.2466579,0,-0.30092479,0,0,0,0,0,0,0,0.0,0.0,0.0,0.0,0.0,0.0,0.0,0.0,0.0,0,0,165.7711465032358,-0.10508773,-4.2757449,0.0,6.459657731372082,0.0,0,-0.4532467113296385,8.873860605937663,-12.039683800621685,1.5474555393107061,-0.4680857687981609,58.33364612150039,-1.4560674843478194,0.0
2416,0.0,0.0,0,0,0,0,0,0.0,0.0,0,0.0,0,0,0,0,0,-0.2466579,0,-0.30092479,0,0,0,0,0,0,0,0.0,0.0,0.0,0.0,0.0,0.0,0.0,0.0,0.0,0,0,165.7711465032358,-0.10508773,-4.2757449,0.0,6.459657731372082,0.0,0,-0.4532467113296385,8.873860605937663,-12.039683800621685,1.5474555393107061,-0.4680857687981609,58.33364612150039,-1.4560674843478194,0.0
2417,0.0,0.0,0,0,0,0,0,0.0,0.0,0,0.0,0,0,0,0,0,-0.2466579,0,-0.30092479,0,0,0,0,0,0,0,0.0,0.0,0.0,0.0,0.0,0.0,0.0,0.0,0.0,0,0,165.7711465032358,-0.10508773,-4.2757449,0.0,6.459657731372082,0.0,0,-0.4532467113296385,8.873860605937663,-12.039683800621685,1.5474555393107061,-0.4680857687981609,58.33364612150039,-1.4560674843478194,0.0
2418,0.0,0.0,0,0,0,0,0,0.0,0.0,0,0.0,0,0,0,0,0,-0.2466579,0,-0.30092479,0,0,0,0,0,0,0,0.0,0.0,0.0,0.0,0.0,0.0,0.0,0.0,0.0,0,0,165.7711465032358,-0.10508773,-4.2757449,0.0,6.459657731372082,0.0,0,-0.4532467113296385,8.873860605937663,-12.039683800621685,1.5474555393107061,-0.4680857687981609,58.33364612150039,-1.4560674843478194,0.0
2419,0.0,0.0,0,0,0,0,0,0.0,0.0,0,0.0,0,0,0,0,0,-0.2466579,0,-0.30092479,0,0,0,0,0,0,0,0.0,0.0,0.0,0.0,0.0,0.0,0.0,0.0,0.0,0,0,165.7711465032358,-0.10508773,-4.2757449,0.0,6.459657731372082,0.0,0,-0.4532467113296385,8.873860605937663,-12.039683800621685,1.5474555393107061,-0.4680857687981609,58.33364612150039,-1.4560674843478194,0.0
2420,0.0,0.0,0,0,0,0,0,0.0,0.0,0,0.0,0,0,0,0,0,-0.2466579,0,-0.30092479,0,0,0,0,0,0,0,0.0,0.0,0.0,0.0,0.0,0.0,0.0,0.0,0.0,0,0,165.7711465032358,-0.10508773,-4.2757449,0.0,6.459657731372082,0.0,0,-0.4532467113296385,8.873860605937663,-12.039683800621685,1.5474555393107061,-0.4680857687981609,58.33364612150039,-1.4560674843478194,0.0
2421,0.0,0.0,0,0,0,0,0,0.0,0.0,0,0.0,0,0,0,0,0,-0.2466579,0,-0.30092479,0,0,0,0,0,0,0,0.0,0.0,0.0,0.0,0.0,0.0,0.0,0.0,0.0,0,0,165.7711465032358,-0.10508773,-4.2757449,0.0,6.459657731372082,0.0,0,-0.4532467113296385,8.873860605937663,-12.039683800621685,1.5474555393107061,-0.4680857687981609,58.33364612150039,-1.4560674843478194,0.0
2422,0.0,0.0,0,0,0,0,0,0.0,0.0,0,0.0,0,0,0,0,0,-0.2466579,0,-0.30092479,0,0,0,0,0,0,0,0.0,0.0,0.0,0.0,0.0,0.0,0.0,0.0,0.0,0,0,165.7711465032358,-0.10508773,-4.2757449,0.0,6.459657731372082,0.0,0,-0.4532467113296385,8.873860605937663,-12.039683800621685,1.5474555393107061,-0.4680857687981609,58.33364612150039,-1.4560674843478194,0.0
2423,0.0,0.0,0,0,0,0,0,0.0,0.0,0,0.0,0,0,0,0,0,-0.2466579,0,-0.30092479,0,0,0,0,0,0,0,0.0,0.0,0.0,0.0,0.0,0.0,0.0,0.0,0.0,0,0,165.7711465032358,-0.10508773,-4.2757449,0.0,6.459657731372082,0.0,0,-0.4532467113296385,8.873860605937663,-12.039683800621685,1.5474555393107061,-0.4680857687981609,58.33364612150039,-1.4560674843478194,0.0
2424,0.0,0.0,0,0,0,0,0,0.0,0.0,0,0.0,0,0,0,0,0,-0.2466579,0,-0.30092479,0,0,0,0,0,0,0,0.0,0.0,0.0,0.0,0.0,0.0,0.0,0.0,0.0,0,0,165.7711465032358,-0.10508773,-4.2757449,0.0,6.459657731372082,0.0,0,-0.4532467113296385,8.873860605937663,-12.039683800621685,1.5474555393107061,-0.4680857687981609,58.33364612150039,-1.4560674843478194,0.0
2425,0.0,0.0,0,0,0,0,0,0.0,0.0,0,0.0,0,0,0,0,0,-0.2466579,0,-0.30092479,0,0,0,0,0,0,0,0.0,0.0,0.0,0.0,0.0,0.0,0.0,0.0,0.0,0,0,165.7711465032358,-0.10508773,-4.2757449,0.0,6.459657731372082,0.0,0,-0.4532467113296385,8.873860605937663,-12.039683800621685,1.5474555393107061,-0.4680857687981609,58.33364612150039,-1.4560674843478194,0.0
2426,0.0,0.0,0,0,0,0,0,0.0,0.0,0,0.0,0,0,0,0,0,-0.2466579,0,-0.30092479,0,0,0,0,0,0,0,0.0,0.0,0.0,0.0,0.0,0.0,0.0,0.0,0.0,0,0,165.7711465032358,-0.10508773,-4.2757449,0.0,6.459657731372082,0.0,0,-0.4532467113296385,8.873860605937663,-12.039683800621685,1.5474555393107061,-0.4680857687981609,58.33364612150039,-1.4560674843478194,0.0
2427,0.0,0.0,0,0,0,0,0,0.0,0.0,0,0.0,0,0,0,0,0,-0.2466579,0,-0.30092479,0,0,0,0,0,0,0,0.0,0.0,0.0,0.0,0.0,0.0,0.0,0.0,0.0,0,0,165.7711465032358,-0.10508773,-4.2757449,0.0,6.459657731372082,0.0,0,-0.4532467113296385,8.873860605937663,-12.039683800621685,1.5474555393107061,-0.4680857687981609,58.33364612150039,-1.4560674843478194,0.0
2428,0.0,0.0,0,0,0,0,0,0.0,0.0,0,0.0,0,0,0,0,0,-0.2466579,0,-0.30092479,0,0,0,0,0,0,0,0.0,0.0,0.0,0.0,0.0,0.0,0.0,0.0,0.0,0,0,165.7711465032358,-0.10508773,-4.2757449,0.0,6.459657731372082,0.0,0,-0.4532467113296385,8.873860605937663,-12.039683800621685,1.5474555393107061,-0.4680857687981609,58.33364612150039,-1.4560674843478194,0.0
2429,0.0,0.0,0,0,0,0,0,0.0,0.0,0,0.0,0,0,0,0,0,-0.2466579,0,-0.30092479,0,0,0,0,0,0,0,0.0,0.0,0.0,0.0,0.0,0.0,0.0,0.0,0.0,0,0,165.7711465032358,-0.10508773,-4.2757449,0.0,6.459657731372082,0.0,0,-0.4532467113296385,8.873860605937663,-12.039683800621685,1.5474555393107061,-0.4680857687981609,58.33364612150039,-1.4560674843478194,0.0
2430,0.0,0.0,0,0,0,0,0,0.0,0.0,0,0.0,0,0,0,0,0,-0.2466579,0,-0.30092479,0,0,0,0,0,0,0,0.0,0.0,0.0,0.0,0.0,0.0,0.0,0.0,0.0,0,0,165.7711465032358,-0.10508773,-4.2757449,0.0,6.459657731372082,0.0,0,-0.4532467113296385,8.873860605937663,-12.039683800621685,1.5474555393107061,-0.4680857687981609,58.33364612150039,-1.4560674843478194,0.0
2431,0.0,0.0,0,0,0,0,0,0.0,0.0,0,0.0,0,0,0,0,0,-0.2466579,0,-0.30092479,0,0,0,0,0,0,0,0.0,0.0,0.0,0.0,0.0,0.0,0.0,0.0,0.0,0,0,165.7711465032358,-0.10508773,-4.2757449,0.0,6.459657731372082,0.0,0,-0.4532467113296385,8.873860605937663,-12.039683800621685,1.5474555393107061,-0.4680857687981609,58.33364612150039,-1.4560674843478194,0.0
2432,0.0,0.0,0,0,0,0,0,0.0,0.0,0,0.0,0,0,0,0,0,-0.2466579,0,-0.30092479,0,0,0,0,0,0,0,0.0,0.0,0.0,0.0,0.0,0.0,0.0,0.0,0.0,0,0,165.7711465032358,-0.10508773,-4.2757449,0.0,6.459657731372082,0.0,0,-0.4532467113296385,8.873860605937663,-12.039683800621685,1.5474555393107061,-0.4680857687981609,58.33364612150039,-1.4560674843478194,0.0
2433,0.0,0.0,0,0,0,0,0,0.0,0.0,0,0.0,0,0,0,0,0,-0.2466579,0,-0.30092479,0,0,0,0,0,0,0,0.0,0.0,0.0,0.0,0.0,0.0,0.0,0.0,0.0,0,0,165.7711465032358,-0.10508773,-4.2757449,0.0,6.459657731372082,0.0,0,-0.4532467113296385,8.873860605937663,-12.039683800621685,1.5474555393107061,-0.4680857687981609,58.33364612150039,-1.4560674843478194,0.0
2434,0.0,0.0,0,0,0,0,0,0.0,0.0,0,0.0,0,0,0,0,0,-0.2466579,0,-0.30092479,0,0,0,0,0,0,0,0.0,0.0,0.0,0.0,0.0,0.0,0.0,0.0,0.0,0,0,165.7711465032358,-0.10508773,-4.2757449,0.0,6.459657731372082,0.0,0,-0.4532467113296385,8.873860605937663,-12.039683800621685,1.5474555393107061,-0.4680857687981609,58.33364612150039,-1.4560674843478194,0.0
2435,0.0,0.0,0,0,0,0,0,0.0,0.0,0,0.0,0,0,0,0,0,-0.2466579,0,-0.30092479,0,0,0,0,0,0,0,0.0,0.0,0.0,0.0,0.0,0.0,0.0,0.0,0.0,0,0,165.7711465032358,-0.10508773,-4.2757449,0.0,6.459657731372082,0.0,0,-0.4532467113296385,8.873860605937663,-12.039683800621685,1.5474555393107061,-0.4680857687981609,58.33364612150039,-1.4560674843478194,0.0
2436,0.0,0.0,0,0,0,0,0,0.0,0.0,0,0.0,0,0,0,0,0,-0.2466579,0,-0.30092479,0,0,0,0,0,0,0,0.0,0.0,0.0,0.0,0.0,0.0,0.0,0.0,0.0,0,0,165.7711465032358,-0.10508773,-4.2757449,0.0,6.459657731372082,0.0,0,-0.4532467113296385,8.873860605937663,-12.039683800621685,1.5474555393107061,-0.4680857687981609,58.33364612150039,-1.4560674843478194,0.0
2437,0.0,0.0,0,0,0,0,0,0.0,0.0,0,0.0,0,0,0,0,0,-0.2466579,0,-0.30092479,0,0,0,0,0,0,0,0.0,0.0,0.0,0.0,0.0,0.0,0.0,0.0,0.0,0,0,165.7711465032358,-0.10508773,-4.2757449,0.0,6.459657731372082,0.0,0,-0.4532467113296385,8.873860605937663,-12.039683800621685,1.5474555393107061,-0.4680857687981609,58.33364612150039,-1.4560674843478194,0.0
2438,0.0,0.0,0,0,0,0,0,0.0,0.0,0,0.0,0,0,0,0,0,-0.2466579,0,-0.30092479,0,0,0,0,0,0,0,0.0,0.0,0.0,0.0,0.0,0.0,0.0,0.0,0.0,0,0,165.7711465032358,-0.10508773,-4.2757449,0.0,6.459657731372082,0.0,0,-0.4532467113296385,8.873860605937663,-12.039683800621685,1.5474555393107061,-0.4680857687981609,58.33364612150039,-1.4560674843478194,0.0
2439,0.0,0.0,0,0,0,0,0,0.0,0.0,0,0.0,0,0,0,0,0,-0.2466579,0,-0.30092479,0,0,0,0,0,0,0,0.0,0.0,0.0,0.0,0.0,0.0,0.0,0.0,0.0,0,0,165.7711465032358,-0.10508773,-4.2757449,0.0,6.459657731372082,0.0,0,-0.4532467113296385,8.873860605937663,-12.039683800621685,1.5474555393107061,-0.4680857687981609,58.33364612150039,-1.4560674843478194,0.0
2440,0.0,0.0,0,0,0,0,0,0.0,0.0,0,0.0,0,0,0,0,0,-0.2466579,0,-0.30092479,0,0,0,0,0,0,0,0.0,0.0,0.0,0.0,0.0,0.0,0.0,0.0,0.0,0,0,165.7711465032358,-0.10508773,-4.2757449,0.0,6.459657731372082,0.0,0,-0.4532467113296385,8.873860605937663,-12.039683800621685,1.5474555393107061,-0.4680857687981609,58.33364612150039,-1.4560674843478194,0.0
2441,0.0,0.0,0,0,0,0,0,0.0,0.0,0,0.0,0,0,0,0,0,-0.2466579,0,-0.30092479,0,0,0,0,0,0,0,0.0,0.0,0.0,0.0,0.0,0.0,0.0,0.0,0.0,0,0,165.7711465032358,-0.10508773,-4.2757449,0.0,6.459657731372082,0.0,0,-0.4532467113296385,8.873860605937663,-12.039683800621685,1.5474555393107061,-0.4680857687981609,58.33364612150039,-1.4560674843478194,0.0
2442,0.0,0.0,0,0,0,0,0,0.0,0.0,0,0.0,0,0,0,0,0,-0.2466579,0,-0.30092479,0,0,0,0,0,0,0,0.0,0.0,0.0,0.0,0.0,0.0,0.0,0.0,0.0,0,0,165.7711465032358,-0.10508773,-4.2757449,0.0,6.459657731372082,0.0,0,-0.4532467113296385,8.873860605937663,-12.039683800621685,1.5474555393107061,-0.4680857687981609,58.33364612150039,-1.4560674843478194,0.0
2443,0.0,0.0,0,0,0,0,0,0.0,0.0,0,0.0,0,0,0,0,0,-0.2466579,0,-0.30092479,0,0,0,0,0,0,0,0.0,0.0,0.0,0.0,0.0,0.0,0.0,0.0,0.0,0,0,165.7711465032358,-0.10508773,-4.2757449,0.0,6.459657731372082,0.0,0,-0.4532467113296385,8.873860605937663,-12.039683800621685,1.5474555393107061,-0.4680857687981609,58.33364612150039,-1.4560674843478194,0.0
2444,0.0,0.0,0,0,0,0,0,0.0,0.0,0,0.0,0,0,0,0,0,-0.2466579,0,-0.30092479,0,0,0,0,0,0,0,0.0,0.0,0.0,0.0,0.0,0.0,0.0,0.0,0.0,0,0,165.7711465032358,-0.10508773,-4.2757449,0.0,6.459657731372082,0.0,0,-0.4532467113296385,8.873860605937663,-12.039683800621685,1.5474555393107061,-0.4680857687981609,58.33364612150039,-1.4560674843478194,0.0
2445,0.0,0.0,0,0,0,0,0,0.0,0.0,0,0.0,0,0,0,0,0,-0.2466579,0,-0.30092479,0,0,0,0,0,0,0,0.0,0.0,0.0,0.0,0.0,0.0,0.0,0.0,0.0,0,0,165.7711465032358,-0.10508773,-4.2757449,0.0,6.459657731372082,0.0,0,-0.4532467113296385,8.873860605937663,-12.039683800621685,1.5474555393107061,-0.4680857687981609,58.33364612150039,-1.4560674843478194,0.0
2446,0.0,0.0,0,0,0,0,0,0.0,0.0,0,0.0,0,0,0,0,0,-0.2466579,0,-0.30092479,0,0,0,0,0,0,0,0.0,0.0,0.0,0.0,0.0,0.0,0.0,0.0,0.0,0,0,165.7711465032358,-0.10508773,-4.2757449,0.0,6.459657731372082,0.0,0,-0.4532467113296385,8.873860605937663,-12.039683800621685,1.5474555393107061,-0.4680857687981609,58.33364612150039,-1.4560674843478194,0.0
2447,0.0,0.0,0,0,0,0,0,0.0,0.0,0,0.0,0,0,0,0,0,-0.2466579,0,-0.30092479,0,0,0,0,0,0,0,0.0,0.0,0.0,0.0,0.0,0.0,0.0,0.0,0.0,0,0,165.7711465032358,-0.10508773,-4.2757449,0.0,6.459657731372082,0.0,0,-0.4532467113296385,8.873860605937663,-12.039683800621685,1.5474555393107061,-0.4680857687981609,58.33364612150039,-1.4560674843478194,0.0
2448,0.0,0.0,0,0,0,0,0,0.0,0.0,0,0.0,0,0,0,0,0,-0.2466579,0,-0.30092479,0,0,0,0,0,0,0,0.0,0.0,0.0,0.0,0.0,0.0,0.0,0.0,0.0,0,0,165.7711465032358,-0.10508773,-4.2757449,0.0,6.459657731372082,0.0,0,-0.4532467113296385,8.873860605937663,-12.039683800621685,1.5474555393107061,-0.4680857687981609,58.33364612150039,-1.4560674843478194,0.0
2449,0.0,0.0,0,0,0,0,0,0.0,0.0,0,0.0,0,0,0,0,0,-0.2466579,0,-0.30092479,0,0,0,0,0,0,0,0.0,0.0,0.0,0.0,0.0,0.0,0.0,0.0,0.0,0,0,165.7711465032358,-0.10508773,-4.2757449,0.0,6.459657731372082,0.0,0,-0.4532467113296385,8.873860605937663,-12.039683800621685,1.5474555393107061,-0.4680857687981609,58.33364612150039,-1.4560674843478194,0.0
2450,0.0,0.0,0,0,0,0,0,0.0,0.0,0,0.0,0,0,0,0,0,-0.2466579,0,-0.30092479,0,0,0,0,0,0,0,0.0,0.0,0.0,0.0,0.0,0.0,0.0,0.0,0.0,0,0,165.7711465032358,-0.10508773,-4.2757449,0.0,6.459657731372082,0.0,0,-0.4532467113296385,8.873860605937663,-12.039683800621685,1.5474555393107061,-0.4680857687981609,58.33364612150039,-1.4560674843478194,0.0
2451,0.0,0.0,0,0,0,0,0,0.0,0.0,0,0.0,0,0,0,0,0,-0.2466579,0,-0.30092479,0,0,0,0,0,0,0,0.0,0.0,0.0,0.0,0.0,0.0,0.0,0.0,0.0,0,0,165.7711465032358,-0.10508773,-4.2757449,0.0,6.459657731372082,0.0,0,-0.4532467113296385,8.873860605937663,-12.039683800621685,1.5474555393107061,-0.4680857687981609,58.33364612150039,-1.4560674843478194,0.0
2452,0.0,0.0,0,0,0,0,0,0.0,0.0,0,0.0,0,0,0,0,0,-0.2466579,0,-0.30092479,0,0,0,0,0,0,0,0.0,0.0,0.0,0.0,0.0,0.0,0.0,0.0,0.0,0,0,165.7711465032358,-0.10508773,-4.2757449,0.0,6.459657731372082,0.0,0,-0.4532467113296385,8.873860605937663,-12.039683800621685,1.5474555393107061,-0.4680857687981609,58.33364612150039,-1.4560674843478194,0.0
2453,0.0,0.0,0,0,0,0,0,0.0,0.0,0,0.0,0,0,0,0,0,-0.2466579,0,-0.30092479,0,0,0,0,0,0,0,0.0,0.0,0.0,0.0,0.0,0.0,0.0,0.0,0.0,0,0,165.7711465032358,-0.10508773,-4.2757449,0.0,6.459657731372082,0.0,0,-0.4532467113296385,8.873860605937663,-12.039683800621685,1.5474555393107061,-0.4680857687981609,58.33364612150039,-1.4560674843478194,0.0
2454,0.0,0.0,0,0,0,0,0,0.0,0.0,0,0.0,0,0,0,0,0,-0.2466579,0,-0.30092479,0,0,0,0,0,0,0,0.0,0.0,0.0,0.0,0.0,0.0,0.0,0.0,0.0,0,0,165.7711465032358,-0.10508773,-4.2757449,0.0,6.459657731372082,0.0,0,-0.4532467113296385,8.873860605937663,-12.039683800621685,1.5474555393107061,-0.4680857687981609,58.33364612150039,-1.4560674843478194,0.0
2455,0.0,0.0,0,0,0,0,0,0.0,0.0,0,0.0,0,0,0,0,0,-0.2466579,0,-0.30092479,0,0,0,0,0,0,0,0.0,0.0,0.0,0.0,0.0,0.0,0.0,0.0,0.0,0,0,165.7711465032358,-0.10508773,-4.2757449,0.0,6.459657731372082,0.0,0,-0.4532467113296385,8.873860605937663,-12.039683800621685,1.5474555393107061,-0.4680857687981609,58.33364612150039,-1.4560674843478194,0.0
2456,0.0,0.0,0,0,0,0,0,0.0,0.0,0,0.0,0,0,0,0,0,-0.2466579,0,-0.30092479,0,0,0,0,0,0,0,0.0,0.0,0.0,0.0,0.0,0.0,0.0,0.0,0.0,0,0,165.7711465032358,-0.10508773,-4.2757449,0.0,6.459657731372082,0.0,0,-0.4532467113296385,8.873860605937663,-12.039683800621685,1.5474555393107061,-0.4680857687981609,58.33364612150039,-1.4560674843478194,0.0
2457,0.0,0.0,0,0,0,0,0,0.0,0.0,0,0.0,0,0,0,0,0,-0.2466579,0,-0.30092479,0,0,0,0,0,0,0,0.0,0.0,0.0,0.0,0.0,0.0,0.0,0.0,0.0,0,0,165.7711465032358,-0.10508773,-4.2757449,0.0,6.459657731372082,0.0,0,-0.4532467113296385,8.873860605937663,-12.039683800621685,1.5474555393107061,-0.4680857687981609,58.33364612150039,-1.4560674843478194,0.0
2458,0.0,0.0,0,0,0,0,0,0.0,0.0,0,0.0,0,0,0,0,0,-0.2466579,0,-0.30092479,0,0,0,0,0,0,0,0.0,0.0,0.0,0.0,0.0,0.0,0.0,0.0,0.0,0,0,165.7711465032358,-0.10508773,-4.2757449,0.0,6.459657731372082,0.0,0,-0.4532467113296385,8.873860605937663,-12.039683800621685,1.5474555393107061,-0.4680857687981609,58.33364612150039,-1.4560674843478194,0.0
2459,0.0,0.0,0,0,0,0,0,0.0,0.0,0,0.0,0,0,0,0,0,-0.2466579,0,-0.30092479,0,0,0,0,0,0,0,0.0,0.0,0.0,0.0,0.0,0.0,0.0,0.0,0.0,0,0,165.7711465032358,-0.10508773,-4.2757449,0.0,6.459657731372082,0.0,0,-0.4532467113296385,8.873860605937663,-12.039683800621685,1.5474555393107061,-0.4680857687981609,58.33364612150039,-1.4560674843478194,0.0
2460,0.0,0.0,0,0,0,0,0,0.0,0.0,0,0.0,0,0,0,0,0,-0.2466579,0,-0.30092479,0,0,0,0,0,0,0,0.0,0.0,0.0,0.0,0.0,0.0,0.0,0.0,0.0,0,0,165.7711465032358,-0.10508773,-4.2757449,0.0,6.459657731372082,0.0,0,-0.4532467113296385,8.873860605937663,-12.039683800621685,1.5474555393107061,-0.4680857687981609,58.33364612150039,-1.4560674843478194,0.0
2461,0.0,0.0,0,0,0,0,0,0.0,0.0,0,0.0,0,0,0,0,0,-0.2466579,0,-0.30092479,0,0,0,0,0,0,0,0.0,0.0,0.0,0.0,0.0,0.0,0.0,0.0,0.0,0,0,165.7711465032358,-0.10508773,-4.2757449,0.0,6.459657731372082,0.0,0,-0.4532467113296385,8.873860605937663,-12.039683800621685,1.5474555393107061,-0.4680857687981609,58.33364612150039,-1.4560674843478194,0.0
2462,0.0,0.0,0,0,0,0,0,0.0,0.0,0,0.0,0,0,0,0,0,-0.2466579,0,-0.30092479,0,0,0,0,0,0,0,0.0,0.0,0.0,0.0,0.0,0.0,0.0,0.0,0.0,0,0,165.7711465032358,-0.10508773,-4.2757449,0.0,6.459657731372082,0.0,0,-0.4532467113296385,8.873860605937663,-12.039683800621685,1.5474555393107061,-0.4680857687981609,58.33364612150039,-1.4560674843478194,0.0
2463,0.0,0.0,0,0,0,0,0,0.0,0.0,0,0.0,0,0,0,0,0,-0.2466579,0,-0.30092479,0,0,0,0,0,0,0,0.0,0.0,0.0,0.0,0.0,0.0,0.0,0.0,0.0,0,0,165.7711465032358,-0.10508773,-4.2757449,0.0,6.459657731372082,0.0,0,-0.4532467113296385,8.873860605937663,-12.039683800621685,1.5474555393107061,-0.4680857687981609,58.33364612150039,-1.4560674843478194,0.0
2464,0.0,0.0,0,0,0,0,0,0.0,0.0,0,0.0,0,0,0,0,0,-0.2466579,0,-0.30092479,0,0,0,0,0,0,0,0.0,0.0,0.0,0.0,0.0,0.0,0.0,0.0,0.0,0,0,165.7711465032358,-0.10508773,-4.2757449,0.0,6.459657731372082,0.0,0,-0.4532467113296385,8.873860605937663,-12.039683800621685,1.5474555393107061,-0.4680857687981609,58.33364612150039,-1.4560674843478194,0.0
2465,0.0,0.0,0,0,0,0,0,0.0,0.0,0,0.0,0,0,0,0,0,-0.2466579,0,-0.30092479,0,0,0,0,0,0,0,0.0,0.0,0.0,0.0,0.0,0.0,0.0,0.0,0.0,0,0,165.7711465032358,-0.10508773,-4.2757449,0.0,6.459657731372082,0.0,0,-0.4532467113296385,8.873860605937663,-12.039683800621685,1.5474555393107061,-0.4680857687981609,58.33364612150039,-1.4560674843478194,0.0
2466,0.0,0.0,0,0,0,0,0,0.0,0.0,0,0.0,0,0,0,0,0,-0.2466579,0,-0.30092479,0,0,0,0,0,0,0,0.0,0.0,0.0,0.0,0.0,0.0,0.0,0.0,0.0,0,0,165.7711465032358,-0.10508773,-4.2757449,0.0,6.459657731372082,0.0,0,-0.4532467113296385,8.873860605937663,-12.039683800621685,1.5474555393107061,-0.4680857687981609,58.33364612150039,-1.4560674843478194,0.0
2467,0.0,0.0,0,0,0,0,0,0.0,0.0,0,0.0,0,0,0,0,0,-0.2466579,0,-0.30092479,0,0,0,0,0,0,0,0.0,0.0,0.0,0.0,0.0,0.0,0.0,0.0,0.0,0,0,165.7711465032358,-0.10508773,-4.2757449,0.0,6.459657731372082,0.0,0,-0.4532467113296385,8.873860605937663,-12.039683800621685,1.5474555393107061,-0.4680857687981609,58.33364612150039,-1.4560674843478194,0.0
2468,0.0,0.0,0,0,0,0,0,0.0,0.0,0,0.0,0,0,0,0,0,-0.2466579,0,-0.30092479,0,0,0,0,0,0,0,0.0,0.0,0.0,0.0,0.0,0.0,0.0,0.0,0.0,0,0,165.7711465032358,-0.10508773,-4.2757449,0.0,6.459657731372082,0.0,0,-0.4532467113296385,8.873860605937663,-12.039683800621685,1.5474555393107061,-0.4680857687981609,58.33364612150039,-1.4560674843478194,0.0
2469,0.0,0.0,0,0,0,0,0,0.0,0.0,0,0.0,0,0,0,0,0,-0.2466579,0,-0.30092479,0,0,0,0,0,0,0,0.0,0.0,0.0,0.0,0.0,0.0,0.0,0.0,0.0,0,0,165.7711465032358,-0.10508773,-4.2757449,0.0,6.459657731372082,0.0,0,-0.4532467113296385,8.873860605937663,-12.039683800621685,1.5474555393107061,-0.4680857687981609,58.33364612150039,-1.4560674843478194,0.0
2470,0.0,0.0,0,0,0,0,0,0.0,0.0,0,0.0,0,0,0,0,0,-0.2466579,0,-0.30092479,0,0,0,0,0,0,0,0.0,0.0,0.0,0.0,0.0,0.0,0.0,0.0,0.0,0,0,165.7711465032358,-0.10508773,-4.2757449,0.0,6.459657731372082,0.0,0,-0.4532467113296385,8.873860605937663,-12.039683800621685,1.5474555393107061,-0.4680857687981609,58.33364612150039,-1.4560674843478194,0.0
2471,0.0,0.0,0,0,0,0,0,0.0,0.0,0,0.0,0,0,0,0,0,-0.2466579,0,-0.30092479,0,0,0,0,0,0,0,0.0,0.0,0.0,0.0,0.0,0.0,0.0,0.0,0.0,0,0,165.7711465032358,-0.10508773,-4.2757449,0.0,6.459657731372082,0.0,0,-0.4532467113296385,8.873860605937663,-12.039683800621685,1.5474555393107061,-0.4680857687981609,58.33364612150039,-1.4560674843478194,0.0
2472,0.0,0.0,0,0,0,0,0,0.0,0.0,0,0.0,0,0,0,0,0,-0.2466579,0,-0.30092479,0,0,0,0,0,0,0,0.0,0.0,0.0,0.0,0.0,0.0,0.0,0.0,0.0,0,0,165.7711465032358,-0.10508773,-4.2757449,0.0,6.459657731372082,0.0,0,-0.4532467113296385,8.873860605937663,-12.039683800621685,1.5474555393107061,-0.4680857687981609,58.33364612150039,-1.4560674843478194,0.0
2473,0.0,0.0,0,0,0,0,0,0.0,0.0,0,0.0,0,0,0,0,0,-0.2466579,0,-0.30092479,0,0,0,0,0,0,0,0.0,0.0,0.0,0.0,0.0,0.0,0.0,0.0,0.0,0,0,165.7711465032358,-0.10508773,-4.2757449,0.0,6.459657731372082,0.0,0,-0.4532467113296385,8.873860605937663,-12.039683800621685,1.5474555393107061,-0.4680857687981609,58.33364612150039,-1.4560674843478194,0.0
2474,0.0,0.0,0,0,0,0,0,0.0,0.0,0,0.0,0,0,0,0,0,-0.2466579,0,-0.30092479,0,0,0,0,0,0,0,0.0,0.0,0.0,0.0,0.0,0.0,0.0,0.0,0.0,0,0,165.7711465032358,-0.10508773,-4.2757449,0.0,6.459657731372082,0.0,0,-0.4532467113296385,8.873860605937663,-12.039683800621685,1.5474555393107061,-0.4680857687981609,58.33364612150039,-1.4560674843478194,0.0
2475,0.0,0.0,0,0,0,0,0,0.0,0.0,0,0.0,0,0,0,0,0,-0.2466579,0,-0.30092479,0,0,0,0,0,0,0,0.0,0.0,0.0,0.0,0.0,0.0,0.0,0.0,0.0,0,0,165.7711465032358,-0.10508773,-4.2757449,0.0,6.459657731372082,0.0,0,-0.4532467113296385,8.873860605937663,-12.039683800621685,1.5474555393107061,-0.4680857687981609,58.33364612150039,-1.4560674843478194,0.0
2476,0.0,0.0,0,0,0,0,0,0.0,0.0,0,0.0,0,0,0,0,0,-0.2466579,0,-0.30092479,0,0,0,0,0,0,0,0.0,0.0,0.0,0.0,0.0,0.0,0.0,0.0,0.0,0,0,165.7711465032358,-0.10508773,-4.2757449,0.0,6.459657731372082,0.0,0,-0.4532467113296385,8.873860605937663,-12.039683800621685,1.5474555393107061,-0.4680857687981609,58.33364612150039,-1.4560674843478194,0.0
2477,0.0,0.0,0,0,0,0,0,0.0,0.0,0,0.0,0,0,0,0,0,-0.2466579,0,-0.30092479,0,0,0,0,0,0,0,0.0,0.0,0.0,0.0,0.0,0.0,0.0,0.0,0.0,0,0,165.7711465032358,-0.10508773,-4.2757449,0.0,6.459657731372082,0.0,0,-0.4532467113296385,8.873860605937663,-12.039683800621685,1.5474555393107061,-0.4680857687981609,58.33364612150039,-1.4560674843478194,0.0
2478,0.0,0.0,0,0,0,0,0,0.0,0.0,0,0.0,0,0,0,0,0,-0.2466579,0,-0.30092479,0,0,0,0,0,0,0,0.0,0.0,0.0,0.0,0.0,0.0,0.0,0.0,0.0,0,0,165.7711465032358,-0.10508773,-4.2757449,0.0,6.459657731372082,0.0,0,-0.4532467113296385,8.873860605937663,-12.039683800621685,1.5474555393107061,-0.4680857687981609,58.33364612150039,-1.4560674843478194,0.0
2479,0.0,0.0,0,0,0,0,0,0.0,0.0,0,0.0,0,0,0,0,0,-0.2466579,0,-0.30092479,0,0,0,0,0,0,0,0.0,0.0,0.0,0.0,0.0,0.0,0.0,0.0,0.0,0,0,165.7711465032358,-0.10508773,-4.2757449,0.0,6.459657731372082,0.0,0,-0.4532467113296385,8.873860605937663,-12.039683800621685,1.5474555393107061,-0.4680857687981609,58.33364612150039,-1.4560674843478194,0.0
2480,0.0,0.0,0,0,0,0,0,0.0,0.0,0,0.0,0,0,0,0,0,-0.2466579,0,-0.30092479,0,0,0,0,0,0,0,0.0,0.0,0.0,0.0,0.0,0.0,0.0,0.0,0.0,0,0,165.7711465032358,-0.10508773,-4.2757449,0.0,6.459657731372082,0.0,0,-0.4532467113296385,8.873860605937663,-12.039683800621685,1.5474555393107061,-0.4680857687981609,58.33364612150039,-1.4560674843478194,0.0
2481,0.0,0.0,0,0,0,0,0,0.0,0.0,0,0.0,0,0,0,0,0,-0.2466579,0,-0.30092479,0,0,0,0,0,0,0,0.0,0.0,0.0,0.0,0.0,0.0,0.0,0.0,0.0,0,0,165.7711465032358,-0.10508773,-4.2757449,0.0,6.459657731372082,0.0,0,-0.4532467113296385,8.873860605937663,-12.039683800621685,1.5474555393107061,-0.4680857687981609,58.33364612150039,-1.4560674843478194,0.0
2482,0.0,0.0,0,0,0,0,0,0.0,0.0,0,0.0,0,0,0,0,0,-0.2466579,0,-0.30092479,0,0,0,0,0,0,0,0.0,0.0,0.0,0.0,0.0,0.0,0.0,0.0,0.0,0,0,165.7711465032358,-0.10508773,-4.2757449,0.0,6.459657731372082,0.0,0,-0.4532467113296385,8.873860605937663,-12.039683800621685,1.5474555393107061,-0.4680857687981609,58.33364612150039,-1.4560674843478194,0.0
2483,0.0,0.0,0,0,0,0,0,0.0,0.0,0,0.0,0,0,0,0,0,-0.2466579,0,-0.30092479,0,0,0,0,0,0,0,0.0,0.0,0.0,0.0,0.0,0.0,0.0,0.0,0.0,0,0,165.7711465032358,-0.10508773,-4.2757449,0.0,6.459657731372082,0.0,0,-0.4532467113296385,8.873860605937663,-12.039683800621685,1.5474555393107061,-0.4680857687981609,58.33364612150039,-1.4560674843478194,0.0
2484,0.0,0.0,0,0,0,0,0,0.0,0.0,0,0.0,0,0,0,0,0,-0.2466579,0,-0.30092479,0,0,0,0,0,0,0,0.0,0.0,0.0,0.0,0.0,0.0,0.0,0.0,0.0,0,0,165.7711465032358,-0.10508773,-4.2757449,0.0,6.459657731372082,0.0,0,-0.4532467113296385,8.873860605937663,-12.039683800621685,1.5474555393107061,-0.4680857687981609,58.33364612150039,-1.4560674843478194,0.0
2485,0.0,0.0,0,0,0,0,0,0.0,0.0,0,0.0,0,0,0,0,0,-0.2466579,0,-0.30092479,0,0,0,0,0,0,0,0.0,0.0,0.0,0.0,0.0,0.0,0.0,0.0,0.0,0,0,165.7711465032358,-0.10508773,-4.2757449,0.0,6.459657731372082,0.0,0,-0.4532467113296385,8.873860605937663,-12.039683800621685,1.5474555393107061,-0.4680857687981609,58.33364612150039,-1.4560674843478194,0.0
2486,0.0,0.0,0,0,0,0,0,0.0,0.0,0,0.0,0,0,0,0,0,-0.2466579,0,-0.30092479,0,0,0,0,0,0,0,0.0,0.0,0.0,0.0,0.0,0.0,0.0,0.0,0.0,0,0,165.7711465032358,-0.10508773,-4.2757449,0.0,6.459657731372082,0.0,0,-0.4532467113296385,8.873860605937663,-12.039683800621685,1.5474555393107061,-0.4680857687981609,58.33364612150039,-1.4560674843478194,0.0
2487,0.0,0.0,0,0,0,0,0,0.0,0.0,0,0.0,0,0,0,0,0,-0.2466579,0,-0.30092479,0,0,0,0,0,0,0,0.0,0.0,0.0,0.0,0.0,0.0,0.0,0.0,0.0,0,0,165.7711465032358,-0.10508773,-4.2757449,0.0,6.459657731372082,0.0,0,-0.4532467113296385,8.873860605937663,-12.039683800621685,1.5474555393107061,-0.4680857687981609,58.33364612150039,-1.4560674843478194,0.0
2488,0.0,0.0,0,0,0,0,0,0.0,0.0,0,0.0,0,0,0,0,0,-0.2466579,0,-0.30092479,0,0,0,0,0,0,0,0.0,0.0,0.0,0.0,0.0,0.0,0.0,0.0,0.0,0,0,165.7711465032358,-0.10508773,-4.2757449,0.0,6.459657731372082,0.0,0,-0.4532467113296385,8.873860605937663,-12.039683800621685,1.5474555393107061,-0.4680857687981609,58.33364612150039,-1.4560674843478194,0.0
2489,0.0,0.0,0,0,0,0,0,0.0,0.0,0,0.0,0,0,0,0,0,-0.2466579,0,-0.30092479,0,0,0,0,0,0,0,0.0,0.0,0.0,0.0,0.0,0.0,0.0,0.0,0.0,0,0,165.7711465032358,-0.10508773,-4.2757449,0.0,6.459657731372082,0.0,0,-0.4532467113296385,8.873860605937663,-12.039683800621685,1.5474555393107061,-0.4680857687981609,58.33364612150039,-1.4560674843478194,0.0
2490,0.0,0.0,0,0,0,0,0,0.0,0.0,0,0.0,0,0,0,0,0,-0.2466579,0,-0.30092479,0,0,0,0,0,0,0,0.0,0.0,0.0,0.0,0.0,0.0,0.0,0.0,0.0,0,0,165.7711465032358,-0.10508773,-4.2757449,0.0,6.459657731372082,0.0,0,-0.4532467113296385,8.873860605937663,-12.039683800621685,1.5474555393107061,-0.4680857687981609,58.33364612150039,-1.4560674843478194,0.0
2491,0.0,0.0,0,0,0,0,0,0.0,0.0,0,0.0,0,0,0,0,0,-0.2466579,0,-0.30092479,0,0,0,0,0,0,0,0.0,0.0,0.0,0.0,0.0,0.0,0.0,0.0,0.0,0,0,165.7711465032358,-0.10508773,-4.2757449,0.0,6.459657731372082,0.0,0,-0.4532467113296385,8.873860605937663,-12.039683800621685,1.5474555393107061,-0.4680857687981609,58.33364612150039,-1.4560674843478194,0.0
2492,0.0,0.0,0,0,0,0,0,0.0,0.0,0,0.0,0,0,0,0,0,-0.2466579,0,-0.30092479,0,0,0,0,0,0,0,0.0,0.0,0.0,0.0,0.0,0.0,0.0,0.0,0.0,0,0,165.7711465032358,-0.10508773,-4.2757449,0.0,6.459657731372082,0.0,0,-0.4532467113296385,8.873860605937663,-12.039683800621685,1.5474555393107061,-0.4680857687981609,58.33364612150039,-1.4560674843478194,0.0
2493,0.0,0.0,0,0,0,0,0,0.0,0.0,0,0.0,0,0,0,0,0,-0.2466579,0,-0.30092479,0,0,0,0,0,0,0,0.0,0.0,0.0,0.0,0.0,0.0,0.0,0.0,0.0,0,0,165.7711465032358,-0.10508773,-4.2757449,0.0,6.459657731372082,0.0,0,-0.4532467113296385,8.873860605937663,-12.039683800621685,1.5474555393107061,-0.4680857687981609,58.33364612150039,-1.4560674843478194,0.0
2494,0.0,0.0,0,0,0,0,0,0.0,0.0,0,0.0,0,0,0,0,0,-0.2466579,0,-0.30092479,0,0,0,0,0,0,0,0.0,0.0,0.0,0.0,0.0,0.0,0.0,0.0,0.0,0,0,165.7711465032358,-0.10508773,-4.2757449,0.0,6.459657731372082,0.0,0,-0.4532467113296385,8.873860605937663,-12.039683800621685,1.5474555393107061,-0.4680857687981609,58.33364612150039,-1.4560674843478194,0.0
2495,0.0,0.0,0,0,0,0,0,0.0,0.0,0,0.0,0,0,0,0,0,-0.2466579,0,-0.30092479,0,0,0,0,0,0,0,0.0,0.0,0.0,0.0,0.0,0.0,0.0,0.0,0.0,0,0,165.7711465032358,-0.10508773,-4.2757449,0.0,6.459657731372082,0.0,0,-0.4532467113296385,8.873860605937663,-12.039683800621685,1.5474555393107061,-0.4680857687981609,58.33364612150039,-1.4560674843478194,0.0
2496,0.0,0.0,0,0,0,0,0,0.0,0.0,0,0.0,0,0,0,0,0,-0.2466579,0,-0.30092479,0,0,0,0,0,0,0,0.0,0.0,0.0,0.0,0.0,0.0,0.0,0.0,0.0,0,0,165.7711465032358,-0.10508773,-4.2757449,0.0,6.459657731372082,0.0,0,-0.4532467113296385,8.873860605937663,-12.039683800621685,1.5474555393107061,-0.4680857687981609,58.33364612150039,-1.4560674843478194,0.0
2497,0.0,0.0,0,0,0,0,0,0.0,0.0,0,0.0,0,0,0,0,0,-0.2466579,0,-0.30092479,0,0,0,0,0,0,0,0.0,0.0,0.0,0.0,0.0,0.0,0.0,0.0,0.0,0,0,165.7711465032358,-0.10508773,-4.2757449,0.0,6.459657731372082,0.0,0,-0.4532467113296385,8.873860605937663,-12.039683800621685,1.5474555393107061,-0.4680857687981609,58.33364612150039,-1.4560674843478194,0.0
2498,0.0,0.0,0,0,0,0,0,0.0,0.0,0,0.0,0,0,0,0,0,-0.2466579,0,-0.30092479,0,0,0,0,0,0,0,0.0,0.0,0.0,0.0,0.0,0.0,0.0,0.0,0.0,0,0,165.7711465032358,-0.10508773,-4.2757449,0.0,6.459657731372082,0.0,0,-0.4532467113296385,8.873860605937663,-12.039683800621685,1.5474555393107061,-0.4680857687981609,58.33364612150039,-1.4560674843478194,0.0
2499,0.0,0.0,0,0,0,0,0,0.0,0.0,0,0.0,0,0,0,0,0,-0.2466579,0,-0.30092479,0,0,0,0,0,0,0,0.0,0.0,0.0,0.0,0.0,0.0,0.0,0.0,0.0,0,0,165.7711465032358,-0.10508773,-4.2757449,0.0,6.459657731372082,0.0,0,-0.4532467113296385,8.873860605937663,-12.039683800621685,1.5474555393107061,-0.4680857687981609,58.33364612150039,-1.4560674843478194,0.0
2500,0.0,0.0,0,0,0,0,0,0.0,0.0,0,0.0,0,0,0,0,0,-0.2466579,0,-0.30092479,0,0,0,0,0,0,0,0.0,0.0,0.0,0.0,0.0,0.0,0.0,0.0,0.0,0,0,165.7711465032358,-0.10508773,-4.2757449,0.0,6.459657731372082,0.0,0,-0.4532467113296385,8.873860605937663,-12.039683800621685,1.5474555393107061,-0.4680857687981609,58.33364612150039,-1.4560674843478194,0.0
