File Description: RCMIP SSP119 emissions 1750-2500, with 2016-2024 replaced by observations (EDGAR-2025 + CEDS v_2025_03_18 + GFED5.1) and 2025-2500 rebased on the observed 2024 level. Generated by 03Claim/scripts/build_observed_emissions.py - do not edit by hand.,,,,,,,,,,,,,,,,,,,,,,,,,,,,,,,,,,,,,,,,,,,,,,,,,,,,
"Code Source: Extracted using default Python model version of FAIR2.0, available at https://github.com/njleach/
FAIR/tree/47c6eec031d2edcf09424394dbb86581a1b246ba",,,,,,,,,,,,,,,,,,,,,,,,,,,,,,,,,,,,,,,,,,,,,,,,,,,,
"Paper Reference: Leach et al. 2021. ""FaIRv2.0.0: a generalized impulse response model for climate
uncertainty and future scenario exploration,"" Geoscientific Model Development. https://doi.org/10.5194/gmd-14-3007-2021",,,,,,,,,,,,,,,,,,,,,,,,,,,,,,,,,,,,,,,,,,,,,,,,,,,,
,,,,,,,,,,,,,,,,,,,,,,,,,,,,,,,,,,,,,,,,,,,,,,,,,,,,
year,c2f6,c3f8,c4f10,c5f12,c6f14,c7f16,c8f18,c_c4f8,carbon_dioxide,carbon_tetrachloride,cf4,cfc113,cfc114,cfc115,cfc11,cfc12,ch2cl2,ch3ccl3,chcl3,halon1211,halon1301,halon2402,halon1202,hcfc141b,hcfc142b,hcfc22,hfc125,hfc134a,hfc143a,hfc152a,hfc227ea,hfc236fa,hfc23,hfc245fa,hfc32,hfc365mfc,hfc4310mee,methane,methyl_bromide,methyl_chloride,nf3,nitrous_oxide,sf6,so2f2,so2,nox,co,nmvoc,bc,nh3,oc,nox_avi
1750,0,0,0,0,0,0,0,0,0.08370013,2.49E-05,1.01E-05,0,0,0,0,0,0,0,0,7.72E-06,0,0,0,0,0,0,0,0,0,0,0,0,0,0,0,0,0,19.01978312,0,0,0,0.054741468,0,0,0,0,0,0,0,0,0,0
1751,0,0,0,0,0,0,0,0,0.085192382,2.49E-05,1.01E-05,0,0,0,0,0,0,0,0,7.72E-06,0,0,0,0,0,0,0,0,0,0,0,0,0,0,0,0,0,18.91510887,1.95E-05,0.0010236,0,0.055775659,0,0,-0.031669297,-0.142908704,-4.600991529,-0.933699943,-0.02484483,-0.067547906,-0.258951403,0
1752,0,0,0,0,0,0,0,0,0.086713094,2.49E-05,1.01E-05,0,0,0,0,0,0,0,0,7.72E-06,0,0,0,0,0,0,0,0,0,0,0,0,0,0,0,0,0,18.88971181,3.73E-05,0.00196,0,0.056829387,0,0,-0.042932391,-0.140941523,-6.718324876,-1.389829197,-0.033458823,-0.108208055,-0.413192406,0
1753,0,0,0,0,0,0,0,0,0.088260754,2.49E-05,1.01E-05,0,0,0,0,0,0,0,0,7.72E-06,0,0,0,0,0,0,0,0,0,0,0,0,0,0,0,0,0,19.12137723,1.60E-05,0.0008411,0,0.057903023,0,0,-0.02935507,-0.195391609,-4.851902568,-0.995476824,-0.025820192,-0.046251562,-0.265122996,0
1754,0,0,0,0,0,0,0,0,0.089837892,2.49E-05,1.01E-05,0,0,0,0,0,0,0,0,7.72E-06,0,0,0,0,0,0,0,0,0,0,0,0,0,0,0,0,0,19.50906107,-1.42E-05,-0.0007451,0,0.058996942,0,0,0.022016818,-0.098375159,1.288266423,0.24811895,0.001579027,0.087499133,0.111104903,0
1755,0,0,0,0,0,0,0,0,0.091444025,2.49E-05,1.01E-05,0,0,0,0,0,0,0,0,7.72E-06,0,0,0,0,0,0,0,0,0,0,0,0,0,0,0,0,0,19.50045493,4.09E-06,0.0002149,0,0.060111528,0,0,0.002306709,0.030779307,-0.382690822,-0.196892499,0.00140241,0.016298951,-0.08948562,0
1756,0,0,0,0,0,0,0,0,0.093256021,2.49E-05,1.01E-05,0,0,0,0,0,0,0,0,7.72E-06,0,0,0,0,0,0,0,0,0,0,0,0,0,0,0,0,0,19.4625366,-2.17E-06,-0.0001143,0,0.061247171,0,0,-0.02086411,-0.319049335,-5.204207102,-1.074996912,-0.028855348,-0.004978535,-0.251891521,0
1757,0,0,0,0,0,0,0,0,0.094921754,2.49E-05,1.01E-05,0,0,0,0,0,0,0,0,7.72E-06,0,0,0,0,0,0,0,0,0,0,0,0,0,0,0,0,0,20.02354066,3.64E-06,0.0001912,0,0.062404268,0,0,0.067416259,0.39793986,7.414533486,1.241866772,0.050152921,0.119984038,0.257150973,0
1758,0,0,0,0,0,0,0,0,0.09661811,2.49E-05,1.01E-05,0,0,0,0,0,0,0,0,7.72E-06,0,0,0,0,0,0,0,0,0,0,0,0,0,0,0,0,0,19.93400533,8.89E-06,0.0004669,0,0.063583226,0,0,0.039695391,0.244133384,3.312390272,0.41278622,0.022840654,0.067769677,0.066943482,0
1759,0,0,0,0,0,0,0,0,0.098345655,2.49E-05,1.01E-05,0,0,0,0,0,0,0,0,7.72E-06,0,0,0,0,0,0,0,0,0,0,0,0,0,0,0,0,0,20.14146621,-4.01E-06,-0.0002111,0,0.064784457,0,0,0.0334796,0.017334149,2.980403948,0.423436828,0.019496676,0.118268234,0.126345344,0
1760,0,0,0,0,0,0,0,0,0.100103953,2.49E-05,1.01E-05,0,0,0,0,0,0,0,0,7.72E-06,0,0,0,0,0,0,0,0,0,0,0,0,0,0,0,0,0,20.41679714,-4.75E-05,-0.0024976,0,0.066008382,0,0,0.057696761,-0.022515902,5.890926531,1.029898565,0.03003335,0.200358194,0.371395783,0
1761,0,0,0,0,0,0,0,0,0.102157594,2.49E-05,1.01E-05,0,0,0,0,0,0,0,0,7.72E-06,0,0,0,0,0,0,0,0,0,0,0,0,0,0,0,0,0,20.45599017,3.70E-06,0.0001946,0,0.06725543,0,0,0.069133328,0.231573921,6.180609143,0.962400977,0.039986234,0.153279717,0.244247736,0
1762,0,0,0,0,0,0,0,0,0.103982192,2.49E-05,1.01E-05,0,0,0,0,0,0,0,0,7.72E-06,0,0,0,0,0,0,0,0,0,0,8.32E-11,0,0,0,1.51E-09,0,0,20.45168738,-6.46E-06,-0.0003397,0,0.068526037,0,0,0.026455698,-0.235422661,0.72233845,0.00526311,0.003977353,0.144857246,0.078267159,0
1763,0,0,0,0,0,0,0,0,0.105840337,2.49E-05,1.01E-05,0,0,0,0,0,0,0,0,7.72E-06,0,0,0,0,0,0,0,0,0,0,6.68E-10,0,0,0,1.24E-08,0,0,20.54517934,5.59E-06,0.0002937,0,0.069820649,0,2.69E-10,0.040943731,-0.102257214,1.531976145,0.105240049,0.009259003,0.140292493,0.079094341,0
1764,0,0,0,0,0,0,0,0,0.107732647,2.49E-05,1.01E-05,0,0,0,0,0,0,0,0,7.72E-06,0,0,0,0,0,0,0,0,0,0,1.27E-09,0,0,0,2.50E-08,0,0,20.26091721,2.27E-05,0.0011915,0,0.071139719,0,2.16E-09,-0.018180504,-0.158574692,-6.482748121,-1.583469057,-0.026221529,-0.028944351,-0.488969162,0
1765,0,0,0,0,0,0,0,0,0.109659749,2.49E-05,1.01E-05,0,0,0,0,0,0,0,0,7.72E-06,0,0,0,0,0,0,0,0,0,0,1.39E-09,0,0,0,3.03E-08,0,0,20.919155,-1.48E-05,-0.0007781,0,0.07248371,0,4.09E-09,0.057505631,0.002868113,4.405366989,0.607631635,0.025829266,0.184692234,0.232255959,0
1766,0,0,0,0,0,0,0,0,0.111970923,2.49E-05,1.01E-05,0,0,0,0,0,0,0,0,7.72E-06,0,0,0,0,0,0,0,0,0,0,1.42E-09,0,0,0,3.44E-08,0,0,20.8535919,-1.01E-05,-0.0005338,0,0.073853091,0,4.47E-09,0.044359887,0.024867108,0.853286223,-0.163041598,0.012689222,0.108606439,-0.088837332,0
1767,0,0,0,0,0,0,0,0,0.113969543,2.49E-05,1.01E-05,0,0,0,0,0,0,0,0,7.72E-06,0,0,0,0,0,0,0,0,0,0,1.46E-09,0,0,0,3.84E-08,0,0,20.99917946,-2.07E-06,-0.000109,0,0.075248343,0,4.59E-09,0.042694443,0.010492018,1.088740219,-0.130799324,0.014689946,0.117692336,-0.047103651,0
1768,0,0,0,0,0,0,0,0,0.116004911,2.49E-05,1.01E-05,0,0,0,0,0,0,0,0,7.72E-06,0,0,0,0,0,0,0,0,0,0,1.49E-09,0,0,0,4.25E-08,0,0,21.65945211,-4.10E-05,-0.0021556,0,0.076669954,0,4.71E-09,0.145329061,0.531191292,14.12632605,2.343999329,0.085361285,0.295927729,0.616062055,0
1769,0,0,0,0,0,0,0,0,0.118077703,2.49E-05,1.01E-05,0,0,0,0,0,0,0,0,7.72E-06,0,0,0,0,0,0,0,0,0,0,1.53E-09,0,0,0,4.65E-08,0,0,21.49633535,-1.10E-05,-0.0005799,0,0.078118423,0,4.83E-09,0.102709147,0.12263885,6.498059674,0.928577381,0.039862986,0.230173612,0.287426645,0
1770,0,0,0,0,0,0,0,0,0.120188609,2.49E-05,1.01E-05,0,0,0,0,0,0,0,0,7.72E-06,0,0,0,0,0,0,0,0,0,0,1.57E-09,0,0,0,5.06E-08,0,0,21.63439757,-4.23E-05,-0.0022233,0,0.079594257,0,4.94E-09,0.110956259,0.163706274,6.833188779,0.944200985,0.041593983,0.228288192,0.295046939,0
1771,0,0,0,0,0,0,0,0,0.122705111,2.49E-05,1.01E-05,0,0,0,0,0,0,0,0,7.72E-06,0,0,0,0,0,0,0,0,0,0,1.60E-09,0,0,0,5.47E-08,0,0,21.4289211,-1.55E-05,-0.0008131,0,0.081097973,0,5.06E-09,0.016375867,-0.111969228,-0.665370484,-0.597585895,0.003138945,0.141528314,-0.125690755,0
1772,0,0,0,0,0,0,0,0,0.124894365,2.49E-05,1.01E-05,0,0,0,0,0,0,0,0,7.72E-06,0,0,0,0,0,0,0,0,0,0,1.64E-09,0,0,0,5.87E-08,0,0,21.39461572,1.14E-06,5.97E-05,0,0.082630097,0,5.18E-09,-0.008169622,-0.211204477,-3.913884945,-1.296873278,-0.010693214,0.11554047,-0.333484861,0
1773,0,0,0,0,0,0,0,0,0.127123874,2.49E-05,1.01E-05,0,0,0,0,0,0,0,0,7.72E-06,0,0,0,0,0,0,0,0,0,0,1.67E-09,0,0,0,6.28E-08,0,0,21.59523139,-1.82E-05,-0.0009575,0,0.084191167,0,5.30E-09,-0.002477906,-0.267822347,-2.750549688,-1.105257374,-0.005015152,0.176813644,-0.243004356,0
1774,0,0,0,0,0,0,0,0,0.129394379,2.49E-05,1.01E-05,0,0,0,0,0,0,0,0,7.72E-06,0,0,0,0,0,0,0,0,0,0,1.71E-09,0,0,0,6.68E-08,0,0,22.25970773,-6.12E-05,-0.0032187,0,0.085781728,0,5.41E-09,0.088863537,0.048690627,9.576226258,1.291531646,0.057129985,0.420011378,0.42792503,0
1775,0,0,0,0,0,0,0,0,0.131706635,2.49E-05,1.01E-05,0,0,0,0,0,0,0,0,7.72E-06,0,0,0,0,0,0,0,0,0,0,1.75E-09,0,0,0,7.09E-08,0,0,22.20096329,-3.53E-05,-0.0018544,0,0.087402339,0,5.53E-09,0.057264608,0.134079216,6.519814078,0.51900424,0.051225841,0.341954728,0.141467557,0
1776,0,0,0,0,0,0,0,0,0.134448338,2.49E-05,1.01E-05,0,0,0,0,0,0,0,0,7.72E-06,0,0,0,0,0,0,0,0,0,0,1.78E-09,0,0,0,7.49E-08,0,0,22.14194213,-4.83E-05,-0.0025388,0,0.089053567,0,5.65E-09,0.026623644,-0.327795253,0.371193735,-0.640681427,0.014372376,0.333779886,-0.077591131,0
1777,0,0,0,0,0,0,0,0,0.136846413,2.49E-05,1.01E-05,0,0,0,0,0,0,0,0,7.72E-06,0,0,0,0,0,0,0,0,0,0,1.82E-09,0,0,0,7.90E-08,0,0,22.56871006,-3.50E-05,-0.0018401,0,0.090735991,0,5.77E-09,0.0813052,0.199371545,9.018002236,0.871663847,0.072474028,0.428283672,0.225789383,0
1778,0,0,0,0,0,0,0,0,0.139288584,2.49E-05,1.01E-05,0,0,0,0,0,0,0,0,7.72E-06,0,0,0,0,0,0,0,0,0,0,1.85E-09,0,0,0,8.30E-08,0,0,22.85608093,-4.31E-05,-0.0022649,0,0.092450199,0,5.88E-09,0.120517509,0.472305003,14.22805469,1.761660722,0.100230647,0.506915975,0.451788101,0
1779,0,0,0,0,0,0,0,0,0.141775665,2.49E-05,1.01E-05,0,0,0,0,0,0,0,0,7.72E-06,0,0,0,0,0,0,0,0,0,0,1.89E-09,0,0,0,8.71E-08,0,0,22.82063569,-5.08E-05,-0.0026715,0,0.094196793,0,6.00E-09,0.063664014,-0.038221946,7.398812741,0.478988657,0.061845022,0.491083366,0.179789716,0
1780,0,0,0,0,0,0,0,0,0.144309487,2.49E-05,1.01E-05,0,0,0,0,0,0,0,0,7.72E-06,0,0,0,0,0,0,0,0,0,0,1.92E-09,0,0,0,9.10E-08,0,0,23.24616665,-9.96E-05,-0.0052339,0,0.095976383,0,6.12E-09,0.10557565,-0.020147732,13.08668338,1.596769436,0.091496832,0.641739029,0.570712654,0
1781,0,0,0,0,0,0,0,0,0.1473796,2.49E-05,1.01E-05,0,0,0,0,0,0,0,0,7.72E-06,0,0,0,0,0,0,0,0,0,0,1.96E-09,0,0,0,9.52E-08,0,0,23.24965548,-4.54E-05,-0.0023853,0,0.097789594,0,6.24E-09,0.111044206,0.142688074,11.56269509,1.171480248,0.091670444,0.578093261,0.359284118,0
1782,0,0,0,0,0,0,0,0,0.15000643,2.49E-05,1.01E-05,0,0,0,0,0,0,0,0,7.72E-06,0,0,0,0,0,0,0,0,0,0,2.00E-09,0,0,0,9.92E-08,0,0,23.34175812,-5.65E-05,-0.002969,0,0.099637061,0,6.35E-09,0.07812481,-0.274077267,7.519195845,0.463895229,0.062751946,0.591935696,0.26515268,0
1783,0,0,0,0,0,0,0,0,0.152682574,2.49E-05,1.01E-05,0,0,0,0,0,0,0,0,7.72E-06,0,0,0,0,0,0,0,0,0,0,2.03E-09,0,0,0,1.03E-07,0,0,23.37991679,-4.41E-05,-0.0023201,0,0.101519431,0,6.47E-09,0.07341284,-0.290828609,5.759565476,0.0798865,0.052954834,0.568542182,0.159592325,0
1784,0,0,0,0,0,0,0,0,0.155406904,2.49E-05,1.01E-05,0,0,0,0,0,0,0,0,7.72E-06,0,0,0,0,0,0,0,0,0,0,2.07E-09,0,0,0,1.07E-07,0,0,23.2940423,-3.24E-05,-0.0017044,0,0.103437362,0,6.59E-09,0.038268006,-0.137694733,2.042137487,-0.809566331,0.042771457,0.453466309,-0.219526891,0
1785,0,0,0,0,0,0,0,0,0.158183425,2.49E-05,1.01E-05,0,0,0,0,0,0,0,0,7.72E-06,0,0,0,0,0,0,0,0,0,0,2.10E-09,0,0,0,1.11E-07,0,0,23.80210554,-5.96E-05,-0.0031313,0,0.105391528,0,6.71E-09,0.08914217,-0.182730013,8.277766574,0.472653138,0.068068936,0.610462232,0.285043333,0
1786,0,0,0,0,0,0,0,0,0.16163562,2.49E-05,1.01E-05,0,0,0,0,0,0,0,0,7.72E-06,0,0,0,0,0,0,0,0,0,0,2.14E-09,0,0,0,1.15E-07,0,0,23.831995,-6.09E-05,-0.0032007,0,0.107382613,0,6.82E-09,0.08382597,-0.167400841,5.678518518,-0.107143817,0.060912729,0.563394163,0.019488975,0
1787,0,0,0,0,0,0,0,0,0.164514037,2.49E-05,1.01E-05,0,0,0,0,0,0,0,0,7.72E-06,0,0,0,0,0,0,0,0,0,0,2.18E-09,0,0,0,1.19E-07,0,0,24.17652818,-5.36E-05,-0.0028166,0,0.109411313,0,6.94E-09,0.118622717,0.025704998,10.26600947,0.731530852,0.087408538,0.627481878,0.262663308,0
1788,0,0,0,0,0,0,0,0,0.167444363,2.49E-05,1.01E-05,0,0,0,0,0,0,0,0,7.72E-06,0,0,0,0,0,0,0,0,0,0,2.21E-09,0,0,0,1.23E-07,0,0,24.85592892,-9.55E-05,-0.0050222,0,0.111478341,0,7.06E-09,0.207981923,0.529595652,22.82973357,3.102504243,0.157452728,0.803244649,0.89568619,0
1789,0,0,0,0,0,0,0,0,0.170429585,2.49E-05,1.01E-05,0,0,0,0,0,0,0,0,7.72E-06,0,0,0,0,0,0,0,0,0,0,2.25E-09,0,0,0,1.28E-07,0,0,24.71707284,-6.35E-05,-0.0033399,0,0.113584419,0,7.18E-09,0.157768919,0.111049437,14.9142858,1.610466155,0.109893876,0.735826152,0.552740468,0
1790,0,0,0,0,0,0,0,0,0.173469687,2.49E-05,1.01E-05,0,0,0,0,0,0,0,0,7.72E-06,0,0,0,0,0,0,0,0,0,0,2.28E-09,0,0,0,1.32E-07,0,0,24.94220857,-9.63E-05,-0.0050644,0,0.115730286,0,7.29E-09,0.165487728,0.196815469,16.35285762,1.824165584,0.11866624,0.75256428,0.609075762,0
1791,0,0,0,0,0,0,0,0,0.177180339,2.49E-05,1.01E-05,0,0,0,0,0,0,0,0,7.72E-06,0,0,0,0,0,0,0,0,0,0,2.32E-09,0,0,0,1.36E-07,0,0,24.77843217,-6.64E-05,-0.0034934,0,0.117916693,0,7.41E-09,0.125486778,-0.095793389,8.131027389,0.19691298,0.074812801,0.629253452,0.168781729,0
1792,0,0,0,0,0,0,0,0,0.180509603,2.49E-05,1.01E-05,0,0,0,0,0,0,0,0,7.72E-06,0,0,0,0,0,0,0,0,0,0,2.36E-09,0,0,0,1.40E-07,0,0,24.81889294,-4.31E-05,-0.0022642,0,0.120144406,0,7.53E-09,0.11583747,-0.082486982,5.724178834,-0.316140483,0.063880038,0.571464953,-0.000998954,0
1793,0,0,0,0,0,0,0,0,0.183724618,2.49E-05,1.01E-05,0,0,0,0,0,0,0,0,7.72E-06,0,0,0,0,0,0,0,0,0,0,2.39E-09,0,0,0,1.44E-07,0,0,25.03153141,-6.17E-05,-0.0032424,0,0.122414206,0,7.65E-09,0.109326164,-0.259965228,4.844950559,-0.436886728,0.055503079,0.590430648,0.030311391,0
1794,0,0,0,0,0,0,0,0,0.186979747,2.49E-05,1.01E-05,0,0,0,0,0,0,0,0,7.72E-06,0,0,0,0,0,0,0,0,0,0,2.43E-09,0,0,0,1.48E-07,0,0,25.76753778,-0.00010356,-0.0054439,0,0.124726887,0,7.76E-09,0.202611938,0.081136829,17.19455525,2.016398308,0.11607236,0.8038459,0.717591827,0
1795,0,0,0,0,0,0,0,0,0.190311156,2.49E-05,1.01E-05,0,0,0,0,0,0,0,0,7.72E-06,0,0,0,0,0,0,0,0,0,0,2.46E-09,0,0,0,1.52E-07,0,0,25.77334281,-7.68E-05,-0.0040373,0,0.12708326,0,7.88E-09,0.170115129,0.13737593,13.66476391,1.220905918,0.104921517,0.69847913,0.435463799,0
1796,0,0,0,0,0,0,0,0,0.194000483,2.49E-05,1.01E-05,0,0,0,0,0,0,0,0,7.72E-06,0,0,0,0,0,0,0,0,0,0,2.50E-09,0,0,0,1.56E-07,0,0,25.74058407,-8.79E-05,-0.0046235,0,0.129484151,0,8.00E-09,0.128773717,-0.419349522,5.950944158,-0.157583796,0.05538386,0.654173005,0.180701654,0
1797,0,0,0,0,0,0,0,0,0.197767934,2.49E-05,1.01E-05,0,0,0,0,0,0,0,0,7.72E-06,0,0,0,0,0,0,0,0,0,0,2.54E-09,0,0,0,1.60E-07,0,0,26.23006226,-7.15E-05,-0.0037589,0,0.131930399,0,8.12E-09,0.200191027,0.209201245,15.02087842,1.449550723,0.115704281,0.70861249,0.490984901,0
1798,0,0,0,0,0,0,0,0,0.201560694,2.49E-05,1.01E-05,0,0,0,0,0,0,0,0,7.72E-06,0,0,0,0,0,0,0,0,0,0,2.57E-09,0,0,0,1.64E-07,0,0,26.54644012,-7.96E-05,-0.0041859,0,0.134422863,0,8.23E-09,0.244751731,0.454645022,19.12274402,2.175812802,0.136285528,0.743327624,0.679004594,0
1799,0,0,0,0,0,0,0,0,0.205512405,2.49E-05,1.01E-05,0,0,0,0,0,0,0,0,7.72E-06,0,0,0,0,0,0,0,0,0,0,2.61E-09,0,0,0,1.68E-07,0,0,26.70648817,-9.70E-05,-0.0051018,0,0.136962415,0,8.35E-09,0.221265281,0.018463805,14.95868813,1.474403973,0.109521409,0.746772758,0.589674641,0
1800,0,0,0,0,0,0,0,0,0.209647701,2.49E-05,1.01E-05,0,0,0,0,0,0,0,0,7.72E-06,0,0,0,0,0,0,0,0,0,0,2.64E-09,0,0,0,1.72E-07,0,0,27.05634308,-0.00012935,-0.0068,0,0.139549945,0,8.47E-09,0.258545361,-0.031500852,17.31927807,1.981382917,0.1182033,0.81295523,0.794473551,0
1801,0,0,0,0,0,0,0,0,0.213299424,2.49E-05,1.01E-05,0,0,0,0,0,0,0,0,7.72E-06,0,0,0,0,0,0,0,0,0,0,2.68E-09,0,0,0,1.76E-07,0,0,27.12488718,-7.67E-05,-0.0040342,0,0.14218636,0,8.59E-09,0.248382784,0.146366268,16.38970961,1.643821564,0.121630934,0.773496887,0.616065071,0
1802,0,0,0,0,0,0,0,0,0.219402759,2.49E-05,1.01E-05,0,0,0,0,0,0,0,0,7.72E-06,0,0,0,0,0,0,0,0,0,0,2.72E-09,0,0,0,1.80E-07,0,0,27.33978432,-9.30E-05,-0.0048917,0,0.144872582,0,8.70E-09,0.287281679,-0.204879436,14.43534873,1.304330366,0.104921906,0.835363994,0.628155465,0
1803,0,0,0,0,0,0,0,0,0.221901481,2.49E-05,1.01E-05,0,0,0,0,0,0,0,0,7.72E-06,0,0,0,0,0,0,0,0,0,0,2.75E-09,0,0,0,1.84E-07,0,0,27.32049985,-7.69E-05,-0.004044,0,0.147609553,0,8.82E-09,0.235823561,-0.340231788,10.1234212,0.382515593,0.082245073,0.793173665,0.383362732,0
1804,0,0,0,0,0,0,0,0,0.226623697,2.49E-05,1.01E-05,0,0,0,0,0,0,0,0,7.72E-06,0,0,0,0,0,0,0,0,0,0,2.79E-09,0,0,0,1.88E-07,0,0,27.46474997,-7.56E-05,-0.0039758,0,0.150398231,0,8.94E-09,0.251733582,-0.019079128,11.0013372,0.342876525,0.099527332,0.759396639,0.228579964,0
1805,0,0,0,0,0,0,0,0,0.23040324,2.49E-05,1.01E-05,0,0,0,0,0,0,0,0,7.72E-06,0,0,0,0,0,0,0,0,0,0,2.82E-09,0,0,0,1.92E-07,0,0,27.9507982,-9.81E-05,-0.0051569,0,0.153239594,0,9.06E-09,0.289736794,-0.110899264,15.77634555,1.298085233,0.117271643,0.907472117,0.646486649,0
1806,0,0,0,0,0,0,0,0,0.234904653,2.49E-05,1.01E-05,0,0,0,0,0,0,0,0,7.72E-06,0,0,0,0,0,0,0,0,0,0,2.86E-09,0,0,0,1.96E-07,0,0,28.13437245,-0.00010534,-0.0055375,0,0.156134637,0,9.17E-09,0.296277192,-0.000885947,15.81587056,1.201623458,0.125051829,0.915851362,0.503775021,0
1807,0,0,0,0,0,0,0,0,0.239729416,2.49E-05,1.01E-05,0,0,0,0,0,0,0,0,7.72E-06,0,0,0,0,0,0,0,0,0,0,2.90E-09,0,0,0,2.00E-07,0,0,28.45865603,-9.35E-05,-0.0049151,0,0.159084374,0,9.29E-09,0.335073261,0.096761416,18.70757404,1.684642912,0.142101226,0.978537237,0.669895938,0
1808,0,0,0,0,0,0,0,0,0.243262806,2.49E-05,1.01E-05,0,0,0,0,0,0,0,0,7.72E-06,0,0,0,0,0,0,0,0,0,0,2.93E-09,0,0,0,2.04E-07,0,0,29.18524117,-0.00013574,-0.0071355,0,0.162089838,0,9.41E-09,0.406660767,0.634172869,31.50791323,4.060133507,0.214165729,1.167613366,1.283878753,0
1809,0,0,0,0,0,0,0,0,0.247566883,2.49E-05,1.01E-05,0,0,0,0,0,0,0,0,7.72E-06,0,0,0,0,0,0,0,0,0,0,2.97E-09,0,0,0,2.08E-07,0,0,29.12865813,-0.00010873,-0.0057157,0,0.165152082,0,9.53E-09,0.361843613,0.206226717,24.32132676,2.688195905,0.169671885,1.135076887,0.992497847,0
1810,0,0,0,0,0,0,0,0,0.25255984,2.49E-05,1.01E-05,0,0,0,0,0,0,0,0,7.72E-06,0,0,0,0,0,0,0,0,0,0,3.00E-09,0,0,0,2.12E-07,0,0,29.42453242,-0.00014785,-0.007772,0,0.168272178,0,9.64E-09,0.383935098,0.276920901,26.19065313,2.95169043,0.18175296,1.179389061,1.077719934,0
1811,0,0,0,0,0,0,0,0,0.257616525,2.49E-05,1.01E-05,0,0,0,0,0,0,0,0,7.72E-06,0,0,0,0,0,0,0,0,0,0,3.04E-09,0,0,0,2.17E-07,0,0,29.40578756,-0.0001187,-0.0062399,0,0.171451221,0,9.76E-09,0.362952196,0.136190457,20.74212753,1.807779771,0.154759481,1.09925825,0.741197424,0
1812,0,0,0,0,0,0,0,0,0.262534146,2.49E-05,1.01E-05,0,0,0,0,0,0,0,0,7.72E-06,0,0,0,0,0,0,0,0,0,0,3.07E-09,0,0,0,2.21E-07,0,0,29.4202985,-9.74E-05,-0.0051224,0,0.174690322,0,9.88E-09,0.345374396,-0.004248125,16.05332869,0.835643743,0.130236179,1.037479545,0.481382481,0
1813,0,0,0,0,0,0,0,0,0.267207665,2.49E-05,1.01E-05,0,0,0,0,0,0,0,0,7.72E-06,0,0,0,0,0,0,0,0,0,0,3.11E-09,0,0,0,2.25E-07,0,0,29.77847603,-0.00011768,-0.006186,0,0.177990618,0,1.00E-08,0.356240286,-0.109026303,17.38652864,1.114303974,0.134226104,1.105305861,0.617246889,0
1814,0,0,0,0,0,0,0,0,0.272167485,2.49E-05,1.01E-05,0,0,0,0,0,0,0,0,7.72E-06,0,0,0,0,0,0,0,0,0,0,3.14E-09,0,0,0,2.29E-07,0,0,30.54785186,-0.00014889,-0.0078267,0,0.181353263,0,1.01E-08,0.453676933,0.228578085,29.4581829,3.470102005,0.193808936,1.3276757,1.272255339,0
1815,0,0,0,0,0,0,0,0,0.277349523,2.49E-05,1.01E-05,0,0,0,0,0,0,0,0,7.72E-06,0,0,0,0,0,0,0,0,0,0,3.18E-09,0,0,0,2.33E-07,0,0,30.64433954,-0.00013818,-0.0072641,0,0.184779437,0,1.02E-08,0.441125962,0.330809777,27.05330602,2.849749475,0.189553938,1.251204466,1.039828735,0
1816,0,0,0,0,0,0,0,0,0.283517018,2.49E-05,1.01E-05,0,0,0,0,0,0,0,0,7.72E-06,0,0,0,0,0,0,0,0,0,0,3.22E-09,0,0,0,2.37E-07,0,0,30.79985622,-0.00015269,-0.0080265,0,0.188270339,0,1.03E-08,0.454471195,-0.037028854,23.10246399,2.124606295,0.163251245,1.260557385,0.947365704,0
1817,0,0,0,0,0,0,0,0,0.289073972,2.49E-05,1.01E-05,0,0,0,0,0,0,0,0,7.72E-06,0,0,0,0,0,0,0,0,0,0,3.25E-09,0,0,0,2.41E-07,0,0,31.19839541,-0.00013437,-0.0070634,0,0.191827191,0,1.05E-08,0.499377531,0.341334564,27.91558535,2.919704785,0.198409814,1.293135292,1.069560499,0
1818,0,0,0,0,0,0,0,0,0.294219976,2.49E-05,1.01E-05,0,0,0,0,0,0,0,0,7.72E-06,0,0,0,0,0,0,0,0,0,0,3.29E-09,0,0,0,2.45E-07,0,0,31.68760832,-0.00014761,-0.0077594,0,0.195451241,0,1.06E-08,0.561929799,0.762066131,35.38685082,4.245854265,0.237719349,1.379127017,1.401980736,0
1819,0,0,0,0,0,0,0,0,0.299440531,2.49E-05,1.01E-05,0,0,0,0,0,0,0,0,7.72E-06,0,0,0,0,0,0,0,0,0,0,3.32E-09,0,0,0,2.49E-07,0,0,31.84544135,-0.00016538,-0.0086938,0,0.199143758,0,1.07E-08,0.516134153,0.28325221,29.80522506,3.235763049,0.206358727,1.375188767,1.217530065,0
1820,0,0,0,0,0,0,0,0,0.304905348,2.49E-05,1.01E-05,0,0,0,0,0,0,0,0,7.72E-06,0,0,0,0,0,0,0,0,0,0,3.36E-09,0,0,0,2.53E-07,0,0,32.33339467,-0.00019864,-0.010442,0,0.202906034,0,1.08E-08,0.555533118,0.266970728,33.8923895,4.054817074,0.22327801,1.488387883,1.515896263,0
1821,0,0,0,0,0,0,0,0,0.310476342,2.49E-05,1.01E-05,0,0,0,0,0,0,0,0,7.72E-06,0,0,0,0,0,0,0,0,0,0,3.40E-09,0,0,0,2.57E-07,0,0,32.52138863,-0.00014874,-0.0078188,0,0.206739388,0,1.09E-08,0.567260296,0.50073173,34.37017532,3.965622863,0.235713022,1.468609079,1.412432176,0
1822,0,0,0,0,0,0,0,0,0.316491369,2.49E-05,1.01E-05,0,0,0,0,0,0,0,0,7.72E-06,0,0,0,0,0,0,0,0,0,0,3.43E-09,0,0,0,2.61E-07,0,0,32.73451052,-0.00016669,-0.0087627,0,0.210645163,0,1.11E-08,0.554234805,-0.020195164,30.14344166,3.205420306,0.204744362,1.520161978,1.348629933,0
1823,0,0,0,0,0,0,0,0,0.322939737,2.49E-05,1.01E-05,0,0,0,0,0,0,0,0,7.72E-06,0,0,0,0,0,0,0,0,0,0,3.47E-09,0,0,0,2.65E-07,0,0,32.75571509,-0.00014677,-0.0077156,0,0.214624727,0,1.12E-08,0.554489404,-0.102577025,25.86582254,2.238938148,0.184701009,1.467570972,1.085044136,0
1824,0,0,0,0,0,0,0,0,0.329048562,2.49E-05,1.01E-05,0,0,0,0,0,0,0,0,7.72E-06,0,0,0,0,0,0,0,0,0,0,3.50E-09,0,0,0,2.69E-07,0,0,33.0519787,-0.00015348,-0.0080684,0,0.218679474,0,1.13E-08,0.581063546,0.260451114,28.51335264,2.541607574,0.213177055,1.468143852,1.023057109,0
1825,0,0,0,0,0,0,0,0,0.335519842,2.49E-05,1.01E-05,0,0,0,0,0,0,0,0,7.72E-06,0,0,0,0,0,0,0,0,0,0,3.54E-09,0,0,0,2.73E-07,0,0,33.52533882,-0.00017121,-0.009,0,0.222810824,0,1.14E-08,0.631566327,0.137249288,31.78939098,3.16396333,0.224932356,1.588546397,1.361009378,0
1826,0,0,0,0,0,0,0,0,0.341535292,2.49E-05,1.01E-05,0,0,0,0,0,0,0,0,7.72E-06,0,0,0,0,0,0,0,0,0,0,3.57E-09,0,0,0,2.77E-07,0,0,33.7481029,-0.00017932,-0.0094263,0,0.227020225,0,1.15E-08,0.619144659,0.112734616,30.29490674,2.794115286,0.223198078,1.595930323,1.173110934,0
1827,0,0,0,0,0,0,0,0,0.348755641,2.49E-05,1.01E-05,0,0,0,0,0,0,0,0,7.72E-06,0,0,0,0,0,0,0,0,0,0,3.61E-09,0,0,0,2.81E-07,0,0,34.15505001,-0.00017258,-0.009072,0,0.231309151,0,1.16E-08,0.687257202,0.280868927,33.94998043,3.368163883,0.248567027,1.658160233,1.352251083,0
1828,0,0,0,0,0,0,0,0,0.35501382,2.49E-05,1.01E-05,0,0,0,0,0,0,0,0,7.72E-06,0,0,0,0,0,0,0,0,0,0,3.64E-09,0,0,0,2.85E-07,0,0,34.99912851,-0.00021551,-0.011329,0,0.235679104,0,1.18E-08,0.790952447,0.785252356,47.44807369,5.883533262,0.323003397,1.873805855,2.032896349,0
1829,0,0,0,0,0,0,0,0,0.361038603,2.49E-05,1.01E-05,0,0,0,0,0,0,0,0,7.72E-06,0,0,0,0,0,0,0,0,0,0,3.68E-09,0,0,0,2.89E-07,0,0,35.01640513,-0.00018748,-0.0098554,0,0.240131616,0,1.19E-08,0.749452349,0.404228337,40.64726943,4.551072012,0.281605577,1.839539303,1.746413507,0
1830,0,0,0,0,0,0,0,0,0.37360191,2.49E-05,1.01E-05,0,0,0,0,0,0,0,0,7.72E-06,0,0,0,0,0,0,0,0,0,0,3.72E-09,0,0,0,2.93E-07,0,0,35.40215534,-0.00022103,-0.0116193,0,0.244668245,0,1.20E-08,0.966443732,0.529303112,43.57917409,4.918935566,0.305389075,1.891116355,1.866583426,0
1831,0,0,0,0,0,0,0,0,0.378744286,2.49E-05,1.01E-05,0,0,0,0,0,0,0,0,7.72E-06,0,0,0,0,0,0,0,0,0,0,3.75E-09,0,0,0,2.97E-07,0,0,35.37418705,-0.00019599,-0.0103029,0,0.249290582,0,1.21E-08,0.876843268,0.230338618,35.67389195,3.314995517,0.26357637,1.8038173,1.43006052,0
1832,0,0,0,0,0,0,0,0,0.385302899,2.49E-05,1.01E-05,0,0,0,0,0,0,0,0,7.72E-06,0,0,0,0,0,0,0,0,0,0,3.79E-09,0,0,0,3.01E-07,0,0,35.56272349,-0.00017849,-0.0093829,0,0.254000246,0,1.22E-08,0.875999489,0.226284142,33.83603923,2.849070337,0.256092544,1.784739917,1.291318607,0
1833,0,0,0,0,0,0,0,0,0.392496291,2.49E-05,1.01E-05,0,0,0,0,0,0,0,0,7.72E-06,0,0,0,0,0,0,0,0,0,0,3.82E-09,0,0,0,3.05E-07,0,0,35.98083111,-0.00019598,-0.0103023,0,0.258798885,0,1.23E-08,0.902486874,0.092143998,34.92643402,3.047757477,0.259188626,1.863232865,1.416828773,0
1834,0,0,0,0,0,0,0,0,0.399747258,2.49E-05,1.01E-05,0,0,0,0,0,0,0,0,7.72E-06,0,0,0,0,0,0,0,0,0,0,3.86E-09,0,0,0,3.09E-07,0,0,36.76106097,-0.00023373,-0.0122865,0,0.263688182,0,1.25E-08,0.997128049,0.367147088,45.61554356,5.083166417,0.314674711,2.073730381,2.006617194,0
1835,0,0,0,0,0,0,0,0,0.407217955,2.49E-05,1.01E-05,0,0,0,0,0,0,0,0,7.72E-06,0,0,0,0,0,0,0,0,0,0,3.90E-09,0,0,0,3.13E-07,0,0,36.88278973,-0.00021793,-0.0114562,0,0.268669848,0,1.26E-08,0.991043098,0.398339825,42.0277804,4.213616941,0.307685619,1.997858194,1.722818643,0
1836,0,0,0,0,0,0,0,0,0.418189162,2.49E-05,1.01E-05,0,0,0,0,0,0,0,0,7.72E-06,0,0,0,0,0,0,0,0,0,0,3.93E-09,0,0,0,3.17E-07,0,0,37.24729235,-0.00023872,-0.0125488,0,0.27374563,0,1.27E-08,1.120563627,0.131921488,41.45130561,4.058337107,0.306417201,2.065324995,1.787336139,0
1837,0,0,0,0,0,0,0,0,0.4253848,2.49E-05,1.01E-05,0,0,0,0,0,0,0,0,7.72E-06,0,0,0,0,0,0,0,0,0,0,3.97E-09,0,0,0,3.21E-07,0,0,37.69980678,-0.00021827,-0.0114742,0,0.278917305,0,1.28E-08,1.150526439,0.535172389,46.22914499,4.800600921,0.342439418,2.099369733,1.906167091,0
1838,0,0,0,0,0,0,0,0,0.433700233,2.49E-05,1.01E-05,0,0,0,0,0,0,0,0,7.72E-06,0,0,0,0,0,0,0,0,0,0,4.00E-09,0,0,0,3.25E-07,0,0,38.24210962,-0.00023225,-0.0122087,0,0.284186684,0,1.29E-08,1.237300949,0.870053035,52.76882824,5.925420343,0.37954099,2.194845803,2.193870324,0
1839,0,0,0,0,0,0,0,0,0.44214332,2.49E-05,1.01E-05,0,0,0,0,0,0,0,0,7.72E-06,0,0,0,0,0,0,0,0,0,0,4.04E-09,0,0,0,3.29E-07,0,0,38.51117556,-0.00024985,-0.0131341,0,0.289555613,0,1.30E-08,1.240371528,0.453369004,48.38427809,5.089485956,0.354867383,2.211918238,2.057508182,0
1840,0,0,0,0,0,0,0,0,0.451932498,2.49E-05,1.01E-05,0,0,0,0,0,0,0,0,7.72E-06,0,0,0,0,0,0,0,0,0,0,4.07E-09,0,0,0,3.33E-07,0,0,38.88776194,-0.00028018,-0.0147286,0,0.295025974,0,1.32E-08,1.302396772,0.154332595,47.35355741,4.901155536,0.346106767,2.283636207,2.127464332,0
1841,0,0,0,0,0,0,0,0,0.460687548,2.49E-05,1.01E-05,0,0,0,0,0,0,0,0,7.72E-06,0,0,0,0,0,0,0,0,0,0,4.11E-09,0,0,0,3.37E-07,0,0,39.38162317,-0.00023984,-0.0126079,0,0.300599683,0,1.33E-08,1.386510309,0.696866399,53.84538304,5.92361896,0.392719097,2.32176311,2.297875424,0
1842,0,0,0,0,0,0,0,0,0.470563893,2.49E-05,1.01E-05,0,0,0,0,0,0,0,0,7.72E-06,0,0,0,0,0,0,0,0,0,0,4.14E-09,0,0,0,3.41E-07,0,0,39.61872888,-0.00024739,-0.0130046,0,0.306278691,0,1.34E-08,1.416859563,0.193415458,48.46776336,4.89984737,0.351399714,2.333691761,2.143293571,0
1843,0,0,0,0,0,0,0,0,0.479357136,2.49E-05,1.01E-05,0,0,0,0,0,0,0,0,7.72E-06,0,0,0,0,0,0,0,0,0,0,4.18E-09,0,0,0,3.45E-07,0,0,39.65326382,-0.00023047,-0.0121152,0,0.312064989,0,1.35E-08,1.413260958,-0.102530552,41.20942209,3.402234689,0.313365516,2.25816252,1.770550175,0
1844,0,0,0,0,0,0,0,0,0.489882112,2.49E-05,1.01E-05,0,0,0,0,0,0,0,0,7.72E-06,0,0,0,0,0,0,0,0,0,0,4.22E-09,0,0,0,3.49E-07,0,0,40.04426499,-0.00023656,-0.0124355,0,0.317960603,0,1.36E-08,1.536638978,0.289133536,44.18008294,3.740628076,0.346055141,2.251223434,1.732453751,0
1845,0,0,0,0,0,0,0,0,0.502103943,2.49E-05,1.01E-05,0,0,0,0,0,0,0,0,7.72E-06,0,0,0,0,0,0,0,0,0,0,4.25E-09,0,0,0,3.53E-07,0,0,40.66967667,-0.00025516,-0.013413,0,0.323967598,0,1.38E-08,1.714232812,0.264717879,49.32269722,4.663741008,0.37360112,2.38021582,2.151695154,0
1846,0,0,0,0,0,0,0,0,0.51094114,2.49E-05,1.01E-05,0,0,0,0,0,0,0,0,7.72E-06,0,0,0,0,0,0,0,0,0,0,4.29E-09,0,0,0,3.57E-07,0,0,40.97519975,-0.0002635,-0.0138516,0,0.330088079,0,1.39E-08,1.6980767,0.237341612,47.3809034,4.222225302,0.373427987,2.374808267,1.951210419,0
1847,0,0,0,0,0,0,0,0,0.522793082,2.49E-05,1.01E-05,0,0,0,0,0,0,0,0,7.72E-06,0,0,0,0,0,0,0,0,0,0,4.32E-09,0,0,0,3.61E-07,0,0,41.61647168,-0.00026015,-0.0136756,0,0.33632419,0,1.40E-08,1.861701773,0.536318334,54.4577987,5.421794528,0.423344473,2.474271927,2.312846043,0
1848,1.49E-08,0,0,0,0,0,0,0,0.531191961,2.49E-05,1.01E-05,0,0,0,0,0,0,0,0,7.72E-06,0,0,0,0,0,0,0,0,0,0,4.36E-09,0,0,0,3.65E-07,0,0,42.44947063,-0.00029944,-0.0157409,0,0.342678115,0,1.41E-08,1.961917694,0.912370294,65.03093417,7.376417529,0.479601044,2.645548475,2.853025583,0
1849,1.20E-07,0,0,0,0,0,0,0,0.541830445,2.49E-05,1.01E-05,0,0,0,0,0,0,0,0,7.72E-06,0,0,0,0,0,0,0,0,0,0,4.39E-09,0,0,0,3.69E-07,0,0,42.63396461,-0.00027095,-0.0142433,0,0.34915208,0,1.42E-08,2.002811865,0.688902653,60.41257535,6.405245317,0.454623334,2.615668743,2.627118123,0
1850,2.25E-07,0,0,0,0,0,0,0,0.55343193,2.49E-05,1.01E-05,0,0,0,0,0,0,0,0,7.72E-06,0,0,0,0,0,0,0,0,0,0,4.44E-09,0,0,0,3.74E-07,0,0,43.14236365,-0.00015478,-0.0081366,0,0.355748354,0,1.43E-08,2.104415341,0.721364905,62.93551554,6.761222526,0.473353723,2.676472466,2.77915664,0
1851,2.41E-07,0,0,0,0,0,0,0,0.545763872,2.49E-05,1.01E-05,0,0,0,0,0,0,0,0,7.72E-06,0,0,0,0,0,0,0,0,0,0,4.48E-09,0,0,0,3.78E-07,0,0,43.15191371,-0.00012316,-0.0064743,0,0.36372733,0,1.45E-08,2.066551283,0.437227979,53.71745648,4.928220368,0.428921834,2.550781237,2.278632347,0
1852,2.42E-07,0,0,0,0,0,0,0,0.603825061,2.49E-05,1.01E-05,0,0,0,0,0,0,0,0,7.72E-06,0,0,0,0,0,0,0,0,0,0,4.51E-09,0,0,0,3.83E-07,0,0,43.34412933,-0.00010574,-0.0055588,0,0.372356545,0,1.46E-08,2.108124942,0.266607381,48.97116121,3.936073641,0.409863405,2.496830156,2.031593403,0
1853,2.43E-07,0,0,0,0,0,0,0,0.604080035,2.49E-05,1.01E-05,0,0,0,0,0,0,0,0,7.72E-06,0,0,0,0,0,0,0,0,0,0,4.55E-09,0,0,0,3.87E-07,0,0,43.88435963,-0.00011843,-0.0062258,0,0.380040633,0,1.47E-08,2.205545381,0.299041294,51.81144537,4.423727954,0.430040987,2.565497035,2.210821732,0
1854,2.44E-07,0,0,0,0,0,0,0,0.612125325,2.49E-05,1.01E-05,0,0,0,0,0,0,0,0,7.72E-06,0,0,0,0,0,0,0,0,0,0,4.58E-09,0,0,0,3.90E-07,0,0,44.80907906,-0.00016513,-0.0086808,0,0.388047506,0,1.48E-08,2.622370266,0.686778116,64.87177273,6.772868995,0.512277788,2.781235963,2.892763179,0
1855,2.45E-07,0,0,0,0,0,0,0,0.609810706,2.49E-05,1.01E-05,0,0,0,0,0,0,0,0,7.72E-06,0,0,0,0,0,0,0,0,0,0,4.62E-09,0,0,0,3.95E-07,0,0,44.9570539,-0.00013709,-0.0072064,0,0.395083121,0,1.49E-08,2.615828224,0.638439341,59.5830951,5.629737754,0.495493558,2.680528358,2.543980448,1.94E-08
1856,2.47E-07,0,0,0,0,0,0,0,0.620403979,2.49E-05,1.01E-05,0,0,0,0,0,0,0,0,7.72E-06,0,0,0,0,0,0,0,0,0,0,4.65E-09,0,0,0,3.98E-07,0,0,45.32147323,-0.00015887,-0.0083515,0,0.401140705,0,1.50E-08,2.7485038,0.210934714,56.32755795,5.02070848,0.475659252,2.721277316,2.506449905,3.32E-08
1857,2.49E-07,0,0,0,0,0,0,0,0.626432833,2.49E-05,1.01E-05,0,0,0,0,0,0,0,0,7.72E-06,0,0,0,0,0,0,0,0,0,0,4.69E-09,0,0,0,4.03E-07,0,0,46.01300694,-0.00013797,-0.0072527,0,0.407452131,0,1.52E-08,2.845698045,0.925786153,66.14583307,6.705972545,0.538681822,2.790297357,2.843897499,6.84E-08
1858,2.51E-07,0,0,0,0,0,0,0,0.632238205,2.49E-05,1.01E-05,0,0,0,0,0,0,0,0,7.72E-06,0,0,0,0,0,0,0,0,0,0,4.73E-09,0,0,0,4.07E-07,0,0,46.54057729,-0.00014786,-0.0077727,0,0.41244249,0,1.53E-08,2.921294373,1.194239076,70.48666483,7.448777539,0.562351886,2.846182625,3.031608151,1.10E-07
1859,2.53E-07,0,0,0,0,0,0,0,0.644700232,2.49E-05,1.01E-05,0,0,0,0,0,0,0,0,7.72E-06,0,0,0,0,0,0,0,0,0,0,4.76E-09,0,0,0,4.10E-07,0,0,46.94962615,-0.0001733,-0.0091099,0,0.416921628,0,1.54E-08,3.082039771,0.796274565,67.77238972,6.935121115,0.550432494,2.887943697,3.001837837,1.12E-07
1860,2.55E-07,0,0,0,0,0,0,0,0.657163863,2.49E-05,1.08E-05,0,0,0,0,0,0,0,0,7.72E-06,0,0,0,0,0,0,0,0,0,0,4.79E-09,0,0,0,4.14E-07,0,0,47.37614023,-0.00019661,-0.0103353,0,0.420676116,0,1.55E-08,3.34767792,0.603356982,67.53663781,6.827708704,0.550633975,2.940772503,3.072799856,7.01E-07
1861,2.57E-07,0,0,0,0,0,0,0,0.672972107,2.49E-05,1.08E-05,0,0,0,0,0,0,0,0,7.72E-06,0,0,0,0,0,0,0,0,0,0,4.83E-09,0,0,0,4.19E-07,0,0,48.2346867,-0.00014505,-0.0076251,0,0.423282924,0,1.56E-08,3.49325293,0.932591724,68.71677844,6.863929287,0.572497907,2.929445554,2.989451682,2.94E-06
1862,2.60E-07,0,0,0,0,0,0,0,0.614310229,2.49E-05,1.01E-05,0,0,0,0,0,0,0,0,7.72E-06,0,0,0,0,0,0,0,0,0,0,4.87E-09,0,0,0,4.23E-07,0,0,49.13056212,-0.00015471,-0.0081329,0,0.425890985,0,1.58E-08,3.503455415,0.542504032,65.63544778,6.337133937,0.550794228,2.991191881,2.968225058,5.44E-06
1863,2.62E-07,0,0,0,0,0,0,0,0.620106096,2.49E-05,1.01E-05,0,0,0,0,0,0,0,0,7.72E-06,0,0,0,0,0,0,0,0,0,0,4.91E-09,0,0,0,4.27E-07,0,0,49.71022253,-0.00013683,-0.0071929,0,0.428354825,0,1.59E-08,3.679298815,0.30952933,59.59506063,4.987809176,0.531498759,2.940975762,2.643742859,6.08E-06
1864,2.65E-07,0,0,0,0,0,0,0,0.627683452,2.49E-05,1.01E-05,0,0,0,0,0,0,0,0,7.72E-06,0,0,0,0,0,0,0,0,0,0,4.94E-09,0,0,0,4.31E-07,0,0,50.66032473,-0.00014306,-0.0075202,0,0.430935869,0,1.60E-08,3.936440362,0.69034054,62.80370551,5.377240417,0.569984878,2.959443986,2.646149154,6.01E-06
1865,2.68E-07,0,0,0,0,0,0,0,0.634657822,2.49E-05,1.08E-05,0,0,0,0,0,0,0,0,7.72E-06,0,0,0,0,0,0,0,0,0,0,4.98E-09,0,0,0,4.35E-07,0,0,51.9800751,-0.00015756,-0.0082826,0,0.433360004,0,1.61E-08,4.203747181,0.920926498,71.9616462,7.081647287,0.622430311,3.145844686,3.218900233,7.94E-06
1866,2.71E-07,0,0,0,0,0,0,0,0.638592711,2.49E-05,1.08E-05,0,0,0,0,0,0,0,0,7.72E-06,0,0,0,0,0,0,0,0,0,0,5.01E-09,0,0,0,4.39E-07,0,0,52.74699293,-0.00016375,-0.0086081,0,0.43566559,0,1.62E-08,4.3259124,0.842128664,68.57382615,6.353455336,0.612527581,3.136859032,2.947012047,1.32E-05
1867,2.74E-07,0,0,0,0,0,0,0,0.644921061,2.49E-05,1.01E-05,0,0,0,0,0,0,0,0,7.72E-06,0,0,0,0,0,0,0,0,0,0,5.05E-09,0,0,0,4.43E-07,0,0,53.94102178,-0.00015679,-0.0082423,0,0.438131014,0,1.63E-08,4.679715359,1.162406568,75.76961652,7.638438263,0.663251915,3.26144301,3.32068802,1.46E-05
1868,2.77E-07,0,0,0,0,0,0,0,0.646486102,2.49E-05,1.01E-05,0,0,0,0,0,0,0,0,7.72E-06,0,0,0,0,0,0,0,0,0,0,5.08E-09,0,0,0,4.47E-07,0,0,55.28767356,-0.00019587,-0.0102966,0,0.441354035,0,1.65E-08,4.885141276,1.596376616,86.40286948,9.62546759,0.727369807,3.444510832,3.853579423,1.91E-05
1869,2.81E-07,0,0,0,0,0,0,0,0.652518654,2.49E-05,1.08E-05,0,0,0,0,0,0,0,0,7.72E-06,0,0,0,0,0,0,0,0,0,0,5.12E-09,0,0,0,4.51E-07,0,0,55.83359728,-0.00015759,-0.008284,0,0.443827596,0,1.66E-08,5.131065644,1.208879954,77.87625795,7.907669367,0.687233562,3.383371178,3.441156888,2.38E-05
1870,2.84E-07,0,0,0,0,0,0,0,0.654800577,2.49E-05,1.08E-05,0,0,0,0,0,0,0,0,7.72E-06,0,0,0,0,0,0,0,0,0,0,5.15E-09,0,0,0,4.55E-07,0,0,56.99659231,-0.00019456,-0.0102275,0,0.446558794,0,1.67E-08,5.322899552,1.465532128,84.70140367,9.100050712,0.733430027,3.51333388,3.8104526,3.21E-05
1871,2.88E-07,0,0,0,0,0,0,0,0.683494797,2.49E-05,1.01E-05,0,0,0,0,0,0,0,0,7.72E-06,0,0,0,0,0,0,0,0,0,0,5.19E-09,0,0,0,4.59E-07,0,0,57.57401422,-0.00015902,-0.0083593,0,0.454253369,0,1.68E-08,5.579505119,1.287953013,76.63329254,7.406797355,0.700059592,3.441807606,3.314105619,3.63E-05
1872,2.92E-07,0,0,0,0,0,0,0,0.783931039,2.49E-05,1.08E-05,0,0,0,0,0,0,0,0,7.72E-06,0,0,0,0,0,0,0,0,0,0,5.23E-09,0,0,0,4.63E-07,0,0,58.18710545,-0.00013698,-0.0072008,0,0.470777053,0,1.69E-08,6.047224721,0.990061319,69.21691458,5.823710887,0.673521938,3.402694146,2.917673502,4.47E-05
1873,2.96E-07,0,0,0,0,0,0,0,0.804622739,2.49E-05,1.08E-05,0,0,0,0,0,0,0,0,7.72E-06,0,0,0,0,0,0,0,0,0,0,5.26E-09,0,0,0,4.67E-07,0,0,59.62016165,-0.0001555,-0.0081744,0,0.493804496,0,1.70E-08,6.492914841,1.421251741,80.75293026,7.972544227,0.743863092,3.636845024,3.489630758,7.76E-05
1874,3.00E-07,0,0,0,0,0,0,0,0.802802562,2.49E-05,1.08E-05,0,0,0,0,0,0,0,0,7.72E-06,0,0,0,0,0,0,0,0,0,0,5.30E-09,0,0,0,4.71E-07,0,0,60.88850035,-0.0002028,-0.0106606,0,0.521640998,0,1.72E-08,6.31065303,1.617043743,87.27682123,9.327253848,0.770288155,3.823920921,3.857142577,9.46E-05
1875,3.05E-07,0,0,0,0,0,0,0,0.822894831,2.49E-05,1.08E-05,0,0,0,0,0,0,0,0,7.72E-06,0,0,0,0,0,0,0,0,0,0,5.33E-09,0,0,0,4.75E-07,0,0,61.4471703,-0.00015672,-0.0082384,0,0.552063271,0,1.73E-08,6.650790002,1.426372099,78.36613668,7.460262376,0.73571835,3.735855138,3.306207943,9.52E-05
1876,3.09E-07,0,0,0,0,0,0,0,0.833284219,2.49E-05,1.08E-05,0,0,0,0,0,0,0,0,7.72E-06,0,0,0,0,0,0,0,0,0,0,5.37E-09,0,0,0,4.79E-07,0,0,62.60294811,-0.00018598,-0.0097769,0,0.582777234,0,1.74E-08,6.826141144,1.301898906,80.95318895,8.050838668,0.745354511,3.904202937,3.554472513,0.00011788
1877,3.14E-07,0,0,0,0,0,0,0,0.843816255,2.49E-05,1.08E-05,0,0,0,0,0,0,0,0,7.72E-06,0,0,0,0,0,0,0,0,0,0,5.41E-09,0,0,0,4.83E-07,0,0,63.64524259,-0.00015949,-0.0083841,0,0.612115448,0,1.75E-08,7.070324301,1.761265378,85.53298722,8.756554504,0.783808417,3.96933151,3.641390949,0.000178413
1878,3.19E-07,0,0,0,0,0,0,0,0.851653034,2.49E-05,1.08E-05,0,0,0,0,0,0,0,0,7.72E-06,0,0,0,0,0,0,0,0,0,0,5.44E-09,0,0,0,4.87E-07,0,0,64.71120383,-0.00016301,-0.008569,0,0.637602533,0,1.76E-08,7.157611607,2.055645529,89.43259099,9.447969517,0.807265739,4.071255253,3.780503159,0.000219011
1879,3.23E-07,0,0,0,0,0,0,0,0.871064845,2.49E-05,1.08E-05,0,0,0,0,0,0,0,0,7.72E-06,0,0,0,0,0,0,0,0,0,0,5.47E-09,0,0,0,4.91E-07,0,0,65.90279841,-0.00020745,-0.0109053,0,0.658807032,0,1.77E-08,7.653474785,1.871800005,92.3244003,10.06389379,0.831487885,4.253815599,4.039647242,0.000303214
1880,3.29E-07,0,0,0,0,0,0,0,0.903444558,2.49E-05,1.08E-05,0,0,0,0,0,0,0,0,7.72E-06,0,0,0,0,0,0,0,0,0,0,5.51E-09,0,0,0,4.95E-07,0,0,66.6649843,-0.00020599,-0.0108287,0,0.672655514,0,1.79E-08,8.496273902,1.673390049,88.83836876,9.166054967,0.823401307,4.282880256,3.879153133,0.000394975
1881,3.34E-07,0,0,0,0,0,0,0,0.947060166,2.49E-05,1.16E-05,0,0,0,0,0,0,0,0,7.72E-06,0,0,0,0,0,0,0,0,0,0,5.55E-09,0,0,0,4.99E-07,0,0,67.70670095,-0.00015859,-0.008337,0,0.680513013,0,1.80E-08,8.853458296,2.149883742,92.44636605,9.687142666,0.86510647,4.347058373,3.879498096,0.000481957
1882,3.39E-07,0,0,0,0,0,0,0,0.910568798,2.49E-05,1.16E-05,0,0,0,0,0,0,0,0,7.72E-06,0,0,0,0,0,0,0,0,0,0,5.59E-09,0,0,0,5.04E-07,0,0,68.57787524,-0.00016014,-0.0084183,0,0.689130425,0,1.81E-08,9.298799766,1.749229003,87.55127134,8.728341263,0.846575096,4.415530871,3.710494138,0.000563796
1883,3.45E-07,0,0,0,0,0,0,0,0.931572395,2.49E-05,1.08E-05,0,0,0,0,0,0,0,0,7.72E-06,0,0,0,0,0,0,0,0,0,0,5.62E-09,0,0,0,5.08E-07,0,0,69.1859791,-0.00012871,-0.0067659,0,0.695746093,0,1.82E-08,9.814335592,1.535292971,79.69384465,7.040718533,0.820313333,4.373382687,3.261693218,0.00052808
1884,3.50E-07,0,0,0,0,0,0,0,0.936752816,2.49E-05,1.08E-05,0,0,0,0,0,0,0,0,7.72E-06,0,0,0,0,0,0,0,0,0,0,5.66E-09,0,0,0,5.12E-07,0,0,70.48060515,-0.00015238,-0.0080104,0,0.701562933,0,1.83E-08,10.02719709,2.070862646,87.9909904,8.572197038,0.880387984,4.536088477,3.562221829,0.000645138
1885,3.56E-07,0,0,0,0,0,0,0,0.944519673,2.49E-05,1.16E-05,0,0,0,0,0,0,0,0,7.72E-06,0,0,0,0,0,0,0,0,0,0,5.69E-09,0,0,0,5.16E-07,0,0,71.60546241,-0.00014975,-0.0078722,0,0.707762228,0,1.85E-08,10.13021779,2.021865446,89.61417976,8.92795196,0.889887898,4.675463476,3.759200914,0.000730851
1886,3.62E-07,0,0,0,0,0,0,0,0.949469814,2.49E-05,1.16E-05,0,0,0,0,0,0,0,0,7.72E-06,0,0,0,0,0,0,0,0,0,0,5.73E-09,0,0,0,5.20E-07,0,0,72.58254388,-0.00015203,-0.0079918,0,0.712503274,0,1.86E-08,10.24621479,2.159464653,89.20596808,8.84743662,0.902377621,4.748107383,3.620151435,0.000883387
1887,3.68E-07,0,0,0,0,0,0,0,0.962057075,2.49E-05,1.16E-05,0,0,0,0,0,0,0,0,7.72E-06,0,0,0,0,0,0,0,0,0,0,5.77E-09,0,0,0,5.24E-07,0,0,73.77743063,-0.0001387,-0.0072911,0,0.718086141,0,1.87E-08,10.75090678,2.436209287,94.58037936,9.772213198,0.946819319,4.897965139,3.880785491,0.001033007
1888,3.74E-07,0,0,0,0,0,0,0,0.98973907,2.49E-05,1.16E-05,0,0,0,0,0,0,0,0,7.72E-06,0,0,0,0,0,0,0,0,0,0,5.80E-09,0,0,0,5.28E-07,0,0,75.11035553,-0.00017314,-0.0091016,0,0.724092623,0,1.88E-08,11.90210653,2.839889898,103.9749492,11.40541122,1.025713296,5.113933201,4.338078279,0.001139422
1889,3.81E-07,5.18E-10,0,0,0,0,0,0,0.989620414,2.49E-05,1.16E-05,0,0,0,0,0,0,0,0,7.72E-06,0,0,0,0,0,0,0,0,0,0,5.84E-09,0,0,0,5.32E-07,0,0,75.92960019,-0.00012896,-0.0067792,0,0.730631312,0,1.89E-08,11.89477283,2.791499517,100.1635109,10.63536149,1.006897582,5.147637822,4.105108908,0.001344781
1890,3.87E-07,4.82E-09,0,0,0,0,0,0,1.012205406,2.49E-05,1.16E-05,0,0,0,0,0,0,0,0,7.72E-06,0,0,0,0,0,0,0,0,0,0,5.87E-09,0,0,0,5.36E-07,0,0,77.07862319,-0.00015603,-0.0082024,0,0.75552423,0,1.90E-08,12.99273806,3.05673659,105.3716736,11.45477094,1.061424194,5.294190617,4.330396716,0.001721606
1891,3.94E-07,1.04E-08,0,0,0,0,0,0,1.024011972,2.49E-05,1.16E-05,0,0,0,0,0,0,0,0,7.72E-06,0,0,0,0,0,0,0,0,0,0,5.91E-09,0,0,0,5.40E-07,0,0,77.68229292,-0.00011429,-0.0060083,0,0.766856623,0,1.92E-08,13.58674911,2.844518349,95.85537302,9.509895681,1.027409941,5.231950107,3.75200488,0.00215412
1892,4.01E-07,1.48E-08,0,0,0,0,0,0,1.041009904,2.49E-05,1.16E-05,0,0,0,0,0,0,0,0,7.72E-06,0,0,0,0,0,0,0,0,0,0,5.95E-09,0,0,0,5.45E-07,0,0,78.54558089,-9.69E-05,-0.0050945,0,0.778131035,0,1.93E-08,13.86679818,2.688094676,91.28130027,8.642093366,1.012757609,5.271456428,3.50185361,0.002235145
1893,4.08E-07,2.00E-08,0,0,0,0,0,0,1.036719582,2.49E-05,1.23E-05,0,0,0,0,0,0,0,0,7.72E-06,0,0,0,0,0,0,0,0,0,0,5.99E-09,0,0,0,5.49E-07,0,0,79.81501329,-0.00010779,-0.0056666,0,0.789586307,0,1.94E-08,13.77594308,2.752332455,94.82329701,9.465231795,1.027660139,5.451763771,3.730788054,0.002507588
1894,4.15E-07,2.54E-08,0,0,0,0,0,0,1.065817718,2.49E-05,1.23E-05,0,0,0,0,0,0,0,0,7.72E-06,0,0,0,0,0,0,0,0,0,0,6.02E-09,0,0,0,5.52E-07,0,0,81.38345626,-0.00015672,-0.0082386,0,0.801858891,0,1.95E-08,14.35652481,3.322891534,108.1686737,11.88621758,1.107339862,5.734695502,4.388460331,0.002488284
1895,4.22E-07,3.08E-08,0,0,0,0,0,0,1.091747344,2.49E-05,1.16E-05,0,0,0,0,0,0,0,0,7.72E-06,0,0,0,0,0,0,0,0,0,0,6.06E-09,0,0,0,5.57E-07,0,0,82.23116014,-0.00012022,-0.0063198,0,0.812739909,0,1.96E-08,15.22572587,3.422160221,105.0245263,11.12996036,1.11839309,5.744754134,4.074832335,0.003133225
1896,4.30E-07,3.64E-08,0,0,0,0,0,0,1.106193778,2.49E-05,1.23E-05,0,0,0,0,0,0,0,0,7.72E-06,0,0,0,0,0,0,0,0,0,0,6.09E-09,0,0,0,5.61E-07,0,0,83.00005426,-0.00012022,-0.0063197,0,0.823953096,0,1.97E-08,15.71083192,2.813934218,95.567069,9.400850834,1.072997991,5.792903602,3.72961957,0.003442672
1897,4.37E-07,4.22E-08,0,0,0,0,0,0,1.126920334,2.49E-05,1.23E-05,0,0,0,0,0,0,0,0,7.72E-06,0,0,0,0,0,0,0,0,0,0,6.13E-09,0,0,0,5.65E-07,0,0,84.39253635,-9.08E-05,-0.0047731,0,0.834485451,0,1.99E-08,16.57108073,3.775543638,107.8848467,11.52490628,1.170931356,5.962527008,4.134514732,0.003820813
1898,4.45E-07,4.81E-08,0,0,0,0,0,0,1.150721845,2.49E-05,1.23E-05,0,0,0,0,0,0,0,0,7.72E-06,0,0,0,0,0,0,0,0,0,0,6.17E-09,0,0,0,5.69E-07,0,0,85.36127162,-7.26E-05,-0.0038168,0,0.844151883,0,2.00E-08,17.54895913,4.009633122,108.0764086,11.43483329,1.199099503,6.031378136,4.054012966,0.004126981
1899,4.86E-07,5.41E-08,0,0,0,0,0,0,1.190880949,2.49E-05,1.23E-05,0,0,0,0,0,0,0,0,7.72E-06,0,0,0,0,0,0,0,0,0,0,6.20E-09,0,0,0,5.73E-07,0,0,86.70543387,-0.0001112,-0.0058456,0,0.853628211,0,2.01E-08,19.20241488,3.999614681,113.5762406,12.43889633,1.25806059,6.27937835,4.421041782,0.004492982
1900,2.39E-06,1.08E-07,0,0,0,0,0,0,1.217713461,2.49E-05,2.86E-05,0,0,0,0,0,0,0,0,7.72E-06,0,0,0,0,0,0,0,0,0,0,6.24E-09,0,0,0,5.77E-07,0,0,87.61328845,-0.00010292,-0.0054105,0,0.863012793,0,2.02E-08,20.22205227,3.980528047,111.0171081,11.88474009,1.264050281,6.348979463,4.303119778,0.005263158
1901,4.82E-06,2.37E-07,0,0,0,0,0,0,1.300308442,2.49E-05,4.78E-05,0,0,0,0,0,0,0,0,7.72E-06,0,0,0,0,0,0,0,0,0,0,6.28E-09,0,0,0,5.82E-07,0,0,88.39116711,-4.64E-05,-0.0024403,0,0.871247601,0,2.03E-08,21.07377893,4.351605031,109.0894717,11.61080539,1.28518218,6.37371981,4.03995402,0.006047199
1902,5.78E-06,3.16E-07,0,0,0,0,0,0,1.318524983,2.49E-05,5.07E-05,0,0,0,0,0,0,0,0,7.72E-06,0,0,0,0,0,0,0,0,0,0,6.32E-09,0,0,0,5.86E-07,0,0,89.26282464,-3.87E-05,-0.0020369,0,0.881055306,0,2.05E-08,21.72335268,4.277846351,106.498818,11.21967224,1.283770714,6.484797935,3.910393352,0.006590782
1903,6.96E-06,3.95E-07,0,0,0,0,0,0,1.394863381,2.49E-05,5.59E-05,0,0,0,0,0,0,0,0,7.72E-06,0,0,0,0,0,0,0,0,0,0,6.36E-09,0,0,0,5.90E-07,0,0,89.89074057,7.82E-06,0.0004112,0,0.890498877,0,2.06E-08,23.60763187,4.312056551,101.4351716,10.23193771,1.291615577,6.509830427,3.582929731,0.006894341
1904,9.44E-06,3.95E-07,0,0,0,0,0,0,1.43006049,2.49E-05,6.85E-05,0,0,0,0,0,0,0,0,7.72E-06,0,0,0,0,0,0,0,0,0,0,6.39E-09,0,0,0,5.94E-07,0,0,91.35674943,-8.34E-06,-0.0004386,0,0.900834935,0,2.07E-08,24.06747256,5.002221018,114.0944063,12.86255003,1.366287545,6.803781609,4.20845158,0.007844091
1905,1.34E-05,5.53E-07,0,0,0,0,0,0,1.494141547,2.49E-05,8.77E-05,0,0,0,0,0,0,0,0,7.72E-06,0,0,0,0,0,0,0,0,0,0,6.43E-09,0,0,0,5.99E-07,0,0,92.40132432,1.34E-06,7.03E-05,0,0.911631052,0,2.08E-08,25.71798004,5.562802932,118.9127701,13.68790899,1.427563983,6.927415375,4.30529901,0.007743297
1906,1.82E-05,7.90E-07,0,0,0,0,0,0,1.556924815,2.49E-05,0.000111382,0,0,0,0,0,0,0,0,7.72E-06,0,0,0,0,0,0,0,0,0,0,6.47E-09,0,0,0,6.03E-07,0,0,93.24998316,1.87E-05,0.0009837,0,0.922696599,0,2.09E-08,27.0468504,5.68414922,117.9082891,13.43991229,1.451553725,7.031955278,4.159263214,0.008086159
1907,1.70E-05,6.32E-07,0,0,0,0,0,0,1.648539222,2.58E-05,0.000103989,0,0,0,0,0,0,0,0,7.72E-06,0,0,0,0,0,0,0,0,0,0,6.51E-09,0,0,0,6.07E-07,0,0,94.56080194,5.85E-05,0.0030771,0,0.933387366,0,2.10E-08,30.03925624,6.728345579,131.7900976,15.98261892,1.576686613,7.289084895,4.696822601,0.009900852
1908,2.14E-05,7.90E-07,0,0,0,0,0,0,1.634249181,2.92E-05,0.000127655,0,0,0,0,0,0,0,0,7.72E-06,0,0,0,0,0,0,0,0,0,0,6.54E-09,0,0,0,6.11E-07,0,0,95.71237193,3.64E-05,0.0019137,0,0.9438066,0,2.12E-08,28.6928086,6.890932398,134.0552752,16.83441177,1.578105885,7.479732769,4.894521399,0.010794729
1909,3.67E-05,1.34E-06,0,0,0,0,0,0,1.667427564,0.000765086,0.000211215,0,0,0,0,0,0,0,0,7.72E-06,0,0,0,0,0,0,0,0,0,0,6.58E-09,0,0,0,6.16E-07,0,0,96.4666946,7.76E-05,0.0040791,0,0.953973298,0,2.13E-08,30.25096249,7.109237067,132.16211,16.41905088,1.592277907,7.538044189,4.662003166,0.011604172
1910,4.23E-05,1.66E-06,0,0,0,0,0,0,1.709893571,0.001036689,0.000243015,0,0,0,0,0,0,0,0,7.72E-06,0,0,0,0,0,0,0,0,0,0,6.62E-09,0,0,0,6.20E-07,0,0,97.77187103,5.67E-05,0.0029799,0,0.964692166,0,2.14E-08,31.75274971,7.712042121,142.9440034,18.4594172,1.669837352,7.802914377,5.154660249,0.012904684
1911,4.72E-05,1.90E-06,0,0,0,0,0,0,1.667029139,0.00055672,0.000270379,0,0,0,0,0,0,0,0,7.72E-06,0,0,0,0,0,0,0,0,0,0,6.66E-09,0,0,0,6.24E-07,0,0,98.42938116,0.00011441,0.0060143,0,0.975994609,0,2.15E-08,31.99460234,7.647047562,133.8462896,16.71187946,1.628146777,7.751684451,4.559939279,0.013751412
1912,5.60E-05,2.13E-06,0,0,0,0,0,0,1.669414883,0.001337239,0.000318449,0,0,0,0,0,0,0,-1.00E-08,7.72E-06,0,0,0,0,0,0,0,0,0,0,6.70E-09,0,0,0,6.29E-07,0,0,99.26614632,0.00014699,0.0077269,0,0.99223998,0,2.16E-08,33.48230428,7.693065072,129.4615627,15.80978197,1.611329712,7.785974707,4.233224282,0.014466353
1913,5.93E-05,2.29E-06,0,0,0,0,0,0,1.708458735,0.002787477,0.000336941,0,0,0,0,0,0,0,0,7.72E-06,0,0,0,0,0,0,0,0,0,0,6.74E-09,0,0,0,6.33E-07,0,0,100.6125584,0.00016664,0.0087597,0,1.011256291,0,2.18E-08,35.64604126,8.463020346,139.7402447,17.55813537,1.690168281,7.994117555,4.559660544,0.016795115
1914,6.48E-05,2.53E-06,0,0,0,0,0,0,1.619346418,0.004565591,0.000367265,0,0,0,0,0,0,0,-1.00E-08,7.72E-06,0,0,0,0,0,0,0,0,0,0,6.77E-09,0,0,0,6.36E-07,0,0,102.2840587,0.00011094,0.0058318,0,1.031941948,0,2.19E-08,32.69400836,8.611801974,145.9705239,19.7562472,1.666648037,8.313807364,5.14481294,0.01836654
1915,8.40E-05,3.24E-06,0,0,0,0,0,0,1.599061067,0.006209837,0.000471535,0,0,0,0,0,0,0,0,7.72E-06,0,0,0,0,0,0,0,0,0,0,6.81E-09,0,0,0,6.41E-07,0,0,103.0579197,0.00018387,0.0096656,0,1.05442793,0,2.20E-08,32.65143874,8.557919688,135.7203261,18.3285744,1.624567028,8.304440938,4.613756431,0.019846345
1916,0.000104651,4.03E-06,0,0,0,0,0,0,1.663654637,0.005996892,0.00058468,0,0,0,0,0,0,0,-1.00E-08,7.72E-06,0,0,0,0,0,0,0,0,0,0,6.85E-09,0,0,0,6.46E-07,0,0,104.0889435,0.0002109,0.0110861,0,1.077595517,0,2.21E-08,35.63152609,8.948484156,134.4269072,18.25802532,1.646436313,8.415157087,4.46063046,0.021986607
1917,0.000110343,4.27E-06,0,0,0,0,0,0,1.697952199,0.005158527,0.000618707,0,0,0,0,0,0,0,0,7.72E-06,0,0,0,0,0,0,0,0,0,0,6.89E-09,0,0,0,6.51E-07,0,0,105.4397415,0.00028502,0.0149826,0,1.100055667,0,2.22E-08,37.31193386,10.268979,144.432686,20.43299185,1.7286261,8.572674913,4.729892893,0.02418215
1918,0.000104614,4.03E-06,0,0,0,0,0,0,1.692021391,0.004272167,0.000589141,0,0,0,0,0,0,0,-1.00E-08,7.72E-06,0,0,0,0,0,0,0,0,0,0,6.93E-09,0,0,0,6.55E-07,0,0,106.7459316,0.00028538,0.0150013,0,1.121022951,0,2.24E-08,36.98493606,10.64499975,147.7147143,21.59112192,1.732826624,8.776700936,4.92128343,0.024490257
1919,0.000101552,3.95E-06,0,0,0,0,0,0,1.590693972,0.003196035,0.000572145,0,0,0,0,0,0,0,0.00012037,7.72E-06,0,0,0,0,0,0,0,0,0,0,6.96E-09,0,0,0,6.59E-07,0,0,108.095107,0.00024874,0.0130753,0,1.140026266,0,2.25E-08,31.49658204,10.01676431,142.4520583,21.65541764,1.624870379,8.987962622,4.920970066,0.027081692
1920,7.19E-05,2.85E-06,0,0,0,0,0,0,1.715149264,0.00400595,0.000411693,0,0,0,0,0,0,0,0.00056844,7.72E-06,0,0,0,0,0,0,0,0,0,0,7.01E-09,0,0,0,6.64E-07,0,0,109.1336385,0.00031384,0.0164978,0,1.157423391,0,2.26E-08,35.10677403,11.30396336,150.3472411,22.94809489,1.715239365,9.108966048,4.954726952,0.033117365
1921,5.60E-05,2.14E-06,0,0,0,0,0,0,1.653757066,0.006357576,0.000324446,0,0,0,0,0,0,0,0.0013866,7.72E-06,0,0,0,0,0,0,0,0,0,0,7.05E-09,0,0,0,6.68E-07,0,0,109.809348,0.00034206,0.0179812,0,1.173204443,0,2.27E-08,29.60936435,10.73946015,138.0862654,21.16542897,1.563451947,9.082471206,4.398440628,0.03574791
1922,0.000100937,3.88E-06,0,0,0,0,0,0,1.695852656,0.007519669,0.000569212,0,0,0,0,0,0,0,0.00249655,7.72E-06,0,0,0,0,0,0,0,0,0,0,7.09E-09,0,0,0,6.73E-07,0,0,110.4858104,0.00038594,0.0202878,0,1.188563338,0,2.28E-08,31.40893703,11.08463169,136.2999831,20.50886808,1.560562967,9.14531903,4.026610249,0.042466675
1923,0.000137534,5.38E-06,0,0,0,0,0,0,1.819527138,0.008199561,0.000774791,0,0,0,0,0,0,0,0.00383106,7.72E-06,0,0,0,0,0,0,0,0,0,0,7.13E-09,0,0,0,6.78E-07,0,0,112.2535641,0.00045766,0.0240577,0,1.204901974,0,2.29E-08,36.94585115,13.58681049,165.7070364,26.25400802,1.783475455,9.541615209,4.970157062,0.051294293
1924,0.000145955,5.69E-06,0,0,0,0,0,0,1.836492361,0.010064032,0.000827307,0,0,0,0,0,0,0,0.00532295,7.72E-06,0,0,0,0,0,0,0,0,0,0,7.17E-09,0,0,0,6.82E-07,0,0,112.633506,0.00047126,0.0247726,0,1.221996932,0,2.31E-08,36.54292385,12.85257805,150.5700556,23.18940492,1.67703826,9.48795768,4.331155613,0.052220829
1925,0.000152811,5.93E-06,0,0,0,0,0,0,1.853002124,0.009887985,0.000869473,0,0,0,0,0,0,0,0.00690472,7.72E-06,0,0,0,0,0,0,0,0,0,0,7.21E-09,0,0,0,6.87E-07,0,0,113.6704269,0.00051492,0.0270679,0,1.23756616,0,2.32E-08,36.97623938,13.48639284,154.16841,24.03991801,1.692836227,9.91399147,4.30578669,0.056591202
1926,0.000168772,6.57E-06,0,0,0,0,0,0,1.844944371,0.010020584,0.00096266,0,0,0,0,0,0,0,0.00850919,7.72E-06,0,0,0,0,0,0,0,0,0,0,7.25E-09,0,0,0,6.92E-07,0,0,114.5456303,0.00056436,0.0296667,0,1.252384472,0,2.33E-08,37.11606802,13.72913023,150.5144616,24.14694461,1.626612883,10.21963498,4.125351964,0.058962144
1927,0.000193663,7.59E-06,0,0,0,0,0,0,1.985143255,0.013691728,0.001107612,0,0,0,0,0,0,0,0.01006945,7.72E-06,0,0,0,0,0,0,0,0,0,0,7.29E-09,0,4.95E-06,0,6.96E-07,0,0,115.74748,0.0005629,0.0295903,0,1.266535078,0,2.34E-08,39.77366012,15.18290711,166.5637296,26.50570903,1.752586627,10.50463165,4.427841718,0.068902648
1928,0.00021328,8.46E-06,0,0,0,0,0,0,1.992775559,0.016914307,0.001225208,2.08E-05,0,0,0,0,0,0,0.01151795,7.72E-06,0,0,0,0,0,0,0,0,0,0,7.32E-09,0,3.01E-05,0,6.99E-07,0,0,116.7958666,0.00050619,0.0266088,0,1.279552513,0,2.35E-08,39.62442329,15.41036335,167.3127302,27.09403714,1.730364176,10.69931276,4.468262614,0.071959707
1929,0.000208025,8.23E-06,0,0,0,0,0,0,2.10073725,0.01938339,0.001203787,0.000335025,0,0,0,0,0,0,0.01287963,7.72E-06,0,0,0,0,0,0,0,0,0,0,7.35E-09,0,3.33E-06,0,7.02E-07,0,0,118.0199977,0.00051599,0.02224,0,1.290593003,0,2.37E-08,42.29460175,16.47935442,178.5262167,29.35487624,1.792445238,10.93958269,4.827305798,0.081609435
1930,0.000170358,6.73E-06,0,0,0,0,0,0,2.09394241,0.020571834,0.000997503,0.001170103,0,0,0,0,0,0,0.01425692,7.72E-06,0,0,0,0,0,0,0,0,0,0,7.36E-09,0,-2.61E-05,0,7.03E-07,0,0,119.6701788,0.00083056,0.0120933,0,1.300134042,0,2.38E-08,39.07985763,16.30622111,186.507544,31.5739124,1.80985205,11.18228606,5.504720442,0.079936062
1931,0.000113262,4.60E-06,0,0,0,0,0,0,2.000135237,0.021232329,0.000676602,0.001660033,0,0,0,0,0,0,0.01569773,7.72E-06,0,0,0,0,0,0,0,0,0,0,7.38E-09,0,-3.83E-06,0,7.06E-07,0,0,119.9075078,0.00160097,0.0069489,0,1.307080617,0,2.39E-08,34.19908423,14.21902432,156.3707757,26.46349244,1.601422331,11.0306041,4.33531531,0.079589853
1932,8.58E-05,3.49E-06,0,0,0,0,0,0,1.813747998,0.023837144,0.000519111,0.001616737,0,0,0,0,0,0,0.01719312,7.72E-06,0,0,0,0,0,5.76E-06,0,0,0,0,7.40E-09,0,7.43E-07,0,7.08E-07,0,0,121.4219873,0.0023304,0.001011,0,1.313867542,0,2.40E-08,29.81184699,14.009364,161.6549727,27.8854275,1.603349763,11.17232295,4.714147401,0.076115166
1933,0.000101627,4.12E-06,0,0,0,0,0,0,1.853709193,0.028120028,0.000610814,0.001633658,0,0,0,0,1.00E-08,0,0.01875922,7.72E-06,0,0,0,0,0,0.000144828,0,0,0,0,7.43E-09,0,8.08E-07,0,7.11E-07,0,0,122.3437659,0.00300985,-0.0044864,0,1.319537947,0,2.41E-08,31.49708913,13.87748409,159.5886533,27.7174382,1.57622094,11.21289302,4.571945163,0.084974171
1934,0.000152024,6.26E-06,0,0,0,0,0,0,1.919118463,0.034519287,0.000912523,0.001650588,0,0,0,0,-1.00E-08,0,0.02040327,7.72E-06,0,0,0,0,0,0.000606394,0,0,0,0,7.47E-09,0,8.78E-07,0,7.15E-07,0,0,123.9532999,0.00382429,-0.0033675,0,1.325821997,0,2.42E-08,34.86158423,15.52417998,179.5058072,31.47521346,1.719851651,11.3964235,5.25494969,0.090131811
1935,0.000220285,9.10E-06,0,0,0,0,0,0,1.967641483,0.040132859,0.00133033,0.001667517,0,0,0,0,3.00E-08,0,0.02211283,7.72E-06,0,0,0,0,0,0.000974273,0,0,0,0,7.50E-09,0,9.54E-07,0,7.19E-07,0,0,124.8946044,0.00461241,-0.0035963,0,1.332210187,0,2.43E-08,37.6532901,16.10144051,180.9135819,31.88031452,1.72899248,11.38962955,5.095528895,0.099195078
1936,0.000288204,1.20E-05,0,0,0,0,0,0,2.075706355,0.04233712,0.00175702,0.001684446,0,0,0,0,-8.00E-08,0,0.02390518,7.72E-06,0,0,0,0,0,0.00104553,0,0,0,0,7.55E-09,0,1.04E-06,0,7.24E-07,0,0,126.4647048,0.00547985,0.0001614,0,1.338446713,0,2.45E-08,40.68781299,18.01509539,201.5124961,35.81301921,1.874237268,11.72517955,5.716518394,0.110712652
1937,0.000343722,1.46E-05,0,0,0,0,0,0,2.133841395,0.044188471,0.002118645,0.001701376,6.39E-06,0,0,0,1.80E-07,0,0.02579322,7.72E-06,0,0,0,0,0,0.001113188,0,0,0,0,7.58E-09,0,1.13E-06,0,7.28E-07,0,0,127.1823371,0.00627477,0.0002497,0,1.346280652,0,2.46E-08,43.95100269,18.71663602,202.0835831,35.82384811,1.879444319,11.8081929,5.402936562,0.126192855
1938,0.00039884,1.72E-05,0,0,0,0,0,0,2.067020995,0.04906474,0.002489154,0.001718305,0.000132881,0,0,0,-3.90E-07,0,0.027784,7.73E-06,0,0,0,0,0,0.001185033,0,0,0,0,7.61E-09,0,1.23E-06,0,7.31E-07,0,0,127.905393,0.00697257,-0.0044715,0,1.354880413,0,2.47E-08,40.57879122,17.26479457,186.8994897,33.21523439,1.781775676,11.79293791,4.836149857,0.124073505
1939,0.000433901,1.89E-05,0,0,0,0,0,0,2.136713137,0.056683054,0.002745053,0.001735234,0.000687793,0,0,0,0.00020143,0,0.02986676,0.000118139,0,0,0,0,0,0.00125714,0,0,0,0,7.64E-09,0,1.33E-06,0,7.35E-07,0,0,129.5013568,0.00774157,-0.0056252,0,1.366580781,0,2.48E-08,43.5088061,18.90501764,206.0105583,37.32352801,1.913049846,12.0602396,5.573185179,0.131714072
1940,0.000501726,2.23E-05,0,0,0,0,0,0,2.224104687,0.067980741,0.003219095,0.001752163,0.001492892,0,0,0,0.00099542,0,0.03204827,0.00021815,0,0,0,0,0,0.001330459,0,0,0,0,7.69E-09,0,1.45E-06,0,7.41E-07,0,0,130.1349943,0.00866242,0.0006467,0,1.379338498,0,2.49E-08,47.79972263,19.98362136,201.9380469,36.47430264,1.928482871,12.00611639,5.1186076,0.141874333
1941,0.000649573,2.96E-05,0,0,0,0,0,0,2.231554165,0.081740279,0.004224074,0.001769092,0.002233993,0,0,0,0.00253599,0,0.03435237,0.000195116,0,0,0,0,0,0.001402875,0,0,0,0,7.73E-09,0,1.57E-06,0,7.45E-07,0,0,132.2180939,0.0094558,0.0071808,0,1.42680384,0,2.50E-08,49.70649911,20.74676821,204.4227063,37.07224723,1.952523511,12.10634069,5.014363221,0.14891287
1942,0.000843531,3.95E-05,0,0,0,0,0,0,2.254485103,0.095021136,0.005585489,0.001786021,0.002976471,0,0,0.000198412,0.00477816,0,0.03678337,0.00016898,0,0,0,0,0,0.001474556,0,0,0,0,7.76E-09,0,1.71E-06,0,7.48E-07,0,0,134.7060241,0.01018218,0.0279952,0,1.529540535,0,2.52E-08,50.8808532,21.2452744,211.6568273,38.63537073,2.016422528,12.28249314,5.566525623,0.143810544
1943,0.000804767,3.87E-05,0,0,0,0,0,0,2.293159701,0.089521615,0.005457674,0.00180295,0.003719996,0,5.65E-05,0.004305325,0.00769302,0,0.03933803,0.000146845,0,0,0,0,0,0.001546703,0,0,0,0,7.79E-09,0,1.86E-06,0,7.52E-07,0,0,136.6296869,0.01095988,0.0557502,0,1.677488306,0,2.53E-08,51.69619282,22.2259789,212.4911915,39.46452022,2.016315026,12.29879985,5.31703086,0.153902555
1944,0.000417641,2.09E-05,0,0,0,0,0,0,2.284328464,0.072694302,0.002960657,0.001819879,0.004463806,0,0.000972663,0.016545617,0.01125253,0,0.04203155,0.000114393,0,0,0,0,0,0.001619168,0,0,0,0,7.83E-09,0,2.02E-06,0,7.56E-07,0,0,138.9310562,0.01176492,0.0790001,0,1.853407121,0,2.54E-08,50.63345661,23.30360461,220.9001991,41.98647893,2.013499141,12.52698127,5.470454136,0.180320759
1945,0.000201118,1.08E-05,0,0,0,0,0,0,2.078006981,0.068369262,0.001507694,0.001836808,0.005207723,0,0.003459341,0.024846154,0.0154284,0,0.04487858,8.08E-05,0,0,0,0,0,0.00169101,0,0,0,0,7.86E-09,0,2.20E-06,0,7.60E-07,0,0,141.022964,0.01252407,0.1007559,0,2.046464658,0,2.55E-08,44.3168536,22.77448766,213.8607815,42.36503667,1.872635562,12.60330864,5.182747045,0.177679832
1946,0.000279705,1.51E-05,0,0,0,0,0,0,2.275262021,0.074717234,0.002072665,0.001853738,0.00598561,0,0.004940468,0.024839378,0.0201924,0,0.04787456,6.43E-05,0,0,0,0,0,0.001763191,0,0,0,0,7.89E-09,0,2.39E-06,0,7.64E-07,0,0,142.7064022,0.01331123,0.1238668,0,2.241827732,0,2.56E-08,43.76245525,22.77080893,206.7626042,42.63635726,1.87392568,12.76179833,4.858265353,0.189988011
1947,0.000348384,1.95E-05,0,0,0,0,0,0,2.46147897,0.084081746,0.002636907,0.001870667,0.006444354,0,0.004839037,0.024982371,0.02551617,0,0.05103446,4.67E-05,0,0,0,0,0,0.001837268,0,0,0,0,7.94E-09,0,2.60E-06,0,7.69E-07,0,0,144.7944965,0.01420957,0.1523104,0,2.428213152,3.37E-06,2.57E-08,49.43618168,25.00346409,214.8764166,44.13554138,1.906518844,12.98840504,4.743331327,0.210335784
1948,0.000333169,1.96E-05,0,0,0,0,0,0,2.561401223,0.090670686,0.002624389,0.001887596,0.006664907,0,0.004856366,0.024987103,0.03137147,0,0.05437267,2.02E-05,0,0,0,0,0,0.001966277,0,0,0,0,7.98E-09,0,3.33E-06,0,7.73E-07,0,0,147.2720295,0.01499591,0.175292,0,2.589174287,2.36E-05,2.59E-08,51.79996726,27.32265628,238.0087213,48.07459116,2.025750118,13.42137047,5.202688917,0.235838188
1949,0.000314242,1.95E-05,0,0,0,0,0,0,2.545142237,0.091962416,0.002592644,0.001895503,0.007164071,0,0.005561141,0.027295461,0.03773008,0,0.05788219,-1.58E-06,0,0,0,0,0,0.001642628,0,0,0,0,7.99E-09,0,2.46E-05,0,7.75E-07,0,0,150.2157149,0.01561828,0.1910169,0,2.713520771,6.37E-05,2.60E-08,49.87603794,26.23285577,239.9136799,49.13259955,1.997975796,13.98150581,5.63351123,0.230702059
1950,0.000328769,2.15E-05,0,0,0,0,0,0,2.738832816,0.078580053,0.00284411,0.001989733,0.007470605,0,0.008146057,0.032673745,0.04456347,0,0.06160027,2.43E-07,0,0,0,0,0,0.001066147,0,0,0,0,8.05E-09,0,0.000105314,0,7.81E-07,0,0,152.2010084,0.01653501,0.2235447,0,2.786317364,0.000160534,2.61E-08,55.76623976,30.39825341,271.4166121,53.83802097,2.233490036,14.67371448,6.658142414,0.276428025
1951,0.000332223,2.32E-05,0,0,0,0,0,0,3.078579683,0.07047669,0.003043078,0.002168529,0.007554224,0,0.012050138,0.036815853,0.05198556,1.43E-05,0.06557009,1.17E-06,0,0,0,0,0,0.001052779,0,0,0,0,8.09E-09,0,0.000234322,0,7.85E-07,0,0,155.2719352,0.01743034,0.2534427,0,2.830278214,0.00023984,2.62E-08,58.22318308,30.46411586,244.6720918,49.06912819,2.114565312,14.78327697,4.950520037,0.305293333
1952,0.000328545,2.46E-05,0,0,0,0,0,0,3.140767283,0.076508762,0.003222826,0.002412043,0.007673401,0,0.016078842,0.040441283,0.06026278,0.000217253,0.06979776,-2.03E-06,0,0,0,0,0,0.001441474,0,0,0,0,8.10E-09,0,0.000362835,0,7.87E-07,0,0,160.5733576,0.01817662,0.2829603,0,2.872947037,0.000245653,2.63E-08,59.00984465,31.56254619,258.4289812,52.59638468,2.180479211,15.46609596,5.510266204,0.325825523
1953,0.000319996,2.57E-05,0,0,0,0,0,0,3.191889866,0.081681224,0.003386309,0.002847893,0.007703446,0,0.020201055,0.045581432,0.06933187,0.001357551,0.07429828,-2.28E-07,0,0,0,0,0,0.002100408,0,0,0,0,8.12E-09,0,0.000480479,0,7.90E-07,0,0,165.6818323,0.01897305,0.3249635,0,2.917942855,0.000245729,2.64E-08,60.2470417,33.41506225,275.447696,56.75471157,2.302364135,16.15858644,6.153271561,0.348152669
1954,0.000294574,2.54E-05,0,0,0,0,0,0,3.295263022,0.08686347,0.003404863,0.003276316,0.007760213,0,0.025212381,0.051892411,0.07892527,0.003619883,0.0790625,-4.07E-06,0,0,0,0,0,0.002888885,0,0,0,0,8.14E-09,0,0.000595761,0,7.91E-07,0,0,170.3710079,0.01966619,0.3534782,0,2.964766354,0.000245806,2.65E-08,60.66478532,34.40702752,280.3823048,58.76786663,2.377337018,16.59057921,6.207070802,0.368924367
1955,0.000263119,2.42E-05,0,0,0,0,0,0,3.523671108,0.091980019,0.003334682,0.003678802,0.00763707,0,0.030727319,0.059871881,0.08892638,0.006484868,0.0840763,1.05E-06,0,0,0,0,0,0.003556478,0,0,0,0,8.18E-09,0,0.000709104,0,7.96E-07,0,0,174.7404471,0.02065554,0.3905918,0,3.015456077,0.000245883,2.67E-08,66.56310778,37.71543589,292.7993666,62.52075529,2.487974356,16.86100153,6.164272425,0.410798556
1956,0.00022076,2.13E-05,0,0,0,0,0,0,3.734211268,0.097008491,0.003079638,0.004275991,0.007543032,0,0.033546756,0.066950489,0.09930311,0.009156166,0.08932915,6.64E-06,0,0,0,0,0,0.004532266,0,0,0,0,8.21E-09,0,0.000820444,0,8.00E-07,0,0,180.6711175,0.02149395,0.423528,0,3.067135646,0.000245959,2.68E-08,71.68185894,41.15716111,325.2788703,69.80119382,2.746630733,17.467791,7.27681461,0.447935158
1957,0.000185876,1.86E-05,0,0,0,0,0,0,3.859051703,0.10211597,0.002857125,0.004961202,0.007376531,0,0.032871446,0.072204141,0.11019991,0.011488509,0.09479281,4.34E-06,0,0,0,0,0,0.005987511,0,0,0,0,8.25E-09,0,0.000929774,0,8.03E-07,0,0,186.0555677,0.02233065,0.4574575,0,3.122198444,0.000246036,2.69E-08,75.18635815,43.76694323,347.4222543,75.56969434,2.986751817,18.18169262,8.378681299,0.466233893
1958,0.000179285,1.80E-05,0,0,0,0,0,1.89E-07,3.992365845,0.107206,0.002995459,0.00563305,0.006908731,0,0.034746284,0.080925329,0.12169955,0.014781202,0.10044317,2.61E-06,1.53E-08,1.55E-07,0,0,0,0.007120204,0,0,0,0,8.29E-09,0,0.001037131,0,8.08E-07,0,0,188.3855399,0.02333489,0.4956516,0,3.183609665,0.000246113,9.97E-08,76.12137356,43.24409268,312.7581271,69.18675739,2.962717287,18.34102417,6.798982255,0.494887654
1959,0.00018081,1.76E-05,0,0,0,0,0,2.92E-05,4.073946247,0.11229185,0.003247672,0.006388023,0.006876046,0,0.043506257,0.093983467,0.13368054,0.018063698,0.10624665,8.68E-07,1.22E-07,1.25E-06,0,0,0,0.008025381,0,0,0,0,8.33E-09,0,0.001142469,0,8.12E-07,0,0,192.6867573,0.02438814,0.5329811,0,3.249731957,0.000307559,3.05E-06,80.07017748,44.7949414,316.9093634,71.18867122,3.088991594,18.85687823,6.689282305,0.527030033
1960,0.000172595,1.60E-05,0,0,0,0,0,0.000113732,4.18647765,0.1172597,0.00332094,0.007320172,0.007239263,0,0.056281481,0.1075417,0.14617424,0.021750437,0.11217854,-8.68E-07,2.31E-07,2.38E-06,0,0,0,0.009588573,0,0,0,0,8.37E-09,0,0.001245811,0,8.17E-07,0,0,197.2611005,0.02544548,0.5712975,0,3.323324478,0.000430402,7.61E-06,83.36755577,46.84031151,320.0383042,73.31498869,3.190442329,19.20025669,6.620994992,0.534066923
1961,0.000168611,1.48E-05,0,0,0,0,0,0.000220684,4.279693641,0.12158986,0.003430435,0.008428785,0.007451474,1.86E-06,0.070618557,0.12380387,0.15916264,0.027278298,0.11821927,-2.61E-06,2.49E-07,3.55E-06,0,0,0,0.011884386,0,0,0,0,8.37E-09,0,0.001346892,0,8.17E-07,0,0,205.1383413,0.02617379,0.5882763,0,3.544731444,0.000553285,1.03E-05,94.15075908,48.81437288,352.4779865,83.54343726,3.182417019,19.96204841,7.925904996,0.586885178
1962,0.000171121,1.39E-05,0,0,0,0,0,0.00031886,4.38546271,0.12571015,0.003624982,0.009612768,0.007580528,4.52E-05,0.086214551,0.14489716,0.17248379,0.032049021,0.12437028,-4.34E-06,2.53E-07,4.92E-06,0,0,0,0.014500089,0,0,0,0,8.41E-09,0,0.001446095,0,8.21E-07,0,0,207.2122992,0.02731337,0.6199037,0,3.678114757,0.000614839,1.26E-05,96.1530655,50.76518659,330.3218646,80.08406579,3.170600353,20.46365421,7.102426491,0.644869386
1963,0.00018314,1.38E-05,0,3.03E-07,2.96E-07,7.47E-07,7.67E-07,0.000408444,4.559595808,0.12888013,0.003988137,0.010949721,0.007911085,0.000247207,0.10183231,0.16767883,0.1860741,0.03752532,0.13065754,-7.87E-06,3.52E-07,5.97E-06,0,0,0,0.017280228,0,0,0,0,8.39E-09,0,0.001542926,0,8.19E-07,0,0,216.1922656,0.02790353,0.6284905,0,3.803085057,0.000553663,1.59E-05,99.23842265,54.66698875,392.7922428,96.10912777,3.340104987,21.81695752,9.161542787,0.689335753
1964,0.000201307,1.43E-05,0,3.62E-06,2.81E-06,6.49E-06,7.02E-06,0.000489432,4.707915551,0.12976929,0.004432626,0.012657214,0.008477895,0.000468489,0.11630072,0.1898766,0.19992881,0.049914046,0.13707736,-7.60E-07,1.03E-06,3.36E-05,0,0,0,0.020771971,0,0,0,0,8.44E-09,0,0.001637978,0,8.24E-07,0,0,216.556163,0.02898934,0.6573421,0,3.945037241,0.000492459,2.00E-05,103.0586424,57.06400136,340.5841012,86.43294934,3.16213871,21.67972624,6.929955838,0.737212923
1965,0.000225042,1.53E-05,0,9.73E-06,6.34E-06,1.32E-05,1.50E-05,0.000561826,4.887384149,0.12969213,0.004908919,0.014528257,0.009035832,0.000580107,0.13083984,0.2133919,0.21396363,0.070507935,0.14362,1.59E-05,2.14E-06,0.000113246,0,0,0,0.0250603,0,0,0,0,8.46E-09,0,0.001730846,0,8.27E-07,0,0,222.6664157,0.03011031,0.6773147,0,4.114447423,0.000492608,2.52E-05,105.5191321,59.79802614,360.7849375,93.38356497,3.172239497,23.04446359,7.202304784,0.790569424
1966,0.000267217,1.75E-05,5.78E-08,1.61E-05,8.72E-06,1.59E-05,1.95E-05,0.000625623,5.049278099,0.12970542,0.005624807,0.016547774,0.009500895,0.000771914,0.14799606,0.24015802,0.228061,0.094258765,0.15029308,6.98E-05,3.10E-06,0.000202757,0,0,0,0.030477075,0,0,0,0,8.51E-09,0,0.001821797,0,8.32E-07,0,0,226.3106958,0.03137981,0.7007025,0,4.310413894,0.0006155,3.17E-05,107.9264065,62.31000395,362.4141077,96.47315469,3.187404041,24.62537746,6.986628995,0.870801105
1967,0.00032053,2.02E-05,4.62E-07,2.30E-05,1.08E-05,1.82E-05,2.32E-05,0.000680822,5.217483497,0.12968847,0.006354757,0.018918172,0.009920812,0.0010373,0.16942177,0.26958286,0.2421713,0.11632544,0.15712005,0.000244041,3.75E-06,0.00026151,0,0,0,0.036036945,1.25E-08,0,6.90E-08,0,8.54E-09,0,0.001910595,0,8.37E-07,0,0,232.3331465,0.0325799,0.7196735,1.97E-07,4.480963173,0.000738449,3.96E-05,106.9151448,66.73907185,397.6824621,104.75349,3.292688094,26.24008596,8.13762539,1.007769917
1968,0.00040423,2.44E-05,9.23E-07,3.05E-05,1.31E-05,2.06E-05,2.63E-05,0.000727399,5.377107434,0.12973308,0.007332441,0.021713594,0.010295172,0.001367382,0.19513757,0.29971437,0.25623381,0.13308156,0.16410365,0.00044306,5.54E-06,0.000290374,0,0,9.24E-06,0.040359034,8.80E-08,0,4.86E-07,0,8.63E-09,3.66E-10,0.001997694,0,8.46E-07,0,0,235.3354027,0.03415606,0.7538218,1.42E-06,4.617460415,0.000677315,4.94E-05,111.1195492,70.72843142,391.9550595,105.0738825,3.272602337,27.45388275,7.378128768,1.138447493
1969,0.000520641,3.01E-05,5.61E-06,3.79E-05,1.55E-05,2.27E-05,2.90E-05,0.000765383,5.600609454,0.12976058,0.008483172,0.024938178,0.010638634,0.00171209,0.22072612,0.32755328,0.27021306,0.14661896,0.17125354,0.000556136,3.65E-05,0.000308625,0,0,0.000183221,0.044144508,9.37E-08,0,5.04E-07,0,9.82E-06,6.58E-07,0.002081737,0,8.45E-07,1.13E-06,0,239.1848516,0.03497094,0.7505355,1.57E-06,4.731755277,0.000677516,6.06E-05,114.3134304,72.87738388,398.5023728,109.6597451,3.306320857,28.03412242,6.652821365,1.203979586
1970,0.000658169,3.62E-05,2.18E-05,4.44E-05,1.76E-05,2.47E-05,3.19E-05,0.000794767,5.85056764,0.12969302,0.00953188,0.028576904,0.01100827,0.001890966,0.24538621,0.35460102,0.28407162,0.17356366,0.17862483,0.000643732,0.000118134,0.000347897,0,0,0.000607958,0.049037394,2.47E-08,0,1.09E-07,0,3.63E-05,2.40E-06,0.002164499,0,8.52E-07,4.23E-06,0,244.4183955,0.03643984,0.7725683,-2.75E-09,4.713333611,0.000800471,7.30E-05,120.4278296,78.65499551,432.5101935,119.6641284,3.451938042,30.54188844,7.332556176,1.260215286
1971,0.000829921,4.41E-05,4.34E-05,5.01E-05,2.00E-05,2.65E-05,3.47E-05,0.000815521,5.910873383,0.12960227,0.010711494,0.032729139,0.011452529,0.002140212,0.27644309,0.38753989,0.29777007,0.21772405,0.18622427,0.000787862,0.000223213,0.000406863,0,0,0.000856458,0.055790888,1.33E-08,0,4.26E-08,0,6.46E-05,4.20E-06,0.002245117,0,8.59E-07,7.74E-06,0,249.2895331,0.03803187,0.7917577,-7.49E-07,4.662674557,0.000862103,8.60E-05,120.8012787,81.26025202,447.6755838,123.5137317,3.605978237,31.20573506,7.747447865,1.338158538
1972,0.001055903,5.55E-05,6.17E-05,5.54E-05,2.24E-05,2.82E-05,3.68E-05,0.000827659,6.028407773,0.12965777,0.01224311,0.037465523,0.01197792,0.002551763,0.31422879,0.42768026,0.31127302,0.26760333,0.19404407,0.001095187,0.000318824,0.000472147,0,0,0.000876677,0.061456633,1.35E-08,0,4.30E-08,0,8.26E-05,5.30E-06,0.00232333,0,8.64E-07,1.04E-05,0,257.2102054,0.03943399,0.8034475,-8.19E-07,4.929846069,0.000862373,9.95E-05,124.2924494,86.57783459,519.946212,136.6436985,3.873382619,32.63677288,10.07976639,1.403298188
1973,0.001330787,7.35E-05,7.73E-05,6.02E-05,2.45E-05,2.98E-05,3.80E-05,0.000831178,6.288796778,0.12979157,0.014085332,0.042979262,0.012585161,0.00292937,0.3380693,0.45471123,0.32454287,0.30185553,0.20213167,0.001593067,0.000397263,0.000543906,0,0,0.000822407,0.065420113,1.38E-08,0,5.50E-08,2.10E-08,9.02E-05,5.68E-06,0.002400649,0,8.77E-07,1.20E-05,0,260.294725,0.04145385,0.8425746,-5.11E-07,5.049908264,0.000924011,0.000113931,129.9887781,89.87513554,477.5019544,126.5041057,3.79806082,33.02945262,8.00797996,1.467016636
1974,0.001419169,8.46E-05,9.03E-05,6.45E-05,2.68E-05,3.18E-05,3.87E-05,0.000826092,6.233503612,0.12976026,0.014311146,0.049247959,0.013447442,0.003518402,0.3406055,0.45322872,0.33754023,0.32735544,0.21051337,0.002180655,0.000672411,0.000658096,0,0,0.000761191,0.071666995,1.40E-08,0,5.24E-05,1.77E-07,8.71E-05,5.35E-06,0.002474116,0,8.78E-07,1.24E-05,0,261.8082771,0.04271891,0.8380759,1.59E-06,5.033504233,0.001039472,0.000129361,128.099555,89.34076578,476.0940434,123.5786989,3.873873183,33.76442655,8.151956475,1.40566512
1975,0.001400408,9.21E-05,0.000100758,6.84E-05,2.89E-05,3.42E-05,3.89E-05,0.000812381,6.226638498,0.12965616,0.014321042,0.057565811,0.014538442,0.004217687,0.33771465,0.44016522,0.35022776,0.38499818,0.21919081,0.002801836,0.001268271,0.000828744,0,0,0.000803047,0.079153904,1.42E-08,0,0.000192137,4.00E-07,7.29E-05,4.29E-06,0.002545125,0,8.78E-07,1.15E-05,0,263.0585486,0.04382889,0.8286849,2.93E-05,5.205866547,0.001164646,0.000145868,125.7255429,88.3191544,468.3921271,117.4912411,3.900660619,34.54903581,7.681985644,1.457291851
1976,0.001555477,0.000109972,0.000108671,7.18E-05,3.09E-05,3.60E-05,3.86E-05,0.000790027,6.509441845,0.12963321,0.016011714,0.05724638,0.015386466,0.004743647,0.32927602,0.42610768,0.362568,0.47543135,0.22817511,0.003410706,0.001843557,0.000987128,0,0,0.000823946,0.092664426,1.44E-08,0,0.000337596,5.64E-07,4.74E-05,2.52E-06,0.002614347,0,8.80E-07,9.16E-06,0,269.9482097,0.04514385,0.8284703,5.86E-05,5.351389026,0.001423542,0.000163482,131.6575684,93.31255579,507.5361328,126.2256011,4.139725776,35.59366688,8.95804977,1.451952911
1977,0.001692355,0.000128472,0.000114027,7.47E-05,3.27E-05,3.73E-05,3.77E-05,0.000824697,6.710934166,0.12963647,0.016762577,0.055875241,0.01571703,0.005178255,0.30611158,0.4042283,0.3745235,0.5330325,0.23747898,0.003882609,0.002142088,0.001085298,0,0,0.000932699,0.10906413,2.14E-09,0,0.000424563,7.19E-07,2.22E-05,7.91E-07,0.003532393,0,8.87E-07,-6.51E-06,0,274.0301524,0.04695491,0.8419069,5.75E-05,5.498464392,0.002158347,0.000970036,132.9031893,95.85040725,519.9039509,129.203706,4.255408013,36.34716678,8.939576123,1.548177593
1978,0.001769177,0.000152504,0.000116824,7.72E-05,3.41E-05,3.94E-05,3.67E-05,0.000890052,6.875375323,0.13048849,0.016898235,0.072245349,0.015529417,0.005521417,0.27845958,0.3839896,0.38605486,0.52979652,0.24711497,0.004270121,0.002159924,0.001120916,0,0,0.001277913,0.11278031,-6.25E-08,0,0.000452496,8.75E-07,-5.99E-05,1.36E-07,0.004661461,0,8.95E-07,-2.14E-05,0,276.3333545,0.04882958,0.8563152,4.57E-05,5.624098658,0.00282869,0.001617406,133.3941255,99.82442083,548.8777896,132.9129693,4.481274062,37.31320198,9.572076045,1.601151935
1979,0.00192034,0.00018744,0.000138874,9.97E-05,4.63E-05,5.55E-05,3.73E-05,0.000921728,6.977235426,0.12837989,0.017898313,0.094634628,0.014991238,0.006102064,0.27113342,0.39480033,0.39712665,0.51850501,0.25710923,0.00465137,0.002057942,0.001132809,0,0,0.001759566,0.11322088,-2.04E-09,0,0.000420171,1.03E-06,-0.000177668,1.36E-07,0.005093788,0,9.00E-07,-9.98E-06,0,281.6000656,0.05050131,0.8629061,3.09E-05,5.806026493,0.002829618,0.001312443,135.5843523,102.27075,551.9390639,135.9950766,4.579460894,38.20709099,9.764811716,1.670116457
1980,0.001963323,0.000207926,0.000160182,0.00013331,7.46E-05,7.87E-05,3.17E-05,0.0009657,6.889342642,0.12508456,0.017664267,0.12023426,0.014760861,0.00723626,0.27609356,0.39843779,0.40770132,0.51302719,0.2674569,0.005112991,0.002154566,0.00115621,0,0,0.002033045,0.11829604,7.94E-08,0,0.000356055,1.18E-06,-0.000124853,1.36E-07,0.005173271,0,9.02E-07,3.13E-06,8.17E-08,283.3464702,0.05195423,0.8561535,1.87E-05,5.871891775,0.002830482,0.000997901,134.9133628,101.4509677,541.9841364,134.3694158,4.520616369,39.05083696,9.784877511,1.677319799
1981,0.001739127,0.000193895,0.000170215,0.000145444,9.73E-05,8.75E-05,1.27E-05,0.001041235,6.786494118,0.12652811,0.016187192,0.12845086,0.013920115,0.008637245,0.27100597,0.40307178,0.41773945,0.51686109,0.27811999,0.006009021,0.002486389,0.001174281,0,0,0.00196562,0.12237567,1.71E-08,0,0.000326013,1.33E-06,0.000117794,1.36E-07,0.004427436,0,9.03E-07,3.83E-05,6.97E-07,279.7894207,0.05342733,0.8477194,1.09E-05,5.804352444,0.002954112,0.000934675,130.7298526,99.31933061,527.2542507,129.1467876,4.480011474,39.44667553,9.425627824,1.627600564
1982,0.001620552,0.000183259,0.00019025,0.000157581,0.000108602,0.000100308,1.88E-05,0.001141687,6.72978683,0.12938621,0.01597381,0.12857689,0.013885459,0.009274832,0.27772577,0.39179861,0.4272037,0.53293449,0.28907972,0.006469345,0.003013129,0.001352411,0,0,0.001657336,0.12526367,-8.23E-08,0,0.000330839,1.47E-06,0.000222169,1.34E-07,0.003557587,0,8.94E-07,6.67E-05,1.58E-06,287.6693154,0.05409292,0.8076279,5.92E-06,6.041964538,0.002955043,0.001129656,128.4204046,99.45292952,618.9019395,146.8626386,4.817487822,40.73920058,12.82453757,1.631319373
1983,0.001845685,0.000199873,0.000210289,0.000169721,0.000136272,0.000131991,3.19E-05,0.001251028,6.910327763,0.13075989,0.016384525,0.15074703,0.015564841,0.009057039,0.35329433,0.38570972,0.43605662,0.54719948,0.30029699,0.006003406,0.003819814,0.001378774,0,0,0.001337878,0.1294055,-2.71E-08,0,0.000335595,1.65E-05,9.75E-05,1.32E-07,0.003804037,0,8.87E-07,2.41E-05,2.02E-06,281.6176584,0.05500336,0.7716035,2.32E-06,6.064731752,0.003201437,0.001329314,126.463686,96.59219071,513.4941356,123.8139961,4.527631458,40.71771201,9.01184528,1.640972796
1984,0.001954181,0.000199981,0.000220331,0.000181864,0.000172745,0.00017327,6.48E-05,0.001367681,7.074334665,0.1349934,0.014927399,0.16786607,0.017177696,0.010537606,0.35261795,0.43830954,0.44426268,0.5466524,0.31172869,0.006341234,0.004798726,0.001132951,0,0,0.001239171,0.13714097,8.66E-08,0,0.000483563,0.000152491,2.74E-05,1.33E-07,0.004880539,0,8.93E-07,-4.01E-05,4.31E-06,285.0030452,0.05706303,0.7784507,8.99E-08,5.995286258,0.003570683,0.001360177,127.9762922,100.0072798,541.1746519,129.3116995,4.7172482,41.76580344,9.878608211,1.733349688
1985,0.001930951,0.000182473,0.000220375,0.000181908,0.000235303,0.000212008,0.000106874,0.001512492,7.172661564,0.13844665,0.013863624,0.19120489,0.018042992,0.012093107,0.32180334,0.48746531,0.45178233,0.55924581,0.32341386,0.007686271,0.005535965,0.001186492,0,0,0.001429027,0.14848134,2.16E-07,0,0.000563207,0.000399263,8.58E-05,1.33E-07,0.005255393,0,9.02E-07,-6.22E-06,1.30E-05,285.6752697,0.05934911,0.7970415,-3.40E-07,5.995464501,0.003694566,0.001130351,128.3041567,101.769925,558.4094612,130.4350594,4.824991233,42.48794604,10.38477183,1.774238349
1986,0.002044789,0.000183921,0.000230419,0.000194054,0.000298259,0.000244972,0.000147449,0.001583558,7.308357639,0.13466824,0.014595216,0.22648099,0.017343175,0.011156209,0.36319165,0.56119711,0.45857645,0.60554478,0.33573155,0.008619927,0.005662639,0.001453026,0,0,0.002148062,0.16326271,2.16E-07,6.84E-07,0.000572739,0.000674323,4.43E-05,1.34E-07,0.005689695,0,9.08E-07,3.18E-05,2.81E-05,290.8084488,0.06144732,0.804199,3.24E-06,6.122081171,0.003941196,0.000893309,128.3145093,103.0345511,565.9944505,135.6433972,4.915932907,43.28398865,10.4644487,1.869967488
1987,0.002186818,0.000210094,0.000230465,0.000218304,0.000355551,0.000261358,0.000184354,0.001413176,7.451534595,0.14005915,0.015122737,0.23471551,0.015986362,0.011176584,0.37717492,0.54359326,0.46460688,0.63685035,0.34559507,0.009169243,0.005241269,0.001736487,0,1.16E-06,0.003263125,0.17725124,5.82E-08,4.88E-06,0.000796169,0.001000528,-9.97E-05,1.34E-07,0.006538606,0,9.14E-07,8.32E-06,4.48E-05,295.0485147,0.06362008,0.8121202,2.81E-05,6.349074632,0.00431067,0.000649177,130.7942857,106.9485421,603.5337904,143.5633438,5.102368399,44.40332357,11.80419902,1.946306673
1988,0.002238409,0.000222841,0.000220511,0.000218357,0.000398275,0.000261445,0.000202821,0.00112614,7.642089164,0.13489421,0.015295333,0.22534631,0.014052169,0.012063592,0.32440759,0.43301446,0.47014816,0.64554402,0.34769976,0.010094657,0.004703097,0.001770198,0,0.000349248,0.005266119,0.1853279,2.11E-05,6.85E-05,0.000881923,0.001400486,-7.37E-05,1.35E-07,0.006627814,0,9.28E-07,3.47E-05,6.06E-05,298.6854951,0.06645748,0.8440248,7.04E-05,6.187185411,0.004680261,0.000485217,131.925301,111.4143484,601.8878287,143.5104014,5.298864305,44.79908733,11.73739798,2.026962412
1989,0.002207554,0.00021766,0.000230555,0.00021841,0.000441012,0.000294141,0.000221294,0.000925477,7.736803703,0.10550252,0.015212081,0.21283728,0.010119863,0.011292045,0.24646809,0.3577641,0.47568414,0.71352261,0.33768835,0.010904862,0.00438641,0.001670249,0,0.000721362,0.010730464,0.18956819,0.00031477,0.000673047,0.000826296,0.001864912,5.44E-05,1.36E-07,0.006657218,0,6.07E-06,7.70E-05,7.61E-05,302.1641744,0.0691359,0.8636423,8.97E-05,6.263391278,0.005049966,0.000490256,131.9761195,112.532619,582.3194167,140.294679,5.222462912,45.13634687,10.88373862,2.101762239
1990,0.002107697,0.000222746,0.000230601,0.000230565,0.00051217,0.000326847,0.000258178,0.000754234,7.625553958,0.086426532,0.014407865,0.1768456,0.007090509,0.010591201,0.20825652,0.33397703,0.48124423,0.65840311,0.31646559,0.010051338,0.004274153,0.001737326,0,0.001520326,0.017768055,0.19230881,0.000960535,0.00172087,0.000697294,0.002382589,0.00018589,1.36E-07,0.006683843,0,2.70E-05,1.83E-05,9.18E-05,305.2725547,0.07128,0.8615031,9.08E-05,6.276011553,0.005174311,0.000668908,131.5390794,112.9233668,592.0352726,142.9994048,5.410500776,45.59401059,11.91770021,2.117046042
1991,0.001982897,0.000240077,0.000230647,0.000242723,0.000569148,0.000294347,0.000295075,0.000565069,7.8204742,0.085142226,0.012924815,0.12064491,0.006954223,0.010775591,0.15981289,0.28627307,0.4865262,0.47447964,0.30286609,0.009658053,0.004158575,0.001673546,0,0.006939422,0.02206288,0.18552075,0.001727734,0.002725131,0.000706136,0.002937818,0.000248194,1.55E-05,0.007057257,0,5.81E-05,-7.30E-05,0.000107154,318.7311921,0.0722173,0.8141874,9.76E-05,6.343792542,0.00529866,0.000851684,130.2975027,117.6376357,781.4565245,184.4068079,5.913765514,47.33361883,18.94727018,2.043061872
1992,0.001950044,0.000280556,0.000230693,0.00023068,0.00061194,0.000294445,0.000313579,0.00044081,7.822451349,0.085437279,0.011907588,0.074361852,0.005308998,0.010120439,0.10691739,0.22743518,0.49125831,0.36104368,0.30111154,0.010784362,0.003812739,0.001463111,0,0.02226499,0.024233416,0.194061,0.002476748,0.004025012,0.001001864,0.004491123,0.000181942,1.55E-05,0.007910262,0,8.88E-05,-3.08E-05,0.000122736,299.4017955,0.07425637,0.7803906,0.000107862,6.35732093,0.005423064,0.000952703,125.8077283,114.4341401,564.8480598,138.2166468,5.267118238,45.4499009,11.20130874,2.067096925
1993,0.00199848,0.000350109,0.000230739,0.000230736,0.00066895,0.000310847,0.000332088,0.000405681,7.733677514,0.084458339,0.011381334,0.050567396,0.003463778,0.008677165,0.0843251,0.2319618,0.49517262,0.25633383,0.29836763,0.011612337,0.003318044,0.001251451,0,0.03433223,0.022551362,0.20833854,0.003095,0.011967198,0.001516636,0.006496799,0.000157163,3.09E-05,0.008353484,0,0.000118809,4.28E-05,0.000138254,299.4425141,0.07467656,0.8027235,0.000121815,6.309605181,0.005424762,0.001230068,123.7541817,117.8059212,593.3542765,143.7539569,5.433352091,45.85506217,12.66732811,2.090475761
1994,0.002143056,0.000450005,0.000240786,0.000254996,0.000768587,0.000294646,0.000332199,0.000421824,7.73733666,0.08605046,0.011006658,0.037565451,0.004609578,0.008163643,0.085893495,0.23858315,0.49799162,0.15908791,0.28331201,0.011303115,0.002960463,0.001196206,0,0.045287421,0.024423112,0.23788968,0.003551552,0.024558229,0.002325316,0.007162855,0.000203905,6.17E-05,0.008737968,0,0.000148084,8.30E-06,0.000153585,310.2518368,0.07295185,0.7275388,0.000139087,6.440656344,0.005549183,0.00142747,121.0083668,119.5390029,711.7553856,171.0285281,5.797961979,47.28273297,17.69568249,2.184312738
1995,0.002388071,0.000566504,0.000240834,0.000242956,0.000839851,0.000294744,0.000332309,0.0004671,7.856919526,0.080480245,0.010682998,0.023473127,0.005707624,0.007674758,0.086264975,0.21072453,0.49948234,0.095783763,0.25063967,0.011011358,0.00289233,0.00108426,0,0.051095458,0.02759918,0.2303453,0.003877122,0.036211193,0.003439531,0.007887955,0.000296148,6.20E-05,0.009315257,0,0.0001778,8.46E-06,0.000169821,305.4095889,0.07504378,0.7406499,0.000159288,6.502894168,0.005673663,0.001196217,118.64207,120.1270653,606.5089474,146.4524222,5.715418746,46.48902779,14.26773939,2.238232367
1996,0.002663841,0.000679939,0.000240882,0.000218812,0.00088273,0.000278537,0.000350825,0.00051777,7.974927491,0.075256035,0.010505743,0.013005309,0.004652223,0.005524219,0.085278741,0.17078176,0.48893856,0.059514335,0.22136994,0.010510994,0.002865423,0.000847557,0,0.053568363,0.02600128,0.22486947,0.004057915,0.048538296,0.004501452,0.010100268,0.000390443,7.76E-05,0.009770705,0,0.000205479,0.000113536,0.000238411,307.2912075,0.07835627,1.0219634,0.000183079,6.541031203,0.005552701,0.001131186,116.674158,120.126357,581.4945219,140.8505946,5.588568795,46.4935872,13.26652338,2.326471427
1997,0.002872844,0.000778145,0.00025093,0.000218865,0.000925624,0.000262325,0.000369347,0.000555865,8.750595706,0.075489912,0.010417958,0.010398164,0.003769106,0.003455939,0.086341446,0.16063531,0.48049222,0.029550907,0.21107745,0.009824277,0.002856685,0.000768263,0,0.055763481,0.029370536,0.2405221,0.004626633,0.058758537,0.005571702,0.011574972,0.000427562,9.32E-05,0.009795226,4.96E-08,0.000258206,0.000111343,0.000315013,331.2889198,0.07506127,1.0131802,0.000210278,6.73923112,0.005783426,0.001235937,117.1099997,124.865875,856.4649466,204.6533241,6.172017987,49.1903418,22.89371417,2.406527094
1998,0.002989907,0.000857722,0.00024098,0.000206816,0.000925922,0.000278717,0.000351064,0.000585821,8.124934374,0.072916263,0.010335348,0.012992477,0.003961535,0.002931836,0.086348141,0.15667666,0.47494584,0.023412636,0.19017072,0.010323837,0.002701239,0.000769439,0,0.055956781,0.028471196,0.23446613,0.006904947,0.070049792,0.00689174,0.015498744,0.000540297,0.000108976,0.01002529,3.58E-07,0.000605123,6.92E-05,0.000386655,315.3326212,0.07102047,0.8997906,0.000232257,6.445350012,0.005603111,0.001084676,114.5861186,126.3161069,736.9032404,172.296192,6.314456121,49.66165423,22.36461016,2.4609519
1999,0.002960751,0.000919538,0.000241028,0.000206867,0.000912016,0.000278809,0.000332775,0.000613651,7.958127752,0.07296355,0.010216505,0.014054175,0.003974985,0.003153884,0.082703538,0.14042544,0.45797706,0.018420173,0.16874154,0.010262658,0.002150986,0.000770631,0,0.058338707,0.025741051,0.25231636,0.008684845,0.091978363,0.00794865,0.018334419,0.000742421,0.000124802,0.01007373,3.11E-06,0.001069901,0.000139549,0.000494352,309.4083709,0.06328888,0.8366815,0.000257786,6.28000935,0.005167646,0.001189015,108.4340705,121.7588181,592.1733192,145.0900519,5.60039137,47.84168221,15.00150318,2.535031767
2000,0.002815394,0.000958217,0.000251076,0.000194815,0.00082709,0.000246293,0.00031448,0.000649289,8.087765547,0.072651408,0.009923146,0.009404388,0.003986714,0.002347652,0.076330076,0.12276605,0.48564825,0.019471227,0.15659675,0.009480135,0.001969441,0.000771519,0,0.056341686,0.025730152,0.26360627,0.010640667,0.099657424,0.008598756,0.021400526,0.0008632,0.000140709,0.009297839,3.40E-05,0.001411492,0.000269996,0.000574233,310.1868098,0.06017103,0.7985247,0.000325837,6.111119055,0.005273533,0.0014697,108.7085558,122.7981248,538.0373715,135.302332,5.359576476,47.58190642,12.53431025,2.629044724
2001,0.003048068,0.001043081,0.000221125,0.000146456,0.000713731,0.000246374,0.000277774,0.000709344,7.912295445,0.070656969,0.010593275,0.005959047,0.003277136,0.001160055,0.068271466,0.11164066,0.53041719,0.019806901,0.14672439,0.008833794,0.002324826,0.000746086,0,0.056368781,0.024490463,0.26160586,0.011075295,0.096243251,0.009852125,0.027184793,0.000942756,0.000156671,0.008984,0.000806199,0.001654031,0.000610731,0.000638673,312.8963787,0.06051127,0.8184809,0.000442506,6.186884653,0.00532821,0.001583142,109.4836764,123.1711003,533.1430368,136.1659566,5.493988013,47.7822063,12.43033029,2.55863915
2002,0.003453437,0.001132349,0.000191168,0.00013439,0.000642944,0.000246456,0.00022265,0.000804732,8.161798308,0.070456674,0.011982167,0.00315136,0.002420559,0.000950115,0.063484809,0.10190454,0.53135299,0.012302716,0.14874982,0.008368591,0.002279758,0.000676601,0,0.050843174,0.025156097,0.27032175,0.012214474,0.10273275,0.011617585,0.029655611,0.001210781,0.000157338,0.0097209,0.002917065,0.002803782,0.001313749,0.000733271,322.2788312,0.05605282,0.8208483,0.000563429,6.358400543,0.005497648,0.001818734,108.7615149,124.8843584,622.1970584,158.4385879,5.948703431,50.14896945,18.36057514,2.591315532
2003,0.00316329,0.00111668,0.000171205,0.000122321,0.000572135,0.000230233,0.000204318,0.000936388,8.318797919,0.069839024,0.012579882,0.005769302,0.001733634,0.00074506,0.062277955,0.097844828,0.54549639,0.010122917,0.1580398,0.008083115,0.002026277,0.000601956,0,0.044441172,0.025070909,0.28730923,0.015640539,0.11740605,0.013114832,0.034656619,0.001560512,0.00015807,0.011005369,0.005226518,0.00478569,0.002235639,0.00085366,328.1242242,0.05384055,0.8380089,0.00057453,6.427137106,0.005541719,0.002000749,112.6638297,127.4574339,596.2197198,154.3815652,6.143926843,50.76268479,18.9145132,2.580430256
2004,0.002202953,0.000925504,0.000151238,9.81E-05,0.000487099,0.000230309,0.000167575,0.001059951,8.843487911,0.066998563,0.012194883,0.009216749,0.001472997,0.000756677,0.060966802,0.087654103,0.5692844,0.009746999,0.14540379,0.007526765,0.002119266,0.000552946,0,0.049135801,0.028554887,0.30757676,0.015758879,0.12565071,0.013097501,0.042288118,0.002051046,0.000219984,0.012712613,0.006651213,0.005487304,0.003118653,0.000974109,338.9417722,0.05112882,0.8656998,0.000567865,6.589272378,0.005648009,0.001943219,118.0536776,133.6149893,597.0195913,156.6654572,6.444694752,51.18589468,16.88266226,2.750819839
2005,0.00194805,0.000680539,0.000131267,8.61E-05,0.000416239,0.000230385,0.000130819,0.001111007,9.111555517,0.063195607,0.011060838,0.004629703,0.001813966,0.000580706,0.060331179,0.071956593,0.59462905,0.00754052,0.13424871,0.006943328,0.001894783,0.000469717,0,0.053955471,0.033447493,0.32952471,0.016143675,0.12649199,0.012434284,0.045001634,0.002365528,0.000212764,0.014626529,0.007079197,0.006360692,0.003418058,0.001084593,346.3955546,0.04903518,0.934237,0.000664876,6.692363078,0.006279914,0.001740409,122.5406273,137.1147828,602.0650857,158.7662386,6.74235763,51.95572038,17.27632256,2.860521969
2006,0.002045423,0.000624962,0.000111292,8.61E-05,0.000359559,0.000246765,0.000130862,0.001110342,9.442908147,0.060048081,0.01021735,0.000645064,0.001751031,0.000587106,0.063037203,0.065575271,0.66034123,0.009319049,0.14071285,0.006311845,0.001590236,0.000435796,0,0.051911598,0.036489809,0.34630497,0.019891066,0.13341048,0.014118518,0.051038048,0.002353159,0.000182183,0.012639849,0.006875404,0.008386248,0.002559234,0.001185252,356.4696896,0.04732698,0.9965297,0.000725769,6.874357467,0.006940918,0.001453144,123.4562358,140.4543808,637.6236501,169.8736133,6.827877394,53.45205244,18.90747845,2.894559219
2007,0.001766616,0.000546769,0.000101314,8.61E-05,0.000288658,0.000230543,9.41E-05,0.001131696,9.639327281,0.057257154,0.009327242,0.00450892,0.001554549,0.000782801,0.064737513,0.061623755,0.695097,0.00969813,0.1319833,0.005770744,0.001702155,0.000591629,0,0.049953532,0.037109679,0.35726506,0.026595246,0.12725708,0.016399738,0.055735756,0.002415405,0.00023422,0.009326289,0.0066981,0.008402974,0.0027884,0.001264938,355.0225755,0.04220122,0.9749374,0.000846475,6.594942662,0.006975407,0.001468993,122.6475255,145.3540631,597.3422357,159.6840444,7.186723337,54.038136,17.82962985,2.962073123
2008,0.001746034,0.000569312,9.13E-05,6.19E-05,0.000274546,0.000230619,7.57E-05,0.001186842,9.393649752,0.056837697,0.009035343,0.008339534,0.001916448,0.000456968,0.063060877,0.057108479,0.74880839,0.006337645,0.13820008,0.005573751,0.001617133,0.000638405,0,0.054881457,0.033091627,0.36272449,0.030815622,0.13828669,0.017544095,0.055545108,0.00261966,0.000212223,0.008812341,0.007076053,0.010669375,0.0027884,0.001316486,360.4917105,0.03938508,0.9159406,0.00114656,6.637070012,0.006883534,0.001811918,119.9206025,145.039454,563.9831255,154.6736688,6.994080158,54.38875165,16.17134336,2.926145032
2009,0.001799551,0.000643299,9.14E-05,4.98E-05,0.00026043,0.000230695,7.57E-05,0.00124503,9.33207666,0.055355253,0.009685487,0.0057877,0.001675517,0.000383549,0.060065148,0.054788238,0.8083883,0.003769432,0.14885568,0.00525709,0.001727285,0.000477231,0,0.061506343,0.032081369,0.3665558,0.033926872,0.16010848,0.021142804,0.058747812,0.002966673,0.000172706,0.0099336,0.007852249,0.016223306,0.0029974,0.001433501,364.2003634,0.03915481,0.8695209,0.001387468,6.711563051,0.007159861,0.002130075,114.819343,139.9418628,569.2018722,158.7362881,7.011743246,54.45026921,16.32480822,2.77229123
2010,0.001774218,0.000504032,0.00010137,4.99E-05,0.000232106,0.000198162,7.58E-05,0.001272141,9.85244337,0.056090865,0.01048947,0.004407032,0.001464415,0.000658964,0.05886009,0.052271203,0.8022013,0.002461478,0.14504056,0.004897555,0.001851166,0.000396552,0,0.065209531,0.029851794,0.36174691,0.035069515,0.165044,0.020460881,0.059879906,0.003182702,0.000279934,0.011247607,0.008777871,0.015914528,0.0033098,0.001337554,370.8962528,0.03758677,0.904227,0.001509367,6.707156273,0.007275903,0.002223103,113.8773996,142.6851416,604.7012715,164.5802859,7.56735862,55.51678203,19.16286436,2.897315778
2011,0.001846756,0.0004523,0.00010139,4.99E-05,0.00023218,0.000198227,7.58E-05,0.001272702,10.16115317,0.057565927,0.011056837,0.004623794,0.002046829,0.000856017,0.062415615,0.052120722,0.9102105,0.003003616,0.15348274,0.004336177,0.002096153,0.000391059,0,0.067690592,0.028645628,0.36694427,0.043330418,0.19047655,0.022158614,0.059950898,0.003410604,0.000333569,0.012498165,0.009465458,0.020415233,0.0035841,0.001129135,372.6576832,0.03533383,0.9771884,0.00163148,6.647727122,0.007465693,0.002682317,115.0457105,146.5409812,558.2400087,158.6069278,7.38110581,55.47105918,17.07059112,2.974620065
2012,0.001794986,0.000464845,0.00010141,4.99E-05,0.000232253,0.000198293,7.58E-05,0.001272928,10.34871489,0.059464919,0.009660946,0.005452927,0.002052052,0.000716861,0.070235225,0.05335878,1.0383358,0.003009667,0.1817202,0.003837981,0.001732872,0.000415949,0,0.063311547,0.025468261,0.35629002,0.04581505,0.20500564,0.021423,0.056430796,0.003277116,0.000258313,0.012591587,0.009054248,0.0240671,0.0039269,0.00098552,380.8097666,0.03162702,0.9565868,0.001694094,6.741571282,0.007706284,0.002786474,113.229528,145.504776,601.0748596,169.08511,7.607514416,56.92076408,20.37923381,3.015788815
2013,0.001632465,0.000447628,0.00010143,4.99E-05,0.000232326,0.000198358,7.58E-05,0.001273153,10.56924636,0.062512861,0.008302744,0.006516793,0.001940862,0.000613303,0.075740842,0.054819887,1.0776128,0.001838442,0.21496357,0.003574549,0.000962581,0.000444422,0,0.059817791,0.019467118,0.34289828,0.0388888,0.20201825,0.0238069,0.05223651,0.002998601,0.000241043,0.011604213,0.0097859,0.021452891,0.0042254,0.000872252,381.5943928,0.028305,0.9554872,0.0016971,6.846666194,0.007686158,0.002453866,112.208129,143.3023445,552.7113979,159.359353,7.46278298,56.72328656,17.79789768,3.054439039
2014,0.0016517,0.0004515,9.94E-05,4.28E-05,0.0002997,0.0002187,9.15E-05,0.0012672,10.80598447,0.0535475,0.0098735,0.0028024,0.0016696,0.001114899,0.0549365,0.0289612,1.0819373,0.0012625,0.20702911,0.003481,0.0012299,0.0003854,0,0.05982,0.02247,0.3588813,0.0571243,0.2000249,0.0252487,0.0556047,0.0035393,0.000256,0.012991,0.0101025,0.0304858,0.0044701,0.0011516,387.8735392,0.02859137,1.0827533,0.0014093,6.914907695,0.0078784,0.002512,111.5686138,142.9050135,615.5202594,173.5036918,7.646608903,58.10916357,20.69815324,3.069556009
2015,0.00157,0.0004478,9.94E-05,4.35E-05,0.00035,0.0002338,0.0001014,0.0012672,10.67558999,0.0475476,0.0108699,0.0008742,0.0016696,0.0016714,0.0435734,0.0146096,1.0213227,0,0.15872141,0.0032933,0.0013378,0.0003481,0,0.05982,0.02247,0.3588813,0.0787906,0.2019534,0.032381,0.0558814,0.0036633,0.0002604,0.0144857,0.0117285,0.0385792,0.0046492,0.0011516,388.0727957,0.02873527,1.129062,0.0013581,6.936363636,0.00802,0.0025317,98.33111855,142.7852381,585.8225259,167.2229931,7.629652821,58.35201304,19.29835608,3.131967771
2016,0.001677899105251151,0.00041292528396056813,0.000104237,4.56E-05,0.000367046,0.00024518,0.00010634,0.001518077661772725,10.704491345741676,0.04501716,0.011339765251716514,0.00078156,0.001515231,0.001614221,0.04188082,0.01288774,1.06948138,0,0.167844984,0.00307158,0.00129166,0.00033428,0,0.060842879,0.021990156,0.351625206,0.08503684359817293,0.21326186328486343,0.03449136947301018,0.05702975288457497,0.004007895374357316,0.00025511963491880904,0.01430138695674198,0.012362836008866429,0.043224843824654226,0.004868429,0.001165673,389.72917323320945,0.03013469,1.1625163,0.0012485442029478795,7.002378778023065,0.008215136130585353,0.002606718,94.02806608886812,141.54863088948542,553.1214572171824,163.75966272347503,7.533797678706864,59.22882231790597,18.41667531027365,3.267372023051692
2017,0.001482610947981957,0.00039479952099525436,0.000109075,4.77E-05,0.000384092,0.00025656,0.00011128,0.0015525447792001808,10.889584880467066,0.04248672,0.01207677081922253,0.00068892,0.001360863,0.001557043,0.04018824,0.01116588,1.11764006,0,0.176968558,0.00284986,0.00124552,0.00032046,0,0.061865757,0.021510311,0.344369112,0.09120021245658223,0.223907041102435,0.03631636216215844,0.05819299279690135,0.004399164292485474,0.00025147296340910925,0.01560817803141915,0.01299762283474754,0.04848793694233276,0.005087658,0.001179745,394.9930994370535,0.03153411,1.1959706,0.001208598014056792,7.040743442533245,0.008477638949739947,0.002681736,89.79057976874579,139.71904448412153,535.4740180036463,161.81581298632628,7.394625051545805,59.627736253356495,17.920208612189864,3.464417724097719
2018,0.0014591759480257775,0.0002881353078460709,0.000113912,4.98E-05,0.000401138,0.00026794,0.00011622,0.0017424293456174622,11.150185803853589,0.03995628,0.0121615086413356,0.00059628,0.001206494,0.001499864,0.03849566,0.00944402,1.16579874,0,0.186092132,0.00262814,0.00119938,0.00030664,0,0.062888636,0.021030467,0.337113018,0.09758702062313952,0.23547255295294375,0.03833776880569103,0.05929703471343236,0.0047754232858129774,0.0002460902494167617,0.016076503497347547,0.013641267801572864,0.05397262181437312,0.005306888,0.001193818,400.7182930872206,0.03293353,1.2294249,0.0012480768495771565,7.067123183745029,0.008947286341552115,0.002756753,86.82582464790303,135.5962533141898,519.030966991704,158.82866494876671,7.105656483575091,60.23952296495763,17.445255851392,3.6181993165042448
2019,0.00145875194198595,0.00028962639894782196,0.000118749,5.20E-05,0.000418184,0.00027932,0.00012116,0.0019669913272135865,11.180344546029602,0.03742584,0.01274799722773513,0.00050364,0.001052126,0.001442686,0.03680308,0.00772216,1.21395742,0,0.195215706,0.00240642,0.00115324,0.00029282,0,0.063911514,0.020550622,0.329856924,0.10407195666324603,0.24820396422682037,0.04012793455506397,0.06185885666819362,0.005129971504844658,0.00024152514591195898,0.015217321997979075,0.014296528824711333,0.05961305257936198,0.005526117,0.001207891,404.032044021684,0.03433295,1.2628792,0.00123516978270845,7.167960272702633,0.009297396110891585,0.002831771,86.12639357931889,135.7006524485452,535.9308253128679,165.5728351460944,7.296630335598846,60.81797422829943,19.221973027513215,3.6671782659961
2020,0.0014164029189989292,0.000246684337921921,0.000123587,5.41E-05,0.00043523,0.0002907,0.0001261,0.002149418856229676,10.651271385496267,0.0348954,0.013083782077723528,0.000411,0.000897757,0.001385507,0.0351105,0.0060003,1.2621161,0,0.20433928,0.0021847,0.0011071,0.000279,0,0.064934393,0.020070778,0.32260083,0.11028856376836471,0.26058894194193094,0.041951297194322355,0.06206660109252494,0.005480818603673098,0.00023679424352459803,0.015247312339647835,0.015035210808133071,0.06506740849626819,0.005745346,0.001221963,398.9763944199551,0.03573237,1.2963335,0.0013482385740442313,7.1800332767454025,0.009583776338294164,0.002906789,73.38668091717767,126.40241403715116,510.8512944882188,159.56249980334658,7.124704437111495,61.59097013082574,18.50479086781879,2.035410930954544
2021,0.0014447416677421006,0.00026656967458912103,0.000114147,4.99E-05,0.000401969,0.00026849,0.00011646,0.0024293339128497638,11.24256027879174,0.03328538,0.013523593568071417,0.00037899,0.000833926,0.001342149,0.03387909,0.00550149,1.15171179,0,0.186538391,0.00206237,0.00107222,0.00026903,0,0.063840192,0.019226545,0.30467177,0.11867617206484601,0.27032228304145184,0.04393081765702976,0.06426596278623889,0.005836416331406301,0.00023253927333608367,0.015558957101618448,0.015772619442307487,0.07255568752301421,0.005242764,0.001111101,404.3290021615674,0.03300197,1.20947467,0.0014630691026767618,7.270942568689277,0.00995852053241599,0.002712026,75.12187532026891,128.43917364452741,506.8879973077508,159.39497283867726,7.09379329166712,62.26084416312921,18.260015940899088,2.3190868903165764
2022,0.001457020366129094,0.000260237138110667,0.000104707,4.58E-05,0.000368709,0.00024628,0.00010682,0.002658316457389118,11.339078771246792,0.03167536,0.014065402718097503,0.00034698,0.000770095,0.00129879,0.03264768,0.00500268,1.04130748,0,0.168737502,0.00194004,0.00103734,0.00025906,0,0.062745991,0.018382313,0.28674271,0.1257288822746012,0.2820220615459692,0.04580595177114498,0.06615181745950459,0.006255255031828628,0.00022815157711300382,0.01591327715875112,0.016543724086487483,0.07875145899221171,0.004740183,0.001000239,410.8596924742063,0.03027157,1.12261584,0.0015347378044770715,7.3230290438569945,0.010337278404413413,0.002517263,74.94348179218566,126.93595671497043,486.78045784672577,154.91130263118455,6.851350844369568,62.93182846680875,17.269065345858174,2.881374530347178
2023,0.0014569267888672147,0.0002508539777538054,9.53E-05,4.17E-05,0.000335449,0.00022407,9.72E-05,0.0028887725229094566,11.505149140109525,0.03006534,0.014507849545622412,0.00031497,0.000706264,0.001255431,0.03141627,0.00450387,0.93090317,0,0.150936613,0.00181771,0.00100246,0.00024909,0,0.06165179,0.01753808,0.26881365,0.1329666464743387,0.2934026612572932,0.0477271939765731,0.06772328595555749,0.0066344560882814945,0.00022369372084668452,0.01614727323985639,0.017293153940498136,0.08513639038932747,0.004237601,0.000889377,416.6960284314539,0.02754117,1.03575701,0.0016345938117332936,7.4228221867786095,0.010687012930967806,0.0023225,77.1041539960299,132.69579349978403,524.0226284909988,165.39858396559143,7.34697842613114,63.464271912930684,19.42267992247873,3.3970161145993076
2024,0.0014630193494297714,0.00024299612933615072,8.58E-05,3.75E-05,0.000302188,0.00020186,8.75E-05,0.003118491827939314,11.658102014530165,0.02845532,0.014999977534397989,0.00028296,0.000642433,0.001212073,0.03018486,0.00400506,0.82049886,0,0.133135724,0.00169538,0.00096758,0.00023912,0,0.060557589,0.016693848,0.25088459,0.1401118836790843,0.30494285036521424,0.04962538213634469,0.06945194754021725,0.00703347596671914,0.00021927094460198559,0.0164414313089753,0.018053421189593636,0.091426741822484,0.003735019,0.000778515,419.46679709658736,0.02481077,0.94889818,0.0017203561662615641,7.487475935568673,0.011051259130243695,0.002127737,76.57606858472832,132.36227699275605,520.6712312894795,162.08648115585711,7.2910640124044575,63.464271912930684,18.850636566199228,3.3970161145993076
2025,0.0013020157741719977,0.00021625146998991893,7.64E-05,3.34E-05,0.000268928,0.00017965,7.79E-05,0.002832986034500033,11.062147416803995,0.0268453,0.013626932379730434,0.00025095,0.000578602,0.001168714,0.02895345,0.00350625,0.71009455,0,0.115334835,0.00157305,0.0009327,0.00022915,0,0.059463389,0.015849615,0.23295553,0.12369005032486396,0.26391049006603534,0.04377433231508135,0.059561863666293034,0.0061280953193617,0.00019330047431208845,0.01384823098755424,0.0159146729496763,0.07700652501957282,0.003232438,0.000667653,403.9149586546471,0.02208037,0.86203935,0.0016042291524877399,7.310447642996142,0.010305309669552948,0.001932974,71.06443925273489,125.23980094756966,479.48382971424735,150.24443678455145,6.725512738577183,63.433693251124275,17.335934628254638,3.25109557855267
2026,0.0011410121989142235,0.00018950681064368714,6.69E-05,2.93E-05,0.000235667,0.00015744,6.83E-05,0.00254748316914511,10.466192820375227,0.02523528,0.012253885583100393,0.00021894,0.000514771,0.001125355,0.02772204,0.00300744,0.59969024,0,0.097533946,0.00145072,0.00089782,0.00021918,0,0.058369188,0.015005382,0.21502647,0.1072682169706436,0.22287812976685645,0.037923282493818,0.0496717816308189,0.005222714672004261,0.00016733000402219128,0.01125503066613318,0.013775924709758969,0.06258630821666164,0.002729856,0.000556791,388.36312007850125,0.01934997,0.77518052,0.0014881021387139158,7.13341935042361,0.009559360208862203,0.001738211,65.55280993353146,118.11732501146712,438.29642798527846,138.40239247740882,6.159961463081675,63.40311457839432,15.821232688491643,3.105175042506033
2027,0.0009800086236564495,0.00016276215129745533,5.75E-05,2.51E-05,0.000202407,0.00013523,5.86E-05,0.0022619803037901873,9.870238222649057,0.02362526,0.010880840428432839,0.00018693,0.00045094,0.001081997,0.02649063,0.00250863,0.48928593,0,0.079733057,0.00132839,0.00086294,0.00020921,0,0.057274987,0.01416115,0.19709741,0.09084638361642326,0.18184576946767755,0.03207223267255466,0.03978169775689468,0.00431733402464682,0.00014135953373229415,0.00866183034471212,0.011637175151876164,0.04816609141375045,0.002227274,0.000445929,372.81128163656103,0.01661957,0.68832169,0.001371975124940092,6.9563910566481715,0.008813410748171456,0.001543448,60.04118060153803,110.99484902688286,397.1090264100463,126.56034817026624,5.594410189254401,63.372535916587914,14.306530746910248,2.9592545077260044
2028,0.0008190050483986755,0.00013601749195122354,4.81E-05,2.10E-05,0.000169147,0.00011302,4.90E-05,0.0019764745103509063,9.274283624922887,0.02201524,0.009507795273765286,0.00015492,0.000387109,0.001038638,0.02525922,0.00200982,0.37888162,0,0.061932168,0.00120606,0.00082806,0.00019924,0,0.056180786,0.013316917,0.17916835,0.07442455150935676,0.14081340916849872,0.026221182851291318,0.029891613882970455,0.0034119533772893804,0.00011538906344239698,0.006068630023291062,0.009498426911958829,0.03374587461083928,0.001724692,0.000335067,357.25944319462076,0.01388917,0.60146286,0.0012558481111662678,6.77936276407564,0.008067461287480709,0.001348685,54.5295512695446,103.87237305441903,355.9216248348141,114.71830386312362,5.028858913758894,63.341957254781505,12.791828805328855,2.8133339716793673
2029,0.0006580014731409014,0.00010927283260499173,3.86E-05,1.69E-05,0.000135886,9.08E-05,3.93E-05,0.0016909716449959832,8.678329027196716,0.02040522,0.008134748477135245,0.00012291,0.000323278,0.000995279,0.02402781,0.00151101,0.26847731,0,0.044131279,0.00108373,0.00079318,0.00018927,0,0.055086585,0.012472685,0.16123929,0.05800271815513641,0.09978104886931982,0.020370133030027975,0.020001531847496333,0.0025065727299319407,8.941859315249984e-05,0.0034754297018700026,0.007359678672041496,0.019325657807928096,0.001222111,0.000224205,341.7076047526805,0.01115877,0.51460403,0.0011397210973924437,6.6023344715031085,0.007321511826789961,0.001153922,49.017921950341176,96.74989706983477,314.734223259582,102.87625955598102,4.4633076382633865,63.311378592975096,11.27712686556586,2.6674134356327306
2030,0.0004969978978831274,8.252817325875993e-05,2.92E-05,1.27E-05,0.000102626,6.86E-05,2.97E-05,0.0014054687796410603,8.082374429470546,0.0187952,0.00676170332246769,9.09E-05,0.000259447,0.000951921,0.0227964,0.0010122,0.158073,0,0.02633039,0.0009614,0.0007583,0.0001793,0,0.053992384,0.011628452,0.14331023,0.04158088480091607,0.05874868857014094,0.014519083208764631,0.010111447973572107,0.0016011920825745006,6.34481228626027e-05,0.0008822293804489429,0.005220930432124163,0.0049054410050169165,0.000719529,0.000113343,326.15576617653466,0.00842837,0.4277452,0.0010235921279928507,6.425306178930576,0.006575562366099215,0.000959159,43.50629261834775,89.62742108525052,273.5468216843499,91.03421524883841,3.897756364436112,63.280799920245144,9.762424923984467,2.5214929008527016
2031,0.0004777979139453623,7.934144181609494e-05,2.81E-05,1.22E-05,9.87E-05,6.60E-05,2.86E-05,0.0013730988070601805,7.644700238754608,0.01792802,0.006605899144054243,8.38E-05,0.000241008,0.000922171,0.02199688,0.00092805,0.14930489,0,0.0242076,0.00090757,0.0007344,0.0001729,0,0.0517698,0.010825621,0.131008084,0.039697428081065946,0.055489974453605435,0.013890788917891738,0.009471680207902334,0.0015150438469625522,6.070831755717212e-05,0.0008182997151990195,0.00499825225775913,0.004551270389144493,0.000679617,0.000106171,320.4635504811549,0.00810277,0.41788902,0.0010107984242137234,6.423990658425038,0.006493381132735984,0.000937054,41.86491257144984,86.93014887074783,271.8791392408384,89.9651353803426,3.749522389190436,63.31999678625526,9.730632204050755,2.4617072291634385
2032,0.0004585979300075972,7.615471037342996e-05,2.69E-05,1.17E-05,9.47E-05,6.33E-05,2.74E-05,0.001340728834479301,7.207026046741269,0.01706084,0.0064500949656407965,7.67E-05,0.000222569,0.000892421,0.02119736,0.0008439,0.14053678,0,0.02208481,0.00085374,0.0007105,0.0001665,0,0.049547216,0.01002279,0.118705938,0.03781397136121584,0.052231260337069915,0.013262494627018846,0.008831910603782458,0.0014288956113506033,5.804061239135815e-05,0.0007543700499490962,0.0047755754013595695,0.00419709977327207,0.000639705,9.90E-05,314.7713346515696,0.00777717,0.40803284,0.0009980027648088276,6.422675137919499,0.006411199899372752,0.00091495,40.22353252455194,84.23287666836556,270.2114569510638,88.8960555118468,3.6012884139447596,63.35919364134185,9.698839484117043,2.401921556207566
2033,0.0004393979460698321,7.296797893076496e-05,2.58E-05,1.13E-05,9.07E-05,6.07E-05,2.63E-05,0.0013083588618984213,6.76935185602533,0.01619366,0.006294290787227349,6.97E-05,0.000204129,0.000862672,0.02039784,0.00075975,0.13176867,0,0.01996202,0.00079991,0.0006866,0.0001601,0,0.047324632,0.009219959,0.106403792,0.035930513394211876,0.048972546220534395,0.012634200336145953,0.008192140999662582,0.001342749385917757,5.530080708592757e-05,0.0006915058791200048,0.004552897226994536,0.0038429291573996473,0.000599792,9.18E-05,309.0791189561898,0.00745157,0.39817666,0.0009852090610297003,6.421359617413959,0.006329018666009521,0.000892845,38.58215246486403,81.53560445386286,268.5437745075523,87.82697564335099,3.453054438699083,63.398390496428426,9.66704676236493,2.342135884518302
2034,0.0004201979621320669,6.978124748809999e-05,2.47E-05,1.08E-05,8.68E-05,5.80E-05,2.51E-05,0.0012759888893175415,6.331677664011989,0.01532648,0.006138486608813902,6.26E-05,0.00018569,0.000832922,0.01959832,0.0006756,0.12300056,0,0.01783923,0.00074608,0.0006627,0.0001537,0,0.045102048,0.008417128,0.094101646,0.03404705667436176,0.04571383210399889,0.01200590604527306,0.007552373233992807,0.0012566011503058086,5.26331019201136e-05,0.0006275762138700814,0.004330220370594976,0.003488758541527224,0.00055988,8.47E-05,303.38690312660447,0.00712597,0.38832048,0.0009724134016248044,6.42004409690842,0.0062468374326462885,0.00087074,36.94077241796613,78.83833225148058,266.87609206404085,86.75789577485519,3.304820463453407,63.43758736243855,9.635254042431217,2.282350212829039
2035,0.0004009979781943018,6.6594516045435e-05,2.35E-05,1.03E-05,8.28E-05,5.54E-05,2.40E-05,0.0012436189167366618,5.894003473296052,0.0144593,0.005982680788437968,5.55E-05,0.000167251,0.000803172,0.0187988,0.00059145,0.11423245,0,0.01571644,0.00069225,0.0006388,0.0001473,0,0.042879464,0.007614297,0.0817995,0.03216359995451164,0.04245511798746337,0.011377611754400168,0.006912603629872932,0.0011704529146938597,4.989329661468303e-05,0.000563646548620158,0.0041075421962299425,0.003134587925654801,0.000519968,7.75E-05,297.6946874312247,0.00680037,0.3784643,0.0009596177422199082,6.41872857640288,0.006164656199283057,0.000848636,35.29939237106823,76.14106003697789,265.2084096205294,85.68881590635937,3.1565864882077306,63.47678421752512,9.603461322497505,2.2225645411397754
2036,0.0003817979942565367,6.340778460277e-05,2.24E-05,9.78E-06,7.89E-05,5.27E-05,2.29E-05,0.001211248944155782,5.456329281282712,0.01359212,0.005826876610024521,4.84E-05,0.000148812,0.000773423,0.01799928,0.0005073,0.10546434,0,0.01359365,0.00063842,0.0006149,0.0001409,0,0.04065688,0.006811466,0.069497354,0.030280143234661525,0.03919640387092785,0.010749317463527277,0.006272835864203157,0.0010843066892610134,4.715349130925246e-05,0.0004997168833702346,0.003884864021864909,0.0027804173097823776,0.000480056,7.03E-05,292.00247160163934,0.00647477,0.36860812,0.0009468240384407809,6.417413054694435,0.006082474965919826,0.000826531,33.65801232417032,73.44378782247519,263.54072717701797,84.61973605390433,3.008352512962054,63.5159810726117,9.571668600745392,2.162778868183903
2037,0.00036259801031877155,6.0214767693748676e-05,2.13E-05,9.29E-06,7.49E-05,5.01E-05,2.17E-05,0.0011788789715749025,5.0186550905667735,0.01272494,0.005671072431611074,4.13E-05,0.000130373,0.000743673,0.01719976,0.00042315,0.09669623,0,0.01147086,0.00058459,0.000591,0.0001345,0,0.038434296,0.006008635,0.057195208,0.028396686514811406,0.035937689754392335,0.010121023172654385,0.005633066260083282,0.000998158453649065,4.448578614343848e-05,0.0004357872181203111,0.0036621871654653484,0.002426246693909954,0.000440144,6.31E-05,286.3102559062596,0.00614917,0.35875194,0.000934028379035885,6.4160975341888955,0.006000293732556594,0.000804427,32.01663226448242,70.74651562009292,261.8730448872433,83.55065618540851,2.8601185377163776,63.555177938621824,9.53987588081168,2.1029931964946393
2038,0.00034339802638100645,5.7009179852014665e-05,2.01E-05,8.80E-06,7.09E-05,4.74E-05,2.06E-05,0.0011465089989940228,4.580980898553433,0.01185776,0.005515268253197627,3.43E-05,0.000111934,0.000713923,0.01640024,0.000339,0.08792812,0,0.00934807,0.00053076,0.0005671,0.0001281,0,0.036211712,0.005205804,0.044893062,0.02651322854780745,0.03267897563785682,0.009492728881781492,0.004993298494413507,0.0009120122282162185,4.174598083800791e-05,0.0003729230472912198,0.003439508991100315,0.0020711862021182536,0.000400231,5.60E-05,280.6180400766743,0.00582357,0.34889576,0.0009212327196309889,6.4147820136833555,0.0059181124991933625,0.000782322,30.375252217584517,68.04924340559023,260.2053624437319,82.48157631691271,2.7118845624707015,63.5943747937084,9.508083160877968,2.043207524805376
2039,0.00032419804244324135,5.386644667384407e-05,1.90E-05,8.31E-06,6.70E-05,4.48E-05,1.94E-05,0.001114139026413143,4.143306707837496,0.01099058,0.00535946407478418,2.72E-05,9.35E-05,0.000684173,0.01560072,0.00025485,0.07916001,0,0.00722528,0.00047693,0.0005432,0.0001217,0,0.033989128,0.004402972,0.032590916,0.02462977182795733,0.029420261521321305,0.0088644345909086,0.00435352889029363,0.00082586399260427,3.9078275672193936e-05,0.0003089933820412964,0.003216832134700755,0.0017174605242054693,0.000360319,4.88E-05,274.9258243812945,0.00549797,0.33903958,0.0009084390158518616,6.4134664931778165,0.00583593126583013,0.000760218,28.73387217068661,65.35197120320795,258.5376800002204,81.4124964484169,2.563650587225025,63.63357164879498,9.476290439125854,1.983421853116112
2040,0.0003049980585054762,5.0660858832110056e-05,1.79E-05,7.82E-06,6.30E-05,4.21E-05,1.83E-05,0.0010817690538322635,3.705632515824155,0.0101234,0.005203659896370733,2.01E-05,7.51E-05,0.000654424,0.0148012,0.0001707,0.0703919,0,0.00510249,0.0004231,0.0005193,0.0001153,0,0.031766544,0.003600141,0.02028877,0.022746315108107214,0.02616154740478579,0.008236140300035708,0.0037137611246238554,0.0007397157569923213,3.633847036676336e-05,0.000245063716791373,0.002994153960335722,0.0013637348462926847,0.000320407,4.16E-05,269.2336085517092,0.00517237,0.3291834,0.0008956433564469657,6.4121509726722765,0.005753750032466899,0.000738113,27.09249212378871,62.65469898870525,256.86999755670894,80.3434165799211,2.4154166119793485,63.67276851480511,9.444497719192142,1.9236361814268483
2041,0.0002923815429218633,4.858665493451746e-05,1.71E-05,7.49E-06,6.04E-05,4.04E-05,1.75E-05,0.0010521456243794583,3.407602172007909,0.00965632,0.005061073515976322,1.85E-05,6.97E-05,0.000633957,0.01428209,0.00015651,0.07081322,0,0.003707581,0.00039941,0.00050294,0.00011118,0,0.030406132,0.003341203,0.018448224,0.02305178174562745,0.02631813213471033,0.008365308449031548,0.0036896627207122844,0.0007429219926606305,3.7059471762929305e-05,0.00023334327816222042,0.0030516251627278335,0.0012969941523468763,0.000322323,4.14E-05,265.1516123326478,0.00495841,0.32016337,0.0008795876688855723,6.388957626027447,0.005650613967402196,0.000717893,26.837430411098918,60.7910959809468,246.2465912014693,77.611639123979,2.290610778076061,63.619784774503216,8.853620427587645,1.8755325581423403
2042,0.00027976502733825033,4.644959637336145e-05,1.64E-05,7.17E-06,5.78E-05,3.86E-05,1.68E-05,0.0010225221949266535,3.1095718281916636,0.00918924,0.004918485493619423,1.70E-05,6.44E-05,0.000613491,0.01376298,0.00014232,0.07123454,0,0.002312672,0.00037572,0.00048658,0.00010706,0,0.02904572,0.003082264,0.016607679,0.023357248383147684,0.026474716864634873,0.008494476598027385,0.003665566155250813,0.0007461302385080421,3.770837301947865e-05,0.00022162283953306778,0.003109097683085418,0.001230253458401068,0.000324238,4.11E-05,261.06961611358645,0.00474445,0.31114334,0.0008635300256984102,6.365764279382618,0.005547477902337493,0.000697673,26.58236869840912,58.92749296106793,235.62318499996644,74.87986166803692,2.165804944172773,63.566801034201326,8.262743137801545,1.8274289361244413
2043,0.0002671485117546374,4.437539247576886e-05,1.57E-05,6.85E-06,5.52E-05,3.69E-05,1.60E-05,0.0009928987654738482,2.811541483078015,0.00872216,0.004775899113225011,1.54E-05,5.91E-05,0.000593025,0.01324387,0.00012813,0.07165586,0,0.000917763,0.00035203,0.00047022,0.00010294,0,0.027685309,0.002823325,0.014767133,0.023662713773514078,0.02663130159455942,0.008623644747023224,0.003641467751339242,0.0007493364741763513,3.842937441564459e-05,0.0002088369064830831,0.0031665688854775292,0.0011635127644552595,0.000326154,4.08E-05,256.9876198945251,0.00453049,0.30212331,0.0008474743381370171,6.3425709315348815,0.00544434183727279,0.000677453,26.327306998509336,57.06388994118905,224.99977864472675,72.14808419605407,2.0409991086012518,63.51381729389944,7.671865846197047,1.7793253128399331
2044,0.0002545319961710245,4.230118857817626e-05,1.49E-05,6.52E-06,5.26E-05,3.51E-05,1.53E-05,0.0009632753360210433,2.5135111392617686,0.00825508,0.0046333127328306,1.38E-05,5.37E-05,0.000572559,0.01272476,0.00011394,0.07207718,0,-0.000477146,0.00032834,0.00045386,9.88E-05,0,0.026324897,0.002564386,0.012926587,0.023968180411034313,0.02678788632448396,0.008752812896019063,0.0036173711858777705,0.0007525427098446604,3.915037581181053e-05,0.00019711646785393048,0.003224040087869641,0.0010967720705094511,0.000328069,4.05E-05,252.90562367546374,0.00431653,0.29310328,0.0008314166949498549,6.319377584890051,0.005341205772208087,0.000657233,26.072245285819537,55.20028692131018,214.37637228948708,69.41630674011196,1.916193274697964,63.46083355359756,7.0809885545925475,1.7312216908220341
2045,0.00024191548058741152,4.022698468058367e-05,1.42E-05,6.20E-06,5.00E-05,3.34E-05,1.45E-05,0.0009336489784838801,2.21548079414812,0.007788,0.004490726352436188,1.23E-05,4.84E-05,0.000552093,0.01220565,9.98E-05,0.0724985,0,-0.001872055,0.00030465,0.0004375,9.47E-05,0,0.024964485,0.002305448,0.011086041,0.024273647048554548,0.026944471054408503,0.008881981045014902,0.0035932746204163,0.0007557489455129697,3.987137720797647e-05,0.00018539602922477784,0.0032815126082272254,0.0010322560663618364,0.000329985,4.03E-05,248.82362745640236,0.00410257,0.28408325,0.0008153610073884616,6.296184238245221,0.005238069707143384,0.000637013,25.817183573129746,53.33668391355173,203.75296593424738,66.68452928416988,1.7913874407946762,63.40784981329567,6.490111262988049,1.6831180675375261
2046,0.0002292989650037986,3.808992611942766e-05,1.35E-05,5.87E-06,4.74E-05,3.17E-05,1.37E-05,0.000904025549031075,1.9174504503318741,0.00732092,0.004348139972041776,1.07E-05,4.31E-05,0.000531627,0.01168654,8.56E-05,0.07291982,0,-0.003266964,0.00028096,0.00042114,9.06E-05,0,0.023604073,0.002046509,0.009245496,0.024579113686074783,0.027101055784333045,0.009011149194010741,0.0035691762165047285,0.0007589571913603811,4.052027846452581e-05,0.00017367559059562523,0.003338983810619337,0.0009655153724160279,0.0003319,4.00E-05,244.741631237341,0.00388861,0.27506322,0.0007993033642012996,6.272990891600392,0.005134933642078681,0.000616793,25.56212187322996,51.47308089367285,193.12955973274453,63.95275181218703,1.6665816068913881,63.35486607299379,5.899233973201951,1.6350144455196267
2047,0.00021668244942018563,3.6015722221835064e-05,1.27E-05,5.55E-06,4.48E-05,2.99E-05,1.30E-05,0.00087440211957827,1.6194201052182255,0.00685384,0.004205551949684877,9.11E-06,3.77E-05,0.000511161,0.01116743,7.14E-05,0.07334114,0,-0.004661873,0.00025727,0.00040478,8.65E-05,0,0.022243661,0.00178757,0.00740495,0.02488458032359502,0.027257640514257588,0.00914031734300658,0.003545079651043257,0.0007621634270286903,4.124127986069175e-05,0.0001619551519664726,0.003396455013011449,0.0008987746784702196,0.000333816,3.97E-05,240.6596350182797,0.00367465,0.26604319,0.0007832476766399064,6.249797543752655,0.0050317975770139784,0.000596573,25.307060160540168,49.60947787379398,182.50615337750486,61.220974356244945,1.541775771319867,63.30188232176836,5.308356681597452,1.5869108222351187
2048,0.0002040659338365727,3.394151832424247e-05,1.20E-05,5.22E-06,4.22E-05,2.82E-05,1.22E-05,0.0008447786901254649,1.3213897614019794,0.00638676,0.0040629655692904654,7.54E-06,3.24E-05,0.000490695,0.01064832,5.72E-05,0.07376246,0,-0.006056782,0.00023358,0.00038842,8.23E-05,0,0.02088325,0.001528631,0.005564404,0.025190045713961412,0.027414225244182133,0.009269485492002419,0.0035209830855817857,0.0007653696626969995,4.196228125685769e-05,0.00014916921891648793,0.003453927533369033,0.0008320339845244112,0.000335731,3.95E-05,236.5776387992183,0.00346069,0.25702316,0.0007671900334527442,6.226604197107825,0.004928661511949276,0.000576353,25.051998447850373,47.74587486603553,171.8827470222652,58.48919690030286,1.4169699374165792,63.24889858146648,4.7174793899929535,1.5388072002172195
2049,0.00019144941825295978,3.1804459763086464e-05,1.12E-05,4.90E-06,3.96E-05,2.64E-05,1.15E-05,0.0008151552606726598,1.0233594175857335,0.00591968,0.003920379188896055,5.97E-06,2.71E-05,0.000470229,0.01012921,4.30E-05,0.07418378,0,-0.007451691,0.00020989,0.00037206,7.82E-05,0,0.019522838,0.001269693,0.003723859,0.025495512351481647,0.027570809974106675,0.009398653640998258,0.0034968846816702146,0.0007685758983653087,4.261118251340704e-05,0.00013744878028733532,0.0035113987357611454,0.000765293290578603,0.000337647,3.92E-05,232.49564258015695,0.00324673,0.24800313,0.0007511343458913509,6.203410850462995,0.004825525446884573,0.000556132,24.79693673516058,45.882271846156655,161.2593406670255,55.757419444360764,1.2921641035132914,63.19591484116459,4.126602098388454,1.4907035781993205
2050,0.00017883290266934682,2.9730255865493867e-05,1.05E-05,4.57E-06,3.70E-05,2.47E-05,1.07E-05,0.0007855318312198548,0.7253290724720849,0.0054526,0.0037777928085016427,4.40E-06,2.17E-05,0.000449762,0.0096101,2.88E-05,0.0746051,0,-0.0088466,0.0001862,0.0003557,7.41E-05,0,0.018162426,0.001010754,0.001883313,0.025800978989001883,0.027727394704031218,0.009527821789994098,0.0034727881162087432,0.0007717841442127203,4.333218390957297e-05,0.0001257283416581827,0.0035688699381532566,0.0006985525966327945,0.000339562,3.89E-05,228.41364636109557,0.00303277,0.2389831,0.0007350767027041889,6.180217503818166,0.0047223893818198704,0.000535912,24.541875035260794,44.018668826277775,150.6359344194016,53.02564197237792,1.1673582696100036,63.1429311008627,3.535724808602356,1.4425999549148123
2051,0.0001718824868987337,2.8598871921352454e-05,1.01E-05,4.40E-06,3.55E-05,2.37E-05,1.03E-05,0.0007703028644723963,0.5988136643294024,0.00520103,0.003704462763839516,4.06E-06,2.02E-05,0.000435696,0.00927305,2.64E-05,0.0748083,0,-0.009615048,0.00017577,0.00034449,7.15E-05,0,0.017384609,0.000938056,0.001712466,0.026003984455530642,0.02780291474302255,0.00960871288762959,0.0034486731662462717,0.0007673235567845208,4.383688488688914e-05,0.0001204008695540224,0.003612962473034422,0.0006651822496598903,0.000340494,3.87E-05,226.71756123002544,0.0029149,0.23434428,0.000725580183971165,6.170115119789304,0.00466139699350706,0.000525503,24.419292919479382,43.46384664241556,145.8740290180905,51.54292827195967,1.1208656784934605,63.074168152534114,3.322577873618639,1.4145590438587492
2052,0.00016493207112812058,2.7404633313647625e-05,9.70E-06,4.23E-06,3.41E-05,2.28E-05,9.86E-06,0.0007550738977249376,0.47229825748412263,0.00494946,0.003631134361139876,3.72E-06,1.86E-05,0.00042163,0.008936,2.40E-05,0.0750115,0,-0.010383496,0.00016534,0.00033328,6.88E-05,0,0.016606793,0.000865358,0.001541619,0.026206989922059405,0.027878434782013885,0.009689603985265083,0.0034245582162837998,0.0007628629693563215,4.4413686003821894e-05,0.00011400790302903006,0.0036570536899501152,0.0006340365924851798,0.000341426,3.84E-05,225.02147623316085,0.00279703,0.22970546,0.0007160817096123725,6.160012736963349,0.00460040460519425,0.000515094,24.29671080369797,42.909024446432916,141.11212361677946,50.06021457154142,1.074373089045151,63.00540520420554,3.109430940453323,1.3865181340692947
2053,0.00015798165535750746,2.627324936950621e-05,9.29E-06,4.05E-06,3.26E-05,2.18E-05,9.44E-06,0.0007398478590618373,0.3457828493414402,0.00469789,0.003557804316477749,3.38E-06,1.71E-05,0.000407564,0.00859895,2.16E-05,0.0752147,0,-0.011151944,0.00015491,0.00032207,6.62E-05,0,0.015828976,0.000792661,0.001370772,0.02640999663574201,0.027953954821005222,0.009770495082900578,0.0034004432663213282,0.000758402381928122,4.4918386981138045e-05,0.00010868043092486979,0.0037011462248312805,0.0006006662455122755,0.000342357,3.81E-05,223.3253911020907,0.00267916,0.22506664,0.0007065851908793486,6.149910354137394,0.00453941221688144,0.000504685,24.17412870070656,42.35420226257069,136.35021821546837,48.57750087112318,1.0278804995968416,62.936642255876954,2.896284005469606,1.3584772230132314
2054,0.00015103123958689433,2.507901076180138e-05,8.88E-06,3.88E-06,3.12E-05,2.09E-05,9.02E-06,0.0007246188923143785,0.21926744119875782,0.00444632,0.003484474271815622,3.04E-06,1.55E-05,0.000393498,0.0082619,1.92E-05,0.0754179,0,-0.011920392,0.00014448,0.00031086,6.35E-05,0,0.01505116,0.000719963,0.001199926,0.026613002102270772,0.028029474859996555,0.009851386180536072,0.0033763283163588563,0.0007539417944999226,4.54951880980708e-05,0.00010228746439987743,0.0037452374417469734,0.0005695205883375649,0.000343289,3.78E-05,221.6293059710205,0.00256129,0.22042782,0.0006970886721463247,6.139807970108532,0.00447841982856863,0.000494276,24.05154658492515,41.79938007870847,131.5883128141573,47.094787170704926,0.9813879101485322,62.867879307548364,2.683137070485889,1.330436311957168
2055,0.00014408082381628121,2.3947626817659964e-05,8.47E-06,3.70E-06,2.98E-05,1.99E-05,8.60E-06,0.0007093899255669199,0.09275203435347801,0.00419475,0.0034111458691159823,2.70E-06,1.40E-05,0.000379432,0.00792485,1.69E-05,0.0756211,0,-0.01268884,0.00013405,0.00029965,6.09E-05,0,0.014273343,0.000647265,0.001029079,0.026816007568799535,0.028104994898987892,0.009932277278171565,0.0033522133663963847,0.0007494812070717231,4.599988907538696e-05,9.642724508530112e-05,0.0037893299766281387,0.0005361502413646607,0.00034422,3.76E-05,219.93322097415594,0.00244342,0.215789,0.0006875921534133008,6.129705587282578,0.00441742744025582,0.000483867,23.92896448193374,41.244557894846245,126.82640741284621,45.61207347028668,0.9348953190319891,62.79911635921978,2.4699901373205724,1.302395400901105
2056,0.00013713040804566812,2.281624287351855e-05,8.06E-06,3.53E-06,2.83E-05,1.89E-05,8.18E-06,0.0006941638869038196,-0.033763373789204396,0.00394318,0.003337815824453856,2.36E-06,1.25E-05,0.000365366,0.0075878,1.45E-05,0.0758243,0,-0.013457288,0.00012362,0.00028844,5.82E-05,0,0.013495526,0.000574567,0.000858232,0.027019013035328297,0.028180514937979226,0.01001316837580706,0.0033280984164339128,0.0007450206196435238,4.650459005270311e-05,9.056702577072482e-05,0.0038334211935438316,0.0005027798943917566,0.000345152,3.73E-05,218.23713584308575,0.00232555,0.21115018,0.0006780936790545083,6.119603204456623,0.00435643505194301,0.000473457,23.806382366152327,40.6897356988636,122.06450201153513,44.129359769868444,0.8884027295836796,62.7303534108912,2.2568432023368556,1.2743544898450414
2057,0.000130179992275055,2.1622004265813723e-05,7.65E-06,3.35E-06,2.69E-05,1.80E-05,7.76E-06,0.0006789349201563609,-0.1602787819318868,0.00369161,0.0032644874217542157,2.02E-06,1.09E-05,0.0003513,0.00725075,1.21E-05,0.0760275,0,-0.014225736,0.00011319,0.00027723,5.55E-05,0,0.01271771,0.00050187,0.000687385,0.02722201850185706,0.028256034976970563,0.010094059473442553,0.0033039834664714413,0.0007405600322153243,4.7081391169635866e-05,8.470680645614851e-05,0.003877513728424997,0.00047163423721704594,0.000346084,3.70E-05,216.54105071201562,0.00220768,0.20651136,0.0006685971603214843,6.109500820427761,0.0042954426636302,0.000463048,23.683800250370915,40.13491351500137,117.30259661022406,42.64664606945019,0.8419101401353701,62.66159046256262,2.0436962691715395,1.246313578788978
2058,0.00012322957650444188,2.0490620321672306e-05,7.25E-06,3.18E-06,2.54E-05,1.70E-05,7.34E-06,0.0006637059534089024,-0.2867941887771666,0.00344004,0.003191157377092089,1.68E-06,9.37E-06,0.000337234,0.0069137,9.68E-06,0.0762307,0,-0.014994184,0.00010276,0.00026602,5.29E-05,0,0.011939893,0.000429172,0.000516538,0.02742502521553966,0.028331555015961896,0.010174950571078048,0.0032798685165089693,0.0007360994447871249,4.7586092146952024e-05,7.88465871415722e-05,0.00392160494534069,0.0004382638902441418,0.000347015,3.68E-05,214.844965715151,0.00208981,0.20187254,0.0006591006415884606,6.099398437601806,0.00423445027531739,0.000452639,23.56121814737951,39.58009133113915,112.54069119353929,41.16393235299119,0.7954175490188272,62.59282751423403,1.8305493341878227,1.2182726689995238
2059,0.00011627916073382876,1.9296381713967478e-05,6.84E-06,3.00E-06,2.40E-05,1.61E-05,6.92E-06,0.000648479914745802,-0.41330959691984903,0.00318847,0.003117827332429962,1.34E-06,7.82E-06,0.000323168,0.00657665,7.29E-06,0.0764339,0,-0.015762632,9.23E-05,0.00025481,5.03E-05,0,0.011162077,0.000356474,0.000345691,0.027628030682068424,0.028407075054953233,0.010255841668713541,0.0032557535665464978,0.0007316388573589254,4.816289326388477e-05,7.298636782699588e-05,0.003965697480221855,0.0004071182330694312,0.000347947,3.65E-05,213.14888058408087,0.00197194,0.19723372,0.0006496021672296679,6.0892960547758515,0.00417345788700458,0.00044223,23.438636031598097,39.025269135156506,107.77878579222822,39.681218652572944,0.7489249595705177,62.524064554981905,1.6174024010225063,1.1902317579434605
2060,0.00010932874496321565,1.8164997769826065e-05,6.43E-06,2.83E-06,2.25E-05,1.51E-05,6.50E-06,0.0006332509479983434,-0.5398250050625314,0.0029369,0.003044498929730322,1.00E-06,6.27E-06,0.000309102,0.0062396,4.90E-06,0.0766371,0,-0.01653108,8.19E-05,0.0002436,4.76E-05,0,0.01038426,0.000283776,0.000174844,0.027831036148597187,0.02848259509394457,0.010336732766349036,0.003231640455034126,0.0007271782699307261,4.866759424120093e-05,6.712614851241957e-05,0.0040097886971375485,0.00037374788609652695,0.000348878,3.62E-05,211.4527954530107,0.00185407,0.1925949,0.0006401056484966442,6.07919367074699,0.00411246549869177,0.000431821,23.31605392860669,38.470446951294285,103.01688039091712,38.19850495215469,0.7024323701222082,62.45530160665332,1.4042554660387891,1.1621908468873972
2061,0.00010555134508788244,1.7536451134191943e-05,6.20E-06,2.73E-06,2.18E-05,1.46E-05,6.28E-06,0.0006251782194225419,-0.6442183084105132,0.00280139,0.003005962070164265,9.20E-07,5.83E-06,0.000299431,0.00602076,4.49E-06,0.07709832,0,-0.016953495,7.73E-05,0.00023592,4.59E-05,0,0.009939558,0.000263362,0.000158985,0.02804671020384657,0.02865400941838483,0.010435461948907003,0.0032206961615884756,0.0007238755456655023,4.924439535813369e-05,6.39296652499234e-05,0.0040567820740236,0.00035595036771097805,0.000350972,3.61E-05,209.96322207516246,0.00178928,0.19015708,0.0006311136812119563,6.080459783059499,0.004054600379678571,0.000426357,23.02654251752671,38.2408730786825,100.0478733093292,36.82110442948269,0.6776528162402822,62.430392339134755,1.285883643715962,1.152849149850667
2062,0.0001016660195018254,1.6907904498557825e-05,5.98E-06,2.63E-06,2.10E-05,1.40E-05,6.06E-06,0.0006171084189310987,-0.7486116117584949,0.00266588,0.002967425210598208,8.40E-07,5.38E-06,0.000289761,0.00580192,4.08E-06,0.07755954,0,-0.01737591,7.27E-05,0.00022824,4.42E-05,0,0.009494857,0.000242947,0.000143126,0.028262384259095955,0.028825423742825092,0.01053419113146497,0.0032097518681428253,0.0007205728214002785,4.982119647506644e-05,6.0733181987427226e-05,0.0041037741329441775,0.0003381528493254292,0.000353065,3.60E-05,208.47364856310867,0.00172449,0.18771926,0.0006221217139272687,6.081725894169103,0.003996735260665371,0.000420893,22.73703110644673,38.01129920607071,97.0788662123676,35.443703922851434,0.6528732606901225,62.405483071616196,1.1675118232115353,1.1435074540805457
2063,9.788861962649219e-05,1.6279357862923703e-05,5.76E-06,2.53E-06,2.02E-05,1.35E-05,5.84E-06,0.0006090356903552973,-0.8530049164038792,0.00253037,0.002928889992994637,7.60E-07,4.93E-06,0.00028009,0.00558308,3.67E-06,0.07802076,0,-0.017798325,6.82E-05,0.00022056,4.25E-05,0,0.009050155,0.000222533,0.000127267,0.02847805831434534,0.028996838067265357,0.010632920314022937,0.003198809413147275,0.0007172700971350547,5.0397997591999193e-05,5.7536698724931056e-05,0.004150766191864756,0.00032035533093988024,0.000355159,3.59E-05,206.98407505105484,0.0016597,0.18528144,0.0006131277910168122,6.082992006481612,0.0039388701416521715,0.000415429,22.44751970815675,37.78172533345892,94.10985911540598,34.06630340017943,0.6280937068081964,62.38057380409763,1.049140000888708,1.1341657570438153
2064,9.400329404043518e-05,1.565081122728958e-05,5.53E-06,2.43E-06,1.94E-05,1.30E-05,5.62E-06,0.0006009629617794957,-0.9573982197518609,0.00239486,0.0028903531334285803,6.80E-07,4.48E-06,0.00027042,0.00536424,3.26E-06,0.07848198,0,-0.01822074,6.36E-05,0.00021288,4.08E-05,0,0.008605453,0.000202118,0.000111408,0.028693732369594722,0.029168252391705618,0.010731649496580902,0.003187865119701625,0.0007139653626907285,5.0974798708931936e-05,5.434021546243489e-05,0.004197759568750807,0.00030255781255433134,0.000357252,3.57E-05,205.49450153900105,0.00159491,0.18284362,0.0006041358237321244,6.084258117591215,0.0038810050226389717,0.000409966,22.158008297076773,37.55215147296756,91.14085201844438,32.68890287750742,0.6033141529262703,62.35566453657907,0.9307681803842813,1.124824061273694
2065,9.022589416510196e-05,1.4959409928092051e-05,5.31E-06,2.33E-06,1.86E-05,1.25E-05,5.40E-06,0.0005928931612880525,-1.0617915230998427,0.00225935,0.002851816273862523,6.00E-07,4.03E-06,0.00026075,0.0051454,2.85E-06,0.0789432,0,-0.018643155,5.90E-05,0.0002052,3.91E-05,0,0.008160752,0.000181704,9.55E-05,0.028909406424844103,0.029339666716145883,0.01083037867913887,0.003176920826255975,0.0007106626384255047,5.155159982586469e-05,5.1143732199938716e-05,0.004244751627671386,0.00028476029416878244,0.000359346,3.56E-05,204.0049281611528,0.00153012,0.1804058,0.0005951438564474366,6.085524229903725,0.0038231399036257724,0.000404502,21.868496885996795,37.32257760035577,88.17184493685644,31.311502354835408,0.5785345973761108,62.3307552690605,0.8123963580614539,1.1154823655035726
2066,8.644849428976874e-05,1.4330863292457931e-05,5.08E-06,2.23E-06,1.78E-05,1.19E-05,5.18E-06,0.0005848204327122511,-1.166184827745227,0.00212384,0.0028132794142964658,5.20E-07,3.58E-06,0.000251079,0.00492656,2.44E-06,0.07940442,0,-0.01906557,5.44E-05,0.00019752,3.74E-05,0,0.00771605,0.000161289,7.97E-05,0.029125079232939645,0.029511081040586144,0.01092910786169684,0.0031659783712604246,0.0007073599141602809,5.2128400942797436e-05,4.794724893744255e-05,0.0042917436865919645,0.00026696277578323353,0.000361439,3.55E-05,202.515354649099,0.00146533,0.17796798,0.0005861518891627489,6.086790341013328,0.0037652747846125727,0.000399038,21.578985487706813,37.09300372774399,85.20283783989484,29.934101832163392,0.5537550434941847,62.305845990618394,0.6940245375570272,1.106140668466842
2067,8.256316870371171e-05,1.3702316656823813e-05,4.86E-06,2.13E-06,1.70E-05,1.14E-05,4.96E-06,0.0005767506322208079,-1.2705781310932087,0.00198833,0.0027747425547304085,4.40E-07,3.14E-06,0.000241409,0.00470772,2.03E-06,0.07986564,0,-0.019487985,4.98E-05,0.00018984,3.57E-05,0,0.007271348,0.000140874,6.38E-05,0.02934075328818903,0.02968249536502641,0.011027837044254805,0.0031550340778147743,0.000704057189895057,5.270520205973019e-05,4.4750765674946376e-05,0.004338737063478015,0.00024916525739768463,0.000363533,3.54E-05,201.02578113704521,0.00140054,0.17553016,0.0005771579662522924,6.088056453325838,0.003707409665599373,0.000393574,21.289474076626835,36.8634298551322,82.23383074293322,28.55670130949138,0.5289754896122586,62.280936723099835,0.5756527152341998,1.0967989726967209
2068,7.87857688283785e-05,1.3073770021189693e-05,4.63E-06,2.03E-06,1.62E-05,1.09E-05,4.74E-06,0.0005686779036450064,-1.3749714344411903,0.00185282,0.002736207337126838,3.60E-07,2.69E-06,0.000231738,0.00448888,1.62E-06,0.08032686,0,-0.0199104,4.53E-05,0.00018216,3.40E-05,0,0.006826647,0.00012046,4.80E-05,0.029556427343438413,0.029853909689466673,0.011126566226812773,0.0031440897843691236,0.0007007524554507309,5.328200317666294e-05,4.155428241245021e-05,0.0043857291223985935,0.00023136773901213576,0.000365626,3.52E-05,199.53620775919697,0.00133575,0.17309234,0.0005681659989676046,6.089322564435442,0.0036495445465861732,0.00038811,20.99996267833686,36.63385598252041,79.2648236613453,27.179300802860134,0.5041959357303325,62.25602745558127,0.4572808947297732,1.0874572756599903
2069,7.490044324232149e-05,1.2445223385555573e-05,4.41E-06,1.93E-06,1.54E-05,1.03E-05,4.52E-06,0.0005606051750692049,-1.4793647390865747,0.00171731,0.002697670477560781,2.80E-07,2.24E-06,0.000222068,0.00427004,1.21E-06,0.08078808,0,-0.020332815,4.07E-05,0.00017448,3.23E-05,0,0.006381945,0.000100045,3.21E-05,0.029772101398687797,0.030025324013906934,0.011225295409370738,0.0031331473293735737,0.000697449731185507,5.38588042935957e-05,3.8357799149954035e-05,0.004432721181319172,0.00021357022062658683,0.00036772,3.51E-05,198.04663424714317,0.00127096,0.17065452,0.0005591740316829169,6.0905886767479505,0.003591679427572974,0.000382646,20.710451267256882,36.40428212202905,76.29581656438368,25.80190028018812,0.4794163801801729,62.23111818806271,0.33890907240694584,1.078115579889869
2070,7.112304336698827e-05,1.1816676749921453e-05,4.18E-06,1.83E-06,1.47E-05,9.80E-06,4.30E-06,0.0005525353745777619,-1.5837580424345565,0.0015818,0.0026591336179947237,2.00E-07,1.79E-06,0.000212398,0.0040512,8.00E-07,0.0812493,0,-0.02075523,3.61E-05,0.0001668,3.06E-05,0,0.005937243,7.96E-05,1.63E-05,0.02998777545393718,0.030196738338347198,0.011324024591928706,0.0031222030359279234,0.0006941470069202832,5.4435605410528455e-05,3.516131588745787e-05,0.0044797145582052235,0.00019577270224103795,0.000369813,3.50E-05,196.55706073508932,0.00120617,0.1682167,0.0005501820643982291,6.091854787857554,0.0035338143085597742,0.000377183,20.4209398561769,36.174708249417264,73.32680946742208,24.42449975751611,0.45463682629824687,62.20620892054414,0.2205372519025192,1.0687738828531386
2071,6.885660344178834e-05,1.143954876854098e-05,4.05E-06,1.77E-06,1.42E-05,9.49E-06,4.16E-06,0.000545961825193404,-1.6839352946838269,0.00150882,0.002627279545750092,1.80E-07,1.66E-06,0.000205751,0.00390912,7.30E-07,0.08192757,0,-0.021004611,3.41E-05,0.00016155,2.95E-05,0,0.005682984,7.39E-05,1.48E-05,0.03017209855592224,0.030448822649684123,0.011406349541077042,0.0031211073196682885,0.0006920242577881613,5.4940306387844606e-05,3.345652481412658e-05,0.004522611698402867,0.0001862065361088054,0.000372901,3.50E-05,194.64969029334344,0.00116791,0.16620163,0.0005407207469290427,6.093444873038244,0.0034730559335959146,0.000372666,20.049742701635537,35.898912870696115,69.9186720643566,23.01201971613153,0.43352014747893575,62.17783898782156,0.03198122989926202,1.0691838423744078
2072,6.65901635165884e-05,1.1062420787160509e-05,3.92E-06,1.71E-06,1.37E-05,9.18E-06,4.02E-06,0.000539385347724688,-1.7841125482305003,0.00143584,0.0025954254735054603,1.60E-07,1.52E-06,0.000199105,0.00376704,6.60E-07,0.08260584,0,-0.021253992,3.21E-05,0.0001563,2.84E-05,0,0.005428725,6.82E-05,1.33E-05,0.030356420410753465,0.030700906961021058,0.011488674490225377,0.003120011603408653,0.0006899035188351418,5.544500736516076e-05,3.175173374079529e-05,0.0045655088386005105,0.00017664036997657286,0.000375989,3.50E-05,192.74231985159753,0.00112965,0.16418656,0.0005312594294598563,6.095034959421842,0.003412297558632055,0.000368149,19.67854554709417,35.62311749197498,66.5105346766648,21.599539674746946,0.41240346865962463,62.14946906602251,-0.15657479210399514,1.069593800629068
2073,6.432372359138847e-05,1.0685292805780038e-05,3.79E-06,1.66E-06,1.33E-05,8.87E-06,3.88E-06,0.0005328117983403303,-1.8842898004797708,0.00136286,0.002563573043223315,1.40E-07,1.39E-06,0.000192459,0.00362496,5.90E-07,0.08328411,0,-0.021503373,3.00E-05,0.00015105,2.73E-05,0,0.005174466,6.25E-05,1.18E-05,0.030540742265584685,0.03095299127235799,0.011570999439373713,0.003118915887149018,0.0006877807697030198,5.602180848209352e-05,3.0046942667464e-05,0.004608407296763627,0.00016707420384434033,0.000379077,3.50E-05,190.8349492756461,0.00109139,0.16217149,0.0005217981119906699,6.096625044602534,0.0033515391836681954,0.000363633,19.307348392552807,35.34732211325384,63.102397273599315,20.187059633362363,0.3912867881720801,62.12109913329993,-0.3451308141072523,1.0700037601503372
2074,6.205728366618855e-05,1.0308164824399565e-05,3.65E-06,1.60E-06,1.28E-05,8.56E-06,3.74E-06,0.0005262382489559725,-1.984467054026444,0.00128988,0.002531718970978683,1.20E-07,1.25E-06,0.000185813,0.00348288,5.20E-07,0.08396238,0,-0.021752754,2.80E-05,0.0001458,2.62E-05,0,0.004920207,5.67E-05,1.03E-05,0.030725065367569748,0.031205075583694918,0.01165332438852205,0.003117818332439283,0.0006856600307500002,5.652650945940967e-05,2.8342151594132708e-05,0.00465130443696127,0.0001575080377121078,0.000382165,3.49E-05,188.9275788339002,0.00105313,0.16015642,0.0005123367945214833,6.098215129783224,0.003290780808704336,0.000359116,18.93615123801144,35.07152673453269,59.69425987053385,18.774579591977783,0.370170109352769,62.09272921150088,-0.5336868342921087,1.0704137196716061
2075,5.9898769451712423e-05,9.931036843019094e-06,3.52E-06,1.54E-06,1.24E-05,8.25E-06,3.60E-06,0.0005196646995716148,-2.0846443062757145,0.0012169,0.0024998648987340512,1.00E-07,1.12E-06,0.000179166,0.0033408,4.50E-07,0.08464065,0,-0.022002135,2.60E-05,0.00014055,2.51E-05,0,0.004665947,5.10E-05,8.87E-06,0.030909388469554808,0.03145715989503185,0.011735649337670385,0.003116722616179648,0.0006835372816178783,5.703121043672583e-05,2.6637360520801417e-05,0.004694201577158914,0.00014794187157987526,0.000385253,3.49E-05,187.0202083921543,0.00101487,0.15814135,0.0005028754770522968,6.099805216166821,0.003230022433740476,0.0003546,18.564954083470077,34.795731355811554,56.286122482842046,17.3620995505932,0.3490534305334579,62.064359289701834,-0.7222428562953659,1.0708236779262663
2076,5.763232952651249e-05,9.553908861638621e-06,3.39E-06,1.48E-06,1.19E-05,7.94E-06,3.46E-06,0.0005130911501872571,-2.1848215598223875,0.00114392,0.0024680108264894195,8.00E-08,9.86E-07,0.00017252,0.00319872,3.80E-07,0.08531892,0,-0.022251516,2.40E-05,0.0001353,2.41E-05,0,0.004411688,4.53E-05,7.39E-06,0.03109371032438603,0.03170924420636878,0.01181797428681872,0.0031156268999200133,0.0006814165426648588,5.753591141404199e-05,2.4932569447470126e-05,0.00473710003532203,0.00013837570544764273,0.000388341,3.49E-05,185.11283795040842,0.00097661,0.15612628,0.0004934141595831104,6.101395301347512,0.0031692640587766166,0.000350083,18.19375692892871,34.519935977090405,52.87798507977657,15.949619510812694,0.32793675171414677,62.03598935697925,-0.9107988782986232,1.0712336374475355
2077,5.5365889601312566e-05,9.17678088025815e-06,3.26E-06,1.42E-06,1.14E-05,7.63E-06,3.32E-06,0.0005065176008028992,-2.2849988120716582,0.00107094,0.0024361567542447874,6.00E-08,8.51E-07,0.000165874,0.00305664,3.10E-07,0.08599719,0,-0.022500897,2.20E-05,0.00013005,2.30E-05,0,0.004157429,3.96E-05,5.91E-06,0.03127803342637109,0.03196132851770571,0.011900299235967056,0.003114531183660378,0.0006792937935327369,5.804061239135815e-05,2.3227778374138835e-05,0.004779997175519674,0.0001288095393154102,0.000391428,3.49E-05,183.2054675086625,0.00093835,0.15411121,0.0004839547977396927,6.102985386528203,0.0031085056838127574,0.000345566,17.822559774387347,34.24414059836926,49.46984767671109,14.537139471032189,0.30682007122660226,62.0076194351802,-1.0993549003018803,1.0716435969688047
2078,5.309944967611264e-05,8.799652898877678e-06,3.12E-06,1.36E-06,1.10E-05,7.32E-06,3.18E-06,0.0004999440514185415,-2.3851760656183316,0.00099796,0.0024043043239626426,4.00E-08,7.17E-07,0.000159228,0.00291456,2.40E-07,0.08667546,0,-0.022750278,1.99E-05,0.0001248,2.19E-05,0,0.00390317,3.38E-05,4.43E-06,0.03146235528120231,0.032213412829042644,0.011982624185115393,0.003113433628950643,0.0006771730545797173,5.86174135082909e-05,2.1522987300807547e-05,0.004822894315717318,0.00011924337318317766,0.000394516,3.49E-05,181.29809693271108,0.00090009,0.15209614,0.0004744934802705063,6.104575471708894,0.0030477473088488974,0.00034105,17.45136261984598,33.96834521964813,46.061710273645616,13.124659429647608,0.28570339240729115,61.97924950245762,-1.2879109204867367,1.072053555223465
2079,5.08330097509127e-05,8.422524917497207e-06,2.99E-06,1.31E-06,1.05E-05,7.01E-06,3.04E-06,0.0004933705020341838,-2.4853533178676024,0.00092498,0.0023724502517180105,2.00E-08,5.83E-07,0.000152582,0.00277248,1.70E-07,0.08735373,0,-0.022999659,1.79E-05,0.00011955,2.08E-05,0,0.003648911,2.81E-05,2.96E-06,0.031646678383187375,0.03246549714037957,0.012064949134263729,0.0031123379126910076,0.0006750503054475953,5.912211448560706e-05,1.9818196227476253e-05,0.0048657914559149616,0.00010967720705094513,0.000397604,3.49E-05,179.3907264909652,0.00086183,0.15008107,0.0004650321628013198,6.106165558092491,0.0029869889338850378,0.000336533,17.080165465304617,33.69254984092698,42.65357288595382,11.7121793898671,0.26458671358798,61.95087958065857,-1.4764669424899939,1.072463514744734
2080,4.856656982571278e-05,8.045396936116734e-06,2.86E-06,1.25E-06,1.01E-05,6.70E-06,2.90E-06,0.000486796952649826,-2.5855305714142753,0.000852,0.0023405961794733788,0,4.48E-07,0.000145935,0.0026304,1.00E-07,0.088032,0,-0.02324904,1.59E-05,0.0001143,1.97E-05,0,0.003394652,2.24E-05,1.48E-06,0.03183100023801859,0.03271758145171651,0.012147274083412063,0.0031112421964313726,0.0006729295664945758,5.9626815462923215e-05,1.8113405154144962e-05,0.004908689914078078,0.00010011104091871258,0.000400692,3.49E-05,177.48335604921928,0.00082357,0.148066,0.00045557084533213337,6.107755643273181,0.002926230558921178,0.000332016,16.708968310763254,33.416754462205844,39.24543548288834,10.299699348482518,0.24347003476866894,61.92250964793599,-1.665022964493251,1.0728734742660029
2081,4.662390703268426e-05,7.731123618299675e-06,2.75E-06,1.20E-06,9.67E-06,6.44E-06,2.79E-06,0.00047822644973311555,-2.7007222407619493,0.00081269,0.002299481438802988,0,4.26E-07,0.000141364,0.00253814,9.00E-08,0.08860428,0,-0.023460252,1.50E-05,0.0001107,1.90E-05,0,0.003249271,2.08E-05,1.35E-06,0.031901545495055604,0.03293027054112067,0.012173132015779244,0.0031079532092023673,0.000669916308020096,5.991521602138959e-05,1.7154460175396112e-05,0.004935676575092179,9.477178540304791e-05,0.000403298,3.48E-05,175.94226142648333,0.00079118,0.14546511,0.00044776789851484235,6.125041260914347,0.0028761304283049707,0.000326184,16.3403395298401,33.19366094432715,37.50577680311853,9.71275063903949,0.23240754520961754,61.9119516631535,-1.767782398306423,1.076961661131819
2082,4.4789169950379556e-05,7.416850300482615e-06,2.63E-06,1.15E-06,9.28E-06,6.18E-06,2.68E-06,0.0004696530187320467,-2.815913911407026,0.00077338,0.002258366698132597,0,4.03E-07,0.000136792,0.00244588,8.00E-08,0.08917656,0,-0.023671464,1.41E-05,0.0001071,1.83E-05,0,0.00310389,1.92E-05,1.21E-06,0.031972089504938773,0.03314295963052484,0.012198989948146426,0.003104666060423462,0.0006669010393665135,6.027571671947256e-05,1.6195515196647263e-05,0.0049626632361062795,8.943252988738323e-05,0.000405905,3.48E-05,174.40116680374734,0.00075879,0.14286422,0.0004399649516975513,6.142326878555512,0.0028260302976887627,0.000320351,15.971710748916953,32.97056742644845,35.766118123348726,9.125801929596461,0.22134505565056614,61.90139367837102,-1.8705418339379956,1.0810498479976347
2083,4.284650715735105e-05,7.1025769826655546e-06,2.52E-06,1.10E-06,8.88E-06,5.92E-06,2.57E-06,0.0004610825158153362,-2.931105582052103,0.00073407,0.0022172535994246932,0,3.81E-07,0.000132221,0.00235362,7.00E-08,0.08974884,0,-0.023882676,1.32E-05,0.0001035,1.76E-05,0,0.002958509,1.76E-05,1.08E-06,0.03204263476197578,0.03335564871992901,0.012224847880513609,0.003101377073194457,0.0006638877808920337,6.056411727793893e-05,1.5236570217898411e-05,0.00498964989712038,8.409327437171856e-05,0.000408511,3.48E-05,172.8600720468058,0.0007264,0.14026333,0.0004321620048802603,6.159612496196676,0.0027759301670725552,0.000314518,15.603081967993802,32.74747389644933,34.02645942820523,8.538853218549358,0.21028256775974816,61.890835693588535,-1.9733012677511677,1.0851380348634507
2084,4.090384436432254e-05,6.7883036648484945e-06,2.41E-06,1.05E-06,8.49E-06,5.66E-06,2.46E-06,0.00045251201289862566,-3.046297251399776,0.00069476,0.0021761388587543022,0,3.58E-07,0.00012765,0.00226136,6.00E-08,0.09032112,0,-0.024093888,1.23E-05,9.99E-05,1.69E-05,0,0.002813129,1.60E-05,9.52E-07,0.03211317877185895,0.033568337809333174,0.012250705812880791,0.0030980880859654515,0.0006608745224175538,6.0924617976021905e-05,1.427762523914956e-05,0.005016636558134481,7.87540188560539e-05,0.000411118,3.47E-05,171.31897742406983,0.00069401,0.13766244,0.0004243590580629693,6.176898113837842,0.0027258300364563473,0.000308686,15.234453187070653,32.52438037857063,32.286800748435425,7.95190450910633,0.19922007820069676,61.88027769788251,-2.0760607015643395,1.0892262217292665
2085,3.906910728201783e-05,6.474030347031434e-06,2.30E-06,9.98E-07,8.10E-06,5.40E-06,2.35E-06,0.00044394150998191515,-3.161488922044853,0.00065545,0.0021350241180839113,0,3.36E-07,0.000123078,0.0021691,5.00E-08,0.0908934,0,-0.0243051,1.14E-05,9.63E-05,1.62E-05,0,0.002667748,1.43E-05,8.21E-07,0.03218372402889596,0.03378102689873734,0.012276563745247973,0.0030948009371865462,0.0006578612639430738,6.128511867410488e-05,1.3318680260400708e-05,0.005043624537114055,7.341476334038923e-05,0.000413724,3.47E-05,169.77788280133385,0.00066162,0.13506155,0.0004165561112456783,6.194183731479006,0.0026757299058401394,0.000302853,14.8658243933575,32.301286860691945,30.547142068665615,7.364955799663302,0.18815758864164536,61.869719713100025,-2.178820135377512,1.0933144085950828
2086,3.7126444488989326e-05,6.159757029214374e-06,2.18E-06,9.48E-07,7.70E-06,5.14E-06,2.24E-06,0.00043537100706520464,-3.276680591392527,0.00061614,0.0020939093774135207,0,3.14E-07,0.000118507,0.00207684,4.00E-08,0.09146568,0,-0.024516312,1.06E-05,9.27E-05,1.54E-05,0,0.002522367,1.27E-05,6.90E-07,0.032254269285932974,0.033993715988141514,0.012302421677615156,0.0030915119499575414,0.0006548459952894916,6.157351923257126e-05,1.2359735281651855e-05,0.005070611198128155,6.807550782472456e-05,0.00041633,3.47E-05,168.23678817859786,0.00062923,0.13246066,0.00040875316442838723,6.21146934912017,0.002625629775223932,0.00029702,14.49719561243435,32.07819334281324,28.80748338889581,6.7780070902202745,0.17709510075082738,61.859161728317545,-2.2815795710090847,1.0974025954608986
2087,3.518378169596081e-05,5.845483711397315e-06,2.07E-06,8.98E-07,7.31E-06,4.88E-06,2.13E-06,0.00042680050414849413,-3.391872262037604,0.00057683,0.0020527962787056167,0,2.91E-07,0.000113935,0.00198458,3.00E-08,0.09203796,0,-0.024727524,9.67E-06,8.91E-05,1.47E-05,0,0.002376986,1.11E-05,5.58E-07,0.03232481329581614,0.03420640507754568,0.012328279609982338,0.003088222962728536,0.0006518327368150116,6.193401993065422e-05,1.1400790302903006e-05,0.005097597859142256,6.273625230905989e-05,0.000418937,3.46E-05,166.69569355586188,0.00059684,0.12985977,0.0004009502176110962,6.228754966761336,0.002575529644607724,0.000291187,14.128566831511199,31.85509982493455,27.067824709126,6.19105837917317,0.16603261119177598,61.848603743535065,-2.3843390048222566,1.1014907823267146
2088,3.32411189029323e-05,5.531210393580254e-06,1.96E-06,8.48E-07,6.91E-06,4.62E-06,2.02E-06,0.00041823000123178357,-3.507063931385278,0.00053752,0.0020116815380352257,0,2.69E-07,0.000109364,0.00189232,2.00E-08,0.09261024,0,-0.024938736,8.78E-06,8.55E-05,1.40E-05,0,0.002231606,9.52E-06,4.27E-07,0.03239535855285315,0.03441909416694985,0.012354137542349519,0.003084935813949631,0.0006488194783405318,6.22224204891206e-05,1.0441845324154154e-05,0.005124584520156357,5.739699679339521e-05,0.000421543,3.46E-05,165.15459879892035,0.00056445,0.12725888,0.0003931453151680365,6.2460405844025,0.0025254295139915165,0.000285355,13.75993805058805,31.632006294935433,25.328166029356193,5.604109669730142,0.15497012163272458,61.83804575875258,-2.4870984386354285,1.1055789691925304
2089,3.1406381820627596e-05,5.216937075763194e-06,1.85E-06,7.98E-07,6.52E-06,4.36E-06,1.91E-06,0.0004096565702307148,-3.622255602030355,0.00049821,0.001970566797364835,0,2.46E-07,0.000104792,0.00180006,1.00E-08,0.09318252,0,-0.025149948,7.89E-06,8.19E-05,1.33E-05,0,0.002086225,7.91E-06,2.96E-07,0.03246590256273632,0.03463178325635402,0.012379995474716701,0.0030816468267206255,0.0006458042096869495,6.258292118720356e-05,9.482900345405303e-06,0.005151571181170458,5.205774127773054e-05,0.000424149,3.45E-05,163.6135041761844,0.00053206,0.12465799,0.0003853423683507454,6.263326202043665,0.0024753293833753086,0.000279522,13.3913092696649,31.408912777056734,23.588507349586383,5.017160960287114,0.1439076320736732,61.827487763046555,-2.5898578742670013,1.1096671560583464
2090,2.9463719027599084e-05,4.902663757946134e-06,1.73E-06,7.49E-07,6.13E-06,4.10E-06,1.80E-06,0.00040108606731400424,-3.737447272675431,0.0004589,0.0019294520566944442,0,2.24E-07,0.000100221,0.0017078,0,0.0937548,0,-0.02536116,7.00E-06,7.83E-05,1.26E-05,0,0.001940844,6.30E-06,1.64E-07,0.032536447819773336,0.03484447234575819,0.012405853407083884,0.00307835783949162,0.0006427909512124695,6.287132174566994e-05,8.523955366656453e-06,0.0051785591601500305,4.671848576206587e-05,0.000426756,3.45E-05,162.0724095534484,0.00049967,0.1220571,0.0003775394215334544,6.280611819684831,0.0024252292527591006,0.000273689,13.022680475951747,31.185819259178043,21.848848654442897,4.430212250844086,0.1328451441828552,61.816929778264075,-2.692617308080173,1.1137553429241622
2091,2.752105623457057e-05,4.582104973772734e-06,1.62E-06,6.99E-07,5.73E-06,3.83E-06,1.68E-06,0.0003925155643972938,-3.8550630414375604,0.00043762,0.0018883373160240534,0,2.02E-07,9.71E-05,0.00164769,1.20E-06,0.09366751,0,-0.025572363,7.10E-06,7.58E-05,1.22E-05,0,0.001866795,7.76E-06,1.05E-06,0.03238849671241795,0.03481203143304065,0.012349398541586737,0.003057550261259154,0.0006363784798758511,6.272712146643676e-05,7.671559829990808e-06,0.005166657931933713,4.204663718585928e-05,0.000426358,3.43E-05,160.85878064995205,0.00046727,0.11945621,0.00036948419899199536,6.290895028269391,0.0023734910287002402,0.000267856,12.618444740393173,31.05286531529217,19.29720267042802,3.745602857730829,0.11569205618272943,61.780214085375974,-2.879404591708225,1.1165688246685754
2092,2.568631915226587e-05,4.261546189599333e-06,1.51E-06,6.49E-07,5.34E-06,3.56E-06,1.56E-06,0.0003839450614805832,-3.97267881019969,0.00041634,0.0018472242173161494,0,1.79E-07,9.39E-05,0.00158758,2.40E-06,0.09358022,0,-0.025783566,7.20E-06,7.34E-05,1.17E-05,0,0.001792746,9.22E-06,1.94E-06,0.03224054560506256,0.034779590520323124,0.012292943676089591,0.0030367408445765884,0.0006299639983601304,6.258292118720356e-05,6.819164293325163e-06,0.005154756703717395,3.7374788609652696e-05,0.00042596,3.40E-05,159.6451517464557,0.00043487,0.11685532,0.00036142897645053627,6.301178236853951,0.0023217528046413794,0.000262024,12.2142089984396,30.919911371406297,16.745556686413146,3.0609934646175723,0.09853896985083709,61.74349839248787,-3.0661918753362776,1.1193823051463796
2093,2.3743656359237356e-05,3.940987405425931e-06,1.40E-06,5.99E-07,4.95E-06,3.29E-06,1.44E-06,0.00037537455856387266,-4.09029457896182,0.00039506,0.0018061094766457586,0,1.57E-07,9.07E-05,0.00152747,3.60E-06,0.09349293,0,-0.025994769,7.30E-06,7.09E-05,1.12E-05,0,0.001718697,1.07E-05,2.82E-06,0.03209259449770716,0.03474714960760559,0.012236488810592444,0.003015931427894022,0.0006235515270235121,6.243872090797038e-05,5.966768756659518e-06,0.005142855475501077,3.270294003344611e-05,0.000425563,3.38E-05,158.43152284295934,0.00040247,0.11425443,0.0003533737539090772,6.311461445438511,0.0022700145805825186,0.000256191,11.809973257765026,30.78695742752043,14.193910702398268,2.376384073108391,0.08138588185071131,61.70678269959978,-3.2529791589643295,1.1221957868907928
2094,2.1800993566208844e-05,3.6204286212525302e-06,1.29E-06,5.49E-07,4.55E-06,3.02E-06,1.32E-06,0.00036680405564716215,-4.207910347723949,0.00037378,0.0017649947359753677,0,1.34E-07,8.76E-05,0.00146736,4.80E-06,0.09340564,0,-0.026205972,7.40E-06,6.84E-05,1.08E-05,0,0.001644647,1.21E-05,3.71E-06,0.031944643390351773,0.03471470869488806,0.012180033945095297,0.0029951238496615565,0.0006171370455077914,6.22945206287372e-05,5.114373219993871e-06,0.005130954247284759,2.8031091457239524e-05,0.000425165,3.36E-05,157.217893939463,0.00037007,0.11165354,0.00034531853136761815,6.321744654023072,0.0022182763565236577,0.000250358,11.405737515811454,30.654003483634558,11.642264716846025,1.691774679995134,0.06423279551881897,61.670067006711676,-3.4397664425923815,1.125009267368597
2095,1.996625648390414e-05,3.299869837079129e-06,1.17E-06,4.99E-07,4.16E-06,2.75E-06,1.20E-06,0.00035823062464609333,-4.3255261164860785,0.0003525,0.0017238799953049769,0,1.12E-07,8.44E-05,0.00140725,6.00E-06,0.09331835,0,-0.026417175,7.50E-06,6.60E-05,1.04E-05,0,0.001570598,1.36E-05,4.60E-06,0.03179669353015023,0.034682267782170526,0.012123579079598152,0.0029743144329789904,0.0006107245741711729,6.2150320349504e-05,4.261977683328227e-06,0.0051190543370339125,2.3359242881032934e-05,0.000424767,3.33E-05,156.00426503596665,0.00033767,0.10905265,0.00033726330882615906,6.332027861404725,0.002166538132464797,0.000244526,11.001501773857878,30.521049539748685,9.090618731293782,1.0071652884859528,0.0470797075186932,61.63335131382358,-3.6265537262204335,1.1278227491130102
2096,1.802359369087563e-05,2.9793110529057284e-06,1.06E-06,4.49E-07,3.76E-06,2.48E-06,1.08E-06,0.0003496601217293828,-4.443141885248208,0.00033122,0.0016827668965970729,0,8.96E-08,8.12E-05,0.00134714,7.20E-06,0.09323106,0,-0.026628378,7.60E-06,6.35E-05,9.90E-06,0,0.001496549,1.51E-05,5.48E-06,0.031648742422794834,0.03464982686945299,0.012067124214101005,0.0029535050162964246,0.0006043100926554523,6.200612007027081e-05,3.4095821466625815e-06,0.005107153108817594,1.8687394304826348e-05,0.000424369,3.31E-05,154.7906361324703,0.00030527,0.10645176,0.0003292080862847,6.342311069989287,0.002114799908405936,0.000238693,10.597266033183304,30.388095583742388,6.5389727442041705,0.3225558953726959,0.029926621186800846,61.59663562093548,-3.813341009848486,1.1306362295908143
2097,1.6080930897847117e-05,2.658752268732327e-06,9.49E-07,3.99E-07,3.37E-06,2.21E-06,9.60E-07,0.0003410896188126723,-4.560757654010338,0.00030994,0.0016416521559266821,0,6.72E-08,7.81E-05,0.00128703,8.40E-06,0.09314377,0,-0.026839581,7.70E-06,6.10E-05,9.45E-06,0,0.0014225,1.65E-05,6.37E-06,0.031500791315439446,0.03461738595673546,0.01201066934860386,0.0029326974380639585,0.0005978976213188339,6.186191979103763e-05,2.5571866099969356e-06,0.005095251880601276,1.4015545728619762e-05,0.000423972,3.29E-05,153.57700722897394,0.00027287,0.10385087,0.0003211528637432409,6.352594278573846,0.0020630616843470753,0.00023286,10.193030291229732,30.255141639856515,3.987326758651927,-0.36205349774056106,0.012773533186675075,61.55991992804738,-4.000128293476537,1.1334497113352275
2098,1.4138268104818608e-05,2.3381934845589257e-06,8.37E-07,3.49E-07,2.98E-06,1.94E-06,8.40E-07,0.0003325191158959618,-4.678373422772467,0.00028866,0.0016005374152562913,0,4.48E-08,7.49E-05,0.00122692,9.60E-06,0.09305648,0,-0.027050784,7.80E-06,5.85E-05,9.00E-06,0,0.001348451,1.80E-05,7.26E-06,0.03135284020808406,0.03458494504401793,0.011954214483106712,0.0029118880213813924,0.0005914831398031132,6.171771951180443e-05,1.7047910733312908e-06,0.005083350652384958,9.343697152413174e-06,0.000423574,3.26E-05,152.36337832547758,0.00024047,0.10124998,0.00031309764120178186,6.362877487158407,0.0020113234602882144,0.000227027,9.78879455055516,30.12218769597065,1.435680773099684,-1.0466628892497423,-0.004379553145217275,61.52320423515928,-4.18691557710459,1.1362631918130317
2099,1.2303531022513902e-05,2.017634700385525e-06,7.25E-07,2.99E-07,2.58E-06,1.67E-06,7.20E-07,0.0003239486129792513,-4.795989191534597,0.00026738,0.0015594226745859004,0,2.24E-08,7.17E-05,0.00116681,1.08E-05,0.09296919,0,-0.027261987,7.90E-06,5.61E-05,8.55E-06,0,0.001274402,1.95E-05,8.14E-06,0.031204889100728668,0.0345525041313004,0.011897759617609565,0.0028910786046988262,0.0005850706684664949,6.157351923257126e-05,8.523955366656454e-07,0.00507144942416864,4.671848576206587e-06,0.000423176,3.24E-05,151.14974942198123,0.00020807,0.09864909,0.00030504241866032277,6.373160695742968,0.0019595852362293536,0.000221195,9.384558808601584,29.989233752084775,-1.1159652124525596,-1.7312722823629993,-0.02153264114534305,61.48648854227119,-4.373702860732642,1.139076673557445
2100,1.0360868229485391e-05,1.6970759162121236e-06,6.12E-07,2.50E-07,2.19E-06,1.40E-06,6.00E-07,0.0003153781100625408,-4.913604960296726,0.0002461,0.0015183079339155096,0,0,6.86E-05,0.0011067,1.20E-05,0.0928819,0,-0.02747319,8.00E-06,5.36E-05,8.10E-06,0,0.001200353,2.09E-05,9.03E-06,0.031056937993373276,0.034520063218582864,0.01184130475211242,0.0028702710264663605,0.0005786561869507741,6.142931895333806e-05,0.0,0.005059549513917795,0.0,0.000422778,3.22E-05,149.9361205184849,0.00017567,0.0960482,0.00029698524049309494,6.383443903124621,0.0019078470121704928,0.000215362,8.980323066648012,29.856279808198902,-3.667611199542171,-2.415881675476256,-0.03868572747723539,61.44977284938309,-4.560490144360694,1.141890154035249
2101,1.0296112803051108e-05,1.6845049834994412e-06,6.08E-07,2.48E-07,2.17E-06,1.39E-06,5.96E-07,0.0003132757454932896,-4.89675600038219,0.000244459,0.0015081868771466482,0,0,6.81E-05,0.001099322,1.19E-05,0.090618301,0,-0.029296201,7.95E-06,5.32E-05,8.05E-06,0,0.00119235,2.08E-05,8.97E-06,0.030849891748398483,0.034289930090306654,0.011762362720431668,0.0028511345993748483,0.0005747986532532911,6.09967181156385e-05,0.0,0.0050258188235811135,0.0,0.00041996,3.20E-05,149.5354761326107,-0.000526086,0.066902913,0.0002950061472151254,6.3757939525083325,0.0018951273229579956,0.000213926,8.911017027018675,29.698432257392252,-5.144731670151267,-2.6255242464379838,-0.04934078605597271,61.33909238513116,-4.617130800942639,1.1342775530167915
2102,1.0220564805544445e-05,1.6719340507867588e-06,6.04E-07,2.46E-07,2.16E-06,1.38E-06,5.92E-07,0.00031117338092403844,-4.879907039170251,0.000242819,0.0014980641784153,0,0,6.77E-05,0.001091944,1.18E-05,0.088354703,0,-0.031119211,7.89E-06,5.29E-05,7.99E-06,0,0.001184348,2.07E-05,8.91E-06,0.030642845503423683,0.03405979508248742,0.011683420688750919,0.0028320000107334357,0.0005709411195558081,6.063621741755553e-05,0.0,0.0049920881332444315,0.0,0.000417141,3.17E-05,149.13483174673655,-0.001227842,0.037757625,0.00029302705393715586,6.368144001892044,0.0018824097611395798,0.000212491,8.84171098611034,29.540584706585605,-6.621852142297731,-2.8351668173997115,-0.05999584463471003,61.22841190995568,-4.673771455706182,1.1266649519983338
2103,1.015580937911016e-05,1.6656485844304175e-06,6.00E-07,2.45E-07,2.14E-06,1.37E-06,5.88E-07,0.00030907101635478727,-4.8630580792557145,0.000241178,0.0014879431216464386,0,0,6.72E-05,0.001084566,1.18E-05,0.086091104,0,-0.032942222,7.84E-06,5.25E-05,7.94E-06,0,0.001176345,2.05E-05,8.85E-06,0.03043579925844889,0.03382966195421121,0.01160447865707017,0.002812865422092023,0.0005670835858583252,6.0203616579855965e-05,0.0,0.0049583574429077504,0.0,0.000414323,3.15E-05,148.7341873608624,-0.001929598,0.008612338,0.0002910460050334175,6.360494050072848,0.001869690071927083,0.000211055,8.772404945202002,29.38273715577896,-8.098972612906826,-3.0448093883614393,-0.07065090321344734,61.11773143478021,-4.730412110469725,1.1190523509798762
2104,1.0080261381603497e-05,1.653077651717735e-06,5.96E-07,2.43E-07,2.13E-06,1.36E-06,5.84E-07,0.0003069686517855361,-4.846209119341179,0.000239537,0.0014778204229150902,0,0,6.67E-05,0.001077188,1.17E-05,0.083827505,0,-0.034765233,7.79E-06,5.22E-05,7.88E-06,0,0.001168343,2.04E-05,8.79E-06,0.03022875301347409,0.033599528825935,0.011525536625389422,0.002793728995000511,0.0005632260521608423,5.97710157421564e-05,0.0,0.004924628070536543,0.0,0.000411504,3.13E-05,148.33354284078266,-0.002631354,-0.020532949,0.000289066911755448,6.352844099456559,0.0018569703827145858,0.000209619,8.703098904293666,29.224889617092735,-9.576093083515923,-3.2544519593231667,-0.08130596179218465,61.00705097052828,-4.787052765233269,1.1114397499614186
2105,1.0015505955169212e-05,1.6405067190050527e-06,5.92E-07,2.41E-07,2.12E-06,1.35E-06,5.80E-07,0.00030486335913192667,-4.829360159426642,0.000237897,0.0014676977241837423,0,0,6.63E-05,0.00106981,1.16E-05,0.081563907,0,-0.036588243,7.73E-06,5.18E-05,7.83E-06,0,0.001160341,2.02E-05,8.73E-06,0.030021706768499298,0.03336939381811575,0.01144659459370867,0.0027745944063590983,0.0005593685184633594,5.941051504407343e-05,0.0,0.004890897380199862,0.0,0.000408686,3.11E-05,147.9328984549085,-0.00333311,-0.049678237,0.00028708586285170964,6.345194148840271,0.00184425282089617,0.000208183,8.63379286338533,29.06704206628609,-11.053213555662387,-3.4640945302848944,-0.09196102037092198,60.89637049535282,-4.843693421815213,1.103827148942961
2106,9.950750528734928e-06,1.6279357862923705e-06,5.88E-07,2.40E-07,2.10E-06,1.34E-06,5.76E-07,0.0003027609945626755,-4.812511199512106,0.000236256,0.0014575766674148809,0,0,6.58E-05,0.001062432,1.15E-05,0.079300308,0,-0.038411254,7.68E-06,5.15E-05,7.78E-06,0,0.001152338,2.01E-05,8.67E-06,0.029814660523524498,0.03313926068983955,0.011367652562027921,0.002755459817717686,0.0005555109847658763,5.897791420637387e-05,0.0,0.00485716668986318,0.0,0.000405867,3.09E-05,147.5322540690343,-0.004034866,-0.078823524,0.0002851067695737401,6.337544197021075,0.0018315331316836729,0.000206748,8.564486822476994,28.909194515479438,-12.53033402627148,-3.6737371012466222,-0.1026160789496593,60.78569002017735,-4.900334076578757,1.0962145479245033
2107,9.875202531228265e-06,1.6153648535796879e-06,5.84E-07,2.38E-07,2.09E-06,1.33E-06,5.72E-07,0.0003006586299934243,-4.79566223959757,0.000234615,0.0014474539686835325,0,0,6.54E-05,0.001055054,1.14E-05,0.077036709,0,-0.040234265,7.63E-06,5.11E-05,7.72E-06,0,0.001144336,2.00E-05,8.61E-06,0.029607614278549705,0.03290912756156334,0.011288710530347173,0.002736325229076274,0.0005516534510683934,5.85453133686743e-05,0.0,0.004823437317491972,0.0,0.000403049,3.07E-05,147.13160968316015,-0.004736622,-0.107968811,0.00028312767629577057,6.329894246404788,0.001818813442471176,0.000205312,8.495180781568656,28.751346964672788,-14.007454498417944,-3.8833796738124255,-0.1132711375283966,60.67500954500187,-4.9569747313423,1.0886019469060457
2108,9.81044710479398e-06,1.6090793872233468e-06,5.80E-07,2.36E-07,2.07E-06,1.33E-06,5.68E-07,0.00029855626542417315,-4.7788132783856305,0.000232975,0.001437332911914671,0,0,6.49E-05,0.001047676,1.14E-05,0.074773111,0,-0.042057275,7.57E-06,5.07E-05,7.67E-06,0,0.001136334,1.98E-05,8.55E-06,0.02940056803357491,0.0326789925537441,0.011209768498666423,0.0027171888019847613,0.0005477959173709105,5.8184812670591334e-05,0.0,0.004789706627155291,0.0,0.00040023,3.05E-05,146.730965297286,-0.005438378,-0.137114099,0.0002811466273920323,6.322244295788498,0.0018060958806527603,0.000203876,8.425874741939321,28.593499413866137,-15.48457496902704,-4.093022244774153,-0.12392619443890049,60.56432908074994,-5.013615386105843,1.080989345887588
2109,9.734899107287317e-06,1.5965084545106644e-06,5.76E-07,2.35E-07,2.06E-06,1.32E-06,5.64E-07,0.000296453900854922,-4.761964318471095,0.000231334,0.001427210213183323,0,0,6.45E-05,0.001040298,1.13E-05,0.072509512,0,-0.043880286,7.52E-06,5.04E-05,7.61E-06,0,0.001128331,1.97E-05,8.49E-06,0.02919352178860011,0.032448859425467894,0.011130826466985674,0.002698054213343349,0.0005439363734943251,5.775221183289177e-05,0.0,0.004755975936818609,0.0,0.000397412,3.02E-05,146.3303209114118,-0.006140134,-0.166259386,0.0002791675341140627,6.314594343969302,0.0017933761914402631,0.00020244,8.356568701030985,28.43565186305949,-16.961695445785608,-4.302664815735881,-0.13458125301763782,60.45364860557447,-5.070256042687788,1.0733767448691305
2110,9.670143680853033e-06,1.583937521797982e-06,5.71E-07,2.33E-07,2.04E-06,1.31E-06,5.60E-07,0.0002943515362856708,-4.745115358556558,0.000229693,0.0014170875144519748,0,0,6.40E-05,0.00103292,1.12E-05,0.070245913,0,-0.045703297,7.47E-06,5.00E-05,7.56E-06,0,0.001120329,1.95E-05,8.43E-06,0.028986475543625316,0.03221872629719168,0.011051884435304924,0.0026789196247019365,0.0005400788397968421,5.73196109951922e-05,0.0,0.0047222452464819285,0.0,0.000394593,3.00E-05,145.92967652553762,-0.00684189,-0.195404673,0.00027718648521032446,6.306944393353014,0.001780656502227766,0.000201005,8.287262660122648,28.277804312252844,-18.438815907170497,-4.512307386697609,-0.14523631159637512,60.34296813039901,-5.126896697451331,1.065764143850673
2111,9.605388254418748e-06,1.5713665890852997e-06,5.67E-07,2.31E-07,2.03E-06,1.30E-06,5.56E-07,0.0002922228189571951,-4.728266398642022,0.000228053,0.0014069664576831134,0,0,6.35E-05,0.001025542,1.11E-05,0.067982315,0,-0.047526307,7.41E-06,4.97E-05,7.51E-06,0,0.001112327,1.94E-05,8.37E-06,0.028779429298650516,0.031988591289372446,0.010972942403624173,0.0026597831976104243,0.0005362213060993592,5.6959110297109236e-05,0.0,0.00468851587411072,0.0,0.000391775,2.98E-05,145.52903213966346,-0.007543646,-0.224549961,0.0002752073919323549,6.299294442736725,0.0017679389404093506,0.000199569,8.217956619214313,28.119956761446193,-19.915936383929065,-4.721949957659336,-0.15589137017511245,60.23228766614707,-5.183537352214874,1.0581515428322155
2112,9.529840256912085e-06,1.5587956563726171e-06,5.63E-07,2.30E-07,2.01E-06,1.29E-06,5.52E-07,0.0002901731599063931,-4.711417438727485,0.000226412,0.001396843758951765,0,0,6.31E-05,0.001018164,1.10E-05,0.065718716,0,-0.049349318,7.36E-06,4.93E-05,7.45E-06,0,0.001104324,1.93E-05,8.31E-06,0.028572383053675723,0.03175845816109624,0.010894000371943425,0.0026406486089690117,0.0005323637724018762,5.652650945940967e-05,0.0,0.004654785183774038,0.0,0.000388956,2.96E-05,145.12838761958375,-0.008245402,-0.253695248,0.0002732263430286166,6.29164449091753,0.0017552192511968534,0.000198133,8.148650578305976,27.962109210639547,-21.393056860687633,-4.9315925286210645,-0.16654642875384976,60.1216071909716,-5.240178006978418,1.0505389418137578
2113,9.465084830477802e-06,1.552510190016276e-06,5.59E-07,2.28E-07,2.00E-06,1.28E-06,5.48E-07,0.00028812350085559115,-4.69456847881295,0.000224771,0.0013867227021829038,0,0,6.26E-05,0.001010786,1.10E-05,0.063455117,0,-0.051172329,7.31E-06,4.90E-05,7.40E-06,0,0.001096322,1.91E-05,8.25E-06,0.028365336808700924,0.03152832503282003,0.010815058340262676,0.002621514020327599,0.0005285062387043933,5.6093908621710105e-05,0.0,0.004621054493437357,0.0,0.000386137,2.94E-05,144.72774323370956,-0.008947158,-0.282840535,0.00027124724975064704,6.283994540301241,0.0017424995619843562,0.000196697,8.07934453739764,27.8042616598329,-22.870177322072518,-5.141235099582792,-0.1772014873325871,60.01092671579613,-5.296818661741962,1.0429263407953002
2114,9.389536832971137e-06,1.5399392573035934e-06,5.55E-07,2.26E-07,1.98E-06,1.27E-06,5.44E-07,0.0002860738418047892,-4.677719517601011,0.000223131,0.0013766000034515556,0,0,6.22E-05,0.001003408,1.09E-05,0.061191519,0,-0.052995339,7.25E-06,4.86E-05,7.34E-06,0,0.00108832,1.90E-05,8.19E-06,0.02815829056372613,0.03129819002500078,0.010736116308581928,0.002602377593236087,0.0005246487050069103,5.566130778401055e-05,0.0,0.004587323803100676,0.0,0.000383319,2.92E-05,144.3270988478354,-0.009648914,-0.311985823,0.0002692681564726775,6.276344588482045,0.0017297820001659404,0.000195262,8.010038497768303,27.64641410902625,-24.34729779883109,-5.350877672148594,-0.1878565459113244,59.90024624062066,-5.353459318323906,1.0353137397768426
2115,9.324781406536853e-06,1.5273683245909112e-06,5.51E-07,2.25E-07,1.97E-06,1.26E-06,5.40E-07,0.00028373137431815835,-4.660870557686475,0.00022149,0.0013664773047202072,0,0,6.17E-05,0.00099603,1.08E-05,0.05892792,0,-0.05481835,7.20E-06,4.82E-05,7.29E-06,0,0.001080317,1.88E-05,8.13E-06,0.027951244318751334,0.031068056896724573,0.010657174276901176,0.0025832430045946743,0.0005207911713094274,5.530080708592757e-05,0.0,0.004553594430729467,0.0,0.0003805,2.90E-05,143.9264544619612,-0.01035067,-0.34113111,0.00026728710756893917,6.2686946378657575,0.0017170623109534437,0.000193826,7.940732456859966,27.488566558219603,-25.824418275589654,-5.5605202431103224,-0.19851160449006172,59.78956577636873,-5.410099973087449,1.027701138758385
2116,9.260025980102568e-06,1.5147973918782286e-06,5.47E-07,2.23E-07,1.95E-06,1.25E-06,5.36E-07,0.00028168171526735635,-4.644021597771938,0.000219849,0.0013563562479513458,0,0,6.13E-05,0.000988652,1.07E-05,0.056664321,0,-0.056641361,7.15E-06,4.79E-05,7.24E-06,0,0.001072315,1.87E-05,8.07E-06,0.027744198073776538,0.03083792376844837,0.010578232245220427,0.002564108415953262,0.0005169336376119444,5.486820624822802e-05,0.0,0.004519863740392786,0.0,0.000377682,2.87E-05,143.52581007608705,-0.011052426,-0.370276397,0.00026530801429096963,6.261044687249468,0.0017043426217409465,0.00019239,7.87142641595163,27.330719019533376,-27.301538736974546,-5.77016281407205,-0.20916666306879902,59.678885301193255,-5.466740627850993,1.0200885377399274
2117,9.184477982595905e-06,1.5022264591655464e-06,5.43E-07,2.21E-07,1.94E-06,1.24E-06,5.32E-07,0.0002796320562165544,-4.627172637857401,0.000218209,0.0013462335492199979,0,0,6.08E-05,0.000981274,1.06E-05,0.054400723,0,-0.058464371,7.09E-06,4.75E-05,7.18E-06,0,0.001064313,1.86E-05,8.01E-06,0.027537151828801742,0.03060778876062913,0.010499290213539677,0.00254497382731185,0.0005130761039144615,5.4435605410528455e-05,0.0,0.004486133050056106,0.0,0.000374863,2.85E-05,143.1251656902129,-0.011754182,-0.399421685,0.00026332696538723134,6.253394735430273,0.0016916250599225307,0.000190954,7.802120375043295,27.172871468726726,-28.778659213733114,-5.979805385033777,-0.21982171997930292,59.56820482601779,-5.523381282614536,1.0124759367214697
2118,9.119722556161622e-06,1.4959409928092053e-06,5.39E-07,2.20E-07,1.93E-06,1.23E-06,5.28E-07,0.00027758239716575245,-4.610323677942866,0.000216568,0.0013361124924511363,0,0,6.03E-05,0.000973896,1.06E-05,0.052137124,0,-0.060287382,7.04E-06,4.72E-05,7.13E-06,0,0.00105631,1.84E-05,7.95E-06,0.027330105583826942,0.03037765563235292,0.010420348181858928,0.0025258374002203373,0.0005092185702169785,5.4075104712445474e-05,0.0,0.004452403677684897,0.0,0.000372045,2.83E-05,142.7245213043387,-0.012455938,-0.428566972,0.0002613478721092618,6.245744784813984,0.0016789053707100335,0.000189519,7.732814334134958,27.01502391792008,-30.255779675118,-6.189447955995505,-0.23047677855804025,59.45752436176586,-5.58002193919648,1.0048633357030121
2119,9.044174558654956e-06,1.4833700600965227e-06,5.35E-07,2.18E-07,1.91E-06,1.22E-06,5.24E-07,0.00027553273811495044,-4.593474718028329,0.000214927,0.001325989793719788,0,0,5.99E-05,0.000966518,1.05E-05,0.049873525,0,-0.062110393,6.99E-06,4.68E-05,7.07E-06,0,0.001048308,1.83E-05,7.89E-06,0.02712305933885215,0.03014752250407671,0.01034140615017818,0.002506702811578925,0.0005053610365194955,5.364250387474592e-05,0.0,0.0044186729873482156,0.0,0.000369226,2.81E-05,142.32387691846455,-0.013157694,-0.457712259,0.0002593687788312922,6.238094834197695,0.0016661856814975367,0.000188083,7.663508293226622,26.857176367113432,-31.732900151876567,-6.399090526957233,-0.24113183713677755,59.34684388659039,-5.636662593960024,0.9972507346845546
2120,8.979419132220674e-06,1.4707991273838405e-06,5.31E-07,2.16E-07,1.90E-06,1.21E-06,5.20E-07,0.00027319027062831965,-4.576625756816391,0.000213287,0.0013158670949884397,0,0,5.94E-05,0.00095914,1.04E-05,0.047609927,0,-0.063933403,6.93E-06,4.65E-05,7.02E-06,0,0.001040306,1.81E-05,7.83E-06,0.02691601309387735,0.02991738749625747,0.010262464118497428,0.0024875682229375125,0.0005015035028220126,5.3209903037046357e-05,0.0,0.0043849422970115345,0.0,0.000366408,2.79E-05,141.92323239838484,-0.01385945,-0.486857547,0.0002573877299275539,6.2304448823785,0.001653468119679121,0.000186647,7.5942022523182855,26.69932881630678,-33.210020628635135,-6.608733097918961,-0.2517868957155149,59.23616341141492,-5.693303248723567,0.989638133666097
2121,8.91466370578639e-06,1.4582281946711578e-06,5.27E-07,2.15E-07,1.88E-06,1.20E-06,5.16E-07,0.0002711406115775177,-4.559776796901854,0.000211646,0.0013057460382195785,0,0,5.90E-05,0.000951762,1.03E-05,0.045346328,0,-0.065756414,6.88E-06,4.61E-05,6.97E-06,0,0.001032303,1.80E-05,7.77E-06,0.026708966848902557,0.029687254367981263,0.01018352208681668,0.002468431795846,0.0004976439589454273,5.284940233896338e-05,0.0,0.004351211606674853,0.0,0.000363589,2.77E-05,141.52258801251065,-0.014561206,-0.516002834,0.0002554086366495844,6.222794931762211,0.0016407484304666238,0.000185211,7.524896212688949,26.541481265500135,-34.68714109002002,-6.818375670484765,-0.26244195429425216,59.12548293623944,-5.749943903487111,0.9820255326476394
2122,8.839115708279724e-06,1.4456572619584756e-06,5.23E-07,2.13E-07,1.87E-06,1.19E-06,5.12E-07,0.0002690909525267157,-4.542927836987317,0.000210005,0.0012956233394882304,0,0,5.85E-05,0.000944384,1.02E-05,0.043082729,0,-0.067579425,6.83E-06,4.57E-05,6.91E-06,0,0.001024301,1.79E-05,7.71E-06,0.02650192060392776,0.029457121239705054,0.01010458005513593,0.0024492972072045877,0.0004937864252479442,5.2416801501263824e-05,0.0,0.004317482234303644,0.0,0.000360771,2.75E-05,141.12194362663647,-0.015262962,-0.545148121,0.0002534275877458461,6.215144981145922,0.0016280287412541266,0.000183776,7.455590171780613,26.383633714693488,-36.16426156677859,-7.0280182414464925,-0.2730970128729895,59.014802471987515,-5.806584560069055,0.9744129316291817
2123,8.774360281845442e-06,1.4393717956021346e-06,5.18E-07,2.11E-07,1.85E-06,1.19E-06,5.08E-07,0.00026704129347591374,-4.526078877072782,0.000208365,0.001285500640756882,0,0,5.81E-05,0.000937006,1.02E-05,0.040819131,0,-0.069402435,6.77E-06,4.54E-05,6.86E-06,0,0.001016298,1.77E-05,7.64E-06,0.026294874358952964,0.029226986231885813,0.010025638023455182,0.002430162618563175,0.0004899288915504614,5.198420066356426e-05,0.0,0.004283751543966964,0.0,0.000357952,2.72E-05,140.7212992407623,-0.015964718,-0.574293409,0.0002514484944678765,6.2074950293267275,0.001615311179435711,0.00018234,7.386284130872276,26.225786163886838,-37.641382043537156,-7.23766081240822,-0.2837520714517268,58.90412199681205,-5.863225214832599,0.9668003306107241
2124,8.698812284338777e-06,1.426800862889452e-06,5.14E-07,2.10E-07,1.84E-06,1.18E-06,5.04E-07,0.0002649916344251118,-4.509229917158245,0.000206724,0.0012753795839880206,0,0,5.76E-05,0.000929628,1.01E-05,0.038555532,0,-0.071225446,6.72E-06,4.50E-05,6.80E-06,0,0.001008296,1.76E-05,7.58E-06,0.026087828113978168,0.028996853103609607,0.009946695991774432,0.002411026191471663,0.0004860713578529784,5.162369996548129e-05,0.0,0.004250020853630283,0.0,0.000355134,2.70E-05,140.32065485488815,-0.016666474,-0.603438696,0.0002494674455641382,6.199845078710438,0.001602591490223214,0.000180904,7.31697808996394,26.06793861308019,-39.11850250492204,-7.447303383369948,-0.2944071300304641,58.79344152163658,-5.9198658695961415,0.9591877295922665
2125,8.634056857904494e-06,1.4142299301767697e-06,5.10E-07,2.08E-07,1.82E-06,1.17E-06,5.00E-07,0.0002629419753743098,-4.492380957243709,0.000205083,0.0012652568852566726,0,0,5.71E-05,0.00092225,1.00E-05,0.036291933,0,-0.073048457,6.67E-06,4.47E-05,6.75E-06,0,0.001000294,1.74E-05,7.52E-06,0.025880781869003368,0.028766719975333397,0.009867753960093682,0.0023918916028302503,0.0004822138241554954,5.1191099127781726e-05,0.0,0.004216291481259074,0.0,0.000352315,2.68E-05,139.92001046901396,-0.01736823,-0.632583983,0.0002474883522861687,6.19219512809415,0.0015898718010107168,0.000179468,7.247672049055604,25.910091062273544,-40.59562298168061,-7.656945954331675,-0.3050621886092015,58.68276105738465,-5.976506524359685,0.9515751285738091
2126,8.56930143147021e-06,1.4016589974640871e-06,5.06E-07,2.06E-07,1.81E-06,1.16E-06,4.96E-07,0.000260599507887679,-4.47553199603177,0.000203443,0.001255135828487811,0,0,5.67E-05,0.000914872,9.92E-06,0.034028335,0,-0.074871467,6.61E-06,4.43E-05,6.70E-06,0,0.000992291,1.73E-05,7.46E-06,0.025673735624028575,0.028536584967514156,0.009788811928412933,0.002372757014188838,0.0004783562904580125,5.075849829008216e-05,0.0,0.004182560790922393,0.0,0.000349497,2.66E-05,139.5193660831398,-0.018069986,-0.661729271,0.00024550925900819915,6.184545176274954,0.001577154239192301,0.000178033,7.178366008147268,25.752243511466894,-42.07274345843918,-7.866588525293404,-0.31571724718793875,58.572080582209175,-6.03314718094163,0.9439625275553515
2127,8.493753433963544e-06,1.389088064751405e-06,5.02E-07,2.05E-07,1.79E-06,1.15E-06,4.92E-07,0.00025854984883687704,-4.458683036117233,0.000201802,0.0012450131297564628,0,0,5.62E-05,0.000907494,9.84E-06,0.031764736,0,-0.076694478,6.56E-06,4.40E-05,6.64E-06,0,0.000984289,1.72E-05,7.40E-06,0.025466689379053775,0.02830645183923795,0.009709869896732183,0.0023536224255474255,0.0004744987567605295,5.0397997591999193e-05,0.0,0.004148830100585712,0.0,0.000346678,2.64E-05,139.11872169726564,-0.018771742,-0.690874558,0.00024352821010446086,6.176895225658665,0.001564434549979804,0.000176597,7.109059967238932,25.594395972780667,-43.54986391982407,-8.07623109625513,-0.32637230409844264,58.461400107033704,-6.089787835705173,0.9363499265368939
2128,8.428998007529262e-06,1.3828025983950636e-06,4.98E-07,2.03E-07,1.78E-06,1.14E-06,4.88E-07,0.00025650018978607504,-4.4418340762026975,0.000200161,0.0012348904310251145,0,0,5.58E-05,0.000900116,9.76E-06,0.029501137,0,-0.078517489,6.51E-06,4.36E-05,6.59E-06,0,0.000976287,1.70E-05,7.34E-06,0.025259643134078982,0.028076318710961737,0.009630927865051434,0.0023344859984559133,0.0004706412230630466,4.996539675429963e-05,0.0,0.004115099410249031,0.0,0.00034386,2.62E-05,138.7180771771859,-0.019473498,-0.720019845,0.00024154911682649133,6.169245275042377,0.001551714860767307,0.000175161,7.0397539276095955,25.43654842197402,-45.026984396582634,-8.285873668820933,-0.33702736267718,58.35071963185824,-6.1464284904687165,0.9287373255184362
2129,8.353450010022597e-06,1.3702316656823812e-06,4.94E-07,2.01E-07,1.77E-06,1.13E-06,4.84E-07,0.0002544505307352731,-4.424985116288161,0.000198521,0.0012247693742562533,0,0,5.53E-05,0.000892738,9.68E-06,0.027237539,0,-0.080340499,6.45E-06,4.32E-05,6.53E-06,0,0.000968284,1.69E-05,7.28E-06,0.025052596889104186,0.0278461837031425,0.009551985833370684,0.0023153514098145007,0.0004667836893655636,4.953279591660006e-05,0.0,0.004081370037877822,0.0,0.000341041,2.60E-05,138.31743279131175,-0.020175254,-0.749165133,0.000239568067922753,6.161595323223181,0.0015389972989488913,0.000173725,6.970447886701259,25.278700871167374,-46.504104873341205,-8.49551623978266,-0.3476824212559173,58.24003916760631,-6.20306914523226,0.9211247244999786
2130,8.288694583588312e-06,1.3576607329696988e-06,4.90E-07,2.00E-07,1.75E-06,1.12E-06,4.80E-07,0.0002524008716844711,-4.408136156373625,0.00019688,0.0012146466755249051,0,0,5.49E-05,0.00088536,9.60E-06,0.02497394,0,-0.08216351,6.40E-06,4.29E-05,6.48E-06,0,0.000960282,1.67E-05,7.22E-06,0.02484555064412939,0.02761605057486629,0.009473043801689934,0.0022962168211730885,0.0004629261556680807,4.9172295218517095e-05,0.0,0.004047639347541141,0.0,0.000338223,2.57E-05,137.91678840543756,-0.02087701,-0.77831042,0.00023758897464478345,6.153945372606893,0.0015262776097363941,0.00017229,6.901141845792923,25.120853320360723,-47.98122533472609,-8.705158810744388,-0.3583374798346546,58.129358692430834,-6.259709799995804,0.913512123481521
2131,8.22393915715403e-06,1.3450898002570164e-06,4.86E-07,1.98E-07,1.74E-06,1.11E-06,4.76E-07,0.0002500584041978403,-4.391287196459088,0.000195239,0.0012045256187560437,0,0,5.44E-05,0.000877982,9.52E-06,0.022710341,0,-0.083986521,6.35E-06,4.25E-05,6.43E-06,0,0.00095228,1.66E-05,7.16E-06,0.024638504399154593,0.027385917446590084,0.009394101770009185,0.002277080394081576,0.0004590686219705977,4.873969438081753e-05,0.0,0.00401390865720446,0.0,0.000335404,2.55E-05,137.5161440195634,-0.021578766,-0.807455707,0.00023560988136681388,6.146295420787697,0.0015135579205238971,0.000170854,6.831835804884586,24.963005769554076,-49.458345811484655,-8.914801381706116,-0.3689925384133919,58.01867821725536,-6.316350456577748,0.9058995224630634
2132,8.148391159647366e-06,1.332518867544334e-06,4.82E-07,1.96E-07,1.72E-06,1.10E-06,4.72E-07,0.0002480087451470383,-4.374438235247149,0.000193599,0.0011944029200246953,0,0,5.39E-05,0.000870604,9.44E-06,0.020446743,0,-0.085809531,6.29E-06,4.22E-05,6.37E-06,0,0.000944277,1.65E-05,7.10E-06,0.024431458154179797,0.027155782438770842,0.009315159738328437,0.0022579458054401637,0.0004552090780940124,4.8307093543117964e-05,0.0,0.003980177966867779,0.0,0.000332586,2.53E-05,137.11549963368924,-0.022280522,-0.836600995,0.00023362883246307557,6.138645470171408,0.0015008403587054814,0.000169418,6.76252976397625,24.805158218747426,-50.93546627286955,-9.124443952667844,-0.37964759699212924,57.907997753003436,-6.372991111341291,0.8982869214446058
2133,8.083635733213082e-06,1.3262334011879929e-06,4.78E-07,1.95E-07,1.71E-06,1.09E-06,4.68E-07,0.00024595908609623634,-4.357589275332613,0.000191958,0.0011842802212933474,0,0,5.35E-05,0.000863226,9.36E-06,0.018183144,0,-0.087632542,6.24E-06,4.18E-05,6.32E-06,0,0.000936275,1.63E-05,7.04E-06,0.024224411909205,0.026925649310494633,0.009236217706647686,0.0022388112167987515,0.00045135154439652944,4.7946592845035e-05,0.0,0.00394644859449657,0.0,0.000329767,2.51E-05,136.71485524781505,-0.022982278,-0.865746282,0.00023164973918510603,6.13099551955512,0.0014881206694929844,0.000167982,6.693223723067914,24.64731066794078,-52.41258674962811,-9.334086523629571,-0.3903026555708665,57.797317277827965,-6.429631766104835,0.8906743204261481
2134,8.008087735706418e-06,1.3136624684753105e-06,4.74E-07,1.93E-07,1.69E-06,1.08E-06,4.64E-07,0.0002439094270454344,-4.340740315418077,0.000190317,0.001174159164524486,0,0,5.30E-05,0.000855848,9.28E-06,0.015919545,0,-0.089455553,6.19E-06,4.15E-05,6.26E-06,0,0.000928273,1.62E-05,6.98E-06,0.0240173656642302,0.026695516182218423,0.009157275674966938,0.002219674789707239,0.00044749401069904646,4.751399200733543e-05,0.0,0.003912717904159889,0.0,0.000326949,2.49E-05,136.3142108619409,-0.023684034,-0.894891569,0.00022966869028136775,6.1233455677359245,0.0014754009802804872,0.000166547,6.623917682159577,24.489463117134132,-53.88970722638668,-9.5437290945913,-0.40095771414960385,57.686636802652494,-6.486272420868378,0.8830617194076905
2135,7.943332309272134e-06,1.301091535762628e-06,4.69E-07,1.91E-07,1.68E-06,1.07E-06,4.60E-07,0.0002418597679946324,-4.323891355503541,0.000188677,0.0011640364657931376,0,0,5.26E-05,0.00084847,9.20E-06,0.013655947,0,-0.091278563,6.13E-06,4.11E-05,6.21E-06,0,0.00092027,1.60E-05,6.92E-06,0.023810319419255408,0.026465381174399186,0.009078333643286187,0.0022005402010658267,0.00044363647700156354,4.7081391169635866e-05,0.0,0.003878987213823208,0.0,0.00032413,2.47E-05,135.91356647606673,-0.02438579,-0.924036857,0.0002276895970033982,6.115695617119636,0.0014626834184620716,0.000165111,6.554611642530241,24.331615566327482,-55.36682768777157,-9.753371667157102,-0.4116127727283412,57.57595632747702,-6.542913077450322,0.875449118389233
2136,7.87857688283785e-06,1.2885206030499456e-06,4.65E-07,1.90E-07,1.66E-06,1.06E-06,4.56E-07,0.00023981010894383043,-4.307042395589004,0.000187036,0.0011539154090242762,0,0,5.21E-05,0.000841092,9.12E-06,0.011392348,0,-0.093101574,6.08E-06,4.07E-05,6.16E-06,0,0.000912268,1.59E-05,6.86E-06,0.023603273174280615,0.026235248046122976,0.008999391611605439,0.0021814056124244137,0.00043977894330408056,4.67208904715529e-05,0.0,0.003845257841451999,0.0,0.000321311,2.45E-05,135.51292195598697,-0.025087546,-0.953182144,0.0002257085480996599,6.108045666503347,0.0014499637292495744,0.000163675,6.4853056016219055,24.173768015520835,-56.84394816453014,-9.96301423811883,-0.422267829638845,57.465275863225095,-6.599553732213866,0.8678365173707754
2137,7.803028885331186e-06,1.2759496703372632e-06,4.61E-07,1.88E-07,1.65E-06,1.05E-06,4.52E-07,0.00023746764145719964,-4.290193435674468,0.000185395,0.001143792710292928,0,0,5.17E-05,0.000833714,9.04E-06,0.009128749,0,-0.094924585,6.03E-06,4.04E-05,6.10E-06,0,0.000904266,1.58E-05,6.80E-06,0.023396226929305815,0.026005114917846767,0.008920449579924689,0.0021622710237830015,0.0004359214096065976,4.6288289633853333e-05,0.0,0.003811527151115318,0.0,0.000318493,2.42E-05,135.11227757011284,-0.025789302,-0.982327431,0.00022372945482169033,6.100395714684151,0.0014372440400370775,0.000162239,6.415999560713569,24.015920464714185,-58.321068641288704,-10.172656809080557,-0.4329228882175824,57.354595388049624,-6.656194386977409,0.8602239163523179
2138,7.738273458896902e-06,1.2696642039809221e-06,4.57E-07,1.86E-07,1.63E-06,1.05E-06,4.48E-07,0.00023541798240639766,-4.273344474462529,0.000183755,0.0011336700115615799,0,0,5.12E-05,0.000826336,8.96E-06,0.006865151,0,-0.096747595,5.97E-06,4.00E-05,6.05E-06,0,0.000896263,1.56E-05,6.74E-06,0.02318918068433102,0.025774979910027526,0.008841507548243938,0.002143134596691489,0.00043206387590911466,4.585568879615377e-05,0.0,0.003777796460778637,0.0,0.000315674,2.40E-05,134.71163318423865,-0.026491058,-1.011472719,0.0002217503615437208,6.092745764067863,0.0014245264782186617,0.000160804,6.346693519805233,23.858072913907534,-59.79818910267359,-10.382299380042285,-0.44357794679631973,57.24391491287415,-6.712835041740953,0.8526113153338603
2139,7.662725461390238e-06,1.2570932712682397e-06,4.53E-07,1.85E-07,1.62E-06,1.04E-06,4.44E-07,0.00023336832335559566,-4.256495514547993,0.000182114,0.0011235489547927185,0,0,5.07E-05,0.000818958,8.88E-06,0.004601552,0,-0.098570606,5.92E-06,3.97E-05,5.99E-06,0,0.000888261,1.55E-05,6.68E-06,0.022982134439356223,0.02554484678175132,0.00876256551656319,0.0021240000080500767,0.0004282063422116317,4.54230879584542e-05,0.0,0.003744065770441956,0.0,0.000312856,2.38E-05,134.31098879836446,-0.027192814,-1.040618006,0.0002197693126399825,6.085095813451574,0.0014118067890061647,0.000159368,6.277387478896896,23.70022537522131,-61.27530957943217,-10.591941951004014,-0.454233005375057,57.133234448622225,-6.769475698322897,0.8449987143154026
2140,7.597970034955955e-06,1.2445223385555573e-06,4.49E-07,1.83E-07,1.60E-06,1.03E-06,4.40E-07,0.00023131866430479368,-4.239646554633457,0.000180473,0.00111342625606137,0,0,5.03E-05,0.00081158,8.80E-06,0.002337953,0,-0.100393617,5.87E-06,3.93E-05,5.94E-06,0,0.000880258,1.53E-05,6.62E-06,0.022775088194381427,0.025314713653475113,0.00868362348488244,0.0021048654194086645,0.00042434880851414876,4.5062587260371235e-05,0.0,0.003710336398070747,0.0,0.000310037,2.36E-05,133.91034439906974,-0.02789457,-1.069763293,0.00021779021936201294,6.077445861632379,0.0013990870997936675,0.000157932,6.20808143798856,23.542377824414665,-62.75243005619073,-10.80158452196574,-0.4648880639537943,57.02255397344675,-6.82611635308644,0.837386113296945
2141,7.53321460852167e-06,1.2319514058428749e-06,4.45E-07,1.81E-07,1.59E-06,1.02E-06,4.36E-07,0.00022926900525399176,-4.141374455038301,0.000178833,0.0011033035573300221,0,0,4.98E-05,0.000804202,8.72E-06,7.44E-05,0,-0.102216627,5.81E-06,3.89E-05,5.89E-06,0,0.000872256,1.52E-05,6.56E-06,0.02256804194940663,0.025084578645655872,0.008604681453201691,0.002085728992317152,0.0004204912748166658,4.462998642267167e-05,0.0,0.003676605707734066,0.0,0.000307219,2.34E-05,133.50969999977502,-0.028596326,-1.098908581,0.00021580917045827466,6.06979591101609,0.001386369537975252,0.000156496,6.138775398359224,23.384530273608018,-64.22955051757562,-11.011227092927468,-0.4755431225325316,56.911873498271284,-6.882757007849984,0.8297735122784874
2142,7.457666611015006e-06,1.2193804731301925e-06,4.41E-07,1.80E-07,1.58E-06,1.01E-06,4.32E-07,0.0002269265377673609,-4.043102356740548,0.000177192,0.0010931825005611607,0,0,4.94E-05,0.000796824,8.64E-06,-0.002189244,0,-0.104039638,5.76E-06,3.86E-05,5.83E-06,0,0.000864254,1.51E-05,6.50E-06,0.022360995704431834,0.02485444551737966,0.00852573942152094,0.0020665944036757397,0.00041663374111918286,4.4197385584972104e-05,0.0,0.003642875017397385,0.0,0.0003044,2.32E-05,133.1090556004803,-0.029298082,-1.128053868,0.0002138300771803051,6.062145960399801,0.0013736498487627547,0.000155061,6.069469357450887,23.226682722801367,-65.70667099433419,-11.220869665493272,-0.486198181111269,56.80119302309581,-6.939397662613527,0.8221609112600298
2143,7.392911184580722e-06,1.2130950067738514e-06,4.37E-07,1.78E-07,1.56E-06,9.99E-07,4.28E-07,0.00022487687871655893,-3.944830257145393,0.000175551,0.0010830598018298123,0,0,4.89E-05,0.000789446,8.56E-06,-0.004452843,0,-0.105862649,5.71E-06,3.82E-05,5.78E-06,0,0.000856251,1.49E-05,6.44E-06,0.02215394945945704,0.024624312389103453,0.008446797389840192,0.002047459815034327,0.0004127741972425975,4.383688488688914e-05,0.0,0.003609144327060704,0.0,0.000301582,2.30E-05,132.70841118776502,-0.029999838,-1.157199155,0.00021185098390233555,6.054496008580606,0.0013609301595502578,0.000153625,6.000163316542551,23.06883517199472,-67.18379147109276,-11.430512236455,-0.4968532396900063,56.690512558843885,-6.996038317377071,0.8145483102415721
2144,7.317363187074059e-06,1.2005240740611688e-06,4.33E-07,1.76E-07,1.55E-06,9.89E-07,4.24E-07,0.00022282721966575698,-3.8465581575502377,0.000173911,0.001072938745060951,0,0,4.85E-05,0.000782068,8.48E-06,-0.006716441,0,-0.107685659,5.65E-06,3.79E-05,5.72E-06,0,0.000848249,1.48E-05,6.38E-06,0.02194690321448224,0.024394177381284212,0.008367855358159444,0.002028325226392915,0.0004089166635451145,4.340428404918957e-05,0.0,0.0035754149546894953,0.0,0.000298763,2.27E-05,132.3077667884703,-0.030701594,-1.186344443,0.00020986993499859724,6.046846057964317,0.001348212597731842,0.000152189,5.930857275634215,22.910987621188074,-68.66091193247763,-11.640154807416728,-0.5075082982687436,56.579832083668414,-7.052678973959015,0.8069357092231145
2145,7.252607760639774e-06,1.1879531413484864e-06,4.29E-07,1.75E-07,1.53E-06,9.80E-07,4.20E-07,0.000220777560614955,-3.7482860592524854,0.00017227,0.0010628160463296028,0,0,4.80E-05,0.00077469,8.40E-06,-0.00898004,0,-0.10950867,5.60E-06,3.75E-05,5.67E-06,0,0.000840247,1.47E-05,6.32E-06,0.02173985696950745,0.024164044253008006,0.008288913326478693,0.0020091887993014023,0.0004050591298476316,4.2971683211490006e-05,0.0,0.003541684264352814,0.0,0.000295945,2.25E-05,131.90712238917558,-0.03140335,-1.21548973,0.0002078908417206277,6.0391961061451225,0.001335492908519345,0.000150753,5.861551234725879,22.753140070381423,-70.13803240923622,-11.849797378378454,-0.5181633568474808,56.469151608492936,-7.109319628722559,0.799323108204657
2146,7.1878523342054905e-06,1.1753822086358042e-06,4.25E-07,1.73E-07,1.52E-06,9.71E-07,4.16E-07,0.00021872790156415303,-3.65001395965733,0.000170629,0.0010526933475982546,0,0,4.75E-05,0.000767312,8.32E-06,-0.011243639,0,-0.111331681,5.55E-06,3.72E-05,5.62E-06,0,0.000832244,1.45E-05,6.26E-06,0.02153281072453265,0.023933911124731796,0.008209971294797943,0.00199005421065999,0.0004012015961501487,4.261118251340704e-05,0.0,0.003507953574016133,0.0,0.000293126,2.23E-05,131.50647798988084,-0.032105106,-1.244635017,0.00020590979281688942,6.031546155528833,0.0013227732193068478,0.000149318,5.792245193817543,22.595292519574777,-71.61515288599477,-12.059439949340183,-0.5288184137579848,56.35847114424101,-7.165960283486102,0.7917105071861994
2147,7.112304336698826e-06,1.1628112759231217e-06,4.20E-07,1.71E-07,1.50E-06,9.61E-07,4.12E-07,0.00021667824251335105,-3.5517418600621746,0.000168989,0.0010425722908293932,0,0,4.71E-05,0.000759934,8.24E-06,-0.013507237,0,-0.113154691,5.49E-06,3.68E-05,5.56E-06,0,0.000824242,1.44E-05,6.20E-06,0.021325764479557852,0.023703776116912555,0.008131029263117194,0.0019709196220185775,0.00039734406245266565,4.2178581675707473e-05,0.0,0.0034742242016449244,0.0,0.000290308,2.21E-05,131.10583357716555,-0.032806862,-1.273780305,0.00020393069953891985,6.023896204912544,0.0013100556574884323,0.000147882,5.722939152909206,22.437444968768123,-73.09227334737966,-12.269082520301911,-0.539473472336722,56.247790669065544,-7.222600938249645,0.7840979061677418
2148,7.047548910264543e-06,1.1565258095667804e-06,4.16E-07,1.70E-07,1.49E-06,9.52E-07,4.08E-07,0.00021433577502672025,-3.453469761764422,0.000167348,0.0010324495920980448,0,0,4.66E-05,0.000752556,8.16E-06,-0.015770836,0,-0.114977702,5.44E-06,3.64E-05,5.51E-06,0,0.00081624,1.42E-05,6.14E-06,0.02111871823458306,0.02347364298863635,0.008052087231436444,0.0019517831949270653,0.0003934865287551827,4.174598083800791e-05,0.0,0.0034404935113082433,0.0,0.000287489,2.19E-05,130.70518917787084,-0.033508618,-1.302925592,0.00020194965063518154,6.016246253093349,0.001297335968275935,0.000146446,5.65363311327987,22.279597417961476,-74.56939382413823,-12.478725091263637,-0.5501285309154594,56.137110193890074,-7.27924159483159,0.7764853051492843
2149,6.972000912757879e-06,1.143954876854098e-06,4.12E-07,1.68E-07,1.47E-06,9.43E-07,4.04E-07,0.00021228611597591827,-3.3551976621692665,0.000165707,0.0010223285353291836,0,0,4.62E-05,0.000745178,8.08E-06,-0.018034435,0,-0.116800713,5.39E-06,3.61E-05,5.45E-06,0,0.000808237,1.41E-05,6.08E-06,0.02091167198960826,0.023243509860360136,0.007973145199755694,0.0019326486062856527,0.0003896289950576998,4.138548013992494e-05,0.0,0.0034067628209715622,0.0,0.000284671,2.17E-05,130.30454477857612,-0.034210374,-1.332070879,0.000199970557357212,6.00859630247706,0.0012846162790634379,0.00014501,5.584327072371534,22.12174986715483,-76.04651428552312,-12.688367663829442,-0.5607835894941968,56.026429718714596,-7.335882249595133,0.7688727041308266
2150,6.907245486323594e-06,1.1313839441414156e-06,4.08E-07,1.66E-07,1.46E-06,9.33E-07,4.00E-07,0.0002102364569251163,-3.256925562574111,0.000164067,0.0010122058365978355,0,0,4.57E-05,0.0007378,8.00E-06,-0.020298033,0,-0.118623723,5.33E-06,3.57E-05,5.40E-06,0,0.000800235,1.40E-05,6.02E-06,0.020704625744633467,0.0230133748525409,0.007894203168074945,0.0019135140176442403,0.0003857714613602168,4.0952879302225375e-05,0.0,0.003373032130634881,0.0,0.000281852,2.14E-05,129.9039003792814,-0.03491213,-1.361216167,0.00019799146407924246,6.000946351860772,0.0012718987172450223,0.000143575,5.515021031463197,21.96390231634818,-77.52363476228169,-12.898010234791169,-0.5714386480729341,55.91574925446267,-7.392522904358676,0.761260103112369
2151,6.8424900598893115e-06,1.1188130114287332e-06,4.04E-07,1.65E-07,1.44E-06,9.24E-07,3.96E-07,0.00020818679787431432,-3.175502424190895,0.000162426,0.001002083137866487,0,0,4.53E-05,0.000730422,7.92E-06,-0.022561632,0,-0.120446734,5.28E-06,3.54E-05,5.35E-06,0,0.000792233,1.38E-05,5.96E-06,0.020497579499658667,0.02278324172426469,0.007815261136394197,0.0018943775905527279,0.00038191392766273385,4.052027846452581e-05,0.0,0.0033393027582636725,0.0,0.000279034,2.12E-05,129.5032559665661,-0.035613886,-1.390361454,0.00019601041517550415,5.993296400041576,0.0012591790280325253,0.000142139,5.445714990554861,21.806054777661956,-79.00075523904026,-13.107652805752897,-0.5820937066516714,55.8050687792872,-7.449163559122221,0.7536475020939114
2152,6.766942062382647e-06,1.106242078716051e-06,4.00E-07,1.63E-07,1.43E-06,9.15E-07,3.92E-07,0.00020613713882351237,-3.0940792845102756,0.000160785,0.0009919620810976257,0,0,4.48E-05,0.000723044,7.84E-06,-0.024825231,0,-0.122269745,5.23E-06,3.50E-05,5.29E-06,0,0.00078423,1.37E-05,5.90E-06,0.020290533254683874,0.022553108595988483,0.007736319104713446,0.0018752430019113155,0.0003780563939652509,4.015977776644284e-05,0.0,0.0033055720679269914,0.0,0.000276215,2.10E-05,129.10261156727137,-0.036315642,-1.419506741,0.00019399807625946594,5.985646449425287,0.0012464593388200281,0.000140703,5.376408949646524,21.64820722685531,-80.47787570042513,-13.317295376714625,-0.5927487652304086,55.694388304111726,-7.505804215704165,0.7460349010754538
2153,6.7021866359483625e-06,1.0999566123597097e-06,3.96E-07,1.61E-07,1.42E-06,9.05E-07,3.88E-07,0.0002040874797727104,-3.0126561461270596,0.000159145,0.0009818393823662775,0,0,4.43E-05,0.000715666,7.76E-06,-0.027088829,0,-0.124092755,5.17E-06,3.47E-05,5.24E-06,0,0.000776228,1.35E-05,5.84E-06,0.020083487009709074,0.022322973588169242,0.007657377073032698,0.001856108413269903,0.000374198860267768,3.972717692874328e-05,0.0,0.0032718413775903103,0.0,0.000273397,2.08E-05,128.70196716797665,-0.037017398,-1.448652029,0.00019204245049072132,5.977996498808999,0.0012337417770016124,0.000139267,5.307102908738189,21.490359676048662,-81.95499617718372,-13.526937947676352,-0.603403823809146,55.583707839859805,-7.562444870467708,0.7384223000569962
2154,6.626638638441698e-06,1.0873856796470273e-06,3.92E-07,1.60E-07,1.40E-06,8.96E-07,3.84E-07,0.00020174501228607954,-2.9312330064464405,0.000157504,0.0009717183255974162,0,0,4.39E-05,0.000708288,7.68E-06,-0.029352428,0,-0.125915766,5.12E-06,3.43E-05,5.18E-06,0,0.000768226,1.34E-05,5.78E-06,0.01987644076473428,0.022092840459893032,0.007578435041351948,0.001836973824628491,0.00037033931639118264,3.929457609104372e-05,0.0,0.0032381120052191016,0.0,0.000270578,2.06E-05,128.30132276868193,-0.037719154,-1.477797316,0.00019008682472197673,5.970346546989803,0.0012210220877891154,0.000137832,5.237796867829852,21.332512125242012,-83.43211665394227,-13.73658051863808,-0.6140588823878833,55.47302736468433,-7.619085525231251,0.7308096990385385
2155,6.561883212007415e-06,1.0748147469343449e-06,3.88E-07,1.58E-07,1.39E-06,8.87E-07,3.80E-07,0.00019969535323527762,-2.849809868063224,0.000155863,0.0009615956268660679,0,0,4.34E-05,0.00070091,7.60E-06,-0.031616027,0,-0.127738777,5.07E-06,3.39E-05,5.13E-06,0,0.000760223,1.33E-05,5.72E-06,0.019669394519759485,0.021862707331616823,0.007499493009671198,0.0018178373975369783,0.00036648178269369966,3.8934075392960745e-05,0.0,0.0032043813148824206,0.0,0.00026776,2.04E-05,127.90067836938721,-0.03842091,-1.506942603,0.00018813119895323208,5.962696596373515,0.0012083023985766184,0.000136396,5.168490828200516,21.174664574435365,-84.90923711532716,-13.946223089599808,-0.6247139392983873,55.362346889508856,-7.675726179994794,0.723197098020081
2156,6.497127785573132e-06,1.0622438142216625e-06,3.84E-07,1.56E-07,1.37E-06,8.77E-07,3.76E-07,0.00019764569418447565,-2.768386728382605,0.000154223,0.0009514729281347198,0,0,4.30E-05,0.000693532,7.52E-06,-0.033879625,0,-0.129561787,5.01E-06,3.36E-05,5.08E-06,0,0.000752221,1.31E-05,5.66E-06,0.019462348274784685,0.021632572323797585,0.00742055097799045,0.001798702808895566,0.00036262424899621674,3.850147455526118e-05,0.0,0.0031706506245457395,0.0,0.000264941,2.02E-05,127.50003395667191,-0.039122666,-1.536087891,0.00018617557318448746,5.955046645757226,0.0011955848367582026,0.00013496,5.09918478729218,21.01681702362871,-86.38635759208574,-14.155865662165612,-0.6353689978771245,55.25166642525693,-7.732366836576738,0.7155844970016234
2157,6.421579788066467e-06,1.0496728815089803e-06,3.80E-07,1.55E-07,1.36E-06,8.68E-07,3.72E-07,0.00019559603513367364,-2.6869635887019863,0.000152582,0.0009413518713658584,0,0,4.25E-05,0.000686154,7.44E-06,-0.036143224,0,-0.131384798,4.96E-06,3.32E-05,5.02E-06,0,0.000744219,1.30E-05,5.60E-06,0.01925530202980989,0.021402439195521376,0.007341608946309699,0.0017795682202541535,0.00035876671529873376,3.806887371756162e-05,0.0,0.0031369199342090584,0.0,0.000262123,1.99E-05,127.0993895573772,-0.039824422,-1.565233178,0.00018421994741574287,5.94739669393803,0.0011828651475457054,0.000133524,5.029878746383844,20.858969472822064,-87.8634780688443,-14.36550823312734,-0.6460240564558618,55.14098595008146,-7.789007491340283,0.7079718959831658
2158,6.3568243616321835e-06,1.043387415152639e-06,3.76E-07,1.53E-07,1.34E-06,8.59E-07,3.68E-07,0.00019354637608287167,-2.6055404503187694,0.000150941,0.0009312291726345101,0,0,4.21E-05,0.000678776,7.36E-06,-0.038406823,0,-0.133207809,4.91E-06,3.29E-05,4.97E-06,0,0.000736216,1.28E-05,5.54E-06,0.019048255784835096,0.021172306067245166,0.00726266691462895,0.0017604317931626413,0.0003549091816012508,3.770837301947865e-05,0.0,0.0031031905618378497,0.0,0.000259304,1.97E-05,126.69874515808247,-0.040526178,-1.594378465,0.00018206875907012378,5.939746743321742,0.0011701454583332084,0.000132089,4.960572705475506,20.701121922015417,-89.34059853022919,-14.575150804089066,-0.6566791150345992,55.03030547490599,-7.845648146103826,0.7003592949647082
2159,6.281276364125519e-06,1.0308164824399565e-06,3.71E-07,1.51E-07,1.33E-06,8.49E-07,3.64E-07,0.00019120390859624087,-2.5241173106381507,0.000149301,0.0009211081158656487,0,0,4.16E-05,0.000671398,7.28E-06,-0.040670421,0,-0.135030819,4.85E-06,3.25E-05,4.91E-06,0,0.000728214,1.27E-05,5.48E-06,0.0188412095398603,0.020942171059425925,0.0071837248829482005,0.0017412972045212287,0.00035105164790376786,3.727577218177909e-05,0.0,0.0030694598715011686,0.0,0.000256485,1.95E-05,126.29810075878775,-0.041227934,-1.623523753,0.00018011313330137916,5.932096792705453,0.0011574278965147927,0.000130653,4.89126666456717,20.543274371208767,-90.81771900698776,-14.784793375050794,-0.6673341736133366,54.919624999730516,-7.902288800867369,0.6927466939462505
2160,6.216520937691235e-06,1.0182455497272741e-06,3.67E-07,1.50E-07,1.31E-06,8.40E-07,3.60E-07,0.0001891542495454389,-2.4426941722549342,0.00014766,0.0009109854171343004,0,0,4.11E-05,0.00066402,7.20E-06,-0.04293402,0,-0.13685383,4.80E-06,3.22E-05,4.86E-06,0,0.000720212,1.26E-05,5.42E-06,0.018634163294885504,0.02071203793114972,0.007104782851267451,0.0017221626158798165,0.00034719411420628494,3.684317134407952e-05,0.0,0.0030357291811644875,0.0,0.000253667,1.93E-05,125.89745634607246,-0.04192969,-1.65266904,0.00017815750753263457,5.924446840886258,0.0011447082073022957,0.000129217,4.821960623658835,20.38542682040212,-92.29483948374633,-14.994435946012523,-0.6779892321920739,54.80894453547859,-7.958929455630912,0.685134092927793
2161,6.151765511256951e-06,1.0056746170145917e-06,3.63E-07,1.48E-07,1.30E-06,8.31E-07,3.56E-07,0.00018710459049463691,-2.361271032574315,0.000146019,0.0009008627184029524,0,0,4.07E-05,0.000656642,7.12E-06,-0.045197619,0,-0.138676841,4.75E-06,3.18E-05,4.81E-06,0,0.000712209,1.24E-05,5.36E-06,0.018427117049910707,0.02048190480287351,0.007025840819586701,0.0017030261887883038,0.0003433365805088019,3.648267064599655e-05,0.0,0.003001998490827807,0.0,0.000250848,1.91E-05,125.49681194677774,-0.042631446,-1.681814327,0.00017620188176388992,5.916796890269969,0.0011319885180897985,0.000127781,4.752654582750498,20.227579269595473,-93.77195994513121,-15.20407851697425,-0.6886442907708111,54.69826406030312,-8.015570112212858,0.6775214919093354
2162,6.076217513750287e-06,9.931036843019093e-07,3.59E-07,1.46E-07,1.28E-06,8.21E-07,3.52E-07,0.00018505493144383497,-2.2798478941910987,0.000144379,0.000890741661634091,0,0,4.02E-05,0.000649264,7.04E-06,-0.047461217,0,-0.140499851,4.69E-06,3.14E-05,4.75E-06,0,0.000704207,1.23E-05,5.30E-06,0.01822007080493591,0.020251769795054272,0.006946898787905952,0.0016838916001468915,0.000339479046811319,3.605006980829699e-05,0.0,0.0029682691184565978,0.0,0.00024803,1.89E-05,125.09616754748302,-0.043333202,-1.710959615,0.0001742462559951453,5.909146938450773,0.0011192709562713827,0.000126346,4.683348543121162,20.06973173090925,-95.24908042188979,-15.413721087935977,-0.6992993493495484,54.587583585127646,-8.0722107669764,0.6699088908908778
2163,6.011462087316004e-06,9.868182179455682e-07,3.55E-07,1.45E-07,1.27E-06,8.12E-07,3.48E-07,0.000183005272393033,-2.19842475451048,0.000142738,0.0008806189629027427,0,0,3.98E-05,0.000641886,6.96E-06,-0.049724816,0,-0.142322862,4.64E-06,3.11E-05,4.70E-06,0,0.000696204,1.21E-05,5.24E-06,0.018013024559961115,0.02002163666677806,0.006867956756225203,0.001664757011505479,0.00033562151311383607,3.5617468970597424e-05,0.0,0.0029345384281199167,0.0,0.000245211,1.87E-05,124.6955231481883,-0.044034958,-1.740104902,0.0001722906302264007,5.901496987834485,0.001106551267058886,0.00012491,4.6140425022128255,19.9118841801026,-96.72620088327466,-15.62336366050178,-0.7099544079282857,54.47690312087571,-8.128851421739943,0.6622962898724202
2164,5.935914089809339e-06,9.742472852328858e-07,3.51E-07,1.43E-07,1.25E-06,8.03E-07,3.44E-07,0.000180955613342231,-2.1170016161272636,0.000141097,0.0008704962641713945,0,0,3.93E-05,0.000634508,6.88E-06,-0.051988415,0,-0.144145873,4.59E-06,3.07E-05,4.64E-06,0,0.000688202,1.20E-05,5.18E-06,0.01780597831498632,0.019791503538501853,0.006789014724544453,0.0016456224228640667,0.00033176397941635314,3.518486813289786e-05,0.0,0.002900807737783236,0.0,0.000242393,1.84E-05,124.294878735473,-0.044736714,-1.769250189,0.0001703350044576561,5.893847037218196,0.0010938315778463888,0.000123474,4.544736461304489,19.754036629295953,-98.20332136003324,-15.833006231463509,-0.7206094665070231,54.36622264570024,-8.185492076503486,0.6546836888539627
2165,5.8711586633750555e-06,9.616763525202034e-07,3.47E-07,1.41E-07,1.24E-06,7.93E-07,3.40E-07,0.0001786131458556002,-2.0355784764466445,0.000139457,0.0008603752074025331,0,0,3.89E-05,0.00062713,6.80E-06,-0.054252013,0,-0.145968883,4.53E-06,3.04E-05,4.59E-06,0,0.0006802,1.19E-05,5.12E-06,0.017598932070011522,0.01956136853068261,0.006710072692863704,0.0016264859957725543,0.0003279064457188701,3.482436743481489e-05,0.0,0.002867078365412027,0.0,0.000239574,1.82E-05,123.89423433617829,-0.04543847,-1.798395477,0.00016837937868891147,5.886197085399001,0.001081114016027973,0.000122038,4.475430420396153,19.596189078489303,-99.68044183679181,-16.042648802425237,-0.7312645234175269,54.25554217052478,-8.24213273308543,0.647071087835505
2166,5.806403236940772e-06,9.491054198075209e-07,3.43E-07,1.40E-07,1.23E-06,7.84E-07,3.36E-07,0.00017656348680479824,-1.9541553380634278,0.000137816,0.0008502525086711848,0,0,3.84E-05,0.000619752,6.72E-06,-0.056515612,0,-0.147791894,4.48E-06,3.00E-05,4.54E-06,0,0.000672197,1.17E-05,5.06E-06,0.017391885825036726,0.019331235402406402,0.006631130661182954,0.0016073514071311419,0.0003240469018422848,3.4391766597115326e-05,0.0,0.002833347675075346,0.0,0.000236756,1.80E-05,123.49358993688355,-0.046140226,-1.827540764,0.0001662281903432924,5.878547134782712,0.0010683943268154758,0.000120603,4.406124379487816,19.438341527682653,-101.15756229817669,-16.252291378199192,-0.7419195819962643,54.144861695349306,-8.298773387848975,0.6394584868170474
2167,5.730855239434107e-06,9.365344870948385e-07,3.39E-07,1.38E-07,1.21E-06,7.75E-07,3.32E-07,0.00017451382775399626,-1.8727321983828087,0.000136175,0.0008401314519023234,0,0,3.79E-05,0.000612374,6.64E-06,-0.058779211,0,-0.149614905,4.43E-06,2.97E-05,4.48E-06,0,0.000664195,1.16E-05,5.00E-06,0.01718483958006193,0.019101102274130196,0.006552188629502205,0.0015882168184897295,0.00032018936814480183,3.395916575941576e-05,0.0,0.002799616984738665,0.0,0.000233937,1.78E-05,123.09294553758883,-0.046841982,-1.856686051,0.00016427256457454776,5.870897184166423,0.001055674637602979,0.000119167,4.33681833857948,19.280493976876006,-102.63468277493527,-16.461933937932386,-0.7525746405750016,54.03418123109738,-8.35541404261252,0.6318458857985898
2168,5.666099812999824e-06,9.302490207384974e-07,3.35E-07,1.36E-07,1.20E-06,7.65E-07,3.28E-07,0.00017246416870319428,-1.7913090599995924,0.000134535,0.0008300087531709752,0,0,3.75E-05,0.000604996,6.56E-06,-0.061042809,0,-0.151437915,4.37E-06,2.93E-05,4.43E-06,0,0.000656193,1.14E-05,4.94E-06,0.016977793335087133,0.018870967266310955,0.006473246597821455,0.001569080391398217,0.0003163318344473189,3.359866506133279e-05,0.0,0.002765886294401984,0.0,0.000231119,1.76E-05,122.69230112487355,-0.047543738,-1.885831339,0.00016231693880580317,5.863247232347228,0.0010429570757845633,0.000117731,4.267512298950145,19.122646426069355,-104.11180325169383,-16.67157651370634,-0.763229699153739,53.9235007559219,-8.412054697376062,0.6242332847801322
2169,5.59055181549316e-06,9.17678088025815e-07,3.31E-07,1.35E-07,1.18E-06,7.56E-07,3.24E-07,0.0001704145096523923,-1.7098859203189734,0.000132894,0.0008198860544396271,0,0,3.70E-05,0.000597618,6.48E-06,-0.063306408,0,-0.153260926,4.32E-06,2.89E-05,4.37E-06,0,0.00064819,1.13E-05,4.88E-06,0.016770747090112337,0.01864083413803475,0.006394304566140706,0.0015499458027568049,0.00031247430074983593,3.316606422363323e-05,0.0,0.002732156922030775,0.0,0.0002283,1.74E-05,122.29165672557882,-0.048245494,-1.914976626,0.00016036131303705855,5.855597281730939,0.001030237386572066,0.000116295,4.198206258041807,18.96479887526271,-105.58892371307871,-16.8812190894803,-0.7738847577324762,53.81282028074643,-8.468695353958006,0.6166206837616747
2170,5.525796389058876e-06,9.051071553131326e-07,3.27E-07,1.33E-07,1.17E-06,7.47E-07,3.20E-07,0.0001680720421657615,-1.6284627819357569,0.000131253,0.0008097649976707657,0,0,3.66E-05,0.00059024,6.40E-06,-0.065570007,0,-0.155083937,4.27E-06,2.86E-05,4.32E-06,0,0.000640188,1.12E-05,4.82E-06,0.01656370084513754,0.018410701009758536,0.006315362534459957,0.0015308112141153923,0.000308616767052353,3.273346338593366e-05,0.0,0.0026984262316940943,0.0,0.000225482,1.72E-05,121.8910123262841,-0.04894725,-1.944121913,0.00015840568726831393,5.84794733111465,0.001017517697359569,0.00011486,4.128900217133472,18.80695132445606,-107.06604418983729,-17.090861665254256,-0.7845398163112136,53.7021398164945,-8.525336008721549,0.609008082743217
2171,5.461040962624592e-06,8.925362226004501e-07,3.22E-07,1.31E-07,1.15E-06,7.37E-07,3.16E-07,0.00016602238311495953,-1.5470396422551378,0.000129613,0.0007996422989394174,0,0,3.61E-05,0.000582862,6.32E-06,-0.067833605,0,-0.156906947,4.21E-06,2.82E-05,4.27E-06,0,0.000632186,1.10E-05,4.76E-06,0.016356654600162744,0.018180566001939295,0.006236420502779207,0.0015116747870238798,0.00030475923335487003,3.2372962687850695e-05,0.0,0.0026646955413574132,0.0,0.000222663,1.69E-05,121.49036792698936,-0.049649006,-1.973267201,0.00015645006149956933,5.840297379295455,0.0010048001355411533,0.000113424,4.0595941762251355,18.64910377364941,-108.54316466659584,-17.30050422498745,-0.7951948748899509,53.59145934131903,-8.581976663485094,0.6013954817247594
2172,5.3854929651179275e-06,8.799652898877677e-07,3.18E-07,1.30E-07,1.14E-06,7.28E-07,3.12E-07,0.00016397272406415756,-1.4656165038719213,0.000127972,0.000789521242170556,0,0,3.57E-05,0.000575484,6.24E-06,-0.070097204,0,-0.158729958,4.16E-06,2.79E-05,4.21E-06,0,0.000624183,1.09E-05,4.70E-06,0.016149608355187948,0.01795043287366309,0.006157478471098458,0.0014925401983824675,0.00030090169965738705,3.194036185015113e-05,0.0,0.002630964851020732,0.0,0.000219845,1.67E-05,121.08972351427408,-0.050350762,-2.002412488,0.0001544944357308247,5.832647428679166,0.0009920804463286561,0.000111988,3.9902881353167987,18.491256222842765,-110.02028512798074,-17.510146800761405,-0.8058499334686882,53.48077886614357,-8.638617318248636,0.5937828807063018
2173,5.320737538683645e-06,8.736798235314266e-07,3.14E-07,1.28E-07,1.12E-06,7.19E-07,3.08E-07,0.0001619230650133556,-1.3841933641913025,0.000126331,0.0007793985434392077,0,0,3.52E-05,0.000568106,6.16E-06,-0.072360803,0,-0.160552969,4.11E-06,2.75E-05,4.16E-06,0,0.000616181,1.07E-05,4.64E-06,0.01594256211021315,0.01772029974538688,0.006078536439417708,0.001473405609741055,0.00029704416595990413,3.1507761012451564e-05,0.0,0.002597235478649523,0.0,0.000217026,1.65E-05,120.68907911497936,-0.051052518,-2.031557775,0.00015253880996208007,5.824997478062878,0.0009793607571161591,0.000110552,3.9209820944084623,18.333408672036118,-111.4974056047393,-17.71978937653536,-0.8165049920474254,53.37009839096809,-8.69525797483058,0.5861702796878442
2174,5.24518954117698e-06,8.611088908187442e-07,3.10E-07,1.26E-07,1.11E-06,7.09E-07,3.04E-07,0.00015987340596255363,-1.3027702245106834,0.000124691,0.0007692758447078596,0,0,3.47E-05,0.000560728,6.08E-06,-0.074624401,0,-0.162375979,4.05E-06,2.72E-05,4.10E-06,0,0.000608179,1.06E-05,4.57E-06,0.015735515865238355,0.01749016473756764,0.005999594407736958,0.0014542710210996427,0.0002931866322624212,3.11472603143686e-05,0.0,0.0025635047883128424,0.0,0.000214208,1.63E-05,120.28843471568464,-0.051754274,-2.060703063,0.000150387621616461,5.817347526243682,0.0009666431952977434,0.000109117,3.8516760535001264,18.17556113334989,-112.97452608149788,-17.929431936268557,-0.8271600506261627,53.25941792671616,-8.751898629594123,0.5785576786693867
2175,5.180434114742696e-06,8.485379581060618e-07,3.06E-07,1.25E-07,1.09E-06,7.00E-07,3.00E-07,0.00015782374691175166,-1.2213470861274671,0.00012305,0.0007591547879389982,0,0,3.43E-05,0.00055335,6.00E-06,-0.076888,0,-0.16419899,4.00E-06,2.68E-05,4.05E-06,0,0.000600176,1.05E-05,4.51E-06,0.015528469620263559,0.017260031609291432,0.00592065237605621,0.0014351345940081302,0.00028932909856493823,3.071465947666903e-05,0.0,0.002529774097976161,0.0,0.000211389,1.61E-05,119.8877903163899,-0.05245603,-2.08984835,0.00014843199584771639,5.809697575627393,0.0009539235060852464,0.000107681,3.7823700138707905,18.017713582543244,-114.45164654288276,-18.139074512042512,-0.8378151075366667,53.14873745154069,-8.808539284357668,0.5709450776509291
2176,5.115678688308413e-06,8.359670253933794e-07,3.02E-07,1.23E-07,1.08E-06,6.91E-07,2.96E-07,0.00015548127942512083,-1.139923946446848,0.000121409,0.00074903208920765,0,0,3.38E-05,0.000545972,5.92E-06,-0.079151599,0,-0.166022001,3.95E-06,2.64E-05,4.00E-06,0,0.000592174,1.03E-05,4.45E-06,0.015321422128134922,0.017029898481015222,0.0058417103443754595,0.0014160000053667179,0.00028547156486745525,3.0282058638969466e-05,0.0,0.002496044725604952,0.0,0.000208571,1.59E-05,119.48714590367463,-0.053157786,-2.118993637,0.00014647637007897177,5.802047623808198,0.0009412038168727494,0.000106245,3.713063972962454,17.859866031736598,-115.92876701964134,-18.348717087816468,-0.848470166115404,53.03805697636522,-8.865179939121212,0.5633324766324714
2177,5.0401306908017484e-06,8.23396092680697e-07,2.98E-07,1.21E-07,1.06E-06,6.81E-07,2.92E-07,0.00015343162037431885,-1.0585008080636318,0.000119769,0.0007389110324387886,0,0,3.34E-05,0.000538594,5.84E-06,-0.081415197,0,-0.167845011,3.89E-06,2.61E-05,3.94E-06,0,0.000584172,1.02E-05,4.39E-06,0.015114375883160124,0.016799763473195985,0.005762768312694711,0.0013968654167253055,0.0002816120209908699,2.99215579408865e-05,0.0,0.0024623140352682715,0.0,0.000205752,1.57E-05,119.08650150437991,-0.053859542,-2.148138925,0.00014452074431022715,5.794397673191909,0.0009284862550543336,0.00010481,3.6437579320541174,17.702018480929947,-117.40588748102621,-18.55835966359042,-0.8591252246941413,52.927376512113284,-8.921820593884755,0.5557198756140138
2178,4.975375264367464e-06,8.171106263243558e-07,2.94E-07,1.20E-07,1.05E-06,6.72E-07,2.88E-07,0.0001513819613235169,-0.9770776683830126,0.000118128,0.0007287883337074404,0,0,3.29E-05,0.000531216,5.76E-06,-0.083678796,0,-0.169668022,3.84E-06,2.57E-05,3.89E-06,0,0.000576169,1.00E-05,4.33E-06,0.014907329638185328,0.016569630344919775,0.005683826281013961,0.001377728989633793,0.00027775448729338697,2.9488957103186933e-05,0.0,0.00242858334493159,0.0,0.000202934,1.54E-05,118.68585710508519,-0.054561298,-2.177284212,0.00014256511854148253,5.786747722575621,0.0009157665658418364,0.000103374,3.574451891145781,17.544170930123297,-118.8830079577848,-18.76800222332362,-0.8697802832728787,52.81669603693782,-8.9784612504667,0.5481072745955562
2179,4.8998272668607994e-06,8.045396936116734e-07,2.90E-07,1.18E-07,1.04E-06,6.63E-07,2.84E-07,0.00014933230227271493,-0.8956545299997962,0.000116487,0.0007186656349760923,0,0,3.25E-05,0.000523838,5.68E-06,-0.085942395,0,-0.171491033,3.79E-06,2.54E-05,3.83E-06,0,0.000568167,9.91E-06,4.27E-06,0.014700283393210532,0.016339497216643566,0.005604884249333211,0.0013585944009923807,0.00027389695359590404,2.9056356265487368e-05,0.0,0.002394852654594909,0.0,0.000200115,1.52E-05,118.28521270579044,-0.055263054,-2.206429499,0.0001406094927727379,5.779097770756425,0.0009030468766293394,0.000101938,3.505145850237445,17.38632337931665,-120.36012843454336,-18.977644799097575,-0.8804353418516161,52.70601556176235,-9.035101905230242,0.5404946735770986
2180,4.835071840426517e-06,7.91968760898991e-07,2.86E-07,1.16E-07,1.02E-06,6.53E-07,2.80E-07,0.00014728264322191295,-0.8142313903191771,0.000114847,0.0007085445782072308,0,0,3.20E-05,0.00051646,5.60E-06,-0.088205993,0,-0.173314043,3.73E-06,2.50E-05,3.78E-06,0,0.000560165,9.77E-06,4.21E-06,0.014493237148235737,0.016109362208824324,0.005525942217652462,0.0013394598123509683,0.00027003941989842107,2.86958555674044e-05,0.0,0.0023611232822237007,0.0,0.000197297,1.50E-05,117.88456829307518,-0.05596481,-2.235574787,0.00013865386700399331,5.771447820140136,0.0008903293148109237,0.000100502,3.4358398093291087,17.228475828510003,-121.83724889592824,-19.18728737487153,-0.8910904004303533,52.59533508658688,-9.091742559993785,0.5328820725586411
2181,4.770316413992233e-06,7.793978281863086e-07,2.82E-07,1.15E-07,1.01E-06,6.44E-07,2.76E-07,0.00014494017573528213,-0.7328082519359607,0.000113206,0.0006984218794758825,0,0,3.15E-05,0.000509082,5.52E-06,-0.090469592,0,-0.175137054,3.68E-06,2.47E-05,3.73E-06,0,0.000552162,9.63E-06,4.15E-06,0.01428619090326094,0.01587922908054812,0.0054470001859717124,0.0013203252237095559,0.0002661818862009381,2.8263254729704835e-05,0.0,0.002327392591887019,0.0,0.000194478,1.48E-05,117.48392389378046,-0.056666566,-2.264720074,0.0001366982412352487,5.763797869523848,0.0008776096255984267,9.91E-05,3.3665337684207723,17.070628277703353,-123.31436937268681,-19.396929934604728,-0.9017454590090906,52.48465462233495,-9.14838321475733,0.5252694715401834
2182,4.6947684164855685e-06,7.668268954736262e-07,2.78E-07,1.13E-07,9.92E-07,6.35E-07,2.72E-07,0.00014289051668448015,-0.6513851122553417,0.000111565,0.0006882991807445343,0,0,3.11E-05,0.000501704,5.44E-06,-0.092733191,0,-0.176960065,3.63E-06,2.43E-05,3.67E-06,0,0.00054416,9.49E-06,4.09E-06,0.014079144658286144,0.01564909595227191,0.005368058154290964,0.0013011887966180434,0.00026232435250345517,2.7830653892005276e-05,0.0,0.002293661901550338,0.0,0.000191659,1.46E-05,117.08327949448572,-0.057368322,-2.293865361,0.0001345470528896296,5.756147917704652,0.0008648899363859295,9.76E-05,3.2972277287914364,16.912780726896706,-124.79148984944537,-19.606572510378683,-0.9124005175878278,52.37397414715947,-9.205023871339273,0.5176568705217258
2183,4.630012990051284e-06,7.605414291172851e-07,2.74E-07,1.11E-07,9.77E-07,6.25E-07,2.68E-07,0.00014084085763367817,-0.5699619738721253,0.000109925,0.0006781781239756729,0,0,3.06E-05,0.000494326,5.36E-06,-0.094996789,0,-0.178783075,3.57E-06,2.39E-05,3.62E-06,0,0.000536157,9.35E-06,4.03E-06,0.013872098413311348,0.01541896094445267,0.005289116122610214,0.001282054207976631,0.0002584668188059722,2.7470153193922303e-05,0.0,0.00225993252917913,0.0,0.000188841,1.44E-05,116.68263509519099,-0.058070078,-2.323010649,0.00013259142712088498,5.748497967088364,0.0008521723745675139,9.62E-05,3.2279216878831005,16.75493317609006,-126.26861031083027,-19.81621508615264,-0.9230555761665652,52.263293671984,-9.261664526102816,0.5100442695032682
2184,4.55446499254462e-06,7.479704964046026e-07,2.69E-07,1.10E-07,9.63E-07,6.16E-07,2.64E-07,0.00013879119858287622,-0.4885388341915063,0.000108284,0.0006680554252443248,0,0,3.02E-05,0.000486948,5.28E-06,-0.097260388,0,-0.180606086,3.52E-06,2.36E-05,3.56E-06,0,0.000528155,9.21E-06,3.97E-06,0.013665052168336552,0.01518882781617646,0.005210174090929464,0.0012629196193352187,0.00025460928510848927,2.7037552356222737e-05,0.0,0.0022262018388424483,0.0,0.000186022,1.42E-05,116.28199068247572,-0.058771834,-2.352155936,0.00013063580135214036,5.740848016472075,0.0008394526853550167,9.48E-05,3.1586156469747637,16.59708562528341,-127.74573078758883,-20.02585766192659,-0.933710633077069,52.15261320773208,-9.31830518086636,0.5024316684848106
2185,4.489709566110337e-06,7.353995636919202e-07,2.65E-07,1.08E-07,9.48E-07,6.07E-07,2.60E-07,0.00013674153953207425,-0.40711569580828993,0.000106643,0.0006579343684754634,0,0,2.97E-05,0.00047957,5.20E-06,-0.099523987,0,-0.182429097,3.47E-06,2.32E-05,3.51E-06,0,0.000520153,9.07E-06,3.91E-06,0.013458005923361755,0.014958694687900252,0.005131232059248714,0.0012437831922437062,0.0002507517514110063,2.6604951518523178e-05,0.0,0.0021924711485057672,0.0,0.000183204,1.39E-05,115.88134628318099,-0.05947359,-2.381301223,0.00012868017558339574,5.733198064652879,0.0008267329961425198,9.33E-05,3.0893096060664273,16.439238086597186,-129.22285126434738,-20.23550022165979,-0.9443656916558064,52.04193273255661,-9.374945835629905,0.49481906746635296
2186,4.424954139676052e-06,7.228286309792378e-07,2.61E-07,1.06E-07,9.34E-07,5.97E-07,2.56E-07,0.00013469188048127227,-0.32569255612767084,0.000105003,0.0006478116697441152,0,0,2.93E-05,0.000472192,5.12E-06,-0.101787585,0,-0.184252107,3.41E-06,2.29E-05,3.46E-06,0,0.00051215,8.93E-06,3.85E-06,0.013250959678386957,0.014728559680081013,0.005052290027567965,0.0012246486036022939,0.0002468942177135233,2.6244450820440205e-05,0.0,0.002158740458169086,0.0,0.000180385,1.37E-05,115.48070188388627,-0.060175346,-2.410446511,0.00012672454981465115,5.725548114036591,0.000814015434324104,9.19E-05,3.020003565158091,16.281390535790536,-130.69997172573227,-20.445142797433746,-0.9550207502345438,51.93125225738114,-9.43158649221185,0.4872064664478954
2187,4.349406142169389e-06,7.102576982665554e-07,2.57E-07,1.05E-07,9.19E-07,5.88E-07,2.52E-07,0.00013234941299464147,-0.24426941774445446,0.000103362,0.000637688971012767,0,0,2.88E-05,0.000464814,5.04E-06,-0.104051184,0,-0.186075118,3.36E-06,2.25E-05,3.40E-06,0,0.000504148,8.79E-06,3.79E-06,0.013043913433412165,0.014498426551804803,0.004973347995887216,0.0012055140149608815,0.0002430366840160404,2.5811849982740646e-05,0.0,0.0021250110857978775,0.0,0.000177567,1.35E-05,115.08005748459153,-0.060877102,-2.439591798,0.00012476892404590653,5.717898163420302,0.000801295745111607,9.05E-05,2.950697524249755,16.123542984983885,-132.17709220249085,-20.654785373207698,-0.9656758088132811,51.82057178220566,-9.488227146975392,0.4795938654294378
2188,4.284650715735105e-06,7.039722319102142e-07,2.53E-07,1.03E-07,9.04E-07,5.79E-07,2.48E-07,0.0001302997539438395,-0.16284627806383542,0.000101721,0.0006275679142439055,0,0,2.83E-05,0.000457436,4.96E-06,-0.106314783,0,-0.187898129,3.31E-06,2.22E-05,3.35E-06,0,0.000496146,8.65E-06,3.73E-06,0.012836867188437366,0.014268293423528594,0.0048944059642064665,0.001186377587869369,0.00023917714013945503,2.537924914504108e-05,0.0,0.0020912803954611964,0.0,0.000174748,1.33E-05,114.67941307187625,-0.061578858,-2.468737085,0.00012281329827716189,5.710248211601107,0.0007885760558991098,8.90E-05,2.881391484620419,15.965695434177238,-133.65421267924944,-20.864427932940895,-0.9763308673920185,51.70989131795373,-9.544867801738935,0.4719812644109802
2189,4.2091027182284405e-06,6.914012991975318e-07,2.49E-07,1.01E-07,8.90E-07,5.69E-07,2.44E-07,0.00012825009489303752,-0.081423139680619,0.000100081,0.0006174452155125572,0,0,2.79E-05,0.000450058,4.88E-06,-0.108578381,0,-0.189721139,3.25E-06,2.18E-05,3.29E-06,0,0.000488143,8.51E-06,3.67E-06,0.01262982094346257,0.014038158415709354,0.004815463932525717,0.0011672429992279566,0.0002353196064419721,2.4946648307341515e-05,0.0,0.0020575497051245153,0.0,0.00017193,1.31E-05,114.27876867258153,-0.062280614,-2.497882373,0.00012085767250841729,5.702598260984818,0.0007758584940806943,8.76E-05,2.8120854437120824,15.80784788337059,-135.13133314063433,-21.07407050871485,-0.9869859259707556,51.59921084277826,-9.601508456502478,0.4643686633925226
2190,4.144347291794156e-06,6.788303664848494e-07,2.45E-07,9.98E-08,8.75E-07,5.60E-07,2.40E-07,0.00012620043584223554,0.0,9.84E-05,0.0006073241587436959,0,0,2.74E-05,0.00044268,4.80E-06,-0.11084198,0,-0.19154415,3.20E-06,2.14E-05,3.24E-06,0,0.000480141,8.37E-06,3.61E-06,0.012422774698487774,0.013808025287433145,0.004736521900844967,0.0011481084105865443,0.00023146207274448913,2.4586147609258548e-05,0.0,0.002023819014787834,0.0,0.000169111,1.29E-05,113.8781242732868,-0.06298237,-2.52702766,0.0001187064841627982,5.694948310368529,0.0007631388048681971,8.61E-05,2.742779402803746,15.650000332563943,-136.60845361739288,-21.283713084488806,-0.997640984549493,51.4885303676028,-9.658149111266022,0.45675606237406496
2191,4.079591865359873e-06,6.66259433772167e-07,2.41E-07,9.81E-08,8.61E-07,5.51E-07,2.36E-07,0.0001241507767914336,0.0,9.68E-05,0.0005972014600123477,0,0,2.70E-05,0.000435302,4.72E-06,-0.113105579,0,-0.193367161,3.15E-06,2.11E-05,3.19E-06,0,0.000472139,8.23E-06,3.55E-06,0.012215728453512978,0.013577892159156937,0.004657579869164218,0.0011289738219451319,0.0002276045390470062,2.4153546771558982e-05,0.0,0.0019900896424166255,0.0,0.000166293,1.27E-05,113.47747987399207,-0.063684126,-2.556172947,0.0001167508583940536,5.687298358549334,0.0007504191156557001,8.47E-05,2.6734733618954096,15.492152781757294,-138.08557407877777,-21.49335566026276,-1.0082960431282304,51.377849903350864,-9.714789767847966,0.44914346135560734
2192,4.004043867853209e-06,6.536885010594846e-07,2.37E-07,9.65E-08,8.46E-07,5.41E-07,2.32E-07,0.00012180830930480277,0.0,9.52E-05,0.0005870787612809995,0,0,2.65E-05,0.000427924,4.64E-06,-0.115369177,0,-0.195190171,3.09E-06,2.07E-05,3.13E-06,0,0.000464136,8.09E-06,3.49E-06,0.012008682208538181,0.013347757151337698,0.004578637837483469,0.0011098373948536194,0.00022374700534952323,2.3720945933859416e-05,0.0,0.0019563589520799445,0.0,0.000163474,1.24E-05,113.0768354612768,-0.064385882,-2.585318235,0.00011479523262530898,5.679648407933045,0.0007377015538372843,8.33E-05,2.6041673209870737,15.334305230950646,-139.56269455553632,-21.70299821999596,-1.0189511017069677,51.26716942817539,-9.77143042261151,0.44153086033714983
2193,3.939288441418925e-06,6.474030347031435e-07,2.33E-07,9.48E-08,8.32E-07,5.32E-07,2.28E-07,0.00011975865025400078,0.0,9.35E-05,0.0005769577045121381,0,0,2.61E-05,0.000420546,4.56E-06,-0.117632776,0,-0.197013182,3.04E-06,2.04E-05,3.08E-06,0,0.000456134,7.95E-06,3.43E-06,0.011801635963563385,0.013117624023061488,0.004499695805802719,0.0010907028062122068,0.00021988947165204028,2.336044523577645e-05,0.0,0.0019226282617432634,0.0,0.000160656,1.22E-05,112.67619106198208,-0.065087638,-2.614463522,0.00011283960685656436,5.67199845611385,0.0007249818646247872,8.18E-05,2.5348612800787373,15.176457680143995,-141.0398150322949,-21.91264079576991,-1.029606160285705,51.15648895299992,-9.828071077375053,0.4339182593186922
2194,3.863740443912261e-06,6.348321019904611e-07,2.29E-07,9.32E-08,8.17E-07,5.23E-07,2.24E-07,0.00011770899120319883,0.0,9.19E-05,0.0005668350057807899,0,0,2.56E-05,0.000413168,4.48E-06,-0.119896375,0,-0.198836193,2.99E-06,2.00E-05,3.02E-06,0,0.000448132,7.81E-06,3.37E-06,0.01159458971858859,0.01288749089478528,0.004420753774121969,0.0010715682175707947,0.00021603193795455733,2.2927844398076884e-05,0.0,0.0018888988893720547,0.0,0.000157837,1.20E-05,112.27554666268733,-0.065789394,-2.643608809,0.00011088398108781975,5.664348505497561,0.0007122621754122901,8.04E-05,2.4655552391704005,15.018610129337349,-142.5169354936798,-22.12228337154387,-1.040261217196209,51.04580847782445,-9.884711732138596,0.4263056583002346
2195,3.7989850174779774e-06,6.222611692777787e-07,2.25E-07,9.15E-08,8.02E-07,5.13E-07,2.20E-07,0.00011565933215239684,0.0,9.02E-05,0.0005567139490119285,0,0,2.51E-05,0.00040579,4.40E-06,-0.122159973,0,-0.200659203,2.93E-06,1.97E-05,2.97E-06,0,0.000440129,7.67E-06,3.31E-06,0.011387543473613794,0.01265735588696604,0.00434181174244122,0.0010524317904792822,0.00021217440425707438,2.2495243560377318e-05,0.0,0.0018551681990353736,0.0,0.000155019,1.18E-05,111.87490226339261,-0.06649115,-2.672754097,0.00010892835531907513,5.656698554881272,0.0006995446135938745,7.90E-05,2.3962491995410646,14.8607625785307,-143.99405597043835,-22.331925931277066,-1.0509162757749462,50.93512801357252,-9.94135238872054,0.41869305728177697
2196,3.7342295910436934e-06,6.109473298363645e-07,2.20E-07,8.98E-08,7.88E-07,5.04E-07,2.16E-07,0.00011360967310159489,0.0,8.86E-05,0.0005465912502805804,0,0,2.47E-05,0.000398412,4.32E-06,-0.124423572,0,-0.202482214,2.88E-06,1.93E-05,2.92E-06,0,0.000432127,7.53E-06,3.25E-06,0.011180497228638998,0.01242722275868983,0.00426286971076047,0.0010332972018378698,0.00020831687055959143,2.213474286229435e-05,0.0,0.0018214375086986925,0.0,0.0001522,1.16E-05,111.4742578640979,-0.067192906,-2.701899384,0.00010697272955033051,5.649048603062077,0.0006868249243813774,7.75E-05,2.3269431586327287,14.702915027724051,-145.4711764471969,-22.54156850705102,-1.0615713343536834,50.82444753839705,-9.997993043484085,0.41108045626331935
2197,3.6586815935370293e-06,5.996334903949504e-07,2.16E-07,8.82E-08,7.73E-07,4.95E-07,2.12E-07,0.0001115600140507929,0.0,8.70E-05,0.0005364685515492321,0,0,2.42E-05,0.000391034,4.24E-06,-0.126687171,0,-0.204305225,2.83E-06,1.89E-05,2.86E-06,0,0.000424125,7.40E-06,3.19E-06,0.0109734509836642,0.012197089630413622,0.004183927679079722,0.0010141626131964575,0.00020445933686210848,2.1702142024594786e-05,0.0,0.0017877068183620114,0.0,0.000149382,1.14E-05,111.07361345138263,-0.067894662,-2.731044671,0.00010501710378158589,5.641398652445788,0.0006741052351688803,7.61E-05,2.257637117724392,14.545067489037827,-146.9482969085818,-22.751211082824973,-1.0722263929324207,50.71376706322158,-10.054633698247628,0.40346785524486173
2198,3.5939261671027453e-06,5.883196509535362e-07,2.12E-07,8.65E-08,7.59E-07,4.85E-07,2.08E-07,0.00010921754656416209,0.0,8.53E-05,0.0005263474947803707,0,0,2.38E-05,0.000383656,4.16E-06,-0.128950769,0,-0.206128235,2.77E-06,1.86E-05,2.81E-06,0,0.000416122,7.26E-06,3.13E-06,0.010766404738689403,0.011966954622594382,0.0041049856473989715,0.000995026186104945,0.00020061587441834225,2.126954118689522e-05,0.0,0.0017539774459908028,0.0,0.000146563,1.12E-05,110.67296905208788,-0.068596418,-2.760189959,0.00010286591543596682,5.6337487018295,0.0006613876733504646,7.47E-05,2.188331076816056,14.38721993823118,-148.42541738534038,-22.96085365859893,-1.0828814515111582,50.603086598969654,-10.11127435301117,0.3958552542264042
2199,3.518378169596081e-06,5.77005811512122e-07,2.08E-07,8.48E-08,7.44E-07,4.76E-07,2.04E-07,0.00010716788751336013,0.0,8.37E-05,0.0005162247960490224,0,0,2.33E-05,0.000376278,4.08E-06,-0.131214368,0,-0.207951246,2.72E-06,1.82E-05,2.75E-06,0,0.00040812,7.12E-06,3.07E-06,0.010559358493714607,0.011736821494318175,0.004026043615718222,0.0009758915974635326,0.00019679653412380465,2.0909040488812253e-05,0.0,0.0017202467556541217,0.0,0.000143745,1.09E-05,110.27232465279316,-0.069298174,-2.789335246,0.00010091028966722221,5.626098750010304,0.0006486679841379675,7.32E-05,2.119025035907719,14.229372387424531,-149.90253786209897,-23.17049621833213,-1.0935365100898953,50.49240612379418,-10.167915009593115,0.3882426519413376
2200,3.453622743161797e-06,5.656919720707078e-07,2.04E-07,8.32E-08,7.29E-07,4.67E-07,2.00E-07,0.00010511822846255815,0.0,8.20E-05,0.0005061020973176742,0,0,2.29E-05,0.0003689,4.00E-06,-0.133477967,0,-0.209774257,2.67E-06,1.79E-05,2.70E-06,0,0.000400117,6.98E-06,3.01E-06,0.010352312248739812,0.011506688366041965,0.003947101584037473,0.0009567570088221201,0.00019297719382926708,2.0476439651112688e-05,0.0,0.0016865160653174406,0.0,0.000140926,1.07E-05,109.87168025349844,-0.06999993,-2.818480533,9.895466389847758e-05,5.618448799394015,0.0006359482949254704,7.18E-05,2.0497189949993833,14.071524836617883,-151.37965832348382,-23.38013879410608,-1.1041915686686328,50.38172564861871,-10.224555664356659,0.38063005092288
2201,3.3888673167275135e-06,5.543781326292937e-07,2.00E-07,8.15E-08,7.15E-07,4.57E-07,1.96E-07,0.00010306856941175619,0.0,8.04E-05,0.0004959810405488128,0,0,2.24E-05,0.000361522,3.92E-06,-0.135741565,0,-0.211597267,2.61E-06,1.75E-05,2.65E-06,0,0.000392115,6.84E-06,2.95E-06,0.010145266003765016,0.011276553358222724,0.003868159552356723,0.0009376224201807079,0.00018895683562449066,2.0043838813413125e-05,0.0,0.0016527853749807597,0.0,0.000138108,1.05E-05,109.47103584078316,-0.070701686,-2.847625821,9.699903812973297e-05,5.610798848777727,0.0006232307331070548,7.04E-05,1.9804129540910467,13.913677285811236,-152.8567788002424,-23.589781369880036,-1.11484662724737,50.271045173443234,-10.281196319120204,0.3730174499044224
2202,3.313319319220849e-06,5.430642931878795e-07,1.96E-07,7.98E-08,7.00E-07,4.48E-07,1.92E-07,0.00010101891036095421,0.0,7.88E-05,0.00048585834181746467,0,0,2.19E-05,0.000354144,3.84E-06,-0.138005164,0,-0.213420278,2.56E-06,1.72E-05,2.59E-06,0,0.000384113,6.70E-06,2.89E-06,0.00993821975879022,0.011046420229946516,0.003789217520675974,0.0009184859930891953,0.00018513749532995312,1.9683338115330155e-05,0.0,0.0016190560026095508,0.0,0.000135289,1.03E-05,109.07039144148843,-0.071403442,-2.876771108,9.504341236098836e-05,5.603148896958531,0.0006105110438945577,6.89E-05,1.9111069144617108,13.755829735004586,-154.33389929237464,-23.799423929613237,-1.1255016858261073,50.16036470919131,-10.337836973883746,0.36540484888596486
2203,3.248563892786566e-06,5.317504537464654e-07,1.92E-07,7.82E-08,6.86E-07,4.39E-07,1.88E-07,9.867644287432338e-05,0.0,7.71E-05,0.0004757372850486032,0,0,2.15E-05,0.000346766,3.76E-06,-0.140268763,0,-0.215243289,2.51E-06,1.68E-05,2.54E-06,0,0.00037611,6.56E-06,2.83E-06,0.009731173513815423,0.010816287101670307,0.003710275488995225,0.000899351404447783,0.00018131815503541552,1.925073727763059e-05,0.0,0.0015853253122728697,0.0,0.000132471,1.01E-05,108.6697470421937,-0.072105198,-2.905916395,9.308778659224373e-05,5.595498946342243,0.0005977913546820606,6.75E-05,1.8418008735533746,13.597982184197937,-155.81101973838585,-24.00906650538719,-1.1361567427366113,50.04968423401584,-10.39447763046569,0.35779224786750724
2204,3.1730158952799013e-06,5.204366143050512e-07,1.88E-07,7.65E-08,6.71E-07,4.29E-07,1.84E-07,9.662678382352142e-05,0.0,7.55E-05,0.00046561458631725505,0,0,2.10E-05,0.000339388,3.68E-06,-0.142532361,0,-0.217066299,2.45E-06,1.64E-05,2.48E-06,0,0.000368108,6.42E-06,2.77E-06,0.009524127268840627,0.010586152093851067,0.003631333457314475,0.0008802168158063707,0.00017749881474087795,1.8818136439931027e-05,0.0,0.0015515946219361889,0.0,0.000129652,9.87E-06,108.26910264289897,-0.072806954,-2.935061683,9.113216082349912e-05,5.587848995725954,0.0005850737928636448,6.60E-05,1.772494832645038,13.440134633391288,-157.28814018439707,-24.218709081161144,-1.1468118013153485,49.93900375884037,-10.451118285229233,0.3501796468490496
2205,3.1082604688456177e-06,5.091227748636371e-07,1.84E-07,7.49E-08,6.56E-07,4.20E-07,1.80E-07,9.457712477271945e-05,0.0,7.38E-05,0.0004554918875859069,0,0,2.06E-05,0.00033201,3.60E-06,-0.14479596,0,-0.21888931,2.40E-06,1.61E-05,2.43E-06,0,0.000360106,6.28E-06,2.71E-06,0.00931708102386583,0.01035601896557486,0.0035523914256337255,0.0008610803887148581,0.00017367947444634036,1.8457635741848057e-05,0.0,0.00151786524956498,0.0,0.000126833,9.65E-06,107.8684582301837,-0.07350871,-2.96420697,8.91765350547545e-05,5.580199043906758,0.0005723541036511478,6.46E-05,1.703188791736702,13.28228708258464,-158.76526063040825,-24.4283516569351,-1.157466859894086,49.82832329458844,-10.507758939992778,0.342567045830592
2206,3.043505042411334e-06,4.978089354222229e-07,1.80E-07,7.32E-08,6.42E-07,4.11E-07,1.76E-07,9.252746572191748e-05,0.0,7.22E-05,0.0004453708308170455,0,0,2.01E-05,0.000324632,3.52E-06,-0.147059559,0,-0.220712321,2.35E-06,1.57E-05,2.38E-06,0,0.000352103,6.14E-06,2.65E-06,0.009110034778891034,0.01012588583729865,0.003473449393952976,0.0008419458000734457,0.000169659116241564,1.8025034904148495e-05,0.0,0.0014841345592282989,0.0,0.000124015,9.44E-06,107.46781383088896,-0.074210466,-2.993352257,8.702534670913543e-05,5.57254909329047,0.0005596344144386508,6.32E-05,1.6338827508283653,13.124439531777993,-160.24238123015627,-24.637994216668297,-1.168121918472823,49.717642819412966,-10.56439959475632,0.3349544448121344
2207,2.9679570449046695e-06,4.864950959808088e-07,1.76E-07,7.15E-08,6.27E-07,4.01E-07,1.72E-07,9.04778066711155e-05,0.0,7.05E-05,0.00043524813208569726,0,0,1.97E-05,0.000317254,3.44E-06,-0.149323157,0,-0.222535331,2.29E-06,1.54E-05,2.32E-06,0,0.000344101,6.00E-06,2.59E-06,0.008902988533916238,0.00989575082947941,0.0033945073622722267,0.0008228112114320333,0.0001658397759470264,1.759243406644893e-05,0.0,0.001450403868891618,0.0,0.000121196,9.22E-06,107.06716943159424,-0.074912222,-3.022497545,8.506972094039081e-05,5.564899141471274,0.0005469168526202351,6.17E-05,1.5645767099200292,12.966591980971344,-161.7195016761675,-24.847636792442252,-1.1787769770515606,49.606962344237495,-10.621040249519863,0.32734184379367687
2208,2.903201618470386e-06,4.751812565393946e-07,1.71E-07,6.99E-08,6.13E-07,3.92E-07,1.68E-07,8.842814762031354e-05,0.0,6.89E-05,0.00042512707531683585,0,0,1.92E-05,0.000309876,3.36E-06,-0.151586756,0,-0.224358342,2.24E-06,1.50E-05,2.27E-06,0,0.000336099,5.86E-06,2.53E-06,0.008695942288941442,0.009665617701203201,0.003315565330591477,0.0008036747843405209,0.0001620204356524888,1.723193336836596e-05,0.0,0.001416673178554937,0.0,0.000118378,9.01E-06,106.66652503229952,-0.075613978,-3.051642832,8.31140951716462e-05,5.557249190854986,0.0005341971634077379,6.03E-05,1.4952706690116926,12.80874444228512,-163.1966221221787,-25.057279368216207,-1.1894320356302979,49.49628186906203,-10.677680906101807,0.31972924277521925
2209,2.8276536209637214e-06,4.638674170979804e-07,1.67E-07,6.82E-08,5.98E-07,3.83E-07,1.64E-07,8.608568013368272e-05,0.0,6.73E-05,0.0004150043765854876,0,0,1.87E-05,0.000302498,3.28E-06,-0.153850355,0,-0.226181353,2.19E-06,1.47E-05,2.21E-06,0,0.000328096,5.72E-06,2.47E-06,0.008488896043966646,0.009435484572926991,0.0032366232989107274,0.0007845401956991085,0.00015820109535795126,1.6799332530666397e-05,0.0,0.001382943806183728,0.0,0.000115559,8.79E-06,106.26588061958425,-0.076315734,-3.080788119,8.115846940290158e-05,5.549599240238697,0.0005214774741952409,5.89E-05,1.4259646293823567,12.650896891478473,-164.6737425681899,-25.266921927949404,-1.2000870942090351,49.3856014048101,-10.734321560865352,0.3121166417567616
2210,2.762898194529438e-06,4.525535776565663e-07,1.63E-07,6.65E-08,5.84E-07,3.73E-07,1.60E-07,8.403602108288075e-05,0.0,6.56E-05,0.0004048816778541394,0,0,1.83E-05,0.00029512,3.20E-06,-0.156113953,0,-0.228004363,2.13E-06,1.43E-05,2.16E-06,0,0.000320094,5.58E-06,2.41E-06,0.00828184979899185,0.009205349565107754,0.0031576812672299785,0.0007654056070576961,0.00015438175506341366,1.636673169296683e-05,0.0,0.0013492131158470472,0.0,0.000112741,8.58E-06,105.8652362202895,-0.07701749,-3.109933407,7.920284363415696e-05,5.5419492884195005,0.0005087599123768251,5.74E-05,1.3566585884740205,12.493049340671824,-166.15086301420112,-25.476564503723356,-1.2107421527877724,49.274920929634625,-10.790962215628896,0.304504040738304
2211,2.6981427680951546e-06,4.4123973821515214e-07,1.59E-07,6.49E-08,5.69E-07,3.64E-07,1.56E-07,8.198636203207878e-05,0.0,6.40E-05,0.000394760621085278,0,0,1.78E-05,0.000287742,3.12E-06,-0.158377552,0,-0.229827374,2.08E-06,1.39E-05,2.11E-06,0,0.000312092,5.44E-06,2.35E-06,0.008074803554017053,0.008975216436831544,0.003078739235549229,0.0007462710184162838,0.00015036139685863727,1.600623099488386e-05,0.0,0.001315482425510366,0.0,0.000109922,8.37E-06,105.46459182099478,-0.077719246,-3.139078694,7.724721786541234e-05,5.534299337803213,0.0004960402231643281,5.60E-05,1.287352547565684,12.335201789865176,-167.6279834602123,-25.686207079497315,-1.2213972113665097,49.164240454459154,-10.84760287039244,0.29689143971984644
2212,2.62259477058849e-06,4.29925898773738e-07,1.55E-07,6.32E-08,5.54E-07,3.55E-07,1.52E-07,7.993670298127682e-05,0.0,6.23E-05,0.0003846379223539298,0,0,1.74E-05,0.000280364,3.04E-06,-0.160641151,0,-0.231650385,2.03E-06,1.36E-05,2.05E-06,0,0.000304089,5.30E-06,2.29E-06,0.007867757309042257,0.008745083308555337,0.002999797203868479,0.0007271345913247713,0.00014654205656409967,1.55736301571843e-05,0.0,0.0012817530531391572,0.0,0.000107104,8.15E-06,105.06394742170006,-0.078421002,-3.168223981,7.529159209666774e-05,5.526649387186924,0.0004833205339518311,5.46E-05,1.2180465066573478,12.177354239058525,-169.10510405996033,-25.89584965527127,-1.2320522699452472,49.053559990207226,-10.904243526974383,0.2892788387013888
2213,2.5578393441542065e-06,4.1861205933232376e-07,1.51E-07,6.15E-08,5.40E-07,3.45E-07,1.48E-07,7.788704393047484e-05,0.0,6.07E-05,0.00037451686558506844,0,0,1.69E-05,0.000272986,2.96E-06,-0.162904749,0,-0.233473395,1.97E-06,1.32E-05,2.00E-06,0,0.000296087,5.16E-06,2.23E-06,0.007660711064067461,0.008514948300736095,0.0029208551721877298,0.0007080000026833589,0.00014272271626956213,1.5141029319484733e-05,0.0,0.001248022362802476,0.0,0.000104285,7.94E-06,104.66330300898477,-0.079122758,-3.197369269,7.33359663279231e-05,5.518999435367729,0.0004706029721334153,5.31E-05,1.1487404657490115,12.019506688251877,-170.58222450597154,-26.105492215004467,-1.242707326855751,48.942879515031755,-10.960884181737926,0.2816662376829312
2214,2.482291346647542e-06,4.072982198909096e-07,1.47E-07,5.99E-08,5.25E-07,3.36E-07,1.44E-07,7.554457644384401e-05,0.0,5.91E-05,0.0003643941668537202,0,0,1.65E-05,0.000265608,2.88E-06,-0.165168348,0,-0.235296406,1.92E-06,1.29E-05,1.94E-06,0,0.000288085,5.02E-06,2.17E-06,0.007453664819092664,0.008284815172459888,0.0028419131405069803,0.0006888654140419465,0.00013890337597502453,1.470842848178517e-05,0.0,0.001214291672465795,0.0,0.000101467,7.72E-06,104.26265860969005,-0.079824514,-3.226514556,7.118477798230403e-05,5.51134948475144,0.0004578832829209182,5.17E-05,1.079434424840675,11.86165913744523,-172.05934495198275,-26.315134790778423,-1.2533623854344884,48.83219903985629,-11.017524836501469,0.27405363666447363
2215,2.4175359202132583e-06,3.959843804494955e-07,1.43E-07,5.82E-08,5.11E-07,3.27E-07,1.40E-07,7.349491739304205e-05,0.0,5.74E-05,0.000354271468122372,0,0,1.60E-05,0.00025823,2.80E-06,-0.167431947,0,-0.237119417,1.87E-06,1.25E-05,1.89E-06,0,0.000280082,4.88E-06,2.11E-06,0.0072466185741178685,0.00805468204418368,0.002762971108826231,0.0006697289869504341,0.00013508403568048694,1.43479277837022e-05,0.0,0.001180560982129114,0.0,9.86E-05,7.51E-06,103.86201421039533,-0.08052627,-3.255659843,6.922915221355942e-05,5.5036995341351505,0.00044516359370842123,5.03E-05,1.0101283852113392,11.703811587850623,-173.53646539799396,-26.524777366552378,-1.2640174440132257,48.721518564680814,-11.074165491265013,0.266441035646016
2216,2.3527804937789743e-06,3.8467054100808135e-07,1.39E-07,5.66E-08,4.96E-07,3.17E-07,1.36E-07,7.144525834224007e-05,0.0,5.58E-05,0.0003441504113535106,0,0,1.55E-05,0.000250852,2.72E-06,-0.169695545,0,-0.238942427,1.81E-06,1.21E-05,1.84E-06,0,0.00027208,4.74E-06,2.05E-06,0.007039572329143072,0.007824547036364439,0.002684029077145482,0.0006505943983090217,0.00013106367747571057,1.3915326946002638e-05,0.0,0.0011468316097579053,0.0,9.58E-05,7.29E-06,103.46136981110061,-0.081228026,-3.284805131,6.72735264448148e-05,5.496049582315956,0.00043244603189000546,4.88E-05,0.9408223443030029,11.545964038256018,-175.01358584400515,-26.734419926285575,-1.274672502591963,48.610838100428886,-11.130806147846958,0.2588284346275584
2217,2.27723249627231e-06,3.733567015666672e-07,1.35E-07,5.49E-08,4.81E-07,3.08E-07,1.32E-07,6.939559929143811e-05,0.0,5.41E-05,0.0003340277126221624,0,0,1.51E-05,0.000243474,2.64E-06,-0.171959144,0,-0.240765438,1.76E-06,1.18E-05,1.78E-06,0,0.000264078,4.60E-06,1.99E-06,0.006832526084168276,0.00759441390808823,0.002605087045464732,0.0006314598096676093,0.00012724433718117297,1.3482726108303073e-05,0.0,0.0011131009194212242,0.0,9.30E-05,7.08E-06,103.06072539838532,-0.081929782,-3.313950418,6.531790067607018e-05,5.488399631699667,0.00041972634267750837,4.74E-05,0.8715163033946666,11.38811648866141,-176.49070629001636,-26.94406250205953,-1.2853275611707002,48.500157625253415,-11.1874468026105,0.2512158336091008
2218,2.212477069838026e-06,3.62042862125253e-07,1.31E-07,5.32E-08,4.67E-07,2.99E-07,1.28E-07,6.734594024063614e-05,0.0,5.25E-05,0.00032390665585330103,0,0,1.46E-05,0.000236096,2.56E-06,-0.174222743,0,-0.242588449,1.71E-06,1.14E-05,1.73E-06,0,0.000256075,4.46E-06,1.93E-06,0.006625479839193479,0.007364280779812021,0.0025261450137839827,0.000612325221026197,0.0001234249968866354,1.3122225410220102e-05,0.0,0.001079370229084543,0.0,9.02E-05,6.86E-06,102.6600809990906,-0.082631538,-3.343095705,6.336227490732558e-05,5.480749681083378,0.00040700665346501134,4.59E-05,0.8022102624863302,11.230268939066805,-177.96782673602758,-27.153705077833486,-1.2959826197494375,48.389477150077944,-11.244087457374045,0.2436032325906432
2219,2.136929072331362e-06,3.507290226838389e-07,1.27E-07,5.16E-08,4.52E-07,2.89E-07,1.24E-07,6.529628118983417e-05,0.0,5.09E-05,0.00031378395712195275,0,0,1.42E-05,0.000228718,2.48E-06,-0.176486341,0,-0.244411459,1.65E-06,1.11E-05,1.67E-06,0,0.000248073,4.33E-06,1.87E-06,0.006418433594218683,0.007134145771992781,0.0024472029821032333,0.0005931887939346845,0.00011960565659209783,1.268962457252054e-05,0.0,0.001045639538747862,0.0,8.74E-05,6.65E-06,102.25943659979586,-0.083333294,-3.372240993,6.140664913858094e-05,5.473099729264183,0.0003942890916465956,4.45E-05,0.7329042215779938,11.0724213894722,-179.4449473357756,-27.36334765360744,-1.3066376783281748,48.27879668582601,-11.300728112137588,0.2359906315721856
2220,2.072173645897078e-06,3.394151832424247e-07,1.22E-07,4.99E-08,4.38E-07,2.80E-07,1.20E-07,6.295381370320335e-05,0.0,4.92E-05,0.00030366125839060453,0,0,1.37E-05,0.00022134,2.40E-06,-0.17874994,0,-0.24623447,1.60E-06,1.07E-05,1.62E-06,0,0.00024007,4.19E-06,1.81E-06,0.006211387349243887,0.006904012643716572,0.0023682609504224834,0.0005740542052932721,0.00011578631629756024,1.2257023734820974e-05,0.0,0.0010119101663766533,0.0,8.46E-05,6.43E-06,101.85879220050114,-0.08403505,-3.40138628,5.945102336983634e-05,5.465449778647894,0.00038156940243409853,4.31E-05,0.6635981806696575,10.914573839877594,-180.92206778178678,-27.57299021334064,-1.3172927369069123,48.16811621065054,-11.357368768719533,0.22837803055372802
2221,2.007418219462795e-06,3.2810134380101056e-07,1.18E-07,4.82E-08,4.23E-07,2.71E-07,1.16E-07,6.0904154652401384e-05,0.0,4.76E-05,0.0002935402016217432,0,0,1.33E-05,0.000213962,2.32E-06,-0.181013539,0,-0.248057481,1.55E-06,1.04E-05,1.57E-06,0,0.000232068,4.05E-06,1.75E-06,0.006004341104269091,0.006673879515440364,0.0022893189187417344,0.0005549196166518597,0.00011196697600302267,1.1896523036738006e-05,0.0,0.0009781794760399722,0.0,8.17E-05,6.22E-06,101.45814778778586,-0.084736806,-3.430531567,5.749539760109172e-05,5.457799828031606,0.0003688497132216015,4.16E-05,0.5942921397613211,10.756726289070945,-182.39918822779802,-27.782632789114594,-1.3279477954856496,48.057435735475075,-11.414009423483076,0.2207654295352704
2222,1.9318702219561303e-06,3.1678750435959637e-07,1.14E-07,4.66E-08,4.08E-07,2.61E-07,1.12E-07,5.8854495601599415e-05,0.0,4.59E-05,0.00028341750289039496,0,0,1.28E-05,0.000206584,2.24E-06,-0.183277137,0,-0.249880491,1.49E-06,1.00E-05,1.51E-06,0,0.000224066,3.91E-06,1.69E-06,0.005797294859294295,0.006443744507621124,0.0022103768870609846,0.0005357831895603473,0.00010794661779824626,1.1463922199038442e-05,0.0,0.0009444487857032911,0.0,7.89E-05,6.01E-06,101.05750338849113,-0.085438562,-3.459676855,5.534420925547264e-05,5.45014987621241,0.0003561321514031858,4.02E-05,0.5249861001319853,10.598878739476339,-183.8763086738092,-27.99227536488855,-1.3386028523961535,47.946755260299604,-11.470650078246619,0.2131528285168128
2223,1.8671147955218467e-06,3.0547366491818223e-07,1.10E-07,4.49E-08,3.94E-07,2.52E-07,1.08E-07,5.6804836550797445e-05,0.0,4.43E-05,0.00027329480415904674,0,0,1.23E-05,0.000199206,2.16E-06,-0.185540736,0,-0.251703502,1.44E-06,9.65E-06,1.46E-06,0,0.000216063,3.77E-06,1.63E-06,0.005590248614319499,0.006213611379344915,0.002131434855380235,0.0005166486009189349,0.00010412727750370869,1.1031321361338878e-05,0.0,0.0009107194133320826,0.0,7.61E-05,5.79E-06,100.65685898919641,-0.086140318,-3.488822142,5.338858348672803e-05,5.442499925596121,0.0003434124621906887,3.88E-05,0.45568005922364896,10.441031189881732,-185.35342911982042,-28.201917924621743,-1.3492579109748908,47.836074796047676,-11.527290733010162,0.2055402274983552
2224,1.7915667980151824e-06,2.941598254767681e-07,1.06E-07,4.33E-08,3.79E-07,2.43E-07,1.04E-07,5.4755177499995476e-05,0.0,4.27E-05,0.00026317374739018534,0,0,1.19E-05,0.000191828,2.08E-06,-0.187804335,0,-0.253526513,1.39E-06,9.29E-06,1.40E-06,0,0.000208061,3.63E-06,1.57E-06,0.005383202369344702,0.005983478251068706,0.0020524928236994857,0.0004975140122775225,0.00010030793720917112,1.0670820663255908e-05,0.0,0.0008769887229954014,0.0,7.33E-05,5.58E-06,100.25621458990169,-0.086842074,-3.517967429,5.143295771798341e-05,5.434849973776926,0.00033069277297819165,3.73E-05,0.3863740183153126,10.283183640287128,-186.83054956583163,-28.4115605003957,-1.359912969553628,47.7253943208722,-11.583931387773704,0.19792762647989762
2225,1.7268113715808986e-06,2.828459860353539e-07,1.02E-07,4.16E-08,3.65E-07,2.33E-07,1.00E-07,5.2705518449193506e-05,0.0,4.10E-05,0.0002530510486588371,0,0,1.14E-05,0.00018445,2.00E-06,-0.190067933,0,-0.255349523,1.33E-06,8.93E-06,1.35E-06,0,0.000200059,3.49E-06,1.50E-06,0.005176156124369906,0.005753343243249467,0.0019735507920187363,0.00047837758518601005,9.648859691463354e-05,1.0238219825556344e-05,0.0,0.0008432580326587203,0.0,7.05E-05,5.36E-06,99.8555701771864,-0.08754383,-3.547112717,4.947733194923879e-05,5.427200023160637,0.00031797521115977593,3.59E-05,0.31706797740697623,10.125336090692523,-188.30767016557962,-28.621203076169657,-1.3705680281323653,47.61471384569673,-11.64057204435565,0.19031502546144
2226,1.6620559451466152e-06,2.7153214659393977e-07,9.80E-08,3.99E-08,3.50E-07,2.24E-07,9.60E-08,5.036305096256268e-05,0.0,3.94E-05,0.00024292999188997574,0,0,1.10E-05,0.000177072,1.92E-06,-0.192331532,0,-0.257172534,1.28E-06,8.58E-06,1.30E-06,0,0.000192056,3.35E-06,1.44E-06,0.00496910987939511,0.005523210114973258,0.001894608760337987,0.00045924299654459766,9.266925662009597e-05,9.80561898785678e-06,0.0,0.0008095273423220393,0.0,6.76E-05,5.15E-06,99.45492577789167,-0.088245586,-3.576258004,4.752170618049418e-05,5.419550072544349,0.00030525552194727884,3.45E-05,0.24776193649863987,9.967488541097916,-189.78479061159084,-28.830845651943605,-1.3812230867111026,47.5040333814448,-11.697212699119193,0.18270242444298243
2227,1.5865079476399507e-06,2.602183071525256e-07,9.39E-08,3.83E-08,3.36E-07,2.15E-07,9.20E-08,4.831339191176071e-05,0.0,3.77E-05,0.00023280729315862752,0,0,1.05E-05,0.000169694,1.84E-06,-0.194595131,0,-0.258995545,1.23E-06,8.22E-06,1.24E-06,0,0.000184054,3.21E-06,1.38E-06,0.0047620636344203136,0.0052930769866970494,0.0018156667286572375,0.00044010840790318533,8.864889841531957e-05,9.44511828977381e-06,0.0,0.0007757979699508305,0.0,6.48E-05,4.93E-06,99.05428137859695,-0.088947342,-3.605403291,4.556608041174956e-05,5.411900120725153,0.00029253583273478176,3.30E-05,0.17845589559030353,9.80964099150331,-191.26191105760205,-29.040488211676806,-1.39187814528984,47.393352906269335,-11.753853353882738,0.1750898234245248
2228,1.521752521205667e-06,2.4890446771111144e-07,8.98E-08,3.66E-08,3.21E-07,2.05E-07,8.80E-08,4.626373286095874e-05,0.0,3.61E-05,0.0002226845944272793,0,0,1.01E-05,0.000162316,1.76E-06,-0.196858729,0,-0.260818555,1.17E-06,7.86E-06,1.19E-06,0,0.000176052,3.07E-06,1.32E-06,0.004555017389445517,0.005062941978877809,0.001736724696976488,0.00042097381926177295,8.4829558120782e-05,9.012517452074247e-06,0.0,0.0007420672796141494,0.0,6.20E-05,4.72E-06,98.65363697930223,-0.089649098,-3.634548579,4.361045464300494e-05,5.404250170108864,0.00027981827091636604,3.16E-05,0.10914985468196721,9.651793441908703,-192.73903150361323,-29.25013078745076,-1.4025332038685772,47.282672431093864,-11.81049400864628,0.1674772224060672
2229,1.4462045236990027e-06,2.375906282696973e-07,8.57E-08,3.49E-08,3.06E-07,1.96E-07,8.40E-08,4.421407381015677e-05,0.0,3.45E-05,0.00021256353765841793,0,0,9.60E-06,0.000154938,1.68E-06,-0.199122328,0,-0.262641566,1.12E-06,7.50E-06,1.13E-06,0,0.000168049,2.93E-06,1.26E-06,0.004347971144470721,0.0048328088506016005,0.0016577826652957384,0.00040183739217026045,8.10102178262444e-05,8.579916614374682e-06,0.0,0.0007083365892774685,0.0,5.92E-05,4.50E-06,98.25299256658694,-0.090350854,-3.663693866,4.165482887426033e-05,5.3966002194925755,0.00026709858170386895,3.02E-05,0.039843815052631314,9.493945891102054,-194.21615194962445,-29.459773363224713,-1.4131882624473147,47.17199195591839,-11.867134665228225,0.15986462138760962
2230,1.381449097264719e-06,2.2627678882828314e-07,8.16E-08,3.33E-08,2.92E-07,1.87E-07,8.00E-08,4.21644147593548e-05,0.0,3.28E-05,0.0002024408389270697,0,0,9.14E-06,0.00014756,1.60E-06,-0.201385927,0,-0.264464577,1.07E-06,7.15E-06,1.08E-06,0,0.000160047,2.79E-06,1.20E-06,0.004140924899495925,0.004602675722325393,0.0015788406336149892,0.00038270280352884807,7.719087753170683e-05,8.219415916291712e-06,0.0,0.0006746058989407873,0.0,5.64E-05,4.29E-06,97.85234816729222,-0.09105261,-3.692839153,3.950364052864125e-05,5.38895026767338,0.0002543788924913719,2.87E-05,-0.02946222585570503,9.336098341507448,-195.69327239563566,-29.669415922957914,-1.423843321026052,47.06131149166646,-11.923775319991769,0.152252020369152
2231,1.3166936708304353e-06,2.14962949386869e-07,7.76E-08,3.16E-08,2.77E-07,1.77E-07,7.60E-08,3.982194727272398e-05,0.0,3.12E-05,0.0001923197821582083,0,0,8.69E-06,0.000140182,1.52E-06,-0.203649525,0,-0.266287587,1.01E-06,6.79E-06,1.03E-06,0,0.000152045,2.65E-06,1.14E-06,0.003933878654521128,0.004372540714506152,0.0014998986019342396,0.0003635682148874357,7.337153723716925e-05,7.78681507859215e-06,0.0,0.0006408765265695786,0.0,5.36E-05,4.08E-06,97.4517037679975,-0.091754366,-3.721984441,3.7548014759896634e-05,5.381300317057092,0.0002416613306729562,2.73E-05,-0.09876826676404138,9.178250791912843,-197.17039299538365,-29.87905849873187,-1.4344983796047892,46.95063101649099,-11.980415974755312,0.1446394193506944
2232,1.241145673323771e-06,2.036491099454548e-07,7.35E-08,2.99E-08,2.63E-07,1.68E-07,7.20E-08,3.777228822192201e-05,0.0,2.95E-05,0.0001821970834268601,0,0,8.23E-06,0.000132804,1.44E-06,-0.205913124,0,-0.268110598,9.60E-07,6.43E-06,9.72E-07,0,0.000144042,2.51E-06,1.08E-06,0.003726832409546332,0.004142407586229944,0.0014209565702534902,0.00034443178779592325,6.935117903239285e-05,7.354214240892585e-06,0.0,0.0006071458362328975,0.0,5.07E-05,3.86E-06,97.05105936870277,-0.092456122,-3.751129728,3.5592388991152014e-05,5.373650366440803,0.0002289416414604591,2.58E-05,-0.16807430767237774,9.020403242318238,-198.6475134413949,-30.08870107450582,-1.4451534365152932,46.839950541315524,-12.037056629518855,0.13702681833223682
2233,1.1763902468894871e-06,1.9233527050404067e-07,6.94E-08,2.83E-08,2.48E-07,1.59E-07,6.80E-08,3.572262917112004e-05,0.0,2.79E-05,0.00017207438469551186,0,0,7.77E-06,0.000125426,1.36E-06,-0.208176723,0,-0.269933609,9.07E-07,6.07E-06,9.18E-07,0,0.00013604,2.37E-06,1.02E-06,0.003519786164571536,0.003912274457953735,0.001342014538572741,0.00032529719915451086,6.553183873785528e-05,6.964873486962978e-06,0.0,0.0005734151458962164,0.0,4.79E-05,3.65E-06,96.65041495598749,-0.093157878,-3.780275015,3.36367632224074e-05,5.366000414621607,0.00021622195224796207,2.44E-05,-0.23738034858071408,8.862555692723632,-200.1246338874061,-30.298343650279776,-1.4558084950940304,46.72927007706359,-12.093697286100799,0.1294142173137792
2234,1.1008422493828228e-06,1.810214310626265e-07,6.53E-08,2.66E-08,2.33E-07,1.49E-07,6.40E-08,3.367297012031807e-05,0.0,2.63E-05,0.00016189750120209804,0,0,7.31E-06,0.000118048,1.28E-06,-0.210440321,0,-0.271756619,8.53E-07,5.72E-06,8.64E-07,0,0.000128038,2.23E-06,9.63E-07,0.0033127399195967393,0.003682139450134495,0.0012630725068919913,0.0003061626105130985,6.17124984433177e-05,6.5539026911483915e-06,0.0,0.0005396857735250078,0.0,4.51E-05,3.43E-06,96.24977055669277,-0.093859634,-3.809420303,3.168113745366279e-05,5.358350464005319,0.0002035916135868824,2.30E-05,-0.3066863894890504,8.704708143129025,-201.6017543334173,-30.507986210012977,-1.466463553672768,46.61858960188812,-12.150337940864341,0.1218016162953216
2235,1.036086822948539e-06,1.6970759162121235e-07,6.12E-08,2.50E-08,2.19E-07,1.40E-07,6.00E-08,3.16233110695161e-05,0.0,2.46E-05,0.0001518815300323942,0,0,6.86E-06,0.00011067,1.20E-06,-0.21270392,0,-0.27357963,8.00E-07,5.36E-06,8.10E-07,0,0.000120035,2.09E-06,9.03E-07,0.0031056936746219435,0.003452006321858286,0.0011841304752112417,0.00028702618342158604,5.789315814878012e-05,6.142931895333807e-06,0.0,0.0005059550831883267,0.0,4.23E-05,3.22E-06,95.84912615739803,-0.09456139,-3.83856559,2.972551168491817e-05,5.35070051338903,0.00019082724909867663,2.15E-05,-0.3759924303973868,8.546860593534419,-203.0788747794285,-30.717628785786932,-1.477118612251505,46.50790912671265,-12.206978595627886,0.11418901527686401
2236,9.670143680853032e-07,1.5839375217979818e-07,5.71E-08,2.33E-08,2.04E-07,1.31E-07,5.60E-08,2.9573652018714132e-05,0.0,2.30E-05,0.0001417013626140067,0,0,6.40E-06,0.000103292,1.12E-06,-0.214967519,0,-0.275402641,7.47E-07,5.00E-06,7.56E-07,0,0.000112033,1.95E-06,8.43E-07,0.0028986474296471476,0.0032218731935820775,0.0011051884435304923,0.00026789159478017365,5.407381785424254e-05,5.731961099519221e-06,0.0,0.00047222439285164557,0.0,3.95E-05,3.00E-06,95.44848175810331,-0.095263146,-3.867710877,2.7769885916173552e-05,5.343050561569835,0.00017806288461047083,2.01E-05,-0.4452984700267226,8.389013042727772,-204.5559952254397,-30.92727136156088,-1.4877736708302425,46.397228651537176,-12.26361925039143,0.1065764142584064
2237,8.979419132220674e-07,1.4707991273838405e-07,5.31E-08,2.16E-08,1.90E-07,1.21E-07,5.20E-08,2.7319027062831967e-05,0.0,2.13E-05,0.0001315211951956192,0,0,5.94E-06,9.59E-05,1.04E-06,-0.217231117,0,-0.277225651,6.93E-07,4.65E-06,7.02E-07,0,0.000104031,1.81E-06,7.83E-07,0.002691601184672351,0.0029917381857628377,0.0010262464118497429,0.00024875700613876127,5.005345964946614e-05,5.320990303704635e-06,0.0,0.0004384937025149645,0.0,3.66E-05,2.79E-06,95.04783734538803,-0.095964902,-3.896856165,2.5814260147428936e-05,5.3354006109535455,0.00016529852012226506,1.87E-05,-0.514604510935059,8.231165493133165,-206.03311582518774,-31.136913921294084,-1.4984287294089798,46.28654818728525,-12.320259905154973,0.09896381323994881
2238,8.288694583588314e-07,1.3576607329696988e-07,4.90E-08,2.00E-08,1.75E-07,1.12E-07,4.80E-08,2.524008716844711e-05,0.0,1.97E-05,0.00012150522402591537,0,0,5.49E-06,8.85E-05,9.60E-07,-0.219494716,0,-0.279048662,6.40E-07,4.29E-06,6.48E-07,0,9.60E-05,1.67E-06,7.22E-07,0.002484554939697555,0.002761605057486629,0.0009473043801689934,0.00022962241749734886,4.6234119354928574e-05,4.9172295218517085e-06,0.0,0.00040476433014375587,0.0,3.38E-05,2.57E-06,94.6471929460933,-0.096666658,-3.926001452,2.3663071801809856e-05,5.32775065913435,0.00015253415563405923,1.72E-05,-0.5839105518433954,8.073317943538559,-207.51023627119892,-31.34655649706804,-1.509083787987717,46.17586771210977,-12.376900561736917,0.09135121222149122
2239,7.597970034955953e-07,1.2445223385555572e-07,4.49E-08,1.83E-08,1.60E-07,1.03E-07,4.40E-08,2.313186643047937e-05,0.0,1.80E-05,0.00011132505660752786,0,0,5.03E-06,8.12E-05,8.80E-07,-0.221758315,0,-0.280871673,5.87E-07,3.93E-06,5.94E-07,0,8.80E-05,1.53E-06,6.62E-07,0.0022775086947227586,0.0025314719292104204,0.000868362348488244,0.00021048599040583642,4.2414779060391e-05,4.506258726037124e-06,0.0,0.0003710336398070747,0.0,3.10E-05,2.36E-06,94.24654854679858,-0.097368414,-3.955146739,2.1707446033065243e-05,5.320100708518062,0.0001399825305539902,1.58E-05,-0.6532165927517317,7.915470393943954,-208.98735671721013,-31.556199072841988,-1.5197388465664543,46.06518723693431,-12.433541216500462,0.0837386112030336
2240,6.907245486323594e-07,1.1313839441414157e-07,4.08E-08,1.66E-08,1.46E-07,9.33E-08,4.00E-08,2.102364569251163e-05,0.0,1.64E-05,0.00010114488918914037,0,0,4.57E-06,7.38E-05,8.00E-07,-0.224021913,0,-0.282694683,5.33E-07,3.57E-06,5.40E-07,0,8.00E-05,1.40E-06,6.02E-07,0.0020704624497479623,0.0023013369213911805,0.0007894203168074946,0.00019135140176442403,3.8595438765853415e-05,4.095287930222537e-06,0.0,0.00033730294947039363,0.0,2.82E-05,2.14E-06,93.84590414750386,-0.09807017,-3.984292027,1.9751820264320623e-05,5.312450757901773,0.0001272181660657844,1.44E-05,-0.722522633660068,7.7576228443493465,-210.46447716322132,-31.765841648615943,-1.5303939051451916,45.95450677268238,-12.490181871264005,0.076126010184576
2241,6.216520937691235e-07,1.018245549727274e-07,3.67E-08,1.50E-08,1.31E-07,8.40E-08,3.60E-08,1.891542495454389e-05,0.0,1.48E-05,9.112891801943652e-05,0,0,4.11E-06,6.64E-05,7.20E-07,-0.226285512,0,-0.284517694,4.80E-07,3.22E-06,4.86E-07,0,7.20E-05,1.26E-06,5.42E-07,0.001863416204773166,0.002071203793114972,0.0007104782851267451,0.00017226277437551313,3.477609847131584e-05,3.684317134407952e-06,0.0,0.00030357357709918497,0.0,2.54E-05,1.93E-06,93.44525974820914,-0.098771926,-4.013437314,1.7815750753263452e-05,5.304800806082578,0.00011445380157757863,1.29E-05,-0.7918286745684043,7.599775294754742,-211.94159760923253,-31.975484208349148,-1.5410489620556955,45.84382629750691,-12.546822526027547,0.06851340916611841
2242,5.525796389058876e-07,9.051071553131326e-08,3.27E-08,1.33E-08,1.17E-07,7.47E-08,3.20E-08,1.680720421657615e-05,0.0,1.31E-05,8.094875060104902e-05,0,0,3.66E-06,5.90E-05,6.40E-07,-0.228549111,0,-0.286340705,4.27E-07,2.86E-06,4.32E-07,0,6.40E-05,1.12E-06,4.82E-07,0.0016563699597983697,0.0018410706648387632,0.0006315362534459957,0.00015314289333490122,3.095675817677826e-05,3.2733463385933663e-06,0.0,0.0002698428867625039,0.0,2.25E-05,1.72E-06,93.04461533549384,-0.099473682,-4.042582601,1.5840568726831394e-05,5.297150855466289,0.00010168943708937284,1.15E-05,-0.8611347141977402,7.441927745160135,-213.41871805524377,-32.1851267841231,-1.5517040206344328,45.73314582233144,-12.603463182609492,0.0609008081476608
2243,4.835071840426516e-07,7.919687608989909e-08,2.86E-08,1.16E-08,1.02E-07,6.53E-08,2.80E-08,1.4728264322191295e-05,0.0,1.15E-05,7.09327794313452e-05,0,0,3.20E-06,5.16E-05,5.60E-07,-0.230812709,0,-0.288163715,3.73E-07,2.50E-06,3.78E-07,0,5.60E-05,9.77E-07,4.21E-07,0.0014493237148235738,0.0016109356570195232,0.0005525942217652461,0.0001340230122942893,2.6936399972001863e-05,2.86958555674044e-06,0.0,0.00023611219642582278,0.0,1.97E-05,1.50E-06,92.64397093619912,-0.100175438,-4.071727889,1.386538670039933e-05,5.28950090485,8.91378120093038e-05,1.01E-05,-0.9304407551060766,7.2840801943534865,-214.89583865499176,-32.394769359897055,-1.5623590792131703,45.62246534715596,-12.660103837373034,0.0532882071292032
2244,4.144347291794157e-07,6.788303664848494e-08,2.45E-08,9.98E-09,8.75E-08,5.60E-08,2.40E-08,1.2620043584223556e-05,0.0,9.84E-06,6.0752612012957684e-05,0,0,2.74E-06,4.43E-05,4.80E-07,-0.233076308,0,-0.289986726,3.20E-07,2.14E-06,3.24E-07,0,4.80E-05,8.37E-07,3.61E-07,0.0012422774698487775,0.0013808025287433145,0.0004736521900844967,0.00011471928624367149,2.3117059677464287e-05,2.4586147609258543e-06,0.0,0.0002023815060891417,0.0,1.69E-05,1.29E-06,92.2433265369044,-0.100877194,-4.100873176,1.1870648416279821e-05,5.281850953030805,7.6373447521098e-05,8.61E-06,-0.999746796014413,7.126232644758881,-216.37295910100298,-32.60441191963025,-1.5730141377919076,45.51178488290403,-12.71674449213658,0.04567560611074561
2245,3.453622743161797e-07,5.6569197207070785e-08,2.04E-08,8.32E-09,7.29E-08,4.67E-08,2.00E-08,1.0511822846255815e-05,0.0,8.20E-06,5.057244459457019e-05,0,0,2.29E-06,3.69E-05,4.00E-07,-0.235339907,0,-0.291809737,2.67E-07,1.79E-06,2.70E-07,0,4.00E-05,6.98E-07,3.01E-07,0.0010352312248739812,0.0011506694004671059,0.0003947101584037473,9.559940520305957e-05,1.9297719382926708e-05,2.0476439651112686e-06,0.0,0.00016865213371793303,0.0,1.41E-05,1.07E-06,91.84268213760967,-0.10157895,-4.130018463,9.895466389847758e-06,5.274201002414516,6.36090830328922e-05,7.18E-06,-1.0690528369227492,6.968385095164274,-217.85007954701416,-32.8140544954042,-1.5836691963706448,45.40110440772857,-12.773385146900123,0.038063005092288
2246,2.762898194529438e-07,4.525535776565663e-08,1.63E-08,6.65E-09,5.84E-08,3.73E-08,1.60E-08,8.403602108288076e-06,0.0,6.56E-06,4.055647342486635e-05,0,0,1.83E-06,2.95E-05,3.20E-07,-0.237603505,0,-0.293632747,2.13E-07,1.43E-06,2.16E-07,0,3.20E-05,5.58E-07,2.41E-07,0.0008281849798991848,0.0009205343926478659,0.00031576812672299783,7.647952416244767e-05,1.5438175506341363e-05,1.6366731692966831e-06,0.0,0.00013492144338125194,0.0,1.13E-05,8.58E-07,91.44203772489439,-0.102280706,-4.159163751,7.920284363415697e-06,5.266551051798228,5.084471854468642e-05,5.74E-06,-1.1383588778310856,6.8105375455696695,-219.3271999930254,-33.023697071178155,-1.5943242549493821,45.2904239325531,-12.830025803482068,0.0304504040738304
2247,2.0721736458970785e-07,3.394151832424247e-08,1.22E-08,4.99E-09,4.38E-08,2.80E-08,1.20E-08,6.295381370320335e-06,0.0,4.92E-06,3.0376306006478842e-05,0,0,1.37E-06,2.21E-05,2.40E-07,-0.239867104,0,-0.295455758,1.60E-07,1.07E-06,1.62E-07,0,2.40E-05,4.19E-07,1.81E-07,0.0006211387349243887,0.0006904012643716573,0.00023682609504224836,5.7359643121835745e-05,1.1578631629756024e-05,1.2257023734820975e-06,0.0,0.00010121974828496498,0.0,8.46E-06,6.43E-07,91.04139332559967,-0.102982462,-4.188309038,5.945102336983634e-06,5.258901099979032,3.808035405648062e-05,4.31E-06,-1.207664918739422,6.652689995975063,-220.80432043903662,-33.23333964695211,-1.6049793135281194,45.17974346830116,-12.88666645824561,0.022837803055372804
2248,1.381449097264719e-07,2.2627678882828314e-08,8.16E-09,3.33E-09,2.92E-08,1.87E-08,8.00E-09,4.21644147593548e-06,0.0,3.28E-06,2.0196138588091342e-05,0,0,9.14E-07,1.48E-05,1.60E-07,-0.242130703,0,-0.297278769,1.07E-07,7.15E-07,1.08E-07,0,1.60E-05,2.79E-07,1.20E-07,0.0004140924899495924,0.00046026813609544856,0.00015788406336149892,3.8239762081223835e-05,7.719087753170682e-06,8.219415916291713e-07,0.0,6.747983218997665e-05,0.0,5.64E-06,4.29E-07,90.64074892630494,-0.103684218,-4.217454325,3.950364052864125e-06,5.2512511493627425,2.552872897641159e-05,2.87E-06,-1.2769709596477583,6.494842446380457,-222.2814408850478,-33.442982206685315,-1.6156343721068567,45.06906299312569,-12.943307113009153,0.0152252020369152
2249,6.907245486323595e-08,1.1313839441414157e-08,4.08E-09,1.66E-09,1.46E-08,9.33E-09,4.00E-09,2.102364569251163e-06,0.0,1.64E-06,1.0114488918914037e-05,0,0,4.57E-07,7.38E-06,8.00E-08,-0.244394301,0,-0.299101779,5.33E-08,3.57E-07,5.40E-08,0,8.00E-06,1.40E-07,6.02E-08,0.0002070462449747962,0.00023013312827620868,7.898334604637371e-05,1.9119881040611917e-05,3.859543876585341e-06,4.095287930222538e-07,0.0,3.3739916094988324e-05,0.0,2.82E-06,2.14E-07,90.24010452701022,-0.104385974,-4.246599613,1.9751820264320626e-06,5.243601198746455,1.2721816606578443e-05,1.44E-06,-1.3462769992770942,6.336994896785852,-223.7585614847958,-33.65262478245926,-1.6262894306855942,44.95838251795022,-12.999947767772698,0.0076126010184576
2250,0.0,0.0,0,0,0,0,0,0.0,0.0,0,0.0,0,0,0,0,0,-0.2466579,0,-0.30092479,0,0,0,0,0,0,0,0.0,0.0,0.0,0.0,0.0,0.0,0.0,0.0,0.0,0,0,89.83946011429494,-0.10508773,-4.2757449,0.0,5.235951246927259,0.0,0,-1.4155830401854306,6.179147347191245,-225.23568193080703,-33.86226735823322,-1.6369444892643314,44.84770205369829,-13.056588424354642,0.0
2251,0.0,0.0,0,0,0,0,0,0.0,0.0,0,0.0,0,0,0,0,0,-0.2466579,0,-0.30092479,0,0,0,0,0,0,0,0.0,0.0,0.0,0.0,0.0,0.0,0.0,0.0,0.0,0,0,89.83946011429494,-0.10508773,-4.2757449,0.0,5.235951246927259,0.0,0,-1.4155830401854306,6.179147347191245,-225.23568193080703,-33.86226735823322,-1.6369444892643314,44.84770205369829,-13.056588424354642,0.0
2252,0.0,0.0,0,0,0,0,0,0.0,0.0,0,0.0,0,0,0,0,0,-0.2466579,0,-0.30092479,0,0,0,0,0,0,0,0.0,0.0,0.0,0.0,0.0,0.0,0.0,0.0,0.0,0,0,89.83946011429494,-0.10508773,-4.2757449,0.0,5.235951246927259,0.0,0,-1.4155830401854306,6.179147347191245,-225.23568193080703,-33.86226735823322,-1.6369444892643314,44.84770205369829,-13.056588424354642,0.0
2253,0.0,0.0,0,0,0,0,0,0.0,0.0,0,0.0,0,0,0,0,0,-0.2466579,0,-0.30092479,0,0,0,0,0,0,0,0.0,0.0,0.0,0.0,0.0,0.0,0.0,0.0,0.0,0,0,89.83946011429494,-0.10508773,-4.2757449,0.0,5.235951246927259,0.0,0,-1.4155830401854306,6.179147347191245,-225.23568193080703,-33.86226735823322,-1.6369444892643314,44.84770205369829,-13.056588424354642,0.0
2254,0.0,0.0,0,0,0,0,0,0.0,0.0,0,0.0,0,0,0,0,0,-0.2466579,0,-0.30092479,0,0,0,0,0,0,0,0.0,0.0,0.0,0.0,0.0,0.0,0.0,0.0,0.0,0,0,89.83946011429494,-0.10508773,-4.2757449,0.0,5.235951246927259,0.0,0,-1.4155830401854306,6.179147347191245,-225.23568193080703,-33.86226735823322,-1.6369444892643314,44.84770205369829,-13.056588424354642,0.0
2255,0.0,0.0,0,0,0,0,0,0.0,0.0,0,0.0,0,0,0,0,0,-0.2466579,0,-0.30092479,0,0,0,0,0,0,0,0.0,0.0,0.0,0.0,0.0,0.0,0.0,0.0,0.0,0,0,89.83946011429494,-0.10508773,-4.2757449,0.0,5.235951246927259,0.0,0,-1.4155830401854306,6.179147347191245,-225.23568193080703,-33.86226735823322,-1.6369444892643314,44.84770205369829,-13.056588424354642,0.0
2256,0.0,0.0,0,0,0,0,0,0.0,0.0,0,0.0,0,0,0,0,0,-0.2466579,0,-0.30092479,0,0,0,0,0,0,0,0.0,0.0,0.0,0.0,0.0,0.0,0.0,0.0,0.0,0,0,89.83946011429494,-0.10508773,-4.2757449,0.0,5.235951246927259,0.0,0,-1.4155830401854306,6.179147347191245,-225.23568193080703,-33.86226735823322,-1.6369444892643314,44.84770205369829,-13.056588424354642,0.0
2257,0.0,0.0,0,0,0,0,0,0.0,0.0,0,0.0,0,0,0,0,0,-0.2466579,0,-0.30092479,0,0,0,0,0,0,0,0.0,0.0,0.0,0.0,0.0,0.0,0.0,0.0,0.0,0,0,89.83946011429494,-0.10508773,-4.2757449,0.0,5.235951246927259,0.0,0,-1.4155830401854306,6.179147347191245,-225.23568193080703,-33.86226735823322,-1.6369444892643314,44.84770205369829,-13.056588424354642,0.0
2258,0.0,0.0,0,0,0,0,0,0.0,0.0,0,0.0,0,0,0,0,0,-0.2466579,0,-0.30092479,0,0,0,0,0,0,0,0.0,0.0,0.0,0.0,0.0,0.0,0.0,0.0,0.0,0,0,89.83946011429494,-0.10508773,-4.2757449,0.0,5.235951246927259,0.0,0,-1.4155830401854306,6.179147347191245,-225.23568193080703,-33.86226735823322,-1.6369444892643314,44.84770205369829,-13.056588424354642,0.0
2259,0.0,0.0,0,0,0,0,0,0.0,0.0,0,0.0,0,0,0,0,0,-0.2466579,0,-0.30092479,0,0,0,0,0,0,0,0.0,0.0,0.0,0.0,0.0,0.0,0.0,0.0,0.0,0,0,89.83946011429494,-0.10508773,-4.2757449,0.0,5.235951246927259,0.0,0,-1.4155830401854306,6.179147347191245,-225.23568193080703,-33.86226735823322,-1.6369444892643314,44.84770205369829,-13.056588424354642,0.0
2260,0.0,0.0,0,0,0,0,0,0.0,0.0,0,0.0,0,0,0,0,0,-0.2466579,0,-0.30092479,0,0,0,0,0,0,0,0.0,0.0,0.0,0.0,0.0,0.0,0.0,0.0,0.0,0,0,89.83946011429494,-0.10508773,-4.2757449,0.0,5.235951246927259,0.0,0,-1.4155830401854306,6.179147347191245,-225.23568193080703,-33.86226735823322,-1.6369444892643314,44.84770205369829,-13.056588424354642,0.0
2261,0.0,0.0,0,0,0,0,0,0.0,0.0,0,0.0,0,0,0,0,0,-0.2466579,0,-0.30092479,0,0,0,0,0,0,0,0.0,0.0,0.0,0.0,0.0,0.0,0.0,0.0,0.0,0,0,89.83946011429494,-0.10508773,-4.2757449,0.0,5.235951246927259,0.0,0,-1.4155830401854306,6.179147347191245,-225.23568193080703,-33.86226735823322,-1.6369444892643314,44.84770205369829,-13.056588424354642,0.0
2262,0.0,0.0,0,0,0,0,0,0.0,0.0,0,0.0,0,0,0,0,0,-0.2466579,0,-0.30092479,0,0,0,0,0,0,0,0.0,0.0,0.0,0.0,0.0,0.0,0.0,0.0,0.0,0,0,89.83946011429494,-0.10508773,-4.2757449,0.0,5.235951246927259,0.0,0,-1.4155830401854306,6.179147347191245,-225.23568193080703,-33.86226735823322,-1.6369444892643314,44.84770205369829,-13.056588424354642,0.0
2263,0.0,0.0,0,0,0,0,0,0.0,0.0,0,0.0,0,0,0,0,0,-0.2466579,0,-0.30092479,0,0,0,0,0,0,0,0.0,0.0,0.0,0.0,0.0,0.0,0.0,0.0,0.0,0,0,89.83946011429494,-0.10508773,-4.2757449,0.0,5.235951246927259,0.0,0,-1.4155830401854306,6.179147347191245,-225.23568193080703,-33.86226735823322,-1.6369444892643314,44.84770205369829,-13.056588424354642,0.0
2264,0.0,0.0,0,0,0,0,0,0.0,0.0,0,0.0,0,0,0,0,0,-0.2466579,0,-0.30092479,0,0,0,0,0,0,0,0.0,0.0,0.0,0.0,0.0,0.0,0.0,0.0,0.0,0,0,89.83946011429494,-0.10508773,-4.2757449,0.0,5.235951246927259,0.0,0,-1.4155830401854306,6.179147347191245,-225.23568193080703,-33.86226735823322,-1.6369444892643314,44.84770205369829,-13.056588424354642,0.0
2265,0.0,0.0,0,0,0,0,0,0.0,0.0,0,0.0,0,0,0,0,0,-0.2466579,0,-0.30092479,0,0,0,0,0,0,0,0.0,0.0,0.0,0.0,0.0,0.0,0.0,0.0,0.0,0,0,89.83946011429494,-0.10508773,-4.2757449,0.0,5.235951246927259,0.0,0,-1.4155830401854306,6.179147347191245,-225.23568193080703,-33.86226735823322,-1.6369444892643314,44.84770205369829,-13.056588424354642,0.0
2266,0.0,0.0,0,0,0,0,0,0.0,0.0,0,0.0,0,0,0,0,0,-0.2466579,0,-0.30092479,0,0,0,0,0,0,0,0.0,0.0,0.0,0.0,0.0,0.0,0.0,0.0,0.0,0,0,89.83946011429494,-0.10508773,-4.2757449,0.0,5.235951246927259,0.0,0,-1.4155830401854306,6.179147347191245,-225.23568193080703,-33.86226735823322,-1.6369444892643314,44.84770205369829,-13.056588424354642,0.0
2267,0.0,0.0,0,0,0,0,0,0.0,0.0,0,0.0,0,0,0,0,0,-0.2466579,0,-0.30092479,0,0,0,0,0,0,0,0.0,0.0,0.0,0.0,0.0,0.0,0.0,0.0,0.0,0,0,89.83946011429494,-0.10508773,-4.2757449,0.0,5.235951246927259,0.0,0,-1.4155830401854306,6.179147347191245,-225.23568193080703,-33.86226735823322,-1.6369444892643314,44.84770205369829,-13.056588424354642,0.0
2268,0.0,0.0,0,0,0,0,0,0.0,0.0,0,0.0,0,0,0,0,0,-0.2466579,0,-0.30092479,0,0,0,0,0,0,0,0.0,0.0,0.0,0.0,0.0,0.0,0.0,0.0,0.0,0,0,89.83946011429494,-0.10508773,-4.2757449,0.0,5.235951246927259,0.0,0,-1.4155830401854306,6.179147347191245,-225.23568193080703,-33.86226735823322,-1.6369444892643314,44.84770205369829,-13.056588424354642,0.0
2269,0.0,0.0,0,0,0,0,0,0.0,0.0,0,0.0,0,0,0,0,0,-0.2466579,0,-0.30092479,0,0,0,0,0,0,0,0.0,0.0,0.0,0.0,0.0,0.0,0.0,0.0,0.0,0,0,89.83946011429494,-0.10508773,-4.2757449,0.0,5.235951246927259,0.0,0,-1.4155830401854306,6.179147347191245,-225.23568193080703,-33.86226735823322,-1.6369444892643314,44.84770205369829,-13.056588424354642,0.0
2270,0.0,0.0,0,0,0,0,0,0.0,0.0,0,0.0,0,0,0,0,0,-0.2466579,0,-0.30092479,0,0,0,0,0,0,0,0.0,0.0,0.0,0.0,0.0,0.0,0.0,0.0,0.0,0,0,89.83946011429494,-0.10508773,-4.2757449,0.0,5.235951246927259,0.0,0,-1.4155830401854306,6.179147347191245,-225.23568193080703,-33.86226735823322,-1.6369444892643314,44.84770205369829,-13.056588424354642,0.0
2271,0.0,0.0,0,0,0,0,0,0.0,0.0,0,0.0,0,0,0,0,0,-0.2466579,0,-0.30092479,0,0,0,0,0,0,0,0.0,0.0,0.0,0.0,0.0,0.0,0.0,0.0,0.0,0,0,89.83946011429494,-0.10508773,-4.2757449,0.0,5.235951246927259,0.0,0,-1.4155830401854306,6.179147347191245,-225.23568193080703,-33.86226735823322,-1.6369444892643314,44.84770205369829,-13.056588424354642,0.0
2272,0.0,0.0,0,0,0,0,0,0.0,0.0,0,0.0,0,0,0,0,0,-0.2466579,0,-0.30092479,0,0,0,0,0,0,0,0.0,0.0,0.0,0.0,0.0,0.0,0.0,0.0,0.0,0,0,89.83946011429494,-0.10508773,-4.2757449,0.0,5.235951246927259,0.0,0,-1.4155830401854306,6.179147347191245,-225.23568193080703,-33.86226735823322,-1.6369444892643314,44.84770205369829,-13.056588424354642,0.0
2273,0.0,0.0,0,0,0,0,0,0.0,0.0,0,0.0,0,0,0,0,0,-0.2466579,0,-0.30092479,0,0,0,0,0,0,0,0.0,0.0,0.0,0.0,0.0,0.0,0.0,0.0,0.0,0,0,89.83946011429494,-0.10508773,-4.2757449,0.0,5.235951246927259,0.0,0,-1.4155830401854306,6.179147347191245,-225.23568193080703,-33.86226735823322,-1.6369444892643314,44.84770205369829,-13.056588424354642,0.0
2274,0.0,0.0,0,0,0,0,0,0.0,0.0,0,0.0,0,0,0,0,0,-0.2466579,0,-0.30092479,0,0,0,0,0,0,0,0.0,0.0,0.0,0.0,0.0,0.0,0.0,0.0,0.0,0,0,89.83946011429494,-0.10508773,-4.2757449,0.0,5.235951246927259,0.0,0,-1.4155830401854306,6.179147347191245,-225.23568193080703,-33.86226735823322,-1.6369444892643314,44.84770205369829,-13.056588424354642,0.0
2275,0.0,0.0,0,0,0,0,0,0.0,0.0,0,0.0,0,0,0,0,0,-0.2466579,0,-0.30092479,0,0,0,0,0,0,0,0.0,0.0,0.0,0.0,0.0,0.0,0.0,0.0,0.0,0,0,89.83946011429494,-0.10508773,-4.2757449,0.0,5.235951246927259,0.0,0,-1.4155830401854306,6.179147347191245,-225.23568193080703,-33.86226735823322,-1.6369444892643314,44.84770205369829,-13.056588424354642,0.0
2276,0.0,0.0,0,0,0,0,0,0.0,0.0,0,0.0,0,0,0,0,0,-0.2466579,0,-0.30092479,0,0,0,0,0,0,0,0.0,0.0,0.0,0.0,0.0,0.0,0.0,0.0,0.0,0,0,89.83946011429494,-0.10508773,-4.2757449,0.0,5.235951246927259,0.0,0,-1.4155830401854306,6.179147347191245,-225.23568193080703,-33.86226735823322,-1.6369444892643314,44.84770205369829,-13.056588424354642,0.0
2277,0.0,0.0,0,0,0,0,0,0.0,0.0,0,0.0,0,0,0,0,0,-0.2466579,0,-0.30092479,0,0,0,0,0,0,0,0.0,0.0,0.0,0.0,0.0,0.0,0.0,0.0,0.0,0,0,89.83946011429494,-0.10508773,-4.2757449,0.0,5.235951246927259,0.0,0,-1.4155830401854306,6.179147347191245,-225.23568193080703,-33.86226735823322,-1.6369444892643314,44.84770205369829,-13.056588424354642,0.0
2278,0.0,0.0,0,0,0,0,0,0.0,0.0,0,0.0,0,0,0,0,0,-0.2466579,0,-0.30092479,0,0,0,0,0,0,0,0.0,0.0,0.0,0.0,0.0,0.0,0.0,0.0,0.0,0,0,89.83946011429494,-0.10508773,-4.2757449,0.0,5.235951246927259,0.0,0,-1.4155830401854306,6.179147347191245,-225.23568193080703,-33.86226735823322,-1.6369444892643314,44.84770205369829,-13.056588424354642,0.0
2279,0.0,0.0,0,0,0,0,0,0.0,0.0,0,0.0,0,0,0,0,0,-0.2466579,0,-0.30092479,0,0,0,0,0,0,0,0.0,0.0,0.0,0.0,0.0,0.0,0.0,0.0,0.0,0,0,89.83946011429494,-0.10508773,-4.2757449,0.0,5.235951246927259,0.0,0,-1.4155830401854306,6.179147347191245,-225.23568193080703,-33.86226735823322,-1.6369444892643314,44.84770205369829,-13.056588424354642,0.0
2280,0.0,0.0,0,0,0,0,0,0.0,0.0,0,0.0,0,0,0,0,0,-0.2466579,0,-0.30092479,0,0,0,0,0,0,0,0.0,0.0,0.0,0.0,0.0,0.0,0.0,0.0,0.0,0,0,89.83946011429494,-0.10508773,-4.2757449,0.0,5.235951246927259,0.0,0,-1.4155830401854306,6.179147347191245,-225.23568193080703,-33.86226735823322,-1.6369444892643314,44.84770205369829,-13.056588424354642,0.0
2281,0.0,0.0,0,0,0,0,0,0.0,0.0,0,0.0,0,0,0,0,0,-0.2466579,0,-0.30092479,0,0,0,0,0,0,0,0.0,0.0,0.0,0.0,0.0,0.0,0.0,0.0,0.0,0,0,89.83946011429494,-0.10508773,-4.2757449,0.0,5.235951246927259,0.0,0,-1.4155830401854306,6.179147347191245,-225.23568193080703,-33.86226735823322,-1.6369444892643314,44.84770205369829,-13.056588424354642,0.0
2282,0.0,0.0,0,0,0,0,0,0.0,0.0,0,0.0,0,0,0,0,0,-0.2466579,0,-0.30092479,0,0,0,0,0,0,0,0.0,0.0,0.0,0.0,0.0,0.0,0.0,0.0,0.0,0,0,89.83946011429494,-0.10508773,-4.2757449,0.0,5.235951246927259,0.0,0,-1.4155830401854306,6.179147347191245,-225.23568193080703,-33.86226735823322,-1.6369444892643314,44.84770205369829,-13.056588424354642,0.0
2283,0.0,0.0,0,0,0,0,0,0.0,0.0,0,0.0,0,0,0,0,0,-0.2466579,0,-0.30092479,0,0,0,0,0,0,0,0.0,0.0,0.0,0.0,0.0,0.0,0.0,0.0,0.0,0,0,89.83946011429494,-0.10508773,-4.2757449,0.0,5.235951246927259,0.0,0,-1.4155830401854306,6.179147347191245,-225.23568193080703,-33.86226735823322,-1.6369444892643314,44.84770205369829,-13.056588424354642,0.0
2284,0.0,0.0,0,0,0,0,0,0.0,0.0,0,0.0,0,0,0,0,0,-0.2466579,0,-0.30092479,0,0,0,0,0,0,0,0.0,0.0,0.0,0.0,0.0,0.0,0.0,0.0,0.0,0,0,89.83946011429494,-0.10508773,-4.2757449,0.0,5.235951246927259,0.0,0,-1.4155830401854306,6.179147347191245,-225.23568193080703,-33.86226735823322,-1.6369444892643314,44.84770205369829,-13.056588424354642,0.0
2285,0.0,0.0,0,0,0,0,0,0.0,0.0,0,0.0,0,0,0,0,0,-0.2466579,0,-0.30092479,0,0,0,0,0,0,0,0.0,0.0,0.0,0.0,0.0,0.0,0.0,0.0,0.0,0,0,89.83946011429494,-0.10508773,-4.2757449,0.0,5.235951246927259,0.0,0,-1.4155830401854306,6.179147347191245,-225.23568193080703,-33.86226735823322,-1.6369444892643314,44.84770205369829,-13.056588424354642,0.0
2286,0.0,0.0,0,0,0,0,0,0.0,0.0,0,0.0,0,0,0,0,0,-0.2466579,0,-0.30092479,0,0,0,0,0,0,0,0.0,0.0,0.0,0.0,0.0,0.0,0.0,0.0,0.0,0,0,89.83946011429494,-0.10508773,-4.2757449,0.0,5.235951246927259,0.0,0,-1.4155830401854306,6.179147347191245,-225.23568193080703,-33.86226735823322,-1.6369444892643314,44.84770205369829,-13.056588424354642,0.0
2287,0.0,0.0,0,0,0,0,0,0.0,0.0,0,0.0,0,0,0,0,0,-0.2466579,0,-0.30092479,0,0,0,0,0,0,0,0.0,0.0,0.0,0.0,0.0,0.0,0.0,0.0,0.0,0,0,89.83946011429494,-0.10508773,-4.2757449,0.0,5.235951246927259,0.0,0,-1.4155830401854306,6.179147347191245,-225.23568193080703,-33.86226735823322,-1.6369444892643314,44.84770205369829,-13.056588424354642,0.0
2288,0.0,0.0,0,0,0,0,0,0.0,0.0,0,0.0,0,0,0,0,0,-0.2466579,0,-0.30092479,0,0,0,0,0,0,0,0.0,0.0,0.0,0.0,0.0,0.0,0.0,0.0,0.0,0,0,89.83946011429494,-0.10508773,-4.2757449,0.0,5.235951246927259,0.0,0,-1.4155830401854306,6.179147347191245,-225.23568193080703,-33.86226735823322,-1.6369444892643314,44.84770205369829,-13.056588424354642,0.0
2289,0.0,0.0,0,0,0,0,0,0.0,0.0,0,0.0,0,0,0,0,0,-0.2466579,0,-0.30092479,0,0,0,0,0,0,0,0.0,0.0,0.0,0.0,0.0,0.0,0.0,0.0,0.0,0,0,89.83946011429494,-0.10508773,-4.2757449,0.0,5.235951246927259,0.0,0,-1.4155830401854306,6.179147347191245,-225.23568193080703,-33.86226735823322,-1.6369444892643314,44.84770205369829,-13.056588424354642,0.0
2290,0.0,0.0,0,0,0,0,0,0.0,0.0,0,0.0,0,0,0,0,0,-0.2466579,0,-0.30092479,0,0,0,0,0,0,0,0.0,0.0,0.0,0.0,0.0,0.0,0.0,0.0,0.0,0,0,89.83946011429494,-0.10508773,-4.2757449,0.0,5.235951246927259,0.0,0,-1.4155830401854306,6.179147347191245,-225.23568193080703,-33.86226735823322,-1.6369444892643314,44.84770205369829,-13.056588424354642,0.0
2291,0.0,0.0,0,0,0,0,0,0.0,0.0,0,0.0,0,0,0,0,0,-0.2466579,0,-0.30092479,0,0,0,0,0,0,0,0.0,0.0,0.0,0.0,0.0,0.0,0.0,0.0,0.0,0,0,89.83946011429494,-0.10508773,-4.2757449,0.0,5.235951246927259,0.0,0,-1.4155830401854306,6.179147347191245,-225.23568193080703,-33.86226735823322,-1.6369444892643314,44.84770205369829,-13.056588424354642,0.0
2292,0.0,0.0,0,0,0,0,0,0.0,0.0,0,0.0,0,0,0,0,0,-0.2466579,0,-0.30092479,0,0,0,0,0,0,0,0.0,0.0,0.0,0.0,0.0,0.0,0.0,0.0,0.0,0,0,89.83946011429494,-0.10508773,-4.2757449,0.0,5.235951246927259,0.0,0,-1.4155830401854306,6.179147347191245,-225.23568193080703,-33.86226735823322,-1.6369444892643314,44.84770205369829,-13.056588424354642,0.0
2293,0.0,0.0,0,0,0,0,0,0.0,0.0,0,0.0,0,0,0,0,0,-0.2466579,0,-0.30092479,0,0,0,0,0,0,0,0.0,0.0,0.0,0.0,0.0,0.0,0.0,0.0,0.0,0,0,89.83946011429494,-0.10508773,-4.2757449,0.0,5.235951246927259,0.0,0,-1.4155830401854306,6.179147347191245,-225.23568193080703,-33.86226735823322,-1.6369444892643314,44.84770205369829,-13.056588424354642,0.0
2294,0.0,0.0,0,0,0,0,0,0.0,0.0,0,0.0,0,0,0,0,0,-0.2466579,0,-0.30092479,0,0,0,0,0,0,0,0.0,0.0,0.0,0.0,0.0,0.0,0.0,0.0,0.0,0,0,89.83946011429494,-0.10508773,-4.2757449,0.0,5.235951246927259,0.0,0,-1.4155830401854306,6.179147347191245,-225.23568193080703,-33.86226735823322,-1.6369444892643314,44.84770205369829,-13.056588424354642,0.0
2295,0.0,0.0,0,0,0,0,0,0.0,0.0,0,0.0,0,0,0,0,0,-0.2466579,0,-0.30092479,0,0,0,0,0,0,0,0.0,0.0,0.0,0.0,0.0,0.0,0.0,0.0,0.0,0,0,89.83946011429494,-0.10508773,-4.2757449,0.0,5.235951246927259,0.0,0,-1.4155830401854306,6.179147347191245,-225.23568193080703,-33.86226735823322,-1.6369444892643314,44.84770205369829,-13.056588424354642,0.0
2296,0.0,0.0,0,0,0,0,0,0.0,0.0,0,0.0,0,0,0,0,0,-0.2466579,0,-0.30092479,0,0,0,0,0,0,0,0.0,0.0,0.0,0.0,0.0,0.0,0.0,0.0,0.0,0,0,89.83946011429494,-0.10508773,-4.2757449,0.0,5.235951246927259,0.0,0,-1.4155830401854306,6.179147347191245,-225.23568193080703,-33.86226735823322,-1.6369444892643314,44.84770205369829,-13.056588424354642,0.0
2297,0.0,0.0,0,0,0,0,0,0.0,0.0,0,0.0,0,0,0,0,0,-0.2466579,0,-0.30092479,0,0,0,0,0,0,0,0.0,0.0,0.0,0.0,0.0,0.0,0.0,0.0,0.0,0,0,89.83946011429494,-0.10508773,-4.2757449,0.0,5.235951246927259,0.0,0,-1.4155830401854306,6.179147347191245,-225.23568193080703,-33.86226735823322,-1.6369444892643314,44.84770205369829,-13.056588424354642,0.0
2298,0.0,0.0,0,0,0,0,0,0.0,0.0,0,0.0,0,0,0,0,0,-0.2466579,0,-0.30092479,0,0,0,0,0,0,0,0.0,0.0,0.0,0.0,0.0,0.0,0.0,0.0,0.0,0,0,89.83946011429494,-0.10508773,-4.2757449,0.0,5.235951246927259,0.0,0,-1.4155830401854306,6.179147347191245,-225.23568193080703,-33.86226735823322,-1.6369444892643314,44.84770205369829,-13.056588424354642,0.0
2299,0.0,0.0,0,0,0,0,0,0.0,0.0,0,0.0,0,0,0,0,0,-0.2466579,0,-0.30092479,0,0,0,0,0,0,0,0.0,0.0,0.0,0.0,0.0,0.0,0.0,0.0,0.0,0,0,89.83946011429494,-0.10508773,-4.2757449,0.0,5.235951246927259,0.0,0,-1.4155830401854306,6.179147347191245,-225.23568193080703,-33.86226735823322,-1.6369444892643314,44.84770205369829,-13.056588424354642,0.0
2300,0.0,0.0,0,0,0,0,0,0.0,0.0,0,0.0,0,0,0,0,0,-0.2466579,0,-0.30092479,0,0,0,0,0,0,0,0.0,0.0,0.0,0.0,0.0,0.0,0.0,0.0,0.0,0,0,89.83946011429494,-0.10508773,-4.2757449,0.0,5.235951246927259,0.0,0,-1.4155830401854306,6.179147347191245,-225.23568193080703,-33.86226735823322,-1.6369444892643314,44.84770205369829,-13.056588424354642,0.0
2301,0.0,0.0,0,0,0,0,0,0.0,0.0,0,0.0,0,0,0,0,0,-0.2466579,0,-0.30092479,0,0,0,0,0,0,0,0.0,0.0,0.0,0.0,0.0,0.0,0.0,0.0,0.0,0,0,89.83946011429494,-0.10508773,-4.2757449,0.0,5.235951246927259,0.0,0,-1.4155830401854306,6.179147347191245,-225.23568193080703,-33.86226735823322,-1.6369444892643314,44.84770205369829,-13.056588424354642,0.0
2302,0.0,0.0,0,0,0,0,0,0.0,0.0,0,0.0,0,0,0,0,0,-0.2466579,0,-0.30092479,0,0,0,0,0,0,0,0.0,0.0,0.0,0.0,0.0,0.0,0.0,0.0,0.0,0,0,89.83946011429494,-0.10508773,-4.2757449,0.0,5.235951246927259,0.0,0,-1.4155830401854306,6.179147347191245,-225.23568193080703,-33.86226735823322,-1.6369444892643314,44.84770205369829,-13.056588424354642,0.0
2303,0.0,0.0,0,0,0,0,0,0.0,0.0,0,0.0,0,0,0,0,0,-0.2466579,0,-0.30092479,0,0,0,0,0,0,0,0.0,0.0,0.0,0.0,0.0,0.0,0.0,0.0,0.0,0,0,89.83946011429494,-0.10508773,-4.2757449,0.0,5.235951246927259,0.0,0,-1.4155830401854306,6.179147347191245,-225.23568193080703,-33.86226735823322,-1.6369444892643314,44.84770205369829,-13.056588424354642,0.0
2304,0.0,0.0,0,0,0,0,0,0.0,0.0,0,0.0,0,0,0,0,0,-0.2466579,0,-0.30092479,0,0,0,0,0,0,0,0.0,0.0,0.0,0.0,0.0,0.0,0.0,0.0,0.0,0,0,89.83946011429494,-0.10508773,-4.2757449,0.0,5.235951246927259,0.0,0,-1.4155830401854306,6.179147347191245,-225.23568193080703,-33.86226735823322,-1.6369444892643314,44.84770205369829,-13.056588424354642,0.0
2305,0.0,0.0,0,0,0,0,0,0.0,0.0,0,0.0,0,0,0,0,0,-0.2466579,0,-0.30092479,0,0,0,0,0,0,0,0.0,0.0,0.0,0.0,0.0,0.0,0.0,0.0,0.0,0,0,89.83946011429494,-0.10508773,-4.2757449,0.0,5.235951246927259,0.0,0,-1.4155830401854306,6.179147347191245,-225.23568193080703,-33.86226735823322,-1.6369444892643314,44.84770205369829,-13.056588424354642,0.0
2306,0.0,0.0,0,0,0,0,0,0.0,0.0,0,0.0,0,0,0,0,0,-0.2466579,0,-0.30092479,0,0,0,0,0,0,0,0.0,0.0,0.0,0.0,0.0,0.0,0.0,0.0,0.0,0,0,89.83946011429494,-0.10508773,-4.2757449,0.0,5.235951246927259,0.0,0,-1.4155830401854306,6.179147347191245,-225.23568193080703,-33.86226735823322,-1.6369444892643314,44.84770205369829,-13.056588424354642,0.0
2307,0.0,0.0,0,0,0,0,0,0.0,0.0,0,0.0,0,0,0,0,0,-0.2466579,0,-0.30092479,0,0,0,0,0,0,0,0.0,0.0,0.0,0.0,0.0,0.0,0.0,0.0,0.0,0,0,89.83946011429494,-0.10508773,-4.2757449,0.0,5.235951246927259,0.0,0,-1.4155830401854306,6.179147347191245,-225.23568193080703,-33.86226735823322,-1.6369444892643314,44.84770205369829,-13.056588424354642,0.0
2308,0.0,0.0,0,0,0,0,0,0.0,0.0,0,0.0,0,0,0,0,0,-0.2466579,0,-0.30092479,0,0,0,0,0,0,0,0.0,0.0,0.0,0.0,0.0,0.0,0.0,0.0,0.0,0,0,89.83946011429494,-0.10508773,-4.2757449,0.0,5.235951246927259,0.0,0,-1.4155830401854306,6.179147347191245,-225.23568193080703,-33.86226735823322,-1.6369444892643314,44.84770205369829,-13.056588424354642,0.0
2309,0.0,0.0,0,0,0,0,0,0.0,0.0,0,0.0,0,0,0,0,0,-0.2466579,0,-0.30092479,0,0,0,0,0,0,0,0.0,0.0,0.0,0.0,0.0,0.0,0.0,0.0,0.0,0,0,89.83946011429494,-0.10508773,-4.2757449,0.0,5.235951246927259,0.0,0,-1.4155830401854306,6.179147347191245,-225.23568193080703,-33.86226735823322,-1.6369444892643314,44.84770205369829,-13.056588424354642,0.0
2310,0.0,0.0,0,0,0,0,0,0.0,0.0,0,0.0,0,0,0,0,0,-0.2466579,0,-0.30092479,0,0,0,0,0,0,0,0.0,0.0,0.0,0.0,0.0,0.0,0.0,0.0,0.0,0,0,89.83946011429494,-0.10508773,-4.2757449,0.0,5.235951246927259,0.0,0,-1.4155830401854306,6.179147347191245,-225.23568193080703,-33.86226735823322,-1.6369444892643314,44.84770205369829,-13.056588424354642,0.0
2311,0.0,0.0,0,0,0,0,0,0.0,0.0,0,0.0,0,0,0,0,0,-0.2466579,0,-0.30092479,0,0,0,0,0,0,0,0.0,0.0,0.0,0.0,0.0,0.0,0.0,0.0,0.0,0,0,89.83946011429494,-0.10508773,-4.2757449,0.0,5.235951246927259,0.0,0,-1.4155830401854306,6.179147347191245,-225.23568193080703,-33.86226735823322,-1.6369444892643314,44.84770205369829,-13.056588424354642,0.0
2312,0.0,0.0,0,0,0,0,0,0.0,0.0,0,0.0,0,0,0,0,0,-0.2466579,0,-0.30092479,0,0,0,0,0,0,0,0.0,0.0,0.0,0.0,0.0,0.0,0.0,0.0,0.0,0,0,89.83946011429494,-0.10508773,-4.2757449,0.0,5.235951246927259,0.0,0,-1.4155830401854306,6.179147347191245,-225.23568193080703,-33.86226735823322,-1.6369444892643314,44.84770205369829,-13.056588424354642,0.0
2313,0.0,0.0,0,0,0,0,0,0.0,0.0,0,0.0,0,0,0,0,0,-0.2466579,0,-0.30092479,0,0,0,0,0,0,0,0.0,0.0,0.0,0.0,0.0,0.0,0.0,0.0,0.0,0,0,89.83946011429494,-0.10508773,-4.2757449,0.0,5.235951246927259,0.0,0,-1.4155830401854306,6.179147347191245,-225.23568193080703,-33.86226735823322,-1.6369444892643314,44.84770205369829,-13.056588424354642,0.0
2314,0.0,0.0,0,0,0,0,0,0.0,0.0,0,0.0,0,0,0,0,0,-0.2466579,0,-0.30092479,0,0,0,0,0,0,0,0.0,0.0,0.0,0.0,0.0,0.0,0.0,0.0,0.0,0,0,89.83946011429494,-0.10508773,-4.2757449,0.0,5.235951246927259,0.0,0,-1.4155830401854306,6.179147347191245,-225.23568193080703,-33.86226735823322,-1.6369444892643314,44.84770205369829,-13.056588424354642,0.0
2315,0.0,0.0,0,0,0,0,0,0.0,0.0,0,0.0,0,0,0,0,0,-0.2466579,0,-0.30092479,0,0,0,0,0,0,0,0.0,0.0,0.0,0.0,0.0,0.0,0.0,0.0,0.0,0,0,89.83946011429494,-0.10508773,-4.2757449,0.0,5.235951246927259,0.0,0,-1.4155830401854306,6.179147347191245,-225.23568193080703,-33.86226735823322,-1.6369444892643314,44.84770205369829,-13.056588424354642,0.0
2316,0.0,0.0,0,0,0,0,0,0.0,0.0,0,0.0,0,0,0,0,0,-0.2466579,0,-0.30092479,0,0,0,0,0,0,0,0.0,0.0,0.0,0.0,0.0,0.0,0.0,0.0,0.0,0,0,89.83946011429494,-0.10508773,-4.2757449,0.0,5.235951246927259,0.0,0,-1.4155830401854306,6.179147347191245,-225.23568193080703,-33.86226735823322,-1.6369444892643314,44.84770205369829,-13.056588424354642,0.0
2317,0.0,0.0,0,0,0,0,0,0.0,0.0,0,0.0,0,0,0,0,0,-0.2466579,0,-0.30092479,0,0,0,0,0,0,0,0.0,0.0,0.0,0.0,0.0,0.0,0.0,0.0,0.0,0,0,89.83946011429494,-0.10508773,-4.2757449,0.0,5.235951246927259,0.0,0,-1.4155830401854306,6.179147347191245,-225.23568193080703,-33.86226735823322,-1.6369444892643314,44.84770205369829,-13.056588424354642,0.0
2318,0.0,0.0,0,0,0,0,0,0.0,0.0,0,0.0,0,0,0,0,0,-0.2466579,0,-0.30092479,0,0,0,0,0,0,0,0.0,0.0,0.0,0.0,0.0,0.0,0.0,0.0,0.0,0,0,89.83946011429494,-0.10508773,-4.2757449,0.0,5.235951246927259,0.0,0,-1.4155830401854306,6.179147347191245,-225.23568193080703,-33.86226735823322,-1.6369444892643314,44.84770205369829,-13.056588424354642,0.0
2319,0.0,0.0,0,0,0,0,0,0.0,0.0,0,0.0,0,0,0,0,0,-0.2466579,0,-0.30092479,0,0,0,0,0,0,0,0.0,0.0,0.0,0.0,0.0,0.0,0.0,0.0,0.0,0,0,89.83946011429494,-0.10508773,-4.2757449,0.0,5.235951246927259,0.0,0,-1.4155830401854306,6.179147347191245,-225.23568193080703,-33.86226735823322,-1.6369444892643314,44.84770205369829,-13.056588424354642,0.0
2320,0.0,0.0,0,0,0,0,0,0.0,0.0,0,0.0,0,0,0,0,0,-0.2466579,0,-0.30092479,0,0,0,0,0,0,0,0.0,0.0,0.0,0.0,0.0,0.0,0.0,0.0,0.0,0,0,89.83946011429494,-0.10508773,-4.2757449,0.0,5.235951246927259,0.0,0,-1.4155830401854306,6.179147347191245,-225.23568193080703,-33.86226735823322,-1.6369444892643314,44.84770205369829,-13.056588424354642,0.0
2321,0.0,0.0,0,0,0,0,0,0.0,0.0,0,0.0,0,0,0,0,0,-0.2466579,0,-0.30092479,0,0,0,0,0,0,0,0.0,0.0,0.0,0.0,0.0,0.0,0.0,0.0,0.0,0,0,89.83946011429494,-0.10508773,-4.2757449,0.0,5.235951246927259,0.0,0,-1.4155830401854306,6.179147347191245,-225.23568193080703,-33.86226735823322,-1.6369444892643314,44.84770205369829,-13.056588424354642,0.0
2322,0.0,0.0,0,0,0,0,0,0.0,0.0,0,0.0,0,0,0,0,0,-0.2466579,0,-0.30092479,0,0,0,0,0,0,0,0.0,0.0,0.0,0.0,0.0,0.0,0.0,0.0,0.0,0,0,89.83946011429494,-0.10508773,-4.2757449,0.0,5.235951246927259,0.0,0,-1.4155830401854306,6.179147347191245,-225.23568193080703,-33.86226735823322,-1.6369444892643314,44.84770205369829,-13.056588424354642,0.0
2323,0.0,0.0,0,0,0,0,0,0.0,0.0,0,0.0,0,0,0,0,0,-0.2466579,0,-0.30092479,0,0,0,0,0,0,0,0.0,0.0,0.0,0.0,0.0,0.0,0.0,0.0,0.0,0,0,89.83946011429494,-0.10508773,-4.2757449,0.0,5.235951246927259,0.0,0,-1.4155830401854306,6.179147347191245,-225.23568193080703,-33.86226735823322,-1.6369444892643314,44.84770205369829,-13.056588424354642,0.0
2324,0.0,0.0,0,0,0,0,0,0.0,0.0,0,0.0,0,0,0,0,0,-0.2466579,0,-0.30092479,0,0,0,0,0,0,0,0.0,0.0,0.0,0.0,0.0,0.0,0.0,0.0,0.0,0,0,89.83946011429494,-0.10508773,-4.2757449,0.0,5.235951246927259,0.0,0,-1.4155830401854306,6.179147347191245,-225.23568193080703,-33.86226735823322,-1.6369444892643314,44.84770205369829,-13.056588424354642,0.0
2325,0.0,0.0,0,0,0,0,0,0.0,0.0,0,0.0,0,0,0,0,0,-0.2466579,0,-0.30092479,0,0,0,0,0,0,0,0.0,0.0,0.0,0.0,0.0,0.0,0.0,0.0,0.0,0,0,89.83946011429494,-0.10508773,-4.2757449,0.0,5.235951246927259,0.0,0,-1.4155830401854306,6.179147347191245,-225.23568193080703,-33.86226735823322,-1.6369444892643314,44.84770205369829,-13.056588424354642,0.0
2326,0.0,0.0,0,0,0,0,0,0.0,0.0,0,0.0,0,0,0,0,0,-0.2466579,0,-0.30092479,0,0,0,0,0,0,0,0.0,0.0,0.0,0.0,0.0,0.0,0.0,0.0,0.0,0,0,89.83946011429494,-0.10508773,-4.2757449,0.0,5.235951246927259,0.0,0,-1.4155830401854306,6.179147347191245,-225.23568193080703,-33.86226735823322,-1.6369444892643314,44.84770205369829,-13.056588424354642,0.0
2327,0.0,0.0,0,0,0,0,0,0.0,0.0,0,0.0,0,0,0,0,0,-0.2466579,0,-0.30092479,0,0,0,0,0,0,0,0.0,0.0,0.0,0.0,0.0,0.0,0.0,0.0,0.0,0,0,89.83946011429494,-0.10508773,-4.2757449,0.0,5.235951246927259,0.0,0,-1.4155830401854306,6.179147347191245,-225.23568193080703,-33.86226735823322,-1.6369444892643314,44.84770205369829,-13.056588424354642,0.0
2328,0.0,0.0,0,0,0,0,0,0.0,0.0,0,0.0,0,0,0,0,0,-0.2466579,0,-0.30092479,0,0,0,0,0,0,0,0.0,0.0,0.0,0.0,0.0,0.0,0.0,0.0,0.0,0,0,89.83946011429494,-0.10508773,-4.2757449,0.0,5.235951246927259,0.0,0,-1.4155830401854306,6.179147347191245,-225.23568193080703,-33.86226735823322,-1.6369444892643314,44.84770205369829,-13.056588424354642,0.0
2329,0.0,0.0,0,0,0,0,0,0.0,0.0,0,0.0,0,0,0,0,0,-0.2466579,0,-0.30092479,0,0,0,0,0,0,0,0.0,0.0,0.0,0.0,0.0,0.0,0.0,0.0,0.0,0,0,89.83946011429494,-0.10508773,-4.2757449,0.0,5.235951246927259,0.0,0,-1.4155830401854306,6.179147347191245,-225.23568193080703,-33.86226735823322,-1.6369444892643314,44.84770205369829,-13.056588424354642,0.0
2330,0.0,0.0,0,0,0,0,0,0.0,0.0,0,0.0,0,0,0,0,0,-0.2466579,0,-0.30092479,0,0,0,0,0,0,0,0.0,0.0,0.0,0.0,0.0,0.0,0.0,0.0,0.0,0,0,89.83946011429494,-0.10508773,-4.2757449,0.0,5.235951246927259,0.0,0,-1.4155830401854306,6.179147347191245,-225.23568193080703,-33.86226735823322,-1.6369444892643314,44.84770205369829,-13.056588424354642,0.0
2331,0.0,0.0,0,0,0,0,0,0.0,0.0,0,0.0,0,0,0,0,0,-0.2466579,0,-0.30092479,0,0,0,0,0,0,0,0.0,0.0,0.0,0.0,0.0,0.0,0.0,0.0,0.0,0,0,89.83946011429494,-0.10508773,-4.2757449,0.0,5.235951246927259,0.0,0,-1.4155830401854306,6.179147347191245,-225.23568193080703,-33.86226735823322,-1.6369444892643314,44.84770205369829,-13.056588424354642,0.0
2332,0.0,0.0,0,0,0,0,0,0.0,0.0,0,0.0,0,0,0,0,0,-0.2466579,0,-0.30092479,0,0,0,0,0,0,0,0.0,0.0,0.0,0.0,0.0,0.0,0.0,0.0,0.0,0,0,89.83946011429494,-0.10508773,-4.2757449,0.0,5.235951246927259,0.0,0,-1.4155830401854306,6.179147347191245,-225.23568193080703,-33.86226735823322,-1.6369444892643314,44.84770205369829,-13.056588424354642,0.0
2333,0.0,0.0,0,0,0,0,0,0.0,0.0,0,0.0,0,0,0,0,0,-0.2466579,0,-0.30092479,0,0,0,0,0,0,0,0.0,0.0,0.0,0.0,0.0,0.0,0.0,0.0,0.0,0,0,89.83946011429494,-0.10508773,-4.2757449,0.0,5.235951246927259,0.0,0,-1.4155830401854306,6.179147347191245,-225.23568193080703,-33.86226735823322,-1.6369444892643314,44.84770205369829,-13.056588424354642,0.0
2334,0.0,0.0,0,0,0,0,0,0.0,0.0,0,0.0,0,0,0,0,0,-0.2466579,0,-0.30092479,0,0,0,0,0,0,0,0.0,0.0,0.0,0.0,0.0,0.0,0.0,0.0,0.0,0,0,89.83946011429494,-0.10508773,-4.2757449,0.0,5.235951246927259,0.0,0,-1.4155830401854306,6.179147347191245,-225.23568193080703,-33.86226735823322,-1.6369444892643314,44.84770205369829,-13.056588424354642,0.0
2335,0.0,0.0,0,0,0,0,0,0.0,0.0,0,0.0,0,0,0,0,0,-0.2466579,0,-0.30092479,0,0,0,0,0,0,0,0.0,0.0,0.0,0.0,0.0,0.0,0.0,0.0,0.0,0,0,89.83946011429494,-0.10508773,-4.2757449,0.0,5.235951246927259,0.0,0,-1.4155830401854306,6.179147347191245,-225.23568193080703,-33.86226735823322,-1.6369444892643314,44.84770205369829,-13.056588424354642,0.0
2336,0.0,0.0,0,0,0,0,0,0.0,0.0,0,0.0,0,0,0,0,0,-0.2466579,0,-0.30092479,0,0,0,0,0,0,0,0.0,0.0,0.0,0.0,0.0,0.0,0.0,0.0,0.0,0,0,89.83946011429494,-0.10508773,-4.2757449,0.0,5.235951246927259,0.0,0,-1.4155830401854306,6.179147347191245,-225.23568193080703,-33.86226735823322,-1.6369444892643314,44.84770205369829,-13.056588424354642,0.0
2337,0.0,0.0,0,0,0,0,0,0.0,0.0,0,0.0,0,0,0,0,0,-0.2466579,0,-0.30092479,0,0,0,0,0,0,0,0.0,0.0,0.0,0.0,0.0,0.0,0.0,0.0,0.0,0,0,89.83946011429494,-0.10508773,-4.2757449,0.0,5.235951246927259,0.0,0,-1.4155830401854306,6.179147347191245,-225.23568193080703,-33.86226735823322,-1.6369444892643314,44.84770205369829,-13.056588424354642,0.0
2338,0.0,0.0,0,0,0,0,0,0.0,0.0,0,0.0,0,0,0,0,0,-0.2466579,0,-0.30092479,0,0,0,0,0,0,0,0.0,0.0,0.0,0.0,0.0,0.0,0.0,0.0,0.0,0,0,89.83946011429494,-0.10508773,-4.2757449,0.0,5.235951246927259,0.0,0,-1.4155830401854306,6.179147347191245,-225.23568193080703,-33.86226735823322,-1.6369444892643314,44.84770205369829,-13.056588424354642,0.0
2339,0.0,0.0,0,0,0,0,0,0.0,0.0,0,0.0,0,0,0,0,0,-0.2466579,0,-0.30092479,0,0,0,0,0,0,0,0.0,0.0,0.0,0.0,0.0,0.0,0.0,0.0,0.0,0,0,89.83946011429494,-0.10508773,-4.2757449,0.0,5.235951246927259,0.0,0,-1.4155830401854306,6.179147347191245,-225.23568193080703,-33.86226735823322,-1.6369444892643314,44.84770205369829,-13.056588424354642,0.0
2340,0.0,0.0,0,0,0,0,0,0.0,0.0,0,0.0,0,0,0,0,0,-0.2466579,0,-0.30092479,0,0,0,0,0,0,0,0.0,0.0,0.0,0.0,0.0,0.0,0.0,0.0,0.0,0,0,89.83946011429494,-0.10508773,-4.2757449,0.0,5.235951246927259,0.0,0,-1.4155830401854306,6.179147347191245,-225.23568193080703,-33.86226735823322,-1.6369444892643314,44.84770205369829,-13.056588424354642,0.0
2341,0.0,0.0,0,0,0,0,0,0.0,0.0,0,0.0,0,0,0,0,0,-0.2466579,0,-0.30092479,0,0,0,0,0,0,0,0.0,0.0,0.0,0.0,0.0,0.0,0.0,0.0,0.0,0,0,89.83946011429494,-0.10508773,-4.2757449,0.0,5.235951246927259,0.0,0,-1.4155830401854306,6.179147347191245,-225.23568193080703,-33.86226735823322,-1.6369444892643314,44.84770205369829,-13.056588424354642,0.0
2342,0.0,0.0,0,0,0,0,0,0.0,0.0,0,0.0,0,0,0,0,0,-0.2466579,0,-0.30092479,0,0,0,0,0,0,0,0.0,0.0,0.0,0.0,0.0,0.0,0.0,0.0,0.0,0,0,89.83946011429494,-0.10508773,-4.2757449,0.0,5.235951246927259,0.0,0,-1.4155830401854306,6.179147347191245,-225.23568193080703,-33.86226735823322,-1.6369444892643314,44.84770205369829,-13.056588424354642,0.0
2343,0.0,0.0,0,0,0,0,0,0.0,0.0,0,0.0,0,0,0,0,0,-0.2466579,0,-0.30092479,0,0,0,0,0,0,0,0.0,0.0,0.0,0.0,0.0,0.0,0.0,0.0,0.0,0,0,89.83946011429494,-0.10508773,-4.2757449,0.0,5.235951246927259,0.0,0,-1.4155830401854306,6.179147347191245,-225.23568193080703,-33.86226735823322,-1.6369444892643314,44.84770205369829,-13.056588424354642,0.0
2344,0.0,0.0,0,0,0,0,0,0.0,0.0,0,0.0,0,0,0,0,0,-0.2466579,0,-0.30092479,0,0,0,0,0,0,0,0.0,0.0,0.0,0.0,0.0,0.0,0.0,0.0,0.0,0,0,89.83946011429494,-0.10508773,-4.2757449,0.0,5.235951246927259,0.0,0,-1.4155830401854306,6.179147347191245,-225.23568193080703,-33.86226735823322,-1.6369444892643314,44.84770205369829,-13.056588424354642,0.0
2345,0.0,0.0,0,0,0,0,0,0.0,0.0,0,0.0,0,0,0,0,0,-0.2466579,0,-0.30092479,0,0,0,0,0,0,0,0.0,0.0,0.0,0.0,0.0,0.0,0.0,0.0,0.0,0,0,89.83946011429494,-0.10508773,-4.2757449,0.0,5.235951246927259,0.0,0,-1.4155830401854306,6.179147347191245,-225.23568193080703,-33.86226735823322,-1.6369444892643314,44.84770205369829,-13.056588424354642,0.0
2346,0.0,0.0,0,0,0,0,0,0.0,0.0,0,0.0,0,0,0,0,0,-0.2466579,0,-0.30092479,0,0,0,0,0,0,0,0.0,0.0,0.0,0.0,0.0,0.0,0.0,0.0,0.0,0,0,89.83946011429494,-0.10508773,-4.2757449,0.0,5.235951246927259,0.0,0,-1.4155830401854306,6.179147347191245,-225.23568193080703,-33.86226735823322,-1.6369444892643314,44.84770205369829,-13.056588424354642,0.0
2347,0.0,0.0,0,0,0,0,0,0.0,0.0,0,0.0,0,0,0,0,0,-0.2466579,0,-0.30092479,0,0,0,0,0,0,0,0.0,0.0,0.0,0.0,0.0,0.0,0.0,0.0,0.0,0,0,89.83946011429494,-0.10508773,-4.2757449,0.0,5.235951246927259,0.0,0,-1.4155830401854306,6.179147347191245,-225.23568193080703,-33.86226735823322,-1.6369444892643314,44.84770205369829,-13.056588424354642,0.0
2348,0.0,0.0,0,0,0,0,0,0.0,0.0,0,0.0,0,0,0,0,0,-0.2466579,0,-0.30092479,0,0,0,0,0,0,0,0.0,0.0,0.0,0.0,0.0,0.0,0.0,0.0,0.0,0,0,89.83946011429494,-0.10508773,-4.2757449,0.0,5.235951246927259,0.0,0,-1.4155830401854306,6.179147347191245,-225.23568193080703,-33.86226735823322,-1.6369444892643314,44.84770205369829,-13.056588424354642,0.0
2349,0.0,0.0,0,0,0,0,0,0.0,0.0,0,0.0,0,0,0,0,0,-0.2466579,0,-0.30092479,0,0,0,0,0,0,0,0.0,0.0,0.0,0.0,0.0,0.0,0.0,0.0,0.0,0,0,89.83946011429494,-0.10508773,-4.2757449,0.0,5.235951246927259,0.0,0,-1.4155830401854306,6.179147347191245,-225.23568193080703,-33.86226735823322,-1.6369444892643314,44.84770205369829,-13.056588424354642,0.0
2350,0.0,0.0,0,0,0,0,0,0.0,0.0,0,0.0,0,0,0,0,0,-0.2466579,0,-0.30092479,0,0,0,0,0,0,0,0.0,0.0,0.0,0.0,0.0,0.0,0.0,0.0,0.0,0,0,89.83946011429494,-0.10508773,-4.2757449,0.0,5.235951246927259,0.0,0,-1.4155830401854306,6.179147347191245,-225.23568193080703,-33.86226735823322,-1.6369444892643314,44.84770205369829,-13.056588424354642,0.0
2351,0.0,0.0,0,0,0,0,0,0.0,0.0,0,0.0,0,0,0,0,0,-0.2466579,0,-0.30092479,0,0,0,0,0,0,0,0.0,0.0,0.0,0.0,0.0,0.0,0.0,0.0,0.0,0,0,89.83946011429494,-0.10508773,-4.2757449,0.0,5.235951246927259,0.0,0,-1.4155830401854306,6.179147347191245,-225.23568193080703,-33.86226735823322,-1.6369444892643314,44.84770205369829,-13.056588424354642,0.0
2352,0.0,0.0,0,0,0,0,0,0.0,0.0,0,0.0,0,0,0,0,0,-0.2466579,0,-0.30092479,0,0,0,0,0,0,0,0.0,0.0,0.0,0.0,0.0,0.0,0.0,0.0,0.0,0,0,89.83946011429494,-0.10508773,-4.2757449,0.0,5.235951246927259,0.0,0,-1.4155830401854306,6.179147347191245,-225.23568193080703,-33.86226735823322,-1.6369444892643314,44.84770205369829,-13.056588424354642,0.0
2353,0.0,0.0,0,0,0,0,0,0.0,0.0,0,0.0,0,0,0,0,0,-0.2466579,0,-0.30092479,0,0,0,0,0,0,0,0.0,0.0,0.0,0.0,0.0,0.0,0.0,0.0,0.0,0,0,89.83946011429494,-0.10508773,-4.2757449,0.0,5.235951246927259,0.0,0,-1.4155830401854306,6.179147347191245,-225.23568193080703,-33.86226735823322,-1.6369444892643314,44.84770205369829,-13.056588424354642,0.0
2354,0.0,0.0,0,0,0,0,0,0.0,0.0,0,0.0,0,0,0,0,0,-0.2466579,0,-0.30092479,0,0,0,0,0,0,0,0.0,0.0,0.0,0.0,0.0,0.0,0.0,0.0,0.0,0,0,89.83946011429494,-0.10508773,-4.2757449,0.0,5.235951246927259,0.0,0,-1.4155830401854306,6.179147347191245,-225.23568193080703,-33.86226735823322,-1.6369444892643314,44.84770205369829,-13.056588424354642,0.0
2355,0.0,0.0,0,0,0,0,0,0.0,0.0,0,0.0,0,0,0,0,0,-0.2466579,0,-0.30092479,0,0,0,0,0,0,0,0.0,0.0,0.0,0.0,0.0,0.0,0.0,0.0,0.0,0,0,89.83946011429494,-0.10508773,-4.2757449,0.0,5.235951246927259,0.0,0,-1.4155830401854306,6.179147347191245,-225.23568193080703,-33.86226735823322,-1.6369444892643314,44.84770205369829,-13.056588424354642,0.0
2356,0.0,0.0,0,0,0,0,0,0.0,0.0,0,0.0,0,0,0,0,0,-0.2466579,0,-0.30092479,0,0,0,0,0,0,0,0.0,0.0,0.0,0.0,0.0,0.0,0.0,0.0,0.0,0,0,89.83946011429494,-0.10508773,-4.2757449,0.0,5.235951246927259,0.0,0,-1.4155830401854306,6.179147347191245,-225.23568193080703,-33.86226735823322,-1.6369444892643314,44.84770205369829,-13.056588424354642,0.0
2357,0.0,0.0,0,0,0,0,0,0.0,0.0,0,0.0,0,0,0,0,0,-0.2466579,0,-0.30092479,0,0,0,0,0,0,0,0.0,0.0,0.0,0.0,0.0,0.0,0.0,0.0,0.0,0,0,89.83946011429494,-0.10508773,-4.2757449,0.0,5.235951246927259,0.0,0,-1.4155830401854306,6.179147347191245,-225.23568193080703,-33.86226735823322,-1.6369444892643314,44.84770205369829,-13.056588424354642,0.0
2358,0.0,0.0,0,0,0,0,0,0.0,0.0,0,0.0,0,0,0,0,0,-0.2466579,0,-0.30092479,0,0,0,0,0,0,0,0.0,0.0,0.0,0.0,0.0,0.0,0.0,0.0,0.0,0,0,89.83946011429494,-0.10508773,-4.2757449,0.0,5.235951246927259,0.0,0,-1.4155830401854306,6.179147347191245,-225.23568193080703,-33.86226735823322,-1.6369444892643314,44.84770205369829,-13.056588424354642,0.0
2359,0.0,0.0,0,0,0,0,0,0.0,0.0,0,0.0,0,0,0,0,0,-0.2466579,0,-0.30092479,0,0,0,0,0,0,0,0.0,0.0,0.0,0.0,0.0,0.0,0.0,0.0,0.0,0,0,89.83946011429494,-0.10508773,-4.2757449,0.0,5.235951246927259,0.0,0,-1.4155830401854306,6.179147347191245,-225.23568193080703,-33.86226735823322,-1.6369444892643314,44.84770205369829,-13.056588424354642,0.0
2360,0.0,0.0,0,0,0,0,0,0.0,0.0,0,0.0,0,0,0,0,0,-0.2466579,0,-0.30092479,0,0,0,0,0,0,0,0.0,0.0,0.0,0.0,0.0,0.0,0.0,0.0,0.0,0,0,89.83946011429494,-0.10508773,-4.2757449,0.0,5.235951246927259,0.0,0,-1.4155830401854306,6.179147347191245,-225.23568193080703,-33.86226735823322,-1.6369444892643314,44.84770205369829,-13.056588424354642,0.0
2361,0.0,0.0,0,0,0,0,0,0.0,0.0,0,0.0,0,0,0,0,0,-0.2466579,0,-0.30092479,0,0,0,0,0,0,0,0.0,0.0,0.0,0.0,0.0,0.0,0.0,0.0,0.0,0,0,89.83946011429494,-0.10508773,-4.2757449,0.0,5.235951246927259,0.0,0,-1.4155830401854306,6.179147347191245,-225.23568193080703,-33.86226735823322,-1.6369444892643314,44.84770205369829,-13.056588424354642,0.0
2362,0.0,0.0,0,0,0,0,0,0.0,0.0,0,0.0,0,0,0,0,0,-0.2466579,0,-0.30092479,0,0,0,0,0,0,0,0.0,0.0,0.0,0.0,0.0,0.0,0.0,0.0,0.0,0,0,89.83946011429494,-0.10508773,-4.2757449,0.0,5.235951246927259,0.0,0,-1.4155830401854306,6.179147347191245,-225.23568193080703,-33.86226735823322,-1.6369444892643314,44.84770205369829,-13.056588424354642,0.0
2363,0.0,0.0,0,0,0,0,0,0.0,0.0,0,0.0,0,0,0,0,0,-0.2466579,0,-0.30092479,0,0,0,0,0,0,0,0.0,0.0,0.0,0.0,0.0,0.0,0.0,0.0,0.0,0,0,89.83946011429494,-0.10508773,-4.2757449,0.0,5.235951246927259,0.0,0,-1.4155830401854306,6.179147347191245,-225.23568193080703,-33.86226735823322,-1.6369444892643314,44.84770205369829,-13.056588424354642,0.0
2364,0.0,0.0,0,0,0,0,0,0.0,0.0,0,0.0,0,0,0,0,0,-0.2466579,0,-0.30092479,0,0,0,0,0,0,0,0.0,0.0,0.0,0.0,0.0,0.0,0.0,0.0,0.0,0,0,89.83946011429494,-0.10508773,-4.2757449,0.0,5.235951246927259,0.0,0,-1.4155830401854306,6.179147347191245,-225.23568193080703,-33.86226735823322,-1.6369444892643314,44.84770205369829,-13.056588424354642,0.0
2365,0.0,0.0,0,0,0,0,0,0.0,0.0,0,0.0,0,0,0,0,0,-0.2466579,0,-0.30092479,0,0,0,0,0,0,0,0.0,0.0,0.0,0.0,0.0,0.0,0.0,0.0,0.0,0,0,89.83946011429494,-0.10508773,-4.2757449,0.0,5.235951246927259,0.0,0,-1.4155830401854306,6.179147347191245,-225.23568193080703,-33.86226735823322,-1.6369444892643314,44.84770205369829,-13.056588424354642,0.0
2366,0.0,0.0,0,0,0,0,0,0.0,0.0,0,0.0,0,0,0,0,0,-0.2466579,0,-0.30092479,0,0,0,0,0,0,0,0.0,0.0,0.0,0.0,0.0,0.0,0.0,0.0,0.0,0,0,89.83946011429494,-0.10508773,-4.2757449,0.0,5.235951246927259,0.0,0,-1.4155830401854306,6.179147347191245,-225.23568193080703,-33.86226735823322,-1.6369444892643314,44.84770205369829,-13.056588424354642,0.0
2367,0.0,0.0,0,0,0,0,0,0.0,0.0,0,0.0,0,0,0,0,0,-0.2466579,0,-0.30092479,0,0,0,0,0,0,0,0.0,0.0,0.0,0.0,0.0,0.0,0.0,0.0,0.0,0,0,89.83946011429494,-0.10508773,-4.2757449,0.0,5.235951246927259,0.0,0,-1.4155830401854306,6.179147347191245,-225.23568193080703,-33.86226735823322,-1.6369444892643314,44.84770205369829,-13.056588424354642,0.0
2368,0.0,0.0,0,0,0,0,0,0.0,0.0,0,0.0,0,0,0,0,0,-0.2466579,0,-0.30092479,0,0,0,0,0,0,0,0.0,0.0,0.0,0.0,0.0,0.0,0.0,0.0,0.0,0,0,89.83946011429494,-0.10508773,-4.2757449,0.0,5.235951246927259,0.0,0,-1.4155830401854306,6.179147347191245,-225.23568193080703,-33.86226735823322,-1.6369444892643314,44.84770205369829,-13.056588424354642,0.0
2369,0.0,0.0,0,0,0,0,0,0.0,0.0,0,0.0,0,0,0,0,0,-0.2466579,0,-0.30092479,0,0,0,0,0,0,0,0.0,0.0,0.0,0.0,0.0,0.0,0.0,0.0,0.0,0,0,89.83946011429494,-0.10508773,-4.2757449,0.0,5.235951246927259,0.0,0,-1.4155830401854306,6.179147347191245,-225.23568193080703,-33.86226735823322,-1.6369444892643314,44.84770205369829,-13.056588424354642,0.0
2370,0.0,0.0,0,0,0,0,0,0.0,0.0,0,0.0,0,0,0,0,0,-0.2466579,0,-0.30092479,0,0,0,0,0,0,0,0.0,0.0,0.0,0.0,0.0,0.0,0.0,0.0,0.0,0,0,89.83946011429494,-0.10508773,-4.2757449,0.0,5.235951246927259,0.0,0,-1.4155830401854306,6.179147347191245,-225.23568193080703,-33.86226735823322,-1.6369444892643314,44.84770205369829,-13.056588424354642,0.0
2371,0.0,0.0,0,0,0,0,0,0.0,0.0,0,0.0,0,0,0,0,0,-0.2466579,0,-0.30092479,0,0,0,0,0,0,0,0.0,0.0,0.0,0.0,0.0,0.0,0.0,0.0,0.0,0,0,89.83946011429494,-0.10508773,-4.2757449,0.0,5.235951246927259,0.0,0,-1.4155830401854306,6.179147347191245,-225.23568193080703,-33.86226735823322,-1.6369444892643314,44.84770205369829,-13.056588424354642,0.0
2372,0.0,0.0,0,0,0,0,0,0.0,0.0,0,0.0,0,0,0,0,0,-0.2466579,0,-0.30092479,0,0,0,0,0,0,0,0.0,0.0,0.0,0.0,0.0,0.0,0.0,0.0,0.0,0,0,89.83946011429494,-0.10508773,-4.2757449,0.0,5.235951246927259,0.0,0,-1.4155830401854306,6.179147347191245,-225.23568193080703,-33.86226735823322,-1.6369444892643314,44.84770205369829,-13.056588424354642,0.0
2373,0.0,0.0,0,0,0,0,0,0.0,0.0,0,0.0,0,0,0,0,0,-0.2466579,0,-0.30092479,0,0,0,0,0,0,0,0.0,0.0,0.0,0.0,0.0,0.0,0.0,0.0,0.0,0,0,89.83946011429494,-0.10508773,-4.2757449,0.0,5.235951246927259,0.0,0,-1.4155830401854306,6.179147347191245,-225.23568193080703,-33.86226735823322,-1.6369444892643314,44.84770205369829,-13.056588424354642,0.0
2374,0.0,0.0,0,0,0,0,0,0.0,0.0,0,0.0,0,0,0,0,0,-0.2466579,0,-0.30092479,0,0,0,0,0,0,0,0.0,0.0,0.0,0.0,0.0,0.0,0.0,0.0,0.0,0,0,89.83946011429494,-0.10508773,-4.2757449,0.0,5.235951246927259,0.0,0,-1.4155830401854306,6.179147347191245,-225.23568193080703,-33.86226735823322,-1.6369444892643314,44.84770205369829,-13.056588424354642,0.0
2375,0.0,0.0,0,0,0,0,0,0.0,0.0,0,0.0,0,0,0,0,0,-0.2466579,0,-0.30092479,0,0,0,0,0,0,0,0.0,0.0,0.0,0.0,0.0,0.0,0.0,0.0,0.0,0,0,89.83946011429494,-0.10508773,-4.2757449,0.0,5.235951246927259,0.0,0,-1.4155830401854306,6.179147347191245,-225.23568193080703,-33.86226735823322,-1.6369444892643314,44.84770205369829,-13.056588424354642,0.0
2376,0.0,0.0,0,0,0,0,0,0.0,0.0,0,0.0,0,0,0,0,0,-0.2466579,0,-0.30092479,0,0,0,0,0,0,0,0.0,0.0,0.0,0.0,0.0,0.0,0.0,0.0,0.0,0,0,89.83946011429494,-0.10508773,-4.2757449,0.0,5.235951246927259,0.0,0,-1.4155830401854306,6.179147347191245,-225.23568193080703,-33.86226735823322,-1.6369444892643314,44.84770205369829,-13.056588424354642,0.0
2377,0.0,0.0,0,0,0,0,0,0.0,0.0,0,0.0,0,0,0,0,0,-0.2466579,0,-0.30092479,0,0,0,0,0,0,0,0.0,0.0,0.0,0.0,0.0,0.0,0.0,0.0,0.0,0,0,89.83946011429494,-0.10508773,-4.2757449,0.0,5.235951246927259,0.0,0,-1.4155830401854306,6.179147347191245,-225.23568193080703,-33.86226735823322,-1.6369444892643314,44.84770205369829,-13.056588424354642,0.0
2378,0.0,0.0,0,0,0,0,0,0.0,0.0,0,0.0,0,0,0,0,0,-0.2466579,0,-0.30092479,0,0,0,0,0,0,0,0.0,0.0,0.0,0.0,0.0,0.0,0.0,0.0,0.0,0,0,89.83946011429494,-0.10508773,-4.2757449,0.0,5.235951246927259,0.0,0,-1.4155830401854306,6.179147347191245,-225.23568193080703,-33.86226735823322,-1.6369444892643314,44.84770205369829,-13.056588424354642,0.0
2379,0.0,0.0,0,0,0,0,0,0.0,0.0,0,0.0,0,0,0,0,0,-0.2466579,0,-0.30092479,0,0,0,0,0,0,0,0.0,0.0,0.0,0.0,0.0,0.0,0.0,0.0,0.0,0,0,89.83946011429494,-0.10508773,-4.2757449,0.0,5.235951246927259,0.0,0,-1.4155830401854306,6.179147347191245,-225.23568193080703,-33.86226735823322,-1.6369444892643314,44.84770205369829,-13.056588424354642,0.0
2380,0.0,0.0,0,0,0,0,0,0.0,0.0,0,0.0,0,0,0,0,0,-0.2466579,0,-0.30092479,0,0,0,0,0,0,0,0.0,0.0,0.0,0.0,0.0,0.0,0.0,0.0,0.0,0,0,89.83946011429494,-0.10508773,-4.2757449,0.0,5.235951246927259,0.0,0,-1.4155830401854306,6.179147347191245,-225.23568193080703,-33.86226735823322,-1.6369444892643314,44.84770205369829,-13.056588424354642,0.0
2381,0.0,0.0,0,0,0,0,0,0.0,0.0,0,0.0,0,0,0,0,0,-0.2466579,0,-0.30092479,0,0,0,0,0,0,0,0.0,0.0,0.0,0.0,0.0,0.0,0.0,0.0,0.0,0,0,89.83946011429494,-0.10508773,-4.2757449,0.0,5.235951246927259,0.0,0,-1.4155830401854306,6.179147347191245,-225.23568193080703,-33.86226735823322,-1.6369444892643314,44.84770205369829,-13.056588424354642,0.0
2382,0.0,0.0,0,0,0,0,0,0.0,0.0,0,0.0,0,0,0,0,0,-0.2466579,0,-0.30092479,0,0,0,0,0,0,0,0.0,0.0,0.0,0.0,0.0,0.0,0.0,0.0,0.0,0,0,89.83946011429494,-0.10508773,-4.2757449,0.0,5.235951246927259,0.0,0,-1.4155830401854306,6.179147347191245,-225.23568193080703,-33.86226735823322,-1.6369444892643314,44.84770205369829,-13.056588424354642,0.0
2383,0.0,0.0,0,0,0,0,0,0.0,0.0,0,0.0,0,0,0,0,0,-0.2466579,0,-0.30092479,0,0,0,0,0,0,0,0.0,0.0,0.0,0.0,0.0,0.0,0.0,0.0,0.0,0,0,89.83946011429494,-0.10508773,-4.2757449,0.0,5.235951246927259,0.0,0,-1.4155830401854306,6.179147347191245,-225.23568193080703,-33.86226735823322,-1.6369444892643314,44.84770205369829,-13.056588424354642,0.0
2384,0.0,0.0,0,0,0,0,0,0.0,0.0,0,0.0,0,0,0,0,0,-0.2466579,0,-0.30092479,0,0,0,0,0,0,0,0.0,0.0,0.0,0.0,0.0,0.0,0.0,0.0,0.0,0,0,89.83946011429494,-0.10508773,-4.2757449,0.0,5.235951246927259,0.0,0,-1.4155830401854306,6.179147347191245,-225.23568193080703,-33.86226735823322,-1.6369444892643314,44.84770205369829,-13.056588424354642,0.0
2385,0.0,0.0,0,0,0,0,0,0.0,0.0,0,0.0,0,0,0,0,0,-0.2466579,0,-0.30092479,0,0,0,0,0,0,0,0.0,0.0,0.0,0.0,0.0,0.0,0.0,0.0,0.0,0,0,89.83946011429494,-0.10508773,-4.2757449,0.0,5.235951246927259,0.0,0,-1.4155830401854306,6.179147347191245,-225.23568193080703,-33.86226735823322,-1.6369444892643314,44.84770205369829,-13.056588424354642,0.0
2386,0.0,0.0,0,0,0,0,0,0.0,0.0,0,0.0,0,0,0,0,0,-0.2466579,0,-0.30092479,0,0,0,0,0,0,0,0.0,0.0,0.0,0.0,0.0,0.0,0.0,0.0,0.0,0,0,89.83946011429494,-0.10508773,-4.2757449,0.0,5.235951246927259,0.0,0,-1.4155830401854306,6.179147347191245,-225.23568193080703,-33.86226735823322,-1.6369444892643314,44.84770205369829,-13.056588424354642,0.0
2387,0.0,0.0,0,0,0,0,0,0.0,0.0,0,0.0,0,0,0,0,0,-0.2466579,0,-0.30092479,0,0,0,0,0,0,0,0.0,0.0,0.0,0.0,0.0,0.0,0.0,0.0,0.0,0,0,89.83946011429494,-0.10508773,-4.2757449,0.0,5.235951246927259,0.0,0,-1.4155830401854306,6.179147347191245,-225.23568193080703,-33.86226735823322,-1.6369444892643314,44.84770205369829,-13.056588424354642,0.0
2388,0.0,0.0,0,0,0,0,0,0.0,0.0,0,0.0,0,0,0,0,0,-0.2466579,0,-0.30092479,0,0,0,0,0,0,0,0.0,0.0,0.0,0.0,0.0,0.0,0.0,0.0,0.0,0,0,89.83946011429494,-0.10508773,-4.2757449,0.0,5.235951246927259,0.0,0,-1.4155830401854306,6.179147347191245,-225.23568193080703,-33.86226735823322,-1.6369444892643314,44.84770205369829,-13.056588424354642,0.0
2389,0.0,0.0,0,0,0,0,0,0.0,0.0,0,0.0,0,0,0,0,0,-0.2466579,0,-0.30092479,0,0,0,0,0,0,0,0.0,0.0,0.0,0.0,0.0,0.0,0.0,0.0,0.0,0,0,89.83946011429494,-0.10508773,-4.2757449,0.0,5.235951246927259,0.0,0,-1.4155830401854306,6.179147347191245,-225.23568193080703,-33.86226735823322,-1.6369444892643314,44.84770205369829,-13.056588424354642,0.0
2390,0.0,0.0,0,0,0,0,0,0.0,0.0,0,0.0,0,0,0,0,0,-0.2466579,0,-0.30092479,0,0,0,0,0,0,0,0.0,0.0,0.0,0.0,0.0,0.0,0.0,0.0,0.0,0,0,89.83946011429494,-0.10508773,-4.2757449,0.0,5.235951246927259,0.0,0,-1.4155830401854306,6.179147347191245,-225.23568193080703,-33.86226735823322,-1.6369444892643314,44.84770205369829,-13.056588424354642,0.0
2391,0.0,0.0,0,0,0,0,0,0.0,0.0,0,0.0,0,0,0,0,0,-0.2466579,0,-0.30092479,0,0,0,0,0,0,0,0.0,0.0,0.0,0.0,0.0,0.0,0.0,0.0,0.0,0,0,89.83946011429494,-0.10508773,-4.2757449,0.0,5.235951246927259,0.0,0,-1.4155830401854306,6.179147347191245,-225.23568193080703,-33.86226735823322,-1.6369444892643314,44.84770205369829,-13.056588424354642,0.0
2392,0.0,0.0,0,0,0,0,0,0.0,0.0,0,0.0,0,0,0,0,0,-0.2466579,0,-0.30092479,0,0,0,0,0,0,0,0.0,0.0,0.0,0.0,0.0,0.0,0.0,0.0,0.0,0,0,89.83946011429494,-0.10508773,-4.2757449,0.0,5.235951246927259,0.0,0,-1.4155830401854306,6.179147347191245,-225.23568193080703,-33.86226735823322,-1.6369444892643314,44.84770205369829,-13.056588424354642,0.0
2393,0.0,0.0,0,0,0,0,0,0.0,0.0,0,0.0,0,0,0,0,0,-0.2466579,0,-0.30092479,0,0,0,0,0,0,0,0.0,0.0,0.0,0.0,0.0,0.0,0.0,0.0,0.0,0,0,89.83946011429494,-0.10508773,-4.2757449,0.0,5.235951246927259,0.0,0,-1.4155830401854306,6.179147347191245,-225.23568193080703,-33.86226735823322,-1.6369444892643314,44.84770205369829,-13.056588424354642,0.0
2394,0.0,0.0,0,0,0,0,0,0.0,0.0,0,0.0,0,0,0,0,0,-0.2466579,0,-0.30092479,0,0,0,0,0,0,0,0.0,0.0,0.0,0.0,0.0,0.0,0.0,0.0,0.0,0,0,89.83946011429494,-0.10508773,-4.2757449,0.0,5.235951246927259,0.0,0,-1.4155830401854306,6.179147347191245,-225.23568193080703,-33.86226735823322,-1.6369444892643314,44.84770205369829,-13.056588424354642,0.0
2395,0.0,0.0,0,0,0,0,0,0.0,0.0,0,0.0,0,0,0,0,0,-0.2466579,0,-0.30092479,0,0,0,0,0,0,0,0.0,0.0,0.0,0.0,0.0,0.0,0.0,0.0,0.0,0,0,89.83946011429494,-0.10508773,-4.2757449,0.0,5.235951246927259,0.0,0,-1.4155830401854306,6.179147347191245,-225.23568193080703,-33.86226735823322,-1.6369444892643314,44.84770205369829,-13.056588424354642,0.0
2396,0.0,0.0,0,0,0,0,0,0.0,0.0,0,0.0,0,0,0,0,0,-0.2466579,0,-0.30092479,0,0,0,0,0,0,0,0.0,0.0,0.0,0.0,0.0,0.0,0.0,0.0,0.0,0,0,89.83946011429494,-0.10508773,-4.2757449,0.0,5.235951246927259,0.0,0,-1.4155830401854306,6.179147347191245,-225.23568193080703,-33.86226735823322,-1.6369444892643314,44.84770205369829,-13.056588424354642,0.0
2397,0.0,0.0,0,0,0,0,0,0.0,0.0,0,0.0,0,0,0,0,0,-0.2466579,0,-0.30092479,0,0,0,0,0,0,0,0.0,0.0,0.0,0.0,0.0,0.0,0.0,0.0,0.0,0,0,89.83946011429494,-0.10508773,-4.2757449,0.0,5.235951246927259,0.0,0,-1.4155830401854306,6.179147347191245,-225.23568193080703,-33.86226735823322,-1.6369444892643314,44.84770205369829,-13.056588424354642,0.0
2398,0.0,0.0,0,0,0,0,0,0.0,0.0,0,0.0,0,0,0,0,0,-0.2466579,0,-0.30092479,0,0,0,0,0,0,0,0.0,0.0,0.0,0.0,0.0,0.0,0.0,0.0,0.0,0,0,89.83946011429494,-0.10508773,-4.2757449,0.0,5.235951246927259,0.0,0,-1.4155830401854306,6.179147347191245,-225.23568193080703,-33.86226735823322,-1.6369444892643314,44.84770205369829,-13.056588424354642,0.0
2399,0.0,0.0,0,0,0,0,0,0.0,0.0,0,0.0,0,0,0,0,0,-0.2466579,0,-0.30092479,0,0,0,0,0,0,0,0.0,0.0,0.0,0.0,0.0,0.0,0.0,0.0,0.0,0,0,89.83946011429494,-0.10508773,-4.2757449,0.0,5.235951246927259,0.0,0,-1.4155830401854306,6.179147347191245,-225.23568193080703,-33.86226735823322,-1.6369444892643314,44.84770205369829,-13.056588424354642,0.0
2400,0.0,0.0,0,0,0,0,0,0.0,0.0,0,0.0,0,0,0,0,0,-0.2466579,0,-0.30092479,0,0,0,0,0,0,0,0.0,0.0,0.0,0.0,0.0,0.0,0.0,0.0,0.0,0,0,89.83946011429494,-0.10508773,-4.2757449,0.0,5.235951246927259,0.0,0,-1.4155830401854306,6.179147347191245,-225.23568193080703,-33.86226735823322,-1.6369444892643314,44.84770205369829,-13.056588424354642,0.0
2401,0.0,0.0,0,0,0,0,0,0.0,0.0,0,0.0,0,0,0,0,0,-0.2466579,0,-0.30092479,0,0,0,0,0,0,0,0.0,0.0,0.0,0.0,0.0,0.0,0.0,0.0,0.0,0,0,89.83946011429494,-0.10508773,-4.2757449,0.0,5.235951246927259,0.0,0,-1.4155830401854306,6.179147347191245,-225.23568193080703,-33.86226735823322,-1.6369444892643314,44.84770205369829,-13.056588424354642,0.0
2402,0.0,0.0,0,0,0,0,0,0.0,0.0,0,0.0,0,0,0,0,0,-0.2466579,0,-0.30092479,0,0,0,0,0,0,0,0.0,0.0,0.0,0.0,0.0,0.0,0.0,0.0,0.0,0,0,89.83946011429494,-0.10508773,-4.2757449,0.0,5.235951246927259,0.0,0,-1.4155830401854306,6.179147347191245,-225.23568193080703,-33.86226735823322,-1.6369444892643314,44.84770205369829,-13.056588424354642,0.0
2403,0.0,0.0,0,0,0,0,0,0.0,0.0,0,0.0,0,0,0,0,0,-0.2466579,0,-0.30092479,0,0,0,0,0,0,0,0.0,0.0,0.0,0.0,0.0,0.0,0.0,0.0,0.0,0,0,89.83946011429494,-0.10508773,-4.2757449,0.0,5.235951246927259,0.0,0,-1.4155830401854306,6.179147347191245,-225.23568193080703,-33.86226735823322,-1.6369444892643314,44.84770205369829,-13.056588424354642,0.0
2404,0.0,0.0,0,0,0,0,0,0.0,0.0,0,0.0,0,0,0,0,0,-0.2466579,0,-0.30092479,0,0,0,0,0,0,0,0.0,0.0,0.0,0.0,0.0,0.0,0.0,0.0,0.0,0,0,89.83946011429494,-0.10508773,-4.2757449,0.0,5.235951246927259,0.0,0,-1.4155830401854306,6.179147347191245,-225.23568193080703,-33.86226735823322,-1.6369444892643314,44.84770205369829,-13.056588424354642,0.0
2405,0.0,0.0,0,0,0,0,0,0.0,0.0,0,0.0,0,0,0,0,0,-0.2466579,0,-0.30092479,0,0,0,0,0,0,0,0.0,0.0,0.0,0.0,0.0,0.0,0.0,0.0,0.0,0,0,89.83946011429494,-0.10508773,-4.2757449,0.0,5.235951246927259,0.0,0,-1.4155830401854306,6.179147347191245,-225.23568193080703,-33.86226735823322,-1.6369444892643314,44.84770205369829,-13.056588424354642,0.0
2406,0.0,0.0,0,0,0,0,0,0.0,0.0,0,0.0,0,0,0,0,0,-0.2466579,0,-0.30092479,0,0,0,0,0,0,0,0.0,0.0,0.0,0.0,0.0,0.0,0.0,0.0,0.0,0,0,89.83946011429494,-0.10508773,-4.2757449,0.0,5.235951246927259,0.0,0,-1.4155830401854306,6.179147347191245,-225.23568193080703,-33.86226735823322,-1.6369444892643314,44.84770205369829,-13.056588424354642,0.0
2407,0.0,0.0,0,0,0,0,0,0.0,0.0,0,0.0,0,0,0,0,0,-0.2466579,0,-0.30092479,0,0,0,0,0,0,0,0.0,0.0,0.0,0.0,0.0,0.0,0.0,0.0,0.0,0,0,89.83946011429494,-0.10508773,-4.2757449,0.0,5.235951246927259,0.0,0,-1.4155830401854306,6.179147347191245,-225.23568193080703,-33.86226735823322,-1.6369444892643314,44.84770205369829,-13.056588424354642,0.0
2408,0.0,0.0,0,0,0,0,0,0.0,0.0,0,0.0,0,0,0,0,0,-0.2466579,0,-0.30092479,0,0,0,0,0,0,0,0.0,0.0,0.0,0.0,0.0,0.0,0.0,0.0,0.0,0,0,89.83946011429494,-0.10508773,-4.2757449,0.0,5.235951246927259,0.0,0,-1.4155830401854306,6.179147347191245,-225.23568193080703,-33.86226735823322,-1.6369444892643314,44.84770205369829,-13.056588424354642,0.0
2409,0.0,0.0,0,0,0,0,0,0.0,0.0,0,0.0,0,0,0,0,0,-0.2466579,0,-0.30092479,0,0,0,0,0,0,0,0.0,0.0,0.0,0.0,0.0,0.0,0.0,0.0,0.0,0,0,89.83946011429494,-0.10508773,-4.2757449,0.0,5.235951246927259,0.0,0,-1.4155830401854306,6.179147347191245,-225.23568193080703,-33.86226735823322,-1.6369444892643314,44.84770205369829,-13.056588424354642,0.0
2410,0.0,0.0,0,0,0,0,0,0.0,0.0,0,0.0,0,0,0,0,0,-0.2466579,0,-0.30092479,0,0,0,0,0,0,0,0.0,0.0,0.0,0.0,0.0,0.0,0.0,0.0,0.0,0,0,89.83946011429494,-0.10508773,-4.2757449,0.0,5.235951246927259,0.0,0,-1.4155830401854306,6.179147347191245,-225.23568193080703,-33.86226735823322,-1.6369444892643314,44.84770205369829,-13.056588424354642,0.0
2411,0.0,0.0,0,0,0,0,0,0.0,0.0,0,0.0,0,0,0,0,0,-0.2466579,0,-0.30092479,0,0,0,0,0,0,0,0.0,0.0,0.0,0.0,0.0,0.0,0.0,0.0,0.0,0,0,89.83946011429494,-0.10508773,-4.2757449,0.0,5.235951246927259,0.0,0,-1.4155830401854306,6.179147347191245,-225.23568193080703,-33.86226735823322,-1.6369444892643314,44.84770205369829,-13.056588424354642,0.0
2412,0.0,0.0,0,0,0,0,0,0.0,0.0,0,0.0,0,0,0,0,0,-0.2466579,0,-0.30092479,0,0,0,0,0,0,0,0.0,0.0,0.0,0.0,0.0,0.0,0.0,0.0,0.0,0,0,89.83946011429494,-0.10508773,-4.2757449,0.0,5.235951246927259,0.0,0,-1.4155830401854306,6.179147347191245,-225.23568193080703,-33.86226735823322,-1.6369444892643314,44.84770205369829,-13.056588424354642,0.0
2413,0.0,0.0,0,0,0,0,0,0.0,0.0,0,0.0,0,0,0,0,0,-0.2466579,0,-0.30092479,0,0,0,0,0,0,0,0.0,0.0,0.0,0.0,0.0,0.0,0.0,0.0,0.0,0,0,89.83946011429494,-0.10508773,-4.2757449,0.0,5.235951246927259,0.0,0,-1.4155830401854306,6.179147347191245,-225.23568193080703,-33.86226735823322,-1.6369444892643314,44.84770205369829,-13.056588424354642,0.0
2414,0.0,0.0,0,0,0,0,0,0.0,0.0,0,0.0,0,0,0,0,0,-0.2466579,0,-0.30092479,0,0,0,0,0,0,0,0.0,0.0,0.0,0.0,0.0,0.0,0.0,0.0,0.0,0,0,89.83946011429494,-0.10508773,-4.2757449,0.0,5.235951246927259,0.0,0,-1.4155830401854306,6.179147347191245,-225.23568193080703,-33.86226735823322,-1.6369444892643314,44.84770205369829,-13.056588424354642,0.0
2415,0.0,0.0,0,0,0,0,0,0.0,0.0,0,0.0,0,0,0,0,0,-0.2466579,0,-0.30092479,0,0,0,0,0,0,0,0.0,0.0,0.0,0.0,0.0,0.0,0.0,0.0,0.0,0,0,89.83946011429494,-0.10508773,-4.2757449,0.0,5.235951246927259,0.0,0,-1.4155830401854306,6.179147347191245,-225.23568193080703,-33.86226735823322,-1.6369444892643314,44.84770205369829,-13.056588424354642,0.0
2416,0.0,0.0,0,0,0,0,0,0.0,0.0,0,0.0,0,0,0,0,0,-0.2466579,0,-0.30092479,0,0,0,0,0,0,0,0.0,0.0,0.0,0.0,0.0,0.0,0.0,0.0,0.0,0,0,89.83946011429494,-0.10508773,-4.2757449,0.0,5.235951246927259,0.0,0,-1.4155830401854306,6.179147347191245,-225.23568193080703,-33.86226735823322,-1.6369444892643314,44.84770205369829,-13.056588424354642,0.0
2417,0.0,0.0,0,0,0,0,0,0.0,0.0,0,0.0,0,0,0,0,0,-0.2466579,0,-0.30092479,0,0,0,0,0,0,0,0.0,0.0,0.0,0.0,0.0,0.0,0.0,0.0,0.0,0,0,89.83946011429494,-0.10508773,-4.2757449,0.0,5.235951246927259,0.0,0,-1.4155830401854306,6.179147347191245,-225.23568193080703,-33.86226735823322,-1.6369444892643314,44.84770205369829,-13.056588424354642,0.0
2418,0.0,0.0,0,0,0,0,0,0.0,0.0,0,0.0,0,0,0,0,0,-0.2466579,0,-0.30092479,0,0,0,0,0,0,0,0.0,0.0,0.0,0.0,0.0,0.0,0.0,0.0,0.0,0,0,89.83946011429494,-0.10508773,-4.2757449,0.0,5.235951246927259,0.0,0,-1.4155830401854306,6.179147347191245,-225.23568193080703,-33.86226735823322,-1.6369444892643314,44.84770205369829,-13.056588424354642,0.0
2419,0.0,0.0,0,0,0,0,0,0.0,0.0,0,0.0,0,0,0,0,0,-0.2466579,0,-0.30092479,0,0,0,0,0,0,0,0.0,0.0,0.0,0.0,0.0,0.0,0.0,0.0,0.0,0,0,89.83946011429494,-0.10508773,-4.2757449,0.0,5.235951246927259,0.0,0,-1.4155830401854306,6.179147347191245,-225.23568193080703,-33.86226735823322,-1.6369444892643314,44.84770205369829,-13.056588424354642,0.0
2420,0.0,0.0,0,0,0,0,0,0.0,0.0,0,0.0,0,0,0,0,0,-0.2466579,0,-0.30092479,0,0,0,0,0,0,0,0.0,0.0,0.0,0.0,0.0,0.0,0.0,0.0,0.0,0,0,89.83946011429494,-0.10508773,-4.2757449,0.0,5.235951246927259,0.0,0,-1.4155830401854306,6.179147347191245,-225.23568193080703,-33.86226735823322,-1.6369444892643314,44.84770205369829,-13.056588424354642,0.0
2421,0.0,0.0,0,0,0,0,0,0.0,0.0,0,0.0,0,0,0,0,0,-0.2466579,0,-0.30092479,0,0,0,0,0,0,0,0.0,0.0,0.0,0.0,0.0,0.0,0.0,0.0,0.0,0,0,89.83946011429494,-0.10508773,-4.2757449,0.0,5.235951246927259,0.0,0,-1.4155830401854306,6.179147347191245,-225.23568193080703,-33.86226735823322,-1.6369444892643314,44.84770205369829,-13.056588424354642,0.0
2422,0.0,0.0,0,0,0,0,0,0.0,0.0,0,0.0,0,0,0,0,0,-0.2466579,0,-0.30092479,0,0,0,0,0,0,0,0.0,0.0,0.0,0.0,0.0,0.0,0.0,0.0,0.0,0,0,89.83946011429494,-0.10508773,-4.2757449,0.0,5.235951246927259,0.0,0,-1.4155830401854306,6.179147347191245,-225.23568193080703,-33.86226735823322,-1.6369444892643314,44.84770205369829,-13.056588424354642,0.0
2423,0.0,0.0,0,0,0,0,0,0.0,0.0,0,0.0,0,0,0,0,0,-0.2466579,0,-0.30092479,0,0,0,0,0,0,0,0.0,0.0,0.0,0.0,0.0,0.0,0.0,0.0,0.0,0,0,89.83946011429494,-0.10508773,-4.2757449,0.0,5.235951246927259,0.0,0,-1.4155830401854306,6.179147347191245,-225.23568193080703,-33.86226735823322,-1.6369444892643314,44.84770205369829,-13.056588424354642,0.0
2424,0.0,0.0,0,0,0,0,0,0.0,0.0,0,0.0,0,0,0,0,0,-0.2466579,0,-0.30092479,0,0,0,0,0,0,0,0.0,0.0,0.0,0.0,0.0,0.0,0.0,0.0,0.0,0,0,89.83946011429494,-0.10508773,-4.2757449,0.0,5.235951246927259,0.0,0,-1.4155830401854306,6.179147347191245,-225.23568193080703,-33.86226735823322,-1.6369444892643314,44.84770205369829,-13.056588424354642,0.0
2425,0.0,0.0,0,0,0,0,0,0.0,0.0,0,0.0,0,0,0,0,0,-0.2466579,0,-0.30092479,0,0,0,0,0,0,0,0.0,0.0,0.0,0.0,0.0,0.0,0.0,0.0,0.0,0,0,89.83946011429494,-0.10508773,-4.2757449,0.0,5.235951246927259,0.0,0,-1.4155830401854306,6.179147347191245,-225.23568193080703,-33.86226735823322,-1.6369444892643314,44.84770205369829,-13.056588424354642,0.0
2426,0.0,0.0,0,0,0,0,0,0.0,0.0,0,0.0,0,0,0,0,0,-0.2466579,0,-0.30092479,0,0,0,0,0,0,0,0.0,0.0,0.0,0.0,0.0,0.0,0.0,0.0,0.0,0,0,89.83946011429494,-0.10508773,-4.2757449,0.0,5.235951246927259,0.0,0,-1.4155830401854306,6.179147347191245,-225.23568193080703,-33.86226735823322,-1.6369444892643314,44.84770205369829,-13.056588424354642,0.0
2427,0.0,0.0,0,0,0,0,0,0.0,0.0,0,0.0,0,0,0,0,0,-0.2466579,0,-0.30092479,0,0,0,0,0,0,0,0.0,0.0,0.0,0.0,0.0,0.0,0.0,0.0,0.0,0,0,89.83946011429494,-0.10508773,-4.2757449,0.0,5.235951246927259,0.0,0,-1.4155830401854306,6.179147347191245,-225.23568193080703,-33.86226735823322,-1.6369444892643314,44.84770205369829,-13.056588424354642,0.0
2428,0.0,0.0,0,0,0,0,0,0.0,0.0,0,0.0,0,0,0,0,0,-0.2466579,0,-0.30092479,0,0,0,0,0,0,0,0.0,0.0,0.0,0.0,0.0,0.0,0.0,0.0,0.0,0,0,89.83946011429494,-0.10508773,-4.2757449,0.0,5.235951246927259,0.0,0,-1.4155830401854306,6.179147347191245,-225.23568193080703,-33.86226735823322,-1.6369444892643314,44.84770205369829,-13.056588424354642,0.0
2429,0.0,0.0,0,0,0,0,0,0.0,0.0,0,0.0,0,0,0,0,0,-0.2466579,0,-0.30092479,0,0,0,0,0,0,0,0.0,0.0,0.0,0.0,0.0,0.0,0.0,0.0,0.0,0,0,89.83946011429494,-0.10508773,-4.2757449,0.0,5.235951246927259,0.0,0,-1.4155830401854306,6.179147347191245,-225.23568193080703,-33.86226735823322,-1.6369444892643314,44.84770205369829,-13.056588424354642,0.0
2430,0.0,0.0,0,0,0,0,0,0.0,0.0,0,0.0,0,0,0,0,0,-0.2466579,0,-0.30092479,0,0,0,0,0,0,0,0.0,0.0,0.0,0.0,0.0,0.0,0.0,0.0,0.0,0,0,89.83946011429494,-0.10508773,-4.2757449,0.0,5.235951246927259,0.0,0,-1.4155830401854306,6.179147347191245,-225.23568193080703,-33.86226735823322,-1.6369444892643314,44.84770205369829,-13.056588424354642,0.0
2431,0.0,0.0,0,0,0,0,0,0.0,0.0,0,0.0,0,0,0,0,0,-0.2466579,0,-0.30092479,0,0,0,0,0,0,0,0.0,0.0,0.0,0.0,0.0,0.0,0.0,0.0,0.0,0,0,89.83946011429494,-0.10508773,-4.2757449,0.0,5.235951246927259,0.0,0,-1.4155830401854306,6.179147347191245,-225.23568193080703,-33.86226735823322,-1.6369444892643314,44.84770205369829,-13.056588424354642,0.0
2432,0.0,0.0,0,0,0,0,0,0.0,0.0,0,0.0,0,0,0,0,0,-0.2466579,0,-0.30092479,0,0,0,0,0,0,0,0.0,0.0,0.0,0.0,0.0,0.0,0.0,0.0,0.0,0,0,89.83946011429494,-0.10508773,-4.2757449,0.0,5.235951246927259,0.0,0,-1.4155830401854306,6.179147347191245,-225.23568193080703,-33.86226735823322,-1.6369444892643314,44.84770205369829,-13.056588424354642,0.0
2433,0.0,0.0,0,0,0,0,0,0.0,0.0,0,0.0,0,0,0,0,0,-0.2466579,0,-0.30092479,0,0,0,0,0,0,0,0.0,0.0,0.0,0.0,0.0,0.0,0.0,0.0,0.0,0,0,89.83946011429494,-0.10508773,-4.2757449,0.0,5.235951246927259,0.0,0,-1.4155830401854306,6.179147347191245,-225.23568193080703,-33.86226735823322,-1.6369444892643314,44.84770205369829,-13.056588424354642,0.0
2434,0.0,0.0,0,0,0,0,0,0.0,0.0,0,0.0,0,0,0,0,0,-0.2466579,0,-0.30092479,0,0,0,0,0,0,0,0.0,0.0,0.0,0.0,0.0,0.0,0.0,0.0,0.0,0,0,89.83946011429494,-0.10508773,-4.2757449,0.0,5.235951246927259,0.0,0,-1.4155830401854306,6.179147347191245,-225.23568193080703,-33.86226735823322,-1.6369444892643314,44.84770205369829,-13.056588424354642,0.0
2435,0.0,0.0,0,0,0,0,0,0.0,0.0,0,0.0,0,0,0,0,0,-0.2466579,0,-0.30092479,0,0,0,0,0,0,0,0.0,0.0,0.0,0.0,0.0,0.0,0.0,0.0,0.0,0,0,89.83946011429494,-0.10508773,-4.2757449,0.0,5.235951246927259,0.0,0,-1.4155830401854306,6.179147347191245,-225.23568193080703,-33.86226735823322,-1.6369444892643314,44.84770205369829,-13.056588424354642,0.0
2436,0.0,0.0,0,0,0,0,0,0.0,0.0,0,0.0,0,0,0,0,0,-0.2466579,0,-0.30092479,0,0,0,0,0,0,0,0.0,0.0,0.0,0.0,0.0,0.0,0.0,0.0,0.0,0,0,89.83946011429494,-0.10508773,-4.2757449,0.0,5.235951246927259,0.0,0,-1.4155830401854306,6.179147347191245,-225.23568193080703,-33.86226735823322,-1.6369444892643314,44.84770205369829,-13.056588424354642,0.0
2437,0.0,0.0,0,0,0,0,0,0.0,0.0,0,0.0,0,0,0,0,0,-0.2466579,0,-0.30092479,0,0,0,0,0,0,0,0.0,0.0,0.0,0.0,0.0,0.0,0.0,0.0,0.0,0,0,89.83946011429494,-0.10508773,-4.2757449,0.0,5.235951246927259,0.0,0,-1.4155830401854306,6.179147347191245,-225.23568193080703,-33.86226735823322,-1.6369444892643314,44.84770205369829,-13.056588424354642,0.0
2438,0.0,0.0,0,0,0,0,0,0.0,0.0,0,0.0,0,0,0,0,0,-0.2466579,0,-0.30092479,0,0,0,0,0,0,0,0.0,0.0,0.0,0.0,0.0,0.0,0.0,0.0,0.0,0,0,89.83946011429494,-0.10508773,-4.2757449,0.0,5.235951246927259,0.0,0,-1.4155830401854306,6.179147347191245,-225.23568193080703,-33.86226735823322,-1.6369444892643314,44.84770205369829,-13.056588424354642,0.0
2439,0.0,0.0,0,0,0,0,0,0.0,0.0,0,0.0,0,0,0,0,0,-0.2466579,0,-0.30092479,0,0,0,0,0,0,0,0.0,0.0,0.0,0.0,0.0,0.0,0.0,0.0,0.0,0,0,89.83946011429494,-0.10508773,-4.2757449,0.0,5.235951246927259,0.0,0,-1.4155830401854306,6.179147347191245,-225.23568193080703,-33.86226735823322,-1.6369444892643314,44.84770205369829,-13.056588424354642,0.0
2440,0.0,0.0,0,0,0,0,0,0.0,0.0,0,0.0,0,0,0,0,0,-0.2466579,0,-0.30092479,0,0,0,0,0,0,0,0.0,0.0,0.0,0.0,0.0,0.0,0.0,0.0,0.0,0,0,89.83946011429494,-0.10508773,-4.2757449,0.0,5.235951246927259,0.0,0,-1.4155830401854306,6.179147347191245,-225.23568193080703,-33.86226735823322,-1.6369444892643314,44.84770205369829,-13.056588424354642,0.0
2441,0.0,0.0,0,0,0,0,0,0.0,0.0,0,0.0,0,0,0,0,0,-0.2466579,0,-0.30092479,0,0,0,0,0,0,0,0.0,0.0,0.0,0.0,0.0,0.0,0.0,0.0,0.0,0,0,89.83946011429494,-0.10508773,-4.2757449,0.0,5.235951246927259,0.0,0,-1.4155830401854306,6.179147347191245,-225.23568193080703,-33.86226735823322,-1.6369444892643314,44.84770205369829,-13.056588424354642,0.0
2442,0.0,0.0,0,0,0,0,0,0.0,0.0,0,0.0,0,0,0,0,0,-0.2466579,0,-0.30092479,0,0,0,0,0,0,0,0.0,0.0,0.0,0.0,0.0,0.0,0.0,0.0,0.0,0,0,89.83946011429494,-0.10508773,-4.2757449,0.0,5.235951246927259,0.0,0,-1.4155830401854306,6.179147347191245,-225.23568193080703,-33.86226735823322,-1.6369444892643314,44.84770205369829,-13.056588424354642,0.0
2443,0.0,0.0,0,0,0,0,0,0.0,0.0,0,0.0,0,0,0,0,0,-0.2466579,0,-0.30092479,0,0,0,0,0,0,0,0.0,0.0,0.0,0.0,0.0,0.0,0.0,0.0,0.0,0,0,89.83946011429494,-0.10508773,-4.2757449,0.0,5.235951246927259,0.0,0,-1.4155830401854306,6.179147347191245,-225.23568193080703,-33.86226735823322,-1.6369444892643314,44.84770205369829,-13.056588424354642,0.0
2444,0.0,0.0,0,0,0,0,0,0.0,0.0,0,0.0,0,0,0,0,0,-0.2466579,0,-0.30092479,0,0,0,0,0,0,0,0.0,0.0,0.0,0.0,0.0,0.0,0.0,0.0,0.0,0,0,89.83946011429494,-0.10508773,-4.2757449,0.0,5.235951246927259,0.0,0,-1.4155830401854306,6.179147347191245,-225.23568193080703,-33.86226735823322,-1.6369444892643314,44.84770205369829,-13.056588424354642,0.0
2445,0.0,0.0,0,0,0,0,0,0.0,0.0,0,0.0,0,0,0,0,0,-0.2466579,0,-0.30092479,0,0,0,0,0,0,0,0.0,0.0,0.0,0.0,0.0,0.0,0.0,0.0,0.0,0,0,89.83946011429494,-0.10508773,-4.2757449,0.0,5.235951246927259,0.0,0,-1.4155830401854306,6.179147347191245,-225.23568193080703,-33.86226735823322,-1.6369444892643314,44.84770205369829,-13.056588424354642,0.0
2446,0.0,0.0,0,0,0,0,0,0.0,0.0,0,0.0,0,0,0,0,0,-0.2466579,0,-0.30092479,0,0,0,0,0,0,0,0.0,0.0,0.0,0.0,0.0,0.0,0.0,0.0,0.0,0,0,89.83946011429494,-0.10508773,-4.2757449,0.0,5.235951246927259,0.0,0,-1.4155830401854306,6.179147347191245,-225.23568193080703,-33.86226735823322,-1.6369444892643314,44.84770205369829,-13.056588424354642,0.0
2447,0.0,0.0,0,0,0,0,0,0.0,0.0,0,0.0,0,0,0,0,0,-0.2466579,0,-0.30092479,0,0,0,0,0,0,0,0.0,0.0,0.0,0.0,0.0,0.0,0.0,0.0,0.0,0,0,89.83946011429494,-0.10508773,-4.2757449,0.0,5.235951246927259,0.0,0,-1.4155830401854306,6.179147347191245,-225.23568193080703,-33.86226735823322,-1.6369444892643314,44.84770205369829,-13.056588424354642,0.0
2448,0.0,0.0,0,0,0,0,0,0.0,0.0,0,0.0,0,0,0,0,0,-0.2466579,0,-0.30092479,0,0,0,0,0,0,0,0.0,0.0,0.0,0.0,0.0,0.0,0.0,0.0,0.0,0,0,89.83946011429494,-0.10508773,-4.2757449,0.0,5.235951246927259,0.0,0,-1.4155830401854306,6.179147347191245,-225.23568193080703,-33.86226735823322,-1.6369444892643314,44.84770205369829,-13.056588424354642,0.0
2449,0.0,0.0,0,0,0,0,0,0.0,0.0,0,0.0,0,0,0,0,0,-0.2466579,0,-0.30092479,0,0,0,0,0,0,0,0.0,0.0,0.0,0.0,0.0,0.0,0.0,0.0,0.0,0,0,89.83946011429494,-0.10508773,-4.2757449,0.0,5.235951246927259,0.0,0,-1.4155830401854306,6.179147347191245,-225.23568193080703,-33.86226735823322,-1.6369444892643314,44.84770205369829,-13.056588424354642,0.0
2450,0.0,0.0,0,0,0,0,0,0.0,0.0,0,0.0,0,0,0,0,0,-0.2466579,0,-0.30092479,0,0,0,0,0,0,0,0.0,0.0,0.0,0.0,0.0,0.0,0.0,0.0,0.0,0,0,89.83946011429494,-0.10508773,-4.2757449,0.0,5.235951246927259,0.0,0,-1.4155830401854306,6.179147347191245,-225.23568193080703,-33.86226735823322,-1.6369444892643314,44.84770205369829,-13.056588424354642,0.0
2451,0.0,0.0,0,0,0,0,0,0.0,0.0,0,0.0,0,0,0,0,0,-0.2466579,0,-0.30092479,0,0,0,0,0,0,0,0.0,0.0,0.0,0.0,0.0,0.0,0.0,0.0,0.0,0,0,89.83946011429494,-0.10508773,-4.2757449,0.0,5.235951246927259,0.0,0,-1.4155830401854306,6.179147347191245,-225.23568193080703,-33.86226735823322,-1.6369444892643314,44.84770205369829,-13.056588424354642,0.0
2452,0.0,0.0,0,0,0,0,0,0.0,0.0,0,0.0,0,0,0,0,0,-0.2466579,0,-0.30092479,0,0,0,0,0,0,0,0.0,0.0,0.0,0.0,0.0,0.0,0.0,0.0,0.0,0,0,89.83946011429494,-0.10508773,-4.2757449,0.0,5.235951246927259,0.0,0,-1.4155830401854306,6.179147347191245,-225.23568193080703,-33.86226735823322,-1.6369444892643314,44.84770205369829,-13.056588424354642,0.0
2453,0.0,0.0,0,0,0,0,0,0.0,0.0,0,0.0,0,0,0,0,0,-0.2466579,0,-0.30092479,0,0,0,0,0,0,0,0.0,0.0,0.0,0.0,0.0,0.0,0.0,0.0,0.0,0,0,89.83946011429494,-0.10508773,-4.2757449,0.0,5.235951246927259,0.0,0,-1.4155830401854306,6.179147347191245,-225.23568193080703,-33.86226735823322,-1.6369444892643314,44.84770205369829,-13.056588424354642,0.0
2454,0.0,0.0,0,0,0,0,0,0.0,0.0,0,0.0,0,0,0,0,0,-0.2466579,0,-0.30092479,0,0,0,0,0,0,0,0.0,0.0,0.0,0.0,0.0,0.0,0.0,0.0,0.0,0,0,89.83946011429494,-0.10508773,-4.2757449,0.0,5.235951246927259,0.0,0,-1.4155830401854306,6.179147347191245,-225.23568193080703,-33.86226735823322,-1.6369444892643314,44.84770205369829,-13.056588424354642,0.0
2455,0.0,0.0,0,0,0,0,0,0.0,0.0,0,0.0,0,0,0,0,0,-0.2466579,0,-0.30092479,0,0,0,0,0,0,0,0.0,0.0,0.0,0.0,0.0,0.0,0.0,0.0,0.0,0,0,89.83946011429494,-0.10508773,-4.2757449,0.0,5.235951246927259,0.0,0,-1.4155830401854306,6.179147347191245,-225.23568193080703,-33.86226735823322,-1.6369444892643314,44.84770205369829,-13.056588424354642,0.0
2456,0.0,0.0,0,0,0,0,0,0.0,0.0,0,0.0,0,0,0,0,0,-0.2466579,0,-0.30092479,0,0,0,0,0,0,0,0.0,0.0,0.0,0.0,0.0,0.0,0.0,0.0,0.0,0,0,89.83946011429494,-0.10508773,-4.2757449,0.0,5.235951246927259,0.0,0,-1.4155830401854306,6.179147347191245,-225.23568193080703,-33.86226735823322,-1.6369444892643314,44.84770205369829,-13.056588424354642,0.0
2457,0.0,0.0,0,0,0,0,0,0.0,0.0,0,0.0,0,0,0,0,0,-0.2466579,0,-0.30092479,0,0,0,0,0,0,0,0.0,0.0,0.0,0.0,0.0,0.0,0.0,0.0,0.0,0,0,89.83946011429494,-0.10508773,-4.2757449,0.0,5.235951246927259,0.0,0,-1.4155830401854306,6.179147347191245,-225.23568193080703,-33.86226735823322,-1.6369444892643314,44.84770205369829,-13.056588424354642,0.0
2458,0.0,0.0,0,0,0,0,0,0.0,0.0,0,0.0,0,0,0,0,0,-0.2466579,0,-0.30092479,0,0,0,0,0,0,0,0.0,0.0,0.0,0.0,0.0,0.0,0.0,0.0,0.0,0,0,89.83946011429494,-0.10508773,-4.2757449,0.0,5.235951246927259,0.0,0,-1.4155830401854306,6.179147347191245,-225.23568193080703,-33.86226735823322,-1.6369444892643314,44.84770205369829,-13.056588424354642,0.0
2459,0.0,0.0,0,0,0,0,0,0.0,0.0,0,0.0,0,0,0,0,0,-0.2466579,0,-0.30092479,0,0,0,0,0,0,0,0.0,0.0,0.0,0.0,0.0,0.0,0.0,0.0,0.0,0,0,89.83946011429494,-0.10508773,-4.2757449,0.0,5.235951246927259,0.0,0,-1.4155830401854306,6.179147347191245,-225.23568193080703,-33.86226735823322,-1.6369444892643314,44.84770205369829,-13.056588424354642,0.0
2460,0.0,0.0,0,0,0,0,0,0.0,0.0,0,0.0,0,0,0,0,0,-0.2466579,0,-0.30092479,0,0,0,0,0,0,0,0.0,0.0,0.0,0.0,0.0,0.0,0.0,0.0,0.0,0,0,89.83946011429494,-0.10508773,-4.2757449,0.0,5.235951246927259,0.0,0,-1.4155830401854306,6.179147347191245,-225.23568193080703,-33.86226735823322,-1.6369444892643314,44.84770205369829,-13.056588424354642,0.0
2461,0.0,0.0,0,0,0,0,0,0.0,0.0,0,0.0,0,0,0,0,0,-0.2466579,0,-0.30092479,0,0,0,0,0,0,0,0.0,0.0,0.0,0.0,0.0,0.0,0.0,0.0,0.0,0,0,89.83946011429494,-0.10508773,-4.2757449,0.0,5.235951246927259,0.0,0,-1.4155830401854306,6.179147347191245,-225.23568193080703,-33.86226735823322,-1.6369444892643314,44.84770205369829,-13.056588424354642,0.0
2462,0.0,0.0,0,0,0,0,0,0.0,0.0,0,0.0,0,0,0,0,0,-0.2466579,0,-0.30092479,0,0,0,0,0,0,0,0.0,0.0,0.0,0.0,0.0,0.0,0.0,0.0,0.0,0,0,89.83946011429494,-0.10508773,-4.2757449,0.0,5.235951246927259,0.0,0,-1.4155830401854306,6.179147347191245,-225.23568193080703,-33.86226735823322,-1.6369444892643314,44.84770205369829,-13.056588424354642,0.0
2463,0.0,0.0,0,0,0,0,0,0.0,0.0,0,0.0,0,0,0,0,0,-0.2466579,0,-0.30092479,0,0,0,0,0,0,0,0.0,0.0,0.0,0.0,0.0,0.0,0.0,0.0,0.0,0,0,89.83946011429494,-0.10508773,-4.2757449,0.0,5.235951246927259,0.0,0,-1.4155830401854306,6.179147347191245,-225.23568193080703,-33.86226735823322,-1.6369444892643314,44.84770205369829,-13.056588424354642,0.0
2464,0.0,0.0,0,0,0,0,0,0.0,0.0,0,0.0,0,0,0,0,0,-0.2466579,0,-0.30092479,0,0,0,0,0,0,0,0.0,0.0,0.0,0.0,0.0,0.0,0.0,0.0,0.0,0,0,89.83946011429494,-0.10508773,-4.2757449,0.0,5.235951246927259,0.0,0,-1.4155830401854306,6.179147347191245,-225.23568193080703,-33.86226735823322,-1.6369444892643314,44.84770205369829,-13.056588424354642,0.0
2465,0.0,0.0,0,0,0,0,0,0.0,0.0,0,0.0,0,0,0,0,0,-0.2466579,0,-0.30092479,0,0,0,0,0,0,0,0.0,0.0,0.0,0.0,0.0,0.0,0.0,0.0,0.0,0,0,89.83946011429494,-0.10508773,-4.2757449,0.0,5.235951246927259,0.0,0,-1.4155830401854306,6.179147347191245,-225.23568193080703,-33.86226735823322,-1.6369444892643314,44.84770205369829,-13.056588424354642,0.0
2466,0.0,0.0,0,0,0,0,0,0.0,0.0,0,0.0,0,0,0,0,0,-0.2466579,0,-0.30092479,0,0,0,0,0,0,0,0.0,0.0,0.0,0.0,0.0,0.0,0.0,0.0,0.0,0,0,89.83946011429494,-0.10508773,-4.2757449,0.0,5.235951246927259,0.0,0,-1.4155830401854306,6.179147347191245,-225.23568193080703,-33.86226735823322,-1.6369444892643314,44.84770205369829,-13.056588424354642,0.0
2467,0.0,0.0,0,0,0,0,0,0.0,0.0,0,0.0,0,0,0,0,0,-0.2466579,0,-0.30092479,0,0,0,0,0,0,0,0.0,0.0,0.0,0.0,0.0,0.0,0.0,0.0,0.0,0,0,89.83946011429494,-0.10508773,-4.2757449,0.0,5.235951246927259,0.0,0,-1.4155830401854306,6.179147347191245,-225.23568193080703,-33.86226735823322,-1.6369444892643314,44.84770205369829,-13.056588424354642,0.0
2468,0.0,0.0,0,0,0,0,0,0.0,0.0,0,0.0,0,0,0,0,0,-0.2466579,0,-0.30092479,0,0,0,0,0,0,0,0.0,0.0,0.0,0.0,0.0,0.0,0.0,0.0,0.0,0,0,89.83946011429494,-0.10508773,-4.2757449,0.0,5.235951246927259,0.0,0,-1.4155830401854306,6.179147347191245,-225.23568193080703,-33.86226735823322,-1.6369444892643314,44.84770205369829,-13.056588424354642,0.0
2469,0.0,0.0,0,0,0,0,0,0.0,0.0,0,0.0,0,0,0,0,0,-0.2466579,0,-0.30092479,0,0,0,0,0,0,0,0.0,0.0,0.0,0.0,0.0,0.0,0.0,0.0,0.0,0,0,89.83946011429494,-0.10508773,-4.2757449,0.0,5.235951246927259,0.0,0,-1.4155830401854306,6.179147347191245,-225.23568193080703,-33.86226735823322,-1.6369444892643314,44.84770205369829,-13.056588424354642,0.0
2470,0.0,0.0,0,0,0,0,0,0.0,0.0,0,0.0,0,0,0,0,0,-0.2466579,0,-0.30092479,0,0,0,0,0,0,0,0.0,0.0,0.0,0.0,0.0,0.0,0.0,0.0,0.0,0,0,89.83946011429494,-0.10508773,-4.2757449,0.0,5.235951246927259,0.0,0,-1.4155830401854306,6.179147347191245,-225.23568193080703,-33.86226735823322,-1.6369444892643314,44.84770205369829,-13.056588424354642,0.0
2471,0.0,0.0,0,0,0,0,0,0.0,0.0,0,0.0,0,0,0,0,0,-0.2466579,0,-0.30092479,0,0,0,0,0,0,0,0.0,0.0,0.0,0.0,0.0,0.0,0.0,0.0,0.0,0,0,89.83946011429494,-0.10508773,-4.2757449,0.0,5.235951246927259,0.0,0,-1.4155830401854306,6.179147347191245,-225.23568193080703,-33.86226735823322,-1.6369444892643314,44.84770205369829,-13.056588424354642,0.0
2472,0.0,0.0,0,0,0,0,0,0.0,0.0,0,0.0,0,0,0,0,0,-0.2466579,0,-0.30092479,0,0,0,0,0,0,0,0.0,0.0,0.0,0.0,0.0,0.0,0.0,0.0,0.0,0,0,89.83946011429494,-0.10508773,-4.2757449,0.0,5.235951246927259,0.0,0,-1.4155830401854306,6.179147347191245,-225.23568193080703,-33.86226735823322,-1.6369444892643314,44.84770205369829,-13.056588424354642,0.0
2473,0.0,0.0,0,0,0,0,0,0.0,0.0,0,0.0,0,0,0,0,0,-0.2466579,0,-0.30092479,0,0,0,0,0,0,0,0.0,0.0,0.0,0.0,0.0,0.0,0.0,0.0,0.0,0,0,89.83946011429494,-0.10508773,-4.2757449,0.0,5.235951246927259,0.0,0,-1.4155830401854306,6.179147347191245,-225.23568193080703,-33.86226735823322,-1.6369444892643314,44.84770205369829,-13.056588424354642,0.0
2474,0.0,0.0,0,0,0,0,0,0.0,0.0,0,0.0,0,0,0,0,0,-0.2466579,0,-0.30092479,0,0,0,0,0,0,0,0.0,0.0,0.0,0.0,0.0,0.0,0.0,0.0,0.0,0,0,89.83946011429494,-0.10508773,-4.2757449,0.0,5.235951246927259,0.0,0,-1.4155830401854306,6.179147347191245,-225.23568193080703,-33.86226735823322,-1.6369444892643314,44.84770205369829,-13.056588424354642,0.0
2475,0.0,0.0,0,0,0,0,0,0.0,0.0,0,0.0,0,0,0,0,0,-0.2466579,0,-0.30092479,0,0,0,0,0,0,0,0.0,0.0,0.0,0.0,0.0,0.0,0.0,0.0,0.0,0,0,89.83946011429494,-0.10508773,-4.2757449,0.0,5.235951246927259,0.0,0,-1.4155830401854306,6.179147347191245,-225.23568193080703,-33.86226735823322,-1.6369444892643314,44.84770205369829,-13.056588424354642,0.0
2476,0.0,0.0,0,0,0,0,0,0.0,0.0,0,0.0,0,0,0,0,0,-0.2466579,0,-0.30092479,0,0,0,0,0,0,0,0.0,0.0,0.0,0.0,0.0,0.0,0.0,0.0,0.0,0,0,89.83946011429494,-0.10508773,-4.2757449,0.0,5.235951246927259,0.0,0,-1.4155830401854306,6.179147347191245,-225.23568193080703,-33.86226735823322,-1.6369444892643314,44.84770205369829,-13.056588424354642,0.0
2477,0.0,0.0,0,0,0,0,0,0.0,0.0,0,0.0,0,0,0,0,0,-0.2466579,0,-0.30092479,0,0,0,0,0,0,0,0.0,0.0,0.0,0.0,0.0,0.0,0.0,0.0,0.0,0,0,89.83946011429494,-0.10508773,-4.2757449,0.0,5.235951246927259,0.0,0,-1.4155830401854306,6.179147347191245,-225.23568193080703,-33.86226735823322,-1.6369444892643314,44.84770205369829,-13.056588424354642,0.0
2478,0.0,0.0,0,0,0,0,0,0.0,0.0,0,0.0,0,0,0,0,0,-0.2466579,0,-0.30092479,0,0,0,0,0,0,0,0.0,0.0,0.0,0.0,0.0,0.0,0.0,0.0,0.0,0,0,89.83946011429494,-0.10508773,-4.2757449,0.0,5.235951246927259,0.0,0,-1.4155830401854306,6.179147347191245,-225.23568193080703,-33.86226735823322,-1.6369444892643314,44.84770205369829,-13.056588424354642,0.0
2479,0.0,0.0,0,0,0,0,0,0.0,0.0,0,0.0,0,0,0,0,0,-0.2466579,0,-0.30092479,0,0,0,0,0,0,0,0.0,0.0,0.0,0.0,0.0,0.0,0.0,0.0,0.0,0,0,89.83946011429494,-0.10508773,-4.2757449,0.0,5.235951246927259,0.0,0,-1.4155830401854306,6.179147347191245,-225.23568193080703,-33.86226735823322,-1.6369444892643314,44.84770205369829,-13.056588424354642,0.0
2480,0.0,0.0,0,0,0,0,0,0.0,0.0,0,0.0,0,0,0,0,0,-0.2466579,0,-0.30092479,0,0,0,0,0,0,0,0.0,0.0,0.0,0.0,0.0,0.0,0.0,0.0,0.0,0,0,89.83946011429494,-0.10508773,-4.2757449,0.0,5.235951246927259,0.0,0,-1.4155830401854306,6.179147347191245,-225.23568193080703,-33.86226735823322,-1.6369444892643314,44.84770205369829,-13.056588424354642,0.0
2481,0.0,0.0,0,0,0,0,0,0.0,0.0,0,0.0,0,0,0,0,0,-0.2466579,0,-0.30092479,0,0,0,0,0,0,0,0.0,0.0,0.0,0.0,0.0,0.0,0.0,0.0,0.0,0,0,89.83946011429494,-0.10508773,-4.2757449,0.0,5.235951246927259,0.0,0,-1.4155830401854306,6.179147347191245,-225.23568193080703,-33.86226735823322,-1.6369444892643314,44.84770205369829,-13.056588424354642,0.0
2482,0.0,0.0,0,0,0,0,0,0.0,0.0,0,0.0,0,0,0,0,0,-0.2466579,0,-0.30092479,0,0,0,0,0,0,0,0.0,0.0,0.0,0.0,0.0,0.0,0.0,0.0,0.0,0,0,89.83946011429494,-0.10508773,-4.2757449,0.0,5.235951246927259,0.0,0,-1.4155830401854306,6.179147347191245,-225.23568193080703,-33.86226735823322,-1.6369444892643314,44.84770205369829,-13.056588424354642,0.0
2483,0.0,0.0,0,0,0,0,0,0.0,0.0,0,0.0,0,0,0,0,0,-0.2466579,0,-0.30092479,0,0,0,0,0,0,0,0.0,0.0,0.0,0.0,0.0,0.0,0.0,0.0,0.0,0,0,89.83946011429494,-0.10508773,-4.2757449,0.0,5.235951246927259,0.0,0,-1.4155830401854306,6.179147347191245,-225.23568193080703,-33.86226735823322,-1.6369444892643314,44.84770205369829,-13.056588424354642,0.0
2484,0.0,0.0,0,0,0,0,0,0.0,0.0,0,0.0,0,0,0,0,0,-0.2466579,0,-0.30092479,0,0,0,0,0,0,0,0.0,0.0,0.0,0.0,0.0,0.0,0.0,0.0,0.0,0,0,89.83946011429494,-0.10508773,-4.2757449,0.0,5.235951246927259,0.0,0,-1.4155830401854306,6.179147347191245,-225.23568193080703,-33.86226735823322,-1.6369444892643314,44.84770205369829,-13.056588424354642,0.0
2485,0.0,0.0,0,0,0,0,0,0.0,0.0,0,0.0,0,0,0,0,0,-0.2466579,0,-0.30092479,0,0,0,0,0,0,0,0.0,0.0,0.0,0.0,0.0,0.0,0.0,0.0,0.0,0,0,89.83946011429494,-0.10508773,-4.2757449,0.0,5.235951246927259,0.0,0,-1.4155830401854306,6.179147347191245,-225.23568193080703,-33.86226735823322,-1.6369444892643314,44.84770205369829,-13.056588424354642,0.0
2486,0.0,0.0,0,0,0,0,0,0.0,0.0,0,0.0,0,0,0,0,0,-0.2466579,0,-0.30092479,0,0,0,0,0,0,0,0.0,0.0,0.0,0.0,0.0,0.0,0.0,0.0,0.0,0,0,89.83946011429494,-0.10508773,-4.2757449,0.0,5.235951246927259,0.0,0,-1.4155830401854306,6.179147347191245,-225.23568193080703,-33.86226735823322,-1.6369444892643314,44.84770205369829,-13.056588424354642,0.0
2487,0.0,0.0,0,0,0,0,0,0.0,0.0,0,0.0,0,0,0,0,0,-0.2466579,0,-0.30092479,0,0,0,0,0,0,0,0.0,0.0,0.0,0.0,0.0,0.0,0.0,0.0,0.0,0,0,89.83946011429494,-0.10508773,-4.2757449,0.0,5.235951246927259,0.0,0,-1.4155830401854306,6.179147347191245,-225.23568193080703,-33.86226735823322,-1.6369444892643314,44.84770205369829,-13.056588424354642,0.0
2488,0.0,0.0,0,0,0,0,0,0.0,0.0,0,0.0,0,0,0,0,0,-0.2466579,0,-0.30092479,0,0,0,0,0,0,0,0.0,0.0,0.0,0.0,0.0,0.0,0.0,0.0,0.0,0,0,89.83946011429494,-0.10508773,-4.2757449,0.0,5.235951246927259,0.0,0,-1.4155830401854306,6.179147347191245,-225.23568193080703,-33.86226735823322,-1.6369444892643314,44.84770205369829,-13.056588424354642,0.0
2489,0.0,0.0,0,0,0,0,0,0.0,0.0,0,0.0,0,0,0,0,0,-0.2466579,0,-0.30092479,0,0,0,0,0,0,0,0.0,0.0,0.0,0.0,0.0,0.0,0.0,0.0,0.0,0,0,89.83946011429494,-0.10508773,-4.2757449,0.0,5.235951246927259,0.0,0,-1.4155830401854306,6.179147347191245,-225.23568193080703,-33.86226735823322,-1.6369444892643314,44.84770205369829,-13.056588424354642,0.0
2490,0.0,0.0,0,0,0,0,0,0.0,0.0,0,0.0,0,0,0,0,0,-0.2466579,0,-0.30092479,0,0,0,0,0,0,0,0.0,0.0,0.0,0.0,0.0,0.0,0.0,0.0,0.0,0,0,89.83946011429494,-0.10508773,-4.2757449,0.0,5.235951246927259,0.0,0,-1.4155830401854306,6.179147347191245,-225.23568193080703,-33.86226735823322,-1.6369444892643314,44.84770205369829,-13.056588424354642,0.0
2491,0.0,0.0,0,0,0,0,0,0.0,0.0,0,0.0,0,0,0,0,0,-0.2466579,0,-0.30092479,0,0,0,0,0,0,0,0.0,0.0,0.0,0.0,0.0,0.0,0.0,0.0,0.0,0,0,89.83946011429494,-0.10508773,-4.2757449,0.0,5.235951246927259,0.0,0,-1.4155830401854306,6.179147347191245,-225.23568193080703,-33.86226735823322,-1.6369444892643314,44.84770205369829,-13.056588424354642,0.0
2492,0.0,0.0,0,0,0,0,0,0.0,0.0,0,0.0,0,0,0,0,0,-0.2466579,0,-0.30092479,0,0,0,0,0,0,0,0.0,0.0,0.0,0.0,0.0,0.0,0.0,0.0,0.0,0,0,89.83946011429494,-0.10508773,-4.2757449,0.0,5.235951246927259,0.0,0,-1.4155830401854306,6.179147347191245,-225.23568193080703,-33.86226735823322,-1.6369444892643314,44.84770205369829,-13.056588424354642,0.0
2493,0.0,0.0,0,0,0,0,0,0.0,0.0,0,0.0,0,0,0,0,0,-0.2466579,0,-0.30092479,0,0,0,0,0,0,0,0.0,0.0,0.0,0.0,0.0,0.0,0.0,0.0,0.0,0,0,89.83946011429494,-0.10508773,-4.2757449,0.0,5.235951246927259,0.0,0,-1.4155830401854306,6.179147347191245,-225.23568193080703,-33.86226735823322,-1.6369444892643314,44.84770205369829,-13.056588424354642,0.0
2494,0.0,0.0,0,0,0,0,0,0.0,0.0,0,0.0,0,0,0,0,0,-0.2466579,0,-0.30092479,0,0,0,0,0,0,0,0.0,0.0,0.0,0.0,0.0,0.0,0.0,0.0,0.0,0,0,89.83946011429494,-0.10508773,-4.2757449,0.0,5.235951246927259,0.0,0,-1.4155830401854306,6.179147347191245,-225.23568193080703,-33.86226735823322,-1.6369444892643314,44.84770205369829,-13.056588424354642,0.0
2495,0.0,0.0,0,0,0,0,0,0.0,0.0,0,0.0,0,0,0,0,0,-0.2466579,0,-0.30092479,0,0,0,0,0,0,0,0.0,0.0,0.0,0.0,0.0,0.0,0.0,0.0,0.0,0,0,89.83946011429494,-0.10508773,-4.2757449,0.0,5.235951246927259,0.0,0,-1.4155830401854306,6.179147347191245,-225.23568193080703,-33.86226735823322,-1.6369444892643314,44.84770205369829,-13.056588424354642,0.0
2496,0.0,0.0,0,0,0,0,0,0.0,0.0,0,0.0,0,0,0,0,0,-0.2466579,0,-0.30092479,0,0,0,0,0,0,0,0.0,0.0,0.0,0.0,0.0,0.0,0.0,0.0,0.0,0,0,89.83946011429494,-0.10508773,-4.2757449,0.0,5.235951246927259,0.0,0,-1.4155830401854306,6.179147347191245,-225.23568193080703,-33.86226735823322,-1.6369444892643314,44.84770205369829,-13.056588424354642,0.0
2497,0.0,0.0,0,0,0,0,0,0.0,0.0,0,0.0,0,0,0,0,0,-0.2466579,0,-0.30092479,0,0,0,0,0,0,0,0.0,0.0,0.0,0.0,0.0,0.0,0.0,0.0,0.0,0,0,89.83946011429494,-0.10508773,-4.2757449,0.0,5.235951246927259,0.0,0,-1.4155830401854306,6.179147347191245,-225.23568193080703,-33.86226735823322,-1.6369444892643314,44.84770205369829,-13.056588424354642,0.0
2498,0.0,0.0,0,0,0,0,0,0.0,0.0,0,0.0,0,0,0,0,0,-0.2466579,0,-0.30092479,0,0,0,0,0,0,0,0.0,0.0,0.0,0.0,0.0,0.0,0.0,0.0,0.0,0,0,89.83946011429494,-0.10508773,-4.2757449,0.0,5.235951246927259,0.0,0,-1.4155830401854306,6.179147347191245,-225.23568193080703,-33.86226735823322,-1.6369444892643314,44.84770205369829,-13.056588424354642,0.0
2499,0.0,0.0,0,0,0,0,0,0.0,0.0,0,0.0,0,0,0,0,0,-0.2466579,0,-0.30092479,0,0,0,0,0,0,0,0.0,0.0,0.0,0.0,0.0,0.0,0.0,0.0,0.0,0,0,89.83946011429494,-0.10508773,-4.2757449,0.0,5.235951246927259,0.0,0,-1.4155830401854306,6.179147347191245,-225.23568193080703,-33.86226735823322,-1.6369444892643314,44.84770205369829,-13.056588424354642,0.0
2500,0.0,0.0,0,0,0,0,0,0.0,0.0,0,0.0,0,0,0,0,0,-0.2466579,0,-0.30092479,0,0,0,0,0,0,0,0.0,0.0,0.0,0.0,0.0,0.0,0.0,0.0,0.0,0,0,89.83946011429494,-0.10508773,-4.2757449,0.0,5.235951246927259,0.0,0,-1.4155830401854306,6.179147347191245,-225.23568193080703,-33.86226735823322,-1.6369444892643314,44.84770205369829,-13.056588424354642,0.0
